priority,experiment,study_accession,entity_type,gap_type,related_portal_sample,cryosection_id,run_accession,biosample_accession,ena_sample_accession,sample_alias,run_alias,library_name,first_public,ena_url,biosample_url,fastq_ftp,recommended_action
P1,C,PRJEB100724,macrosample,"additional run for existing portal macrosample",C001aF,"",ERR15738683,SAMEA120395679,ERS27096365,D300134,D300134,C001aFR2,2025-11-01,https://www.ebi.ac.uk/ena/browser/view/ERR15738683,https://www.ebi.ac.uk/biosamples/samples/SAMEA120395679,ftp.sra.ebi.ac.uk/vol1/fastq/ERR157/083/ERR15738683/ERR15738683_1.fastq.gz;ftp.sra.ebi.ac.uk/vol1/fastq/ERR157/083/ERR15738683/ERR15738683_2.fastq.gz,"Add a sequencing-library row and model multiple runs per macrosample"
P1,C,PRJEB100724,macrosample,"additional run for existing portal macrosample",C002aF,"",ERR15738679,SAMEA120395675,ERS27096361,D300135,D300135,C002aFR2,2025-11-01,https://www.ebi.ac.uk/ena/browser/view/ERR15738679,https://www.ebi.ac.uk/biosamples/samples/SAMEA120395675,ftp.sra.ebi.ac.uk/vol1/fastq/ERR157/079/ERR15738679/ERR15738679_1.fastq.gz;ftp.sra.ebi.ac.uk/vol1/fastq/ERR157/079/ERR15738679/ERR15738679_2.fastq.gz,"Add a sequencing-library row and model multiple runs per macrosample"
P1,C,PRJEB100724,macrosample,"additional run for existing portal macrosample",C003aF,"",ERR15738671,SAMEA120395667,ERS27096353,D300136,D300136,C003aFR2,2025-11-01,https://www.ebi.ac.uk/ena/browser/view/ERR15738671,https://www.ebi.ac.uk/biosamples/samples/SAMEA120395667,ftp.sra.ebi.ac.uk/vol1/fastq/ERR157/071/ERR15738671/ERR15738671_1.fastq.gz;ftp.sra.ebi.ac.uk/vol1/fastq/ERR157/071/ERR15738671/ERR15738671_2.fastq.gz,"Add a sequencing-library row and model multiple runs per macrosample"
P1,C,PRJEB100724,macrosample,"additional run for existing portal macrosample",C004aF,"",ERR15738677,SAMEA120395673,ERS27096359,D300137,D300137,C004aFR2,2025-11-01,https://www.ebi.ac.uk/ena/browser/view/ERR15738677,https://www.ebi.ac.uk/biosamples/samples/SAMEA120395673,ftp.sra.ebi.ac.uk/vol1/fastq/ERR157/077/ERR15738677/ERR15738677_1.fastq.gz;ftp.sra.ebi.ac.uk/vol1/fastq/ERR157/077/ERR15738677/ERR15738677_2.fastq.gz,"Add a sequencing-library row and model multiple runs per macrosample"
P1,C,PRJEB100724,macrosample,"additional run for existing portal macrosample",C005aF,"",ERR15738672,SAMEA120395668,ERS27096354,D300138,D300138,C005aFR2,2025-11-01,https://www.ebi.ac.uk/ena/browser/view/ERR15738672,https://www.ebi.ac.uk/biosamples/samples/SAMEA120395668,ftp.sra.ebi.ac.uk/vol1/fastq/ERR157/072/ERR15738672/ERR15738672_1.fastq.gz;ftp.sra.ebi.ac.uk/vol1/fastq/ERR157/072/ERR15738672/ERR15738672_2.fastq.gz,"Add a sequencing-library row and model multiple runs per macrosample"
P1,C,PRJEB100724,macrosample,"additional run for existing portal macrosample",C006aF,"",ERR15738687,SAMEA120395683,ERS27096369,D300139,D300139,C006aFR2,2025-11-01,https://www.ebi.ac.uk/ena/browser/view/ERR15738687,https://www.ebi.ac.uk/biosamples/samples/SAMEA120395683,ftp.sra.ebi.ac.uk/vol1/fastq/ERR157/087/ERR15738687/ERR15738687_1.fastq.gz;ftp.sra.ebi.ac.uk/vol1/fastq/ERR157/087/ERR15738687/ERR15738687_2.fastq.gz,"Add a sequencing-library row and model multiple runs per macrosample"
P1,C,PRJEB100724,macrosample,"additional run for existing portal macrosample",C007aF,"",ERR15738690,SAMEA120395686,ERS27096372,D300140,D300140,C007aFR2,2025-11-01,https://www.ebi.ac.uk/ena/browser/view/ERR15738690,https://www.ebi.ac.uk/biosamples/samples/SAMEA120395686,ftp.sra.ebi.ac.uk/vol1/fastq/ERR157/090/ERR15738690/ERR15738690_1.fastq.gz;ftp.sra.ebi.ac.uk/vol1/fastq/ERR157/090/ERR15738690/ERR15738690_2.fastq.gz,"Add a sequencing-library row and model multiple runs per macrosample"
P1,C,PRJEB100724,macrosample,"additional run for existing portal macrosample",C008aF,"",ERR15738691,SAMEA120395687,ERS27096373,D300141,D300141,C008aFR2,2025-11-01,https://www.ebi.ac.uk/ena/browser/view/ERR15738691,https://www.ebi.ac.uk/biosamples/samples/SAMEA120395687,ftp.sra.ebi.ac.uk/vol1/fastq/ERR157/091/ERR15738691/ERR15738691_1.fastq.gz;ftp.sra.ebi.ac.uk/vol1/fastq/ERR157/091/ERR15738691/ERR15738691_2.fastq.gz,"Add a sequencing-library row and model multiple runs per macrosample"
P1,C,PRJEB100724,macrosample,"additional run for existing portal macrosample",C009aF,"",ERR15738689,SAMEA120395685,ERS27096371,D300142,D300142,C009aFR2,2025-11-01,https://www.ebi.ac.uk/ena/browser/view/ERR15738689,https://www.ebi.ac.uk/biosamples/samples/SAMEA120395685,ftp.sra.ebi.ac.uk/vol1/fastq/ERR157/089/ERR15738689/ERR15738689_1.fastq.gz;ftp.sra.ebi.ac.uk/vol1/fastq/ERR157/089/ERR15738689/ERR15738689_2.fastq.gz,"Add a sequencing-library row and model multiple runs per macrosample"
P1,C,PRJEB100724,macrosample,"additional run for existing portal macrosample",C010aF,"",ERR15738674,SAMEA120395670,ERS27096356,D300143,D300143,C010aFR2,2025-11-01,https://www.ebi.ac.uk/ena/browser/view/ERR15738674,https://www.ebi.ac.uk/biosamples/samples/SAMEA120395670,ftp.sra.ebi.ac.uk/vol1/fastq/ERR157/074/ERR15738674/ERR15738674_1.fastq.gz;ftp.sra.ebi.ac.uk/vol1/fastq/ERR157/074/ERR15738674/ERR15738674_2.fastq.gz,"Add a sequencing-library row and model multiple runs per macrosample"
P1,C,PRJEB100724,macrosample,"additional run for existing portal macrosample",C011aF,"",ERR15738675,SAMEA120395671,ERS27096357,D300144,D300144,C011aFR2,2025-11-01,https://www.ebi.ac.uk/ena/browser/view/ERR15738675,https://www.ebi.ac.uk/biosamples/samples/SAMEA120395671,ftp.sra.ebi.ac.uk/vol1/fastq/ERR157/075/ERR15738675/ERR15738675_1.fastq.gz;ftp.sra.ebi.ac.uk/vol1/fastq/ERR157/075/ERR15738675/ERR15738675_2.fastq.gz,"Add a sequencing-library row and model multiple runs per macrosample"
P1,C,PRJEB100724,macrosample,"additional run for existing portal macrosample",C012aF,"",ERR15738673,SAMEA120395669,ERS27096355,D300145,D300145,C012aFR2,2025-11-01,https://www.ebi.ac.uk/ena/browser/view/ERR15738673,https://www.ebi.ac.uk/biosamples/samples/SAMEA120395669,ftp.sra.ebi.ac.uk/vol1/fastq/ERR157/073/ERR15738673/ERR15738673_1.fastq.gz;ftp.sra.ebi.ac.uk/vol1/fastq/ERR157/073/ERR15738673/ERR15738673_2.fastq.gz,"Add a sequencing-library row and model multiple runs per macrosample"
P1,C,PRJEB100724,macrosample,"additional run for existing portal macrosample",C001aH,"",ERR15738676,SAMEA120395672,ERS27096358,D300170,D300170,C001aHR2,2025-11-01,https://www.ebi.ac.uk/ena/browser/view/ERR15738676,https://www.ebi.ac.uk/biosamples/samples/SAMEA120395672,ftp.sra.ebi.ac.uk/vol1/fastq/ERR157/076/ERR15738676/ERR15738676_1.fastq.gz;ftp.sra.ebi.ac.uk/vol1/fastq/ERR157/076/ERR15738676/ERR15738676_2.fastq.gz,"Add a sequencing-library row and model multiple runs per macrosample"
P1,C,PRJEB100724,macrosample,"additional run for existing portal macrosample",C002aH,"",ERR15738680,SAMEA120395676,ERS27096362,D300171,D300171,C002aHR2,2025-11-01,https://www.ebi.ac.uk/ena/browser/view/ERR15738680,https://www.ebi.ac.uk/biosamples/samples/SAMEA120395676,ftp.sra.ebi.ac.uk/vol1/fastq/ERR157/080/ERR15738680/ERR15738680_1.fastq.gz;ftp.sra.ebi.ac.uk/vol1/fastq/ERR157/080/ERR15738680/ERR15738680_2.fastq.gz,"Add a sequencing-library row and model multiple runs per macrosample"
P1,C,PRJEB100724,macrosample,"additional run for existing portal macrosample",C003aH,"",ERR15738682,SAMEA120395678,ERS27096364,D300172,D300172,C003aHR2,2025-11-01,https://www.ebi.ac.uk/ena/browser/view/ERR15738682,https://www.ebi.ac.uk/biosamples/samples/SAMEA120395678,ftp.sra.ebi.ac.uk/vol1/fastq/ERR157/082/ERR15738682/ERR15738682_1.fastq.gz;ftp.sra.ebi.ac.uk/vol1/fastq/ERR157/082/ERR15738682/ERR15738682_2.fastq.gz,"Add a sequencing-library row and model multiple runs per macrosample"
P1,C,PRJEB100724,macrosample,"additional run for existing portal macrosample",C004aH,"",ERR15738685,SAMEA120395681,ERS27096367,D300173,D300173,C004aHR2,2025-11-01,https://www.ebi.ac.uk/ena/browser/view/ERR15738685,https://www.ebi.ac.uk/biosamples/samples/SAMEA120395681,ftp.sra.ebi.ac.uk/vol1/fastq/ERR157/085/ERR15738685/ERR15738685_1.fastq.gz;ftp.sra.ebi.ac.uk/vol1/fastq/ERR157/085/ERR15738685/ERR15738685_2.fastq.gz,"Add a sequencing-library row and model multiple runs per macrosample"
P1,C,PRJEB100724,macrosample,"additional run for existing portal macrosample",C005aH,"",ERR15738678,SAMEA120395674,ERS27096360,D300174,D300174,C005aHR2,2025-11-01,https://www.ebi.ac.uk/ena/browser/view/ERR15738678,https://www.ebi.ac.uk/biosamples/samples/SAMEA120395674,ftp.sra.ebi.ac.uk/vol1/fastq/ERR157/078/ERR15738678/ERR15738678_1.fastq.gz;ftp.sra.ebi.ac.uk/vol1/fastq/ERR157/078/ERR15738678/ERR15738678_2.fastq.gz,"Add a sequencing-library row and model multiple runs per macrosample"
P1,C,PRJEB100724,macrosample,"additional run for existing portal macrosample",C006aH,"",ERR15738684,SAMEA120395680,ERS27096366,D300175,D300175,C006aHR2,2025-11-01,https://www.ebi.ac.uk/ena/browser/view/ERR15738684,https://www.ebi.ac.uk/biosamples/samples/SAMEA120395680,ftp.sra.ebi.ac.uk/vol1/fastq/ERR157/084/ERR15738684/ERR15738684_1.fastq.gz;ftp.sra.ebi.ac.uk/vol1/fastq/ERR157/084/ERR15738684/ERR15738684_2.fastq.gz,"Add a sequencing-library row and model multiple runs per macrosample"
P1,C,PRJEB100724,macrosample,"additional run for existing portal macrosample",C007aH,"",ERR15738681,SAMEA120395677,ERS27096363,D300176,D300176,C007aHR2,2025-11-01,https://www.ebi.ac.uk/ena/browser/view/ERR15738681,https://www.ebi.ac.uk/biosamples/samples/SAMEA120395677,ftp.sra.ebi.ac.uk/vol1/fastq/ERR157/081/ERR15738681/ERR15738681_1.fastq.gz;ftp.sra.ebi.ac.uk/vol1/fastq/ERR157/081/ERR15738681/ERR15738681_2.fastq.gz,"Add a sequencing-library row and model multiple runs per macrosample"
P1,C,PRJEB100724,macrosample,"additional run for existing portal macrosample",C008aH,"",ERR15738688,SAMEA120395684,ERS27096370,D300177,D300177,C008aHR2,2025-11-01,https://www.ebi.ac.uk/ena/browser/view/ERR15738688,https://www.ebi.ac.uk/biosamples/samples/SAMEA120395684,ftp.sra.ebi.ac.uk/vol1/fastq/ERR157/088/ERR15738688/ERR15738688_1.fastq.gz;ftp.sra.ebi.ac.uk/vol1/fastq/ERR157/088/ERR15738688/ERR15738688_2.fastq.gz,"Add a sequencing-library row and model multiple runs per macrosample"
P1,C,PRJEB100724,macrosample,"additional run for existing portal macrosample",C009aH,"",ERR15738692,SAMEA120395688,ERS27096374,D300178,D300178,C009aHR2,2025-11-01,https://www.ebi.ac.uk/ena/browser/view/ERR15738692,https://www.ebi.ac.uk/biosamples/samples/SAMEA120395688,ftp.sra.ebi.ac.uk/vol1/fastq/ERR157/092/ERR15738692/ERR15738692_1.fastq.gz;ftp.sra.ebi.ac.uk/vol1/fastq/ERR157/092/ERR15738692/ERR15738692_2.fastq.gz,"Add a sequencing-library row and model multiple runs per macrosample"
P1,C,PRJEB100724,macrosample,"additional run for existing portal macrosample",C010aH,"",ERR15738693,SAMEA120395689,ERS27096375,D300179,D300179,C010aHR2,2025-11-01,https://www.ebi.ac.uk/ena/browser/view/ERR15738693,https://www.ebi.ac.uk/biosamples/samples/SAMEA120395689,ftp.sra.ebi.ac.uk/vol1/fastq/ERR157/093/ERR15738693/ERR15738693_1.fastq.gz;ftp.sra.ebi.ac.uk/vol1/fastq/ERR157/093/ERR15738693/ERR15738693_2.fastq.gz,"Add a sequencing-library row and model multiple runs per macrosample"
P1,C,PRJEB100724,macrosample,"additional run for existing portal macrosample",C011aH,"",ERR15738694,SAMEA120395690,ERS27096376,D300180,D300180,C011aHR2,2025-11-01,https://www.ebi.ac.uk/ena/browser/view/ERR15738694,https://www.ebi.ac.uk/biosamples/samples/SAMEA120395690,ftp.sra.ebi.ac.uk/vol1/fastq/ERR157/094/ERR15738694/ERR15738694_1.fastq.gz;ftp.sra.ebi.ac.uk/vol1/fastq/ERR157/094/ERR15738694/ERR15738694_2.fastq.gz,"Add a sequencing-library row and model multiple runs per macrosample"
P1,C,PRJEB100724,macrosample,"additional run for existing portal macrosample",C012aH,"",ERR15738686,SAMEA120395682,ERS27096368,D300181,D300181,C012aHR2,2025-11-01,https://www.ebi.ac.uk/ena/browser/view/ERR15738686,https://www.ebi.ac.uk/biosamples/samples/SAMEA120395682,ftp.sra.ebi.ac.uk/vol1/fastq/ERR157/086/ERR15738686/ERR15738686_1.fastq.gz;ftp.sra.ebi.ac.uk/vol1/fastq/ERR157/086/ERR15738686/ERR15738686_2.fastq.gz,"Add a sequencing-library row and model multiple runs per macrosample"
P1,G,PRJEB86258,macrosample,"additional run for existing portal macrosample",G002aJ,"",ERR15738868,SAMEA120395843,ERS27096529,D300559,D300559,G002aJR1,2025-10-18,https://www.ebi.ac.uk/ena/browser/view/ERR15738868,https://www.ebi.ac.uk/biosamples/samples/SAMEA120395843,ftp.sra.ebi.ac.uk/vol1/fastq/ERR157/068/ERR15738868/ERR15738868_1.fastq.gz;ftp.sra.ebi.ac.uk/vol1/fastq/ERR157/068/ERR15738868/ERR15738868_2.fastq.gz,"Add a sequencing-library row and model multiple runs per macrosample"
P1,G,PRJEB86258,macrosample,"additional run for existing portal macrosample",G003aJ,"",ERR15738889,SAMEA120395863,ERS27096549,D300560,D300560,G003aJR1,2025-10-18,https://www.ebi.ac.uk/ena/browser/view/ERR15738889,https://www.ebi.ac.uk/biosamples/samples/SAMEA120395863,ftp.sra.ebi.ac.uk/vol1/fastq/ERR157/089/ERR15738889/ERR15738889_1.fastq.gz;ftp.sra.ebi.ac.uk/vol1/fastq/ERR157/089/ERR15738889/ERR15738889_2.fastq.gz,"Add a sequencing-library row and model multiple runs per macrosample"
P1,G,PRJEB86258,macrosample,"additional run for existing portal macrosample",G004aJ,"",ERR15738893,SAMEA120395867,ERS27096553,D300561,D300561,G004aJR1,2025-10-18,https://www.ebi.ac.uk/ena/browser/view/ERR15738893,https://www.ebi.ac.uk/biosamples/samples/SAMEA120395867,ftp.sra.ebi.ac.uk/vol1/fastq/ERR157/093/ERR15738893/ERR15738893_1.fastq.gz;ftp.sra.ebi.ac.uk/vol1/fastq/ERR157/093/ERR15738893/ERR15738893_2.fastq.gz,"Add a sequencing-library row and model multiple runs per macrosample"
P1,G,PRJEB86258,macrosample,"additional run for existing portal macrosample",G005bJ,"",ERR15738880,SAMEA120395854,ERS27096540,D300562,D300562,G005bJR1,2025-10-18,https://www.ebi.ac.uk/ena/browser/view/ERR15738880,https://www.ebi.ac.uk/biosamples/samples/SAMEA120395854,ftp.sra.ebi.ac.uk/vol1/fastq/ERR157/080/ERR15738880/ERR15738880_1.fastq.gz;ftp.sra.ebi.ac.uk/vol1/fastq/ERR157/080/ERR15738880/ERR15738880_2.fastq.gz,"Add a sequencing-library row and model multiple runs per macrosample"
P1,G,PRJEB86258,macrosample,"additional run for existing portal macrosample",G006bJ,"",ERR15738871,SAMEA120395846,ERS27096532,D300563,D300563,G006bJR1,2025-10-18,https://www.ebi.ac.uk/ena/browser/view/ERR15738871,https://www.ebi.ac.uk/biosamples/samples/SAMEA120395846,ftp.sra.ebi.ac.uk/vol1/fastq/ERR157/071/ERR15738871/ERR15738871_1.fastq.gz;ftp.sra.ebi.ac.uk/vol1/fastq/ERR157/071/ERR15738871/ERR15738871_2.fastq.gz,"Add a sequencing-library row and model multiple runs per macrosample"
P1,G,PRJEB86258,macrosample,"additional run for existing portal macrosample",G007bJ,"",ERR15738886,SAMEA120395860,ERS27096546,D300564,D300564,G007bJR1,2025-10-18,https://www.ebi.ac.uk/ena/browser/view/ERR15738886,https://www.ebi.ac.uk/biosamples/samples/SAMEA120395860,ftp.sra.ebi.ac.uk/vol1/fastq/ERR157/086/ERR15738886/ERR15738886_1.fastq.gz;ftp.sra.ebi.ac.uk/vol1/fastq/ERR157/086/ERR15738886/ERR15738886_2.fastq.gz,"Add a sequencing-library row and model multiple runs per macrosample"
P1,G,PRJEB86258,macrosample,"additional run for existing portal macrosample",G008cJ,"",ERR15738865,SAMEA120395840,ERS27096526,D300565,D300565,G008cJR1,2025-10-18,https://www.ebi.ac.uk/ena/browser/view/ERR15738865,https://www.ebi.ac.uk/biosamples/samples/SAMEA120395840,ftp.sra.ebi.ac.uk/vol1/fastq/ERR157/065/ERR15738865/ERR15738865_1.fastq.gz;ftp.sra.ebi.ac.uk/vol1/fastq/ERR157/065/ERR15738865/ERR15738865_2.fastq.gz,"Add a sequencing-library row and model multiple runs per macrosample"
P1,G,PRJEB86258,macrosample,"additional run for existing portal macrosample",G009cJ,"",ERR15738895,SAMEA120395869,ERS27096555,D300566,D300566,G009cJR1,2025-10-18,https://www.ebi.ac.uk/ena/browser/view/ERR15738895,https://www.ebi.ac.uk/biosamples/samples/SAMEA120395869,ftp.sra.ebi.ac.uk/vol1/fastq/ERR157/095/ERR15738895/ERR15738895_1.fastq.gz;ftp.sra.ebi.ac.uk/vol1/fastq/ERR157/095/ERR15738895/ERR15738895_2.fastq.gz,"Add a sequencing-library row and model multiple runs per macrosample"
P1,G,PRJEB86258,macrosample,"additional run for existing portal macrosample",G010cJ,"",ERR15738851,SAMEA120395826,ERS27096512,D300567,D300567,G010cJR1,2025-10-18,https://www.ebi.ac.uk/ena/browser/view/ERR15738851,https://www.ebi.ac.uk/biosamples/samples/SAMEA120395826,ftp.sra.ebi.ac.uk/vol1/fastq/ERR157/051/ERR15738851/ERR15738851_1.fastq.gz;ftp.sra.ebi.ac.uk/vol1/fastq/ERR157/051/ERR15738851/ERR15738851_2.fastq.gz,"Add a sequencing-library row and model multiple runs per macrosample"
P1,G,PRJEB86258,macrosample,"additional run for existing portal macrosample",G011cJ,"",ERR15738894,SAMEA120395868,ERS27096554,D300568,D300568,G011cJR1,2025-10-18,https://www.ebi.ac.uk/ena/browser/view/ERR15738894,https://www.ebi.ac.uk/biosamples/samples/SAMEA120395868,ftp.sra.ebi.ac.uk/vol1/fastq/ERR157/094/ERR15738894/ERR15738894_1.fastq.gz;ftp.sra.ebi.ac.uk/vol1/fastq/ERR157/094/ERR15738894/ERR15738894_2.fastq.gz,"Add a sequencing-library row and model multiple runs per macrosample"
P1,G,PRJEB86258,macrosample,"additional run for existing portal macrosample",G012cJ,"",ERR15738850,SAMEA120395825,ERS27096511,D300569,D300569,G012cJR1,2025-10-18,https://www.ebi.ac.uk/ena/browser/view/ERR15738850,https://www.ebi.ac.uk/biosamples/samples/SAMEA120395825,ftp.sra.ebi.ac.uk/vol1/fastq/ERR157/050/ERR15738850/ERR15738850_1.fastq.gz;ftp.sra.ebi.ac.uk/vol1/fastq/ERR157/050/ERR15738850/ERR15738850_2.fastq.gz,"Add a sequencing-library row and model multiple runs per macrosample"
P1,G,PRJEB86258,macrosample,"additional run for existing portal macrosample",G013dJ,"",ERR15738837,SAMEA120395812,ERS27096498,D300570,D300570,G013dJR1,2025-10-18,https://www.ebi.ac.uk/ena/browser/view/ERR15738837,https://www.ebi.ac.uk/biosamples/samples/SAMEA120395812,ftp.sra.ebi.ac.uk/vol1/fastq/ERR157/037/ERR15738837/ERR15738837_1.fastq.gz;ftp.sra.ebi.ac.uk/vol1/fastq/ERR157/037/ERR15738837/ERR15738837_2.fastq.gz,"Add a sequencing-library row and model multiple runs per macrosample"
P1,G,PRJEB86258,macrosample,"additional run for existing portal macrosample",G014dJ,"",ERR15738853,SAMEA120395828,ERS27096514,D300571,D300571,G014dJR1,2025-10-18,https://www.ebi.ac.uk/ena/browser/view/ERR15738853,https://www.ebi.ac.uk/biosamples/samples/SAMEA120395828,ftp.sra.ebi.ac.uk/vol1/fastq/ERR157/053/ERR15738853/ERR15738853_1.fastq.gz;ftp.sra.ebi.ac.uk/vol1/fastq/ERR157/053/ERR15738853/ERR15738853_2.fastq.gz,"Add a sequencing-library row and model multiple runs per macrosample"
P1,G,PRJEB86258,macrosample,"additional run for existing portal macrosample",G016dJ,"",ERR15738842,SAMEA120395817,ERS27096503,D300572,D300572,G016dJR1,2025-10-18,https://www.ebi.ac.uk/ena/browser/view/ERR15738842,https://www.ebi.ac.uk/biosamples/samples/SAMEA120395817,ftp.sra.ebi.ac.uk/vol1/fastq/ERR157/042/ERR15738842/ERR15738842_1.fastq.gz;ftp.sra.ebi.ac.uk/vol1/fastq/ERR157/042/ERR15738842/ERR15738842_2.fastq.gz,"Add a sequencing-library row and model multiple runs per macrosample"
P1,G,PRJEB86258,macrosample,"additional run for existing portal macrosample",G017dJ,"",ERR15738857,SAMEA120395832,ERS27096518,D300573,D300573,G017dJR1,2025-10-18,https://www.ebi.ac.uk/ena/browser/view/ERR15738857,https://www.ebi.ac.uk/biosamples/samples/SAMEA120395832,ftp.sra.ebi.ac.uk/vol1/fastq/ERR157/057/ERR15738857/ERR15738857_1.fastq.gz;ftp.sra.ebi.ac.uk/vol1/fastq/ERR157/057/ERR15738857/ERR15738857_2.fastq.gz,"Add a sequencing-library row and model multiple runs per macrosample"
P1,G,PRJEB86258,macrosample,"additional run for existing portal macrosample",G018dJ,"",ERR15738867,SAMEA120395842,ERS27096528,D300574,D300574,G018dJR1,2025-10-18,https://www.ebi.ac.uk/ena/browser/view/ERR15738867,https://www.ebi.ac.uk/biosamples/samples/SAMEA120395842,ftp.sra.ebi.ac.uk/vol1/fastq/ERR157/067/ERR15738867/ERR15738867_1.fastq.gz;ftp.sra.ebi.ac.uk/vol1/fastq/ERR157/067/ERR15738867/ERR15738867_2.fastq.gz,"Add a sequencing-library row and model multiple runs per macrosample"
P1,G,PRJEB86258,macrosample,"additional run for existing portal macrosample",G019eJ,"",ERR15738843,SAMEA120395818,ERS27096504,D300575,D300575,G019eJR1,2025-10-18,https://www.ebi.ac.uk/ena/browser/view/ERR15738843,https://www.ebi.ac.uk/biosamples/samples/SAMEA120395818,ftp.sra.ebi.ac.uk/vol1/fastq/ERR157/043/ERR15738843/ERR15738843_1.fastq.gz;ftp.sra.ebi.ac.uk/vol1/fastq/ERR157/043/ERR15738843/ERR15738843_2.fastq.gz,"Add a sequencing-library row and model multiple runs per macrosample"
P1,G,PRJEB86258,macrosample,"additional run for existing portal macrosample",G020eJ,"",ERR15738852,SAMEA120395827,ERS27096513,D300576,D300576,G020eJR1,2025-10-18,https://www.ebi.ac.uk/ena/browser/view/ERR15738852,https://www.ebi.ac.uk/biosamples/samples/SAMEA120395827,ftp.sra.ebi.ac.uk/vol1/fastq/ERR157/052/ERR15738852/ERR15738852_1.fastq.gz;ftp.sra.ebi.ac.uk/vol1/fastq/ERR157/052/ERR15738852/ERR15738852_2.fastq.gz,"Add a sequencing-library row and model multiple runs per macrosample"
P1,G,PRJEB86258,macrosample,"additional run for existing portal macrosample",G021eJ,"",ERR15738839,SAMEA120395814,ERS27096500,D300577,D300577,G021eJR1,2025-10-18,https://www.ebi.ac.uk/ena/browser/view/ERR15738839,https://www.ebi.ac.uk/biosamples/samples/SAMEA120395814,ftp.sra.ebi.ac.uk/vol1/fastq/ERR157/039/ERR15738839/ERR15738839_1.fastq.gz;ftp.sra.ebi.ac.uk/vol1/fastq/ERR157/039/ERR15738839/ERR15738839_2.fastq.gz,"Add a sequencing-library row and model multiple runs per macrosample"
P1,G,PRJEB86258,macrosample,"additional run for existing portal macrosample",G023eJ,"",ERR15738847,SAMEA120395822,ERS27096508,D300578,D300578,G023eJR1,2025-10-18,https://www.ebi.ac.uk/ena/browser/view/ERR15738847,https://www.ebi.ac.uk/biosamples/samples/SAMEA120395822,ftp.sra.ebi.ac.uk/vol1/fastq/ERR157/047/ERR15738847/ERR15738847_1.fastq.gz;ftp.sra.ebi.ac.uk/vol1/fastq/ERR157/047/ERR15738847/ERR15738847_2.fastq.gz,"Add a sequencing-library row and model multiple runs per macrosample"
P1,G,PRJEB86258,macrosample,"additional run for existing portal macrosample",G024eJ,"",ERR15738877,SAMEA120395851,ERS27096537,D300579,D300579,G024eJR1,2025-10-18,https://www.ebi.ac.uk/ena/browser/view/ERR15738877,https://www.ebi.ac.uk/biosamples/samples/SAMEA120395851,ftp.sra.ebi.ac.uk/vol1/fastq/ERR157/077/ERR15738877/ERR15738877_1.fastq.gz;ftp.sra.ebi.ac.uk/vol1/fastq/ERR157/077/ERR15738877/ERR15738877_2.fastq.gz,"Add a sequencing-library row and model multiple runs per macrosample"
P1,G,PRJEB86258,macrosample,"additional run for existing portal macrosample",G076aJ,"",ERR15738863,SAMEA120395838,ERS27096524,D300580,D300580,G076aJR1,2025-10-18,https://www.ebi.ac.uk/ena/browser/view/ERR15738863,https://www.ebi.ac.uk/biosamples/samples/SAMEA120395838,ftp.sra.ebi.ac.uk/vol1/fastq/ERR157/063/ERR15738863/ERR15738863_1.fastq.gz;ftp.sra.ebi.ac.uk/vol1/fastq/ERR157/063/ERR15738863/ERR15738863_2.fastq.gz,"Add a sequencing-library row and model multiple runs per macrosample"
P1,G,PRJEB86258,macrosample,"additional run for existing portal macrosample",G077aJ,"",ERR15738836,SAMEA120395811,ERS27096497,D300581,D300581,G077aJR1,2025-10-18,https://www.ebi.ac.uk/ena/browser/view/ERR15738836,https://www.ebi.ac.uk/biosamples/samples/SAMEA120395811,ftp.sra.ebi.ac.uk/vol1/fastq/ERR157/036/ERR15738836/ERR15738836_1.fastq.gz;ftp.sra.ebi.ac.uk/vol1/fastq/ERR157/036/ERR15738836/ERR15738836_2.fastq.gz,"Add a sequencing-library row and model multiple runs per macrosample"
P1,G,PRJEB86258,macrosample,"additional run for existing portal macrosample",G079aJ,"",ERR15738860,SAMEA120395835,ERS27096521,D300582,D300582,G079aJR1,2025-10-18,https://www.ebi.ac.uk/ena/browser/view/ERR15738860,https://www.ebi.ac.uk/biosamples/samples/SAMEA120395835,ftp.sra.ebi.ac.uk/vol1/fastq/ERR157/060/ERR15738860/ERR15738860_1.fastq.gz;ftp.sra.ebi.ac.uk/vol1/fastq/ERR157/060/ERR15738860/ERR15738860_2.fastq.gz,"Add a sequencing-library row and model multiple runs per macrosample"
P1,G,PRJEB86258,macrosample,"additional run for existing portal macrosample",G080bJ,"",ERR15738885,SAMEA120395859,ERS27096545,D300583,D300583,G080bJR1,2025-10-18,https://www.ebi.ac.uk/ena/browser/view/ERR15738885,https://www.ebi.ac.uk/biosamples/samples/SAMEA120395859,ftp.sra.ebi.ac.uk/vol1/fastq/ERR157/085/ERR15738885/ERR15738885_1.fastq.gz;ftp.sra.ebi.ac.uk/vol1/fastq/ERR157/085/ERR15738885/ERR15738885_2.fastq.gz,"Add a sequencing-library row and model multiple runs per macrosample"
P1,G,PRJEB86258,macrosample,"additional run for existing portal macrosample",G081bJ,"",ERR15738861,SAMEA120395836,ERS27096522,D300584,D300584,G081bJR1,2025-10-18,https://www.ebi.ac.uk/ena/browser/view/ERR15738861,https://www.ebi.ac.uk/biosamples/samples/SAMEA120395836,ftp.sra.ebi.ac.uk/vol1/fastq/ERR157/061/ERR15738861/ERR15738861_1.fastq.gz;ftp.sra.ebi.ac.uk/vol1/fastq/ERR157/061/ERR15738861/ERR15738861_2.fastq.gz,"Add a sequencing-library row and model multiple runs per macrosample"
P1,G,PRJEB86258,macrosample,"additional run for existing portal macrosample",G082bJ,"",ERR15738833,SAMEA120395808,ERS27096494,D300585,D300585,G082bJR1,2025-10-18,https://www.ebi.ac.uk/ena/browser/view/ERR15738833,https://www.ebi.ac.uk/biosamples/samples/SAMEA120395808,ftp.sra.ebi.ac.uk/vol1/fastq/ERR157/033/ERR15738833/ERR15738833_1.fastq.gz;ftp.sra.ebi.ac.uk/vol1/fastq/ERR157/033/ERR15738833/ERR15738833_2.fastq.gz,"Add a sequencing-library row and model multiple runs per macrosample"
P1,G,PRJEB86258,macrosample,"additional run for existing portal macrosample",G084bJ,"",ERR15738887,SAMEA120395861,ERS27096547,D300586,D300586,G084bJR1,2025-10-18,https://www.ebi.ac.uk/ena/browser/view/ERR15738887,https://www.ebi.ac.uk/biosamples/samples/SAMEA120395861,ftp.sra.ebi.ac.uk/vol1/fastq/ERR157/087/ERR15738887/ERR15738887_1.fastq.gz;ftp.sra.ebi.ac.uk/vol1/fastq/ERR157/087/ERR15738887/ERR15738887_2.fastq.gz,"Add a sequencing-library row and model multiple runs per macrosample"
P1,G,PRJEB86258,macrosample,"additional run for existing portal macrosample",G085cJ,"",ERR15738888,SAMEA120395862,ERS27096548,D300587,D300587,G085cJR1,2025-10-18,https://www.ebi.ac.uk/ena/browser/view/ERR15738888,https://www.ebi.ac.uk/biosamples/samples/SAMEA120395862,ftp.sra.ebi.ac.uk/vol1/fastq/ERR157/088/ERR15738888/ERR15738888_1.fastq.gz;ftp.sra.ebi.ac.uk/vol1/fastq/ERR157/088/ERR15738888/ERR15738888_2.fastq.gz,"Add a sequencing-library row and model multiple runs per macrosample"
P1,G,PRJEB86258,macrosample,"additional run for existing portal macrosample",G086cJ,"",ERR15738858,SAMEA120395833,ERS27096519,D300588,D300588,G086cJR1,2025-10-18,https://www.ebi.ac.uk/ena/browser/view/ERR15738858,https://www.ebi.ac.uk/biosamples/samples/SAMEA120395833,ftp.sra.ebi.ac.uk/vol1/fastq/ERR157/058/ERR15738858/ERR15738858_1.fastq.gz;ftp.sra.ebi.ac.uk/vol1/fastq/ERR157/058/ERR15738858/ERR15738858_2.fastq.gz,"Add a sequencing-library row and model multiple runs per macrosample"
P1,G,PRJEB86258,macrosample,"additional run for existing portal macrosample",G087cJ,"",ERR15738869,SAMEA120395844,ERS27096530,D300589,D300589,G087cJR1,2025-10-18,https://www.ebi.ac.uk/ena/browser/view/ERR15738869,https://www.ebi.ac.uk/biosamples/samples/SAMEA120395844,ftp.sra.ebi.ac.uk/vol1/fastq/ERR157/069/ERR15738869/ERR15738869_1.fastq.gz;ftp.sra.ebi.ac.uk/vol1/fastq/ERR157/069/ERR15738869/ERR15738869_2.fastq.gz,"Add a sequencing-library row and model multiple runs per macrosample"
P1,G,PRJEB86258,macrosample,"additional run for existing portal macrosample",G088cJ,"",ERR15738892,SAMEA120395866,ERS27096552,D300590,D300590,G088cJR1,2025-10-18,https://www.ebi.ac.uk/ena/browser/view/ERR15738892,https://www.ebi.ac.uk/biosamples/samples/SAMEA120395866,ftp.sra.ebi.ac.uk/vol1/fastq/ERR157/092/ERR15738892/ERR15738892_1.fastq.gz;ftp.sra.ebi.ac.uk/vol1/fastq/ERR157/092/ERR15738892/ERR15738892_2.fastq.gz,"Add a sequencing-library row and model multiple runs per macrosample"
P1,G,PRJEB86258,macrosample,"additional run for existing portal macrosample",G089cJ,"",ERR15738873,SAMEA120395848,ERS27096534,D300591,D300591,G089cJR1,2025-10-18,https://www.ebi.ac.uk/ena/browser/view/ERR15738873,https://www.ebi.ac.uk/biosamples/samples/SAMEA120395848,ftp.sra.ebi.ac.uk/vol1/fastq/ERR157/073/ERR15738873/ERR15738873_1.fastq.gz;ftp.sra.ebi.ac.uk/vol1/fastq/ERR157/073/ERR15738873/ERR15738873_2.fastq.gz,"Add a sequencing-library row and model multiple runs per macrosample"
P1,G,PRJEB86258,macrosample,"additional run for existing portal macrosample",G090dJ,"",ERR15738834,SAMEA120395809,ERS27096495,D300592,D300592,G090dJR1,2025-10-18,https://www.ebi.ac.uk/ena/browser/view/ERR15738834,https://www.ebi.ac.uk/biosamples/samples/SAMEA120395809,ftp.sra.ebi.ac.uk/vol1/fastq/ERR157/034/ERR15738834/ERR15738834_1.fastq.gz;ftp.sra.ebi.ac.uk/vol1/fastq/ERR157/034/ERR15738834/ERR15738834_2.fastq.gz,"Add a sequencing-library row and model multiple runs per macrosample"
P1,G,PRJEB86258,macrosample,"additional run for existing portal macrosample",G091dJ,"",ERR15738845,SAMEA120395820,ERS27096506,D300593,D300593,G091dJR1,2025-10-18,https://www.ebi.ac.uk/ena/browser/view/ERR15738845,https://www.ebi.ac.uk/biosamples/samples/SAMEA120395820,ftp.sra.ebi.ac.uk/vol1/fastq/ERR157/045/ERR15738845/ERR15738845_1.fastq.gz;ftp.sra.ebi.ac.uk/vol1/fastq/ERR157/045/ERR15738845/ERR15738845_2.fastq.gz,"Add a sequencing-library row and model multiple runs per macrosample"
P1,G,PRJEB86258,macrosample,"additional run for existing portal macrosample",G092dJ,"",ERR15738848,SAMEA120395823,ERS27096509,D300594,D300594,G092dJR1,2025-10-18,https://www.ebi.ac.uk/ena/browser/view/ERR15738848,https://www.ebi.ac.uk/biosamples/samples/SAMEA120395823,ftp.sra.ebi.ac.uk/vol1/fastq/ERR157/048/ERR15738848/ERR15738848_1.fastq.gz;ftp.sra.ebi.ac.uk/vol1/fastq/ERR157/048/ERR15738848/ERR15738848_2.fastq.gz,"Add a sequencing-library row and model multiple runs per macrosample"
P1,G,PRJEB86258,macrosample,"additional run for existing portal macrosample",G093dJ,"",ERR15738862,SAMEA120395837,ERS27096523,D300595,D300595,G093dJR1,2025-10-18,https://www.ebi.ac.uk/ena/browser/view/ERR15738862,https://www.ebi.ac.uk/biosamples/samples/SAMEA120395837,ftp.sra.ebi.ac.uk/vol1/fastq/ERR157/062/ERR15738862/ERR15738862_1.fastq.gz;ftp.sra.ebi.ac.uk/vol1/fastq/ERR157/062/ERR15738862/ERR15738862_2.fastq.gz,"Add a sequencing-library row and model multiple runs per macrosample"
P1,G,PRJEB86258,macrosample,"additional run for existing portal macrosample",G094dJ,"",ERR15738832,SAMEA120395807,ERS27096493,D300596,D300596,G094dJR1,2025-10-18,https://www.ebi.ac.uk/ena/browser/view/ERR15738832,https://www.ebi.ac.uk/biosamples/samples/SAMEA120395807,ftp.sra.ebi.ac.uk/vol1/fastq/ERR157/032/ERR15738832/ERR15738832_1.fastq.gz;ftp.sra.ebi.ac.uk/vol1/fastq/ERR157/032/ERR15738832/ERR15738832_2.fastq.gz,"Add a sequencing-library row and model multiple runs per macrosample"
P1,G,PRJEB86258,macrosample,"additional run for existing portal macrosample",G095eJ,"",ERR15738855,SAMEA120395830,ERS27096516,D300597,D300597,G095eJR1,2025-10-18,https://www.ebi.ac.uk/ena/browser/view/ERR15738855,https://www.ebi.ac.uk/biosamples/samples/SAMEA120395830,ftp.sra.ebi.ac.uk/vol1/fastq/ERR157/055/ERR15738855/ERR15738855_1.fastq.gz;ftp.sra.ebi.ac.uk/vol1/fastq/ERR157/055/ERR15738855/ERR15738855_2.fastq.gz,"Add a sequencing-library row and model multiple runs per macrosample"
P1,G,PRJEB86258,macrosample,"additional run for existing portal macrosample",G096eJ,"",ERR15738883,SAMEA120395857,ERS27096543,D300598,D300598,G096eJR1,2025-10-18,https://www.ebi.ac.uk/ena/browser/view/ERR15738883,https://www.ebi.ac.uk/biosamples/samples/SAMEA120395857,ftp.sra.ebi.ac.uk/vol1/fastq/ERR157/083/ERR15738883/ERR15738883_1.fastq.gz;ftp.sra.ebi.ac.uk/vol1/fastq/ERR157/083/ERR15738883/ERR15738883_2.fastq.gz,"Add a sequencing-library row and model multiple runs per macrosample"
P1,G,PRJEB86258,macrosample,"additional run for existing portal macrosample",G097eJ,"",ERR15738859,SAMEA120395834,ERS27096520,D300599,D300599,G097eJR1,2025-10-18,https://www.ebi.ac.uk/ena/browser/view/ERR15738859,https://www.ebi.ac.uk/biosamples/samples/SAMEA120395834,ftp.sra.ebi.ac.uk/vol1/fastq/ERR157/059/ERR15738859/ERR15738859_1.fastq.gz;ftp.sra.ebi.ac.uk/vol1/fastq/ERR157/059/ERR15738859/ERR15738859_2.fastq.gz,"Add a sequencing-library row and model multiple runs per macrosample"
P1,G,PRJEB86258,macrosample,"additional run for existing portal macrosample",G098eJ,"",ERR15738835,SAMEA120395810,ERS27096496,D300600,D300600,G098eJR1,2025-10-18,https://www.ebi.ac.uk/ena/browser/view/ERR15738835,https://www.ebi.ac.uk/biosamples/samples/SAMEA120395810,ftp.sra.ebi.ac.uk/vol1/fastq/ERR157/035/ERR15738835/ERR15738835_1.fastq.gz;ftp.sra.ebi.ac.uk/vol1/fastq/ERR157/035/ERR15738835/ERR15738835_2.fastq.gz,"Add a sequencing-library row and model multiple runs per macrosample"
P1,G,PRJEB86258,macrosample,"additional run for existing portal macrosample",G099eJ,"",ERR15738879,SAMEA120395853,ERS27096539,D300601,D300601,G099eJR1,2025-10-18,https://www.ebi.ac.uk/ena/browser/view/ERR15738879,https://www.ebi.ac.uk/biosamples/samples/SAMEA120395853,ftp.sra.ebi.ac.uk/vol1/fastq/ERR157/079/ERR15738879/ERR15738879_1.fastq.gz;ftp.sra.ebi.ac.uk/vol1/fastq/ERR157/079/ERR15738879/ERR15738879_2.fastq.gz,"Add a sequencing-library row and model multiple runs per macrosample"
P1,G,PRJEB86258,macrosample,"additional run for existing portal macrosample",G101aJ,"",ERR15738876,SAMEA120395850,ERS27096536,D300602,D300602,G101aJR1,2025-10-18,https://www.ebi.ac.uk/ena/browser/view/ERR15738876,https://www.ebi.ac.uk/biosamples/samples/SAMEA120395850,ftp.sra.ebi.ac.uk/vol1/fastq/ERR157/076/ERR15738876/ERR15738876_1.fastq.gz;ftp.sra.ebi.ac.uk/vol1/fastq/ERR157/076/ERR15738876/ERR15738876_2.fastq.gz,"Add a sequencing-library row and model multiple runs per macrosample"
P1,G,PRJEB86258,macrosample,"additional run for existing portal macrosample",G103bJ,"",ERR15738844,SAMEA120395819,ERS27096505,D300603,D300603,G103bJR1,2025-10-18,https://www.ebi.ac.uk/ena/browser/view/ERR15738844,https://www.ebi.ac.uk/biosamples/samples/SAMEA120395819,ftp.sra.ebi.ac.uk/vol1/fastq/ERR157/044/ERR15738844/ERR15738844_1.fastq.gz;ftp.sra.ebi.ac.uk/vol1/fastq/ERR157/044/ERR15738844/ERR15738844_2.fastq.gz,"Add a sequencing-library row and model multiple runs per macrosample"
P1,G,PRJEB86258,macrosample,"additional run for existing portal macrosample",G104aJ,"",ERR15738866,SAMEA120395841,ERS27096527,D300604,D300604,G104aJR1,2025-10-18,https://www.ebi.ac.uk/ena/browser/view/ERR15738866,https://www.ebi.ac.uk/biosamples/samples/SAMEA120395841,ftp.sra.ebi.ac.uk/vol1/fastq/ERR157/066/ERR15738866/ERR15738866_1.fastq.gz;ftp.sra.ebi.ac.uk/vol1/fastq/ERR157/066/ERR15738866/ERR15738866_2.fastq.gz,"Add a sequencing-library row and model multiple runs per macrosample"
P1,G,PRJEB86258,macrosample,"additional run for existing portal macrosample",G105bJ,"",ERR15738849,SAMEA120395824,ERS27096510,D300605,D300605,G105bJR1,2025-10-18,https://www.ebi.ac.uk/ena/browser/view/ERR15738849,https://www.ebi.ac.uk/biosamples/samples/SAMEA120395824,ftp.sra.ebi.ac.uk/vol1/fastq/ERR157/049/ERR15738849/ERR15738849_1.fastq.gz;ftp.sra.ebi.ac.uk/vol1/fastq/ERR157/049/ERR15738849/ERR15738849_2.fastq.gz,"Add a sequencing-library row and model multiple runs per macrosample"
P1,G,PRJEB86258,macrosample,"additional run for existing portal macrosample",G106bJ,"",ERR15738854,SAMEA120395829,ERS27096515,D300606,D300606,G106bJR1,2025-10-18,https://www.ebi.ac.uk/ena/browser/view/ERR15738854,https://www.ebi.ac.uk/biosamples/samples/SAMEA120395829,ftp.sra.ebi.ac.uk/vol1/fastq/ERR157/054/ERR15738854/ERR15738854_1.fastq.gz;ftp.sra.ebi.ac.uk/vol1/fastq/ERR157/054/ERR15738854/ERR15738854_2.fastq.gz,"Add a sequencing-library row and model multiple runs per macrosample"
P1,G,PRJEB86258,macrosample,"additional run for existing portal macrosample",G107bJ,"",ERR15738881,SAMEA120395855,ERS27096541,D300607,D300607,G107bJR1,2025-10-18,https://www.ebi.ac.uk/ena/browser/view/ERR15738881,https://www.ebi.ac.uk/biosamples/samples/SAMEA120395855,ftp.sra.ebi.ac.uk/vol1/fastq/ERR157/081/ERR15738881/ERR15738881_1.fastq.gz;ftp.sra.ebi.ac.uk/vol1/fastq/ERR157/081/ERR15738881/ERR15738881_2.fastq.gz,"Add a sequencing-library row and model multiple runs per macrosample"
P1,G,PRJEB86258,macrosample,"additional run for existing portal macrosample",G108bJ,"",ERR15738864,SAMEA120395839,ERS27096525,D300608,D300608,G108bJR1,2025-10-18,https://www.ebi.ac.uk/ena/browser/view/ERR15738864,https://www.ebi.ac.uk/biosamples/samples/SAMEA120395839,ftp.sra.ebi.ac.uk/vol1/fastq/ERR157/064/ERR15738864/ERR15738864_1.fastq.gz;ftp.sra.ebi.ac.uk/vol1/fastq/ERR157/064/ERR15738864/ERR15738864_2.fastq.gz,"Add a sequencing-library row and model multiple runs per macrosample"
P1,G,PRJEB86258,macrosample,"additional run for existing portal macrosample",G110cJ,"",ERR15738841,SAMEA120395816,ERS27096502,D300609,D300609,G110cJR1,2025-10-18,https://www.ebi.ac.uk/ena/browser/view/ERR15738841,https://www.ebi.ac.uk/biosamples/samples/SAMEA120395816,ftp.sra.ebi.ac.uk/vol1/fastq/ERR157/041/ERR15738841/ERR15738841_1.fastq.gz;ftp.sra.ebi.ac.uk/vol1/fastq/ERR157/041/ERR15738841/ERR15738841_2.fastq.gz,"Add a sequencing-library row and model multiple runs per macrosample"
P1,G,PRJEB86258,macrosample,"additional run for existing portal macrosample",G111cJ,"",ERR15738840,SAMEA120395815,ERS27096501,D300610,D300610,G111cJR1,2025-10-18,https://www.ebi.ac.uk/ena/browser/view/ERR15738840,https://www.ebi.ac.uk/biosamples/samples/SAMEA120395815,ftp.sra.ebi.ac.uk/vol1/fastq/ERR157/040/ERR15738840/ERR15738840_1.fastq.gz;ftp.sra.ebi.ac.uk/vol1/fastq/ERR157/040/ERR15738840/ERR15738840_2.fastq.gz,"Add a sequencing-library row and model multiple runs per macrosample"
P1,G,PRJEB86258,macrosample,"additional run for existing portal macrosample",G112cJ,"",ERR15738872,SAMEA120395847,ERS27096533,D300611,D300611,G112cJR1,2025-10-18,https://www.ebi.ac.uk/ena/browser/view/ERR15738872,https://www.ebi.ac.uk/biosamples/samples/SAMEA120395847,ftp.sra.ebi.ac.uk/vol1/fastq/ERR157/072/ERR15738872/ERR15738872_1.fastq.gz;ftp.sra.ebi.ac.uk/vol1/fastq/ERR157/072/ERR15738872/ERR15738872_2.fastq.gz,"Add a sequencing-library row and model multiple runs per macrosample"
P1,G,PRJEB86258,macrosample,"additional run for existing portal macrosample",G113cJ,"",ERR15738846,SAMEA120395821,ERS27096507,D300612,D300612,G113cJR1,2025-10-18,https://www.ebi.ac.uk/ena/browser/view/ERR15738846,https://www.ebi.ac.uk/biosamples/samples/SAMEA120395821,ftp.sra.ebi.ac.uk/vol1/fastq/ERR157/046/ERR15738846/ERR15738846_1.fastq.gz;ftp.sra.ebi.ac.uk/vol1/fastq/ERR157/046/ERR15738846/ERR15738846_2.fastq.gz,"Add a sequencing-library row and model multiple runs per macrosample"
P1,G,PRJEB86258,macrosample,"additional run for existing portal macrosample",G114cJ,"",ERR15738884,SAMEA120395858,ERS27096544,D300613,D300613,G114cJR1,2025-10-18,https://www.ebi.ac.uk/ena/browser/view/ERR15738884,https://www.ebi.ac.uk/biosamples/samples/SAMEA120395858,ftp.sra.ebi.ac.uk/vol1/fastq/ERR157/084/ERR15738884/ERR15738884_1.fastq.gz;ftp.sra.ebi.ac.uk/vol1/fastq/ERR157/084/ERR15738884/ERR15738884_2.fastq.gz,"Add a sequencing-library row and model multiple runs per macrosample"
P1,G,PRJEB86258,macrosample,"additional run for existing portal macrosample",G115dJ,"",ERR15738878,SAMEA120395852,ERS27096538,D300614,D300614,G115dJR1,2025-10-18,https://www.ebi.ac.uk/ena/browser/view/ERR15738878,https://www.ebi.ac.uk/biosamples/samples/SAMEA120395852,ftp.sra.ebi.ac.uk/vol1/fastq/ERR157/078/ERR15738878/ERR15738878_1.fastq.gz;ftp.sra.ebi.ac.uk/vol1/fastq/ERR157/078/ERR15738878/ERR15738878_2.fastq.gz,"Add a sequencing-library row and model multiple runs per macrosample"
P1,G,PRJEB86258,macrosample,"additional run for existing portal macrosample",G116dJ,"",ERR15738838,SAMEA120395813,ERS27096499,D300615,D300615,G116dJR1,2025-10-18,https://www.ebi.ac.uk/ena/browser/view/ERR15738838,https://www.ebi.ac.uk/biosamples/samples/SAMEA120395813,ftp.sra.ebi.ac.uk/vol1/fastq/ERR157/038/ERR15738838/ERR15738838_1.fastq.gz;ftp.sra.ebi.ac.uk/vol1/fastq/ERR157/038/ERR15738838/ERR15738838_2.fastq.gz,"Add a sequencing-library row and model multiple runs per macrosample"
P1,G,PRJEB86258,macrosample,"additional run for existing portal macrosample",G118dJ,"",ERR15738890,SAMEA120395864,ERS27096550,D300616,D300616,G118dJR1,2025-10-18,https://www.ebi.ac.uk/ena/browser/view/ERR15738890,https://www.ebi.ac.uk/biosamples/samples/SAMEA120395864,ftp.sra.ebi.ac.uk/vol1/fastq/ERR157/090/ERR15738890/ERR15738890_1.fastq.gz;ftp.sra.ebi.ac.uk/vol1/fastq/ERR157/090/ERR15738890/ERR15738890_2.fastq.gz,"Add a sequencing-library row and model multiple runs per macrosample"
P1,G,PRJEB86258,macrosample,"additional run for existing portal macrosample",G119dJ,"",ERR15738896,SAMEA120395870,ERS27096556,D300617,D300617,G119dJR1,2025-10-18,https://www.ebi.ac.uk/ena/browser/view/ERR15738896,https://www.ebi.ac.uk/biosamples/samples/SAMEA120395870,ftp.sra.ebi.ac.uk/vol1/fastq/ERR157/096/ERR15738896/ERR15738896_1.fastq.gz;ftp.sra.ebi.ac.uk/vol1/fastq/ERR157/096/ERR15738896/ERR15738896_2.fastq.gz,"Add a sequencing-library row and model multiple runs per macrosample"
P1,G,PRJEB86258,macrosample,"additional run for existing portal macrosample",G120dJ,"",ERR15738856,SAMEA120395831,ERS27096517,D300618,D300618,G120dJR1,2025-10-18,https://www.ebi.ac.uk/ena/browser/view/ERR15738856,https://www.ebi.ac.uk/biosamples/samples/SAMEA120395831,ftp.sra.ebi.ac.uk/vol1/fastq/ERR157/056/ERR15738856/ERR15738856_1.fastq.gz;ftp.sra.ebi.ac.uk/vol1/fastq/ERR157/056/ERR15738856/ERR15738856_2.fastq.gz,"Add a sequencing-library row and model multiple runs per macrosample"
P1,G,PRJEB86258,macrosample,"additional run for existing portal macrosample",G121eJ,"",ERR15738874,SAMEA120395849,ERS27096535,D300619,D300619,G121eJR1,2025-10-18,https://www.ebi.ac.uk/ena/browser/view/ERR15738874,https://www.ebi.ac.uk/biosamples/samples/SAMEA120395849,ftp.sra.ebi.ac.uk/vol1/fastq/ERR157/074/ERR15738874/ERR15738874_1.fastq.gz;ftp.sra.ebi.ac.uk/vol1/fastq/ERR157/074/ERR15738874/ERR15738874_2.fastq.gz,"Add a sequencing-library row and model multiple runs per macrosample"
P1,G,PRJEB86258,macrosample,"additional run for existing portal macrosample",G122eJ,"",ERR15738897,SAMEA120395871,ERS27096557,D300620,D300620,G122eJR1,2025-10-18,https://www.ebi.ac.uk/ena/browser/view/ERR15738897,https://www.ebi.ac.uk/biosamples/samples/SAMEA120395871,ftp.sra.ebi.ac.uk/vol1/fastq/ERR157/097/ERR15738897/ERR15738897_1.fastq.gz;ftp.sra.ebi.ac.uk/vol1/fastq/ERR157/097/ERR15738897/ERR15738897_2.fastq.gz,"Add a sequencing-library row and model multiple runs per macrosample"
P1,G,PRJEB86258,macrosample,"additional run for existing portal macrosample",G123eJ,"",ERR15738891,SAMEA120395865,ERS27096551,D300621,D300621,G123eJR1,2025-10-18,https://www.ebi.ac.uk/ena/browser/view/ERR15738891,https://www.ebi.ac.uk/biosamples/samples/SAMEA120395865,ftp.sra.ebi.ac.uk/vol1/fastq/ERR157/091/ERR15738891/ERR15738891_1.fastq.gz;ftp.sra.ebi.ac.uk/vol1/fastq/ERR157/091/ERR15738891/ERR15738891_2.fastq.gz,"Add a sequencing-library row and model multiple runs per macrosample"
P1,G,PRJEB86258,macrosample,"additional run for existing portal macrosample",G124eJ,"",ERR15738882,SAMEA120395856,ERS27096542,D300622,D300622,G124eJR1,2025-10-18,https://www.ebi.ac.uk/ena/browser/view/ERR15738882,https://www.ebi.ac.uk/biosamples/samples/SAMEA120395856,ftp.sra.ebi.ac.uk/vol1/fastq/ERR157/082/ERR15738882/ERR15738882_1.fastq.gz;ftp.sra.ebi.ac.uk/vol1/fastq/ERR157/082/ERR15738882/ERR15738882_2.fastq.gz,"Add a sequencing-library row and model multiple runs per macrosample"
P1,G,PRJEB86258,macrosample,"additional run for existing portal macrosample",G125eJ,"",ERR15738870,SAMEA120395845,ERS27096531,D300623,D300623,G125eJR1,2025-10-18,https://www.ebi.ac.uk/ena/browser/view/ERR15738870,https://www.ebi.ac.uk/biosamples/samples/SAMEA120395845,ftp.sra.ebi.ac.uk/vol1/fastq/ERR157/070/ERR15738870/ERR15738870_1.fastq.gz;ftp.sra.ebi.ac.uk/vol1/fastq/ERR157/070/ERR15738870/ERR15738870_2.fastq.gz,"Add a sequencing-library row and model multiple runs per macrosample"
P1,G,PRJEB86258,microsample,"alternate/resequenced microsample related to an existing portal microsample",G019eI105A018,"",ERR14747893,SAMEA117823715,ERS23813362,G019eI105A018b,M302118b,G019eI105A018_L1,2025-03-15,https://www.ebi.ac.uk/ena/browser/view/ERR14747893,https://www.ebi.ac.uk/biosamples/samples/SAMEA117823715,ftp.sra.ebi.ac.uk/vol1/fastq/ERR147/093/ERR14747893/ERR14747893_1.fastq.gz;ftp.sra.ebi.ac.uk/vol1/fastq/ERR147/093/ERR14747893/ERR14747893_2.fastq.gz,"Review the b-suffixed sample and add it if intentional"
P1,G,PRJEB86258,microsample,"alternate/resequenced microsample related to an existing portal microsample",G019eI105A019,"",ERR14747894,SAMEA117823716,ERS23813363,G019eI105A019b,M302119b,G019eI105A019_L1,2025-03-15,https://www.ebi.ac.uk/ena/browser/view/ERR14747894,https://www.ebi.ac.uk/biosamples/samples/SAMEA117823716,ftp.sra.ebi.ac.uk/vol1/fastq/ERR147/094/ERR14747894/ERR14747894_1.fastq.gz;ftp.sra.ebi.ac.uk/vol1/fastq/ERR147/094/ERR14747894/ERR14747894_2.fastq.gz,"Review the b-suffixed sample and add it if intentional"
P1,G,PRJEB86258,microsample,"microsample from a cryosection absent from the portal catalogue",G103bI301A001,G103bI301A,ERR15117950,SAMEA118557587,ERS24976785,G103bI301A001,M301042,G103bI301A001_L1,2025-06-15,https://www.ebi.ac.uk/ena/browser/view/ERR15117950,https://www.ebi.ac.uk/biosamples/samples/SAMEA118557587,ftp.sra.ebi.ac.uk/vol1/fastq/ERR151/050/ERR15117950/ERR15117950_1.fastq.gz;ftp.sra.ebi.ac.uk/vol1/fastq/ERR151/050/ERR15117950/ERR15117950_2.fastq.gz,"Create or complete the cryosection and required attachments, then add its microsamples"
P1,G,PRJEB86258,microsample,"microsample from a cryosection absent from the portal catalogue",G103bI301A002,G103bI301A,ERR15117943,SAMEA118557580,ERS24976778,G103bI301A002,M301044,G103bI301A002_L1,2025-06-15,https://www.ebi.ac.uk/ena/browser/view/ERR15117943,https://www.ebi.ac.uk/biosamples/samples/SAMEA118557580,ftp.sra.ebi.ac.uk/vol1/fastq/ERR151/043/ERR15117943/ERR15117943_1.fastq.gz;ftp.sra.ebi.ac.uk/vol1/fastq/ERR151/043/ERR15117943/ERR15117943_2.fastq.gz,"Create or complete the cryosection and required attachments, then add its microsamples"
P1,G,PRJEB86258,microsample,"microsample from a cryosection absent from the portal catalogue",G103bI301A003,G103bI301A,ERR15118043,SAMEA118557680,ERS24976878,G103bI301A003,M301045,G103bI301A003_L1,2025-06-15,https://www.ebi.ac.uk/ena/browser/view/ERR15118043,https://www.ebi.ac.uk/biosamples/samples/SAMEA118557680,ftp.sra.ebi.ac.uk/vol1/fastq/ERR151/043/ERR15118043/ERR15118043_1.fastq.gz;ftp.sra.ebi.ac.uk/vol1/fastq/ERR151/043/ERR15118043/ERR15118043_2.fastq.gz,"Create or complete the cryosection and required attachments, then add its microsamples"
P1,G,PRJEB86258,microsample,"microsample from a cryosection absent from the portal catalogue",G103bI301A004,G103bI301A,ERR15117936,SAMEA118557573,ERS24976771,G103bI301A004,M301046,G103bI301A004_L1,2025-06-15,https://www.ebi.ac.uk/ena/browser/view/ERR15117936,https://www.ebi.ac.uk/biosamples/samples/SAMEA118557573,ftp.sra.ebi.ac.uk/vol1/fastq/ERR151/036/ERR15117936/ERR15117936_1.fastq.gz;ftp.sra.ebi.ac.uk/vol1/fastq/ERR151/036/ERR15117936/ERR15117936_2.fastq.gz,"Create or complete the cryosection and required attachments, then add its microsamples"
P1,G,PRJEB86258,microsample,"microsample from a cryosection absent from the portal catalogue",G103bI301A005,G103bI301A,ERR15118023,SAMEA118557660,ERS24976858,G103bI301A005,M301048,G103bI301A005_L1,2025-06-15,https://www.ebi.ac.uk/ena/browser/view/ERR15118023,https://www.ebi.ac.uk/biosamples/samples/SAMEA118557660,ftp.sra.ebi.ac.uk/vol1/fastq/ERR151/023/ERR15118023/ERR15118023_1.fastq.gz;ftp.sra.ebi.ac.uk/vol1/fastq/ERR151/023/ERR15118023/ERR15118023_2.fastq.gz,"Create or complete the cryosection and required attachments, then add its microsamples"
P1,G,PRJEB86258,microsample,"microsample from a cryosection absent from the portal catalogue",G103bI301A006,G103bI301A,ERR15118076,SAMEA118557713,ERS24976911,G103bI301A006,M301049,G103bI301A006_L1,2025-06-15,https://www.ebi.ac.uk/ena/browser/view/ERR15118076,https://www.ebi.ac.uk/biosamples/samples/SAMEA118557713,ftp.sra.ebi.ac.uk/vol1/fastq/ERR151/076/ERR15118076/ERR15118076_1.fastq.gz;ftp.sra.ebi.ac.uk/vol1/fastq/ERR151/076/ERR15118076/ERR15118076_2.fastq.gz,"Create or complete the cryosection and required attachments, then add its microsamples"
P1,G,PRJEB86258,microsample,"microsample from a cryosection absent from the portal catalogue",G103bI301A007,G103bI301A,ERR15118039,SAMEA118557676,ERS24976874,G103bI301A007,M301050,G103bI301A007_L1,2025-06-15,https://www.ebi.ac.uk/ena/browser/view/ERR15118039,https://www.ebi.ac.uk/biosamples/samples/SAMEA118557676,ftp.sra.ebi.ac.uk/vol1/fastq/ERR151/039/ERR15118039/ERR15118039_1.fastq.gz;ftp.sra.ebi.ac.uk/vol1/fastq/ERR151/039/ERR15118039/ERR15118039_2.fastq.gz,"Create or complete the cryosection and required attachments, then add its microsamples"
P1,G,PRJEB86258,microsample,"microsample from a cryosection absent from the portal catalogue",G103bI301A008,G103bI301A,ERR15117952,SAMEA118557589,ERS24976787,G103bI301A008,M301051,G103bI301A008_L1,2025-06-15,https://www.ebi.ac.uk/ena/browser/view/ERR15117952,https://www.ebi.ac.uk/biosamples/samples/SAMEA118557589,ftp.sra.ebi.ac.uk/vol1/fastq/ERR151/052/ERR15117952/ERR15117952_1.fastq.gz;ftp.sra.ebi.ac.uk/vol1/fastq/ERR151/052/ERR15117952/ERR15117952_2.fastq.gz,"Create or complete the cryosection and required attachments, then add its microsamples"
P1,G,PRJEB86258,microsample,"microsample from a cryosection absent from the portal catalogue",G103bI301A009,G103bI301A,ERR15118041,SAMEA118557678,ERS24976876,G103bI301A009,M301052,G103bI301A009_L1,2025-06-15,https://www.ebi.ac.uk/ena/browser/view/ERR15118041,https://www.ebi.ac.uk/biosamples/samples/SAMEA118557678,ftp.sra.ebi.ac.uk/vol1/fastq/ERR151/041/ERR15118041/ERR15118041_1.fastq.gz;ftp.sra.ebi.ac.uk/vol1/fastq/ERR151/041/ERR15118041/ERR15118041_2.fastq.gz,"Create or complete the cryosection and required attachments, then add its microsamples"
P1,G,PRJEB86258,microsample,"microsample from a cryosection absent from the portal catalogue",G103bI301A010,G103bI301A,ERR15118061,SAMEA118557697,ERS24976895,G103bI301A010,M301054,G103bI301A010_L1,2025-06-15,https://www.ebi.ac.uk/ena/browser/view/ERR15118061,https://www.ebi.ac.uk/biosamples/samples/SAMEA118557697,ftp.sra.ebi.ac.uk/vol1/fastq/ERR151/061/ERR15118061/ERR15118061_1.fastq.gz;ftp.sra.ebi.ac.uk/vol1/fastq/ERR151/061/ERR15118061/ERR15118061_2.fastq.gz,"Create or complete the cryosection and required attachments, then add its microsamples"
P1,G,PRJEB86258,microsample,"microsample from a cryosection absent from the portal catalogue",G103bI301A011,G103bI301A,ERR15118009,SAMEA118557646,ERS24976844,G103bI301A011,M301055,G103bI301A011_L1,2025-06-15,https://www.ebi.ac.uk/ena/browser/view/ERR15118009,https://www.ebi.ac.uk/biosamples/samples/SAMEA118557646,ftp.sra.ebi.ac.uk/vol1/fastq/ERR151/009/ERR15118009/ERR15118009_1.fastq.gz;ftp.sra.ebi.ac.uk/vol1/fastq/ERR151/009/ERR15118009/ERR15118009_2.fastq.gz,"Create or complete the cryosection and required attachments, then add its microsamples"
P1,G,PRJEB86258,microsample,"microsample from a cryosection absent from the portal catalogue",G103bI301A012,G103bI301A,ERR15118020,SAMEA118557657,ERS24976855,G103bI301A012,M301057,G103bI301A012_L1,2025-06-15,https://www.ebi.ac.uk/ena/browser/view/ERR15118020,https://www.ebi.ac.uk/biosamples/samples/SAMEA118557657,ftp.sra.ebi.ac.uk/vol1/fastq/ERR151/020/ERR15118020/ERR15118020_1.fastq.gz;ftp.sra.ebi.ac.uk/vol1/fastq/ERR151/020/ERR15118020/ERR15118020_2.fastq.gz,"Create or complete the cryosection and required attachments, then add its microsamples"
P1,G,PRJEB86258,microsample,"microsample from a cryosection absent from the portal catalogue",G103bI301A013,G103bI301A,ERR15117963,SAMEA118557600,ERS24976798,G103bI301A013,M301058,G103bI301A013_L1,2025-06-15,https://www.ebi.ac.uk/ena/browser/view/ERR15117963,https://www.ebi.ac.uk/biosamples/samples/SAMEA118557600,ftp.sra.ebi.ac.uk/vol1/fastq/ERR151/063/ERR15117963/ERR15117963_1.fastq.gz;ftp.sra.ebi.ac.uk/vol1/fastq/ERR151/063/ERR15117963/ERR15117963_2.fastq.gz,"Create or complete the cryosection and required attachments, then add its microsamples"
P1,G,PRJEB86258,microsample,"microsample from a cryosection absent from the portal catalogue",G103bI301A014,G103bI301A,ERR15117979,SAMEA118557616,ERS24976814,G103bI301A014,M301059,G103bI301A014_L1,2025-06-15,https://www.ebi.ac.uk/ena/browser/view/ERR15117979,https://www.ebi.ac.uk/biosamples/samples/SAMEA118557616,ftp.sra.ebi.ac.uk/vol1/fastq/ERR151/079/ERR15117979/ERR15117979_1.fastq.gz;ftp.sra.ebi.ac.uk/vol1/fastq/ERR151/079/ERR15117979/ERR15117979_2.fastq.gz,"Create or complete the cryosection and required attachments, then add its microsamples"
P1,G,PRJEB86258,microsample,"microsample from a cryosection absent from the portal catalogue",G103bI301A015,G103bI301A,ERR15118042,SAMEA118557679,ERS24976877,G103bI301A015,M301060,G103bI301A015_L1,2025-06-15,https://www.ebi.ac.uk/ena/browser/view/ERR15118042,https://www.ebi.ac.uk/biosamples/samples/SAMEA118557679,ftp.sra.ebi.ac.uk/vol1/fastq/ERR151/042/ERR15118042/ERR15118042_1.fastq.gz;ftp.sra.ebi.ac.uk/vol1/fastq/ERR151/042/ERR15118042/ERR15118042_2.fastq.gz,"Create or complete the cryosection and required attachments, then add its microsamples"
P1,G,PRJEB86258,microsample,"microsample from a cryosection absent from the portal catalogue",G103bI301A016,G103bI301A,ERR15117985,SAMEA118557622,ERS24976820,G103bI301A016,M301063,G103bI301A016_L1,2025-06-15,https://www.ebi.ac.uk/ena/browser/view/ERR15117985,https://www.ebi.ac.uk/biosamples/samples/SAMEA118557622,ftp.sra.ebi.ac.uk/vol1/fastq/ERR151/085/ERR15117985/ERR15117985_1.fastq.gz;ftp.sra.ebi.ac.uk/vol1/fastq/ERR151/085/ERR15117985/ERR15117985_2.fastq.gz,"Create or complete the cryosection and required attachments, then add its microsamples"
P1,G,PRJEB86258,microsample,"microsample from a cryosection absent from the portal catalogue",G103bI301A017,G103bI301A,ERR15118057,SAMEA118557694,ERS24976892,G103bI301A017,M301064,G103bI301A017_L1,2025-06-15,https://www.ebi.ac.uk/ena/browser/view/ERR15118057,https://www.ebi.ac.uk/biosamples/samples/SAMEA118557694,ftp.sra.ebi.ac.uk/vol1/fastq/ERR151/057/ERR15118057/ERR15118057_1.fastq.gz;ftp.sra.ebi.ac.uk/vol1/fastq/ERR151/057/ERR15118057/ERR15118057_2.fastq.gz,"Create or complete the cryosection and required attachments, then add its microsamples"
P1,G,PRJEB86258,microsample,"microsample from a cryosection absent from the portal catalogue",G103bI301A018,G103bI301A,ERR15117956,SAMEA118557593,ERS24976791,G103bI301A018,M301065,G103bI301A018_L1,2025-06-15,https://www.ebi.ac.uk/ena/browser/view/ERR15117956,https://www.ebi.ac.uk/biosamples/samples/SAMEA118557593,ftp.sra.ebi.ac.uk/vol1/fastq/ERR151/056/ERR15117956/ERR15117956_1.fastq.gz;ftp.sra.ebi.ac.uk/vol1/fastq/ERR151/056/ERR15117956/ERR15117956_2.fastq.gz,"Create or complete the cryosection and required attachments, then add its microsamples"
P1,G,PRJEB86258,microsample,"microsample from a cryosection absent from the portal catalogue",G103bI301A019,G103bI301A,ERR15118016,SAMEA118557654,ERS24976852,G103bI301A019,M301066,G103bI301A019_L1,2025-06-15,https://www.ebi.ac.uk/ena/browser/view/ERR15118016,https://www.ebi.ac.uk/biosamples/samples/SAMEA118557654,ftp.sra.ebi.ac.uk/vol1/fastq/ERR151/016/ERR15118016/ERR15118016_1.fastq.gz;ftp.sra.ebi.ac.uk/vol1/fastq/ERR151/016/ERR15118016/ERR15118016_2.fastq.gz,"Create or complete the cryosection and required attachments, then add its microsamples"
P1,G,PRJEB86258,microsample,"microsample from a cryosection absent from the portal catalogue",G103bI301A020,G103bI301A,ERR15118082,SAMEA118557719,ERS24976917,G103bI301A020,M301068,G103bI301A020_L1,2025-06-15,https://www.ebi.ac.uk/ena/browser/view/ERR15118082,https://www.ebi.ac.uk/biosamples/samples/SAMEA118557719,ftp.sra.ebi.ac.uk/vol1/fastq/ERR151/082/ERR15118082/ERR15118082_1.fastq.gz;ftp.sra.ebi.ac.uk/vol1/fastq/ERR151/082/ERR15118082/ERR15118082_2.fastq.gz,"Create or complete the cryosection and required attachments, then add its microsamples"
P1,G,PRJEB86258,microsample,"microsample from a cryosection absent from the portal catalogue",G103bI301A021,G103bI301A,ERR15117948,SAMEA118557585,ERS24976783,G103bI301A021,M301069,G103bI301A021_L1,2025-06-15,https://www.ebi.ac.uk/ena/browser/view/ERR15117948,https://www.ebi.ac.uk/biosamples/samples/SAMEA118557585,ftp.sra.ebi.ac.uk/vol1/fastq/ERR151/048/ERR15117948/ERR15117948_1.fastq.gz;ftp.sra.ebi.ac.uk/vol1/fastq/ERR151/048/ERR15117948/ERR15117948_2.fastq.gz,"Create or complete the cryosection and required attachments, then add its microsamples"
P1,G,PRJEB86258,microsample,"microsample from a cryosection absent from the portal catalogue",G103bI301A022,G103bI301A,ERR15118049,SAMEA118557686,ERS24976884,G103bI301A022,M301070,G103bI301A022_L1,2025-06-15,https://www.ebi.ac.uk/ena/browser/view/ERR15118049,https://www.ebi.ac.uk/biosamples/samples/SAMEA118557686,ftp.sra.ebi.ac.uk/vol1/fastq/ERR151/049/ERR15118049/ERR15118049_1.fastq.gz;ftp.sra.ebi.ac.uk/vol1/fastq/ERR151/049/ERR15118049/ERR15118049_2.fastq.gz,"Create or complete the cryosection and required attachments, then add its microsamples"
P1,G,PRJEB86258,microsample,"microsample from a cryosection absent from the portal catalogue",G103bI301A023,G103bI301A,ERR15117939,SAMEA118557576,ERS24976774,G103bI301A023,M301072,G103bI301A023_L1,2025-06-15,https://www.ebi.ac.uk/ena/browser/view/ERR15117939,https://www.ebi.ac.uk/biosamples/samples/SAMEA118557576,ftp.sra.ebi.ac.uk/vol1/fastq/ERR151/039/ERR15117939/ERR15117939_1.fastq.gz;ftp.sra.ebi.ac.uk/vol1/fastq/ERR151/039/ERR15117939/ERR15117939_2.fastq.gz,"Create or complete the cryosection and required attachments, then add its microsamples"
P1,G,PRJEB86258,microsample,"microsample from a cryosection absent from the portal catalogue",G103bI301A024,G103bI301A,ERR15117980,SAMEA118557617,ERS24976815,G103bI301A024,M301073,G103bI301A024_L1,2025-06-15,https://www.ebi.ac.uk/ena/browser/view/ERR15117980,https://www.ebi.ac.uk/biosamples/samples/SAMEA118557617,ftp.sra.ebi.ac.uk/vol1/fastq/ERR151/080/ERR15117980/ERR15117980_1.fastq.gz;ftp.sra.ebi.ac.uk/vol1/fastq/ERR151/080/ERR15117980/ERR15117980_2.fastq.gz,"Create or complete the cryosection and required attachments, then add its microsamples"
P1,G,PRJEB86258,microsample,"microsample from a cryosection absent from the portal catalogue",G103bI301A025,G103bI301A,ERR15118018,SAMEA118557655,ERS24976853,G103bI301A025,M301075,G103bI301A025_L1,2025-06-15,https://www.ebi.ac.uk/ena/browser/view/ERR15118018,https://www.ebi.ac.uk/biosamples/samples/SAMEA118557655,ftp.sra.ebi.ac.uk/vol1/fastq/ERR151/018/ERR15118018/ERR15118018_1.fastq.gz;ftp.sra.ebi.ac.uk/vol1/fastq/ERR151/018/ERR15118018/ERR15118018_2.fastq.gz,"Create or complete the cryosection and required attachments, then add its microsamples"
P1,G,PRJEB86258,microsample,"microsample from a cryosection absent from the portal catalogue",G103bI301A026,G103bI301A,ERR15118065,SAMEA118557702,ERS24976900,G103bI301A026,M301076,G103bI301A026_L1,2025-06-15,https://www.ebi.ac.uk/ena/browser/view/ERR15118065,https://www.ebi.ac.uk/biosamples/samples/SAMEA118557702,ftp.sra.ebi.ac.uk/vol1/fastq/ERR151/065/ERR15118065/ERR15118065_1.fastq.gz;ftp.sra.ebi.ac.uk/vol1/fastq/ERR151/065/ERR15118065/ERR15118065_2.fastq.gz,"Create or complete the cryosection and required attachments, then add its microsamples"
P1,G,PRJEB86258,microsample,"microsample from a cryosection absent from the portal catalogue",G103bI301A027,G103bI301A,ERR15118051,SAMEA118557688,ERS24976886,G103bI301A027,M301077,G103bI301A027_L1,2025-06-15,https://www.ebi.ac.uk/ena/browser/view/ERR15118051,https://www.ebi.ac.uk/biosamples/samples/SAMEA118557688,ftp.sra.ebi.ac.uk/vol1/fastq/ERR151/051/ERR15118051/ERR15118051_1.fastq.gz;ftp.sra.ebi.ac.uk/vol1/fastq/ERR151/051/ERR15118051/ERR15118051_2.fastq.gz,"Create or complete the cryosection and required attachments, then add its microsamples"
P1,G,PRJEB86258,microsample,"microsample from a cryosection absent from the portal catalogue",G103bI301A028,G103bI301A,ERR15118073,SAMEA118557710,ERS24976908,G103bI301A028,M301079,G103bI301A028_L1,2025-06-15,https://www.ebi.ac.uk/ena/browser/view/ERR15118073,https://www.ebi.ac.uk/biosamples/samples/SAMEA118557710,ftp.sra.ebi.ac.uk/vol1/fastq/ERR151/073/ERR15118073/ERR15118073_1.fastq.gz;ftp.sra.ebi.ac.uk/vol1/fastq/ERR151/073/ERR15118073/ERR15118073_2.fastq.gz,"Create or complete the cryosection and required attachments, then add its microsamples"
P1,G,PRJEB86258,microsample,"microsample from a cryosection absent from the portal catalogue",G103bI301A029,G103bI301A,ERR15117984,SAMEA118557621,ERS24976819,G103bI301A029,M301080,G103bI301A029_L1,2025-06-15,https://www.ebi.ac.uk/ena/browser/view/ERR15117984,https://www.ebi.ac.uk/biosamples/samples/SAMEA118557621,ftp.sra.ebi.ac.uk/vol1/fastq/ERR151/084/ERR15117984/ERR15117984_1.fastq.gz;ftp.sra.ebi.ac.uk/vol1/fastq/ERR151/084/ERR15117984/ERR15117984_2.fastq.gz,"Create or complete the cryosection and required attachments, then add its microsamples"
P1,G,PRJEB86258,microsample,"microsample from a cryosection absent from the portal catalogue",G103bI301A030,G103bI301A,ERR15117964,SAMEA118557601,ERS24976799,G103bI301A030,M301081,G103bI301A030_L1,2025-06-15,https://www.ebi.ac.uk/ena/browser/view/ERR15117964,https://www.ebi.ac.uk/biosamples/samples/SAMEA118557601,ftp.sra.ebi.ac.uk/vol1/fastq/ERR151/064/ERR15117964/ERR15117964_1.fastq.gz;ftp.sra.ebi.ac.uk/vol1/fastq/ERR151/064/ERR15117964/ERR15117964_2.fastq.gz,"Create or complete the cryosection and required attachments, then add its microsamples"
P1,G,PRJEB86258,microsample,"microsample from a cryosection absent from the portal catalogue",G103bI301A031,G103bI301A,ERR15117968,SAMEA118557605,ERS24976803,G103bI301A031,M301082,G103bI301A031_L1,2025-06-15,https://www.ebi.ac.uk/ena/browser/view/ERR15117968,https://www.ebi.ac.uk/biosamples/samples/SAMEA118557605,ftp.sra.ebi.ac.uk/vol1/fastq/ERR151/068/ERR15117968/ERR15117968_1.fastq.gz;ftp.sra.ebi.ac.uk/vol1/fastq/ERR151/068/ERR15117968/ERR15117968_2.fastq.gz,"Create or complete the cryosection and required attachments, then add its microsamples"
P1,G,PRJEB86258,microsample,"microsample from a cryosection absent from the portal catalogue",G103bI301A032,G103bI301A,ERR15118077,SAMEA118557714,ERS24976912,G103bI301A032,M301084,G103bI301A032_L1,2025-06-15,https://www.ebi.ac.uk/ena/browser/view/ERR15118077,https://www.ebi.ac.uk/biosamples/samples/SAMEA118557714,ftp.sra.ebi.ac.uk/vol1/fastq/ERR151/077/ERR15118077/ERR15118077_1.fastq.gz;ftp.sra.ebi.ac.uk/vol1/fastq/ERR151/077/ERR15118077/ERR15118077_2.fastq.gz,"Create or complete the cryosection and required attachments, then add its microsamples"
P1,G,PRJEB86258,microsample,"microsample from a cryosection absent from the portal catalogue",G103bI301A033,G103bI301A,ERR15118062,SAMEA118557700,ERS24976898,G103bI301A033,M301085,G103bI301A033_L1,2025-06-15,https://www.ebi.ac.uk/ena/browser/view/ERR15118062,https://www.ebi.ac.uk/biosamples/samples/SAMEA118557700,ftp.sra.ebi.ac.uk/vol1/fastq/ERR151/062/ERR15118062/ERR15118062_1.fastq.gz;ftp.sra.ebi.ac.uk/vol1/fastq/ERR151/062/ERR15118062/ERR15118062_2.fastq.gz,"Create or complete the cryosection and required attachments, then add its microsamples"
P1,G,PRJEB86258,microsample,"microsample from a cryosection absent from the portal catalogue",G103bI301A034,G103bI301A,ERR15117944,SAMEA118557581,ERS24976779,G103bI301A034,M301086,G103bI301A034_L1,2025-06-15,https://www.ebi.ac.uk/ena/browser/view/ERR15117944,https://www.ebi.ac.uk/biosamples/samples/SAMEA118557581,ftp.sra.ebi.ac.uk/vol1/fastq/ERR151/044/ERR15117944/ERR15117944_1.fastq.gz;ftp.sra.ebi.ac.uk/vol1/fastq/ERR151/044/ERR15117944/ERR15117944_2.fastq.gz,"Create or complete the cryosection and required attachments, then add its microsamples"
P1,G,PRJEB86258,microsample,"microsample from a cryosection absent from the portal catalogue",G103bI301A035,G103bI301A,ERR15118030,SAMEA118557667,ERS24976865,G103bI301A035,M301087,G103bI301A035_L1,2025-06-15,https://www.ebi.ac.uk/ena/browser/view/ERR15118030,https://www.ebi.ac.uk/biosamples/samples/SAMEA118557667,ftp.sra.ebi.ac.uk/vol1/fastq/ERR151/030/ERR15118030/ERR15118030_1.fastq.gz;ftp.sra.ebi.ac.uk/vol1/fastq/ERR151/030/ERR15118030/ERR15118030_2.fastq.gz,"Create or complete the cryosection and required attachments, then add its microsamples"
P1,G,PRJEB86258,microsample,"microsample from a cryosection absent from the portal catalogue",G103bI301A036,G103bI301A,ERR15118048,SAMEA118557685,ERS24976883,G103bI301A036,M301089,G103bI301A036_L1,2025-06-15,https://www.ebi.ac.uk/ena/browser/view/ERR15118048,https://www.ebi.ac.uk/biosamples/samples/SAMEA118557685,ftp.sra.ebi.ac.uk/vol1/fastq/ERR151/048/ERR15118048/ERR15118048_1.fastq.gz;ftp.sra.ebi.ac.uk/vol1/fastq/ERR151/048/ERR15118048/ERR15118048_2.fastq.gz,"Create or complete the cryosection and required attachments, then add its microsamples"
P1,G,PRJEB86258,microsample,"microsample from a cryosection absent from the portal catalogue",G103bI301B001,G103bI301B,ERR15118099,SAMEA118557736,ERS24976934,G103bI301B001,M301139,G103bI301B001_L1,2025-06-15,https://www.ebi.ac.uk/ena/browser/view/ERR15118099,https://www.ebi.ac.uk/biosamples/samples/SAMEA118557736,ftp.sra.ebi.ac.uk/vol1/fastq/ERR151/099/ERR15118099/ERR15118099_1.fastq.gz;ftp.sra.ebi.ac.uk/vol1/fastq/ERR151/099/ERR15118099/ERR15118099_2.fastq.gz,"Create or complete the cryosection and required attachments, then add its microsamples"
P1,G,PRJEB86258,microsample,"microsample from a cryosection absent from the portal catalogue",G103bI301B002,G103bI301B,ERR15117970,SAMEA118557607,ERS24976805,G103bI301B002,M301140,G103bI301B002_L1,2025-06-15,https://www.ebi.ac.uk/ena/browser/view/ERR15117970,https://www.ebi.ac.uk/biosamples/samples/SAMEA118557607,ftp.sra.ebi.ac.uk/vol1/fastq/ERR151/070/ERR15117970/ERR15117970_1.fastq.gz;ftp.sra.ebi.ac.uk/vol1/fastq/ERR151/070/ERR15117970/ERR15117970_2.fastq.gz,"Create or complete the cryosection and required attachments, then add its microsamples"
P1,G,PRJEB86258,microsample,"microsample from a cryosection absent from the portal catalogue",G103bI301B003,G103bI301B,ERR15117983,SAMEA118557620,ERS24976818,G103bI301B003,M301141,G103bI301B003_L1,2025-06-15,https://www.ebi.ac.uk/ena/browser/view/ERR15117983,https://www.ebi.ac.uk/biosamples/samples/SAMEA118557620,ftp.sra.ebi.ac.uk/vol1/fastq/ERR151/083/ERR15117983/ERR15117983_1.fastq.gz;ftp.sra.ebi.ac.uk/vol1/fastq/ERR151/083/ERR15117983/ERR15117983_2.fastq.gz,"Create or complete the cryosection and required attachments, then add its microsamples"
P1,G,PRJEB86258,microsample,"microsample from a cryosection absent from the portal catalogue",G103bI301B004,G103bI301B,ERR15118028,SAMEA118557665,ERS24976863,G103bI301B004,M301142,G103bI301B004_L1,2025-06-15,https://www.ebi.ac.uk/ena/browser/view/ERR15118028,https://www.ebi.ac.uk/biosamples/samples/SAMEA118557665,ftp.sra.ebi.ac.uk/vol1/fastq/ERR151/028/ERR15118028/ERR15118028_1.fastq.gz;ftp.sra.ebi.ac.uk/vol1/fastq/ERR151/028/ERR15118028/ERR15118028_2.fastq.gz,"Create or complete the cryosection and required attachments, then add its microsamples"
P1,G,PRJEB86258,microsample,"microsample from a cryosection absent from the portal catalogue",G103bI301B005,G103bI301B,ERR15118104,SAMEA118557741,ERS24976939,G103bI301B005,M301143,G103bI301B005_L1,2025-06-15,https://www.ebi.ac.uk/ena/browser/view/ERR15118104,https://www.ebi.ac.uk/biosamples/samples/SAMEA118557741,ftp.sra.ebi.ac.uk/vol1/fastq/ERR151/004/ERR15118104/ERR15118104_1.fastq.gz;ftp.sra.ebi.ac.uk/vol1/fastq/ERR151/004/ERR15118104/ERR15118104_2.fastq.gz,"Create or complete the cryosection and required attachments, then add its microsamples"
P1,G,PRJEB86258,microsample,"microsample from a cryosection absent from the portal catalogue",G103bI301B006,G103bI301B,ERR15118103,SAMEA118557740,ERS24976938,G103bI301B006,M301144,G103bI301B006_L1,2025-06-15,https://www.ebi.ac.uk/ena/browser/view/ERR15118103,https://www.ebi.ac.uk/biosamples/samples/SAMEA118557740,ftp.sra.ebi.ac.uk/vol1/fastq/ERR151/003/ERR15118103/ERR15118103_1.fastq.gz;ftp.sra.ebi.ac.uk/vol1/fastq/ERR151/003/ERR15118103/ERR15118103_2.fastq.gz,"Create or complete the cryosection and required attachments, then add its microsamples"
P1,G,PRJEB86258,microsample,"microsample from a cryosection absent from the portal catalogue",G103bI301B007,G103bI301B,ERR15118090,SAMEA118557727,ERS24976925,G103bI301B007,M301146,G103bI301B007_L1,2025-06-15,https://www.ebi.ac.uk/ena/browser/view/ERR15118090,https://www.ebi.ac.uk/biosamples/samples/SAMEA118557727,ftp.sra.ebi.ac.uk/vol1/fastq/ERR151/090/ERR15118090/ERR15118090_1.fastq.gz;ftp.sra.ebi.ac.uk/vol1/fastq/ERR151/090/ERR15118090/ERR15118090_2.fastq.gz,"Create or complete the cryosection and required attachments, then add its microsamples"
P1,G,PRJEB86258,microsample,"microsample from a cryosection absent from the portal catalogue",G103bI301B008,G103bI301B,ERR15117931,SAMEA118557568,ERS24976766,G103bI301B008,M301148,G103bI301B008_L1,2025-06-15,https://www.ebi.ac.uk/ena/browser/view/ERR15117931,https://www.ebi.ac.uk/biosamples/samples/SAMEA118557568,ftp.sra.ebi.ac.uk/vol1/fastq/ERR151/031/ERR15117931/ERR15117931_1.fastq.gz;ftp.sra.ebi.ac.uk/vol1/fastq/ERR151/031/ERR15117931/ERR15117931_2.fastq.gz,"Create or complete the cryosection and required attachments, then add its microsamples"
P1,G,PRJEB86258,microsample,"microsample from a cryosection absent from the portal catalogue",G103bI301B009,G103bI301B,ERR15117940,SAMEA118557577,ERS24976775,G103bI301B009,M301149,G103bI301B009_L1,2025-06-15,https://www.ebi.ac.uk/ena/browser/view/ERR15117940,https://www.ebi.ac.uk/biosamples/samples/SAMEA118557577,ftp.sra.ebi.ac.uk/vol1/fastq/ERR151/040/ERR15117940/ERR15117940_1.fastq.gz;ftp.sra.ebi.ac.uk/vol1/fastq/ERR151/040/ERR15117940/ERR15117940_2.fastq.gz,"Create or complete the cryosection and required attachments, then add its microsamples"
P1,G,PRJEB86258,microsample,"microsample from a cryosection absent from the portal catalogue",G103bI301B010,G103bI301B,ERR15118036,SAMEA118557673,ERS24976871,G103bI301B010,M301151,G103bI301B010_L1,2025-06-15,https://www.ebi.ac.uk/ena/browser/view/ERR15118036,https://www.ebi.ac.uk/biosamples/samples/SAMEA118557673,ftp.sra.ebi.ac.uk/vol1/fastq/ERR151/036/ERR15118036/ERR15118036_1.fastq.gz;ftp.sra.ebi.ac.uk/vol1/fastq/ERR151/036/ERR15118036/ERR15118036_2.fastq.gz,"Create or complete the cryosection and required attachments, then add its microsamples"
P1,G,PRJEB86258,microsample,"microsample from a cryosection absent from the portal catalogue",G103bI301B011,G103bI301B,ERR15118088,SAMEA118557725,ERS24976923,G103bI301B011,M301152,G103bI301B011_L1,2025-06-15,https://www.ebi.ac.uk/ena/browser/view/ERR15118088,https://www.ebi.ac.uk/biosamples/samples/SAMEA118557725,ftp.sra.ebi.ac.uk/vol1/fastq/ERR151/088/ERR15118088/ERR15118088_1.fastq.gz;ftp.sra.ebi.ac.uk/vol1/fastq/ERR151/088/ERR15118088/ERR15118088_2.fastq.gz,"Create or complete the cryosection and required attachments, then add its microsamples"
P1,G,PRJEB86258,microsample,"microsample from a cryosection absent from the portal catalogue",G103bI301B012,G103bI301B,ERR15118072,SAMEA118557709,ERS24976907,G103bI301B012,M301153,G103bI301B012_L1,2025-06-15,https://www.ebi.ac.uk/ena/browser/view/ERR15118072,https://www.ebi.ac.uk/biosamples/samples/SAMEA118557709,ftp.sra.ebi.ac.uk/vol1/fastq/ERR151/072/ERR15118072/ERR15118072_1.fastq.gz;ftp.sra.ebi.ac.uk/vol1/fastq/ERR151/072/ERR15118072/ERR15118072_2.fastq.gz,"Create or complete the cryosection and required attachments, then add its microsamples"
P1,G,PRJEB86258,microsample,"microsample from a cryosection absent from the portal catalogue",G103bI301B013,G103bI301B,ERR15118093,SAMEA118557730,ERS24976928,G103bI301B013,M301154,G103bI301B013_L1,2025-06-15,https://www.ebi.ac.uk/ena/browser/view/ERR15118093,https://www.ebi.ac.uk/biosamples/samples/SAMEA118557730,ftp.sra.ebi.ac.uk/vol1/fastq/ERR151/093/ERR15118093/ERR15118093_1.fastq.gz;ftp.sra.ebi.ac.uk/vol1/fastq/ERR151/093/ERR15118093/ERR15118093_2.fastq.gz,"Create or complete the cryosection and required attachments, then add its microsamples"
P1,G,PRJEB86258,microsample,"microsample from a cryosection absent from the portal catalogue",G103bI301B014,G103bI301B,ERR15117920,SAMEA118557557,ERS24976755,G103bI301B014,M301155,G103bI301B014_L1,2025-06-15,https://www.ebi.ac.uk/ena/browser/view/ERR15117920,https://www.ebi.ac.uk/biosamples/samples/SAMEA118557557,ftp.sra.ebi.ac.uk/vol1/fastq/ERR151/020/ERR15117920/ERR15117920_1.fastq.gz;ftp.sra.ebi.ac.uk/vol1/fastq/ERR151/020/ERR15117920/ERR15117920_2.fastq.gz,"Create or complete the cryosection and required attachments, then add its microsamples"
P1,G,PRJEB86258,microsample,"microsample from a cryosection absent from the portal catalogue",G103bI301B015,G103bI301B,ERR15117971,SAMEA118557608,ERS24976806,G103bI301B015,M301157,G103bI301B015_L1,2025-06-15,https://www.ebi.ac.uk/ena/browser/view/ERR15117971,https://www.ebi.ac.uk/biosamples/samples/SAMEA118557608,ftp.sra.ebi.ac.uk/vol1/fastq/ERR151/071/ERR15117971/ERR15117971_1.fastq.gz;ftp.sra.ebi.ac.uk/vol1/fastq/ERR151/071/ERR15117971/ERR15117971_2.fastq.gz,"Create or complete the cryosection and required attachments, then add its microsamples"
P1,G,PRJEB86258,microsample,"microsample from a cryosection absent from the portal catalogue",G103bI301B016,G103bI301B,ERR15117978,SAMEA118557615,ERS24976813,G103bI301B016,M301158,G103bI301B016_L1,2025-06-15,https://www.ebi.ac.uk/ena/browser/view/ERR15117978,https://www.ebi.ac.uk/biosamples/samples/SAMEA118557615,ftp.sra.ebi.ac.uk/vol1/fastq/ERR151/078/ERR15117978/ERR15117978_1.fastq.gz;ftp.sra.ebi.ac.uk/vol1/fastq/ERR151/078/ERR15117978/ERR15117978_2.fastq.gz,"Create or complete the cryosection and required attachments, then add its microsamples"
P1,G,PRJEB86258,microsample,"microsample from a cryosection absent from the portal catalogue",G103bI301B017,G103bI301B,ERR15117976,SAMEA118557613,ERS24976811,G103bI301B017,M301159,G103bI301B017_L1,2025-06-15,https://www.ebi.ac.uk/ena/browser/view/ERR15117976,https://www.ebi.ac.uk/biosamples/samples/SAMEA118557613,ftp.sra.ebi.ac.uk/vol1/fastq/ERR151/076/ERR15117976/ERR15117976_1.fastq.gz;ftp.sra.ebi.ac.uk/vol1/fastq/ERR151/076/ERR15117976/ERR15117976_2.fastq.gz,"Create or complete the cryosection and required attachments, then add its microsamples"
P1,G,PRJEB86258,microsample,"microsample from a cryosection absent from the portal catalogue",G103bI301B018,G103bI301B,ERR15118053,SAMEA118557690,ERS24976888,G103bI301B018,M301161,G103bI301B018_L1,2025-06-15,https://www.ebi.ac.uk/ena/browser/view/ERR15118053,https://www.ebi.ac.uk/biosamples/samples/SAMEA118557690,ftp.sra.ebi.ac.uk/vol1/fastq/ERR151/053/ERR15118053/ERR15118053_1.fastq.gz;ftp.sra.ebi.ac.uk/vol1/fastq/ERR151/053/ERR15118053/ERR15118053_2.fastq.gz,"Create or complete the cryosection and required attachments, then add its microsamples"
P1,G,PRJEB86258,microsample,"microsample from a cryosection absent from the portal catalogue",G103bI301B019,G103bI301B,ERR15117973,SAMEA118557610,ERS24976808,G103bI301B019,M301162,G103bI301B019_L1,2025-06-15,https://www.ebi.ac.uk/ena/browser/view/ERR15117973,https://www.ebi.ac.uk/biosamples/samples/SAMEA118557610,ftp.sra.ebi.ac.uk/vol1/fastq/ERR151/073/ERR15117973/ERR15117973_1.fastq.gz;ftp.sra.ebi.ac.uk/vol1/fastq/ERR151/073/ERR15117973/ERR15117973_2.fastq.gz,"Create or complete the cryosection and required attachments, then add its microsamples"
P1,G,PRJEB86258,microsample,"microsample from a cryosection absent from the portal catalogue",G103bI301B020,G103bI301B,ERR15118050,SAMEA118557687,ERS24976885,G103bI301B020,M301163,G103bI301B020_L1,2025-06-15,https://www.ebi.ac.uk/ena/browser/view/ERR15118050,https://www.ebi.ac.uk/biosamples/samples/SAMEA118557687,ftp.sra.ebi.ac.uk/vol1/fastq/ERR151/050/ERR15118050/ERR15118050_1.fastq.gz;ftp.sra.ebi.ac.uk/vol1/fastq/ERR151/050/ERR15118050/ERR15118050_2.fastq.gz,"Create or complete the cryosection and required attachments, then add its microsamples"
P1,G,PRJEB86258,microsample,"microsample from a cryosection absent from the portal catalogue",G103bI301B021,G103bI301B,ERR15118086,SAMEA118557723,ERS24976921,G103bI301B021,M301164,G103bI301B021_L1,2025-06-15,https://www.ebi.ac.uk/ena/browser/view/ERR15118086,https://www.ebi.ac.uk/biosamples/samples/SAMEA118557723,ftp.sra.ebi.ac.uk/vol1/fastq/ERR151/086/ERR15118086/ERR15118086_1.fastq.gz;ftp.sra.ebi.ac.uk/vol1/fastq/ERR151/086/ERR15118086/ERR15118086_2.fastq.gz,"Create or complete the cryosection and required attachments, then add its microsamples"
P1,G,PRJEB86258,microsample,"microsample from a cryosection absent from the portal catalogue",G103bI301B022,G103bI301B,ERR15117947,SAMEA118557584,ERS24976782,G103bI301B022,M301166,G103bI301B022_L1,2025-06-15,https://www.ebi.ac.uk/ena/browser/view/ERR15117947,https://www.ebi.ac.uk/biosamples/samples/SAMEA118557584,ftp.sra.ebi.ac.uk/vol1/fastq/ERR151/047/ERR15117947/ERR15117947_1.fastq.gz;ftp.sra.ebi.ac.uk/vol1/fastq/ERR151/047/ERR15117947/ERR15117947_2.fastq.gz,"Create or complete the cryosection and required attachments, then add its microsamples"
P1,G,PRJEB86258,microsample,"microsample from a cryosection absent from the portal catalogue",G103bI301B023,G103bI301B,ERR15118069,SAMEA118557706,ERS24976904,G103bI301B023,M301168,G103bI301B023_L1,2025-06-15,https://www.ebi.ac.uk/ena/browser/view/ERR15118069,https://www.ebi.ac.uk/biosamples/samples/SAMEA118557706,ftp.sra.ebi.ac.uk/vol1/fastq/ERR151/069/ERR15118069/ERR15118069_1.fastq.gz;ftp.sra.ebi.ac.uk/vol1/fastq/ERR151/069/ERR15118069/ERR15118069_2.fastq.gz,"Create or complete the cryosection and required attachments, then add its microsamples"
P1,G,PRJEB86258,microsample,"microsample from a cryosection absent from the portal catalogue",G103bI301B024,G103bI301B,ERR15118087,SAMEA118557724,ERS24976922,G103bI301B024,M301169,G103bI301B024_L1,2025-06-15,https://www.ebi.ac.uk/ena/browser/view/ERR15118087,https://www.ebi.ac.uk/biosamples/samples/SAMEA118557724,ftp.sra.ebi.ac.uk/vol1/fastq/ERR151/087/ERR15118087/ERR15118087_1.fastq.gz;ftp.sra.ebi.ac.uk/vol1/fastq/ERR151/087/ERR15118087/ERR15118087_2.fastq.gz,"Create or complete the cryosection and required attachments, then add its microsamples"
P1,G,PRJEB86258,microsample,"microsample from a cryosection absent from the portal catalogue",G103bI301B025,G103bI301B,ERR15117951,SAMEA118557588,ERS24976786,G103bI301B025,M301170,G103bI301B025_L1,2025-06-15,https://www.ebi.ac.uk/ena/browser/view/ERR15117951,https://www.ebi.ac.uk/biosamples/samples/SAMEA118557588,ftp.sra.ebi.ac.uk/vol1/fastq/ERR151/051/ERR15117951/ERR15117951_1.fastq.gz;ftp.sra.ebi.ac.uk/vol1/fastq/ERR151/051/ERR15117951/ERR15117951_2.fastq.gz,"Create or complete the cryosection and required attachments, then add its microsamples"
P1,G,PRJEB86258,microsample,"microsample from a cryosection absent from the portal catalogue",G103bI301B026,G103bI301B,ERR15117934,SAMEA118557571,ERS24976769,G103bI301B026,M301171,G103bI301B026_L1,2025-06-15,https://www.ebi.ac.uk/ena/browser/view/ERR15117934,https://www.ebi.ac.uk/biosamples/samples/SAMEA118557571,ftp.sra.ebi.ac.uk/vol1/fastq/ERR151/034/ERR15117934/ERR15117934_1.fastq.gz;ftp.sra.ebi.ac.uk/vol1/fastq/ERR151/034/ERR15117934/ERR15117934_2.fastq.gz,"Create or complete the cryosection and required attachments, then add its microsamples"
P1,G,PRJEB86258,microsample,"microsample from a cryosection absent from the portal catalogue",G103bI301B027,G103bI301B,ERR15118054,SAMEA118557691,ERS24976889,G103bI301B027,M301172,G103bI301B027_L1,2025-06-15,https://www.ebi.ac.uk/ena/browser/view/ERR15118054,https://www.ebi.ac.uk/biosamples/samples/SAMEA118557691,ftp.sra.ebi.ac.uk/vol1/fastq/ERR151/054/ERR15118054/ERR15118054_1.fastq.gz;ftp.sra.ebi.ac.uk/vol1/fastq/ERR151/054/ERR15118054/ERR15118054_2.fastq.gz,"Create or complete the cryosection and required attachments, then add its microsamples"
P1,G,PRJEB86258,microsample,"microsample from a cryosection absent from the portal catalogue",G103bI301B028,G103bI301B,ERR15117988,SAMEA118557625,ERS24976823,G103bI301B028,M301173,G103bI301B028_L1,2025-06-15,https://www.ebi.ac.uk/ena/browser/view/ERR15117988,https://www.ebi.ac.uk/biosamples/samples/SAMEA118557625,ftp.sra.ebi.ac.uk/vol1/fastq/ERR151/088/ERR15117988/ERR15117988_1.fastq.gz;ftp.sra.ebi.ac.uk/vol1/fastq/ERR151/088/ERR15117988/ERR15117988_2.fastq.gz,"Create or complete the cryosection and required attachments, then add its microsamples"
P1,G,PRJEB86258,microsample,"microsample from a cryosection absent from the portal catalogue",G103bI301B029,G103bI301B,ERR15118035,SAMEA118557672,ERS24976870,G103bI301B029,M301175,G103bI301B029_L1,2025-06-15,https://www.ebi.ac.uk/ena/browser/view/ERR15118035,https://www.ebi.ac.uk/biosamples/samples/SAMEA118557672,ftp.sra.ebi.ac.uk/vol1/fastq/ERR151/035/ERR15118035/ERR15118035_1.fastq.gz;ftp.sra.ebi.ac.uk/vol1/fastq/ERR151/035/ERR15118035/ERR15118035_2.fastq.gz,"Create or complete the cryosection and required attachments, then add its microsamples"
P1,G,PRJEB86258,microsample,"microsample from a cryosection absent from the portal catalogue",G103bI301B030,G103bI301B,ERR15117992,SAMEA118557628,ERS24976826,G103bI301B030,M301177,G103bI301B030_L1,2025-06-15,https://www.ebi.ac.uk/ena/browser/view/ERR15117992,https://www.ebi.ac.uk/biosamples/samples/SAMEA118557628,ftp.sra.ebi.ac.uk/vol1/fastq/ERR151/092/ERR15117992/ERR15117992_1.fastq.gz;ftp.sra.ebi.ac.uk/vol1/fastq/ERR151/092/ERR15117992/ERR15117992_2.fastq.gz,"Create or complete the cryosection and required attachments, then add its microsamples"
P1,G,PRJEB86258,microsample,"microsample from a cryosection absent from the portal catalogue",G103bI301B031,G103bI301B,ERR15117961,SAMEA118557598,ERS24976796,G103bI301B031,M301178,G103bI301B031_L1,2025-06-15,https://www.ebi.ac.uk/ena/browser/view/ERR15117961,https://www.ebi.ac.uk/biosamples/samples/SAMEA118557598,ftp.sra.ebi.ac.uk/vol1/fastq/ERR151/061/ERR15117961/ERR15117961_1.fastq.gz;ftp.sra.ebi.ac.uk/vol1/fastq/ERR151/061/ERR15117961/ERR15117961_2.fastq.gz,"Create or complete the cryosection and required attachments, then add its microsamples"
P1,G,PRJEB86258,microsample,"microsample from a cryosection absent from the portal catalogue",G103bI301B032,G103bI301B,ERR15118070,SAMEA118557707,ERS24976905,G103bI301B032,M301179,G103bI301B032_L1,2025-06-15,https://www.ebi.ac.uk/ena/browser/view/ERR15118070,https://www.ebi.ac.uk/biosamples/samples/SAMEA118557707,ftp.sra.ebi.ac.uk/vol1/fastq/ERR151/070/ERR15118070/ERR15118070_1.fastq.gz;ftp.sra.ebi.ac.uk/vol1/fastq/ERR151/070/ERR15118070/ERR15118070_2.fastq.gz,"Create or complete the cryosection and required attachments, then add its microsamples"
P1,G,PRJEB86258,microsample,"microsample from a cryosection absent from the portal catalogue",G103bI301B033,G103bI301B,ERR15118091,SAMEA118557728,ERS24976926,G103bI301B033,M301181,G103bI301B033_L1,2025-06-15,https://www.ebi.ac.uk/ena/browser/view/ERR15118091,https://www.ebi.ac.uk/biosamples/samples/SAMEA118557728,ftp.sra.ebi.ac.uk/vol1/fastq/ERR151/091/ERR15118091/ERR15118091_1.fastq.gz;ftp.sra.ebi.ac.uk/vol1/fastq/ERR151/091/ERR15118091/ERR15118091_2.fastq.gz,"Create or complete the cryosection and required attachments, then add its microsamples"
P1,G,PRJEB86258,microsample,"microsample from a cryosection absent from the portal catalogue",G103bI301B034,G103bI301B,ERR15118075,SAMEA118557712,ERS24976910,G103bI301B034,M301182,G103bI301B034_L1,2025-06-15,https://www.ebi.ac.uk/ena/browser/view/ERR15118075,https://www.ebi.ac.uk/biosamples/samples/SAMEA118557712,ftp.sra.ebi.ac.uk/vol1/fastq/ERR151/075/ERR15118075/ERR15118075_1.fastq.gz;ftp.sra.ebi.ac.uk/vol1/fastq/ERR151/075/ERR15118075/ERR15118075_2.fastq.gz,"Create or complete the cryosection and required attachments, then add its microsamples"
P1,G,PRJEB86258,microsample,"microsample from a cryosection absent from the portal catalogue",G103bI301B035,G103bI301B,ERR15118105,SAMEA118557742,ERS24976940,G103bI301B035,M301184,G103bI301B035_L1,2025-06-15,https://www.ebi.ac.uk/ena/browser/view/ERR15118105,https://www.ebi.ac.uk/biosamples/samples/SAMEA118557742,ftp.sra.ebi.ac.uk/vol1/fastq/ERR151/005/ERR15118105/ERR15118105_1.fastq.gz;ftp.sra.ebi.ac.uk/vol1/fastq/ERR151/005/ERR15118105/ERR15118105_2.fastq.gz,"Create or complete the cryosection and required attachments, then add its microsamples"
P1,G,PRJEB86258,microsample,"microsample from a cryosection absent from the portal catalogue",G103bI301B036,G103bI301B,ERR15117965,SAMEA118557602,ERS24976800,G103bI301B036,M301185,G103bI301B036_L1,2025-06-15,https://www.ebi.ac.uk/ena/browser/view/ERR15117965,https://www.ebi.ac.uk/biosamples/samples/SAMEA118557602,ftp.sra.ebi.ac.uk/vol1/fastq/ERR151/065/ERR15117965/ERR15117965_1.fastq.gz;ftp.sra.ebi.ac.uk/vol1/fastq/ERR151/065/ERR15117965/ERR15117965_2.fastq.gz,"Create or complete the cryosection and required attachments, then add its microsamples"
P1,G,PRJEB86258,microsample,"microsample from a cryosection absent from the portal catalogue",G103bO201A001,G103bO201A,ERR15562951,SAMEA120137413,ERS26794872,G103bO201A001,M301234,G103bO201A001_L1,2025-09-13,https://www.ebi.ac.uk/ena/browser/view/ERR15562951,https://www.ebi.ac.uk/biosamples/samples/SAMEA120137413,ftp.sra.ebi.ac.uk/vol1/fastq/ERR155/051/ERR15562951/ERR15562951_1.fastq.gz;ftp.sra.ebi.ac.uk/vol1/fastq/ERR155/051/ERR15562951/ERR15562951_2.fastq.gz,"Create or complete the cryosection and required attachments, then add its microsamples"
P1,G,PRJEB86258,microsample,"microsample from a cryosection absent from the portal catalogue",G103bO201A002,G103bO201A,ERR15563113,SAMEA120137575,ERS26795034,G103bO201A002,M301235,G103bO201A002_L1,2025-09-17,https://www.ebi.ac.uk/ena/browser/view/ERR15563113,https://www.ebi.ac.uk/biosamples/samples/SAMEA120137575,ftp.sra.ebi.ac.uk/vol1/fastq/ERR155/013/ERR15563113/ERR15563113_1.fastq.gz;ftp.sra.ebi.ac.uk/vol1/fastq/ERR155/013/ERR15563113/ERR15563113_2.fastq.gz,"Create or complete the cryosection and required attachments, then add its microsamples"
P1,G,PRJEB86258,microsample,"microsample from a cryosection absent from the portal catalogue",G103bO201A003,G103bO201A,ERR15562954,SAMEA120137416,ERS26794875,G103bO201A003,M301236,G103bO201A003_L1,2025-09-17,https://www.ebi.ac.uk/ena/browser/view/ERR15562954,https://www.ebi.ac.uk/biosamples/samples/SAMEA120137416,ftp.sra.ebi.ac.uk/vol1/fastq/ERR155/054/ERR15562954/ERR15562954_1.fastq.gz;ftp.sra.ebi.ac.uk/vol1/fastq/ERR155/054/ERR15562954/ERR15562954_2.fastq.gz,"Create or complete the cryosection and required attachments, then add its microsamples"
P1,G,PRJEB86258,microsample,"microsample from a cryosection absent from the portal catalogue",G103bO201A004,G103bO201A,ERR15563148,SAMEA120137610,ERS26795069,G103bO201A004,M301237,G103bO201A004_L1,2025-09-17,https://www.ebi.ac.uk/ena/browser/view/ERR15563148,https://www.ebi.ac.uk/biosamples/samples/SAMEA120137610,ftp.sra.ebi.ac.uk/vol1/fastq/ERR155/048/ERR15563148/ERR15563148_1.fastq.gz;ftp.sra.ebi.ac.uk/vol1/fastq/ERR155/048/ERR15563148/ERR15563148_2.fastq.gz,"Create or complete the cryosection and required attachments, then add its microsamples"
P1,G,PRJEB86258,microsample,"microsample from a cryosection absent from the portal catalogue",G103bO201A005,G103bO201A,ERR15562955,SAMEA120137417,ERS26794876,G103bO201A005,M301238,G103bO201A005_L1,2025-09-13,https://www.ebi.ac.uk/ena/browser/view/ERR15562955,https://www.ebi.ac.uk/biosamples/samples/SAMEA120137417,ftp.sra.ebi.ac.uk/vol1/fastq/ERR155/055/ERR15562955/ERR15562955_1.fastq.gz;ftp.sra.ebi.ac.uk/vol1/fastq/ERR155/055/ERR15562955/ERR15562955_2.fastq.gz,"Create or complete the cryosection and required attachments, then add its microsamples"
P1,G,PRJEB86258,microsample,"microsample from a cryosection absent from the portal catalogue",G103bO201A006,G103bO201A,ERR15563212,SAMEA120137674,ERS26795133,G103bO201A006,M301240,G103bO201A006_L1,2025-09-13,https://www.ebi.ac.uk/ena/browser/view/ERR15563212,https://www.ebi.ac.uk/biosamples/samples/SAMEA120137674,ftp.sra.ebi.ac.uk/vol1/fastq/ERR155/012/ERR15563212/ERR15563212_1.fastq.gz;ftp.sra.ebi.ac.uk/vol1/fastq/ERR155/012/ERR15563212/ERR15563212_2.fastq.gz,"Create or complete the cryosection and required attachments, then add its microsamples"
P1,G,PRJEB86258,microsample,"microsample from a cryosection absent from the portal catalogue",G103bO201A007,G103bO201A,ERR15563299,SAMEA120137761,ERS26795220,G103bO201A007,M301242,G103bO201A007_L1,2025-09-17,https://www.ebi.ac.uk/ena/browser/view/ERR15563299,https://www.ebi.ac.uk/biosamples/samples/SAMEA120137761,ftp.sra.ebi.ac.uk/vol1/fastq/ERR155/099/ERR15563299/ERR15563299_1.fastq.gz;ftp.sra.ebi.ac.uk/vol1/fastq/ERR155/099/ERR15563299/ERR15563299_2.fastq.gz,"Create or complete the cryosection and required attachments, then add its microsamples"
P1,G,PRJEB86258,microsample,"microsample from a cryosection absent from the portal catalogue",G103bO201A008,G103bO201A,ERR15562956,SAMEA120137418,ERS26794877,G103bO201A008,M301243,G103bO201A008_L1,2025-09-13,https://www.ebi.ac.uk/ena/browser/view/ERR15562956,https://www.ebi.ac.uk/biosamples/samples/SAMEA120137418,ftp.sra.ebi.ac.uk/vol1/fastq/ERR155/056/ERR15562956/ERR15562956_1.fastq.gz;ftp.sra.ebi.ac.uk/vol1/fastq/ERR155/056/ERR15562956/ERR15562956_2.fastq.gz,"Create or complete the cryosection and required attachments, then add its microsamples"
P1,G,PRJEB86258,microsample,"microsample from a cryosection absent from the portal catalogue",G103bO201A009,G103bO201A,ERR15563223,SAMEA120137685,ERS26795144,G103bO201A009,M301245,G103bO201A009_L1,2025-09-17,https://www.ebi.ac.uk/ena/browser/view/ERR15563223,https://www.ebi.ac.uk/biosamples/samples/SAMEA120137685,ftp.sra.ebi.ac.uk/vol1/fastq/ERR155/023/ERR15563223/ERR15563223_1.fastq.gz;ftp.sra.ebi.ac.uk/vol1/fastq/ERR155/023/ERR15563223/ERR15563223_2.fastq.gz,"Create or complete the cryosection and required attachments, then add its microsamples"
P1,G,PRJEB86258,microsample,"microsample from a cryosection absent from the portal catalogue",G103bO201A010,G103bO201A,ERR15563250,SAMEA120137712,ERS26795171,G103bO201A010,M301247,G103bO201A010_L1,2025-09-17,https://www.ebi.ac.uk/ena/browser/view/ERR15563250,https://www.ebi.ac.uk/biosamples/samples/SAMEA120137712,ftp.sra.ebi.ac.uk/vol1/fastq/ERR155/050/ERR15563250/ERR15563250_1.fastq.gz;ftp.sra.ebi.ac.uk/vol1/fastq/ERR155/050/ERR15563250/ERR15563250_2.fastq.gz,"Create or complete the cryosection and required attachments, then add its microsamples"
P1,G,PRJEB86258,microsample,"microsample from a cryosection absent from the portal catalogue",G103bO201A011,G103bO201A,ERR15563227,SAMEA120137689,ERS26795148,G103bO201A011,M301248,G103bO201A011_L1,2025-09-13,https://www.ebi.ac.uk/ena/browser/view/ERR15563227,https://www.ebi.ac.uk/biosamples/samples/SAMEA120137689,ftp.sra.ebi.ac.uk/vol1/fastq/ERR155/027/ERR15563227/ERR15563227_1.fastq.gz;ftp.sra.ebi.ac.uk/vol1/fastq/ERR155/027/ERR15563227/ERR15563227_2.fastq.gz,"Create or complete the cryosection and required attachments, then add its microsamples"
P1,G,PRJEB86258,microsample,"microsample from a cryosection absent from the portal catalogue",G103bO201A012,G103bO201A,ERR15563198,SAMEA120137660,ERS26795119,G103bO201A012,M301249,G103bO201A012_L1,2025-09-17,https://www.ebi.ac.uk/ena/browser/view/ERR15563198,https://www.ebi.ac.uk/biosamples/samples/SAMEA120137660,ftp.sra.ebi.ac.uk/vol1/fastq/ERR155/098/ERR15563198/ERR15563198_1.fastq.gz;ftp.sra.ebi.ac.uk/vol1/fastq/ERR155/098/ERR15563198/ERR15563198_2.fastq.gz,"Create or complete the cryosection and required attachments, then add its microsamples"
P1,G,PRJEB86258,microsample,"microsample from a cryosection absent from the portal catalogue",G103bO201B001,G103bO201B,ERR15562958,SAMEA120137419,ERS26794878,G103bO201B001,M301250,G103bO201B001_L1,2025-09-13,https://www.ebi.ac.uk/ena/browser/view/ERR15562958,https://www.ebi.ac.uk/biosamples/samples/SAMEA120137419,ftp.sra.ebi.ac.uk/vol1/fastq/ERR155/058/ERR15562958/ERR15562958_1.fastq.gz;ftp.sra.ebi.ac.uk/vol1/fastq/ERR155/058/ERR15562958/ERR15562958_2.fastq.gz,"Create or complete the cryosection and required attachments, then add its microsamples"
P1,G,PRJEB86258,microsample,"microsample from a cryosection absent from the portal catalogue",G103bO201B002,G103bO201B,ERR15563222,SAMEA120137684,ERS26795143,G103bO201B002,M301251,G103bO201B002_L1,2025-09-13,https://www.ebi.ac.uk/ena/browser/view/ERR15563222,https://www.ebi.ac.uk/biosamples/samples/SAMEA120137684,ftp.sra.ebi.ac.uk/vol1/fastq/ERR155/022/ERR15563222/ERR15563222_1.fastq.gz;ftp.sra.ebi.ac.uk/vol1/fastq/ERR155/022/ERR15563222/ERR15563222_2.fastq.gz,"Create or complete the cryosection and required attachments, then add its microsamples"
P1,G,PRJEB86258,microsample,"microsample from a cryosection absent from the portal catalogue",G103bO201B003,G103bO201B,ERR15563300,SAMEA120137762,ERS26795221,G103bO201B003,M301252,G103bO201B003_L1,2025-09-17,https://www.ebi.ac.uk/ena/browser/view/ERR15563300,https://www.ebi.ac.uk/biosamples/samples/SAMEA120137762,ftp.sra.ebi.ac.uk/vol1/fastq/ERR155/000/ERR15563300/ERR15563300_1.fastq.gz;ftp.sra.ebi.ac.uk/vol1/fastq/ERR155/000/ERR15563300/ERR15563300_2.fastq.gz,"Create or complete the cryosection and required attachments, then add its microsamples"
P1,G,PRJEB86258,microsample,"microsample from a cryosection absent from the portal catalogue",G103bO201B004,G103bO201B,ERR15563244,SAMEA120137706,ERS26795165,G103bO201B004,M301254,G103bO201B004_L1,2025-09-13,https://www.ebi.ac.uk/ena/browser/view/ERR15563244,https://www.ebi.ac.uk/biosamples/samples/SAMEA120137706,ftp.sra.ebi.ac.uk/vol1/fastq/ERR155/044/ERR15563244/ERR15563244_1.fastq.gz;ftp.sra.ebi.ac.uk/vol1/fastq/ERR155/044/ERR15563244/ERR15563244_2.fastq.gz,"Create or complete the cryosection and required attachments, then add its microsamples"
P1,G,PRJEB86258,microsample,"microsample from a cryosection absent from the portal catalogue",G103bO201B005,G103bO201B,ERR15563276,SAMEA120137738,ERS26795197,G103bO201B005,M301255,G103bO201B005_L1,2025-09-13,https://www.ebi.ac.uk/ena/browser/view/ERR15563276,https://www.ebi.ac.uk/biosamples/samples/SAMEA120137738,ftp.sra.ebi.ac.uk/vol1/fastq/ERR155/076/ERR15563276/ERR15563276_1.fastq.gz;ftp.sra.ebi.ac.uk/vol1/fastq/ERR155/076/ERR15563276/ERR15563276_2.fastq.gz,"Create or complete the cryosection and required attachments, then add its microsamples"
P1,G,PRJEB86258,microsample,"microsample from a cryosection absent from the portal catalogue",G103bO201B006,G103bO201B,ERR15563319,SAMEA120137781,ERS26795240,G103bO201B006,M301256,G103bO201B006_L1,2025-09-13,https://www.ebi.ac.uk/ena/browser/view/ERR15563319,https://www.ebi.ac.uk/biosamples/samples/SAMEA120137781,ftp.sra.ebi.ac.uk/vol1/fastq/ERR155/019/ERR15563319/ERR15563319_1.fastq.gz;ftp.sra.ebi.ac.uk/vol1/fastq/ERR155/019/ERR15563319/ERR15563319_2.fastq.gz,"Create or complete the cryosection and required attachments, then add its microsamples"
P1,G,PRJEB86258,microsample,"microsample from a cryosection absent from the portal catalogue",G103bO201B007,G103bO201B,ERR15563184,SAMEA120137646,ERS26795105,G103bO201B007,M301258,G103bO201B007_L1,2025-09-17,https://www.ebi.ac.uk/ena/browser/view/ERR15563184,https://www.ebi.ac.uk/biosamples/samples/SAMEA120137646,ftp.sra.ebi.ac.uk/vol1/fastq/ERR155/084/ERR15563184/ERR15563184_1.fastq.gz;ftp.sra.ebi.ac.uk/vol1/fastq/ERR155/084/ERR15563184/ERR15563184_2.fastq.gz,"Create or complete the cryosection and required attachments, then add its microsamples"
P1,G,PRJEB86258,microsample,"microsample from a cryosection absent from the portal catalogue",G103bO201B008,G103bO201B,ERR15562995,SAMEA120137457,ERS26794916,G103bO201B008,M301261,G103bO201B008_L1,2025-09-13,https://www.ebi.ac.uk/ena/browser/view/ERR15562995,https://www.ebi.ac.uk/biosamples/samples/SAMEA120137457,ftp.sra.ebi.ac.uk/vol1/fastq/ERR155/095/ERR15562995/ERR15562995_1.fastq.gz;ftp.sra.ebi.ac.uk/vol1/fastq/ERR155/095/ERR15562995/ERR15562995_2.fastq.gz,"Create or complete the cryosection and required attachments, then add its microsamples"
P1,G,PRJEB86258,microsample,"microsample from a cryosection absent from the portal catalogue",G103bO201B009,G103bO201B,ERR15563087,SAMEA120137549,ERS26795008,G103bO201B009,M301262,G103bO201B009_L1,2025-09-17,https://www.ebi.ac.uk/ena/browser/view/ERR15563087,https://www.ebi.ac.uk/biosamples/samples/SAMEA120137549,ftp.sra.ebi.ac.uk/vol1/fastq/ERR155/087/ERR15563087/ERR15563087_1.fastq.gz;ftp.sra.ebi.ac.uk/vol1/fastq/ERR155/087/ERR15563087/ERR15563087_2.fastq.gz,"Create or complete the cryosection and required attachments, then add its microsamples"
P1,G,PRJEB86258,microsample,"microsample from a cryosection absent from the portal catalogue",G103bO201B010,G103bO201B,ERR15563197,SAMEA120137659,ERS26795118,G103bO201B010,M301263,G103bO201B010_L1,2025-09-13,https://www.ebi.ac.uk/ena/browser/view/ERR15563197,https://www.ebi.ac.uk/biosamples/samples/SAMEA120137659,ftp.sra.ebi.ac.uk/vol1/fastq/ERR155/097/ERR15563197/ERR15563197_1.fastq.gz;ftp.sra.ebi.ac.uk/vol1/fastq/ERR155/097/ERR15563197/ERR15563197_2.fastq.gz,"Create or complete the cryosection and required attachments, then add its microsamples"
P1,G,PRJEB86258,microsample,"microsample from a cryosection absent from the portal catalogue",G103bO201B011,G103bO201B,ERR15562938,SAMEA120137401,ERS26794860,G103bO201B011,M301264,G103bO201B011_L1,2025-09-13,https://www.ebi.ac.uk/ena/browser/view/ERR15562938,https://www.ebi.ac.uk/biosamples/samples/SAMEA120137401,ftp.sra.ebi.ac.uk/vol1/fastq/ERR155/038/ERR15562938/ERR15562938_1.fastq.gz;ftp.sra.ebi.ac.uk/vol1/fastq/ERR155/038/ERR15562938/ERR15562938_2.fastq.gz,"Create or complete the cryosection and required attachments, then add its microsamples"
P1,G,PRJEB86258,microsample,"microsample from a cryosection absent from the portal catalogue",G103bO201B012,G103bO201B,ERR15563114,SAMEA120137576,ERS26795035,G103bO201B012,M301265,G103bO201B012_L1,2025-09-13,https://www.ebi.ac.uk/ena/browser/view/ERR15563114,https://www.ebi.ac.uk/biosamples/samples/SAMEA120137576,ftp.sra.ebi.ac.uk/vol1/fastq/ERR155/014/ERR15563114/ERR15563114_1.fastq.gz;ftp.sra.ebi.ac.uk/vol1/fastq/ERR155/014/ERR15563114/ERR15563114_2.fastq.gz,"Create or complete the cryosection and required attachments, then add its microsamples"
P1,G,PRJEB86258,microsample,"microsample from a cryosection absent from the portal catalogue",G103bO201C001,G103bO201C,ERR15562966,SAMEA120137428,ERS26794887,G103bO201C001,M301266,G103bO201C001_L1,2025-09-13,https://www.ebi.ac.uk/ena/browser/view/ERR15562966,https://www.ebi.ac.uk/biosamples/samples/SAMEA120137428,ftp.sra.ebi.ac.uk/vol1/fastq/ERR155/066/ERR15562966/ERR15562966_1.fastq.gz;ftp.sra.ebi.ac.uk/vol1/fastq/ERR155/066/ERR15562966/ERR15562966_2.fastq.gz,"Create or complete the cryosection and required attachments, then add its microsamples"
P1,G,PRJEB86258,microsample,"microsample from a cryosection absent from the portal catalogue",G103bO201C002,G103bO201C,ERR15563155,SAMEA120137617,ERS26795076,G103bO201C002,M301267,G103bO201C002_L1,2025-09-13,https://www.ebi.ac.uk/ena/browser/view/ERR15563155,https://www.ebi.ac.uk/biosamples/samples/SAMEA120137617,ftp.sra.ebi.ac.uk/vol1/fastq/ERR155/055/ERR15563155/ERR15563155_1.fastq.gz;ftp.sra.ebi.ac.uk/vol1/fastq/ERR155/055/ERR15563155/ERR15563155_2.fastq.gz,"Create or complete the cryosection and required attachments, then add its microsamples"
P1,G,PRJEB86258,microsample,"microsample from a cryosection absent from the portal catalogue",G103bO201C003,G103bO201C,ERR15563291,SAMEA120137753,ERS26795212,G103bO201C003,M301268,G103bO201C003_L1,2025-09-13,https://www.ebi.ac.uk/ena/browser/view/ERR15563291,https://www.ebi.ac.uk/biosamples/samples/SAMEA120137753,ftp.sra.ebi.ac.uk/vol1/fastq/ERR155/091/ERR15563291/ERR15563291_1.fastq.gz;ftp.sra.ebi.ac.uk/vol1/fastq/ERR155/091/ERR15563291/ERR15563291_2.fastq.gz,"Create or complete the cryosection and required attachments, then add its microsamples"
P1,G,PRJEB86258,microsample,"microsample from a cryosection absent from the portal catalogue",G103bO201C004,G103bO201C,ERR15563320,SAMEA120137782,ERS26795241,G103bO201C004,M301270,G103bO201C004_L1,2025-09-17,https://www.ebi.ac.uk/ena/browser/view/ERR15563320,https://www.ebi.ac.uk/biosamples/samples/SAMEA120137782,ftp.sra.ebi.ac.uk/vol1/fastq/ERR155/020/ERR15563320/ERR15563320_1.fastq.gz;ftp.sra.ebi.ac.uk/vol1/fastq/ERR155/020/ERR15563320/ERR15563320_2.fastq.gz,"Create or complete the cryosection and required attachments, then add its microsamples"
P1,G,PRJEB86258,microsample,"microsample from a cryosection absent from the portal catalogue",G103bO201C005,G103bO201C,ERR15563292,SAMEA120137754,ERS26795213,G103bO201C005,M301271,G103bO201C005_L1,2025-09-13,https://www.ebi.ac.uk/ena/browser/view/ERR15563292,https://www.ebi.ac.uk/biosamples/samples/SAMEA120137754,ftp.sra.ebi.ac.uk/vol1/fastq/ERR155/092/ERR15563292/ERR15563292_1.fastq.gz;ftp.sra.ebi.ac.uk/vol1/fastq/ERR155/092/ERR15563292/ERR15563292_2.fastq.gz,"Create or complete the cryosection and required attachments, then add its microsamples"
P1,G,PRJEB86258,microsample,"microsample from a cryosection absent from the portal catalogue",G103bO201C006,G103bO201C,ERR15562941,SAMEA120137403,ERS26794863,G103bO201C006,M301273,G103bO201C006_L1,2025-09-17,https://www.ebi.ac.uk/ena/browser/view/ERR15562941,https://www.ebi.ac.uk/biosamples/samples/SAMEA120137403,ftp.sra.ebi.ac.uk/vol1/fastq/ERR155/041/ERR15562941/ERR15562941_1.fastq.gz;ftp.sra.ebi.ac.uk/vol1/fastq/ERR155/041/ERR15562941/ERR15562941_2.fastq.gz,"Create or complete the cryosection and required attachments, then add its microsamples"
P1,G,PRJEB86258,microsample,"microsample from a cryosection absent from the portal catalogue",G103bO201C007,G103bO201C,ERR15563086,SAMEA120137548,ERS26795007,G103bO201C007,M301275,G103bO201C007_L1,2025-09-13,https://www.ebi.ac.uk/ena/browser/view/ERR15563086,https://www.ebi.ac.uk/biosamples/samples/SAMEA120137548,ftp.sra.ebi.ac.uk/vol1/fastq/ERR155/086/ERR15563086/ERR15563086_1.fastq.gz;ftp.sra.ebi.ac.uk/vol1/fastq/ERR155/086/ERR15563086/ERR15563086_2.fastq.gz,"Create or complete the cryosection and required attachments, then add its microsamples"
P1,G,PRJEB86258,microsample,"microsample from a cryosection absent from the portal catalogue",G103bO201C008,G103bO201C,ERR15563275,SAMEA120137737,ERS26795196,G103bO201C008,M301276,G103bO201C008_L1,2025-09-17,https://www.ebi.ac.uk/ena/browser/view/ERR15563275,https://www.ebi.ac.uk/biosamples/samples/SAMEA120137737,ftp.sra.ebi.ac.uk/vol1/fastq/ERR155/075/ERR15563275/ERR15563275_1.fastq.gz;ftp.sra.ebi.ac.uk/vol1/fastq/ERR155/075/ERR15563275/ERR15563275_2.fastq.gz,"Create or complete the cryosection and required attachments, then add its microsamples"
P1,G,PRJEB86258,microsample,"microsample from a cryosection absent from the portal catalogue",G103bO201C009,G103bO201C,ERR15563252,SAMEA120137714,ERS26795173,G103bO201C009,M301277,G103bO201C009_L1,2025-09-17,https://www.ebi.ac.uk/ena/browser/view/ERR15563252,https://www.ebi.ac.uk/biosamples/samples/SAMEA120137714,ftp.sra.ebi.ac.uk/vol1/fastq/ERR155/052/ERR15563252/ERR15563252_1.fastq.gz;ftp.sra.ebi.ac.uk/vol1/fastq/ERR155/052/ERR15563252/ERR15563252_2.fastq.gz,"Create or complete the cryosection and required attachments, then add its microsamples"
P1,G,PRJEB86258,microsample,"microsample from a cryosection absent from the portal catalogue",G103bO201C010,G103bO201C,ERR15563126,SAMEA120137588,ERS26795047,G103bO201C010,M301278,G103bO201C010_L1,2025-09-17,https://www.ebi.ac.uk/ena/browser/view/ERR15563126,https://www.ebi.ac.uk/biosamples/samples/SAMEA120137588,ftp.sra.ebi.ac.uk/vol1/fastq/ERR155/026/ERR15563126/ERR15563126_1.fastq.gz;ftp.sra.ebi.ac.uk/vol1/fastq/ERR155/026/ERR15563126/ERR15563126_2.fastq.gz,"Create or complete the cryosection and required attachments, then add its microsamples"
P1,G,PRJEB86258,microsample,"microsample from a cryosection absent from the portal catalogue",G103bO201C011,G103bO201C,ERR15562990,SAMEA120137452,ERS26794911,G103bO201C011,M301280,G103bO201C011_L1,2025-09-17,https://www.ebi.ac.uk/ena/browser/view/ERR15562990,https://www.ebi.ac.uk/biosamples/samples/SAMEA120137452,ftp.sra.ebi.ac.uk/vol1/fastq/ERR155/090/ERR15562990/ERR15562990_1.fastq.gz;ftp.sra.ebi.ac.uk/vol1/fastq/ERR155/090/ERR15562990/ERR15562990_2.fastq.gz,"Create or complete the cryosection and required attachments, then add its microsamples"
P1,G,PRJEB86258,microsample,"microsample from a cryosection absent from the portal catalogue",G103bO201C012,G103bO201C,ERR15563303,SAMEA120137765,ERS26795224,G103bO201C012,M301281,G103bO201C012_L1,2025-09-13,https://www.ebi.ac.uk/ena/browser/view/ERR15563303,https://www.ebi.ac.uk/biosamples/samples/SAMEA120137765,ftp.sra.ebi.ac.uk/vol1/fastq/ERR155/003/ERR15563303/ERR15563303_1.fastq.gz;ftp.sra.ebi.ac.uk/vol1/fastq/ERR155/003/ERR15563303/ERR15563303_2.fastq.gz,"Create or complete the cryosection and required attachments, then add its microsamples"
P1,G,PRJEB86258,microsample,"microsample from a cryosection absent from the portal catalogue",G103bO202A001,G103bO202A,ERR15563207,SAMEA120137669,ERS26795128,G103bO202A001,M301330,G103bO202A001_L1,2025-09-17,https://www.ebi.ac.uk/ena/browser/view/ERR15563207,https://www.ebi.ac.uk/biosamples/samples/SAMEA120137669,ftp.sra.ebi.ac.uk/vol1/fastq/ERR155/007/ERR15563207/ERR15563207_1.fastq.gz;ftp.sra.ebi.ac.uk/vol1/fastq/ERR155/007/ERR15563207/ERR15563207_2.fastq.gz,"Create or complete the cryosection and required attachments, then add its microsamples"
P1,G,PRJEB86258,microsample,"microsample from a cryosection absent from the portal catalogue",G103bO202A002,G103bO202A,ERR15563231,SAMEA120137693,ERS26795152,G103bO202A002,M301332,G103bO202A002_L1,2025-09-17,https://www.ebi.ac.uk/ena/browser/view/ERR15563231,https://www.ebi.ac.uk/biosamples/samples/SAMEA120137693,ftp.sra.ebi.ac.uk/vol1/fastq/ERR155/031/ERR15563231/ERR15563231_1.fastq.gz;ftp.sra.ebi.ac.uk/vol1/fastq/ERR155/031/ERR15563231/ERR15563231_2.fastq.gz,"Create or complete the cryosection and required attachments, then add its microsamples"
P1,G,PRJEB86258,microsample,"microsample from a cryosection absent from the portal catalogue",G103bO202A003,G103bO202A,ERR15563162,SAMEA120137624,ERS26795083,G103bO202A003,M301334,G103bO202A003_L1,2025-09-13,https://www.ebi.ac.uk/ena/browser/view/ERR15563162,https://www.ebi.ac.uk/biosamples/samples/SAMEA120137624,ftp.sra.ebi.ac.uk/vol1/fastq/ERR155/062/ERR15563162/ERR15563162_1.fastq.gz;ftp.sra.ebi.ac.uk/vol1/fastq/ERR155/062/ERR15563162/ERR15563162_2.fastq.gz,"Create or complete the cryosection and required attachments, then add its microsamples"
P1,G,PRJEB86258,microsample,"microsample from a cryosection absent from the portal catalogue",G103bO202A004,G103bO202A,ERR15563151,SAMEA120137613,ERS26795072,G103bO202A004,M301335,G103bO202A004_L1,2025-09-17,https://www.ebi.ac.uk/ena/browser/view/ERR15563151,https://www.ebi.ac.uk/biosamples/samples/SAMEA120137613,ftp.sra.ebi.ac.uk/vol1/fastq/ERR155/051/ERR15563151/ERR15563151_1.fastq.gz;ftp.sra.ebi.ac.uk/vol1/fastq/ERR155/051/ERR15563151/ERR15563151_2.fastq.gz,"Create or complete the cryosection and required attachments, then add its microsamples"
P1,G,PRJEB86258,microsample,"microsample from a cryosection absent from the portal catalogue",G103bO202A005,G103bO202A,ERR15563279,SAMEA120137741,ERS26795200,G103bO202A005,M301336,G103bO202A005_L1,2025-09-13,https://www.ebi.ac.uk/ena/browser/view/ERR15563279,https://www.ebi.ac.uk/biosamples/samples/SAMEA120137741,ftp.sra.ebi.ac.uk/vol1/fastq/ERR155/079/ERR15563279/ERR15563279_1.fastq.gz;ftp.sra.ebi.ac.uk/vol1/fastq/ERR155/079/ERR15563279/ERR15563279_2.fastq.gz,"Create or complete the cryosection and required attachments, then add its microsamples"
P1,G,PRJEB86258,microsample,"microsample from a cryosection absent from the portal catalogue",G103bO202A006,G103bO202A,ERR15563224,SAMEA120137686,ERS26795145,G103bO202A006,M301337,G103bO202A006_L1,2025-09-17,https://www.ebi.ac.uk/ena/browser/view/ERR15563224,https://www.ebi.ac.uk/biosamples/samples/SAMEA120137686,ftp.sra.ebi.ac.uk/vol1/fastq/ERR155/024/ERR15563224/ERR15563224_1.fastq.gz;ftp.sra.ebi.ac.uk/vol1/fastq/ERR155/024/ERR15563224/ERR15563224_2.fastq.gz,"Create or complete the cryosection and required attachments, then add its microsamples"
P1,G,PRJEB86258,microsample,"microsample from a cryosection absent from the portal catalogue",G103bO202A007,G103bO202A,ERR15563221,SAMEA120137683,ERS26795142,G103bO202A007,M301338,G103bO202A007_L1,2025-09-17,https://www.ebi.ac.uk/ena/browser/view/ERR15563221,https://www.ebi.ac.uk/biosamples/samples/SAMEA120137683,ftp.sra.ebi.ac.uk/vol1/fastq/ERR155/021/ERR15563221/ERR15563221_1.fastq.gz;ftp.sra.ebi.ac.uk/vol1/fastq/ERR155/021/ERR15563221/ERR15563221_2.fastq.gz,"Create or complete the cryosection and required attachments, then add its microsamples"
P1,G,PRJEB86258,microsample,"microsample from a cryosection absent from the portal catalogue",G103bO202A008,G103bO202A,ERR15563208,SAMEA120137670,ERS26795129,G103bO202A008,M301339,G103bO202A008_L1,2025-09-13,https://www.ebi.ac.uk/ena/browser/view/ERR15563208,https://www.ebi.ac.uk/biosamples/samples/SAMEA120137670,ftp.sra.ebi.ac.uk/vol1/fastq/ERR155/008/ERR15563208/ERR15563208_1.fastq.gz;ftp.sra.ebi.ac.uk/vol1/fastq/ERR155/008/ERR15563208/ERR15563208_2.fastq.gz,"Create or complete the cryosection and required attachments, then add its microsamples"
P1,G,PRJEB86258,microsample,"microsample from a cryosection absent from the portal catalogue",G103bO202A009,G103bO202A,ERR15563239,SAMEA120137701,ERS26795160,G103bO202A009,M301341,G103bO202A009_L1,2025-09-13,https://www.ebi.ac.uk/ena/browser/view/ERR15563239,https://www.ebi.ac.uk/biosamples/samples/SAMEA120137701,ftp.sra.ebi.ac.uk/vol1/fastq/ERR155/039/ERR15563239/ERR15563239_1.fastq.gz;ftp.sra.ebi.ac.uk/vol1/fastq/ERR155/039/ERR15563239/ERR15563239_2.fastq.gz,"Create or complete the cryosection and required attachments, then add its microsamples"
P1,G,PRJEB86258,microsample,"microsample from a cryosection absent from the portal catalogue",G103bO202A010,G103bO202A,ERR15563293,SAMEA120137755,ERS26795214,G103bO202A010,M301342,G103bO202A010_L1,2025-09-17,https://www.ebi.ac.uk/ena/browser/view/ERR15563293,https://www.ebi.ac.uk/biosamples/samples/SAMEA120137755,ftp.sra.ebi.ac.uk/vol1/fastq/ERR155/093/ERR15563293/ERR15563293_1.fastq.gz;ftp.sra.ebi.ac.uk/vol1/fastq/ERR155/093/ERR15563293/ERR15563293_2.fastq.gz,"Create or complete the cryosection and required attachments, then add its microsamples"
P1,G,PRJEB86258,microsample,"microsample from a cryosection absent from the portal catalogue",G103bO202A011,G103bO202A,ERR15563236,SAMEA120137698,ERS26795157,G103bO202A011,M301344,G103bO202A011_L1,2025-09-13,https://www.ebi.ac.uk/ena/browser/view/ERR15563236,https://www.ebi.ac.uk/biosamples/samples/SAMEA120137698,ftp.sra.ebi.ac.uk/vol1/fastq/ERR155/036/ERR15563236/ERR15563236_1.fastq.gz;ftp.sra.ebi.ac.uk/vol1/fastq/ERR155/036/ERR15563236/ERR15563236_2.fastq.gz,"Create or complete the cryosection and required attachments, then add its microsamples"
P1,G,PRJEB86258,microsample,"microsample from a cryosection absent from the portal catalogue",G103bO202A012,G103bO202A,ERR15563297,SAMEA120137759,ERS26795218,G103bO202A012,M301345,G103bO202A012_L1,2025-09-13,https://www.ebi.ac.uk/ena/browser/view/ERR15563297,https://www.ebi.ac.uk/biosamples/samples/SAMEA120137759,ftp.sra.ebi.ac.uk/vol1/fastq/ERR155/097/ERR15563297/ERR15563297_1.fastq.gz;ftp.sra.ebi.ac.uk/vol1/fastq/ERR155/097/ERR15563297/ERR15563297_2.fastq.gz,"Create or complete the cryosection and required attachments, then add its microsamples"
P1,G,PRJEB86258,microsample,"microsample from a cryosection absent from the portal catalogue",G103bO202B001,G103bO202B,ERR15563295,SAMEA120137757,ERS26795216,G103bO202B001,M301346,G103bO202B001_L1,2025-09-17,https://www.ebi.ac.uk/ena/browser/view/ERR15563295,https://www.ebi.ac.uk/biosamples/samples/SAMEA120137757,ftp.sra.ebi.ac.uk/vol1/fastq/ERR155/095/ERR15563295/ERR15563295_1.fastq.gz;ftp.sra.ebi.ac.uk/vol1/fastq/ERR155/095/ERR15563295/ERR15563295_2.fastq.gz,"Create or complete the cryosection and required attachments, then add its microsamples"
P1,G,PRJEB86258,microsample,"microsample from a cryosection absent from the portal catalogue",G103bO202B002,G103bO202B,ERR15562968,SAMEA120137430,ERS26794889,G103bO202B002,M301347,G103bO202B002_L1,2025-09-13,https://www.ebi.ac.uk/ena/browser/view/ERR15562968,https://www.ebi.ac.uk/biosamples/samples/SAMEA120137430,ftp.sra.ebi.ac.uk/vol1/fastq/ERR155/068/ERR15562968/ERR15562968_1.fastq.gz;ftp.sra.ebi.ac.uk/vol1/fastq/ERR155/068/ERR15562968/ERR15562968_2.fastq.gz,"Create or complete the cryosection and required attachments, then add its microsamples"
P1,G,PRJEB86258,microsample,"microsample from a cryosection absent from the portal catalogue",G103bO202B003,G103bO202B,ERR15563176,SAMEA120137638,ERS26795097,G103bO202B003,M301348,G103bO202B003_L1,2025-09-13,https://www.ebi.ac.uk/ena/browser/view/ERR15563176,https://www.ebi.ac.uk/biosamples/samples/SAMEA120137638,ftp.sra.ebi.ac.uk/vol1/fastq/ERR155/076/ERR15563176/ERR15563176_1.fastq.gz;ftp.sra.ebi.ac.uk/vol1/fastq/ERR155/076/ERR15563176/ERR15563176_2.fastq.gz,"Create or complete the cryosection and required attachments, then add its microsamples"
P1,G,PRJEB86258,microsample,"microsample from a cryosection absent from the portal catalogue",G103bO202B004,G103bO202B,ERR15562978,SAMEA120137440,ERS26794899,G103bO202B004,M301351,G103bO202B004_L1,2025-09-17,https://www.ebi.ac.uk/ena/browser/view/ERR15562978,https://www.ebi.ac.uk/biosamples/samples/SAMEA120137440,ftp.sra.ebi.ac.uk/vol1/fastq/ERR155/078/ERR15562978/ERR15562978_1.fastq.gz;ftp.sra.ebi.ac.uk/vol1/fastq/ERR155/078/ERR15562978/ERR15562978_2.fastq.gz,"Create or complete the cryosection and required attachments, then add its microsamples"
P1,G,PRJEB86258,microsample,"microsample from a cryosection absent from the portal catalogue",G103bO202B005,G103bO202B,ERR15563094,SAMEA120137556,ERS26795015,G103bO202B005,M301352,G103bO202B005_L1,2025-09-13,https://www.ebi.ac.uk/ena/browser/view/ERR15563094,https://www.ebi.ac.uk/biosamples/samples/SAMEA120137556,ftp.sra.ebi.ac.uk/vol1/fastq/ERR155/094/ERR15563094/ERR15563094_1.fastq.gz;ftp.sra.ebi.ac.uk/vol1/fastq/ERR155/094/ERR15563094/ERR15563094_2.fastq.gz,"Create or complete the cryosection and required attachments, then add its microsamples"
P1,G,PRJEB86258,microsample,"microsample from a cryosection absent from the portal catalogue",G103bO202B006,G103bO202B,ERR15563206,SAMEA120137668,ERS26795127,G103bO202B006,M301353,G103bO202B006_L1,2025-09-17,https://www.ebi.ac.uk/ena/browser/view/ERR15563206,https://www.ebi.ac.uk/biosamples/samples/SAMEA120137668,ftp.sra.ebi.ac.uk/vol1/fastq/ERR155/006/ERR15563206/ERR15563206_1.fastq.gz;ftp.sra.ebi.ac.uk/vol1/fastq/ERR155/006/ERR15563206/ERR15563206_2.fastq.gz,"Create or complete the cryosection and required attachments, then add its microsamples"
P1,G,PRJEB86258,microsample,"microsample from a cryosection absent from the portal catalogue",G103bO202B007,G103bO202B,ERR15563026,SAMEA120137488,ERS26794947,G103bO202B007,M301354,G103bO202B007_L1,2025-09-17,https://www.ebi.ac.uk/ena/browser/view/ERR15563026,https://www.ebi.ac.uk/biosamples/samples/SAMEA120137488,ftp.sra.ebi.ac.uk/vol1/fastq/ERR155/026/ERR15563026/ERR15563026_1.fastq.gz;ftp.sra.ebi.ac.uk/vol1/fastq/ERR155/026/ERR15563026/ERR15563026_2.fastq.gz,"Create or complete the cryosection and required attachments, then add its microsamples"
P1,G,PRJEB86258,microsample,"microsample from a cryosection absent from the portal catalogue",G103bO202B008,G103bO202B,ERR15562964,SAMEA120137426,ERS26794885,G103bO202B008,M301356,G103bO202B008_L1,2025-09-17,https://www.ebi.ac.uk/ena/browser/view/ERR15562964,https://www.ebi.ac.uk/biosamples/samples/SAMEA120137426,ftp.sra.ebi.ac.uk/vol1/fastq/ERR155/064/ERR15562964/ERR15562964_1.fastq.gz;ftp.sra.ebi.ac.uk/vol1/fastq/ERR155/064/ERR15562964/ERR15562964_2.fastq.gz,"Create or complete the cryosection and required attachments, then add its microsamples"
P1,G,PRJEB86258,microsample,"microsample from a cryosection absent from the portal catalogue",G103bO202B009,G103bO202B,ERR15563165,SAMEA120137627,ERS26795086,G103bO202B009,M301357,G103bO202B009_L1,2025-09-17,https://www.ebi.ac.uk/ena/browser/view/ERR15563165,https://www.ebi.ac.uk/biosamples/samples/SAMEA120137627,ftp.sra.ebi.ac.uk/vol1/fastq/ERR155/065/ERR15563165/ERR15563165_1.fastq.gz;ftp.sra.ebi.ac.uk/vol1/fastq/ERR155/065/ERR15563165/ERR15563165_2.fastq.gz,"Create or complete the cryosection and required attachments, then add its microsamples"
P1,G,PRJEB86258,microsample,"microsample from a cryosection absent from the portal catalogue",G103bO202B010,G103bO202B,ERR15562971,SAMEA120137433,ERS26794892,G103bO202B010,M301358,G103bO202B010_L1,2025-09-13,https://www.ebi.ac.uk/ena/browser/view/ERR15562971,https://www.ebi.ac.uk/biosamples/samples/SAMEA120137433,ftp.sra.ebi.ac.uk/vol1/fastq/ERR155/071/ERR15562971/ERR15562971_1.fastq.gz;ftp.sra.ebi.ac.uk/vol1/fastq/ERR155/071/ERR15562971/ERR15562971_2.fastq.gz,"Create or complete the cryosection and required attachments, then add its microsamples"
P1,G,PRJEB86258,microsample,"microsample from a cryosection absent from the portal catalogue",G103bO202B011,G103bO202B,ERR15563116,SAMEA120137578,ERS26795037,G103bO202B011,M301359,G103bO202B011_L1,2025-09-17,https://www.ebi.ac.uk/ena/browser/view/ERR15563116,https://www.ebi.ac.uk/biosamples/samples/SAMEA120137578,ftp.sra.ebi.ac.uk/vol1/fastq/ERR155/016/ERR15563116/ERR15563116_1.fastq.gz;ftp.sra.ebi.ac.uk/vol1/fastq/ERR155/016/ERR15563116/ERR15563116_2.fastq.gz,"Create or complete the cryosection and required attachments, then add its microsamples"
P1,G,PRJEB86258,microsample,"microsample from a cryosection absent from the portal catalogue",G103bO202B012,G103bO202B,ERR15563283,SAMEA120137745,ERS26795204,G103bO202B012,M301360,G103bO202B012_L1,2025-09-17,https://www.ebi.ac.uk/ena/browser/view/ERR15563283,https://www.ebi.ac.uk/biosamples/samples/SAMEA120137745,ftp.sra.ebi.ac.uk/vol1/fastq/ERR155/083/ERR15563283/ERR15563283_1.fastq.gz;ftp.sra.ebi.ac.uk/vol1/fastq/ERR155/083/ERR15563283/ERR15563283_2.fastq.gz,"Create or complete the cryosection and required attachments, then add its microsamples"
P1,G,PRJEB86258,microsample,"microsample from a cryosection absent from the portal catalogue",G103bO202C001,G103bO202C,ERR15562948,SAMEA120137410,ERS26794869,G103bO202C001,M301363,G103bO202C001_L1,2025-09-17,https://www.ebi.ac.uk/ena/browser/view/ERR15562948,https://www.ebi.ac.uk/biosamples/samples/SAMEA120137410,ftp.sra.ebi.ac.uk/vol1/fastq/ERR155/048/ERR15562948/ERR15562948_1.fastq.gz;ftp.sra.ebi.ac.uk/vol1/fastq/ERR155/048/ERR15562948/ERR15562948_2.fastq.gz,"Create or complete the cryosection and required attachments, then add its microsamples"
P1,G,PRJEB86258,microsample,"microsample from a cryosection absent from the portal catalogue",G103bO202C002,G103bO202C,ERR15563033,SAMEA120137495,ERS26794954,G103bO202C002,M301364,G103bO202C002_L1,2025-09-17,https://www.ebi.ac.uk/ena/browser/view/ERR15563033,https://www.ebi.ac.uk/biosamples/samples/SAMEA120137495,ftp.sra.ebi.ac.uk/vol1/fastq/ERR155/033/ERR15563033/ERR15563033_1.fastq.gz;ftp.sra.ebi.ac.uk/vol1/fastq/ERR155/033/ERR15563033/ERR15563033_2.fastq.gz,"Create or complete the cryosection and required attachments, then add its microsamples"
P1,G,PRJEB86258,microsample,"microsample from a cryosection absent from the portal catalogue",G103bO202C003,G103bO202C,ERR15563117,SAMEA120137579,ERS26795038,G103bO202C003,M301365,G103bO202C003_L1,2025-09-17,https://www.ebi.ac.uk/ena/browser/view/ERR15563117,https://www.ebi.ac.uk/biosamples/samples/SAMEA120137579,ftp.sra.ebi.ac.uk/vol1/fastq/ERR155/017/ERR15563117/ERR15563117_1.fastq.gz;ftp.sra.ebi.ac.uk/vol1/fastq/ERR155/017/ERR15563117/ERR15563117_2.fastq.gz,"Create or complete the cryosection and required attachments, then add its microsamples"
P1,G,PRJEB86258,microsample,"microsample from a cryosection absent from the portal catalogue",G103bO202C004,G103bO202C,ERR15563270,SAMEA120137732,ERS26795191,G103bO202C004,M301366,G103bO202C004_L1,2025-09-13,https://www.ebi.ac.uk/ena/browser/view/ERR15563270,https://www.ebi.ac.uk/biosamples/samples/SAMEA120137732,ftp.sra.ebi.ac.uk/vol1/fastq/ERR155/070/ERR15563270/ERR15563270_1.fastq.gz;ftp.sra.ebi.ac.uk/vol1/fastq/ERR155/070/ERR15563270/ERR15563270_2.fastq.gz,"Create or complete the cryosection and required attachments, then add its microsamples"
P1,G,PRJEB86258,microsample,"microsample from a cryosection absent from the portal catalogue",G103bO202C005,G103bO202C,ERR15563209,SAMEA120137671,ERS26795130,G103bO202C005,M301367,G103bO202C005_L1,2025-09-13,https://www.ebi.ac.uk/ena/browser/view/ERR15563209,https://www.ebi.ac.uk/biosamples/samples/SAMEA120137671,ftp.sra.ebi.ac.uk/vol1/fastq/ERR155/009/ERR15563209/ERR15563209_1.fastq.gz;ftp.sra.ebi.ac.uk/vol1/fastq/ERR155/009/ERR15563209/ERR15563209_2.fastq.gz,"Create or complete the cryosection and required attachments, then add its microsamples"
P1,G,PRJEB86258,microsample,"microsample from a cryosection absent from the portal catalogue",G103bO202C006,G103bO202C,ERR15563140,SAMEA120137602,ERS26795061,G103bO202C006,M301368,G103bO202C006_L1,2025-09-17,https://www.ebi.ac.uk/ena/browser/view/ERR15563140,https://www.ebi.ac.uk/biosamples/samples/SAMEA120137602,ftp.sra.ebi.ac.uk/vol1/fastq/ERR155/040/ERR15563140/ERR15563140_1.fastq.gz;ftp.sra.ebi.ac.uk/vol1/fastq/ERR155/040/ERR15563140/ERR15563140_2.fastq.gz,"Create or complete the cryosection and required attachments, then add its microsamples"
P1,G,PRJEB86258,microsample,"microsample from a cryosection absent from the portal catalogue",G103bO202C007,G103bO202C,ERR15562965,SAMEA120137427,ERS26794886,G103bO202C007,M301370,G103bO202C007_L1,2025-09-17,https://www.ebi.ac.uk/ena/browser/view/ERR15562965,https://www.ebi.ac.uk/biosamples/samples/SAMEA120137427,ftp.sra.ebi.ac.uk/vol1/fastq/ERR155/065/ERR15562965/ERR15562965_1.fastq.gz;ftp.sra.ebi.ac.uk/vol1/fastq/ERR155/065/ERR15562965/ERR15562965_2.fastq.gz,"Create or complete the cryosection and required attachments, then add its microsamples"
P1,G,PRJEB86258,microsample,"microsample from a cryosection absent from the portal catalogue",G103bO202C008,G103bO202C,ERR15563247,SAMEA120137709,ERS26795168,G103bO202C008,M301371,G103bO202C008_L1,2025-09-13,https://www.ebi.ac.uk/ena/browser/view/ERR15563247,https://www.ebi.ac.uk/biosamples/samples/SAMEA120137709,ftp.sra.ebi.ac.uk/vol1/fastq/ERR155/047/ERR15563247/ERR15563247_1.fastq.gz;ftp.sra.ebi.ac.uk/vol1/fastq/ERR155/047/ERR15563247/ERR15563247_2.fastq.gz,"Create or complete the cryosection and required attachments, then add its microsamples"
P1,G,PRJEB86258,microsample,"microsample from a cryosection absent from the portal catalogue",G103bO202C009,G103bO202C,ERR15563286,SAMEA120137748,ERS26795207,G103bO202C009,M301372,G103bO202C009_L1,2025-09-13,https://www.ebi.ac.uk/ena/browser/view/ERR15563286,https://www.ebi.ac.uk/biosamples/samples/SAMEA120137748,ftp.sra.ebi.ac.uk/vol1/fastq/ERR155/086/ERR15563286/ERR15563286_1.fastq.gz;ftp.sra.ebi.ac.uk/vol1/fastq/ERR155/086/ERR15563286/ERR15563286_2.fastq.gz,"Create or complete the cryosection and required attachments, then add its microsamples"
P1,G,PRJEB86258,microsample,"microsample from a cryosection absent from the portal catalogue",G103bO202C010,G103bO202C,ERR15563144,SAMEA120137606,ERS26795065,G103bO202C010,M301373,G103bO202C010_L1,2025-09-13,https://www.ebi.ac.uk/ena/browser/view/ERR15563144,https://www.ebi.ac.uk/biosamples/samples/SAMEA120137606,ftp.sra.ebi.ac.uk/vol1/fastq/ERR155/044/ERR15563144/ERR15563144_1.fastq.gz;ftp.sra.ebi.ac.uk/vol1/fastq/ERR155/044/ERR15563144/ERR15563144_2.fastq.gz,"Create or complete the cryosection and required attachments, then add its microsamples"
P1,G,PRJEB86258,microsample,"microsample from a cryosection absent from the portal catalogue",G103bO202C011,G103bO202C,ERR15563285,SAMEA120137747,ERS26795206,G103bO202C011,M301374,G103bO202C011_L1,2025-09-13,https://www.ebi.ac.uk/ena/browser/view/ERR15563285,https://www.ebi.ac.uk/biosamples/samples/SAMEA120137747,ftp.sra.ebi.ac.uk/vol1/fastq/ERR155/085/ERR15563285/ERR15563285_1.fastq.gz;ftp.sra.ebi.ac.uk/vol1/fastq/ERR155/085/ERR15563285/ERR15563285_2.fastq.gz,"Create or complete the cryosection and required attachments, then add its microsamples"
P1,G,PRJEB86258,microsample,"microsample from a cryosection absent from the portal catalogue",G103bO202C012,G103bO202C,ERR15563025,SAMEA120137487,ERS26794946,G103bO202C012,M301377,G103bO202C012_L1,2025-09-17,https://www.ebi.ac.uk/ena/browser/view/ERR15563025,https://www.ebi.ac.uk/biosamples/samples/SAMEA120137487,ftp.sra.ebi.ac.uk/vol1/fastq/ERR155/025/ERR15563025/ERR15563025_1.fastq.gz;ftp.sra.ebi.ac.uk/vol1/fastq/ERR155/025/ERR15563025/ERR15563025_2.fastq.gz,"Create or complete the cryosection and required attachments, then add its microsamples"
P1,G,PRJEB86258,microsample,"microsample from a cryosection absent from the portal catalogue",G121eD101C037,G121eD101C,ERR15561674,SAMEA120135386,ERS26792845,G121eD101C037,M300602,G121eD101C037_L1,2025-09-13,https://www.ebi.ac.uk/ena/browser/view/ERR15561674,https://www.ebi.ac.uk/biosamples/samples/SAMEA120135386,ftp.sra.ebi.ac.uk/vol1/fastq/ERR155/074/ERR15561674/ERR15561674_1.fastq.gz;ftp.sra.ebi.ac.uk/vol1/fastq/ERR155/074/ERR15561674/ERR15561674_2.fastq.gz,"Create or complete the cryosection and required attachments, then add its microsamples"
P1,G,PRJEB86258,microsample,"microsample from a cryosection absent from the portal catalogue",G121eD101C038,G121eD101C,ERR15561716,SAMEA120135428,ERS26792887,G121eD101C038,M300603,G121eD101C038_L1,2025-09-13,https://www.ebi.ac.uk/ena/browser/view/ERR15561716,https://www.ebi.ac.uk/biosamples/samples/SAMEA120135428,ftp.sra.ebi.ac.uk/vol1/fastq/ERR155/016/ERR15561716/ERR15561716_1.fastq.gz;ftp.sra.ebi.ac.uk/vol1/fastq/ERR155/016/ERR15561716/ERR15561716_2.fastq.gz,"Create or complete the cryosection and required attachments, then add its microsamples"
P1,G,PRJEB86258,microsample,"microsample from a cryosection absent from the portal catalogue",G121eD101C039,G121eD101C,ERR15561699,SAMEA120135411,ERS26792870,G121eD101C039,M300605,G121eD101C039_L1,2025-09-13,https://www.ebi.ac.uk/ena/browser/view/ERR15561699,https://www.ebi.ac.uk/biosamples/samples/SAMEA120135411,ftp.sra.ebi.ac.uk/vol1/fastq/ERR155/099/ERR15561699/ERR15561699_1.fastq.gz;ftp.sra.ebi.ac.uk/vol1/fastq/ERR155/099/ERR15561699/ERR15561699_2.fastq.gz,"Create or complete the cryosection and required attachments, then add its microsamples"
P1,G,PRJEB86258,microsample,"microsample from a cryosection absent from the portal catalogue",G121eD101C040,G121eD101C,ERR15561656,SAMEA120135368,ERS26792827,G121eD101C040,M300606,G121eD101C040_L1,2025-09-13,https://www.ebi.ac.uk/ena/browser/view/ERR15561656,https://www.ebi.ac.uk/biosamples/samples/SAMEA120135368,ftp.sra.ebi.ac.uk/vol1/fastq/ERR155/056/ERR15561656/ERR15561656_1.fastq.gz;ftp.sra.ebi.ac.uk/vol1/fastq/ERR155/056/ERR15561656/ERR15561656_2.fastq.gz,"Create or complete the cryosection and required attachments, then add its microsamples"
P1,G,PRJEB86258,microsample,"microsample from a cryosection absent from the portal catalogue",G121eD101C041,G121eD101C,ERR15561672,SAMEA120135384,ERS26792843,G121eD101C041,M300608,G121eD101C041_L1,2025-09-13,https://www.ebi.ac.uk/ena/browser/view/ERR15561672,https://www.ebi.ac.uk/biosamples/samples/SAMEA120135384,ftp.sra.ebi.ac.uk/vol1/fastq/ERR155/072/ERR15561672/ERR15561672_1.fastq.gz;ftp.sra.ebi.ac.uk/vol1/fastq/ERR155/072/ERR15561672/ERR15561672_2.fastq.gz,"Create or complete the cryosection and required attachments, then add its microsamples"
P1,G,PRJEB86258,microsample,"microsample from a cryosection absent from the portal catalogue",G121eD101C042,G121eD101C,ERR15561707,SAMEA120135419,ERS26792878,G121eD101C042,M300609,G121eD101C042_L1,2025-09-13,https://www.ebi.ac.uk/ena/browser/view/ERR15561707,https://www.ebi.ac.uk/biosamples/samples/SAMEA120135419,ftp.sra.ebi.ac.uk/vol1/fastq/ERR155/007/ERR15561707/ERR15561707_1.fastq.gz;ftp.sra.ebi.ac.uk/vol1/fastq/ERR155/007/ERR15561707/ERR15561707_2.fastq.gz,"Create or complete the cryosection and required attachments, then add its microsamples"
P1,G,PRJEB86258,microsample,"microsample from a cryosection absent from the portal catalogue",G121eD101C043,G121eD101C,ERR15561680,SAMEA120135392,ERS26792851,G121eD101C043,M300610,G121eD101C043_L1,2025-09-13,https://www.ebi.ac.uk/ena/browser/view/ERR15561680,https://www.ebi.ac.uk/biosamples/samples/SAMEA120135392,ftp.sra.ebi.ac.uk/vol1/fastq/ERR155/080/ERR15561680/ERR15561680_1.fastq.gz;ftp.sra.ebi.ac.uk/vol1/fastq/ERR155/080/ERR15561680/ERR15561680_2.fastq.gz,"Create or complete the cryosection and required attachments, then add its microsamples"
P1,G,PRJEB86258,microsample,"microsample from a cryosection absent from the portal catalogue",G121eD101C044,G121eD101C,ERR15561670,SAMEA120135382,ERS26792841,G121eD101C044,M300611,G121eD101C044_L1,2025-09-13,https://www.ebi.ac.uk/ena/browser/view/ERR15561670,https://www.ebi.ac.uk/biosamples/samples/SAMEA120135382,ftp.sra.ebi.ac.uk/vol1/fastq/ERR155/070/ERR15561670/ERR15561670_1.fastq.gz;ftp.sra.ebi.ac.uk/vol1/fastq/ERR155/070/ERR15561670/ERR15561670_2.fastq.gz,"Create or complete the cryosection and required attachments, then add its microsamples"
P1,G,PRJEB86258,microsample,"microsample from a cryosection absent from the portal catalogue",G121eD101C045,G121eD101C,ERR15561706,SAMEA120135418,ERS26792877,G121eD101C045,M300612,G121eD101C045_L1,2025-09-13,https://www.ebi.ac.uk/ena/browser/view/ERR15561706,https://www.ebi.ac.uk/biosamples/samples/SAMEA120135418,ftp.sra.ebi.ac.uk/vol1/fastq/ERR155/006/ERR15561706/ERR15561706_1.fastq.gz;ftp.sra.ebi.ac.uk/vol1/fastq/ERR155/006/ERR15561706/ERR15561706_2.fastq.gz,"Create or complete the cryosection and required attachments, then add its microsamples"
P1,G,PRJEB86258,microsample,"microsample from a cryosection absent from the portal catalogue",G121eD101C046,G121eD101C,ERR15561658,SAMEA120135370,ERS26792829,G121eD101C046,M300613,G121eD101C046_L1,2025-09-13,https://www.ebi.ac.uk/ena/browser/view/ERR15561658,https://www.ebi.ac.uk/biosamples/samples/SAMEA120135370,ftp.sra.ebi.ac.uk/vol1/fastq/ERR155/058/ERR15561658/ERR15561658_1.fastq.gz;ftp.sra.ebi.ac.uk/vol1/fastq/ERR155/058/ERR15561658/ERR15561658_2.fastq.gz,"Create or complete the cryosection and required attachments, then add its microsamples"
P1,G,PRJEB86258,microsample,"microsample from a cryosection absent from the portal catalogue",G121eD101C047,G121eD101C,ERR15561690,SAMEA120135402,ERS26792861,G121eD101C047,M300616,G121eD101C047_L1,2025-09-13,https://www.ebi.ac.uk/ena/browser/view/ERR15561690,https://www.ebi.ac.uk/biosamples/samples/SAMEA120135402,ftp.sra.ebi.ac.uk/vol1/fastq/ERR155/090/ERR15561690/ERR15561690_1.fastq.gz;ftp.sra.ebi.ac.uk/vol1/fastq/ERR155/090/ERR15561690/ERR15561690_2.fastq.gz,"Create or complete the cryosection and required attachments, then add its microsamples"
P1,G,PRJEB86258,microsample,"microsample from a cryosection absent from the portal catalogue",G121eD101C048,G121eD101C,ERR15561664,SAMEA120135376,ERS26792835,G121eD101C048,M300617,G121eD101C048_L1,2025-09-13,https://www.ebi.ac.uk/ena/browser/view/ERR15561664,https://www.ebi.ac.uk/biosamples/samples/SAMEA120135376,ftp.sra.ebi.ac.uk/vol1/fastq/ERR155/064/ERR15561664/ERR15561664_1.fastq.gz;ftp.sra.ebi.ac.uk/vol1/fastq/ERR155/064/ERR15561664/ERR15561664_2.fastq.gz,"Create or complete the cryosection and required attachments, then add its microsamples"
P1,G,PRJEB86258,microsample,"microsample from a cryosection absent from the portal catalogue",G121eD101C049,G121eD101C,ERR15561684,SAMEA120135396,ERS26792855,G121eD101C049,M300619,G121eD101C049_L1,2025-09-13,https://www.ebi.ac.uk/ena/browser/view/ERR15561684,https://www.ebi.ac.uk/biosamples/samples/SAMEA120135396,ftp.sra.ebi.ac.uk/vol1/fastq/ERR155/084/ERR15561684/ERR15561684_1.fastq.gz;ftp.sra.ebi.ac.uk/vol1/fastq/ERR155/084/ERR15561684/ERR15561684_2.fastq.gz,"Create or complete the cryosection and required attachments, then add its microsamples"
P1,G,PRJEB86258,microsample,"microsample from a cryosection absent from the portal catalogue",G121eD101C050,G121eD101C,ERR15561719,SAMEA120135431,ERS26792890,G121eD101C050,M300621,G121eD101C050_L1,2025-09-13,https://www.ebi.ac.uk/ena/browser/view/ERR15561719,https://www.ebi.ac.uk/biosamples/samples/SAMEA120135431,ftp.sra.ebi.ac.uk/vol1/fastq/ERR155/019/ERR15561719/ERR15561719_1.fastq.gz;ftp.sra.ebi.ac.uk/vol1/fastq/ERR155/019/ERR15561719/ERR15561719_2.fastq.gz,"Create or complete the cryosection and required attachments, then add its microsamples"
P1,G,PRJEB86258,microsample,"microsample from a cryosection absent from the portal catalogue",G121eD101C051,G121eD101C,ERR15561666,SAMEA120135378,ERS26792837,G121eD101C051,M300622,G121eD101C051_L1,2025-09-13,https://www.ebi.ac.uk/ena/browser/view/ERR15561666,https://www.ebi.ac.uk/biosamples/samples/SAMEA120135378,ftp.sra.ebi.ac.uk/vol1/fastq/ERR155/066/ERR15561666/ERR15561666_1.fastq.gz;ftp.sra.ebi.ac.uk/vol1/fastq/ERR155/066/ERR15561666/ERR15561666_2.fastq.gz,"Create or complete the cryosection and required attachments, then add its microsamples"
P1,G,PRJEB86258,microsample,"microsample from a cryosection absent from the portal catalogue",G121eD101C052,G121eD101C,ERR15561683,SAMEA120135395,ERS26792854,G121eD101C052,M300623,G121eD101C052_L1,2025-09-13,https://www.ebi.ac.uk/ena/browser/view/ERR15561683,https://www.ebi.ac.uk/biosamples/samples/SAMEA120135395,ftp.sra.ebi.ac.uk/vol1/fastq/ERR155/083/ERR15561683/ERR15561683_1.fastq.gz;ftp.sra.ebi.ac.uk/vol1/fastq/ERR155/083/ERR15561683/ERR15561683_2.fastq.gz,"Create or complete the cryosection and required attachments, then add its microsamples"
P1,G,PRJEB86258,microsample,"microsample from a cryosection absent from the portal catalogue",G121eD101C053,G121eD101C,ERR15561660,SAMEA120135372,ERS26792831,G121eD101C053,M300624,G121eD101C053_L1,2025-09-13,https://www.ebi.ac.uk/ena/browser/view/ERR15561660,https://www.ebi.ac.uk/biosamples/samples/SAMEA120135372,ftp.sra.ebi.ac.uk/vol1/fastq/ERR155/060/ERR15561660/ERR15561660_1.fastq.gz;ftp.sra.ebi.ac.uk/vol1/fastq/ERR155/060/ERR15561660/ERR15561660_2.fastq.gz,"Create or complete the cryosection and required attachments, then add its microsamples"
P1,G,PRJEB86258,microsample,"microsample from a cryosection absent from the portal catalogue",G121eD101C054,G121eD101C,ERR15561694,SAMEA120135406,ERS26792865,G121eD101C054,M300625,G121eD101C054_L1,2025-09-13,https://www.ebi.ac.uk/ena/browser/view/ERR15561694,https://www.ebi.ac.uk/biosamples/samples/SAMEA120135406,ftp.sra.ebi.ac.uk/vol1/fastq/ERR155/094/ERR15561694/ERR15561694_1.fastq.gz;ftp.sra.ebi.ac.uk/vol1/fastq/ERR155/094/ERR15561694/ERR15561694_2.fastq.gz,"Create or complete the cryosection and required attachments, then add its microsamples"
P1,G,PRJEB86258,microsample,"microsample from a cryosection absent from the portal catalogue",G121eD101C055,G121eD101C,ERR15561671,SAMEA120135383,ERS26792842,G121eD101C055,M300627,G121eD101C055_L1,2025-09-13,https://www.ebi.ac.uk/ena/browser/view/ERR15561671,https://www.ebi.ac.uk/biosamples/samples/SAMEA120135383,ftp.sra.ebi.ac.uk/vol1/fastq/ERR155/071/ERR15561671/ERR15561671_1.fastq.gz;ftp.sra.ebi.ac.uk/vol1/fastq/ERR155/071/ERR15561671/ERR15561671_2.fastq.gz,"Create or complete the cryosection and required attachments, then add its microsamples"
P1,G,PRJEB86258,microsample,"microsample from a cryosection absent from the portal catalogue",G121eD101C056,G121eD101C,ERR15561703,SAMEA120135415,ERS26792874,G121eD101C056,M300628,G121eD101C056_L1,2025-09-13,https://www.ebi.ac.uk/ena/browser/view/ERR15561703,https://www.ebi.ac.uk/biosamples/samples/SAMEA120135415,ftp.sra.ebi.ac.uk/vol1/fastq/ERR155/003/ERR15561703/ERR15561703_1.fastq.gz;ftp.sra.ebi.ac.uk/vol1/fastq/ERR155/003/ERR15561703/ERR15561703_2.fastq.gz,"Create or complete the cryosection and required attachments, then add its microsamples"
P1,G,PRJEB86258,microsample,"microsample from a cryosection absent from the portal catalogue",G121eD101C057,G121eD101C,ERR15561675,SAMEA120135387,ERS26792846,G121eD101C057,M300629,G121eD101C057_L1,2025-09-13,https://www.ebi.ac.uk/ena/browser/view/ERR15561675,https://www.ebi.ac.uk/biosamples/samples/SAMEA120135387,ftp.sra.ebi.ac.uk/vol1/fastq/ERR155/075/ERR15561675/ERR15561675_1.fastq.gz;ftp.sra.ebi.ac.uk/vol1/fastq/ERR155/075/ERR15561675/ERR15561675_2.fastq.gz,"Create or complete the cryosection and required attachments, then add its microsamples"
P1,G,PRJEB86258,microsample,"microsample from a cryosection absent from the portal catalogue",G121eD101C058,G121eD101C,ERR15561735,SAMEA120135447,ERS26792906,G121eD101C058,M300630,G121eD101C058_L1,2025-09-13,https://www.ebi.ac.uk/ena/browser/view/ERR15561735,https://www.ebi.ac.uk/biosamples/samples/SAMEA120135447,ftp.sra.ebi.ac.uk/vol1/fastq/ERR155/035/ERR15561735/ERR15561735_1.fastq.gz;ftp.sra.ebi.ac.uk/vol1/fastq/ERR155/035/ERR15561735/ERR15561735_2.fastq.gz,"Create or complete the cryosection and required attachments, then add its microsamples"
P1,G,PRJEB86258,microsample,"microsample from a cryosection absent from the portal catalogue",G121eD101C059,G121eD101C,ERR15561681,SAMEA120135393,ERS26792852,G121eD101C059,M300631,G121eD101C059_L1,2025-09-13,https://www.ebi.ac.uk/ena/browser/view/ERR15561681,https://www.ebi.ac.uk/biosamples/samples/SAMEA120135393,ftp.sra.ebi.ac.uk/vol1/fastq/ERR155/081/ERR15561681/ERR15561681_1.fastq.gz;ftp.sra.ebi.ac.uk/vol1/fastq/ERR155/081/ERR15561681/ERR15561681_2.fastq.gz,"Create or complete the cryosection and required attachments, then add its microsamples"
P1,G,PRJEB86258,microsample,"microsample from a cryosection absent from the portal catalogue",G121eD101C060,G121eD101C,ERR15561687,SAMEA120135399,ERS26792858,G121eD101C060,M300633,G121eD101C060_L1,2025-09-13,https://www.ebi.ac.uk/ena/browser/view/ERR15561687,https://www.ebi.ac.uk/biosamples/samples/SAMEA120135399,ftp.sra.ebi.ac.uk/vol1/fastq/ERR155/087/ERR15561687/ERR15561687_1.fastq.gz;ftp.sra.ebi.ac.uk/vol1/fastq/ERR155/087/ERR15561687/ERR15561687_2.fastq.gz,"Create or complete the cryosection and required attachments, then add its microsamples"
P1,G,PRJEB86258,microsample,"microsample from a cryosection absent from the portal catalogue",G121eD101C061,G121eD101C,ERR15561682,SAMEA120135394,ERS26792853,G121eD101C061,M300634,G121eD101C061_L1,2025-09-13,https://www.ebi.ac.uk/ena/browser/view/ERR15561682,https://www.ebi.ac.uk/biosamples/samples/SAMEA120135394,ftp.sra.ebi.ac.uk/vol1/fastq/ERR155/082/ERR15561682/ERR15561682_1.fastq.gz;ftp.sra.ebi.ac.uk/vol1/fastq/ERR155/082/ERR15561682/ERR15561682_2.fastq.gz,"Create or complete the cryosection and required attachments, then add its microsamples"
P1,G,PRJEB86258,microsample,"microsample from a cryosection absent from the portal catalogue",G121eD101C062,G121eD101C,ERR15561663,SAMEA120135375,ERS26792834,G121eD101C062,M300636,G121eD101C062_L1,2025-09-13,https://www.ebi.ac.uk/ena/browser/view/ERR15561663,https://www.ebi.ac.uk/biosamples/samples/SAMEA120135375,ftp.sra.ebi.ac.uk/vol1/fastq/ERR155/063/ERR15561663/ERR15561663_1.fastq.gz;ftp.sra.ebi.ac.uk/vol1/fastq/ERR155/063/ERR15561663/ERR15561663_2.fastq.gz,"Create or complete the cryosection and required attachments, then add its microsamples"
P1,G,PRJEB86258,microsample,"microsample from a cryosection absent from the portal catalogue",G121eD101C063,G121eD101C,ERR15561697,SAMEA120135409,ERS26792868,G121eD101C063,M300637,G121eD101C063_L1,2025-09-13,https://www.ebi.ac.uk/ena/browser/view/ERR15561697,https://www.ebi.ac.uk/biosamples/samples/SAMEA120135409,ftp.sra.ebi.ac.uk/vol1/fastq/ERR155/097/ERR15561697/ERR15561697_1.fastq.gz;ftp.sra.ebi.ac.uk/vol1/fastq/ERR155/097/ERR15561697/ERR15561697_2.fastq.gz,"Create or complete the cryosection and required attachments, then add its microsamples"
P1,G,PRJEB86258,microsample,"microsample from a cryosection absent from the portal catalogue",G121eD101C064,G121eD101C,ERR15561673,SAMEA120135385,ERS26792844,G121eD101C064,M300638,G121eD101C064_L1,2025-09-13,https://www.ebi.ac.uk/ena/browser/view/ERR15561673,https://www.ebi.ac.uk/biosamples/samples/SAMEA120135385,ftp.sra.ebi.ac.uk/vol1/fastq/ERR155/073/ERR15561673/ERR15561673_1.fastq.gz;ftp.sra.ebi.ac.uk/vol1/fastq/ERR155/073/ERR15561673/ERR15561673_2.fastq.gz,"Create or complete the cryosection and required attachments, then add its microsamples"
P1,G,PRJEB86258,microsample,"microsample from a cryosection absent from the portal catalogue",G121eD101C065,G121eD101C,ERR15561715,SAMEA120135427,ERS26792886,G121eD101C065,M300639,G121eD101C065_L1,2025-09-13,https://www.ebi.ac.uk/ena/browser/view/ERR15561715,https://www.ebi.ac.uk/biosamples/samples/SAMEA120135427,ftp.sra.ebi.ac.uk/vol1/fastq/ERR155/015/ERR15561715/ERR15561715_1.fastq.gz;ftp.sra.ebi.ac.uk/vol1/fastq/ERR155/015/ERR15561715/ERR15561715_2.fastq.gz,"Create or complete the cryosection and required attachments, then add its microsamples"
P1,G,PRJEB86258,microsample,"microsample from a cryosection absent from the portal catalogue",G121eD101C066,G121eD101C,ERR15561657,SAMEA120135369,ERS26792828,G121eD101C066,M300640,G121eD101C066_L1,2025-09-13,https://www.ebi.ac.uk/ena/browser/view/ERR15561657,https://www.ebi.ac.uk/biosamples/samples/SAMEA120135369,ftp.sra.ebi.ac.uk/vol1/fastq/ERR155/057/ERR15561657/ERR15561657_1.fastq.gz;ftp.sra.ebi.ac.uk/vol1/fastq/ERR155/057/ERR15561657/ERR15561657_2.fastq.gz,"Create or complete the cryosection and required attachments, then add its microsamples"
P1,G,PRJEB86258,microsample,"microsample from a cryosection absent from the portal catalogue",G121eD101C067,G121eD101C,ERR15561704,SAMEA120135416,ERS26792875,G121eD101C067,M300642,G121eD101C067_L1,2025-09-13,https://www.ebi.ac.uk/ena/browser/view/ERR15561704,https://www.ebi.ac.uk/biosamples/samples/SAMEA120135416,ftp.sra.ebi.ac.uk/vol1/fastq/ERR155/004/ERR15561704/ERR15561704_1.fastq.gz;ftp.sra.ebi.ac.uk/vol1/fastq/ERR155/004/ERR15561704/ERR15561704_2.fastq.gz,"Create or complete the cryosection and required attachments, then add its microsamples"
P1,G,PRJEB86258,microsample,"microsample from a cryosection absent from the portal catalogue",G121eD101C068,G121eD101C,ERR15561744,SAMEA120135456,ERS26792915,G121eD101C068,M300644,G121eD101C068_L1,2025-09-13,https://www.ebi.ac.uk/ena/browser/view/ERR15561744,https://www.ebi.ac.uk/biosamples/samples/SAMEA120135456,ftp.sra.ebi.ac.uk/vol1/fastq/ERR155/044/ERR15561744/ERR15561744_1.fastq.gz;ftp.sra.ebi.ac.uk/vol1/fastq/ERR155/044/ERR15561744/ERR15561744_2.fastq.gz,"Create or complete the cryosection and required attachments, then add its microsamples"
P1,G,PRJEB86258,microsample,"microsample from a cryosection absent from the portal catalogue",G121eD101C069,G121eD101C,ERR15561685,SAMEA120135397,ERS26792856,G121eD101C069,M300645,G121eD101C069_L1,2025-09-13,https://www.ebi.ac.uk/ena/browser/view/ERR15561685,https://www.ebi.ac.uk/biosamples/samples/SAMEA120135397,ftp.sra.ebi.ac.uk/vol1/fastq/ERR155/085/ERR15561685/ERR15561685_1.fastq.gz;ftp.sra.ebi.ac.uk/vol1/fastq/ERR155/085/ERR15561685/ERR15561685_2.fastq.gz,"Create or complete the cryosection and required attachments, then add its microsamples"
P1,G,PRJEB86258,microsample,"microsample from a cryosection absent from the portal catalogue",G121eD101C070,G121eD101C,ERR15561689,SAMEA120135401,ERS26792860,G121eD101C070,M300647,G121eD101C070_L1,2025-09-13,https://www.ebi.ac.uk/ena/browser/view/ERR15561689,https://www.ebi.ac.uk/biosamples/samples/SAMEA120135401,ftp.sra.ebi.ac.uk/vol1/fastq/ERR155/089/ERR15561689/ERR15561689_1.fastq.gz;ftp.sra.ebi.ac.uk/vol1/fastq/ERR155/089/ERR15561689/ERR15561689_2.fastq.gz,"Create or complete the cryosection and required attachments, then add its microsamples"
P1,G,PRJEB86258,microsample,"microsample from a cryosection absent from the portal catalogue",G121eD101C071,G121eD101C,ERR15561734,SAMEA120135446,ERS26792905,G121eD101C071,M300648,G121eD101C071_L1,2025-09-13,https://www.ebi.ac.uk/ena/browser/view/ERR15561734,https://www.ebi.ac.uk/biosamples/samples/SAMEA120135446,ftp.sra.ebi.ac.uk/vol1/fastq/ERR155/034/ERR15561734/ERR15561734_1.fastq.gz;ftp.sra.ebi.ac.uk/vol1/fastq/ERR155/034/ERR15561734/ERR15561734_2.fastq.gz,"Create or complete the cryosection and required attachments, then add its microsamples"
P1,G,PRJEB86258,microsample,"microsample from a cryosection absent from the portal catalogue",G121eD101C072,G121eD101C,ERR15561679,SAMEA120135391,ERS26792850,G121eD101C072,M300649,G121eD101C072_L1,2025-09-13,https://www.ebi.ac.uk/ena/browser/view/ERR15561679,https://www.ebi.ac.uk/biosamples/samples/SAMEA120135391,ftp.sra.ebi.ac.uk/vol1/fastq/ERR155/079/ERR15561679/ERR15561679_1.fastq.gz;ftp.sra.ebi.ac.uk/vol1/fastq/ERR155/079/ERR15561679/ERR15561679_2.fastq.gz,"Create or complete the cryosection and required attachments, then add its microsamples"
P1,G,PRJEB86258,microsample,"microsample from a cryosection absent from the portal catalogue",G121eI101B001,G121eI101B,ERR15561742,SAMEA120135454,ERS26792913,G121eI101B001,M300554,G121eI101B001_L1,2025-09-13,https://www.ebi.ac.uk/ena/browser/view/ERR15561742,https://www.ebi.ac.uk/biosamples/samples/SAMEA120135454,ftp.sra.ebi.ac.uk/vol1/fastq/ERR155/042/ERR15561742/ERR15561742_1.fastq.gz;ftp.sra.ebi.ac.uk/vol1/fastq/ERR155/042/ERR15561742/ERR15561742_2.fastq.gz,"Create or complete the cryosection and required attachments, then add its microsamples"
P1,G,PRJEB86258,microsample,"microsample from a cryosection absent from the portal catalogue",G121eI101B002,G121eI101B,ERR15561714,SAMEA120135426,ERS26792885,G121eI101B002,M300556,G121eI101B002_L1,2025-09-13,https://www.ebi.ac.uk/ena/browser/view/ERR15561714,https://www.ebi.ac.uk/biosamples/samples/SAMEA120135426,ftp.sra.ebi.ac.uk/vol1/fastq/ERR155/014/ERR15561714/ERR15561714_1.fastq.gz;ftp.sra.ebi.ac.uk/vol1/fastq/ERR155/014/ERR15561714/ERR15561714_2.fastq.gz,"Create or complete the cryosection and required attachments, then add its microsamples"
P1,G,PRJEB86258,microsample,"microsample from a cryosection absent from the portal catalogue",G121eI101B003,G121eI101B,ERR15561718,SAMEA120135430,ERS26792889,G121eI101B003,M300557,G121eI101B003_L1,2025-09-13,https://www.ebi.ac.uk/ena/browser/view/ERR15561718,https://www.ebi.ac.uk/biosamples/samples/SAMEA120135430,ftp.sra.ebi.ac.uk/vol1/fastq/ERR155/018/ERR15561718/ERR15561718_1.fastq.gz;ftp.sra.ebi.ac.uk/vol1/fastq/ERR155/018/ERR15561718/ERR15561718_2.fastq.gz,"Create or complete the cryosection and required attachments, then add its microsamples"
P1,G,PRJEB86258,microsample,"microsample from a cryosection absent from the portal catalogue",G121eI101B004,G121eI101B,ERR15561731,SAMEA120135443,ERS26792902,G121eI101B004,M300559,G121eI101B004_L1,2025-09-13,https://www.ebi.ac.uk/ena/browser/view/ERR15561731,https://www.ebi.ac.uk/biosamples/samples/SAMEA120135443,ftp.sra.ebi.ac.uk/vol1/fastq/ERR155/031/ERR15561731/ERR15561731_1.fastq.gz;ftp.sra.ebi.ac.uk/vol1/fastq/ERR155/031/ERR15561731/ERR15561731_2.fastq.gz,"Create or complete the cryosection and required attachments, then add its microsamples"
P1,G,PRJEB86258,microsample,"microsample from a cryosection absent from the portal catalogue",G121eI101B005,G121eI101B,ERR15561710,SAMEA120135422,ERS26792881,G121eI101B005,M300560,G121eI101B005_L1,2025-09-13,https://www.ebi.ac.uk/ena/browser/view/ERR15561710,https://www.ebi.ac.uk/biosamples/samples/SAMEA120135422,ftp.sra.ebi.ac.uk/vol1/fastq/ERR155/010/ERR15561710/ERR15561710_1.fastq.gz;ftp.sra.ebi.ac.uk/vol1/fastq/ERR155/010/ERR15561710/ERR15561710_2.fastq.gz,"Create or complete the cryosection and required attachments, then add its microsamples"
P1,G,PRJEB86258,microsample,"microsample from a cryosection absent from the portal catalogue",G121eI101B006,G121eI101B,ERR15561747,SAMEA120135458,ERS26792917,G121eI101B006,M300561,G121eI101B006_L1,2025-09-13,https://www.ebi.ac.uk/ena/browser/view/ERR15561747,https://www.ebi.ac.uk/biosamples/samples/SAMEA120135458,ftp.sra.ebi.ac.uk/vol1/fastq/ERR155/047/ERR15561747/ERR15561747_1.fastq.gz;ftp.sra.ebi.ac.uk/vol1/fastq/ERR155/047/ERR15561747/ERR15561747_2.fastq.gz,"Create or complete the cryosection and required attachments, then add its microsamples"
P1,G,PRJEB86258,microsample,"microsample from a cryosection absent from the portal catalogue",G121eI101B007,G121eI101B,ERR15561713,SAMEA120135425,ERS26792884,G121eI101B007,M300562,G121eI101B007_L1,2025-09-13,https://www.ebi.ac.uk/ena/browser/view/ERR15561713,https://www.ebi.ac.uk/biosamples/samples/SAMEA120135425,ftp.sra.ebi.ac.uk/vol1/fastq/ERR155/013/ERR15561713/ERR15561713_1.fastq.gz;ftp.sra.ebi.ac.uk/vol1/fastq/ERR155/013/ERR15561713/ERR15561713_2.fastq.gz,"Create or complete the cryosection and required attachments, then add its microsamples"
P1,G,PRJEB86258,microsample,"microsample from a cryosection absent from the portal catalogue",G121eI101B008,G121eI101B,ERR15561736,SAMEA120135448,ERS26792907,G121eI101B008,M300563,G121eI101B008_L1,2025-09-13,https://www.ebi.ac.uk/ena/browser/view/ERR15561736,https://www.ebi.ac.uk/biosamples/samples/SAMEA120135448,ftp.sra.ebi.ac.uk/vol1/fastq/ERR155/036/ERR15561736/ERR15561736_1.fastq.gz;ftp.sra.ebi.ac.uk/vol1/fastq/ERR155/036/ERR15561736/ERR15561736_2.fastq.gz,"Create or complete the cryosection and required attachments, then add its microsamples"
P1,G,PRJEB86258,microsample,"microsample from a cryosection absent from the portal catalogue",G121eI101B009,G121eI101B,ERR15561661,SAMEA120135373,ERS26792832,G121eI101B009,M300564,G121eI101B009_L1,2025-09-13,https://www.ebi.ac.uk/ena/browser/view/ERR15561661,https://www.ebi.ac.uk/biosamples/samples/SAMEA120135373,ftp.sra.ebi.ac.uk/vol1/fastq/ERR155/061/ERR15561661/ERR15561661_1.fastq.gz;ftp.sra.ebi.ac.uk/vol1/fastq/ERR155/061/ERR15561661/ERR15561661_2.fastq.gz,"Create or complete the cryosection and required attachments, then add its microsamples"
P1,G,PRJEB86258,microsample,"microsample from a cryosection absent from the portal catalogue",G121eI101B010,G121eI101B,ERR15561738,SAMEA120135450,ERS26792909,G121eI101B010,M300566,G121eI101B010_L1,2025-09-13,https://www.ebi.ac.uk/ena/browser/view/ERR15561738,https://www.ebi.ac.uk/biosamples/samples/SAMEA120135450,ftp.sra.ebi.ac.uk/vol1/fastq/ERR155/038/ERR15561738/ERR15561738_1.fastq.gz;ftp.sra.ebi.ac.uk/vol1/fastq/ERR155/038/ERR15561738/ERR15561738_2.fastq.gz,"Create or complete the cryosection and required attachments, then add its microsamples"
P1,G,PRJEB86258,microsample,"microsample from a cryosection absent from the portal catalogue",G121eI101B011,G121eI101B,ERR15561722,SAMEA120135434,ERS26792893,G121eI101B011,M300567,G121eI101B011_L1,2025-09-13,https://www.ebi.ac.uk/ena/browser/view/ERR15561722,https://www.ebi.ac.uk/biosamples/samples/SAMEA120135434,ftp.sra.ebi.ac.uk/vol1/fastq/ERR155/022/ERR15561722/ERR15561722_1.fastq.gz;ftp.sra.ebi.ac.uk/vol1/fastq/ERR155/022/ERR15561722/ERR15561722_2.fastq.gz,"Create or complete the cryosection and required attachments, then add its microsamples"
P1,G,PRJEB86258,microsample,"microsample from a cryosection absent from the portal catalogue",G121eI101B012,G121eI101B,ERR15561705,SAMEA120135417,ERS26792876,G121eI101B012,M300569,G121eI101B012_L1,2025-09-13,https://www.ebi.ac.uk/ena/browser/view/ERR15561705,https://www.ebi.ac.uk/biosamples/samples/SAMEA120135417,ftp.sra.ebi.ac.uk/vol1/fastq/ERR155/005/ERR15561705/ERR15561705_1.fastq.gz;ftp.sra.ebi.ac.uk/vol1/fastq/ERR155/005/ERR15561705/ERR15561705_2.fastq.gz,"Create or complete the cryosection and required attachments, then add its microsamples"
P1,G,PRJEB86258,microsample,"microsample from a cryosection absent from the portal catalogue",G121eI101B013,G121eI101B,ERR15561739,SAMEA120135451,ERS26792910,G121eI101B013,M300570,G121eI101B013_L1,2025-09-13,https://www.ebi.ac.uk/ena/browser/view/ERR15561739,https://www.ebi.ac.uk/biosamples/samples/SAMEA120135451,ftp.sra.ebi.ac.uk/vol1/fastq/ERR155/039/ERR15561739/ERR15561739_1.fastq.gz;ftp.sra.ebi.ac.uk/vol1/fastq/ERR155/039/ERR15561739/ERR15561739_2.fastq.gz,"Create or complete the cryosection and required attachments, then add its microsamples"
P1,G,PRJEB86258,microsample,"microsample from a cryosection absent from the portal catalogue",G121eI101B014,G121eI101B,ERR15561728,SAMEA120135440,ERS26792899,G121eI101B014,M300571,G121eI101B014_L1,2025-09-13,https://www.ebi.ac.uk/ena/browser/view/ERR15561728,https://www.ebi.ac.uk/biosamples/samples/SAMEA120135440,ftp.sra.ebi.ac.uk/vol1/fastq/ERR155/028/ERR15561728/ERR15561728_1.fastq.gz;ftp.sra.ebi.ac.uk/vol1/fastq/ERR155/028/ERR15561728/ERR15561728_2.fastq.gz,"Create or complete the cryosection and required attachments, then add its microsamples"
P1,G,PRJEB86258,microsample,"microsample from a cryosection absent from the portal catalogue",G121eI101B015,G121eI101B,ERR15561688,SAMEA120135400,ERS26792859,G121eI101B015,M300572,G121eI101B015_L1,2025-09-13,https://www.ebi.ac.uk/ena/browser/view/ERR15561688,https://www.ebi.ac.uk/biosamples/samples/SAMEA120135400,ftp.sra.ebi.ac.uk/vol1/fastq/ERR155/088/ERR15561688/ERR15561688_1.fastq.gz;ftp.sra.ebi.ac.uk/vol1/fastq/ERR155/088/ERR15561688/ERR15561688_2.fastq.gz,"Create or complete the cryosection and required attachments, then add its microsamples"
P1,G,PRJEB86258,microsample,"microsample from a cryosection absent from the portal catalogue",G121eI101B016,G121eI101B,ERR15561708,SAMEA120135420,ERS26792879,G121eI101B016,M300574,G121eI101B016_L1,2025-09-13,https://www.ebi.ac.uk/ena/browser/view/ERR15561708,https://www.ebi.ac.uk/biosamples/samples/SAMEA120135420,ftp.sra.ebi.ac.uk/vol1/fastq/ERR155/008/ERR15561708/ERR15561708_1.fastq.gz;ftp.sra.ebi.ac.uk/vol1/fastq/ERR155/008/ERR15561708/ERR15561708_2.fastq.gz,"Create or complete the cryosection and required attachments, then add its microsamples"
P1,G,PRJEB86258,microsample,"microsample from a cryosection absent from the portal catalogue",G121eI101B017,G121eI101B,ERR15561717,SAMEA120135429,ERS26792888,G121eI101B017,M300576,G121eI101B017_L1,2025-09-13,https://www.ebi.ac.uk/ena/browser/view/ERR15561717,https://www.ebi.ac.uk/biosamples/samples/SAMEA120135429,ftp.sra.ebi.ac.uk/vol1/fastq/ERR155/017/ERR15561717/ERR15561717_1.fastq.gz;ftp.sra.ebi.ac.uk/vol1/fastq/ERR155/017/ERR15561717/ERR15561717_2.fastq.gz,"Create or complete the cryosection and required attachments, then add its microsamples"
P1,G,PRJEB86258,microsample,"microsample from a cryosection absent from the portal catalogue",G121eI101B018,G121eI101B,ERR15561743,SAMEA120135455,ERS26792914,G121eI101B018,M300577,G121eI101B018_L1,2025-09-13,https://www.ebi.ac.uk/ena/browser/view/ERR15561743,https://www.ebi.ac.uk/biosamples/samples/SAMEA120135455,ftp.sra.ebi.ac.uk/vol1/fastq/ERR155/043/ERR15561743/ERR15561743_1.fastq.gz;ftp.sra.ebi.ac.uk/vol1/fastq/ERR155/043/ERR15561743/ERR15561743_2.fastq.gz,"Create or complete the cryosection and required attachments, then add its microsamples"
P1,G,PRJEB86258,microsample,"microsample from a cryosection absent from the portal catalogue",G121eI101B019,G121eI101B,ERR15561733,SAMEA120135445,ERS26792904,G121eI101B019,M300578,G121eI101B019_L1,2025-09-13,https://www.ebi.ac.uk/ena/browser/view/ERR15561733,https://www.ebi.ac.uk/biosamples/samples/SAMEA120135445,ftp.sra.ebi.ac.uk/vol1/fastq/ERR155/033/ERR15561733/ERR15561733_1.fastq.gz;ftp.sra.ebi.ac.uk/vol1/fastq/ERR155/033/ERR15561733/ERR15561733_2.fastq.gz,"Create or complete the cryosection and required attachments, then add its microsamples"
P1,G,PRJEB86258,microsample,"microsample from a cryosection absent from the portal catalogue",G121eI101B020,G121eI101B,ERR15561721,SAMEA120135433,ERS26792892,G121eI101B020,M300580,G121eI101B020_L1,2025-09-13,https://www.ebi.ac.uk/ena/browser/view/ERR15561721,https://www.ebi.ac.uk/biosamples/samples/SAMEA120135433,ftp.sra.ebi.ac.uk/vol1/fastq/ERR155/021/ERR15561721/ERR15561721_1.fastq.gz;ftp.sra.ebi.ac.uk/vol1/fastq/ERR155/021/ERR15561721/ERR15561721_2.fastq.gz,"Create or complete the cryosection and required attachments, then add its microsamples"
P1,G,PRJEB86258,microsample,"microsample from a cryosection absent from the portal catalogue",G121eI101B021,G121eI101B,ERR15561720,SAMEA120135432,ERS26792891,G121eI101B021,M300581,G121eI101B021_L1,2025-09-13,https://www.ebi.ac.uk/ena/browser/view/ERR15561720,https://www.ebi.ac.uk/biosamples/samples/SAMEA120135432,ftp.sra.ebi.ac.uk/vol1/fastq/ERR155/020/ERR15561720/ERR15561720_1.fastq.gz;ftp.sra.ebi.ac.uk/vol1/fastq/ERR155/020/ERR15561720/ERR15561720_2.fastq.gz,"Create or complete the cryosection and required attachments, then add its microsamples"
P1,G,PRJEB86258,microsample,"microsample from a cryosection absent from the portal catalogue",G121eI101B022,G121eI101B,ERR15561691,SAMEA120135403,ERS26792862,G121eI101B022,M300582,G121eI101B022_L1,2025-09-13,https://www.ebi.ac.uk/ena/browser/view/ERR15561691,https://www.ebi.ac.uk/biosamples/samples/SAMEA120135403,ftp.sra.ebi.ac.uk/vol1/fastq/ERR155/091/ERR15561691/ERR15561691_1.fastq.gz;ftp.sra.ebi.ac.uk/vol1/fastq/ERR155/091/ERR15561691/ERR15561691_2.fastq.gz,"Create or complete the cryosection and required attachments, then add its microsamples"
P1,G,PRJEB86258,microsample,"microsample from a cryosection absent from the portal catalogue",G121eI101B023,G121eI101B,ERR15561726,SAMEA120135438,ERS26792897,G121eI101B023,M300583,G121eI101B023_L1,2025-09-13,https://www.ebi.ac.uk/ena/browser/view/ERR15561726,https://www.ebi.ac.uk/biosamples/samples/SAMEA120135438,ftp.sra.ebi.ac.uk/vol1/fastq/ERR155/026/ERR15561726/ERR15561726_1.fastq.gz;ftp.sra.ebi.ac.uk/vol1/fastq/ERR155/026/ERR15561726/ERR15561726_2.fastq.gz,"Create or complete the cryosection and required attachments, then add its microsamples"
P1,G,PRJEB86258,microsample,"microsample from a cryosection absent from the portal catalogue",G121eI101B024,G121eI101B,ERR15561741,SAMEA120135453,ERS26792912,G121eI101B024,M300584,G121eI101B024_L1,2025-09-13,https://www.ebi.ac.uk/ena/browser/view/ERR15561741,https://www.ebi.ac.uk/biosamples/samples/SAMEA120135453,ftp.sra.ebi.ac.uk/vol1/fastq/ERR155/041/ERR15561741/ERR15561741_1.fastq.gz;ftp.sra.ebi.ac.uk/vol1/fastq/ERR155/041/ERR15561741/ERR15561741_2.fastq.gz,"Create or complete the cryosection and required attachments, then add its microsamples"
P1,G,PRJEB86258,microsample,"microsample from a cryosection absent from the portal catalogue",G121eI101B025,G121eI101B,ERR15561749,SAMEA120135460,ERS26792919,G121eI101B025,M300588,G121eI101B025_L1,2025-09-13,https://www.ebi.ac.uk/ena/browser/view/ERR15561749,https://www.ebi.ac.uk/biosamples/samples/SAMEA120135460,ftp.sra.ebi.ac.uk/vol1/fastq/ERR155/049/ERR15561749/ERR15561749_1.fastq.gz;ftp.sra.ebi.ac.uk/vol1/fastq/ERR155/049/ERR15561749/ERR15561749_2.fastq.gz,"Create or complete the cryosection and required attachments, then add its microsamples"
P1,G,PRJEB86258,microsample,"microsample from a cryosection absent from the portal catalogue",G121eI101B026,G121eI101B,ERR15561740,SAMEA120135452,ERS26792911,G121eI101B026,M300589,G121eI101B026_L1,2025-09-13,https://www.ebi.ac.uk/ena/browser/view/ERR15561740,https://www.ebi.ac.uk/biosamples/samples/SAMEA120135452,ftp.sra.ebi.ac.uk/vol1/fastq/ERR155/040/ERR15561740/ERR15561740_1.fastq.gz;ftp.sra.ebi.ac.uk/vol1/fastq/ERR155/040/ERR15561740/ERR15561740_2.fastq.gz,"Create or complete the cryosection and required attachments, then add its microsamples"
P1,G,PRJEB86258,microsample,"microsample from a cryosection absent from the portal catalogue",G121eI101B027,G121eI101B,ERR15561724,SAMEA120135436,ERS26792895,G121eI101B027,M300590,G121eI101B027_L1,2025-09-13,https://www.ebi.ac.uk/ena/browser/view/ERR15561724,https://www.ebi.ac.uk/biosamples/samples/SAMEA120135436,ftp.sra.ebi.ac.uk/vol1/fastq/ERR155/024/ERR15561724/ERR15561724_1.fastq.gz;ftp.sra.ebi.ac.uk/vol1/fastq/ERR155/024/ERR15561724/ERR15561724_2.fastq.gz,"Create or complete the cryosection and required attachments, then add its microsamples"
P1,G,PRJEB86258,microsample,"microsample from a cryosection absent from the portal catalogue",G121eI101B028,G121eI101B,ERR15561709,SAMEA120135421,ERS26792880,G121eI101B028,M300591,G121eI101B028_L1,2025-09-13,https://www.ebi.ac.uk/ena/browser/view/ERR15561709,https://www.ebi.ac.uk/biosamples/samples/SAMEA120135421,ftp.sra.ebi.ac.uk/vol1/fastq/ERR155/009/ERR15561709/ERR15561709_1.fastq.gz;ftp.sra.ebi.ac.uk/vol1/fastq/ERR155/009/ERR15561709/ERR15561709_2.fastq.gz,"Create or complete the cryosection and required attachments, then add its microsamples"
P1,G,PRJEB86258,microsample,"microsample from a cryosection absent from the portal catalogue",G121eI101B029,G121eI101B,ERR15561727,SAMEA120135439,ERS26792898,G121eI101B029,M300592,G121eI101B029_L1,2025-09-13,https://www.ebi.ac.uk/ena/browser/view/ERR15561727,https://www.ebi.ac.uk/biosamples/samples/SAMEA120135439,ftp.sra.ebi.ac.uk/vol1/fastq/ERR155/027/ERR15561727/ERR15561727_1.fastq.gz;ftp.sra.ebi.ac.uk/vol1/fastq/ERR155/027/ERR15561727/ERR15561727_2.fastq.gz,"Create or complete the cryosection and required attachments, then add its microsamples"
P1,G,PRJEB86258,microsample,"microsample from a cryosection absent from the portal catalogue",G121eI101B030,G121eI101B,ERR15561732,SAMEA120135444,ERS26792903,G121eI101B030,M300593,G121eI101B030_L1,2025-09-13,https://www.ebi.ac.uk/ena/browser/view/ERR15561732,https://www.ebi.ac.uk/biosamples/samples/SAMEA120135444,ftp.sra.ebi.ac.uk/vol1/fastq/ERR155/032/ERR15561732/ERR15561732_1.fastq.gz;ftp.sra.ebi.ac.uk/vol1/fastq/ERR155/032/ERR15561732/ERR15561732_2.fastq.gz,"Create or complete the cryosection and required attachments, then add its microsamples"
P1,G,PRJEB86258,microsample,"microsample from a cryosection absent from the portal catalogue",G121eI101B031,G121eI101B,ERR15561730,SAMEA120135442,ERS26792901,G121eI101B031,M300594,G121eI101B031_L1,2025-09-13,https://www.ebi.ac.uk/ena/browser/view/ERR15561730,https://www.ebi.ac.uk/biosamples/samples/SAMEA120135442,ftp.sra.ebi.ac.uk/vol1/fastq/ERR155/030/ERR15561730/ERR15561730_1.fastq.gz;ftp.sra.ebi.ac.uk/vol1/fastq/ERR155/030/ERR15561730/ERR15561730_2.fastq.gz,"Create or complete the cryosection and required attachments, then add its microsamples"
P1,G,PRJEB86258,microsample,"microsample from a cryosection absent from the portal catalogue",G121eI101B032,G121eI101B,ERR15561725,SAMEA120135437,ERS26792896,G121eI101B032,M300595,G121eI101B032_L1,2025-09-13,https://www.ebi.ac.uk/ena/browser/view/ERR15561725,https://www.ebi.ac.uk/biosamples/samples/SAMEA120135437,ftp.sra.ebi.ac.uk/vol1/fastq/ERR155/025/ERR15561725/ERR15561725_1.fastq.gz;ftp.sra.ebi.ac.uk/vol1/fastq/ERR155/025/ERR15561725/ERR15561725_2.fastq.gz,"Create or complete the cryosection and required attachments, then add its microsamples"
P1,G,PRJEB86258,microsample,"microsample from a cryosection absent from the portal catalogue",G121eI101B033,G121eI101B,ERR15561748,SAMEA120135459,ERS26792918,G121eI101B033,M300596,G121eI101B033_L1,2025-09-13,https://www.ebi.ac.uk/ena/browser/view/ERR15561748,https://www.ebi.ac.uk/biosamples/samples/SAMEA120135459,ftp.sra.ebi.ac.uk/vol1/fastq/ERR155/048/ERR15561748/ERR15561748_1.fastq.gz;ftp.sra.ebi.ac.uk/vol1/fastq/ERR155/048/ERR15561748/ERR15561748_2.fastq.gz,"Create or complete the cryosection and required attachments, then add its microsamples"
P1,G,PRJEB86258,microsample,"microsample from a cryosection absent from the portal catalogue",G121eI101B034,G121eI101B,ERR15561737,SAMEA120135449,ERS26792908,G121eI101B034,M300597,G121eI101B034_L1,2025-09-13,https://www.ebi.ac.uk/ena/browser/view/ERR15561737,https://www.ebi.ac.uk/biosamples/samples/SAMEA120135449,ftp.sra.ebi.ac.uk/vol1/fastq/ERR155/037/ERR15561737/ERR15561737_1.fastq.gz;ftp.sra.ebi.ac.uk/vol1/fastq/ERR155/037/ERR15561737/ERR15561737_2.fastq.gz,"Create or complete the cryosection and required attachments, then add its microsamples"
P1,G,PRJEB86258,microsample,"microsample from a cryosection absent from the portal catalogue",G121eI101B035,G121eI101B,ERR15561746,SAMEA120135457,ERS26792916,G121eI101B035,M300598,G121eI101B035_L1,2025-09-13,https://www.ebi.ac.uk/ena/browser/view/ERR15561746,https://www.ebi.ac.uk/biosamples/samples/SAMEA120135457,ftp.sra.ebi.ac.uk/vol1/fastq/ERR155/046/ERR15561746/ERR15561746_1.fastq.gz;ftp.sra.ebi.ac.uk/vol1/fastq/ERR155/046/ERR15561746/ERR15561746_2.fastq.gz,"Create or complete the cryosection and required attachments, then add its microsamples"
P1,G,PRJEB86258,microsample,"microsample from a cryosection absent from the portal catalogue",G121eI101B036,G121eI101B,ERR15561729,SAMEA120135441,ERS26792900,G121eI101B036,M300599,G121eI101B036_L1,2025-09-13,https://www.ebi.ac.uk/ena/browser/view/ERR15561729,https://www.ebi.ac.uk/biosamples/samples/SAMEA120135441,ftp.sra.ebi.ac.uk/vol1/fastq/ERR155/029/ERR15561729/ERR15561729_1.fastq.gz;ftp.sra.ebi.ac.uk/vol1/fastq/ERR155/029/ERR15561729/ERR15561729_2.fastq.gz,"Create or complete the cryosection and required attachments, then add its microsamples"
P1,G,PRJEB86258,microsample,"microsample from a cryosection absent from the portal catalogue",G121eI102A001,G121eI102A,ERR15114245,SAMEA118546649,ERS24936513,G121eI102A001,M300651,G121eI102A001_L1,2025-06-12,https://www.ebi.ac.uk/ena/browser/view/ERR15114245,https://www.ebi.ac.uk/biosamples/samples/SAMEA118546649,ftp.sra.ebi.ac.uk/vol1/fastq/ERR151/045/ERR15114245/ERR15114245_1.fastq.gz;ftp.sra.ebi.ac.uk/vol1/fastq/ERR151/045/ERR15114245/ERR15114245_2.fastq.gz,"Create or complete the cryosection and required attachments, then add its microsamples"
P1,G,PRJEB86258,microsample,"microsample from a cryosection absent from the portal catalogue",G121eI102A002,G121eI102A,ERR15117157,SAMEA118555143,ERS24945427,G121eI102A002,M300652,G121eI102A002_L1,2025-06-13,https://www.ebi.ac.uk/ena/browser/view/ERR15117157,https://www.ebi.ac.uk/biosamples/samples/SAMEA118555143,ftp.sra.ebi.ac.uk/vol1/fastq/ERR151/057/ERR15117157/ERR15117157_1.fastq.gz;ftp.sra.ebi.ac.uk/vol1/fastq/ERR151/057/ERR15117157/ERR15117157_2.fastq.gz,"Create or complete the cryosection and required attachments, then add its microsamples"
P1,G,PRJEB86258,microsample,"microsample from a cryosection absent from the portal catalogue",G121eI102A003,G121eI102A,ERR15117123,SAMEA118555113,ERS24945397,G121eI102A003,M300653,G121eI102A003_L1,2025-06-13,https://www.ebi.ac.uk/ena/browser/view/ERR15117123,https://www.ebi.ac.uk/biosamples/samples/SAMEA118555113,ftp.sra.ebi.ac.uk/vol1/fastq/ERR151/023/ERR15117123/ERR15117123_1.fastq.gz;ftp.sra.ebi.ac.uk/vol1/fastq/ERR151/023/ERR15117123/ERR15117123_2.fastq.gz,"Create or complete the cryosection and required attachments, then add its microsamples"
P1,G,PRJEB86258,microsample,"microsample from a cryosection absent from the portal catalogue",G121eI102A004,G121eI102A,ERR15117150,SAMEA118555136,ERS24945420,G121eI102A004,M300654,G121eI102A004_L1,2025-06-13,https://www.ebi.ac.uk/ena/browser/view/ERR15117150,https://www.ebi.ac.uk/biosamples/samples/SAMEA118555136,ftp.sra.ebi.ac.uk/vol1/fastq/ERR151/050/ERR15117150/ERR15117150_1.fastq.gz;ftp.sra.ebi.ac.uk/vol1/fastq/ERR151/050/ERR15117150/ERR15117150_2.fastq.gz,"Create or complete the cryosection and required attachments, then add its microsamples"
P1,G,PRJEB86258,microsample,"microsample from a cryosection absent from the portal catalogue",G121eI102A005,G121eI102A,ERR15117125,SAMEA118555115,ERS24945399,G121eI102A005,M300655,G121eI102A005_L1,2025-06-13,https://www.ebi.ac.uk/ena/browser/view/ERR15117125,https://www.ebi.ac.uk/biosamples/samples/SAMEA118555115,ftp.sra.ebi.ac.uk/vol1/fastq/ERR151/025/ERR15117125/ERR15117125_1.fastq.gz;ftp.sra.ebi.ac.uk/vol1/fastq/ERR151/025/ERR15117125/ERR15117125_2.fastq.gz,"Create or complete the cryosection and required attachments, then add its microsamples"
P1,G,PRJEB86258,microsample,"microsample from a cryosection absent from the portal catalogue",G121eI102A006,G121eI102A,ERR15117126,SAMEA118555116,ERS24945400,G121eI102A006,M300656,G121eI102A006_L1,2025-06-13,https://www.ebi.ac.uk/ena/browser/view/ERR15117126,https://www.ebi.ac.uk/biosamples/samples/SAMEA118555116,ftp.sra.ebi.ac.uk/vol1/fastq/ERR151/026/ERR15117126/ERR15117126_1.fastq.gz;ftp.sra.ebi.ac.uk/vol1/fastq/ERR151/026/ERR15117126/ERR15117126_2.fastq.gz,"Create or complete the cryosection and required attachments, then add its microsamples"
P1,G,PRJEB86258,microsample,"microsample from a cryosection absent from the portal catalogue",G121eI102A007,G121eI102A,ERR15117119,SAMEA118555109,ERS24945393,G121eI102A007,M300657,G121eI102A007_L1,2025-06-13,https://www.ebi.ac.uk/ena/browser/view/ERR15117119,https://www.ebi.ac.uk/biosamples/samples/SAMEA118555109,ftp.sra.ebi.ac.uk/vol1/fastq/ERR151/019/ERR15117119/ERR15117119_1.fastq.gz;ftp.sra.ebi.ac.uk/vol1/fastq/ERR151/019/ERR15117119/ERR15117119_2.fastq.gz,"Create or complete the cryosection and required attachments, then add its microsamples"
P1,G,PRJEB86258,microsample,"microsample from a cryosection absent from the portal catalogue",G121eI102A008,G121eI102A,ERR15117141,SAMEA118555128,ERS24945412,G121eI102A008,M300658,G121eI102A008_L1,2025-06-13,https://www.ebi.ac.uk/ena/browser/view/ERR15117141,https://www.ebi.ac.uk/biosamples/samples/SAMEA118555128,ftp.sra.ebi.ac.uk/vol1/fastq/ERR151/041/ERR15117141/ERR15117141_1.fastq.gz;ftp.sra.ebi.ac.uk/vol1/fastq/ERR151/041/ERR15117141/ERR15117141_2.fastq.gz,"Create or complete the cryosection and required attachments, then add its microsamples"
P1,G,PRJEB86258,microsample,"microsample from a cryosection absent from the portal catalogue",G121eI102A009,G121eI102A,ERR15117168,SAMEA118555164,ERS24945448,G121eI102A009,M300659,G121eI102A009_L1,2025-06-13,https://www.ebi.ac.uk/ena/browser/view/ERR15117168,https://www.ebi.ac.uk/biosamples/samples/SAMEA118555164,ftp.sra.ebi.ac.uk/vol1/fastq/ERR151/068/ERR15117168/ERR15117168_1.fastq.gz;ftp.sra.ebi.ac.uk/vol1/fastq/ERR151/068/ERR15117168/ERR15117168_2.fastq.gz,"Create or complete the cryosection and required attachments, then add its microsamples"
P1,G,PRJEB86258,microsample,"microsample from a cryosection absent from the portal catalogue",G121eI102A010,G121eI102A,ERR15117122,SAMEA118555112,ERS24945396,G121eI102A010,M300660,G121eI102A010_L1,2025-06-13,https://www.ebi.ac.uk/ena/browser/view/ERR15117122,https://www.ebi.ac.uk/biosamples/samples/SAMEA118555112,ftp.sra.ebi.ac.uk/vol1/fastq/ERR151/022/ERR15117122/ERR15117122_1.fastq.gz;ftp.sra.ebi.ac.uk/vol1/fastq/ERR151/022/ERR15117122/ERR15117122_2.fastq.gz,"Create or complete the cryosection and required attachments, then add its microsamples"
P1,G,PRJEB86258,microsample,"microsample from a cryosection absent from the portal catalogue",G121eI102A011,G121eI102A,ERR15117148,SAMEA118555135,ERS24945419,G121eI102A011,M300661,G121eI102A011_L1,2025-06-13,https://www.ebi.ac.uk/ena/browser/view/ERR15117148,https://www.ebi.ac.uk/biosamples/samples/SAMEA118555135,ftp.sra.ebi.ac.uk/vol1/fastq/ERR151/048/ERR15117148/ERR15117148_1.fastq.gz;ftp.sra.ebi.ac.uk/vol1/fastq/ERR151/048/ERR15117148/ERR15117148_2.fastq.gz,"Create or complete the cryosection and required attachments, then add its microsamples"
P1,G,PRJEB86258,microsample,"microsample from a cryosection absent from the portal catalogue",G121eI102A012,G121eI102A,ERR15117160,SAMEA118555145,ERS24945429,G121eI102A012,M300662,G121eI102A012_L1,2025-06-13,https://www.ebi.ac.uk/ena/browser/view/ERR15117160,https://www.ebi.ac.uk/biosamples/samples/SAMEA118555145,ftp.sra.ebi.ac.uk/vol1/fastq/ERR151/060/ERR15117160/ERR15117160_1.fastq.gz;ftp.sra.ebi.ac.uk/vol1/fastq/ERR151/060/ERR15117160/ERR15117160_2.fastq.gz,"Create or complete the cryosection and required attachments, then add its microsamples"
P1,G,PRJEB86258,microsample,"microsample from a cryosection absent from the portal catalogue",G121eI102A013,G121eI102A,ERR15117133,SAMEA118555122,ERS24945406,G121eI102A013,M300664,G121eI102A013_L1,2025-06-13,https://www.ebi.ac.uk/ena/browser/view/ERR15117133,https://www.ebi.ac.uk/biosamples/samples/SAMEA118555122,ftp.sra.ebi.ac.uk/vol1/fastq/ERR151/033/ERR15117133/ERR15117133_1.fastq.gz;ftp.sra.ebi.ac.uk/vol1/fastq/ERR151/033/ERR15117133/ERR15117133_2.fastq.gz,"Create or complete the cryosection and required attachments, then add its microsamples"
P1,G,PRJEB86258,microsample,"microsample from a cryosection absent from the portal catalogue",G121eI102A014,G121eI102A,ERR15117117,SAMEA118555107,ERS24945391,G121eI102A014,M300665,G121eI102A014_L1,2025-06-13,https://www.ebi.ac.uk/ena/browser/view/ERR15117117,https://www.ebi.ac.uk/biosamples/samples/SAMEA118555107,ftp.sra.ebi.ac.uk/vol1/fastq/ERR151/017/ERR15117117/ERR15117117_1.fastq.gz;ftp.sra.ebi.ac.uk/vol1/fastq/ERR151/017/ERR15117117/ERR15117117_2.fastq.gz,"Create or complete the cryosection and required attachments, then add its microsamples"
P1,G,PRJEB86258,microsample,"microsample from a cryosection absent from the portal catalogue",G121eI102A015,G121eI102A,ERR15117161,SAMEA118555146,ERS24945430,G121eI102A015,M300666,G121eI102A015_L1,2025-06-13,https://www.ebi.ac.uk/ena/browser/view/ERR15117161,https://www.ebi.ac.uk/biosamples/samples/SAMEA118555146,ftp.sra.ebi.ac.uk/vol1/fastq/ERR151/061/ERR15117161/ERR15117161_1.fastq.gz;ftp.sra.ebi.ac.uk/vol1/fastq/ERR151/061/ERR15117161/ERR15117161_2.fastq.gz,"Create or complete the cryosection and required attachments, then add its microsamples"
P1,G,PRJEB86258,microsample,"microsample from a cryosection absent from the portal catalogue",G121eI102A016,G121eI102A,ERR15117158,SAMEA118555144,ERS24945428,G121eI102A016,M300668,G121eI102A016_L1,2025-06-13,https://www.ebi.ac.uk/ena/browser/view/ERR15117158,https://www.ebi.ac.uk/biosamples/samples/SAMEA118555144,ftp.sra.ebi.ac.uk/vol1/fastq/ERR151/058/ERR15117158/ERR15117158_1.fastq.gz;ftp.sra.ebi.ac.uk/vol1/fastq/ERR151/058/ERR15117158/ERR15117158_2.fastq.gz,"Create or complete the cryosection and required attachments, then add its microsamples"
P1,G,PRJEB86258,microsample,"microsample from a cryosection absent from the portal catalogue",G121eI102A017,G121eI102A,ERR15117152,SAMEA118555138,ERS24945422,G121eI102A017,M300669,G121eI102A017_L1,2025-06-13,https://www.ebi.ac.uk/ena/browser/view/ERR15117152,https://www.ebi.ac.uk/biosamples/samples/SAMEA118555138,ftp.sra.ebi.ac.uk/vol1/fastq/ERR151/052/ERR15117152/ERR15117152_1.fastq.gz;ftp.sra.ebi.ac.uk/vol1/fastq/ERR151/052/ERR15117152/ERR15117152_2.fastq.gz,"Create or complete the cryosection and required attachments, then add its microsamples"
P1,G,PRJEB86258,microsample,"microsample from a cryosection absent from the portal catalogue",G121eI102A018,G121eI102A,ERR15117144,SAMEA118555131,ERS24945415,G121eI102A018,M300670,G121eI102A018_L1,2025-06-13,https://www.ebi.ac.uk/ena/browser/view/ERR15117144,https://www.ebi.ac.uk/biosamples/samples/SAMEA118555131,ftp.sra.ebi.ac.uk/vol1/fastq/ERR151/044/ERR15117144/ERR15117144_1.fastq.gz;ftp.sra.ebi.ac.uk/vol1/fastq/ERR151/044/ERR15117144/ERR15117144_2.fastq.gz,"Create or complete the cryosection and required attachments, then add its microsamples"
P1,G,PRJEB86258,microsample,"microsample from a cryosection absent from the portal catalogue",G121eI102A019,G121eI102A,ERR15117146,SAMEA118555133,ERS24945417,G121eI102A019,M300671,G121eI102A019_L1,2025-06-13,https://www.ebi.ac.uk/ena/browser/view/ERR15117146,https://www.ebi.ac.uk/biosamples/samples/SAMEA118555133,ftp.sra.ebi.ac.uk/vol1/fastq/ERR151/046/ERR15117146/ERR15117146_1.fastq.gz;ftp.sra.ebi.ac.uk/vol1/fastq/ERR151/046/ERR15117146/ERR15117146_2.fastq.gz,"Create or complete the cryosection and required attachments, then add its microsamples"
P1,G,PRJEB86258,microsample,"microsample from a cryosection absent from the portal catalogue",G121eI102A020,G121eI102A,ERR15117154,SAMEA118555140,ERS24945424,G121eI102A020,M300672,G121eI102A020_L1,2025-06-13,https://www.ebi.ac.uk/ena/browser/view/ERR15117154,https://www.ebi.ac.uk/biosamples/samples/SAMEA118555140,ftp.sra.ebi.ac.uk/vol1/fastq/ERR151/054/ERR15117154/ERR15117154_1.fastq.gz;ftp.sra.ebi.ac.uk/vol1/fastq/ERR151/054/ERR15117154/ERR15117154_2.fastq.gz,"Create or complete the cryosection and required attachments, then add its microsamples"
P1,G,PRJEB86258,microsample,"microsample from a cryosection absent from the portal catalogue",G121eI102A021,G121eI102A,ERR15117135,SAMEA118555123,ERS24945407,G121eI102A021,M300673,G121eI102A021_L1,2025-06-13,https://www.ebi.ac.uk/ena/browser/view/ERR15117135,https://www.ebi.ac.uk/biosamples/samples/SAMEA118555123,ftp.sra.ebi.ac.uk/vol1/fastq/ERR151/035/ERR15117135/ERR15117135_1.fastq.gz;ftp.sra.ebi.ac.uk/vol1/fastq/ERR151/035/ERR15117135/ERR15117135_2.fastq.gz,"Create or complete the cryosection and required attachments, then add its microsamples"
P1,G,PRJEB86258,microsample,"microsample from a cryosection absent from the portal catalogue",G121eI102A022,G121eI102A,ERR15117153,SAMEA118555139,ERS24945423,G121eI102A022,M300674,G121eI102A022_L1,2025-06-13,https://www.ebi.ac.uk/ena/browser/view/ERR15117153,https://www.ebi.ac.uk/biosamples/samples/SAMEA118555139,ftp.sra.ebi.ac.uk/vol1/fastq/ERR151/053/ERR15117153/ERR15117153_1.fastq.gz;ftp.sra.ebi.ac.uk/vol1/fastq/ERR151/053/ERR15117153/ERR15117153_2.fastq.gz,"Create or complete the cryosection and required attachments, then add its microsamples"
P1,G,PRJEB86258,microsample,"microsample from a cryosection absent from the portal catalogue",G121eI102A023,G121eI102A,ERR15117165,SAMEA118555161,ERS24945445,G121eI102A023,M300675,G121eI102A023_L1,2025-06-13,https://www.ebi.ac.uk/ena/browser/view/ERR15117165,https://www.ebi.ac.uk/biosamples/samples/SAMEA118555161,ftp.sra.ebi.ac.uk/vol1/fastq/ERR151/065/ERR15117165/ERR15117165_1.fastq.gz;ftp.sra.ebi.ac.uk/vol1/fastq/ERR151/065/ERR15117165/ERR15117165_2.fastq.gz,"Create or complete the cryosection and required attachments, then add its microsamples"
P1,G,PRJEB86258,microsample,"microsample from a cryosection absent from the portal catalogue",G121eI102A024,G121eI102A,ERR15117140,SAMEA118555127,ERS24945411,G121eI102A024,M300676,G121eI102A024_L1,2025-06-13,https://www.ebi.ac.uk/ena/browser/view/ERR15117140,https://www.ebi.ac.uk/biosamples/samples/SAMEA118555127,ftp.sra.ebi.ac.uk/vol1/fastq/ERR151/040/ERR15117140/ERR15117140_1.fastq.gz;ftp.sra.ebi.ac.uk/vol1/fastq/ERR151/040/ERR15117140/ERR15117140_2.fastq.gz,"Create or complete the cryosection and required attachments, then add its microsamples"
P1,G,PRJEB86258,microsample,"microsample from a cryosection absent from the portal catalogue",G121eI102A025,G121eI102A,ERR15117120,SAMEA118555110,ERS24945394,G121eI102A025,M300677,G121eI102A025_L1,2025-06-13,https://www.ebi.ac.uk/ena/browser/view/ERR15117120,https://www.ebi.ac.uk/biosamples/samples/SAMEA118555110,ftp.sra.ebi.ac.uk/vol1/fastq/ERR151/020/ERR15117120/ERR15117120_1.fastq.gz;ftp.sra.ebi.ac.uk/vol1/fastq/ERR151/020/ERR15117120/ERR15117120_2.fastq.gz,"Create or complete the cryosection and required attachments, then add its microsamples"
P1,G,PRJEB86258,microsample,"microsample from a cryosection absent from the portal catalogue",G121eI102A026,G121eI102A,ERR15117167,SAMEA118555163,ERS24945447,G121eI102A026,M300678,G121eI102A026_L1,2025-06-13,https://www.ebi.ac.uk/ena/browser/view/ERR15117167,https://www.ebi.ac.uk/biosamples/samples/SAMEA118555163,ftp.sra.ebi.ac.uk/vol1/fastq/ERR151/067/ERR15117167/ERR15117167_1.fastq.gz;ftp.sra.ebi.ac.uk/vol1/fastq/ERR151/067/ERR15117167/ERR15117167_2.fastq.gz,"Create or complete the cryosection and required attachments, then add its microsamples"
P1,G,PRJEB86258,microsample,"microsample from a cryosection absent from the portal catalogue",G121eI102A027,G121eI102A,ERR15117147,SAMEA118555134,ERS24945418,G121eI102A027,M300679,G121eI102A027_L1,2025-06-13,https://www.ebi.ac.uk/ena/browser/view/ERR15117147,https://www.ebi.ac.uk/biosamples/samples/SAMEA118555134,ftp.sra.ebi.ac.uk/vol1/fastq/ERR151/047/ERR15117147/ERR15117147_1.fastq.gz;ftp.sra.ebi.ac.uk/vol1/fastq/ERR151/047/ERR15117147/ERR15117147_2.fastq.gz,"Create or complete the cryosection and required attachments, then add its microsamples"
P1,G,PRJEB86258,microsample,"microsample from a cryosection absent from the portal catalogue",G121eI102A028,G121eI102A,ERR15117155,SAMEA118555141,ERS24945425,G121eI102A028,M300680,G121eI102A028_L1,2025-06-13,https://www.ebi.ac.uk/ena/browser/view/ERR15117155,https://www.ebi.ac.uk/biosamples/samples/SAMEA118555141,ftp.sra.ebi.ac.uk/vol1/fastq/ERR151/055/ERR15117155/ERR15117155_1.fastq.gz;ftp.sra.ebi.ac.uk/vol1/fastq/ERR151/055/ERR15117155/ERR15117155_2.fastq.gz,"Create or complete the cryosection and required attachments, then add its microsamples"
P1,G,PRJEB86258,microsample,"microsample from a cryosection absent from the portal catalogue",G121eI102A029,G121eI102A,ERR15117129,SAMEA118555119,ERS24945403,G121eI102A029,M300682,G121eI102A029_L1,2025-06-13,https://www.ebi.ac.uk/ena/browser/view/ERR15117129,https://www.ebi.ac.uk/biosamples/samples/SAMEA118555119,ftp.sra.ebi.ac.uk/vol1/fastq/ERR151/029/ERR15117129/ERR15117129_1.fastq.gz;ftp.sra.ebi.ac.uk/vol1/fastq/ERR151/029/ERR15117129/ERR15117129_2.fastq.gz,"Create or complete the cryosection and required attachments, then add its microsamples"
P1,G,PRJEB86258,microsample,"microsample from a cryosection absent from the portal catalogue",G121eI102A030,G121eI102A,ERR15117142,SAMEA118555129,ERS24945413,G121eI102A030,M300683,G121eI102A030_L1,2025-06-13,https://www.ebi.ac.uk/ena/browser/view/ERR15117142,https://www.ebi.ac.uk/biosamples/samples/SAMEA118555129,ftp.sra.ebi.ac.uk/vol1/fastq/ERR151/042/ERR15117142/ERR15117142_1.fastq.gz;ftp.sra.ebi.ac.uk/vol1/fastq/ERR151/042/ERR15117142/ERR15117142_2.fastq.gz,"Create or complete the cryosection and required attachments, then add its microsamples"
P1,G,PRJEB86258,microsample,"microsample from a cryosection absent from the portal catalogue",G121eI102A031,G121eI102A,ERR15117143,SAMEA118555130,ERS24945414,G121eI102A031,M300684,G121eI102A031_L1,2025-06-13,https://www.ebi.ac.uk/ena/browser/view/ERR15117143,https://www.ebi.ac.uk/biosamples/samples/SAMEA118555130,ftp.sra.ebi.ac.uk/vol1/fastq/ERR151/043/ERR15117143/ERR15117143_1.fastq.gz;ftp.sra.ebi.ac.uk/vol1/fastq/ERR151/043/ERR15117143/ERR15117143_2.fastq.gz,"Create or complete the cryosection and required attachments, then add its microsamples"
P1,G,PRJEB86258,microsample,"microsample from a cryosection absent from the portal catalogue",G121eI102A032,G121eI102A,ERR15117124,SAMEA118555114,ERS24945398,G121eI102A032,M300686,G121eI102A032_L1,2025-06-13,https://www.ebi.ac.uk/ena/browser/view/ERR15117124,https://www.ebi.ac.uk/biosamples/samples/SAMEA118555114,ftp.sra.ebi.ac.uk/vol1/fastq/ERR151/024/ERR15117124/ERR15117124_1.fastq.gz;ftp.sra.ebi.ac.uk/vol1/fastq/ERR151/024/ERR15117124/ERR15117124_2.fastq.gz,"Create or complete the cryosection and required attachments, then add its microsamples"
P1,G,PRJEB86258,microsample,"microsample from a cryosection absent from the portal catalogue",G121eI102A033,G121eI102A,ERR15117145,SAMEA118555132,ERS24945416,G121eI102A033,M300687,G121eI102A033_L1,2025-06-13,https://www.ebi.ac.uk/ena/browser/view/ERR15117145,https://www.ebi.ac.uk/biosamples/samples/SAMEA118555132,ftp.sra.ebi.ac.uk/vol1/fastq/ERR151/045/ERR15117145/ERR15117145_1.fastq.gz;ftp.sra.ebi.ac.uk/vol1/fastq/ERR151/045/ERR15117145/ERR15117145_2.fastq.gz,"Create or complete the cryosection and required attachments, then add its microsamples"
P1,G,PRJEB86258,microsample,"microsample from a cryosection absent from the portal catalogue",G121eI102A034,G121eI102A,ERR15117151,SAMEA118555137,ERS24945421,G121eI102A034,M300688,G121eI102A034_L1,2025-06-13,https://www.ebi.ac.uk/ena/browser/view/ERR15117151,https://www.ebi.ac.uk/biosamples/samples/SAMEA118555137,ftp.sra.ebi.ac.uk/vol1/fastq/ERR151/051/ERR15117151/ERR15117151_1.fastq.gz;ftp.sra.ebi.ac.uk/vol1/fastq/ERR151/051/ERR15117151/ERR15117151_2.fastq.gz,"Create or complete the cryosection and required attachments, then add its microsamples"
P1,G,PRJEB86258,microsample,"microsample from a cryosection absent from the portal catalogue",G121eI102A035,G121eI102A,ERR15117137,SAMEA118555124,ERS24945408,G121eI102A035,M300689,G121eI102A035_L1,2025-06-13,https://www.ebi.ac.uk/ena/browser/view/ERR15117137,https://www.ebi.ac.uk/biosamples/samples/SAMEA118555124,ftp.sra.ebi.ac.uk/vol1/fastq/ERR151/037/ERR15117137/ERR15117137_1.fastq.gz;ftp.sra.ebi.ac.uk/vol1/fastq/ERR151/037/ERR15117137/ERR15117137_2.fastq.gz,"Create or complete the cryosection and required attachments, then add its microsamples"
P1,G,PRJEB86258,microsample,"microsample from a cryosection absent from the portal catalogue",G121eI102A036,G121eI102A,ERR15117139,SAMEA118555126,ERS24945410,G121eI102A036,M300690,G121eI102A036_L1,2025-06-13,https://www.ebi.ac.uk/ena/browser/view/ERR15117139,https://www.ebi.ac.uk/biosamples/samples/SAMEA118555126,ftp.sra.ebi.ac.uk/vol1/fastq/ERR151/039/ERR15117139/ERR15117139_1.fastq.gz;ftp.sra.ebi.ac.uk/vol1/fastq/ERR151/039/ERR15117139/ERR15117139_2.fastq.gz,"Create or complete the cryosection and required attachments, then add its microsamples"
P1,G,PRJEB86258,microsample,"microsample from a cryosection absent from the portal catalogue",G121eI102A037,G121eI102A,ERR15117166,SAMEA118555162,ERS24945446,G121eI102A037,M300691,G121eI102A037_L1,2025-06-13,https://www.ebi.ac.uk/ena/browser/view/ERR15117166,https://www.ebi.ac.uk/biosamples/samples/SAMEA118555162,ftp.sra.ebi.ac.uk/vol1/fastq/ERR151/066/ERR15117166/ERR15117166_1.fastq.gz;ftp.sra.ebi.ac.uk/vol1/fastq/ERR151/066/ERR15117166/ERR15117166_2.fastq.gz,"Create or complete the cryosection and required attachments, then add its microsamples"
P1,G,PRJEB86258,microsample,"microsample from a cryosection absent from the portal catalogue",G121eI102A038,G121eI102A,ERR15117162,SAMEA118555147,ERS24945431,G121eI102A038,M300692,G121eI102A038_L1,2025-06-13,https://www.ebi.ac.uk/ena/browser/view/ERR15117162,https://www.ebi.ac.uk/biosamples/samples/SAMEA118555147,ftp.sra.ebi.ac.uk/vol1/fastq/ERR151/062/ERR15117162/ERR15117162_1.fastq.gz;ftp.sra.ebi.ac.uk/vol1/fastq/ERR151/062/ERR15117162/ERR15117162_2.fastq.gz,"Create or complete the cryosection and required attachments, then add its microsamples"
P1,G,PRJEB86258,microsample,"microsample from a cryosection absent from the portal catalogue",G121eI102A039,G121eI102A,ERR15117130,SAMEA118555120,ERS24945404,G121eI102A039,M300694,G121eI102A039_L1,2025-06-13,https://www.ebi.ac.uk/ena/browser/view/ERR15117130,https://www.ebi.ac.uk/biosamples/samples/SAMEA118555120,ftp.sra.ebi.ac.uk/vol1/fastq/ERR151/030/ERR15117130/ERR15117130_1.fastq.gz;ftp.sra.ebi.ac.uk/vol1/fastq/ERR151/030/ERR15117130/ERR15117130_2.fastq.gz,"Create or complete the cryosection and required attachments, then add its microsamples"
P1,G,PRJEB86258,microsample,"microsample from a cryosection absent from the portal catalogue",G121eI102A040,G121eI102A,ERR15117164,SAMEA118555148,ERS24945432,G121eI102A040,M300695,G121eI102A040_L1,2025-06-13,https://www.ebi.ac.uk/ena/browser/view/ERR15117164,https://www.ebi.ac.uk/biosamples/samples/SAMEA118555148,ftp.sra.ebi.ac.uk/vol1/fastq/ERR151/064/ERR15117164/ERR15117164_1.fastq.gz;ftp.sra.ebi.ac.uk/vol1/fastq/ERR151/064/ERR15117164/ERR15117164_2.fastq.gz,"Create or complete the cryosection and required attachments, then add its microsamples"
P1,G,PRJEB86258,microsample,"microsample from a cryosection absent from the portal catalogue",G121eI102A041,G121eI102A,ERR15117138,SAMEA118555125,ERS24945409,G121eI102A041,M300696,G121eI102A041_L1,2025-06-13,https://www.ebi.ac.uk/ena/browser/view/ERR15117138,https://www.ebi.ac.uk/biosamples/samples/SAMEA118555125,ftp.sra.ebi.ac.uk/vol1/fastq/ERR151/038/ERR15117138/ERR15117138_1.fastq.gz;ftp.sra.ebi.ac.uk/vol1/fastq/ERR151/038/ERR15117138/ERR15117138_2.fastq.gz,"Create or complete the cryosection and required attachments, then add its microsamples"
P1,G,PRJEB86258,microsample,"microsample from a cryosection absent from the portal catalogue",G121eI102A042,G121eI102A,ERR15117131,SAMEA118555121,ERS24945405,G121eI102A042,M300697,G121eI102A042_L1,2025-06-13,https://www.ebi.ac.uk/ena/browser/view/ERR15117131,https://www.ebi.ac.uk/biosamples/samples/SAMEA118555121,ftp.sra.ebi.ac.uk/vol1/fastq/ERR151/031/ERR15117131/ERR15117131_1.fastq.gz;ftp.sra.ebi.ac.uk/vol1/fastq/ERR151/031/ERR15117131/ERR15117131_2.fastq.gz,"Create or complete the cryosection and required attachments, then add its microsamples"
P1,G,PRJEB86258,microsample,"microsample from a cryosection absent from the portal catalogue",G121eI103A001,G121eI103A,ERR15117916,SAMEA118557553,ERS24976751,G121eI103A001,M300800,G121eI103A001_L1,2025-06-15,https://www.ebi.ac.uk/ena/browser/view/ERR15117916,https://www.ebi.ac.uk/biosamples/samples/SAMEA118557553,ftp.sra.ebi.ac.uk/vol1/fastq/ERR151/016/ERR15117916/ERR15117916_1.fastq.gz;ftp.sra.ebi.ac.uk/vol1/fastq/ERR151/016/ERR15117916/ERR15117916_2.fastq.gz,"Create or complete the cryosection and required attachments, then add its microsamples"
P1,G,PRJEB86258,microsample,"microsample from a cryosection absent from the portal catalogue",G121eI103A002,G121eI103A,ERR15118056,SAMEA118557693,ERS24976891,G121eI103A002,M300801,G121eI103A002_L1,2025-06-15,https://www.ebi.ac.uk/ena/browser/view/ERR15118056,https://www.ebi.ac.uk/biosamples/samples/SAMEA118557693,ftp.sra.ebi.ac.uk/vol1/fastq/ERR151/056/ERR15118056/ERR15118056_1.fastq.gz;ftp.sra.ebi.ac.uk/vol1/fastq/ERR151/056/ERR15118056/ERR15118056_2.fastq.gz,"Create or complete the cryosection and required attachments, then add its microsamples"
P1,G,PRJEB86258,microsample,"microsample from a cryosection absent from the portal catalogue",G121eI103A003,G121eI103A,ERR15118032,SAMEA118557669,ERS24976867,G121eI103A003,M300803,G121eI103A003_L1,2025-06-15,https://www.ebi.ac.uk/ena/browser/view/ERR15118032,https://www.ebi.ac.uk/biosamples/samples/SAMEA118557669,ftp.sra.ebi.ac.uk/vol1/fastq/ERR151/032/ERR15118032/ERR15118032_1.fastq.gz;ftp.sra.ebi.ac.uk/vol1/fastq/ERR151/032/ERR15118032/ERR15118032_2.fastq.gz,"Create or complete the cryosection and required attachments, then add its microsamples"
P1,G,PRJEB86258,microsample,"microsample from a cryosection absent from the portal catalogue",G121eI103A004,G121eI103A,ERR15117924,SAMEA118557561,ERS24976759,G121eI103A004,M300804,G121eI103A004_L1,2025-06-15,https://www.ebi.ac.uk/ena/browser/view/ERR15117924,https://www.ebi.ac.uk/biosamples/samples/SAMEA118557561,ftp.sra.ebi.ac.uk/vol1/fastq/ERR151/024/ERR15117924/ERR15117924_1.fastq.gz;ftp.sra.ebi.ac.uk/vol1/fastq/ERR151/024/ERR15117924/ERR15117924_2.fastq.gz,"Create or complete the cryosection and required attachments, then add its microsamples"
P1,G,PRJEB86258,microsample,"microsample from a cryosection absent from the portal catalogue",G121eI103A005,G121eI103A,ERR15118083,SAMEA118557720,ERS24976918,G121eI103A005,M300806,G121eI103A005_L1,2025-06-15,https://www.ebi.ac.uk/ena/browser/view/ERR15118083,https://www.ebi.ac.uk/biosamples/samples/SAMEA118557720,ftp.sra.ebi.ac.uk/vol1/fastq/ERR151/083/ERR15118083/ERR15118083_1.fastq.gz;ftp.sra.ebi.ac.uk/vol1/fastq/ERR151/083/ERR15118083/ERR15118083_2.fastq.gz,"Create or complete the cryosection and required attachments, then add its microsamples"
P1,G,PRJEB86258,microsample,"microsample from a cryosection absent from the portal catalogue",G121eI103A006,G121eI103A,ERR15117962,SAMEA118557599,ERS24976797,G121eI103A006,M300807,G121eI103A006_L1,2025-06-15,https://www.ebi.ac.uk/ena/browser/view/ERR15117962,https://www.ebi.ac.uk/biosamples/samples/SAMEA118557599,ftp.sra.ebi.ac.uk/vol1/fastq/ERR151/062/ERR15117962/ERR15117962_1.fastq.gz;ftp.sra.ebi.ac.uk/vol1/fastq/ERR151/062/ERR15117962/ERR15117962_2.fastq.gz,"Create or complete the cryosection and required attachments, then add its microsamples"
P1,G,PRJEB86258,microsample,"microsample from a cryosection absent from the portal catalogue",G121eI103A007,G121eI103A,ERR15118071,SAMEA118557708,ERS24976906,G121eI103A007,M300808,G121eI103A007_L1,2025-06-15,https://www.ebi.ac.uk/ena/browser/view/ERR15118071,https://www.ebi.ac.uk/biosamples/samples/SAMEA118557708,ftp.sra.ebi.ac.uk/vol1/fastq/ERR151/071/ERR15118071/ERR15118071_1.fastq.gz;ftp.sra.ebi.ac.uk/vol1/fastq/ERR151/071/ERR15118071/ERR15118071_2.fastq.gz,"Create or complete the cryosection and required attachments, then add its microsamples"
P1,G,PRJEB86258,microsample,"microsample from a cryosection absent from the portal catalogue",G121eI103A008,G121eI103A,ERR15118100,SAMEA118557737,ERS24976935,G121eI103A008,M300809,G121eI103A008_L1,2025-06-15,https://www.ebi.ac.uk/ena/browser/view/ERR15118100,https://www.ebi.ac.uk/biosamples/samples/SAMEA118557737,ftp.sra.ebi.ac.uk/vol1/fastq/ERR151/000/ERR15118100/ERR15118100_1.fastq.gz;ftp.sra.ebi.ac.uk/vol1/fastq/ERR151/000/ERR15118100/ERR15118100_2.fastq.gz,"Create or complete the cryosection and required attachments, then add its microsamples"
P1,G,PRJEB86258,microsample,"microsample from a cryosection absent from the portal catalogue",G121eI103A009,G121eI103A,ERR15118038,SAMEA118557675,ERS24976873,G121eI103A009,M300810,G121eI103A009_L1,2025-06-15,https://www.ebi.ac.uk/ena/browser/view/ERR15118038,https://www.ebi.ac.uk/biosamples/samples/SAMEA118557675,ftp.sra.ebi.ac.uk/vol1/fastq/ERR151/038/ERR15118038/ERR15118038_1.fastq.gz;ftp.sra.ebi.ac.uk/vol1/fastq/ERR151/038/ERR15118038/ERR15118038_2.fastq.gz,"Create or complete the cryosection and required attachments, then add its microsamples"
P1,G,PRJEB86258,microsample,"microsample from a cryosection absent from the portal catalogue",G121eI103A010,G121eI103A,ERR15117926,SAMEA118557563,ERS24976761,G121eI103A010,M300811,G121eI103A010_L1,2025-06-15,https://www.ebi.ac.uk/ena/browser/view/ERR15117926,https://www.ebi.ac.uk/biosamples/samples/SAMEA118557563,ftp.sra.ebi.ac.uk/vol1/fastq/ERR151/026/ERR15117926/ERR15117926_1.fastq.gz;ftp.sra.ebi.ac.uk/vol1/fastq/ERR151/026/ERR15117926/ERR15117926_2.fastq.gz,"Create or complete the cryosection and required attachments, then add its microsamples"
P1,G,PRJEB86258,microsample,"microsample from a cryosection absent from the portal catalogue",G121eI103A011,G121eI103A,ERR15118066,SAMEA118557703,ERS24976901,G121eI103A011,M300814,G121eI103A011_L1,2025-06-15,https://www.ebi.ac.uk/ena/browser/view/ERR15118066,https://www.ebi.ac.uk/biosamples/samples/SAMEA118557703,ftp.sra.ebi.ac.uk/vol1/fastq/ERR151/066/ERR15118066/ERR15118066_1.fastq.gz;ftp.sra.ebi.ac.uk/vol1/fastq/ERR151/066/ERR15118066/ERR15118066_2.fastq.gz,"Create or complete the cryosection and required attachments, then add its microsamples"
P1,G,PRJEB86258,microsample,"microsample from a cryosection absent from the portal catalogue",G121eI103A012,G121eI103A,ERR15117942,SAMEA118557579,ERS24976777,G121eI103A012,M300815,G121eI103A012_L1,2025-06-15,https://www.ebi.ac.uk/ena/browser/view/ERR15117942,https://www.ebi.ac.uk/biosamples/samples/SAMEA118557579,ftp.sra.ebi.ac.uk/vol1/fastq/ERR151/042/ERR15117942/ERR15117942_1.fastq.gz;ftp.sra.ebi.ac.uk/vol1/fastq/ERR151/042/ERR15117942/ERR15117942_2.fastq.gz,"Create or complete the cryosection and required attachments, then add its microsamples"
P1,G,PRJEB86258,microsample,"microsample from a cryosection absent from the portal catalogue",G121eI103A013,G121eI103A,ERR15117966,SAMEA118557603,ERS24976801,G121eI103A013,M300816,G121eI103A013_L1,2025-06-15,https://www.ebi.ac.uk/ena/browser/view/ERR15117966,https://www.ebi.ac.uk/biosamples/samples/SAMEA118557603,ftp.sra.ebi.ac.uk/vol1/fastq/ERR151/066/ERR15117966/ERR15117966_1.fastq.gz;ftp.sra.ebi.ac.uk/vol1/fastq/ERR151/066/ERR15117966/ERR15117966_2.fastq.gz,"Create or complete the cryosection and required attachments, then add its microsamples"
P1,G,PRJEB86258,microsample,"microsample from a cryosection absent from the portal catalogue",G121eI103A014,G121eI103A,ERR15117953,SAMEA118557590,ERS24976788,G121eI103A014,M300818,G121eI103A014_L1,2025-06-15,https://www.ebi.ac.uk/ena/browser/view/ERR15117953,https://www.ebi.ac.uk/biosamples/samples/SAMEA118557590,ftp.sra.ebi.ac.uk/vol1/fastq/ERR151/053/ERR15117953/ERR15117953_1.fastq.gz;ftp.sra.ebi.ac.uk/vol1/fastq/ERR151/053/ERR15117953/ERR15117953_2.fastq.gz,"Create or complete the cryosection and required attachments, then add its microsamples"
P1,G,PRJEB86258,microsample,"microsample from a cryosection absent from the portal catalogue",G121eI103A015,G121eI103A,ERR15118031,SAMEA118557668,ERS24976866,G121eI103A015,M300819,G121eI103A015_L1,2025-06-15,https://www.ebi.ac.uk/ena/browser/view/ERR15118031,https://www.ebi.ac.uk/biosamples/samples/SAMEA118557668,ftp.sra.ebi.ac.uk/vol1/fastq/ERR151/031/ERR15118031/ERR15118031_1.fastq.gz;ftp.sra.ebi.ac.uk/vol1/fastq/ERR151/031/ERR15118031/ERR15118031_2.fastq.gz,"Create or complete the cryosection and required attachments, then add its microsamples"
P1,G,PRJEB86258,microsample,"microsample from a cryosection absent from the portal catalogue",G121eI103A016,G121eI103A,ERR15117946,SAMEA118557583,ERS24976781,G121eI103A016,M300820,G121eI103A016_L1,2025-06-15,https://www.ebi.ac.uk/ena/browser/view/ERR15117946,https://www.ebi.ac.uk/biosamples/samples/SAMEA118557583,ftp.sra.ebi.ac.uk/vol1/fastq/ERR151/046/ERR15117946/ERR15117946_1.fastq.gz;ftp.sra.ebi.ac.uk/vol1/fastq/ERR151/046/ERR15117946/ERR15117946_2.fastq.gz,"Create or complete the cryosection and required attachments, then add its microsamples"
P1,G,PRJEB86258,microsample,"microsample from a cryosection absent from the portal catalogue",G121eI103A017,G121eI103A,ERR15117977,SAMEA118557614,ERS24976812,G121eI103A017,M300821,G121eI103A017_L1,2025-06-15,https://www.ebi.ac.uk/ena/browser/view/ERR15117977,https://www.ebi.ac.uk/biosamples/samples/SAMEA118557614,ftp.sra.ebi.ac.uk/vol1/fastq/ERR151/077/ERR15117977/ERR15117977_1.fastq.gz;ftp.sra.ebi.ac.uk/vol1/fastq/ERR151/077/ERR15117977/ERR15117977_2.fastq.gz,"Create or complete the cryosection and required attachments, then add its microsamples"
P1,G,PRJEB86258,microsample,"microsample from a cryosection absent from the portal catalogue",G121eI103A018,G121eI103A,ERR15118074,SAMEA118557711,ERS24976909,G121eI103A018,M300822,G121eI103A018_L1,2025-06-15,https://www.ebi.ac.uk/ena/browser/view/ERR15118074,https://www.ebi.ac.uk/biosamples/samples/SAMEA118557711,ftp.sra.ebi.ac.uk/vol1/fastq/ERR151/074/ERR15118074/ERR15118074_1.fastq.gz;ftp.sra.ebi.ac.uk/vol1/fastq/ERR151/074/ERR15118074/ERR15118074_2.fastq.gz,"Create or complete the cryosection and required attachments, then add its microsamples"
P1,G,PRJEB86258,microsample,"microsample from a cryosection absent from the portal catalogue",G121eI103A019,G121eI103A,ERR15118037,SAMEA118557674,ERS24976872,G121eI103A019,M300824,G121eI103A019_L1,2025-06-15,https://www.ebi.ac.uk/ena/browser/view/ERR15118037,https://www.ebi.ac.uk/biosamples/samples/SAMEA118557674,ftp.sra.ebi.ac.uk/vol1/fastq/ERR151/037/ERR15118037/ERR15118037_1.fastq.gz;ftp.sra.ebi.ac.uk/vol1/fastq/ERR151/037/ERR15118037/ERR15118037_2.fastq.gz,"Create or complete the cryosection and required attachments, then add its microsamples"
P1,G,PRJEB86258,microsample,"microsample from a cryosection absent from the portal catalogue",G121eI103A020,G121eI103A,ERR15117955,SAMEA118557592,ERS24976790,G121eI103A020,M300825,G121eI103A020_L1,2025-06-15,https://www.ebi.ac.uk/ena/browser/view/ERR15117955,https://www.ebi.ac.uk/biosamples/samples/SAMEA118557592,ftp.sra.ebi.ac.uk/vol1/fastq/ERR151/055/ERR15117955/ERR15117955_1.fastq.gz;ftp.sra.ebi.ac.uk/vol1/fastq/ERR151/055/ERR15117955/ERR15117955_2.fastq.gz,"Create or complete the cryosection and required attachments, then add its microsamples"
P1,G,PRJEB86258,microsample,"microsample from a cryosection absent from the portal catalogue",G121eI103A021,G121eI103A,ERR15117929,SAMEA118557566,ERS24976764,G121eI103A021,M300827,G121eI103A021_L1,2025-06-15,https://www.ebi.ac.uk/ena/browser/view/ERR15117929,https://www.ebi.ac.uk/biosamples/samples/SAMEA118557566,ftp.sra.ebi.ac.uk/vol1/fastq/ERR151/029/ERR15117929/ERR15117929_1.fastq.gz;ftp.sra.ebi.ac.uk/vol1/fastq/ERR151/029/ERR15117929/ERR15117929_2.fastq.gz,"Create or complete the cryosection and required attachments, then add its microsamples"
P1,G,PRJEB86258,microsample,"microsample from a cryosection absent from the portal catalogue",G121eI103A022,G121eI103A,ERR15118027,SAMEA118557664,ERS24976862,G121eI103A022,M300828,G121eI103A022_L1,2025-06-15,https://www.ebi.ac.uk/ena/browser/view/ERR15118027,https://www.ebi.ac.uk/biosamples/samples/SAMEA118557664,ftp.sra.ebi.ac.uk/vol1/fastq/ERR151/027/ERR15118027/ERR15118027_1.fastq.gz;ftp.sra.ebi.ac.uk/vol1/fastq/ERR151/027/ERR15118027/ERR15118027_2.fastq.gz,"Create or complete the cryosection and required attachments, then add its microsamples"
P1,G,PRJEB86258,microsample,"microsample from a cryosection absent from the portal catalogue",G121eI103A023,G121eI103A,ERR15118079,SAMEA118557716,ERS24976914,G121eI103A023,M300829,G121eI103A023_L1,2025-06-15,https://www.ebi.ac.uk/ena/browser/view/ERR15118079,https://www.ebi.ac.uk/biosamples/samples/SAMEA118557716,ftp.sra.ebi.ac.uk/vol1/fastq/ERR151/079/ERR15118079/ERR15118079_1.fastq.gz;ftp.sra.ebi.ac.uk/vol1/fastq/ERR151/079/ERR15118079/ERR15118079_2.fastq.gz,"Create or complete the cryosection and required attachments, then add its microsamples"
P1,G,PRJEB86258,microsample,"microsample from a cryosection absent from the portal catalogue",G121eI103A024,G121eI103A,ERR15118044,SAMEA118557681,ERS24976879,G121eI103A024,M300831,G121eI103A024_L1,2025-06-15,https://www.ebi.ac.uk/ena/browser/view/ERR15118044,https://www.ebi.ac.uk/biosamples/samples/SAMEA118557681,ftp.sra.ebi.ac.uk/vol1/fastq/ERR151/044/ERR15118044/ERR15118044_1.fastq.gz;ftp.sra.ebi.ac.uk/vol1/fastq/ERR151/044/ERR15118044/ERR15118044_2.fastq.gz,"Create or complete the cryosection and required attachments, then add its microsamples"
P1,G,PRJEB86258,microsample,"microsample from a cryosection absent from the portal catalogue",G121eI103A025,G121eI103A,ERR15118024,SAMEA118557661,ERS24976859,G121eI103A025,M300833,G121eI103A025_L1,2025-06-15,https://www.ebi.ac.uk/ena/browser/view/ERR15118024,https://www.ebi.ac.uk/biosamples/samples/SAMEA118557661,ftp.sra.ebi.ac.uk/vol1/fastq/ERR151/024/ERR15118024/ERR15118024_1.fastq.gz;ftp.sra.ebi.ac.uk/vol1/fastq/ERR151/024/ERR15118024/ERR15118024_2.fastq.gz,"Create or complete the cryosection and required attachments, then add its microsamples"
P1,G,PRJEB86258,microsample,"microsample from a cryosection absent from the portal catalogue",G121eI103A026,G121eI103A,ERR15117941,SAMEA118557578,ERS24976776,G121eI103A026,M300834,G121eI103A026_L1,2025-06-15,https://www.ebi.ac.uk/ena/browser/view/ERR15117941,https://www.ebi.ac.uk/biosamples/samples/SAMEA118557578,ftp.sra.ebi.ac.uk/vol1/fastq/ERR151/041/ERR15117941/ERR15117941_1.fastq.gz;ftp.sra.ebi.ac.uk/vol1/fastq/ERR151/041/ERR15117941/ERR15117941_2.fastq.gz,"Create or complete the cryosection and required attachments, then add its microsamples"
P1,G,PRJEB86258,microsample,"microsample from a cryosection absent from the portal catalogue",G121eI103A027,G121eI103A,ERR15118033,SAMEA118557670,ERS24976868,G121eI103A027,M300835,G121eI103A027_L1,2025-06-15,https://www.ebi.ac.uk/ena/browser/view/ERR15118033,https://www.ebi.ac.uk/biosamples/samples/SAMEA118557670,ftp.sra.ebi.ac.uk/vol1/fastq/ERR151/033/ERR15118033/ERR15118033_1.fastq.gz;ftp.sra.ebi.ac.uk/vol1/fastq/ERR151/033/ERR15118033/ERR15118033_2.fastq.gz,"Create or complete the cryosection and required attachments, then add its microsamples"
P1,G,PRJEB86258,microsample,"microsample from a cryosection absent from the portal catalogue",G121eI103A028,G121eI103A,ERR15117981,SAMEA118557618,ERS24976816,G121eI103A028,M300836,G121eI103A028_L1,2025-06-15,https://www.ebi.ac.uk/ena/browser/view/ERR15117981,https://www.ebi.ac.uk/biosamples/samples/SAMEA118557618,ftp.sra.ebi.ac.uk/vol1/fastq/ERR151/081/ERR15117981/ERR15117981_1.fastq.gz;ftp.sra.ebi.ac.uk/vol1/fastq/ERR151/081/ERR15117981/ERR15117981_2.fastq.gz,"Create or complete the cryosection and required attachments, then add its microsamples"
P1,G,PRJEB86258,microsample,"microsample from a cryosection absent from the portal catalogue",G121eI103A029,G121eI103A,ERR15118081,SAMEA118557718,ERS24976916,G121eI103A029,M300837,G121eI103A029_L1,2025-06-15,https://www.ebi.ac.uk/ena/browser/view/ERR15118081,https://www.ebi.ac.uk/biosamples/samples/SAMEA118557718,ftp.sra.ebi.ac.uk/vol1/fastq/ERR151/081/ERR15118081/ERR15118081_1.fastq.gz;ftp.sra.ebi.ac.uk/vol1/fastq/ERR151/081/ERR15118081/ERR15118081_2.fastq.gz,"Create or complete the cryosection and required attachments, then add its microsamples"
P1,G,PRJEB86258,microsample,"microsample from a cryosection absent from the portal catalogue",G121eI103A030,G121eI103A,ERR15118067,SAMEA118557704,ERS24976902,G121eI103A030,M300839,G121eI103A030_L1,2025-06-15,https://www.ebi.ac.uk/ena/browser/view/ERR15118067,https://www.ebi.ac.uk/biosamples/samples/SAMEA118557704,ftp.sra.ebi.ac.uk/vol1/fastq/ERR151/067/ERR15118067/ERR15118067_1.fastq.gz;ftp.sra.ebi.ac.uk/vol1/fastq/ERR151/067/ERR15118067/ERR15118067_2.fastq.gz,"Create or complete the cryosection and required attachments, then add its microsamples"
P1,G,PRJEB86258,microsample,"microsample from a cryosection absent from the portal catalogue",G121eI103A031,G121eI103A,ERR15118068,SAMEA118557705,ERS24976903,G121eI103A031,M300840,G121eI103A031_L1,2025-06-15,https://www.ebi.ac.uk/ena/browser/view/ERR15118068,https://www.ebi.ac.uk/biosamples/samples/SAMEA118557705,ftp.sra.ebi.ac.uk/vol1/fastq/ERR151/068/ERR15118068/ERR15118068_1.fastq.gz;ftp.sra.ebi.ac.uk/vol1/fastq/ERR151/068/ERR15118068/ERR15118068_2.fastq.gz,"Create or complete the cryosection and required attachments, then add its microsamples"
P1,G,PRJEB86258,microsample,"microsample from a cryosection absent from the portal catalogue",G121eI103A032,G121eI103A,ERR15118022,SAMEA118557659,ERS24976857,G121eI103A032,M300886,G121eI103A032_L1,2025-06-15,https://www.ebi.ac.uk/ena/browser/view/ERR15118022,https://www.ebi.ac.uk/biosamples/samples/SAMEA118557659,ftp.sra.ebi.ac.uk/vol1/fastq/ERR151/022/ERR15118022/ERR15118022_1.fastq.gz;ftp.sra.ebi.ac.uk/vol1/fastq/ERR151/022/ERR15118022/ERR15118022_2.fastq.gz,"Create or complete the cryosection and required attachments, then add its microsamples"
P1,G,PRJEB86258,microsample,"microsample from a cryosection absent from the portal catalogue",G121eI103A033,G121eI103A,ERR15117938,SAMEA118557575,ERS24976773,G121eI103A033,M301037,G121eI103A033_L1,2025-06-15,https://www.ebi.ac.uk/ena/browser/view/ERR15117938,https://www.ebi.ac.uk/biosamples/samples/SAMEA118557575,ftp.sra.ebi.ac.uk/vol1/fastq/ERR151/038/ERR15117938/ERR15117938_1.fastq.gz;ftp.sra.ebi.ac.uk/vol1/fastq/ERR151/038/ERR15117938/ERR15117938_2.fastq.gz,"Create or complete the cryosection and required attachments, then add its microsamples"
P1,G,PRJEB86258,microsample,"microsample from a cryosection absent from the portal catalogue",G121eI103A034,G121eI103A,ERR15117994,SAMEA118557631,ERS24976829,G121eI103A034,M301038,G121eI103A034_L1,2025-06-15,https://www.ebi.ac.uk/ena/browser/view/ERR15117994,https://www.ebi.ac.uk/biosamples/samples/SAMEA118557631,ftp.sra.ebi.ac.uk/vol1/fastq/ERR151/094/ERR15117994/ERR15117994_1.fastq.gz;ftp.sra.ebi.ac.uk/vol1/fastq/ERR151/094/ERR15117994/ERR15117994_2.fastq.gz,"Create or complete the cryosection and required attachments, then add its microsamples"
P1,G,PRJEB86258,microsample,"microsample from a cryosection absent from the portal catalogue",G121eI103A035,G121eI103A,ERR15117949,SAMEA118557586,ERS24976784,G121eI103A035,M301039,G121eI103A035_L1,2025-06-15,https://www.ebi.ac.uk/ena/browser/view/ERR15117949,https://www.ebi.ac.uk/biosamples/samples/SAMEA118557586,ftp.sra.ebi.ac.uk/vol1/fastq/ERR151/049/ERR15117949/ERR15117949_1.fastq.gz;ftp.sra.ebi.ac.uk/vol1/fastq/ERR151/049/ERR15117949/ERR15117949_2.fastq.gz,"Create or complete the cryosection and required attachments, then add its microsamples"
P1,G,PRJEB86258,microsample,"microsample from a cryosection absent from the portal catalogue",G121eI103A036,G121eI103A,ERR15118047,SAMEA118557684,ERS24976882,G121eI103A036,M301041,G121eI103A036_L1,2025-06-15,https://www.ebi.ac.uk/ena/browser/view/ERR15118047,https://www.ebi.ac.uk/biosamples/samples/SAMEA118557684,ftp.sra.ebi.ac.uk/vol1/fastq/ERR151/047/ERR15118047/ERR15118047_1.fastq.gz;ftp.sra.ebi.ac.uk/vol1/fastq/ERR151/047/ERR15118047/ERR15118047_2.fastq.gz,"Create or complete the cryosection and required attachments, then add its microsamples"
P1,G,PRJEB86258,microsample,"microsample from a cryosection absent from the portal catalogue",G121eI103B001,G121eI103B,ERR15117957,SAMEA118557594,ERS24976792,G121eI103B001,M301090,G121eI103B001_L1,2025-06-15,https://www.ebi.ac.uk/ena/browser/view/ERR15117957,https://www.ebi.ac.uk/biosamples/samples/SAMEA118557594,ftp.sra.ebi.ac.uk/vol1/fastq/ERR151/057/ERR15117957/ERR15117957_1.fastq.gz;ftp.sra.ebi.ac.uk/vol1/fastq/ERR151/057/ERR15117957/ERR15117957_2.fastq.gz,"Create or complete the cryosection and required attachments, then add its microsamples"
P1,G,PRJEB86258,microsample,"microsample from a cryosection absent from the portal catalogue",G121eI103B002,G121eI103B,ERR15118096,SAMEA118557733,ERS24976931,G121eI103B002,M301092,G121eI103B002_L1,2025-06-15,https://www.ebi.ac.uk/ena/browser/view/ERR15118096,https://www.ebi.ac.uk/biosamples/samples/SAMEA118557733,ftp.sra.ebi.ac.uk/vol1/fastq/ERR151/096/ERR15118096/ERR15118096_1.fastq.gz;ftp.sra.ebi.ac.uk/vol1/fastq/ERR151/096/ERR15118096/ERR15118096_2.fastq.gz,"Create or complete the cryosection and required attachments, then add its microsamples"
P1,G,PRJEB86258,microsample,"microsample from a cryosection absent from the portal catalogue",G121eI103B003,G121eI103B,ERR15118089,SAMEA118557726,ERS24976924,G121eI103B003,M301093,G121eI103B003_L1,2025-06-15,https://www.ebi.ac.uk/ena/browser/view/ERR15118089,https://www.ebi.ac.uk/biosamples/samples/SAMEA118557726,ftp.sra.ebi.ac.uk/vol1/fastq/ERR151/089/ERR15118089/ERR15118089_1.fastq.gz;ftp.sra.ebi.ac.uk/vol1/fastq/ERR151/089/ERR15118089/ERR15118089_2.fastq.gz,"Create or complete the cryosection and required attachments, then add its microsamples"
P1,G,PRJEB86258,microsample,"microsample from a cryosection absent from the portal catalogue",G121eI103B004,G121eI103B,ERR15118102,SAMEA118557739,ERS24976937,G121eI103B004,M301094,G121eI103B004_L1,2025-06-15,https://www.ebi.ac.uk/ena/browser/view/ERR15118102,https://www.ebi.ac.uk/biosamples/samples/SAMEA118557739,ftp.sra.ebi.ac.uk/vol1/fastq/ERR151/002/ERR15118102/ERR15118102_1.fastq.gz;ftp.sra.ebi.ac.uk/vol1/fastq/ERR151/002/ERR15118102/ERR15118102_2.fastq.gz,"Create or complete the cryosection and required attachments, then add its microsamples"
P1,G,PRJEB86258,microsample,"microsample from a cryosection absent from the portal catalogue",G121eI103B005,G121eI103B,ERR15117967,SAMEA118557604,ERS24976802,G121eI103B005,M301095,G121eI103B005_L1,2025-06-15,https://www.ebi.ac.uk/ena/browser/view/ERR15117967,https://www.ebi.ac.uk/biosamples/samples/SAMEA118557604,ftp.sra.ebi.ac.uk/vol1/fastq/ERR151/067/ERR15117967/ERR15117967_1.fastq.gz;ftp.sra.ebi.ac.uk/vol1/fastq/ERR151/067/ERR15117967/ERR15117967_2.fastq.gz,"Create or complete the cryosection and required attachments, then add its microsamples"
P1,G,PRJEB86258,microsample,"microsample from a cryosection absent from the portal catalogue",G121eI103B006,G121eI103B,ERR15117969,SAMEA118557606,ERS24976804,G121eI103B006,M301097,G121eI103B006_L1,2025-06-15,https://www.ebi.ac.uk/ena/browser/view/ERR15117969,https://www.ebi.ac.uk/biosamples/samples/SAMEA118557606,ftp.sra.ebi.ac.uk/vol1/fastq/ERR151/069/ERR15117969/ERR15117969_1.fastq.gz;ftp.sra.ebi.ac.uk/vol1/fastq/ERR151/069/ERR15117969/ERR15117969_2.fastq.gz,"Create or complete the cryosection and required attachments, then add its microsamples"
P1,G,PRJEB86258,microsample,"microsample from a cryosection absent from the portal catalogue",G121eI103B007,G121eI103B,ERR15118045,SAMEA118557682,ERS24976880,G121eI103B007,M301098,G121eI103B007_L1,2025-06-15,https://www.ebi.ac.uk/ena/browser/view/ERR15118045,https://www.ebi.ac.uk/biosamples/samples/SAMEA118557682,ftp.sra.ebi.ac.uk/vol1/fastq/ERR151/045/ERR15118045/ERR15118045_1.fastq.gz;ftp.sra.ebi.ac.uk/vol1/fastq/ERR151/045/ERR15118045/ERR15118045_2.fastq.gz,"Create or complete the cryosection and required attachments, then add its microsamples"
P1,G,PRJEB86258,microsample,"microsample from a cryosection absent from the portal catalogue",G121eI103B008,G121eI103B,ERR15118095,SAMEA118557732,ERS24976930,G121eI103B008,M301099,G121eI103B008_L1,2025-06-15,https://www.ebi.ac.uk/ena/browser/view/ERR15118095,https://www.ebi.ac.uk/biosamples/samples/SAMEA118557732,ftp.sra.ebi.ac.uk/vol1/fastq/ERR151/095/ERR15118095/ERR15118095_1.fastq.gz;ftp.sra.ebi.ac.uk/vol1/fastq/ERR151/095/ERR15118095/ERR15118095_2.fastq.gz,"Create or complete the cryosection and required attachments, then add its microsamples"
P1,G,PRJEB86258,microsample,"microsample from a cryosection absent from the portal catalogue",G121eI103B009,G121eI103B,ERR15118052,SAMEA118557689,ERS24976887,G121eI103B009,M301101,G121eI103B009_L1,2025-06-15,https://www.ebi.ac.uk/ena/browser/view/ERR15118052,https://www.ebi.ac.uk/biosamples/samples/SAMEA118557689,ftp.sra.ebi.ac.uk/vol1/fastq/ERR151/052/ERR15118052/ERR15118052_1.fastq.gz;ftp.sra.ebi.ac.uk/vol1/fastq/ERR151/052/ERR15118052/ERR15118052_2.fastq.gz,"Create or complete the cryosection and required attachments, then add its microsamples"
P1,G,PRJEB86258,microsample,"microsample from a cryosection absent from the portal catalogue",G121eI103B010,G121eI103B,ERR15117972,SAMEA118557609,ERS24976807,G121eI103B010,M301102,G121eI103B010_L1,2025-06-15,https://www.ebi.ac.uk/ena/browser/view/ERR15117972,https://www.ebi.ac.uk/biosamples/samples/SAMEA118557609,ftp.sra.ebi.ac.uk/vol1/fastq/ERR151/072/ERR15117972/ERR15117972_1.fastq.gz;ftp.sra.ebi.ac.uk/vol1/fastq/ERR151/072/ERR15117972/ERR15117972_2.fastq.gz,"Create or complete the cryosection and required attachments, then add its microsamples"
P1,G,PRJEB86258,microsample,"microsample from a cryosection absent from the portal catalogue",G121eI103B011,G121eI103B,ERR15117995,SAMEA118557632,ERS24976830,G121eI103B011,M301103,G121eI103B011_L1,2025-06-15,https://www.ebi.ac.uk/ena/browser/view/ERR15117995,https://www.ebi.ac.uk/biosamples/samples/SAMEA118557632,ftp.sra.ebi.ac.uk/vol1/fastq/ERR151/095/ERR15117995/ERR15117995_1.fastq.gz;ftp.sra.ebi.ac.uk/vol1/fastq/ERR151/095/ERR15117995/ERR15117995_2.fastq.gz,"Create or complete the cryosection and required attachments, then add its microsamples"
P1,G,PRJEB86258,microsample,"microsample from a cryosection absent from the portal catalogue",G121eI103B012,G121eI103B,ERR15118094,SAMEA118557731,ERS24976929,G121eI103B012,M301104,G121eI103B012_L1,2025-06-15,https://www.ebi.ac.uk/ena/browser/view/ERR15118094,https://www.ebi.ac.uk/biosamples/samples/SAMEA118557731,ftp.sra.ebi.ac.uk/vol1/fastq/ERR151/094/ERR15118094/ERR15118094_1.fastq.gz;ftp.sra.ebi.ac.uk/vol1/fastq/ERR151/094/ERR15118094/ERR15118094_2.fastq.gz,"Create or complete the cryosection and required attachments, then add its microsamples"
P1,G,PRJEB86258,microsample,"microsample from a cryosection absent from the portal catalogue",G121eI103B013,G121eI103B,ERR15118084,SAMEA118557721,ERS24976919,G121eI103B013,M301107,G121eI103B013_L1,2025-06-15,https://www.ebi.ac.uk/ena/browser/view/ERR15118084,https://www.ebi.ac.uk/biosamples/samples/SAMEA118557721,ftp.sra.ebi.ac.uk/vol1/fastq/ERR151/084/ERR15118084/ERR15118084_1.fastq.gz;ftp.sra.ebi.ac.uk/vol1/fastq/ERR151/084/ERR15118084/ERR15118084_2.fastq.gz,"Create or complete the cryosection and required attachments, then add its microsamples"
P1,G,PRJEB86258,microsample,"microsample from a cryosection absent from the portal catalogue",G121eI103B014,G121eI103B,ERR15117989,SAMEA118557626,ERS24976824,G121eI103B014,M301109,G121eI103B014_L1,2025-06-15,https://www.ebi.ac.uk/ena/browser/view/ERR15117989,https://www.ebi.ac.uk/biosamples/samples/SAMEA118557626,ftp.sra.ebi.ac.uk/vol1/fastq/ERR151/089/ERR15117989/ERR15117989_1.fastq.gz;ftp.sra.ebi.ac.uk/vol1/fastq/ERR151/089/ERR15117989/ERR15117989_2.fastq.gz,"Create or complete the cryosection and required attachments, then add its microsamples"
P1,G,PRJEB86258,microsample,"microsample from a cryosection absent from the portal catalogue",G121eI103B015,G121eI103B,ERR15117986,SAMEA118557623,ERS24976821,G121eI103B015,M301110,G121eI103B015_L1,2025-06-15,https://www.ebi.ac.uk/ena/browser/view/ERR15117986,https://www.ebi.ac.uk/biosamples/samples/SAMEA118557623,ftp.sra.ebi.ac.uk/vol1/fastq/ERR151/086/ERR15117986/ERR15117986_1.fastq.gz;ftp.sra.ebi.ac.uk/vol1/fastq/ERR151/086/ERR15117986/ERR15117986_2.fastq.gz,"Create or complete the cryosection and required attachments, then add its microsamples"
P1,G,PRJEB86258,microsample,"microsample from a cryosection absent from the portal catalogue",G121eI103B016,G121eI103B,ERR15117982,SAMEA118557619,ERS24976817,G121eI103B016,M301111,G121eI103B016_L1,2025-06-15,https://www.ebi.ac.uk/ena/browser/view/ERR15117982,https://www.ebi.ac.uk/biosamples/samples/SAMEA118557619,ftp.sra.ebi.ac.uk/vol1/fastq/ERR151/082/ERR15117982/ERR15117982_1.fastq.gz;ftp.sra.ebi.ac.uk/vol1/fastq/ERR151/082/ERR15117982/ERR15117982_2.fastq.gz,"Create or complete the cryosection and required attachments, then add its microsamples"
P1,G,PRJEB86258,microsample,"microsample from a cryosection absent from the portal catalogue",G121eI103B017,G121eI103B,ERR15117987,SAMEA118557624,ERS24976822,G121eI103B017,M301112,G121eI103B017_L1,2025-06-15,https://www.ebi.ac.uk/ena/browser/view/ERR15117987,https://www.ebi.ac.uk/biosamples/samples/SAMEA118557624,ftp.sra.ebi.ac.uk/vol1/fastq/ERR151/087/ERR15117987/ERR15117987_1.fastq.gz;ftp.sra.ebi.ac.uk/vol1/fastq/ERR151/087/ERR15117987/ERR15117987_2.fastq.gz,"Create or complete the cryosection and required attachments, then add its microsamples"
P1,G,PRJEB86258,microsample,"microsample from a cryosection absent from the portal catalogue",G121eI103B018,G121eI103B,ERR15118085,SAMEA118557722,ERS24976920,G121eI103B018,M301113,G121eI103B018_L1,2025-06-15,https://www.ebi.ac.uk/ena/browser/view/ERR15118085,https://www.ebi.ac.uk/biosamples/samples/SAMEA118557722,ftp.sra.ebi.ac.uk/vol1/fastq/ERR151/085/ERR15118085/ERR15118085_1.fastq.gz;ftp.sra.ebi.ac.uk/vol1/fastq/ERR151/085/ERR15118085/ERR15118085_2.fastq.gz,"Create or complete the cryosection and required attachments, then add its microsamples"
P1,G,PRJEB86258,microsample,"microsample from a cryosection absent from the portal catalogue",G121eI103B019,G121eI103B,ERR15118025,SAMEA118557662,ERS24976860,G121eI103B019,M301114,G121eI103B019_L1,2025-06-15,https://www.ebi.ac.uk/ena/browser/view/ERR15118025,https://www.ebi.ac.uk/biosamples/samples/SAMEA118557662,ftp.sra.ebi.ac.uk/vol1/fastq/ERR151/025/ERR15118025/ERR15118025_1.fastq.gz;ftp.sra.ebi.ac.uk/vol1/fastq/ERR151/025/ERR15118025/ERR15118025_2.fastq.gz,"Create or complete the cryosection and required attachments, then add its microsamples"
P1,G,PRJEB86258,microsample,"microsample from a cryosection absent from the portal catalogue",G121eI103B020,G121eI103B,ERR15118092,SAMEA118557729,ERS24976927,G121eI103B020,M301115,G121eI103B020_L1,2025-06-15,https://www.ebi.ac.uk/ena/browser/view/ERR15118092,https://www.ebi.ac.uk/biosamples/samples/SAMEA118557729,ftp.sra.ebi.ac.uk/vol1/fastq/ERR151/092/ERR15118092/ERR15118092_1.fastq.gz;ftp.sra.ebi.ac.uk/vol1/fastq/ERR151/092/ERR15118092/ERR15118092_2.fastq.gz,"Create or complete the cryosection and required attachments, then add its microsamples"
P1,G,PRJEB86258,microsample,"microsample from a cryosection absent from the portal catalogue",G121eI103B021,G121eI103B,ERR15117993,SAMEA118557630,ERS24976828,G121eI103B021,M301116,G121eI103B021_L1,2025-06-15,https://www.ebi.ac.uk/ena/browser/view/ERR15117993,https://www.ebi.ac.uk/biosamples/samples/SAMEA118557630,ftp.sra.ebi.ac.uk/vol1/fastq/ERR151/093/ERR15117993/ERR15117993_1.fastq.gz;ftp.sra.ebi.ac.uk/vol1/fastq/ERR151/093/ERR15117993/ERR15117993_2.fastq.gz,"Create or complete the cryosection and required attachments, then add its microsamples"
P1,G,PRJEB86258,microsample,"microsample from a cryosection absent from the portal catalogue",G121eI103B022,G121eI103B,ERR15117974,SAMEA118557611,ERS24976809,G121eI103B022,M301118,G121eI103B022_L1,2025-06-15,https://www.ebi.ac.uk/ena/browser/view/ERR15117974,https://www.ebi.ac.uk/biosamples/samples/SAMEA118557611,ftp.sra.ebi.ac.uk/vol1/fastq/ERR151/074/ERR15117974/ERR15117974_1.fastq.gz;ftp.sra.ebi.ac.uk/vol1/fastq/ERR151/074/ERR15117974/ERR15117974_2.fastq.gz,"Create or complete the cryosection and required attachments, then add its microsamples"
P1,G,PRJEB86258,microsample,"microsample from a cryosection absent from the portal catalogue",G121eI103B023,G121eI103B,ERR15117990,SAMEA118557627,ERS24976825,G121eI103B023,M301119,G121eI103B023_L1,2025-06-15,https://www.ebi.ac.uk/ena/browser/view/ERR15117990,https://www.ebi.ac.uk/biosamples/samples/SAMEA118557627,ftp.sra.ebi.ac.uk/vol1/fastq/ERR151/090/ERR15117990/ERR15117990_1.fastq.gz;ftp.sra.ebi.ac.uk/vol1/fastq/ERR151/090/ERR15117990/ERR15117990_2.fastq.gz,"Create or complete the cryosection and required attachments, then add its microsamples"
P1,G,PRJEB86258,microsample,"microsample from a cryosection absent from the portal catalogue",G121eI103B024,G121eI103B,ERR15117975,SAMEA118557612,ERS24976810,G121eI103B024,M301121,G121eI103B024_L1,2025-06-15,https://www.ebi.ac.uk/ena/browser/view/ERR15117975,https://www.ebi.ac.uk/biosamples/samples/SAMEA118557612,ftp.sra.ebi.ac.uk/vol1/fastq/ERR151/075/ERR15117975/ERR15117975_1.fastq.gz;ftp.sra.ebi.ac.uk/vol1/fastq/ERR151/075/ERR15117975/ERR15117975_2.fastq.gz,"Create or complete the cryosection and required attachments, then add its microsamples"
P1,G,PRJEB86258,microsample,"microsample from a cryosection absent from the portal catalogue",G121eI103B025,G121eI103B,ERR15118097,SAMEA118557734,ERS24976932,G121eI103B025,M301122,G121eI103B025_L1,2025-06-15,https://www.ebi.ac.uk/ena/browser/view/ERR15118097,https://www.ebi.ac.uk/biosamples/samples/SAMEA118557734,ftp.sra.ebi.ac.uk/vol1/fastq/ERR151/097/ERR15118097/ERR15118097_1.fastq.gz;ftp.sra.ebi.ac.uk/vol1/fastq/ERR151/097/ERR15118097/ERR15118097_2.fastq.gz,"Create or complete the cryosection and required attachments, then add its microsamples"
P1,G,PRJEB86258,microsample,"microsample from a cryosection absent from the portal catalogue",G121eI103B026,G121eI103B,ERR15118098,SAMEA118557735,ERS24976933,G121eI103B026,M301124,G121eI103B026_L1,2025-06-15,https://www.ebi.ac.uk/ena/browser/view/ERR15118098,https://www.ebi.ac.uk/biosamples/samples/SAMEA118557735,ftp.sra.ebi.ac.uk/vol1/fastq/ERR151/098/ERR15118098/ERR15118098_1.fastq.gz;ftp.sra.ebi.ac.uk/vol1/fastq/ERR151/098/ERR15118098/ERR15118098_2.fastq.gz,"Create or complete the cryosection and required attachments, then add its microsamples"
P1,G,PRJEB86258,microsample,"microsample from a cryosection absent from the portal catalogue",G121eI103B027,G121eI103B,ERR15117996,SAMEA118557633,ERS24976831,G121eI103B027,M301125,G121eI103B027_L1,2025-06-15,https://www.ebi.ac.uk/ena/browser/view/ERR15117996,https://www.ebi.ac.uk/biosamples/samples/SAMEA118557633,ftp.sra.ebi.ac.uk/vol1/fastq/ERR151/096/ERR15117996/ERR15117996_1.fastq.gz;ftp.sra.ebi.ac.uk/vol1/fastq/ERR151/096/ERR15117996/ERR15117996_2.fastq.gz,"Create or complete the cryosection and required attachments, then add its microsamples"
P1,G,PRJEB86258,microsample,"microsample from a cryosection absent from the portal catalogue",G121eI103B028,G121eI103B,ERR15118064,SAMEA118557701,ERS24976899,G121eI103B028,M301126,G121eI103B028_L1,2025-06-15,https://www.ebi.ac.uk/ena/browser/view/ERR15118064,https://www.ebi.ac.uk/biosamples/samples/SAMEA118557701,ftp.sra.ebi.ac.uk/vol1/fastq/ERR151/064/ERR15118064/ERR15118064_1.fastq.gz;ftp.sra.ebi.ac.uk/vol1/fastq/ERR151/064/ERR15118064/ERR15118064_2.fastq.gz,"Create or complete the cryosection and required attachments, then add its microsamples"
P1,G,PRJEB86258,microsample,"microsample from a cryosection absent from the portal catalogue",G121eI103B029,G121eI103B,ERR15118101,SAMEA118557738,ERS24976936,G121eI103B029,M301128,G121eI103B029_L1,2025-06-15,https://www.ebi.ac.uk/ena/browser/view/ERR15118101,https://www.ebi.ac.uk/biosamples/samples/SAMEA118557738,ftp.sra.ebi.ac.uk/vol1/fastq/ERR151/001/ERR15118101/ERR15118101_1.fastq.gz;ftp.sra.ebi.ac.uk/vol1/fastq/ERR151/001/ERR15118101/ERR15118101_2.fastq.gz,"Create or complete the cryosection and required attachments, then add its microsamples"
P1,G,PRJEB86258,microsample,"microsample from a cryosection absent from the portal catalogue",G121eI103B030,G121eI103B,ERR15117937,SAMEA118557574,ERS24976772,G121eI103B030,M301129,G121eI103B030_L1,2025-06-15,https://www.ebi.ac.uk/ena/browser/view/ERR15117937,https://www.ebi.ac.uk/biosamples/samples/SAMEA118557574,ftp.sra.ebi.ac.uk/vol1/fastq/ERR151/037/ERR15117937/ERR15117937_1.fastq.gz;ftp.sra.ebi.ac.uk/vol1/fastq/ERR151/037/ERR15117937/ERR15117937_2.fastq.gz,"Create or complete the cryosection and required attachments, then add its microsamples"
P1,G,PRJEB86258,microsample,"microsample from a cryosection absent from the portal catalogue",G121eI103B031,G121eI103B,ERR15117991,SAMEA118557629,ERS24976827,G121eI103B031,M301130,G121eI103B031_L1,2025-06-15,https://www.ebi.ac.uk/ena/browser/view/ERR15117991,https://www.ebi.ac.uk/biosamples/samples/SAMEA118557629,ftp.sra.ebi.ac.uk/vol1/fastq/ERR151/091/ERR15117991/ERR15117991_1.fastq.gz;ftp.sra.ebi.ac.uk/vol1/fastq/ERR151/091/ERR15117991/ERR15117991_2.fastq.gz,"Create or complete the cryosection and required attachments, then add its microsamples"
P1,G,PRJEB86258,microsample,"microsample from a cryosection absent from the portal catalogue",G121eI103B032,G121eI103B,ERR15118058,SAMEA118557695,ERS24976893,G121eI103B032,M301131,G121eI103B032_L1,2025-06-15,https://www.ebi.ac.uk/ena/browser/view/ERR15118058,https://www.ebi.ac.uk/biosamples/samples/SAMEA118557695,ftp.sra.ebi.ac.uk/vol1/fastq/ERR151/058/ERR15118058/ERR15118058_1.fastq.gz;ftp.sra.ebi.ac.uk/vol1/fastq/ERR151/058/ERR15118058/ERR15118058_2.fastq.gz,"Create or complete the cryosection and required attachments, then add its microsamples"
P1,G,PRJEB86258,microsample,"microsample from a cryosection absent from the portal catalogue",G121eI103B033,G121eI103B,ERR15118080,SAMEA118557717,ERS24976915,G121eI103B033,M301133,G121eI103B033_L1,2025-06-15,https://www.ebi.ac.uk/ena/browser/view/ERR15118080,https://www.ebi.ac.uk/biosamples/samples/SAMEA118557717,ftp.sra.ebi.ac.uk/vol1/fastq/ERR151/080/ERR15118080/ERR15118080_1.fastq.gz;ftp.sra.ebi.ac.uk/vol1/fastq/ERR151/080/ERR15118080/ERR15118080_2.fastq.gz,"Create or complete the cryosection and required attachments, then add its microsamples"
P1,G,PRJEB86258,microsample,"microsample from a cryosection absent from the portal catalogue",G121eI103B034,G121eI103B,ERR15117930,SAMEA118557567,ERS24976765,G121eI103B034,M301134,G121eI103B034_L1,2025-06-15,https://www.ebi.ac.uk/ena/browser/view/ERR15117930,https://www.ebi.ac.uk/biosamples/samples/SAMEA118557567,ftp.sra.ebi.ac.uk/vol1/fastq/ERR151/030/ERR15117930/ERR15117930_1.fastq.gz;ftp.sra.ebi.ac.uk/vol1/fastq/ERR151/030/ERR15117930/ERR15117930_2.fastq.gz,"Create or complete the cryosection and required attachments, then add its microsamples"
P1,G,PRJEB86258,microsample,"microsample from a cryosection absent from the portal catalogue",G121eI103B035,G121eI103B,ERR15117958,SAMEA118557595,ERS24976793,G121eI103B035,M301136,G121eI103B035_L1,2025-06-15,https://www.ebi.ac.uk/ena/browser/view/ERR15117958,https://www.ebi.ac.uk/biosamples/samples/SAMEA118557595,ftp.sra.ebi.ac.uk/vol1/fastq/ERR151/058/ERR15117958/ERR15117958_1.fastq.gz;ftp.sra.ebi.ac.uk/vol1/fastq/ERR151/058/ERR15117958/ERR15117958_2.fastq.gz,"Create or complete the cryosection and required attachments, then add its microsamples"
P1,G,PRJEB86258,microsample,"microsample from a cryosection absent from the portal catalogue",G121eI103B036,G121eI103B,ERR15118078,SAMEA118557715,ERS24976913,G121eI103B036,M301137,G121eI103B036_L1,2025-06-15,https://www.ebi.ac.uk/ena/browser/view/ERR15118078,https://www.ebi.ac.uk/biosamples/samples/SAMEA118557715,ftp.sra.ebi.ac.uk/vol1/fastq/ERR151/078/ERR15118078/ERR15118078_1.fastq.gz;ftp.sra.ebi.ac.uk/vol1/fastq/ERR151/078/ERR15118078/ERR15118078_2.fastq.gz,"Create or complete the cryosection and required attachments, then add its microsamples"
P1,G,PRJEB86258,microsample,"microsample from a cryosection absent from the portal catalogue",G121eO301A001,G121eO301A,ERR15563396,SAMEA120137858,ERS26795317,G121eO301A001,M300704,G121eO301A001_L1,2025-09-13,https://www.ebi.ac.uk/ena/browser/view/ERR15563396,https://www.ebi.ac.uk/biosamples/samples/SAMEA120137858,ftp.sra.ebi.ac.uk/vol1/fastq/ERR155/096/ERR15563396/ERR15563396_1.fastq.gz;ftp.sra.ebi.ac.uk/vol1/fastq/ERR155/096/ERR15563396/ERR15563396_2.fastq.gz,"Create or complete the cryosection and required attachments, then add its microsamples"
P1,G,PRJEB86258,microsample,"microsample from a cryosection absent from the portal catalogue",G121eO301A002,G121eO301A,ERR15563332,SAMEA120137794,ERS26795253,G121eO301A002,M300705,G121eO301A002_L1,2025-09-13,https://www.ebi.ac.uk/ena/browser/view/ERR15563332,https://www.ebi.ac.uk/biosamples/samples/SAMEA120137794,ftp.sra.ebi.ac.uk/vol1/fastq/ERR155/032/ERR15563332/ERR15563332_1.fastq.gz;ftp.sra.ebi.ac.uk/vol1/fastq/ERR155/032/ERR15563332/ERR15563332_2.fastq.gz,"Create or complete the cryosection and required attachments, then add its microsamples"
P1,G,PRJEB86258,microsample,"microsample from a cryosection absent from the portal catalogue",G121eO301A003,G121eO301A,ERR15563390,SAMEA120137852,ERS26795311,G121eO301A003,M300706,G121eO301A003_L1,2025-09-13,https://www.ebi.ac.uk/ena/browser/view/ERR15563390,https://www.ebi.ac.uk/biosamples/samples/SAMEA120137852,ftp.sra.ebi.ac.uk/vol1/fastq/ERR155/090/ERR15563390/ERR15563390_1.fastq.gz;ftp.sra.ebi.ac.uk/vol1/fastq/ERR155/090/ERR15563390/ERR15563390_2.fastq.gz,"Create or complete the cryosection and required attachments, then add its microsamples"
P1,G,PRJEB86258,microsample,"microsample from a cryosection absent from the portal catalogue",G121eO301A004,G121eO301A,ERR15563338,SAMEA120137800,ERS26795259,G121eO301A004,M300707,G121eO301A004_L1,2025-09-13,https://www.ebi.ac.uk/ena/browser/view/ERR15563338,https://www.ebi.ac.uk/biosamples/samples/SAMEA120137800,ftp.sra.ebi.ac.uk/vol1/fastq/ERR155/038/ERR15563338/ERR15563338_1.fastq.gz;ftp.sra.ebi.ac.uk/vol1/fastq/ERR155/038/ERR15563338/ERR15563338_2.fastq.gz,"Create or complete the cryosection and required attachments, then add its microsamples"
P1,G,PRJEB86258,microsample,"microsample from a cryosection absent from the portal catalogue",G121eO301A005,G121eO301A,ERR15563341,SAMEA120137803,ERS26795262,G121eO301A005,M300708,G121eO301A005_L1,2025-09-13,https://www.ebi.ac.uk/ena/browser/view/ERR15563341,https://www.ebi.ac.uk/biosamples/samples/SAMEA120137803,ftp.sra.ebi.ac.uk/vol1/fastq/ERR155/041/ERR15563341/ERR15563341_1.fastq.gz;ftp.sra.ebi.ac.uk/vol1/fastq/ERR155/041/ERR15563341/ERR15563341_2.fastq.gz,"Create or complete the cryosection and required attachments, then add its microsamples"
P1,G,PRJEB86258,microsample,"microsample from a cryosection absent from the portal catalogue",G121eO301A006,G121eO301A,ERR15563393,SAMEA120137855,ERS26795314,G121eO301A006,M300711,G121eO301A006_L1,2025-09-13,https://www.ebi.ac.uk/ena/browser/view/ERR15563393,https://www.ebi.ac.uk/biosamples/samples/SAMEA120137855,ftp.sra.ebi.ac.uk/vol1/fastq/ERR155/093/ERR15563393/ERR15563393_1.fastq.gz;ftp.sra.ebi.ac.uk/vol1/fastq/ERR155/093/ERR15563393/ERR15563393_2.fastq.gz,"Create or complete the cryosection and required attachments, then add its microsamples"
P1,G,PRJEB86258,microsample,"microsample from a cryosection absent from the portal catalogue",G121eO301A007,G121eO301A,ERR15563326,SAMEA120137788,ERS26795247,G121eO301A007,M300712,G121eO301A007_L1,2025-09-13,https://www.ebi.ac.uk/ena/browser/view/ERR15563326,https://www.ebi.ac.uk/biosamples/samples/SAMEA120137788,ftp.sra.ebi.ac.uk/vol1/fastq/ERR155/026/ERR15563326/ERR15563326_1.fastq.gz;ftp.sra.ebi.ac.uk/vol1/fastq/ERR155/026/ERR15563326/ERR15563326_2.fastq.gz,"Create or complete the cryosection and required attachments, then add its microsamples"
P1,G,PRJEB86258,microsample,"microsample from a cryosection absent from the portal catalogue",G121eO301A008,G121eO301A,ERR15563345,SAMEA120137807,ERS26795266,G121eO301A008,M300714,G121eO301A008_L1,2025-09-13,https://www.ebi.ac.uk/ena/browser/view/ERR15563345,https://www.ebi.ac.uk/biosamples/samples/SAMEA120137807,ftp.sra.ebi.ac.uk/vol1/fastq/ERR155/045/ERR15563345/ERR15563345_1.fastq.gz;ftp.sra.ebi.ac.uk/vol1/fastq/ERR155/045/ERR15563345/ERR15563345_2.fastq.gz,"Create or complete the cryosection and required attachments, then add its microsamples"
P1,G,PRJEB86258,microsample,"microsample from a cryosection absent from the portal catalogue",G121eO301A009,G121eO301A,ERR15563405,SAMEA120137867,ERS26795326,G121eO301A009,M300715,G121eO301A009_L1,2025-09-13,https://www.ebi.ac.uk/ena/browser/view/ERR15563405,https://www.ebi.ac.uk/biosamples/samples/SAMEA120137867,ftp.sra.ebi.ac.uk/vol1/fastq/ERR155/005/ERR15563405/ERR15563405_1.fastq.gz;ftp.sra.ebi.ac.uk/vol1/fastq/ERR155/005/ERR15563405/ERR15563405_2.fastq.gz,"Create or complete the cryosection and required attachments, then add its microsamples"
P1,G,PRJEB86258,microsample,"microsample from a cryosection absent from the portal catalogue",G121eO301A010,G121eO301A,ERR15563389,SAMEA120137851,ERS26795310,G121eO301A010,M300716,G121eO301A010_L1,2025-09-13,https://www.ebi.ac.uk/ena/browser/view/ERR15563389,https://www.ebi.ac.uk/biosamples/samples/SAMEA120137851,ftp.sra.ebi.ac.uk/vol1/fastq/ERR155/089/ERR15563389/ERR15563389_1.fastq.gz;ftp.sra.ebi.ac.uk/vol1/fastq/ERR155/089/ERR15563389/ERR15563389_2.fastq.gz,"Create or complete the cryosection and required attachments, then add its microsamples"
P1,G,PRJEB86258,microsample,"microsample from a cryosection absent from the portal catalogue",G121eO301A011,G121eO301A,ERR15563327,SAMEA120137789,ERS26795248,G121eO301A011,M300717,G121eO301A011_L1,2025-09-13,https://www.ebi.ac.uk/ena/browser/view/ERR15563327,https://www.ebi.ac.uk/biosamples/samples/SAMEA120137789,ftp.sra.ebi.ac.uk/vol1/fastq/ERR155/027/ERR15563327/ERR15563327_1.fastq.gz;ftp.sra.ebi.ac.uk/vol1/fastq/ERR155/027/ERR15563327/ERR15563327_2.fastq.gz,"Create or complete the cryosection and required attachments, then add its microsamples"
P1,G,PRJEB86258,microsample,"microsample from a cryosection absent from the portal catalogue",G121eO301A012,G121eO301A,ERR15563410,SAMEA120137872,ERS26795331,G121eO301A012,M300718,G121eO301A012_L1,2025-09-13,https://www.ebi.ac.uk/ena/browser/view/ERR15563410,https://www.ebi.ac.uk/biosamples/samples/SAMEA120137872,ftp.sra.ebi.ac.uk/vol1/fastq/ERR155/010/ERR15563410/ERR15563410_1.fastq.gz;ftp.sra.ebi.ac.uk/vol1/fastq/ERR155/010/ERR15563410/ERR15563410_2.fastq.gz,"Create or complete the cryosection and required attachments, then add its microsamples"
P1,G,PRJEB86258,microsample,"microsample from a cryosection absent from the portal catalogue",G121eO301A013,G121eO301A,ERR15563346,SAMEA120137808,ERS26795267,G121eO301A013,M300721,G121eO301A013_L1,2025-09-13,https://www.ebi.ac.uk/ena/browser/view/ERR15563346,https://www.ebi.ac.uk/biosamples/samples/SAMEA120137808,ftp.sra.ebi.ac.uk/vol1/fastq/ERR155/046/ERR15563346/ERR15563346_1.fastq.gz;ftp.sra.ebi.ac.uk/vol1/fastq/ERR155/046/ERR15563346/ERR15563346_2.fastq.gz,"Create or complete the cryosection and required attachments, then add its microsamples"
P1,G,PRJEB86258,microsample,"microsample from a cryosection absent from the portal catalogue",G121eO301A014,G121eO301A,ERR15563330,SAMEA120137792,ERS26795251,G121eO301A014,M300722,G121eO301A014_L1,2025-09-13,https://www.ebi.ac.uk/ena/browser/view/ERR15563330,https://www.ebi.ac.uk/biosamples/samples/SAMEA120137792,ftp.sra.ebi.ac.uk/vol1/fastq/ERR155/030/ERR15563330/ERR15563330_1.fastq.gz;ftp.sra.ebi.ac.uk/vol1/fastq/ERR155/030/ERR15563330/ERR15563330_2.fastq.gz,"Create or complete the cryosection and required attachments, then add its microsamples"
P1,G,PRJEB86258,microsample,"microsample from a cryosection absent from the portal catalogue",G121eO301A015,G121eO301A,ERR15563325,SAMEA120137787,ERS26795246,G121eO301A015,M300723,G121eO301A015_L1,2025-09-13,https://www.ebi.ac.uk/ena/browser/view/ERR15563325,https://www.ebi.ac.uk/biosamples/samples/SAMEA120137787,ftp.sra.ebi.ac.uk/vol1/fastq/ERR155/025/ERR15563325/ERR15563325_1.fastq.gz;ftp.sra.ebi.ac.uk/vol1/fastq/ERR155/025/ERR15563325/ERR15563325_2.fastq.gz,"Create or complete the cryosection and required attachments, then add its microsamples"
P1,G,PRJEB86258,microsample,"microsample from a cryosection absent from the portal catalogue",G121eO301A016,G121eO301A,ERR15563329,SAMEA120137791,ERS26795250,G121eO301A016,M300724,G121eO301A016_L1,2025-09-13,https://www.ebi.ac.uk/ena/browser/view/ERR15563329,https://www.ebi.ac.uk/biosamples/samples/SAMEA120137791,ftp.sra.ebi.ac.uk/vol1/fastq/ERR155/029/ERR15563329/ERR15563329_1.fastq.gz;ftp.sra.ebi.ac.uk/vol1/fastq/ERR155/029/ERR15563329/ERR15563329_2.fastq.gz,"Create or complete the cryosection and required attachments, then add its microsamples"
P1,G,PRJEB86258,microsample,"microsample from a cryosection absent from the portal catalogue",G121eO301A017,G121eO301A,ERR15563391,SAMEA120137853,ERS26795312,G121eO301A017,M300725,G121eO301A017_L1,2025-09-13,https://www.ebi.ac.uk/ena/browser/view/ERR15563391,https://www.ebi.ac.uk/biosamples/samples/SAMEA120137853,ftp.sra.ebi.ac.uk/vol1/fastq/ERR155/091/ERR15563391/ERR15563391_1.fastq.gz;ftp.sra.ebi.ac.uk/vol1/fastq/ERR155/091/ERR15563391/ERR15563391_2.fastq.gz,"Create or complete the cryosection and required attachments, then add its microsamples"
P1,G,PRJEB86258,microsample,"microsample from a cryosection absent from the portal catalogue",G121eO301A018,G121eO301A,ERR15563388,SAMEA120137850,ERS26795309,G121eO301A018,M300727,G121eO301A018_L1,2025-09-13,https://www.ebi.ac.uk/ena/browser/view/ERR15563388,https://www.ebi.ac.uk/biosamples/samples/SAMEA120137850,ftp.sra.ebi.ac.uk/vol1/fastq/ERR155/088/ERR15563388/ERR15563388_1.fastq.gz;ftp.sra.ebi.ac.uk/vol1/fastq/ERR155/088/ERR15563388/ERR15563388_2.fastq.gz,"Create or complete the cryosection and required attachments, then add its microsamples"
P1,G,PRJEB86258,microsample,"microsample from a cryosection absent from the portal catalogue",G121eO301A019,G121eO301A,ERR15563403,SAMEA120137865,ERS26795324,G121eO301A019,M300729,G121eO301A019_L1,2025-09-13,https://www.ebi.ac.uk/ena/browser/view/ERR15563403,https://www.ebi.ac.uk/biosamples/samples/SAMEA120137865,ftp.sra.ebi.ac.uk/vol1/fastq/ERR155/003/ERR15563403/ERR15563403_1.fastq.gz;ftp.sra.ebi.ac.uk/vol1/fastq/ERR155/003/ERR15563403/ERR15563403_2.fastq.gz,"Create or complete the cryosection and required attachments, then add its microsamples"
P1,G,PRJEB86258,microsample,"microsample from a cryosection absent from the portal catalogue",G121eO301A020,G121eO301A,ERR15563344,SAMEA120137806,ERS26795265,G121eO301A020,M300730,G121eO301A020_L1,2025-09-13,https://www.ebi.ac.uk/ena/browser/view/ERR15563344,https://www.ebi.ac.uk/biosamples/samples/SAMEA120137806,ftp.sra.ebi.ac.uk/vol1/fastq/ERR155/044/ERR15563344/ERR15563344_1.fastq.gz;ftp.sra.ebi.ac.uk/vol1/fastq/ERR155/044/ERR15563344/ERR15563344_2.fastq.gz,"Create or complete the cryosection and required attachments, then add its microsamples"
P1,G,PRJEB86258,microsample,"microsample from a cryosection absent from the portal catalogue",G121eO301A021,G121eO301A,ERR15563359,SAMEA120137821,ERS26795280,G121eO301A021,M300731,G121eO301A021_L1,2025-09-13,https://www.ebi.ac.uk/ena/browser/view/ERR15563359,https://www.ebi.ac.uk/biosamples/samples/SAMEA120137821,ftp.sra.ebi.ac.uk/vol1/fastq/ERR155/059/ERR15563359/ERR15563359_1.fastq.gz;ftp.sra.ebi.ac.uk/vol1/fastq/ERR155/059/ERR15563359/ERR15563359_2.fastq.gz,"Create or complete the cryosection and required attachments, then add its microsamples"
P1,G,PRJEB86258,microsample,"microsample from a cryosection absent from the portal catalogue",G121eO301A022,G121eO301A,ERR15563348,SAMEA120137810,ERS26795269,G121eO301A022,M300732,G121eO301A022_L1,2025-09-13,https://www.ebi.ac.uk/ena/browser/view/ERR15563348,https://www.ebi.ac.uk/biosamples/samples/SAMEA120137810,ftp.sra.ebi.ac.uk/vol1/fastq/ERR155/048/ERR15563348/ERR15563348_1.fastq.gz;ftp.sra.ebi.ac.uk/vol1/fastq/ERR155/048/ERR15563348/ERR15563348_2.fastq.gz,"Create or complete the cryosection and required attachments, then add its microsamples"
P1,G,PRJEB86258,microsample,"microsample from a cryosection absent from the portal catalogue",G121eO301A023,G121eO301A,ERR15563342,SAMEA120137804,ERS26795263,G121eO301A023,M300733,G121eO301A023_L1,2025-09-13,https://www.ebi.ac.uk/ena/browser/view/ERR15563342,https://www.ebi.ac.uk/biosamples/samples/SAMEA120137804,ftp.sra.ebi.ac.uk/vol1/fastq/ERR155/042/ERR15563342/ERR15563342_1.fastq.gz;ftp.sra.ebi.ac.uk/vol1/fastq/ERR155/042/ERR15563342/ERR15563342_2.fastq.gz,"Create or complete the cryosection and required attachments, then add its microsamples"
P1,G,PRJEB86258,microsample,"microsample from a cryosection absent from the portal catalogue",G121eO301A024,G121eO301A,ERR15563376,SAMEA120137838,ERS26795297,G121eO301A024,M300735,G121eO301A024_L1,2025-09-13,https://www.ebi.ac.uk/ena/browser/view/ERR15563376,https://www.ebi.ac.uk/biosamples/samples/SAMEA120137838,ftp.sra.ebi.ac.uk/vol1/fastq/ERR155/076/ERR15563376/ERR15563376_1.fastq.gz;ftp.sra.ebi.ac.uk/vol1/fastq/ERR155/076/ERR15563376/ERR15563376_2.fastq.gz,"Create or complete the cryosection and required attachments, then add its microsamples"
P1,G,PRJEB86258,microsample,"microsample from a cryosection absent from the portal catalogue",G121eO301A025,G121eO301A,ERR15563408,SAMEA120137870,ERS26795329,G121eO301A025,M300736,G121eO301A025_L1,2025-09-13,https://www.ebi.ac.uk/ena/browser/view/ERR15563408,https://www.ebi.ac.uk/biosamples/samples/SAMEA120137870,ftp.sra.ebi.ac.uk/vol1/fastq/ERR155/008/ERR15563408/ERR15563408_1.fastq.gz;ftp.sra.ebi.ac.uk/vol1/fastq/ERR155/008/ERR15563408/ERR15563408_2.fastq.gz,"Create or complete the cryosection and required attachments, then add its microsamples"
P1,G,PRJEB86258,microsample,"microsample from a cryosection absent from the portal catalogue",G121eO301A026,G121eO301A,ERR15563334,SAMEA120137796,ERS26795255,G121eO301A026,M300737,G121eO301A026_L1,2025-09-13,https://www.ebi.ac.uk/ena/browser/view/ERR15563334,https://www.ebi.ac.uk/biosamples/samples/SAMEA120137796,ftp.sra.ebi.ac.uk/vol1/fastq/ERR155/034/ERR15563334/ERR15563334_1.fastq.gz;ftp.sra.ebi.ac.uk/vol1/fastq/ERR155/034/ERR15563334/ERR15563334_2.fastq.gz,"Create or complete the cryosection and required attachments, then add its microsamples"
P1,G,PRJEB86258,microsample,"microsample from a cryosection absent from the portal catalogue",G121eO301A027,G121eO301A,ERR15563395,SAMEA120137857,ERS26795316,G121eO301A027,M300738,G121eO301A027_L1,2025-09-13,https://www.ebi.ac.uk/ena/browser/view/ERR15563395,https://www.ebi.ac.uk/biosamples/samples/SAMEA120137857,ftp.sra.ebi.ac.uk/vol1/fastq/ERR155/095/ERR15563395/ERR15563395_1.fastq.gz;ftp.sra.ebi.ac.uk/vol1/fastq/ERR155/095/ERR15563395/ERR15563395_2.fastq.gz,"Create or complete the cryosection and required attachments, then add its microsamples"
P1,G,PRJEB86258,microsample,"microsample from a cryosection absent from the portal catalogue",G121eO301A028,G121eO301A,ERR15563398,SAMEA120137860,ERS26795319,G121eO301A028,M300741,G121eO301A028_L1,2025-09-13,https://www.ebi.ac.uk/ena/browser/view/ERR15563398,https://www.ebi.ac.uk/biosamples/samples/SAMEA120137860,ftp.sra.ebi.ac.uk/vol1/fastq/ERR155/098/ERR15563398/ERR15563398_1.fastq.gz;ftp.sra.ebi.ac.uk/vol1/fastq/ERR155/098/ERR15563398/ERR15563398_2.fastq.gz,"Create or complete the cryosection and required attachments, then add its microsamples"
P1,G,PRJEB86258,microsample,"microsample from a cryosection absent from the portal catalogue",G121eO301A029,G121eO301A,ERR15563323,SAMEA120137785,ERS26795244,G121eO301A029,M300742,G121eO301A029_L1,2025-09-13,https://www.ebi.ac.uk/ena/browser/view/ERR15563323,https://www.ebi.ac.uk/biosamples/samples/SAMEA120137785,ftp.sra.ebi.ac.uk/vol1/fastq/ERR155/023/ERR15563323/ERR15563323_1.fastq.gz;ftp.sra.ebi.ac.uk/vol1/fastq/ERR155/023/ERR15563323/ERR15563323_2.fastq.gz,"Create or complete the cryosection and required attachments, then add its microsamples"
P1,G,PRJEB86258,microsample,"microsample from a cryosection absent from the portal catalogue",G121eO301A030,G121eO301A,ERR15563378,SAMEA120137840,ERS26795299,G121eO301A030,M300743,G121eO301A030_L1,2025-09-13,https://www.ebi.ac.uk/ena/browser/view/ERR15563378,https://www.ebi.ac.uk/biosamples/samples/SAMEA120137840,ftp.sra.ebi.ac.uk/vol1/fastq/ERR155/078/ERR15563378/ERR15563378_1.fastq.gz;ftp.sra.ebi.ac.uk/vol1/fastq/ERR155/078/ERR15563378/ERR15563378_2.fastq.gz,"Create or complete the cryosection and required attachments, then add its microsamples"
P1,G,PRJEB86258,microsample,"microsample from a cryosection absent from the portal catalogue",G121eO301A031,G121eO301A,ERR15563339,SAMEA120137801,ERS26795260,G121eO301A031,M300744,G121eO301A031_L1,2025-09-13,https://www.ebi.ac.uk/ena/browser/view/ERR15563339,https://www.ebi.ac.uk/biosamples/samples/SAMEA120137801,ftp.sra.ebi.ac.uk/vol1/fastq/ERR155/039/ERR15563339/ERR15563339_1.fastq.gz;ftp.sra.ebi.ac.uk/vol1/fastq/ERR155/039/ERR15563339/ERR15563339_2.fastq.gz,"Create or complete the cryosection and required attachments, then add its microsamples"
P1,G,PRJEB86258,microsample,"microsample from a cryosection absent from the portal catalogue",G121eO301A032,G121eO301A,ERR15563356,SAMEA120137818,ERS26795277,G121eO301A032,M300745,G121eO301A032_L1,2025-09-13,https://www.ebi.ac.uk/ena/browser/view/ERR15563356,https://www.ebi.ac.uk/biosamples/samples/SAMEA120137818,ftp.sra.ebi.ac.uk/vol1/fastq/ERR155/056/ERR15563356/ERR15563356_1.fastq.gz;ftp.sra.ebi.ac.uk/vol1/fastq/ERR155/056/ERR15563356/ERR15563356_2.fastq.gz,"Create or complete the cryosection and required attachments, then add its microsamples"
P1,G,PRJEB86258,microsample,"microsample from a cryosection absent from the portal catalogue",G121eO301A033,G121eO301A,ERR15563366,SAMEA120137828,ERS26795287,G121eO301A033,M300747,G121eO301A033_L1,2025-09-13,https://www.ebi.ac.uk/ena/browser/view/ERR15563366,https://www.ebi.ac.uk/biosamples/samples/SAMEA120137828,ftp.sra.ebi.ac.uk/vol1/fastq/ERR155/066/ERR15563366/ERR15563366_1.fastq.gz;ftp.sra.ebi.ac.uk/vol1/fastq/ERR155/066/ERR15563366/ERR15563366_2.fastq.gz,"Create or complete the cryosection and required attachments, then add its microsamples"
P1,G,PRJEB86258,microsample,"microsample from a cryosection absent from the portal catalogue",G121eO301A034,G121eO301A,ERR15563412,SAMEA120137874,ERS26795333,G121eO301A034,M300748,G121eO301A034_L1,2025-09-13,https://www.ebi.ac.uk/ena/browser/view/ERR15563412,https://www.ebi.ac.uk/biosamples/samples/SAMEA120137874,ftp.sra.ebi.ac.uk/vol1/fastq/ERR155/012/ERR15563412/ERR15563412_1.fastq.gz;ftp.sra.ebi.ac.uk/vol1/fastq/ERR155/012/ERR15563412/ERR15563412_2.fastq.gz,"Create or complete the cryosection and required attachments, then add its microsamples"
P1,G,PRJEB86258,microsample,"microsample from a cryosection absent from the portal catalogue",G121eO301A035,G121eO301A,ERR15563382,SAMEA120137844,ERS26795303,G121eO301A035,M300750,G121eO301A035_L1,2025-09-13,https://www.ebi.ac.uk/ena/browser/view/ERR15563382,https://www.ebi.ac.uk/biosamples/samples/SAMEA120137844,ftp.sra.ebi.ac.uk/vol1/fastq/ERR155/082/ERR15563382/ERR15563382_1.fastq.gz;ftp.sra.ebi.ac.uk/vol1/fastq/ERR155/082/ERR15563382/ERR15563382_2.fastq.gz,"Create or complete the cryosection and required attachments, then add its microsamples"
P1,G,PRJEB86258,microsample,"microsample from a cryosection absent from the portal catalogue",G121eO301A036,G121eO301A,ERR15563364,SAMEA120137826,ERS26795285,G121eO301A036,M300751,G121eO301A036_L1,2025-09-13,https://www.ebi.ac.uk/ena/browser/view/ERR15563364,https://www.ebi.ac.uk/biosamples/samples/SAMEA120137826,ftp.sra.ebi.ac.uk/vol1/fastq/ERR155/064/ERR15563364/ERR15563364_1.fastq.gz;ftp.sra.ebi.ac.uk/vol1/fastq/ERR155/064/ERR15563364/ERR15563364_2.fastq.gz,"Create or complete the cryosection and required attachments, then add its microsamples"
P1,G,PRJEB86258,microsample,"microsample from a cryosection absent from the portal catalogue",G121eO301A037,G121eO301A,ERR15563397,SAMEA120137859,ERS26795318,G121eO301A037,M300753,G121eO301A037_L1,2025-09-13,https://www.ebi.ac.uk/ena/browser/view/ERR15563397,https://www.ebi.ac.uk/biosamples/samples/SAMEA120137859,ftp.sra.ebi.ac.uk/vol1/fastq/ERR155/097/ERR15563397/ERR15563397_1.fastq.gz;ftp.sra.ebi.ac.uk/vol1/fastq/ERR155/097/ERR15563397/ERR15563397_2.fastq.gz,"Create or complete the cryosection and required attachments, then add its microsamples"
P1,G,PRJEB86258,microsample,"microsample from a cryosection absent from the portal catalogue",G121eO301A038,G121eO301A,ERR15563409,SAMEA120137871,ERS26795330,G121eO301A038,M300755,G121eO301A038_L1,2025-09-13,https://www.ebi.ac.uk/ena/browser/view/ERR15563409,https://www.ebi.ac.uk/biosamples/samples/SAMEA120137871,ftp.sra.ebi.ac.uk/vol1/fastq/ERR155/009/ERR15563409/ERR15563409_1.fastq.gz;ftp.sra.ebi.ac.uk/vol1/fastq/ERR155/009/ERR15563409/ERR15563409_2.fastq.gz,"Create or complete the cryosection and required attachments, then add its microsamples"
P1,G,PRJEB86258,microsample,"microsample from a cryosection absent from the portal catalogue",G121eO301A039,G121eO301A,ERR15563349,SAMEA120137811,ERS26795270,G121eO301A039,M300756,G121eO301A039_L1,2025-09-13,https://www.ebi.ac.uk/ena/browser/view/ERR15563349,https://www.ebi.ac.uk/biosamples/samples/SAMEA120137811,ftp.sra.ebi.ac.uk/vol1/fastq/ERR155/049/ERR15563349/ERR15563349_1.fastq.gz;ftp.sra.ebi.ac.uk/vol1/fastq/ERR155/049/ERR15563349/ERR15563349_2.fastq.gz,"Create or complete the cryosection and required attachments, then add its microsamples"
P1,G,PRJEB86258,microsample,"microsample from a cryosection absent from the portal catalogue",G121eO301A040,G121eO301A,ERR15563399,SAMEA120137861,ERS26795320,G121eO301A040,M300757,G121eO301A040_L1,2025-09-13,https://www.ebi.ac.uk/ena/browser/view/ERR15563399,https://www.ebi.ac.uk/biosamples/samples/SAMEA120137861,ftp.sra.ebi.ac.uk/vol1/fastq/ERR155/099/ERR15563399/ERR15563399_1.fastq.gz;ftp.sra.ebi.ac.uk/vol1/fastq/ERR155/099/ERR15563399/ERR15563399_2.fastq.gz,"Create or complete the cryosection and required attachments, then add its microsamples"
P1,G,PRJEB86258,microsample,"microsample from a cryosection absent from the portal catalogue",G121eO301A041,G121eO301A,ERR15563354,SAMEA120137816,ERS26795275,G121eO301A041,M300758,G121eO301A041_L1,2025-09-13,https://www.ebi.ac.uk/ena/browser/view/ERR15563354,https://www.ebi.ac.uk/biosamples/samples/SAMEA120137816,ftp.sra.ebi.ac.uk/vol1/fastq/ERR155/054/ERR15563354/ERR15563354_1.fastq.gz;ftp.sra.ebi.ac.uk/vol1/fastq/ERR155/054/ERR15563354/ERR15563354_2.fastq.gz,"Create or complete the cryosection and required attachments, then add its microsamples"
P1,G,PRJEB86258,microsample,"microsample from a cryosection absent from the portal catalogue",G121eO301A042,G121eO301A,ERR15563406,SAMEA120137868,ERS26795327,G121eO301A042,M300759,G121eO301A042_L1,2025-09-13,https://www.ebi.ac.uk/ena/browser/view/ERR15563406,https://www.ebi.ac.uk/biosamples/samples/SAMEA120137868,ftp.sra.ebi.ac.uk/vol1/fastq/ERR155/006/ERR15563406/ERR15563406_1.fastq.gz;ftp.sra.ebi.ac.uk/vol1/fastq/ERR155/006/ERR15563406/ERR15563406_2.fastq.gz,"Create or complete the cryosection and required attachments, then add its microsamples"
P1,G,PRJEB86258,microsample,"microsample from a cryosection absent from the portal catalogue",G121eO301A043,G121eO301A,ERR15563352,SAMEA120137813,ERS26795272,G121eO301A043,M300760,G121eO301A043_L1,2025-09-13,https://www.ebi.ac.uk/ena/browser/view/ERR15563352,https://www.ebi.ac.uk/biosamples/samples/SAMEA120137813,ftp.sra.ebi.ac.uk/vol1/fastq/ERR155/052/ERR15563352/ERR15563352_1.fastq.gz;ftp.sra.ebi.ac.uk/vol1/fastq/ERR155/052/ERR15563352/ERR15563352_2.fastq.gz,"Create or complete the cryosection and required attachments, then add its microsamples"
P1,G,PRJEB86258,microsample,"microsample from a cryosection absent from the portal catalogue",G121eO301A044,G121eO301A,ERR15563358,SAMEA120137820,ERS26795279,G121eO301A044,M300761,G121eO301A044_L1,2025-09-13,https://www.ebi.ac.uk/ena/browser/view/ERR15563358,https://www.ebi.ac.uk/biosamples/samples/SAMEA120137820,ftp.sra.ebi.ac.uk/vol1/fastq/ERR155/058/ERR15563358/ERR15563358_1.fastq.gz;ftp.sra.ebi.ac.uk/vol1/fastq/ERR155/058/ERR15563358/ERR15563358_2.fastq.gz,"Create or complete the cryosection and required attachments, then add its microsamples"
P1,G,PRJEB86258,microsample,"microsample from a cryosection absent from the portal catalogue",G121eO301A045,G121eO301A,ERR15563360,SAMEA120137822,ERS26795281,G121eO301A045,M300763,G121eO301A045_L1,2025-09-13,https://www.ebi.ac.uk/ena/browser/view/ERR15563360,https://www.ebi.ac.uk/biosamples/samples/SAMEA120137822,ftp.sra.ebi.ac.uk/vol1/fastq/ERR155/060/ERR15563360/ERR15563360_1.fastq.gz;ftp.sra.ebi.ac.uk/vol1/fastq/ERR155/060/ERR15563360/ERR15563360_2.fastq.gz,"Create or complete the cryosection and required attachments, then add its microsamples"
P1,G,PRJEB86258,microsample,"microsample from a cryosection absent from the portal catalogue",G121eO301A046,G121eO301A,ERR15563404,SAMEA120137866,ERS26795325,G121eO301A046,M300764,G121eO301A046_L1,2025-09-13,https://www.ebi.ac.uk/ena/browser/view/ERR15563404,https://www.ebi.ac.uk/biosamples/samples/SAMEA120137866,ftp.sra.ebi.ac.uk/vol1/fastq/ERR155/004/ERR15563404/ERR15563404_1.fastq.gz;ftp.sra.ebi.ac.uk/vol1/fastq/ERR155/004/ERR15563404/ERR15563404_2.fastq.gz,"Create or complete the cryosection and required attachments, then add its microsamples"
P1,G,PRJEB86258,microsample,"microsample from a cryosection absent from the portal catalogue",G121eO301A047,G121eO301A,ERR15563392,SAMEA120137854,ERS26795313,G121eO301A047,M300766,G121eO301A047_L1,2025-09-13,https://www.ebi.ac.uk/ena/browser/view/ERR15563392,https://www.ebi.ac.uk/biosamples/samples/SAMEA120137854,ftp.sra.ebi.ac.uk/vol1/fastq/ERR155/092/ERR15563392/ERR15563392_1.fastq.gz;ftp.sra.ebi.ac.uk/vol1/fastq/ERR155/092/ERR15563392/ERR15563392_2.fastq.gz,"Create or complete the cryosection and required attachments, then add its microsamples"
P1,G,PRJEB86258,microsample,"microsample from a cryosection absent from the portal catalogue",G121eO301A048,G121eO301A,ERR15563357,SAMEA120137819,ERS26795278,G121eO301A048,M300767,G121eO301A048_L1,2025-09-13,https://www.ebi.ac.uk/ena/browser/view/ERR15563357,https://www.ebi.ac.uk/biosamples/samples/SAMEA120137819,ftp.sra.ebi.ac.uk/vol1/fastq/ERR155/057/ERR15563357/ERR15563357_1.fastq.gz;ftp.sra.ebi.ac.uk/vol1/fastq/ERR155/057/ERR15563357/ERR15563357_2.fastq.gz,"Create or complete the cryosection and required attachments, then add its microsamples"
P1,G,PRJEB86258,microsample,"microsample from a cryosection absent from the portal catalogue",G121eO301A049,G121eO301A,ERR15563337,SAMEA120137799,ERS26795258,G121eO301A049,M300768,G121eO301A049_L1,2025-09-13,https://www.ebi.ac.uk/ena/browser/view/ERR15563337,https://www.ebi.ac.uk/biosamples/samples/SAMEA120137799,ftp.sra.ebi.ac.uk/vol1/fastq/ERR155/037/ERR15563337/ERR15563337_1.fastq.gz;ftp.sra.ebi.ac.uk/vol1/fastq/ERR155/037/ERR15563337/ERR15563337_2.fastq.gz,"Create or complete the cryosection and required attachments, then add its microsamples"
P1,G,PRJEB86258,microsample,"microsample from a cryosection absent from the portal catalogue",G121eO301A050,G121eO301A,ERR15563402,SAMEA120137864,ERS26795323,G121eO301A050,M300771,G121eO301A050_L1,2025-09-13,https://www.ebi.ac.uk/ena/browser/view/ERR15563402,https://www.ebi.ac.uk/biosamples/samples/SAMEA120137864,ftp.sra.ebi.ac.uk/vol1/fastq/ERR155/002/ERR15563402/ERR15563402_1.fastq.gz;ftp.sra.ebi.ac.uk/vol1/fastq/ERR155/002/ERR15563402/ERR15563402_2.fastq.gz,"Create or complete the cryosection and required attachments, then add its microsamples"
P1,G,PRJEB86258,microsample,"microsample from a cryosection absent from the portal catalogue",G121eO301A051,G121eO301A,ERR15563343,SAMEA120137805,ERS26795264,G121eO301A051,M300772,G121eO301A051_L1,2025-09-13,https://www.ebi.ac.uk/ena/browser/view/ERR15563343,https://www.ebi.ac.uk/biosamples/samples/SAMEA120137805,ftp.sra.ebi.ac.uk/vol1/fastq/ERR155/043/ERR15563343/ERR15563343_1.fastq.gz;ftp.sra.ebi.ac.uk/vol1/fastq/ERR155/043/ERR15563343/ERR15563343_2.fastq.gz,"Create or complete the cryosection and required attachments, then add its microsamples"
P1,G,PRJEB86258,microsample,"microsample from a cryosection absent from the portal catalogue",G121eO301A052,G121eO301A,ERR15563394,SAMEA120137856,ERS26795315,G121eO301A052,M300773,G121eO301A052_L1,2025-09-13,https://www.ebi.ac.uk/ena/browser/view/ERR15563394,https://www.ebi.ac.uk/biosamples/samples/SAMEA120137856,ftp.sra.ebi.ac.uk/vol1/fastq/ERR155/094/ERR15563394/ERR15563394_1.fastq.gz;ftp.sra.ebi.ac.uk/vol1/fastq/ERR155/094/ERR15563394/ERR15563394_2.fastq.gz,"Create or complete the cryosection and required attachments, then add its microsamples"
P1,G,PRJEB86258,microsample,"microsample from a cryosection absent from the portal catalogue",G121eO301A053,G121eO301A,ERR15563361,SAMEA120137823,ERS26795282,G121eO301A053,M300774,G121eO301A053_L1,2025-09-13,https://www.ebi.ac.uk/ena/browser/view/ERR15563361,https://www.ebi.ac.uk/biosamples/samples/SAMEA120137823,ftp.sra.ebi.ac.uk/vol1/fastq/ERR155/061/ERR15563361/ERR15563361_1.fastq.gz;ftp.sra.ebi.ac.uk/vol1/fastq/ERR155/061/ERR15563361/ERR15563361_2.fastq.gz,"Create or complete the cryosection and required attachments, then add its microsamples"
P1,G,PRJEB86258,microsample,"microsample from a cryosection absent from the portal catalogue",G121eO301A054,G121eO301A,ERR15563401,SAMEA120137863,ERS26795322,G121eO301A054,M300775,G121eO301A054_L1,2025-09-13,https://www.ebi.ac.uk/ena/browser/view/ERR15563401,https://www.ebi.ac.uk/biosamples/samples/SAMEA120137863,ftp.sra.ebi.ac.uk/vol1/fastq/ERR155/001/ERR15563401/ERR15563401_1.fastq.gz;ftp.sra.ebi.ac.uk/vol1/fastq/ERR155/001/ERR15563401/ERR15563401_2.fastq.gz,"Create or complete the cryosection and required attachments, then add its microsamples"
P1,G,PRJEB86258,microsample,"microsample from a cryosection absent from the portal catalogue",G121eO301A055,G121eO301A,ERR15563380,SAMEA120137842,ERS26795301,G121eO301A055,M300776,G121eO301A055_L1,2025-09-13,https://www.ebi.ac.uk/ena/browser/view/ERR15563380,https://www.ebi.ac.uk/biosamples/samples/SAMEA120137842,ftp.sra.ebi.ac.uk/vol1/fastq/ERR155/080/ERR15563380/ERR15563380_1.fastq.gz;ftp.sra.ebi.ac.uk/vol1/fastq/ERR155/080/ERR15563380/ERR15563380_2.fastq.gz,"Create or complete the cryosection and required attachments, then add its microsamples"
P1,G,PRJEB86258,microsample,"microsample from a cryosection absent from the portal catalogue",G121eO301A056,G121eO301A,ERR15563350,SAMEA120137812,ERS26795271,G121eO301A056,M300777,G121eO301A056_L1,2025-09-13,https://www.ebi.ac.uk/ena/browser/view/ERR15563350,https://www.ebi.ac.uk/biosamples/samples/SAMEA120137812,ftp.sra.ebi.ac.uk/vol1/fastq/ERR155/050/ERR15563350/ERR15563350_1.fastq.gz;ftp.sra.ebi.ac.uk/vol1/fastq/ERR155/050/ERR15563350/ERR15563350_2.fastq.gz,"Create or complete the cryosection and required attachments, then add its microsamples"
P1,G,PRJEB86258,microsample,"microsample from a cryosection absent from the portal catalogue",G121eO301A057,G121eO301A,ERR15563415,SAMEA120137877,ERS26795336,G121eO301A057,M300778,G121eO301A057_L1,2025-09-13,https://www.ebi.ac.uk/ena/browser/view/ERR15563415,https://www.ebi.ac.uk/biosamples/samples/SAMEA120137877,ftp.sra.ebi.ac.uk/vol1/fastq/ERR155/015/ERR15563415/ERR15563415_1.fastq.gz;ftp.sra.ebi.ac.uk/vol1/fastq/ERR155/015/ERR15563415/ERR15563415_2.fastq.gz,"Create or complete the cryosection and required attachments, then add its microsamples"
P1,G,PRJEB86258,microsample,"microsample from a cryosection absent from the portal catalogue",G121eO301A058,G121eO301A,ERR15563381,SAMEA120137843,ERS26795302,G121eO301A058,M300780,G121eO301A058_L1,2025-09-13,https://www.ebi.ac.uk/ena/browser/view/ERR15563381,https://www.ebi.ac.uk/biosamples/samples/SAMEA120137843,ftp.sra.ebi.ac.uk/vol1/fastq/ERR155/081/ERR15563381/ERR15563381_1.fastq.gz;ftp.sra.ebi.ac.uk/vol1/fastq/ERR155/081/ERR15563381/ERR15563381_2.fastq.gz,"Create or complete the cryosection and required attachments, then add its microsamples"
P1,G,PRJEB86258,microsample,"microsample from a cryosection absent from the portal catalogue",G121eO301A059,G121eO301A,ERR15563367,SAMEA120137829,ERS26795288,G121eO301A059,M300782,G121eO301A059_L1,2025-09-13,https://www.ebi.ac.uk/ena/browser/view/ERR15563367,https://www.ebi.ac.uk/biosamples/samples/SAMEA120137829,ftp.sra.ebi.ac.uk/vol1/fastq/ERR155/067/ERR15563367/ERR15563367_1.fastq.gz;ftp.sra.ebi.ac.uk/vol1/fastq/ERR155/067/ERR15563367/ERR15563367_2.fastq.gz,"Create or complete the cryosection and required attachments, then add its microsamples"
P1,G,PRJEB86258,microsample,"microsample from a cryosection absent from the portal catalogue",G121eO301A060,G121eO301A,ERR15563363,SAMEA120137825,ERS26795284,G121eO301A060,M300783,G121eO301A060_L1,2025-09-13,https://www.ebi.ac.uk/ena/browser/view/ERR15563363,https://www.ebi.ac.uk/biosamples/samples/SAMEA120137825,ftp.sra.ebi.ac.uk/vol1/fastq/ERR155/063/ERR15563363/ERR15563363_1.fastq.gz;ftp.sra.ebi.ac.uk/vol1/fastq/ERR155/063/ERR15563363/ERR15563363_2.fastq.gz,"Create or complete the cryosection and required attachments, then add its microsamples"
P1,G,PRJEB86258,microsample,"microsample from a cryosection absent from the portal catalogue",G121eO301A061,G121eO301A,ERR15563379,SAMEA120137841,ERS26795300,G121eO301A061,M300784,G121eO301A061_L1,2025-09-13,https://www.ebi.ac.uk/ena/browser/view/ERR15563379,https://www.ebi.ac.uk/biosamples/samples/SAMEA120137841,ftp.sra.ebi.ac.uk/vol1/fastq/ERR155/079/ERR15563379/ERR15563379_1.fastq.gz;ftp.sra.ebi.ac.uk/vol1/fastq/ERR155/079/ERR15563379/ERR15563379_2.fastq.gz,"Create or complete the cryosection and required attachments, then add its microsamples"
P1,G,PRJEB86258,microsample,"microsample from a cryosection absent from the portal catalogue",G121eO301A062,G121eO301A,ERR15563369,SAMEA120137831,ERS26795290,G121eO301A062,M300786,G121eO301A062_L1,2025-09-13,https://www.ebi.ac.uk/ena/browser/view/ERR15563369,https://www.ebi.ac.uk/biosamples/samples/SAMEA120137831,ftp.sra.ebi.ac.uk/vol1/fastq/ERR155/069/ERR15563369/ERR15563369_1.fastq.gz;ftp.sra.ebi.ac.uk/vol1/fastq/ERR155/069/ERR15563369/ERR15563369_2.fastq.gz,"Create or complete the cryosection and required attachments, then add its microsamples"
P1,G,PRJEB86258,microsample,"microsample from a cryosection absent from the portal catalogue",G121eO301A063,G121eO301A,ERR15563416,SAMEA120137878,ERS26795337,G121eO301A063,M300787,G121eO301A063_L1,2025-09-13,https://www.ebi.ac.uk/ena/browser/view/ERR15563416,https://www.ebi.ac.uk/biosamples/samples/SAMEA120137878,ftp.sra.ebi.ac.uk/vol1/fastq/ERR155/016/ERR15563416/ERR15563416_1.fastq.gz;ftp.sra.ebi.ac.uk/vol1/fastq/ERR155/016/ERR15563416/ERR15563416_2.fastq.gz,"Create or complete the cryosection and required attachments, then add its microsamples"
P1,G,PRJEB86258,microsample,"microsample from a cryosection absent from the portal catalogue",G121eO301A064,G121eO301A,ERR15563362,SAMEA120137824,ERS26795283,G121eO301A064,M300788,G121eO301A064_L1,2025-09-13,https://www.ebi.ac.uk/ena/browser/view/ERR15563362,https://www.ebi.ac.uk/biosamples/samples/SAMEA120137824,ftp.sra.ebi.ac.uk/vol1/fastq/ERR155/062/ERR15563362/ERR15563362_1.fastq.gz;ftp.sra.ebi.ac.uk/vol1/fastq/ERR155/062/ERR15563362/ERR15563362_2.fastq.gz,"Create or complete the cryosection and required attachments, then add its microsamples"
P1,G,PRJEB86258,microsample,"microsample from a cryosection absent from the portal catalogue",G121eO301A065,G121eO301A,ERR15563351,SAMEA120137815,ERS26795274,G121eO301A065,M300790,G121eO301A065_L1,2025-09-13,https://www.ebi.ac.uk/ena/browser/view/ERR15563351,https://www.ebi.ac.uk/biosamples/samples/SAMEA120137815,ftp.sra.ebi.ac.uk/vol1/fastq/ERR155/051/ERR15563351/ERR15563351_1.fastq.gz;ftp.sra.ebi.ac.uk/vol1/fastq/ERR155/051/ERR15563351/ERR15563351_2.fastq.gz,"Create or complete the cryosection and required attachments, then add its microsamples"
P1,G,PRJEB86258,microsample,"microsample from a cryosection absent from the portal catalogue",G121eO301A066,G121eO301A,ERR15563365,SAMEA120137827,ERS26795286,G121eO301A066,M300791,G121eO301A066_L1,2025-09-13,https://www.ebi.ac.uk/ena/browser/view/ERR15563365,https://www.ebi.ac.uk/biosamples/samples/SAMEA120137827,ftp.sra.ebi.ac.uk/vol1/fastq/ERR155/065/ERR15563365/ERR15563365_1.fastq.gz;ftp.sra.ebi.ac.uk/vol1/fastq/ERR155/065/ERR15563365/ERR15563365_2.fastq.gz,"Create or complete the cryosection and required attachments, then add its microsamples"
P1,G,PRJEB86258,microsample,"microsample from a cryosection absent from the portal catalogue",G121eO301A067,G121eO301A,ERR15563384,SAMEA120137846,ERS26795305,G121eO301A067,M300792,G121eO301A067_L1,2025-09-13,https://www.ebi.ac.uk/ena/browser/view/ERR15563384,https://www.ebi.ac.uk/biosamples/samples/SAMEA120137846,ftp.sra.ebi.ac.uk/vol1/fastq/ERR155/084/ERR15563384/ERR15563384_1.fastq.gz;ftp.sra.ebi.ac.uk/vol1/fastq/ERR155/084/ERR15563384/ERR15563384_2.fastq.gz,"Create or complete the cryosection and required attachments, then add its microsamples"
P1,G,PRJEB86258,microsample,"microsample from a cryosection absent from the portal catalogue",G121eO301A068,G121eO301A,ERR15563414,SAMEA120137876,ERS26795335,G121eO301A068,M300794,G121eO301A068_L1,2025-09-13,https://www.ebi.ac.uk/ena/browser/view/ERR15563414,https://www.ebi.ac.uk/biosamples/samples/SAMEA120137876,ftp.sra.ebi.ac.uk/vol1/fastq/ERR155/014/ERR15563414/ERR15563414_1.fastq.gz;ftp.sra.ebi.ac.uk/vol1/fastq/ERR155/014/ERR15563414/ERR15563414_2.fastq.gz,"Create or complete the cryosection and required attachments, then add its microsamples"
P1,G,PRJEB86258,microsample,"microsample from a cryosection absent from the portal catalogue",G121eO301A069,G121eO301A,ERR15563374,SAMEA120137836,ERS26795295,G121eO301A069,M300795,G121eO301A069_L1,2025-09-13,https://www.ebi.ac.uk/ena/browser/view/ERR15563374,https://www.ebi.ac.uk/biosamples/samples/SAMEA120137836,ftp.sra.ebi.ac.uk/vol1/fastq/ERR155/074/ERR15563374/ERR15563374_1.fastq.gz;ftp.sra.ebi.ac.uk/vol1/fastq/ERR155/074/ERR15563374/ERR15563374_2.fastq.gz,"Create or complete the cryosection and required attachments, then add its microsamples"
P1,G,PRJEB86258,microsample,"microsample from a cryosection absent from the portal catalogue",G121eO301A070,G121eO301A,ERR15563371,SAMEA120137833,ERS26795292,G121eO301A070,M300797,G121eO301A070_L1,2025-09-13,https://www.ebi.ac.uk/ena/browser/view/ERR15563371,https://www.ebi.ac.uk/biosamples/samples/SAMEA120137833,ftp.sra.ebi.ac.uk/vol1/fastq/ERR155/071/ERR15563371/ERR15563371_1.fastq.gz;ftp.sra.ebi.ac.uk/vol1/fastq/ERR155/071/ERR15563371/ERR15563371_2.fastq.gz,"Create or complete the cryosection and required attachments, then add its microsamples"
P1,G,PRJEB86258,microsample,"microsample from a cryosection absent from the portal catalogue",G121eO301A071,G121eO301A,ERR15563413,SAMEA120137875,ERS26795334,G121eO301A071,M300798,G121eO301A071_L1,2025-09-13,https://www.ebi.ac.uk/ena/browser/view/ERR15563413,https://www.ebi.ac.uk/biosamples/samples/SAMEA120137875,ftp.sra.ebi.ac.uk/vol1/fastq/ERR155/013/ERR15563413/ERR15563413_1.fastq.gz;ftp.sra.ebi.ac.uk/vol1/fastq/ERR155/013/ERR15563413/ERR15563413_2.fastq.gz,"Create or complete the cryosection and required attachments, then add its microsamples"
P1,G,PRJEB86258,microsample,"microsample from a cryosection absent from the portal catalogue",G121eO301A072,G121eO301A,ERR15563383,SAMEA120137845,ERS26795304,G121eO301A072,M300799,G121eO301A072_L1,2025-09-13,https://www.ebi.ac.uk/ena/browser/view/ERR15563383,https://www.ebi.ac.uk/biosamples/samples/SAMEA120137845,ftp.sra.ebi.ac.uk/vol1/fastq/ERR155/083/ERR15563383/ERR15563383_1.fastq.gz;ftp.sra.ebi.ac.uk/vol1/fastq/ERR155/083/ERR15563383/ERR15563383_2.fastq.gz,"Create or complete the cryosection and required attachments, then add its microsamples"
P1,G,PRJEB86258,microsample,"microsample from a cryosection absent from the portal catalogue",G121eO302A001,G121eO302A,ERR15563189,SAMEA120137651,ERS26795110,G121eO302A001,M301187,G121eO302A001_L1,2025-09-13,https://www.ebi.ac.uk/ena/browser/view/ERR15563189,https://www.ebi.ac.uk/biosamples/samples/SAMEA120137651,ftp.sra.ebi.ac.uk/vol1/fastq/ERR155/089/ERR15563189/ERR15563189_1.fastq.gz;ftp.sra.ebi.ac.uk/vol1/fastq/ERR155/089/ERR15563189/ERR15563189_2.fastq.gz,"Create or complete the cryosection and required attachments, then add its microsamples"
P1,G,PRJEB86258,microsample,"microsample from a cryosection absent from the portal catalogue",G121eO302A002,G121eO302A,ERR15563043,SAMEA120137505,ERS26794964,G121eO302A002,M301188,G121eO302A002_L1,2025-09-13,https://www.ebi.ac.uk/ena/browser/view/ERR15563043,https://www.ebi.ac.uk/biosamples/samples/SAMEA120137505,ftp.sra.ebi.ac.uk/vol1/fastq/ERR155/043/ERR15563043/ERR15563043_1.fastq.gz;ftp.sra.ebi.ac.uk/vol1/fastq/ERR155/043/ERR15563043/ERR15563043_2.fastq.gz,"Create or complete the cryosection and required attachments, then add its microsamples"
P1,G,PRJEB86258,microsample,"microsample from a cryosection absent from the portal catalogue",G121eO302A003,G121eO302A,ERR15563200,SAMEA120137662,ERS26795121,G121eO302A003,M301189,G121eO302A003_L1,2025-09-17,https://www.ebi.ac.uk/ena/browser/view/ERR15563200,https://www.ebi.ac.uk/biosamples/samples/SAMEA120137662,ftp.sra.ebi.ac.uk/vol1/fastq/ERR155/000/ERR15563200/ERR15563200_1.fastq.gz;ftp.sra.ebi.ac.uk/vol1/fastq/ERR155/000/ERR15563200/ERR15563200_2.fastq.gz,"Create or complete the cryosection and required attachments, then add its microsamples"
P1,G,PRJEB86258,microsample,"microsample from a cryosection absent from the portal catalogue",G121eO302A004,G121eO302A,ERR15563259,SAMEA120137721,ERS26795180,G121eO302A004,M301191,G121eO302A004_L1,2025-09-17,https://www.ebi.ac.uk/ena/browser/view/ERR15563259,https://www.ebi.ac.uk/biosamples/samples/SAMEA120137721,ftp.sra.ebi.ac.uk/vol1/fastq/ERR155/059/ERR15563259/ERR15563259_1.fastq.gz;ftp.sra.ebi.ac.uk/vol1/fastq/ERR155/059/ERR15563259/ERR15563259_2.fastq.gz,"Create or complete the cryosection and required attachments, then add its microsamples"
P1,G,PRJEB86258,microsample,"microsample from a cryosection absent from the portal catalogue",G121eO302A005,G121eO302A,ERR15563309,SAMEA120137771,ERS26795230,G121eO302A005,M301192,G121eO302A005_L1,2025-09-17,https://www.ebi.ac.uk/ena/browser/view/ERR15563309,https://www.ebi.ac.uk/biosamples/samples/SAMEA120137771,ftp.sra.ebi.ac.uk/vol1/fastq/ERR155/009/ERR15563309/ERR15563309_1.fastq.gz;ftp.sra.ebi.ac.uk/vol1/fastq/ERR155/009/ERR15563309/ERR15563309_2.fastq.gz,"Create or complete the cryosection and required attachments, then add its microsamples"
P1,G,PRJEB86258,microsample,"microsample from a cryosection absent from the portal catalogue",G121eO302A006,G121eO302A,ERR15563059,SAMEA120137521,ERS26794980,G121eO302A006,M301193,G121eO302A006_L1,2025-09-17,https://www.ebi.ac.uk/ena/browser/view/ERR15563059,https://www.ebi.ac.uk/biosamples/samples/SAMEA120137521,ftp.sra.ebi.ac.uk/vol1/fastq/ERR155/059/ERR15563059/ERR15563059_1.fastq.gz;ftp.sra.ebi.ac.uk/vol1/fastq/ERR155/059/ERR15563059/ERR15563059_2.fastq.gz,"Create or complete the cryosection and required attachments, then add its microsamples"
P1,G,PRJEB86258,microsample,"microsample from a cryosection absent from the portal catalogue",G121eO302A007,G121eO302A,ERR15563251,SAMEA120137713,ERS26795172,G121eO302A007,M301194,G121eO302A007_L1,2025-09-13,https://www.ebi.ac.uk/ena/browser/view/ERR15563251,https://www.ebi.ac.uk/biosamples/samples/SAMEA120137713,ftp.sra.ebi.ac.uk/vol1/fastq/ERR155/051/ERR15563251/ERR15563251_1.fastq.gz;ftp.sra.ebi.ac.uk/vol1/fastq/ERR155/051/ERR15563251/ERR15563251_2.fastq.gz,"Create or complete the cryosection and required attachments, then add its microsamples"
P1,G,PRJEB86258,microsample,"microsample from a cryosection absent from the portal catalogue",G121eO302A008,G121eO302A,ERR15563305,SAMEA120137767,ERS26795226,G121eO302A008,M301195,G121eO302A008_L1,2025-09-13,https://www.ebi.ac.uk/ena/browser/view/ERR15563305,https://www.ebi.ac.uk/biosamples/samples/SAMEA120137767,ftp.sra.ebi.ac.uk/vol1/fastq/ERR155/005/ERR15563305/ERR15563305_1.fastq.gz;ftp.sra.ebi.ac.uk/vol1/fastq/ERR155/005/ERR15563305/ERR15563305_2.fastq.gz,"Create or complete the cryosection and required attachments, then add its microsamples"
P1,G,PRJEB86258,microsample,"microsample from a cryosection absent from the portal catalogue",G121eO302A009,G121eO302A,ERR15563280,SAMEA120137742,ERS26795201,G121eO302A009,M301198,G121eO302A009_L1,2025-09-13,https://www.ebi.ac.uk/ena/browser/view/ERR15563280,https://www.ebi.ac.uk/biosamples/samples/SAMEA120137742,ftp.sra.ebi.ac.uk/vol1/fastq/ERR155/080/ERR15563280/ERR15563280_1.fastq.gz;ftp.sra.ebi.ac.uk/vol1/fastq/ERR155/080/ERR15563280/ERR15563280_2.fastq.gz,"Create or complete the cryosection and required attachments, then add its microsamples"
P1,G,PRJEB86258,microsample,"microsample from a cryosection absent from the portal catalogue",G121eO302A010,G121eO302A,ERR15562974,SAMEA120137436,ERS26794895,G121eO302A010,M301199,G121eO302A010_L1,2025-09-13,https://www.ebi.ac.uk/ena/browser/view/ERR15562974,https://www.ebi.ac.uk/biosamples/samples/SAMEA120137436,ftp.sra.ebi.ac.uk/vol1/fastq/ERR155/074/ERR15562974/ERR15562974_1.fastq.gz;ftp.sra.ebi.ac.uk/vol1/fastq/ERR155/074/ERR15562974/ERR15562974_2.fastq.gz,"Create or complete the cryosection and required attachments, then add its microsamples"
P1,G,PRJEB86258,microsample,"microsample from a cryosection absent from the portal catalogue",G121eO302A011,G121eO302A,ERR15563035,SAMEA120137497,ERS26794956,G121eO302A011,M301200,G121eO302A011_L1,2025-09-17,https://www.ebi.ac.uk/ena/browser/view/ERR15563035,https://www.ebi.ac.uk/biosamples/samples/SAMEA120137497,ftp.sra.ebi.ac.uk/vol1/fastq/ERR155/035/ERR15563035/ERR15563035_1.fastq.gz;ftp.sra.ebi.ac.uk/vol1/fastq/ERR155/035/ERR15563035/ERR15563035_2.fastq.gz,"Create or complete the cryosection and required attachments, then add its microsamples"
P1,G,PRJEB86258,microsample,"microsample from a cryosection absent from the portal catalogue",G121eO302A012,G121eO302A,ERR15562967,SAMEA120137429,ERS26794888,G121eO302A012,M301201,G121eO302A012_L1,2025-09-13,https://www.ebi.ac.uk/ena/browser/view/ERR15562967,https://www.ebi.ac.uk/biosamples/samples/SAMEA120137429,ftp.sra.ebi.ac.uk/vol1/fastq/ERR155/067/ERR15562967/ERR15562967_1.fastq.gz;ftp.sra.ebi.ac.uk/vol1/fastq/ERR155/067/ERR15562967/ERR15562967_2.fastq.gz,"Create or complete the cryosection and required attachments, then add its microsamples"
P1,G,PRJEB86258,microsample,"microsample from a cryosection absent from the portal catalogue",G121eO302A013,G121eO302A,ERR15562975,SAMEA120137437,ERS26794896,G121eO302A013,M301202,G121eO302A013_L1,2025-09-17,https://www.ebi.ac.uk/ena/browser/view/ERR15562975,https://www.ebi.ac.uk/biosamples/samples/SAMEA120137437,ftp.sra.ebi.ac.uk/vol1/fastq/ERR155/075/ERR15562975/ERR15562975_1.fastq.gz;ftp.sra.ebi.ac.uk/vol1/fastq/ERR155/075/ERR15562975/ERR15562975_2.fastq.gz,"Create or complete the cryosection and required attachments, then add its microsamples"
P1,G,PRJEB86258,microsample,"microsample from a cryosection absent from the portal catalogue",G121eO302A014,G121eO302A,ERR15563063,SAMEA120137525,ERS26794984,G121eO302A014,M301203,G121eO302A014_L1,2025-09-17,https://www.ebi.ac.uk/ena/browser/view/ERR15563063,https://www.ebi.ac.uk/biosamples/samples/SAMEA120137525,ftp.sra.ebi.ac.uk/vol1/fastq/ERR155/063/ERR15563063/ERR15563063_1.fastq.gz;ftp.sra.ebi.ac.uk/vol1/fastq/ERR155/063/ERR15563063/ERR15563063_2.fastq.gz,"Create or complete the cryosection and required attachments, then add its microsamples"
P1,G,PRJEB86258,microsample,"microsample from a cryosection absent from the portal catalogue",G121eO302A015,G121eO302A,ERR15562960,SAMEA120137422,ERS26794881,G121eO302A015,M301204,G121eO302A015_L1,2025-09-13,https://www.ebi.ac.uk/ena/browser/view/ERR15562960,https://www.ebi.ac.uk/biosamples/samples/SAMEA120137422,ftp.sra.ebi.ac.uk/vol1/fastq/ERR155/060/ERR15562960/ERR15562960_1.fastq.gz;ftp.sra.ebi.ac.uk/vol1/fastq/ERR155/060/ERR15562960/ERR15562960_2.fastq.gz,"Create or complete the cryosection and required attachments, then add its microsamples"
P1,G,PRJEB86258,microsample,"microsample from a cryosection absent from the portal catalogue",G121eO302A016,G121eO302A,ERR15563180,SAMEA120137641,ERS26795100,G121eO302A016,M301205,G121eO302A016_L1,2025-09-13,https://www.ebi.ac.uk/ena/browser/view/ERR15563180,https://www.ebi.ac.uk/biosamples/samples/SAMEA120137641,ftp.sra.ebi.ac.uk/vol1/fastq/ERR155/080/ERR15563180/ERR15563180_1.fastq.gz;ftp.sra.ebi.ac.uk/vol1/fastq/ERR155/080/ERR15563180/ERR15563180_2.fastq.gz,"Create or complete the cryosection and required attachments, then add its microsamples"
P1,G,PRJEB86258,microsample,"microsample from a cryosection absent from the portal catalogue",G121eO302A017,G121eO302A,ERR15562961,SAMEA120137423,ERS26794882,G121eO302A017,M301206,G121eO302A017_L1,2025-09-13,https://www.ebi.ac.uk/ena/browser/view/ERR15562961,https://www.ebi.ac.uk/biosamples/samples/SAMEA120137423,ftp.sra.ebi.ac.uk/vol1/fastq/ERR155/061/ERR15562961/ERR15562961_1.fastq.gz;ftp.sra.ebi.ac.uk/vol1/fastq/ERR155/061/ERR15562961/ERR15562961_2.fastq.gz,"Create or complete the cryosection and required attachments, then add its microsamples"
P1,G,PRJEB86258,microsample,"microsample from a cryosection absent from the portal catalogue",G121eO302A018,G121eO302A,ERR15563302,SAMEA120137764,ERS26795223,G121eO302A018,M301208,G121eO302A018_L1,2025-09-17,https://www.ebi.ac.uk/ena/browser/view/ERR15563302,https://www.ebi.ac.uk/biosamples/samples/SAMEA120137764,ftp.sra.ebi.ac.uk/vol1/fastq/ERR155/002/ERR15563302/ERR15563302_1.fastq.gz;ftp.sra.ebi.ac.uk/vol1/fastq/ERR155/002/ERR15563302/ERR15563302_2.fastq.gz,"Create or complete the cryosection and required attachments, then add its microsamples"
P1,G,PRJEB86258,microsample,"microsample from a cryosection absent from the portal catalogue",G121eO302A019,G121eO302A,ERR15563082,SAMEA120137544,ERS26795003,G121eO302A019,M301210,G121eO302A019_L1,2025-09-17,https://www.ebi.ac.uk/ena/browser/view/ERR15563082,https://www.ebi.ac.uk/biosamples/samples/SAMEA120137544,ftp.sra.ebi.ac.uk/vol1/fastq/ERR155/082/ERR15563082/ERR15563082_1.fastq.gz;ftp.sra.ebi.ac.uk/vol1/fastq/ERR155/082/ERR15563082/ERR15563082_2.fastq.gz,"Create or complete the cryosection and required attachments, then add its microsamples"
P1,G,PRJEB86258,microsample,"microsample from a cryosection absent from the portal catalogue",G121eO302A020,G121eO302A,ERR15563048,SAMEA120137510,ERS26794969,G121eO302A020,M301211,G121eO302A020_L1,2025-09-13,https://www.ebi.ac.uk/ena/browser/view/ERR15563048,https://www.ebi.ac.uk/biosamples/samples/SAMEA120137510,ftp.sra.ebi.ac.uk/vol1/fastq/ERR155/048/ERR15563048/ERR15563048_1.fastq.gz;ftp.sra.ebi.ac.uk/vol1/fastq/ERR155/048/ERR15563048/ERR15563048_2.fastq.gz,"Create or complete the cryosection and required attachments, then add its microsamples"
P1,G,PRJEB86258,microsample,"microsample from a cryosection absent from the portal catalogue",G121eO302A021,G121eO302A,ERR15563317,SAMEA120137779,ERS26795238,G121eO302A021,M301212,G121eO302A021_L1,2025-09-13,https://www.ebi.ac.uk/ena/browser/view/ERR15563317,https://www.ebi.ac.uk/biosamples/samples/SAMEA120137779,ftp.sra.ebi.ac.uk/vol1/fastq/ERR155/017/ERR15563317/ERR15563317_1.fastq.gz;ftp.sra.ebi.ac.uk/vol1/fastq/ERR155/017/ERR15563317/ERR15563317_2.fastq.gz,"Create or complete the cryosection and required attachments, then add its microsamples"
P1,G,PRJEB86258,microsample,"microsample from a cryosection absent from the portal catalogue",G121eO302A022,G121eO302A,ERR15563054,SAMEA120137516,ERS26794975,G121eO302A022,M301214,G121eO302A022_L1,2025-09-13,https://www.ebi.ac.uk/ena/browser/view/ERR15563054,https://www.ebi.ac.uk/biosamples/samples/SAMEA120137516,ftp.sra.ebi.ac.uk/vol1/fastq/ERR155/054/ERR15563054/ERR15563054_1.fastq.gz;ftp.sra.ebi.ac.uk/vol1/fastq/ERR155/054/ERR15563054/ERR15563054_2.fastq.gz,"Create or complete the cryosection and required attachments, then add its microsamples"
P1,G,PRJEB86258,microsample,"microsample from a cryosection absent from the portal catalogue",G121eO302A023,G121eO302A,ERR15563213,SAMEA120137675,ERS26795134,G121eO302A023,M301215,G121eO302A023_L1,2025-09-17,https://www.ebi.ac.uk/ena/browser/view/ERR15563213,https://www.ebi.ac.uk/biosamples/samples/SAMEA120137675,ftp.sra.ebi.ac.uk/vol1/fastq/ERR155/013/ERR15563213/ERR15563213_1.fastq.gz;ftp.sra.ebi.ac.uk/vol1/fastq/ERR155/013/ERR15563213/ERR15563213_2.fastq.gz,"Create or complete the cryosection and required attachments, then add its microsamples"
P1,G,PRJEB86258,microsample,"microsample from a cryosection absent from the portal catalogue",G121eO302A024,G121eO302A,ERR15563315,SAMEA120137777,ERS26795236,G121eO302A024,M301216,G121eO302A024_L1,2025-09-13,https://www.ebi.ac.uk/ena/browser/view/ERR15563315,https://www.ebi.ac.uk/biosamples/samples/SAMEA120137777,ftp.sra.ebi.ac.uk/vol1/fastq/ERR155/015/ERR15563315/ERR15563315_1.fastq.gz;ftp.sra.ebi.ac.uk/vol1/fastq/ERR155/015/ERR15563315/ERR15563315_2.fastq.gz,"Create or complete the cryosection and required attachments, then add its microsamples"
P1,G,PRJEB86258,microsample,"microsample from a cryosection absent from the portal catalogue",G121eO302A025,G121eO302A,ERR15563314,SAMEA120137776,ERS26795235,G121eO302A025,M301219,G121eO302A025_L1,2025-09-17,https://www.ebi.ac.uk/ena/browser/view/ERR15563314,https://www.ebi.ac.uk/biosamples/samples/SAMEA120137776,ftp.sra.ebi.ac.uk/vol1/fastq/ERR155/014/ERR15563314/ERR15563314_1.fastq.gz;ftp.sra.ebi.ac.uk/vol1/fastq/ERR155/014/ERR15563314/ERR15563314_2.fastq.gz,"Create or complete the cryosection and required attachments, then add its microsamples"
P1,G,PRJEB86258,microsample,"microsample from a cryosection absent from the portal catalogue",G121eO302A026,G121eO302A,ERR15562939,SAMEA120137400,ERS26794862,G121eO302A026,M301220,G121eO302A026_L1,2025-09-17,https://www.ebi.ac.uk/ena/browser/view/ERR15562939,https://www.ebi.ac.uk/biosamples/samples/SAMEA120137400,ftp.sra.ebi.ac.uk/vol1/fastq/ERR155/039/ERR15562939/ERR15562939_1.fastq.gz;ftp.sra.ebi.ac.uk/vol1/fastq/ERR155/039/ERR15562939/ERR15562939_2.fastq.gz,"Create or complete the cryosection and required attachments, then add its microsamples"
P1,G,PRJEB86258,microsample,"microsample from a cryosection absent from the portal catalogue",G121eO302A027,G121eO302A,ERR15563138,SAMEA120137600,ERS26795059,G121eO302A027,M301222,G121eO302A027_L1,2025-09-17,https://www.ebi.ac.uk/ena/browser/view/ERR15563138,https://www.ebi.ac.uk/biosamples/samples/SAMEA120137600,ftp.sra.ebi.ac.uk/vol1/fastq/ERR155/038/ERR15563138/ERR15563138_1.fastq.gz;ftp.sra.ebi.ac.uk/vol1/fastq/ERR155/038/ERR15563138/ERR15563138_2.fastq.gz,"Create or complete the cryosection and required attachments, then add its microsamples"
P1,G,PRJEB86258,microsample,"microsample from a cryosection absent from the portal catalogue",G121eO302A028,G121eO302A,ERR15563050,SAMEA120137512,ERS26794971,G121eO302A028,M301223,G121eO302A028_L1,2025-09-17,https://www.ebi.ac.uk/ena/browser/view/ERR15563050,https://www.ebi.ac.uk/biosamples/samples/SAMEA120137512,ftp.sra.ebi.ac.uk/vol1/fastq/ERR155/050/ERR15563050/ERR15563050_1.fastq.gz;ftp.sra.ebi.ac.uk/vol1/fastq/ERR155/050/ERR15563050/ERR15563050_2.fastq.gz,"Create or complete the cryosection and required attachments, then add its microsamples"
P1,G,PRJEB86258,microsample,"microsample from a cryosection absent from the portal catalogue",G121eO302A029,G121eO302A,ERR15563168,SAMEA120137630,ERS26795089,G121eO302A029,M301224,G121eO302A029_L1,2025-09-13,https://www.ebi.ac.uk/ena/browser/view/ERR15563168,https://www.ebi.ac.uk/biosamples/samples/SAMEA120137630,ftp.sra.ebi.ac.uk/vol1/fastq/ERR155/068/ERR15563168/ERR15563168_1.fastq.gz;ftp.sra.ebi.ac.uk/vol1/fastq/ERR155/068/ERR15563168/ERR15563168_2.fastq.gz,"Create or complete the cryosection and required attachments, then add its microsamples"
P1,G,PRJEB86258,microsample,"microsample from a cryosection absent from the portal catalogue",G121eO302A030,G121eO302A,ERR15563289,SAMEA120137751,ERS26795210,G121eO302A030,M301225,G121eO302A030_L1,2025-09-13,https://www.ebi.ac.uk/ena/browser/view/ERR15563289,https://www.ebi.ac.uk/biosamples/samples/SAMEA120137751,ftp.sra.ebi.ac.uk/vol1/fastq/ERR155/089/ERR15563289/ERR15563289_1.fastq.gz;ftp.sra.ebi.ac.uk/vol1/fastq/ERR155/089/ERR15563289/ERR15563289_2.fastq.gz,"Create or complete the cryosection and required attachments, then add its microsamples"
P1,G,PRJEB86258,microsample,"microsample from a cryosection absent from the portal catalogue",G121eO302A031,G121eO302A,ERR15563191,SAMEA120137653,ERS26795112,G121eO302A031,M301226,G121eO302A031_L1,2025-09-13,https://www.ebi.ac.uk/ena/browser/view/ERR15563191,https://www.ebi.ac.uk/biosamples/samples/SAMEA120137653,ftp.sra.ebi.ac.uk/vol1/fastq/ERR155/091/ERR15563191/ERR15563191_1.fastq.gz;ftp.sra.ebi.ac.uk/vol1/fastq/ERR155/091/ERR15563191/ERR15563191_2.fastq.gz,"Create or complete the cryosection and required attachments, then add its microsamples"
P1,G,PRJEB86258,microsample,"microsample from a cryosection absent from the portal catalogue",G121eO302A032,G121eO302A,ERR15562953,SAMEA120137415,ERS26794874,G121eO302A032,M301227,G121eO302A032_L1,2025-09-13,https://www.ebi.ac.uk/ena/browser/view/ERR15562953,https://www.ebi.ac.uk/biosamples/samples/SAMEA120137415,ftp.sra.ebi.ac.uk/vol1/fastq/ERR155/053/ERR15562953/ERR15562953_1.fastq.gz;ftp.sra.ebi.ac.uk/vol1/fastq/ERR155/053/ERR15562953/ERR15562953_2.fastq.gz,"Create or complete the cryosection and required attachments, then add its microsamples"
P1,G,PRJEB86258,microsample,"microsample from a cryosection absent from the portal catalogue",G121eO302A033,G121eO302A,ERR15562977,SAMEA120137439,ERS26794898,G121eO302A033,M301229,G121eO302A033_L1,2025-09-17,https://www.ebi.ac.uk/ena/browser/view/ERR15562977,https://www.ebi.ac.uk/biosamples/samples/SAMEA120137439,ftp.sra.ebi.ac.uk/vol1/fastq/ERR155/077/ERR15562977/ERR15562977_1.fastq.gz;ftp.sra.ebi.ac.uk/vol1/fastq/ERR155/077/ERR15562977/ERR15562977_2.fastq.gz,"Create or complete the cryosection and required attachments, then add its microsamples"
P1,G,PRJEB86258,microsample,"microsample from a cryosection absent from the portal catalogue",G121eO302A034,G121eO302A,ERR15563265,SAMEA120137727,ERS26795186,G121eO302A034,M301230,G121eO302A034_L1,2025-09-17,https://www.ebi.ac.uk/ena/browser/view/ERR15563265,https://www.ebi.ac.uk/biosamples/samples/SAMEA120137727,ftp.sra.ebi.ac.uk/vol1/fastq/ERR155/065/ERR15563265/ERR15563265_1.fastq.gz;ftp.sra.ebi.ac.uk/vol1/fastq/ERR155/065/ERR15563265/ERR15563265_2.fastq.gz,"Create or complete the cryosection and required attachments, then add its microsamples"
P1,G,PRJEB86258,microsample,"microsample from a cryosection absent from the portal catalogue",G121eO302A035,G121eO302A,ERR15562946,SAMEA120137408,ERS26794867,G121eO302A035,M301231,G121eO302A035_L1,2025-09-17,https://www.ebi.ac.uk/ena/browser/view/ERR15562946,https://www.ebi.ac.uk/biosamples/samples/SAMEA120137408,ftp.sra.ebi.ac.uk/vol1/fastq/ERR155/046/ERR15562946/ERR15562946_1.fastq.gz;ftp.sra.ebi.ac.uk/vol1/fastq/ERR155/046/ERR15562946/ERR15562946_2.fastq.gz,"Create or complete the cryosection and required attachments, then add its microsamples"
P1,G,PRJEB86258,microsample,"microsample from a cryosection absent from the portal catalogue",G121eO302A036,G121eO302A,ERR15563188,SAMEA120137650,ERS26795109,G121eO302A036,M301233,G121eO302A036_L1,2025-09-13,https://www.ebi.ac.uk/ena/browser/view/ERR15563188,https://www.ebi.ac.uk/biosamples/samples/SAMEA120137650,ftp.sra.ebi.ac.uk/vol1/fastq/ERR155/088/ERR15563188/ERR15563188_1.fastq.gz;ftp.sra.ebi.ac.uk/vol1/fastq/ERR155/088/ERR15563188/ERR15563188_2.fastq.gz,"Create or complete the cryosection and required attachments, then add its microsamples"
P1,G,PRJEB86258,microsample,"microsample from a cryosection absent from the portal catalogue",G121eO302B001,G121eO302B,ERR15563023,SAMEA120137485,ERS26794944,G121eO302B001,M301282,G121eO302B001_L1,2025-09-17,https://www.ebi.ac.uk/ena/browser/view/ERR15563023,https://www.ebi.ac.uk/biosamples/samples/SAMEA120137485,ftp.sra.ebi.ac.uk/vol1/fastq/ERR155/023/ERR15563023/ERR15563023_1.fastq.gz;ftp.sra.ebi.ac.uk/vol1/fastq/ERR155/023/ERR15563023/ERR15563023_2.fastq.gz,"Create or complete the cryosection and required attachments, then add its microsamples"
P1,G,PRJEB86258,microsample,"microsample from a cryosection absent from the portal catalogue",G121eO302B002,G121eO302B,ERR15563032,SAMEA120137494,ERS26794953,G121eO302B002,M301283,G121eO302B002_L1,2025-09-13,https://www.ebi.ac.uk/ena/browser/view/ERR15563032,https://www.ebi.ac.uk/biosamples/samples/SAMEA120137494,ftp.sra.ebi.ac.uk/vol1/fastq/ERR155/032/ERR15563032/ERR15563032_1.fastq.gz;ftp.sra.ebi.ac.uk/vol1/fastq/ERR155/032/ERR15563032/ERR15563032_2.fastq.gz,"Create or complete the cryosection and required attachments, then add its microsamples"
P1,G,PRJEB86258,microsample,"microsample from a cryosection absent from the portal catalogue",G121eO302B003,G121eO302B,ERR15563294,SAMEA120137756,ERS26795215,G121eO302B003,M301285,G121eO302B003_L1,2025-09-13,https://www.ebi.ac.uk/ena/browser/view/ERR15563294,https://www.ebi.ac.uk/biosamples/samples/SAMEA120137756,ftp.sra.ebi.ac.uk/vol1/fastq/ERR155/094/ERR15563294/ERR15563294_1.fastq.gz;ftp.sra.ebi.ac.uk/vol1/fastq/ERR155/094/ERR15563294/ERR15563294_2.fastq.gz,"Create or complete the cryosection and required attachments, then add its microsamples"
P1,G,PRJEB86258,microsample,"microsample from a cryosection absent from the portal catalogue",G121eO302B004,G121eO302B,ERR15562973,SAMEA120137435,ERS26794894,G121eO302B004,M301287,G121eO302B004_L1,2025-09-13,https://www.ebi.ac.uk/ena/browser/view/ERR15562973,https://www.ebi.ac.uk/biosamples/samples/SAMEA120137435,ftp.sra.ebi.ac.uk/vol1/fastq/ERR155/073/ERR15562973/ERR15562973_1.fastq.gz;ftp.sra.ebi.ac.uk/vol1/fastq/ERR155/073/ERR15562973/ERR15562973_2.fastq.gz,"Create or complete the cryosection and required attachments, then add its microsamples"
P1,G,PRJEB86258,microsample,"microsample from a cryosection absent from the portal catalogue",G121eO302B005,G121eO302B,ERR15563267,SAMEA120137729,ERS26795188,G121eO302B005,M301288,G121eO302B005_L1,2025-09-17,https://www.ebi.ac.uk/ena/browser/view/ERR15563267,https://www.ebi.ac.uk/biosamples/samples/SAMEA120137729,ftp.sra.ebi.ac.uk/vol1/fastq/ERR155/067/ERR15563267/ERR15563267_1.fastq.gz;ftp.sra.ebi.ac.uk/vol1/fastq/ERR155/067/ERR15563267/ERR15563267_2.fastq.gz,"Create or complete the cryosection and required attachments, then add its microsamples"
P1,G,PRJEB86258,microsample,"microsample from a cryosection absent from the portal catalogue",G121eO302B006,G121eO302B,ERR15562972,SAMEA120137434,ERS26794893,G121eO302B006,M301289,G121eO302B006_L1,2025-09-13,https://www.ebi.ac.uk/ena/browser/view/ERR15562972,https://www.ebi.ac.uk/biosamples/samples/SAMEA120137434,ftp.sra.ebi.ac.uk/vol1/fastq/ERR155/072/ERR15562972/ERR15562972_1.fastq.gz;ftp.sra.ebi.ac.uk/vol1/fastq/ERR155/072/ERR15562972/ERR15562972_2.fastq.gz,"Create or complete the cryosection and required attachments, then add its microsamples"
P1,G,PRJEB86258,microsample,"microsample from a cryosection absent from the portal catalogue",G121eO302B007,G121eO302B,ERR15562963,SAMEA120137425,ERS26794884,G121eO302B007,M301291,G121eO302B007_L1,2025-09-17,https://www.ebi.ac.uk/ena/browser/view/ERR15562963,https://www.ebi.ac.uk/biosamples/samples/SAMEA120137425,ftp.sra.ebi.ac.uk/vol1/fastq/ERR155/063/ERR15562963/ERR15562963_1.fastq.gz;ftp.sra.ebi.ac.uk/vol1/fastq/ERR155/063/ERR15562963/ERR15562963_2.fastq.gz,"Create or complete the cryosection and required attachments, then add its microsamples"
P1,G,PRJEB86258,microsample,"microsample from a cryosection absent from the portal catalogue",G121eO302B008,G121eO302B,ERR15563255,SAMEA120137717,ERS26795176,G121eO302B008,M301292,G121eO302B008_L1,2025-09-13,https://www.ebi.ac.uk/ena/browser/view/ERR15563255,https://www.ebi.ac.uk/biosamples/samples/SAMEA120137717,ftp.sra.ebi.ac.uk/vol1/fastq/ERR155/055/ERR15563255/ERR15563255_1.fastq.gz;ftp.sra.ebi.ac.uk/vol1/fastq/ERR155/055/ERR15563255/ERR15563255_2.fastq.gz,"Create or complete the cryosection and required attachments, then add its microsamples"
P1,G,PRJEB86258,microsample,"microsample from a cryosection absent from the portal catalogue",G121eO302B009,G121eO302B,ERR15562957,SAMEA120137420,ERS26794879,G121eO302B009,M301294,G121eO302B009_L1,2025-09-13,https://www.ebi.ac.uk/ena/browser/view/ERR15562957,https://www.ebi.ac.uk/biosamples/samples/SAMEA120137420,ftp.sra.ebi.ac.uk/vol1/fastq/ERR155/057/ERR15562957/ERR15562957_1.fastq.gz;ftp.sra.ebi.ac.uk/vol1/fastq/ERR155/057/ERR15562957/ERR15562957_2.fastq.gz,"Create or complete the cryosection and required attachments, then add its microsamples"
P1,G,PRJEB86258,microsample,"microsample from a cryosection absent from the portal catalogue",G121eO302B010,G121eO302B,ERR15563045,SAMEA120137507,ERS26794966,G121eO302B010,M301295,G121eO302B010_L1,2025-09-17,https://www.ebi.ac.uk/ena/browser/view/ERR15563045,https://www.ebi.ac.uk/biosamples/samples/SAMEA120137507,ftp.sra.ebi.ac.uk/vol1/fastq/ERR155/045/ERR15563045/ERR15563045_1.fastq.gz;ftp.sra.ebi.ac.uk/vol1/fastq/ERR155/045/ERR15563045/ERR15563045_2.fastq.gz,"Create or complete the cryosection and required attachments, then add its microsamples"
P1,G,PRJEB86258,microsample,"microsample from a cryosection absent from the portal catalogue",G121eO302B011,G121eO302B,ERR15562980,SAMEA120137442,ERS26794901,G121eO302B011,M301296,G121eO302B011_L1,2025-09-17,https://www.ebi.ac.uk/ena/browser/view/ERR15562980,https://www.ebi.ac.uk/biosamples/samples/SAMEA120137442,ftp.sra.ebi.ac.uk/vol1/fastq/ERR155/080/ERR15562980/ERR15562980_1.fastq.gz;ftp.sra.ebi.ac.uk/vol1/fastq/ERR155/080/ERR15562980/ERR15562980_2.fastq.gz,"Create or complete the cryosection and required attachments, then add its microsamples"
P1,G,PRJEB86258,microsample,"microsample from a cryosection absent from the portal catalogue",G121eO302B012,G121eO302B,ERR15563042,SAMEA120137504,ERS26794963,G121eO302B012,M301297,G121eO302B012_L1,2025-09-13,https://www.ebi.ac.uk/ena/browser/view/ERR15563042,https://www.ebi.ac.uk/biosamples/samples/SAMEA120137504,ftp.sra.ebi.ac.uk/vol1/fastq/ERR155/042/ERR15563042/ERR15563042_1.fastq.gz;ftp.sra.ebi.ac.uk/vol1/fastq/ERR155/042/ERR15563042/ERR15563042_2.fastq.gz,"Create or complete the cryosection and required attachments, then add its microsamples"
P1,G,PRJEB86258,microsample,"microsample from a cryosection absent from the portal catalogue",G121eO302B013,G121eO302B,ERR15562970,SAMEA120137432,ERS26794891,G121eO302B013,M301298,G121eO302B013_L1,2025-09-13,https://www.ebi.ac.uk/ena/browser/view/ERR15562970,https://www.ebi.ac.uk/biosamples/samples/SAMEA120137432,ftp.sra.ebi.ac.uk/vol1/fastq/ERR155/070/ERR15562970/ERR15562970_1.fastq.gz;ftp.sra.ebi.ac.uk/vol1/fastq/ERR155/070/ERR15562970/ERR15562970_2.fastq.gz,"Create or complete the cryosection and required attachments, then add its microsamples"
P1,G,PRJEB86258,microsample,"microsample from a cryosection absent from the portal catalogue",G121eO302B014,G121eO302B,ERR15563290,SAMEA120137752,ERS26795211,G121eO302B014,M301301,G121eO302B014_L1,2025-09-17,https://www.ebi.ac.uk/ena/browser/view/ERR15563290,https://www.ebi.ac.uk/biosamples/samples/SAMEA120137752,ftp.sra.ebi.ac.uk/vol1/fastq/ERR155/090/ERR15563290/ERR15563290_1.fastq.gz;ftp.sra.ebi.ac.uk/vol1/fastq/ERR155/090/ERR15563290/ERR15563290_2.fastq.gz,"Create or complete the cryosection and required attachments, then add its microsamples"
P1,G,PRJEB86258,microsample,"microsample from a cryosection absent from the portal catalogue",G121eO302B015,G121eO302B,ERR15563030,SAMEA120137492,ERS26794951,G121eO302B015,M301302,G121eO302B015_L1,2025-09-13,https://www.ebi.ac.uk/ena/browser/view/ERR15563030,https://www.ebi.ac.uk/biosamples/samples/SAMEA120137492,ftp.sra.ebi.ac.uk/vol1/fastq/ERR155/030/ERR15563030/ERR15563030_1.fastq.gz;ftp.sra.ebi.ac.uk/vol1/fastq/ERR155/030/ERR15563030/ERR15563030_2.fastq.gz,"Create or complete the cryosection and required attachments, then add its microsamples"
P1,G,PRJEB86258,microsample,"microsample from a cryosection absent from the portal catalogue",G121eO302B016,G121eO302B,ERR15562969,SAMEA120137431,ERS26794890,G121eO302B016,M301303,G121eO302B016_L1,2025-09-13,https://www.ebi.ac.uk/ena/browser/view/ERR15562969,https://www.ebi.ac.uk/biosamples/samples/SAMEA120137431,ftp.sra.ebi.ac.uk/vol1/fastq/ERR155/069/ERR15562969/ERR15562969_1.fastq.gz;ftp.sra.ebi.ac.uk/vol1/fastq/ERR155/069/ERR15562969/ERR15562969_2.fastq.gz,"Create or complete the cryosection and required attachments, then add its microsamples"
P1,G,PRJEB86258,microsample,"microsample from a cryosection absent from the portal catalogue",G121eO302B017,G121eO302B,ERR15563161,SAMEA120137623,ERS26795082,G121eO302B017,M301304,G121eO302B017_L1,2025-09-17,https://www.ebi.ac.uk/ena/browser/view/ERR15563161,https://www.ebi.ac.uk/biosamples/samples/SAMEA120137623,ftp.sra.ebi.ac.uk/vol1/fastq/ERR155/061/ERR15563161/ERR15563161_1.fastq.gz;ftp.sra.ebi.ac.uk/vol1/fastq/ERR155/061/ERR15563161/ERR15563161_2.fastq.gz,"Create or complete the cryosection and required attachments, then add its microsamples"
P1,G,PRJEB86258,microsample,"microsample from a cryosection absent from the portal catalogue",G121eO302B018,G121eO302B,ERR15563039,SAMEA120137501,ERS26794960,G121eO302B018,M301305,G121eO302B018_L1,2025-09-17,https://www.ebi.ac.uk/ena/browser/view/ERR15563039,https://www.ebi.ac.uk/biosamples/samples/SAMEA120137501,ftp.sra.ebi.ac.uk/vol1/fastq/ERR155/039/ERR15563039/ERR15563039_1.fastq.gz;ftp.sra.ebi.ac.uk/vol1/fastq/ERR155/039/ERR15563039/ERR15563039_2.fastq.gz,"Create or complete the cryosection and required attachments, then add its microsamples"
P1,G,PRJEB86258,microsample,"microsample from a cryosection absent from the portal catalogue",G121eO302B019,G121eO302B,ERR15563278,SAMEA120137740,ERS26795199,G121eO302B019,M301306,G121eO302B019_L1,2025-09-17,https://www.ebi.ac.uk/ena/browser/view/ERR15563278,https://www.ebi.ac.uk/biosamples/samples/SAMEA120137740,ftp.sra.ebi.ac.uk/vol1/fastq/ERR155/078/ERR15563278/ERR15563278_1.fastq.gz;ftp.sra.ebi.ac.uk/vol1/fastq/ERR155/078/ERR15563278/ERR15563278_2.fastq.gz,"Create or complete the cryosection and required attachments, then add its microsamples"
P1,G,PRJEB86258,microsample,"microsample from a cryosection absent from the portal catalogue",G121eO302B020,G121eO302B,ERR15563242,SAMEA120137704,ERS26795163,G121eO302B020,M301307,G121eO302B020_L1,2025-09-13,https://www.ebi.ac.uk/ena/browser/view/ERR15563242,https://www.ebi.ac.uk/biosamples/samples/SAMEA120137704,ftp.sra.ebi.ac.uk/vol1/fastq/ERR155/042/ERR15563242/ERR15563242_1.fastq.gz;ftp.sra.ebi.ac.uk/vol1/fastq/ERR155/042/ERR15563242/ERR15563242_2.fastq.gz,"Create or complete the cryosection and required attachments, then add its microsamples"
P1,G,PRJEB86258,microsample,"microsample from a cryosection absent from the portal catalogue",G121eO302B021,G121eO302B,ERR15562976,SAMEA120137438,ERS26794897,G121eO302B021,M301310,G121eO302B021_L1,2025-09-17,https://www.ebi.ac.uk/ena/browser/view/ERR15562976,https://www.ebi.ac.uk/biosamples/samples/SAMEA120137438,ftp.sra.ebi.ac.uk/vol1/fastq/ERR155/076/ERR15562976/ERR15562976_1.fastq.gz;ftp.sra.ebi.ac.uk/vol1/fastq/ERR155/076/ERR15562976/ERR15562976_2.fastq.gz,"Create or complete the cryosection and required attachments, then add its microsamples"
P1,G,PRJEB86258,microsample,"microsample from a cryosection absent from the portal catalogue",G121eO302B022,G121eO302B,ERR15563243,SAMEA120137705,ERS26795164,G121eO302B022,M301311,G121eO302B022_L1,2025-09-13,https://www.ebi.ac.uk/ena/browser/view/ERR15563243,https://www.ebi.ac.uk/biosamples/samples/SAMEA120137705,ftp.sra.ebi.ac.uk/vol1/fastq/ERR155/043/ERR15563243/ERR15563243_1.fastq.gz;ftp.sra.ebi.ac.uk/vol1/fastq/ERR155/043/ERR15563243/ERR15563243_2.fastq.gz,"Create or complete the cryosection and required attachments, then add its microsamples"
P1,G,PRJEB86258,microsample,"microsample from a cryosection absent from the portal catalogue",G121eO302B023,G121eO302B,ERR15563316,SAMEA120137778,ERS26795237,G121eO302B023,M301312,G121eO302B023_L1,2025-09-13,https://www.ebi.ac.uk/ena/browser/view/ERR15563316,https://www.ebi.ac.uk/biosamples/samples/SAMEA120137778,ftp.sra.ebi.ac.uk/vol1/fastq/ERR155/016/ERR15563316/ERR15563316_1.fastq.gz;ftp.sra.ebi.ac.uk/vol1/fastq/ERR155/016/ERR15563316/ERR15563316_2.fastq.gz,"Create or complete the cryosection and required attachments, then add its microsamples"
P1,G,PRJEB86258,microsample,"microsample from a cryosection absent from the portal catalogue",G121eO302B024,G121eO302B,ERR15563047,SAMEA120137509,ERS26794968,G121eO302B024,M301313,G121eO302B024_L1,2025-09-13,https://www.ebi.ac.uk/ena/browser/view/ERR15563047,https://www.ebi.ac.uk/biosamples/samples/SAMEA120137509,ftp.sra.ebi.ac.uk/vol1/fastq/ERR155/047/ERR15563047/ERR15563047_1.fastq.gz;ftp.sra.ebi.ac.uk/vol1/fastq/ERR155/047/ERR15563047/ERR15563047_2.fastq.gz,"Create or complete the cryosection and required attachments, then add its microsamples"
P1,G,PRJEB86258,microsample,"microsample from a cryosection absent from the portal catalogue",G121eO302B025,G121eO302B,ERR15563313,SAMEA120137775,ERS26795234,G121eO302B025,M301314,G121eO302B025_L1,2025-09-17,https://www.ebi.ac.uk/ena/browser/view/ERR15563313,https://www.ebi.ac.uk/biosamples/samples/SAMEA120137775,ftp.sra.ebi.ac.uk/vol1/fastq/ERR155/013/ERR15563313/ERR15563313_1.fastq.gz;ftp.sra.ebi.ac.uk/vol1/fastq/ERR155/013/ERR15563313/ERR15563313_2.fastq.gz,"Create or complete the cryosection and required attachments, then add its microsamples"
P1,G,PRJEB86258,microsample,"microsample from a cryosection absent from the portal catalogue",G121eO302B026,G121eO302B,ERR15563312,SAMEA120137774,ERS26795233,G121eO302B026,M301315,G121eO302B026_L1,2025-09-17,https://www.ebi.ac.uk/ena/browser/view/ERR15563312,https://www.ebi.ac.uk/biosamples/samples/SAMEA120137774,ftp.sra.ebi.ac.uk/vol1/fastq/ERR155/012/ERR15563312/ERR15563312_1.fastq.gz;ftp.sra.ebi.ac.uk/vol1/fastq/ERR155/012/ERR15563312/ERR15563312_2.fastq.gz,"Create or complete the cryosection and required attachments, then add its microsamples"
P1,G,PRJEB86258,microsample,"microsample from a cryosection absent from the portal catalogue",G121eO302B027,G121eO302B,ERR15563318,SAMEA120137780,ERS26795239,G121eO302B027,M301316,G121eO302B027_L1,2025-09-17,https://www.ebi.ac.uk/ena/browser/view/ERR15563318,https://www.ebi.ac.uk/biosamples/samples/SAMEA120137780,ftp.sra.ebi.ac.uk/vol1/fastq/ERR155/018/ERR15563318/ERR15563318_1.fastq.gz;ftp.sra.ebi.ac.uk/vol1/fastq/ERR155/018/ERR15563318/ERR15563318_2.fastq.gz,"Create or complete the cryosection and required attachments, then add its microsamples"
P1,G,PRJEB86258,microsample,"microsample from a cryosection absent from the portal catalogue",G121eO302B028,G121eO302B,ERR15562983,SAMEA120137445,ERS26794904,G121eO302B028,M301317,G121eO302B028_L1,2025-09-13,https://www.ebi.ac.uk/ena/browser/view/ERR15562983,https://www.ebi.ac.uk/biosamples/samples/SAMEA120137445,ftp.sra.ebi.ac.uk/vol1/fastq/ERR155/083/ERR15562983/ERR15562983_1.fastq.gz;ftp.sra.ebi.ac.uk/vol1/fastq/ERR155/083/ERR15562983/ERR15562983_2.fastq.gz,"Create or complete the cryosection and required attachments, then add its microsamples"
P1,G,PRJEB86258,microsample,"microsample from a cryosection absent from the portal catalogue",G121eO302B029,G121eO302B,ERR15563027,SAMEA120137489,ERS26794948,G121eO302B029,M301318,G121eO302B029_L1,2025-09-13,https://www.ebi.ac.uk/ena/browser/view/ERR15563027,https://www.ebi.ac.uk/biosamples/samples/SAMEA120137489,ftp.sra.ebi.ac.uk/vol1/fastq/ERR155/027/ERR15563027/ERR15563027_1.fastq.gz;ftp.sra.ebi.ac.uk/vol1/fastq/ERR155/027/ERR15563027/ERR15563027_2.fastq.gz,"Create or complete the cryosection and required attachments, then add its microsamples"
P1,G,PRJEB86258,microsample,"microsample from a cryosection absent from the portal catalogue",G121eO302B030,G121eO302B,ERR15562959,SAMEA120137421,ERS26794880,G121eO302B030,M301319,G121eO302B030_L1,2025-09-17,https://www.ebi.ac.uk/ena/browser/view/ERR15562959,https://www.ebi.ac.uk/biosamples/samples/SAMEA120137421,ftp.sra.ebi.ac.uk/vol1/fastq/ERR155/059/ERR15562959/ERR15562959_1.fastq.gz;ftp.sra.ebi.ac.uk/vol1/fastq/ERR155/059/ERR15562959/ERR15562959_2.fastq.gz,"Create or complete the cryosection and required attachments, then add its microsamples"
P1,G,PRJEB86258,microsample,"microsample from a cryosection absent from the portal catalogue",G121eO302B031,G121eO302B,ERR15563072,SAMEA120137534,ERS26794993,G121eO302B031,M301322,G121eO302B031_L1,2025-09-13,https://www.ebi.ac.uk/ena/browser/view/ERR15563072,https://www.ebi.ac.uk/biosamples/samples/SAMEA120137534,ftp.sra.ebi.ac.uk/vol1/fastq/ERR155/072/ERR15563072/ERR15563072_1.fastq.gz;ftp.sra.ebi.ac.uk/vol1/fastq/ERR155/072/ERR15563072/ERR15563072_2.fastq.gz,"Create or complete the cryosection and required attachments, then add its microsamples"
P1,G,PRJEB86258,microsample,"microsample from a cryosection absent from the portal catalogue",G121eO302B032,G121eO302B,ERR15563154,SAMEA120137616,ERS26795075,G121eO302B032,M301323,G121eO302B032_L1,2025-09-17,https://www.ebi.ac.uk/ena/browser/view/ERR15563154,https://www.ebi.ac.uk/biosamples/samples/SAMEA120137616,ftp.sra.ebi.ac.uk/vol1/fastq/ERR155/054/ERR15563154/ERR15563154_1.fastq.gz;ftp.sra.ebi.ac.uk/vol1/fastq/ERR155/054/ERR15563154/ERR15563154_2.fastq.gz,"Create or complete the cryosection and required attachments, then add its microsamples"
P1,G,PRJEB86258,microsample,"microsample from a cryosection absent from the portal catalogue",G121eO302B033,G121eO302B,ERR15562997,SAMEA120137459,ERS26794918,G121eO302B033,M301324,G121eO302B033_L1,2025-09-13,https://www.ebi.ac.uk/ena/browser/view/ERR15562997,https://www.ebi.ac.uk/biosamples/samples/SAMEA120137459,ftp.sra.ebi.ac.uk/vol1/fastq/ERR155/097/ERR15562997/ERR15562997_1.fastq.gz;ftp.sra.ebi.ac.uk/vol1/fastq/ERR155/097/ERR15562997/ERR15562997_2.fastq.gz,"Create or complete the cryosection and required attachments, then add its microsamples"
P1,G,PRJEB86258,microsample,"microsample from a cryosection absent from the portal catalogue",G121eO302B034,G121eO302B,ERR15563044,SAMEA120137506,ERS26794965,G121eO302B034,M301325,G121eO302B034_L1,2025-09-17,https://www.ebi.ac.uk/ena/browser/view/ERR15563044,https://www.ebi.ac.uk/biosamples/samples/SAMEA120137506,ftp.sra.ebi.ac.uk/vol1/fastq/ERR155/044/ERR15563044/ERR15563044_1.fastq.gz;ftp.sra.ebi.ac.uk/vol1/fastq/ERR155/044/ERR15563044/ERR15563044_2.fastq.gz,"Create or complete the cryosection and required attachments, then add its microsamples"
P1,G,PRJEB86258,microsample,"microsample from a cryosection absent from the portal catalogue",G121eO302B035,G121eO302B,ERR15562979,SAMEA120137441,ERS26794900,G121eO302B035,M301326,G121eO302B035_L1,2025-09-13,https://www.ebi.ac.uk/ena/browser/view/ERR15562979,https://www.ebi.ac.uk/biosamples/samples/SAMEA120137441,ftp.sra.ebi.ac.uk/vol1/fastq/ERR155/079/ERR15562979/ERR15562979_1.fastq.gz;ftp.sra.ebi.ac.uk/vol1/fastq/ERR155/079/ERR15562979/ERR15562979_2.fastq.gz,"Create or complete the cryosection and required attachments, then add its microsamples"
P1,G,PRJEB86258,microsample,"microsample from a cryosection absent from the portal catalogue",G121eO302B036,G121eO302B,ERR15563170,SAMEA120137632,ERS26795091,G121eO302B036,M301329,G121eO302B036_L1,2025-09-17,https://www.ebi.ac.uk/ena/browser/view/ERR15563170,https://www.ebi.ac.uk/biosamples/samples/SAMEA120137632,ftp.sra.ebi.ac.uk/vol1/fastq/ERR155/070/ERR15563170/ERR15563170_1.fastq.gz;ftp.sra.ebi.ac.uk/vol1/fastq/ERR155/070/ERR15563170/ERR15563170_2.fastq.gz,"Create or complete the cryosection and required attachments, then add its microsamples"
P1,J,PRJEB86261,macrosample,"additional run for existing portal macrosample",J007eF,"",ERR15873934,SAMEA120549323,ERS27250010,D300394,D300394,J007eFR3,2025-11-14,https://www.ebi.ac.uk/ena/browser/view/ERR15873934,https://www.ebi.ac.uk/biosamples/samples/SAMEA120549323,ftp.sra.ebi.ac.uk/vol1/fastq/ERR158/034/ERR15873934/ERR15873934_1.fastq.gz;ftp.sra.ebi.ac.uk/vol1/fastq/ERR158/034/ERR15873934/ERR15873934_2.fastq.gz,"Add a sequencing-library row and model multiple runs per macrosample"
P1,J,PRJEB86261,macrosample,"additional run for existing portal macrosample",J014eF,"",ERR15873923,SAMEA120549312,ERS27249999,D300395,D300395,J014eFR3,2025-11-14,https://www.ebi.ac.uk/ena/browser/view/ERR15873923,https://www.ebi.ac.uk/biosamples/samples/SAMEA120549312,ftp.sra.ebi.ac.uk/vol1/fastq/ERR158/023/ERR15873923/ERR15873923_1.fastq.gz;ftp.sra.ebi.ac.uk/vol1/fastq/ERR158/023/ERR15873923/ERR15873923_2.fastq.gz,"Add a sequencing-library row and model multiple runs per macrosample"
P1,J,PRJEB86261,macrosample,"additional run for existing portal macrosample",J019eF,"",ERR15873921,SAMEA120549310,ERS27249997,D300396,D300396,J019eFR3,2025-11-14,https://www.ebi.ac.uk/ena/browser/view/ERR15873921,https://www.ebi.ac.uk/biosamples/samples/SAMEA120549310,ftp.sra.ebi.ac.uk/vol1/fastq/ERR158/021/ERR15873921/ERR15873921_1.fastq.gz;ftp.sra.ebi.ac.uk/vol1/fastq/ERR158/021/ERR15873921/ERR15873921_2.fastq.gz,"Add a sequencing-library row and model multiple runs per macrosample"
P1,J,PRJEB86261,macrosample,"additional run for existing portal macrosample",J005eF,"",ERR15873930,SAMEA120549319,ERS27250006,D300397,D300397,J005eFR3,2025-11-14,https://www.ebi.ac.uk/ena/browser/view/ERR15873930,https://www.ebi.ac.uk/biosamples/samples/SAMEA120549319,ftp.sra.ebi.ac.uk/vol1/fastq/ERR158/030/ERR15873930/ERR15873930_1.fastq.gz;ftp.sra.ebi.ac.uk/vol1/fastq/ERR158/030/ERR15873930/ERR15873930_2.fastq.gz,"Add a sequencing-library row and model multiple runs per macrosample"
P1,J,PRJEB86261,macrosample,"additional run for existing portal macrosample",J022eF,"",ERR15873927,SAMEA120549316,ERS27250003,D300398,D300398,J022eFR3,2025-11-14,https://www.ebi.ac.uk/ena/browser/view/ERR15873927,https://www.ebi.ac.uk/biosamples/samples/SAMEA120549316,ftp.sra.ebi.ac.uk/vol1/fastq/ERR158/027/ERR15873927/ERR15873927_1.fastq.gz;ftp.sra.ebi.ac.uk/vol1/fastq/ERR158/027/ERR15873927/ERR15873927_2.fastq.gz,"Add a sequencing-library row and model multiple runs per macrosample"
P1,J,PRJEB86261,macrosample,"additional run for existing portal macrosample",J004eF,"",ERR15873929,SAMEA120549318,ERS27250005,D300399,D300399,J004eFR3,2025-11-14,https://www.ebi.ac.uk/ena/browser/view/ERR15873929,https://www.ebi.ac.uk/biosamples/samples/SAMEA120549318,ftp.sra.ebi.ac.uk/vol1/fastq/ERR158/029/ERR15873929/ERR15873929_1.fastq.gz;ftp.sra.ebi.ac.uk/vol1/fastq/ERR158/029/ERR15873929/ERR15873929_2.fastq.gz,"Add a sequencing-library row and model multiple runs per macrosample"
P1,J,PRJEB86261,macrosample,"additional run for existing portal macrosample",J001eF,"",ERR15873926,SAMEA120549315,ERS27250002,D300400,D300400,J001eFR3,2025-11-14,https://www.ebi.ac.uk/ena/browser/view/ERR15873926,https://www.ebi.ac.uk/biosamples/samples/SAMEA120549315,ftp.sra.ebi.ac.uk/vol1/fastq/ERR158/026/ERR15873926/ERR15873926_1.fastq.gz;ftp.sra.ebi.ac.uk/vol1/fastq/ERR158/026/ERR15873926/ERR15873926_2.fastq.gz,"Add a sequencing-library row and model multiple runs per macrosample"
P1,J,PRJEB86261,macrosample,"additional run for existing portal macrosample",J011eF,"",ERR15873941,SAMEA120549330,ERS27250017,D300401,D300401,J011eFR3,2025-11-14,https://www.ebi.ac.uk/ena/browser/view/ERR15873941,https://www.ebi.ac.uk/biosamples/samples/SAMEA120549330,ftp.sra.ebi.ac.uk/vol1/fastq/ERR158/041/ERR15873941/ERR15873941_1.fastq.gz;ftp.sra.ebi.ac.uk/vol1/fastq/ERR158/041/ERR15873941/ERR15873941_2.fastq.gz,"Add a sequencing-library row and model multiple runs per macrosample"
P1,J,PRJEB86261,macrosample,"additional run for existing portal macrosample",J009eF,"",ERR15873940,SAMEA120549329,ERS27250016,D300402,D300402,J009eFR3,2025-11-14,https://www.ebi.ac.uk/ena/browser/view/ERR15873940,https://www.ebi.ac.uk/biosamples/samples/SAMEA120549329,ftp.sra.ebi.ac.uk/vol1/fastq/ERR158/040/ERR15873940/ERR15873940_1.fastq.gz;ftp.sra.ebi.ac.uk/vol1/fastq/ERR158/040/ERR15873940/ERR15873940_2.fastq.gz,"Add a sequencing-library row and model multiple runs per macrosample"
P1,J,PRJEB86261,macrosample,"additional run for existing portal macrosample",J002eF,"",ERR15873942,SAMEA120549331,ERS27250018,D300403,D300403,J002eFR3,2025-11-14,https://www.ebi.ac.uk/ena/browser/view/ERR15873942,https://www.ebi.ac.uk/biosamples/samples/SAMEA120549331,ftp.sra.ebi.ac.uk/vol1/fastq/ERR158/042/ERR15873942/ERR15873942_1.fastq.gz;ftp.sra.ebi.ac.uk/vol1/fastq/ERR158/042/ERR15873942/ERR15873942_2.fastq.gz,"Add a sequencing-library row and model multiple runs per macrosample"
P1,J,PRJEB86261,macrosample,"additional run for existing portal macrosample",J021eF,"",ERR15873928,SAMEA120549317,ERS27250004,D300404,D300404,J021eFR3,2025-11-14,https://www.ebi.ac.uk/ena/browser/view/ERR15873928,https://www.ebi.ac.uk/biosamples/samples/SAMEA120549317,ftp.sra.ebi.ac.uk/vol1/fastq/ERR158/028/ERR15873928/ERR15873928_1.fastq.gz;ftp.sra.ebi.ac.uk/vol1/fastq/ERR158/028/ERR15873928/ERR15873928_2.fastq.gz,"Add a sequencing-library row and model multiple runs per macrosample"
P1,J,PRJEB86261,macrosample,"additional run for existing portal macrosample",J010eF,"",ERR15873932,SAMEA120549321,ERS27250008,D300405,D300405,J010eFR3,2025-11-14,https://www.ebi.ac.uk/ena/browser/view/ERR15873932,https://www.ebi.ac.uk/biosamples/samples/SAMEA120549321,ftp.sra.ebi.ac.uk/vol1/fastq/ERR158/032/ERR15873932/ERR15873932_1.fastq.gz;ftp.sra.ebi.ac.uk/vol1/fastq/ERR158/032/ERR15873932/ERR15873932_2.fastq.gz,"Add a sequencing-library row and model multiple runs per macrosample"
P1,J,PRJEB86261,macrosample,"additional run for existing portal macrosample",J006eF,"",ERR15873935,SAMEA120549324,ERS27250011,D300406,D300406,J006eFR3,2025-11-14,https://www.ebi.ac.uk/ena/browser/view/ERR15873935,https://www.ebi.ac.uk/biosamples/samples/SAMEA120549324,ftp.sra.ebi.ac.uk/vol1/fastq/ERR158/035/ERR15873935/ERR15873935_1.fastq.gz;ftp.sra.ebi.ac.uk/vol1/fastq/ERR158/035/ERR15873935/ERR15873935_2.fastq.gz,"Add a sequencing-library row and model multiple runs per macrosample"
P1,J,PRJEB86261,macrosample,"additional run for existing portal macrosample",J020eF,"",ERR15873925,SAMEA120549314,ERS27250001,D300407,D300407,J020eFR3,2025-11-14,https://www.ebi.ac.uk/ena/browser/view/ERR15873925,https://www.ebi.ac.uk/biosamples/samples/SAMEA120549314,ftp.sra.ebi.ac.uk/vol1/fastq/ERR158/025/ERR15873925/ERR15873925_1.fastq.gz;ftp.sra.ebi.ac.uk/vol1/fastq/ERR158/025/ERR15873925/ERR15873925_2.fastq.gz,"Add a sequencing-library row and model multiple runs per macrosample"
P1,J,PRJEB86261,macrosample,"additional run for existing portal macrosample",J003eF,"",ERR15873933,SAMEA120549322,ERS27250009,D300408,D300408,J003eFR3,2025-11-14,https://www.ebi.ac.uk/ena/browser/view/ERR15873933,https://www.ebi.ac.uk/biosamples/samples/SAMEA120549322,ftp.sra.ebi.ac.uk/vol1/fastq/ERR158/033/ERR15873933/ERR15873933_1.fastq.gz;ftp.sra.ebi.ac.uk/vol1/fastq/ERR158/033/ERR15873933/ERR15873933_2.fastq.gz,"Add a sequencing-library row and model multiple runs per macrosample"
P1,J,PRJEB86261,macrosample,"additional run for existing portal macrosample",J008eF,"",ERR15873931,SAMEA120549320,ERS27250007,D300409,D300409,J008eFR3,2025-11-14,https://www.ebi.ac.uk/ena/browser/view/ERR15873931,https://www.ebi.ac.uk/biosamples/samples/SAMEA120549320,ftp.sra.ebi.ac.uk/vol1/fastq/ERR158/031/ERR15873931/ERR15873931_1.fastq.gz;ftp.sra.ebi.ac.uk/vol1/fastq/ERR158/031/ERR15873931/ERR15873931_2.fastq.gz,"Add a sequencing-library row and model multiple runs per macrosample"
P1,J,PRJEB86261,macrosample,"additional run for existing portal macrosample",J015eF,"",ERR15873922,SAMEA120549311,ERS27249998,D300410,D300410,J015eFR3,2025-11-14,https://www.ebi.ac.uk/ena/browser/view/ERR15873922,https://www.ebi.ac.uk/biosamples/samples/SAMEA120549311,ftp.sra.ebi.ac.uk/vol1/fastq/ERR158/022/ERR15873922/ERR15873922_1.fastq.gz;ftp.sra.ebi.ac.uk/vol1/fastq/ERR158/022/ERR15873922/ERR15873922_2.fastq.gz,"Add a sequencing-library row and model multiple runs per macrosample"
P1,J,PRJEB86261,macrosample,"additional run for existing portal macrosample",J024eF,"",ERR15873924,SAMEA120549313,ERS27250000,D300411,D300411,J024eFR3,2025-11-14,https://www.ebi.ac.uk/ena/browser/view/ERR15873924,https://www.ebi.ac.uk/biosamples/samples/SAMEA120549313,ftp.sra.ebi.ac.uk/vol1/fastq/ERR158/024/ERR15873924/ERR15873924_1.fastq.gz;ftp.sra.ebi.ac.uk/vol1/fastq/ERR158/024/ERR15873924/ERR15873924_2.fastq.gz,"Add a sequencing-library row and model multiple runs per macrosample"
P1,J,PRJEB86261,macrosample,"additional run for existing portal macrosample",J013eF,"",ERR15873937,SAMEA120549326,ERS27250013,D300412,D300412,J013eFR3,2025-11-14,https://www.ebi.ac.uk/ena/browser/view/ERR15873937,https://www.ebi.ac.uk/biosamples/samples/SAMEA120549326,ftp.sra.ebi.ac.uk/vol1/fastq/ERR158/037/ERR15873937/ERR15873937_1.fastq.gz;ftp.sra.ebi.ac.uk/vol1/fastq/ERR158/037/ERR15873937/ERR15873937_2.fastq.gz,"Add a sequencing-library row and model multiple runs per macrosample"
P1,J,PRJEB86261,macrosample,"additional run for existing portal macrosample",J017eF,"",ERR15873944,SAMEA120549333,ERS27250020,D300413,D300413,J017eFR3,2025-11-14,https://www.ebi.ac.uk/ena/browser/view/ERR15873944,https://www.ebi.ac.uk/biosamples/samples/SAMEA120549333,ftp.sra.ebi.ac.uk/vol1/fastq/ERR158/044/ERR15873944/ERR15873944_1.fastq.gz;ftp.sra.ebi.ac.uk/vol1/fastq/ERR158/044/ERR15873944/ERR15873944_2.fastq.gz,"Add a sequencing-library row and model multiple runs per macrosample"
P1,J,PRJEB86261,macrosample,"additional run for existing portal macrosample",J023eF,"",ERR15873938,SAMEA120549327,ERS27250014,D300414,D300414,J023eFR3,2025-11-14,https://www.ebi.ac.uk/ena/browser/view/ERR15873938,https://www.ebi.ac.uk/biosamples/samples/SAMEA120549327,ftp.sra.ebi.ac.uk/vol1/fastq/ERR158/038/ERR15873938/ERR15873938_1.fastq.gz;ftp.sra.ebi.ac.uk/vol1/fastq/ERR158/038/ERR15873938/ERR15873938_2.fastq.gz,"Add a sequencing-library row and model multiple runs per macrosample"
P1,J,PRJEB86261,macrosample,"additional run for existing portal macrosample",J016eF,"",ERR15873939,SAMEA120549328,ERS27250015,D300415,D300415,J016eFR3,2025-11-14,https://www.ebi.ac.uk/ena/browser/view/ERR15873939,https://www.ebi.ac.uk/biosamples/samples/SAMEA120549328,ftp.sra.ebi.ac.uk/vol1/fastq/ERR158/039/ERR15873939/ERR15873939_1.fastq.gz;ftp.sra.ebi.ac.uk/vol1/fastq/ERR158/039/ERR15873939/ERR15873939_2.fastq.gz,"Add a sequencing-library row and model multiple runs per macrosample"
P1,J,PRJEB86261,macrosample,"additional run for existing portal macrosample",J012eF,"",ERR15873943,SAMEA120549332,ERS27250019,D300416,D300416,J012eFR3,2025-11-14,https://www.ebi.ac.uk/ena/browser/view/ERR15873943,https://www.ebi.ac.uk/biosamples/samples/SAMEA120549332,ftp.sra.ebi.ac.uk/vol1/fastq/ERR158/043/ERR15873943/ERR15873943_1.fastq.gz;ftp.sra.ebi.ac.uk/vol1/fastq/ERR158/043/ERR15873943/ERR15873943_2.fastq.gz,"Add a sequencing-library row and model multiple runs per macrosample"
P1,J,PRJEB86261,macrosample,"additional run for existing portal macrosample",J018eF,"",ERR15873936,SAMEA120549325,ERS27250012,D300417,D300417,J018eFR3,2025-11-14,https://www.ebi.ac.uk/ena/browser/view/ERR15873936,https://www.ebi.ac.uk/biosamples/samples/SAMEA120549325,ftp.sra.ebi.ac.uk/vol1/fastq/ERR158/036/ERR15873936/ERR15873936_1.fastq.gz;ftp.sra.ebi.ac.uk/vol1/fastq/ERR158/036/ERR15873936/ERR15873936_2.fastq.gz,"Add a sequencing-library row and model multiple runs per macrosample"
