priority,experiment,cryosection,count_matrix_id,run_accession,biosample_accession,ena_sample_accession,sample_alias,library_name,first_public,ena_url,biosample_url,fastq_ftp,recommended_action
P1,F,F043dA101B,M306177,ERR16043660,SAMEA120837416,ERS28359642,F043dA101B038,F043dA101B038_L1,2025-12-18,https://www.ebi.ac.uk/ena/browser/view/ERR16043660,https://www.ebi.ac.uk/biosamples/samples/SAMEA120837416,ftp.sra.ebi.ac.uk/vol1/fastq/ERR160/060/ERR16043660/ERR16043660_1.fastq.gz;ftp.sra.ebi.ac.uk/vol1/fastq/ERR160/060/ERR16043660/ERR16043660_2.fastq.gz,"Import the ENA run/sample mapping into the microsample sequencing source table"
P1,F,F043dA101B,M306178,ERR16043815,SAMEA120837500,ERS28359726,F043dA101B039,F043dA101B039_L1,2025-12-18,https://www.ebi.ac.uk/ena/browser/view/ERR16043815,https://www.ebi.ac.uk/biosamples/samples/SAMEA120837500,ftp.sra.ebi.ac.uk/vol1/fastq/ERR160/015/ERR16043815/ERR16043815_1.fastq.gz;ftp.sra.ebi.ac.uk/vol1/fastq/ERR160/015/ERR16043815/ERR16043815_2.fastq.gz,"Import the ENA run/sample mapping into the microsample sequencing source table"
P1,F,F043dA101B,M306179,ERR16044771,SAMEA120838100,ERS28360326,F043dA101B040,F043dA101B040_L1,2025-12-19,https://www.ebi.ac.uk/ena/browser/view/ERR16044771,https://www.ebi.ac.uk/biosamples/samples/SAMEA120838100,ftp.sra.ebi.ac.uk/vol1/fastq/ERR160/071/ERR16044771/ERR16044771_1.fastq.gz;ftp.sra.ebi.ac.uk/vol1/fastq/ERR160/071/ERR16044771/ERR16044771_2.fastq.gz,"Import the ENA run/sample mapping into the microsample sequencing source table"
P1,F,F045dA101A,M306483,ERR16044745,SAMEA120838082,ERS28360308,F045dA101A012,F045dA101A012_L1,2025-12-19,https://www.ebi.ac.uk/ena/browser/view/ERR16044745,https://www.ebi.ac.uk/biosamples/samples/SAMEA120838082,ftp.sra.ebi.ac.uk/vol1/fastq/ERR160/045/ERR16044745/ERR16044745_1.fastq.gz;ftp.sra.ebi.ac.uk/vol1/fastq/ERR160/045/ERR16044745/ERR16044745_2.fastq.gz,"Import the ENA run/sample mapping into the microsample sequencing source table"
P1,F,F045dA101A,M306486,ERR16043612,SAMEA120837368,ERS28359594,F045dA101A015,F045dA101A015_L1,2025-12-18,https://www.ebi.ac.uk/ena/browser/view/ERR16043612,https://www.ebi.ac.uk/biosamples/samples/SAMEA120837368,ftp.sra.ebi.ac.uk/vol1/fastq/ERR160/012/ERR16043612/ERR16043612_1.fastq.gz;ftp.sra.ebi.ac.uk/vol1/fastq/ERR160/012/ERR16043612/ERR16043612_2.fastq.gz,"Import the ENA run/sample mapping into the microsample sequencing source table"
P1,F,F045dA101A,M306505,ERR16043328,SAMEA120837099,ERS28359325,F045dA101A031,F045dA101A031_L1,2025-12-18,https://www.ebi.ac.uk/ena/browser/view/ERR16043328,https://www.ebi.ac.uk/biosamples/samples/SAMEA120837099,ftp.sra.ebi.ac.uk/vol1/fastq/ERR160/028/ERR16043328/ERR16043328_1.fastq.gz;ftp.sra.ebi.ac.uk/vol1/fastq/ERR160/028/ERR16043328/ERR16043328_2.fastq.gz,"Import the ENA run/sample mapping into the microsample sequencing source table"
P1,F,F045dA101A,M306566,ERR16043598,SAMEA120837355,ERS28359581,F045dA101A043,F045dA101A043_L1,2025-12-18,https://www.ebi.ac.uk/ena/browser/view/ERR16043598,https://www.ebi.ac.uk/biosamples/samples/SAMEA120837355,ftp.sra.ebi.ac.uk/vol1/fastq/ERR160/098/ERR16043598/ERR16043598_1.fastq.gz;ftp.sra.ebi.ac.uk/vol1/fastq/ERR160/098/ERR16043598/ERR16043598_2.fastq.gz,"Import the ENA run/sample mapping into the microsample sequencing source table"
P1,F,F045dA101A,M306569,ERR16043822,SAMEA120837507,ERS28359733,F045dA101A045,F045dA101A045_L1,2025-12-18,https://www.ebi.ac.uk/ena/browser/view/ERR16043822,https://www.ebi.ac.uk/biosamples/samples/SAMEA120837507,ftp.sra.ebi.ac.uk/vol1/fastq/ERR160/022/ERR16043822/ERR16043822_1.fastq.gz;ftp.sra.ebi.ac.uk/vol1/fastq/ERR160/022/ERR16043822/ERR16043822_2.fastq.gz,"Import the ENA run/sample mapping into the microsample sequencing source table"
P1,F,F045dA101A,M306580,ERR16043540,SAMEA120837302,ERS28359528,F045dA101A055,F045dA101A055_L1,2025-12-18,https://www.ebi.ac.uk/ena/browser/view/ERR16043540,https://www.ebi.ac.uk/biosamples/samples/SAMEA120837302,ftp.sra.ebi.ac.uk/vol1/fastq/ERR160/040/ERR16043540/ERR16043540_1.fastq.gz;ftp.sra.ebi.ac.uk/vol1/fastq/ERR160/040/ERR16043540/ERR16043540_2.fastq.gz,"Import the ENA run/sample mapping into the microsample sequencing source table"
P1,F,F045dA101A,M306581,ERR16044824,SAMEA120838149,ERS28360375,F045dA101A056,F045dA101A056_L1,2025-12-19,https://www.ebi.ac.uk/ena/browser/view/ERR16044824,https://www.ebi.ac.uk/biosamples/samples/SAMEA120838149,ftp.sra.ebi.ac.uk/vol1/fastq/ERR160/024/ERR16044824/ERR16044824_1.fastq.gz;ftp.sra.ebi.ac.uk/vol1/fastq/ERR160/024/ERR16044824/ERR16044824_2.fastq.gz,"Import the ENA run/sample mapping into the microsample sequencing source table"
P1,F,F066dA101B,M306117,ERR16044047,SAMEA120837768,ERS28359994,F066dA101B028,F066dA101B028_L1,2025-12-18,https://www.ebi.ac.uk/ena/browser/view/ERR16044047,https://www.ebi.ac.uk/biosamples/samples/SAMEA120837768,ftp.sra.ebi.ac.uk/vol1/fastq/ERR160/047/ERR16044047/ERR16044047_1.fastq.gz;ftp.sra.ebi.ac.uk/vol1/fastq/ERR160/047/ERR16044047/ERR16044047_2.fastq.gz,"Import the ENA run/sample mapping into the microsample sequencing source table"
P1,F,F066dA101B,M306119,ERR16044819,SAMEA120838144,ERS28360370,F066dA101B029,F066dA101B029_L1,2025-12-19,https://www.ebi.ac.uk/ena/browser/view/ERR16044819,https://www.ebi.ac.uk/biosamples/samples/SAMEA120838144,ftp.sra.ebi.ac.uk/vol1/fastq/ERR160/019/ERR16044819/ERR16044819_1.fastq.gz;ftp.sra.ebi.ac.uk/vol1/fastq/ERR160/019/ERR16044819/ERR16044819_2.fastq.gz,"Import the ENA run/sample mapping into the microsample sequencing source table"
P1,F,F066dA101B,M306120,ERR16044889,SAMEA120838207,ERS28360433,F066dA101B030,F066dA101B030_L1,2025-12-19,https://www.ebi.ac.uk/ena/browser/view/ERR16044889,https://www.ebi.ac.uk/biosamples/samples/SAMEA120838207,ftp.sra.ebi.ac.uk/vol1/fastq/ERR160/089/ERR16044889/ERR16044889_1.fastq.gz;ftp.sra.ebi.ac.uk/vol1/fastq/ERR160/089/ERR16044889/ERR16044889_2.fastq.gz,"Import the ENA run/sample mapping into the microsample sequencing source table"
P1,F,F066dA101B,M306205,ERR16044696,SAMEA120838044,ERS28360270,F066dA101B063,F066dA101B063_L1,2025-12-19,https://www.ebi.ac.uk/ena/browser/view/ERR16044696,https://www.ebi.ac.uk/biosamples/samples/SAMEA120838044,ftp.sra.ebi.ac.uk/vol1/fastq/ERR160/096/ERR16044696/ERR16044696_1.fastq.gz;ftp.sra.ebi.ac.uk/vol1/fastq/ERR160/096/ERR16044696/ERR16044696_2.fastq.gz,"Import the ENA run/sample mapping into the microsample sequencing source table"
P1,F,F068dA101A,M306315,ERR16044803,SAMEA120838129,ERS28360355,F068dA101A033,F068dA101A033_L1,2025-12-19,https://www.ebi.ac.uk/ena/browser/view/ERR16044803,https://www.ebi.ac.uk/biosamples/samples/SAMEA120838129,ftp.sra.ebi.ac.uk/vol1/fastq/ERR160/003/ERR16044803/ERR16044803_1.fastq.gz;ftp.sra.ebi.ac.uk/vol1/fastq/ERR160/003/ERR16044803/ERR16044803_2.fastq.gz,"Import the ENA run/sample mapping into the microsample sequencing source table"
P1,F,F068dA101A,M306318,ERR16044888,SAMEA120838205,ERS28360431,F068dA101A036,F068dA101A036_L1,2025-12-19,https://www.ebi.ac.uk/ena/browser/view/ERR16044888,https://www.ebi.ac.uk/biosamples/samples/SAMEA120838205,ftp.sra.ebi.ac.uk/vol1/fastq/ERR160/088/ERR16044888/ERR16044888_1.fastq.gz;ftp.sra.ebi.ac.uk/vol1/fastq/ERR160/088/ERR16044888/ERR16044888_2.fastq.gz,"Import the ENA run/sample mapping into the microsample sequencing source table"
P1,F,F068dA101A,M306374,ERR16043345,SAMEA120837115,ERS28359341,F068dA101A043,F068dA101A043_L1,2025-12-18,https://www.ebi.ac.uk/ena/browser/view/ERR16043345,https://www.ebi.ac.uk/biosamples/samples/SAMEA120837115,ftp.sra.ebi.ac.uk/vol1/fastq/ERR160/045/ERR16043345/ERR16043345_1.fastq.gz;ftp.sra.ebi.ac.uk/vol1/fastq/ERR160/045/ERR16043345/ERR16043345_2.fastq.gz,"Import the ENA run/sample mapping into the microsample sequencing source table"
P1,F,F068dA101A,M306375,ERR16043509,SAMEA120837272,ERS28359498,F068dA101A044,F068dA101A044_L1,2025-12-18,https://www.ebi.ac.uk/ena/browser/view/ERR16043509,https://www.ebi.ac.uk/biosamples/samples/SAMEA120837272,ftp.sra.ebi.ac.uk/vol1/fastq/ERR160/009/ERR16043509/ERR16043509_1.fastq.gz;ftp.sra.ebi.ac.uk/vol1/fastq/ERR160/009/ERR16043509/ERR16043509_2.fastq.gz,"Import the ENA run/sample mapping into the microsample sequencing source table"
P1,F,F068dA101A,M306401,ERR16044813,SAMEA120838139,ERS28360365,F068dA101A067,F068dA101A067_L1,2025-12-19,https://www.ebi.ac.uk/ena/browser/view/ERR16044813,https://www.ebi.ac.uk/biosamples/samples/SAMEA120838139,ftp.sra.ebi.ac.uk/vol1/fastq/ERR160/013/ERR16044813/ERR16044813_1.fastq.gz;ftp.sra.ebi.ac.uk/vol1/fastq/ERR160/013/ERR16044813/ERR16044813_2.fastq.gz,"Import the ENA run/sample mapping into the microsample sequencing source table"
P1,G,G005bI205A,M302895,ERR16011279,SAMEA120806487,ERS28328713,G005bI205A026,G005bI205A026_L1,2025-12-12,https://www.ebi.ac.uk/ena/browser/view/ERR16011279,https://www.ebi.ac.uk/biosamples/samples/SAMEA120806487,ftp.sra.ebi.ac.uk/vol1/fastq/ERR160/079/ERR16011279/ERR16011279_1.fastq.gz;ftp.sra.ebi.ac.uk/vol1/fastq/ERR160/079/ERR16011279/ERR16011279_2.fastq.gz,"Import the ENA run/sample mapping into the microsample sequencing source table"
P1,G,G005bI205A,M302896,ERR16011227,SAMEA120806435,ERS28328661,G005bI205A027,G005bI205A027_L1,2025-12-12,https://www.ebi.ac.uk/ena/browser/view/ERR16011227,https://www.ebi.ac.uk/biosamples/samples/SAMEA120806435,ftp.sra.ebi.ac.uk/vol1/fastq/ERR160/027/ERR16011227/ERR16011227_1.fastq.gz;ftp.sra.ebi.ac.uk/vol1/fastq/ERR160/027/ERR16011227/ERR16011227_2.fastq.gz,"Import the ENA run/sample mapping into the microsample sequencing source table"
P1,G,G005bI205A,M302897,ERR16010577,SAMEA120805785,ERS28328011,G005bI205A028,G005bI205A028_L1,2025-12-12,https://www.ebi.ac.uk/ena/browser/view/ERR16010577,https://www.ebi.ac.uk/biosamples/samples/SAMEA120805785,ftp.sra.ebi.ac.uk/vol1/fastq/ERR160/077/ERR16010577/ERR16010577_1.fastq.gz;ftp.sra.ebi.ac.uk/vol1/fastq/ERR160/077/ERR16010577/ERR16010577_2.fastq.gz,"Import the ENA run/sample mapping into the microsample sequencing source table"
P1,G,G006bI203A,M303014,ERR16011069,SAMEA120806277,ERS28328503,G006bI203A004,G006bI203A004_L1,2025-12-12,https://www.ebi.ac.uk/ena/browser/view/ERR16011069,https://www.ebi.ac.uk/biosamples/samples/SAMEA120806277,ftp.sra.ebi.ac.uk/vol1/fastq/ERR160/069/ERR16011069/ERR16011069_1.fastq.gz;ftp.sra.ebi.ac.uk/vol1/fastq/ERR160/069/ERR16011069/ERR16011069_2.fastq.gz,"Import the ENA run/sample mapping into the microsample sequencing source table"
P1,G,G006bI203B,M303110,ERR16010089,SAMEA120805261,ERS28327487,G006bI203B004,G006bI203B004_L1,2025-12-11,https://www.ebi.ac.uk/ena/browser/view/ERR16010089,https://www.ebi.ac.uk/biosamples/samples/SAMEA120805261,ftp.sra.ebi.ac.uk/vol1/fastq/ERR160/089/ERR16010089/ERR16010089_1.fastq.gz;ftp.sra.ebi.ac.uk/vol1/fastq/ERR160/089/ERR16010089/ERR16010089_2.fastq.gz,"Import the ENA run/sample mapping into the microsample sequencing source table"
P1,G,G006bI203B,M303111,ERR16010188,SAMEA120805360,ERS28327586,G006bI203B005,G006bI203B005_L1,2025-12-11,https://www.ebi.ac.uk/ena/browser/view/ERR16010188,https://www.ebi.ac.uk/biosamples/samples/SAMEA120805360,ftp.sra.ebi.ac.uk/vol1/fastq/ERR160/088/ERR16010188/ERR16010188_1.fastq.gz;ftp.sra.ebi.ac.uk/vol1/fastq/ERR160/088/ERR16010188/ERR16010188_2.fastq.gz,"Import the ENA run/sample mapping into the microsample sequencing source table"
P1,G,G007bI105B,M303163,ERR16011305,SAMEA120806513,ERS28328739,G007bI105B009,G007bI105B009_L1,2025-12-12,https://www.ebi.ac.uk/ena/browser/view/ERR16011305,https://www.ebi.ac.uk/biosamples/samples/SAMEA120806513,ftp.sra.ebi.ac.uk/vol1/fastq/ERR160/005/ERR16011305/ERR16011305_1.fastq.gz;ftp.sra.ebi.ac.uk/vol1/fastq/ERR160/005/ERR16011305/ERR16011305_2.fastq.gz,"Import the ENA run/sample mapping into the microsample sequencing source table"
P1,G,G007bI105B,M303172,ERR16010480,SAMEA120805688,ERS28327914,G007bI105B016,G007bI105B016_L1,2025-12-12,https://www.ebi.ac.uk/ena/browser/view/ERR16010480,https://www.ebi.ac.uk/biosamples/samples/SAMEA120805688,ftp.sra.ebi.ac.uk/vol1/fastq/ERR160/080/ERR16010480/ERR16010480_1.fastq.gz;ftp.sra.ebi.ac.uk/vol1/fastq/ERR160/080/ERR16010480/ERR16010480_2.fastq.gz,"Import the ENA run/sample mapping into the microsample sequencing source table"
P1,G,G007bI105B,M303192,ERR16011075,SAMEA120806283,ERS28328509,G007bI105B034,G007bI105B034_L1,2025-12-12,https://www.ebi.ac.uk/ena/browser/view/ERR16011075,https://www.ebi.ac.uk/biosamples/samples/SAMEA120806283,ftp.sra.ebi.ac.uk/vol1/fastq/ERR160/075/ERR16011075/ERR16011075_1.fastq.gz;ftp.sra.ebi.ac.uk/vol1/fastq/ERR160/075/ERR16011075/ERR16011075_2.fastq.gz,"Import the ENA run/sample mapping into the microsample sequencing source table"
P1,G,G019eI105B,M302218,ERR16010875,SAMEA120806083,ERS28328309,G019eI105B022,G019eI105B022_L1,2025-12-12,https://www.ebi.ac.uk/ena/browser/view/ERR16010875,https://www.ebi.ac.uk/biosamples/samples/SAMEA120806083,ftp.sra.ebi.ac.uk/vol1/fastq/ERR160/075/ERR16010875/ERR16010875_1.fastq.gz;ftp.sra.ebi.ac.uk/vol1/fastq/ERR160/075/ERR16010875/ERR16010875_2.fastq.gz,"Import the ENA run/sample mapping into the microsample sequencing source table"
P1,G,G081bI105A,M302650,ERR16010815,SAMEA120806023,ERS28328249,G081bI105A022,G081bI105A022_L1,2025-12-12,https://www.ebi.ac.uk/ena/browser/view/ERR16010815,https://www.ebi.ac.uk/biosamples/samples/SAMEA120806023,ftp.sra.ebi.ac.uk/vol1/fastq/ERR160/015/ERR16010815/ERR16010815_1.fastq.gz;ftp.sra.ebi.ac.uk/vol1/fastq/ERR160/015/ERR16010815/ERR16010815_2.fastq.gz,"Import the ENA run/sample mapping into the microsample sequencing source table"
P1,G,G081bI105B,M302722,ERR16010380,SAMEA120805552,ERS28327778,G081bI105B001,G081bI105B001_L1,2025-12-12,https://www.ebi.ac.uk/ena/browser/view/ERR16010380,https://www.ebi.ac.uk/biosamples/samples/SAMEA120805552,ftp.sra.ebi.ac.uk/vol1/fastq/ERR160/080/ERR16010380/ERR16010380_1.fastq.gz;ftp.sra.ebi.ac.uk/vol1/fastq/ERR160/080/ERR16010380/ERR16010380_2.fastq.gz,"Import the ENA run/sample mapping into the microsample sequencing source table"
P1,G,G082bI105B,M302770,ERR16010529,SAMEA120805737,ERS28327963,G082bI105B001,G082bI105B001_L1,2025-12-12,https://www.ebi.ac.uk/ena/browser/view/ERR16010529,https://www.ebi.ac.uk/biosamples/samples/SAMEA120805737,ftp.sra.ebi.ac.uk/vol1/fastq/ERR160/029/ERR16010529/ERR16010529_1.fastq.gz;ftp.sra.ebi.ac.uk/vol1/fastq/ERR160/029/ERR16010529/ERR16010529_2.fastq.gz,"Import the ENA run/sample mapping into the microsample sequencing source table"
P1,G,G084bI105B,M302954,ERR16010986,SAMEA120806194,ERS28328420,G084bI105B036,G084bI105B036_L1,2025-12-12,https://www.ebi.ac.uk/ena/browser/view/ERR16010986,https://www.ebi.ac.uk/biosamples/samples/SAMEA120806194,ftp.sra.ebi.ac.uk/vol1/fastq/ERR160/086/ERR16010986/ERR16010986_1.fastq.gz;ftp.sra.ebi.ac.uk/vol1/fastq/ERR160/086/ERR16010986/ERR16010986_2.fastq.gz,"Import the ENA run/sample mapping into the microsample sequencing source table"
P1,G,G097eI107B,M302172,ERR16010848,SAMEA120806056,ERS28328282,G097eI107B024,G097eI107B024_L1,2025-12-12,https://www.ebi.ac.uk/ena/browser/view/ERR16010848,https://www.ebi.ac.uk/biosamples/samples/SAMEA120806056,ftp.sra.ebi.ac.uk/vol1/fastq/ERR160/048/ERR16010848/ERR16010848_1.fastq.gz;ftp.sra.ebi.ac.uk/vol1/fastq/ERR160/048/ERR16010848/ERR16010848_2.fastq.gz,"Import the ENA run/sample mapping into the microsample sequencing source table"
P1,G,G097eI107B,M302179,ERR16010251,SAMEA120805423,ERS28327649,G097eI107B030,G097eI107B030_L1,2025-12-11,https://www.ebi.ac.uk/ena/browser/view/ERR16010251,https://www.ebi.ac.uk/biosamples/samples/SAMEA120805423,ftp.sra.ebi.ac.uk/vol1/fastq/ERR160/051/ERR16010251/ERR16010251_1.fastq.gz;ftp.sra.ebi.ac.uk/vol1/fastq/ERR160/051/ERR16010251/ERR16010251_2.fastq.gz,"Import the ENA run/sample mapping into the microsample sequencing source table"
P1,G,G103bI309B,M306061,ERR16042798,SAMEA120836675,ERS28358901,G103bI309B021,G103bI309B021_L1,2025-12-18,https://www.ebi.ac.uk/ena/browser/view/ERR16042798,https://www.ebi.ac.uk/biosamples/samples/SAMEA120836675,ftp.sra.ebi.ac.uk/vol1/fastq/ERR160/098/ERR16042798/ERR16042798_1.fastq.gz;ftp.sra.ebi.ac.uk/vol1/fastq/ERR160/098/ERR16042798/ERR16042798_2.fastq.gz,"Import the ENA run/sample mapping into the microsample sequencing source table"
P1,G,G103bI309B,M306075,ERR16042865,SAMEA120836718,ERS28358944,G103bI309B033,G103bI309B033_L1,2025-12-18,https://www.ebi.ac.uk/ena/browser/view/ERR16042865,https://www.ebi.ac.uk/biosamples/samples/SAMEA120836718,ftp.sra.ebi.ac.uk/vol1/fastq/ERR160/065/ERR16042865/ERR16042865_1.fastq.gz;ftp.sra.ebi.ac.uk/vol1/fastq/ERR160/065/ERR16042865/ERR16042865_2.fastq.gz,"Import the ENA run/sample mapping into the microsample sequencing source table"
P1,G,G105bI105C,M302542,ERR16011240,SAMEA120806448,ERS28328674,G105bI105C012,G105bI105C012_L1,2025-12-12,https://www.ebi.ac.uk/ena/browser/view/ERR16011240,https://www.ebi.ac.uk/biosamples/samples/SAMEA120806448,ftp.sra.ebi.ac.uk/vol1/fastq/ERR160/040/ERR16011240/ERR16011240_1.fastq.gz;ftp.sra.ebi.ac.uk/vol1/fastq/ERR160/040/ERR16011240/ERR16011240_2.fastq.gz,"Import the ENA run/sample mapping into the microsample sequencing source table"
P1,G,G105bI105C,M302546,ERR16010342,SAMEA120805514,ERS28327740,G105bI105C015,G105bI105C015_L1,2025-12-12,https://www.ebi.ac.uk/ena/browser/view/ERR16010342,https://www.ebi.ac.uk/biosamples/samples/SAMEA120805514,ftp.sra.ebi.ac.uk/vol1/fastq/ERR160/042/ERR16010342/ERR16010342_1.fastq.gz;ftp.sra.ebi.ac.uk/vol1/fastq/ERR160/042/ERR16010342/ERR16010342_2.fastq.gz,"Import the ENA run/sample mapping into the microsample sequencing source table"
P1,G,G105bI105C,M302570,ERR16010649,SAMEA120805857,ERS28328083,G105bI105C036,G105bI105C036_L1,2025-12-12,https://www.ebi.ac.uk/ena/browser/view/ERR16010649,https://www.ebi.ac.uk/biosamples/samples/SAMEA120805857,ftp.sra.ebi.ac.uk/vol1/fastq/ERR160/049/ERR16010649/ERR16010649_1.fastq.gz;ftp.sra.ebi.ac.uk/vol1/fastq/ERR160/049/ERR16010649/ERR16010649_2.fastq.gz,"Import the ENA run/sample mapping into the microsample sequencing source table"
P1,G,G121eI104A,M301474,ERR15563129,SAMEA120137591,ERS26795050,G121eI104A001,G121eI104A001_L1,2025-09-13,https://www.ebi.ac.uk/ena/browser/view/ERR15563129,https://www.ebi.ac.uk/biosamples/samples/SAMEA120137591,ftp.sra.ebi.ac.uk/vol1/fastq/ERR155/029/ERR15563129/ERR15563129_1.fastq.gz;ftp.sra.ebi.ac.uk/vol1/fastq/ERR155/029/ERR15563129/ERR15563129_2.fastq.gz,"Import the ENA run/sample mapping into the microsample sequencing source table"
P1,G,G121eI104A,M301476,ERR15563118,SAMEA120137580,ERS26795039,G121eI104A002,G121eI104A002_L1,2025-09-13,https://www.ebi.ac.uk/ena/browser/view/ERR15563118,https://www.ebi.ac.uk/biosamples/samples/SAMEA120137580,ftp.sra.ebi.ac.uk/vol1/fastq/ERR155/018/ERR15563118/ERR15563118_1.fastq.gz;ftp.sra.ebi.ac.uk/vol1/fastq/ERR155/018/ERR15563118/ERR15563118_2.fastq.gz,"Import the ENA run/sample mapping into the microsample sequencing source table"
P1,G,G121eI104A,M301477,ERR15562988,SAMEA120137450,ERS26794909,G121eI104A003,G121eI104A003_L1,2025-09-17,https://www.ebi.ac.uk/ena/browser/view/ERR15562988,https://www.ebi.ac.uk/biosamples/samples/SAMEA120137450,ftp.sra.ebi.ac.uk/vol1/fastq/ERR155/088/ERR15562988/ERR15562988_1.fastq.gz;ftp.sra.ebi.ac.uk/vol1/fastq/ERR155/088/ERR15562988/ERR15562988_2.fastq.gz,"Import the ENA run/sample mapping into the microsample sequencing source table"
P1,G,G121eI104A,M301478,ERR15562992,SAMEA120137454,ERS26794913,G121eI104A004,G121eI104A004_L1,2025-09-13,https://www.ebi.ac.uk/ena/browser/view/ERR15562992,https://www.ebi.ac.uk/biosamples/samples/SAMEA120137454,ftp.sra.ebi.ac.uk/vol1/fastq/ERR155/092/ERR15562992/ERR15562992_1.fastq.gz;ftp.sra.ebi.ac.uk/vol1/fastq/ERR155/092/ERR15562992/ERR15562992_2.fastq.gz,"Import the ENA run/sample mapping into the microsample sequencing source table"
P1,G,G121eI104A,M301480,ERR15562989,SAMEA120137451,ERS26794910,G121eI104A005,G121eI104A005_L1,2025-09-17,https://www.ebi.ac.uk/ena/browser/view/ERR15562989,https://www.ebi.ac.uk/biosamples/samples/SAMEA120137451,ftp.sra.ebi.ac.uk/vol1/fastq/ERR155/089/ERR15562989/ERR15562989_1.fastq.gz;ftp.sra.ebi.ac.uk/vol1/fastq/ERR155/089/ERR15562989/ERR15562989_2.fastq.gz,"Import the ENA run/sample mapping into the microsample sequencing source table"
P1,G,G121eI104A,M301481,ERR15563128,SAMEA120137590,ERS26795049,G121eI104A006,G121eI104A006_L1,2025-09-17,https://www.ebi.ac.uk/ena/browser/view/ERR15563128,https://www.ebi.ac.uk/biosamples/samples/SAMEA120137590,ftp.sra.ebi.ac.uk/vol1/fastq/ERR155/028/ERR15563128/ERR15563128_1.fastq.gz;ftp.sra.ebi.ac.uk/vol1/fastq/ERR155/028/ERR15563128/ERR15563128_2.fastq.gz,"Import the ENA run/sample mapping into the microsample sequencing source table"
P1,G,G121eI104A,M301482,ERR15563005,SAMEA120137467,ERS26794926,G121eI104A007,G121eI104A007_L1,2025-09-13,https://www.ebi.ac.uk/ena/browser/view/ERR15563005,https://www.ebi.ac.uk/biosamples/samples/SAMEA120137467,ftp.sra.ebi.ac.uk/vol1/fastq/ERR155/005/ERR15563005/ERR15563005_1.fastq.gz;ftp.sra.ebi.ac.uk/vol1/fastq/ERR155/005/ERR15563005/ERR15563005_2.fastq.gz,"Import the ENA run/sample mapping into the microsample sequencing source table"
P1,G,G121eI104A,M301484,ERR15562991,SAMEA120137453,ERS26794912,G121eI104A008,G121eI104A008_L1,2025-09-13,https://www.ebi.ac.uk/ena/browser/view/ERR15562991,https://www.ebi.ac.uk/biosamples/samples/SAMEA120137453,ftp.sra.ebi.ac.uk/vol1/fastq/ERR155/091/ERR15562991/ERR15562991_1.fastq.gz;ftp.sra.ebi.ac.uk/vol1/fastq/ERR155/091/ERR15562991/ERR15562991_2.fastq.gz,"Import the ENA run/sample mapping into the microsample sequencing source table"
P1,G,G121eI104A,M301485,ERR15563090,SAMEA120137552,ERS26795011,G121eI104A009,G121eI104A009_L1,2025-09-13,https://www.ebi.ac.uk/ena/browser/view/ERR15563090,https://www.ebi.ac.uk/biosamples/samples/SAMEA120137552,ftp.sra.ebi.ac.uk/vol1/fastq/ERR155/090/ERR15563090/ERR15563090_1.fastq.gz;ftp.sra.ebi.ac.uk/vol1/fastq/ERR155/090/ERR15563090/ERR15563090_2.fastq.gz,"Import the ENA run/sample mapping into the microsample sequencing source table"
P1,G,G121eI104A,M301486,ERR15563051,SAMEA120137513,ERS26794972,G121eI104A010,G121eI104A010_L1,2025-09-17,https://www.ebi.ac.uk/ena/browser/view/ERR15563051,https://www.ebi.ac.uk/biosamples/samples/SAMEA120137513,ftp.sra.ebi.ac.uk/vol1/fastq/ERR155/051/ERR15563051/ERR15563051_1.fastq.gz;ftp.sra.ebi.ac.uk/vol1/fastq/ERR155/051/ERR15563051/ERR15563051_2.fastq.gz,"Import the ENA run/sample mapping into the microsample sequencing source table"
P1,G,G121eI104A,M301487,ERR15563001,SAMEA120137463,ERS26794922,G121eI104A011,G121eI104A011_L1,2025-09-17,https://www.ebi.ac.uk/ena/browser/view/ERR15563001,https://www.ebi.ac.uk/biosamples/samples/SAMEA120137463,ftp.sra.ebi.ac.uk/vol1/fastq/ERR155/001/ERR15563001/ERR15563001_1.fastq.gz;ftp.sra.ebi.ac.uk/vol1/fastq/ERR155/001/ERR15563001/ERR15563001_2.fastq.gz,"Import the ENA run/sample mapping into the microsample sequencing source table"
P1,G,G121eI104A,M301489,ERR15562996,SAMEA120137458,ERS26794917,G121eI104A012,G121eI104A012_L1,2025-09-13,https://www.ebi.ac.uk/ena/browser/view/ERR15562996,https://www.ebi.ac.uk/biosamples/samples/SAMEA120137458,ftp.sra.ebi.ac.uk/vol1/fastq/ERR155/096/ERR15562996/ERR15562996_1.fastq.gz;ftp.sra.ebi.ac.uk/vol1/fastq/ERR155/096/ERR15562996/ERR15562996_2.fastq.gz,"Import the ENA run/sample mapping into the microsample sequencing source table"
P1,G,G121eI104A,M301490,ERR15563122,SAMEA120137584,ERS26795043,G121eI104A013,G121eI104A013_L1,2025-09-13,https://www.ebi.ac.uk/ena/browser/view/ERR15563122,https://www.ebi.ac.uk/biosamples/samples/SAMEA120137584,ftp.sra.ebi.ac.uk/vol1/fastq/ERR155/022/ERR15563122/ERR15563122_1.fastq.gz;ftp.sra.ebi.ac.uk/vol1/fastq/ERR155/022/ERR15563122/ERR15563122_2.fastq.gz,"Import the ENA run/sample mapping into the microsample sequencing source table"
P1,G,G121eI104A,M301491,ERR15563004,SAMEA120137466,ERS26794925,G121eI104A014,G121eI104A014_L1,2025-09-13,https://www.ebi.ac.uk/ena/browser/view/ERR15563004,https://www.ebi.ac.uk/biosamples/samples/SAMEA120137466,ftp.sra.ebi.ac.uk/vol1/fastq/ERR155/004/ERR15563004/ERR15563004_1.fastq.gz;ftp.sra.ebi.ac.uk/vol1/fastq/ERR155/004/ERR15563004/ERR15563004_2.fastq.gz,"Import the ENA run/sample mapping into the microsample sequencing source table"
P1,G,G121eI104A,M301493,ERR15563107,SAMEA120137569,ERS26795028,G121eI104A015,G121eI104A015_L1,2025-09-13,https://www.ebi.ac.uk/ena/browser/view/ERR15563107,https://www.ebi.ac.uk/biosamples/samples/SAMEA120137569,ftp.sra.ebi.ac.uk/vol1/fastq/ERR155/007/ERR15563107/ERR15563107_1.fastq.gz;ftp.sra.ebi.ac.uk/vol1/fastq/ERR155/007/ERR15563107/ERR15563107_2.fastq.gz,"Import the ENA run/sample mapping into the microsample sequencing source table"
P1,G,G121eI104A,M301494,ERR15563013,SAMEA120137475,ERS26794934,G121eI104A016,G121eI104A016_L1,2025-09-17,https://www.ebi.ac.uk/ena/browser/view/ERR15563013,https://www.ebi.ac.uk/biosamples/samples/SAMEA120137475,ftp.sra.ebi.ac.uk/vol1/fastq/ERR155/013/ERR15563013/ERR15563013_1.fastq.gz;ftp.sra.ebi.ac.uk/vol1/fastq/ERR155/013/ERR15563013/ERR15563013_2.fastq.gz,"Import the ENA run/sample mapping into the microsample sequencing source table"
P1,G,G121eI104A,M301496,ERR15563021,SAMEA120137483,ERS26794942,G121eI104A017,G121eI104A017_L1,2025-09-13,https://www.ebi.ac.uk/ena/browser/view/ERR15563021,https://www.ebi.ac.uk/biosamples/samples/SAMEA120137483,ftp.sra.ebi.ac.uk/vol1/fastq/ERR155/021/ERR15563021/ERR15563021_1.fastq.gz;ftp.sra.ebi.ac.uk/vol1/fastq/ERR155/021/ERR15563021/ERR15563021_2.fastq.gz,"Import the ENA run/sample mapping into the microsample sequencing source table"
P1,G,G121eI104A,M301497,ERR15563092,SAMEA120137554,ERS26795013,G121eI104A018,G121eI104A018_L1,2025-09-17,https://www.ebi.ac.uk/ena/browser/view/ERR15563092,https://www.ebi.ac.uk/biosamples/samples/SAMEA120137554,ftp.sra.ebi.ac.uk/vol1/fastq/ERR155/092/ERR15563092/ERR15563092_1.fastq.gz;ftp.sra.ebi.ac.uk/vol1/fastq/ERR155/092/ERR15563092/ERR15563092_2.fastq.gz,"Import the ENA run/sample mapping into the microsample sequencing source table"
P1,G,G121eI104A,M301499,ERR15563153,SAMEA120137615,ERS26795074,G121eI104A019,G121eI104A019_L1,2025-09-17,https://www.ebi.ac.uk/ena/browser/view/ERR15563153,https://www.ebi.ac.uk/biosamples/samples/SAMEA120137615,ftp.sra.ebi.ac.uk/vol1/fastq/ERR155/053/ERR15563153/ERR15563153_1.fastq.gz;ftp.sra.ebi.ac.uk/vol1/fastq/ERR155/053/ERR15563153/ERR15563153_2.fastq.gz,"Import the ENA run/sample mapping into the microsample sequencing source table"
P1,G,G121eI104A,M301500,ERR15563052,SAMEA120137514,ERS26794973,G121eI104A020,G121eI104A020_L1,2025-09-13,https://www.ebi.ac.uk/ena/browser/view/ERR15563052,https://www.ebi.ac.uk/biosamples/samples/SAMEA120137514,ftp.sra.ebi.ac.uk/vol1/fastq/ERR155/052/ERR15563052/ERR15563052_1.fastq.gz;ftp.sra.ebi.ac.uk/vol1/fastq/ERR155/052/ERR15563052/ERR15563052_2.fastq.gz,"Import the ENA run/sample mapping into the microsample sequencing source table"
P1,G,G121eI104A,M301501,ERR15562986,SAMEA120137448,ERS26794907,G121eI104A021,G121eI104A021_L1,2025-09-17,https://www.ebi.ac.uk/ena/browser/view/ERR15562986,https://www.ebi.ac.uk/biosamples/samples/SAMEA120137448,ftp.sra.ebi.ac.uk/vol1/fastq/ERR155/086/ERR15562986/ERR15562986_1.fastq.gz;ftp.sra.ebi.ac.uk/vol1/fastq/ERR155/086/ERR15562986/ERR15562986_2.fastq.gz,"Import the ENA run/sample mapping into the microsample sequencing source table"
P1,G,G121eI104A,M301503,ERR15563006,SAMEA120137468,ERS26794927,G121eI104A022,G121eI104A022_L1,2025-09-17,https://www.ebi.ac.uk/ena/browser/view/ERR15563006,https://www.ebi.ac.uk/biosamples/samples/SAMEA120137468,ftp.sra.ebi.ac.uk/vol1/fastq/ERR155/006/ERR15563006/ERR15563006_1.fastq.gz;ftp.sra.ebi.ac.uk/vol1/fastq/ERR155/006/ERR15563006/ERR15563006_2.fastq.gz,"Import the ENA run/sample mapping into the microsample sequencing source table"
P1,G,G121eI104A,M301504,ERR15563159,SAMEA120137621,ERS26795080,G121eI104A023,G121eI104A023_L1,2025-09-17,https://www.ebi.ac.uk/ena/browser/view/ERR15563159,https://www.ebi.ac.uk/biosamples/samples/SAMEA120137621,ftp.sra.ebi.ac.uk/vol1/fastq/ERR155/059/ERR15563159/ERR15563159_1.fastq.gz;ftp.sra.ebi.ac.uk/vol1/fastq/ERR155/059/ERR15563159/ERR15563159_2.fastq.gz,"Import the ENA run/sample mapping into the microsample sequencing source table"
P1,G,G121eI104A,M301505,ERR15563019,SAMEA120137481,ERS26794940,G121eI104A024,G121eI104A024_L1,2025-09-17,https://www.ebi.ac.uk/ena/browser/view/ERR15563019,https://www.ebi.ac.uk/biosamples/samples/SAMEA120137481,ftp.sra.ebi.ac.uk/vol1/fastq/ERR155/019/ERR15563019/ERR15563019_1.fastq.gz;ftp.sra.ebi.ac.uk/vol1/fastq/ERR155/019/ERR15563019/ERR15563019_2.fastq.gz,"Import the ENA run/sample mapping into the microsample sequencing source table"
P1,G,G121eI104A,M301506,ERR15563172,SAMEA120137634,ERS26795093,G121eI104A025,G121eI104A025_L1,2025-09-13,https://www.ebi.ac.uk/ena/browser/view/ERR15563172,https://www.ebi.ac.uk/biosamples/samples/SAMEA120137634,ftp.sra.ebi.ac.uk/vol1/fastq/ERR155/072/ERR15563172/ERR15563172_1.fastq.gz;ftp.sra.ebi.ac.uk/vol1/fastq/ERR155/072/ERR15563172/ERR15563172_2.fastq.gz,"Import the ENA run/sample mapping into the microsample sequencing source table"
P1,G,G121eI104A,M301508,ERR15563125,SAMEA120137587,ERS26795046,G121eI104A026,G121eI104A026_L1,2025-09-13,https://www.ebi.ac.uk/ena/browser/view/ERR15563125,https://www.ebi.ac.uk/biosamples/samples/SAMEA120137587,ftp.sra.ebi.ac.uk/vol1/fastq/ERR155/025/ERR15563125/ERR15563125_1.fastq.gz;ftp.sra.ebi.ac.uk/vol1/fastq/ERR155/025/ERR15563125/ERR15563125_2.fastq.gz,"Import the ENA run/sample mapping into the microsample sequencing source table"
P1,G,G121eI104A,M301509,ERR15563106,SAMEA120137568,ERS26795027,G121eI104A027,G121eI104A027_L1,2025-09-13,https://www.ebi.ac.uk/ena/browser/view/ERR15563106,https://www.ebi.ac.uk/biosamples/samples/SAMEA120137568,ftp.sra.ebi.ac.uk/vol1/fastq/ERR155/006/ERR15563106/ERR15563106_1.fastq.gz;ftp.sra.ebi.ac.uk/vol1/fastq/ERR155/006/ERR15563106/ERR15563106_2.fastq.gz,"Import the ENA run/sample mapping into the microsample sequencing source table"
P1,G,G121eI104A,M301510,ERR15563007,SAMEA120137469,ERS26794928,G121eI104A028,G121eI104A028_L1,2025-09-13,https://www.ebi.ac.uk/ena/browser/view/ERR15563007,https://www.ebi.ac.uk/biosamples/samples/SAMEA120137469,ftp.sra.ebi.ac.uk/vol1/fastq/ERR155/007/ERR15563007/ERR15563007_1.fastq.gz;ftp.sra.ebi.ac.uk/vol1/fastq/ERR155/007/ERR15563007/ERR15563007_2.fastq.gz,"Import the ENA run/sample mapping into the microsample sequencing source table"
P1,G,G121eI104A,M301511,ERR15563112,SAMEA120137574,ERS26795033,G121eI104A029,G121eI104A029_L1,2025-09-17,https://www.ebi.ac.uk/ena/browser/view/ERR15563112,https://www.ebi.ac.uk/biosamples/samples/SAMEA120137574,ftp.sra.ebi.ac.uk/vol1/fastq/ERR155/012/ERR15563112/ERR15563112_1.fastq.gz;ftp.sra.ebi.ac.uk/vol1/fastq/ERR155/012/ERR15563112/ERR15563112_2.fastq.gz,"Import the ENA run/sample mapping into the microsample sequencing source table"
P1,G,G121eI104A,M301513,ERR15563119,SAMEA120137581,ERS26795040,G121eI104A030,G121eI104A030_L1,2025-09-17,https://www.ebi.ac.uk/ena/browser/view/ERR15563119,https://www.ebi.ac.uk/biosamples/samples/SAMEA120137581,ftp.sra.ebi.ac.uk/vol1/fastq/ERR155/019/ERR15563119/ERR15563119_1.fastq.gz;ftp.sra.ebi.ac.uk/vol1/fastq/ERR155/019/ERR15563119/ERR15563119_2.fastq.gz,"Import the ENA run/sample mapping into the microsample sequencing source table"
P1,G,G121eI104A,M301514,ERR15563009,SAMEA120137471,ERS26794930,G121eI104A031,G121eI104A031_L1,2025-09-17,https://www.ebi.ac.uk/ena/browser/view/ERR15563009,https://www.ebi.ac.uk/biosamples/samples/SAMEA120137471,ftp.sra.ebi.ac.uk/vol1/fastq/ERR155/009/ERR15563009/ERR15563009_1.fastq.gz;ftp.sra.ebi.ac.uk/vol1/fastq/ERR155/009/ERR15563009/ERR15563009_2.fastq.gz,"Import the ENA run/sample mapping into the microsample sequencing source table"
P1,G,G121eI104A,M301515,ERR15563002,SAMEA120137464,ERS26794923,G121eI104A032,G121eI104A032_L1,2025-09-17,https://www.ebi.ac.uk/ena/browser/view/ERR15563002,https://www.ebi.ac.uk/biosamples/samples/SAMEA120137464,ftp.sra.ebi.ac.uk/vol1/fastq/ERR155/002/ERR15563002/ERR15563002_1.fastq.gz;ftp.sra.ebi.ac.uk/vol1/fastq/ERR155/002/ERR15563002/ERR15563002_2.fastq.gz,"Import the ENA run/sample mapping into the microsample sequencing source table"
P1,G,G121eI104A,M301516,ERR15563121,SAMEA120137583,ERS26795042,G121eI104A033,G121eI104A033_L1,2025-09-13,https://www.ebi.ac.uk/ena/browser/view/ERR15563121,https://www.ebi.ac.uk/biosamples/samples/SAMEA120137583,ftp.sra.ebi.ac.uk/vol1/fastq/ERR155/021/ERR15563121/ERR15563121_1.fastq.gz;ftp.sra.ebi.ac.uk/vol1/fastq/ERR155/021/ERR15563121/ERR15563121_2.fastq.gz,"Import the ENA run/sample mapping into the microsample sequencing source table"
P1,G,G121eI104A,M301518,ERR15563083,SAMEA120137545,ERS26795004,G121eI104A034,G121eI104A034_L1,2025-09-17,https://www.ebi.ac.uk/ena/browser/view/ERR15563083,https://www.ebi.ac.uk/biosamples/samples/SAMEA120137545,ftp.sra.ebi.ac.uk/vol1/fastq/ERR155/083/ERR15563083/ERR15563083_1.fastq.gz;ftp.sra.ebi.ac.uk/vol1/fastq/ERR155/083/ERR15563083/ERR15563083_2.fastq.gz,"Import the ENA run/sample mapping into the microsample sequencing source table"
P1,G,G121eI104A,M301519,ERR15563012,SAMEA120137474,ERS26794933,G121eI104A035,G121eI104A035_L1,2025-09-17,https://www.ebi.ac.uk/ena/browser/view/ERR15563012,https://www.ebi.ac.uk/biosamples/samples/SAMEA120137474,ftp.sra.ebi.ac.uk/vol1/fastq/ERR155/012/ERR15563012/ERR15563012_1.fastq.gz;ftp.sra.ebi.ac.uk/vol1/fastq/ERR155/012/ERR15563012/ERR15563012_2.fastq.gz,"Import the ENA run/sample mapping into the microsample sequencing source table"
P1,G,G121eI104A,M301521,ERR15563010,SAMEA120137472,ERS26794931,G121eI104A036,G121eI104A036_L1,2025-09-17,https://www.ebi.ac.uk/ena/browser/view/ERR15563010,https://www.ebi.ac.uk/biosamples/samples/SAMEA120137472,ftp.sra.ebi.ac.uk/vol1/fastq/ERR155/010/ERR15563010/ERR15563010_1.fastq.gz;ftp.sra.ebi.ac.uk/vol1/fastq/ERR155/010/ERR15563010/ERR15563010_2.fastq.gz,"Import the ENA run/sample mapping into the microsample sequencing source table"
P1,G,G121eI104B,M301522,ERR15562985,SAMEA120137447,ERS26794906,G121eI104B001,G121eI104B001_L1,2025-09-17,https://www.ebi.ac.uk/ena/browser/view/ERR15562985,https://www.ebi.ac.uk/biosamples/samples/SAMEA120137447,ftp.sra.ebi.ac.uk/vol1/fastq/ERR155/085/ERR15562985/ERR15562985_1.fastq.gz;ftp.sra.ebi.ac.uk/vol1/fastq/ERR155/085/ERR15562985/ERR15562985_2.fastq.gz,"Import the ENA run/sample mapping into the microsample sequencing source table"
P1,G,G121eI104B,M301523,ERR15563100,SAMEA120137562,ERS26795021,G121eI104B002,G121eI104B002_L1,2025-09-13,https://www.ebi.ac.uk/ena/browser/view/ERR15563100,https://www.ebi.ac.uk/biosamples/samples/SAMEA120137562,ftp.sra.ebi.ac.uk/vol1/fastq/ERR155/000/ERR15563100/ERR15563100_1.fastq.gz;ftp.sra.ebi.ac.uk/vol1/fastq/ERR155/000/ERR15563100/ERR15563100_2.fastq.gz,"Import the ENA run/sample mapping into the microsample sequencing source table"
P1,G,G121eI104B,M301524,ERR15562994,SAMEA120137456,ERS26794915,G121eI104B003,G121eI104B003_L1,2025-09-13,https://www.ebi.ac.uk/ena/browser/view/ERR15562994,https://www.ebi.ac.uk/biosamples/samples/SAMEA120137456,ftp.sra.ebi.ac.uk/vol1/fastq/ERR155/094/ERR15562994/ERR15562994_1.fastq.gz;ftp.sra.ebi.ac.uk/vol1/fastq/ERR155/094/ERR15562994/ERR15562994_2.fastq.gz,"Import the ENA run/sample mapping into the microsample sequencing source table"
P1,G,G121eI104B,M301526,ERR15563031,SAMEA120137493,ERS26794952,G121eI104B004,G121eI104B004_L1,2025-09-17,https://www.ebi.ac.uk/ena/browser/view/ERR15563031,https://www.ebi.ac.uk/biosamples/samples/SAMEA120137493,ftp.sra.ebi.ac.uk/vol1/fastq/ERR155/031/ERR15563031/ERR15563031_1.fastq.gz;ftp.sra.ebi.ac.uk/vol1/fastq/ERR155/031/ERR15563031/ERR15563031_2.fastq.gz,"Import the ENA run/sample mapping into the microsample sequencing source table"
P1,G,G121eI104B,M301527,ERR15563150,SAMEA120137612,ERS26795071,G121eI104B005,G121eI104B005_L1,2025-09-17,https://www.ebi.ac.uk/ena/browser/view/ERR15563150,https://www.ebi.ac.uk/biosamples/samples/SAMEA120137612,ftp.sra.ebi.ac.uk/vol1/fastq/ERR155/050/ERR15563150/ERR15563150_1.fastq.gz;ftp.sra.ebi.ac.uk/vol1/fastq/ERR155/050/ERR15563150/ERR15563150_2.fastq.gz,"Import the ENA run/sample mapping into the microsample sequencing source table"
P1,G,G121eI104B,M301528,ERR15562984,SAMEA120137446,ERS26794905,G121eI104B006,G121eI104B006_L1,2025-09-17,https://www.ebi.ac.uk/ena/browser/view/ERR15562984,https://www.ebi.ac.uk/biosamples/samples/SAMEA120137446,ftp.sra.ebi.ac.uk/vol1/fastq/ERR155/084/ERR15562984/ERR15562984_1.fastq.gz;ftp.sra.ebi.ac.uk/vol1/fastq/ERR155/084/ERR15562984/ERR15562984_2.fastq.gz,"Import the ENA run/sample mapping into the microsample sequencing source table"
P1,G,G121eI104B,M301530,ERR15563003,SAMEA120137465,ERS26794924,G121eI104B007,G121eI104B007_L1,2025-09-13,https://www.ebi.ac.uk/ena/browser/view/ERR15563003,https://www.ebi.ac.uk/biosamples/samples/SAMEA120137465,ftp.sra.ebi.ac.uk/vol1/fastq/ERR155/003/ERR15563003/ERR15563003_1.fastq.gz;ftp.sra.ebi.ac.uk/vol1/fastq/ERR155/003/ERR15563003/ERR15563003_2.fastq.gz,"Import the ENA run/sample mapping into the microsample sequencing source table"
P1,G,G121eI104B,M301531,ERR15563057,SAMEA120137519,ERS26794978,G121eI104B008,G121eI104B008_L1,2025-09-13,https://www.ebi.ac.uk/ena/browser/view/ERR15563057,https://www.ebi.ac.uk/biosamples/samples/SAMEA120137519,ftp.sra.ebi.ac.uk/vol1/fastq/ERR155/057/ERR15563057/ERR15563057_1.fastq.gz;ftp.sra.ebi.ac.uk/vol1/fastq/ERR155/057/ERR15563057/ERR15563057_2.fastq.gz,"Import the ENA run/sample mapping into the microsample sequencing source table"
P1,G,G121eI104B,M301532,ERR15563192,SAMEA120137654,ERS26795113,G121eI104B009,G121eI104B009_L1,2025-09-17,https://www.ebi.ac.uk/ena/browser/view/ERR15563192,https://www.ebi.ac.uk/biosamples/samples/SAMEA120137654,ftp.sra.ebi.ac.uk/vol1/fastq/ERR155/092/ERR15563192/ERR15563192_1.fastq.gz;ftp.sra.ebi.ac.uk/vol1/fastq/ERR155/092/ERR15563192/ERR15563192_2.fastq.gz,"Import the ENA run/sample mapping into the microsample sequencing source table"
P1,G,G121eI104B,M301535,ERR15563041,SAMEA120137503,ERS26794962,G121eI104B010,G121eI104B010_L1,2025-09-13,https://www.ebi.ac.uk/ena/browser/view/ERR15563041,https://www.ebi.ac.uk/biosamples/samples/SAMEA120137503,ftp.sra.ebi.ac.uk/vol1/fastq/ERR155/041/ERR15563041/ERR15563041_1.fastq.gz;ftp.sra.ebi.ac.uk/vol1/fastq/ERR155/041/ERR15563041/ERR15563041_2.fastq.gz,"Import the ENA run/sample mapping into the microsample sequencing source table"
P1,G,G121eI104B,M301536,ERR15563178,SAMEA120137643,ERS26795102,G121eI104B011,G121eI104B011_L1,2025-09-13,https://www.ebi.ac.uk/ena/browser/view/ERR15563178,https://www.ebi.ac.uk/biosamples/samples/SAMEA120137643,ftp.sra.ebi.ac.uk/vol1/fastq/ERR155/078/ERR15563178/ERR15563178_1.fastq.gz;ftp.sra.ebi.ac.uk/vol1/fastq/ERR155/078/ERR15563178/ERR15563178_2.fastq.gz,"Import the ENA run/sample mapping into the microsample sequencing source table"
P1,G,G121eI104B,M301537,ERR15563000,SAMEA120137462,ERS26794921,G121eI104B012,G121eI104B012_L1,2025-09-13,https://www.ebi.ac.uk/ena/browser/view/ERR15563000,https://www.ebi.ac.uk/biosamples/samples/SAMEA120137462,ftp.sra.ebi.ac.uk/vol1/fastq/ERR155/000/ERR15563000/ERR15563000_1.fastq.gz;ftp.sra.ebi.ac.uk/vol1/fastq/ERR155/000/ERR15563000/ERR15563000_2.fastq.gz,"Import the ENA run/sample mapping into the microsample sequencing source table"
P1,G,G121eI104B,M301538,ERR15562993,SAMEA120137455,ERS26794914,G121eI104B013,G121eI104B013_L1,2025-09-17,https://www.ebi.ac.uk/ena/browser/view/ERR15562993,https://www.ebi.ac.uk/biosamples/samples/SAMEA120137455,ftp.sra.ebi.ac.uk/vol1/fastq/ERR155/093/ERR15562993/ERR15562993_1.fastq.gz;ftp.sra.ebi.ac.uk/vol1/fastq/ERR155/093/ERR15562993/ERR15562993_2.fastq.gz,"Import the ENA run/sample mapping into the microsample sequencing source table"
P1,G,G121eI104B,M301540,ERR15563017,SAMEA120137479,ERS26794938,G121eI104B014,G121eI104B014_L1,2025-09-17,https://www.ebi.ac.uk/ena/browser/view/ERR15563017,https://www.ebi.ac.uk/biosamples/samples/SAMEA120137479,ftp.sra.ebi.ac.uk/vol1/fastq/ERR155/017/ERR15563017/ERR15563017_1.fastq.gz;ftp.sra.ebi.ac.uk/vol1/fastq/ERR155/017/ERR15563017/ERR15563017_2.fastq.gz,"Import the ENA run/sample mapping into the microsample sequencing source table"
P1,G,G121eI104B,M301541,ERR15563127,SAMEA120137589,ERS26795048,G121eI104B015,G121eI104B015_L1,2025-09-17,https://www.ebi.ac.uk/ena/browser/view/ERR15563127,https://www.ebi.ac.uk/biosamples/samples/SAMEA120137589,ftp.sra.ebi.ac.uk/vol1/fastq/ERR155/027/ERR15563127/ERR15563127_1.fastq.gz;ftp.sra.ebi.ac.uk/vol1/fastq/ERR155/027/ERR15563127/ERR15563127_2.fastq.gz,"Import the ENA run/sample mapping into the microsample sequencing source table"
P1,G,G121eI104B,M301542,ERR15563046,SAMEA120137508,ERS26794967,G121eI104B016,G121eI104B016_L1,2025-09-13,https://www.ebi.ac.uk/ena/browser/view/ERR15563046,https://www.ebi.ac.uk/biosamples/samples/SAMEA120137508,ftp.sra.ebi.ac.uk/vol1/fastq/ERR155/046/ERR15563046/ERR15563046_1.fastq.gz;ftp.sra.ebi.ac.uk/vol1/fastq/ERR155/046/ERR15563046/ERR15563046_2.fastq.gz,"Import the ENA run/sample mapping into the microsample sequencing source table"
P1,G,G121eI104B,M301544,ERR15562999,SAMEA120137461,ERS26794920,G121eI104B017,G121eI104B017_L1,2025-09-13,https://www.ebi.ac.uk/ena/browser/view/ERR15562999,https://www.ebi.ac.uk/biosamples/samples/SAMEA120137461,ftp.sra.ebi.ac.uk/vol1/fastq/ERR155/099/ERR15562999/ERR15562999_1.fastq.gz;ftp.sra.ebi.ac.uk/vol1/fastq/ERR155/099/ERR15562999/ERR15562999_2.fastq.gz,"Import the ENA run/sample mapping into the microsample sequencing source table"
P1,G,G121eI104B,M301545,ERR15563169,SAMEA120137631,ERS26795090,G121eI104B018,G121eI104B018_L1,2025-09-13,https://www.ebi.ac.uk/ena/browser/view/ERR15563169,https://www.ebi.ac.uk/biosamples/samples/SAMEA120137631,ftp.sra.ebi.ac.uk/vol1/fastq/ERR155/069/ERR15563169/ERR15563169_1.fastq.gz;ftp.sra.ebi.ac.uk/vol1/fastq/ERR155/069/ERR15563169/ERR15563169_2.fastq.gz,"Import the ENA run/sample mapping into the microsample sequencing source table"
P1,G,G121eI104B,M301547,ERR15563016,SAMEA120137478,ERS26794937,G121eI104B019,G121eI104B019_L1,2025-09-13,https://www.ebi.ac.uk/ena/browser/view/ERR15563016,https://www.ebi.ac.uk/biosamples/samples/SAMEA120137478,ftp.sra.ebi.ac.uk/vol1/fastq/ERR155/016/ERR15563016/ERR15563016_1.fastq.gz;ftp.sra.ebi.ac.uk/vol1/fastq/ERR155/016/ERR15563016/ERR15563016_2.fastq.gz,"Import the ENA run/sample mapping into the microsample sequencing source table"
P1,G,G121eI104B,M301548,ERR15563147,SAMEA120137609,ERS26795068,G121eI104B020,G121eI104B020_L1,2025-09-17,https://www.ebi.ac.uk/ena/browser/view/ERR15563147,https://www.ebi.ac.uk/biosamples/samples/SAMEA120137609,ftp.sra.ebi.ac.uk/vol1/fastq/ERR155/047/ERR15563147/ERR15563147_1.fastq.gz;ftp.sra.ebi.ac.uk/vol1/fastq/ERR155/047/ERR15563147/ERR15563147_2.fastq.gz,"Import the ENA run/sample mapping into the microsample sequencing source table"
P1,G,G121eI104B,M301549,ERR15563024,SAMEA120137486,ERS26794945,G121eI104B021,G121eI104B021_L1,2025-09-13,https://www.ebi.ac.uk/ena/browser/view/ERR15563024,https://www.ebi.ac.uk/biosamples/samples/SAMEA120137486,ftp.sra.ebi.ac.uk/vol1/fastq/ERR155/024/ERR15563024/ERR15563024_1.fastq.gz;ftp.sra.ebi.ac.uk/vol1/fastq/ERR155/024/ERR15563024/ERR15563024_2.fastq.gz,"Import the ENA run/sample mapping into the microsample sequencing source table"
P1,G,G121eI104B,M301550,ERR15563120,SAMEA120137582,ERS26795041,G121eI104B022,G121eI104B022_L1,2025-09-17,https://www.ebi.ac.uk/ena/browser/view/ERR15563120,https://www.ebi.ac.uk/biosamples/samples/SAMEA120137582,ftp.sra.ebi.ac.uk/vol1/fastq/ERR155/020/ERR15563120/ERR15563120_1.fastq.gz;ftp.sra.ebi.ac.uk/vol1/fastq/ERR155/020/ERR15563120/ERR15563120_2.fastq.gz,"Import the ENA run/sample mapping into the microsample sequencing source table"
P1,G,G121eI104B,M301551,ERR15563014,SAMEA120137476,ERS26794935,G121eI104B023,G121eI104B023_L1,2025-09-17,https://www.ebi.ac.uk/ena/browser/view/ERR15563014,https://www.ebi.ac.uk/biosamples/samples/SAMEA120137476,ftp.sra.ebi.ac.uk/vol1/fastq/ERR155/014/ERR15563014/ERR15563014_1.fastq.gz;ftp.sra.ebi.ac.uk/vol1/fastq/ERR155/014/ERR15563014/ERR15563014_2.fastq.gz,"Import the ENA run/sample mapping into the microsample sequencing source table"
P1,G,G121eI104B,M301553,ERR15563066,SAMEA120137528,ERS26794987,G121eI104B024,G121eI104B024_L1,2025-09-17,https://www.ebi.ac.uk/ena/browser/view/ERR15563066,https://www.ebi.ac.uk/biosamples/samples/SAMEA120137528,ftp.sra.ebi.ac.uk/vol1/fastq/ERR155/066/ERR15563066/ERR15563066_1.fastq.gz;ftp.sra.ebi.ac.uk/vol1/fastq/ERR155/066/ERR15563066/ERR15563066_2.fastq.gz,"Import the ENA run/sample mapping into the microsample sequencing source table"
P1,G,G121eI104B,M301554,ERR15563029,SAMEA120137491,ERS26794950,G121eI104B025,G121eI104B025_L1,2025-09-13,https://www.ebi.ac.uk/ena/browser/view/ERR15563029,https://www.ebi.ac.uk/biosamples/samples/SAMEA120137491,ftp.sra.ebi.ac.uk/vol1/fastq/ERR155/029/ERR15563029/ERR15563029_1.fastq.gz;ftp.sra.ebi.ac.uk/vol1/fastq/ERR155/029/ERR15563029/ERR15563029_2.fastq.gz,"Import the ENA run/sample mapping into the microsample sequencing source table"
P1,G,G121eI104B,M301555,ERR15563145,SAMEA120137607,ERS26795066,G121eI104B026,G121eI104B026_L1,2025-09-17,https://www.ebi.ac.uk/ena/browser/view/ERR15563145,https://www.ebi.ac.uk/biosamples/samples/SAMEA120137607,ftp.sra.ebi.ac.uk/vol1/fastq/ERR155/045/ERR15563145/ERR15563145_1.fastq.gz;ftp.sra.ebi.ac.uk/vol1/fastq/ERR155/045/ERR15563145/ERR15563145_2.fastq.gz,"Import the ENA run/sample mapping into the microsample sequencing source table"
P1,G,G121eI104B,M301556,ERR15563020,SAMEA120137482,ERS26794941,G121eI104B027,G121eI104B027_L1,2025-09-17,https://www.ebi.ac.uk/ena/browser/view/ERR15563020,https://www.ebi.ac.uk/biosamples/samples/SAMEA120137482,ftp.sra.ebi.ac.uk/vol1/fastq/ERR155/020/ERR15563020/ERR15563020_1.fastq.gz;ftp.sra.ebi.ac.uk/vol1/fastq/ERR155/020/ERR15563020/ERR15563020_2.fastq.gz,"Import the ENA run/sample mapping into the microsample sequencing source table"
P1,G,G121eI104B,M301557,ERR15563135,SAMEA120137597,ERS26795056,G121eI104B028,G121eI104B028_L1,2025-09-17,https://www.ebi.ac.uk/ena/browser/view/ERR15563135,https://www.ebi.ac.uk/biosamples/samples/SAMEA120137597,ftp.sra.ebi.ac.uk/vol1/fastq/ERR155/035/ERR15563135/ERR15563135_1.fastq.gz;ftp.sra.ebi.ac.uk/vol1/fastq/ERR155/035/ERR15563135/ERR15563135_2.fastq.gz,"Import the ENA run/sample mapping into the microsample sequencing source table"
P1,G,G121eI104B,M301560,ERR15562998,SAMEA120137460,ERS26794919,G121eI104B029,G121eI104B029_L1,2025-09-13,https://www.ebi.ac.uk/ena/browser/view/ERR15562998,https://www.ebi.ac.uk/biosamples/samples/SAMEA120137460,ftp.sra.ebi.ac.uk/vol1/fastq/ERR155/098/ERR15562998/ERR15562998_1.fastq.gz;ftp.sra.ebi.ac.uk/vol1/fastq/ERR155/098/ERR15562998/ERR15562998_2.fastq.gz,"Import the ENA run/sample mapping into the microsample sequencing source table"
P1,G,G121eI104B,M301561,ERR15563055,SAMEA120137517,ERS26794976,G121eI104B030,G121eI104B030_L1,2025-09-13,https://www.ebi.ac.uk/ena/browser/view/ERR15563055,https://www.ebi.ac.uk/biosamples/samples/SAMEA120137517,ftp.sra.ebi.ac.uk/vol1/fastq/ERR155/055/ERR15563055/ERR15563055_1.fastq.gz;ftp.sra.ebi.ac.uk/vol1/fastq/ERR155/055/ERR15563055/ERR15563055_2.fastq.gz,"Import the ENA run/sample mapping into the microsample sequencing source table"
P1,G,G121eI104B,M301562,ERR15563103,SAMEA120137565,ERS26795024,G121eI104B031,G121eI104B031_L1,2025-09-17,https://www.ebi.ac.uk/ena/browser/view/ERR15563103,https://www.ebi.ac.uk/biosamples/samples/SAMEA120137565,ftp.sra.ebi.ac.uk/vol1/fastq/ERR155/003/ERR15563103/ERR15563103_1.fastq.gz;ftp.sra.ebi.ac.uk/vol1/fastq/ERR155/003/ERR15563103/ERR15563103_2.fastq.gz,"Import the ENA run/sample mapping into the microsample sequencing source table"
P1,G,G121eI104B,M301564,ERR15563149,SAMEA120137611,ERS26795070,G121eI104B032,G121eI104B032_L1,2025-09-13,https://www.ebi.ac.uk/ena/browser/view/ERR15563149,https://www.ebi.ac.uk/biosamples/samples/SAMEA120137611,ftp.sra.ebi.ac.uk/vol1/fastq/ERR155/049/ERR15563149/ERR15563149_1.fastq.gz;ftp.sra.ebi.ac.uk/vol1/fastq/ERR155/049/ERR15563149/ERR15563149_2.fastq.gz,"Import the ENA run/sample mapping into the microsample sequencing source table"
P1,G,G121eI104B,M301565,ERR15563036,SAMEA120137498,ERS26794957,G121eI104B033,G121eI104B033_L1,2025-09-13,https://www.ebi.ac.uk/ena/browser/view/ERR15563036,https://www.ebi.ac.uk/biosamples/samples/SAMEA120137498,ftp.sra.ebi.ac.uk/vol1/fastq/ERR155/036/ERR15563036/ERR15563036_1.fastq.gz;ftp.sra.ebi.ac.uk/vol1/fastq/ERR155/036/ERR15563036/ERR15563036_2.fastq.gz,"Import the ENA run/sample mapping into the microsample sequencing source table"
P1,G,G121eI104B,M301566,ERR15563130,SAMEA120137592,ERS26795051,G121eI104B034,G121eI104B034_L1,2025-09-13,https://www.ebi.ac.uk/ena/browser/view/ERR15563130,https://www.ebi.ac.uk/biosamples/samples/SAMEA120137592,ftp.sra.ebi.ac.uk/vol1/fastq/ERR155/030/ERR15563130/ERR15563130_1.fastq.gz;ftp.sra.ebi.ac.uk/vol1/fastq/ERR155/030/ERR15563130/ERR15563130_2.fastq.gz,"Import the ENA run/sample mapping into the microsample sequencing source table"
P1,G,G121eI104B,M301567,ERR15563008,SAMEA120137470,ERS26794929,G121eI104B035,G121eI104B035_L1,2025-09-13,https://www.ebi.ac.uk/ena/browser/view/ERR15563008,https://www.ebi.ac.uk/biosamples/samples/SAMEA120137470,ftp.sra.ebi.ac.uk/vol1/fastq/ERR155/008/ERR15563008/ERR15563008_1.fastq.gz;ftp.sra.ebi.ac.uk/vol1/fastq/ERR155/008/ERR15563008/ERR15563008_2.fastq.gz,"Import the ENA run/sample mapping into the microsample sequencing source table"
P1,G,G121eI104B,M301569,ERR15563115,SAMEA120137577,ERS26795036,G121eI104B036,G121eI104B036_L1,2025-09-13,https://www.ebi.ac.uk/ena/browser/view/ERR15563115,https://www.ebi.ac.uk/biosamples/samples/SAMEA120137577,ftp.sra.ebi.ac.uk/vol1/fastq/ERR155/015/ERR15563115/ERR15563115_1.fastq.gz;ftp.sra.ebi.ac.uk/vol1/fastq/ERR155/015/ERR15563115/ERR15563115_2.fastq.gz,"Import the ENA run/sample mapping into the microsample sequencing source table"
P1,G,G121eI104C,M301639,ERR15563254,SAMEA120137716,ERS26795175,G121eI104C046,G121eI104C046_L1,2025-09-13,https://www.ebi.ac.uk/ena/browser/view/ERR15563254,https://www.ebi.ac.uk/biosamples/samples/SAMEA120137716,ftp.sra.ebi.ac.uk/vol1/fastq/ERR155/054/ERR15563254/ERR15563254_1.fastq.gz;ftp.sra.ebi.ac.uk/vol1/fastq/ERR155/054/ERR15563254/ERR15563254_2.fastq.gz,"Import the ENA run/sample mapping into the microsample sequencing source table"
P1,G,G121eI104C,M301641,ERR15563298,SAMEA120137760,ERS26795219,G121eI104C048,G121eI104C048_L1,2025-09-17,https://www.ebi.ac.uk/ena/browser/view/ERR15563298,https://www.ebi.ac.uk/biosamples/samples/SAMEA120137760,ftp.sra.ebi.ac.uk/vol1/fastq/ERR155/098/ERR15563298/ERR15563298_1.fastq.gz;ftp.sra.ebi.ac.uk/vol1/fastq/ERR155/098/ERR15563298/ERR15563298_2.fastq.gz,"Import the ENA run/sample mapping into the microsample sequencing source table"
P1,G,G125eI201B,M301805,ERR16010157,SAMEA120805329,ERS28327555,G125eI201B039,G125eI201B039_L1,2025-12-11,https://www.ebi.ac.uk/ena/browser/view/ERR16010157,https://www.ebi.ac.uk/biosamples/samples/SAMEA120805329,ftp.sra.ebi.ac.uk/vol1/fastq/ERR160/057/ERR16010157/ERR16010157_1.fastq.gz;ftp.sra.ebi.ac.uk/vol1/fastq/ERR160/057/ERR16010157/ERR16010157_2.fastq.gz,"Import the ENA run/sample mapping into the microsample sequencing source table"
P1,I,I057dD101B,M305881,ERR16043133,SAMEA120836966,ERS28359192,I057dD101B073,I057dD101B073_L1,2025-12-18,https://www.ebi.ac.uk/ena/browser/view/ERR16043133,https://www.ebi.ac.uk/biosamples/samples/SAMEA120836966,ftp.sra.ebi.ac.uk/vol1/fastq/ERR160/033/ERR16043133/ERR16043133_1.fastq.gz;ftp.sra.ebi.ac.uk/vol1/fastq/ERR160/033/ERR16043133/ERR16043133_2.fastq.gz,"Import the ENA run/sample mapping into the microsample sequencing source table"
P1,J,J010eD104B,M303490,ERR16004133,SAMEA120801075,ERS28323301,J010eD104B001,J010eD104B001_L1,2025-12-10,https://www.ebi.ac.uk/ena/browser/view/ERR16004133,https://www.ebi.ac.uk/biosamples/samples/SAMEA120801075,ftp.sra.ebi.ac.uk/vol1/fastq/ERR160/033/ERR16004133/ERR16004133_1.fastq.gz;ftp.sra.ebi.ac.uk/vol1/fastq/ERR160/033/ERR16004133/ERR16004133_2.fastq.gz,"Import the ENA run/sample mapping into the microsample sequencing source table"
P1,J,J011eD104B,M303685,ERR16004227,SAMEA120801169,ERS28323395,J011eD104B003,J011eD104B003_L1,2025-12-10,https://www.ebi.ac.uk/ena/browser/view/ERR16004227,https://www.ebi.ac.uk/biosamples/samples/SAMEA120801169,ftp.sra.ebi.ac.uk/vol1/fastq/ERR160/027/ERR16004227/ERR16004227_1.fastq.gz;ftp.sra.ebi.ac.uk/vol1/fastq/ERR160/027/ERR16004227/ERR16004227_2.fastq.gz,"Import the ENA run/sample mapping into the microsample sequencing source table"
P1,J,J015eD104A,M303778,ERR16003599,SAMEA120800541,ERS28322767,J015eD104A001,J015eD104A001_L1,2025-12-11,https://www.ebi.ac.uk/ena/browser/view/ERR16003599,https://www.ebi.ac.uk/biosamples/samples/SAMEA120800541,ftp.sra.ebi.ac.uk/vol1/fastq/ERR160/099/ERR16003599/ERR16003599_1.fastq.gz;ftp.sra.ebi.ac.uk/vol1/fastq/ERR160/099/ERR16003599/ERR16003599_2.fastq.gz,"Import the ENA run/sample mapping into the microsample sequencing source table"
P1,J,J015eD104A,M303779,ERR16003777,SAMEA120800719,ERS28322945,J015eD104A002,J015eD104A002_L1,2025-12-10,https://www.ebi.ac.uk/ena/browser/view/ERR16003777,https://www.ebi.ac.uk/biosamples/samples/SAMEA120800719,ftp.sra.ebi.ac.uk/vol1/fastq/ERR160/077/ERR16003777/ERR16003777_1.fastq.gz;ftp.sra.ebi.ac.uk/vol1/fastq/ERR160/077/ERR16003777/ERR16003777_2.fastq.gz,"Import the ENA run/sample mapping into the microsample sequencing source table"
P1,J,J015eD104A,M303780,ERR16003989,SAMEA120800931,ERS28323157,J015eD104A003,J015eD104A003_L1,2025-12-10,https://www.ebi.ac.uk/ena/browser/view/ERR16003989,https://www.ebi.ac.uk/biosamples/samples/SAMEA120800931,ftp.sra.ebi.ac.uk/vol1/fastq/ERR160/089/ERR16003989/ERR16003989_1.fastq.gz;ftp.sra.ebi.ac.uk/vol1/fastq/ERR160/089/ERR16003989/ERR16003989_2.fastq.gz,"Import the ENA run/sample mapping into the microsample sequencing source table"
P1,J,J015eD104A,M303781,ERR16003556,SAMEA120800498,ERS28322724,J015eD104A004,J015eD104A004_L1,2025-12-10,https://www.ebi.ac.uk/ena/browser/view/ERR16003556,https://www.ebi.ac.uk/biosamples/samples/SAMEA120800498,ftp.sra.ebi.ac.uk/vol1/fastq/ERR160/056/ERR16003556/ERR16003556_1.fastq.gz;ftp.sra.ebi.ac.uk/vol1/fastq/ERR160/056/ERR16003556/ERR16003556_2.fastq.gz,"Import the ENA run/sample mapping into the microsample sequencing source table"
P1,J,J015eD104A,M303782,ERR16004126,SAMEA120801068,ERS28323294,J015eD104A005,J015eD104A005_L1,2025-12-10,https://www.ebi.ac.uk/ena/browser/view/ERR16004126,https://www.ebi.ac.uk/biosamples/samples/SAMEA120801068,ftp.sra.ebi.ac.uk/vol1/fastq/ERR160/026/ERR16004126/ERR16004126_1.fastq.gz;ftp.sra.ebi.ac.uk/vol1/fastq/ERR160/026/ERR16004126/ERR16004126_2.fastq.gz,"Import the ENA run/sample mapping into the microsample sequencing source table"
P1,J,J015eD104A,M303784,ERR16004022,SAMEA120800964,ERS28323190,J015eD104A006,J015eD104A006_L1,2025-12-10,https://www.ebi.ac.uk/ena/browser/view/ERR16004022,https://www.ebi.ac.uk/biosamples/samples/SAMEA120800964,ftp.sra.ebi.ac.uk/vol1/fastq/ERR160/022/ERR16004022/ERR16004022_1.fastq.gz;ftp.sra.ebi.ac.uk/vol1/fastq/ERR160/022/ERR16004022/ERR16004022_2.fastq.gz,"Import the ENA run/sample mapping into the microsample sequencing source table"
P1,J,J015eD104A,M303785,ERR16003636,SAMEA120800578,ERS28322804,J015eD104A007,J015eD104A007_L1,2025-12-10,https://www.ebi.ac.uk/ena/browser/view/ERR16003636,https://www.ebi.ac.uk/biosamples/samples/SAMEA120800578,ftp.sra.ebi.ac.uk/vol1/fastq/ERR160/036/ERR16003636/ERR16003636_1.fastq.gz;ftp.sra.ebi.ac.uk/vol1/fastq/ERR160/036/ERR16003636/ERR16003636_2.fastq.gz,"Import the ENA run/sample mapping into the microsample sequencing source table"
P1,J,J015eD104A,M303786,ERR16003970,SAMEA120800912,ERS28323138,J015eD104A008,J015eD104A008_L1,2025-12-10,https://www.ebi.ac.uk/ena/browser/view/ERR16003970,https://www.ebi.ac.uk/biosamples/samples/SAMEA120800912,ftp.sra.ebi.ac.uk/vol1/fastq/ERR160/070/ERR16003970/ERR16003970_1.fastq.gz;ftp.sra.ebi.ac.uk/vol1/fastq/ERR160/070/ERR16003970/ERR16003970_2.fastq.gz,"Import the ENA run/sample mapping into the microsample sequencing source table"
P1,J,J015eD104A,M303787,ERR16003654,SAMEA120800596,ERS28322822,J015eD104A009,J015eD104A009_L1,2025-12-10,https://www.ebi.ac.uk/ena/browser/view/ERR16003654,https://www.ebi.ac.uk/biosamples/samples/SAMEA120800596,ftp.sra.ebi.ac.uk/vol1/fastq/ERR160/054/ERR16003654/ERR16003654_1.fastq.gz;ftp.sra.ebi.ac.uk/vol1/fastq/ERR160/054/ERR16003654/ERR16003654_2.fastq.gz,"Import the ENA run/sample mapping into the microsample sequencing source table"
P1,J,J015eD104A,M303788,ERR16003752,SAMEA120800694,ERS28322920,J015eD104A010,J015eD104A010_L1,2025-12-10,https://www.ebi.ac.uk/ena/browser/view/ERR16003752,https://www.ebi.ac.uk/biosamples/samples/SAMEA120800694,ftp.sra.ebi.ac.uk/vol1/fastq/ERR160/052/ERR16003752/ERR16003752_1.fastq.gz;ftp.sra.ebi.ac.uk/vol1/fastq/ERR160/052/ERR16003752/ERR16003752_2.fastq.gz,"Import the ENA run/sample mapping into the microsample sequencing source table"
P1,J,J015eD104A,M303790,ERR16003602,SAMEA120800544,ERS28322770,J015eD104A011,J015eD104A011_L1,2025-12-11,https://www.ebi.ac.uk/ena/browser/view/ERR16003602,https://www.ebi.ac.uk/biosamples/samples/SAMEA120800544,ftp.sra.ebi.ac.uk/vol1/fastq/ERR160/002/ERR16003602/ERR16003602_1.fastq.gz;ftp.sra.ebi.ac.uk/vol1/fastq/ERR160/002/ERR16003602/ERR16003602_2.fastq.gz,"Import the ENA run/sample mapping into the microsample sequencing source table"
P1,J,J015eD104A,M303791,ERR16004049,SAMEA120800991,ERS28323217,J015eD104A012,J015eD104A012_L1,2025-12-10,https://www.ebi.ac.uk/ena/browser/view/ERR16004049,https://www.ebi.ac.uk/biosamples/samples/SAMEA120800991,ftp.sra.ebi.ac.uk/vol1/fastq/ERR160/049/ERR16004049/ERR16004049_1.fastq.gz;ftp.sra.ebi.ac.uk/vol1/fastq/ERR160/049/ERR16004049/ERR16004049_2.fastq.gz,"Import the ENA run/sample mapping into the microsample sequencing source table"
P1,J,J015eD104A,M303792,ERR16004009,SAMEA120800951,ERS28323177,J015eD104A013,J015eD104A013_L1,2025-12-10,https://www.ebi.ac.uk/ena/browser/view/ERR16004009,https://www.ebi.ac.uk/biosamples/samples/SAMEA120800951,ftp.sra.ebi.ac.uk/vol1/fastq/ERR160/009/ERR16004009/ERR16004009_1.fastq.gz;ftp.sra.ebi.ac.uk/vol1/fastq/ERR160/009/ERR16004009/ERR16004009_2.fastq.gz,"Import the ENA run/sample mapping into the microsample sequencing source table"
P1,J,J015eD104A,M303793,ERR16004279,SAMEA120801221,ERS28323447,J015eD104A014,J015eD104A014_L1,2025-12-10,https://www.ebi.ac.uk/ena/browser/view/ERR16004279,https://www.ebi.ac.uk/biosamples/samples/SAMEA120801221,ftp.sra.ebi.ac.uk/vol1/fastq/ERR160/079/ERR16004279/ERR16004279_1.fastq.gz;ftp.sra.ebi.ac.uk/vol1/fastq/ERR160/079/ERR16004279/ERR16004279_2.fastq.gz,"Import the ENA run/sample mapping into the microsample sequencing source table"
P1,J,J015eD104A,M303794,ERR16003587,SAMEA120800529,ERS28322755,J015eD104A015,J015eD104A015_L1,2025-12-10,https://www.ebi.ac.uk/ena/browser/view/ERR16003587,https://www.ebi.ac.uk/biosamples/samples/SAMEA120800529,ftp.sra.ebi.ac.uk/vol1/fastq/ERR160/087/ERR16003587/ERR16003587_1.fastq.gz;ftp.sra.ebi.ac.uk/vol1/fastq/ERR160/087/ERR16003587/ERR16003587_2.fastq.gz,"Import the ENA run/sample mapping into the microsample sequencing source table"
P1,J,J015eD104A,M303796,ERR16003717,SAMEA120800659,ERS28322885,J015eD104A016,J015eD104A016_L1,2025-12-10,https://www.ebi.ac.uk/ena/browser/view/ERR16003717,https://www.ebi.ac.uk/biosamples/samples/SAMEA120800659,ftp.sra.ebi.ac.uk/vol1/fastq/ERR160/017/ERR16003717/ERR16003717_1.fastq.gz;ftp.sra.ebi.ac.uk/vol1/fastq/ERR160/017/ERR16003717/ERR16003717_2.fastq.gz,"Import the ENA run/sample mapping into the microsample sequencing source table"
P1,J,J015eD104A,M303797,ERR16003676,SAMEA120800618,ERS28322844,J015eD104A017,J015eD104A017_L1,2025-12-10,https://www.ebi.ac.uk/ena/browser/view/ERR16003676,https://www.ebi.ac.uk/biosamples/samples/SAMEA120800618,ftp.sra.ebi.ac.uk/vol1/fastq/ERR160/076/ERR16003676/ERR16003676_1.fastq.gz;ftp.sra.ebi.ac.uk/vol1/fastq/ERR160/076/ERR16003676/ERR16003676_2.fastq.gz,"Import the ENA run/sample mapping into the microsample sequencing source table"
P1,J,J015eD104A,M303798,ERR16003884,SAMEA120800826,ERS28323052,J015eD104A018,J015eD104A018_L1,2025-12-10,https://www.ebi.ac.uk/ena/browser/view/ERR16003884,https://www.ebi.ac.uk/biosamples/samples/SAMEA120800826,ftp.sra.ebi.ac.uk/vol1/fastq/ERR160/084/ERR16003884/ERR16003884_1.fastq.gz;ftp.sra.ebi.ac.uk/vol1/fastq/ERR160/084/ERR16003884/ERR16003884_2.fastq.gz,"Import the ENA run/sample mapping into the microsample sequencing source table"
P1,J,J015eD104A,M303799,ERR16004085,SAMEA120801027,ERS28323253,J015eD104A019,J015eD104A019_L1,2025-12-10,https://www.ebi.ac.uk/ena/browser/view/ERR16004085,https://www.ebi.ac.uk/biosamples/samples/SAMEA120801027,ftp.sra.ebi.ac.uk/vol1/fastq/ERR160/085/ERR16004085/ERR16004085_1.fastq.gz;ftp.sra.ebi.ac.uk/vol1/fastq/ERR160/085/ERR16004085/ERR16004085_2.fastq.gz,"Import the ENA run/sample mapping into the microsample sequencing source table"
P1,J,J015eD104A,M303800,ERR16004193,SAMEA120801135,ERS28323361,J015eD104A020,J015eD104A020_L1,2025-12-10,https://www.ebi.ac.uk/ena/browser/view/ERR16004193,https://www.ebi.ac.uk/biosamples/samples/SAMEA120801135,ftp.sra.ebi.ac.uk/vol1/fastq/ERR160/093/ERR16004193/ERR16004193_1.fastq.gz;ftp.sra.ebi.ac.uk/vol1/fastq/ERR160/093/ERR16004193/ERR16004193_2.fastq.gz,"Import the ENA run/sample mapping into the microsample sequencing source table"
P1,J,J015eD104A,M303801,ERR16004262,SAMEA120801204,ERS28323430,J015eD104A021,J015eD104A021_L1,2025-12-22,https://www.ebi.ac.uk/ena/browser/view/ERR16004262,https://www.ebi.ac.uk/biosamples/samples/SAMEA120801204,ftp.sra.ebi.ac.uk/vol1/fastq/ERR160/062/ERR16004262/ERR16004262_1.fastq.gz;ftp.sra.ebi.ac.uk/vol1/fastq/ERR160/062/ERR16004262/ERR16004262_2.fastq.gz,"Import the ENA run/sample mapping into the microsample sequencing source table"
P1,J,J015eD104A,M303802,ERR16004014,SAMEA120800956,ERS28323182,J015eD104A022,J015eD104A022_L1,2025-12-10,https://www.ebi.ac.uk/ena/browser/view/ERR16004014,https://www.ebi.ac.uk/biosamples/samples/SAMEA120800956,ftp.sra.ebi.ac.uk/vol1/fastq/ERR160/014/ERR16004014/ERR16004014_1.fastq.gz;ftp.sra.ebi.ac.uk/vol1/fastq/ERR160/014/ERR16004014/ERR16004014_2.fastq.gz,"Import the ENA run/sample mapping into the microsample sequencing source table"
P1,J,J015eD104A,M303803,ERR16003662,SAMEA120800604,ERS28322830,J015eD104A023,J015eD104A023_L1,2025-12-10,https://www.ebi.ac.uk/ena/browser/view/ERR16003662,https://www.ebi.ac.uk/biosamples/samples/SAMEA120800604,ftp.sra.ebi.ac.uk/vol1/fastq/ERR160/062/ERR16003662/ERR16003662_1.fastq.gz;ftp.sra.ebi.ac.uk/vol1/fastq/ERR160/062/ERR16003662/ERR16003662_2.fastq.gz,"Import the ENA run/sample mapping into the microsample sequencing source table"
P1,J,J015eD104A,M303804,ERR16004302,SAMEA120801351,ERS28323577,J015eD104A024,J015eD104A024_L1,2025-12-22,https://www.ebi.ac.uk/ena/browser/view/ERR16004302,https://www.ebi.ac.uk/biosamples/samples/SAMEA120801351,ftp.sra.ebi.ac.uk/vol1/fastq/ERR160/002/ERR16004302/ERR16004302_1.fastq.gz;ftp.sra.ebi.ac.uk/vol1/fastq/ERR160/002/ERR16004302/ERR16004302_2.fastq.gz,"Import the ENA run/sample mapping into the microsample sequencing source table"
P1,J,J015eD104A,M303805,ERR16003787,SAMEA120800729,ERS28322955,J015eD104A025,J015eD104A025_L1,2025-12-10,https://www.ebi.ac.uk/ena/browser/view/ERR16003787,https://www.ebi.ac.uk/biosamples/samples/SAMEA120800729,ftp.sra.ebi.ac.uk/vol1/fastq/ERR160/087/ERR16003787/ERR16003787_1.fastq.gz;ftp.sra.ebi.ac.uk/vol1/fastq/ERR160/087/ERR16003787/ERR16003787_2.fastq.gz,"Import the ENA run/sample mapping into the microsample sequencing source table"
P1,J,J015eD104A,M303806,ERR16003640,SAMEA120800582,ERS28322808,J015eD104A026,J015eD104A026_L1,2025-12-10,https://www.ebi.ac.uk/ena/browser/view/ERR16003640,https://www.ebi.ac.uk/biosamples/samples/SAMEA120800582,ftp.sra.ebi.ac.uk/vol1/fastq/ERR160/040/ERR16003640/ERR16003640_1.fastq.gz;ftp.sra.ebi.ac.uk/vol1/fastq/ERR160/040/ERR16003640/ERR16003640_2.fastq.gz,"Import the ENA run/sample mapping into the microsample sequencing source table"
P1,J,J015eD104A,M303807,ERR16003858,SAMEA120800800,ERS28323026,J015eD104A027,J015eD104A027_L1,2025-12-10,https://www.ebi.ac.uk/ena/browser/view/ERR16003858,https://www.ebi.ac.uk/biosamples/samples/SAMEA120800800,ftp.sra.ebi.ac.uk/vol1/fastq/ERR160/058/ERR16003858/ERR16003858_1.fastq.gz;ftp.sra.ebi.ac.uk/vol1/fastq/ERR160/058/ERR16003858/ERR16003858_2.fastq.gz,"Import the ENA run/sample mapping into the microsample sequencing source table"
P1,J,J015eD104A,M303808,ERR16003988,SAMEA120800930,ERS28323156,J015eD104A028,J015eD104A028_L1,2025-12-10,https://www.ebi.ac.uk/ena/browser/view/ERR16003988,https://www.ebi.ac.uk/biosamples/samples/SAMEA120800930,ftp.sra.ebi.ac.uk/vol1/fastq/ERR160/088/ERR16003988/ERR16003988_1.fastq.gz;ftp.sra.ebi.ac.uk/vol1/fastq/ERR160/088/ERR16003988/ERR16003988_2.fastq.gz,"Import the ENA run/sample mapping into the microsample sequencing source table"
P1,J,J015eD104A,M303810,ERR16004070,SAMEA120801012,ERS28323238,J015eD104A029,J015eD104A029_L1,2025-12-10,https://www.ebi.ac.uk/ena/browser/view/ERR16004070,https://www.ebi.ac.uk/biosamples/samples/SAMEA120801012,ftp.sra.ebi.ac.uk/vol1/fastq/ERR160/070/ERR16004070/ERR16004070_1.fastq.gz;ftp.sra.ebi.ac.uk/vol1/fastq/ERR160/070/ERR16004070/ERR16004070_2.fastq.gz,"Import the ENA run/sample mapping into the microsample sequencing source table"
P1,J,J015eD104A,M303811,ERR16004264,SAMEA120801206,ERS28323432,J015eD104A030,J015eD104A030_L1,2025-12-10,https://www.ebi.ac.uk/ena/browser/view/ERR16004264,https://www.ebi.ac.uk/biosamples/samples/SAMEA120801206,ftp.sra.ebi.ac.uk/vol1/fastq/ERR160/064/ERR16004264/ERR16004264_1.fastq.gz;ftp.sra.ebi.ac.uk/vol1/fastq/ERR160/064/ERR16004264/ERR16004264_2.fastq.gz,"Import the ENA run/sample mapping into the microsample sequencing source table"
P1,J,J015eD104A,M303812,ERR16004247,SAMEA120801189,ERS28323415,J015eD104A031,J015eD104A031_L1,2025-12-22,https://www.ebi.ac.uk/ena/browser/view/ERR16004247,https://www.ebi.ac.uk/biosamples/samples/SAMEA120801189,ftp.sra.ebi.ac.uk/vol1/fastq/ERR160/047/ERR16004247/ERR16004247_1.fastq.gz;ftp.sra.ebi.ac.uk/vol1/fastq/ERR160/047/ERR16004247/ERR16004247_2.fastq.gz,"Import the ENA run/sample mapping into the microsample sequencing source table"
P1,J,J015eD104A,M303813,ERR16004263,SAMEA120801205,ERS28323431,J015eD104A032,J015eD104A032_L1,2025-12-10,https://www.ebi.ac.uk/ena/browser/view/ERR16004263,https://www.ebi.ac.uk/biosamples/samples/SAMEA120801205,ftp.sra.ebi.ac.uk/vol1/fastq/ERR160/063/ERR16004263/ERR16004263_1.fastq.gz;ftp.sra.ebi.ac.uk/vol1/fastq/ERR160/063/ERR16004263/ERR16004263_2.fastq.gz,"Import the ENA run/sample mapping into the microsample sequencing source table"
P1,J,J015eD104A,M303814,ERR16003879,SAMEA120800821,ERS28323047,J015eD104A033,J015eD104A033_L1,2025-12-10,https://www.ebi.ac.uk/ena/browser/view/ERR16003879,https://www.ebi.ac.uk/biosamples/samples/SAMEA120800821,ftp.sra.ebi.ac.uk/vol1/fastq/ERR160/079/ERR16003879/ERR16003879_1.fastq.gz;ftp.sra.ebi.ac.uk/vol1/fastq/ERR160/079/ERR16003879/ERR16003879_2.fastq.gz,"Import the ENA run/sample mapping into the microsample sequencing source table"
P1,J,J015eD104A,M303815,ERR16003624,SAMEA120800566,ERS28322792,J015eD104A034,J015eD104A034_L1,2025-12-10,https://www.ebi.ac.uk/ena/browser/view/ERR16003624,https://www.ebi.ac.uk/biosamples/samples/SAMEA120800566,ftp.sra.ebi.ac.uk/vol1/fastq/ERR160/024/ERR16003624/ERR16003624_1.fastq.gz;ftp.sra.ebi.ac.uk/vol1/fastq/ERR160/024/ERR16003624/ERR16003624_2.fastq.gz,"Import the ENA run/sample mapping into the microsample sequencing source table"
P1,J,J015eD104A,M303817,ERR16004016,SAMEA120800958,ERS28323184,J015eD104A035,J015eD104A035_L1,2025-12-10,https://www.ebi.ac.uk/ena/browser/view/ERR16004016,https://www.ebi.ac.uk/biosamples/samples/SAMEA120800958,ftp.sra.ebi.ac.uk/vol1/fastq/ERR160/016/ERR16004016/ERR16004016_1.fastq.gz;ftp.sra.ebi.ac.uk/vol1/fastq/ERR160/016/ERR16004016/ERR16004016_2.fastq.gz,"Import the ENA run/sample mapping into the microsample sequencing source table"
P1,J,J015eD104A,M303818,ERR16004181,SAMEA120801123,ERS28323349,J015eD104A036,J015eD104A036_L1,2025-12-10,https://www.ebi.ac.uk/ena/browser/view/ERR16004181,https://www.ebi.ac.uk/biosamples/samples/SAMEA120801123,ftp.sra.ebi.ac.uk/vol1/fastq/ERR160/081/ERR16004181/ERR16004181_1.fastq.gz;ftp.sra.ebi.ac.uk/vol1/fastq/ERR160/081/ERR16004181/ERR16004181_2.fastq.gz,"Import the ENA run/sample mapping into the microsample sequencing source table"
P1,J,J015eD104A,M303819,ERR16003737,SAMEA120800679,ERS28322905,J015eD104A037,J015eD104A037_L1,2025-12-10,https://www.ebi.ac.uk/ena/browser/view/ERR16003737,https://www.ebi.ac.uk/biosamples/samples/SAMEA120800679,ftp.sra.ebi.ac.uk/vol1/fastq/ERR160/037/ERR16003737/ERR16003737_1.fastq.gz;ftp.sra.ebi.ac.uk/vol1/fastq/ERR160/037/ERR16003737/ERR16003737_2.fastq.gz,"Import the ENA run/sample mapping into the microsample sequencing source table"
P1,J,J015eD104A,M303820,ERR16003648,SAMEA120800590,ERS28322816,J015eD104A038,J015eD104A038_L1,2025-12-10,https://www.ebi.ac.uk/ena/browser/view/ERR16003648,https://www.ebi.ac.uk/biosamples/samples/SAMEA120800590,ftp.sra.ebi.ac.uk/vol1/fastq/ERR160/048/ERR16003648/ERR16003648_1.fastq.gz;ftp.sra.ebi.ac.uk/vol1/fastq/ERR160/048/ERR16003648/ERR16003648_2.fastq.gz,"Import the ENA run/sample mapping into the microsample sequencing source table"
P1,J,J015eD104A,M303821,ERR16003880,SAMEA120800822,ERS28323048,J015eD104A039,J015eD104A039_L1,2025-12-10,https://www.ebi.ac.uk/ena/browser/view/ERR16003880,https://www.ebi.ac.uk/biosamples/samples/SAMEA120800822,ftp.sra.ebi.ac.uk/vol1/fastq/ERR160/080/ERR16003880/ERR16003880_1.fastq.gz;ftp.sra.ebi.ac.uk/vol1/fastq/ERR160/080/ERR16003880/ERR16003880_2.fastq.gz,"Import the ENA run/sample mapping into the microsample sequencing source table"
P1,J,J015eD104A,M303823,ERR16003928,SAMEA120800870,ERS28323096,J015eD104A040,J015eD104A040_L1,2025-12-10,https://www.ebi.ac.uk/ena/browser/view/ERR16003928,https://www.ebi.ac.uk/biosamples/samples/SAMEA120800870,ftp.sra.ebi.ac.uk/vol1/fastq/ERR160/028/ERR16003928/ERR16003928_1.fastq.gz;ftp.sra.ebi.ac.uk/vol1/fastq/ERR160/028/ERR16003928/ERR16003928_2.fastq.gz,"Import the ENA run/sample mapping into the microsample sequencing source table"
P1,J,J015eD104A,M303824,ERR16003567,SAMEA120800509,ERS28322735,J015eD104A041,J015eD104A041_L1,2025-12-10,https://www.ebi.ac.uk/ena/browser/view/ERR16003567,https://www.ebi.ac.uk/biosamples/samples/SAMEA120800509,ftp.sra.ebi.ac.uk/vol1/fastq/ERR160/067/ERR16003567/ERR16003567_1.fastq.gz;ftp.sra.ebi.ac.uk/vol1/fastq/ERR160/067/ERR16003567/ERR16003567_2.fastq.gz,"Import the ENA run/sample mapping into the microsample sequencing source table"
P1,J,J015eD104A,M303825,ERR16003747,SAMEA120800689,ERS28322915,J015eD104A042,J015eD104A042_L1,2025-12-10,https://www.ebi.ac.uk/ena/browser/view/ERR16003747,https://www.ebi.ac.uk/biosamples/samples/SAMEA120800689,ftp.sra.ebi.ac.uk/vol1/fastq/ERR160/047/ERR16003747/ERR16003747_1.fastq.gz;ftp.sra.ebi.ac.uk/vol1/fastq/ERR160/047/ERR16003747/ERR16003747_2.fastq.gz,"Import the ENA run/sample mapping into the microsample sequencing source table"
P1,J,J015eD104B,M303874,ERR16003872,SAMEA120800814,ERS28323040,J015eD104B001,J015eD104B001_L1,2025-12-10,https://www.ebi.ac.uk/ena/browser/view/ERR16003872,https://www.ebi.ac.uk/biosamples/samples/SAMEA120800814,ftp.sra.ebi.ac.uk/vol1/fastq/ERR160/072/ERR16003872/ERR16003872_1.fastq.gz;ftp.sra.ebi.ac.uk/vol1/fastq/ERR160/072/ERR16003872/ERR16003872_2.fastq.gz,"Import the ENA run/sample mapping into the microsample sequencing source table"
P1,J,J015eD104B,M303876,ERR16003827,SAMEA120800769,ERS28322995,J015eD104B002,J015eD104B002_L1,2025-12-10,https://www.ebi.ac.uk/ena/browser/view/ERR16003827,https://www.ebi.ac.uk/biosamples/samples/SAMEA120800769,ftp.sra.ebi.ac.uk/vol1/fastq/ERR160/027/ERR16003827/ERR16003827_1.fastq.gz;ftp.sra.ebi.ac.uk/vol1/fastq/ERR160/027/ERR16003827/ERR16003827_2.fastq.gz,"Import the ENA run/sample mapping into the microsample sequencing source table"
P1,J,J015eD104B,M303877,ERR16004025,SAMEA120800967,ERS28323193,J015eD104B003,J015eD104B003_L1,2025-12-10,https://www.ebi.ac.uk/ena/browser/view/ERR16004025,https://www.ebi.ac.uk/biosamples/samples/SAMEA120800967,ftp.sra.ebi.ac.uk/vol1/fastq/ERR160/025/ERR16004025/ERR16004025_1.fastq.gz;ftp.sra.ebi.ac.uk/vol1/fastq/ERR160/025/ERR16004025/ERR16004025_2.fastq.gz,"Import the ENA run/sample mapping into the microsample sequencing source table"
P1,J,J015eD104B,M303878,ERR16004171,SAMEA120801113,ERS28323339,J015eD104B004,J015eD104B004_L1,2025-12-10,https://www.ebi.ac.uk/ena/browser/view/ERR16004171,https://www.ebi.ac.uk/biosamples/samples/SAMEA120801113,ftp.sra.ebi.ac.uk/vol1/fastq/ERR160/071/ERR16004171/ERR16004171_1.fastq.gz;ftp.sra.ebi.ac.uk/vol1/fastq/ERR160/071/ERR16004171/ERR16004171_2.fastq.gz,"Import the ENA run/sample mapping into the microsample sequencing source table"
P1,J,J015eD104B,M303879,ERR16003722,SAMEA120800664,ERS28322890,J015eD104B005,J015eD104B005_L1,2025-12-10,https://www.ebi.ac.uk/ena/browser/view/ERR16003722,https://www.ebi.ac.uk/biosamples/samples/SAMEA120800664,ftp.sra.ebi.ac.uk/vol1/fastq/ERR160/022/ERR16003722/ERR16003722_1.fastq.gz;ftp.sra.ebi.ac.uk/vol1/fastq/ERR160/022/ERR16003722/ERR16003722_2.fastq.gz,"Import the ENA run/sample mapping into the microsample sequencing source table"
P1,J,J015eD104B,M303880,ERR16003663,SAMEA120800605,ERS28322831,J015eD104B006,J015eD104B006_L1,2025-12-10,https://www.ebi.ac.uk/ena/browser/view/ERR16003663,https://www.ebi.ac.uk/biosamples/samples/SAMEA120800605,ftp.sra.ebi.ac.uk/vol1/fastq/ERR160/063/ERR16003663/ERR16003663_1.fastq.gz;ftp.sra.ebi.ac.uk/vol1/fastq/ERR160/063/ERR16003663/ERR16003663_2.fastq.gz,"Import the ENA run/sample mapping into the microsample sequencing source table"
P1,J,J015eD104B,M303881,ERR16003881,SAMEA120800823,ERS28323049,J015eD104B007,J015eD104B007_L1,2025-12-10,https://www.ebi.ac.uk/ena/browser/view/ERR16003881,https://www.ebi.ac.uk/biosamples/samples/SAMEA120800823,ftp.sra.ebi.ac.uk/vol1/fastq/ERR160/081/ERR16003881/ERR16003881_1.fastq.gz;ftp.sra.ebi.ac.uk/vol1/fastq/ERR160/081/ERR16003881/ERR16003881_2.fastq.gz,"Import the ENA run/sample mapping into the microsample sequencing source table"
P1,J,J015eD104B,M303882,ERR16004082,SAMEA120801024,ERS28323250,J015eD104B008,J015eD104B008_L1,2025-12-10,https://www.ebi.ac.uk/ena/browser/view/ERR16004082,https://www.ebi.ac.uk/biosamples/samples/SAMEA120801024,ftp.sra.ebi.ac.uk/vol1/fastq/ERR160/082/ERR16004082/ERR16004082_1.fastq.gz;ftp.sra.ebi.ac.uk/vol1/fastq/ERR160/082/ERR16004082/ERR16004082_2.fastq.gz,"Import the ENA run/sample mapping into the microsample sequencing source table"
P1,J,J015eD104B,M303883,ERR16004236,SAMEA120801178,ERS28323404,J015eD104B009,J015eD104B009_L1,2025-12-10,https://www.ebi.ac.uk/ena/browser/view/ERR16004236,https://www.ebi.ac.uk/biosamples/samples/SAMEA120801178,ftp.sra.ebi.ac.uk/vol1/fastq/ERR160/036/ERR16004236/ERR16004236_1.fastq.gz;ftp.sra.ebi.ac.uk/vol1/fastq/ERR160/036/ERR16004236/ERR16004236_2.fastq.gz,"Import the ENA run/sample mapping into the microsample sequencing source table"
P1,J,J015eD104B,M303884,ERR16004044,SAMEA120800986,ERS28323212,J015eD104B010,J015eD104B010_L1,2025-12-10,https://www.ebi.ac.uk/ena/browser/view/ERR16004044,https://www.ebi.ac.uk/biosamples/samples/SAMEA120800986,ftp.sra.ebi.ac.uk/vol1/fastq/ERR160/044/ERR16004044/ERR16004044_1.fastq.gz;ftp.sra.ebi.ac.uk/vol1/fastq/ERR160/044/ERR16004044/ERR16004044_2.fastq.gz,"Import the ENA run/sample mapping into the microsample sequencing source table"
P1,J,J015eD104B,M303886,ERR16004300,SAMEA120801349,ERS28323575,J015eD104B011,J015eD104B011_L1,2025-12-10,https://www.ebi.ac.uk/ena/browser/view/ERR16004300,https://www.ebi.ac.uk/biosamples/samples/SAMEA120801349,ftp.sra.ebi.ac.uk/vol1/fastq/ERR160/000/ERR16004300/ERR16004300_1.fastq.gz;ftp.sra.ebi.ac.uk/vol1/fastq/ERR160/000/ERR16004300/ERR16004300_2.fastq.gz,"Import the ENA run/sample mapping into the microsample sequencing source table"
P1,J,J015eD104B,M303887,ERR16004166,SAMEA120801108,ERS28323334,J015eD104B012,J015eD104B012_L1,2025-12-10,https://www.ebi.ac.uk/ena/browser/view/ERR16004166,https://www.ebi.ac.uk/biosamples/samples/SAMEA120801108,ftp.sra.ebi.ac.uk/vol1/fastq/ERR160/066/ERR16004166/ERR16004166_1.fastq.gz;ftp.sra.ebi.ac.uk/vol1/fastq/ERR160/066/ERR16004166/ERR16004166_2.fastq.gz,"Import the ENA run/sample mapping into the microsample sequencing source table"
P1,J,J015eD104B,M303888,ERR16003833,SAMEA120800775,ERS28323001,J015eD104B013,J015eD104B013_L1,2025-12-10,https://www.ebi.ac.uk/ena/browser/view/ERR16003833,https://www.ebi.ac.uk/biosamples/samples/SAMEA120800775,ftp.sra.ebi.ac.uk/vol1/fastq/ERR160/033/ERR16003833/ERR16003833_1.fastq.gz;ftp.sra.ebi.ac.uk/vol1/fastq/ERR160/033/ERR16003833/ERR16003833_2.fastq.gz,"Import the ENA run/sample mapping into the microsample sequencing source table"
P1,J,J015eD104B,M303889,ERR16003619,SAMEA120800561,ERS28322787,J015eD104B014,J015eD104B014_L1,2025-12-10,https://www.ebi.ac.uk/ena/browser/view/ERR16003619,https://www.ebi.ac.uk/biosamples/samples/SAMEA120800561,ftp.sra.ebi.ac.uk/vol1/fastq/ERR160/019/ERR16003619/ERR16003619_1.fastq.gz;ftp.sra.ebi.ac.uk/vol1/fastq/ERR160/019/ERR16003619/ERR16003619_2.fastq.gz,"Import the ENA run/sample mapping into the microsample sequencing source table"
P1,J,J015eD104B,M303890,ERR16003822,SAMEA120800764,ERS28322990,J015eD104B015,J015eD104B015_L1,2025-12-10,https://www.ebi.ac.uk/ena/browser/view/ERR16003822,https://www.ebi.ac.uk/biosamples/samples/SAMEA120800764,ftp.sra.ebi.ac.uk/vol1/fastq/ERR160/022/ERR16003822/ERR16003822_1.fastq.gz;ftp.sra.ebi.ac.uk/vol1/fastq/ERR160/022/ERR16003822/ERR16003822_2.fastq.gz,"Import the ENA run/sample mapping into the microsample sequencing source table"
P1,J,J015eD104B,M303891,ERR16003661,SAMEA120800603,ERS28322829,J015eD104B016,J015eD104B016_L1,2025-12-10,https://www.ebi.ac.uk/ena/browser/view/ERR16003661,https://www.ebi.ac.uk/biosamples/samples/SAMEA120800603,ftp.sra.ebi.ac.uk/vol1/fastq/ERR160/061/ERR16003661/ERR16003661_1.fastq.gz;ftp.sra.ebi.ac.uk/vol1/fastq/ERR160/061/ERR16003661/ERR16003661_2.fastq.gz,"Import the ENA run/sample mapping into the microsample sequencing source table"
P1,J,J015eD104B,M303893,ERR16004066,SAMEA120801008,ERS28323234,J015eD104B017,J015eD104B017_L1,2025-12-10,https://www.ebi.ac.uk/ena/browser/view/ERR16004066,https://www.ebi.ac.uk/biosamples/samples/SAMEA120801008,ftp.sra.ebi.ac.uk/vol1/fastq/ERR160/066/ERR16004066/ERR16004066_1.fastq.gz;ftp.sra.ebi.ac.uk/vol1/fastq/ERR160/066/ERR16004066/ERR16004066_2.fastq.gz,"Import the ENA run/sample mapping into the microsample sequencing source table"
P1,J,J015eD104B,M303894,ERR16004215,SAMEA120801157,ERS28323383,J015eD104B018,J015eD104B018_L1,2025-12-11,https://www.ebi.ac.uk/ena/browser/view/ERR16004215,https://www.ebi.ac.uk/biosamples/samples/SAMEA120801157,ftp.sra.ebi.ac.uk/vol1/fastq/ERR160/015/ERR16004215/ERR16004215_1.fastq.gz;ftp.sra.ebi.ac.uk/vol1/fastq/ERR160/015/ERR16004215/ERR16004215_2.fastq.gz,"Import the ENA run/sample mapping into the microsample sequencing source table"
P1,J,J015eD104B,M303895,ERR16004121,SAMEA120801063,ERS28323289,J015eD104B019,J015eD104B019_L1,2025-12-10,https://www.ebi.ac.uk/ena/browser/view/ERR16004121,https://www.ebi.ac.uk/biosamples/samples/SAMEA120801063,ftp.sra.ebi.ac.uk/vol1/fastq/ERR160/021/ERR16004121/ERR16004121_1.fastq.gz;ftp.sra.ebi.ac.uk/vol1/fastq/ERR160/021/ERR16004121/ERR16004121_2.fastq.gz,"Import the ENA run/sample mapping into the microsample sequencing source table"
P1,J,J015eD104B,M303896,ERR16004017,SAMEA120800959,ERS28323185,J015eD104B020,J015eD104B020_L1,2025-12-10,https://www.ebi.ac.uk/ena/browser/view/ERR16004017,https://www.ebi.ac.uk/biosamples/samples/SAMEA120800959,ftp.sra.ebi.ac.uk/vol1/fastq/ERR160/017/ERR16004017/ERR16004017_1.fastq.gz;ftp.sra.ebi.ac.uk/vol1/fastq/ERR160/017/ERR16004017/ERR16004017_2.fastq.gz,"Import the ENA run/sample mapping into the microsample sequencing source table"
P1,J,J015eD104B,M303897,ERR16003838,SAMEA120800780,ERS28323006,J015eD104B021,J015eD104B021_L1,2025-12-10,https://www.ebi.ac.uk/ena/browser/view/ERR16003838,https://www.ebi.ac.uk/biosamples/samples/SAMEA120800780,ftp.sra.ebi.ac.uk/vol1/fastq/ERR160/038/ERR16003838/ERR16003838_1.fastq.gz;ftp.sra.ebi.ac.uk/vol1/fastq/ERR160/038/ERR16003838/ERR16003838_2.fastq.gz,"Import the ENA run/sample mapping into the microsample sequencing source table"
P1,J,J015eD104B,M303898,ERR16003552,SAMEA120800494,ERS28322720,J015eD104B022,J015eD104B022_L1,2025-12-10,https://www.ebi.ac.uk/ena/browser/view/ERR16003552,https://www.ebi.ac.uk/biosamples/samples/SAMEA120800494,ftp.sra.ebi.ac.uk/vol1/fastq/ERR160/052/ERR16003552/ERR16003552_1.fastq.gz;ftp.sra.ebi.ac.uk/vol1/fastq/ERR160/052/ERR16003552/ERR16003552_2.fastq.gz,"Import the ENA run/sample mapping into the microsample sequencing source table"
P1,J,J015eD104B,M303899,ERR16003782,SAMEA120800724,ERS28322950,J015eD104B023,J015eD104B023_L1,2025-12-10,https://www.ebi.ac.uk/ena/browser/view/ERR16003782,https://www.ebi.ac.uk/biosamples/samples/SAMEA120800724,ftp.sra.ebi.ac.uk/vol1/fastq/ERR160/082/ERR16003782/ERR16003782_1.fastq.gz;ftp.sra.ebi.ac.uk/vol1/fastq/ERR160/082/ERR16003782/ERR16003782_2.fastq.gz,"Import the ENA run/sample mapping into the microsample sequencing source table"
P1,J,J015eD104B,M303900,ERR16004002,SAMEA120800944,ERS28323170,J015eD104B024,J015eD104B024_L1,2025-12-10,https://www.ebi.ac.uk/ena/browser/view/ERR16004002,https://www.ebi.ac.uk/biosamples/samples/SAMEA120800944,ftp.sra.ebi.ac.uk/vol1/fastq/ERR160/002/ERR16004002/ERR16004002_1.fastq.gz;ftp.sra.ebi.ac.uk/vol1/fastq/ERR160/002/ERR16004002/ERR16004002_2.fastq.gz,"Import the ENA run/sample mapping into the microsample sequencing source table"
P1,J,J015eD104B,M303901,ERR16003557,SAMEA120800499,ERS28322725,J015eD104B025,J015eD104B025_L1,2025-12-10,https://www.ebi.ac.uk/ena/browser/view/ERR16003557,https://www.ebi.ac.uk/biosamples/samples/SAMEA120800499,ftp.sra.ebi.ac.uk/vol1/fastq/ERR160/057/ERR16003557/ERR16003557_1.fastq.gz;ftp.sra.ebi.ac.uk/vol1/fastq/ERR160/057/ERR16003557/ERR16003557_2.fastq.gz,"Import the ENA run/sample mapping into the microsample sequencing source table"
P1,J,J015eD104B,M303902,ERR16004235,SAMEA120801177,ERS28323403,J015eD104B026,J015eD104B026_L1,2025-12-10,https://www.ebi.ac.uk/ena/browser/view/ERR16004235,https://www.ebi.ac.uk/biosamples/samples/SAMEA120801177,ftp.sra.ebi.ac.uk/vol1/fastq/ERR160/035/ERR16004235/ERR16004235_1.fastq.gz;ftp.sra.ebi.ac.uk/vol1/fastq/ERR160/035/ERR16004235/ERR16004235_2.fastq.gz,"Import the ENA run/sample mapping into the microsample sequencing source table"
P1,J,J015eD104B,M303903,ERR16004137,SAMEA120801079,ERS28323305,J015eD104B027,J015eD104B027_L1,2025-12-10,https://www.ebi.ac.uk/ena/browser/view/ERR16004137,https://www.ebi.ac.uk/biosamples/samples/SAMEA120801079,ftp.sra.ebi.ac.uk/vol1/fastq/ERR160/037/ERR16004137/ERR16004137_1.fastq.gz;ftp.sra.ebi.ac.uk/vol1/fastq/ERR160/037/ERR16004137/ERR16004137_2.fastq.gz,"Import the ENA run/sample mapping into the microsample sequencing source table"
P1,J,J015eD104B,M303905,ERR16004311,SAMEA120801360,ERS28323586,J015eD104B028,J015eD104B028_L1,2025-12-22,https://www.ebi.ac.uk/ena/browser/view/ERR16004311,https://www.ebi.ac.uk/biosamples/samples/SAMEA120801360,ftp.sra.ebi.ac.uk/vol1/fastq/ERR160/011/ERR16004311/ERR16004311_1.fastq.gz;ftp.sra.ebi.ac.uk/vol1/fastq/ERR160/011/ERR16004311/ERR16004311_2.fastq.gz,"Import the ENA run/sample mapping into the microsample sequencing source table"
P1,J,J015eD104B,M303906,ERR16003935,SAMEA120800877,ERS28323103,J015eD104B029,J015eD104B029_L1,2025-12-10,https://www.ebi.ac.uk/ena/browser/view/ERR16003935,https://www.ebi.ac.uk/biosamples/samples/SAMEA120800877,ftp.sra.ebi.ac.uk/vol1/fastq/ERR160/035/ERR16003935/ERR16003935_1.fastq.gz;ftp.sra.ebi.ac.uk/vol1/fastq/ERR160/035/ERR16003935/ERR16003935_2.fastq.gz,"Import the ENA run/sample mapping into the microsample sequencing source table"
P1,J,J015eD104B,M303907,ERR16003645,SAMEA120800587,ERS28322813,J015eD104B030,J015eD104B030_L1,2025-12-10,https://www.ebi.ac.uk/ena/browser/view/ERR16003645,https://www.ebi.ac.uk/biosamples/samples/SAMEA120800587,ftp.sra.ebi.ac.uk/vol1/fastq/ERR160/045/ERR16003645/ERR16003645_1.fastq.gz;ftp.sra.ebi.ac.uk/vol1/fastq/ERR160/045/ERR16003645/ERR16003645_2.fastq.gz,"Import the ENA run/sample mapping into the microsample sequencing source table"
P1,J,J015eD104B,M303909,ERR16003965,SAMEA120800907,ERS28323133,J015eD104B031,J015eD104B031_L1,2025-12-10,https://www.ebi.ac.uk/ena/browser/view/ERR16003965,https://www.ebi.ac.uk/biosamples/samples/SAMEA120800907,ftp.sra.ebi.ac.uk/vol1/fastq/ERR160/065/ERR16003965/ERR16003965_1.fastq.gz;ftp.sra.ebi.ac.uk/vol1/fastq/ERR160/065/ERR16003965/ERR16003965_2.fastq.gz,"Import the ENA run/sample mapping into the microsample sequencing source table"
P1,J,J015eD104B,M303910,ERR16004299,SAMEA120801348,ERS28323574,J015eD104B032,J015eD104B032_L1,2025-12-10,https://www.ebi.ac.uk/ena/browser/view/ERR16004299,https://www.ebi.ac.uk/biosamples/samples/SAMEA120801348,ftp.sra.ebi.ac.uk/vol1/fastq/ERR160/099/ERR16004299/ERR16004299_1.fastq.gz;ftp.sra.ebi.ac.uk/vol1/fastq/ERR160/099/ERR16004299/ERR16004299_2.fastq.gz,"Import the ENA run/sample mapping into the microsample sequencing source table"
P1,J,J015eD104B,M303911,ERR16004059,SAMEA120801001,ERS28323227,J015eD104B033,J015eD104B033_L1,2025-12-10,https://www.ebi.ac.uk/ena/browser/view/ERR16004059,https://www.ebi.ac.uk/biosamples/samples/SAMEA120801001,ftp.sra.ebi.ac.uk/vol1/fastq/ERR160/059/ERR16004059/ERR16004059_1.fastq.gz;ftp.sra.ebi.ac.uk/vol1/fastq/ERR160/059/ERR16004059/ERR16004059_2.fastq.gz,"Import the ENA run/sample mapping into the microsample sequencing source table"
P1,J,J015eD104B,M303912,ERR16004048,SAMEA120800990,ERS28323216,J015eD104B034,J015eD104B034_L1,2025-12-10,https://www.ebi.ac.uk/ena/browser/view/ERR16004048,https://www.ebi.ac.uk/biosamples/samples/SAMEA120800990,ftp.sra.ebi.ac.uk/vol1/fastq/ERR160/048/ERR16004048/ERR16004048_1.fastq.gz;ftp.sra.ebi.ac.uk/vol1/fastq/ERR160/048/ERR16004048/ERR16004048_2.fastq.gz,"Import the ENA run/sample mapping into the microsample sequencing source table"
P1,J,J015eD104B,M303913,ERR16003940,SAMEA120800882,ERS28323108,J015eD104B035,J015eD104B035_L1,2025-12-10,https://www.ebi.ac.uk/ena/browser/view/ERR16003940,https://www.ebi.ac.uk/biosamples/samples/SAMEA120800882,ftp.sra.ebi.ac.uk/vol1/fastq/ERR160/040/ERR16003940/ERR16003940_1.fastq.gz;ftp.sra.ebi.ac.uk/vol1/fastq/ERR160/040/ERR16003940/ERR16003940_2.fastq.gz,"Import the ENA run/sample mapping into the microsample sequencing source table"
P1,J,J015eD104B,M303914,ERR16003573,SAMEA120800515,ERS28322741,J015eD104B036,J015eD104B036_L1,2025-12-10,https://www.ebi.ac.uk/ena/browser/view/ERR16003573,https://www.ebi.ac.uk/biosamples/samples/SAMEA120800515,ftp.sra.ebi.ac.uk/vol1/fastq/ERR160/073/ERR16003573/ERR16003573_1.fastq.gz;ftp.sra.ebi.ac.uk/vol1/fastq/ERR160/073/ERR16003573/ERR16003573_2.fastq.gz,"Import the ENA run/sample mapping into the microsample sequencing source table"
P1,J,J015eD104B,M303915,ERR16003968,SAMEA120800910,ERS28323136,J015eD104B037,J015eD104B037_L1,2025-12-10,https://www.ebi.ac.uk/ena/browser/view/ERR16003968,https://www.ebi.ac.uk/biosamples/samples/SAMEA120800910,ftp.sra.ebi.ac.uk/vol1/fastq/ERR160/068/ERR16003968/ERR16003968_1.fastq.gz;ftp.sra.ebi.ac.uk/vol1/fastq/ERR160/068/ERR16003968/ERR16003968_2.fastq.gz,"Import the ENA run/sample mapping into the microsample sequencing source table"
P1,J,J015eD104B,M303916,ERR16003710,SAMEA120800652,ERS28322878,J015eD104B038,J015eD104B038_L1,2025-12-10,https://www.ebi.ac.uk/ena/browser/view/ERR16003710,https://www.ebi.ac.uk/biosamples/samples/SAMEA120800652,ftp.sra.ebi.ac.uk/vol1/fastq/ERR160/010/ERR16003710/ERR16003710_1.fastq.gz;ftp.sra.ebi.ac.uk/vol1/fastq/ERR160/010/ERR16003710/ERR16003710_2.fastq.gz,"Import the ENA run/sample mapping into the microsample sequencing source table"
P1,J,J015eD104B,M303917,ERR16003681,SAMEA120800623,ERS28322849,J015eD104B039,J015eD104B039_L1,2025-12-10,https://www.ebi.ac.uk/ena/browser/view/ERR16003681,https://www.ebi.ac.uk/biosamples/samples/SAMEA120800623,ftp.sra.ebi.ac.uk/vol1/fastq/ERR160/081/ERR16003681/ERR16003681_1.fastq.gz;ftp.sra.ebi.ac.uk/vol1/fastq/ERR160/081/ERR16003681/ERR16003681_2.fastq.gz,"Import the ENA run/sample mapping into the microsample sequencing source table"
P1,J,J015eD104B,M303919,ERR16004043,SAMEA120800985,ERS28323211,J015eD104B040,J015eD104B040_L1,2025-12-10,https://www.ebi.ac.uk/ena/browser/view/ERR16004043,https://www.ebi.ac.uk/biosamples/samples/SAMEA120800985,ftp.sra.ebi.ac.uk/vol1/fastq/ERR160/043/ERR16004043/ERR16004043_1.fastq.gz;ftp.sra.ebi.ac.uk/vol1/fastq/ERR160/043/ERR16004043/ERR16004043_2.fastq.gz,"Import the ENA run/sample mapping into the microsample sequencing source table"
P1,J,J015eD104B,M303920,ERR16003902,SAMEA120800844,ERS28323070,J015eD104B041,J015eD104B041_L1,2025-12-10,https://www.ebi.ac.uk/ena/browser/view/ERR16003902,https://www.ebi.ac.uk/biosamples/samples/SAMEA120800844,ftp.sra.ebi.ac.uk/vol1/fastq/ERR160/002/ERR16003902/ERR16003902_1.fastq.gz;ftp.sra.ebi.ac.uk/vol1/fastq/ERR160/002/ERR16003902/ERR16003902_2.fastq.gz,"Import the ENA run/sample mapping into the microsample sequencing source table"
P1,J,J015eD104B,M303921,ERR16003542,SAMEA120800484,ERS28322710,J015eD104B042,J015eD104B042_L1,2025-12-10,https://www.ebi.ac.uk/ena/browser/view/ERR16003542,https://www.ebi.ac.uk/biosamples/samples/SAMEA120800484,ftp.sra.ebi.ac.uk/vol1/fastq/ERR160/042/ERR16003542/ERR16003542_1.fastq.gz;ftp.sra.ebi.ac.uk/vol1/fastq/ERR160/042/ERR16003542/ERR16003542_2.fastq.gz,"Import the ENA run/sample mapping into the microsample sequencing source table"
P1,J,J024eD104A,M304018,ERR16003547,SAMEA120800489,ERS28322715,J024eD104A001,J024eD104A001_L1,2025-12-10,https://www.ebi.ac.uk/ena/browser/view/ERR16003547,https://www.ebi.ac.uk/biosamples/samples/SAMEA120800489,ftp.sra.ebi.ac.uk/vol1/fastq/ERR160/047/ERR16003547/ERR16003547_1.fastq.gz;ftp.sra.ebi.ac.uk/vol1/fastq/ERR160/047/ERR16003547/ERR16003547_2.fastq.gz,"Import the ENA run/sample mapping into the microsample sequencing source table"
P1,J,J024eD104A,M304019,ERR16003790,SAMEA120800732,ERS28322958,J024eD104A002,J024eD104A002_L1,2025-12-10,https://www.ebi.ac.uk/ena/browser/view/ERR16003790,https://www.ebi.ac.uk/biosamples/samples/SAMEA120800732,ftp.sra.ebi.ac.uk/vol1/fastq/ERR160/090/ERR16003790/ERR16003790_1.fastq.gz;ftp.sra.ebi.ac.uk/vol1/fastq/ERR160/090/ERR16003790/ERR16003790_2.fastq.gz,"Import the ENA run/sample mapping into the microsample sequencing source table"
P1,J,J024eD104A,M304020,ERR16004055,SAMEA120800997,ERS28323223,J024eD104A003,J024eD104A003_L1,2025-12-10,https://www.ebi.ac.uk/ena/browser/view/ERR16004055,https://www.ebi.ac.uk/biosamples/samples/SAMEA120800997,ftp.sra.ebi.ac.uk/vol1/fastq/ERR160/055/ERR16004055/ERR16004055_1.fastq.gz;ftp.sra.ebi.ac.uk/vol1/fastq/ERR160/055/ERR16004055/ERR16004055_2.fastq.gz,"Import the ENA run/sample mapping into the microsample sequencing source table"
P1,J,J024eD104A,M304022,ERR16003751,SAMEA120800693,ERS28322919,J024eD104A004,J024eD104A004_L1,2025-12-10,https://www.ebi.ac.uk/ena/browser/view/ERR16003751,https://www.ebi.ac.uk/biosamples/samples/SAMEA120800693,ftp.sra.ebi.ac.uk/vol1/fastq/ERR160/051/ERR16003751/ERR16003751_1.fastq.gz;ftp.sra.ebi.ac.uk/vol1/fastq/ERR160/051/ERR16003751/ERR16003751_2.fastq.gz,"Import the ENA run/sample mapping into the microsample sequencing source table"
P1,J,J024eD104A,M304023,ERR16003639,SAMEA120800581,ERS28322807,J024eD104A005,J024eD104A005_L1,2025-12-10,https://www.ebi.ac.uk/ena/browser/view/ERR16003639,https://www.ebi.ac.uk/biosamples/samples/SAMEA120800581,ftp.sra.ebi.ac.uk/vol1/fastq/ERR160/039/ERR16003639/ERR16003639_1.fastq.gz;ftp.sra.ebi.ac.uk/vol1/fastq/ERR160/039/ERR16003639/ERR16003639_2.fastq.gz,"Import the ENA run/sample mapping into the microsample sequencing source table"
P1,J,J024eD104A,M304024,ERR16003855,SAMEA120800797,ERS28323023,J024eD104A006,J024eD104A006_L1,2025-12-10,https://www.ebi.ac.uk/ena/browser/view/ERR16003855,https://www.ebi.ac.uk/biosamples/samples/SAMEA120800797,ftp.sra.ebi.ac.uk/vol1/fastq/ERR160/055/ERR16003855/ERR16003855_1.fastq.gz;ftp.sra.ebi.ac.uk/vol1/fastq/ERR160/055/ERR16003855/ERR16003855_2.fastq.gz,"Import the ENA run/sample mapping into the microsample sequencing source table"
P1,J,J024eD104A,M304025,ERR16004190,SAMEA120801132,ERS28323358,J024eD104A007,J024eD104A007_L1,2025-12-10,https://www.ebi.ac.uk/ena/browser/view/ERR16004190,https://www.ebi.ac.uk/biosamples/samples/SAMEA120801132,ftp.sra.ebi.ac.uk/vol1/fastq/ERR160/090/ERR16004190/ERR16004190_1.fastq.gz;ftp.sra.ebi.ac.uk/vol1/fastq/ERR160/090/ERR16004190/ERR16004190_2.fastq.gz,"Import the ENA run/sample mapping into the microsample sequencing source table"
P1,J,J024eD104A,M304026,ERR16004244,SAMEA120801186,ERS28323412,J024eD104A008,J024eD104A008_L1,2025-12-10,https://www.ebi.ac.uk/ena/browser/view/ERR16004244,https://www.ebi.ac.uk/biosamples/samples/SAMEA120801186,ftp.sra.ebi.ac.uk/vol1/fastq/ERR160/044/ERR16004244/ERR16004244_1.fastq.gz;ftp.sra.ebi.ac.uk/vol1/fastq/ERR160/044/ERR16004244/ERR16004244_2.fastq.gz,"Import the ENA run/sample mapping into the microsample sequencing source table"
P1,J,J024eD104A,M304028,ERR16004177,SAMEA120801119,ERS28323345,J024eD104A009,J024eD104A009_L1,2025-12-10,https://www.ebi.ac.uk/ena/browser/view/ERR16004177,https://www.ebi.ac.uk/biosamples/samples/SAMEA120801119,ftp.sra.ebi.ac.uk/vol1/fastq/ERR160/077/ERR16004177/ERR16004177_1.fastq.gz;ftp.sra.ebi.ac.uk/vol1/fastq/ERR160/077/ERR16004177/ERR16004177_2.fastq.gz,"Import the ENA run/sample mapping into the microsample sequencing source table"
P1,J,J024eD104A,M304029,ERR16003712,SAMEA120800654,ERS28322880,J024eD104A010,J024eD104A010_L1,2025-12-10,https://www.ebi.ac.uk/ena/browser/view/ERR16003712,https://www.ebi.ac.uk/biosamples/samples/SAMEA120800654,ftp.sra.ebi.ac.uk/vol1/fastq/ERR160/012/ERR16003712/ERR16003712_1.fastq.gz;ftp.sra.ebi.ac.uk/vol1/fastq/ERR160/012/ERR16003712/ERR16003712_2.fastq.gz,"Import the ENA run/sample mapping into the microsample sequencing source table"
P1,J,J024eD104A,M304030,ERR16003550,SAMEA120800492,ERS28322718,J024eD104A011,J024eD104A011_L1,2025-12-10,https://www.ebi.ac.uk/ena/browser/view/ERR16003550,https://www.ebi.ac.uk/biosamples/samples/SAMEA120800492,ftp.sra.ebi.ac.uk/vol1/fastq/ERR160/050/ERR16003550/ERR16003550_1.fastq.gz;ftp.sra.ebi.ac.uk/vol1/fastq/ERR160/050/ERR16003550/ERR16003550_2.fastq.gz,"Import the ENA run/sample mapping into the microsample sequencing source table"
P1,J,J024eD104A,M304031,ERR16004196,SAMEA120801138,ERS28323364,J024eD104A012,J024eD104A012_L1,2025-12-10,https://www.ebi.ac.uk/ena/browser/view/ERR16004196,https://www.ebi.ac.uk/biosamples/samples/SAMEA120801138,ftp.sra.ebi.ac.uk/vol1/fastq/ERR160/096/ERR16004196/ERR16004196_1.fastq.gz;ftp.sra.ebi.ac.uk/vol1/fastq/ERR160/096/ERR16004196/ERR16004196_2.fastq.gz,"Import the ENA run/sample mapping into the microsample sequencing source table"
P1,J,J024eD104A,M304032,ERR16004051,SAMEA120800993,ERS28323219,J024eD104A013,J024eD104A013_L1,2025-12-10,https://www.ebi.ac.uk/ena/browser/view/ERR16004051,https://www.ebi.ac.uk/biosamples/samples/SAMEA120800993,ftp.sra.ebi.ac.uk/vol1/fastq/ERR160/051/ERR16004051/ERR16004051_1.fastq.gz;ftp.sra.ebi.ac.uk/vol1/fastq/ERR160/051/ERR16004051/ERR16004051_2.fastq.gz,"Import the ENA run/sample mapping into the microsample sequencing source table"
P1,J,J024eD104A,M304033,ERR16003908,SAMEA120800850,ERS28323076,J024eD104A014,J024eD104A014_L1,2025-12-10,https://www.ebi.ac.uk/ena/browser/view/ERR16003908,https://www.ebi.ac.uk/biosamples/samples/SAMEA120800850,ftp.sra.ebi.ac.uk/vol1/fastq/ERR160/008/ERR16003908/ERR16003908_1.fastq.gz;ftp.sra.ebi.ac.uk/vol1/fastq/ERR160/008/ERR16003908/ERR16003908_2.fastq.gz,"Import the ENA run/sample mapping into the microsample sequencing source table"
P1,J,J024eD104A,M304034,ERR16003614,SAMEA120800556,ERS28322782,J024eD104A015,J024eD104A015_L1,2025-12-11,https://www.ebi.ac.uk/ena/browser/view/ERR16003614,https://www.ebi.ac.uk/biosamples/samples/SAMEA120800556,ftp.sra.ebi.ac.uk/vol1/fastq/ERR160/014/ERR16003614/ERR16003614_1.fastq.gz;ftp.sra.ebi.ac.uk/vol1/fastq/ERR160/014/ERR16003614/ERR16003614_2.fastq.gz,"Import the ENA run/sample mapping into the microsample sequencing source table"
P1,J,J024eD104A,M304035,ERR16004180,SAMEA120801122,ERS28323348,J024eD104A016,J024eD104A016_L1,2025-12-10,https://www.ebi.ac.uk/ena/browser/view/ERR16004180,https://www.ebi.ac.uk/biosamples/samples/SAMEA120801122,ftp.sra.ebi.ac.uk/vol1/fastq/ERR160/080/ERR16004180/ERR16004180_1.fastq.gz;ftp.sra.ebi.ac.uk/vol1/fastq/ERR160/080/ERR16004180/ERR16004180_2.fastq.gz,"Import the ENA run/sample mapping into the microsample sequencing source table"
P1,J,J024eD104A,M304036,ERR16003707,SAMEA120800649,ERS28322875,J024eD104A017,J024eD104A017_L1,2025-12-10,https://www.ebi.ac.uk/ena/browser/view/ERR16003707,https://www.ebi.ac.uk/biosamples/samples/SAMEA120800649,ftp.sra.ebi.ac.uk/vol1/fastq/ERR160/007/ERR16003707/ERR16003707_1.fastq.gz;ftp.sra.ebi.ac.uk/vol1/fastq/ERR160/007/ERR16003707/ERR16003707_2.fastq.gz,"Import the ENA run/sample mapping into the microsample sequencing source table"
P1,J,J024eD104A,M304037,ERR16003679,SAMEA120800621,ERS28322847,J024eD104A018,J024eD104A018_L1,2025-12-10,https://www.ebi.ac.uk/ena/browser/view/ERR16003679,https://www.ebi.ac.uk/biosamples/samples/SAMEA120800621,ftp.sra.ebi.ac.uk/vol1/fastq/ERR160/079/ERR16003679/ERR16003679_1.fastq.gz;ftp.sra.ebi.ac.uk/vol1/fastq/ERR160/079/ERR16003679/ERR16003679_2.fastq.gz,"Import the ENA run/sample mapping into the microsample sequencing source table"
P1,J,J024eD104A,M304039,ERR16003846,SAMEA120800788,ERS28323014,J024eD104A019,J024eD104A019_L1,2025-12-10,https://www.ebi.ac.uk/ena/browser/view/ERR16003846,https://www.ebi.ac.uk/biosamples/samples/SAMEA120800788,ftp.sra.ebi.ac.uk/vol1/fastq/ERR160/046/ERR16003846/ERR16003846_1.fastq.gz;ftp.sra.ebi.ac.uk/vol1/fastq/ERR160/046/ERR16003846/ERR16003846_2.fastq.gz,"Import the ENA run/sample mapping into the microsample sequencing source table"
P1,J,J024eD104A,M304040,ERR16004220,SAMEA120801162,ERS28323388,J024eD104A020,J024eD104A020_L1,2025-12-11,https://www.ebi.ac.uk/ena/browser/view/ERR16004220,https://www.ebi.ac.uk/biosamples/samples/SAMEA120801162,ftp.sra.ebi.ac.uk/vol1/fastq/ERR160/020/ERR16004220/ERR16004220_1.fastq.gz;ftp.sra.ebi.ac.uk/vol1/fastq/ERR160/020/ERR16004220/ERR16004220_2.fastq.gz,"Import the ENA run/sample mapping into the microsample sequencing source table"
P1,J,J024eD104A,M304041,ERR16004210,SAMEA120801152,ERS28323378,J024eD104A021,J024eD104A021_L1,2025-12-10,https://www.ebi.ac.uk/ena/browser/view/ERR16004210,https://www.ebi.ac.uk/biosamples/samples/SAMEA120801152,ftp.sra.ebi.ac.uk/vol1/fastq/ERR160/010/ERR16004210/ERR16004210_1.fastq.gz;ftp.sra.ebi.ac.uk/vol1/fastq/ERR160/010/ERR16004210/ERR16004210_2.fastq.gz,"Import the ENA run/sample mapping into the microsample sequencing source table"
P1,J,J024eD104A,M304042,ERR16003977,SAMEA120800919,ERS28323145,J024eD104A022,J024eD104A022_L1,2025-12-10,https://www.ebi.ac.uk/ena/browser/view/ERR16003977,https://www.ebi.ac.uk/biosamples/samples/SAMEA120800919,ftp.sra.ebi.ac.uk/vol1/fastq/ERR160/077/ERR16003977/ERR16003977_1.fastq.gz;ftp.sra.ebi.ac.uk/vol1/fastq/ERR160/077/ERR16003977/ERR16003977_2.fastq.gz,"Import the ENA run/sample mapping into the microsample sequencing source table"
P1,J,J024eD104A,M304043,ERR16004159,SAMEA120801101,ERS28323327,J024eD104A023,J024eD104A023_L1,2025-12-10,https://www.ebi.ac.uk/ena/browser/view/ERR16004159,https://www.ebi.ac.uk/biosamples/samples/SAMEA120801101,ftp.sra.ebi.ac.uk/vol1/fastq/ERR160/059/ERR16004159/ERR16004159_1.fastq.gz;ftp.sra.ebi.ac.uk/vol1/fastq/ERR160/059/ERR16004159/ERR16004159_2.fastq.gz,"Import the ENA run/sample mapping into the microsample sequencing source table"
P1,J,J024eD104A,M304044,ERR16003714,SAMEA120800656,ERS28322882,J024eD104A024,J024eD104A024_L1,2025-12-10,https://www.ebi.ac.uk/ena/browser/view/ERR16003714,https://www.ebi.ac.uk/biosamples/samples/SAMEA120800656,ftp.sra.ebi.ac.uk/vol1/fastq/ERR160/014/ERR16003714/ERR16003714_1.fastq.gz;ftp.sra.ebi.ac.uk/vol1/fastq/ERR160/014/ERR16003714/ERR16003714_2.fastq.gz,"Import the ENA run/sample mapping into the microsample sequencing source table"
P1,J,J024eD104A,M304045,ERR16004225,SAMEA120801167,ERS28323393,J024eD104A025,J024eD104A025_L1,2025-12-10,https://www.ebi.ac.uk/ena/browser/view/ERR16004225,https://www.ebi.ac.uk/biosamples/samples/SAMEA120801167,ftp.sra.ebi.ac.uk/vol1/fastq/ERR160/025/ERR16004225/ERR16004225_1.fastq.gz;ftp.sra.ebi.ac.uk/vol1/fastq/ERR160/025/ERR16004225/ERR16004225_2.fastq.gz,"Import the ENA run/sample mapping into the microsample sequencing source table"
P1,J,J024eD104A,M304046,ERR16004113,SAMEA120801055,ERS28323281,J024eD104A026,J024eD104A026_L1,2025-12-10,https://www.ebi.ac.uk/ena/browser/view/ERR16004113,https://www.ebi.ac.uk/biosamples/samples/SAMEA120801055,ftp.sra.ebi.ac.uk/vol1/fastq/ERR160/013/ERR16004113/ERR16004113_1.fastq.gz;ftp.sra.ebi.ac.uk/vol1/fastq/ERR160/013/ERR16004113/ERR16004113_2.fastq.gz,"Import the ENA run/sample mapping into the microsample sequencing source table"
P1,J,J024eD104A,M304048,ERR16004288,SAMEA120801337,ERS28323563,J024eD104A027,J024eD104A027_L1,2025-12-22,https://www.ebi.ac.uk/ena/browser/view/ERR16004288,https://www.ebi.ac.uk/biosamples/samples/SAMEA120801337,ftp.sra.ebi.ac.uk/vol1/fastq/ERR160/088/ERR16004288/ERR16004288_1.fastq.gz;ftp.sra.ebi.ac.uk/vol1/fastq/ERR160/088/ERR16004288/ERR16004288_2.fastq.gz,"Import the ENA run/sample mapping into the microsample sequencing source table"
P1,J,J024eD104A,M304049,ERR16003990,SAMEA120800932,ERS28323158,J024eD104A028,J024eD104A028_L1,2025-12-10,https://www.ebi.ac.uk/ena/browser/view/ERR16003990,https://www.ebi.ac.uk/biosamples/samples/SAMEA120800932,ftp.sra.ebi.ac.uk/vol1/fastq/ERR160/090/ERR16003990/ERR16003990_1.fastq.gz;ftp.sra.ebi.ac.uk/vol1/fastq/ERR160/090/ERR16003990/ERR16003990_2.fastq.gz,"Import the ENA run/sample mapping into the microsample sequencing source table"
P1,J,J024eD104A,M304050,ERR16004030,SAMEA120800972,ERS28323198,J024eD104A029,J024eD104A029_L1,2025-12-10,https://www.ebi.ac.uk/ena/browser/view/ERR16004030,https://www.ebi.ac.uk/biosamples/samples/SAMEA120800972,ftp.sra.ebi.ac.uk/vol1/fastq/ERR160/030/ERR16004030/ERR16004030_1.fastq.gz;ftp.sra.ebi.ac.uk/vol1/fastq/ERR160/030/ERR16004030/ERR16004030_2.fastq.gz,"Import the ENA run/sample mapping into the microsample sequencing source table"
P1,J,J024eD104A,M304051,ERR16004256,SAMEA120801198,ERS28323424,J024eD104A030,J024eD104A030_L1,2025-12-22,https://www.ebi.ac.uk/ena/browser/view/ERR16004256,https://www.ebi.ac.uk/biosamples/samples/SAMEA120801198,ftp.sra.ebi.ac.uk/vol1/fastq/ERR160/056/ERR16004256/ERR16004256_1.fastq.gz;ftp.sra.ebi.ac.uk/vol1/fastq/ERR160/056/ERR16004256/ERR16004256_2.fastq.gz,"Import the ENA run/sample mapping into the microsample sequencing source table"
P1,J,J024eD104A,M304052,ERR16003741,SAMEA120800683,ERS28322909,J024eD104A031,J024eD104A031_L1,2025-12-10,https://www.ebi.ac.uk/ena/browser/view/ERR16003741,https://www.ebi.ac.uk/biosamples/samples/SAMEA120800683,ftp.sra.ebi.ac.uk/vol1/fastq/ERR160/041/ERR16003741/ERR16003741_1.fastq.gz;ftp.sra.ebi.ac.uk/vol1/fastq/ERR160/041/ERR16003741/ERR16003741_2.fastq.gz,"Import the ENA run/sample mapping into the microsample sequencing source table"
P1,J,J024eD104A,M304053,ERR16004124,SAMEA120801066,ERS28323292,J024eD104A032,J024eD104A032_L1,2025-12-10,https://www.ebi.ac.uk/ena/browser/view/ERR16004124,https://www.ebi.ac.uk/biosamples/samples/SAMEA120801066,ftp.sra.ebi.ac.uk/vol1/fastq/ERR160/024/ERR16004124/ERR16004124_1.fastq.gz;ftp.sra.ebi.ac.uk/vol1/fastq/ERR160/024/ERR16004124/ERR16004124_2.fastq.gz,"Import the ENA run/sample mapping into the microsample sequencing source table"
P1,J,J024eD104A,M304054,ERR16003882,SAMEA120800824,ERS28323050,J024eD104A033,J024eD104A033_L1,2025-12-10,https://www.ebi.ac.uk/ena/browser/view/ERR16003882,https://www.ebi.ac.uk/biosamples/samples/SAMEA120800824,ftp.sra.ebi.ac.uk/vol1/fastq/ERR160/082/ERR16003882/ERR16003882_1.fastq.gz;ftp.sra.ebi.ac.uk/vol1/fastq/ERR160/082/ERR16003882/ERR16003882_2.fastq.gz,"Import the ENA run/sample mapping into the microsample sequencing source table"
P1,J,J024eD104A,M304055,ERR16003630,SAMEA120800572,ERS28322798,J024eD104A034,J024eD104A034_L1,2025-12-10,https://www.ebi.ac.uk/ena/browser/view/ERR16003630,https://www.ebi.ac.uk/biosamples/samples/SAMEA120800572,ftp.sra.ebi.ac.uk/vol1/fastq/ERR160/030/ERR16003630/ERR16003630_1.fastq.gz;ftp.sra.ebi.ac.uk/vol1/fastq/ERR160/030/ERR16003630/ERR16003630_2.fastq.gz,"Import the ENA run/sample mapping into the microsample sequencing source table"
P1,J,J024eD104A,M304056,ERR16003812,SAMEA120800754,ERS28322980,J024eD104A035,J024eD104A035_L1,2025-12-10,https://www.ebi.ac.uk/ena/browser/view/ERR16003812,https://www.ebi.ac.uk/biosamples/samples/SAMEA120800754,ftp.sra.ebi.ac.uk/vol1/fastq/ERR160/012/ERR16003812/ERR16003812_1.fastq.gz;ftp.sra.ebi.ac.uk/vol1/fastq/ERR160/012/ERR16003812/ERR16003812_2.fastq.gz,"Import the ENA run/sample mapping into the microsample sequencing source table"
P1,J,J024eD104A,M304058,ERR16003994,SAMEA120800936,ERS28323162,J024eD104A036,J024eD104A036_L1,2025-12-10,https://www.ebi.ac.uk/ena/browser/view/ERR16003994,https://www.ebi.ac.uk/biosamples/samples/SAMEA120800936,ftp.sra.ebi.ac.uk/vol1/fastq/ERR160/094/ERR16003994/ERR16003994_1.fastq.gz;ftp.sra.ebi.ac.uk/vol1/fastq/ERR160/094/ERR16003994/ERR16003994_2.fastq.gz,"Import the ENA run/sample mapping into the microsample sequencing source table"
P1,J,J024eD104A,M304059,ERR16003727,SAMEA120800669,ERS28322895,J024eD104A037,J024eD104A037_L1,2025-12-10,https://www.ebi.ac.uk/ena/browser/view/ERR16003727,https://www.ebi.ac.uk/biosamples/samples/SAMEA120800669,ftp.sra.ebi.ac.uk/vol1/fastq/ERR160/027/ERR16003727/ERR16003727_1.fastq.gz;ftp.sra.ebi.ac.uk/vol1/fastq/ERR160/027/ERR16003727/ERR16003727_2.fastq.gz,"Import the ENA run/sample mapping into the microsample sequencing source table"
P1,J,J024eD104A,M304061,ERR16003875,SAMEA120800817,ERS28323043,J024eD104A038,J024eD104A038_L1,2025-12-10,https://www.ebi.ac.uk/ena/browser/view/ERR16003875,https://www.ebi.ac.uk/biosamples/samples/SAMEA120800817,ftp.sra.ebi.ac.uk/vol1/fastq/ERR160/075/ERR16003875/ERR16003875_1.fastq.gz;ftp.sra.ebi.ac.uk/vol1/fastq/ERR160/075/ERR16003875/ERR16003875_2.fastq.gz,"Import the ENA run/sample mapping into the microsample sequencing source table"
P1,J,J024eD104A,M304062,ERR16004088,SAMEA120801030,ERS28323256,J024eD104A039,J024eD104A039_L1,2025-12-10,https://www.ebi.ac.uk/ena/browser/view/ERR16004088,https://www.ebi.ac.uk/biosamples/samples/SAMEA120801030,ftp.sra.ebi.ac.uk/vol1/fastq/ERR160/088/ERR16004088/ERR16004088_1.fastq.gz;ftp.sra.ebi.ac.uk/vol1/fastq/ERR160/088/ERR16004088/ERR16004088_2.fastq.gz,"Import the ENA run/sample mapping into the microsample sequencing source table"
P1,J,J024eD104A,M304063,ERR16004278,SAMEA120801220,ERS28323446,J024eD104A040,J024eD104A040_L1,2025-12-10,https://www.ebi.ac.uk/ena/browser/view/ERR16004278,https://www.ebi.ac.uk/biosamples/samples/SAMEA120801220,ftp.sra.ebi.ac.uk/vol1/fastq/ERR160/078/ERR16004278/ERR16004278_1.fastq.gz;ftp.sra.ebi.ac.uk/vol1/fastq/ERR160/078/ERR16004278/ERR16004278_2.fastq.gz,"Import the ENA run/sample mapping into the microsample sequencing source table"
P1,J,J024eD104A,M304064,ERR16004065,SAMEA120801007,ERS28323233,J024eD104A041,J024eD104A041_L1,2025-12-10,https://www.ebi.ac.uk/ena/browser/view/ERR16004065,https://www.ebi.ac.uk/biosamples/samples/SAMEA120801007,ftp.sra.ebi.ac.uk/vol1/fastq/ERR160/065/ERR16004065/ERR16004065_1.fastq.gz;ftp.sra.ebi.ac.uk/vol1/fastq/ERR160/065/ERR16004065/ERR16004065_2.fastq.gz,"Import the ENA run/sample mapping into the microsample sequencing source table"
P1,J,J024eD104A,M304065,ERR16004062,SAMEA120801004,ERS28323230,J024eD104A042,J024eD104A042_L1,2025-12-10,https://www.ebi.ac.uk/ena/browser/view/ERR16004062,https://www.ebi.ac.uk/biosamples/samples/SAMEA120801004,ftp.sra.ebi.ac.uk/vol1/fastq/ERR160/062/ERR16004062/ERR16004062_1.fastq.gz;ftp.sra.ebi.ac.uk/vol1/fastq/ERR160/062/ERR16004062/ERR16004062_2.fastq.gz,"Import the ENA run/sample mapping into the microsample sequencing source table"
P1,J,J024eD104B,M304114,ERR16004213,SAMEA120801155,ERS28323381,J024eD104B001,J024eD104B001_L1,2025-12-10,https://www.ebi.ac.uk/ena/browser/view/ERR16004213,https://www.ebi.ac.uk/biosamples/samples/SAMEA120801155,ftp.sra.ebi.ac.uk/vol1/fastq/ERR160/013/ERR16004213/ERR16004213_1.fastq.gz;ftp.sra.ebi.ac.uk/vol1/fastq/ERR160/013/ERR16004213/ERR16004213_2.fastq.gz,"Import the ENA run/sample mapping into the microsample sequencing source table"
P1,J,J024eD104B,M304116,ERR16003992,SAMEA120800934,ERS28323160,J024eD104B002,J024eD104B002_L1,2025-12-10,https://www.ebi.ac.uk/ena/browser/view/ERR16003992,https://www.ebi.ac.uk/biosamples/samples/SAMEA120800934,ftp.sra.ebi.ac.uk/vol1/fastq/ERR160/092/ERR16003992/ERR16003992_1.fastq.gz;ftp.sra.ebi.ac.uk/vol1/fastq/ERR160/092/ERR16003992/ERR16003992_2.fastq.gz,"Import the ENA run/sample mapping into the microsample sequencing source table"
P1,J,J024eD104B,M304117,ERR16003593,SAMEA120800535,ERS28322761,J024eD104B003,J024eD104B003_L1,2025-12-10,https://www.ebi.ac.uk/ena/browser/view/ERR16003593,https://www.ebi.ac.uk/biosamples/samples/SAMEA120800535,ftp.sra.ebi.ac.uk/vol1/fastq/ERR160/093/ERR16003593/ERR16003593_1.fastq.gz;ftp.sra.ebi.ac.uk/vol1/fastq/ERR160/093/ERR16003593/ERR16003593_2.fastq.gz,"Import the ENA run/sample mapping into the microsample sequencing source table"
P1,J,J024eD104B,M304118,ERR16003699,SAMEA120800641,ERS28322867,J024eD104B004,J024eD104B004_L1,2025-12-10,https://www.ebi.ac.uk/ena/browser/view/ERR16003699,https://www.ebi.ac.uk/biosamples/samples/SAMEA120800641,ftp.sra.ebi.ac.uk/vol1/fastq/ERR160/099/ERR16003699/ERR16003699_1.fastq.gz;ftp.sra.ebi.ac.uk/vol1/fastq/ERR160/099/ERR16003699/ERR16003699_2.fastq.gz,"Import the ENA run/sample mapping into the microsample sequencing source table"
P1,J,J024eD104B,M304119,ERR16004155,SAMEA120801097,ERS28323323,J024eD104B005,J024eD104B005_L1,2025-12-10,https://www.ebi.ac.uk/ena/browser/view/ERR16004155,https://www.ebi.ac.uk/biosamples/samples/SAMEA120801097,ftp.sra.ebi.ac.uk/vol1/fastq/ERR160/055/ERR16004155/ERR16004155_1.fastq.gz;ftp.sra.ebi.ac.uk/vol1/fastq/ERR160/055/ERR16004155/ERR16004155_2.fastq.gz,"Import the ENA run/sample mapping into the microsample sequencing source table"
P1,J,J024eD104B,M304120,ERR16004199,SAMEA120801141,ERS28323367,J024eD104B006,J024eD104B006_L1,2025-12-11,https://www.ebi.ac.uk/ena/browser/view/ERR16004199,https://www.ebi.ac.uk/biosamples/samples/SAMEA120801141,ftp.sra.ebi.ac.uk/vol1/fastq/ERR160/099/ERR16004199/ERR16004199_1.fastq.gz;ftp.sra.ebi.ac.uk/vol1/fastq/ERR160/099/ERR16004199/ERR16004199_2.fastq.gz,"Import the ENA run/sample mapping into the microsample sequencing source table"
P1,J,J024eD104B,M304121,ERR16003794,SAMEA120800736,ERS28322962,J024eD104B007,J024eD104B007_L1,2025-12-10,https://www.ebi.ac.uk/ena/browser/view/ERR16003794,https://www.ebi.ac.uk/biosamples/samples/SAMEA120800736,ftp.sra.ebi.ac.uk/vol1/fastq/ERR160/094/ERR16003794/ERR16003794_1.fastq.gz;ftp.sra.ebi.ac.uk/vol1/fastq/ERR160/094/ERR16003794/ERR16003794_2.fastq.gz,"Import the ENA run/sample mapping into the microsample sequencing source table"
P1,J,J024eD104B,M304122,ERR16004094,SAMEA120801036,ERS28323262,J024eD104B008,J024eD104B008_L1,2025-12-10,https://www.ebi.ac.uk/ena/browser/view/ERR16004094,https://www.ebi.ac.uk/biosamples/samples/SAMEA120801036,ftp.sra.ebi.ac.uk/vol1/fastq/ERR160/094/ERR16004094/ERR16004094_1.fastq.gz;ftp.sra.ebi.ac.uk/vol1/fastq/ERR160/094/ERR16004094/ERR16004094_2.fastq.gz,"Import the ENA run/sample mapping into the microsample sequencing source table"
P1,J,J024eD104B,M304123,ERR16003931,SAMEA120800873,ERS28323099,J024eD104B009,J024eD104B009_L1,2025-12-10,https://www.ebi.ac.uk/ena/browser/view/ERR16003931,https://www.ebi.ac.uk/biosamples/samples/SAMEA120800873,ftp.sra.ebi.ac.uk/vol1/fastq/ERR160/031/ERR16003931/ERR16003931_1.fastq.gz;ftp.sra.ebi.ac.uk/vol1/fastq/ERR160/031/ERR16003931/ERR16003931_2.fastq.gz,"Import the ENA run/sample mapping into the microsample sequencing source table"
P1,J,J024eD104B,M304124,ERR16003553,SAMEA120800495,ERS28322721,J024eD104B010,J024eD104B010_L1,2025-12-10,https://www.ebi.ac.uk/ena/browser/view/ERR16003553,https://www.ebi.ac.uk/biosamples/samples/SAMEA120800495,ftp.sra.ebi.ac.uk/vol1/fastq/ERR160/053/ERR16003553/ERR16003553_1.fastq.gz;ftp.sra.ebi.ac.uk/vol1/fastq/ERR160/053/ERR16003553/ERR16003553_2.fastq.gz,"Import the ENA run/sample mapping into the microsample sequencing source table"
P1,J,J024eD104B,M304125,ERR16003761,SAMEA120800703,ERS28322929,J024eD104B011,J024eD104B011_L1,2025-12-10,https://www.ebi.ac.uk/ena/browser/view/ERR16003761,https://www.ebi.ac.uk/biosamples/samples/SAMEA120800703,ftp.sra.ebi.ac.uk/vol1/fastq/ERR160/061/ERR16003761/ERR16003761_1.fastq.gz;ftp.sra.ebi.ac.uk/vol1/fastq/ERR160/061/ERR16003761/ERR16003761_2.fastq.gz,"Import the ENA run/sample mapping into the microsample sequencing source table"
P1,J,J024eD104B,M304126,ERR16003969,SAMEA120800911,ERS28323137,J024eD104B012,J024eD104B012_L1,2025-12-10,https://www.ebi.ac.uk/ena/browser/view/ERR16003969,https://www.ebi.ac.uk/biosamples/samples/SAMEA120800911,ftp.sra.ebi.ac.uk/vol1/fastq/ERR160/069/ERR16003969/ERR16003969_1.fastq.gz;ftp.sra.ebi.ac.uk/vol1/fastq/ERR160/069/ERR16003969/ERR16003969_2.fastq.gz,"Import the ENA run/sample mapping into the microsample sequencing source table"
P1,J,J024eD104B,M304128,ERR16004237,SAMEA120801179,ERS28323405,J024eD104B013,J024eD104B013_L1,2025-12-10,https://www.ebi.ac.uk/ena/browser/view/ERR16004237,https://www.ebi.ac.uk/biosamples/samples/SAMEA120801179,ftp.sra.ebi.ac.uk/vol1/fastq/ERR160/037/ERR16004237/ERR16004237_1.fastq.gz;ftp.sra.ebi.ac.uk/vol1/fastq/ERR160/037/ERR16004237/ERR16004237_2.fastq.gz,"Import the ENA run/sample mapping into the microsample sequencing source table"
P1,J,J024eD104B,M304129,ERR16004099,SAMEA120801041,ERS28323267,J024eD104B014,J024eD104B014_L1,2025-12-10,https://www.ebi.ac.uk/ena/browser/view/ERR16004099,https://www.ebi.ac.uk/biosamples/samples/SAMEA120801041,ftp.sra.ebi.ac.uk/vol1/fastq/ERR160/099/ERR16004099/ERR16004099_1.fastq.gz;ftp.sra.ebi.ac.uk/vol1/fastq/ERR160/099/ERR16004099/ERR16004099_2.fastq.gz,"Import the ENA run/sample mapping into the microsample sequencing source table"
P1,J,J024eD104B,M304130,ERR16003900,SAMEA120800842,ERS28323068,J024eD104B015,J024eD104B015_L1,2025-12-10,https://www.ebi.ac.uk/ena/browser/view/ERR16003900,https://www.ebi.ac.uk/biosamples/samples/SAMEA120800842,ftp.sra.ebi.ac.uk/vol1/fastq/ERR160/000/ERR16003900/ERR16003900_1.fastq.gz;ftp.sra.ebi.ac.uk/vol1/fastq/ERR160/000/ERR16003900/ERR16003900_2.fastq.gz,"Import the ENA run/sample mapping into the microsample sequencing source table"
P1,J,J024eD104B,M304131,ERR16003578,SAMEA120800520,ERS28322746,J024eD104B016,J024eD104B016_L1,2025-12-10,https://www.ebi.ac.uk/ena/browser/view/ERR16003578,https://www.ebi.ac.uk/biosamples/samples/SAMEA120800520,ftp.sra.ebi.ac.uk/vol1/fastq/ERR160/078/ERR16003578/ERR16003578_1.fastq.gz;ftp.sra.ebi.ac.uk/vol1/fastq/ERR160/078/ERR16003578/ERR16003578_2.fastq.gz,"Import the ENA run/sample mapping into the microsample sequencing source table"
P1,J,J024eD104B,M304133,ERR16003674,SAMEA120800616,ERS28322842,J024eD104B017,J024eD104B017_L1,2025-12-10,https://www.ebi.ac.uk/ena/browser/view/ERR16003674,https://www.ebi.ac.uk/biosamples/samples/SAMEA120800616,ftp.sra.ebi.ac.uk/vol1/fastq/ERR160/074/ERR16003674/ERR16003674_1.fastq.gz;ftp.sra.ebi.ac.uk/vol1/fastq/ERR160/074/ERR16003674/ERR16003674_2.fastq.gz,"Import the ENA run/sample mapping into the microsample sequencing source table"
P1,J,J024eD104B,M304134,ERR16003690,SAMEA120800632,ERS28322858,J024eD104B018,J024eD104B018_L1,2025-12-10,https://www.ebi.ac.uk/ena/browser/view/ERR16003690,https://www.ebi.ac.uk/biosamples/samples/SAMEA120800632,ftp.sra.ebi.ac.uk/vol1/fastq/ERR160/090/ERR16003690/ERR16003690_1.fastq.gz;ftp.sra.ebi.ac.uk/vol1/fastq/ERR160/090/ERR16003690/ERR16003690_2.fastq.gz,"Import the ENA run/sample mapping into the microsample sequencing source table"
P1,J,J024eD104B,M304135,ERR16003920,SAMEA120800862,ERS28323088,J024eD104B019,J024eD104B019_L1,2025-12-10,https://www.ebi.ac.uk/ena/browser/view/ERR16003920,https://www.ebi.ac.uk/biosamples/samples/SAMEA120800862,ftp.sra.ebi.ac.uk/vol1/fastq/ERR160/020/ERR16003920/ERR16003920_1.fastq.gz;ftp.sra.ebi.ac.uk/vol1/fastq/ERR160/020/ERR16003920/ERR16003920_2.fastq.gz,"Import the ENA run/sample mapping into the microsample sequencing source table"
P1,J,J024eD104B,M304136,ERR16003724,SAMEA120800666,ERS28322892,J024eD104B020,J024eD104B020_L1,2025-12-10,https://www.ebi.ac.uk/ena/browser/view/ERR16003724,https://www.ebi.ac.uk/biosamples/samples/SAMEA120800666,ftp.sra.ebi.ac.uk/vol1/fastq/ERR160/024/ERR16003724/ERR16003724_1.fastq.gz;ftp.sra.ebi.ac.uk/vol1/fastq/ERR160/024/ERR16003724/ERR16003724_2.fastq.gz,"Import the ENA run/sample mapping into the microsample sequencing source table"
P1,J,J024eD104B,M304137,ERR16003869,SAMEA120800811,ERS28323037,J024eD104B021,J024eD104B021_L1,2025-12-10,https://www.ebi.ac.uk/ena/browser/view/ERR16003869,https://www.ebi.ac.uk/biosamples/samples/SAMEA120800811,ftp.sra.ebi.ac.uk/vol1/fastq/ERR160/069/ERR16003869/ERR16003869_1.fastq.gz;ftp.sra.ebi.ac.uk/vol1/fastq/ERR160/069/ERR16003869/ERR16003869_2.fastq.gz,"Import the ENA run/sample mapping into the microsample sequencing source table"
P1,J,J024eD104B,M304138,ERR16003608,SAMEA120800550,ERS28322776,J024eD104B022,J024eD104B022_L1,2025-12-11,https://www.ebi.ac.uk/ena/browser/view/ERR16003608,https://www.ebi.ac.uk/biosamples/samples/SAMEA120800550,ftp.sra.ebi.ac.uk/vol1/fastq/ERR160/008/ERR16003608/ERR16003608_1.fastq.gz;ftp.sra.ebi.ac.uk/vol1/fastq/ERR160/008/ERR16003608/ERR16003608_2.fastq.gz,"Import the ENA run/sample mapping into the microsample sequencing source table"
P1,J,J024eD104B,M304139,ERR16003766,SAMEA120800708,ERS28322934,J024eD104B023,J024eD104B023_L1,2025-12-10,https://www.ebi.ac.uk/ena/browser/view/ERR16003766,https://www.ebi.ac.uk/biosamples/samples/SAMEA120800708,ftp.sra.ebi.ac.uk/vol1/fastq/ERR160/066/ERR16003766/ERR16003766_1.fastq.gz;ftp.sra.ebi.ac.uk/vol1/fastq/ERR160/066/ERR16003766/ERR16003766_2.fastq.gz,"Import the ENA run/sample mapping into the microsample sequencing source table"
P1,J,J024eD104B,M304140,ERR16004027,SAMEA120800969,ERS28323195,J024eD104B024,J024eD104B024_L1,2025-12-10,https://www.ebi.ac.uk/ena/browser/view/ERR16004027,https://www.ebi.ac.uk/biosamples/samples/SAMEA120800969,ftp.sra.ebi.ac.uk/vol1/fastq/ERR160/027/ERR16004027/ERR16004027_1.fastq.gz;ftp.sra.ebi.ac.uk/vol1/fastq/ERR160/027/ERR16004027/ERR16004027_2.fastq.gz,"Import the ENA run/sample mapping into the microsample sequencing source table"
P1,J,J024eD104B,M304142,ERR16003746,SAMEA120800688,ERS28322914,J024eD104B025,J024eD104B025_L1,2025-12-10,https://www.ebi.ac.uk/ena/browser/view/ERR16003746,https://www.ebi.ac.uk/biosamples/samples/SAMEA120800688,ftp.sra.ebi.ac.uk/vol1/fastq/ERR160/046/ERR16003746/ERR16003746_1.fastq.gz;ftp.sra.ebi.ac.uk/vol1/fastq/ERR160/046/ERR16003746/ERR16003746_2.fastq.gz,"Import the ENA run/sample mapping into the microsample sequencing source table"
P1,J,J024eD104B,M304143,ERR16003655,SAMEA120800597,ERS28322823,J024eD104B026,J024eD104B026_L1,2025-12-10,https://www.ebi.ac.uk/ena/browser/view/ERR16003655,https://www.ebi.ac.uk/biosamples/samples/SAMEA120800597,ftp.sra.ebi.ac.uk/vol1/fastq/ERR160/055/ERR16003655/ERR16003655_1.fastq.gz;ftp.sra.ebi.ac.uk/vol1/fastq/ERR160/055/ERR16003655/ERR16003655_2.fastq.gz,"Import the ENA run/sample mapping into the microsample sequencing source table"
P1,J,J024eD104B,M304144,ERR16003849,SAMEA120800792,ERS28323018,J024eD104B027,J024eD104B027_L1,2025-12-10,https://www.ebi.ac.uk/ena/browser/view/ERR16003849,https://www.ebi.ac.uk/biosamples/samples/SAMEA120800792,ftp.sra.ebi.ac.uk/vol1/fastq/ERR160/049/ERR16003849/ERR16003849_1.fastq.gz;ftp.sra.ebi.ac.uk/vol1/fastq/ERR160/049/ERR16003849/ERR16003849_2.fastq.gz,"Import the ENA run/sample mapping into the microsample sequencing source table"
P1,J,J024eD104B,M304145,ERR16004047,SAMEA120800989,ERS28323215,J024eD104B028,J024eD104B028_L1,2025-12-10,https://www.ebi.ac.uk/ena/browser/view/ERR16004047,https://www.ebi.ac.uk/biosamples/samples/SAMEA120800989,ftp.sra.ebi.ac.uk/vol1/fastq/ERR160/047/ERR16004047/ERR16004047_1.fastq.gz;ftp.sra.ebi.ac.uk/vol1/fastq/ERR160/047/ERR16004047/ERR16004047_2.fastq.gz,"Import the ENA run/sample mapping into the microsample sequencing source table"
P1,J,J024eD104B,M304146,ERR16003911,SAMEA120800853,ERS28323079,J024eD104B029,J024eD104B029_L1,2025-12-10,https://www.ebi.ac.uk/ena/browser/view/ERR16003911,https://www.ebi.ac.uk/biosamples/samples/SAMEA120800853,ftp.sra.ebi.ac.uk/vol1/fastq/ERR160/011/ERR16003911/ERR16003911_1.fastq.gz;ftp.sra.ebi.ac.uk/vol1/fastq/ERR160/011/ERR16003911/ERR16003911_2.fastq.gz,"Import the ENA run/sample mapping into the microsample sequencing source table"
P1,J,J024eD104B,M304147,ERR16003581,SAMEA120800523,ERS28322749,J024eD104B030,J024eD104B030_L1,2025-12-10,https://www.ebi.ac.uk/ena/browser/view/ERR16003581,https://www.ebi.ac.uk/biosamples/samples/SAMEA120800523,ftp.sra.ebi.ac.uk/vol1/fastq/ERR160/081/ERR16003581/ERR16003581_1.fastq.gz;ftp.sra.ebi.ac.uk/vol1/fastq/ERR160/081/ERR16003581/ERR16003581_2.fastq.gz,"Import the ENA run/sample mapping into the microsample sequencing source table"
P1,J,J024eD104B,M304148,ERR16003728,SAMEA120800670,ERS28322896,J024eD104B031,J024eD104B031_L1,2025-12-10,https://www.ebi.ac.uk/ena/browser/view/ERR16003728,https://www.ebi.ac.uk/biosamples/samples/SAMEA120800670,ftp.sra.ebi.ac.uk/vol1/fastq/ERR160/028/ERR16003728/ERR16003728_1.fastq.gz;ftp.sra.ebi.ac.uk/vol1/fastq/ERR160/028/ERR16003728/ERR16003728_2.fastq.gz,"Import the ENA run/sample mapping into the microsample sequencing source table"
P1,J,J024eD104B,M304149,ERR16003954,SAMEA120800896,ERS28323122,J024eD104B032,J024eD104B032_L1,2025-12-10,https://www.ebi.ac.uk/ena/browser/view/ERR16003954,https://www.ebi.ac.uk/biosamples/samples/SAMEA120800896,ftp.sra.ebi.ac.uk/vol1/fastq/ERR160/054/ERR16003954/ERR16003954_1.fastq.gz;ftp.sra.ebi.ac.uk/vol1/fastq/ERR160/054/ERR16003954/ERR16003954_2.fastq.gz,"Import the ENA run/sample mapping into the microsample sequencing source table"
P1,J,J024eD104B,M304150,ERR16004242,SAMEA120801184,ERS28323410,J024eD104B033,J024eD104B033_L1,2025-12-10,https://www.ebi.ac.uk/ena/browser/view/ERR16004242,https://www.ebi.ac.uk/biosamples/samples/SAMEA120801184,ftp.sra.ebi.ac.uk/vol1/fastq/ERR160/042/ERR16004242/ERR16004242_1.fastq.gz;ftp.sra.ebi.ac.uk/vol1/fastq/ERR160/042/ERR16004242/ERR16004242_2.fastq.gz,"Import the ENA run/sample mapping into the microsample sequencing source table"
P1,J,J024eD104B,M304151,ERR16003840,SAMEA120800782,ERS28323008,J024eD104B034,J024eD104B034_L1,2025-12-10,https://www.ebi.ac.uk/ena/browser/view/ERR16003840,https://www.ebi.ac.uk/biosamples/samples/SAMEA120800782,ftp.sra.ebi.ac.uk/vol1/fastq/ERR160/040/ERR16003840/ERR16003840_1.fastq.gz;ftp.sra.ebi.ac.uk/vol1/fastq/ERR160/040/ERR16003840/ERR16003840_2.fastq.gz,"Import the ENA run/sample mapping into the microsample sequencing source table"
P1,J,J024eD104B,M304152,ERR16003610,SAMEA120800552,ERS28322778,J024eD104B035,J024eD104B035_L1,2025-12-11,https://www.ebi.ac.uk/ena/browser/view/ERR16003610,https://www.ebi.ac.uk/biosamples/samples/SAMEA120800552,ftp.sra.ebi.ac.uk/vol1/fastq/ERR160/010/ERR16003610/ERR16003610_1.fastq.gz;ftp.sra.ebi.ac.uk/vol1/fastq/ERR160/010/ERR16003610/ERR16003610_2.fastq.gz,"Import the ENA run/sample mapping into the microsample sequencing source table"
P1,J,J024eD104B,M304154,ERR16004063,SAMEA120801005,ERS28323231,J024eD104B036,J024eD104B036_L1,2025-12-10,https://www.ebi.ac.uk/ena/browser/view/ERR16004063,https://www.ebi.ac.uk/biosamples/samples/SAMEA120801005,ftp.sra.ebi.ac.uk/vol1/fastq/ERR160/063/ERR16004063/ERR16004063_1.fastq.gz;ftp.sra.ebi.ac.uk/vol1/fastq/ERR160/063/ERR16004063/ERR16004063_2.fastq.gz,"Import the ENA run/sample mapping into the microsample sequencing source table"
P1,J,J024eD104B,M304156,ERR16003700,SAMEA120800642,ERS28322868,J024eD104B037,J024eD104B037_L1,2025-12-10,https://www.ebi.ac.uk/ena/browser/view/ERR16003700,https://www.ebi.ac.uk/biosamples/samples/SAMEA120800642,ftp.sra.ebi.ac.uk/vol1/fastq/ERR160/000/ERR16003700/ERR16003700_1.fastq.gz;ftp.sra.ebi.ac.uk/vol1/fastq/ERR160/000/ERR16003700/ERR16003700_2.fastq.gz,"Import the ENA run/sample mapping into the microsample sequencing source table"
P1,J,J024eD104B,M304157,ERR16003669,SAMEA120800611,ERS28322837,J024eD104B038,J024eD104B038_L1,2025-12-10,https://www.ebi.ac.uk/ena/browser/view/ERR16003669,https://www.ebi.ac.uk/biosamples/samples/SAMEA120800611,ftp.sra.ebi.ac.uk/vol1/fastq/ERR160/069/ERR16003669/ERR16003669_1.fastq.gz;ftp.sra.ebi.ac.uk/vol1/fastq/ERR160/069/ERR16003669/ERR16003669_2.fastq.gz,"Import the ENA run/sample mapping into the microsample sequencing source table"
P1,J,J024eD104B,M304158,ERR16003894,SAMEA120800836,ERS28323062,J024eD104B039,J024eD104B039_L1,2025-12-10,https://www.ebi.ac.uk/ena/browser/view/ERR16003894,https://www.ebi.ac.uk/biosamples/samples/SAMEA120800836,ftp.sra.ebi.ac.uk/vol1/fastq/ERR160/094/ERR16003894/ERR16003894_1.fastq.gz;ftp.sra.ebi.ac.uk/vol1/fastq/ERR160/094/ERR16003894/ERR16003894_2.fastq.gz,"Import the ENA run/sample mapping into the microsample sequencing source table"
P1,J,J024eD104B,M304159,ERR16004107,SAMEA120801049,ERS28323275,J024eD104B040,J024eD104B040_L1,2025-12-10,https://www.ebi.ac.uk/ena/browser/view/ERR16004107,https://www.ebi.ac.uk/biosamples/samples/SAMEA120801049,ftp.sra.ebi.ac.uk/vol1/fastq/ERR160/007/ERR16004107/ERR16004107_1.fastq.gz;ftp.sra.ebi.ac.uk/vol1/fastq/ERR160/007/ERR16004107/ERR16004107_2.fastq.gz,"Import the ENA run/sample mapping into the microsample sequencing source table"
P1,J,J024eD104B,M304160,ERR16003891,SAMEA120800833,ERS28323059,J024eD104B041,J024eD104B041_L1,2025-12-10,https://www.ebi.ac.uk/ena/browser/view/ERR16003891,https://www.ebi.ac.uk/biosamples/samples/SAMEA120800833,ftp.sra.ebi.ac.uk/vol1/fastq/ERR160/091/ERR16003891/ERR16003891_1.fastq.gz;ftp.sra.ebi.ac.uk/vol1/fastq/ERR160/091/ERR16003891/ERR16003891_2.fastq.gz,"Import the ENA run/sample mapping into the microsample sequencing source table"
P1,J,J024eD104B,M304161,ERR16003541,SAMEA120800483,ERS28322709,J024eD104B042,J024eD104B042_L1,2025-12-10,https://www.ebi.ac.uk/ena/browser/view/ERR16003541,https://www.ebi.ac.uk/biosamples/samples/SAMEA120800483,ftp.sra.ebi.ac.uk/vol1/fastq/ERR160/041/ERR16003541/ERR16003541_1.fastq.gz;ftp.sra.ebi.ac.uk/vol1/fastq/ERR160/041/ERR16003541/ERR16003541_2.fastq.gz,"Import the ENA run/sample mapping into the microsample sequencing source table"
P1,M,M002aI101B,M304859,ERR16024313,SAMEA120817413,ERS28339639,M002aI101B021,M002aI101B021_L1,2025-12-16,https://www.ebi.ac.uk/ena/browser/view/ERR16024313,https://www.ebi.ac.uk/biosamples/samples/SAMEA120817413,ftp.sra.ebi.ac.uk/vol1/fastq/ERR160/013/ERR16024313/ERR16024313_1.fastq.gz;ftp.sra.ebi.ac.uk/vol1/fastq/ERR160/013/ERR16024313/ERR16024313_2.fastq.gz,"Import the ENA run/sample mapping into the microsample sequencing source table"
P1,M,M017dI101B,M305238,ERR16024214,SAMEA120817313,ERS28339539,M017dI101B017,M017dI101B017_L1,2025-12-16,https://www.ebi.ac.uk/ena/browser/view/ERR16024214,https://www.ebi.ac.uk/biosamples/samples/SAMEA120817313,ftp.sra.ebi.ac.uk/vol1/fastq/ERR160/014/ERR16024214/ERR16024214_1.fastq.gz;ftp.sra.ebi.ac.uk/vol1/fastq/ERR160/014/ERR16024214/ERR16024214_2.fastq.gz,"Import the ENA run/sample mapping into the microsample sequencing source table"
P1,M,M018dI101A,M305327,ERR16026789,SAMEA120820319,ERS28342545,M018dI101A011,M018dI101A011_L1,2025-12-16,https://www.ebi.ac.uk/ena/browser/view/ERR16026789,https://www.ebi.ac.uk/biosamples/samples/SAMEA120820319,ftp.sra.ebi.ac.uk/vol1/fastq/ERR160/089/ERR16026789/ERR16026789_1.fastq.gz;ftp.sra.ebi.ac.uk/vol1/fastq/ERR160/089/ERR16026789/ERR16026789_2.fastq.gz,"Import the ENA run/sample mapping into the microsample sequencing source table"
P1,M,M018dI101A,M305422,ERR16026927,SAMEA120820445,ERS28342671,M018dI101A051,M018dI101A051_L1,2025-12-16,https://www.ebi.ac.uk/ena/browser/view/ERR16026927,https://www.ebi.ac.uk/biosamples/samples/SAMEA120820445,ftp.sra.ebi.ac.uk/vol1/fastq/ERR160/027/ERR16026927/ERR16026927_1.fastq.gz;ftp.sra.ebi.ac.uk/vol1/fastq/ERR160/027/ERR16026927/ERR16026927_2.fastq.gz,"Import the ENA run/sample mapping into the microsample sequencing source table"
P1,M,M018dI101A,M305434,ERR16026911,SAMEA120820431,ERS28342657,M018dI101A062,M018dI101A062_L1,2025-12-16,https://www.ebi.ac.uk/ena/browser/view/ERR16026911,https://www.ebi.ac.uk/biosamples/samples/SAMEA120820431,ftp.sra.ebi.ac.uk/vol1/fastq/ERR160/011/ERR16026911/ERR16026911_1.fastq.gz;ftp.sra.ebi.ac.uk/vol1/fastq/ERR160/011/ERR16026911/ERR16026911_2.fastq.gz,"Import the ENA run/sample mapping into the microsample sequencing source table"
P1,M,M018dI101A,M305435,ERR16026827,SAMEA120820353,ERS28342579,M018dI101A063,M018dI101A063_L1,2025-12-16,https://www.ebi.ac.uk/ena/browser/view/ERR16026827,https://www.ebi.ac.uk/biosamples/samples/SAMEA120820353,ftp.sra.ebi.ac.uk/vol1/fastq/ERR160/027/ERR16026827/ERR16026827_1.fastq.gz;ftp.sra.ebi.ac.uk/vol1/fastq/ERR160/027/ERR16026827/ERR16026827_2.fastq.gz,"Import the ENA run/sample mapping into the microsample sequencing source table"
P1,M,M018dI101A,M305436,ERR16026954,SAMEA120820487,ERS28342713,M018dI101A064,M018dI101A064_L1,2025-12-16,https://www.ebi.ac.uk/ena/browser/view/ERR16026954,https://www.ebi.ac.uk/biosamples/samples/SAMEA120820487,ftp.sra.ebi.ac.uk/vol1/fastq/ERR160/054/ERR16026954/ERR16026954_1.fastq.gz;ftp.sra.ebi.ac.uk/vol1/fastq/ERR160/054/ERR16026954/ERR16026954_2.fastq.gz,"Import the ENA run/sample mapping into the microsample sequencing source table"
P1,M,M018dI101A,M305437,ERR16026928,SAMEA120820446,ERS28342672,M018dI101A065,M018dI101A065_L1,2025-12-16,https://www.ebi.ac.uk/ena/browser/view/ERR16026928,https://www.ebi.ac.uk/biosamples/samples/SAMEA120820446,ftp.sra.ebi.ac.uk/vol1/fastq/ERR160/028/ERR16026928/ERR16026928_1.fastq.gz;ftp.sra.ebi.ac.uk/vol1/fastq/ERR160/028/ERR16026928/ERR16026928_2.fastq.gz,"Import the ENA run/sample mapping into the microsample sequencing source table"
P1,M,M018dI101A,M305444,ERR16026920,SAMEA120820439,ERS28342665,M018dI101A071,M018dI101A071_L1,2025-12-16,https://www.ebi.ac.uk/ena/browser/view/ERR16026920,https://www.ebi.ac.uk/biosamples/samples/SAMEA120820439,ftp.sra.ebi.ac.uk/vol1/fastq/ERR160/020/ERR16026920/ERR16026920_1.fastq.gz;ftp.sra.ebi.ac.uk/vol1/fastq/ERR160/020/ERR16026920/ERR16026920_2.fastq.gz,"Import the ENA run/sample mapping into the microsample sequencing source table"
P1,M,M018dI101A,M305457,ERR16026966,SAMEA120820498,ERS28342724,M018dI101A082,M018dI101A082_L1,2025-12-16,https://www.ebi.ac.uk/ena/browser/view/ERR16026966,https://www.ebi.ac.uk/biosamples/samples/SAMEA120820498,ftp.sra.ebi.ac.uk/vol1/fastq/ERR160/066/ERR16026966/ERR16026966_1.fastq.gz;ftp.sra.ebi.ac.uk/vol1/fastq/ERR160/066/ERR16026966/ERR16026966_2.fastq.gz,"Import the ENA run/sample mapping into the microsample sequencing source table"
P1,M,M022aH102A,M304788,ERR16024445,SAMEA120817544,ERS28339770,M022aH102A001,M022aH102A001_L1,2025-12-16,https://www.ebi.ac.uk/ena/browser/view/ERR16024445,https://www.ebi.ac.uk/biosamples/samples/SAMEA120817544,ftp.sra.ebi.ac.uk/vol1/fastq/ERR160/045/ERR16024445/ERR16024445_1.fastq.gz;ftp.sra.ebi.ac.uk/vol1/fastq/ERR160/045/ERR16024445/ERR16024445_2.fastq.gz,"Import the ENA run/sample mapping into the microsample sequencing source table"
P1,M,M022aH102B,M304918,ERR16024538,SAMEA120817637,ERS28339863,M022aH102B030,M022aH102B030_L1,2025-12-16,https://www.ebi.ac.uk/ena/browser/view/ERR16024538,https://www.ebi.ac.uk/biosamples/samples/SAMEA120817637,ftp.sra.ebi.ac.uk/vol1/fastq/ERR160/038/ERR16024538/ERR16024538_1.fastq.gz;ftp.sra.ebi.ac.uk/vol1/fastq/ERR160/038/ERR16024538/ERR16024538_2.fastq.gz,"Import the ENA run/sample mapping into the microsample sequencing source table"
P1,M,M022aH102B,M304924,ERR16024154,SAMEA120817253,ERS28339479,M022aH102B036,M022aH102B036_L1,2025-12-16,https://www.ebi.ac.uk/ena/browser/view/ERR16024154,https://www.ebi.ac.uk/biosamples/samples/SAMEA120817253,ftp.sra.ebi.ac.uk/vol1/fastq/ERR160/054/ERR16024154/ERR16024154_1.fastq.gz;ftp.sra.ebi.ac.uk/vol1/fastq/ERR160/054/ERR16024154/ERR16024154_2.fastq.gz,"Import the ENA run/sample mapping into the microsample sequencing source table"
P1,M,M039dI101A,M304942,ERR16024007,SAMEA120817106,ERS28339332,M039dI101A010,M039dI101A010_L1,2025-12-16,https://www.ebi.ac.uk/ena/browser/view/ERR16024007,https://www.ebi.ac.uk/biosamples/samples/SAMEA120817106,ftp.sra.ebi.ac.uk/vol1/fastq/ERR160/007/ERR16024007/ERR16024007_1.fastq.gz;ftp.sra.ebi.ac.uk/vol1/fastq/ERR160/007/ERR16024007/ERR16024007_2.fastq.gz,"Import the ENA run/sample mapping into the microsample sequencing source table"
P1,M,M039dI101A,M305041,ERR16024626,SAMEA120817726,ERS28339952,M039dI101A054,M039dI101A054_L1,2025-12-16,https://www.ebi.ac.uk/ena/browser/view/ERR16024626,https://www.ebi.ac.uk/biosamples/samples/SAMEA120817726,ftp.sra.ebi.ac.uk/vol1/fastq/ERR160/026/ERR16024626/ERR16024626_1.fastq.gz;ftp.sra.ebi.ac.uk/vol1/fastq/ERR160/026/ERR16024626/ERR16024626_2.fastq.gz,"Import the ENA run/sample mapping into the microsample sequencing source table"
P1,M,M039dI101A,M305052,ERR16024606,SAMEA120817705,ERS28339931,M039dI101A064,M039dI101A064_L1,2025-12-16,https://www.ebi.ac.uk/ena/browser/view/ERR16024606,https://www.ebi.ac.uk/biosamples/samples/SAMEA120817705,ftp.sra.ebi.ac.uk/vol1/fastq/ERR160/006/ERR16024606/ERR16024606_1.fastq.gz;ftp.sra.ebi.ac.uk/vol1/fastq/ERR160/006/ERR16024606/ERR16024606_2.fastq.gz,"Import the ENA run/sample mapping into the microsample sequencing source table"
P1,M,M039dI101A,M305054,ERR16023915,SAMEA120817013,ERS28339239,M039dI101A066,M039dI101A066_L1,2025-12-16,https://www.ebi.ac.uk/ena/browser/view/ERR16023915,https://www.ebi.ac.uk/biosamples/samples/SAMEA120817013,ftp.sra.ebi.ac.uk/vol1/fastq/ERR160/015/ERR16023915/ERR16023915_1.fastq.gz;ftp.sra.ebi.ac.uk/vol1/fastq/ERR160/015/ERR16023915/ERR16023915_2.fastq.gz,"Import the ENA run/sample mapping into the microsample sequencing source table"
P1,M,M039dI101A,M305064,ERR16024245,SAMEA120817344,ERS28339570,M039dI101A074,M039dI101A074_L1,2025-12-16,https://www.ebi.ac.uk/ena/browser/view/ERR16024245,https://www.ebi.ac.uk/biosamples/samples/SAMEA120817344,ftp.sra.ebi.ac.uk/vol1/fastq/ERR160/045/ERR16024245/ERR16024245_1.fastq.gz;ftp.sra.ebi.ac.uk/vol1/fastq/ERR160/045/ERR16024245/ERR16024245_2.fastq.gz,"Import the ENA run/sample mapping into the microsample sequencing source table"
P1,M,M041aI101A,M304548,ERR16024040,SAMEA120817138,ERS28339364,M041aI101A001,M041aI101A001_L1,2025-12-16,https://www.ebi.ac.uk/ena/browser/view/ERR16024040,https://www.ebi.ac.uk/biosamples/samples/SAMEA120817138,ftp.sra.ebi.ac.uk/vol1/fastq/ERR160/040/ERR16024040/ERR16024040_1.fastq.gz;ftp.sra.ebi.ac.uk/vol1/fastq/ERR160/040/ERR16024040/ERR16024040_2.fastq.gz,"Import the ENA run/sample mapping into the microsample sequencing source table"
P1,M,M041aI101A,M304549,ERR16023629,SAMEA120816390,ERS28338616,M041aI101A002,M041aI101A002_L1,2025-12-16,https://www.ebi.ac.uk/ena/browser/view/ERR16023629,https://www.ebi.ac.uk/biosamples/samples/SAMEA120816390,ftp.sra.ebi.ac.uk/vol1/fastq/ERR160/029/ERR16023629/ERR16023629_1.fastq.gz;ftp.sra.ebi.ac.uk/vol1/fastq/ERR160/029/ERR16023629/ERR16023629_2.fastq.gz,"Import the ENA run/sample mapping into the microsample sequencing source table"
P1,M,M041aI101A,M304550,ERR16024099,SAMEA120817198,ERS28339424,M041aI101A003,M041aI101A003_L1,2025-12-16,https://www.ebi.ac.uk/ena/browser/view/ERR16024099,https://www.ebi.ac.uk/biosamples/samples/SAMEA120817198,ftp.sra.ebi.ac.uk/vol1/fastq/ERR160/099/ERR16024099/ERR16024099_1.fastq.gz;ftp.sra.ebi.ac.uk/vol1/fastq/ERR160/099/ERR16024099/ERR16024099_2.fastq.gz,"Import the ENA run/sample mapping into the microsample sequencing source table"
P1,M,M041aI101A,M304551,ERR16024385,SAMEA120817484,ERS28339710,M041aI101A004,M041aI101A004_L1,2025-12-16,https://www.ebi.ac.uk/ena/browser/view/ERR16024385,https://www.ebi.ac.uk/biosamples/samples/SAMEA120817484,ftp.sra.ebi.ac.uk/vol1/fastq/ERR160/085/ERR16024385/ERR16024385_1.fastq.gz;ftp.sra.ebi.ac.uk/vol1/fastq/ERR160/085/ERR16024385/ERR16024385_2.fastq.gz,"Import the ENA run/sample mapping into the microsample sequencing source table"
P1,M,M041aI101A,M304552,ERR16023884,SAMEA120816646,ERS28338872,M041aI101A005,M041aI101A005_L1,2025-12-16,https://www.ebi.ac.uk/ena/browser/view/ERR16023884,https://www.ebi.ac.uk/biosamples/samples/SAMEA120816646,ftp.sra.ebi.ac.uk/vol1/fastq/ERR160/084/ERR16023884/ERR16023884_1.fastq.gz;ftp.sra.ebi.ac.uk/vol1/fastq/ERR160/084/ERR16023884/ERR16023884_2.fastq.gz,"Import the ENA run/sample mapping into the microsample sequencing source table"
P1,M,M041aI101A,M304553,ERR16024597,SAMEA120817696,ERS28339922,M041aI101A006,M041aI101A006_L1,2025-12-16,https://www.ebi.ac.uk/ena/browser/view/ERR16024597,https://www.ebi.ac.uk/biosamples/samples/SAMEA120817696,ftp.sra.ebi.ac.uk/vol1/fastq/ERR160/097/ERR16024597/ERR16024597_1.fastq.gz;ftp.sra.ebi.ac.uk/vol1/fastq/ERR160/097/ERR16024597/ERR16024597_2.fastq.gz,"Import the ENA run/sample mapping into the microsample sequencing source table"
P1,M,M041aI101A,M304555,ERR16024566,SAMEA120817665,ERS28339891,M041aI101A007,M041aI101A007_L1,2025-12-16,https://www.ebi.ac.uk/ena/browser/view/ERR16024566,https://www.ebi.ac.uk/biosamples/samples/SAMEA120817665,ftp.sra.ebi.ac.uk/vol1/fastq/ERR160/066/ERR16024566/ERR16024566_1.fastq.gz;ftp.sra.ebi.ac.uk/vol1/fastq/ERR160/066/ERR16024566/ERR16024566_2.fastq.gz,"Import the ENA run/sample mapping into the microsample sequencing source table"
P1,M,M041aI101A,M304556,ERR16024440,SAMEA120817539,ERS28339765,M041aI101A008,M041aI101A008_L1,2025-12-16,https://www.ebi.ac.uk/ena/browser/view/ERR16024440,https://www.ebi.ac.uk/biosamples/samples/SAMEA120817539,ftp.sra.ebi.ac.uk/vol1/fastq/ERR160/040/ERR16024440/ERR16024440_1.fastq.gz;ftp.sra.ebi.ac.uk/vol1/fastq/ERR160/040/ERR16024440/ERR16024440_2.fastq.gz,"Import the ENA run/sample mapping into the microsample sequencing source table"
P1,M,M041aI101A,M304557,ERR16024548,SAMEA120817648,ERS28339874,M041aI101A009,M041aI101A009_L1,2025-12-16,https://www.ebi.ac.uk/ena/browser/view/ERR16024548,https://www.ebi.ac.uk/biosamples/samples/SAMEA120817648,ftp.sra.ebi.ac.uk/vol1/fastq/ERR160/048/ERR16024548/ERR16024548_1.fastq.gz;ftp.sra.ebi.ac.uk/vol1/fastq/ERR160/048/ERR16024548/ERR16024548_2.fastq.gz,"Import the ENA run/sample mapping into the microsample sequencing source table"
P1,M,M041aI101A,M304558,ERR16024647,SAMEA120817748,ERS28339974,M041aI101A010,M041aI101A010_L1,2025-12-16,https://www.ebi.ac.uk/ena/browser/view/ERR16024647,https://www.ebi.ac.uk/biosamples/samples/SAMEA120817748,ftp.sra.ebi.ac.uk/vol1/fastq/ERR160/047/ERR16024647/ERR16024647_1.fastq.gz;ftp.sra.ebi.ac.uk/vol1/fastq/ERR160/047/ERR16024647/ERR16024647_2.fastq.gz,"Import the ENA run/sample mapping into the microsample sequencing source table"
P1,M,M041aI101A,M304560,ERR16023841,SAMEA120816603,ERS28338829,M041aI101A011,M041aI101A011_L1,2025-12-16,https://www.ebi.ac.uk/ena/browser/view/ERR16023841,https://www.ebi.ac.uk/biosamples/samples/SAMEA120816603,ftp.sra.ebi.ac.uk/vol1/fastq/ERR160/041/ERR16023841/ERR16023841_1.fastq.gz;ftp.sra.ebi.ac.uk/vol1/fastq/ERR160/041/ERR16023841/ERR16023841_2.fastq.gz,"Import the ENA run/sample mapping into the microsample sequencing source table"
P1,M,M041aI101A,M304561,ERR16024034,SAMEA120817132,ERS28339358,M041aI101A012,M041aI101A012_L1,2025-12-16,https://www.ebi.ac.uk/ena/browser/view/ERR16024034,https://www.ebi.ac.uk/biosamples/samples/SAMEA120817132,ftp.sra.ebi.ac.uk/vol1/fastq/ERR160/034/ERR16024034/ERR16024034_1.fastq.gz;ftp.sra.ebi.ac.uk/vol1/fastq/ERR160/034/ERR16024034/ERR16024034_2.fastq.gz,"Import the ENA run/sample mapping into the microsample sequencing source table"
P1,M,M041aI101A,M304562,ERR16024630,SAMEA120817730,ERS28339956,M041aI101A013,M041aI101A013_L1,2025-12-16,https://www.ebi.ac.uk/ena/browser/view/ERR16024630,https://www.ebi.ac.uk/biosamples/samples/SAMEA120817730,ftp.sra.ebi.ac.uk/vol1/fastq/ERR160/030/ERR16024630/ERR16024630_1.fastq.gz;ftp.sra.ebi.ac.uk/vol1/fastq/ERR160/030/ERR16024630/ERR16024630_2.fastq.gz,"Import the ENA run/sample mapping into the microsample sequencing source table"
P1,M,M041aI101A,M304563,ERR16024590,SAMEA120817689,ERS28339915,M041aI101A014,M041aI101A014_L1,2025-12-16,https://www.ebi.ac.uk/ena/browser/view/ERR16024590,https://www.ebi.ac.uk/biosamples/samples/SAMEA120817689,ftp.sra.ebi.ac.uk/vol1/fastq/ERR160/090/ERR16024590/ERR16024590_1.fastq.gz;ftp.sra.ebi.ac.uk/vol1/fastq/ERR160/090/ERR16024590/ERR16024590_2.fastq.gz,"Import the ENA run/sample mapping into the microsample sequencing source table"
P1,M,M041aI101A,M304564,ERR16024131,SAMEA120817230,ERS28339456,M041aI101A015,M041aI101A015_L1,2025-12-16,https://www.ebi.ac.uk/ena/browser/view/ERR16024131,https://www.ebi.ac.uk/biosamples/samples/SAMEA120817230,ftp.sra.ebi.ac.uk/vol1/fastq/ERR160/031/ERR16024131/ERR16024131_1.fastq.gz;ftp.sra.ebi.ac.uk/vol1/fastq/ERR160/031/ERR16024131/ERR16024131_2.fastq.gz,"Import the ENA run/sample mapping into the microsample sequencing source table"
P1,M,M041aI101A,M304566,ERR16024306,SAMEA120817405,ERS28339631,M041aI101A016,M041aI101A016_L1,2025-12-16,https://www.ebi.ac.uk/ena/browser/view/ERR16024306,https://www.ebi.ac.uk/biosamples/samples/SAMEA120817405,ftp.sra.ebi.ac.uk/vol1/fastq/ERR160/006/ERR16024306/ERR16024306_1.fastq.gz;ftp.sra.ebi.ac.uk/vol1/fastq/ERR160/006/ERR16024306/ERR16024306_2.fastq.gz,"Import the ENA run/sample mapping into the microsample sequencing source table"
P1,M,M041aI101A,M304567,ERR16024381,SAMEA120817480,ERS28339706,M041aI101A017,M041aI101A017_L1,2025-12-16,https://www.ebi.ac.uk/ena/browser/view/ERR16024381,https://www.ebi.ac.uk/biosamples/samples/SAMEA120817480,ftp.sra.ebi.ac.uk/vol1/fastq/ERR160/081/ERR16024381/ERR16024381_1.fastq.gz;ftp.sra.ebi.ac.uk/vol1/fastq/ERR160/081/ERR16024381/ERR16024381_2.fastq.gz,"Import the ENA run/sample mapping into the microsample sequencing source table"
P1,M,M041aI101A,M304568,ERR16024520,SAMEA120817620,ERS28339846,M041aI101A018,M041aI101A018_L1,2025-12-16,https://www.ebi.ac.uk/ena/browser/view/ERR16024520,https://www.ebi.ac.uk/biosamples/samples/SAMEA120817620,ftp.sra.ebi.ac.uk/vol1/fastq/ERR160/020/ERR16024520/ERR16024520_1.fastq.gz;ftp.sra.ebi.ac.uk/vol1/fastq/ERR160/020/ERR16024520/ERR16024520_2.fastq.gz,"Import the ENA run/sample mapping into the microsample sequencing source table"
P1,M,M041aI101A,M304569,ERR16024012,SAMEA120817110,ERS28339336,M041aI101A019,M041aI101A019_L1,2025-12-16,https://www.ebi.ac.uk/ena/browser/view/ERR16024012,https://www.ebi.ac.uk/biosamples/samples/SAMEA120817110,ftp.sra.ebi.ac.uk/vol1/fastq/ERR160/012/ERR16024012/ERR16024012_1.fastq.gz;ftp.sra.ebi.ac.uk/vol1/fastq/ERR160/012/ERR16024012/ERR16024012_2.fastq.gz,"Import the ENA run/sample mapping into the microsample sequencing source table"
P1,M,M041aI101A,M304570,ERR16024483,SAMEA120817583,ERS28339809,M041aI101A020,M041aI101A020_L1,2025-12-16,https://www.ebi.ac.uk/ena/browser/view/ERR16024483,https://www.ebi.ac.uk/biosamples/samples/SAMEA120817583,ftp.sra.ebi.ac.uk/vol1/fastq/ERR160/083/ERR16024483/ERR16024483_1.fastq.gz;ftp.sra.ebi.ac.uk/vol1/fastq/ERR160/083/ERR16024483/ERR16024483_2.fastq.gz,"Import the ENA run/sample mapping into the microsample sequencing source table"
P1,M,M041aI101A,M304571,ERR16024213,SAMEA120817312,ERS28339538,M041aI101A021,M041aI101A021_L1,2025-12-16,https://www.ebi.ac.uk/ena/browser/view/ERR16024213,https://www.ebi.ac.uk/biosamples/samples/SAMEA120817312,ftp.sra.ebi.ac.uk/vol1/fastq/ERR160/013/ERR16024213/ERR16024213_1.fastq.gz;ftp.sra.ebi.ac.uk/vol1/fastq/ERR160/013/ERR16024213/ERR16024213_2.fastq.gz,"Import the ENA run/sample mapping into the microsample sequencing source table"
P1,M,M041aI101A,M304572,ERR16023565,SAMEA120816326,ERS28338552,M041aI101A022,M041aI101A022_L1,2025-12-16,https://www.ebi.ac.uk/ena/browser/view/ERR16023565,https://www.ebi.ac.uk/biosamples/samples/SAMEA120816326,ftp.sra.ebi.ac.uk/vol1/fastq/ERR160/065/ERR16023565/ERR16023565_1.fastq.gz;ftp.sra.ebi.ac.uk/vol1/fastq/ERR160/065/ERR16023565/ERR16023565_2.fastq.gz,"Import the ENA run/sample mapping into the microsample sequencing source table"
P1,M,M041aI101A,M304573,ERR16024032,SAMEA120817130,ERS28339356,M041aI101A023,M041aI101A023_L1,2025-12-16,https://www.ebi.ac.uk/ena/browser/view/ERR16024032,https://www.ebi.ac.uk/biosamples/samples/SAMEA120817130,ftp.sra.ebi.ac.uk/vol1/fastq/ERR160/032/ERR16024032/ERR16024032_1.fastq.gz;ftp.sra.ebi.ac.uk/vol1/fastq/ERR160/032/ERR16024032/ERR16024032_2.fastq.gz,"Import the ENA run/sample mapping into the microsample sequencing source table"
P1,M,M041aI101A,M304574,ERR16024354,SAMEA120817454,ERS28339680,M041aI101A024,M041aI101A024_L1,2025-12-16,https://www.ebi.ac.uk/ena/browser/view/ERR16024354,https://www.ebi.ac.uk/biosamples/samples/SAMEA120817454,ftp.sra.ebi.ac.uk/vol1/fastq/ERR160/054/ERR16024354/ERR16024354_1.fastq.gz;ftp.sra.ebi.ac.uk/vol1/fastq/ERR160/054/ERR16024354/ERR16024354_2.fastq.gz,"Import the ENA run/sample mapping into the microsample sequencing source table"
P1,M,M041aI101A,M304575,ERR16023730,SAMEA120816491,ERS28338717,M041aI101A025,M041aI101A025_L1,2025-12-16,https://www.ebi.ac.uk/ena/browser/view/ERR16023730,https://www.ebi.ac.uk/biosamples/samples/SAMEA120816491,ftp.sra.ebi.ac.uk/vol1/fastq/ERR160/030/ERR16023730/ERR16023730_1.fastq.gz;ftp.sra.ebi.ac.uk/vol1/fastq/ERR160/030/ERR16023730/ERR16023730_2.fastq.gz,"Import the ENA run/sample mapping into the microsample sequencing source table"
P1,M,M041aI101A,M304576,ERR16024631,SAMEA120817731,ERS28339957,M041aI101A026,M041aI101A026_L1,2025-12-16,https://www.ebi.ac.uk/ena/browser/view/ERR16024631,https://www.ebi.ac.uk/biosamples/samples/SAMEA120817731,ftp.sra.ebi.ac.uk/vol1/fastq/ERR160/031/ERR16024631/ERR16024631_1.fastq.gz;ftp.sra.ebi.ac.uk/vol1/fastq/ERR160/031/ERR16024631/ERR16024631_2.fastq.gz,"Import the ENA run/sample mapping into the microsample sequencing source table"
P1,M,M041aI101A,M304578,ERR16024046,SAMEA120817147,ERS28339372,M041aI101A027,M041aI101A027_L1,2025-12-16,https://www.ebi.ac.uk/ena/browser/view/ERR16024046,https://www.ebi.ac.uk/biosamples/samples/SAMEA120817147,ftp.sra.ebi.ac.uk/vol1/fastq/ERR160/046/ERR16024046/ERR16024046_1.fastq.gz;ftp.sra.ebi.ac.uk/vol1/fastq/ERR160/046/ERR16024046/ERR16024046_2.fastq.gz,"Import the ENA run/sample mapping into the microsample sequencing source table"
P1,M,M041aI101A,M304579,ERR16024436,SAMEA120817535,ERS28339761,M041aI101A028,M041aI101A028_L1,2025-12-16,https://www.ebi.ac.uk/ena/browser/view/ERR16024436,https://www.ebi.ac.uk/biosamples/samples/SAMEA120817535,ftp.sra.ebi.ac.uk/vol1/fastq/ERR160/036/ERR16024436/ERR16024436_1.fastq.gz;ftp.sra.ebi.ac.uk/vol1/fastq/ERR160/036/ERR16024436/ERR16024436_2.fastq.gz,"Import the ENA run/sample mapping into the microsample sequencing source table"
P1,M,M041aI101A,M304580,ERR16024659,SAMEA120817760,ERS28339986,M041aI101A029,M041aI101A029_L1,2025-12-16,https://www.ebi.ac.uk/ena/browser/view/ERR16024659,https://www.ebi.ac.uk/biosamples/samples/SAMEA120817760,ftp.sra.ebi.ac.uk/vol1/fastq/ERR160/059/ERR16024659/ERR16024659_1.fastq.gz;ftp.sra.ebi.ac.uk/vol1/fastq/ERR160/059/ERR16024659/ERR16024659_2.fastq.gz,"Import the ENA run/sample mapping into the microsample sequencing source table"
P1,M,M041aI101A,M304581,ERR16024379,SAMEA120817478,ERS28339704,M041aI101A030,M041aI101A030_L1,2025-12-16,https://www.ebi.ac.uk/ena/browser/view/ERR16024379,https://www.ebi.ac.uk/biosamples/samples/SAMEA120817478,ftp.sra.ebi.ac.uk/vol1/fastq/ERR160/079/ERR16024379/ERR16024379_1.fastq.gz;ftp.sra.ebi.ac.uk/vol1/fastq/ERR160/079/ERR16024379/ERR16024379_2.fastq.gz,"Import the ENA run/sample mapping into the microsample sequencing source table"
P1,M,M041aI101A,M304582,ERR16024529,SAMEA120817628,ERS28339854,M041aI101A031,M041aI101A031_L1,2025-12-16,https://www.ebi.ac.uk/ena/browser/view/ERR16024529,https://www.ebi.ac.uk/biosamples/samples/SAMEA120817628,ftp.sra.ebi.ac.uk/vol1/fastq/ERR160/029/ERR16024529/ERR16024529_1.fastq.gz;ftp.sra.ebi.ac.uk/vol1/fastq/ERR160/029/ERR16024529/ERR16024529_2.fastq.gz,"Import the ENA run/sample mapping into the microsample sequencing source table"
P1,M,M041aI101A,M304583,ERR16023902,SAMEA120817000,ERS28339226,M041aI101A032,M041aI101A032_L1,2025-12-16,https://www.ebi.ac.uk/ena/browser/view/ERR16023902,https://www.ebi.ac.uk/biosamples/samples/SAMEA120817000,ftp.sra.ebi.ac.uk/vol1/fastq/ERR160/002/ERR16023902/ERR16023902_1.fastq.gz;ftp.sra.ebi.ac.uk/vol1/fastq/ERR160/002/ERR16023902/ERR16023902_2.fastq.gz,"Import the ENA run/sample mapping into the microsample sequencing source table"
P1,M,M041aI101A,M304584,ERR16024508,SAMEA120817607,ERS28339833,M041aI101A033,M041aI101A033_L1,2025-12-16,https://www.ebi.ac.uk/ena/browser/view/ERR16024508,https://www.ebi.ac.uk/biosamples/samples/SAMEA120817607,ftp.sra.ebi.ac.uk/vol1/fastq/ERR160/008/ERR16024508/ERR16024508_1.fastq.gz;ftp.sra.ebi.ac.uk/vol1/fastq/ERR160/008/ERR16024508/ERR16024508_2.fastq.gz,"Import the ENA run/sample mapping into the microsample sequencing source table"
P1,M,M041aI101A,M304585,ERR16024024,SAMEA120817122,ERS28339348,M041aI101A034,M041aI101A034_L1,2025-12-16,https://www.ebi.ac.uk/ena/browser/view/ERR16024024,https://www.ebi.ac.uk/biosamples/samples/SAMEA120817122,ftp.sra.ebi.ac.uk/vol1/fastq/ERR160/024/ERR16024024/ERR16024024_1.fastq.gz;ftp.sra.ebi.ac.uk/vol1/fastq/ERR160/024/ERR16024024/ERR16024024_2.fastq.gz,"Import the ENA run/sample mapping into the microsample sequencing source table"
P1,M,M041aI101A,M304586,ERR16023673,SAMEA120816434,ERS28338660,M041aI101A035,M041aI101A035_L1,2025-12-16,https://www.ebi.ac.uk/ena/browser/view/ERR16023673,https://www.ebi.ac.uk/biosamples/samples/SAMEA120816434,ftp.sra.ebi.ac.uk/vol1/fastq/ERR160/073/ERR16023673/ERR16023673_1.fastq.gz;ftp.sra.ebi.ac.uk/vol1/fastq/ERR160/073/ERR16023673/ERR16023673_2.fastq.gz,"Import the ENA run/sample mapping into the microsample sequencing source table"
P1,M,M041aI101A,M304588,ERR16024458,SAMEA120817558,ERS28339784,M041aI101A036,M041aI101A036_L1,2025-12-16,https://www.ebi.ac.uk/ena/browser/view/ERR16024458,https://www.ebi.ac.uk/biosamples/samples/SAMEA120817558,ftp.sra.ebi.ac.uk/vol1/fastq/ERR160/058/ERR16024458/ERR16024458_1.fastq.gz;ftp.sra.ebi.ac.uk/vol1/fastq/ERR160/058/ERR16024458/ERR16024458_2.fastq.gz,"Import the ENA run/sample mapping into the microsample sequencing source table"
P1,M,M041aI101A,M304589,ERR16024220,SAMEA120817319,ERS28339545,M041aI101A037,M041aI101A037_L1,2025-12-16,https://www.ebi.ac.uk/ena/browser/view/ERR16024220,https://www.ebi.ac.uk/biosamples/samples/SAMEA120817319,ftp.sra.ebi.ac.uk/vol1/fastq/ERR160/020/ERR16024220/ERR16024220_1.fastq.gz;ftp.sra.ebi.ac.uk/vol1/fastq/ERR160/020/ERR16024220/ERR16024220_2.fastq.gz,"Import the ENA run/sample mapping into the microsample sequencing source table"
P1,M,M041aI101A,M304591,ERR16024640,SAMEA120817741,ERS28339967,M041aI101A038,M041aI101A038_L1,2025-12-16,https://www.ebi.ac.uk/ena/browser/view/ERR16024640,https://www.ebi.ac.uk/biosamples/samples/SAMEA120817741,ftp.sra.ebi.ac.uk/vol1/fastq/ERR160/040/ERR16024640/ERR16024640_1.fastq.gz;ftp.sra.ebi.ac.uk/vol1/fastq/ERR160/040/ERR16024640/ERR16024640_2.fastq.gz,"Import the ENA run/sample mapping into the microsample sequencing source table"
P1,M,M041aI101A,M304592,ERR16024629,SAMEA120817729,ERS28339955,M041aI101A039,M041aI101A039_L1,2025-12-16,https://www.ebi.ac.uk/ena/browser/view/ERR16024629,https://www.ebi.ac.uk/biosamples/samples/SAMEA120817729,ftp.sra.ebi.ac.uk/vol1/fastq/ERR160/029/ERR16024629/ERR16024629_1.fastq.gz;ftp.sra.ebi.ac.uk/vol1/fastq/ERR160/029/ERR16024629/ERR16024629_2.fastq.gz,"Import the ENA run/sample mapping into the microsample sequencing source table"
P1,M,M041aI101A,M304593,ERR16024466,SAMEA120817565,ERS28339791,M041aI101A040,M041aI101A040_L1,2025-12-16,https://www.ebi.ac.uk/ena/browser/view/ERR16024466,https://www.ebi.ac.uk/biosamples/samples/SAMEA120817565,ftp.sra.ebi.ac.uk/vol1/fastq/ERR160/066/ERR16024466/ERR16024466_1.fastq.gz;ftp.sra.ebi.ac.uk/vol1/fastq/ERR160/066/ERR16024466/ERR16024466_2.fastq.gz,"Import the ENA run/sample mapping into the microsample sequencing source table"
P1,M,M041aI101A,M304594,ERR16024221,SAMEA120817320,ERS28339546,M041aI101A041,M041aI101A041_L1,2025-12-16,https://www.ebi.ac.uk/ena/browser/view/ERR16024221,https://www.ebi.ac.uk/biosamples/samples/SAMEA120817320,ftp.sra.ebi.ac.uk/vol1/fastq/ERR160/021/ERR16024221/ERR16024221_1.fastq.gz;ftp.sra.ebi.ac.uk/vol1/fastq/ERR160/021/ERR16024221/ERR16024221_2.fastq.gz,"Import the ENA run/sample mapping into the microsample sequencing source table"
P1,M,M041aI101A,M304595,ERR16023551,SAMEA120816312,ERS28338538,M041aI101A042,M041aI101A042_L1,2025-12-16,https://www.ebi.ac.uk/ena/browser/view/ERR16023551,https://www.ebi.ac.uk/biosamples/samples/SAMEA120816312,ftp.sra.ebi.ac.uk/vol1/fastq/ERR160/051/ERR16023551/ERR16023551_1.fastq.gz;ftp.sra.ebi.ac.uk/vol1/fastq/ERR160/051/ERR16023551/ERR16023551_2.fastq.gz,"Import the ENA run/sample mapping into the microsample sequencing source table"
P1,M,M041aI101A,M304644,ERR16024510,SAMEA120817610,ERS28339836,M041aI101A043,M041aI101A043_L1,2025-12-16,https://www.ebi.ac.uk/ena/browser/view/ERR16024510,https://www.ebi.ac.uk/biosamples/samples/SAMEA120817610,ftp.sra.ebi.ac.uk/vol1/fastq/ERR160/010/ERR16024510/ERR16024510_1.fastq.gz;ftp.sra.ebi.ac.uk/vol1/fastq/ERR160/010/ERR16024510/ERR16024510_2.fastq.gz,"Import the ENA run/sample mapping into the microsample sequencing source table"
P1,M,M041aI101A,M304645,ERR16023989,SAMEA120817087,ERS28339313,M041aI101A044,M041aI101A044_L1,2025-12-16,https://www.ebi.ac.uk/ena/browser/view/ERR16023989,https://www.ebi.ac.uk/biosamples/samples/SAMEA120817087,ftp.sra.ebi.ac.uk/vol1/fastq/ERR160/089/ERR16023989/ERR16023989_1.fastq.gz;ftp.sra.ebi.ac.uk/vol1/fastq/ERR160/089/ERR16023989/ERR16023989_2.fastq.gz,"Import the ENA run/sample mapping into the microsample sequencing source table"
P1,M,M041aI101A,M304646,ERR16023614,SAMEA120816376,ERS28338602,M041aI101A045,M041aI101A045_L1,2025-12-16,https://www.ebi.ac.uk/ena/browser/view/ERR16023614,https://www.ebi.ac.uk/biosamples/samples/SAMEA120816376,ftp.sra.ebi.ac.uk/vol1/fastq/ERR160/014/ERR16023614/ERR16023614_1.fastq.gz;ftp.sra.ebi.ac.uk/vol1/fastq/ERR160/014/ERR16023614/ERR16023614_2.fastq.gz,"Import the ENA run/sample mapping into the microsample sequencing source table"
P1,M,M041aI101A,M304648,ERR16024439,SAMEA120817538,ERS28339764,M041aI101A046,M041aI101A046_L1,2025-12-16,https://www.ebi.ac.uk/ena/browser/view/ERR16024439,https://www.ebi.ac.uk/biosamples/samples/SAMEA120817538,ftp.sra.ebi.ac.uk/vol1/fastq/ERR160/039/ERR16024439/ERR16024439_1.fastq.gz;ftp.sra.ebi.ac.uk/vol1/fastq/ERR160/039/ERR16024439/ERR16024439_2.fastq.gz,"Import the ENA run/sample mapping into the microsample sequencing source table"
P1,M,M041aI101A,M304649,ERR16024301,SAMEA120817400,ERS28339626,M041aI101A047,M041aI101A047_L1,2025-12-16,https://www.ebi.ac.uk/ena/browser/view/ERR16024301,https://www.ebi.ac.uk/biosamples/samples/SAMEA120817400,ftp.sra.ebi.ac.uk/vol1/fastq/ERR160/001/ERR16024301/ERR16024301_1.fastq.gz;ftp.sra.ebi.ac.uk/vol1/fastq/ERR160/001/ERR16024301/ERR16024301_2.fastq.gz,"Import the ENA run/sample mapping into the microsample sequencing source table"
P1,M,M041aI101A,M304650,ERR16023684,SAMEA120816445,ERS28338671,M041aI101A048,M041aI101A048_L1,2025-12-16,https://www.ebi.ac.uk/ena/browser/view/ERR16023684,https://www.ebi.ac.uk/biosamples/samples/SAMEA120816445,ftp.sra.ebi.ac.uk/vol1/fastq/ERR160/084/ERR16023684/ERR16023684_1.fastq.gz;ftp.sra.ebi.ac.uk/vol1/fastq/ERR160/084/ERR16023684/ERR16023684_2.fastq.gz,"Import the ENA run/sample mapping into the microsample sequencing source table"
P1,M,M041aI101A,M304651,ERR16023857,SAMEA120816619,ERS28338845,M041aI101A049,M041aI101A049_L1,2025-12-16,https://www.ebi.ac.uk/ena/browser/view/ERR16023857,https://www.ebi.ac.uk/biosamples/samples/SAMEA120816619,ftp.sra.ebi.ac.uk/vol1/fastq/ERR160/057/ERR16023857/ERR16023857_1.fastq.gz;ftp.sra.ebi.ac.uk/vol1/fastq/ERR160/057/ERR16023857/ERR16023857_2.fastq.gz,"Import the ENA run/sample mapping into the microsample sequencing source table"
P1,M,M041aI101A,M304652,ERR16024249,SAMEA120817348,ERS28339574,M041aI101A050,M041aI101A050_L1,2025-12-16,https://www.ebi.ac.uk/ena/browser/view/ERR16024249,https://www.ebi.ac.uk/biosamples/samples/SAMEA120817348,ftp.sra.ebi.ac.uk/vol1/fastq/ERR160/049/ERR16024249/ERR16024249_1.fastq.gz;ftp.sra.ebi.ac.uk/vol1/fastq/ERR160/049/ERR16024249/ERR16024249_2.fastq.gz,"Import the ENA run/sample mapping into the microsample sequencing source table"
P1,M,M041aI101A,M304653,ERR16024179,SAMEA120817278,ERS28339504,M041aI101A051,M041aI101A051_L1,2025-12-16,https://www.ebi.ac.uk/ena/browser/view/ERR16024179,https://www.ebi.ac.uk/biosamples/samples/SAMEA120817278,ftp.sra.ebi.ac.uk/vol1/fastq/ERR160/079/ERR16024179/ERR16024179_1.fastq.gz;ftp.sra.ebi.ac.uk/vol1/fastq/ERR160/079/ERR16024179/ERR16024179_2.fastq.gz,"Import the ENA run/sample mapping into the microsample sequencing source table"
P1,M,M041aI101A,M304654,ERR16024555,SAMEA120817654,ERS28339880,M041aI101A052,M041aI101A052_L1,2025-12-16,https://www.ebi.ac.uk/ena/browser/view/ERR16024555,https://www.ebi.ac.uk/biosamples/samples/SAMEA120817654,ftp.sra.ebi.ac.uk/vol1/fastq/ERR160/055/ERR16024555/ERR16024555_1.fastq.gz;ftp.sra.ebi.ac.uk/vol1/fastq/ERR160/055/ERR16024555/ERR16024555_2.fastq.gz,"Import the ENA run/sample mapping into the microsample sequencing source table"
P1,M,M041aI101A,M304655,ERR16024660,SAMEA120817761,ERS28339987,M041aI101A053,M041aI101A053_L1,2025-12-16,https://www.ebi.ac.uk/ena/browser/view/ERR16024660,https://www.ebi.ac.uk/biosamples/samples/SAMEA120817761,ftp.sra.ebi.ac.uk/vol1/fastq/ERR160/060/ERR16024660/ERR16024660_1.fastq.gz;ftp.sra.ebi.ac.uk/vol1/fastq/ERR160/060/ERR16024660/ERR16024660_2.fastq.gz,"Import the ENA run/sample mapping into the microsample sequencing source table"
P1,M,M041aI101A,M304656,ERR16024259,SAMEA120817359,ERS28339585,M041aI101A054,M041aI101A054_L1,2025-12-16,https://www.ebi.ac.uk/ena/browser/view/ERR16024259,https://www.ebi.ac.uk/biosamples/samples/SAMEA120817359,ftp.sra.ebi.ac.uk/vol1/fastq/ERR160/059/ERR16024259/ERR16024259_1.fastq.gz;ftp.sra.ebi.ac.uk/vol1/fastq/ERR160/059/ERR16024259/ERR16024259_2.fastq.gz,"Import the ENA run/sample mapping into the microsample sequencing source table"
P1,M,M041aI101A,M304658,ERR16023590,SAMEA120816351,ERS28338577,M041aI101A055,M041aI101A055_L1,2025-12-16,https://www.ebi.ac.uk/ena/browser/view/ERR16023590,https://www.ebi.ac.uk/biosamples/samples/SAMEA120816351,ftp.sra.ebi.ac.uk/vol1/fastq/ERR160/090/ERR16023590/ERR16023590_1.fastq.gz;ftp.sra.ebi.ac.uk/vol1/fastq/ERR160/090/ERR16023590/ERR16023590_2.fastq.gz,"Import the ENA run/sample mapping into the microsample sequencing source table"
P1,M,M041aI101A,M304659,ERR16024635,SAMEA120817735,ERS28339961,M041aI101A056,M041aI101A056_L1,2025-12-16,https://www.ebi.ac.uk/ena/browser/view/ERR16024635,https://www.ebi.ac.uk/biosamples/samples/SAMEA120817735,ftp.sra.ebi.ac.uk/vol1/fastq/ERR160/035/ERR16024635/ERR16024635_1.fastq.gz;ftp.sra.ebi.ac.uk/vol1/fastq/ERR160/035/ERR16024635/ERR16024635_2.fastq.gz,"Import the ENA run/sample mapping into the microsample sequencing source table"
P1,M,M041aI101A,M304660,ERR16024476,SAMEA120817576,ERS28339802,M041aI101A057,M041aI101A057_L1,2025-12-16,https://www.ebi.ac.uk/ena/browser/view/ERR16024476,https://www.ebi.ac.uk/biosamples/samples/SAMEA120817576,ftp.sra.ebi.ac.uk/vol1/fastq/ERR160/076/ERR16024476/ERR16024476_1.fastq.gz;ftp.sra.ebi.ac.uk/vol1/fastq/ERR160/076/ERR16024476/ERR16024476_2.fastq.gz,"Import the ENA run/sample mapping into the microsample sequencing source table"
P1,M,M041aI101A,M304662,ERR16024409,SAMEA120817508,ERS28339734,M041aI101A058,M041aI101A058_L1,2025-12-16,https://www.ebi.ac.uk/ena/browser/view/ERR16024409,https://www.ebi.ac.uk/biosamples/samples/SAMEA120817508,ftp.sra.ebi.ac.uk/vol1/fastq/ERR160/009/ERR16024409/ERR16024409_1.fastq.gz;ftp.sra.ebi.ac.uk/vol1/fastq/ERR160/009/ERR16024409/ERR16024409_2.fastq.gz,"Import the ENA run/sample mapping into the microsample sequencing source table"
P1,M,M041aI101A,M304663,ERR16024246,SAMEA120817345,ERS28339571,M041aI101A059,M041aI101A059_L1,2025-12-16,https://www.ebi.ac.uk/ena/browser/view/ERR16024246,https://www.ebi.ac.uk/biosamples/samples/SAMEA120817345,ftp.sra.ebi.ac.uk/vol1/fastq/ERR160/046/ERR16024246/ERR16024246_1.fastq.gz;ftp.sra.ebi.ac.uk/vol1/fastq/ERR160/046/ERR16024246/ERR16024246_2.fastq.gz,"Import the ENA run/sample mapping into the microsample sequencing source table"
P1,M,M041aI101A,M304664,ERR16023599,SAMEA120816361,ERS28338587,M041aI101A060,M041aI101A060_L1,2025-12-16,https://www.ebi.ac.uk/ena/browser/view/ERR16023599,https://www.ebi.ac.uk/biosamples/samples/SAMEA120816361,ftp.sra.ebi.ac.uk/vol1/fastq/ERR160/099/ERR16023599/ERR16023599_1.fastq.gz;ftp.sra.ebi.ac.uk/vol1/fastq/ERR160/099/ERR16023599/ERR16023599_2.fastq.gz,"Import the ENA run/sample mapping into the microsample sequencing source table"
P1,M,M041aI101A,M304665,ERR16023918,SAMEA120817016,ERS28339242,M041aI101A061,M041aI101A061_L1,2025-12-16,https://www.ebi.ac.uk/ena/browser/view/ERR16023918,https://www.ebi.ac.uk/biosamples/samples/SAMEA120817016,ftp.sra.ebi.ac.uk/vol1/fastq/ERR160/018/ERR16023918/ERR16023918_1.fastq.gz;ftp.sra.ebi.ac.uk/vol1/fastq/ERR160/018/ERR16023918/ERR16023918_2.fastq.gz,"Import the ENA run/sample mapping into the microsample sequencing source table"
P1,M,M041aI101A,M304666,ERR16024297,SAMEA120817397,ERS28339623,M041aI101A062,M041aI101A062_L1,2025-12-16,https://www.ebi.ac.uk/ena/browser/view/ERR16024297,https://www.ebi.ac.uk/biosamples/samples/SAMEA120817397,ftp.sra.ebi.ac.uk/vol1/fastq/ERR160/097/ERR16024297/ERR16024297_1.fastq.gz;ftp.sra.ebi.ac.uk/vol1/fastq/ERR160/097/ERR16024297/ERR16024297_2.fastq.gz,"Import the ENA run/sample mapping into the microsample sequencing source table"
P1,M,M041aI101A,M304667,ERR16024492,SAMEA120817591,ERS28339817,M041aI101A063,M041aI101A063_L1,2025-12-16,https://www.ebi.ac.uk/ena/browser/view/ERR16024492,https://www.ebi.ac.uk/biosamples/samples/SAMEA120817591,ftp.sra.ebi.ac.uk/vol1/fastq/ERR160/092/ERR16024492/ERR16024492_1.fastq.gz;ftp.sra.ebi.ac.uk/vol1/fastq/ERR160/092/ERR16024492/ERR16024492_2.fastq.gz,"Import the ENA run/sample mapping into the microsample sequencing source table"
P1,M,M041aI101A,M304668,ERR16024063,SAMEA120817161,ERS28339387,M041aI101A064,M041aI101A064_L1,2025-12-16,https://www.ebi.ac.uk/ena/browser/view/ERR16024063,https://www.ebi.ac.uk/biosamples/samples/SAMEA120817161,ftp.sra.ebi.ac.uk/vol1/fastq/ERR160/063/ERR16024063/ERR16024063_1.fastq.gz;ftp.sra.ebi.ac.uk/vol1/fastq/ERR160/063/ERR16024063/ERR16024063_2.fastq.gz,"Import the ENA run/sample mapping into the microsample sequencing source table"
P1,M,M041aI101A,M304669,ERR16023640,SAMEA120816401,ERS28338627,M041aI101A065,M041aI101A065_L1,2025-12-16,https://www.ebi.ac.uk/ena/browser/view/ERR16023640,https://www.ebi.ac.uk/biosamples/samples/SAMEA120816401,ftp.sra.ebi.ac.uk/vol1/fastq/ERR160/040/ERR16023640/ERR16023640_1.fastq.gz;ftp.sra.ebi.ac.uk/vol1/fastq/ERR160/040/ERR16023640/ERR16023640_2.fastq.gz,"Import the ENA run/sample mapping into the microsample sequencing source table"
P1,M,M041aI101A,M304670,ERR16024094,SAMEA120817193,ERS28339419,M041aI101A066,M041aI101A066_L1,2025-12-16,https://www.ebi.ac.uk/ena/browser/view/ERR16024094,https://www.ebi.ac.uk/biosamples/samples/SAMEA120817193,ftp.sra.ebi.ac.uk/vol1/fastq/ERR160/094/ERR16024094/ERR16024094_1.fastq.gz;ftp.sra.ebi.ac.uk/vol1/fastq/ERR160/094/ERR16024094/ERR16024094_2.fastq.gz,"Import the ENA run/sample mapping into the microsample sequencing source table"
P1,M,M041aI101A,M304671,ERR16024391,SAMEA120817491,ERS28339717,M041aI101A067,M041aI101A067_L1,2025-12-16,https://www.ebi.ac.uk/ena/browser/view/ERR16024391,https://www.ebi.ac.uk/biosamples/samples/SAMEA120817491,ftp.sra.ebi.ac.uk/vol1/fastq/ERR160/091/ERR16024391/ERR16024391_1.fastq.gz;ftp.sra.ebi.ac.uk/vol1/fastq/ERR160/091/ERR16024391/ERR16024391_2.fastq.gz,"Import the ENA run/sample mapping into the microsample sequencing source table"
P1,M,M041aI101A,M304672,ERR16024333,SAMEA120817432,ERS28339658,M041aI101A068,M041aI101A068_L1,2025-12-16,https://www.ebi.ac.uk/ena/browser/view/ERR16024333,https://www.ebi.ac.uk/biosamples/samples/SAMEA120817432,ftp.sra.ebi.ac.uk/vol1/fastq/ERR160/033/ERR16024333/ERR16024333_1.fastq.gz;ftp.sra.ebi.ac.uk/vol1/fastq/ERR160/033/ERR16024333/ERR16024333_2.fastq.gz,"Import the ENA run/sample mapping into the microsample sequencing source table"
P1,M,M041aI101A,M304673,ERR16023748,SAMEA120816509,ERS28338735,M041aI101A069,M041aI101A069_L1,2025-12-16,https://www.ebi.ac.uk/ena/browser/view/ERR16023748,https://www.ebi.ac.uk/biosamples/samples/SAMEA120816509,ftp.sra.ebi.ac.uk/vol1/fastq/ERR160/048/ERR16023748/ERR16023748_1.fastq.gz;ftp.sra.ebi.ac.uk/vol1/fastq/ERR160/048/ERR16023748/ERR16023748_2.fastq.gz,"Import the ENA run/sample mapping into the microsample sequencing source table"
P1,M,M041aI101A,M304675,ERR16024232,SAMEA120817331,ERS28339557,M041aI101A070,M041aI101A070_L1,2025-12-16,https://www.ebi.ac.uk/ena/browser/view/ERR16024232,https://www.ebi.ac.uk/biosamples/samples/SAMEA120817331,ftp.sra.ebi.ac.uk/vol1/fastq/ERR160/032/ERR16024232/ERR16024232_1.fastq.gz;ftp.sra.ebi.ac.uk/vol1/fastq/ERR160/032/ERR16024232/ERR16024232_2.fastq.gz,"Import the ENA run/sample mapping into the microsample sequencing source table"
P1,M,M041aI101A,M304676,ERR16024460,SAMEA120817559,ERS28339785,M041aI101A071,M041aI101A071_L1,2025-12-16,https://www.ebi.ac.uk/ena/browser/view/ERR16024460,https://www.ebi.ac.uk/biosamples/samples/SAMEA120817559,ftp.sra.ebi.ac.uk/vol1/fastq/ERR160/060/ERR16024460/ERR16024460_1.fastq.gz;ftp.sra.ebi.ac.uk/vol1/fastq/ERR160/060/ERR16024460/ERR16024460_2.fastq.gz,"Import the ENA run/sample mapping into the microsample sequencing source table"
P1,M,M041aI101A,M304677,ERR16024552,SAMEA120817651,ERS28339877,M041aI101A072,M041aI101A072_L1,2025-12-16,https://www.ebi.ac.uk/ena/browser/view/ERR16024552,https://www.ebi.ac.uk/biosamples/samples/SAMEA120817651,ftp.sra.ebi.ac.uk/vol1/fastq/ERR160/052/ERR16024552/ERR16024552_1.fastq.gz;ftp.sra.ebi.ac.uk/vol1/fastq/ERR160/052/ERR16024552/ERR16024552_2.fastq.gz,"Import the ENA run/sample mapping into the microsample sequencing source table"
P1,M,M041aI101A,M304679,ERR16024330,SAMEA120817430,ERS28339656,M041aI101A073,M041aI101A073_L1,2025-12-16,https://www.ebi.ac.uk/ena/browser/view/ERR16024330,https://www.ebi.ac.uk/biosamples/samples/SAMEA120817430,ftp.sra.ebi.ac.uk/vol1/fastq/ERR160/030/ERR16024330/ERR16024330_1.fastq.gz;ftp.sra.ebi.ac.uk/vol1/fastq/ERR160/030/ERR16024330/ERR16024330_2.fastq.gz,"Import the ENA run/sample mapping into the microsample sequencing source table"
P1,M,M041aI101A,M304680,ERR16023825,SAMEA120816588,ERS28338814,M041aI101A074,M041aI101A074_L1,2025-12-16,https://www.ebi.ac.uk/ena/browser/view/ERR16023825,https://www.ebi.ac.uk/biosamples/samples/SAMEA120816588,ftp.sra.ebi.ac.uk/vol1/fastq/ERR160/025/ERR16023825/ERR16023825_1.fastq.gz;ftp.sra.ebi.ac.uk/vol1/fastq/ERR160/025/ERR16023825/ERR16023825_2.fastq.gz,"Import the ENA run/sample mapping into the microsample sequencing source table"
P1,M,M041aI101A,M304681,ERR16024516,SAMEA120817616,ERS28339842,M041aI101A075,M041aI101A075_L1,2025-12-16,https://www.ebi.ac.uk/ena/browser/view/ERR16024516,https://www.ebi.ac.uk/biosamples/samples/SAMEA120817616,ftp.sra.ebi.ac.uk/vol1/fastq/ERR160/016/ERR16024516/ERR16024516_1.fastq.gz;ftp.sra.ebi.ac.uk/vol1/fastq/ERR160/016/ERR16024516/ERR16024516_2.fastq.gz,"Import the ENA run/sample mapping into the microsample sequencing source table"
P1,M,M041aI101A,M304682,ERR16023932,SAMEA120817030,ERS28339256,M041aI101A076,M041aI101A076_L1,2025-12-16,https://www.ebi.ac.uk/ena/browser/view/ERR16023932,https://www.ebi.ac.uk/biosamples/samples/SAMEA120817030,ftp.sra.ebi.ac.uk/vol1/fastq/ERR160/032/ERR16023932/ERR16023932_1.fastq.gz;ftp.sra.ebi.ac.uk/vol1/fastq/ERR160/032/ERR16023932/ERR16023932_2.fastq.gz,"Import the ENA run/sample mapping into the microsample sequencing source table"
P1,M,M041aI101A,M304683,ERR16023735,SAMEA120816496,ERS28338722,M041aI101A077,M041aI101A077_L1,2025-12-16,https://www.ebi.ac.uk/ena/browser/view/ERR16023735,https://www.ebi.ac.uk/biosamples/samples/SAMEA120816496,ftp.sra.ebi.ac.uk/vol1/fastq/ERR160/035/ERR16023735/ERR16023735_1.fastq.gz;ftp.sra.ebi.ac.uk/vol1/fastq/ERR160/035/ERR16023735/ERR16023735_2.fastq.gz,"Import the ENA run/sample mapping into the microsample sequencing source table"
P1,M,M041aI101A,M304684,ERR16024147,SAMEA120817246,ERS28339472,M041aI101A078,M041aI101A078_L1,2025-12-16,https://www.ebi.ac.uk/ena/browser/view/ERR16024147,https://www.ebi.ac.uk/biosamples/samples/SAMEA120817246,ftp.sra.ebi.ac.uk/vol1/fastq/ERR160/047/ERR16024147/ERR16024147_1.fastq.gz;ftp.sra.ebi.ac.uk/vol1/fastq/ERR160/047/ERR16024147/ERR16024147_2.fastq.gz,"Import the ENA run/sample mapping into the microsample sequencing source table"
P1,M,M041aI101A,M304685,ERR16023709,SAMEA120816470,ERS28338696,M041aI101A079,M041aI101A079_L1,2025-12-16,https://www.ebi.ac.uk/ena/browser/view/ERR16023709,https://www.ebi.ac.uk/biosamples/samples/SAMEA120816470,ftp.sra.ebi.ac.uk/vol1/fastq/ERR160/009/ERR16023709/ERR16023709_1.fastq.gz;ftp.sra.ebi.ac.uk/vol1/fastq/ERR160/009/ERR16023709/ERR16023709_2.fastq.gz,"Import the ENA run/sample mapping into the microsample sequencing source table"
P1,M,M041aI101A,M304686,ERR16024609,SAMEA120817709,ERS28339935,M041aI101A080,M041aI101A080_L1,2025-12-16,https://www.ebi.ac.uk/ena/browser/view/ERR16024609,https://www.ebi.ac.uk/biosamples/samples/SAMEA120817709,ftp.sra.ebi.ac.uk/vol1/fastq/ERR160/009/ERR16024609/ERR16024609_1.fastq.gz;ftp.sra.ebi.ac.uk/vol1/fastq/ERR160/009/ERR16024609/ERR16024609_2.fastq.gz,"Import the ENA run/sample mapping into the microsample sequencing source table"
P1,M,M041aI101A,M304687,ERR16024362,SAMEA120817461,ERS28339687,M041aI101A081,M041aI101A081_L1,2025-12-16,https://www.ebi.ac.uk/ena/browser/view/ERR16024362,https://www.ebi.ac.uk/biosamples/samples/SAMEA120817461,ftp.sra.ebi.ac.uk/vol1/fastq/ERR160/062/ERR16024362/ERR16024362_1.fastq.gz;ftp.sra.ebi.ac.uk/vol1/fastq/ERR160/062/ERR16024362/ERR16024362_2.fastq.gz,"Import the ENA run/sample mapping into the microsample sequencing source table"
P1,M,M041aI101A,M304689,ERR16023973,SAMEA120817072,ERS28339298,M041aI101A082,M041aI101A082_L1,2025-12-16,https://www.ebi.ac.uk/ena/browser/view/ERR16023973,https://www.ebi.ac.uk/biosamples/samples/SAMEA120817072,ftp.sra.ebi.ac.uk/vol1/fastq/ERR160/073/ERR16023973/ERR16023973_1.fastq.gz;ftp.sra.ebi.ac.uk/vol1/fastq/ERR160/073/ERR16023973/ERR16023973_2.fastq.gz,"Import the ENA run/sample mapping into the microsample sequencing source table"
P1,M,M041aI101A,M304690,ERR16024482,SAMEA120817582,ERS28339808,M041aI101A083,M041aI101A083_L1,2025-12-16,https://www.ebi.ac.uk/ena/browser/view/ERR16024482,https://www.ebi.ac.uk/biosamples/samples/SAMEA120817582,ftp.sra.ebi.ac.uk/vol1/fastq/ERR160/082/ERR16024482/ERR16024482_1.fastq.gz;ftp.sra.ebi.ac.uk/vol1/fastq/ERR160/082/ERR16024482/ERR16024482_2.fastq.gz,"Import the ENA run/sample mapping into the microsample sequencing source table"
P1,M,M041aI101A,M304691,ERR16024156,SAMEA120817255,ERS28339481,M041aI101A084,M041aI101A084_L1,2025-12-16,https://www.ebi.ac.uk/ena/browser/view/ERR16024156,https://www.ebi.ac.uk/biosamples/samples/SAMEA120817255,ftp.sra.ebi.ac.uk/vol1/fastq/ERR160/056/ERR16024156/ERR16024156_1.fastq.gz;ftp.sra.ebi.ac.uk/vol1/fastq/ERR160/056/ERR16024156/ERR16024156_2.fastq.gz,"Import the ENA run/sample mapping into the microsample sequencing source table"
P1,M,M042aI101A,M304335,ERR16023892,SAMEA120816990,ERS28339216,M042aI101A067,M042aI101A067_L1,2025-12-16,https://www.ebi.ac.uk/ena/browser/view/ERR16023892,https://www.ebi.ac.uk/biosamples/samples/SAMEA120816990,ftp.sra.ebi.ac.uk/vol1/fastq/ERR160/092/ERR16023892/ERR16023892_1.fastq.gz;ftp.sra.ebi.ac.uk/vol1/fastq/ERR160/092/ERR16023892/ERR16023892_2.fastq.gz,"Import the ENA run/sample mapping into the microsample sequencing source table"
P1,M,M061aH101A,M304510,ERR16024183,SAMEA120817282,ERS28339508,M061aH101A052,M061aH101A052_L1,2025-12-16,https://www.ebi.ac.uk/ena/browser/view/ERR16024183,https://www.ebi.ac.uk/biosamples/samples/SAMEA120817282,ftp.sra.ebi.ac.uk/vol1/fastq/ERR160/083/ERR16024183/ERR16024183_1.fastq.gz;ftp.sra.ebi.ac.uk/vol1/fastq/ERR160/083/ERR16024183/ERR16024183_2.fastq.gz,"Import the ENA run/sample mapping into the microsample sequencing source table"
P1,M,M061aH101A,M304525,ERR16023982,SAMEA120817080,ERS28339306,M061aH101A066,M061aH101A066_L1,2025-12-16,https://www.ebi.ac.uk/ena/browser/view/ERR16023982,https://www.ebi.ac.uk/biosamples/samples/SAMEA120817080,ftp.sra.ebi.ac.uk/vol1/fastq/ERR160/082/ERR16023982/ERR16023982_1.fastq.gz;ftp.sra.ebi.ac.uk/vol1/fastq/ERR160/082/ERR16023982/ERR16023982_2.fastq.gz,"Import the ENA run/sample mapping into the microsample sequencing source table"
P1,M,M078dI101A,M305275,ERR16024613,SAMEA120817713,ERS28339939,M078dI101A049,M078dI101A049_L1,2025-12-16,https://www.ebi.ac.uk/ena/browser/view/ERR16024613,https://www.ebi.ac.uk/biosamples/samples/SAMEA120817713,ftp.sra.ebi.ac.uk/vol1/fastq/ERR160/013/ERR16024613/ERR16024613_1.fastq.gz;ftp.sra.ebi.ac.uk/vol1/fastq/ERR160/013/ERR16024613/ERR16024613_2.fastq.gz,"Import the ENA run/sample mapping into the microsample sequencing source table"
P1,M,M080dI101B,M305388,ERR16026913,SAMEA120820433,ERS28342659,M080dI101B022,M080dI101B022_L1,2025-12-16,https://www.ebi.ac.uk/ena/browser/view/ERR16026913,https://www.ebi.ac.uk/biosamples/samples/SAMEA120820433,ftp.sra.ebi.ac.uk/vol1/fastq/ERR160/013/ERR16026913/ERR16026913_1.fastq.gz;ftp.sra.ebi.ac.uk/vol1/fastq/ERR160/013/ERR16026913/ERR16026913_2.fastq.gz,"Import the ENA run/sample mapping into the microsample sequencing source table"
P1,M,M080dI101B,M305410,ERR16026795,SAMEA120820324,ERS28342550,M080dI101B042,M080dI101B042_L1,2025-12-16,https://www.ebi.ac.uk/ena/browser/view/ERR16026795,https://www.ebi.ac.uk/biosamples/samples/SAMEA120820324,ftp.sra.ebi.ac.uk/vol1/fastq/ERR160/095/ERR16026795/ERR16026795_1.fastq.gz;ftp.sra.ebi.ac.uk/vol1/fastq/ERR160/095/ERR16026795/ERR16026795_2.fastq.gz,"Import the ENA run/sample mapping into the microsample sequencing source table"
P1,M,M080dI101B,M305460,ERR16026912,SAMEA120820432,ERS28342658,M080dI101B043,M080dI101B043_L1,2025-12-16,https://www.ebi.ac.uk/ena/browser/view/ERR16026912,https://www.ebi.ac.uk/biosamples/samples/SAMEA120820432,ftp.sra.ebi.ac.uk/vol1/fastq/ERR160/012/ERR16026912/ERR16026912_1.fastq.gz;ftp.sra.ebi.ac.uk/vol1/fastq/ERR160/012/ERR16026912/ERR16026912_2.fastq.gz,"Import the ENA run/sample mapping into the microsample sequencing source table"
P1,M,M080dI101B,M305467,ERR16026957,SAMEA120820489,ERS28342715,M080dI101B049,M080dI101B049_L1,2025-12-16,https://www.ebi.ac.uk/ena/browser/view/ERR16026957,https://www.ebi.ac.uk/biosamples/samples/SAMEA120820489,ftp.sra.ebi.ac.uk/vol1/fastq/ERR160/057/ERR16026957/ERR16026957_1.fastq.gz;ftp.sra.ebi.ac.uk/vol1/fastq/ERR160/057/ERR16026957/ERR16026957_2.fastq.gz,"Import the ENA run/sample mapping into the microsample sequencing source table"
P1,M,M080dI101B,M305475,ERR16026814,SAMEA120820342,ERS28342568,M080dI101B056,M080dI101B056_L1,2025-12-16,https://www.ebi.ac.uk/ena/browser/view/ERR16026814,https://www.ebi.ac.uk/biosamples/samples/SAMEA120820342,ftp.sra.ebi.ac.uk/vol1/fastq/ERR160/014/ERR16026814/ERR16026814_1.fastq.gz;ftp.sra.ebi.ac.uk/vol1/fastq/ERR160/014/ERR16026814/ERR16026814_2.fastq.gz,"Import the ENA run/sample mapping into the microsample sequencing source table"
P1,M,M080dI101B,M305491,ERR16026970,SAMEA120820502,ERS28342728,M080dI101B070,M080dI101B070_L1,2025-12-16,https://www.ebi.ac.uk/ena/browser/view/ERR16026970,https://www.ebi.ac.uk/biosamples/samples/SAMEA120820502,ftp.sra.ebi.ac.uk/vol1/fastq/ERR160/070/ERR16026970/ERR16026970_1.fastq.gz;ftp.sra.ebi.ac.uk/vol1/fastq/ERR160/070/ERR16026970/ERR16026970_2.fastq.gz,"Import the ENA run/sample mapping into the microsample sequencing source table"
P1,M,M080dI101B,M305497,ERR16026940,SAMEA120820474,ERS28342700,M080dI101B075,M080dI101B075_L1,2025-12-16,https://www.ebi.ac.uk/ena/browser/view/ERR16026940,https://www.ebi.ac.uk/biosamples/samples/SAMEA120820474,ftp.sra.ebi.ac.uk/vol1/fastq/ERR160/040/ERR16026940/ERR16026940_1.fastq.gz;ftp.sra.ebi.ac.uk/vol1/fastq/ERR160/040/ERR16026940/ERR16026940_2.fastq.gz,"Import the ENA run/sample mapping into the microsample sequencing source table"
P1,M,M080dI101B,M305500,ERR16026797,SAMEA120820326,ERS28342552,M080dI101B078,M080dI101B078_L1,2025-12-16,https://www.ebi.ac.uk/ena/browser/view/ERR16026797,https://www.ebi.ac.uk/biosamples/samples/SAMEA120820326,ftp.sra.ebi.ac.uk/vol1/fastq/ERR160/097/ERR16026797/ERR16026797_1.fastq.gz;ftp.sra.ebi.ac.uk/vol1/fastq/ERR160/097/ERR16026797/ERR16026797_2.fastq.gz,"Import the ENA run/sample mapping into the microsample sequencing source table"
P1,M,M080dI101B,M305503,ERR16026840,SAMEA120820365,ERS28342591,M080dI101B080,M080dI101B080_L1,2025-12-16,https://www.ebi.ac.uk/ena/browser/view/ERR16026840,https://www.ebi.ac.uk/biosamples/samples/SAMEA120820365,ftp.sra.ebi.ac.uk/vol1/fastq/ERR160/040/ERR16026840/ERR16026840_1.fastq.gz;ftp.sra.ebi.ac.uk/vol1/fastq/ERR160/040/ERR16026840/ERR16026840_2.fastq.gz,"Import the ENA run/sample mapping into the microsample sequencing source table"
