genome,M305542,M305634,M305636,M305535,M305537,M305557,M305547,M305610,M305548,M305647,M305608,M305613,M305538,M305638,M305533,M305536,M305637,M305652,M305516,M305544,M305517,M305618,M305515,M305528,M305531,M305628,M305607,M305620,M305622,M305520,M305653,M305554,M305611,M305510,M305527,M305511,M305524,M305614,M305630,M305525,M305632,M305534,M305645,M305555,M305633,M305616,M305514,M305627,M305615,M305629,M305530,M305619,M305643,M305521,M305532,M305546,M305552,M305650,M305649,M305623,M305641,M305621,M305519,M305549,M305642,M305556,M305513,M305644,M305648,M305541,M305539,M305625,M305639,M305545,M305635,M305523,M305609,M305550,M305551,M305624,M305646,M305606,M305529,M305518
D300627:bin_000003,1.535,4.375,11.461,1.37,3.771,1.587,0,2.968,0,3.795,30.135,8.127,4.586,23.834,0,1.407,10.74,31.847,1.637,0,2.006,3.159,0,1.483,0,11.173,0,12.657,7.798,1.869,9.127,2.281,16.893,1.411,3.31,1.204,0,14.717,1.858,1.344,2.388,2.491,2.819,1.039,9.628,0,0,12.609,4.519,13.779,1.868,10.556,4.365,1.213,3.294,1.086,0,3.862,4.96,5.392,12.557,0,1.507,1.942,8.867,0,2.761,5.856,0,0,1.602,0,6.342,1.782,0,0,5.74,1.879,1.269,8.491,4.498,17.891,2.873,1.276
D300627:bin_000012,0,2.235,3.545,0,1.183,0,0,0,0,0,0,0,0.934,6.423,0,0,2.472,4.724,0,0,0,0,0,0,0,1.853,0,3.187,0,0,2.35,0,0,1.141,2.745,0,0,1.9,0,0,0,1.025,0,0,2.138,0,0,3.952,0,3.797,0,3.757,0,0,1.749,0,0,3.516,0,2.208,2.591,0,0,0,5.609,0,0.934,5.234,0,0,1.341,0,2.688,1.191,0,0,3.479,0,0,25.96,2.213,0,1.008,0
D300628:bin_000004,0,0,5.15,0,0,1.131,0,0,0,0,4.648,0,0,4.176,0,0,0,4.381,0,0,0,0,0,0,0,0,0,2.784,0,0,0,0,0,0,0,0,0,0,0,0,0,0,0,0,0,0,0,2.88,0,1.934,0,1.816,0,0,0.968,0,0,1.985,0,0,3.639,0,0,1.039,2.271,0,0.786,0,0,0,1.003,0,0,0,0,0,0,0,0,2.016,0,0,0,0
D300629:bin_000002,0,0,0,0,0,0,0,0,0,0,0,0,0,2.485,0,0,2.353,3.373,0,0,0,0,0,0,0,0,0,0,0,0,0,0,1.764,0,0,0,0,2.31,0,0,0,0,0,0,2.086,0,0,0,0,0,0,0,0,0,0,0,0,0,0,0,0,0,0,0,0,0,0,0,0,0,0,0,0,0,0,0,0,0,0,0,0,0,0,0
D300630:bin_000014,10.469,14.973,39.694,4.673,14.329,5.352,0,8.556,3.943,12.376,98.401,25.356,12.242,79.844,2.362,9.334,27.724,82.458,5.685,2.678,8.25,7.065,2.322,2.927,0,23.928,0,36.08,18.185,3.452,24.293,5.926,30.343,3.739,13.162,5.807,0,43.651,5.631,4.85,6.178,7.879,12.336,2.31,28.42,0,1.043,44.222,12.307,40.294,9.568,35.245,20.395,3.128,15.835,6.319,2.297,15.973,12.251,23.929,43.009,0,4.291,7.422,26.471,2.711,8.136,21.653,3.443,4.607,7.899,0,21.48,6.545,0,0,23.587,5.375,4.187,33.578,12.463,43.884,9.397,3.105
D300631:bin_000002,0,0,0,0,1.892,0,0,1.987,0,0,8.286,4.014,1.454,3.856,0,0,3.792,6.833,0,0,1.059,0,0,0,0,0,0,3.721,3.037,0,7.465,0,10.017,0,1.609,0,0,7.213,0,1.332,0,1.726,0,0,3.167,0,0,4.143,1.945,7.877,0,4.809,1.965,0,2.119,1.17,0,4.595,0,2.834,4.098,0,0.978,0,3.005,0,0,0,0,0,0,0,0,0,0,0,2.721,0,0,3.896,2.371,10.18,1.847,0
D300631:bin_000019,0,0,0,0,0,0,0,0,0,0,0,0,0,0,0,0,0,0,0,0,0,0,0,0,0,0,0,0,0,0,0,0,0,0,0,0,0,0,0,0,0,0,0,0,0,0,0,0,0,0,0,0,0,0,0,0,0,6.046,4.221,0,0,0,0,0,0,0,0,0,0,0,0,0,0,0,0,0,0,0,0,0,0,0,0,0
D300632:bin_000002,0,0,0,0,0,0,0,0,0,0,0,0,0,0,0,0,0,0,0,0,0,0,0,0,0,0,0,0,0,0,0,0,0,0,0,0,0,0,0,0,0,0,0,0,0,0,0,0,0,0,0,0,0,0,0,0,0,0,0,0,0,0,0,0,0,0,0,0,0,0,0,0,0,0,0,0,0,0,0,0,0,0,0,0
D300632:bin_000015,0,2.706,4.415,0,0,0,0,0,0,0,2.563,0,0,5.31,0,0,2.758,7.179,1.149,0,1.456,0,0,0,0,0,0,2.933,0,0,13.319,0,1.713,0,0,0,0,0,0,0,0,0,0,0,0,0,0,3.431,0,2.073,0,2.263,1.976,0,3.82,0,0,40.458,35.017,1.677,2.05,0,0,1.502,5.028,0,2.23,3.653,12.205,0,0,0,4.436,0,0,0,1.948,0,0.931,2.469,2.197,0,0,0
D300633:bin_000005,7.91,13.083,13.711,1.896,1.129,4.796,0,0,0,7.853,0,0,1.746,18.892,1.229,0,10.025,11.958,3.455,0.798,3.167,0,2.262,1.026,0,0,0,11.073,3.998,0,10.159,2.29,0,0,4.418,2.396,0,0,2.42,0,8.116,3.672,3.92,1.364,2.844,0,1.204,26.393,4.897,4.656,3.15,7.734,11.717,0,13.001,3.2,0,13.711,11.332,10.506,2.021,0,0,6.782,11.359,3.292,8,22.829,4.485,1,6.544,0,6.139,9.437,0,0,6.649,2.325,4.086,10.199,5.657,0,5.092,0
D300633:bin_000006,4.2,13.776,20.299,0.969,0,1.401,0,0,1.502,1.625,0,0,0,15.033,1.07,0,5.753,4.054,0.968,0.923,2.79,0,1.172,0,0,0,0,18.791,7.654,0,1.915,0.896,0,0,7.684,0,0,0,1.935,0,5.421,2.46,8.137,0.989,4.647,0,0,15.603,9.077,2.484,5.443,2.983,8.39,0,5.098,2.244,0.857,10.031,5.805,5.09,2.491,0,0.859,3.451,10.668,0.876,3.526,5.846,3.184,1.295,4.624,0,0,4.203,0,0,3.913,1.273,3.063,3.229,10.22,0,1.916,0
D300634:bin_000017,28.058,11.166,52.356,8.131,3.039,1.943,0,0,9.442,18.418,0,0,3.795,23.169,1.648,6.339,25.668,20.164,8.006,0,13.026,0,4.837,0,0,0,0,18.238,7.786,0,5.848,1.371,0,0,9.066,2.112,0,0,2.291,0,3.026,3.852,11.827,0,30.696,0,0.779,48.97,22.115,2.959,11.014,17.313,32.513,0,14.991,3.92,2.78,3.004,2.832,57.484,6.834,0,2.07,5.984,23.488,3.386,3.418,13.084,1.823,9.054,4.491,0,2,3.445,0,0,9.464,1.147,0,11.132,23.839,0,5.175,0
D300634:bin_000019,0,0,0,0,0,0,0,0,0,0,0,0,0,0,0,0,0,0,0,0,0,0,0,0,0,0,0,0,0,0,0,0,0,0,0,0,0,0,0,0,0,0,0,0,0,0,0,0,0,0,0,0,0,0,0,0,0,0,0,0,0,0,0,0,0,0,0,0,0,0,0,0,0,0,0,0,0,0,0,0,0,0,0,0
D300634:bin_000035,0,2.664,4.632,0,0,0,0,0,0,0,2.69,0,0,5.525,0,0,2.864,7.011,1.142,0,1.457,0,0,0,0,0,0,2.785,0,0,13.497,0,0,0,0,0,0,0,0,0,0,0,0,0,0,0,0,3.559,0,2.101,0,2.359,1.833,0,3.767,0,0,41.222,36.054,1.71,2.196,0,0,1.535,4.772,0,2.255,3.584,12.03,0,0,0,4.351,0,0,0,2.072,0,0.985,2.547,2.221,0,0,0
D300637:bin_000029,0,0,0,0,0,0,0,0,0,0,0,0,0,0,0,0,0,0,0,0,0,0,0,0,0,0,0,0,0,0,0,0,0,0,0,0,0,0,0,0,0,0,0,0,0,0,0,0,0,0,0,0,0,0,0,0,0,0,0,0,0,0,0,0,0,0,0,0,0,0,0,0,0,0,0,0,0,0,0,0,0,0,0,0
D300637:bin_000032,2.555,2.284,6.543,1.484,2.522,1.365,0,1.719,0,2.639,20.972,4.446,3.053,16.698,0,1.827,4.542,19.761,1.315,0,1.541,0,0,0,0,4.996,0,8.319,3.19,0,6.185,1.181,7.196,0,2.088,1.424,0,8.054,0,1.182,0,1.816,0,0,5.21,0,0,7.554,2.289,8.958,2.499,7.345,2.954,0,4.808,1.375,0,6.496,3.04,4.827,9.305,0,0.959,1.782,6.303,0,1.281,3.551,0,0,1.628,0,3.916,1.43,0,0,4.696,1.962,1.171,7.963,2.711,7.67,2.282,0
D300638:bin_000035,4.446,8.114,20.621,3.404,6.838,3.076,0,3.017,2.123,8.764,24.821,6.218,5.169,32.143,1.586,1.707,12.412,29.464,3.907,1.187,3.257,1.484,1.612,2.005,0,7.179,0,15.676,7.924,1.055,10.988,1.765,10.692,1.547,5.735,1.829,0,13.537,3.013,1.933,4.714,4.781,5.666,1.024,12.596,0,0,19.815,5.273,15.185,4.925,12.239,10.376,1.22,8.709,3.103,1.422,9.039,7.505,9.726,17.735,0,2.42,5.032,16.627,1.527,4.782,13.527,2.886,1.361,4.798,0,9.843,5.664,0,0,10.783,2.261,2.939,18.205,8.357,12.607,3.922,1.18
D300639:bin_000025,0,0,2.215,0,0,0,0,0,0,0,0,0,0,3.35,0,0,2.504,3.48,0,0,0,0,0,0,0,0,0,0,0,0,0,0,2.099,0,0,0,0,0,0,0,0,0,0,0,0,0,0,2.575,0,0,0,0,0,0,1.273,0,0,0,0,0,0,0,0,0,0,0,0,0,0,0,0,0,0,0,0,0,0,0,0,0,0,0,0,0
D300642:bin_000010,0,0,0,0,0,0,0,0,0,0,0,0,0,0,0,0,0,0,0,0,0,0,0,0,0,0,0,0,0,0,0,0,0,0,0,0,0,0,0,0,0,0,0,0,0,0,0,0,0,0,0,0,0,0,0,0,0,0,0,0,0,0,0,0,0,0,0,0,0,0,0,0,0,0,0,0,0,0,0,0,0,0,0,0
D300642:bin_000012,1.027,2.329,5.738,0,0,0.977,0,0,0,0,0,0,0,6.962,0,0,0,2.959,0,0,0,0,0,0,0,0,0,2.517,0,0,0,0,0,0,2.224,0,0,0,0,0,0,0,0,0,0,0,0,8.55,3.379,0,1.642,0,1.786,0,2.661,0,0,1.9,2.284,2.892,0,0,0,0,3.878,0,3.172,2.926,0,0,0,0,1.983,3.673,0,0,2.22,0,1.172,3.103,2.177,0,1.39,0
D300642:bin_000016,0,0,34.997,0,0,3.628,0,0,0,2.211,0,0,0,35.333,0,0,0,0,1.178,0,0,0,8.613,17.671,0,0,0,3.713,0,0,0,0,0,0,13.543,0,0,0,0,0,0,0,0,0,0,0,0,0,0,0,0,7.017,0,0,2.799,9.472,0,0,0,0,0,0,0,1.317,151.029,0,0,21.266,0,1.6,0,0,0,0,0,0,0,0,0,0,0,0,0.905,0
D300645:bin_000002,1.965,4.43,13.112,1.261,2.872,1.983,0,2.317,0,3.747,17.675,4.369,3.411,20.778,0,0,5.803,21.257,1.185,0.797,1.927,0,0,1.567,0,3.215,0,12.316,4.401,0,11.281,1.47,10.411,0.862,1.482,1.411,0,7.778,0,1.227,0,2.858,5.149,1.069,6.805,0,0,10.55,4.05,8.395,3.679,7.004,4.231,0,6.49,1.837,1.261,10.893,10.22,5.036,9.52,0,0,2.719,9.669,0,2.45,6.108,2.036,0.939,2.439,0,4.848,2.549,0,0,6.111,2.216,1.387,4.71,4.348,11.147,2.866,1.055
D300645:bin_000005,0,0,0,0,0,0,0,0,0,0,0,0,0,0,0,0,0,0,0,0,0,0,0,0,0,0,0,0,0,0,0,0,0,0,0,0,0,0,0,0,0,0,0,0,0,0,0,0,0,0,0,0,0,0,0,0,0,1.964,0,0,0,0,0,0,0,0,0,0,0,0,0,0,0,0,0,0,0,0,0,0,0,0,0,0
D300645:bin_000026,1.778,2.566,6.921,0,0,0,0,0,0,0,3.869,2.377,1.113,6.981,0,0,3,6.263,1.263,0,0,0,0,0,0,0,0,4.403,2.786,0,3.286,0,3.051,0,2.11,0,0,4.898,0,0,0,1.042,0,0,2.33,0,0,5.204,0,4.122,1.364,2.964,2.77,0,2.957,0,0,3.523,2.559,3.351,2.415,0,0,1.262,3.398,0,1.081,4.791,2.494,0,1.079,0,2.357,1.176,0,0,2.656,0,0,3.845,3.646,4.657,1.112,0
D300645:bin_000028,9.309,10.69,30.368,4.235,7.534,4.63,0,5.289,2.944,10.698,31.806,8.855,6.957,48.089,1.59,2.743,18.54,43.805,4.605,1.731,5.956,1.901,2.145,2.415,0,10.278,0,20.563,11.812,1.607,13.026,2.822,15.455,1.615,6.7,3.303,0,18.293,3.785,2.544,5.838,7.122,8.303,1.394,19.864,0,0,29.036,9.52,18.975,6.356,16.468,14.053,1.55,13.243,4.373,1.926,11.002,7.691,13.279,24.838,0,2.894,7.046,21.326,1.866,4.976,15.624,2.44,2.544,6.199,0,11.459,6.066,0,0,13.227,4.105,2.776,16.628,11.981,18.207,6.131,1.602
D300646:bin_000002,5.395,13.117,19.999,1.356,0,5.47,0,2.753,0,4.951,0,0,1.401,17.668,1.653,0,9.19,12.293,4.408,1.199,1.856,0,2.933,1.052,0,0,0,16.097,8.949,0,9.248,1.464,0,0,5.501,2.036,0,0,1.743,0.97,6.447,2.463,5.006,1.24,3.963,0,0,25.38,3.195,4.329,4.148,4.201,7.474,0,9.538,2.667,1.703,22.517,11.323,9.154,2.312,0,0,5.946,15.574,2.364,6.098,18.026,5.461,0,6.921,0,7.32,8.624,0,0,7.416,1.605,4.652,9.987,9.164,0,5.79,0
D300646:bin_000008,0,0,0,0,0,0,0,0,0,0,0,0,0,0,0,0,0,2.38,0,0,0,0,0,0,0,0,0,0,0,0,0,0,0,0,0,0,0,0,0,0,0,0,0,0,0,0,0,0,0,0,0,0,0,0,0,0,0,0,0,0,0,0,0,0,0,0,0,0,0,0,0,0,0,0,0,0,0,0,0,0,0,0,0,0
D300647:bin_000001,0,2.085,5.289,0,0,0,0,0,0,0,0,0,0,4.14,0,0,0,4.612,0,0,1.123,0,0,0,0,0,0,0,0,0,4.457,0,0,0,0,0,0,0,0,0,0,0.913,0,0,0,0,0,2.445,0,2.095,1.044,0,0,0,1.588,0,0,13.195,12.24,0,0,0,0,1.061,2.474,0,0.967,2.096,4.225,0,0,0,2.556,0,0,0,0,0,0,0,0,0,0,0
D300647:bin_000007,5.905,14.598,20.251,2.502,1,4.279,0,5.289,0,4.185,0,0,2.722,19.668,1.674,0,11.137,16.061,4.14,1.568,6.392,0,1.702,1.858,0,1.96,0,22.131,8.21,0,13.314,1.93,0,0,6.641,1.628,0,0,5.771,0,6.187,2.975,14.174,1.79,5.725,0,1.159,36.318,6.478,6.724,5.703,9.415,10.975,0,11.326,3.58,1.293,26.265,23.172,13.17,4.843,0,0,4.612,15.204,2.007,4.813,19.237,5.902,1.242,6.009,0,7.586,4.761,0,0,11.361,1.992,4.108,12.623,7.738,0,6.483,0
D300647:bin_000020,1.322,3.984,10.854,0,0.998,0,0,0,1.647,4.857,0,0,0,7.611,0,0,6.219,4.41,0.904,0,2.229,0,0,0,0,0,0,2.274,1.978,0,2.507,0,0,0,0,0,0,1.849,0,0,2.517,1.614,1.969,0,2.574,0,0,3.517,0,0,1.542,4.703,3.782,0,5.427,1.154,0,0,0,2.712,5.659,0,0,1.746,6.919,0,3.097,4.967,0,0,1.293,0,3.566,3.148,0,0,0,0,0,6.614,2.331,0,1.901,0
D300648:bin_000006,4.321,5.656,17.863,1.758,2.027,1.932,0,2.135,0,3.724,0,0,1.791,17.026,0,0,9.528,13.806,2.194,0,2.754,0,0,1.165,0,3.91,0,7.757,2.649,0,9.492,0,2.69,0,2.167,0,0,2.425,0,0,2.148,1.785,3.815,0,5.286,0,0,12.054,3.472,5.277,3.809,7.344,7.605,0,5.416,1.959,1.225,10.251,5.933,4.759,5.382,0,0,3.25,7.918,0,2.714,8.098,4.241,1.325,1.968,0,5.869,2.779,0,0,5.108,2.124,1.294,4.5,5.611,0,2.684,0
D300648:bin_000013,0,0,2.599,0,0,0,0,0,0,0,0,0,0,3.932,0,0,0,4.464,0,0,0,0,0,0,0,0,0,0,0,0,6.918,0,0,0,0,0,0,0,0,0,0,0,0,0,0,0,0,2.052,0,0,0,0,0,0,2.291,0,0,19.286,17.826,0,0,0,0,0,2.711,0,1.171,1.975,6.08,0,0,0,2.587,0,0,0,0,0,0,0,0,0,0,0
D300648:bin_000014,0,0,1.901,0,0,0,0,0,0,0,0,0,0,2.611,0,0,0,2.401,0,0,0,0,0,0,0,0,0,0,0,0,0,0,0,0,0,0,0,0,0,0,0,0,0,0,0,0,0,0,0,0,0,0,0,0,1.353,0,0,5.003,4.781,0,0,0,0,0,0,0,0.957,0,0,0,0,0,0,0,0,0,0,0,0,0,0,0,0,0
D300649:bin_000001,3.841,7.757,6.611,0,0,3.002,0,0,0,5.707,0,0,1.449,13.667,0,0,7.844,7.596,2.023,1.306,1.867,0,1.006,1.241,0,0,0,7.2,8.666,1.36,4.011,2.244,0,0,2.332,0,0,0,4.487,0,6.733,2.704,2.941,1.036,2.678,0,0,23.886,3.519,4.499,2.457,3.744,5.765,0,11.102,2.295,0,11.557,11.897,7.166,2.046,0,0,4.503,8.702,1.936,4.783,11.316,2.873,0,2.531,0,9.693,6.195,0,0,3.211,2.52,4.282,9.999,8.464,0,2.569,0
D300649:bin_000007,0,0,0,0,0,0,0,0,0,0,0,0,0,1.955,0,0,0,0,0,0,0,0,0,0,0,0,0,0,0,0,0,0,0,0,0,0,0,0,0,0,0,0,0,0,0,0,0,0,0,0,0,0,0,0,0,0.971,0,0,0,0,0,0,0,0,0,0,0,0,0,0,0,0,0,0,0,0,0,0,0,0,0,0,0,0
D300650:bin_000002,0,1.931,1.915,0,0,0,0,0,0,0,0,0,0,0,0,0,0,0,0,0,0,0,0,0,0,0,0,0,0,0,0,0,0,0,0,0,0,0,0,0,0,0,0,0,0,0,0,3.927,0,0,0,0,0,0,1.329,0,0,3.661,0,0,0,0,0,0,0,0,1.337,0,0,0,0,0,0,1.253,0,0,0,0,0,0,0,0,0,0
D300650:bin_000005,1.442,2.039,4.682,0.982,2.288,1.435,0,0,0,3.005,2.773,0,1.323,9.353,0,0,3.215,5.323,0.898,0,0,0,0,0,0,1.733,0,4.116,0,0,2.377,0,0,1.799,10.269,0,0,3.241,0,3.132,0,0,0,0,0,0,0,3.409,0,10.099,0,7.168,0,0,2.297,1.21,0,6.16,1.898,2.875,4.98,0,0,1.577,3.96,0,0.808,5.68,0,1,4.445,0,3.107,0.996,0,0,2.568,0,0,28.345,0,5.237,1.086,0
D300650:bin_000008,0,0,0,0,0,0,0,0,0,0,0,0,0,0,0,0,0,0,0,0,0,0,0,0,0,0,0,0,0,0,0,0,0,0,0,0,0,0,0,0,0,0,0,0,0,0,0,0,0,0,0,0,0,0,0,0,0,0,0,0,0,0,0,0,0,0,0,0,0,0,0,0,0,0,0,0,0,0,0,0,0,0,0,0
D300650:bin_000025,1.541,2.255,3.041,0,0,0,0,0,0,0,0,0,0,0,0,0,0,0,0,0,0,0,0,0,0,0,0,0,0,0,0,0,0,0,0,0,0,0,0,0,0,0,0,0,0,0,0,0,0,0,0,0,0,0,1.398,0,0,0,0,0,0,0,0,0,1.98,0,1.614,0,0,0,0.957,0,0,0,0,0,0,0,0,4.996,0,0,0,0
D300650:bin_000036,0,0,0,0,0,0,0,0,0,0,0,0,0,0,0,0,0,0,0,0,0,0,0,0,0,0,0,0,0,0,0,0,0,0,0,0,0,0,0,0,0,0,0,0,0,0,0,0,0,0,0,0,0,0,0,0,0,3.251,3.153,0,0,0,0,0,0,0,0,0,0,0,0,0,0,0,0,0,0,0,0,0,0,0,0,0
D300651:bin_000022,0,0,0,0,0,0,0,0,0,0,0,0,0,0,0,0,0,0,0,0,0,0,0,0,0,0,0,0,0,0,0,0,0,0,0,0,0,0,0,0,0,0,0,0,0,0,0,0,0,0,0,0,0,0,0,0,0,0,0,0,0,0,0,0,0,0,0,0,0,0,0,0,0,0,0,0,0,0,0,0,0,0,0,0
D300651:bin_000029,2.133,0,2.946,0,0,0,0,0,0,0,0,0,0,0,0,1.242,2.383,2.272,0,0,1.088,0,0,0,0,0,0,0,0,0,0,0,0,0,0,0,0,0,0,0,0,0,0,0,2.185,0,0,3.911,0,0,0,2.695,0,0,0,0,0,0,0,5.187,0,0,0,0,0,0,0,0,0,0,0,0,0,0,0,0,0,0,0,4.367,0,0,0,0
D300651:bin_000031,1.292,3.015,3.365,1.499,8.64,1.239,0,3.281,0,5.986,19.715,4.906,4.099,13.743,1.255,0,8.119,18.175,1.272,0,0,1.241,0,3.346,0,5.431,0,5.732,4.347,0,3.879,0.976,7.93,3.935,8.223,1.336,0,6.199,0,2.496,0,1.689,2.062,0,4.296,0,0,4.988,2.548,17.972,1.96,11.462,2.189,0,3.575,0,0,8.998,0,3.895,16.201,0,0,0,7.168,0,0,7.616,0,1.707,3.115,0,5.268,1.891,0,0,6.058,1.541,0.864,13.336,3.34,10.076,1.295,0.908
D300651:bin_000040,0,0,0,0,0,0,0,0,0,0,2.163,0,0,2.801,0,0,0,3.869,0,0,0,0,0,0,0,0,0,0,0,0,0,0,2.784,0,0,0,0,3.413,0,0,0,0,0,0,0,0,0,0,0,1.799,0,2.997,0,0,0,0,0,0,2.236,0,0,0,0,0,0,0,0,0,0,0,0,0,0,0,0,0,0,0,0,0,0,0,0,0
D300652:bin_000001,12.872,11.182,43.059,6.2,10.872,4.2,0,6.214,4.064,9.181,6.579,5.783,4.558,40.198,1.496,5.715,26.534,38.183,4.784,1.393,8.826,0,3.176,2.57,0,7.962,0,18.127,7.034,1.117,14.598,2.507,9.986,0,7.031,2.946,0,9.603,4.462,1.721,4.543,4.554,9.689,2.127,26.983,0,1.069,45.362,11.452,19.902,11.303,20.358,16.683,1.699,17.688,5.743,2.029,14.659,10.863,20.045,17.123,0,2.48,6.735,19.155,1.685,5.423,18.877,7.324,5.156,5.323,0,15.389,4.862,0,0,13.26,3.999,2.903,11.759,17.533,8.941,7.503,1.74
D300653:bin_000003,2.578,4.349,7.402,1.058,0,1.26,0,0,0,2.067,0,0,0,5.199,0,0,0,5.262,1.422,0,1.097,0,1.169,0,0,0,0,5.024,9.717,0,6.385,0,0,0,2.943,0,0,0,0,0,1.907,0,0,0,0,0,0,3.236,0,0,2.145,2.535,4.824,0,3.462,1.324,0,6.929,5.322,4.323,0,0,0,3.11,6.186,0,2.276,5.598,4.771,0,1.595,0,2.022,1.614,0,0,2.054,0,0,4.343,0,0,0,0
D300654:bin_000002,0,0,0,0,0,0,0,0,0,0,8.677,2.235,0,3.345,0,4.052,2.764,24.641,0,0,0,1.655,0,0,0,0,0,0,0,0,0,0,2.451,0,0,0,0,8.177,0,0,0,0,0,0,3.36,0,0,4.147,0,0,3.454,0,1.672,0,4.593,0,0,0,0,2.162,4.434,0,0,0,0,0,0,0,0,0,0,0,0,0,0,0,0,0,0,0,1.999,11.2,3.602,0
D300654:bin_000014,3.648,4.334,8.711,1.902,2.266,2.502,0,1.757,1.359,5.078,7.356,5.187,1.917,15.319,0,2.597,10.688,12.776,2.104,0,4.528,0,1.116,1.853,0,4.418,0,7.884,3.232,0,4.349,1.4,7.23,0.996,1.723,1.014,0,7.875,0,0.904,2.733,1.36,5.193,0,10.275,0,0,18.742,3.395,7.267,4.148,35.74,6.844,0.896,7.587,2.142,0.976,9.989,3.415,6.706,7.514,0,1.003,1.638,11.968,0,2.757,6.928,0,1.45,1.659,0,8.578,1.657,0,0,5.011,1.643,1.221,7.165,5.76,7.531,2.557,0
D300654:bin_000018,0,0,0,0,0,0,0,0,0,0,0,0,0,0,0,0,0,0,0,0,0,0,0,0,0,0,0,0,0,0,0,0,0,0,0,0,0,0,0,0,0,0,0,0,0,0,0,0,0,0,0,0,0,0,0,0,0,0,0,0,0,0,0,0,0,0,0,0,0,0,0,0,0,0,0,0,0,0,0,0,0,0,0,0
D300654:bin_000019,0,0,1.896,0,0,0,0,0,0,0,0,0,0,0,0,0,0,0,0,0,0,0,0,0,0,0,0,2.344,0,0,0,0,0,0,1.713,0,0,0,0,0,0,0,0,0,0,0,0,5.645,0,0,1.027,0,0,0,1.096,0,0,0,0,0,0,0,0,0,0,0,0,0,0,0,0,0,0,1.066,0,0,0,0,0,0,1.906,0,0,0
D300655:bin_000005,4.579,7.993,17.584,2.517,4.211,2.582,0,3.895,2.068,6.517,18.617,4.206,3.316,21.629,1.305,4.483,12.934,34.425,2.906,0.976,5.964,0,1.711,1.073,0,6.893,0,16.765,5.96,1.024,10.8,2.298,14.558,0.903,13.49,1.128,0,6.056,2.048,1.223,4.162,4.047,5.34,1.282,13.313,0,0,13.311,3.864,11.344,4.011,8.221,7.524,0.955,7.298,2.479,1.036,12.502,10.398,9.953,20.741,0,2.81,4.288,15.874,1.252,2.686,10.192,1.986,1.106,3.512,0,8.478,4.152,0,0,6.591,2.81,1.815,12.779,6.179,4.755,5.116,0
D300655:bin_000016,0,3.301,7.014,0,1.496,0.939,0,0,0,0,9.195,4.197,2.447,14.808,0,0,5.802,12.749,0,0,0.904,1.318,0,0,0,3.553,0,6.794,2.544,0,3.1,1.27,4.647,0,1.527,1.748,0,9.567,0,0,0,1.443,1.94,0,4.153,0,0,5.788,1.988,5.743,1.375,5.309,3.127,0,3.164,1.113,0,4.067,2.851,2.663,3.76,0,0,2.005,6.71,0,1.228,5.096,3.057,0,1.096,0,3.352,1.395,0,0,3.328,0.989,0,2.412,2.779,9.15,0,0
D300656:bin_000001,0,0,0,0,0,0,0,0,0,0,0,0,0,0,0,0,0,0,0,0,0,0,0,0,0,0,0,0,0,0,0,0,0,0,0,0,0,0,0,0,0,0,0,0,0,0,0,0,0,0,0,0,0,0,0,0,0,0,0,0,0,0,0,0,0,0,0,0,0,0,0,0,0,0,0,0,0,0,0,0,0,0,0,0
D300657:bin_000017,0,0,0,0,0,0.983,0,0,0,0,0,0,0,4.807,0,0,0,0,0,0,0,0,0,0,0,0,0,0,0,0,0,0,0,0.836,22.109,0,0,0,0,0,0,0,0,0,0,0,0,0,0,3.189,0,2.406,0,0,0,0,0,0,0,0,2.687,0,0,0,1.793,0,0,2.193,0,0,1.132,0,0,0,0,0,0,0,0,54.22,0,0,0,0
D300658:bin_000002,0,0,0,0,0,0,0,0,0,0,0,0,0,0,0,0,0,0,0,0,0,0,0,0,0,0,0,0,0,0,0,0,0,0,0,0,0,0,0,0,0,0,0,0,0,0,0,0,0,0,0,0,0,0,0,0,0,0,0,0,0,0,0,0,0,0,0,0,0,0,0,0,0,0,0,0,0,0,0,0,0,0,0,0
D300658:bin_000003,0,0,0,0,0,0,0,0,0,0,0,0,0,0,0,0,0,0,0,0,0,0,0,0,0,0,0,0,0,0,0,0,0,0,0,0,0,0,0,0,0,0,0,0,0,0,0,0,0,0,0,0,0,0,0,0,0,0,0,0,0,0,0,0,0,0,0,0,0,0,0,0,0,0,0,0,0,0,0,1.972,0,0,0,0
D300658:bin_000008,0,0,3.015,0,0,0,0,0,0,0,0,0,0,0,0,0,0,0,0,0,0,0,0,0,0,0,0,0,0,0,0,0,0,0,0,0,0,0,0,0,0,0,0,0,0,0,0,0,0,0,0,0,0,0,0,1.718,0,0,0,0,0,0,0,0,3.937,0,0,0,0,0,0,0,0,0,0,0,0,0,0,0,0,0,0,0
D300659:bin_000013,0,0,0,0,0,0,0,0,0,0,0,0,0,0,0,0,0,0,0,0,0,0,0,0,0,0,0,0,0,0,0,0,0,0,0,0,0,0,0,0,0,0,0,0,0,0,0,0,0,0,0,0,0,0,0,0,0,0,0,0,0,0,0,0,0,0,0,0,0,0,0,0,0,0,0,0,0,0,0,0,0,0,0,0
D300659:bin_000017,0,0,0,0,0,0,0,0,0,0,0,0,0,0,0,0,0,0,0,0,0,0,0,0,0,0,0,0,0,0,0,0,0,0,0,0,0,0,0,0,0,0,0,0,0,0,0,0,0,0,0,0,0,0,0,0,0,0,0,0,0,0,0,0,0,0,0,0,0,0,0,0,0,0,0,0,0,0,0,0,0,0,0,0
D300659:bin_000048,31.123,36.616,70.582,13.165,8.192,9.615,0,10.294,8.978,38.042,12.121,3.307,9.91,62.018,3.272,4.719,38.89,42.265,18.799,3.683,17.921,0,7.674,4.34,0,5.281,0,49.488,24.205,1.644,18.513,3.796,7.891,1.796,25.953,2.311,0,5.58,7.196,2.136,21.554,15.563,24.197,2.298,41.197,0,3.183,83.287,22.321,16.135,17.002,25.13,50.868,1.95,26.162,13.008,6.215,20.79,18.362,67.017,63.853,2.581,5.32,18.162,51.354,5.365,11.099,53.357,9.344,9.764,15.678,0,23.998,10.093,3.024,0,11.754,4.634,6.134,31.062,25.757,5.374,13.235,0.966
D300659:bin_000063,0,0,0,0,0,0,0,0,0,0,0,0,0,0,0,0,0,0,0,0,0,0,0,0,0,0,0,0,0,0,0,0,0,0,0,0,0,0,0,0,0,0,0,0,0,0,0,0,0,0,0,0,0,0,0,0,0,1.748,0,0,0,0,0,0,0,0,0,0,0,0,0,0,0,0,0,0,0,0,0,0,0,0,0,0
D300661:bin_000001,0,4.512,5.242,0,0,0,0,0,0,0,0,0,0,3.041,0,0,2.416,0,0,0,1.32,0,0,0,0,0,0,3.371,6.065,0,0,0,0,0,1.222,0,0,0,0,0,0,0,0,0,0,0,0,4.126,0,0,0,0,4.628,0,1.512,0,0,2.067,0,2.75,0,0,0,0,1.817,0,0.885,0,0,0,0,0,0,1.467,0,0,0,0,0,3.677,2.551,0,1.206,0
D300661:bin_000026,1.21,0,4.24,0,0,0,0,0,0,0,0,0,0,0,0,0,1.842,2.635,0,0,0,0,0,0,0,0,0,0,0,0,0,0,0,0,0,0,0,2.532,0,0,0,0,0,0,0,0,0,2.114,0,0,0,0,0,0,0,0,0,2.21,0,0,1.746,0,0,0,0,0,0,0,0,0,0,0,0,0,0,0,0,0,0,0,0,0,0,0
D300661:bin_000028,0,2.669,5.086,0,0,0,0,0,0,0,6.571,2.905,1.266,7.365,0,0,2.367,5.024,0.931,0,0,1.272,0,0,0,0,0,3.956,2.076,0,3.073,0,2.959,0,0,0,0,7.695,0,0,0,0,0,0,0,0,0,3.016,0,4.949,0,2.884,0,0,2.567,0,0,2.423,0,2.212,2.071,0,0,0,2.756,0,0,3.874,2.649,0,0,0,2.384,0,0,0,2.379,0,0,2.429,3.186,7.027,0,0
D300662:bin_000008,1.074,0,3.209,0,0,0,0,0,0,0,2.982,0,0,5.466,0,0,0,4.6,0,0,0,0,0,0,0,0,0,2.911,0,0,0,0,0,0,0,0,0,0,0,0,0,0,0,0,0,0,0,1.89,0,2.397,0,0,0,0,0,0,0,0,0,0,0,0,0,0,0,0,0,0,0,0,0,0,0,0,0,0,0,0,0,0,0,0,0,0
D300663:bin_000004,0,2.919,2.249,0,1.724,1.007,0,0,0,3.927,9.876,2.003,2.068,12.509,0,0.913,2.274,6.977,1.028,0,1.762,1.628,0,0,0,3.533,0,5.197,3.068,0,4.42,1.083,4.018,0,2.091,0,0,6.728,0,1.044,0,0,1.701,0,1.928,0,0,7.245,0,8.712,2.252,6.686,3.178,0,2.12,1.137,0,3.353,0,3.302,13.023,0,0,0,5.152,0,0.854,5.316,0,0,0.985,0,3.496,1.33,0,0,4.254,1.157,0,5.775,0,16.073,0.877,0
D300666:bin_000009,9.175,12.379,30.644,3.97,9.761,4.488,0,5.883,3.053,10.482,61.198,15.662,8.589,54.767,1.857,6.876,20.452,57.014,4.846,1.947,6.709,4.197,1.927,2.304,0,15.587,0,26.342,13.502,2.199,17.465,4.046,20.406,2.445,9.563,4.087,0,27.596,4.097,3.369,5.483,6.093,10.003,1.666,21,0,0,35.227,9.566,26.755,7.374,24.037,16.399,2.251,12.812,4.85,1.958,13.981,10.584,19.857,29.301,0,3.009,6.007,21.278,2.077,6.124,17.798,3.052,3.653,6.205,0,15.281,5.206,0,0,16.848,4.249,3.313,25.652,10.266,27.403,7.357,1.98
D300667:bin_000007,1.822,3.38,9.77,0,0,1.979,0,1.844,0,5.228,0,0,0,6.338,1.049,0,3.36,5.897,1.638,0,1.574,0,1.234,0,0,0,0,6.554,4.014,0,5.904,0,0,0,2.851,0,0,0,2.026,0,1.748,1.478,0,0,1.902,0,0,9.859,4.332,0,1.52,3.602,5.506,0,6.02,1.701,0,7.809,3.929,5.377,0,0,0,3.048,6.611,0,3.467,8.391,0,0,2.695,0,2.577,3.695,0,0,4.953,2.028,1.002,4.01,3.451,0,2.607,0
D300667:bin_000009,0,0,0,0,0,0,0,0,0,0,0,0,0,0,0,0,0,2.728,0,0,0,0,0,0,0,0,0,0,0,0,0,0,0,0,1.309,0,0,0,0,0,0,0,0,0,0,0,0,0,0,0,0,0,0,0,0,0,0,0,0,0,0,0,0,0,0,0,0,0,0,0,0,0,0,0,0,0,0,0,0,0,0,0,0,0
D300667:bin_000016,13.508,15.617,44.085,5.783,2.132,2.718,0,1.759,4.512,22.722,2.286,0,4.697,30.468,1.756,2.46,11.216,25.013,8.12,0,10.56,0,3.682,2.602,0,0,0,11.154,11.187,0,8.076,1.04,0,0,11.096,1.392,0,0,2.802,0,5.454,2.937,14.532,0,21.347,0,0.907,35.892,15.228,4.544,8.895,7.909,25.157,0,13.135,3.631,3.149,12.053,6.884,31.638,8.614,0,1.883,4.552,18.988,2.969,2.695,13.494,0,7.512,4.783,0,4.815,4.136,0,0,9.127,0,0.971,9.256,13.44,0,6.618,0
D300667:bin_000017,0,0,2.356,0,0,0,0,0,0,0,0,0,0,3.693,0,0,0,2.733,0,0,0,0,0,0,0,0,0,0,0,0,1.876,0,0,0,2.451,0,0,0,0,0,0,0,0,0,0,0,0,2.568,0,2.554,0,2.92,0,0,1.136,0,0,2.66,0,0,0,0,0,0,3.117,0,0,3.938,0,0,0,0,0,0,0,0,2.286,0,0,32.309,0,0,0,0
D300667:bin_000025,0,0,0,0,0,0,0,0,0,0,0,0,0,0,0,0,0,0,0,0,0,0,0,0,0,0,0,0,0,0,0,0,0,0,0,0,0,0,0,0,0,0,0,0,0,0,0,0,0,0,0,0,0,0,0,0,0,0,0,0,0,0,0,0,0,0,0,0,0,0,0,0,0,0,0,0,0,0,0,0,0,0,0,0
D300667:bin_000042,0,0,0,0,0,0,0,0,0,0,0,0,0,0,0,0,0,0,0,0,0,0,0,0,0,0,0,0,0,0,0,0,0,0,0,0,0,0,0,0,0,0,0,0,0,0,0,0,0,0,0,0,0,0,0,0,0,0,0,0,0,0,0,0,0,0,0,0,0,0,0,0,0,0,0,0,0,0,0,0,0,0,0,0
D300668:bin_000011,0,0,0,0,0,0,0,0,0,0,0,0,0,0,0,0,0,0,0,0,0,0,0,0,0,0,0,0,0,0,0,0,0,0,0,0,0,0,0,0,0,0,0,0,0,0,0,0,0,0,0,0,0,0,0,0,0,0,0,0,0,0,0,0,0,0,0,0,0,0,0,0,0,0,0,0,0,0,0,0,0,0,0,0
D300668:bin_000018,1.319,2.481,6.021,0,1.036,0,0,0,0,0,7.827,4.254,1.571,7.577,0,0,2.985,6.431,0.919,0,0,1.526,0,0,0,1.973,0,4.506,2.477,0,2.776,0,3.408,0,0,0,0,8.986,0,0,0,0,0,0,0,0,0,2.946,0,4.8,0,3.696,0,0,2.81,0,0,2.831,2.416,2.612,2.987,0,0,1.14,3.387,0,0,4.153,2.907,0,1.035,0,2.918,1.057,0,0,3.683,0,0,3.1,3.125,9.735,0,0
D300669:bin_000017,0,0,0,0,0,0,0,0,0,0,0,0,0,0,0,0,0,2.872,0,0,0,0,0,0,0,0,0,0,0,0,3.462,0,0,0,0,0,0,0,0,0,0,0,0,0,0,0,0,0,0,0,0,0,0,0,0,0,0,13.3,11.696,0,0,0,0,0,0,0,0,0,3.164,0,0,0,0,0,0,0,0,0,0,0,0,0,0,0
D300670:bin_000004,1.227,0,0,0,0,0,0,0,0,0,0,0,0,0,0,0,0,0,0,0,0,0,0,0,0,0,0,0,0,0,0,0,0,0,0,0,0,0,0,0,0,0,0,0,0,0,0,0,0,0,0,0,0,0,0,0,0,0,0,0,0,0,0,0,0,0,0,0,0,0,0,0,0,0,0,0,0,0,0,0,0,0,0,0
D300671:bin_000001,3.508,13.31,12.831,0.889,0,5.136,0,0,0,3.103,0,0,0,8.401,0,0,7.077,9.273,2.854,1.426,1.542,0,1.339,1.193,0,0,0,11.995,5.505,1.194,7.542,1.269,0,0,1.732,0,0,0,3.424,1.166,2.385,4.064,4.845,1.376,0,0,0,23.724,3.496,2.575,2.16,4.052,2.777,0,10.825,2.033,1.213,11.258,9.361,8.622,2.838,0,1.102,2.174,10.225,1.723,2.947,11.172,3.089,0,2.026,0,3.606,3.892,0,0,4.041,1.727,2.711,12.142,7.294,0,2.055,0
D300671:bin_000005,0,0,0,0,0,0,0,0,0,0,0,0,0,0,0,0,0,0,0,0,0,0,0,0,0,0,0,0,0,0,0,0,0,0,0,0,0,0,0,0,0,0,0,0,0,0,0,0,0,0,0,0,0,0,0,0,0,0,0,0,0,0,0,0,0,0,0,0,0,0,0,0,0,0,0,0,0,0,0,0,0,0,0,0
D300671:bin_000010,0,0,0,0,0,0,0,0,0,0,0,0,0,0,0,0,0,0,0,0,0,0,0,0,0,0,0,0,0,0,0,0,0,0,0,0,0,0,0,0,0,0,0,0,0,0,0,0,0,0,0,0,0,0,0,0,0,0,0,0,0,0,0,0,0,0,0,0,0,0,0,0,0,0,0,0,0,0,0,0,0,0,0,0
IKPB:bin_000001,0,0,0,0,0,0,0,0,0,0,0,0,0,0,0,0,0,0,0,0,0,0,0,0,0,0,0,0,0,0,0,0,0,0,0,0,0,0,0,0,0,0,0,0,0,0,0,0,0,0,0,0,0,0,0,0,0,0,0,0,0,0,0,0,0,0,0,0,0,0,0,0,0,0,0,0,0,0,0,0,0,0,0,0
IKPB:bin_000002,0,0,0,0,0,0,0,0,0,0,0,0,0,0,0,0,0,0,0,0,0,0,0,0,0,0,0,0,0,0,0,0,0,0,0,0,0,0,0,0,0,0,0,0,0,0,0,0,0,0,0,0,0,0,0,0,0,0,0,0,0,0,0,0,0,0,0,0,0,0,0,0,0,0,0,0,0,0,0,0,0,0,0,0
IKPB:bin_000003,0,0,0,0,0,0,0,0,0,0,0,0,0,0,0,0,0,0,0,0,0,0,0,0,0,0,0,0,0,0,0,0,0,0,0,0,0,0,0,0,0,0,0,0,0,0,0,0,0,0,0,0,0,0,0,0,0,0,0,0,0,0,0,0,0,0,0,0,0,0,0,0,0,0,0,0,0,0,0,0,0,0,0,0
IKPB:bin_000004,1.291,2.197,2.955,0,0,0,0,0,0,0,0,0,0,3.99,0,0,0,0,0,0,0,0,0,0,0,0,0,2.325,2.866,0,1.826,0,0,0,2.244,0,0,0,0,0,0,0,0,0,0,0,0,0,0,0,0,0,1.597,0,1.337,0,0,3.133,3.473,1.833,0,0,0,0.983,0,0,0.956,2.071,0,0,0,0,1.715,0,0,0,0,1.035,0,0,0,0,0,0
IKPB:bin_000005,0,0,0,0,0,0,0,0,0,0,0,0,0,0,0,0,0,0,0,0,0,0,0,0,0,0,0,0,0,0,0,0,0,0,0,0,0,0,0,0,0,0,0,0,0,0,0,0,0,0,0,0,0,0,0,0,0,0,0,0,0,0,0,0,0,0,0,0,0,0,0,0,0,0,0,0,0,0,0,0,0,0,0,0
IKPB:bin_000006,0,0,0,0,0,0,0,0,0,0,0,0,0,0,0,0,0,0,0,0,0,0,0,0,0,0,0,0,0,0,0,0,0,0,0,0,0,0,0,0,0,0,0,0,0,0,0,0,0,0,0,0,0,0,0,0,0,0,0,0,0,0,0,0,0,0,0,0,0,0,0,0,0,0,0,0,0,0,0,0,0,0,0,0
IKPB:bin_000007,0,0,0,0,0,0,0,0,0,0,0,0,0,0,0,0,0,0,0,0,0,0,0,0,0,0,0,0,0,0,0,0,0,0,0,0,0,0,0,0,0,0,0,0,0,0,0,0,0,0,0,0,0,0,0,0,0,0,0,0,0,0,0,0,0,0,0,0,0,0,0,0,0,0,0,0,0,0,0,0,0,0,0,0
IKPB:bin_000008,5.644,12.154,28.919,2.129,1.19,2.917,0,1.817,1.526,4.415,0,0,2.12,25.661,1.176,1.124,7.361,11.737,4.183,1.542,2.795,0,2.102,0.949,0,1.648,0,11.07,3.314,0,10.405,2.255,0,0,12.84,5.151,0,2.215,2.979,1.426,4.761,2.561,4.347,1.286,2.394,0,1.197,11.643,3.444,3.903,4.136,8.289,9.072,0,9.653,3.294,0.889,19.682,23.726,8.715,2.079,0,1.382,6.727,9.124,2.08,3.993,32.68,22.506,0,11.363,0,12.59,7.521,2.281,0,5.016,3.206,2.868,3.814,14.839,0,2.542,1.895
IKPB:bin_000010,0,0,0,0,0,0,0,0,0,0,0,0,0,0,0,0,0,0,0,0,0,0,0,0,0,0,0,0,0,0,0,0,0,0,0,0,0,0,0,0,0,0,0,0,0,0,0,0,0,0,0,0,0,0,0,0,0,0,0,0,0,0,0,0,0,0,0,0,0,0,0,0,0,0,0,0,0,0,0,0,0,0,0,0
IKPB:bin_000013,3.355,3.341,8.337,0,0,0,0,0,0,0,0,0,0,6.797,0,0,0,2.63,3.302,0,0,0,0.965,0.9,0,0,0,2.285,3.321,0,4.624,0.947,0,0,2.752,0,0,0,0,0,2.565,0,0,0,0,0,0,3.609,0,3.333,2.224,0,4.857,0,5.036,1.387,0,10.438,6.077,4.069,0,0,0,3.933,0,0.818,2.178,6.194,12.554,0,2.178,0,5.509,2.947,0,0,0,1.429,0,0,3.631,0,0,0
IKPB:bin_000014,0,3.559,5.015,0,0,0,0,0,0,0,0,0,0,2.926,0,0,1.756,2.216,1.48,0,0,0,0,0,0,0,0,3.135,3.818,0,0,0,0,0,0,0,0,0,0,0,1.899,0,0,0,0,0,0,3.07,0,1.599,1.678,0,1.758,0,2.281,0.887,0,2.201,2.325,2.948,1.676,0,0,1.64,2.244,0,1.204,2.652,0,0,1.231,0,2.105,1.032,0,0,0,0,0,3.153,2.974,0,0,0
IKPB:bin_000015,0,0,0,0,0,0,0,0,0,0,0,0,0,0,0,0,0,0,0,0,0,0,0,0,0,0,0,0,0,0,0,0,0,0,0,0,0,0,0,0,0,0,0,0,0,0,0,0,0,0,0,0,0,0,0,0,0,0,0,0,0,0,0,0,0,0,0,0,0,0,0,0,0,0,0,0,0,0,0,0,0,0,0,0
IKPB:bin_000016,0,0,0,0,0,0,0,0,0,0,0,0,0,0,0,0,0,0,0,0,0,0,0,0,0,0,0,0,0,0,0,0,0,0,0,0,0,0,0,0,0,0,0,0,0,0,0,0,0,0,0,0,0,0,0,0,0,0,0,0,0,0,0,0,0,0,0,0,0,0,0,0,0,0,0,0,0,0,0,0,0,0,0,0
IKPB:bin_000017,0,0,0,0,0,0,0,0,0,0,1.884,0,0,0,0,0,0,0,0,0,0,0,0,0,0,0,0,0,0,0,0,0,0,0,0,0,0,0,0,0,0,0,0,0,0,0,0,0,0,0,0,0,0,0,0,0,0,0,0,0,0,0,0,0,0,0,0,0,0,0,0,0,0,0,0,0,0,0,0,0,0,0,0,0
IKPB:bin_000020,0,0,0,0,0,0,0,0,0,0,0,0,0,0,0,0,0,0,0,0,0,0,0,0,0,0,0,0,0,0,0,0,0,0,0,0,0,0,0,0,0,0,0,0,0,0,0,0,0,0,0,0,0,0,0,0,0,0,0,0,0,0,0,0,0,0,0,0,0,0,0,0,0,0,0,0,0,0,0,0,0,0,0,0
IKPB:bin_000021,0,0,0,0,0,0,0,0,0,0,0,0,0,0,0,0,0,0,0,0,0,0,0,0,0,0,0,0,0,0,0,0,0,0,0,0,0,0,0,0,0,0,0,0,0,0,0,0,0,0,0,0,0,0,0,0,0,0,0,0,0,0,0,0,0,0,0,0,0,0,0,0,0,0,0,0,0,0,0,0,0,0,0,0
IKPB:bin_000022,5.883,12.773,12.463,2.437,0,6.334,0,1.666,1.717,4.235,1.958,0,1.707,19.727,1.195,0,4.251,4.9,4.307,0,0,0,7.278,0.945,0,0,0,8.02,14.098,0,11.816,1.666,2.404,0,6.863,1.489,0,0,3.891,0,4.664,2.273,3.162,0.958,2.254,0,1.07,9.642,2.705,4.889,4.12,11.597,8.99,0,7.524,7.408,0,14.292,14.019,8.645,3.721,0,1.312,4.158,7.042,1.272,4.821,59.075,23.03,0,4.048,0,9.287,3.163,3.44,0,3.967,2.255,1.729,2.923,10.354,0,9.659,0
IKPB:bin_000023,0,0,0,0,0,0,0,0,0,0,0,0,0,0,0,0,0,0,0,0,0,0,0,0,0,0,0,0,0,0,0,0,0,0,0,0,0,0,0,0,0,0,0,0,0,0,0,0,0,0,0,0,0,0,0,0,0,0,0,0,0,0,0,0,0,0,0,0,0,0,0,0,0,0,0,0,0,0,0,0,0,0,0,0
IKPB:bin_000024,14.973,12.374,13.662,1.698,0,22.224,0,0,0,0,0,0,0,65.357,0,0.973,4.363,4.172,6.4,0,1.871,0,5.275,0,0,0,0,12.118,0,0,7.253,0,0,0,6.404,1.776,0,0,0,0,0,0,0,0,5.712,0,0,5.327,0,3.994,5.684,11.705,15.997,0,9.832,7.644,0,6.381,6.347,26.4,0,0,0,5.881,0,4.522,0,28.166,0,0,5.838,0,3.486,4.685,0,0,8.411,0,0,4.61,6.841,0,9.706,0
IKPB:bin_000025,0,0,0,0,0,0,0,0,0,0,0,0,0,0,0,0,0,0,0,0,0,0,0,0,0,0,0,0,0,0,0,0,0,0,0,0,0,0,0,0,0,0,0,0,0,0,0,0,0,0,0,0,0,0,0,0,0,0,0,0,0,0,0,0,0,0,0,0,0,0,0,0,0,0,0,0,0,0,0,0,0,0,0,0
IKPB:bin_000026,0,0,0,0,0,0,0,0,0,0,0,0,0,0,0,0,0,0,0,0,0,0,0,0,0,0,0,0,0,0,0,0,0,0,0,0,0,0,0,0,0,0,0,0,0,0,0,0,0,0,0,0,0,0,0,0,0,0,0,0,0,0,0,0,0,0,0,0,0,0,0,0,0,0,0,0,0,0,0,0,0,0,0,0
IKPB:bin_000027,0,0,0,0,0,0,0,0,0,0,0,0,0,0,0,0,0,0,0,0,0,0,0,0,0,0,0,0,0,0,0,0,0,0,0,0,0,0,0,0,0,0,0,0,0,0,0,0,0,0,0,0,0,0,0,0,0,0,0,0,0,0,0,0,0,0,0,0,0,0,0,0,0,0,0,0,0,0,0,0,0,0,0,0
IKPB:bin_000030,0,0,0,0,0,0,0,0,0,0,0,0,0,0,0,0,0,0,0,0,0,0,0,0,0,0,0,0,0,0,0,0,0,0,0,0,0,0,0,0,0,0,0,0,0,0,0,0,0,0,0,0,0,0,0,0,0,0,0,0,0,0,0,0,0,0,0,0,0,0,0,0,0,0,0,0,0,0,0,0,0,0,0,0
IKPB:bin_000031,4.267,0,7.088,0,0,1.321,0,0,0,0,0,0,0,0,0,0,0,0,0,0,0,0,0,0,0,0,0,2.619,0,0,0,0,0,0,1.584,0,0,0,0,0,0,0,3.164,0,0,0,0,0,0,0,0,0,11.211,0,0,0,0,0,0,1.682,0,0,0,0,0,0,0,0,0,0,0,0,0,0,0,0,0,0,0,0,0,0,0,0
IKPB:bin_000032,0,0,0,0,0,0,0,0,0,0,0,0,0,0,0,0,0,0,0,0,0,0,0,0,0,0,0,0,0,0,0,0,0,0,0,0,0,0,0,0,0,0,0,0,0,0,0,0,0,0,0,0,0,0,0,0,0,0,0,0,0,0,0,0,0,0,0,0,0,0,0,0,0,0,0,0,0,0,0,0,0,0,0,0
IKPB:bin_000033,0,0,1.757,0,0,0,0,0,0,0,0,0,0,0,0,0,0,0,0,0,0,0,0,0,0,0,0,0,0,0,0,0,0,0,0,0,0,0,0,0,0,0,0,0,0,0,0,1.996,0,0,0,0,1.67,0,0,0,0,2.415,0,0,0,0,0,0,0,0,0,0,0,0,0,0,0,0,0,0,0,0,0,0,0,0,0,0
IKPB:bin_000034,0,0,0,0,0,0,0,0,0,0,0,0,0,0,0,0,0,0,0,0,0,0,0,0,0,0,0,0,0,0,0,0,0,0,0,0,0,0,0,0,0,0,0,0,0,0,0,0,0,0,0,0,0,0,0,0,0,0,0,0,0,0,0,0,0,0,0,0,0,0,0,0,0,0,0,0,0,0,0,0,0,0,0,0
IKPB:bin_000036,1.482,0,3.334,0,1.249,0,0,0,0,0,7.996,2.595,0,9.368,0,0,2.196,6.785,0,0,0,1.318,0,0,0,0,0,2.569,2.006,0,2.206,0,0,0,6.505,0,0,4.727,0,1.421,0,0,0,0,3.295,0,0,2.796,0,3.802,0,4.49,0,0,2.119,0,0,4.192,1.905,2.326,3.393,0,0,0,3.506,0,0,4.213,0,0,2.01,0,0,0,0,0,1.935,0,0,12.003,0,19.401,1.075,0
IKPB:bin_000037,0,0,0,0,0,0,0,0,0,0,0,0,0,0,0,0,0,0,0,0,0,0,0,0,0,0,0,0,0,0,0,0,0,0,0,0,0,0,0,0,0,0,0,0,0,0,0,0,0,0,0,0,0,0,0,0,0,0,0,0,0,0,0,0,0,0,0,0,0,0,0,0,0,0,0,0,0,0,0,0,0,0,0,0
IKPB:bin_000038,0,0,0,0,0,0,0,0,0,0,0,0,0,0,0,0,0,0,0,0,0,0,0,0,0,0,0,0,0,0,0,0,0,0,0,0,0,0,0,0,0,0,0,0,0,0,0,0,0,0,0,0,0,0,0,0,0,0,0,0,0,0,0,0,0,0,0,0,0,0,0,0,0,0,0,0,0,0,0,0,0,0,0,0
IKPB:bin_000040,0,0,0,0,0,0,0,0,0,0,0,0,0,0,0,0,0,0,0,0,0,0,0,0,0,0,0,0,0,0,0,0,0,0,0,0,0,0,0,0,0,0,0,0,0,0,0,0,0,0,0,0,0,0,0,0,0,2.156,0,0,0,0,0,0,0,0,0,0,0,0,0,0,0,0,0,0,0,0,0,0,0,0,0,0
IKPB:bin_000041,0,0,0,0,0,0,0,0,0,0,0,0,0,0,0,0,0,0,0,0,0,0,0,0,0,0,0,0,0,0,0,0,0,0,0,0,0,0,0,0,0,0,0,0,0,0,0,0,0,0,0,0,0,0,0,0,0,0,0,0,0,0,0,0,0,0,0,0,0,0,0,0,0,0,0,0,0,0,0,0,0,0,0,0
IKPB:bin_000042,0,0,0,0,0,0,0,0,0,0,0,0,0,0,0,0,0,0,0,0,0,0,0,0,0,0,0,0,0,0,0,0,0,0,0,0,0,0,0,0,0,0,0,0,0,0,0,0,0,0,0,0,0,0,0,0,0,0,0,0,0,0,0,0,0,0,0,0,0,0,0,0,0,0,0,0,0,0,0,0,0,0,0,0
IKPB:bin_000043,0,0,0,0,0,0,0,0,0,0,0,0,0,0,0,0,0,0,0,0,0,0,0,0,0,0,0,0,0,0,0,0,0,0,0,0,0,0,0,0,0,0,0,0,0,0,0,0,0,0,0,0,0,0,0,0,0,0,0,0,0,0,0,0,0,0,0,0,0,0,0,0,0,0,0,0,0,0,0,0,0,0,0,0
IKPB:bin_000044,0,0,0,0,0,0,0,0,0,0,0,0,0,0,0,0,0,2.363,0,0,0,0,0,0,0,0,0,0,0,0,0,0,0,0,0,0,0,0,0,0,0,0,0,0,0,0,0,0,0,0,0,0,0,0,0,0,0,0,0,0,0,0,0,0,0,0,0,0,0,0,0,0,0,0,0,0,0,0,0,0,0,0,0,0
IKPB:bin_000045,1.277,0,0,0,0,0,0,0,0,0,0,0,0,2.861,0,0,0,0,0,0,0,0,0,0,0,0,0,0,0,0,0,0,0,0,0,0,0,0,0,0,0,0,0,0,0,0,0,2.815,0,0,1.245,0,0,0,1.768,0,0,2.861,2.441,0,0,0,0,0.995,0,0,0,0,0,0,0,0,0,1.921,0,0,0,0,0,0,1.775,0,0,0
IKPB:bin_000046,0,0,0,0,0,0,0,0,0,0,1.947,0,0,0,0,0,0,4.752,0,0,0,0,0,0,0,0,0,0,0,0,0,0,0,0,0,0,0,0,0,0,0,0,0,0,1.841,0,0,0,0,0,0,0,0,0,0,0,0,0,0,0,0,0,0,0,0,0,0,0,0,0,0,0,0,0,0,0,0,0,0,0,0,0,0,0
IKPB:bin_000047,0,0,0,0,0,0,0,0,0,0,0,0,0,0,0,0,0,0,0,0,0,0,0,0,0,0,0,0,0,0,0,0,0,0,0,0,0,0,0,0,0,0,0,0,0,0,0,0,0,0,0,0,0,0,0,0,0,0,0,0,0,0,0,0,0,0,0,0,0,0,0,0,0,0,0,0,0,0,0,0,0,0,0,0
IKPB:bin_000048,0,0,0,0,0,0,0,0,0,0,0,0,0,0,0,0,0,0,0,0,0,0,0,0,0,0,0,0,0,0,0,0,0,0,0,0,0,0,0,0,0,0,0,0,0,0,0,0,0,0,0,0,0,0,0,0,0,0,0,0,0,0,0,0,0,0,0,0,0,0,0,0,0,0,0,0,0,0,0,0,0,0,0,0
IKPB:bin_000049,0,0,0,0,0,0,0,0,0,0,0,0,0,0,0,0,0,0,0,0,0,0,0,0,0,0,0,0,0,0,0,0,0,0,0,0,0,0,0,0,0,0,0,0,0,0,0,0,0,0,0,0,0,0,0,0,0,0,0,0,0,0,0,0,0,0,0,0,0,0,0,0,0,0,0,0,0,0,0,0,0,0,0,0
IKPB:bin_000050,0,0,0,0,0,0,0,0,0,0,0,0,0,0,0,0,0,0,0,0,0,0,0,0,0,0,0,0,0,0,0,0,0,0,0,0,0,0,0,0,0,0,0,0,0,0,0,0,0,0,0,0,0,0,0,0,0,0,0,0,0,0,0,0,0,0,0,0,0,0,0,0,0,0,0,0,0,0,0,0,0,0,0,0
IKPB:bin_000051,0,0,3.191,0,0,0,0,0,0,0,0,0,0,3.627,0,0,2.838,3.415,0,0,0,0,0,0,0,0,0,0,0,0,0,0,0,0,0,0,0,0,0,0,0,0,0,0,0,0,0,2.959,0,0,0,0,0,0,1.378,0,0,1.92,0,0,0,0,0,0,0,0,0,0,0,0,0,0,0,0,0,0,0,0,0,0,0,0,0,0
IKPB:bin_000052,0,0,0,0,0,0,0,0,0,0,0,0,0,0,0,0,0,0,0,0,0,0,0,0,0,0,0,0,0,0,0,0,0,0,0,0,0,0,0,0,0,0,0,0,0,0,0,0,0,0,0,0,0,0,0,0,0,0,0,0,0,0,0,0,0,0,0,0,0,0,0,0,0,0,0,0,0,0,0,0,0,0,0,0
IKPB:bin_000053,0,0,0,0,0,0,0,0,0,0,0,0,0,0,0,0,0,0,0,0,0,0,0,0,0,0,0,0,0,0,0,0,0,0,0,0,0,0,0,0,0,0,0,0,0,0,0,0,0,0,0,0,0,0,0,0,0,0,0,0,0,0,0,0,0,0,0,0,0,0,0,0,0,0,0,0,0,0,0,0,0,0,0,0
IKPB:bin_000054,2.069,0,3.696,0,0,0,0,0,0,0,0,0,0,0,0,0,2.983,0,0,0,0,0,0,0,0,0,0,0,0,0,0,0,0,0,0,0,0,0,0,0,0,0,0,0,0,0,0,0,0,0,0,0,2.461,0,0,0,0,0,0,4.364,0,0,0,0,0,0,0,0,0,0,0,0,0,0,0,0,0,0,0,0,0,0,0,0
IKPB:bin_000055,0,0,0,0,0,0,0,0,0,0,0,0,0,0,0,0,0,0,0,0,0,0,0,0,0,0,0,0,0,0,0,0,0,0,0,0,0,0,0,0,0,0,0,0,0,0,0,0,0,0,0,0,0,0,0,0,0,0,0,0,0,0,0,0,0,0,0,0,0,0,0,0,0,0,0,0,0,0,0,0,0,0,0,0
IKPB:bin_000056,0,0,0,0,0,0,0,0,0,0,0,0,0,0,0,0,0,0,0,0,0,0,0,0,0,0,0,0,0,0,0,0,0,0,0,0,0,0,0,0,0,0,0,0,0,0,0,0,0,0,0,0,0,0,0,0,0,0,0,0,0,0,0,0,0,0,0,0,0,0,0,0,0,0,0,0,0,0,0,0,0,0,0,0
IKPB:bin_000061,1.563,2.9,3.623,0,0,0,0,0,0,0,0,0,0,4.01,0,0,3.6,0,1.213,0,0,0,0,0,0,0,0,3.774,0,0,0,0,0,0,0,0,0,0,0,0,0,1.403,0,0,0,0,0,5.416,2.057,0,0,0,2.213,0,1.462,0,0,0,0,0,2.461,0,0,0,3.347,0,0,0,0,1.18,1.52,0,0,0,0,0,0,0,0,0,3.509,0,0,0
IKPB:bin_000062,1.724,2.498,4.081,0,0,0,0,0,0,0,0,0,0,3.344,0,0,0,0,0,0,0.993,0,0,0,0,0,0,2.244,0,0,0,0,0,0,1.432,0,0,0,0,0,0,0,0,0,0,0,0,3.987,0,0,0,0,0,0,1.504,0,0,0,0,2.53,0,0,0,1.824,0,0,0.967,3.255,0,0,0,0,0,1.327,0,0,2.275,0,0,2.852,0,0,0,0
IKPB:bin_000063,0,0,0,0,0,0,0,0,0,0,0,0,0,0,0,0,0,2.092,0,0,0,0,0,0,0,0,0,0,0,0,0,0,0,0,0,0,0,0,0,0,0,0,0,0,0,0,0,0,0,0,0,0,0,0,0,0,0,0,0,0,0,0,0,0,0,0,0,0,0,0,0,0,0,0,0,0,0,0,0,0,0,0,0,0
IKPB:bin_000064,0,0,0,0,0,0,0,0,0,0,0,0,0,0,0,0,0,0,0,0,0,0,0,0,0,0,0,0,0,0,0,0,0,0,0,0,0,0,0,0,0,0,0,0,0,0,0,0,0,0,0,0,0,0,0,0,0,0,0,0,0,0,0,0,0,0,0,0,0,0,0,0,0,0,0,0,0,0,0,0,0,0,0,0
IKPB:bin_000065,0,0,0,0,0,0,0,0,0,0,0,0,0,0,0,0,0,0,0,0,0,0,0,0,0,0,0,0,0,0,0,0,0,0,0,0,0,0,0,0,0,0,0,0,0,0,0,0,0,0,0,0,0,0,0,0,0,0,0,0,0,0,0,0,0,0,0,0,0,0,0,0,0,0,0,0,0,0,0,0,0,0,0,0
IKPB:bin_000066,7.072,11.321,17.802,3.358,3.89,3.248,0,4.074,2.141,8.514,32.455,2.926,3.711,24.687,1.231,3.34,13.275,31.046,3.939,0.937,4.483,0,1.458,1.94,0,4.625,0,14.728,8.232,0.894,24.685,3.972,11.846,1.32,4.107,1.143,0,4.087,0,0.853,5.316,5.895,6.371,0,19.519,0,0,17.409,5.345,11.463,4.551,7.176,8.609,0,14.542,2.831,1.619,53.983,36.775,8.823,23.511,0,2.215,3.306,22.817,1.173,4.681,8.822,5.45,1.046,4.431,0,11.389,2.47,0,0,8.95,2.393,2.299,9.541,8.573,5.641,5.436,0.941
IKPB:bin_000067,0,2.121,2.924,0,0,0,0,0,0,0,0,0,0,4.402,0,0,3.563,4.551,0,0,0,0,0,0,0,0,0,2.634,0,0,0,0,2.685,0,0,0,0,0,0,0,0,0,0,0,0,0,0,3.293,0,0,0,0,0,0,1.704,0,0,1.885,0,0,1.916,0,0,0,2.099,0,0,0,0,0,0,0,0,0,0,0,0,0,0,0,0,0,0,0
IKPB:bin_000068,0,0,0,0,0,0,0,0,0,0,0,0,0,0,0,0,0,0,0,0,0,0,0,0,0,0,0,0,0,0,0,0,0,0,0,0,0,0,0,0,0,0,0,0,0,0,0,0,0,0,0,0,0,0,0,0,0,0,0,0,0,0,0,0,0,0,0,0,0,0,0,0,0,0,0,0,0,0,0,0,0,0,0,0
IKPB:bin_000069,0,0,0,0,0,0,0,0,0,0,0,0,0,0,0,0,0,0,0,0,1.323,0,0,0,0,0,0,4.142,0,0,0,0,0,0,0,0,0,0,0,0,0,0,0,0,0,0,0,4.852,0,0,0,0,0,0,0,0.985,0,0,0,2.008,0,0,0,0,0,0,0,0,0,0,0,0,0,0,0,0,0,0,0,0,0,0,0,0
IKPB:bin_000070,0,0,0,0,0,0,0,0,0,0,0,0,0,0,0,0,0,0,0,0,0,0,0,0,0,0,0,0,0,0,0,0,0,0,0,0,0,0,0,0,0,0,0,0,0,0,0,0,0,0,0,0,0,0,0,0,0,0,0,0,0,0,0,0,0,0,0,0,0,0,0,0,0,0,0,0,0,0,0,0,0,0,0,0
IKPB:bin_000071,0,0,0,0,0,0,0,0,0,0,0,0,0,0,0,0,0,0,0,0,0,0,0,0,0,0,0,0,0,0,0,0,0,0,0,0,0,0,0,0,0,0,0,0,0,0,0,0,0,0,0,0,0,0,0,0,0,0,0,0,0,0,0,0,0,0,0,0,0,0,0,0,0,0,0,0,0,0,0,0,0,0,0,0
IKPB:bin_000072,0,0,0,0,0,0,0,0,0,0,0,0,0,0,0,0,0,0,0,0,0,0,0,0,0,0,0,0,0,0,0,0,0,0,0,0,0,0,0,0,0,0,0,0,0,0,0,0,0,0,0,0,0,0,0,0,0,0,0,0,0,0,0,0,0,0,0,0,0,0,0,0,0,0,0,0,0,0,0,0,0,0,0,0
IKPB:bin_000073,0,2.048,5.547,0,0,0,0,0,0,2.627,0,0,0,5.723,0,0,2.684,5.777,0,0,0,0,0,0,0,0,0,2.218,0,0,17.122,1.039,0,0,1.035,0,0,0,0,0,0,1.397,0,0,0,0,0,5.801,0,2.009,0,2.26,1.734,0,3.785,0,0,52.691,53.195,0,0,0,0,1.701,6.872,0,1.714,2.544,13.379,0,0,0,3.802,0,0,0,1.983,0,0.869,2.766,0,0,0,0
IKPB:bin_000074,0,0,0,0,0,0,0,0,0,0,0,0,0,0,0,0,0,0,0,0,0,0,0,0,0,0,0,0,0,0,0,0,0,0,0,0,0,0,0,0,0,0,0,0,0,0,0,0,0,0,0,0,0,0,0,0,0,0,0,0,0,0,0,0,0,0,0,0,0,0,0,0,0,0,0,0,0,0,0,0,0,0,0,0
IKPB:bin_000075,6.097,0,6.998,0.947,1.111,0,0,0,0,1.742,2.295,0,0,2.728,0,2.269,4.506,6.204,0,0,2.352,0,0,0,0,0,0,0,0,0,1.661,0,0,0,1.166,0,0,0,0,0,0,0,2.279,0,5.27,0,0,9.701,0,0,1.926,4.189,4.721,0,2.642,0,0,0,0,16.109,0,0,0,0,2.126,0,0,0,0,1.769,0,0,0,0,0,0,3.322,0,0,8.02,3.326,0,1.551,0
IKPB:bin_000076,0,0,0,0,0,0,0,0,0,0,0,0,0,0,0,0,0,0,0,0,0,0,0,0,0,0,0,0,0,0,0,0,0,0,0,0,0,0,0,0,0,0,0,0,0,0,0,0,0,0,0,0,0,0,0,0,0,0,0,3.481,0,0,0,0,0,0,0,0,0,0,0,0,0,0,0,0,0,0,0,0,0,0,0,0
IKPB:bin_000078,0,0,3.941,0,0,0,0,0,0,0,10.316,5.213,1.044,7.821,0,1.287,2.201,12.771,0,0,0,0,0,0,0,1.851,0,3.781,2.451,0,2.576,0,5.65,0,0,0,0,7.462,0,0,0,1.028,0,0,3.418,0,0,4.028,0,3.159,0,0,0,0,1.995,0,0,2.792,0,0,4.849,0,0,0,2.649,0,1.435,2.784,0,0,0,0,2.379,0,0,0,3.32,0,0,3.024,2.1,5.262,0,0
IKPB:bin_000080,0,0,0,0,0,0,0,0,0,0,0,0,0,0,0,0,0,0,0,0,0,0,0,0,0,0,0,0,0,0,0,0,0,0,2.37,0,0,0,0,0,0,0,0,0,0,0,0,0,0,0,0,0,0,0,0,0,0,0,0,0,0,0,0,0,0,0,0,0,0,0,0,0,0,0,0,0,0,0,0,11.709,0,0,0,0
IKPB:bin_000081,0,0,0,0,0,0,0,0,0,0,0,0,0,0,0,0,0,0,0,0,0,0,0,0,0,0,0,0,0,0,0,0,0,0,0,0,0,0,0,0,0,0,0,0,0,0,0,0,0,0,0,0,0,0,0,0,0,0,0,2.579,0,0,0,0,0,0,0,0,0,0,0,0,0,0,0,0,0,0,0,0,0,0,0,0
IKPB:bin_000082,0,0,0,0,0,0,0,0,0,0,0,0,0,0,0,0,0,0,0,0,0,0,0,0,0,0,0,0,0,0,0,0,0,0,0,0,0,0,0,0,0,0,0,0,0,0,0,0,0,0,0,0,0,0,0,0,0,0,0,0,0,0,0,0,0,0,0,0,0,0,0,0,0,0,0,0,0,0,0,0,0,0,0,0
IKPB:bin_000083,0,0,0,0,0,0,0,0,0,0,0,0,0,0,0,0,0,0,0,0,0,0,0,0,0,0,0,0,0,0,0,0,0,0,0,0,0,0,0,0,0,0,0,0,0,0,0,0,0,0,0,0,0,0,0,0,0,0,0,0,0,0,0,0,0,0,0,0,0,0,0,0,0,0,0,0,0,0,0,0,0,0,0,0
IKPB:bin_000084,0,0,0,0,0,0,0,0,0,0,0,0,0,0,0,0,0,0,0,0,0,0,0,0,0,0,0,0,0,0,0,0,0,0,0,0,0,0,0,0,0,0,0,0,0,0,0,0,0,0,0,0,0,0,0,0,0,0,0,0,0,0,0,0,0,0,0,0,0,0,0,0,0,0,0,0,0,0,0,0,0,0,0,0
IKPB:bin_000085,0,0,0,0,0,0,0,0,0,0,0,0,0,0,0,0,0,0,0,0,0,0,0,0,0,0,0,0,0,0,0,0,0,0,0,0,0,0,0,0,0,0,0,0,0,0,0,0,0,0,0,0,0,0,0,0,0,0,0,0,0,0,0,0,0,0,0,0,0,0,0,0,0,0,0,0,0,0,0,0,0,0,0,0
IKPB:bin_000086,0,0,0,0,0,0,0,0,0,0,0,0,0,0,0,0,0,0,0,0,0,0,0,0,0,0,0,0,0,0,0,0,0,0,0,0,0,0,0,0,0,0,0,0,0,0,0,0,0,0,0,0,0,0,0,0,0,0,0,0,0,0,0,0,0,0,0,0,0,0,0,0,0,0,0,0,0,0,0,0,0,0,0,0
IKPB:bin_000087,2.04,0,0,0,0,0,0,0,0,0,0,0,0,0,0,0,0,1.807,0,0,0,0,0,0,0,0,0,0,0,0,0,0,0,0,0,0,0,0,0,0,0,0,0,0,0,0,0,1.961,0,0,0,0,0,0,0,0,0,0,0,2.359,0,0,0,0,0,0,0,0,0,0,0,0,0,0,0,0,0,0,0,0,0,0,0,0
IKPB:bin_000088,0,0,0,0,0,0,0,0,0,0,0,0,0,0,0,0,0,0,0,0,0,0,0,0,0,0,0,0,0,0,0,0,0,0,0,0,0,0,0,0,0,0,0,0,0,0,0,0,0,0,0,0,0,0,0,0,0,0,0,0,0,0,0,0,0,0,0,0,0,0,0,0,0,0,0,0,0,0,0,0,0,0,0,0
IKPB:bin_000090,0,0,0,0,0,0,0,0,0,0,0,0,0,0,0,0,0,0,0,0,0,0,0,0,0,0,0,0,0,0,0,0,0,0,0,0,0,0,0,0,0,0,0,0,0,0,0,0,0,0,0,0,0,0,0,0,0,0,0,2.548,0,0,0,0,0,0,0,0,0,0,0,0,0,0,0,0,0,0,0,0,0,0,0,0
IKPB:bin_000091,0,0,2.005,0,0,0,0,0,0,0,0,0,0,0,0,0,0,0,0,0,0,0,0,0,0,0,0,0,0,0,3.187,0,0,0,0,0,0,0,0,0,0,0,0,0,0,0,0,0,0,0,0,0,0,0,0,0,0,7.99,7.647,0,0,0,0,0,0,0,0,0,0,0,0,0,0,0,0,0,0,0,0,0,0,0,0,0
IKPB:bin_000092,0,0,0,0,0,0,0,0,0,0,0,0,0,0,0,0,0,0,0,0,0,0,0,0,0,0,0,0,0,0,0,0,0,0,0,0,0,0,0,0,0,0,0,0,0,0,0,0,0,0,0,0,0,0,0,0,0,0,0,0,0,0,0,0,0,0,0,0,0,0,0,0,0,0,0,0,0,0,0,0,0,0,0,0
IKPB:bin_000093,0,0,0,0,0,0,0,0,0,0,0,0,0,0,0,0,0,0,0,0,0,0,0,0,0,0,0,0,0,0,0,0,0,0,0,0,0,0,0,0,0,0,0,0,0,0,0,0,0,0,0,0,0,0,0,0,0,0,0,0,0,0,0,0,0,0,0,0,0,0,0,0,0,0,0,0,0,0,0,0,0,0,0,0
IKPB:bin_000095,0,3.618,5.726,0,0,1.071,0,0,0,1.924,3.06,0,0,6.809,0,0,4.06,8.687,1.63,0,2.018,0,0,0,0,0,0,3.761,2.249,0,18.75,0.905,2.403,0,0,0,0,2.125,0,0,0,1.036,0,0,2.164,0,0,4.69,0,3.08,1.216,3.104,2.545,0,5.349,0,1.101,60.408,52.86,2.583,2.779,0,0,2.024,6.454,0,3.13,4.959,18.047,0,0.999,0,5.768,1.136,0,0,2.55,0,1.269,3.348,3.127,0,1.158,0
IKPB:bin_000096,0,0,0,0,0,0,0,0,0,0,0,0,0,0,0,0,0,0,0,0,0,0,0,0,0,0,0,0,0,0,0,0,0,0,0,0,0,0,0,0,0,0,0,0,0,0,0,0,0,0,0,0,0,0,0,0,0,0,0,0,0,0,0,0,0,0,0,0,0,0,0,0,0,0,0,0,0,0,0,0,0,0,0,0
IKPB:bin_000098,0,0,0,0,0,0,0,0,0,0,0,0,0,1.97,0,0,0,0,0,0,0,0,0,0,0,0,0,0,0,0,0,0,0,0,0,0,0,0,0,0,0,0,0,0,0,0,0,0,0,0,0,0,0,0,0,0,0,0,0,0,0,0,0,0,0,0,0,0,0,0,0,0,0,0,0,0,0,0,0,0,0,0,0,0
IKPB:bin_000099,0,0,0,0,0,0,0,0,0,0,0,0,0,0,0,0,0,0,0,0,0,0,0,0,0,0,0,0,0,0,0,0,0,0,0,0,0,0,0,0,0,0,0,0,0,0,0,0,0,0,0,0,0,0,0,0,0,0,0,0,0,0,0,0,0,0,0,0,0,0,0,0,0,0,0,0,0,0,0,0,0,0,0,0
IKPB:bin_000100,0,0,0,0,0,0,0,0,0,0,0,0,0,0,0,0,0,0,0,0,0,0,0,0,0,0,0,0,0,0,0,0,0,0,0,0,0,0,0,0,0,0,0,0,0,0,0,0,0,0,0,0,0,0,0,0,0,0,0,0,0,0,0,0,0,0,0,0,0,0,0,0,0,0,0,0,0,0,0,0,0,0,0,0
IKPB:bin_000101,1.435,0,3.2,0,0,0,0,0,0,2.126,3.568,0,0,5.16,0,0,2.41,4.901,0,0,0,0,0,0,0,0,0,0,0,0,0,0,0,0,0,0,0,0,0,0,0,0,0,0,0,0,0,3.459,0,0,0,0,0,0,0,0,0,0,0,0,2.431,0,0,0,0,0,0,2.482,0,0,0,0,0,0,0,0,0,0,0,0,0,0,0,0
IKPB:bin_000102,1.328,4.872,23.142,1.386,1.503,0,0,0,0,0,2.873,0,0,5.996,0,2.021,1.932,17.632,2.449,0,5.19,0,0,1.105,0,0,0,2.556,0,0,0,0,0,0,4.49,0,0,0,0,0,0,0,2.154,0,4.664,0,0,8.121,0,0,1.784,3.512,4.343,0,2.089,1.842,0,0,0,4.995,5.302,0,0,0,5.421,0,1.08,0,0,0,1.144,0,2.206,0,0,0,0,0,0,6.356,2.303,0,1.834,0
IKPB:bin_000103,0,0,0,0,0,0,0,0,0,0,0,0,0,2.45,0,0,0,0,0,0,0,0,0,0,0,0,0,0,0,0,0,0,0,0,0,0,0,0,0,0,0,0,0,0,0,0,0,0,0,0,0,0,0,0,0,0,0,0,0,0,0,0,0,0,0,0,0,0,0,0,0,0,0,0,0,0,0,0,0,0,0,0,0,0
IKPB:bin_000104,0,0,2.31,0,0,0,0,0,0,0,0,0,0,0,0,0,0,2.312,0,0,0,0,0,0,0,0,0,0,0,0,0,0,0,0,0,0,0,0,0,0,0,0,0,0,0,0,0,0,0,0,0,0,0,0,0,0,0,2.944,3.393,0,0,0,0,0,0,0,0,0,0,0,0,0,0,0,0,0,0,0,0,0,0,0,0,0
IKPB:bin_000105,0,0,0,0,0,0,0,0,0,0,0,0,0,0,0,0,0,0,0,0,0,0,0,0,0,0,0,0,0,0,0,0,0,0,0,0,0,0,0,0,0,0,0,0,0,0,0,0,0,0,0,0,0,0,0,0,0,0,0,0,0,0,0,0,0,0,0,0,0,0,0,0,0,0,0,0,0,0,0,0,0,0,0,0
IKPB:bin_000106,0,0,0,0,0,0,0,0,0,0,0,0,0,0,0,0,0,0,0,0,0,0,0,0,0,0,0,0,0,0,0,0,0,0,0,0,0,0,0,0,0,0,0,0,0,0,0,0,0,0,0,0,0,0,0,0,0,0,0,0,0,0,0,0,0,0,0,0,0,0,0,0,0,0,0,0,0,0,0,0,0,0,0,0
IKPB:bin_000107,0,0,0,0,0,0,0,0,0,0,0,0,0,0,0,0,0,0,0,0,0,0,0,0,0,0,0,0,0,0,0,0,0,0,0,0,0,0,0,0,0,0,0,0,0,0,0,0,0,0,0,0,0,0,0,0,0,0,0,0,0,0,0,0,0,0,0,0,0,0,0,0,0,0,0,0,0,0,0,0,0,0,0,0
IKPB:bin_000109,22.182,21.053,31.878,5.594,1.986,4.254,0,3.467,3.235,25.833,0,0,2.186,22.212,3.94,0,23.147,17.246,9.316,0.935,9.002,0,2.07,2.762,0,0,0,23.647,11.749,0,16.647,3.303,0,0,11.736,2.592,0,0,7.122,0.994,8.962,5.352,10.065,2.48,12.434,0,1.192,46.211,7.161,7.435,7.646,14.828,19.704,1.015,13.506,4.853,2.657,32.87,30.556,33.816,5.497,0,2.349,11.834,23.54,5.742,6.405,21.661,8.089,3.616,12.017,0,12.23,8.839,0,0,18.065,4.775,3.547,12.923,20.984,0,5.689,0
IKPB:bin_000110,4.406,8.492,14.754,1.209,1.349,2.932,0,0,0,3.665,0,0,0.982,10.32,0,0,6.286,7.661,3.267,0,2.366,0,1.274,1.185,0,0,0,8.793,5.998,0,13.835,0.964,0,0,4.652,0,0,0,0,0,2.946,2.35,2.684,0,3.003,0,0,14.938,2.58,3.848,2.649,2.935,4.182,0,5.307,1.525,0,34.748,30.527,5.794,3.602,0,0,3.739,9.661,0,3.316,8.266,8.819,0,2.794,0,4.194,3.123,0,0,2.13,2.416,1.589,5.867,5.448,0,2.77,0
IKPB:bin_000112,0,0,0,0,0,0,0,0,0,0,0,0,0,0,0,0,0,0,0,0,0,0,0,0,0,0,0,0,0,0,0,0,0,0,2.632,0,0,0,0,0,0,0,0,0,0,0,0,0,0,0,0,0,0,0,0,0,0,0,0,0,0,0,0,0,0,0,0,0,0,0,0,0,0,0,0,0,0,0,0,7.898,0,0,0,0
IKPB:bin_000113,0,0,0,0,0,0,0,0,0,0,0,0,0,0,0,0,0,0,0,0,0,0,0,0,0,0,0,0,0,0,0,0,0,0,0,0,0,0,0,0,0,0,0,0,0,0,0,0,0,0,0,0,0,0,0,0,0,0,0,0,0,0,0,0,0,0,0,0,0,0,0,0,0,0,0,0,0,0,0,0,0,0,0,0
IKPB:bin_000114,0,0,0,0,0,0,0,0,0,0,0,0,0,0,0,0,0,0,0,0,0,0,0,0,0,0,0,0,0,0,0,0,0,0,0,0,0,0,0,0,0,0,0,0,0,0,0,0,0,0,0,0,0,0,0,0,0,0,0,0,0,0,0,0,0,0,0,0,0,0,0,0,0,0,0,0,0,0,0,2.417,0,0,0,0
IKPB:bin_000115,0,0,0,0,0,0,0,0,0,0,0,0,0,0,0,0,0,0,0,0,0,0,0,0,0,0,0,0,0,0,0,0,0,0,0,0,0,0,0,0,0,0,0,0,0,0,0,0,0,0,0,0,0,0,0,0,0,0,0,0,0,0,0,0,0,0,0,0,0,0,0,0,0,0,0,0,0,0,0,0,0,0,0,0
IKPB:bin_000116,1.622,0,5.879,0,1.407,0,0,0,0,2.389,6.306,0,1.036,7.32,0,0.915,3.179,8.504,1.17,0,1.173,0,0,0,0,2.045,0,3.614,3.176,0,2.659,0,3.187,0,1.525,0,0,2.603,0,0,0,1.579,0,0,2.695,0,0,5.293,0,2.105,0,2.535,3.151,0,1.753,1.114,0,5.356,3.951,2.962,5.294,0,0,1.269,4.942,0,1.077,2.135,0,0,0,0,2.739,0,0,0,0,0,0,3.343,2.194,0,1.308,0
IKPB:bin_000117,0,0,0,0,0,0,0,0,0,0,0,0,0,0,0,0,0,0,0,0,0,0,0,0,0,0,0,0,0,0,0,0,0,0,0,0,0,0,0,0,0,0,0,0,0,0,0,0,0,0,0,0,0,0,0,0,0,0,0,0,0,0,0,0,0,0,0,0,0,0,0,0,0,0,0,0,0,0,0,0,0,0,0,0
IKPB:bin_000118,0,0,0,0,0,0,0,0,0,0,0,0,0,0,0,0,0,2.631,0,0,0,0,0,0,0,0,0,0,0,0,0,0,0,0,0,0,0,0,0,0,0,0,0,0,0,0,0,0,0,0,0,0,0,0,0,0,0,0,0,0,0,0,0,0,0,0,0,0,0,0,0,0,0,0,0,0,0,0,0,0,0,0,0,0
IKPB:bin_000119,0,0,0,0,0,0,0,0,0,0,0,0,0,0,0,0,0,0,0,0,0,0,0,0,0,0,0,0,0,0,0,0,0,0,0,0,0,0,0,0,0,0,0,0,0,0,0,0,0,0,0,0,0,0,0,0,0,0,0,0,0,0,0,0,0,0,0,0,0,0,0,0,0,0,0,0,0,0,0,0,0,0,0,0
IKPB:bin_000120,0,0,0,0,0,0,0,0,0,0,0,0,0,0,0,0,0,0,0,0,0,0,0,0,0,0,0,0,0,0,0,0,0,0,0,0,0,0,0,0,0,0,0,0,0,0,0,0,0,0,0,0,0,0,0,0,0,0,0,0,0,0,0,0,0,0,0,0,0,0,0,0,0,0,0,0,0,0,0,0,0,0,0,0
IKPB:bin_000121,0,0,0,0,0,0,0,0,0,0,0,0,0,2.506,0,0,0,0,0,0,0,0,0,0,0,0,0,0,0,0,0,0,0,0,0,0,0,0,0,0,0,0,0,0,0,0,0,0,0,0,0,0,0,0,0,0,0,0,0,0,0,0,0,0,0,0,0,0,0,0,0,0,0,0,0,0,0,0,0,0,0,0,0,0
IKPB:bin_000122,0,0,0,0,0,0,0,0,0,0,0,0,0,0,0,0,0,0,0,0,0,0,0,0,0,0,0,0,0,0,0,0,0,0,0,0,0,0,0,0,0,0,0,0,0,0,0,0,0,0,0,0,0,0,0,0,0,0,0,0,1.938,0,0,0,0,0,0,0,0,0,0,0,0,0,0,0,0,0,0,0,0,0,0,0
IKPB:bin_000123,0,0,0,0,0,0,0,0,0,0,0,0,0,0,0,0,0,8.211,0,0,0,0,0,0,0,0,0,0,0,0,0,0,0,0,0,0,0,0,0,0,0,0,0,0,0,0,0,0,0,0,0,0,0,0,0,0,0,0,0,0,0,0,0,0,0,0,0,0,0,0,0,0,0,0,0,0,0,0,0,0,0,0,0,0
IKPB:bin_000124,1.691,2.724,5.431,0,2.082,0,0,0,0,0,11.193,4.758,1.709,12.499,0,1.331,4.041,11.964,1.073,0,0,0,0,0,0,3.153,0,5.685,2.514,0,4.242,0,4.872,0,0,0,0,7.638,0,0,0,1.5,0,0,4.687,0,0,8.853,0,4.78,1.816,5.211,3.826,0,2.976,0,0,4.422,3.8,5.323,5.151,0,0,1.298,4.928,0,1.246,3.705,0,0,1.38,0,3.339,1.239,0,0,3.783,0,0,4.361,2.749,5.733,1.323,0
IKPB:bin_000125,0,0,0,0,0,0,0,0,0,0,0,0,0,0,0,0,0,0,0,0,0,0,0,0,0,0,0,0,0,0,0,0,0,0,0,0,0,0,0,0,0,0,0,0,0,0,0,0,0,0,0,0,0,0,0,0,0,0,0,0,0,0,0,0,0,0,0,0,0,0,0,0,0,0,0,0,0,0,0,0,0,0,0,0
IKPB:bin_000126,0,0,0,0,0,0,0,0,0,0,0,0,0,0,0,0,0,0,0,0,0,0,0,0,0,0,0,0,0,0,0,0,0,0,0,0,0,0,0,0,0,0,0,0,0,0,0,0,0,0,0,0,0,0,0,0,0,0,0,0,0,0,0,0,0,0,0,0,0,0,0,0,0,0,0,0,0,0,0,0,0,0,0,0
IKPB:bin_000127,0,0,0,0,0,0,0,0,0,0,0,0,0,0,0,0,0,0,0,0,0,0,0,0,0,0,0,0,0,0,0,0,0,0,0,0,0,0,0,0,0,0,0,0,0,0,0,0,0,0,0,0,0,0,0,0,0,0,0,0,0,0,0,0,0,0,0,0,0,0,0,0,0,0,0,0,0,0,0,0,0,0,0,0
IKPB:bin_000128,0,0,0,0,0,0,0,0,0,0,0,0,0,0,0,0,0,0,0,0,0,0,0,0,0,0,0,0,0,0,0,0,0,0,0,0,0,0,0,0,0,0,0,0,0,0,0,0,0,0,0,0,0,0,0,0,0,0,0,0,0,0,0,0,0,0,0,0,0,0,0,0,0,0,0,0,0,0,0,0,0,0,0,0
IKPB:bin_000129,2.63,1.773,7.984,0,0,1.411,0,0,0,0,0,0,0,6.047,0,0,0,2.795,1.881,0,0,0,0,0,0,0,0,3.99,2.717,0,2.641,0,0,0,2.007,0,0,0,0,0,0,0,2.791,0,0,0,0,4.09,0,0,1.725,0,3.179,0,3.894,0.995,0,3.084,3.873,4.948,0,0,0,2.213,3.2,0,1.678,2.907,3.453,0,2.964,0,0,1.502,0,0,0,0,0,3.839,0,0,1.368,0
IKPB:bin_000131,0,0,0,0,0,0,0,0,0,0,0,0,0,0,0,0,0,0,0,0,0,0,0,0,0,0,0,0,0,0,0,0,0,0,0,0,0,0,0,0,0,0,0,0,0,0,0,0,0,0,0,0,0,0,0,0,0,0,0,0,0,0,0,0,0,0,0,0,0,0,0,0,0,0,0,0,0,0,0,0,0,0,0,0
IKPB:bin_000132,0,0,0,0,0,0,0,0,0,0,0,0,0,0,0,0,0,0,0,0,0,0,0,0,0,0,0,0,0,0,0,0,0,0,0,0,0,0,0,0,0,0,0,0,0,0,0,0,0,0,0,0,0,0,0,0,0,0,0,0,0,0,0,0,0,0,0,0,0,0,0,0,0,0,0,0,0,0,0,0,0,0,0,0
IKPB:bin_000133,0,0,0,0,0,0,0,0,0,0,0,0,0,0,0,0,0,0,0,0,0,0,0,0,0,0,0,0,0,0,0,0,0,0,0,0,0,0,0,0,0,0,0,0,0,0,0,0,0,0,0,0,0,0,0,0,0,0,0,0,0,0,0,0,0,0,0,0,0,0,0,0,0,0,0,0,0,0,0,0,0,0,0,0
IKPB:bin_000134,0,0,0,0,0,0,0,0,0,0,0,0,0,0,0,0,0,0,0,0,0,0,0,0,0,0,0,0,0,0,0,0,0,0,0,0,0,0,0,0,0,0,0,0,0,0,0,0,0,0,0,0,0,0,0,0,0,0,0,0,0,0,0,0,0,0,0,0,0,0,0,0,0,0,0,0,0,0,0,0,0,0,0,0
IKPB:bin_000135,1.524,2.547,3.918,0,0,0,0,0,0,1.721,0,0,0,4.823,0,0,1.724,3.386,0,0,0,0,0,0,0,0,0,3.592,8.659,0,4.959,0,0,0,0.913,0,0,0,1.682,0,1.764,0,1.684,0,0,0,0,2.366,0,0,1.557,2.247,3.062,0,2.221,1.361,0,5.997,3.649,3.755,1.779,0,0,1.957,5.002,0,1.106,2.317,2.622,0,0.969,0,1.876,1.463,0,0,2.038,0,0,2.173,2.202,0,0,0
IKPB:bin_000136,0,0,0,0,0,0,0,0,0,0,0,0,0,0,0,0,0,0,0,0,0,0,0,0,0,0,0,0,0,0,0,0,0,0,0,0,0,0,0,0,0,0,0,0,0,0,0,0,0,0,0,0,0,0,0,0,0,0,0,0,0,0,0,0,0,0,0,0,0,0,0,0,0,0,0,0,0,0,0,0,0,0,0,0
IKPB:bin_000137,0,0,0,0,0,0,0,0,0,0,0,0,0,0,0,0,0,0,0,0,0,0,0,0,0,0,0,0,0,0,0,0,0,0,0,0,0,0,0,0,0,0,0,0,0,0,0,0,0,0,0,0,0,0,0,0,0,0,0,0,0,0,0,0,0,0,0,0,0,0,0,0,0,0,0,0,0,0,0,0,0,0,0,0
IKPB:bin_000138,0,0,0,0,0,0,0,0,0,0,0,0,0,0,0,0,0,0,0,0,0,0,0,0,0,0,0,0,0,0,0,0,0,0,0,0,0,0,0,0,0,0,0,0,0,0,0,0,0,0,0,0,0,0,0,0,0,0,0,0,0,0,0,0,0,0,0,0,0,0,0,0,0,0,0,0,0,0,0,0,0,0,0,0
IKPB:bin_000139,0,0,0,0,0,0,0,0,0,0,0,0,0,0,0,0,0,0,0,0,0,0,0,0,0,0,0,0,0,0,0,0,0,0,0,0,0,0,0,0,0,0,0,0,0,0,0,0,0,0,0,0,0,0,0,0,0,0,0,0,0,0,0,0,0,0,0,0,0,0,0,0,0,0,0,0,0,0,0,0,0,0,0,0
IKPB:bin_000140,0,0,0,0,0,0,0,0,0,0,0,0,0,0,0,0,0,0,0,0,0,0,0,0,0,0,0,0,0,0,0,0,0,0,0,0,0,0,0,0,0,0,0,0,0,0,0,0,0,0,0,0,0,0,0,0,0,0,0,0,0,0,0,0,0,0,0,0,0,0,0,0,0,0,0,0,0,0,0,0,0,0,0,0
IKPB:bin_000141,0,0,2.642,0,0,0,0,0,0,0,0,0,0,0,0,0,0,1.76,0,0,0,0,0,0,0,0,0,2.181,0,0,0,0,0,0,0,0,0,0,0,0,0,0,0,0,0,0,0,2.313,0,0,0,0,0,0,2.105,0,0,3.586,0,0,0,0,0,0,1.858,0,0,1.876,0,0,0,0,1.746,0,0,0,0,0,0,0,0,0,0,0
IKPB:bin_000142,0,0,0,0,0,0,0,0,0,0,0,0,0,0,0,0,0,0,0,0,0,0,0,0,0,0,0,0,0,0,0,0,0,0,0,0,0,0,0,0,0,0,0,0,0,0,0,0,0,0,0,0,0,0,0,0,0,0,0,0,0,0,0,0,0,0,0,0,0,0,0,0,0,0,0,0,0,0,0,0,0,0,0,0
IKPB:bin_000143,0,0,0,0,0,0,0,0,0,0,0,0,0,0,0,0,0,0,0,0,0,0,0,0,0,0,0,0,0,0,0,0,0,0,0,0,0,0,0,0,0,0,0,0,0,0,0,0,0,0,0,0,0,0,0,0,0,0,0,0,0,0,0,0,0,0,0,0,0,0,0,0,0,0,0,0,0,0,0,0,0,0,0,0
IKPB:bin_000144,0,0,0,0,0,0,0,0,0,0,0,0,0,0,0,0,0,0,0,0,0,0,0,0,0,0,0,0,0,0,0,0,0,0,0,0,0,0,0,0,0,0,0,0,0,0,0,0,0,0,0,0,0,0,0,0,0,0,0,0,0,0,0,0,0,0,0,0,0,0,0,0,0,0,0,0,0,0,0,0,0,0,0,0
IKPB:bin_000145,0,0,0,0,0,0,0,0,0,0,0,0,0,0,0,0,0,0,0,0,0,0,0,0,0,0,0,0,0,0,0,0,0,0,0,0,0,0,0,0,0,0,0,0,0,0,0,0,0,0,0,0,0,0,0,0,0,0,0,0,0,0,0,0,0,0,0,0,0,0,0,0,0,0,0,0,0,0,0,0,0,0,0,0
IKPB:bin_000148,0,0,0,0,0,0,0,0,0,0,0,0,0,0,0,0,0,0,0,0,0,0,0,0,0,0,0,0,0,0,0,0,0,0,0,0,0,0,0,0,0,0,0,0,0,0,0,0,0,0,0,0,0,0,0,0,0,0,0,0,0,0,0,0,0,0,0,0,0,0,0,0,0,0,0,0,0,0,0,0,0,0,0,0
IKPB:bin_000150,0,0,2.218,0,0,0,0,0,0,0,1.953,0,0,0,0,0,0,2.217,0,0,0,0,0,0,0,0,0,0,0,0,2.427,0,0,0,0,0,0,0,0,0,0,0,0,0,0,0,0,0,0,0,0,0,0,0,1.681,0,0,14.387,11.15,0,0,0,0,0,0,0,1.603,0,2.227,0,0,0,0,0,0,0,0,0,0,0,0,0,0,0
IKPB:bin_000151,0,0,0,0,0,0,0,0,0,0,0,0,0,0,0,0,0,0,0,0,0,0,0,0,0,0,0,0,0,0,0,0,0,0,0,0,0,0,0,0,0,0,0,0,0,0,0,0,0,0,0,0,0,0,0,0,0,0,0,0,0,0,0,0,0,0,0,0,0,0,0,0,0,0,0,0,0,0,0,0,0,0,0,0
IKPB:bin_000154,0,0,0,0,0,0,0,0,0,0,0,0,0,0,0,0,0,0,0,0,0,0,0,0,0,0,0,0,0,0,0,0,0,0,0,0,0,0,0,0,0,0,0,0,0,0,0,1.945,0,0,0,0,0,0,1.493,0,0,0,0,0,0,0,0,0,0,0,0,0,0,0,0,0,0,0,0,0,0,0,0,0,0,0,0,0
IKPB:bin_000155,0,0,0,0,0,0,0,0,0,0,0,0,0,0,0,0,0,0,0,0,0,0,0,0,0,0,0,0,0,0,0,0,0,0,0,0,0,0,0,0,0,0,0,0,0,0,0,0,0,0,0,0,0,0,0,0,0,0,0,0,0,0,0,0,0,0,0,0,0,0,0,0,0,0,0,0,0,0,0,0,0,0,0,0
IKPB:bin_000156,0,0,0,0,0,0,0,0,0,0,0,0,0,0,0,0,0,0,0,0,0,0,0,0,0,0,0,0,0,0,0,0,0,0,0,0,0,0,0,0,0,0,0,0,0,0,0,0,0,0,0,0,0,0,0,0,0,0,0,0,0,0,0,0,0,0,0,0,0,0,0,0,0,0,0,0,0,0,0,0,0,0,0,0
IKPB:bin_000157,0,0,0,0,0,0,0,0,0,0,0,0,0,0,0,0,0,0,0,0,0,0,0,0,0,0,0,0,0,0,0,0,0,0,0,0,0,0,0,0,0,0,0,0,2.448,0,0,0,0,0,0,0,0,0,0,0,0,0,0,4.233,0,0,0,0,0,0,0,0,0,0,0,0,0,0,0,0,0,0,0,0,0,0,0,0
IKPB:bin_000160,0,0,0,0,0,0,0,0,0,0,0,0,0,0,0,0,0,0,0,0,0,0,0,0,0,0,0,0,0,0,0,0,0,0,0,0,0,0,0,0,0,0,0,0,0,0,0,0,0,0,0,0,0,0,0,0,0,0,0,0,0,0,0,0,0,0,0,0,0,0,0,0,0,0,0,0,0,0,0,0,0,0,0,0
IKPB:bin_000161,1.644,2.494,8.561,0,1.13,0,0,0,0,0,2.857,0,1.437,11.656,0,0,2.609,5.11,1.012,0.869,0,0,0,0,0,1.992,0,4.934,1.726,0,3.35,0,0,0,0,1.215,0,2.956,0,0,0,1.308,0,0,2.246,0,0,3.042,0,4.422,1.16,3.645,2.217,0,2.528,1.377,0,5.316,5.171,5.082,2.914,0,0,2.381,4.419,0,1.447,6.667,4.759,0,1.557,0,2.263,1.866,0,0,2.087,1.358,0,1.941,4.14,3.36,1.249,0
IKPB:bin_000162,0,0,0,0,0,0,0,0,0,0,0,0,0,0,0,0,0,0,0,0,0,0,0,0,0,0,0,0,0,0,0,0,0,0,0,0,0,0,0,0,0,0,0,0,0,0,0,0,0,0,0,0,0,0,0,0,0,0,0,0,0,0,0,0,0,0,0,0,0,0,0,0,0,0,0,0,0,0,0,0,0,0,0,0
IKPB:bin_000163,0,0,0,0,0,0,0,0,0,0,0,0,0,0,0,0,0,0,0,0,0,0,0,0,0,0,0,0,0,0,0,0,0,0,0,0,0,0,0,0,0,0,0,0,0,0,0,0,0,0,0,0,0,0,0,0,0,0,0,0,0,0,0,0,0,0,0,0,0,0,0,0,0,0,0,0,0,0,0,0,0,0,0,0
IKPB:bin_000165,2.192,4.342,11.289,0.808,0,1.166,0,0,0,0,0,0,0,7.346,0,0,5.659,3.104,1.71,0,0,0,0,0,0,0,0,5.774,3.617,0,5.741,0,0,0,5.712,0,0,0,0,0,2.833,1.054,0,0,0,0,0,4.893,1.796,3.357,1.31,2.125,3.109,0,3.549,1.64,0,5.346,7.91,4.729,2.34,0,0,2.91,5.532,1.039,3.178,9.671,7.617,0,1.096,0,2.427,2.503,0,0,0,1.966,0,2.538,4.398,0,0.976,0
IKPB:bin_000166,0,0,0,0,0,0,0,0,0,0,0,0,0,0,0,0,0,0,0,0,0,0,0,0,0,0,0,0,0,0,0,0,0,0,2.997,0,0,0,0,0,0,0,0,0,0,0,0,0,0,0,0,0,0,0,0,0,0,0,0,0,0,0,0,0,0,0,0,0,0,0,0,0,0,0,0,0,0,0,0,0,0,0,0,0
IKPB:bin_000167,0,0,0,0,0,0,0,0,0,0,0,0,0,0,0,0,0,0,0,0,0,0,0,0,0,0,0,0,0,0,0,0,0,0,0,0,0,0,0,0,0,0,0,0,0,0,0,0,0,0,0,0,0,0,0,0,0,0,0,0,0,0,0,0,0,0,0,0,0,0,0,0,0,0,0,0,0,0,0,0,0,0,0,0
IKPB:bin_000170,2.926,7.771,15.189,0.944,0,2.248,0,0,0,4.694,0,0,1.716,8.427,1.353,0,2.437,7.809,1.546,0,1.3,0,0,1.202,0,0,0,11.816,5.887,0,4.241,1.031,0,0,3.765,1.385,0,0,1.522,1.071,2.487,2.457,0,0,3.819,0,0,14.618,0,1.909,2.29,4.618,5.172,0,6.436,2.281,0,7.731,9.543,6.496,1.878,0,0,5.762,11.314,1.191,4.896,8.981,4.787,0,3.287,0,8.9,4.092,0,0,2.763,1.399,2.435,16.588,8.237,0,1.572,0
IKPB:bin_000171,1.408,0,0,0,0,0,0,0,0,1.672,0,0,0,0,0,0,2.204,0,0,0,0,0,0,0,0,0,0,0,0,0,0,0,0,0,3.736,0,0,0,0,0,0,0,0,0,4.261,0,0,3.429,0,0,0,0,3.321,0,0,0,0,0,0,4.77,0,0,0,0,0,0,0,0,0,0,0,0,0,0,0,0,0,0,0,0,0,0,0,0
IKPB:bin_000172,0,0,0,0,0,0,0,0,0,0,0,0,0,0,0,0,0,0,0,0,0,0,0,0,0,0,0,0,0,0,0,0,0,0,0,0,0,0,0,0,0,0,0,0,0,0,0,0,0,0,0,0,0,0,0,0,0,0,0,0,0,0,0,0,0,0,0,0,0,0,0,0,0,0,0,0,0,0,0,0,0,0,0,0
IKPB:bin_000173,0,0,0,0,0,0,0,0,0,0,0,0,0,0,0,0,0,0,0,0,0,0,0,0,0,0,0,0,0,0,0,0,0,0,0,0,0,0,0,0,0,0,0,0,0,0,0,0,0,0,0,0,0,0,0,0,0,0,0,0,0,0,0,0,0,0,0,0,0,0,0,0,0,0,0,0,0,0,0,0,0,0,0,0
IKPB:bin_000178,0,0,0,0,0,0,0,0,0,0,0,0,0,0,0,0,0,0,0,0,0,0,0,0,0,0,0,0,0,0,0,0,0,0,0,0,0,0,0,0,0,0,0,0,0,0,0,0,0,0,0,0,0,0,0,0,0,0,0,0,0,0,0,0,0,0,0,0,0,0,0,0,0,0,0,0,0,0,0,0,0,0,0,0
IKPB:bin_000180,0,0,0,0,0,0,0,0,0,0,0,0,0,0,0,0,0,0,0,0,0,0,0,0,0,0,0,0,0,0,0,0,0,0,0,0,0,0,0,0,0,0,0,0,0,0,0,0,0,0,0,0,0,0,0,0,0,0,0,0,0,0,0,0,0,0,0,0,0,0,0,0,0,0,0,0,0,0,0,0,0,0,0,0
IKPB:bin_000181,0,0,0,0,0,0,0,0,0,0,0,0,0,0,0,0,0,0,0,0,0,0,0,0,0,0,0,0,0,0,0,0,0,0,0,0,0,0,0,0,0,0,0,0,0,0,0,0,0,0,0,0,0,0,0,0,0,0,0,0,0,0,0,0,0,0,0,0,0,0,0,0,0,0,0,0,0,0,0,0,0,0,0,0
IKPB:bin_000183,0,0,0,0,0,0,0,0,0,0,0,0,0,0,0,0,0,0,0,0,0,0,0,0,0,0,0,0,0,0,0,0,0,0,0,0,0,0,0,0,0,0,0,0,0,0,0,0,0,0,0,0,0,0,0,0,0,0,0,0,0,0,0,0,0,0,0,0,0,0,0,0,0,0,0,0,0,0,0,0,0,0,0,0
IKPB:bin_000185,0,0,0,0,0,0,0,0,0,0,0,0,0,0,0,0,0,0,0,0,0,0,0,0,0,0,0,0,0,0,0,0,0,0,0,0,0,0,0,0,0,0,0,0,0,0,0,0,0,0,0,0,0,0,0,0,0,0,0,0,0,0,0,0,0,0,0,0,0,0,0,0,0,0,0,0,0,0,0,0,0,0,0,0
IKPB:bin_000187,0,0,0,0,0,0,0,0,0,0,0,0,0,0,0,0,0,0,0,0,0,0,0,0,0,0,0,0,0,0,0,0,0,0,0,0,0,0,0,0,0,0,0,0,0,0,0,0,0,0,0,0,0,0,0,0,0,0,0,0,0,0,0,0,0,0,0,0,0,0,0,0,0,0,0,0,0,0,0,0,0,0,0,0
IKPB:bin_000189,0,0,0,0,0,0,0,0,0,0,0,0,0,0,0,0,0,0,0,0,0,0,0,0,0,0,0,0,0,0,0,0,0,0,0,0,0,0,0,0,0,0,0,0,0,0,0,0,0,0,0,0,0,0,0,0,0,0,0,0,0,0,0,0,0,0,0,0,0,0,0,0,0,0,0,0,0,0,0,0,0,0,0,0
IKPB:bin_000190,0,0,0,0,0,0,0,0,0,0,0,0,0,0,0,0,0,0,0,0,0,0,0,0,0,0,0,0,0,0,0,0,0,0,0,0,0,0,0,0,0,0,0,0,0,0,0,0,0,0,0,0,0,0,0,0,0,0,0,0,0,0,0,0,0,0,0,0,0,0,0,0,0,0,0,0,0,0,0,0,0,0,0,0
IKPB:bin_000191,0,0,0,0,0,0,0,0,0,0,0,0,0,0,0,0,0,0,0,0,0,0,0,0,0,0,0,0,0,0,0,0,0,0,0,0,0,0,0,0,0,0,0,0,0,0,0,0,0,0,0,0,0,0,0,0,0,0,0,0,0,0,0,0,0,0,0,0,0,0,0,0,0,0,0,0,0,0,0,0,0,0,0,0
IKPB:bin_000193,0,0,0,0,0,0,0,0,0,0,0,0,0,0,0,0,0,0,0,0,0,0,0,0,0,0,0,0,0,0,0,0,0,0,4.742,0,0,0,0,0,0,0,0,0,0,0,0,0,0,0,0,0,0,0,0,0,0,0,0,0,0,0,0,0,0,0,0,0,0,0,0,0,0,0,0,0,0,0,0,5.085,0,0,0,0
IKPB:bin_000196,0,0,0,0,0,0,0,0,0,0,0,0,0,0,0,0,0,0,0,0,0,0,0,0,0,0,0,0,0,0,0,0,0,0,0,0,0,0,0,0,0,0,0,0,0,0,0,0,0,0,0,0,0,0,0,0,0,0,0,0,0,0,0,0,0,0,0,0,0,0,0,0,0,0,0,0,0,0,0,0,0,0,0,0
IKPB:bin_000197,0,0,0,0,0,0,0,0,0,0,0,0,0,0,0,0,0,0,0,0,0,0,0,0,0,0,0,0,0,0,0,0,0,0,0,0,0,0,0,0,0,0,0,0,0,0,0,0,0,0,0,0,0,0,0,0,0,0,0,0,0,0,0,0,0,0,0,0,0,0,0,0,0,0,0,0,0,0,0,0,0,0,0,0
IKPB:bin_000199,0,0,0,0,0,0,0,0,0,0,0,0,0,0,0,0,0,0,0,0,0,0,0,0,0,0,0,0,0,0,0,0,0,0,0,0,0,0,0,0,0,0,0,0,0,0,0,0,0,0,0,0,0,0,0,0,0,0,0,0,0,0,0,0,0,0,0,0,0,0,0,0,0,0,0,0,0,0,0,0,0,0,0,0
IKPB:bin_000204,0,0,0,0,0,0,0,0,0,0,0,0,0,0,0,0,0,0,0,0,0,0,0,0,0,0,0,0,0,0,0,0,0,0,0,0,0,0,0,0,0,0,0,0,0,0,0,0,0,0,0,0,0,0,0,0,0,0,0,0,0,0,0,0,0,0,0,0,0,0,0,0,0,0,0,0,0,0,0,0,0,0,0,0
IKPB:bin_000205,0,0,0,0,0,0,0,0,0,0,0,0,0,0,0,0,0,0,0,0,0,0,0,0,0,0,0,0,0,0,0,0,0,0,0,0,0,0,0,0,0,0,0,0,0,0,0,0,0,0,0,0,0,0,0,0,0,0,0,0,0,0,0,0,0,0,0,0,0,0,0,0,0,0,0,0,0,0,0,0,0,0,0,0
IKPB:bin_000206,0,0,0,0,0,0,0,0,0,0,0,0,0,0,0,0,0,0,0,0,0,0,0,0,0,0,0,0,0,0,0,0,0,0,0,0,0,0,0,0,0,0,0,0,0,0,0,0,0,0,0,0,0,0,0,0,0,0,0,0,0,0,0,0,0,0,0,0,0,0,0,0,0,0,0,0,0,0,0,0,0,0,0,0
IKPB:bin_000209,0,0,0,0,0,0,0,0,0,0,0,0,0,0,0,0,0,0,0,0,0,0,0,0,0,0,0,0,0,0,0,0,0,0,0,0,0,0,0,0,0,0,0,0,0,0,0,0,0,0,0,0,0,0,0,0,0,0,0,0,0,0,0,0,0,0,0,0,0,0,0,0,0,0,0,0,0,0,0,0,0,0,0,0
IKPB:bin_000211,0,0,0,0,0,0,0,0,0,0,0,0,0,0,0,0,0,0,0,0,0,0,0,0,0,0,0,0,0,0,0,0,0,0,0,0,0,0,0,0,0,0,0,0,0,0,0,0,0,0,0,0,0,0,0,0,0,0,0,0,0,0,0,0,0,0,0,0,0,0,0,0,0,0,0,0,0,0,0,0,0,0,0,0
IKPB:bin_000212,0,0,0,0,0,0,0,0,0,0,0,0,0,0,0,0,0,0,0,0,0,0,0,0,0,0,0,0,0,0,0,0,0,0,0,0,0,0,0,0,0,0,0,0,0,0,0,0,0,0,0,0,0,0,0,0,0,0,0,0,0,0,0,0,0,0,0,0,0,0,0,0,0,0,0,0,0,0,0,0,0,0,0,0
IKPB:bin_000213,0,0,0,0,0,0,0,0,0,0,0,0,0,0,0,0,0,0,0,0,0,0,0,0,0,0,0,0,0,0,0,0,0,0,0,0,0,0,0,0,0,0,0,0,0,0,0,0,0,0,0,0,0,0,0,0,0,0,0,0,0,0,0,0,0,0,0,0,0,0,0,0,0,0,0,0,0,0,0,0,0,0,0,0
IKPB:bin_000214,0,0,0,0,0,0,0,0,0,0,0,0,0,0,0,0,0,0,0,0,0,0,0,0,0,0,0,0,0,0,0,0,0,0,0,0,0,0,0,0,0,0,0,0,0,0,0,0,0,0,0,0,0,0,0,0,0,0,0,0,0,0,0,0,0,0,0,0,0,0,0,0,0,0,0,0,0,0,0,0,0,0,0,0
IKPB:bin_000217,0,0,0,0,0,0,0,0,0,0,0,0,0,0,0,0,0,0,0,0,0,0,0,0,0,0,0,0,0,0,0,0,0,0,0,0,0,0,0,0,0,0,0,0,0,0,0,0,0,0,0,0,0,0,0,0,0,0,0,0,0,0,0,0,0,0,0,0,0,0,0,0,0,0,0,0,0,0,0,0,0,0,0,0
IKPB:bin_000220,0,0,0,0,0,0,0,0,0,0,0,0,0,0,0,0,0,0,0,0,0,0,0,0,0,0,0,0,0,0,0,0,0,0,0,0,0,0,0,0,0,0,0,0,0,0,0,0,0,0,0,0,0,0,0,0,0,0,0,0,0,0,0,0,0,0,0,0,0,0,0,0,0,0,0,0,0,0,0,0,0,0,0,0
IKPB:bin_000221,0,0,2.531,0,0,0,0,0,0,0,0,0,0,0,0,0,0,0,0,0,0,0,0,0,0,0,0,0,0,0,0,0,0,0,0,0,0,0,0,0,0,0,0,0,0,0,0,0,0,0,0,0,0,0,0,0,0,0,0,0,0,0,0,0,0,0,0,0,0,0,0,0,0,0,0,0,0,0,0,0,0,0,0,0
IKPB:bin_000222,1.332,0,3.916,0.915,0,0,0,0,0,1.73,0,0,0,3.379,0.843,0,1.756,3.324,0.85,0,0,0,0,0,0,0,0,3.202,0,0,0,0,0,0,0.923,0,0,0,0,0,0,0,0,0,0,0,0,3.184,0,0,0,0,2.936,0,1.453,0,0,0,0,2.648,0,0,0,0,2.952,0,0,0,0,0,0,0,0,0,0,0,0,0,0,0,0,0,0.983,0
IKPB:bin_000223,0,0,0,0,0,0,0,0,0,0,0,0,0,0,0,0,0,0,0,0,0,0,0,0,0,0,0,0,0,0,0,0,0,0,2.2,0,0,0,0,0,0,0,0,0,0,0,0,0,0,0,0,0,0,0,0,0,0,0,0,0,0,0,0,0,0,0,0,0,0,0,0,0,0,0,0,0,0,0,0,11.627,0,0,0,0
IKPB:bin_000225,0,0,0,0,0,0,0,0,0,0,0,0,0,0,0,0,0,0,0,0,0,0,0,0,0,0,0,0,0,0,0,0,0,0,0,0,0,0,0,0,0,0,0,0,0,0,0,0,0,0,0,0,0,0,0,0,0,0,0,0,0,0,0,0,0,0,0,0,0,0,0,0,0,0,0,0,0,0,0,0,0,0,0,0
IKPB:bin_000226,0,0,0,0,0,0,0,0,0,0,0,0,0,0,0,0,0,0,0,0,0,0,0,0,0,0,0,0,0,0,0,0,0,0,0,0,0,0,0,0,0,0,0,0,0,0,0,3.088,0,0,0,0,0,0,0,0,0,0,0,2.556,0,0,0,0,0,0,0,0,0,0,0,0,0,0,0,0,0,0,0,0,0,0,0,0
IKPB:bin_000227,0,0,0,0,0,0,0,0,0,0,0,0,0,0,0,0,0,0,0,0,0,0,0,0,0,0,0,0,0,0,0,0,0,0,0,0,0,0,0,0,0,0,0,0,0,0,0,0,0,0,0,0,0,0,0,0,0,0,0,0,0,0,0,0,0,0,0,0,0,0,0,0,0,0,0,0,0,0,0,0,0,0,0,0
IKPB:bin_000229,0,0,0,0,0,0,0,0,0,0,2.235,0,0,0,0,0,0,0,0,0,0,0,0,0,0,0,0,0,0,0,0,0,0,0,0,0,0,0,0,0,0,0,0,0,0,0,0,0,0,0,0,0,0,0,0,0,0,0,0,0,0,0,0,0,1.761,0,0,0,0,0,0,0,0,0,0,0,0,0,0,10.593,0,8.405,0,0
IKPB:bin_000231,0,0,0,0,0,0,0,0,0,0,0,0,0,0,0,0,0,0,0,0,0,0,0,0,0,0,0,0,0,0,0,0,0,0,5.298,0,0,0,0,0,0,0,0,0,0,0,0,0,0,0,0,0,0,0,0,0,0,0,0,0,0,0,0,0,0,0,0,0,0,0,0,0,0,0,0,0,0,0,0,6.325,0,0,0,0
IKPB:bin_000232,0,0,0,0,0,0,0,0,0,0,0,0,0,0,0,0,0,0,0,0,0,0,0,0,0,0,0,0,0,0,0,0,0,0,0,0,0,0,0,0,0,0,0,0,0,0,0,0,0,0,0,0,0,0,0,0,0,0,0,0,0,0,0,0,0,0,0,0,0,0,0,0,0,0,0,0,0,0,0,0,0,0,0,0
IKPB:bin_000233,0,0,0,0,0,0,0,0,0,0,0,0,0,0,0,0,0,0,0,0,0,0,0,0,0,0,0,0,0,0,0,0,0,0,0,0,0,0,0,0,0,0,0,0,0,0,0,0,0,0,0,0,0,0,0,0,0,0,0,0,0,0,0,0,0,0,0,0,0,0,0,0,0,0,0,0,0,0,0,0,0,0,0,0
IKPB:bin_000236,0,0,0,0,0,0,0,0,0,0,0,0,0,0,0,0,0,0,0,0,0,0,0,0,0,0,0,0,0,0,0,0,0,0,0,0,0,0,0,0,0,0,0,0,0,0,0,0,0,0,0,0,0,0,0,0,0,0,0,0,0,0,0,0,0,0,0,0,0,0,0,0,0,0,0,0,0,0,0,0,0,0,0,0
IKPB:bin_000237,0,0,0,0,0,0,0,0,0,0,0,0,0,0,0,0,0,0,0,0,0,0,0,0,0,0,0,0,0,0,0,0,0,0,0,0,0,0,0,0,0,0,0,0,0,0,0,0,0,0,0,0,0,0,0,0,0,0,0,0,0,0,0,0,0,0,0,0,0,0,0,0,0,0,0,0,0,0,0,0,0,0,0,0
IKPB:bin_000238,0,0,0,0,0,0,0,0,0,0,0,0,0,0,0,0,0,0,0,0,0,0,0,0,0,0,0,0,0,0,0,0,0,0,0,0,0,0,0,0,0,0,0,0,0,0,0,0,0,0,0,0,0,0,0,0,0,0,0,0,0,0,0,0,0,0,0,0,0,0,0,0,0,0,0,0,0,0,0,0,0,0,0,0
IKPB:bin_000239,0,0,0,0,0,0,0,0,0,0,0,0,0,0,0,0,0,0,0,0,0,0,0,0,0,0,0,0,0,0,0,0,0,0,0,0,0,0,0,0,0,0,0,0,0,0,0,0,0,0,0,0,0,0,0,0,0,0,0,0,0,0,0,0,0,0,0,0,0,0,0,0,0,0,0,0,0,0,0,0,0,0,0,0
IKPB:bin_000240,0,0,0,0,0,0,0,0,0,0,0,0,0,0,0,0,0,0,0,0,0,0,0,0,0,0,0,0,0,0,0,0,0,0,0,0,0,0,0,0,0,0,0,0,0,0,0,0,0,0,0,0,0,0,0,0,0,0,0,0,0,0,0,0,0,0,0,0,0,0,0,0,0,0,0,0,0,0,0,0,0,0,0,0
IKPB:bin_000241,0,0,0,0,0,0,0,0,0,0,0,0,0,0,0,0,0,0,0,0,0,0,0,0,0,0,0,0,0,0,0,0,0,0,0,0,0,0,0,0,0,0,0,0,0,0,0,0,0,0,0,0,0,0,0,0,0,0,0,0,0,0,0,0,0,0,0,0,0,0,0,0,0,0,0,0,0,0,0,0,0,0,0,0
IKPB:bin_000243,0,0,0,0,0,0,0,0,0,0,0,0,0,0,0,0,0,0,0,0,0,0,0,0,0,0,0,0,0,0,0,0,0,0,0,0,0,0,0,0,0,0,0,0,0,0,0,0,0,0,0,0,0,0,0,0,0,0,0,0,0,0,0,0,0,0,0,0,0,0,0,0,0,0,0,0,0,0,0,0,0,0,0,0
IKPB:bin_000245,0,0,0,0,0,0,0,0,0,0,3.582,0,0,4.089,0,0,0,0,0,0,0,0,0,0,0,0,0,0,0,0,0,0,0,0,0,0,0,0,0,0,0,0,0,0,0,0,0,0,0,0,0,0,0,0,1.694,0,0,0,0,0,0,0,0,0,0,0,0,0,0,0,0,0,0,0,0,0,0,0,0,0,0,3.18,0,0
IKPB:bin_000246,0,0,0,0,0,0,0,0,0,0,0,0,0,0,0,0,0,0,0,0,0,0,0,0,0,0,0,0,0,0,0,0,0,0,0,0,0,0,0,0,0,0,0,0,0,0,0,0,0,0,0,0,0,0,0,0,0,0,0,0,0,0,0,0,0,0,0,0,0,0,0,0,0,0,0,0,0,0,0,0,0,0,0,0
IKPB:bin_000247,0,0,2.721,0,0,0,0,0,0,0,0,0,0,3.088,0,0,0,4.145,0,0,0,0,0,0,0,0,0,2.161,0,0,0,0,1.993,0,0,0,0,0,0,0,0,0,0,0,0,0,0,2.911,0,0,0,0,0,0,0,0,0,0,0,0,0,0,0,0,0,0,0,0,0,0,0,0,0,0,0,0,0,0,0,0,0,0,0,0
IKPB:bin_000251,0,0,0,0,0,0,0,0,0,0,0,0,0,0,0,0,0,0,0,0,0,0,0,0,0,0,0,0,0,0,0,0,0,0,0,0,0,0,0,0,0,0,0,0,0,0,0,0,0,0,0,0,0,0,0,0,0,0,0,0,0,0,0,0,0,0,0,0,0,0,0,0,0,0,0,0,0,0,0,0,0,0,0,0
IKPB:bin_000254,0,0,1.947,0,0,0,0,0,0,0,0,0,0,0,0,0,0,0,0,0,0,0,0,0,0,0,0,0,0,0,0,0,0,0,0,0,0,0,0,0,0,0,0,0,0,0,0,0,0,0,0,0,0,0,0,0,0,0,0,0,0,0,0,0,0,0,0,0,0,0,0,0,0,0,0,0,0,0,0,0,0,0,0,0
IKPB:bin_000256,0,0,0,0,0,0,0,0,0,0,2.709,0,0,0,0,0,0,3.992,0,0,0,0,0,0,0,0,0,0,0,0,0,0,0,0,0,0,0,0,0,0,0,0,0,0,0,0,0,0,0,0,0,0,0,0,0,0,0,0,0,0,0,0,0,0,0,0,0,0,0,0,0,0,0,0,0,0,0,0,0,0,0,0,0,0
IKPB:bin_000257,0,0,0,0,0,0,0,0,0,0,0,0,0,0,0,0,0,0,0,0,0,0,0,0,0,0,0,0,0,0,0,0,0,0,2.473,0,0,0,0,0,0,0,0,0,0,0,0,0,0,0,0,0,0,0,0,0,0,0,0,0,0,0,0,0,0,0,0,0,0,0,0,0,0,0,0,0,0,0,0,0,0,0,0,0
IKPB:bin_000259,0,0,0,0,0,0,0,0,0,0,0,0,0,0,0,0,0,0,0,0,0,0,0,0,0,0,0,0,0,0,0,0,0,0,0,0,0,0,0,0,0,0,0,0,0,0,0,0,0,0,0,0,1.933,0,0,0,0,0,0,0,0,0,0,1.141,0,0,0,0,0,0,0,0,0,0,0,0,0,0,0,0,0,0,0,0
IKPB:bin_000262,0,0,0,0,0,0,0,0,0,0,0,0,0,0,0,0,0,0,0,0,0,0,0,0,0,0,0,0,0,0,0,0,0,0,0,0,0,0,0,0,0,0,0,0,0,0,0,0,0,0,0,0,0,0,0,0,0,0,0,0,0,0,0,0,0,0,0,0,0,0,0,0,0,0,0,0,0,0,0,0,0,0,0,0
IKPB:bin_000263,0,0,0,0,0,0,0,0,0,0,0,0,0,0,0,0,0,0,0,0,0,0,0,0,0,0,0,0,0,0,0,0,0,0,0,0,0,0,0,0,0,0,0,0,0,0,0,0,0,0,0,0,0,0,0,0,0,0,0,0,0,0,0,0,0,0,0,0,0,0,0,0,0,0,0,0,0,0,0,0,0,0,0,0
IKPB:bin_000266,0,0,0,0,0,0,0,0,0,0,0,0,0,0,0,0,0,0,0,0,0,0,0,0,0,0,0,0,0,0,0,0,0,0,0,0,0,0,0,0,0,0,0,0,0,0,0,0,0,0,0,0,0,0,0,0,0,0,0,0,0,0,0,0,0,0,0,0,0,0,0,0,0,0,0,0,0,0,0,0,0,0,0,0
IKPB:bin_000267,0,0,0,0,0,0,0,0,0,0,0,0,0,0,0,0,0,0,0,0,0,0,0,0,0,0,0,0,0,0,0,0,0,0,0,0,0,0,0,0,0,0,0,0,0,0,0,0,0,0,0,0,0,0,0,0,0,0,0,0,0,0,0,0,0,0,0,0,0,0,0,0,0,0,0,0,0,0,0,0,0,0,0,0
IKPB:bin_000268,0,0,0,0,0,0,0,0,0,0,0,0,0,0,0,0,0,0,0,0,0,0,0,0,0,0,0,0,0,0,0,0,0,0,0,0,0,0,0,0,0,0,0,0,0,0,0,0,0,0,0,0,0,0,0,0,0,2.072,0,0,0,0,0,0,0,0,0,0,0,0,0,0,0,0,0,0,0,0,0,0,0,0,0,0
IKPB:bin_000269,0,0,0,0,0,0,0,0,0,0,0,0,0,2.285,0,0,0,0,0,0,0,0,0,0,0,0,0,1.905,0,0,0,0,0,0,0,0,0,0,0,0,0,0,0,0,0,0,0,0,0,0,0,0,0,0,0,0,0,0,0,0,0,0,0,0,2.44,0,0,0,0,0,0,0,0,0,0,0,0,0,0,0,0,0,0,0
IKPB:bin_000271,0,0,0,0,0,0,0,0,0,0,0,0,0,0,0,0,0,0,0,0,0,0,0,0,0,0,0,0,0,0,0,0,0,0,0,0,0,0,0,0,0,0,0,0,0,0,0,0,0,0,0,0,0,0,0,0,0,0,0,0,0,0,0,0,0,0,0,0,0,0,0,0,0,0,0,0,0,0,0,0,0,0,0,0
IKPB:bin_000272,0,0,0,0,0,0,0,0,0,0,0,0,0,0,0,0,0,0,0,0,0,0,0,0,0,0,0,0,0,0,0,0,0,0,0,0,0,0,0,0,0,0,0,0,0,0,0,0,0,0,0,0,0,0,0,0,0,0,0,0,0,0,0,0,0,0,0,0,0,0,0,0,0,0,0,0,0,0,0,0,0,0,0,0
IKPB:bin_000273,0,0,0,0,0,0,0,0,0,0,0,0,0,0,0,0,0,0,0,0,0,0,0,0,0,0,0,0,0,0,0,0,0,0,0,0,0,0,0,0,0,0,0,0,0,0,0,0,0,0,0,0,0,0,0,0,0,0,0,0,0,0,0,0,0,0,0,0,0,0,0,0,0,0,0,0,0,0,0,0,0,0,0,0
IKPB:bin_000274,0,0,0,0,0,0,0,0,0,0,0,0,0,0,0,0,0,0,0,0,0,0,0,0,0,0,0,0,0,0,0,0,0,0,0,0,0,0,0,0,0,0,0,0,0,0,0,0,0,0,0,0,0,0,0,0,0,0,0,0,0,0,0,0,0,0,0,0,0,0,0,0,0,0,0,0,0,0,0,0,0,0,0,0
IKPB:bin_000279,19.878,24.499,55.696,9.296,10.651,8.213,0,8.91,6.53,24.828,36.487,9.487,10.579,70.009,3.095,4.347,32.906,58.528,11.777,2.998,12.338,2.066,5.148,4.223,0,12.106,0,39.587,20.285,2.205,20.755,4.344,17.687,2.381,16.621,4.125,0,19.76,6.837,3.499,14.006,13.013,17.372,2.329,33.912,0,1.921,58.707,17.696,25.606,12.696,25.698,32.237,2.336,23.016,9.141,4.184,20.006,15.437,38.045,49.722,1.67,4.84,13.966,41.634,3.901,9.891,36.736,6.152,5.887,12.555,0,20.999,11.202,1.866,0,18.779,5.713,5.292,29.602,21.639,20.034,11.197,1.944
IKPB:bin_000286,0,0,0,0,0,0,0,0,0,0,0,0,0,0,0,0,0,0,0,0,0,0,0,0,0,0,0,0,0,0,0,0,0,0,0,0,0,0,0,0,0,0,0,0,0,0,0,0,0,0,0,0,0,0,0,0,0,0,0,0,0,0,0,0,0,0,0,0,0,0,0,0,0,0,0,0,0,0,0,0,0,0,0,0
IKPB:bin_000289,0,0,0,0,0,0,0,0,0,0,0,0,0,0,0,0,0,0,0,0,0,0,0,0,0,0,0,0,0,0,0,0,0,0,0,0,0,0,0,0,0,0,0,0,0,0,0,0,0,0,0,0,0,0,0,0,0,0,0,0,0,0,0,0,0,0,0,0,0,0,0,0,0,0,0,0,0,0,0,0,0,0,0,0
IKPB:bin_000290,0,0,2.796,0,0,0,0,0,0,0,0,0,0,0,0,0,0,1.792,0,0,0,0,0,0,0,0,0,0,0,0,0,0,0,0,0,0,0,0,0,0,0,0,0,0,0,0,0,0,0,0,0,0,0,0,0,0,0,0,0,0,0,0,0,0,0,0,0,0,0,0,0,0,0,0,0,0,0,0,0,0,0,0,0,0
IKPB:bin_000291,0,0,0,0,0,0,0,0,0,0,0,0,0,0,0,0,0,0,0,0,0,0,0,0,0,0,0,0,0,0,0,0,0,0,0,0,0,0,0,0,0,0,0,0,0,0,0,0,0,0,0,0,0,0,0,0,0,0,0,0,0,0,0,0,0,0,0,0,0,0,0,0,0,0,0,0,0,0,0,0,0,0,0,0
IKPB:bin_000292,0,0,0,0,0,0,0,0,0,0,0,0,0,0,0,0,0,0,0,0,0,0,0,0,0,0,0,0,0,0,0,0,0,0,0,0,0,0,0,0,0,0,0,0,0,0,0,0,0,0,0,0,0,0,0,0,0,7.455,4.664,0,0,0,0,0,0,0,0,0,0,0,0,0,0,0,0,0,0,0,0,0,0,0,0,0
IKPB:bin_000295,0,0,0,0,0,0,0,0,0,0,0,0,0,0,0,0,0,0,0,0,0,0,0,0,0,0,0,0,0,0,0,0,0,0,0,0,0,0,0,0,0,0,0,0,0,0,0,0,0,0,0,0,0,0,0,0,0,0,0,0,0,0,0,0,0,0,0,0,0,0,0,0,0,0,0,0,0,0,0,0,0,0,0,0
IKPB:bin_000296,0,0,0,0,0,0,0,0,0,0,0,0,0,0,0,0,0,0,0,0,0,0,0,0,0,0,0,0,0,0,0,0,0,0,0,0,0,0,0,0,0,0,0,0,0,0,0,0,0,0,0,0,0,0,0,0,0,0,0,0,0,0,0,0,0,0,0,0,0,0,0,0,0,0,0,0,0,0,0,0,0,0,0,0
IKPB:bin_000301,0,0,0,0,0,0,0,0,0,0,0,0,0,0,0,0,0,0,0,0,0,0,0,0,0,0,0,0,0,0,0,0,0,0,0,0,0,0,0,0,0,0,0,0,0,0,0,0,0,0,0,0,0,0,0,0,0,0,0,0,0,0,0,0,0,0,0,0,0,0,0,0,0,0,0,0,0,0,0,0,0,0,0,0
IKPB:bin_000302,0,0,0,0,0,0,0,0,0,0,0,0,0,0,0,0,0,0,0,0,0,0,0,0,0,0,0,0,0,0,0,0,0,0,0,0,0,0,0,0,0,0,0,0,0,0,0,0,0,0,0,0,0,0,0,0,0,0,0,0,0,0,0,0,0,0,0,0,0,0,0,0,0,0,0,0,0,0,0,0,0,0,0,0
IKPB:bin_000303,0,0,4.127,0,1.214,0,0,0,0,0,3.934,0,1.112,6.425,0,0,4.877,4.396,0,0,0.971,0,0,0,0,2.95,0,2.492,0,0,0,0,3.272,0,1.113,0,0,5.628,0,0,0,0,0,0,2.851,0,0,3.897,0,4.977,0,0,2.206,0,1.2,0,0,0,0,0,2.6,0,0,1.112,2.124,0,0,0,0,0,0,0,0,0,0,0,2.727,0,0,0,0,5.581,0,0
IKPB:bin_000304,0,0,0,0,0,0,0,0,0,0,0,0,0,0,0,0,0,0,0,0,0,0,0,0,0,0,0,0,0,0,0,0,0,0,0,0,0,0,0,0,0,0,0,0,0,0,0,0,0,0,0,0,0,0,0,0,0,0,0,0,0,0,0,0,0,0,0,0,0,0,0,0,0,0,0,0,0,0,0,0,0,0,0,0
IKPB:bin_000305,0,0,0,0,0,0,0,0,0,0,0,0,0,0,0,0,0,0,0,0,0,0,0,0,0,0,0,0,0,0,0,0,0,0,0,0,0,0,0,0,0,0,0,0,0,0,0,0,0,0,0,0,0,0,0,0,0,0,0,0,0,0,0,0,0,0,0,0,0,0,0,0,0,0,0,0,0,0,0,0,0,0,0,0
IKPB:bin_000310,0,0,0,0,0,0,0,0,0,0,0,0,0,0,0,0,0,0,0,0,0,0,0,0,0,0,0,0,0,0,0,0,0,0,0,0,0,0,0,0,0,0,0,0,0,0,0,0,0,0,0,0,0,0,0,0,0,0,0,0,0,0,0,0,0,0,0,0,0,0,0,0,0,0,0,0,0,0,0,0,0,0,0,0
IKPB:bin_000312,0,0,0,0,0,0,0,0,0,0,0,0,0,0,0,0,0,0,0,0,0,0,0,0,0,0,0,0,0,0,0,0,0,0,0,0,0,0,0,0,1.819,0,0,0,0,0,0,3.246,0,0,0,0,0,0,1.681,0,0,0,0,0,0,0,0,0,0,0,0,0,0,0,0,0,0,0,0,0,0,0,0,0,0,0,0,0
IKPB:bin_000313,0,0,0,0,0,0,0,0,0,0,0,0,0,0,0,0,0,0,0,0,0,0,0,0,0,0,0,0,0,0,0,0,0,0,0,0,0,0,0,0,0,0,0,0,0,0,0,0,0,0,0,0,0,0,0,0,0,0,0,0,0,0,0,0,0,0,0,0,0,0,0,0,0,0,0,0,0,0,0,0,0,0,0,0
IKPB:bin_000320,0,0,2.671,0,0,0,0,0,0,0,0,0,0,2.316,0,0,0,0,0,0,0,0,0,0,0,0,0,0,0,0,0,0,0,0,0,0,0,0,0,0,0,0,0,0,0,0,0,0,0,0,0,0,0,0,0,0,0,4.525,2.238,0,0,0,0,0,0,0,0,0,0,0,0,0,0,0,0,0,0,0,0,0,0,0,0,0
IKPB:bin_000321,0,0,0,0,0,0,0,0,0,0,0,0,0,0,0,0,0,0,0,0,0,0,0,0,0,0,0,0,0,0,0,0,0,0,0,0,0,0,0,0,0,0,0,0,0,0,0,0,0,0,0,0,0,0,0,0,0,0,0,0,0,0,0,0,0,0,0,0,0,0,0,0,0,0,0,0,0,0,0,0,0,0,0,0
IKPB:bin_000322,3.212,5.175,13.431,1.329,1.112,1.322,0,0,0,2.343,4.128,0,2.675,14.903,0,1.003,4.985,10.161,2.016,0,1.439,1.136,1.071,0,0,2.017,0,6.994,3.879,0,6.698,1.133,2.035,0,3.291,1.453,0,3.831,0,0.865,0,1.843,0,0,2.927,0,0,7.886,2.447,7.387,2.83,5.079,5.071,0,4.37,1.444,0,6.413,4.884,5.375,4.771,0,0,3.348,6.604,0.948,1.441,5.687,3.977,0,2.511,0,4.271,2.489,0,0,3.177,1.775,0,4.562,5.587,5.228,1.608,0
IKPB:bin_000323,0,0,0,0,0,0,0,0,0,0,0,0,0,0,0,0,0,0,0,0,0,0,0,0,0,0,0,0,0,0,0,0,0,0,0,0,0,0,0,0,0,0,0,0,0,0,0,0,0,0,0,0,0,0,0,0,0,0,0,0,0,0,0,0,0,0,0,0,0,0,0,0,0,0,0,0,0,0,0,0,0,0,0,0
IKPB:bin_000327,0,0,0,0,0,0,0,0,0,0,0,0,0,0,0,0,0,0,0,0,0,0,0,0,0,0,0,0,0,0,0,0,0,0,0,0,0,0,0,0,0,0,0,0,0,0,0,0,0,0,0,0,0,0,0,0,0,0,0,0,0,0,0,0,0,0,0,0,0,0,0,0,0,0,0,0,0,0,0,0,0,0,0,0
IKPB:bin_000335,0,0,0,0,0,0,0,0,0,0,0,0,0,0,0,0,0,0,0,0,0,0,0,0,0,0,0,0,0,0,0,0,0,0,0,0,0,0,0,0,0,0,0,0,0,0,0,0,0,0,0,0,0,0,0,0,0,0,0,0,0,0,0,0,0,0,0,0,0,0,0,0,0,0,0,0,0,0,0,0,0,0,0,0
IKPB:bin_000336,0,0,0,0,0,0,0,0,0,0,0,0,0,0,0,0,0,0,0,0,0,0,0,0,0,0,0,0,0,0,0,0,0,0,1.131,0,0,0,0,0,0,0,0,0,0,0,0,0,0,0,0,0,0,0,0,0,0,1.819,0,0,0,0,0,0,0,0,0,0,0,0,0,0,0,0,0,0,0,0,0,0,0,0,0,0
IKPB:bin_000338,0,0,0,0,0,0,0,0,0,0,0,0,0,0,0,0,0,0,0,0,0,0,0,0,0,0,0,0,0,0,0,0,0,0,0,0,0,0,0,0,0,0,0,0,0,0,0,0,0,0,0,0,0,0,0,0,0,0,0,0,0,0,0,0,0,0,0,0,0,0,0,0,0,0,0,0,0,0,0,0,0,0,0,0
IKPB:bin_000341,0,0,2.151,0,0,0,0,0,0,0,0,0,0,5.178,0,0,0,2.8,0,0,0,0,0,0,0,0,0,2.498,0,0,0,0,0,0,4.947,0,0,0,0,0,0,0,0,0,2.392,0,0,3.004,0,2.089,0,3.392,0,0,1.091,0,0,2.809,0,0,3.212,0,0,0,2.345,0,0,2.001,0,0,0,0,2.2,0,0,0,0,0,0,5.547,0,0,0,0
IKPB:bin_000343,0,0,0,0,0,0,0,0,0,0,0,0,0,0,0,0,0,0,0,0,0,0,0,0,0,0,0,0,0,0,0,0,0,0,0,0,0,0,0,0,0,0,0,0,0,0,0,0,0,0,0,0,0,0,0,0,0,0,0,0,0,0,0,0,0,0,0,0,0,0,0,0,0,0,0,0,0,0,0,0,0,0,0,0
IKPB:bin_000344,0,0,2.606,0,0,0,0,0,0,0,0,0,0,0,0,0,0,0,0,0,0,0,0,0,0,0,0,0,0,0,0,0,0,0,0,0,0,0,0,0,0,0,0,0,0,0,0,0,0,0,0,0,0,0,0,0,0,0,0,0,0,0,0,0,0,0,0,0,0,0,0,0,0,0,0,0,0,0,0,0,0,0,0,0
IKPB:bin_000346,0,2.214,3.21,0,0,0,0,0,0,0,0,0,0,3.18,0,0,1.933,4.312,0,0,1.305,0,0,0,0,0,0,0,0,0,1.99,0,0,0,0,0,0,0,0,0,1.758,0,0,0,0,0,0,2.121,0,0,0,0,0,0,1.427,0,0,4.044,4.189,0,1.868,0,0,0,0,0,1.369,1.949,0,0,0,0,1.959,0,0,0,0,0,0,0,0,0,0,0
IKPB:bin_000347,0,0,0,0,0,0,0,0,0,0,0,0,0,0,0,0,0,0,0,0,0,0,0,0,0,0,0,0,0,0,0,0,0,0,0,0,0,0,0,0,0,0,0,0,0,0,0,0,0,0,0,0,0,0,0,0,0,0,0,0,0,0,0,0,0,0,0,0,0,0,0,0,0,0,0,0,0,0,0,0,0,0,0,0
IKPB:bin_000348,0,0,0,0,0,0,0,0,0,0,0,0,0,0,0,0,0,0,0,0,0,0,0,0,0,0,0,0,0,0,0,0,0,0,0,0,0,0,0,0,0,0,0,0,0,0,0,0,0,0,0,0,0,0,0,0,0,0,0,0,0,0,0,0,0,0,0,0,0,0,0,0,0,0,0,0,0,0,0,0,0,0,0,0
IKPB:bin_000349,0,0,0,0,0,0,0,0,0,0,0,0,0,0,0,0,0,0,0,0,0,0,0,0,0,0,0,0,0,0,0,0,0,0,0,0,0,0,0,0,0,0,0,0,0,0,0,0,0,0,0,0,0,0,0,0,0,0,0,0,0,0,0,0,0,0,0,0,0,0,0,0,0,0,0,0,0,0,0,0,0,0,0,0
IKPB:bin_000350,0,0,0,0,0,0,0,0,0,2.589,0,0,0,0,0,0,0,0,0,0,0,0,0,3.898,0,0,0,0,0,0,0,0,0,0,0,0,0,0,0,0,0,0,0,0,0,0,0,0,0,0,0,0,0,0,0,0,0,0,0,0,0,0,0,0,0,0,0,0,0,0,0,0,0,0,0,0,0,0,0,0,0,0,0,0
IKPB:bin_000351,0,0,0,0,0,0,0,0,0,0,0,0,0,0,0,0,0,0,0,0,0,0,0,0,0,0,0,2.52,0,0,0,0,0,0,0,0,0,0,0,0,2.051,0,0,0,0,0,0,5.84,0,0,0,0,0,0,0,0,0,0,5.086,0,0,0,0,0,0,0,0,0,5.865,0,0,0,0,0,0,0,0,0,0,0,0,0,0,0
IKPB:bin_000352,0,0,0,0,0,0,0,0,0,0,0,0,0,0,0,0,0,0,0,0,0,0,0,0,0,0,0,0,0,0,0,0,0,0,0,0,0,0,0,0,0,0,0,0,0,0,0,0,0,0,0,0,0,0,0,0,0,0,0,0,0,0,0,0,0,0,0,0,0,0,0,0,0,0,0,0,0,0,0,0,0,0,0,0
IKPB:bin_000353,0,0,0,0,0,0,0,0,0,0,0,0,0,0,0,0,0,0,0,0,0,0,0,0,0,0,0,0,0,0,0,0,0,0,1.368,0,0,0,0,0,0,0,0,0,0,0,0,0,0,0,0,0,0,0,0,0,0,0,0,0,0,0,0,0,0,0,0,0,0,0,0,0,0,0,0,0,0,0,0,0,0,0,0,0
IKPB:bin_000354,0,0,0,0,0,0,0,0,0,0,0,0,0,0,0,0,0,0,0,0,0,0,0,0,0,0,0,0,0,0,0,0,0,0,0,0,0,0,0,0,0,0,0,0,0,0,0,0,0,0,0,0,0,0,0,0,0,0,0,0,0,0,0,0,0,0,0,0,0,0,0,0,0,0,0,0,0,0,0,0,0,0,0,0
IKPB:bin_000356,8.85,4.632,18.403,3.096,4.294,0,0,0,1.378,8.294,8.375,0,1.808,11.583,0,2.052,9.337,14.077,1.979,0,3.95,0,0.92,0,0,2.081,0,5.16,5.006,0,4.111,0,3.265,0,11.37,2.008,0,2.634,0,0,0,1.593,4.281,0,18.993,0,0,24.85,4.813,3.876,4.161,3.185,8.047,0,6.951,1.586,0,2.334,2.361,18.116,6.101,0,1.717,4.397,4.359,1.924,0,4.735,0,1.629,1.559,0,3.2,0,0,0,5.813,0,0,14.841,5.511,3.224,2.297,0
IKPB:bin_000357,0,0,0,0,0,0,0,0,0,0,0,0,0,0,0,0,0,0,0,0,0,0,0,0,0,0,0,0,0,0,0,0,0,0,0,0,0,0,0,0,0,0,0,0,0,0,0,0,0,0,0,0,0,0,0,0,0,0,0,0,0,0,0,0,0,0,0,0,0,0,0,0,0,0,0,0,0,0,0,0,0,0,0,0
IKPB:bin_000359,0,0,0,0,0,0,0,0,0,0,0,0,0,0,0,0,0,0,0,0,0,0,0,0,0,0,0,0,0,0,0,0,0,0,0,0,0,0,0,0,0,0,0,0,0,0,0,0,0,0,0,0,0,0,0,0,0,0,0,0,0,0,0,0,0,0,0,0,0,0,0,0,0,0,0,0,0,0,0,0,0,0,0,0
IKPB:bin_000360,0,1.763,0,0,0,0,0,0,0,0,0,0,0,0,0,0,0,0,0,0,0,0,0,0,0,0,0,1.569,0,0,0,0,0,0,0,0,0,0,0,0,0,0,0,0,0,0,0,0,0,0,0,0,0,0,0,0,0,0,0,0,0,0,0,0,2.191,0,0,0,0,0,0,0,0,0,0,0,0,0,0,0,0,0,0,0
IKPB:bin_000361,0,0,0,0,0,0,0,0,0,0,0,0,0,0,0,0,0,0,0,0,0,0,0,0,0,0,0,0,0,0,0,0,0,0,2.916,0,0,0,0,0,0,0,0,0,0,0,0,0,0,0,0,0,0,0,0,0,0,0,0,0,0,0,0,0,0,0,0,0,0,0,0,0,0,0,0,0,0,0,0,0,0,0,0,0
IKPB:bin_000362,1.338,2.379,4.565,0,0.998,1.212,0,0,0,2.773,2.344,1.951,0,8.937,0,1.136,3.423,4.979,1.255,0,1.862,0,0,0,0,0,0,2.697,0,0,2.285,0,0,0,3.145,0,0,2.706,0,0,0,0,2.332,0,4.317,0,0,6.915,0,3.038,1.439,9.442,2.58,0,2.38,1.174,0,5.095,0,3.188,2.873,0,0,1.071,5.716,0,0.919,4.664,0,0,0,0,5.087,0,0,0,2.269,0,0,4.346,0,2.324,0.942,0
IKPB:bin_000363,0,0,0,0,0,0,0,0,0,0,0,0,0,0,0,0,0,0,0,0,0,0,0,0,0,0,0,0,0,0,0,0,0,0,0,0,0,0,0,0,0,0,0,0,0,0,0,0,0,0,0,0,0,0,0,0,0,0,0,0,0,0,0,0,0,0,0,0,0,0,0,0,0,0,0,0,0,0,0,0,0,0,0,0
IKPB:bin_000364,0,0,0,0,0,0,0,0,0,0,0,0,0,0,0,0,0,0,0,0,0,0,0,0,0,0,0,0,0,0,0,0,0,0,0,0,0,0,0,0,0,0,0,0,0,0,0,0,0,0,0,0,0,0,0,0,0,0,0,0,0,0,0,0,0,0,0,0,0,0,0,0,0,0,0,0,0,0,0,0,0,0,0,0
IKPB:bin_000365,0,0,0,0,0,0,0,0,0,0,0,0,0,0,0,0,0,0,0,0,0,0,0,0,0,0,0,0,0,0,0,0,0,0,0,0,0,0,0,0,0,0,0,0,0,0,0,0,0,0,0,0,0,0,0,0,0,0,0,0,0,0,0,0,0,0,0,0,0,0,0,0,0,0,0,0,0,0,0,0,0,0,0,0
IKPB:bin_000367,0,0,0,0,0,0,0,0,0,0,0,0,0,0,0,0,0,0,0,0,0,0,0,0,0,0,0,0,0,0,0,0,0,0,0,0,0,0,0,0,0,0,0,0,0,0,0,0,0,0,0,0,0,0,0,0,0,0,0,0,0,0,0,0,0,0,0,0,0,0,0,0,0,0,0,0,0,0,0,0,0,0,0,0
IKPB:bin_000376,1.271,0,3.084,0,0,0,0,0,0,0,0,0,0,2.655,0,0,0,1.738,0,0,0,0,0,0,0,0,0,0,0,0,0,0,0,0,0,0,0,0,0,0,0,0,0,0,0,0,0,2.708,0,0,0,0,0,0,1.654,0,0,2.016,0,0,0,0,0,0,2.762,0,0,2.065,0,0,0,0,0,0,0,0,1.666,0,0,0,0,0,0,0
IKPB:bin_000377,0,0,0,0,0,0,0,0,0,0,0,0,0,0,0,0,0,0,0,0,0,0,0,0,0,0,0,0,0,0,0,0,0,0,0,0,0,0,0,0,0,0,0,0,0,0,0,0,0,0,0,0,0,0,0,0,0,0,0,0,0,0,0,0,0,0,0,0,0,0,0,0,0,0,0,0,0,0,0,0,0,0,0,0
IKPB:bin_000378,0,0,0,0,0,0,0,0,0,0,0,0,0,0,0,0,0,0,0,0,0,0,0,0,0,0,0,0,0,0,0,0,0,0,0,0,0,0,0,0,0,0,0,0,0,0,0,0,0,0,0,0,0,0,0,0,0,0,0,0,0,0,0,0,0,0,0,0,0,0,0,0,0,0,0,0,0,0,0,0,0,0,0,0
IKPB:bin_000379,0,0,0,0,0,0,0,0,0,0,0,0,0,0,0,0,0,0,0,0,0,0,0,0,0,0,0,0,0,0,0,0,0,0,1.988,0,0,0,0,0,0,0,0,0,2.962,0,0,2.395,0,0,0,0,0,0,0,0,0,0,0,0,0,0,0,0,0,0,0,0,0,0,0,0,0,0,0,0,0,0,0,2.128,0,0,0,0
IKPB:bin_000380,0,0,0,0,0,0,0,0,0,0,0,0,0,0,0,0,0,0,0,0,0,0,0,0,0,0,0,0,0,0,0,0,0,0,0,0,0,0,0,0,0,0,0,0,0,0,0,0,0,0,0,0,0,0,0,0,0,0,0,0,0,0,0,0,0,0,0,0,0,0,0,0,0,0,0,0,0,0,0,0,0,0,0,0
IKPB:bin_000381,0,0,0,0,0,0,0,0,0,0,0,0,0,0,0,0,0,0,0,0,0,0,0,0,0,0,0,0,0,0,0,0,0,0,0,0,0,0,0,0,0,0,0,0,0,0,0,0,0,0,0,0,0,0,0,0,0,0,0,0,0,0,0,0,0,0,0,0,0,0,0,0,0,0,0,0,0,0,0,0,0,0,0,0
IKPB:bin_000386,0,0,0,0,0,0,0,0,0,0,0,0,0,2.801,0,0,0,0,0,0,0,0,0,0,0,0,0,0,0,0,0,0,0,0,0,0,0,0,0,0,0,0,0,0,0,0,0,0,0,0,0,0,0,0,0,0,0,1.802,2.026,0,0,0,0,0,0,0,0,0,0,0,0,0,0,0,0,0,0,0,0,0,0,0,0,0
IKPB:bin_000387,0,0,0,0,0,0,0,0,0,0,0,0,0,0,0,0,0,0,0,0,0,0,0,0,0,0,0,0,0,0,0,0,0,0,0,0,0,0,0,0,0,0,0,0,0,0,0,0,0,0,0,0,0,0,0,0,0,0,0,0,0,0,0,0,0,0,0,0,0,0,0,0,0,0,0,0,0,0,0,0,0,0,0,0
IKPB:bin_000391,0,0,0,0,0,0,0,0,0,0,0,0,0,0,0,0,0,0,0,0,0,0,0,0,0,0,0,0,0,0,0,0,0,0,0,0,0,0,0,0,0,0,0,0,0,0,0,0,0,0,0,0,0,0,0,0,0,0,0,0,0,0,0,0,0,0,0,0,0,0,0,0,0,0,0,0,0,0,0,0,0,0,0,0
IKPB:bin_000392,0,0,0,0,0,0,0,0,0,0,0,0,0,0,0,0,0,0,0,0,0,0,0,0,0,0,0,0,0,0,0,0,0,0,0,0,0,0,0,0,0,0,0,0,0,0,0,0,0,0,0,0,0,0,0,0,0,0,0,0,0,0,0,0,0,0,0,0,0,0,0,0,0,0,0,0,0,0,0,0,0,0,0,0
TI1:bin_000004,0,0,2.527,0,0,0,0,0,0,0,0,0,0,2.388,0,0,0,0,0,0,0,0,0,0,0,0,0,0,0,0,0,0,0,0,0,0,0,0,0,0,0,0,0,0,0,0,0,2.271,0,0,0,0,0,0,1.234,0,0,5.405,3.033,0,0,0,0,0,0,0,0,0,0,0,0,0,0,0,0,0,0,0,0,0,0,0,0,0
TI1:bin_000008,1.445,8.522,10.969,0,1.043,0,0,0,1.576,0,0,0,0,5.582,0,0,5.732,0,0,0,3.151,0,0,0,0,0,0,5.039,3.413,0,0,0,0,0,0.966,0,0,0,0,0,2.78,1.746,3.834,0,0,0,0,2.529,0,0,1.131,4.856,4.722,0,3.44,1.656,0,0,0,2.994,4.352,0,0,0,8.143,0,2.628,0,0,1.515,1.529,0,0,2.619,0,0,0,0,0,3.132,0,0,2.467,0
TI1:bin_000011,0,0,0,0,0,0,0,0,0,0,0,0,0,0,0,0,0,0,0,0,0,0,0,0,0,0,0,0,0,0,0,0,0,0,0,0,0,0,0,0,0,0,0,0,0,0,0,0,0,0,0,0,0,0,0,0,0,0,0,0,0,0,0,0,0,0,0,0,0,0,0,0,0,0,0,0,0,0,0,0,0,0,0,0
TI1:bin_000018,2.965,10.784,17.815,2.357,2.01,3.044,0,3.015,1.431,5.907,10.534,2.286,1.599,21.231,0.963,1.007,6.538,19.731,2.733,0,4.682,0,1.716,1.275,0,3.157,0,7.508,7.758,0,4.714,1.107,4.696,0,1.659,0.943,0,1.706,1.913,0.792,3.995,2.405,6.095,0.992,5.01,0,0.903,13.541,5.721,7.543,2.799,6.2,7.919,0,6.51,2.316,1.628,6.113,4.812,5.36,9.232,0,1.644,4.543,19.227,1.88,6.085,13.736,1.941,0,2.958,0,6.835,2.787,0,0,6.552,1.979,2.026,5.992,9.441,0,3.405,0
TI1:bin_000020,0,0,3.698,0,0,0,0,0,0,0,0,0,0,3.289,0,0,0,1.741,0,0,0.936,0,0,0,0,0,0,0,0,0,0,0,0,0,1.54,0,0,0,0,0,0,0,1.791,0,0,0,0,2.713,0,0,0,0,0,0,0.923,0,0,0,0,1.835,0,0,0,0,0,0,0,0,0,0,0,0,0,0,0,0,0,0,0,0,0,0,0,0
TI1:bin_000026,0,0,0,0,0,0,0,0,0,0,0,0,0,0,0,0,0,0,0,0,0,0,0,0,0,0,0,0,0,0,0,0,0,0,0,0,0,0,0,0,0,0,0,0,0,0,0,0,0,0,0,0,0,0,0,0,0,0,0,0,0,0,0,0,0,0,0,0,0,0,0,0,0,0,0,0,0,0,0,0,0,0,0,0
TI1:bin_000032,0,0,0,0,0,0,0,0,0,0,0,0,0,0,0,0,0,0,0,0,0,0,0,0,0,0,0,0,0,0,0,0,0,0,0,0,0,0,0,0,0,0,0,0,0,0,0,0,0,0,0,0,0,0,0,0,0,0,0,0,0,0,0,0,0,0,0,0,0,0,0,0,0,0,0,0,0,0,0,0,0,0,0,0
TI1:bin_000035,0,0,0,0,0,0,0,0,0,0,2.31,0,0,0,0,0,0,2.005,0,0,0,0,0,0,0,0,0,0,0,0,0,0,0,0,0,0,0,0,0,0,0,0,0,0,0,0,0,0,0,0,0,0,0,0,0,0,0,0,0,0,0,0,0,0,0,0,0,0,0,0,0,0,0,0,0,0,0,0,0,0,0,0,0,0
TI1:bin_000041,1.301,2.389,5.08,0,0,0,0,0,0,0,0,0,0.856,4.944,0,0,2.063,3.002,0,0,1.22,0,0,0,0,0,0,2.506,2.329,0,2.92,0,0,0,2.821,0,0,0,0,0,0,1.36,0,0,0,0,0,3.872,2.111,1.584,1.669,1.915,2.079,0,2.366,0,0,3.206,2.768,2.933,2.485,0,0,1.684,3.85,0,1.092,4.56,0,0,1.282,0,1.627,1.185,0,0,0,0,0,2.567,2.001,0,0.948,0
TI1:bin_000057,0,0,0,0,0,0,0,0,0,0,0,0,0,0,0,0,0,0,0,0,0,0,0,0,0,0,0,0,0,0,0,0,2.245,0,0,0,0,0,0,0,0,0,0,0,0,0,0,0,0,0,0,0,0,0,0,0,0,0,0,0,0,0,0,0,0,0,0,0,0,0,0,0,0,0,0,0,0,0,0,0,0,2.043,0,0
TI1:bin_000058,0,0,1.81,0,0,1.118,0,0,0,0,2.551,0,0,0,0,0,0,0,0,0,0,0,0,0,0,0,0,0,0,0,0,0,0,0,1.217,0,0,0,0,0,0,0,0,0,0,0,0,0,0,0,0,0,0,0,0,0,0,0,0,0,0,0,0,0,0,0,0,0,0,0,0,0,0,0,0,0,0,0,0,10.042,0,2.32,0,0
TI1:bin_000065,0,0,0,0,0,0,0,0,0,0,0,0,0,0,0,0,0,0,0,0,0,0,0,0,0,0,0,0,0,0,0,0,0,0,0,0,0,0,0,0,0,0,0,0,0,0,0,0,0,0,0,0,0,0,0,0,0,0,0,0,2.488,0,0,0,0,0,0,0,0,0,0,0,0,0,0,0,0,0,0,0,0,0,0,0
TI1:bin_000066,1.817,0,0,0,1.181,0,0,0,0,0,0,0,0,2.256,0,0,2.504,1.782,0,0,1.95,0,0,0,0,0,0,0,0,0,0,0,0,0,1.114,0,0,0,0,0,0,0,0,0,10.768,0,0,4.447,0,0,0,2.261,1.973,0,1.68,0,0,0,0,7.239,0,0,0,0,0,0,0,0,0,0.964,0,0,0,0,0,0,0,0,0,5.221,0,0,0,0
TI1:bin_000074,0,0,0,0,0,0,0,0,0,0,0,0,0,0,0,0,0,0,0,0,0,0,0,0,0,0,0,0,0,0,0,0,0,0,0,0,0,0,0,0,0,0,0,0,0,0,0,0,0,0,0,0,0,0,0,0,0,0,0,0,0,0,0,0,0,0,0,0,0,0,0,0,0,0,0,0,0,0,0,0,0,0,0,0
TI1:bin_000078,0,0,0,0,0,0,0,0,0,0,0,0,0,0,0,0,0,0,0,0,0,0,0,0,0,0,0,0,0,0,0,0,0,0,0,0,0,0,0,0,0,0,0,0,0,0,0,0,0,0,0,0,0,0,0,0,0,0,0,0,0,0,0,0,0,0,0,0,0,0,0,0,0,0,0,0,0,0,0,0,0,0,0,0
TI1:bin_000079,0,0,0,0,0,0,0,0,0,0,0,0,0,0,0,0,0,0,0,0,0,0,0,0,0,0,0,0,0,0,0,0,0,0,0,0,0,0,0,0,0,0,0,0,0,0,0,0,0,0,0,0,0,0,0,0,0,0,0,0,0,0,0,0,0,0,0,0,0,0,0,0,0,0,0,0,0,0,0,0,0,0,0,0
TI1:bin_000083,0,0,0,0,0,0,0,0,0,0,0,0,0,0,0,0,0,0,0,0,0,0,0,0,0,0,0,0,0,0,0,0,0,0,0,0,0,0,0,0,0,0,0,0,0,0,0,0,0,0,0,0,0,0,0,0,0,1.761,2.109,0,0,0,0,0,0,0,0,0,0,0,0,0,0,0,0,0,0,0,0,0,0,0,0,0
TI1:bin_000098,0,0,0,0,0,0,0,0,0,0,0,0,0,0,0,0,0,0,0,0,0,0,0,0,0,0,0,0,0,0,0,0,0,0,0,0,0,0,0,0,0,0,0,0,0,0,0,0,0,0,0,0,0,0,0,0,0,0,0,0,0,0,0,0,0,0,0,0,0,0,0,0,0,0,0,0,0,0,0,0,0,0,0,0
TI1:bin_000101,1.148,0,0,0,0,0,0,0,0,1.849,0,0,0,2.566,0,0,3.158,0,1.02,0,0,0,0,0,0,0,0,3.423,0,0,0,0,0,0,0,0,0,0,0,0,0,0,0,0,0,0,0,4.48,0,0,0,0,0,0,1.608,0,0,0,0,0,0,0,0,1.241,0,0,0,2.8,3.103,0,1.247,0,0,0.904,0,0,0,0,0,3.869,0,0,0,0
TI1:bin_000102,0,0,0,0,0,0,0,0,0,0,0,0,0,0,0,0,0,0,0,0,0,0,0,0,0,0,0,0,0,0,0,0,0,0,0,0,0,0,0,0,0,0,0,0,0,0,0,0,0,0,0,0,0,0,0,0,0,0,0,0,0,0,0,0,0,0,0,2.677,0,0,0,0,0,0,0,0,0,0,0,0,0,0,0,0
TI1:bin_000107,0,0,0,0,0,0,0,0,0,0,0,0,0,0,0,0,0,0,0,0,0,0,0,0,0,0,0,0,0,0,0,0,0,0,0,0,0,0,0,0,0,0,0,0,0,0,0,0,0,0,0,0,0,0,0,0,0,0,0,1.733,0,0,0,0,0,0,0,0,0,0,0,0,0,0,0,0,0,0,0,0,0,0,0,0
TI1:bin_000120,0,0,4.355,0,0,0,0,0,0,0,5.518,0,0.945,3.1,0,1.57,2.792,6.852,0,0,1.276,0,0,0,0,0,0,1.749,0,0,0,0,2.557,0,0,0,0,0,0,0,0,0,0,0,3.421,0,0,4.028,0,0,0,2.084,0,0,1.64,0,0,0,0,0,3.389,0,0.854,0.949,2.718,0,0,1.961,0,0,0,0,2.009,0,0,0,0,0,0,3.283,0,0,0,0
TI1:bin_000121,0,0,0,0,0,0,0,0,0,0,0,0,0,0,0,0,0,0,0,0,0,0,0,0,0,0,0,0,0,0,0,0,0,0,0,0,0,0,0,0,0,0,0,0,0,0,0,0,0,0,0,0,0,0,0,0,0,0,0,0,0,0,0,0,0,0,0,0,0,0,0,0,0,0,0,0,0,0,0,0,0,0,0,0
TI1:bin_000128,0,0,0,0,0,0,0,0,0,0,0,0,0,0,0,0,0,0,0,0,0,0,0,0,0,0,0,0,0,0,0,0,0,0,0,0,0,0,0,0,0,0,0,0,0,0,0,0,0,0,0,0,0,0,0,0,0,0,0,0,0,0,0,0,0,0,0,2.103,0,0,0,0,0,0,0,0,0,0,0,9.015,0,0,0,0
TI1:bin_000133,10.337,4.521,10.382,2.95,4.13,2.968,0,0,5.245,10.875,0,0,0,2.209,0,4.393,8.887,3.155,3.299,0,2.965,0,1.566,0,0,0,0,0,0,0,0,0,0,0,5.237,0,0,0,0,0,5.617,0,6.587,0,26.745,0,0,14.866,0,0,11.184,0,3.701,0,11.22,0,0,0,0,26.866,0,0,3.438,0,0,0,0,0,0,4.2,0,0,3.409,0,0,0,7.363,1.357,0,5.425,0,0,1.472,0
TI1:bin_000134,0,0,0,0,0,0,0,0,0,0,0,0,0,0,0,0,0,0,0,0,0,0,0,0,0,0,0,0,0,0,0,0,0,0,0,0,0,0,0,0,0,0,0,0,0,0,0,0,0,0,0,0,0,0,0,0,0,0,0,0,0,0,0,0,0,0,0,0,0,0,0,0,0,0,0,0,0,0,0,0,0,0,0,0
TI1:bin_000137,0,0,0,0,0,0,0,0,0,0,0,0,0,0,0,0,0,0,0,0,0,0,0,0,0,0,0,0,0,0,0,0,0,0,0,0,0,0,0,0,0,0,0,0,0,0,0,0,0,0,0,0,0,0,0,0,0,0,0,0,0,0,0,0,0,0,0,0,0,0,0,0,0,0,0,0,0,0,0,0,0,0,0,0
TI1:bin_000140,0,0,0,0,0,0,0,0,0,0,0,0,0,0,0,0,0,0,0,0,0,0,0,0,0,0,0,0,0,0,0,0,0,0,0,0,0,0,0,0,0,0,0,0,0,0,0,0,0,0,0,0,0,0,0,0,0,0,0,0,0,0,0,0,0,0,0,0,0,0,0,0,0,0,0,0,0,0,0,0,0,0,0,0
TI1:bin_000141,0,0,0,0,0,0,0,0,0,0,0,0,0,0,0,0,0,0,0,0,0,0,0,0,0,0,0,0,0,0,0,0,0,0,0,0,0,0,0,0,0,0,0,0,0,0,0,0,0,0,0,0,0,0,0,0,0,0,0,0,0,0,0,0,0,0,0,0,0,0,0,0,0,0,0,0,0,0,0,0,0,0,0,0
TI1:bin_000143,0,0,0,0,0,0,0,0,0,0,0,0,0,0,0,0,0,0,0,0,0,0,0,0,0,0,0,0,0,0,0,0,0,0,0,0,0,0,0,0,0,0,0,0,0,0,0,0,0,0,0,0,0,0,0,0,0,0,0,0,0,0,0,0,0,0,0,0,0,0,0,0,0,0,0,0,0,0,0,0,0,0,0,0
TI1:bin_000146,0,0,0,0,0,0,0,0,0,0,0,0,0,0,0,0,0,0,0,0,0,0,0,0,0,0,0,0,0,0,0,0,0,0,0,0,0,0,0,0,0,0,0,0,0,0,0,0,0,0,0,0,0,0,0,0,0,0,0,0,0,0,0,0,0,0,0,0,0,0,0,0,0,0,0,0,0,0,0,0,0,0,0,0
TI1:bin_000150,0,0,0,0,0,0,0,0,0,0,0,0,0,0,0,0,0,0,0,0,0,0,0,0,0,0,0,0,0,0,0,0,0,0,0,0,0,0,0,0,0,0,0,0,0,0,0,0,0,0,0,0,0,0,0,0,0,0,0,0,0,0,0,0,0,0,0,0,0,0,0,0,0,0,0,0,0,0,0,0,0,0,0,0
TI1:bin_000151,0,0,0,0,0,0,0,0,0,0,0,0,0,0,0,0,0,0,0,0,0,0,0,0,0,0,0,0,0,0,0,0,0,0,0,0,0,0,0,0,0,0,0,0,0,0,0,0,0,0,0,0,0,0,0,0,0,0,0,0,0,0,0,0,0,0,0,0,0,0,0,0,0,0,0,0,0,0,0,0,0,0,0,0
TI1:bin_000152,0,0,0,0,0,0,0,0,0,0,0,0,0,0,0,0,0,0,0,0,0,0,0,0,0,0,0,0,0,0,0,0,0,0,0,0,0,0,0,0,0,0,0,0,0,0,0,0,0,0,0,0,0,0,0,0,0,0,0,0,0,0,0,0,0,0,0,0,0,0,0,0,0,0,0,0,0,0,0,0,0,0,0,0
TI1:bin_000156,0,0,0,0,0,0,0,0,0,0,0,0,0,0,0,0,0,0,0,0,0,0,0,0,0,0,0,0,0,0,0,0,0,0,0,0,0,0,0,0,0,0,0,0,0,0,0,0,0,0,0,0,0,0,0,0,0,0,0,0,0,0,0,0,0,0,0,0,0,0,0,0,0,0,0,0,0,0,0,0,0,0,0,0
TI1:bin_000168,0,0,0,0,0,0,0,0,0,0,0,0,0,3.166,0,0,0,0,0,0,0,0,0,0,0,0,0,0,0,0,0,0,0,0,0.996,0,0,0,0,0,0,0,0,0,0,0,0,0,0,0,0,0,0,0,1.105,0,0,0,0,0,0,0,0,0,0,0,0,0,0,0,0,0,0,0,0,0,0,0,0,0,0,0,0,0
TI1:bin_000185,0,0,0,0,0,0,0,0,0,0,0,0,0,0,0,0,0,0,0,0,0,0,0,0,0,0,0,0,0,0,0,0,0,0,0,0,0,0,0,0,0,0,0,0,0,0,0,0,0,0,0,0,0,0,0,0,0,0,0,0,0,0,0,0,0,0,0,0,0,0,0,0,0,0,0,0,0,0,0,0,0,0,0,0
TI1:bin_000186,0,0,0,0,0,0,0,0,0,0,0,0,0,0,0,0,3.358,0,0,0,0,0,0,0,0,0,0,0,0,0,0,0,0,0,0,0,0,0,0,0,0,0,0,0,0,0,0,0,0,0,0,0,0,0,0,0,0,1.78,0,0,0,0,0,0,0,0,0,0,0,0,0,0,0,0,0,0,0,0,0,0,0,0,0,0
TI1:bin_000187,0,0,0,0,0,0,0,0,0,0,0,0,0,0,0,0,0,0,0,0,0,0,0,0,0,0,0,0,0,0,0,0,0,0,1.503,0,0,0,0,0,0,0,0,0,0,0,0,0,0,0,0,0,0,0,0,0,0,0,0,0,0,0,0,0,0,0,0,0,0,0,0,0,0,0,0,0,0,0,0,0,0,0,0,0
TI1:bin_000196,0,1.83,2.516,0,0,0,0,0,0,0,0,0,0,0,0,0,0,0,0,0,0,0,0,0,0,0,0,2.198,0,0,0,0,0,0,1.293,0,0,0,0,0,0,0,0,0,0,0,0,0,0,0,0,0,1.743,0,1.055,0,0,0,0,0,0,0,0,0,0,0,0,0,0,0,0,0,0,0,0,0,0,0,0,0,0,0,0,0
TI1:bin_000203,0,0,0,0,0,0,0,0,0,0,0,0,0,0,0,0,0,0,0,0,0,0,0,0,0,0,0,0,0,0,0,0,0,0,0,0,0,0,0,0,0,0,0,0,0,0,0,0,0,0,0,0,0,0,0,0,0,0,0,0,0,0,0,0,0,0,0,0,0,0,0,0,0,0,0,0,0,0,0,0,0,0,0,0
TI1:bin_000205,0,0,0,0,0,0,0,0,0,0,0,0,0,0,0,0,0,0,0,0,0,0,0,0,0,0,0,0,0,0,0,0,0,0,0,0,0,0,0,0,0,0,0,0,0,0,0,0,0,0,0,0,0,0,0,0,0,0,0,0,0,0,0,0,0,0,0,0,0,0,0,0,0,0,0,0,0,0,0,0,0,0,0,0
TI1:bin_000206,0,0,0,0,0,0,0,0,0,0,0,0,0,0,0,0,0,0,0,0,0,0,0,0,0,0,0,0,0,0,0,0,0,0,0,0,0,0,0,0,0,0,0,0,0,0,0,0,0,0,0,0,0,0,0,0,0,0,0,0,0,0,0,0,0,0,0,0,0,0,0,0,0,0,0,0,0,0,0,0,0,0,0,0
TI1:bin_000207,0,0,0,0,0,0,0,0,0,0,0,0,0,0,0,0,0,0,0,0,0,0,0,0,0,0,0,0,0,0,0,0,0,0,0,0,0,0,0,0,0,0,0,0,0,0,0,0,0,0,0,0,0,0,0,0,0,0,0,0,0,0,0,0,0,0,0,0,0,0,0,0,0,0,0,0,0,0,0,0,0,0,0,0
TI1:bin_000211,3.251,2.87,8.627,0,0,0,0,0,0,0,0,0,0,4.564,0,0,2.183,4.335,1.726,0,0,0,0,0,0,0,0,2.372,2.028,0,0,0,0,0,1.242,0,0,2.521,0,0,0,0.916,0,0,2.072,0,0,4.091,0,2.008,0,2.715,0,0,2.003,1.328,0,3.671,2.442,0,2.249,0,0,1.787,1.697,0,0,3.674,2.408,0,1.774,0,1.709,0.866,0,0,0,0,0,0,2.617,2.005,0,0
TI1:bin_000217,1.492,2.017,6.242,0,0,0,0,0,0,0,2.178,0,1.464,4.214,0,0,0,1.992,0.895,0,0,0,0,0,0,0,0,2.146,2.318,0,2.354,0,0,0,1.544,0,0,1.958,0,0,0,0,0,0,0,0,0,0,0,2.985,0,0,0,0,2.042,1.091,0,7.709,5.124,3.331,1.706,0,0,1.454,3.586,0,0,5.213,7.493,0,1.464,0,0,1.063,0,0,0,1.413,0,2.443,2.529,0,0,0
TI1:bin_000246,0,0,0,0,0,0,0,0,0,0,0,0,0,0,0,0,0,0,0,0,0,0,0,0,0,0,0,0,0,0,0,0,0,0,0,0,0,0,0,0,0,0,0,0,0,0,0,0,0,0,0,0,0,0,0,0,0,0,0,0,0,0,0,0,0,0,0,0,0,0,0,0,0,0,0,0,0,0,0,0,0,0,0,0
TI1:bin_000248,0,0,0,0,0,0,0,0,0,0,0,0,0,0,0,0,0,0,0,0,0,0,0,0,0,0,0,0,0,0,0,0,0,0,0,0,0,0,0,0,0,0,0,0,0,0,0,0,0,0,0,0,0,0,0,0,0,0,0,0,0,0,0,0,0,0,0,0,0,0,0,0,0,0,0,0,0,0,0,0,0,0,0,0
TI1:bin_000254,0,0,0,0,0,0,0,0,0,0,0,0,0,0,0,0,0,0,0,0,0,0,0,0,0,0,0,0,0,0,0,0,0,0,2.212,0,0,0,0,0,0,0,0,0,0,0,0,0,0,0,0,0,0,0,0,0,0,0,0,0,0,0,0,0,0,0,0,0,0,0,0,0,0,0,0,0,0,0,0,7.583,0,0,0,0
TI1:bin_000255,0,0,0,0,0,0,0,0,0,0,0,0,0,0,0,0,0,0,0,0,0,0,0,0,0,0,0,0,0,0,0,0,0,0,0,0,0,0,0,0,0,0,0,0,0,0,0,0,0,0,0,0,0,0,0,0,0,0,0,0,0,0,0,0,0,0,0,0,0,0,0,0,0,0,0,0,0,0,0,0,0,0,0,0
TI1:bin_000256,0,0,0,0,1.264,0,0,0,0,0,0,0,0,0,0,0,0,2.41,0,0,1.876,0,0,0,0,0,0,0,0,0,0,0,0,0,1.819,0,0,0,0,0,0,0,0,0,5.12,0,0,4.647,0,0,0,0,0,0,1.522,0,0,0,0,0,0,0,0,0,1.898,0,0,1.896,0,0,0,0,8.874,0,0,0,0,0,0,2.242,0,0,0,0
TI3:bin_000003,0,0,0,0,0,0,0,0,0,0,0,0,0,0,0,0,0,0,0,0,0,0,0,0,0,0,0,0,0,0,0,0,0,0,0,0,0,0,0,0,0,0,0,0,0,0,0,0,0,0,0,0,0,0,0,0,0,0,0,0,0,0,0,0,0,0,0,0,0,0,0,0,0,0,0,0,0,0,0,0,0,0,0,0
TI3:bin_000010,0,0,3.523,0,0,0,0,0,0,0,0,0,0,0,0,0,0,0,0,0,0,0,0,0,0,0,0,2.206,0,0,0,0,0,0,0,0,0,0,0,0,0,0,0,0,0,0,0,4.285,0,0,0,0,0,0,1.907,0,0,1.661,0,0,0,0,0,0,0,0,0.917,3.944,0,0,1.173,0,0,0.989,0,0,0,0,0,0,2.503,0,0,0
TI3:bin_000018,67.364,238.602,203.27,26.139,5.637,255.635,0,20.223,9.868,22.967,0,0,19.813,495.272,4.571,0,58.188,75.328,32.022,14.265,28.212,0,56.498,16.644,0,3.426,0,184.153,189.345,18.038,80.186,20.05,3.275,0,68.807,14.124,1.101,0,31.087,1.601,31.245,139.392,57.818,9.803,13.218,0,10.815,106.389,25.2,54.305,109.201,272.845,131.632,4.959,118.494,157.571,10.731,136.133,129.432,101.548,18.552,2.78,1.175,85.358,148.455,17.547,157.427,469.021,104.693,8.472,61.124,0,61.845,57.849,7.771,1.774,44.007,34.812,17.461,61.608,90.521,0,155.442,3.985
TI3:bin_000023,4.144,7.3,8.268,0,0,0,0,0,0,0,0,0,0,13.001,0,0,0,0,0,0,0,0,1.159,0,0,0,0,24.976,23.288,0,3.452,0,0,0,0,0,0,0,0,0,0,0,0,0,0,0,0,0,0,0,2.719,0,3.909,0,2.541,1.946,0,7.513,0,2.533,0,0,0,1.166,0,2.907,6.283,10.73,5.558,0,3.177,0,4.634,1.027,0,0,0,1.474,0,0,5.174,0,0,0
TI3:bin_000025,6.926,6.4,15.927,0,0,1.382,0,0,0,2.131,0,0,1.769,8.416,0,0,0,1.826,2.947,0,0.93,0,1.657,1.082,0,0,0,8.801,1.676,0,8.263,0,0,0,7.545,0,0,0,0,0,2.003,1.486,1.773,0,1.849,0,0.789,9.748,1.863,4.097,3.096,2.592,8.036,0,6.312,1.024,0,9.271,5.75,4.125,0,0,0,3.843,5.722,2.713,3.685,13.978,5.601,0,2.321,0,1.839,3.887,0,0,4.041,2.065,0.825,5.053,3.857,0,1.26,0
TI3:bin_000028,0,0,0,0,0,0,0,0,0,0,0,0,0,0,0,0,0,0,0,0,0,0,0,0,0,0,0,0,0,0,0,0,0,1.136,3.526,0,0,0,0,0,0,0,0,0,0,0,0,0,0,0,0,0,0,0,0,0,0,0,0,0,0,0,0,0,0,0,0,3.64,0,0,1.63,0,0,0,0,0,0,0,0,34.146,0,0,0,0
TI3:bin_000029,0,0,0,0,0,0,0,0,0,0,0,0,0,0,0,0,0,0,0,0,0,0,0,0,0,0,0,0,0,0,0,0,0,0,0,0,0,0,0,0,0,0,0,0,0,0,0,0,0,0,0,0,0,0,0,0,0,0,0,0,0,0,0,0,0,0,0,0,0,0,0,0,0,0,0,0,0,0,0,0,0,0,0,0
TI3:bin_000031,4.542,3.202,6.969,1.196,0,0,0,0,0,3.258,0,0,0,3.359,0,0,2.007,5.439,2.31,0,1.701,0,0,0,0,0,0,4.217,0,0,0,0,0,0,1.839,0,0,0,0,0,0,0,0,0,4.057,0,0,6.101,2.585,0,3.162,2.341,4.124,0,1.586,0,0,2.304,0,6.925,0,0,0,1.102,3.93,0,0,1.904,0,0,0.929,0,0,0,0,0,2.683,0,0,0,3.175,0,0,0
TI3:bin_000039,0,0,0,0,0,0,0,0,0,0,0,0,0,0,0,0,0,0,0,0,0,0,0,0,0,0,0,0,0,0,0,0,0,0,0,0,0,0,0,0,0,0,0,0,0,0,0,2.064,0,0,0,0,0,0,0,0,0,0,0,0,0,0,0,0,0,0,0,0,0,0,0,0,0,0,0,0,0,0,0,0,0,0,0,0
TI3:bin_000040,0,0,0,0,0,0,0,0,0,0,0,0,0,0,0,0,0,0,0,0,0,0,0,0,0,0,0,0,0,0,0,0,0,0,0,0,0,0,0,0,0,0,0,0,0,0,0,0,0,0,0,0,0,0,0,0,0,0,0,0,0,0,0,0,0,0,0,0,0,0,0,0,0,0,0,0,0,0,0,0,0,0,0,0
TI3:bin_000043,0,0,0,0,0,0,0,0,0,0,0,0,0,0,0,0,0,0,0,0,0,0,0,0,0,0,0,0,0,0,0,0,0,0,0,0,0,0,0,0,0,0,0,0,0,0,0,0,0,0,0,0,0,0,0,0,0,0,0,0,0,0,0,0,0,0,0,0,0,0,0,0,0,0,0,0,0,0,0,0,0,0,0,0
TI3:bin_000055,0,0,0,0,0,0,0,0,0,0,0,0,0,0,0,0,0,0,0,0,0,0,0,0,0,0,0,0,0,0,0,0,0,0,0,0,0,0,0,0,0,0,0,0,0,0,0,0,0,0,0,0,0,0,0,0,0,0,0,0,0,0,0,0,0,0,0,0,0,0,0,0,0,0,0,0,0,0,0,0,0,0,0,0
TI3:bin_000058,0,0,0,0,0,0,0,0,0,0,0,0,0,0,0,0,0,0,0,0,0,0,0,0,0,0,0,0,0,0,0,0,0,0,0,0,0,0,0,0,0,0,0,0,0,0,0,0,0,0,0,0,0,0,0,0,0,0,0,0,0,0,0,0,0,0,0,0,0,0,0,0,0,0,0,0,0,0,0,0,0,0,0,0
TI3:bin_000061,0,2.577,4.415,0,0,0,0,0,0,0,0,0,0,3.321,0,0,0,2.834,0,0,0,0,0,0,0,0,0,1.747,0,0,2.882,0,0,0,0,0,0,0,0,0,0,0,0,0,0,0,0,5.177,0,0,0,0,0,0,1.251,0,0,3.809,2.872,0,0,0,0,1.212,2.776,0,0.975,2.852,0,0,1.055,0,0,0,0,0,2.771,0,0,0,0,0,0,0
TI3:bin_000078,0,0,0,0,0,0,0,0,0,0,0,0,0,0,0,0,0,0,0,0,0,0,0,0,0,0,0,0,0,0,0,0,0,0,0,0,0,0,0,0,0,0,0,0,0,0,0,0,0,0,0,0,0,0,0,0,0,0,0,0,0,0,0,0,0,0,0,0,0,0,0,0,0,0,0,0,0,0,0,0,0,0,0,0
TI3:bin_000083,0,0,0,0,0,0,0,0,0,0,0,0,0,0,0,0,0,0,0,0,0,0,0,0,0,0,0,0,0,0,0,0,0,0,0,0,0,0,0,0,0,0,0,0,0,0,0,0,0,0,0,0,0,0,0,0,0,0,0,0,0,0,0,0,0,0,0,0,0,0,0,0,0,0,0,0,0,0,0,0,0,0,0,0
TI3:bin_000094,1.888,8.108,7.901,1.06,0.987,1.182,0,2.999,1.362,1.656,0,0,1.786,11.14,0,0,7.383,4.479,1.332,0,0,0,0,0,0,2.143,0,2.755,2.884,0,0,0,0,0,0,0,0,0,3.414,0,0,1.514,0,0,2.288,0,0,4.438,0,7.702,1.844,4.013,1.76,0,3.92,0,0,0,5.869,0,5.312,0,0,1.564,3.517,0,1.768,6.718,0,0,2.006,0,0,1.095,0,0,2.949,1.601,0,6.38,2.361,0,0.935,0
TI3:bin_000100,0,0,0,0,0,0,0,0,0,0,0,0,0,0,0,0,0,6.119,0,0,11.713,0,0,0,0,0,0,0,0,0,0,0,0,0,0,0,0,0,0,0,0,0,0,0,0,0,0,4.705,0,0,0,0,0,0,0,0,0,0,0,0,0,0,0,0,0,0,0,0,0,0,0,0,0,0,0,0,0,0,0,0,0,0,0,0
TI3:bin_000101,0,0,0,0,0,0,0,0,0,0,0,0,0,0,0,0,0,0,0,0,0,0,0,0,0,0,0,0,0,0,0,0,0,0,0,0,0,0,0,0,0,0,0,0,0,0,0,0,0,0,0,0,0,0,0,0,0,0,0,0,0,0,0,0,0,0,0,0,0,0,0,0,0,0,0,0,0,0,0,0,0,0,0,0
TI3:bin_000102,0,0,0,0,0,0,0,0,0,0,0,0,0,0,0,0,0,0,0,0,0,0,0,0,0,0,0,0,0,0,0,0,0,0,0,0,0,0,0,0,0,0,0,0,0,0,0,0,0,0,0,0,0,0,0,0,0,0,0,0,0,0,0,0,0,0,0,0,0,0,0,0,0,0,0,0,0,0,0,0,0,0,0,0
TI3:bin_000106,0,0,0,0,0,0,0,0,0,0,0,0,0,0,0,0,0,0,0,0,0,0,0,0,0,0,0,0,0,0,0,0,0,0,0,0,0,0,0,0,0,0,0,0,0,0,0,0,0,0,0,0,0,0,0,0,0,0,0,0,0,0,0,0,0,0,0,0,0,0,0,0,0,0,0,0,0,0,0,0,0,0,0,0
TI3:bin_000118,2.285,0,2.378,0,0,0,0,0,0,3.265,0,0,0,4.677,0,0,2.728,3.062,0.96,0,0,0,0,0,0,0,0,1.826,0,0,0,0,0,0,0,0,0,0,0,0,0,1.131,0,0,2.068,0,0,1.982,0,0,1.632,0,2.519,0,1.555,0,0,0,0,0,0,0,0,0.983,0,0,0,4.926,0,0,1.758,0,0,0,0,0,0,0,0,2.976,0,0,0,0
TI3:bin_000133,0,0,0,0,0,0,0,0,0,0,0,0,0,0,0,0,0,0,0,0,0,0,0,0,0,0,0,0,0,0,0,0,0,0,0,0,0,0,0,0,0,0,0,0,0,0,0,0,0,0,0,0,0,0,0,0,0,0,0,0,0,0,0,0,0,0,0,0,0,0,0,0,0,0,0,0,0,0,0,0,0,0,0,0
TI3:bin_000144,0,0,0,0,0,0,0,0,0,0,0,0,0,0,0,0,0,0,0,0,0,0,0,0,0,0,0,0,0,0,0,0,0,0,0,0,0,0,0,0,0,0,0,0,0,0,0,0,0,0,0,0,0,0,0,0,0,0,0,0,0,0,0,0,0,0,0,0,0,0,0,0,0,0,0,0,0,0,0,0,0,0,0,0
TI3:bin_000148,0,0,0,0,0,0,0,0,0,0,0,0,0,0,0,0,0,0,0,0,0,0,0,0,0,0,0,0,0,0,0,0,0,0,0,0,0,0,0,0,0,0,0,0,0,0,0,0,0,0,0,0,0,0,0,0,0,0,0,0,0,0,0,0,0,0,0,0,0,0,0,0,0,0,0,0,0,0,0,0,0,0,0,0
TI3:bin_000161,0,0,0,0,0,0,0,0,0,0,0,0,0,0,0,0,0,0,0,0,0,0,0,0,0,0,0,0,0,0,0,0,0,0,0,0,0,0,0,0,0,0,0,0,0,0,0,0,0,0,0,68.529,0,0,0,2.104,0,0,0,0,0,0,0,0,0,0,0,0,0,0,0,0,0,0,0,0,0,0,0,0,0,0,0,0
TI3:bin_000165,4.215,2.356,1.857,1.284,0.89,0,0,0,0,2.772,0,0,0,0,0,0,2.678,7.827,0,0,0,0,0,0,0,0,0,0,0,0,0,0,0,0,10.715,0,0,0,0,0,0,0,0,0,7.093,0,0,5.965,0,0,2.142,0,4.628,0,3.202,0.935,0,0,0,4.144,0,0,0,0,0,0.934,0,0,0,0,0,0,0,0,0,0,0,0,0,7.191,0,0,0,0
TI3:bin_000185,0,0,0,0,0,0,0,0,0,0,0,0,0,0,0,0,0,0,0,0,0,0,0,0,0,0,0,0,0,0,0,0,0,0,0,0,0,0,0,0,0,0,0,0,0,0,0,0,0,0,0,0,0,0,0,0,0,0,0,0,0,0,0,0,0,0,0,0,0,0,0,0,0,0,0,0,0,0,0,0,0,0,0,0
TI3:bin_000186,3.443,2.097,5.647,1.07,2.384,0,0,0,0,2.114,10.357,3.363,2.194,13.138,0,1.454,3.681,10.614,1.077,0,1.431,0,0,0,0,3.774,0,4.847,2.414,0,2.536,1.082,3.494,0,1.556,0,0,7.383,0,0.952,0,1.128,0,0,4.238,0,0,10.382,0,5.073,1.75,3.745,2.309,0,2.539,1.01,0,1.827,0,4.875,5.227,0,1.011,1.158,5.622,0,0,2.294,0,0,0.979,0,3.562,0,0,0,4.165,1.404,0,5.134,1.985,6.26,1.839,0
TI3:bin_000195,2.291,2.62,4.677,0,0,0,0,0,0,0,0,0,0,2.524,0,0,1.923,2.631,1.167,0,0,0,0,0,0,0,0,2.152,0,0,2.221,0,0,0,0,1.609,0,0,1.908,0,0,0,1.619,0,0,0,0,3.257,0,0,0,2.252,0,0,1.76,0,0,3.943,2.982,0,0,0,0,1.089,3.449,0,0.997,3.107,0,0,0.964,0,1.63,4.128,0,0,0,0,0.814,3.047,4.309,0,0,0
TI3:bin_000196,0,0,0,0,0,0,0,0,0,0,0,0,0,0,0,0,0,0,0,0,0,0,0,0,0,0,0,0,0,0,0,0,0,0,0,0,0,0,0,0,0,0,0,0,0,0,0,0,0,0,0,0,0,0,0,0,0,0,0,0,0,0,0,0,0,0,0,0,0,0,0,0,0,0,0,0,0,0,0,0,0,0,0,0
TI3:bin_000211,0,0,0,0,0,0,0,0,0,0,0,0,0,0,0,0,0,0,0,0,0,0,0,0,0,0,0,0,0,0,0,0,0,0,0,0,0,0,0,0,0,0,0,0,0,0,0,0,0,0,0,0,0,0,0,0,0,0,0,0,0,0,0,0,0,0,0,0,0,0,0,0,0,0,0,0,0,0,0,0,0,0,0,0
TI3:bin_000220,0,0,0,0,0,0,0,0,0,0,0,0,0,0,0,0,0,0,0,0,0,0,0,0,0,0,0,0,0,0,0,0,0,0,0,0,0,0,0,0,0,0,0,0,0,0,0,0,0,0,0,0,0,0,0,0,0,0,0,0,0,0,0,0,0,0,0,0,0,0,0,0,0,0,0,0,0,0,0,0,0,0,0,0
TI3:bin_000223,0,0,0,0,0,0,0,0,0,0,0,0,0,0,0,0,0,0,0,0,0,0,0,0,0,0,0,0,0,0,0,0,0,0,0,0,0,0,0,0,0,0,0,0,0,0,0,0,0,0,0,0,0,0,0,0,0,0,0,0,0,0,0,0,0,0,0,0,0,0,0,0,0,0,0,0,0,0,0,0,0,0,0,0
TI3:bin_000229,4.515,16.027,19.74,2.309,2.065,1.608,0,0,2.277,6.922,0,0,1.148,16.37,0,0.965,10.404,9.456,3.621,0.98,4.228,0,1.131,1.248,0,0,0,14.909,7.537,0,4.23,0,0,0,4.721,1.129,0,0,2.267,0,5.037,2.002,8.43,0,5.448,0,1.156,14.386,5.971,3.606,3.76,8.203,14.349,0,8.189,2.105,1.238,5.537,4.362,9.019,7.507,0,0,3.382,14.83,1.146,5.575,7.042,2.16,2.636,3.701,0,2.704,5.513,0,0,3.655,0,0,12.215,5.287,0,4.598,0
TI3:bin_000243,0,0,0,0,0,0,0,0,0,0,0,0,0,0,0,0,0,0,0,0,0,0,0,0,0,0,0,0,0,0,0,0,0,0,0,0,0,0,0,0,0,0,0,0,0,0,0,0,0,0,0,0,0,0,0,0,0,0,0,0,0,0,0,0,0,0,0,0,0,0,0,0,0,0,0,0,0,0,0,3.6,0,0,0,0
TI3:bin_000246,0,0,4.632,0,0,0,0,0,0,0,2.929,0,0,5.715,0,0,0,4.18,1.089,0,0,0,0,0,0,0,0,3.758,1.982,0,0,0,0,0,0,0,0,3.385,0,0,0,0,0,0,0,0,0,0,0,3.873,0,2.676,0,0,2.059,0,0,1.712,2.527,0,2.67,0,0,0,1.885,0,0,3.009,3.246,0,0.976,0,0,0,0,0,0,0,0,1.807,0,3.261,0,0
TI3:bin_000252,0,0,0,0,0,0,0,0,0,0,0,0,0,0,0,0,0,0,0,0,0,0,0,0,0,0,0,0,0,0,0,0,0,0,0,0,0,0,0,0,0,0,0,0,0,0,0,0,0,0,0,0,0,0,0,0,0,0,0,0,0,0,0,0,0,0,0,0,0,0,0,0,0,0,0,0,0,0,0,0,0,0,0,0
TI3:bin_000266,3.801,0,0,0,0,0,0,0,0,0,0,0,0,0,0,2.313,0,2.161,0,0,0,0,0,0,0,0,0,0,0,0,0,0,0,0,0,0,0,0,0,0,0,0,0,0,3.753,0,0,3.847,0,0,0,2.134,0,0,1.068,0,0,0,0,5.18,0,0,0,0,0,0,0,0,0,0,0,0,0,0,0,0,0,0,0,0,0,0,0,0
TI3:bin_000282,0,0,0,0,0,0,0,0,0,0,0,0,0,0,0,0,0,0,0,0,0,0,0,0,0,0,0,0,0,0,0,0,0,0,0,0,0,0,0,0,0,0,0,0,0,0,0,0,0,0,0,0,0,0,0,0,0,4.688,2.781,0,0,0,0,0,0,0,0,0,0,0,0,0,0,0,0,0,0,0,0,0,0,0,0,0
TK1:bin_000004,0,0,0,0,0,0,0,0,0,0,0,0,0,2.291,0,0,0,0,0,0,0,0,0,0,0,0,0,0,0,0,0,0,0,0,0,0,0,0,0,0,0,0,0,0,0,0,0,0,0,0,0,0,0,0,0,0,0,0,0,0,0,0,0,0,0,0,0,0,0,0,0,0,0,0,0,0,0,0,0,0,0,0,0,0
TK1:bin_000005,0,0,0,0,0,0,0,0,0,0,0,0,0,0,0,0,0,0,0,0,0,0,0,0,0,0,0,0,0,0,0,0,0,0,0,0,0,0,0,0,0,0,0,0,0,0,0,0,0,0,0,0,0,0,0,0,0,0,0,0,0,0,0,0,0,0,0,0,0,0,0,0,0,0,0,0,0,0,0,0,0,0,0,0
TK1:bin_000018,0,0,1.866,0,0,0,0,0,0,0,0,0,0,0,0,0,0,1.714,0,0,0,0,0,0,0,0,0,0,0,0,0,0,0,0,0,0,0,2.281,0,0,0,0,0,0,0,0,0,0,0,0,0,0,0,0,0,0,0,0,0,0,0,0,0,0,0,0,0,0,0,0,0,0,0,0,0,0,0,0,0,0,0,0,0,0
TK1:bin_000023,0,0,0,0,0,0,0,0,0,0,0,0,0,0,0,0,0,0,0,0,0,0,0,0,0,0,0,0,0,0,0,0,0,0,0,0,0,0,0,0,0,0,0,0,0,0,0,0,0,0,0,0,0,0,0,0,0,0,0,0,0,0,0,0,0,0,0,0,0,0,0,0,0,0,0,0,0,0,0,0,0,0,0,0
TK1:bin_000025,0,0,0,0,0,0,0,0,0,0,0,0,0,0,0,0,0,0,0,0,0,0,0,0,0,0,0,0,0,0,0,0,0,0,0,0,0,0,0,0,0,0,0,0,0,0,0,0,0,0,0,0,0,0,0,0,0,0,0,0,0,0,0,0,0,0,0,0,0,0,0,0,0,0,0,0,0,0,0,6.764,0,0,0,0
TK1:bin_000026,0,0,0,0,0,0,0,0,0,0,0,0,0,0,0,0,0,0,0,0,0,0,0,0,0,0,0,0,0,0,0,0,0,0,0,0,0,0,0,0,0,0,0,0,0,0,0,0,0,0,0,0,0,0,0,0,0,0,0,0,0,0,0,0,0,0,0,0,0,0,0,0,0,0,0,0,0,0,0,0,0,0,0,0
TK1:bin_000028,3.772,8.48,3.09,0,0.973,1.246,0,0,0,5.287,0,0,0,0,0,0,4.28,4.164,1.198,0,1.505,0,0,0,0,0,0,4.644,0,0,3.841,0,0,0,0,0,0,0,0,0,0,1.318,0,1.34,3.055,0,0,4.643,3.938,0,0,0,0,0,2.321,1.064,0,5.18,8.772,3.358,0,0,0,4.824,4.465,0,2.573,3.78,2.726,0,0,0,1.66,1.151,0,0,7.838,0,0.962,4.426,4.026,0,0.908,0
TK1:bin_000029,0,1.84,3.903,0,1.214,0,0,0,0,0,6.141,0,1.249,5.608,0,0,1.641,5.775,1.414,0,0,0,0,0,0,0,0,2.065,0,0,5.409,0,0,0,0,0,0,5.808,0,0,0,0,0,0,0,0,0,2.657,0,3.966,0,2.667,0,0,2.123,0.987,0,7.694,4.052,1.686,3.918,0,0,1.128,2.898,0,0,3.15,3.475,0,0,0,1.605,0,0,0,0,0,0,2.504,0,3.789,0,0
TK1:bin_000036,0,0,0,0,0,0,0,0,0,0,0,0,0,0,0,0,0,0,0,0,0,0,0,0,0,0,0,0,0,0,0,0,0,0,0,0,0,0,0,0,0,0,0,0,0,0,0,0,0,0,0,0,0,0,0,0,0,0,0,0,0,0,0,0,0,0,0,0,0,0,0,0,0,0,0,0,0,0,0,0,0,0,0,0
TK1:bin_000042,0,0,0,0,0,0,0,0,0,0,0,0,0,0,0,0,0,0,0,0,0,0,0,0,0,0,0,0,0,0,0,0,0,0,0,0,0,0,0,0,0,0,0,0,0,0,0,0,0,0,0,0,0,0,0,0,0,0,0,0,0,0,0,0,0,0,0,0,0,0,0,0,0,0,0,0,0,0,0,0,0,0,0,0
TK1:bin_000046,0,0,0,0,0,0,0,0,0,0,0,0,0,0,0,0,0,0,0,0,0,0,0,0,0,0,0,0,0,0,0,0,0,0,0,0,0,0,0,0,0,0,0,0,0,0,0,0,0,0,0,0,0,0,0,0,0,0,0,0,0,0,0,0,0,0,0,0,0,0,0,0,0,0,0,0,0,0,0,0,0,0,0,0
TK1:bin_000058,0,0,3.237,0,4.572,0.957,0,0,0,2.601,9.172,2.077,1.387,6.007,0,0,4.503,7.605,0,0,0,0,0,0.931,0,2.916,0,3.573,2.287,0,0,0,3.733,2.164,5.042,0,0,5.758,0,0.976,0,1.118,0,0,3.148,0,0,2.709,0,7.704,0,7.481,0,0,2.091,1.134,0,4.03,0,0,4.316,0,0,0,0,0,0.897,3.288,0,0,1.769,0,0,0,0,0,2.006,0,0,13.969,0,6.164,1.43,0
TK1:bin_000060,0,0,0,0,0,0,0,0,0,0,0,0,0,0,0,0,0,0,0,0,0,0,0,0,0,0,0,4.215,0,0,0,0,0,0,1.262,0,0,0,0,0,0,0,0,0,0,0,0,0,0,0,0,0,0,0,0,0,0,0,0,0,0,0,0,0,0,0,0,0,0,0,0,0,0,0,0,0,0,0,0,14.31,0,0,0,0
TK1:bin_000065,2.39,0,1.722,0,0,0,0,0,0,0,0,0,0,0,0,0.947,0,2.226,0,0,0,0,0,0,0,0,0,0,0,0,0,0,0,0,0,0,0,0,0,0,0,0,0,0,3.642,0,0,2.968,0,0,0,0,1.762,0,0,0,0,0,0,5.713,0,0,0,0,0,0,0,2.924,0,0,0,0,0,0,0,0,0,0,0,2.301,0,0,0,0
TK1:bin_000068,0,0,0,0,0,0,0,0,0,0,0,0,0,0,0,0,0,0,0,0,0,0,0,0,0,0,0,0,0,0,0,0,0,0,0,0,0,0,0,0,0,0,0,0,0,0,0,0,0,0,0,0,0,0,0,0,0,0,0,0,0,0,0,0,0,0,0,0,0,0,0,0,0,0,0,0,0,0,0,0,0,0,0,0
TK1:bin_000070,0,0,0,0,0,0,0,0,0,0,0,0,0,0,0,0,0,0,0,0,0,0,0,0,0,0,0,0,0,0,0,0,0,0,2.63,0,0,0,0,0,0,0,0,0,0,0,0,1.806,0,0,0,2.127,0,0,0,0,0,0,0,0,0,0,0,0,0,0,0,3.217,0,0,0,0,0,0,0,0,0,0,0,33.841,0,0,0,0
TK1:bin_000083,0,0,0,0,0,0,0,0,0,0,2.936,0,0,3.941,0,0,0,8.118,0,0,0.845,0,0,0,0,0,0,2.434,0,0,3.938,0,0,0,0,0,0,0,0,0,0,0,0,0,1.83,0,0,2.038,0,1.622,0,0,2.125,0,2.306,0,0,16.041,14.297,0,1.771,0,0,0,4.03,0,0.825,1.836,5.825,0,0,0,2.148,0,0,0,0,0,0,0,0,0,0,0
TK1:bin_000087,0,0,0,0,0,0,0,0,0,0,0,0,0,0,0,0,0,0,0,0,0,0,0,0,0,0,0,0,0,0,0,0,0,0,0,0,0,0,0,0,0,0,0,0,0,0,0,0,0,0,0,0,0,0,0,0,0,0,0,0,0,0,0,0,0,0,0,0,0,0,0,0,0,0,0,0,0,0,0,0,0,0,0,0
TK1:bin_000090,0,0,0,0,0,0,0,0,0,0,0,0,0,0,0,0,0,0,0,0,0,0,0,0,0,0,0,0,0,0,0,0,0,0,1.477,0,0,0,0,0,0,0,0,0,0,0,0,0,0,0,0,0,0,0,0,0,0,0,0,0,0,0,0,0,0,0,0,0,0,0,0,0,0,0,0,0,0,0,0,0,0,0,0,0
TK1:bin_000093,1.298,0,0,0,0,0,0,0,0,0,0,0,0,0,0,0,3.147,0,0,0,1.101,0,0,0,0,0,0,0,0,0,0,0,0,0,0,0,0,0,0,0,0,0,0,0,6.058,0,0,5.05,0,0,0,0,2.026,0,0,0,0,0,0,4.629,0,0,0,0,0,0,0,0,0,0,0,0,0,0,0,0,0,0,0,0,0,0,0,0
TK1:bin_000094,0,0,0,0,0,0,0,0,0,0,2.167,0,0,0,0,0,1.825,1.9,0,0,0,0,0,0,0,0,0,0,0,0,0,0,0,0,0,0,0,0,0,0,0,0,0,0,0,0,0,0,0,0,0,0,0,0,0,0,0,0,0,0,0,0,0,0,0,0,0,0,0,0,0,0,0,0,0,0,0,0,0,0,0,0,0,0
TK1:bin_000097,0,0,0,0,0,0,0,0,0,0,0,0,0,0,0,0,0,0,0,0,0,0,0,0,0,0,0,0,0,0,0,0,0,0,0,0,0,0,0,0,0,0,0,0,0,0,0,0,0,0,0,0,0,0,0,0,0,0,0,0,0,0,0,0,0,0,0,0,0,0,0,0,0,0,0,0,0,0,0,0,0,0,0,0
TK1:bin_000100,0,0,0,0,0,0,0,0,0,0,0,0,0,0,0,0,0,0,0,0,0,0,0,0,0,0,0,0,0,0,0,0,0,0,0,0,0,0,0,0,0,0,0,0,0,0,0,0,0,0,0,0,0,0,0,0,0,0,0,0,0,0,0,0,0,0,0,0,0,0,0,0,0,0,0,0,0,0,0,0,0,0,0,0
TK1:bin_000101,0,0,0,0,0,0,0,0,0,0,2.045,0,0,0,0,0,0,6.656,0,0,0,0,0,0,0,0,0,0,0,0,0,0,0,0,1.013,0,0,0,0,0,0,0,0,0,4.025,0,0,2.807,0,0,0,0,0,0,0,0,0,0,0,0,0,0,0,0,0,0,0,0,0,0,0,0,0,0,0,0,0,0,0,3.297,0,4.815,0,0
TK1:bin_000104,0,0,0,0,0,0,0,0,0,0,0,0,0,0,0,0,0,0,0,0,0,0,0,0,0,0,0,0,0,0,0,0,0,0,0,0,0,0,0,0,0,0,0,0,0,0,0,0,0,0,0,0,0,0,0,0,0,0,0,0,0,0,0,0,0,0,0,0,0,0,0,0,0,0,0,0,0,0,0,0,0,0,0,0
TK1:bin_000107,0,0,0,0,0,0,0,0,0,0,0,0,0,0,0,0,0,0,0,0,0,0,0,0,0,0,0,0,0,0,0,0,0,0,0,0,0,0,0,0,0,0,0,0,0,0,0,0,0,0,0,0,0,0,0,0,0,0,0,0,0,0,0,0,0,0,0,0,0,0,0,0,0,0,0,0,0,0,0,0,0,0,0,0
TK1:bin_000115,0,0,0,0,0,0,0,0,0,0,0,0,0,0,0,0,0,0,0,0,0,0,0,0,0,0,0,0,0,0,0,0,0,0,0,0,0,0,0,0,0,0,0,0,0,0,0,0,0,0,0,0,0,0,0,0,0,0,0,0,0,0,0,0,0,0,0,0,0,0,0,0,0,0,0,0,0,0,0,0,0,0,0,0
TK1:bin_000116,0,0,0,0,0,0,0,0,0,0,0,0,0,0,0,0,0,0,0,0,0,0,0,0,0,0,0,0,0,0,0,0,0,0,0,0,0,0,0,0,0,0,0,0,0,0,0,0,0,0,0,0,0,0,0,0,0,0,0,0,0,0,0,0,0,0,0,0,0,0,0,0,0,0,0,0,0,0,0,0,0,0,0,0
TK1:bin_000118,0,0,1.884,0,0,0,0,0,0,0,0,0,0,0,0,0,0,0,0,0,0,0,0,0,0,0,0,0,0,0,0,0,0,0,0,0,0,2.546,0,0,0,0,0,0,0,0,0,0,0,0,0,0,0,0,0,0,0,0,0,0,0,0,0,0,0,0,0,0,0,0,0,0,0,0,0,0,0,0,0,0,0,3.587,0,0
TK1:bin_000123,0,0,0,0,0,0,0,0,0,0,0,0,0,0,0,0,0,0,0,0,0,0,0,0,0,0,0,0,0,0,0,0,0,0,0,0,0,0,0,0,0,0,0,0,0,0,0,0,0,0,0,0,0,0,0,0,0,0,0,0,0,0,0,0,0,0,0,0,0,0,0,0,0,0,0,0,0,0,0,0,0,0,0,0
TK1:bin_000125,0,0,0,0,0,0,0,0,0,0,0,0,0,0,0,0,0,0,0,0,0,0,0,0,0,0,0,0,0,0,0,0,0,0,0,0,0,0,0,0,0,0,0,0,0,0,0,0,0,0,0,0,0,0,0,0,0,0,0,0,0,0,0,0,0,0,0,0,0,0,0,0,0,0,0,0,0,0,0,0,0,0,0,0
TK1:bin_000131,0,0,1.889,0,0,0,0,0,0,0,0,0,0,2.347,0,0,0,2.18,0,0,0,0,0,0,0,0,0,0,0,0,4.659,0,0,0,0,0,0,0,0,0,0,0,0,0,0,0,0,0,0,0,0,0,0,0,0,0,0,14.897,10.316,0,0,0,0,0,0,0,0,0,3.926,0,0,0,0,0,0,0,0,0,0,0,0,0,0,0
TK1:bin_000133,0,0,0,0,0,0,0,0,0,0,0,0,0,0,0,0,0,0,0,0,0,0,0,0,0,0,0,0,0,0,0,0,0,0,0,0,0,0,0,0,0,0,0,0,0,0,0,0,0,0,0,0,1.569,0,0,0,0,2.925,0,0,0,0,0,0,0,0,0,0,0,0,0,0,0,0,0,0,0,0,0,2.105,0,0,0,0
TK1:bin_000138,0,0,2.379,0,0,0,0,0,0,0,0,0,0,2.699,0,0,0,0,0,0,0,0,0,0,0,0,0,1.846,0,0,0,0,0,0,0,0,0,0,0,0,0,0,1.753,0,0,0,0,3.219,0,0,0,0,0,0,1.433,0,0,2.339,0,0,0,0,0,0,4.472,0,0,0,0,0,0,0,0,0,0,0,0,0,0,0,0,0,0,0
TK1:bin_000139,0,0,0,0,0,0,0,0,0,0,0,0,0,0,0,0,0,0,0,0,0,0,0,0,0,0,0,0,0,0,0,0,0,0,0,0,0,0,0,0,0,0,0,0,0,0,0,0,0,0,0,0,0,0,0,0,0,0,0,1.834,0,0,0,0,0,0,0,0,0,0,0,0,0,0,0,0,0,0,0,0,0,0,0,0
TK1:bin_000145,0,0,0,0,0,0,0,0,0,0,0,0,0,0,0,0,0,0,0,0,0,0,0,0,0,0,0,0,0,0,0,0,0,0,0,0,0,0,0,0,0,0,0,0,0,0,0,0,0,0,0,0,0,0,0,0,0,0,0,0,0,0,0,0,0,0,0,0,0,0,0,0,0,0,0,0,0,0,0,0,0,0,0,0
TK1:bin_000149,0,0,0,0,0,0,0,0,0,0,0,0,0,0,0,0,0,0,0,0,0,0,0,0,0,0,0,0,0,0,0,0,0,0,0,0,0,0,0,0,0,0,0,0,0,0,0,0,0,0,0,0,0,0,0,0,0,0,0,0,0,0,0,0,0,0,0,0,0,0,0,0,0,0,0,0,0,0,0,0,0,0,0,0
TK1:bin_000151,0,0,0,0,0,0,0,0,0,0,0,0,0,0,0,0,0,0,0,0,0,0,0,0,0,0,0,0,0,0,0,0,0,0,0,0,0,0,0,0,0,0,0,0,0,0,0,0,0,0,0,0,0,0,0,0,0,0,0,0,0,0,0,0,0,0,0,0,0,0,0,0,0,0,0,0,0,0,0,0,0,0,0,0
TK1:bin_000153,0,0,0,0,0,0,0,0,0,0,0,0,0,0,0,0,0,0,0,0,0,0,0,0,0,0,0,0,0,0,0,0,0,0,0,0,0,0,0,0,0,0,0,0,0,0,0,0,0,0,0,0,0,0,0,0,0,0,0,0,0,0,0,0,0,0,0,0,0,0,0,0,0,0,0,0,0,0,0,0,0,0,0,0
TK1:bin_000156,0,0,2.562,0,0,0,0,0,0,0,0,0,0,0,0,0,0,0,0,0,0,0,0,0,0,0,0,0,0,0,0,0,0,0,0.93,0,0,0,0,0,0,0,0,0,0,0,0,0,0,0,0,0,0,0,0,0,0,0,0,0,0,0,0,0,0,0,0,0,0,0,0,0,0,0.862,0,0,0,0,0,0,0,0,0,0
TK1:bin_000158,0,0,0,0,0,0,0,0,0,0,0,0,0,0,0,0,0,0,0,0,0,0,0,0,0,0,0,0,0,0,0,0,0,0,0,0,0,0,0,0,0,0,0,0,0,0,0,0,0,0,0,0,0,0,0,0,0,0,0,0,0,0,0,0,0,0,0,0,0,0,0,0,0,0,0,0,0,0,0,0,0,0,0,0
TK1:bin_000164,1.365,5.87,5.489,0,0,0,0,0,1.19,1.911,0,0,0,3.983,0,0,3.069,0,0,0,1.1,0,0,0,0,0,0,2.899,2.794,0,0,0,0,0,0.912,0,0,0,0,0,0,0,0,0,0,0,0,3.689,0,0,0,3.151,2.043,0,2.596,0,0,1.731,0,2.93,2.434,0,0,0,6.259,0,2.784,0,0,1.057,0,0,0,3.185,0,0,0,0,0,4.476,2.497,0,1.061,0
TK1:bin_000166,3.549,5.555,10.572,1.802,0,1.91,0,2.032,0,3.643,0,0,0.989,7.447,0,0,8.033,4.399,2.214,0,1.534,0,1.193,0,0,0,0,7.383,5.454,0,3.814,0,0,0,3.668,1.659,0,0,0,0,4.964,1.817,3.784,0,0,0,1.072,13.173,2.026,2.382,1.561,4.889,4.868,0,5.254,0,1.02,11.511,9.743,7.078,0,0,0,1.654,10.228,0,2.479,11.47,4.055,0,3.3,0,2.288,4.86,0,0,1.79,0,1.902,5.26,5.855,0,2.214,0
TK1:bin_000167,0,0,0,0,0,0,0,0,0,0,0,0,0,0,0,0,0,0,0,0,0,0,0,0,0,0,0,0,0,0,0,0,0,0,0,0,0,0,0,0,0,0,0,0,0,0,0,0,0,0,0,0,0,0,0,0,0,0,0,0,0,0,0,0,0,0,0,0,0,0,0,0,0,0,0,0,0,0,0,0,0,0,0,0
TK1:bin_000175,0,0,0,0,0,0,0,0,0,0,0,0,0,0,0,0,0,0,0,0,0,0,0,0,0,0,0,0,0,0,0,0,0,0,0,0,0,0,0,0,0,0,0,0,0,0,0,0,0,0,0,0,0,0,0,0,0,0,0,0,0,0,0,0,0,0,0,0,0,0,0,0,0,0,0,0,0,0,0,0,0,0,0,0
TK1:bin_000178,0,0,0,0,0,0,0,0,0,0,0,0,0,0,0,0,0,0,0,0,0,0,0,0,0,0,0,0,0,0,0,0,0,0,0,0,0,0,0,0,0,0,0,0,0,0,0,0,0,0,0,0,0,0,0,0,0,0,0,0,0,0,0,0,0,0,0,0,0,0,0,0,0,0,0,0,0,0,0,0,0,0,0,0
TK1:bin_000182,0,0,0,0,0,0,0,0,0,0,0,0,0,0,0,0,0,0,0,0,0,0,0,0,0,0,0,0,0,0,0,0,0,0,0,0,0,0,0,0,0,0,0,0,0,0,0,0,0,0,0,0,0,0,0,0,0,0,0,0,0,0,0,0,0,0,0,0,0,0,0,0,0,0,0,0,0,0,0,0,0,0,0,0
TK1:bin_000184,0,0,0,0,0,0,0,0,0,0,0,0,0,0,0,0,0,0,0,0,0,0,0,0,0,0,0,0,0,0,0,0,0,0,0,0,0,0,0,0,0,0,0,0,0,0,0,0,0,0,0,0,0,0,0,0,0,0,0,0,0,0,0,0,0,0,0,0,0,0,0,0,0,0,0,0,0,0,0,0,0,0,0,0
TK1:bin_000185,0,0,0,0,0,0,0,0,0,0,0,0,0,0,0,0,0,3.172,0,0,0,0,0,0,0,0,0,0,0,0,0,0,0,0,0,0,0,0,0,0,0,0,0,0,0,0,0,0,0,0,0,0,0,0,0,0,0,0,2.399,0,0,0,0,0,0,0,0,0,0,0,0,0,0,0,0,0,0,0,0,0,0,0,0,0
TK1:bin_000187,0,0,0,0,0,0,0,0,0,0,0,0,0,0,0,0,0,0,0,0,0,0,0,0,0,0,0,0,0,0,0,0,0,0,0,0,0,0,0,0,0,0,0,0,0,0,0,0,0,0,0,0,0,0,0,0,0,0,0,0,0,0,0,0,0,0,0,0,0,0,0,0,0,0,0,0,0,0,0,0,0,0,0,0
TK1:bin_000193,1.614,0,3.555,0,2.385,0,0,0,0,2.02,8.285,2.611,1.097,6.113,0,1.941,3.62,12.842,0,0,0,1.46,0,0,0,3.374,0,4.257,0,0,2.316,0,2.467,0,1.506,0,0,5.629,0,0,0,0.944,0,0,4.571,0,0,8.326,0,3.62,1.949,3.602,2.564,0,2.094,0,0,0,0,0,5.838,0,0,1.318,3.664,0,0,2.04,0,0,0,0,3.079,0,0,0,4.309,0,0,4.257,0,3.865,1.076,0
TK1:bin_000199,0,0,0,0,0,0,0,0,0,0,0,0,0,0,0,0,0,0,0,0,0,0,0,0,0,0,0,0,0,0,0,0,0,0,0,0,0,0,0,0,0,0,0,0,0,0,0,0,0,0,0,0,0,0,0,0,0,0,0,0,0,0,0,0,0,0,0,0,0,0,0,0,0,0,0,0,0,0,0,0,0,0,0,0
TK1:bin_000202,0,0,0,0,0,0,0,0,0,0,0,0,0,0,0,0,0,0,0,0,0,0,0,0,0,0,0,0,0,0,0,0,0,0,0,0,0,0,0,0,0,0,0,0,0,0,0,0,0,0,0,0,0,0,0,0,0,0,0,0,0,0,0,0,0,0,0,0,0,0,0,0,0,0,0,0,0,0,0,0,0,0,0,0
TK1:bin_000203,0,0,0,0,0,0,0,0,0,0,0,0,0,0,0,0,0,0,0,0,0,0,0,0,0,0,0,0,0,0,0,0,0,0,0,0,0,0,0,0,0,0,0,0,0,0,0,0,0,0,0,0,0,0,0,0,0,0,0,0,2.322,0,0,0,0,0,0,0,0,0,0,0,0,0,0,0,0,0,0,0,0,0,0,0
TK1:bin_000206,0,0,0,0,0,0,0,0,0,0,0,0,0,0,0,0,0,0,0,0,0,0,0,0,0,0,0,0,0,0,0,0,0,0,0,0,0,0,0,0,0,0,0,0,0,0,0,0,0,0,0,0,0,0,0,0,0,0,0,0,0,0,0,0,0,0,0,0,0,0,0,0,0,0,0,0,0,0,0,0,0,0,0,0
TK1:bin_000211,0,0,0,0,0,0,0,0,0,0,0,0,0,0,0,0,0,0,0,0,0,0,0,0,0,0,0,0,0,0,0,0,0,0,0,0,0,0,0,0,0,0,0,0,0,0,0,0,0,0,0,0,0,0,0,0,0,0,0,0,0,0,0,0,0,0,0,0,0,0,0,0,0,0,0,0,0,0,0,0,0,0,0,0
TK1:bin_000215,0,0,0,0,0,0,0,0,0,0,0,0,0,0,0,0,0,0,0,0,0,0,0,0,0,0,0,0,0,0,0,0,0,0,0,0,0,0,0,0,0,0,0,0,0,0,0,0,0,0,0,0,0,0,0,0,0,0,0,0,0,0,0,0,0,0,0,0,0,0,0,0,0,0,0,0,0,0,0,0,0,0,0,0
TK1:bin_000224,0,0,1.817,0,0,0,0,0,0,0,0,0,0,3.132,0,0,0,0,0,0,0,0,0,0,0,0,0,0,0,0,0,0,0,0,0,0,0,0,0,0,0,0,0,0,0,0,0,0,0,0,0,0,0,0,0,0,0,2.233,1.932,0,0,0,0,0,0,0,0,0,0,0,0,0,0,0,0,0,0,0,0,0,0,0,0,0
TK1:bin_000254,0,0,0,0,0,0,0,0,0,0,2.204,0,0,2.516,0,0,0,2.578,0,0,0,0,0,0,0,0,0,0,0,0,0,0,2.031,0,0,0,0,0,0,0,0,0,0,0,0,0,0,0,0,2.211,0,0,0,0,0,0,0,0,0,0,0,0,0,0,0,0,0,0,0,0,0,0,0,0,0,0,0,0,0,0,0,0,0,0
TK1:bin_000262,0,0,0,0,0,0,0,0,0,0,0,0,0,0,0,0,0,0,0,0,0,0,0,0,0,0,0,0,0,0,0,0,0,0,0,0,0,0,0,0,0,0,0,0,0,0,0,0,0,0,0,0,0,0,0,0,0,0,0,0,0,0,0,0,0,0,0,0,0,0,0,0,0,0,0,0,0,0,0,0,0,0,0,0
TK1:bin_000264,0,0,0,0,0,0,0,0,0,0,0,0,0,0,0,0,0,0,0,0,0,0,0,0,0,0,0,0,0,0,0,0,0,0,0,0,0,0,0,0,0,0,0,0,0,0,0,0,0,0,0,0,0,0,0,0,0,0,0,0,0,0,0,0,0,0,0,0,0,0,0,0,0,0,0,0,0,0,0,0,0,0,0,0
TK1:bin_000265,0,0,2.529,0,0,0,0,0,0,0,0,0,0,3.214,0,0,1.772,0,0,0,0,0,0,0,0,0,0,2.004,0,0,0,0,0,0,5.088,0,0,0,0,0,0,0,0,0,0,0,0,0,0,1.57,0,3.077,0,0,1.495,0,0,0,0,0,1.882,0,0,0,2.537,0,0,0,0,0,0,0,0,0,0,0,1.99,0,0,2.679,0,0,0,0
TK1:bin_000267,0,0,0,0,0,0,0,0,0,0,0,0,0,0,0,0,0,0,0,0,0,0,0,0,0,0,0,0,0,0,0,0,0,0,0,0,0,0,0,0,0,0,0,0,0,0,0,0,0,0,0,0,0,0,0,0,0,0,0,0,0,0,0,0,0,0,0,0,0,0,0,0,0,0,0,0,0,0,0,0,0,0,0,0
TK1:bin_000279,0,0,0,0,0,0,0,0,0,0,0,0,0,0,0,0,0,0,0,0,0,0,0,0,0,0,0,0,0,0,0,0,0,0,0,0,0,0,0,0,0,0,0,0,0,0,0,0,0,0,0,0,0,0,0,0,0,0,0,0,0,0,0,0,0,0,0,0,0,0,0,0,0,0,0,0,0,0,0,0,0,0,0,0
TK1:bin_000284,0,0,0,0,0,0,0,0,0,0,0,0,0,3.601,0,0,0,0,0,0,0,0,0,0,0,0,0,0,0,0,0,0,0,0,0,0,0,0,0,0,0,0,0,0,0,0,0,0,0,0,0,2.37,0,0,0,0,0,0,0,0,0,0,0,0,0,0,0,0,0,0,0,0,0,0,0,0,0,0,0,0,0,0,0,0
TK1:bin_000285,0,0,0,0,0,0,0,0,0,0,0,0,0,0,0,0,0,0,0,0,0,0,0,0,0,0,0,0,0,0,0,0,0,0,0,0,0,0,0,0,0,0,0,0,0,0,0,0,0,0,0,0,0,0,0,0,0,0,0,0,0,0,0,0,0,0,0,0,0,0,0,0,0,0,0,0,0,0,0,0,0,0,0,0
TK1:bin_000300,0,0,0,0,0,0,0,0,0,0,0,0,0,0,0,0,0,0,0,0,0,0,0,0,0,0,0,0,0,0,0,0,0,0,0,0,0,0,0,0,0,0,0,0,0,0,0,0,0,0,0,0,0,0,0,0,0,0,0,0,0,0,0,0,0,0,0,0,0,0,0,0,0,0,0,0,0,0,0,0,0,0,0,0
TK1:bin_000303,1.823,0,5.763,0,0,0,0,0,0,0,3.028,0,0,5.377,0,0,0,2.811,0.885,0,0,0,0,0,0,0,0,3.381,1.951,0,1.949,0,1.841,0,0,0,0,3.123,0,0,0,0,0,0,0,0,0,2.584,0,2.341,1.071,1.905,0,0,1.261,0,0,3.258,0,3.326,0,0,0,0,0,0,0,2.328,2.367,0,0,0,0,0,0,0,0,0,0,0,0,2.413,0,0
TK1:bin_000337,0,0,0,0,0,0,0,0,0,0,0,0,0,0,0,0,0,0,0,0,0,0,0,0,0,0,0,0,0,0,0,0,0,0,0,0,0,0,0,0,0,0,0,0,0,0,0,0,0,0,0,0,0,0,0,0,0,0,0,0,0,0,0,0,0,0,0,0,0,0,0,0,0,0,0,0,0,0,0,0,0,0,0,0
TK1:bin_000347,0,0,0,0,0,0,0,0,0,0,0,0,0,0,0,0,0,0,0,0,0,0,0,0,0,0,0,0,0,0,0,0,0,0,0,0,0,0,0,0,0,0,0,0,0,0,0,0,0,0,0,0,0,0,0,0,0,0,0,0,0,0,0,0,0,0,0,0,0,0,0,0,0,0,0,0,0,0,0,0,0,0,0,0
TK3:bin_000001,0,0,0,0,0,0,0,0,0,0,0,0,0,0,0,0,0,0,0,0,0,0,0,0,0,0,0,0,0,0,0,0,0,0,0,0,0,0,0,0,0,0,0,0,0,0,0,0,0,0,0,0,0,0,0,0,0,0,0,0,0,0,0,0,0,0,0,0,0,0,0,0,0,0,0,0,0,0,0,0,0,0,0,0
TK3:bin_000003,0,0,0,0,0,0,0,0,0,0,0,0,0,0,0,0,0,0,0,0,0,0,0,0,0,0,0,0,0,0,0,0,0,0,0,0,0,0,0,0,0,0,0,0,0,0,0,0,0,0,0,0,0,0,0,0,0,0,0,0,0,0,0,0,0,0,0,0,0,0,0,0,0,0,0,0,0,0,0,0,0,0,0,0
TK3:bin_000005,1.516,0,0,0,0,0,0,0,0,0,0,0,0,3.858,0,0,0,3.203,0,0,0,0,0,0,0,0,0,0,0,0,0,0,0,0,0,0,0,0,0,0,0,0,0,0,2.043,0,0,9.461,0,0,0,6.002,4.653,0,1.27,1.276,0,0,0,4.344,0,0,0,1.574,5.343,0,0,0,3.422,0,0.986,0,0,0,0,0,0,0,0,0,0,0,1.09,0
TK3:bin_000018,0,0,0,0,0,0,0,0,0,0,0,0,0,0,0,0,0,0,0,0,0,0,0,0,0,0,0,2.261,0,0,0,0,0,0,0,0,0,0,0,0,0,0,0,0,0,0,0,0,0,0,0,0,0,0,0,0,0,0,0,0,0,0,0,0,0,0,0,0,0,0,0,0,0,0,0,0,0,0,0,0,0,0,0,0
TK3:bin_000019,0,0,0,0,0,0,0,0,0,0,0,0,0,0,0,0,0,0,0,0,0,0,0,0,0,0,0,0,0,0,0,0,0,0,1.187,0,0,0,0,0,0,0,0,0,0,0,0,0,0,0,0,0,0,0,0,0,0,0,0,0,0,0,0,0,0,0,0,0,0,0,0,0,0,0,0,0,0,0,0,8.931,0,0,0,0
TK3:bin_000021,0,0,0,0,0,0,0,0,0,0,0,0,0,0,0,0,0,8.753,0,0,0,0,0,0,0,0,0,0,0,0,0,0,0,0,0,0,0,0,0,0,0,0,0,0,0,0,0,0,0,0,0.967,0,0,0,1.004,0,0,0,0,0,0,0,0,0,0,0,0,0,0,0,0,0,0,0,0,0,0,0,0,0,0,0,0,0
TK3:bin_000024,0,0,0,0,0,0,0,0,0,0,0,0,0,0,0,0,0,0,0,0,0,0,0,0,0,0,0,0,0,0,0,0,0,0,0,0,0,0,0,0,0,0,0,0,0,0,0,0,0,0,0,0,0,0,0,0,0,0,0,0,0,0,0,0,0,0,0,0,0,0,0,0,0,0,0,0,0,0,0,0,0,0,0,0
TK3:bin_000026,0,0,0,0,0,0,0,0,0,0,0,0,0,0,0,0,0,0,0,0,0,0,0,0,0,0,0,0,0,0,0,0,0,0,0,0,0,0,0,0,0,0,0,0,0,0,0,0,0,0,0,0,0,0,0,0,0,0,0,0,0,0,0,0,0,0,0,0,0,0,0,0,0,0,0,0,0,0,0,0,0,0,0,0
TK3:bin_000028,0,0,0,0,0,0,0,0,0,0,0,0,0,0,0,0,0,0,0,0,0,0,0,0,0,0,0,0,0,0,0,0,0,0,0,0,0,0,0,0,0,0,0,0,0,0,0,0,0,0,0,0,0,0,0,0,0,0,0,0,0,0,0,0,0,0,0,0,0,0,0,0,0,0,0,0,0,0,0,0,0,0,0,0
TK3:bin_000031,0,0,0,0,0,0,0,0,0,0,0,0,0,0,0,0,0,0,0,0,0,0,0,0,0,0,0,0,0,0,0,0,0,0,0,0,0,0,0,0,0,0,0,0,0,0,0,0,0,0,0,0,0,0,0,0,0,0,0,0,0,0,0,0,0,0,0,0,0,0,0,0,0,0,0,0,0,0,0,0,0,0,0,0
TK3:bin_000036,0,0,0,0,0,0,0,0,0,0,0,0,0,0,0,0,0,0,0,0,0,0,0,0,0,0,0,0,0,0,0,0,0,0,0,0,0,0,0,0,0,0,0,0,0,0,0,0,0,0,0,0,0,0,0,0,0,0,0,0,0,0,0,0,0,0,0,0,0,0,0,0,0,0,0,0,0,0,0,0,0,0,0,0
TK3:bin_000043,0,2.181,0,1.133,0,1.551,0,0,0,0,0,0,0,13.194,0,0,0,0,1.196,0,0,0,0,0,0,0,0,0,0,0,2.546,0,0,0,0,0,0,0,0,0,5.639,0,0,0,0,0,0,0,0,0,0,0,2.079,0,0,0.925,0,0,0,0,0,0,0,1.141,1.946,0,0,0,0,0,0,0,0,0,0,0,0,2.258,0,0,0,0,0,0
TK3:bin_000046,0,0,0,0,0,0,0,0,0,0,0,0,0,0,0,0,0,0,0,0,0,0,0,0,0,0,0,0,0,0,0,0,0,0,1.754,0,0,0,0,0,0,0,0,0,0,0,0,0,0,0,0,0,0,0,0,0,0,0,0,0,0,0,0,0,0,0,0,0,0,0,0,0,0,0,0,0,0,0,0,0,0,0,0,0
TK3:bin_000047,0,0,0,0,0,0,0,0,0,0,0,0,0,0,0,0,0,0,0,0,0,0,0,0,0,0,0,0,0,0,0,0,0,0,0,0,0,0,0,0,0,0,0,0,0,0,0,0,0,0,0,0,0,0,0,0,0,0,0,0,0,0,0,0,0,0,0,0,0,0,0,0,0,0,0,0,0,0,0,0,0,0,0,0
TK3:bin_000048,0,0,0,0,0,0,0,0,0,0,0,0,0,0,0,0,0,0,0,0,0,0,0,0,0,0,0,0,0,0,0,0,0,0,0,0,0,0,0,0,0,0,0,0,0,0,0,0,0,0,0,0,0,0,0,0,0,0,0,0,0,0,0,0,0,0,0,0,0,0,0,0,0,0,0,0,0,0,0,0,0,0,0,0
TK3:bin_000056,0,0,1.84,0,0,0,0,0,0,0,0,0,0,2.836,0,0,2.297,2.028,0,0,0,0,0,0,0,0,0,0,0,0,0,0,0,0,0,0,0,0,0,0,0,0,0,0,0,0,0,2.731,0,0,0,1.799,1.761,0,1.495,0,0,0,0,0,2.451,0,0,0,3.413,0,1.247,0,0,0,0,0,0,0,0,0,0,0,0,2.471,0,0,0,0
TK3:bin_000069,0,0,0,0,0,0,0,0,0,0,0,0,0,0,0,0,0,0,0,0,0,0,0,0,0,0,0,0,0,0,0,0,0,0,0,0,0,0,0,0,0,0,0,0,0,0,0,0,0,0,0,0,0,0,0,0,0,0,0,0,0,0,0,0,0,0,0,0,0,0,0,0,0,0,0,0,0,0,0,0,0,0,0,0
TK3:bin_000070,0,0,1.743,0,0,0,0,0,0,1.747,2.693,0,0,2.48,0,0,0,2.031,0,0,0,0,0,0,0,0,0,0,0,0,0,0,0,0,1.337,0,0,3.867,0,0,0,0,0,0,0,0,0,0,0,0,0,0,0,0,0,0,0,0,0,0,1.784,0,0,0,1.875,0,0,0,0,0,0,0,0,0,0,0,0,0,0,0,0,1.989,0,0
TK3:bin_000071,0,0,0,0,0,0,0,0,0,0,0,0,0,0,0,0,0,0,0,0,0,0,0,0,0,0,0,0,0,0,0,0,0,0,0,0,0,0,0,0,0,0,0,0,0,0,0,0,0,0,0,0,0,0,0,0,0,0,0,0,0,0,0,0,0,0,0,0,0,0,0,0,0,0,0,0,0,0,0,0,0,0,0,0
TK3:bin_000089,0,0,0,0,0,0,0,0,0,0,0,0,0,0,0,0,0,0,0,0,0,0,0,0,0,0,0,0,0,0,0,0,0,0,0,0,0,0,0,0,0,0,0,0,0,0,0,0,0,0,0,0,0,0,0,0,0,0,0,0,0,0,0,0,0,0,0,0,0,0,0,0,0,0,0,0,0,0,0,0,0,0,0,0
TK3:bin_000091,0,0,0,0,0,0,0,0,0,0,0,0,0,0,0,0,0,0,0,0,0,0,0,0,0,0,0,2.262,2.74,0,0,0,0,0,0,0,0,0,0,0,0,0,0,0,0,0,0,0,0,0,0,0,0,0,0,0.918,0,1.855,0,1.557,0,0,0,0,0,0,0,0,0,0,0,0,0,0,0,0,0,0,0,0,0,0,0,0
TK3:bin_000096,0,0,0,0,0,0,0,0,0,0,0,0,0,0,0,0,0,0,0,0,0,0,0,0,0,0,0,0,0,0,0,0,0,0,0,0,0,0,0,0,0,0,0,0,0,0,0,0,0,0,0,0,0,0,0,0,0,0,0,0,0,0,0,0,0,0,0,0,0,0,0,0,0,0,0,0,0,0,0,0,0,0,0,0
TK3:bin_000104,0,0,2.198,0,0,0,0,0,0,0,0,0,0,2.07,0,0,0,0,0,0,1.291,0,0,0,0,0,0,2.016,0,0,0,0,0,0,1.205,0,0,0,0,0,0,0,0,0,0,0,0,4.104,0,0,0,0,0,0,0,0,0,3.257,0,0,0,0,0,0,0,0,1.523,0,0,0,0.986,0,0,1.249,0,0,0,0,0,0,0,0,0,0
TK3:bin_000116,2.495,0,0,0,0,0,0,0,0,0,0,0,0,0,0,0,0,0,1.526,0,0,0,0,0,0,0,0,0,0,0,0,1.173,0,0,7.778,0,0,0,0,0,0,0,0,0,0,0,0,0,0,1.545,0,0,0,0,0,0,0,2.953,0,2.26,0,0,0,1.521,0,0,0,10.275,5.211,0,0,0,0,1.545,0,0,0,0,0,0,2.126,0,0,0
TK3:bin_000123,0,0,0,0,0,0,0,0,0,0,0,0,0,0,0,0,0,0,0,0,0,0,0,0,0,0,0,0,0,0,0,0,0,0,0,0,0,0,0,0,0,0,0,0,0,0,0,0,0,0,0,0,0,0,0,0,0,0,0,0,0,0,0,0,0,0,0,0,0,0,0,0,0,0,0,0,0,0,0,0,0,0,0,0
TK3:bin_000128,0,0,4.594,0,0,0,0,0,0,0,0,0,0,2.733,0,0,1.86,3.912,0,0,0,0,0,0,0,0,0,3.204,0,0,0,0,0,0,0,0,0,0,0,0,0,0,0,0,0,0,0,2.082,0,0,0,1.763,1.796,0,1.079,0,0,0,0,2.987,0,0,0,1.101,2.433,0,0,0,0,0,0,0,2.265,0,0,0,0,0,0,0,2.109,0,0,0
TK3:bin_000135,0,0,3.551,0,0,0,0,0,0,0,0,0,0,3.079,0,0,2.841,3.273,0,0,0,0,0,0,0,0,0,2.788,0,0,0,0,2.487,0,0,0,0,0,0,0,0,0,0,0,0,0,0,3.327,0,1.78,0,0,0,0,1.353,0,0,0,0,0,2.208,0,0,0,1.841,0,0,2.582,0,0,0,0,0,0,0,0,0,0,0,0,0,0,0,0
TK3:bin_000142,0,0,0,0,0,0,0,0,0,0,0,0,0,0,0,0,0,0,0,0,0,0,0,0,0,0,0,0,0,0,0,0,0,0,0,0,0,0,0,0,0,0,0,0,0,0,0,0,0,0,0,0,0,0,0,0,0,0,0,0,0,0,0,0,0,0,0,0,0,0,0,0,0,0,0,0,0,0,0,0,0,0,0,0
TK3:bin_000143,0,0,0,0,0,0,0,0,0,0,1.813,0,0,0,0,0,0,0,0,0,0,0,0,0,0,0,0,0,0,0,0,0,0,0,0,0,0,0,0,0,0,0,0,0,0,0,0,0,0,0,0,0,0,0,0,0,0,0,0,0,0,0,0,0,0,0,0,0,0,0,0,0,0,0,0,0,0,0,0,0,0,0,0,0
TK3:bin_000144,0,0,0,0,0,0,0,0,0,0,0,0,0,0,0,0,0,0,0,0,0,0,0,0,0,0,0,0,0,0,0,0,0,0,0,0,0,0,0,0,0,0,0,0,0,0,0,0,0,0,0,0,0,0,0,0,0,0,0,0,0,0,0,0,0,0,0,0,0,0,0,0,0,0,0,0,0,0,0,0,0,0,0,0
TK3:bin_000150,0,0,0,0,0,0,0,0,0,0,0,0,0,0,0,0,0,0,0,0,0,0,0,0,0,0,0,0,0,0,0,0,0,0,0,0,0,0,0,0,0,0,0,0,0,0,0,0,0,0,0,0,0,0,0,0,0,0,0,0,0,0,0,0,0,0,0,0,0,0,0,0,0,0,0,0,0,0,0,0,0,0,0,0
TK3:bin_000157,0,0,0,0,0,0,0,0,0,0,0,0,0,0,0,0,0,0,0,0,0,0,0,0,0,0,0,0,0,0,0,0,0,0,0,0,0,0,0,0,0,0,0,0,0,0,0,0,0,0,0,0,0,0,0,0,0,0,0,0,0,0,0,0,0,0,0,0,0,0,0,0,0,0,0,0,0,0,0,0,0,0,0,0
TK3:bin_000166,0,0,0,0,0,0,0,0,0,0,0,0,0,0,0,0,0,1.904,0,0,0,0,0,0,0,0,0,0,0,0,0,0,0,0,0,0,0,0,0,0,0,0,0,0,0,0,0,0,0,0,0,0,0,0,0,0,0,0,0,0,0,0,0,0,0,0,0,0,0,0,0,0,0,0,0,0,0,0,0,0,0,0,0,0
TK3:bin_000168,0,0,0,0,0,0,0,0,0,0,0,0,0,0,0,0,0,0,0,0,0,0,0,0,0,0,0,0,0,0,0,0,0,0,0,0,0,0,0,0,0,0,0,0,0,0,0,0,0,0,0,0,0,0,0,0,0,0,0,0,3.35,0,0,0,0,0,0,0,0,0,0,0,0,0,0,0,0,0,0,0,0,0,0,0
TK3:bin_000172,0,0,0,0,0,0,0,0,0,0,4.428,0,0,4.257,0,0,0,0,0,0,0,0,0,0,0,0,0,0,0,0,0,0,0,0,0,0,0,2.17,0,0,0,0,0,0,0,0,0,0,0,2.136,0,0,0,0,0,0,0,0,0,0,2.283,0,0,0,2.553,0,0,0,0,0,0,0,0,0,0,0,0,0,0,0,0,3.866,0,0
TK3:bin_000174,0,2.798,3.763,0,0,0,0,0,0,0,0,0,0,2.965,0,0,0,2.339,0,0,0,0,0,0,0,0,0,0,2.663,0,0,0,0,0,0,0,0,0,0,0,0,0,0,0,0,0,0,0,0,0,1.095,2.014,0,0,0,0,0,0,0,1.798,0,0,0,0,2.124,0,0,0,2.475,0,0,0,1.774,0,0,0,0,0,0,0,0,0,0,0
TK3:bin_000175,0,0,0,0,0,0,0,0,0,0,0,0,0,0,0,0,0,0,0,0,0,0,0,0,0,0,0,0,0,0,0,0,0,0,0,0,0,0,0,0,0,0,0,0,0,0,0,0,0,0,0,0,0,0,0,0,0,1.991,2.098,0,0,0,0,0,0,0,0,0,0,0,0,0,0,0,0,0,0,0,0,0,0,0,0,0
TK3:bin_000177,0,0,0,0,0,0,0,0,0,0,0,0,0,0,0,0,0,0,0,0,0,0,0,0,0,0,0,0,0,0,0,0,0,0,0,0,0,0,0,0,0,0,0,0,0,0,0,0,0,0,0,0,0,0,0,0,0,0,0,0,0,0,0,0,0,0,0,0,0,0,0,0,0,0,0,0,0,0,0,0,0,0,0,0
TK3:bin_000178,0,0,2.603,0,0,0,0,0,0,0,0,0,0,2.238,0,0,0,0,0,0,0,0,0,0,0,0,0,0,0,0,0,0,0,0,0,0,0,0,0,0,0,0,0,0,0,0,0,2.586,0,0,0,0,0,0,1.228,0,0,2.613,0,0,0,0,0,0,3.024,0,0,2.341,0,0,0,0,0,0,0,0,0,0,0,0,0,0,0,0
TK3:bin_000189,0,3.274,3.873,0,0,0,0,0,0,0,0,0,0,4.31,0,0,1.895,2.985,0.975,0,0,0,0,0,0,0,0,3.831,4.391,0,2.226,0,0,0,0,0,0,0,0,0,1.755,0,0,0,0,0,0,2.26,0,0,1.31,0,3.043,0,2.527,1.026,0,0,0,2.074,2.099,0,0,1.332,3.499,0,1.413,4.546,2.093,0,1.752,0,3.287,1.666,0,0,0,1.299,0,3.119,3.075,0,0,0
TK3:bin_000191,0,0,0,0,0,0,0,0,0,0,0,0,0,0,0,0,0,0,0,0,0,0,0,0,0,0,0,0,0,0,0,0,0,0,0,0,0,0,0,0,0,0,0,0,0,0,0,0,0,0,0,0,0,0,0,0,0,0,0,0,0,0,0,0,0,0,0,0,0,0,0,0,0,0,0,0,0,0,0,0,0,0,0,0
TK3:bin_000193,0,0,3.715,0,0,0,0,0,0,0,0,0,0,1.979,0,0,0,5.699,0,0,0,0,0,0,0,0,0,2.792,0,0,6.268,0,0,0,0,0,0,0,0,0,0,0,0,0,0,0,0,0,0,0,0,0,0,0,1.544,0,0,11.58,12.969,0,1.671,0,0,0,2.01,0,0,2.047,2.182,0,0,0,0,0,0,0,0,0,0,0,2.299,0,0,0
TK3:bin_000196,1.951,3.254,2.579,0,0,0,0,0,0,0,0,0,0,3.526,0,0,0,2.702,1.294,0,0,0,0,0,0,0,0,3.034,0,0,2.092,0,0,0,1.322,0,0,0,0,0,0,0,1.862,0,0,0,0,3.035,0,4.313,1.886,2.598,0,0,1.152,0,0,0,0,3.931,2.168,0,0,1.282,0,0,1.401,2.666,2.42,0,1.086,0,0,0,0,0,0,0.98,0,3.068,2.039,0,0,0
TK3:bin_000198,0,0,0,0,0,0,0,0,0,0,0,0,0,0,0,0,0,0,0,0,0,0,0,0,0,0,0,0,0,0,0,0,0,0,0,0,0,0,0,0,0,0,0,0,0,0,0,0,0,0,0,0,0,0,0,0,0,0,0,0,0,0,0,0,0,0,0,0,0,0,0,0,0,0,0,0,0,0,0,0,0,0,0,0
TK3:bin_000200,0,0,5.342,0,0,0,0,0,0,0,2.048,0,0,5.062,0,1.029,1.801,2.633,0.998,0,0,0,0,0,0,0,0,0,0,0,0,0,0,0,0,0,0,0,0,0,0,0,0,0,0,0,0,0,0,0,0,4.672,0,0,0,0,0,3.068,0,0,0,0,0,0,6.017,0,0,0,0,0,0,0,0,0,0,0,0,0,0,12.165,0,0,0,0
TK3:bin_000201,0,0,3.061,0,0,0,0,0,0,0,0,0,0,0,0,0,0,0,0,0,0,0,0,0,0,0,0,0,0,0,0,0,0,0,0,0,0,0,0,0,0,0,0,0,0,0,0,0,0,0,0,0,0,0,0,0,0,0,0,0,0,0,0,0,0,0,0,0,4.012,0,0,0,0,0,0,0,0,0,0,0,0,0,0,0
TK3:bin_000208,2.95,0,2.05,0,0,0,0,0,0,0,0,0,0,1.862,0,0,0,3.328,0,0,0,0,1.044,0,0,0,0,0,0,0,0,0,0,0,1.289,0,0,0,0,0,0,0,0,0,5.522,0,0,2.989,1.892,0,1.38,0,3.26,0,1.32,0,0,0,0,3.118,0,0,0,0,0,0,0,0,0,0,0,0,0,0,0,0,0,0,0,0,0,0,0,0
TK3:bin_000217,0,0,1.833,0,1.775,0,0,0,0,2.124,0,0,0,3.908,0,0,0,0,0,0,0,0,0,0,0,0,0,2.175,0,0,0,0,0,0,16.817,0,0,0,0,0,0,0,0,0,4.198,0,0,4.095,0,1.81,0,0,0,0,1.465,0,0,0,0,1.567,0,0,0,0,2.019,0,0,2.613,0,0,0,0,1.706,0,0,0,0,0,0,19.429,0,0,0,0
TK3:bin_000232,0,0,0,0,0,0,0,0,0,0,0,0,0,0,0,0,0,0,0,0,0,0,1.099,0,0,0,0,0,0,0,0,0,0,0,0,0,0,0,0,0,0,0,0,0,0,0,0,2.902,0,0,0,0,0,0,0,0,0,0,0,0,0,0,0,0.964,0,0,0,0,0,0,0,0,0,0.841,0,0,0,0,0,0,0,0,0,0
TK3:bin_000233,0,0,0,0,0,0,0,0,0,0,0,0,0,0,0,0,0,0,0,0,0,0,0,0,0,0,0,0,0,0,0,0,0,0,16.7,0,0,0,0,0,0,0,0,0,0,0,0,0,0,0,0,0,0,0,0,0,0,0,0,0,2.501,0,0,0,0,0,0,0,0,0,0,0,0,0,0,0,0,0,0,13.027,0,0,0,0
TK3:bin_000238,0,0,0,0,0,0,0,0,0,0,0,0,0,0,0,0,0,0,0,0,0,0,0,0,0,0,0,0,0,0,0,0,0,0,3.613,0,0,0,0,0,0,0,0,0,0,0,0,0,0,0,0,0,0,0,0,0,0,0,0,0,0,0,0,0,0,0,0,0,0,0,0,0,0,0,0,0,0,0,0,0,0,0,0,0
TK3:bin_000253,0,0,0,0,0,0,0,0,0,0,0,0,0,0,0,0,0,0,0,0,0,0,0,0,0,0,0,0,0,0,0,0,0,0,0,0,0,0,0,0,0,0,0,0,0,0,0,0,0,0,0,0,0,0,0,0,0,0,0,0,0,0,0,0,0,0,0,0,0,0,0,0,0,0,0,0,0,0,0,0,0,0,0,0
TK3:bin_000259,0,0,2.008,0,0,0,0,0,0,0,0,0,0,0,0,0,0,0,0,0,0,0,0,0,0,0,0,0,0,0,0,0,0,0,0,0,0,0,0,0,0,0,0,0,0,0,0,0,0,0,0,0,0,0,0,0,0,0,0,0,0,0,0,0,0,0,0,0,0,0,0,0,0,0,0,0,0,0,0,0,0,0,0,0
TK3:bin_000260,0,0,0,0,0,0,0,0,0,0,0,0,0,0,0,0,0,0,0,0,0,0,0,0,0,0,0,0,0,0,0,0,0,0,0,0,0,0,0,0,0,0,0,0,0,0,0,0,0,0,0,0,0,0,0,0,0,0,0,0,0,0,0,0,0,0,0,0,0,0,0,0,0,0,0,0,0,0,0,0,0,0,0,0
TK3:bin_000287,1.903,0,5.101,1.06,0,0,0,0,1.12,2.083,0,0,0,3.485,0,0,2.908,2.588,0,0,1.789,0,0,0,0,0,0,2.967,0,0,0,0,0,0,3.463,0,0,0,0,0,0,0,0,0,6.482,0,0,5.97,0,0,0,0,2.665,0,1.929,0,0,0,0,8.374,0,0,0,0,0,0,0,0,0,0,0,0,0,0,0,0,0,0,0,3.901,0,0,0,0
TK3:bin_000316,0,0,0,0,0,0,0,0,0,0,0,0,0,0,0,0,0,0,0,0,0,0,0,0,0,0,0,0,0,0,0,0,0,0,0,0,0,0,0,0,0,0,0,0,0,0,0,0,0,0,0,0,0,0,0,0,0,0,0,0,0,0,0,0,0,0,0,0,0,0,0,0,0,0,0,0,0,0,0,3.326,0,0,0,0
