genome,M305603,M305571,M305560,M305685,M305567,M305698,M305655,M305674,M305688,M305592,M305578,M305691,M305577,M305658,M305558,M305676,M305580,M305669,M305694,M305589,M305692,M305602,M305693,M305682,M305677,M305656,M305664,M305569,M305594,M305666,M305667,M305675,M305572,M305700,M305662,M305684,M305565,M305583,M305559,M305701,M305588,M305585,M305680,M305687,M305663,M305604,M305686,M305566,M305670,M305562,M305595,M305561,M305659,M305600,M305599,M305573,M305593,M305579,M305596,M305654,M305689,M305598,M305697,M305590,M305587,M305582,M305665,M305696,M305568,M305681,M305678,M305673,M305575,M305574,M305586,M305564,M305660,M305683,M305699,M305671,M305576,M305605,M305657,M305597
D300627:bin_000003,11.676,0,0,0,2.402,6.392,20.021,0,0,2.497,2.188,0,0,8.066,0,2.24,0,3.498,6.73,1.083,5.333,1.06,2.948,0,0,9.527,3.656,0,6.708,0,2.994,12.536,3.403,6.81,4.556,0,4.004,4.534,0,9.952,3.423,5.134,0,6.551,3.074,5.743,0,0,0,0,5.592,0,4.543,3.554,1.756,7.744,2.281,1.199,2.67,22.988,0,0,18.397,1.445,2.539,7.482,4.997,33.87,0,0,3.852,0,0,4.879,0,0,9.836,2.337,11.463,4.077,0,10.107,0,5.061
D300627:bin_000012,4.78,0,0,0,0,0,4.449,0,0,0,0,0,0,2.706,0,0,0,0,0,0,0,0,0,0,0,0,0,0,1.912,0,0,4.496,0,0,0,0,0,0,0,4.015,0,1.307,0,2.613,0,1.636,0,0,0,0,0,0,0,0,0,2.07,0,0,0,8.08,0,0,4.818,0,0,3.199,0,9.737,0,0,0,0,0,1.288,0,0,2.747,0,2.943,0,0,3.928,0,1.348
D300628:bin_000004,18.429,1.109,0,0,1.821,8.73,28.65,0,0,3.483,2.757,0,0,10.813,1.418,3.094,0,2.275,8.459,1.538,6.015,2.146,2.109,2.346,0,10.554,5.647,0,7.709,0,2.755,13.453,5.904,6.36,5.665,0,5.943,5.162,0.854,12.95,2.938,6.393,0,6.049,2.778,7.392,0,2.049,2.996,0,5.91,0,6.102,5.685,1.332,8.252,3.72,1.981,4.577,40.85,0,0,21.046,2.257,2.547,13.548,3.046,35.129,1.82,0,3.613,0,0,5.762,0,1.863,8.28,2.623,10.131,3.479,1.423,14.179,0,6.403
D300629:bin_000002,0,0,0,0,0,0,0,0,0,0,0,0,0,0,0,0,0,0,0,0,0,0,0,0,0,0,0,0,0,0,0,0,0,0,0,0,0,0,0,0,0,0,0,0,0,0,0,0,0,0,0,0,0,0,0,0,0,0,0,0,0,0,0,0,0,0,0,0,0,0,0,0,0,0,0,0,0,0,0,0,0,0,0,0
D300630:bin_000014,89.001,9.913,2.039,17.037,18.938,44.591,130.054,0,0,18.422,16.896,0,3.167,54.39,6.62,17.078,0,15.93,51.824,7.431,38.937,8.759,18.161,19.012,0,74.308,20.561,0,43.655,0,16.498,95.191,25.23,45.556,51.469,14.458,33.674,28.958,4.407,88.714,28.584,33.778,4.011,73.45,19.983,45.18,4.123,10.943,14.71,1.704,42.411,5.645,35.133,29.25,17.127,73.633,16.617,8.902,20,186.724,0,3.146,133.027,10.134,24.434,57.579,18.6,207.529,8.901,0,32.261,0,3.661,38.07,3.329,9.188,55.541,18.103,78.575,21.953,4.296,65.862,14.176,38.946
D300631:bin_000002,22.262,2.401,1.288,2.744,3.128,10.747,31.213,0,0,3.923,5.731,0,0,19.982,2.781,6.758,0,11.441,15.55,2.359,8.553,1.714,8.447,6.928,0,5.287,7.56,0,17.104,0,7.011,38.257,6.828,18.4,11.148,4.226,8.057,6.647,1.725,21.807,7.934,6.75,2.211,5.854,9.379,5.839,0,2.166,10.418,1.361,6.889,1.304,9.688,6.877,1.593,10.021,4.512,4.629,2.88,53.265,0,0,39.242,3.192,5.753,12.944,10.715,66.564,2.576,0,11.463,0,1.128,7.543,2.148,3.017,24.375,5.658,21.95,8.067,2.934,13.846,3.634,11.297
D300631:bin_000019,4.038,0,0,0,0,2.251,9.272,0,0,0,0,0,0,3.731,0,2.295,0,0,2.187,0,5.712,0,1.994,0,0,4.392,0,0,2.101,0,0,7.407,1.926,2.447,1.979,0,1.866,2.002,0,4.591,1.642,1.975,0,2.876,0,2.26,0,0,2.61,0,1.811,0,3.512,1.781,0,3.049,0.982,0,1.417,11.03,0,0,6.266,0,1.537,3.417,0,7.627,0,0,2.486,0,0,1.624,0,0,5.403,0,5.272,2.169,0,3.92,0,2.587
D300632:bin_000002,2.138,0,0,0,0,0,0,0,0,0,0,0,0,0,0,0,0,0,2.003,0,0,0,0,0,0,1.857,0,0,0,0,0,0,0,0,0,0,0,0,0,2.558,0,0,0,0,0,0,0,0,0,0,0,0,0,0,0,0,0,0,0,2.673,0,0,2.775,0,0,1.008,0,5.265,0,0,0,0,0,0,0,0,0,0,0,0,0,1.85,0,0
D300632:bin_000015,11.692,1.785,0,2.855,2.501,5.982,23.805,0,0,2.565,2.735,0,0,9.959,1.372,5.152,0,0,5.839,1.352,10.273,1.262,6.359,3.747,0,11.443,4.766,0,6.077,0,7.743,26.141,6.105,7.071,3.978,2.622,5.711,4.211,1.661,15.697,4.782,5.158,0,5.508,3.116,5.611,0,1.29,3.165,0,7.413,1.043,7.759,5.396,1.56,17.169,2.706,2.015,4.985,26.684,0,0,18.491,1.696,5.063,10.635,1.967,30.079,2.6,0,5.164,0,0,5.136,0,2.233,11.219,3.79,12.356,6.407,1.306,11.903,2.064,5.392
D300633:bin_000005,35.305,3.584,1.758,2.592,3.808,10.663,34.123,0,0,4.842,5.071,0,0.996,20.71,2.688,9.562,0,2.374,13.663,2.529,10.4,2.491,11.785,5.594,0,21.184,4.408,0,13.652,0,6.394,40.389,13.84,6.913,9.251,5.078,13.008,14.172,2.64,23.112,7.373,10.55,1.98,10.29,9.124,20.348,2.933,5.948,8.81,1.468,6.923,2.351,10.482,9.169,3.862,10.925,10.482,5.265,7.152,63.943,0,1.287,34.267,3.7,7.937,24.668,6.322,50.451,7.202,0,8.997,0,1.479,18.228,0,6.417,14.28,6.343,14.66,15.653,3.378,27.29,4.097,10.812
D300633:bin_000006,16.794,2.076,0,2.54,1.316,5.546,18.526,0,0,3.715,3.013,0,0,9.229,2.103,6.513,0,0,3.253,1.739,6.53,2.142,3.491,6.314,0,10.841,6.133,0,8.497,0,4.728,23.474,9.168,5.581,2.526,0,7.294,5.176,2.627,12.499,3.682,5.611,0,6.139,0,8.213,2.325,2.662,4.37,0,7.156,1.862,7.474,5.343,2.065,7.485,4.28,1.89,3.934,35.975,0,0.961,21.535,1.973,5.219,9.729,0,34.438,2.736,0,6.402,0,1.124,8.128,0,5.339,5.764,1.827,5.316,4.487,1.977,13.284,3.556,5.794
D300634:bin_000017,6.517,1.773,0,0,0,2.117,7.256,0,0,1.36,2.539,0,0,5.47,0,1.71,0,0,7.046,1.024,3.742,1.006,0,0,0,4.091,0,0,4.016,0,0,9.969,3.106,0,6.198,2.366,3.391,3.008,0,11.885,1.638,1.983,0,8.517,0,4.677,0,0,1.764,0,2.944,1.724,3.304,2.437,0,4.426,1.46,0,1.374,19.992,0,0.898,7.403,1.281,2.072,4.67,0,12.971,1.068,0,5.166,0,0,2.999,0,1.203,0,3.502,5.256,0,0,9.456,2.307,4.974
D300634:bin_000019,0,0,0,0,0,0,0,0,0,0,0,0,0,0,0,0,0,0,0,0,0,0,0,0,0,0,0,0,0,0,0,0,0,0,0,0,0,0,0,0,0,0,0,0,0,0,0,0,0,0,2.125,0,0,0,0,0,0,0,0,0,0,0,2.392,0,0,0,0,0,0,0,0,0,0,0,0,0,3.012,0,0,0,0,0,0,0
D300634:bin_000035,10.934,1.601,0,2.649,2.483,5.783,22.455,0,0,2.425,2.654,0,0,9.183,1.294,5.113,0,0,5.542,1.271,9.61,1.147,5.914,3.218,0,10.728,4.576,0,5.73,0,7.341,24.533,5.79,6.383,3.431,2.252,5.426,3.958,1.574,14.801,4.518,4.775,0,5.33,2.795,5.083,0,1.198,2.994,0,6.994,0,7.297,5.034,1.429,16.464,2.58,1.925,4.555,24.209,0,0,16.993,1.442,4.793,9.861,1.882,28.024,2.458,0,4.919,0,0,4.679,0,2.101,10.397,3.633,11.793,5.953,1.215,10.773,1.938,5.077
D300637:bin_000029,0,0,0,0,0,0,0,0,0,0,0,0,0,0,0,0,0,0,0,0,0,0,0,0,0,0,0,0,0,0,0,0,0,0,0,0,0,0,0,0,0,0,0,0,0,0,0,0,0,0,0,0,0,0,0,0,0,0,0,0,0,0,0,0,0,0,0,0,0,0,0,0,0,0,0,0,0,0,0,0,0,0,0,0
D300637:bin_000032,13.038,1.556,0,2.912,2.77,6.236,20.886,0,0,2.956,2.717,0,0,9.654,0,2.515,0,2.595,10.101,1.839,6.209,1.609,3.712,2.866,0,10.965,3.997,0,6.643,0,3.431,17.096,4.37,6.858,9.906,2.848,5.175,5.809,0.929,15.033,4.598,6.33,0,12.474,2.644,6.972,0,2.017,2.276,0,6.219,0,5.088,5.493,2.364,11.552,3.194,1.448,3.506,30.794,0,0,20.151,2.138,3.944,9.832,3.597,30.464,1.524,0,6.281,0,0.874,5.314,0,1.736,9.285,3.307,12.863,3.629,0,11.098,2.79,6.412
D300638:bin_000035,29.036,2.239,1.716,4.175,4.601,16.239,49.545,0,0,5.625,4.841,0,0,22.81,4.242,8.886,0,6.309,24.506,2.988,14.593,3.359,7.492,6.519,0,20.074,10.333,0,12.42,0,7.687,34.466,9.266,15.036,9.164,5.786,9.156,10.36,2.055,33.645,7.921,11.318,2.537,12.402,7.319,11.302,2.076,2.94,7.061,0,12.663,1.581,15.949,8.974,3.099,16.161,4.804,3.129,7.05,67.276,0,1.057,39.939,3.873,8.967,22.748,7.858,63.596,3.477,0,10.254,0,1.786,10.095,1.441,3.428,19.642,6.707,25.112,9.177,1.769,26.961,4.329,12.464
D300639:bin_000025,4.181,0,0,0,1.11,2.693,8.58,0,0,0,0,0,0,3.736,0,0,0,0,3.71,0,0,0,0,0,0,4.182,0,0,1.816,0,0,4.027,0,2.947,0,0,1.644,1.915,0,4.314,0,1.779,0,0,0,2.396,0,0,0,0,3.715,0,0,1.419,0,3.232,0,0,1.65,8.591,0,0,7.984,0,0,4.856,0,10.868,0,0,0,0,0,1.443,0,0,3.695,0,5.156,0,0,4.209,0,2.09
D300642:bin_000010,0,0,0,0,0,0,0,0,0,0,0,0,0,0,0,0,0,0,0,0,0,0,0,0,0,0,0,0,0,0,0,0,0,0,0,0,0,0,0,0,0,0,0,0,0,0,0,0,0,0,0,0,0,0,0,0,0,0,0,0,0,0,0,0,0,0,0,0,0,0,0,0,0,0,0,0,0,0,0,0,0,0,0,0
D300642:bin_000012,5.135,0,0,0,0,1.984,6.948,0,0,1.496,1.75,0,0,2.884,0,0,0,0,2.153,0,3.018,0,0,0,0,4.367,0,0,2.883,0,0,7.753,2.723,2.066,2.51,0,2.127,1.299,0,7.212,0,2.256,0,2.232,0,4.423,0,1.136,2.256,0,2.351,0,3.367,1.949,0,4.031,1.843,0,1.5,17.299,0,0,3.724,0,1.797,3.417,0,15.906,1.127,0,0,0,0,3.302,0,1.376,4.419,0,2.48,0,0,6.203,0,1.777
D300642:bin_000016,6.66,0,0,0,7.53,0,3.074,0,0,2.331,0,0,0,2.56,9.5,0,0,2.77,0,7.62,0,1.34,0,3.012,0,0,7.993,0,4,0,0,8.162,1.991,0,0,0,8.609,1.227,3.89,4.246,0,4.675,0,0,10.204,6.681,0,2.559,89.356,0,1.928,0,5.931,0,0,1.395,18.068,4.429,4.721,8.217,0,0,0,0,1.068,27.354,1.854,9.248,0,0,4.839,0,0,2.345,0,7.43,2.116,0,0,0,0,11.313,3.042,14.56
D300645:bin_000002,13.038,1.848,0,0,2.956,9.218,28.391,0,0,3.19,3.246,0,0,10.435,1.842,3.107,0,4.466,13.085,2.172,6.426,1.433,5.098,3.121,0,16.14,5.445,0,8.924,0,5.509,30.929,5.166,6.895,6.225,0,5.899,6.109,1.162,15.842,5.255,6.929,0,7.736,5.21,6.241,0,1.939,2.524,0,7.645,1.072,7.695,6.295,2.594,11.216,2.985,2.444,4.862,35.948,0,0,18.182,1.749,4.318,13.777,3.741,37.796,2.101,0,3.322,0,0,6.097,1.116,1.681,14.073,3.038,17.471,6.627,0,13.812,3.388,8.047
D300645:bin_000005,5.618,0,0,0,1.571,2.715,10.495,0,0,1.622,1.081,0,0,4.538,0,3.085,0,0,2.388,0,7.146,0,3.088,0,0,6.271,2.545,0,2.262,0,4.109,11.864,3.992,4.503,1.883,0,2.634,2.407,1.01,8.751,2.832,2.328,0,1.995,3.401,3.648,0,0.985,2.004,0,7.342,0,3.269,2.992,0,12.172,1.165,1.888,2.781,14.886,0,0,7.76,0,2.183,7.051,0,12.665,1.576,0,4.556,0,0,1.649,0,1.163,12.131,1.997,5.952,3.978,0,4.633,0,3.065
D300645:bin_000026,22.828,2.438,0,2.91,7.577,14.368,45.481,0,0,4.487,4.187,0,0,14.961,2.569,6.22,0,4.321,11.553,2.648,9.503,2.806,5.609,3.981,0,23.963,6.077,0,10.201,0,5.651,29.883,11.717,14.347,5.303,2.312,10.299,8.769,1.79,20.775,8.958,10.622,0,8.17,5.464,13.356,0,2.561,6.207,0,21.82,1.458,12.164,8.758,3.13,28.654,4.199,3.984,8.07,48.919,0,0,34.732,2.305,10.184,19.316,7.251,53.898,4.391,0,6.392,0,1.437,11.787,0.984,4.388,13.656,4.318,23.733,5.978,1.966,18.229,4.044,10.596
D300645:bin_000028,39.766,3.942,1.473,4.887,7.911,22.301,65.41,0,0,8.368,7.181,0,1.608,26.507,5.991,8.537,0,9.618,25.065,4.113,17.098,4.239,9.985,9.024,0,29.449,12.609,0,18.909,0,7.25,45.82,13.519,20.051,14.745,5.944,14.767,12.653,2.686,40.004,12.725,15.517,3.561,16.927,11.228,17.241,2.433,4.525,11.444,0,17.157,1.606,20.187,14.61,4.039,26.099,7.545,4.334,9.156,84.671,0,1.25,52.795,4.641,11.822,31.353,10.967,87.939,4.681,0,11.086,0,2.419,15.776,1.895,5.144,30.374,7.644,34.129,11.852,2.481,35.522,5.688,16.405
D300646:bin_000002,18.561,2.335,1.358,0,2.412,6.785,16.677,0,0,3.042,2.802,0,0,8.377,0,3.931,0,0,10.066,1.75,10.206,1.477,4.998,5.636,0,18.637,2.96,0,6.634,0,5.491,25.724,6.014,4.634,4.678,3.9,6.085,5.608,1.037,20.854,4.013,4.769,0,7.888,4.997,11.228,0,1.616,4.849,0,5.713,0,6.354,6.714,2.175,7.314,3.058,2.019,2.999,39.027,0,0,19.255,1.63,3.568,10.993,3.875,33.505,3.724,0,6.963,0,0,7.622,0.964,2.106,3.492,2.5,9.232,12.271,0,15.745,3.473,6.263
D300646:bin_000008,0,0,0,0,0,0,0,0,0,0,0,0,0,0,0,0,0,0,0,0,0,0,0,0,0,0,0,0,0,0,0,0,0,0,0,0,0,0,0,0,0,0,0,0,0,0,0,0,0,0,0,0,0,0,0,0,0,0,0,0,0,0,0,0,0,0,0,0,0,0,0,0,0,0,0,0,0,0,0,0,0,0,0,0
D300647:bin_000001,16.395,2.169,1.346,3.936,2.251,11.047,37.803,0,0,3.725,1.714,0,0,12.139,2.719,7.914,0,2.907,8.683,2.413,14.969,1.462,7.602,6.275,0,17.275,7.976,0,6.351,0,12.674,35.224,6.449,6.908,5.323,0,6.524,7.909,2.435,23.431,6.51,8.094,0,9.319,5.188,7.183,2.18,2.459,6.961,0,7.409,1.661,9.722,7.267,2.145,12.509,3.932,2.847,5.222,44.098,0,1.015,20.926,2.048,6.177,13.305,3.198,34.881,3.604,0,6.893,0,1.452,7.117,0,2.56,17.379,6.074,13.728,10.374,1.67,13.606,2.74,8.463
D300647:bin_000007,27.281,2.728,1.207,3.746,3.667,8.897,31.773,0,0,4.164,3.967,0,0.945,17.138,2.249,6.456,0,2.758,10.997,2.488,12.761,2.124,10.484,7.453,0,20.069,7.942,0,10.05,0,8.084,35.743,12.297,8.929,8.305,3.825,9.309,7.484,2.117,29.698,7.384,8.237,0,11.855,3.108,15.992,0,2.714,6.831,0.811,10.608,2.017,11.505,13.689,3.333,12.921,6.401,2.739,5.816,66.966,0,0,26.289,2.065,7.2,19.302,3.453,51.014,4.701,0,9.224,0,1.85,12.377,0,3.607,12.653,5.39,16.915,11.755,1.555,26.75,3.704,9.79
D300647:bin_000020,1.417,0,0,0,0,0,2.201,0,0,0,0,0,0,1.727,0,0,0,0,0,0,0,0,0,0,0,0,0,0,0,0,0,0,0,0,0,0,0,0,0,0,0,0,0,0,0,0,0,0,0,0,0,0,0,0,0,1.586,0,0,0,0,0,0,0,0,0,0,0,0,0,0,0,0,0,0,0,0,0,0,0,0,0,0,0,0
D300648:bin_000006,30.808,3.846,1.184,6.492,4.196,15.667,52.747,0,0,6.184,5.717,0,0,20.307,3.629,9.107,0,7.158,21.646,3.728,19.255,3.661,9.405,8.476,0,25.979,10.065,0,15.879,0,9.433,37.995,12.333,14.527,14.574,6.662,11.29,11.278,2.522,33.169,10.375,14.192,0,15.196,7.577,16.259,2.581,3.237,8.444,1.237,18.629,2.261,19.416,10.487,3.834,23.406,6.833,4.418,9.008,79.233,0,0.97,42.739,3.806,12.191,26.141,6.602,72.023,4.698,0,11.87,0,1.991,12.028,1.516,4.081,26.215,5.414,24.97,9.842,3.286,32.298,5.613,14.684
D300648:bin_000013,14.264,2.085,1.221,3.303,3.642,8.027,34.245,0,0,3.023,3.777,0,0,11.112,2,7.982,0,1.897,6.675,2.126,11.953,1.519,9.479,4.796,0,16.414,6.71,0,7.331,0,9.998,35.818,7.472,8.629,5.512,2.49,8.437,5.71,2.07,19.746,6.836,6.787,0,6.735,4.331,6.995,0,1.809,4.89,0,10.544,1.364,8.502,6.505,2.093,23.467,4.213,2.547,6.049,32.024,0,0,22.535,2.344,7.314,13.721,2.123,38.517,3.681,0,7.338,0,1.134,6.907,0,3.392,13.752,6.258,17.005,9.037,1.743,14.465,2.745,7.856
D300648:bin_000014,9.6,0,0,2.006,1.843,6.375,20.977,0,0,1.787,1.449,0,0,8.001,1.18,3.683,0,0,5.365,1.41,8.514,1.07,5.089,2.676,0,8.828,4.215,0,3.939,0,6.608,21.141,5.537,5.37,3.157,0,5.074,4.393,1.449,12.859,4.151,4.767,0,5.793,2.607,4.598,0,1.338,3.328,0,5.894,1.074,5.984,4.374,1.265,9.887,2.069,1.877,4.223,24.957,0,0,13.974,1.401,3.888,7.637,0,20.571,1.917,0,5.869,0,0,5.205,0,1.774,11.556,4.141,10.05,5.337,1.048,8.66,0,4.883
D300649:bin_000001,18.042,1.497,0,2.118,0,7.438,15.976,0,0,2.721,2.034,0,0,4.763,0,4.847,0,2.647,5.669,0,8.395,1.417,5.209,4.092,0,11.22,2.25,0,8.007,0,0,12.864,5.919,8.617,4.293,4.279,3.531,4.541,0.977,11.319,2.301,4.442,1.97,5.539,2.722,9.056,0,1.913,2.358,0,6.734,0,4.357,4.008,1.915,7.31,2.724,2.047,3.766,65.775,0,0,16.866,1.232,4.049,11.007,1.854,20.932,1.092,0,4.127,0,0,5.644,0,2.014,9.401,0,13.76,4.519,0.984,11.798,0,6.793
D300649:bin_000007,2.372,0,0,0,0,0,4.301,0,0,0,0,0,0,0,0,0,0,0,3.893,1.864,0,0,0,0,0,0,2.606,0,0,0,0,3.097,0,0,0,0,1.226,0,0,0,0,0,0,3.968,0,0,0,0,3.261,0,0,0,2.01,0,0,1.234,3.113,1.055,0,8.077,0,0,3.805,0,0,3.724,0,9.442,0,0,0,0,0,1.102,0,0,2.105,0,0,0,0,4.911,0,1.075
D300650:bin_000002,20.235,2.42,0,2.435,3.13,5.676,20.32,0,0,4.238,2.664,0,1.134,13.807,3.368,6.422,0,0,8.48,1.923,8.955,1.841,8.629,4.774,0,13.519,4.778,0,7.981,0,1.94,22.364,11.714,6.1,3.63,5.048,6.518,5.951,1.702,18.779,7.498,6.568,0,8.252,2.604,11.266,0,2.617,5.703,0,8.456,1.574,8.285,6.096,1.953,10.186,4.677,2.669,5.746,39.256,0,0,22.849,2.05,5.436,11.316,7.734,40.284,2.263,0,6.131,0,0.875,9.087,0,3.359,7.988,3.322,11.063,7.816,1.147,15.754,3.161,5.734
D300650:bin_000005,9.291,0,0,0,0,2.036,6.41,0,0,1.433,1.951,0,0,0,0,0,0,0,1.889,0,0,0.934,0,0,0,2.929,3.286,0,3.709,0,0,6.956,3.946,2.489,0,0,3.343,1.671,0,3.223,2.491,1.982,0,2.054,0,3.235,0,1.041,0,0,1.706,0,2.758,2.643,1.325,3.011,1.233,0,0,14.747,0,0,8.649,0,2.114,3.344,3.059,20.56,0,0,0,0,0,3.269,0,0,3.665,0,5.678,0,0.928,8.562,0,2.581
D300650:bin_000008,0,0,0,0,0,0,0,0,0,0,0,0,0,0,0,0,0,0,0,0,0,0,0,0,0,0,0,0,0,0,0,0,0,0,0,0,0,0,0,0,0,0,0,0,0,0,0,0,0,0,0,0,0,0,0,0,0,0,0,0,0,0,0,0,0,0,0,0,0,0,0,0,0,0,0,0,0,0,0,0,0,0,0,0
D300650:bin_000025,5.262,2.165,0,0,0,1.651,5.673,0,0,2.161,1.221,0,0,3.067,0,0,0,0,5.035,0,0,0.795,0,0,0,3.437,0,0,2.304,0,0,3.221,2.551,2.092,4.207,0,2.109,3.237,0,4.438,1.798,2.185,0,3.853,0,3.529,0,0,0,0,2.935,0,3.941,1.83,0,4.258,1.085,0,1.135,17.755,0,0,6.558,0,1.467,2.713,0,8.922,0,0,4.367,0,0,2.181,0,0,0,0,4.608,0,0,6.562,0,2.579
D300650:bin_000036,4.988,0,0,0,0,2.552,8.181,0,0,1.291,0,0,0,2.88,0,2.358,0,0,2.394,0,5.299,0,2.632,1.934,0,5.728,0,0,2.15,0,2.572,8.95,2.356,4.027,0,0,1.635,0,0,6.227,1.856,1.911,0,2.383,0,2.294,0,0,0,0,2.208,0,2.805,2.017,0,6.446,0,0,1.637,11.242,0,0,7.159,0,1.333,3.945,0,10.632,0,0,2.754,0,0,1.841,0,0,5.542,0,4.065,5.023,0,4.035,0,2.47
D300651:bin_000022,0,0,0,0,0,0,0,0,0,0,0,0,0,0,0,0,0,0,0,0,0,0,0,0,0,0,0,0,0,0,0,0,0,0,0,0,0,0,0,0,0,0,0,0,0,0,0,0,0,0,0,0,0,0,0,0,0,0,0,0,0,0,0,0,0,0,0,0,0,0,0,0,0,0,0,0,0,0,0,0,0,0,0,0
D300651:bin_000029,1.813,0,0,0,0,0,2.597,0,0,0,0,0,0,0,0,0,0,0,1.616,0,2.054,0,0,0,0,0,0,0,0,0,0,2.624,1.192,0,0,0,0,0,0,0,0,1.012,0,0,0,0,0,0,0,0,0,0,0,0,2.719,1.221,0,0,0,4.36,0,0,2.091,0,0,1.418,1.932,3.877,0,0,0,0,0,0,0,0,2.235,0,0,0,0,1.666,0,0
D300651:bin_000031,19.927,1.543,1.057,6.782,2.517,8.835,29.384,0,0,4.409,4.788,0,0,27.244,3.211,9.961,0,10.141,24.888,1.976,9.675,1.892,10.223,7.128,0,5.705,13.924,0,16.129,0,11.599,58.563,6.18,14.432,9.823,2.493,7.971,7.109,2.029,32.47,9.516,5.926,2.893,10.641,6.114,4.648,2.67,2.463,11.938,0.826,4.764,1.409,11.445,5.693,3.48,14.03,3.439,3.314,3.705,56.063,0,1.111,30.443,3.635,6.301,11.672,32.089,73.439,3.055,0,15.187,0,0.774,5.716,1.848,1.398,19.79,5.96,22.216,12.045,1.768,16.034,3.429,11.003
D300651:bin_000040,15.937,0,0,0,4.856,12.021,32.791,0,0,2.733,2.724,0,0,9.526,1.435,3.161,0,3.908,10.947,1.555,6.748,1.87,4.028,2.968,0,15.636,4.5,0,7.45,0,3.767,16.678,5.779,13.328,6.484,2.087,5.712,6.571,0,20.736,4.956,7.573,1.905,6.487,7.699,7.281,0,1.519,0,0,13.134,0,9.797,6.152,1.982,17.963,3.642,2.011,4.937,39.424,0,0,35.241,1.776,6.629,13.985,5.85,40.176,1.917,0,5.134,0,0.794,5.782,0,2.501,14.491,0,19.121,4.891,1.088,11.245,2.303,7.451
D300652:bin_000001,64.401,7.62,2.242,11.251,8.369,33.545,97.834,0,0,14.74,10.633,0,1.856,32.959,7.299,15.886,0,10.695,39.946,8.256,30.554,8.857,22.063,20.34,0,56.113,17.87,0,30.836,0,17.498,70.747,29.941,26.832,29.414,14.257,23.442,21.625,4.356,75.71,23.97,27.205,3.854,57.37,22.095,37.005,9.689,8.405,18.041,2.599,32.208,5.972,40.846,21.768,11.159,52.292,14.616,6.953,24.475,153.385,0,1.85,70.598,8.17,27.98,58.693,13.668,115.498,13.055,0,36.611,0,4.267,24.105,2.837,8.473,39.505,16.731,52.642,14.775,6.017,65.822,13.858,32.541
D300653:bin_000003,61.812,7.407,2.419,9.155,6.289,26.23,80.425,0,0,11.578,11.973,0,2.765,46.661,12.369,20.705,0,7.123,27.062,7.009,21.321,10.086,13.109,16.792,0,33.301,17.301,0,23.206,0,15.798,78.89,34.571,20.204,14.598,6.946,23.768,22.835,8.881,54.965,13.139,21.027,3.638,29.913,15.112,25.331,7.094,9.179,10.19,3.356,17.91,5.931,32.784,22.909,6.253,48.3,13.483,10.253,17.4,120.658,0,1.892,64.086,4.97,23.977,47.662,7.498,109.431,13.963,0,23.56,0,4.501,25.797,1.228,12.686,31.598,13.238,28.196,27.44,11.73,57.513,9.449,20.388
D300654:bin_000002,7.037,0,0,0,1.639,2.138,7.462,0,0,1.183,1.979,0,0,1.825,0,0,0,0,1.855,0,0,0,0,0,0,2.768,0,0,3.404,0,0,4.077,2.978,3.075,2.994,0,2.406,1.104,0,3.682,2.142,1.732,0,2.121,0,1.558,0,0,0,0,2.707,0,3.032,2.141,0.975,6.113,1.463,0.871,1.296,13.595,0,0,8.615,0,2.017,4.304,0,16.774,1.127,0,2.236,0,0,2.465,0,1.218,5.471,0,4.599,0,0,3.919,0,1.738
D300654:bin_000014,18.924,0.995,0,3.143,1.288,5.015,20.223,0,0,3.623,3.381,0,0,7.763,1.076,2.275,0,0,5.124,1.221,4.576,1.724,2.834,1.782,0,7.117,5.456,0,6.714,0,0,18.011,6.432,6.174,4.283,0,6.143,3.327,0,6.658,5.287,4.918,0,8.758,1.648,5.198,0,2.179,3.487,0,4.978,0.948,8.463,6.067,3.109,5.735,3.589,1.503,2.385,39.922,0,0,17.022,1.718,3.231,11.094,5.112,35.842,2.156,0,4.127,0,0,5.949,0,1.682,10.873,0,13.603,2.478,1.199,21.183,2.293,5.166
D300654:bin_000018,1.494,0,0,0,0,0,2.832,0,0,0,0,0,0,0,0,0,0,0,0,0,0,0,0,0,0,0,0,0,0,0,0,0,0,0,0,0,0,0,0,0,0,0,0,0,0,0,0,0,0,0,0,0,0,0,0,0,0,0,0,3.356,0,0,2.143,0,0,1.752,0,2.895,0,0,0,0,0,0,0,0,0,0,0,0,0,1.714,0,0
D300654:bin_000019,10.596,1.029,0,2.574,1.698,3.457,14.143,0,0,2.323,1.99,0,0,6.257,1.208,3.071,0,0,4.643,0,4.512,1.175,2.729,1.735,0,7.857,2.595,0,5.573,0,2.693,11.288,5.789,3.82,4.642,0,4.061,2.381,1.09,7.588,1.67,3.791,0,4.546,1.895,8.884,0,1.94,2.059,0,3.446,0,7.318,3.957,0,6.642,3.05,1.852,2.883,20.794,0,0,7.65,2.269,2.699,5.862,2.026,25.173,2.234,0,4.196,0,0,6.366,0,1.583,5.514,1.871,4.842,2.608,0,11.299,0,3.909
D300655:bin_000005,2.835,0,0,0,0,0,0,0,0,0,0,0,0,0,0,0,0,0,0,0,0,0,0,0,0,0,0,0,0,0,0,0,0,0,0,0,0,0,0,0,0,0,0,0,0,0,0,0,0,0,0,0,0,0,0,0,0,0,0,0,0,0,0,0,0,0,0,5.162,0,0,0,0,0,0,0,0,0,0,0,0,0,0,0,0
D300655:bin_000016,28.333,1.439,0,2.469,5.082,17.187,36.632,0,0,4.938,5.826,0,1.098,12.155,2.86,7.574,0,4.022,14.268,2.051,12.452,3.461,5.38,3.688,0,17.229,5.675,0,11.696,0,10.953,25.139,12.606,10.85,5.969,2.67,8.78,10.386,1.051,24.229,8.068,12.448,0,9.242,7.518,13.131,3.684,2.499,2.59,0.891,11.023,1.796,8.101,6.863,4.405,33.354,4.076,4.492,7.875,45.577,0,1.089,42.89,3.167,9.758,24.881,8.713,60.509,4.982,0,5.475,0,2.072,15.486,1.338,5.821,18.064,4.714,18.516,10.102,2.905,23.284,4.417,10.803
D300656:bin_000001,0,0,0,0,0,0,0,0,0,0,0,0,0,0,0,0,0,0,0,0,0,0,0,0,0,0,0,0,0,0,0,0,0,0,0,0,0,0,0,0,0,0,0,0,0,0,0,0,0,0,0.968,0,0,0,0,0,0,0,0,3.257,0,0,0,0,0,0,0,0,0,0,0,0,0,0,0,0,0,0,0,0,0,0,0,0
D300657:bin_000017,19.777,0,0,0,2.324,3.841,17.008,0,0,3.103,3.382,0,0,7.149,1.189,3.002,0,0,6.251,0,3.973,1.992,3.084,0,0,5.649,6.389,0,7.106,0,2.209,8.466,21.382,4.777,2.029,0,7.775,2.807,1.368,7.24,3.714,4.403,0,4.112,2.247,8.58,0,2.131,0,0.795,5.783,0,6.462,6.852,5.457,6.373,3.271,1.453,2.334,44.567,0,0,17.086,1.066,2.362,8.491,55.466,35.296,3.265,0,4.09,0,0,5.956,0,1.836,9.381,0,10.49,0,1.852,21.96,1.839,4.051
D300658:bin_000002,0,0,0,0,0,0,0,0,0,0,0,0,0,0,0,0,0,0,0,0,0,0,0,0,0,0,0,0,0,0,0,0,0,0,0,0,0,0,0,0,0,0,0,0,0,0,0,0,0,0,0,0,0,0,0,0,0,0,0,0,0,0,0,0,0,1.054,0,0,0,0,0,0,0,0,0,0,0,0,0,0,0,0,0,0
D300658:bin_000003,6.732,0,0,3.829,0,2.355,7.706,0,0,1.107,0,0,0,6.143,0,2.114,0,2.154,12.622,0,11.33,0.757,2.168,0,0,2.286,3.034,0,1.672,0,2.363,12.283,1.45,4.399,4.624,0,0,1.347,0,10.308,0,2.745,0,3.924,1.898,2.799,0,0,2.193,0,3.924,0,3.45,1.593,1.732,1.404,0,0,1.728,19.519,0,0,9.916,1.307,0,7.438,16.646,10.333,0,0,2.633,0,0,1.44,0,0,9.344,0,4.331,2.138,0,7.561,3.675,2.954
D300658:bin_000008,7.096,1.138,0,0,4.024,3.414,10.539,0,0,2.744,4.116,0,0,4.077,13.048,2.393,0,9.447,7.978,7.831,2.135,3.844,8.032,0,0,2.522,12.373,0,1.169,0,0,7.933,1.395,0,0,0,2.71,0,0.801,6.435,0,3.378,0,4.379,0,5.68,0,0,23.895,0,2.259,0,15.923,4.655,0,0,14.256,19.905,14.526,16.895,0,2.069,6.433,0,0,9.361,0,61.943,0,0,0,0,0,1.232,0,2.735,1.872,4.805,2.554,0,1.512,33.2,0,6.702
D300659:bin_000013,0,0,0,0,0,0,0,0,0,0,0,0,0,0,0,0,0,0,0,0,0,0,0,0,0,0,0,0,0,0,0,0,0,0,0,0,0,0,0,0,0,0,0,0,0,0,0,0,0,0,0,0,0,0,0,0,0,0,0,0,0,0,0,0,0,0,0,0,0,0,0,0,0,0,0,0,0,0,0,0,0,0,0,0
D300659:bin_000017,18.369,0,0,2.564,5.207,17.107,47.222,0,0,2.418,1.701,0,0,15.776,0,6.827,0,5.542,14.515,1.832,10.164,2.597,3.82,2.974,0,21.072,4.65,0,7.835,0,2.802,19.919,5.773,18.467,8.255,2.884,6.807,7.253,0,26.362,4.378,8.616,0,6.529,3.936,11.367,0,1.395,4.544,0,16.483,0,9.859,6.389,2.851,13.284,2.813,1.356,6.506,46.955,0,0,46.986,2.868,3.843,28.755,6.353,44.655,1.114,0,4.701,0,0,6.114,1.292,1.665,16.418,2.936,30.855,6.09,0,19.722,3.169,10.56
D300659:bin_000048,115.554,7.781,3.712,15.256,18.513,65.966,136.248,0,0,23.26,10.397,0,2.887,57.252,30.524,12.966,0,15.345,63.849,6.775,34.214,12.405,18.505,22.39,0,40.784,22.336,0,46.015,0,13.615,92.668,35.847,42.713,19.823,14.184,29.423,19.643,7.237,90.513,33.997,34.131,2.818,33.986,19.32,50.867,9.743,8.919,20.882,1.397,47.63,3.127,34.538,30.477,5.618,38.705,16.275,9.719,17.253,242.375,0,2.674,83.007,11.456,21.657,68.045,18.334,166.404,12.527,0,31.993,0,6.577,37.501,5.145,9.579,54.787,14.99,81.636,11.393,5.318,80.295,16.633,33.187
D300659:bin_000063,8.404,1.302,0,0,0.994,3.412,11.535,0,0,1.752,2.196,0,0,8.319,0,2.42,0,2.031,3.073,0,3.81,0.794,2.711,0,0,7.498,0,0,3.328,0,2.44,15.145,3.399,3.616,2.299,0,4.576,2.542,0,6.699,3.234,3.476,0,5.442,1.693,5.516,0,1.075,2.819,0,4.217,0,3.862,2.118,0,5.661,2.491,1.603,3.071,19.136,0,0,7.61,0,2.68,7.788,2.508,18.38,1.675,0,3.964,0,0,4.656,0,1.359,4.849,0,4.697,4.877,0,8.694,0,3.749
D300661:bin_000001,36.178,6.014,1.279,11.464,4.152,14.729,44.795,0,0,9.341,8.257,0,1.899,27.801,5.782,10.109,0,3.276,27.303,3.777,19.746,4.276,13.535,9.104,0,23.689,12.392,0,14.92,0,10.841,40.6,21.249,9.162,9.017,3.787,16.815,12.915,5.359,31.517,9.551,16.359,2.573,13.926,6.824,16.644,5.43,7.919,17.662,1.881,14.409,3.837,15.133,14.887,3.214,20.579,10.833,4.963,10.239,96.557,0,1.701,34.894,4.134,11.968,22.114,6.885,83.55,8.164,0,11.76,0,2.413,15.146,1.841,6.433,18.045,7.157,13.578,9.608,4.342,39.804,6.475,13.215
D300661:bin_000026,0,0,0,0,0,0,0,0,0,0,0,0,0,0,0,0,0,0,0,0,0,0,0,0,0,0,0,0,0,0,0,0,0,0,0,0,0,0,0,0,0,0,0,0,0,0,0,0,0,0,0,0,0,0,0,0,0,0,0,0,0,0,0,0,0,0,0,0,0,0,0,0,0,0,0,0,0,0,0,0,0,0,0,0
D300661:bin_000028,18.52,2.04,0,2.35,10.607,12.753,41.245,0,0,4.374,5.564,0,0,11.23,2.572,5.755,0,3.899,11.517,1.94,8.072,1.919,3.485,3.407,0,21.784,4.928,0,11.953,0,7.591,29.724,12.186,13.402,4.334,2.294,8.164,10.309,1.005,23.379,7.926,10.242,0,6.618,6.573,12.191,2.734,1.525,2.561,0,19.597,1.151,10.447,6.899,3.324,40.344,3.195,3.92,8.805,40.904,0,0,47.283,2.236,10.495,18.917,6.001,53.67,5.364,0,5.603,0,1.257,9.065,1.46,3.997,18.904,2.964,24.628,7.181,1.791,15.209,4.283,9.86
D300662:bin_000008,27.874,1.262,0,3.214,3.606,12.133,44.2,0,0,5.472,5.89,0,0,16.652,1.655,5.117,0,2.831,13.012,2.379,6.563,2.919,4.536,3.883,0,17.249,7.238,0,11.374,0,2.938,23.855,8.948,10.874,9.233,0,12.464,7.978,1.094,18.739,6.674,9.988,0,9.172,3.745,15.448,0,3.637,6.344,0.777,11.781,0,10.04,9.57,3.23,16.204,5.323,2.739,6.664,56.34,0,0,34.044,2.692,5.627,25.515,4.602,62.12,3.492,0,4.407,0,1.999,12.263,0.914,3.311,13.417,3.905,21.487,4.834,2.508,20.642,3.096,9.993
D300663:bin_000004,0,0,0,0,0,0,0,0,0,0,0,0,0,0,0,0,0,0,0,0,0,0,0,0,0,0,0,0,0,0,0,0,0,0,0,0,0,0,0,0,0,0,0,0,0,0,0,0,0,0,0,0,0,0,0,0,0,0,0,3.224,0,0,0,0,0,0,0,3.269,0,0,0,0,0,0,0,0,0,0,0,0,0,1.663,0,0
D300666:bin_000009,58.353,6.591,1.511,11.699,11.331,28.79,84.593,0,0,11.75,10.496,0,2.053,35.159,5.097,12.083,0,10.16,35.863,5.007,25.684,5.87,13.599,12.364,0,45.506,14.212,0,27.895,0,11.392,64.189,17.738,28.277,32.599,9.469,21.625,19.489,3.219,59.39,17.712,21.918,2.726,48.26,13.082,29.002,2.929,6.934,10.334,1.247,26.885,3.769,24.117,19.503,10.681,43.905,11.085,5.864,12.925,124.065,0,2.068,81.325,6.798,15.827,38.548,12.185,127.277,6.238,0,22.192,0,2.666,24.205,2.162,6.119,37.824,12.177,49.593,14.659,3.024,44.2,9.384,25.089
D300667:bin_000007,36.348,5.544,1.514,6.751,3.271,15.196,38.218,0,0,7.752,5.249,0,1.849,24.683,2.238,12.103,0,3.593,12.098,1.848,14.641,4.31,8.089,4.635,0,21.5,9.42,0,15.209,0,9.663,47.013,14.213,8.337,8.603,6.91,14.257,10.373,2.268,24.078,5.414,11.817,2.079,12.716,5.182,15.935,2.733,4.366,8.159,0.863,10.191,3.123,10.748,9.771,3.672,16.535,7.184,2.54,7.003,84.764,0,0,27.455,3.411,4.827,28.202,3.036,60.341,4.127,0,10.642,0,3.038,20.976,1.462,3.786,16.871,3.64,15.157,11.835,3.887,34.55,5.294,13.506
D300667:bin_000009,8.493,1.004,0,0,1.567,5.319,20.885,0,0,2.535,1.285,0,0,8.141,1.231,2.715,0,2.848,6.045,1.088,6.558,0.95,3.195,1.901,0,6.304,4.284,0,5.056,0,2.355,17.58,2.369,6.148,4.664,0,3.142,4.079,1.048,11.625,2.127,4.899,2.789,16.461,2.28,4.151,0,0,0,0,5.069,1.237,4.473,2.566,2.081,3.733,1.856,1.126,3.294,27.059,0,0,14.051,2.412,1.771,6.547,4.267,22.454,1.713,0,5.542,0,0,2.613,0,0,12.038,2.044,9.853,3.846,0,7.484,0,5.127
D300667:bin_000016,5.932,0,0,0,0,2.225,6.507,0,0,1.25,0,0,0,2.78,0,0,0,0,5.621,0,0,0,0,0,0,3.178,0,0,2.624,0,2.469,6.83,1.567,0,2.65,0,1.83,2.322,0,7.236,1.57,2.077,0,3.583,0,2.81,0,0,0,0,0,0,2.506,2.115,0,2.89,1.233,0,0,14.526,0,0,6.32,0,1.861,3.241,0,12.981,0,0,4.324,0,0,1.996,0,0,0,0,4.402,0,0,4.958,0,2.692
D300667:bin_000017,2.159,0,0,0,0,0,2.453,0,0,0,0,0,0,0,0,0,0,0,0,0,0,0,0,0,0,0,0,0,0,0,0,0,0,0,0,0,0,0,0,0,0,0,0,0,0,0,0,0,0,0,0,0,0,0,0,0,0,0,0,4.853,0,0,2.746,0,0,1.465,0,6.044,0,0,0,0,0,0,0,0,0,0,0,0,0,2.133,0,0
D300667:bin_000025,0,0,0,0,0,0,0,0,0,0,0,0,0,0,0,0,0,0,0,0,0,0,0,0,0,0,0,0,0,0,0,0,0,0,0,0,0,0,0,0,0,0,0,0,0,0,0,0,0,0,0,0,0,0,0,0,0,0,0,0,0,0,0,0,0,0,0,0,0,0,0,0,0,0,0,0,0,0,0,0,0,0,0,0
D300667:bin_000042,0,0,0,0,0,0,0,0,0,0,0,0,0,0,0,0,0,0,0,0,0,0,0,0,0,0,0,0,0,0,0,0,0,0,0,0,0,0,0,0,0,0,0,0,0,0,0,0,0,0,0,0,0,0,0,0,0,0,0,0,0,0,0,0,0,0,0,0,0,0,0,0,0,0,0,0,0,0,0,0,0,0,0,0
D300668:bin_000011,0,0,0,0,0,0,0,0,0,0,0,0,0,0,0,0,0,0,0,0,0,0,0,0,0,0,0,0,0,0,0,0,0,0,0,0,0,0,0,0,0,0,0,0,0,0,0,0,0,0,0,0,0,0,0,0,0,0,0,0,0,0,0,0,0,0,0,0,0,0,0,0,0,0,0,0,0,0,0,0,0,0,0,0
D300668:bin_000018,9.554,0,0,0,5.388,6.248,21.902,0,0,1.958,2.565,0,0,5.366,1.268,2.518,0,0,6.081,1.149,4.008,1.25,2.012,0,0,9.95,2.482,0,4.998,0,3.624,13.401,6.112,7.583,2.191,0,4.086,4.883,0,11.101,4.068,4.616,0,3.042,2.859,6.291,0,0,0,0,10.626,0,4.365,3.091,1.831,19.498,1.515,2,4.828,16.499,0,0,21.261,0,5.017,9.544,2.441,27.763,2.53,0,2.218,0,0,5.189,0,1.912,8.937,0,13.068,3.128,0,8.06,0,4.779
D300669:bin_000017,3.33,0,0,0,0,2.552,7.778,0,0,0,0,0,0,0,0,0,0,0,0,0,4.112,0,0,0,0,4.426,0,0,0,0,0,8.292,0,2.679,0,0,0,1.453,0,4.89,1.709,0,0,0,0,0,0,0,0,0,2.388,0,2.968,0,0,4.909,0,0,0,7.404,0,0,4.947,0,0,3.02,0,10.08,0,0,0,0,0,1.56,0,0,0,0,0,2.574,0,3.269,0,1.959
D300670:bin_000004,2.981,0,0,0,0,1.458,2.696,0,0,0,0,0,0,0,1.289,0,0,0,0,0,1.859,0,0,0,0,0,0,0,1.31,0,0,8.545,1.617,0,0,0,2.031,0,0,2.497,0,0.947,0,0,0,3.425,0,0,1.924,0,0,0,0,0,0,1.311,1.032,1.211,2.449,6.916,0,0,3.017,0,0,1.813,1.969,5.603,0,0,0,0,0,1.565,0,0,2.032,0,0,0,0,11.268,0,0
D300671:bin_000001,18.011,1.732,0,0,2.088,6.699,14.45,0,0,2.931,1.323,0,0,5.539,0,6.587,0,3.419,5.984,1.101,9.865,1,5.162,0,0,10.14,1.836,0,7.015,0,2.857,21.726,5.425,6.842,2.964,2.579,3.26,6.81,0.857,15.8,5.168,3.725,0,6.753,0,11.729,2.06,1.711,2.838,0,6.016,0,7.812,4.497,1.274,6.603,2.233,1.369,2.261,36.162,0,0,19.657,0,3.228,24.125,2.047,26.239,0,0,4.558,0,0,4.649,0,1.15,6.353,2.339,9.758,9.453,0,9.091,2.128,4.986
D300671:bin_000005,0,0,0,0,0,0,0,0,0,0,0,0,0,0,0,0,0,0,0,0,0,0,0,0,0,0,0,0,0,0,0,2.2,0,0,0,0,0,0,0,0,0,0,0,0,0,0,0,0,0,0,0,0,0,0,0,0,0,0,0,3.566,0,0,0,0,0,0,2.712,0,0,0,0,0,0,0,0,0,0,0,0,0,0,0,0,0
D300671:bin_000010,0,0,0,0,0,0,0,0,0,0,0,0,0,0,0,0,0,0,0,0,0,0,0,0,0,0,0,0,0,0,0,0,0,0,0,0,0,0,0,0,0,0,0,0,0,0,0,0,0,0,0,0,0,0,0,0,0,0,0,0,0,0,0,0,0,0,0,0,0,0,0,0,0,0,0,0,0,0,0,0,0,0,0,0
IKPB:bin_000001,0,0,0,0,0,0,0,0,0,0,0,0,0,0,0,0,0,0,0,0,0,0,0,0,0,0,0,0,0,0,0,0,0,0,0,0,0,0,0,0,0,0,0,0,0,0,0,0,0,0,0,0,0,0,0,0,0,0,0,0,0,0,0,0,0,0,0,0,0,0,0,0,0,0,0,0,0,0,0,0,0,0,0,0
IKPB:bin_000002,0,0,0,0,0,0,0,0,0,0,0,0,0,0,0,0,0,0,0,0,0,0,0,0,0,0,0,0,0,0,0,0,0,0,0,0,0,0,0,0,0,0,0,0,0,0,0,0,0,0,0,0,0,0,0,0,0,0,0,0,0,0,0,0,0,0,0,0,0,0,0,0,0,0,0,0,0,0,0,0,0,0,0,0
IKPB:bin_000003,3.387,0,0,0,0,0,5.959,0,0,0,0,0,0,1.997,0,0,0,0,0,0,0,0,0,0,0,0,0,0,0,0,0,3.182,1.423,0,0,0,1.185,0,0,0,0,1.341,0,0,0,1.706,0,0,0,0,0,0,0,1.174,0,1.894,0,0,1.054,5.307,0,0,3.69,0,1.493,0,0,5.778,0,0,0,0,0,1.426,0,0,0,0,0,0,0,3.626,0,1.188
IKPB:bin_000004,0,0,0,0,0,0,0,0,0,0,0,0,0,0,0,0,0,0,0,0,0,0,0,0,0,0,0,0,0,0,0,0,0,0,0,0,0,0,0,0,0,0,0,0,0,0,0,0,0,0,0,0,0,0,0,0,0,0,0,0,0,0,0,0,0,0,0,0,0,0,0,0,0,0,0,0,0,0,0,0,0,0,0,0
IKPB:bin_000005,0,0,0,0,0,0,0,0,0,0,0,0,0,0,0,0,0,0,0,0,0,0,0,0,0,0,0,0,0,0,0,0,0,0,0,0,0,0,0,0,0,0,0,0,0,0,0,0,0,0,0,0,0,0,0,0,0,0,0,0,0,0,0,0,0,0,0,0,0,0,0,0,0,0,0,0,0,0,0,0,0,0,0,0
IKPB:bin_000006,3.152,0,0,0,0.88,1.416,2.231,0,0,0,0,0,0,2.617,0,0,0,0,1.991,0,0,0,0,0,0,2.381,0,0,1.501,0,0,2.45,1.136,0,0,0,0,0,0,2.062,0.939,0.951,0,0,0,1.242,0,0,0,0,1.009,0,1.709,0,0,2.311,0,0,0,6.372,0,0,2.363,0,0,2.262,0,5.814,0,0,0,0,0,1.63,0,1.076,0,0,0,0,0,2.853,0,0
IKPB:bin_000007,2.437,0,0,0,0,2.474,7.674,0,0,0,0,0,0,2.803,0,0,0,0,3.415,0,2.197,0,0,0,0,2.769,0,0,1.073,0,0,4.412,1.079,0,0,0,1.122,1.288,0,3.253,0,1.597,0,0,0,1.676,0,0,0,0,0,0,0,0,0,0,0,0,0,9.261,0,0,3.611,0,0,3.279,0,5.551,0,0,0,0,0,1.122,0,0,0,0,2.012,0,0,3.627,0,2.149
IKPB:bin_000008,192.813,14.01,5.087,13.908,68.251,34.279,96.175,1.579,3.232,24.082,46.011,0,7.797,30.801,11.3,74.338,0,10.358,32.162,6.398,16.919,20.464,10.756,18.579,0,42.887,18.925,0,80.363,0,23.864,91.977,84.421,31.403,11.03,5.84,50.514,36.092,5.722,50.277,42.141,33.817,7.427,28.97,29.117,234.293,9.958,10.392,14.676,2.894,47.285,5.791,30.458,33.696,7.621,104.188,14.658,23.119,77.343,130.157,0,2.374,174.403,11.14,101.204,87.933,17.817,289.668,34.353,3.265,27.029,0,9.793,70.706,3.653,37.129,39.229,8.799,50.671,27.451,17.007,134.532,32.518,26.678
IKPB:bin_000010,0,0,0,0,0,0,0,0,0,0,0,0,0,0,0,0,0,0,0,0,0,0,0,0,0,0,0,0,0,0,0,0,0,0,0,0,0,0,0,0,0,0,0,0,0,0,0,0,0,0,0,0,0,0,0,0,0,0,0,0,0,0,0,0,0,0,0,0,0,0,0,0,0,0,0,0,0,0,0,0,0,0,0,0
IKPB:bin_000013,0,0,0,0,0,0,0,0,0,0,0,0,0,0,0,0,0,0,0,0,0,0,0,0,0,0,0,0,0,0,0,0,0,0,0,0,0,0,0,3.83,0,0,0,0,0,0,0,0,0,0,0,0,0,0,0,0,0,0,0,0,0,0,0,0,0,0,0,0,0,0,0,0,0,0,0,0,4.026,0,0,0,0,0,0,0
IKPB:bin_000014,57.592,6.249,1.906,6.714,5.311,24.823,70.684,0,0,10.925,13.686,0,2.716,30.218,7.743,16.515,0,6.143,22.598,4.409,14.913,6.651,11.647,9.362,0,33.791,12.114,0,24.648,0,14.113,60.386,28.514,20.035,10.8,3.291,26.793,18.601,5.499,51.304,15.152,20.795,3.735,17.384,9.137,24.196,5.675,6.088,5.927,2.205,23.73,2.914,25.36,17.746,6.495,43.573,10.55,8.832,13.547,99.931,0,1.682,59.942,5.628,21.485,36.912,10.348,103.659,10.073,0,17.365,0,3.814,21.799,1.968,13.136,40.043,9.523,39.939,21.226,7.13,48.579,9.367,20.119
IKPB:bin_000015,1.173,0,0,0,0,0,1.684,0,0,0,0,0,0,0,0,0,0,0,0,0,0,0,0,0,0,0,0,0,0,0,0,0,0,0,0,0,0,0,0,0,0,0,0,0,0,0,0,0,0,0,0,0,0,0,0,0,0,0,0,0,0,0,1.986,0,0,0,0,2.179,0,0,0,0,0,0,0,0,0,0,0,0,0,0,0,0
IKPB:bin_000016,1.783,0,0,0,0,0,0,0,0,0,0,0,0,0,0,0,0,0,0,0,0,0,0,0,0,0,0,0,0,0,0,0,0,0,0,0,0,0,0,0,0,0,0,0,0,0,0,0,1.929,0,0,0,0,0,0,0,0,0,0,3.982,0,0,0,0,0,0,0,3.002,0,0,0,0,0,0,0,0,0,0,2.663,0,0,0,0,0
IKPB:bin_000017,0,0,0,0,0,0,0,0,0,0,0,0,0,0,0,0,0,0,0,0,0,0,0,0,0,0,0,0,0,0,0,0,0,0,0,0,0,0,0,0,0,0,0,0,0,0,0,0,0,0,0,0,0,0,0,0,0,0,0,0,0,0,0,0,0,0,0,0,0,0,0,0,0,0,0,0,0,0,0,0,0,0,0,0
IKPB:bin_000020,0,0,0,0,0,0,0,0,0,0,0,0,0,0,0,0,0,0,0,0,0,0,0,0,0,0,0,0,0,0,0,0,0,0,0,0,0,0,0,0,0,0,0,0,0,0,0,0,0,0,0,0,0,0,0,0,0,0,0,0,0,0,0,0,0,0,0,0,0,0,0,0,0,0,0,0,0,0,0,0,0,0,0,0
IKPB:bin_000021,2.492,0,0,0,0,0,0,0,0,0,0,0,0,0,0,0,0,0,0,0,0,0,0,0,0,0,0,0,0,0,0,3.441,1.957,0,0,0,0,0,0,5.431,1.228,0,0,0,0,0,0,0,0,0,0,0,3.244,0,0,0,0,0,1.216,0,0,0,0,0,0,3.065,0,5.289,0,0,0,0,0,0,0,0,0,0,0,0,0,3.182,0,0
IKPB:bin_000022,62.381,6.512,1.745,7.398,6.486,9.851,57.813,0,2.171,8.173,15.356,0,2.315,15.996,6.63,14.06,0,2.906,10.988,4.377,9.209,6.511,5.169,3.319,0,21.667,17.917,0,30.272,0,9.499,47.494,26.198,12.809,3.298,1.738,18.8,8.399,3.1,16.537,15.477,11.017,0,14.014,8.145,49.372,9.096,3.548,6.063,0.92,23.411,3.689,15.564,11.367,2.351,29.154,6.576,16.178,51.923,49.347,0,1.43,47.165,4.471,11.51,29.919,9.054,63.634,14.115,0,10.289,0,2.315,20.554,1.369,9.934,23.045,9.446,19.667,7.766,3.179,61.318,19.199,9.813
IKPB:bin_000023,2.594,0,0,0,0,0,2.635,0,0,0,0,0,0,2.23,0,0,0,0,0,0,0,0,0,0,0,0,0,0,1.378,0,0,4.236,1.696,0,0,0,1.543,0,0,0,0,1.037,0,0,0,1.264,0,0,0,0,1.322,0,0,0,0,1.639,0,0,0.915,5.264,0,0,3.832,0,0,2.081,0,5.066,0,0,0,0,0,0,0,0,0,0,0,0,0,2.171,0,0
IKPB:bin_000024,655.433,101.83,15.612,145.007,32.608,161.505,655.922,3.742,16.928,81.429,414.779,3.477,26.834,197.279,159.5,140.582,0,27.369,105.782,46.673,148.595,76.879,81.354,85.467,0,316.358,177.893,0,304.093,0,160.34,691.9,490.279,34.762,67.755,44.991,298.513,191.741,68.141,507.225,160.157,177.374,21.907,156.956,130.22,360.686,68.597,56.074,44.65,29.904,178.835,19.913,251.429,186.575,48.465,513.269,99.262,84.505,177.136,1240.846,6.216,25.348,628.316,56.667,291.18,266.163,37.171,1137.232,99.153,3.706,103.889,0,159.656,190.266,10.385,104.181,138.065,45.948,617.207,172.403,62.572,655.346,94.58,160.319
IKPB:bin_000025,2.3,0,0,0,0,0,6.671,0,0,0,0,0,0,3.82,0,0,0,0,2.409,0,0,0,0,0,0,0,1.993,0,0,0,0,4.643,1.276,0,0,0,0,1.148,0,3.016,0,1.462,0,1.876,0,0,0,0,0,0,1.027,0,0,1.424,0,1.189,0,0,0,6.196,0,0,2.871,0,0,3.36,0,4.655,0,0,0,0,0,1.781,0,0,2.362,0,0,0,0,0,0,1.927
IKPB:bin_000026,0,0,0,0,0,0,0,0,0,0,0,0,0,0,0,0,0,0,0,0,0,0,0,0,0,0,0,0,0,0,0,0,0,0,0,0,0,0,0,0,0,0,0,0,0,0,0,0,0,0,0,0,0,0,0,0,0,0,0,0,0,0,0,0,0,0,0,0,0,0,0,0,0,0,0,0,0,0,0,0,0,0,0,0
IKPB:bin_000027,0,0,0,0,0,0,0,0,0,0,0,0,0,0,0,0,0,0,0,0,0,0,0,0,0,0,0,0,0,0,0,0,0,0,0,0,0,0,0,0,0,0,0,0,0,0,0,0,0,0,0,0,0,0,0,0,0,0,0,0,0,0,0,0,0,0,0,0,0,0,0,0,0,0,0,0,0,0,0,0,0,0,0,0
IKPB:bin_000030,0,0,0,0,0,0,0,0,0,0,0,0,0,0,0,0,0,0,0,0,0,0,0,0,0,0,0,0,0,0,0,0,0,0,0,0,0,0,0,0,0,0,0,0,0,0,0,0,0,0,0,0,0,0,0,0,0,0,0,0,0,0,0,0,0,0,0,0,0,0,0,0,0,0,0,0,0,0,0,0,0,0,0,0
IKPB:bin_000031,0,0,0,0,0,1.784,0,0,0,1.663,0,0,0,3.145,0,0,0,0,0,0,0,0,0,0,0,6.878,0,0,0,0,3.644,3.787,3.704,3.295,0,0,0,2.677,0,0,0,1.443,0,0,0,2.232,0,0,0,0,0,0,0,0,0,1.753,0,0,0,4.796,0,0,0,0,0,0,0,10.526,2.993,0,0,0,0,1.218,0,0,0,0,0,0,0,5.662,0,3.165
IKPB:bin_000032,0,0,0,0,0,0,0,0,0,0,0,0,0,0,0,0,0,0,0,0,0,0,0,0,0,0,0,0,0,0,0,0,0,0,0,0,0,0,0,0,0,0,0,0,0,0,0,0,0,0,0,0,0,0,0,0,0,0,0,0,0,0,0,0,0,0,0,0,0,0,0,0,0,0,0,0,0,0,0,0,0,0,0,0
IKPB:bin_000033,12.214,1.211,0,0,0,3.643,11.672,0,0,1.973,2.777,0,0,8.052,1.15,2.791,0,0,4.531,1.22,3.755,1.047,2.235,2.665,0,9.14,2.983,0,4.092,0,2.626,12.67,5.615,0,2.917,0,5.297,3.404,0,8.498,2.22,3.677,0,3.493,0,4.241,0,1.756,2.568,0,3.15,0,4.445,3.908,1.275,4.48,2.532,1.289,2.456,26.377,0,0,12.619,0,2.598,7.889,0,20.954,1.314,0,3.63,0,1.155,4.466,0,1.255,3.189,0,4.589,3.928,1.13,9.874,2.05,4.212
IKPB:bin_000034,0,0,0,0,0,0,0,0,0,0,0,0,0,0,0,0,0,0,0,0,0,0,0,0,0,0,0,0,0,0,0,0,0,0,0,0,0,0,0,0,0,0,0,0,0,0,0,0,0,0,0,0,0,0,0,0,0,0,0,0,0,0,0,0,0,0,0,0,0,0,0,0,0,0,0,0,0,0,0,0,0,0,0,0
IKPB:bin_000036,2.067,0,0,0,0,0,2.799,0,0,0,0,0,0,0,0,0,0,0,0,0,0,0,0,0,0,0,0,0,0,0,0,2.785,1.142,0,0,0,0,0,0,2.523,0,0,0,0,0,1.209,0,0,0,0,0,0,2.22,0,0,1.32,0,0,0,6.415,0,0,3.353,0,0,1.994,0,4.9,0,0,0,0,0,0,0,0,0,0,2.445,0,0,2.566,0,1.128
IKPB:bin_000037,1.798,0,0,0,0,0,4.14,0,0,0,0,0,0,0,0,0,0,0,1.628,0,0,0,0,0,0,0,0,0,0,0,0,0,0,0,0,0,0,0,0,0,0,0,0,0,0,0,0,0,0,0,0,0,0,0,0,1.05,0,0,0,4.301,0,0,3.112,0,0,2.199,0,3.033,0,0,0,0,0,0,0,0,1.923,0,0,0,0,1.825,0,0
IKPB:bin_000038,0,0,0,0,0,0,0,0,0,0,0,0,0,0,0,0,0,0,0,0,0,0,0,0,0,0,0,0,0,0,0,0,0,0,0,0,0,0,0,0,0,0,0,0,0,0,0,0,0,0,0,0,0,0,0,0,0,0,0,0,0,0,0,0,0,0,0,0,0,0,0,0,0,0,0,0,0,0,0,0,0,0,0,0
IKPB:bin_000040,4.944,0,0,0,0,2.111,5.891,0,0,0,0,0,0,3.394,1,0,0,0,2.382,0,0,0,0,0,0,5.537,0,0,1.989,0,0,6.59,2.448,0,0,0,2.287,1.669,0,5.057,0,1.965,0,0,0,2.342,0,0,3.431,0,1.875,0,0,0,0,3.728,1.528,0,1.355,11.189,0,0,4.567,0,1.756,3.841,0,12.134,0,0,2.241,0,0,2.205,0,0,0,0,4.525,0,0,4.374,0,1.622
IKPB:bin_000041,0,0,0,0,0,0,0,0,0,0,0,0,0,0,0,0,0,0,0,0,0,0,0,0,0,0,0,0,0,0,0,0,0,0,0,0,0,0,0,0,0,0,0,0,0,0,0,0,0,0,0,0,0,0,0,0,0,0,0,0,0,0,0,0,0,0,0,0,0,0,0,0,0,0,0,0,0,0,0,0,0,0,0,0
IKPB:bin_000042,0,0,0,0,0,0,0,0,0,0,0,0,0,0,0,0,0,0,0,0,0,0,0,0,0,0,0,0,0,0,0,0,0,0,0,0,0,0,0,0,0,0,0,0,0,0,0,0,0,0,0,0,0,0,0,0,0,0,0,0,0,0,0,0,0,0,0,0,0,0,0,0,0,0,0,0,0,0,0,0,0,0,0,0
IKPB:bin_000043,0,0,0,0,0,0,0,0,0,0,0,0,0,0,0,0,0,0,0,0,0,0,0,0,0,0,0,0,0,0,0,0,0,0,0,0,0,0,0,0,0,0,0,0,0,0,0,0,0,0,0,0,0,0,0,0,0,0,0,0,0,0,0,0,0,1.017,0,0,0,0,0,0,0,0,0,0,0,0,0,0,0,0,0,0
IKPB:bin_000044,0,0,0,0,0,0,0,0,0,0,0,0,0,0,0,0,0,0,0,0,0,0,0,0,0,0,0,0,0,0,0,0,0,0,0,0,0,0,0,0,0,0,0,0,0,0,0,0,0,0,0,0,0,0,0,1.841,0,0,0,0,0,0,0,0,0,0,0,0,0,0,0,0,0,0,0,0,0,0,0,0,0,0,0,0
IKPB:bin_000045,4.932,0,0,0,0,3.564,11.174,0,0,1.129,1.267,0,0,4.029,1.009,3.493,0,0,3.448,0,2,0,0,0,0,3.819,0,0,2.747,0,2.484,6.4,2.463,2.428,1.805,0,3.042,2.355,0,5.165,1.615,2.441,0,2.584,2.357,3.51,0,1.127,2.469,0.849,2.263,0,0,2.009,0,5.05,1.141,0,2.105,15.066,0,0,8.129,0,1.894,4.244,0,15.301,1.645,0,2.754,0,0,3.601,0,1.117,2.581,1.862,3.34,2.895,0,4.611,0,2.025
IKPB:bin_000046,0,0,0,0,0,0,0,0,0,0,0,0,0,0,0,0,0,0,0,0,0,0,0,0,0,0,0,0,0,0,0,0,0,0,0,0,0,0,0,0,0,0,0,0,0,0,0,0,0,0,1.226,0,0,0,0,1.432,0,0,0,0,0,0,0,0,0,1.017,0,0,0,0,0,0,0,0,0,0,0,0,0,0,0,0,0,0
IKPB:bin_000047,1.546,0,0,0,0,0,1.994,0,0,0,0,0,0,0,0,0,0,0,0,0,0,0,0,0,0,0,0,0,0,0,0,2.26,0,0,0,0,0,0,0,0,0,0,0,0,0,0,0,0,0,0,1.846,0,0,0,0,1.143,0,0,0,2.032,0,0,3.406,0,0.928,0,0,2.807,0,0,0,0,0,0,0,0,0,0,4.808,0,0,0,0,0
IKPB:bin_000048,0,0,0,0,0,0,0,0,0,0,0,0,0,0,0,0,0,0,0,0,0,0,0,0,0,0,0,0,0,0,0,0,0,0,0,0,0,0,0,0,0,0,0,0,0,0,0,0,0,0,0,0,0,0,0,0,0,0,0,0,0,0,0,0,0,0,0,0,0,0,0,0,0,0,0,0,0,0,0,0,0,0,0,0
IKPB:bin_000049,1.43,0,0,0,0,0,2.644,0,0,0,0,0,0,0,0,0,0,0,0,0,0,0,0,0,0,2.042,0,0,0,0,0,0,0,0,0,0,0,0,0,0,0,0,0,0,0,0,0,0,0,0,1.275,0,0,0,0,1.335,0,0,0,3.358,0,0,3.471,0,0,1.362,0,3.742,0,0,0,0,0,0,0,0,0,0,0,0,0,1.66,0,0
IKPB:bin_000050,0,0,0,0,0,0,0,0,0,0,0,0,0,0,0,0,0,0,0,0,0,0,0,0,0,0,0,0,0,0,0,0,0,0,0,0,0,0,0,0,0,0,0,0,0,0,0,0,0,0,0,0,0,0,0,0,0,0,0,0,0,0,0,0,0,0,0,0,0,0,0,0,0,0,0,0,0,0,0,0,0,0,0,0
IKPB:bin_000051,3.473,0,0,0,0,2.189,6.748,0,0,0,0,0,0,2.912,0,0,0,0,2.738,0,0,0,0,0,0,3.346,0,0,1.441,0,0,3.257,0,2.285,0,0,1.404,1.466,0,3.42,0,1.425,0,0,0,1.887,0,0,0,0,2.933,0,0,0,0,2.562,0,0,1.188,7.026,0,0,5.959,0,0,3.6,0,8.613,0,0,0,0,0,1.108,0,0,2.979,0,4.017,0,0,3.14,0,1.608
IKPB:bin_000052,0,0,0,0,0,0,0,0,0,0,0,0,0,0,0,0,0,0,0,0,0,0,0,0,0,0,0,0,0,0,0,0,0,0,0,0,0,0,0,0,0,0,0,0,0,0,0,0,0,0,0,0,0,0,0,0,0,0,0,0,0,0,0,0,0,0,0,0,0,0,0,0,0,0,0,0,0,0,0,0,0,0,0,0
IKPB:bin_000053,1.954,0,0,2.942,1.279,1.523,7.707,0,0,2.853,0,0,0,1.721,2.545,0,0,4.845,4.962,0,3.663,0,0,2.69,0,2.642,6.947,0,1.822,0,0,4.423,3.448,3.964,1.851,0,1.374,2.273,1.17,9.592,1.399,1.079,0,6.003,0,4.266,0,0,0,0,2.381,0,40.426,2.282,0,4.679,0,0,2.242,10.722,0,0.763,7.952,0,2.94,12.922,1.835,6.581,3.168,0,2.634,0,0,32.829,0,0,3.035,1.662,2.158,3.404,0,4.962,0,3.166
IKPB:bin_000054,4.766,0,0,0,0,0,0,0,0,0,0,0,0,0,0,0,0,0,0,0,0,0,0,0,0,0,0,0,0,0,0,0,0,0,0,0,0,0,0,0,0,0,0,0,0,0,0,0,0,0,0,0,0,0,0,0,0,0,0,9.955,0,0,0,0,0,0,0,9.022,0,0,0,0,0,0,0,0,0,0,0,0,0,0,0,0
IKPB:bin_000055,7.842,0,0,2.399,0.949,2.575,16.315,0,0,2.291,0.84,0,0,4.574,0,2.075,0,0,7.003,4.186,3.268,0.99,0,0,0,0,3.264,0,3.151,0,0,5.617,1.953,3.867,2.342,0,2.038,1.536,0,5.361,2.068,1.988,0,0,2.761,2.915,0,0,2.608,0,4.277,0,2.649,1.625,1.239,4.087,2.084,0,1.053,61.687,0,0,10.763,1.45,0,9.443,3.251,10.177,0,0,0,0,0,2.685,0,0,9.168,0,5.495,0,0,12.296,0,2.23
IKPB:bin_000056,7.085,0.962,0,0,0,2.395,9.516,0,0,1.787,0,0,0,2.513,0,1.626,0,0,4.912,0,0,1.027,0,1.979,0,3.433,0,0,4.352,0,0,6.744,3.061,2.577,0,0,3.949,1.299,0,4.369,2.058,1.958,0,2.851,0,4.732,0,0,0,0,3.159,0,0,1.549,0,3.396,2.705,0,1.566,22.481,0,0,9.424,0,0,3.927,0,11.45,1.096,0,0,0,0,3.243,0,1.178,3.038,0,5.072,2.436,0,8.452,0,2.259
IKPB:bin_000061,14.286,0,0,0,3.28,5.825,21.439,0,0,2.247,1.748,0,0,7.467,3.865,2.693,0,0,5.947,0,4.521,1.288,2.565,0,0,6.72,0,0,5.284,0,3.265,12.361,5.079,6.034,2.467,2.324,4.898,3.031,0,10.147,4.437,4.884,0,3.809,0,8.341,0,0,3.906,0,7.731,0,5.442,3.094,0,9.713,1.815,1.762,3.317,29.721,0,0,14.7,1.853,4.694,8.649,0,23.64,2.875,0,4.258,0,0,5.455,0,1.336,5.34,3.189,8.632,0,1.23,9.137,2.482,4.509
IKPB:bin_000062,3.482,0,0,0,0,2.483,7.442,0,0,0,0,0,0,0,0,0,0,0,3.099,0,0,0,2.739,0,0,5.015,0,0,2.267,0,0,5.914,2.064,0,0,0,1.794,1.84,0,5.861,1.486,2.084,0,3.425,0,3.784,0,0,0,0,2.007,0,0,1.574,0,3.959,0,0,1.519,12.081,0,0,6.287,0,0,3.402,0,9.586,0,0,0,0,0,2.104,0,0,2.912,0,3.577,2.453,0,4.133,0,1.952
IKPB:bin_000063,1.956,0,0,0,0,0,4.402,0,0,0,0,0,0,0,0,0,0,0,2.206,0,0,0,0,0,0,0,0,0,1.631,0,0,2.67,0,0,0,0,0,0,0,1.911,0,1.054,0,0,0,0,0,0,0,0,0,0,0,0,0,9.017,0,0,0,4.305,0,0,2.05,0,0,2.298,0,5.352,0,0,0,0,0,0.811,0,0,0,0,0,0,0,1.493,0,0
IKPB:bin_000064,1.744,0,0,0,0,0,6.651,0,0,0,0,0,0,0,0,0,0,0,0,0,2.168,0,0,0,0,0,0,0,0,0,0,0,0,0,0,0,0,0,0,2.196,0,0,0,3.007,0,0,0,0,0,0,0,0,0,0,1.302,2.584,0,0,0,3.015,0,0,2.203,0,0,1.452,0,0,0,0,0,0,0,0,0,0,0,0,0,0,0,1.433,0,0
IKPB:bin_000065,3.41,0,0,0,0,0,6.209,0,0,0,0,0,0,2.985,0,0,0,0,0,0,0,0,0,0,0,3.337,0,0,1.251,0,0,4.015,1.432,0,0,0,0,1.937,0,2.907,0,3.753,0,0,0,2.484,0,0,0,0,1.417,0,0,1.491,4.865,0,0,0,1.128,9.692,0,0,4.365,1.572,0,2.439,0,6.37,1.261,0,0,0,0,1.512,0,0,4.94,0,2.604,0,0,3.731,0,1.848
IKPB:bin_000066,7.615,0,0,0,1.273,2.902,11.533,0,0,1.175,0,0,0,6.068,0,1.841,0,0,7.217,0,3.775,0.895,0,0,0,5.296,0,0,3.795,0,0,7.202,1.912,3.589,4.253,0,2.039,2.014,0,7.849,1.879,2.397,0,5.667,0,3.566,0,0,0,0,4.111,0,3.192,2.571,0,4.51,1.406,0,2.276,17.594,0,0,7.969,1.076,1.342,4.41,1.793,15.095,0,0,2.956,0,0,2.75,0,0,3.876,0,5.977,2.662,0,6.619,0,2.88
IKPB:bin_000067,4.022,0,0,0,0,2.841,8.374,0,0,0,0,0,0,3.952,0,0,0,0,3.81,0,0,0,0,0,0,4.018,0,0,1.633,0,0,3.735,0,2.808,0,0,1.473,1.924,0,3.913,0,1.653,0,0,0,2.268,0,0,0,0,3.721,0,0,1.279,0,2.777,0,0,1.473,8.966,0,0,8.053,0,0,4.656,0,10.122,0,0,0,0,0,1.335,0,0,3.764,0,4.82,0,0,4.244,0,2.091
IKPB:bin_000068,1.035,0,0,0,0,0,2.019,0,0,0,0,0,0,0,0,0,0,0,0,0,0,0,0,0,0,0,0,0,0,0,0,2.677,0,0,0,0,0,0,0,2.199,0,3.118,0,0,0,1.046,0,0,0,0,1.078,0,0,0,2.698,1.422,0,0,0,2.171,0,0,2.55,1.002,0,2.109,4.098,0,0,0,0,0,0,0,0,0,5.709,0,0,0,0,0,0,0
IKPB:bin_000069,8.127,0,0,0,0,2.881,8.352,0,0,1.379,0,0,0,4.024,0,0,0,0,4.751,0,3.061,0,0,0,0,4.186,2.179,0,4.399,0,0,7.105,2.288,0,0,0,2.156,2.269,0,8.853,1.833,2.651,0,0,2.534,3.562,0,0,0,0,3.37,0,4.994,2.35,0,3.827,0,0,2.605,13.437,0,0,9.274,0,1.788,6.518,2.36,15.697,0,0,0,0,0,2.729,0,0,3.928,0,4.287,0,0,7.112,0,2.696
IKPB:bin_000070,2.881,0,0,0,0,0,6.544,0,0,0,0,0,0,2.347,0,0,0,0,4.413,0,0,0,0,0,0,2.293,0,0,1.255,0,0,0,0,0,0,0,0,0,0,2.305,0,1.203,0,0,0,1.109,0,0,0,0,1.741,0,0,0,0,2.275,0,0,0,7.295,0,0,4.482,0,0,2.315,0,5.672,0,0,0,0,0,0,0,0,0,0,3.241,0,0,3.084,0,1.414
IKPB:bin_000071,0,0,0,0,0,0,0,0,0,0,0,0,0,0,0,0,0,0,0,0,0,0,0,0,0,0,0,0,0,0,0,0,0,0,0,0,0,0,0,0,0,0,0,0,0,0,0,0,0,0,0,0,0,0,0,0,0,0,0,0,0,0,0,0,0,0,0,0,0,0,0,0,0,0,0,0,0,0,0,0,0,0,0,0
IKPB:bin_000072,0,0,0,0,0,0,0,0,0,0,0,0,0,0,0,0,0,0,0,0,0,0,0,0,0,0,0,0,0,0,0,0,0,0,0,0,0,0,0,0,0,0,0,0,0,0,0,0,0,0,0,0,0,0,0,0,0,0,0,0,0,0,0,0,0,0,0,0,0,0,0,0,0,0,0,0,0,0,0,0,0,0,0,0
IKPB:bin_000073,8.087,0,0,0,1.591,3.46,13.393,0,0,1.828,1.72,0,0,8.041,1.103,3.639,0,0,4.159,0,6.478,0.946,3.361,0,0,6.728,0,0,3.393,0,3.535,15.366,3.096,2.794,0,0,3.491,2.22,0.975,8.675,3.063,2.882,0,2.241,0,3.414,0,0,0,0,4.41,0,4.71,2.834,0,7.109,1.704,1.027,3.002,18.036,0,0,11.735,0,3.549,7.261,0,18.568,1.591,0,2.674,0,0,3.468,0,1.211,9.355,2.498,8.042,3.888,0.997,7.036,0,3.834
IKPB:bin_000074,1.684,0,0,0,0,0,2.443,0,0,0,0,0,0,0,0,0,0,0,0,0,0,0,0,0,0,0,0,0,0,0,0,0,0,0,0,0,0,0,0,0,0,0,0,0,0,0,0,0,0,0,0,0,0,0,1.217,3.006,0,0,0,3.603,0,0,3.109,0,0,0,0,3.127,0,0,0,0,0,0,0,0,0,0,0,0,0,1.634,0,0
IKPB:bin_000075,1.441,0,0,0,0,0,1.781,0,0,0,0,0,0,0,0,0,0,0,0,0,0,0,0,0,0,0,0,0,0,0,0,0,0,0,0,0,0,0,0,0,0,0,0,0,0,0,0,0,0,0,0,0,0,0,1.635,1.157,0,0,0,2.31,0,0,0,0,0,0,0,2.35,0,0,0,0,0,0,0,0,0,0,0,0,0,1.384,0,0
IKPB:bin_000076,1.779,0,0,0,0,0,1.752,0,0,0,0,0,0,0,0,0,0,0,0,0,0,0,0,0,0,0,0,0,0,0,0,2.011,0,0,0,0,0,0.908,0,0,0,0,0,2.331,0,0,0,0,0,0,0,0,0,0,1.397,1.146,0,0,0,2.188,0,0,0,0,0,0,0,2.993,0,0,0,0,0,0,0,0,0,0,0,0,0,1.728,0,0
IKPB:bin_000078,6.444,0,0,0,1.399,2.689,8.696,0,0,0,1.224,0,0,3.543,0,0,0,0,3.932,0,0,0,0,0,0,4.095,0,0,2.816,0,0,5.417,2.157,0,3.52,0,2.169,1.798,0,5.406,1.828,2.06,0,4.707,0,2.762,0,0,0,0,3.073,0,0,2.184,0,4.79,0,0,1.527,13.988,0,0,7.34,0,0,4.13,0,13.612,0,0,0,0,0,2.89,0,0,4.191,0,5.886,0,0,5.048,0,2.42
IKPB:bin_000080,0,0,0,0,0,0,0,0,0,0,0,0,0,0,0,0,0,0,0,0,0,0,0,0,0,0,0,0,0,0,0,0,1.114,0,0,0,0,0,0,0,0,0,0,0,0,0,0,0,0,0,0,0,0,0,0,0,0,0,0,0,0,0,0,0,0,0,4.981,0,0,0,0,0,0,0,0,0,0,0,0,0,0,0,0,0
IKPB:bin_000081,0,0,0,0,0,0,2.12,0,0,0,0,0,0,0,0,0,0,0,0,0,1.887,0,0,0,0,0,0,0,0,0,0,0,0,0,0,0,0,0,0,0,0,0,0,0,0,0,0,0,0,0,0,0,0,0,1.176,1.443,0,0,0,0,0,0,0,0,0,0,0,0,0,0,0,0,0,0,0,0,0,0,0,0,0,0,0,0
IKPB:bin_000082,0,0,0,0,0,0,0,0,0,0,0,0,0,0,0,0,0,0,0,0,0,0,0,0,0,0,0,0,0,0,0,0,0,0,0,0,0,0,0,0,0,0,0,0,0,0,0,0,0,0,0,0,0,0,0,0,0,0,0,0,0,0,0,0,0,0,0,0,0,0,0,0,0,0,0,0,0,0,0,0,0,0,0,0
IKPB:bin_000083,5.387,0,0,0,1.704,3.781,10.123,0,0,1.16,1.164,0,0,4.898,0,0,0,0,3.812,0,2.904,0,0,0,0,4.471,1.943,0,3.078,0,0,8.429,2.977,2.622,2.671,0,2.736,2.575,0,7.878,1.62,2.617,0,0,1.975,2.907,0,0,0,0,3.325,0,3.548,2.039,0,5.28,1.357,0,1.81,12.758,0,0,7.547,0,1.546,5.049,0,9.401,1.208,0,0,0,0,2.338,0,1.152,4.088,0,4.044,0,0,4.515,0,2.567
IKPB:bin_000084,0,0,0,0,0,0,0,0,0,0,0,0,0,0,0,0,0,0,0,0,0,0,0,0,0,0,0,0,0,0,0,0,0,0,0,0,0,0,0,0,0,0,0,0,0,0,0,0,0,0,0,0,0,0,0,0,0,0,0,0,0,0,0,0,0,0,0,0,0,0,0,0,0,0,0,0,0,0,0,0,0,0,0,0
IKPB:bin_000085,1.881,0,0,0,0,0,2.966,0,0,0,0,0,0,0,1.195,0,0,0,0,0,0,0,0,0,0,0,2.055,0,0,0,0,0,0,0,0,0,1.061,0,1.236,0,0,1.333,0,0,0,1.11,0,0,4.23,0,0,0,2.973,0,0,0,0,1.073,0.963,8.025,0,0,0,0,0,1.429,0,3.505,0,0,0,0,0,0,0,0,0,0,0,0,0,3.37,0,0
IKPB:bin_000086,0,0,0,0,0,0,0,0,0,0,0,0,0,0,0,0,0,0,0,0,0,0,0,0,0,0,0,0,0,0,0,0,0,0,0,0,0,0,0,0,0,1.322,0,0,0,0,0,0,0,0,0,0,0,0,2.427,0,0,0,0,4.24,0,0,0,1.075,0,0,4.07,0,0,0,0,0,0,0,0,0,0,0,0,0,0,0,0,0
IKPB:bin_000087,5.372,0,0,0,0,1.64,6.907,0,0,0,0,0,0,0,0,0,0,0,1.68,0,3.664,0,0,1.85,0,2.68,0,0,0,0,0,1.902,1.091,0,4.753,0,1.186,1.397,0,4.784,0,0.953,0,7.959,0,1.069,0,0,0,0,4.033,1.44,0,1.094,6.677,5.709,0,0,0,6.509,0,0,5.66,0,0,4.091,0,5.148,0,0,0,0,0,0,0,0,1.817,0,1.993,0,0,3.86,0,2.165
IKPB:bin_000088,4.271,0,0,0,0,0,7.048,0,0,0,0,0,0,0,0,0,0,0,0,0,0,0,0,0,0,0,0,0,1.933,0,0,5.693,1.972,0,0,0,0,0,0,5.31,0,1.846,0,0,0,2.714,0,0,0,0,2.393,0,3.321,0,0,3.038,0,0,0,8.649,0,0,0,0,0,3.796,0,9.054,0,0,0,0,0,1.681,0,0,0,0,0,0,0,4.465,0,2.03
IKPB:bin_000090,0,0,0,0,0,0,0,0,0,0,0,0,0,0,0,0,0,0,0,0,0,0,0,0,0,0,0,0,0,0,0,0,0,0,0,0,0,0,0,0,0,0,0,0,0,0,0,0,0,0,0,0,0,0,0,0,0,0,0,0,0,0,0,0,0,0,0,0,0,0,0,0,0,0,0,0,0,0,0,0,0,0,0,0
IKPB:bin_000091,21.662,3.12,1.795,4.373,4.653,14.141,57.1,0,0,5.409,5.099,0,1.276,19.484,2.7,12.863,0,2.778,10.27,3.665,24.797,2.43,13.677,6.68,0,25.501,10.516,0,11.709,0,16.453,55.524,13.991,12.576,5.818,3.412,14.601,8.45,3.96,29.415,8.991,11.538,0,8.417,6.522,9.521,2.956,3.145,6.383,1.367,13.7,2.16,13.014,11.115,3.065,27.805,5.439,4.048,8.723,51.584,0,0.831,32.657,3.227,9.586,20.994,3.448,57.468,4.703,0,10.205,0,2.127,11.193,0,5.249,19.795,9.798,27.406,11.105,2.88,17.643,3.834,12.838
IKPB:bin_000092,9.543,1.169,0,0,1.485,3.918,12.759,0,0,2.26,1.623,0,0,4.626,0,3.692,0,0,4.948,0,4.763,1.127,3.329,2.224,0,8.911,0,0,4.171,0,2.34,14.953,4.016,3.356,2.305,0,3.431,2.253,0,10.846,3.141,4.261,0,3.775,3.265,5.016,0,1.139,2.967,0,4.671,0,5.022,3.048,0,5.664,1.883,1.369,3.465,19.54,0,0,9.003,0,3.379,7.195,0,21.669,0,0,0,0,0,4.692,0,0,4.466,0,5.665,3.649,0,9.847,0,3.284
IKPB:bin_000093,28.266,6.98,0,10.036,3.074,11.845,48.521,0,0,6.123,4.011,0,0,15.663,6.855,14.719,0,5.784,13.988,3.742,14.911,4.467,6.789,7.822,0,20.599,9.28,0,12.466,0,8.222,39.075,11.214,10.375,13.684,6.46,8.163,9.475,3.581,39.123,6.309,13.272,0,23.321,6.254,17.577,0,2.81,7.394,0.976,16.715,2.72,24.017,11.846,5.402,23.345,5.884,3.104,22.374,64.154,0,1.596,26.863,5.568,9.435,29.313,10.763,65.988,4.841,0,10.371,0,1.706,10.469,1.286,3.221,18.727,13.442,18.75,8.173,2.373,34.01,6.222,14.435
IKPB:bin_000095,17.671,2.644,1.136,4.225,4.054,8.553,34.001,0,0,3.97,4.275,0,0,14.048,2.144,7.735,0,2.055,8.959,2.005,14.187,1.816,9.097,4.633,0,16.474,7.276,0,8.95,0,11.915,37.8,9.136,9.715,4.751,3.231,8.62,6.063,2.577,23.885,7.253,7.319,0,8.821,4.39,7.833,1.995,1.907,4.754,0.952,10.866,1.607,11.671,7.767,2.121,27.107,4.115,3.042,7.177,37.926,0,0,26.663,1.886,7.708,15.18,2.973,44.551,4.173,0,7.953,0,1.141,7.353,0,3.52,16.377,5.777,18.24,9.627,1.898,16.903,2.867,7.78
IKPB:bin_000096,0,0,0,0,0,0,3.223,0,0,0,0,0,0,0,0,0,0,0,0,0,0,0,0,0,0,0,0,0,0,0,0,0,0,0,0,0,0,1.194,0,0,0,0,0,0,0,0,0,0,0,0,0,0,0,0,0,0,0,0,0,5.449,0,0,3.611,0,0,0,0,0,0,0,0,0,0,0,0,0,0,0,0,0,0,0,0,1.665
IKPB:bin_000098,0,0,0,0,0,0,0,0,0,0,0,0,0,0,0,0,0,0,0,0,0,0,0,0,0,0,0,0,0,0,0,0,0,0,0,0,0,0,0,0,0,0,0,0,0,0,0,0,0,0,0,0,0,0,0,0,0,0,0,0,0,0,0,0,0,0,0,0,0,0,0,0,0,0,0,0,0,0,0,0,0,0,0,0
IKPB:bin_000099,0,0,0,0,0,0,0,0,0,0,0,0,0,0,0,0,0,0,0,0,0,0,0,0,0,0,0,0,0,0,0,0,0,0,0,0,0,0,0,0,0,0,0,0,0,0,0,0,0,0,0,0,0,0,0,0,0,0,0,0,0,0,0,0,0,0,0,0,0,0,0,0,0,0,0,0,0,0,0,0,0,0,0,0
IKPB:bin_000100,0,0,0,0,0,0,0,0,0,0,0,0,0,0,0,0,0,0,0,0,0,0,0,0,0,0,0,0,0,0,0,0,0,0,0,0,0,0,0,0,0,0,0,0,0,0,0,0,0,0,0,0,0,0,0,0,0,0,0,0,0,0,0,0,0,0,0,0,0,0,0,0,0,0,0,0,0,0,0,0,0,0,0,0
IKPB:bin_000101,6.216,0,0,0,0,0,8.058,0,0,0,0,0,0,0,0,0,0,0,4.188,0,0,0,0,0,0,0,0,0,2.644,0,0,6.33,0,0,0,0,0,0,0,5.72,0,2.162,0,3.849,0,0,0,0,0,0,0,0,0,0,0,0,0,0,0,11.451,0,0,7.099,0,0,4.801,0,10.663,0,0,0,0,0,0,0,0,0,0,0,0,0,4.631,0,0
IKPB:bin_000102,3.638,1.085,0,2.18,0,0,4.606,0,0,0,0,0,0,0,0,1.996,0,0,4.92,0,0,0,0,0,0,0,0,0,2.319,0,0,5.618,0,0,4.547,0,0,0,0,4.919,0,1.421,0,6.243,0,2.593,0,0,0,0,0,0,2.703,1.491,0,9.703,0,0,1.113,9.292,0,0,5.103,0,0,3.139,0,9.541,0,0,2.811,0,0,0,0,0,3.172,3.529,3.443,0,0,4.582,0,1.917
IKPB:bin_000103,5.737,0,0,0,0,1.872,6.308,0,0,0,0,0,0,3.594,0,0,0,0,3.58,0,2.882,0,0,0,0,4.139,0,0,1.535,0,0,7.579,3.118,0,2.351,0,1.351,1.224,0,3.274,0,1.963,0,6.402,1.754,1.19,0,0,0,0,1.184,0,2.501,1.979,2.938,1.32,1.128,0,0,12.3,0,0,4.814,0,0,3.13,4.015,8.675,1.202,0,0,0,0,1.354,0,0,6.934,0,2.726,1.918,0,7.868,0,2.906
IKPB:bin_000104,25.542,3.818,2.017,5.778,3.339,17.644,59.437,0,0,5.451,4.641,0,1.406,22.422,3.543,11.256,0,3.84,14.737,3.401,20.82,2.808,11.09,7.929,0,31.048,10.737,0,10.581,0,15.794,51.067,12.114,11.765,10.43,3.15,13.568,12.961,3.531,37.628,10.462,13.991,2.115,15.256,10.321,11.159,2.367,3.557,8.175,1.527,12.938,2.313,17.832,12.298,3.398,19.67,6.573,5.103,9.324,68.858,0,0,35.466,4.135,12.024,23.87,5.243,56.203,5.87,0,13.172,0,2.268,13.414,1.311,4.936,27.406,9.904,24.686,14.081,3.244,21.116,4.903,14.6
IKPB:bin_000105,5.606,0,0,0,0,0,10.117,0,0,0,0,0,0,0,0,0,0,0,3.164,0,3.668,0,0,0,0,4.418,0,0,2.704,0,0,7.866,2.84,0,2.901,0,1.98,1.955,0,6.933,0,2.337,0,4.354,0,3.521,0,0,0,0,3.269,0,0,2.463,0,4.82,0,0,2.787,12.608,0,0,6.478,0,2.478,5.928,0,11.73,0,0,0,0,0,2.214,0,0,4.499,0,3.993,0,0,5.502,0,3.139
IKPB:bin_000106,1.259,0,0,0,0,0,2.949,0,0,0,0,0,0,0,0,0,0,0,0,0,0,0,0,0,0,0,0,0,0,0,0,0,0,0,1.786,0,0,0,0,0,0,0,0,3.019,0,0,0,0,0,0,0,0,0,0,1.595,3.263,0,0,0,3.209,0,0,2.255,0,0,1.149,0,2.543,0,0,0,0,0,0,0,0,0,0,0,0,0,1.795,0,1.041
IKPB:bin_000107,0,0,0,0,0,0,0,0,0,0,0,0,0,0,0,0,0,0,0,0,0,0,0,0,0,0,0,0,0,0,0,0,0,0,0,0,0,0,0,0,0,0,0,0,0,0,0,0,0,0,1.652,0,0,0,0,0,0,0,0,0,0,0,0,0,0,0,0,0,0,0,0,0,0,0,0,0,0,0,0,0,0,0,0,0
IKPB:bin_000109,53.349,5.85,1.829,10.974,5.143,24.561,74.916,0,0,10.786,10.388,0,2.217,33.909,5.786,20.439,0,9.122,43.035,6.09,24.111,7.722,26.142,19.36,0,44.719,22.564,0,26.518,0,18.163,79.889,29.056,15.041,24.601,21.486,22.022,20.029,5.881,65.052,18.185,21.654,2.935,33.06,9.37,29.412,3.981,10.08,12.484,2.67,27.009,4.018,30.017,22.113,7.415,35.826,15.561,6.654,13.709,135.376,0,2.381,78.517,7.047,16.159,46.445,14.012,155.321,10.5,0,34.86,0,4.541,31.871,1.613,6.154,33.365,12.543,32.887,27.544,3.417,74.469,8.41,24.139
IKPB:bin_000110,14.153,1.093,0,0,0,2.674,5.08,0,0,0,0,0,0,3.24,0,1.725,0,0,3.376,0,0,0,2.23,0,0,4.485,0,0,1.757,0,0,7.146,0,0,0,0,1.955,1.564,0,0,1.633,1.343,0,3.222,0,2.891,0,0,0,0,0,0,0,0,0,2.496,0,0,0,7.476,0,0,4.493,0,1.619,3.746,7.38,11.108,0,0,0,0,0,1.711,0,0,0,0,3.373,0,0,5.096,0,0
IKPB:bin_000112,1.274,0,0,0,0,0,0,0,0,0,0,0,0,1.686,0,0,0,0,0,0,0,0,0,0,0,0,3.69,0,0,0,0,0,0,0,0,0,0,0,0,0,0,0,0,2.376,0,0,0,0,0,0,0,0,0,0,0,0,0,0,0,2.739,0,0,0,0,0,1.093,4.014,4.27,0,0,0,0,0,0,0,0,0,0,0,0,0,4.069,0,0
IKPB:bin_000113,2.577,0,0,0,0,0,3.969,0,0,0,0,0,0,0,0,0,0,0,0,0,0,0,0,0,0,0,0,0,0,0,0,3.838,0,0,0,0,0,0,0,2.822,0,0,0,2.127,0,0,0,0,0,0,1.424,0,0,0,0,0,0,0,0,5.039,0,0,0,0,0,2.64,0,2.977,0,0,0,0,0,0,0,0,0,0,0,0,0,4.777,0,1.364
IKPB:bin_000114,0,0,0,0,0,0,0,0,0,0,0,0,0,0,0,0,0,0,2.13,0,0,0,0,0,0,0,0,0,0,0,0,3.56,0,0,0,0,0,0,0,0,0,0,0,2.099,0,0,0,0,0,0,0,0,1.862,0,0,0,0,0,0,2.607,0,0,0,0,0,0,0,0,0,0,0,0,0,0,0,0,0,0,0,0,0,0,0,0
IKPB:bin_000115,0,0,0,0,0,0,0,0,0,0,0,0,0,0,0,0,0,0,0,0,0,0,0,0,0,0,0,0,0,0,0,0,0,0,0,0,0,0,0,0,0,0,0,0,0,0,0,0,0,0,0,0,0,0,0,0,0,0,0,0,0,0,0,0,0,0,0,0,0,0,0,0,0,0,0,0,0,0,0,0,0,0,0,0
IKPB:bin_000116,9.979,1.151,0,0,2.013,3.441,13.637,0,0,1.776,2.332,0,0,6.715,1.073,2.443,0,2.713,6.39,0,3.786,0.923,2.241,2.244,0,8.05,0,0,5.536,0,2.17,10.283,3.162,3.818,3.967,0,3.967,3.127,0,9.92,2.487,3.637,0,10.199,2.001,4.657,0,1.154,2.198,0,3.584,0,4.586,3.104,0,6.838,2.236,1.018,2.828,21.17,0,0,12.372,0,3.351,6.822,0,20.856,1.245,0,3.843,0,0,3.703,0,1.246,7.997,0,7.656,2.333,0,8.654,0,4.973
IKPB:bin_000117,0,0,0,0,0,0,0,0,0,0,0,0,0,0,0,0,0,0,0,0,0,0,0,0,0,0,0,0,0,0,0,0,0,0,0,0,0,0,0,0,0,0,0,0,0,0,0,0,0,0,0,0,0,0,0,0,0,0,0,0,0,0,0,0,0,0,0,0,0,0,0,0,0,0,0,0,0,0,0,0,0,0,0,0
IKPB:bin_000118,2.75,0,0,0,0,0,3.021,0,0,0,0,0,0,0,0,0,0,0,0,0,0,0,0,0,0,0,0,0,0,0,0,2.716,0,0,0,0,0,0,0,0,0,0,0,0,0,1.162,0,0,0,0,0,0,0,0,0,0,0,0,0,6.105,0,0,2.657,0,0,1.471,0,7.873,0,0,0,0,0,1.009,0,0,2.274,0,0,0,0,3.433,0,0
IKPB:bin_000119,4.901,0,0,0,0,1.717,5.78,0,0,0,0,0,0,2.362,0,0,0,0,0,0,0,0,0,0,0,0,0,0,1.523,0,0,3.912,2.364,0,0,0,0,0,0,2.664,0,1.163,0,3.548,0,2.214,0,0,0,0,0,0,0,1.011,0,0,0,0,0,9.891,0,0,3.246,0,0,2.429,7.09,7.232,0,0,0,0,0,1.334,0,0,2.985,0,3.193,0,0,5.096,0,1.229
IKPB:bin_000120,0,0,0,0,0,0,0,0,0,0,0,0,0,0,0,0,0,0,0,0,0,0,0,0,0,0,0,0,0,0,0,0,0,0,0,0,0,0,0,0,0,0,0,0,0,0,0,0,0,0,0,0,0,0,0,0,0,0,0,0,0,0,0,0,0,0,0,0,0,0,0,0,0,0,0,0,0,0,0,0,0,0,0,0
IKPB:bin_000121,3.358,0,0,0,0,0,4.241,0,0,0,0,0,0,0,0,0,0,0,2.091,0,0,0,0,0,0,2.001,0,0,0,0,0,4.036,1.712,0,0,0,0,0,0,3.905,0,1.162,0,0,0,1.073,0,0,0,0,0,0,0,1.402,0,1.24,0,0,0,9.597,0,0,3.78,0,0,2.325,3.782,8.251,0,0,0,0,0,1.009,0,0,3.567,0,0,0,0,4.094,0,1.23
IKPB:bin_000122,3.772,0,0,0,0,0,3.806,0,0,0,0,0,0,0,0,0,0,0,3.078,0,2.856,0,0,0,0,0,0,0,1.307,0,0,0,0,0,0,0,0,1.099,0,2.529,0,1.048,0,2.734,0,0,0,0,0,0,0,0,0,1.353,0,0,0,0,0,11.579,0,0,0,0,0,4.331,0,7.693,0,0,0,0,0,0,0,0,2.216,0,0,0,0,0,0,1.075
IKPB:bin_000123,17.436,1.751,0,3.655,3.848,7.881,27.2,0,0,3.412,3.144,0,0,9.099,0,4.041,0,3.498,12.046,1.656,7.428,2.013,4.093,3.332,0,15.326,3.628,0,7.978,0,3.685,19.985,4.946,8.834,8.027,2.727,6.689,5.858,0,16.249,5.283,6.988,0,12.503,3.749,8.245,0,2.02,0,0,7.311,0,7.953,6.035,2.611,12.921,3.573,1.654,4.563,34.221,0,0,25.328,1.907,4.542,12.198,4.793,38.303,1.921,0,5.578,0,0,7.211,0,1.94,11.584,0,15.761,4.166,0,12.917,2.693,7.221
IKPB:bin_000124,52.181,4.492,1.932,8.109,13.353,27.895,82.168,0,0,9.186,9.579,0,1.911,37.211,3.949,13.115,0,12.345,32.485,4.941,23.905,6.202,15.056,9.878,0,42.982,13.309,0,25.393,0,12.376,58.685,19.477,33.859,24.69,8.165,20.358,20.383,3.181,50.3,16.785,22.604,2.491,36.887,13.054,27.123,2.983,6.212,8.47,1.611,34.119,3.987,23.634,21.21,7.901,55.625,10.409,7.175,14.02,105.782,0,1.56,87.488,6.485,18.595,37.583,14.147,125.383,6.664,0,15.766,0,2.405,24.691,2.42,7.059,39.935,8.417,52.236,17.393,3.783,39.663,8.045,22.936
IKPB:bin_000125,0,0,0,0,0,0,0,0,0,0,0,0,0,0,0,0,0,0,0,0,0,0,0,0,0,0,0,0,0,0,0,0,0,0,0,0,0,0,0,0,0,0,0,0,0,0,0,0,0,0,0,0,0,0,0,0,0,0,0,0,0,0,0,0,0,0,0,0,0,0,0,0,0,0,0,0,0,0,0,0,0,0,0,0
IKPB:bin_000126,0,0,0,0,0,0,0,0,0,0,0,0,0,0,0,0,0,0,0,0,0,0,0,0,0,0,0,0,0,0,0,0,0,0,0,0,0,0,0,0,0,0,0,0,0,0,0,0,0,0,0,0,0,0,0,0,0,0,0,0,0,0,0,0,0,0,0,0,0,0,0,0,0,0,0,0,0,0,0,0,0,0,0,0
IKPB:bin_000127,0,0,0,0,0,0,0,0,0,0,0,0,0,0,0,0,0,0,0,0,0,0,0,0,0,0,0,0,0,0,0,0,0,0,0,0,0,0,0,0,0,0,0,0,0,0,0,0,0,0,0,0,0,0,0,0,0,0,0,0,0,0,0,0,0,0,0,0,0,0,0,0,0,0,0,0,0,0,0,0,0,0,0,0
IKPB:bin_000128,0,0,0,0,0,0,0,0,0,0,0,0,0,0,0,0,0,0,0,0,0,0,0,0,0,0,0,0,0,0,0,0,0,0,0,0,0,0,0,0,0,0,0,0,0,0,0,0,0,0,0,0,0,0,0,0,0,0,0,0,0,0,0,0,0,0,0,0,0,0,0,0,0,0,0,0,0,0,0,0,0,0,0,0
IKPB:bin_000129,4.195,0.96,0,0,0,1.354,7.068,0,0,0,1.08,0,0,2.119,0,0,0,0,0,0,2.183,0,0,0,0,3.555,0,0,1.992,0,1.967,3.287,2.342,1.646,0,0,2.175,0.927,0,4.217,1.255,1.723,0,1.725,0,2.323,0,0,0,0,2.055,0,1.906,1.703,0,5.181,0,0.921,1.514,8.856,0,0,3.506,0,1.038,1.583,0,11.018,1.079,0,0,0,0,2.59,0,0.964,0,0,1.956,0,0,5.426,0,1.549
IKPB:bin_000131,0,0,0,0,0,0,0,0,0,0,0,0,0,0,0,0,0,0,0,0,0,0,0,0,0,0,0,0,0,0,0,0,0,0,0,0,0,0,0,0,0,0,0,0,0,0,0,0,0,0,0,0,0,0,0,0,0,0,0,0,0,0,0,0,0,0,0,1.807,0,0,0,0,0,0.915,0,0,0,0,0,0,0,0,0,0
IKPB:bin_000132,0,0,0,0,0,0,0,0,0,0,0,0,0,0,0,0,0,0,0,0,0,0,0,0,0,0,0,0,0,0,0,0,0,0,0,0,0,0,0,0,0,0,0,0,0,0,0,0,0,0,0,0,0,0,0,0,0,0,0,0,0,0,0,0,0,0,0,0,0,0,0,0,0,0,0,0,0,0,0,0,0,0,0,0
IKPB:bin_000133,0,0,0,0,0,0,0,0,0,0,0,0,0,0,0,0,0,0,0,0,0,0,0,0,0,0,0,0,0,0,0,0,0,0,0,0,0,0,0,0,0,0,0,0,0,0,0,0,0,0,0,0,0,0,0,0,0,0,0,0,0,0,0,0,0,0,0,0,0,0,0,0,0,0,0,0,0,0,0,0,0,0,0,0
IKPB:bin_000134,0,0,0,0,0,0,0,0,0,0,0,0,0,0,0,0,0,0,0,0,0,0,0,0,0,0,0,0,0,0,0,0,0,0,0,0,0,0,0,0,0,0,0,0,0,0,0,0,0,0,0,0,0,0,0,0,0,0,0,0,0,0,0,0,0,0,0,0,0,0,0,0,0,0,0,0,0,0,0,0,0,0,0,0
IKPB:bin_000135,0,0,0,0,0,0,0,0,0,0,0,0,0,0,0,0,0,0,0,0,0,0,0,0,0,0,0,0,0,0,0,0,0,0,0,0,0,0,0,0,0,0,0,0,0,0,0,0,0,0,0,0,0,0,0,0,0,0,0,0,0,0,0,0,0,0,0,0,0,0,0,0,0,0,0,0,0,0,0,0,0,0,0,0
IKPB:bin_000136,0,0,0,0,0,0,0,0,0,0,0,0,0,0,0,0,0,0,0,0,0,0,0,0,0,0,0,0,0,0,0,0,0,0,0,0,0,0,0,0,0,0,0,0,0,0,0,0,0,0,0,0,0,0,0,0,0,0,0,0,0,0,0,0,0,0,0,0,0,0,0,0,0,0,0,0,0,0,0,0,0,0,0,0
IKPB:bin_000137,0,0,0,0,0,0,0,0,0,0,0,0,0,0,0,0,0,0,0,0,0,0,0,0,0,0,0,0,0,0,0,0,0,0,0,0,0,0,0,0,0,0,0,0,0,0,0,0,0,0,0,0,0,0,0,0,0,0,0,0,0,0,0,0,0,0,0,2.309,0,0,0,0,0,0,0,0,0,0,0,0,0,0,0,0
IKPB:bin_000138,0,0,0,0,0,0,0,0,0,0,0,0,0,0,0,0,0,0,0,0,0,0,0,0,0,0,0,0,0,0,0,0,0,0,0,0,0,0,0,0,0,0,0,0,0,0,0,0,0,0,0,0,0,0,0,0,0,0,0,0,0,0,0,0,0,0,0,0,0,0,0,0,0,0,0,0,0,0,0,0,0,0,0,0
IKPB:bin_000139,0,0,0,0,0,0,0,0,0,0,0,0,0,0,0,0,0,0,0,0,0,0,0,0,0,0,0,0,0,0,0,0,0,0,0,0,0,0,0,0,0,0,0,0,0,0,0,0,0,0,0,0,0,0,0,0,0,0,0,0,0,0,0,0,0,1.249,0,0,0,0,0,0,0,0,0,0,0,0,0,0,0,1.088,0,0
IKPB:bin_000140,0,0,0,0,0,0,0,0,0,0,0,0,0,0,0,0,0,0,0,0,0,0,0,0,0,0,0,0,0,0,0,0,0,0,0,0,0,0,0,0,0,0,0,0,0,0,0,0,0,0,0,0,0,0,0,0,0,0,0,0,0,0,0,0,0,0,0,0,0,0,0,0,0,0,0,0,0,0,0,0,0,0,0,0
IKPB:bin_000141,0,0,0,0,0,0,0,0,0,0,0,0,0,0,0,0,0,0,0,0,0,0,0,0,0,0,0,0,0,0,0,0,0,0,0,0,0,0,0,0,0,0,0,0,0,0,0,0,0,0,0,0,0,0,0,0,0,0,0,0,0,0,0,0,0,0,0,0,0,0,0,0,0,0,0,0,0,0,0,0,0,0,0,0
IKPB:bin_000142,0,0,0,0,0,0,0,0,0,0,0,0,0,0,0,0,0,0,0,0,0,0,0,0,0,0,0,0,0,0,0,0,0,0,0,0,0,0,0,0,0,0,0,0,0,0,0,0,0,0,0,0,0,0,0,0,0,0,0,0,0,0,0,0,0,0,0,0,0,0,0,0,0,0,0,0,0,0,0,0,0,0,0,0
IKPB:bin_000143,0,0,0,0,0,0,0,0,0,0,0,0,0,0,0,0,0,0,0,0,0,0,0,0,0,0,0,0,0,0,0,0,0,0,0,0,0,0,0,0,0,0,0,0,0,0,0,0,0,0,0,0,0,0,0,0,0,0,0,0,0,0,0,0,0,0,0,0,0,0,0,0,0,0,0,0,0,0,0,0,0,0,0,0
IKPB:bin_000144,0,0,0,0,0,0,0,0,0,0,0,0,0,0,0,0,0,0,0,0,0,0,0,0,0,0,0,0,0,0,0,0,0,0,0,0,0,0,0,0,0,0,0,0,0,0,0,0,0,0,0,0,0,0,0,0,0,0,0,0,0,0,0,0,0,0,0,0,0,0,0,0,0,0,0,0,0,0,0,0,0,0,0,0
IKPB:bin_000145,0,0,0,0,0,0,0,0,0,0,0,0,0,0,0,0,0,0,0,0,0,0,0,0,0,0,0,0,0,0,0,0,0,0,0,0,0,0,0,0,0,0,0,0,0,0,0,0,0,0,0,0,0,0,0,0,0,0,0,0,0,0,0,0,0,0,0,0,0,0,0,0,0,0,0,0,0,0,0,0,0,0,0,0
IKPB:bin_000148,0,0,0,0,0,0,0,0,0,0,0,0,0,0,0,0,0,0,0,0,0,0,0,0,0,0,0,0,0,0,0,0,0,0,0,0,0,0,0,0,0,0,0,0,0,0,0,0,0,0,0,0,0,0,0,0,0,0,0,0,0,0,0,0,0,0,0,0,0,0,0,0,0,0,0,0,0,0,0,0,0,0,0,0
IKPB:bin_000150,0,0,0,0,0,0,0,0,0,0,0,0,0,0,0,0,0,0,0,0,0,0,0,0,0,0,0,0,0,0,0,0,0,0,0,0,0,0,0,0,0,0,0,0,0,0,0,0,0,0,0,0,0,0,0,0,0,0,0,0,0,0,0,0,0,0,0,0,0,0,0,0,0,0,0,0,0,0,0,0,0,0,0,0
IKPB:bin_000151,0,0,0,0,0,0,0,0,0,0,0,0,0,0,0,0,0,0,0,0,0,0,0,0,0,0,0,0,0,0,0,0,0,0,0,0,0,0,0,0,0,0,0,0,0,0,0,0,0,0,0,0,0,0,0,0,0,0,0,0,0,0,0,0,0,0,0,0,0,0,0,0,0,0,0,0,0,0,0,0,0,0,0,0
IKPB:bin_000154,0,0,0,0,0,0,0,0,0,0,0,0,0,0,0,0,0,0,0,0,0,0,0,0,0,0,0,0,0,0,0,0,0,0,0,0,0,0,0,0,0,0,0,0,0,0,0,0,0,0,0,0,0,0,0,0,0,0,0,0,0,0,0,0,0,0,0,0,0,0,0,0,0,0,0,0,0,0,0,0,0,0,0,0
IKPB:bin_000155,0,0,0,0,0,0,0,0,0,0,0,0,0,0,0,0,0,0,0,0,0,0,0,0,0,0,0,0,0,0,0,0,0,0,0,0,0,0,0,0,0,0,0,0,0,0,0,0,0,0,0,0,0,0,0,0,0,0,0,0,0,0,0,0,0,0,0,0,0,0,0,0,0,0,0,0,0,0,0,0,0,0,0,0
IKPB:bin_000156,5.83,0,0,0,0,1.926,4.603,0,0,1.073,0,0,0,2.265,0,0,0,0,2.76,2.143,1.727,0.882,0,0,0,2.448,2.277,0,1.398,0,0,5.033,1.185,0,0,0,0,1.046,0,4.577,0,1.355,0,0,0,0,0,0,5.469,0,1.871,0,2.065,0,0,2.012,1.591,3.117,0.994,10.524,0,0,4.01,0,0,4.232,0,4.506,0,0,0,0,0,0.84,0,0,3.747,0,1.98,0,0,13.411,0,1.891
IKPB:bin_000157,2.582,0,0,0,0,0,1.884,0,0,0,0,0,0,0,0,0,0,0,0,0,0,0,0,0,0,0,0,0,0,0,0,0,0,0,0,0,0,0,0,0,0,0,0,0,0,0,0,0,0,0,0,0,0,0,2.017,1.231,0,0,0,3.562,0,0,0,0,0,0,0,0,0,0,0,0,0,0,0,0,0,0,0,0,0,1.632,0,0
IKPB:bin_000160,0,0,0,0,0,0,0,0,0,0,0,0,0,0,0,0,0,0,0,0,0,0,0,0,0,0,0,0,0,0,0,0,0,0,0,0,0,0,0,0,0,0,0,0,0,0,0,0,0,0,0,0,0,0,0,0,0,0,0,0,0,0,0,0,0,0,0,0,0,0,0,0,0,0,0,0,0,0,0,0,0,0,0,0
IKPB:bin_000161,2.224,0,0,0,0.947,0,4.967,0,0,0,0,0,0,0,0,0,0,0,0,0,0,0,0,0,0,0,0,0,0,0,0,3.181,0,0,0,0,1.066,1.194,0,3.372,1.344,1.158,0,0,0,1.253,0,0,0,0,1.492,0,0,1.044,0,3.15,0,0,0,4.613,0,0,3.999,0,1.613,2.779,0,6.676,0,0,0,0,0,1.752,0,0,2.508,0,2.114,0,0,2.864,0,1.066
IKPB:bin_000162,0,0,0,0,0,0,0,0,0,0,0,0,0,0,0,0,0,0,0,0,0,0,0,0,0,0,0,0,0,0,0,0,0,0,0,0,0,0,0,0,0,0,0,0,0,0,0,0,0,0,0,0,0,0,0,0,0,0,0,0,0,0,0,0,0,0,0,0,0,0,0,0,0,0,0,0,0,0,0,0,0,0,0,0
IKPB:bin_000163,0,0,0,0,0,0,0,0,0,0,0,0,0,0,0,0,0,0,0,0,0,0,0,0,0,0,0,0,0,0,0,0,0,0,0,0,0,0,0,0,0,0,0,0,0,0,0,0,0,0,0,0,0,0,0,0,0,0,0,0,0,0,0,0,0,0,0,0,0,0,0,0,0,0,0,0,0,0,0,0,0,0,0,0
IKPB:bin_000165,21.218,2.175,1.621,4.827,4.306,23.289,23.559,0,0,2.87,4.484,0,0,15.416,6.628,12.348,0,2.12,11.213,1.529,8.924,2.884,6.175,4.426,0,12.04,6.408,0,13.215,0,12.721,43.603,17.485,9.312,4.506,3.864,5.779,9.298,1.872,88.091,12.875,7.661,2.417,10.242,8.909,10.552,5.026,1.724,3.084,0,8.264,2.716,8.92,5.862,2.947,19.283,4.11,2.857,6.9,46.499,0,0,32.6,2.374,9.466,23.166,6.362,60.276,6.526,0,9.31,0,2.569,10.467,1.238,4.899,15.609,5.826,31.68,11.359,3.68,25.672,4.384,9.142
IKPB:bin_000166,0,0,0,0,0,0,0,0,0,0,0,0,0,0,0,0,0,0,0,0,0,0,0,0,0,0,0,0,0,0,0,0,0,0,0,0,0,0,0,0,0,0,0,0,0,0,0,0,0,0,0,0,0,0,0,0,0,0,0,0,0,0,0,0,0,0,0,0,0,0,0,0,0,0,0,0,0,0,0,0,0,0,0,0
IKPB:bin_000167,1.364,0,0,0,0,0,0,0,0,0,0,0,0,0,0,0,0,0,0,0,0,0,0,0,0,0,0,0,0,0,0,2.735,0,0,0,0,0,0,0,0,0,0,0,0,0,0,0,0,0,0,0,0,0,0,0,1.272,0,0,0,3.403,0,0,0,0,0,0,0,3.337,0,0,0,0,0,0,0,0,0,0,0,0,0,0,0,0
IKPB:bin_000170,13.604,1.663,0,0,2.303,5.344,14.322,0,0,2.564,2.308,0,0,8.637,1.082,2.961,0,0,6.326,1.242,5.282,1.387,3.426,3.139,0,7.143,2.27,0,4.567,0,3.478,14.125,6.09,3.618,3.034,0,4.959,5.031,1.183,13.44,3.776,3.834,0,6.2,2.749,5.47,0,1.478,5.207,0.796,5.262,1.204,5.514,4.135,0.948,15.346,2.276,2.347,2.807,23.478,0,0,13.325,2.273,4.678,8.48,1.899,20.641,2.538,0,6.19,0,0.983,8.204,0,2.954,7.67,0,13.792,4.734,1.114,9.006,2.376,3.614
IKPB:bin_000171,4.764,1.087,0,0,0,1.912,7.016,0,0,0,0,0,0,2.475,0,0,0,0,1.733,0,5.048,0.921,0,0,0,3.219,0,0,1.083,0,0,5.697,2.146,0,1.729,0,1.478,2.659,0,4.536,0,2.216,0,6.127,0,3.732,0,0.98,0,0,4.39,0,1.805,2.119,10.206,7.898,1.054,0,0,7.608,0,0,5.588,1.195,1.89,3.298,2.986,6.068,2.273,0,2.828,0,0,1.36,0,0,4.214,2.681,0,0,0,7.868,0,2.612
IKPB:bin_000172,1.558,0,0,0,0,0,0,0,0,0,0,0,0,0,0,0,0,0,0,0,0,0,0,0,0,0,0,0,0,0,0,0,0,0,0,0,0,0,0,0,0,0,0,0,0,0,0,0,0,0,0,0,3.95,0,0,0,0,0,0,0,0,0,0,0,0,0,0,2.271,0,0,0,0,0,2.398,0,0,0,0,0,0,0,0,0,0
IKPB:bin_000173,0,0,0,0,0,0,0,0,0,0,0,0,0,0,0,0,0,0,0,0,0,0,0,0,0,0,0,0,0,0,0,0,0,0,0,0,0,0,0,0,0,0,0,0,0,0,0,0,0,0,0,0,0,0,0,0,0,0,0,0,0,0,0,0,0,0,0,0,0,0,0,0,0,0,0,0,0,0,0,0,0,0,0,0
IKPB:bin_000178,0,0,0,0,0,0,0,0,0,0,0,0,0,0,0,0,0,0,0,0,0,0,0,0,0,0,0,0,0,0,0,0,0,0,0,0,0,0,0,0,0,0,0,0,0,0,0,0,0,0,0,0,0,0,0,0,0,0,0,0,0,0,0,0,0,0,0,0,0,0,0,0,0,0,0,0,0,0,0,0,0,0,0,0
IKPB:bin_000180,1.675,0,0,0,0,0,0,0,0,0,0,0,0,0,0,0,0,0,0,0,0,0,0,0,0,3.794,0,0,0,0,0,0,0,0,0,0,0,0,0,0,0,0,0,0,0,0,0,0,0,0,0,0,0,0,0,2.674,2.535,0,0,0,0,0,0,0,0,0,0,2.79,0,0,0,0,0,1.078,0,0,0,0,0,0,0,0,0,0
IKPB:bin_000181,0,0,0,0,0,0,0,0,0,0,0,0,0,0,0,0,0,0,0,0,0,0,0,0,0,0,0,0,0,0,0,0,0,0,0,0,0,0,0,0,0,0,0,0,0,0,0,0,0,0,0,0,0,0,0,0,0,0,0,0,0,0,0,0,0,0,0,0,0,0,0,0,0,0,0,0,0,0,0,0,0,0,0,0
IKPB:bin_000183,0,0,0,0,0,0,0,0,0,0,0,0,0,0,0,0,0,0,0,0,0,0,0,0,0,0,0,0,0,0,0,0,0,0,0,0,0,0,0,0,0,0,0,0,0,0,0,0,0,0,0,0,0,0,0,0,0,0,0,0,0,0,0,0,0,0,0,0,0,0,0,0,0,0,0,0,0,0,0,0,0,0,0,0
IKPB:bin_000185,0,0,0,0,0,0,0,0,0,0,0,0,0,0,0,0,0,0,0,0,0,0,0,0,0,0,0,0,0,0,0,0,0,0,0,0,0,0,0,0,0,0,0,0,0,0,0,0,0,0,0,0,0,0,0,0,0,0,0,0,0,0,0,0,0,1.175,0,0,0,0,0,0,0,0,0,0,0,0,0,0,0,0,0,0
IKPB:bin_000187,7.253,1.055,0,0,0,2.854,14.327,0,0,0,0,0,0,2.883,0,2.849,0,0,2.856,0,6.024,1.72,0,0,0,2.028,0,0,1.924,0,0,4.421,1.609,0,14.703,2.33,1.559,2.54,0,6.551,0,1.99,0,17.177,0,1.882,0,0,0,0,9.306,1.579,2.019,2.027,2.992,3.548,0,0,0.864,12.956,0,0,7.849,1.408,0,5.33,2.697,6.539,0,0,0,0,0,1.17,0,0,7.666,3.522,2.897,0,0,4.335,2.612,3.361
IKPB:bin_000189,0,0,0,0,0,0,0,0,0,0,0,0,0,0,0,0,0,0,0,0,0,0,0,0,0,0,0,0,0,0,0,0,0,0,0,0,0,0,0,0,0,0,0,0,0,0,0,0,0,0,0,0,0,0,0,0,0,0,0,0,0,0,0,0,0,0,0,0,0,0,0,0,0,0,0,0,0,0,0,0,0,0,0,0
IKPB:bin_000190,0,0,0,0,0,0,0,0,0,0,0,0,0,0,0,0,0,0,0,0,0,0,0,0,0,0,0,0,0,0,0,0,0,0,0,0,0,0,0,0,0,0,0,0,0,0,0,0,0,0,0,0,0,0,0,0,0,0,0,0,0,0,0,0,0,0,0,0,0,0,0,0,0,0,0,0,0,0,0,0,0,0,0,0
IKPB:bin_000191,0,0,0,0,0,0,0,0,0,0,0,0,0,0,0,0,0,0,0,0,0,0,0,0,0,0,0,0,0,0,0,0,0,0,0,0,0,0,0,0,0,0,0,0,0,0,0,0,0,0,0,0,0,0,0,0,0,0,0,0,0,0,0,0,0,0,0,0,0,0,0,0,0,0,0,0,0,0,0,0,0,0,0,0
IKPB:bin_000193,1.389,0,0,0,0,0,0,0,0,0,0,0,0,0,0,0,0,0,0,0,0,0,0,0,0,0,0,0,0,0,0,0,0,0,0,0,0,0,0,0,0,0,0,0,0,0,0,0,0,0,0,0,0,0,0,0,0,0,0,0,0,0,0,0,0,0,2.612,3.391,0,0,0,0,0,0,0,0,0,0,0,0,0,2.683,0,0
IKPB:bin_000196,0,0,0,0,0,0,0,0,0,0,0,0,0,0,0,0,0,0,0,0,0,0,0,0,0,0,0,0,0,0,0,0,0,0,0,0,0,0,0,0,0,0,0,0,0,0,0,0,0,0,0,0,0,0,0,0,0,0,0,0,0,0,0,0,0,0,0,0,0,0,0,0,0,0,0,0,0,0,0,0,0,0,0,0
IKPB:bin_000197,1.553,0,0,0,0,0,2.437,0,0,0,0,0,0,0,0,0,0,0,0,0,0,0,0,0,0,0,0,0,0,0,0,0,0,0,0,0,0,0,0,0,0,0,0,0,0,0,0,0,0,0,0,0,0,0,0,0,0,0,0,2.85,0,0,0,0,0,0,0,2.326,0,0,0,0,0,0,0,0,0,0,0,0,0,1.304,0,0
IKPB:bin_000199,0,0,0,0,0,0,0,0,0,0,0,0,0,0,0,0,0,0,0,0,0,0,0,0,0,0,0,0,0,0,0,0,0,0,0,0,0,0,0,0,0,0,0,0,0,0,0,0,0,0,0,0,0,0,0,0,0,0,0,0,0,0,0,0,0,0,0,0,0,0,0,0,0,0,0,0,0,0,0,0,0,0,0,0
IKPB:bin_000204,4.109,0,0,0,0,0,4.915,0,0,0,0,0,0,0,0,0,0,0,0,0,0,0,0,0,0,0,0,0,1.753,0,0,4.158,0,0,0,0,0,0,0,0,0,1.49,0,0,0,0,0,0,0,0,0,0,0,0,0,2.467,0,0,0,6.573,0,0,0,0,0,3.075,0,5.98,0,0,0,0,0,1.414,0,0,0,0,0,0,0,0,0,1.837
IKPB:bin_000205,0,0,0,0,0,0,0,0,0,0,0,0,0,0,0,0,0,0,0,0,0,0,0,0,0,0,0,0,0,0,0,0,0,0,0,0,0,0,0,0,0,0,0,0,0,0,0,0,0,0,0,0,0,0,0,0,0,0,0,0,0,0,0,0,0,0,0,0,0,0,0,0,0,0,0,0,0,0,0,0,0,0,0,0
IKPB:bin_000206,0,0,0,0,0,0,0,0,0,0,0,0,0,0,0,0,0,0,0,0,0,0,0,0,0,0,0,0,0,0,0,0,0,0,0,0,0,0,0,0,0,0,0,0,0,0,0,0,0,0,0,0,0,0,0,0,0,0,0,0,0,0,0,0,0,0,0,0,0,0,0,0,0,0,0,0,0,0,0,0,0,0,0,0
IKPB:bin_000209,0,0,0,0,0,0,0,0,0,0,0,0,0,0,0,0,0,0,0,0,0,0,0,0,0,0,0,0,0,0,0,0,0,0,0,0,0,0,0,0,0,0,0,0,0,0,0,0,0,0,0,0,0,0,0,0,0,0,0,0,0,0,0,0,0,0,0,0,0,0,0,0,0,0,0,0,0,0,0,0,0,0,0,0
IKPB:bin_000211,1.058,0,0,0,0,0,0,0,0,0,0,0,0,0,0,0,0,0,0,0,0,0,0,0,0,0,0,0,0,0,0,0,0,0,0,0,0,0,0,0,0,0,0,2.989,0,0,0,0,0,0,0,0,0,0,0,0,0,0,0,3.786,0,0,0,0,0,0,2.78,0,0,0,0,0,0,0,0,0,0,0,0,0,0,2.025,0,0
IKPB:bin_000212,0,0,0,0,0,0,0,0,0,0,0,0,0,0,0,0,0,0,0,0,0,0,0,0,0,0,0,0,0,0,0,0,0,0,0,0,0,0,0,0,0,0,0,0,0,0,0,0,0,0,0,0,0,0,0,0,0,0,0,0,0,0,0,0,0,0,0,0,0,0,0,0,0,0,0,0,0,0,0,0,0,0,0,0
IKPB:bin_000213,0,0,0,0,0,0,0,0,0,0,0,0,0,0,0,0,0,0,0,0,0,0,0,0,0,0,0,0,0,0,0,0,0,0,0,0,0,0,0,0,0,0,0,0,0,0,0,0,0,0,0,0,0,0,0,0,0,0,0,0,0,0,0,0,0,0,0,0,0,0,0,0,0,0,0,0,0,0,0,0,0,2.698,0,0
IKPB:bin_000214,1.873,0,0,0,0,0,5.943,0,0,0,0,0,0,1.997,0,0,0,0,1.758,0,0,0,0,0,0,2.117,0,0,1.71,0,0,2.807,0,1.978,0,0,0,0,0,2.205,0,1.134,0,0,0,0.923,0,0,0,0,1.347,0,0,0,0,1.93,0,0,0,8.066,0,0,4.239,0,0,3.744,0,5.154,0,0,0,0,0,0,0,0,2.121,0,2.608,0,0,2.117,0,0.916
IKPB:bin_000217,0,0,0,0,0,0,0,0,0,0,0,0,0,0,0,0,0,0,0,0,0,0,0,0,0,0,0,0,0,0,0,0,0,0,0,0,0,0,0,0,0,0,0,0,0,0,0,0,0,0,0,0,0,0,0,0,0,0,0,0,0,0,0,0,0,0,0,0,0,0,0,0,0,0,0,0,0,0,0,0,0,0,0,0
IKPB:bin_000220,0,0,0,0,0,0,0,0,0,0,0,0,0,0,0,0,0,0,0,0,0,0,0,0,0,0,0,0,0,0,0,0,0,0,0,0,0,0,0,0,0,0,0,0,0,0,0,0,0,0,0,0,0,0,0,0,0,0,0,0,0,0,0,0,0,0,0,0,0,0,0,0,0,0,0,0,0,0,0,0,0,0,0,0
IKPB:bin_000221,0,0,0,0,0,0,0,0,0,0,0,0,0,0,0,0,0,0,0,0,0,0,0,0,0,0,0,0,0,0,0,0,0,0,0,0,0,0,0,0,0,0,0,0,0,0,0,0,0,0,0,0,0,0,0,0,0,0,0,0,0,0,0,0,0,0,0,0,0,0,0,0,0,0,0,0,0,0,0,0,0,0,0,0
IKPB:bin_000222,1.449,0,0,0,0,0,1.697,0,0,0,0,0,0,0,0,0,0,0,0,0,0,0,0,0,0,0,0,0,0,0,0,0,0,0,0,0,0,0,0,0,0,0,0,0,0,0,0,0,0,0,0,0,0,0,0,0,0,0,0,0,0,0,0,0,0,1.252,0,0,0,0,0,0,0,0,0,0,0,0,0,0,0,0,0,0
IKPB:bin_000223,2.817,0,0,0,0,0,2.047,0,0,0,0,0,0,5.7,0,0,0,0,0,0,0,0,0,2.293,0,0,0,0,1.528,0,0,0,1.872,0,0,0,1.114,0,0,0,0,0.964,0,0,0,0,0,0,0,0,0,0,0,1.192,0,0,0,0,0,9.006,0,0,2.971,0,0,1.895,7.984,7.702,0,0,0,0,0,0,0,0,1.987,0,0,0,0,3.546,0,0
IKPB:bin_000225,0,0,0,0,0,0,0,0,0,0,0,0,0,0,0,0,0,0,0,0,0,0,0,0,0,0,0,0,0,0,0,0,0,0,0,0,0,0,0,0,0,0,0,0,0,0,0,0,0,0,0,0,0,0,0,0,0,0,0,0,0,0,0,0,0,0,0,0,0,0,0,0,0,0,0,0,0,0,0,0,0,0,0,0
IKPB:bin_000226,0,0,0,0,0,0,0,0,0,0,0,0,0,0,0,0,0,0,0,0,0,0,0,0,0,0,0,0,0,0,0,0,0,0,0,0,0,0,0,0,0,0,0,0,0,0,0,0,0,0,0,0,0,0,0,1.319,0,0,0,0,0,0,0,0,0,0,0,0,0,0,0,0,0,0,0,0,0,0,0,0,0,0,0,0
IKPB:bin_000227,0,0,0,0,0,0,0,0,0,0,0,0,0,0,0,0,0,0,0,0,0,0,0,0,0,0,0,0,0,0,0,0,0,0,0,0,0,0,0,0,0,0,0,0,0,0,0,0,0,0,0,0,0,0,0,0,0,0,0,0,0,0,0,0,0,0,0,0,0,0,0,0,0,0,0,0,0,0,0,0,0,0,0,0
IKPB:bin_000229,0,0,0,0,0,0,0,0,0,0,0,0,0,0,0,0,0,0,0,0,0,0,0,0,0,0,0,0,0,0,0,0,0,0,0,0,0,0,0,0,0,0,0,0,0,0,0,0,0,0,0,0,0,0,0,0,0,0,0,0,0,0,0,0,0,0,0,0,0,0,0,0,0,0,0,0,0,0,0,0,0,0,0,0
IKPB:bin_000231,0,0,0,0,0,0,0,0,0,0,0,0,0,0,0,0,0,0,0,0,0,0,0,0,0,0,0,0,0,0,0,0,0,0,0,0,0,0,0,0,0,0,0,0,0,0,0,0,0,0,0,0,0,0,0,0,0,0,0,0,0,0,0,0,0,0,0,0,0,0,0,0,0,0,0,0,0,0,0,0,0,0,0,0
IKPB:bin_000232,0,0,0,0,0,0,0,0,0,0,0,0,0,0,0,0,0,0,0,0,0,0,0,0,0,0,0,0,0,0,0,0,0,0,0,0,0,0,0,0,0,0,0,0,0,0,0,0,0,0,0,0,0,0,0,0,0,0,0,0,0,0,0,0,0,0,0,0,0,0,0,0,0,0,0,0,0,0,0,0,0,0,0,0
IKPB:bin_000233,1.691,0,0,0,0,0,2.16,0,0,0,0,0,0,0,0,0,0,0,1.815,0,0,0,0,0,0,0,0,0,0,0,0,3.129,0,0,0,0,0,0,0,0,0,0.949,0,1.907,0,0,0,0,0,0,0,0,0,0,1.827,0,0,0,0,2.957,0,0,0,0,0,1.483,0,2.791,1.055,0,0,0,0,0,0,0,0,0,0,0,0,1.843,0,1.248
IKPB:bin_000236,0,0,0,0,0,0,0,0,0,0,0,0,0,0,0,0,0,0,0,0,0,0,0,0,0,0,0,0,0,0,0,0,0,0,0,0,0,0,0,0,0,0,0,0,0,0,0,0,0,0,0,0,0,0,0,0,0,0,0,0,0,0,0,0,0,0,0,0,0,0,0,0,0,0,0,0,0,0,0,0,0,0,0,0
IKPB:bin_000237,3.643,0,0,0,0,0,4.186,0,0,0,0,0,0,0,0,0,0,0,0,0,0,0,0,0,0,3.923,0,0,1.739,0,0,4.945,2.678,2.034,0,0,0,1.473,0,3.109,0,0,0,0,0,2.347,0,0,0,0,2.403,0,0,2.042,0,2.665,0,0,2.057,9.462,0,0,4.758,0,0,3.633,0,12.887,0,0,0,0,0,2.29,0,0,3.258,0,0,0,0,4.753,0,0
IKPB:bin_000238,0,0,0,0,0,0,0,0,0,0,0,0,0,0,0,0,0,0,0,0,0,0,0,0,0,0,0,0,0,0,0,0,0,0,0,0,0,0,0,0,0,0,0,0,0,0,0,0,0,0,0,0,0,0,0,0,0,0,0,0,0,0,0,0,0,0,0,0,0,0,0,0,0,0,0,0,0,0,0,0,0,0,0,0
IKPB:bin_000239,2.447,0,0,0,0.851,1.549,3.575,0,0,0,0,0,0,1.792,0,0,0,0,0,0,0,0,0,0,0,0,0,0,1.22,0,0,3.704,1.127,1.932,0,0,1.872,1.128,0,3.666,0,1.133,0,0,0,1.208,0,0,0,0,1.216,0,0,0,0,2.668,0,0,0,3.866,0,0,2.714,0,1.232,2.1,0,5.106,0,0,0,0,0,1.435,0,0,3.559,0,2.295,0,0,2.334,0,1.208
IKPB:bin_000240,8.382,0,0,0,0,2.571,11.484,0,0,1.468,1.747,0,0,4.537,0,0,0,0,3.423,0,3.475,0.769,0,0,0,6.365,2.556,0,3.246,0,0,8.946,2.523,2.299,2.035,0,2.475,2.63,0,7.09,1.931,2.431,0,2.553,0,3.644,0,0,2.198,0,4.675,0,6.017,2.164,0,4.806,1.952,0,2.015,12.712,0,0,7.674,0,1.529,4.191,0,14.027,1.215,0,3.041,0,0,2.908,0,1.064,2.693,0,5.02,2.146,0,7.743,0,2.2
IKPB:bin_000241,0,0,0,0,0,0,0,0,0,0,0,0,0,0,0,0,0,0,0,0,0,0,0,0,0,0,0,0,0,0,0,0,0,0,0,0,0,0,0,0,0,0,0,0,0,0,0,0,0,0,0,0,0,0,0,0,0,0,0,0,0,0,0,0,0,0,0,0,0,0,0,0,0,0,0,0,0,0,0,0,0,0,0,0
IKPB:bin_000243,2.206,0,0,0,0,0,0,0,0,0,0,0,0,2.194,0,0,0,0,0,0,0,0,0,0,0,0,0,0,0,0,0,0,0,0,0,0,0,0,0,3.55,0,0,0,0,0,0,0,0,0,0,0,0,0,0,0,1.655,0,0,0,4.913,0,0,0,0,0,1.665,0,4.293,0,0,0,0,0,1.127,0,0,0,0,0,0,0,2.287,0,0
IKPB:bin_000245,11.654,1.619,0,2.598,2.216,6.032,20.349,0,0,2.755,2.085,0,0,8.517,1.339,3.4,0,2.948,7.354,1.19,5.198,1.036,3.821,2.908,0,11.506,3.457,0,5.717,0,4.242,14.91,3.896,5.059,5.884,0,5.521,5.207,0,14.149,4.161,5.313,0,7.673,2.573,5.329,0,1.348,2.252,0,6.029,1.193,4.309,4.301,1.478,8.164,2.432,1.559,3.068,28.384,0,0,17.247,0,3.642,7.799,2.376,28.88,1.369,0,5.781,0,0,5.211,0,1.665,9.703,2.759,10.931,4.831,1.114,8.883,0,4.873
IKPB:bin_000246,2.511,0,0,0,1.183,1.891,6.83,0,0,0,0,0,0,2.179,0,0,0,0,2.434,0,0,0,0,0,0,3.072,0,0,2.235,0,0,2.749,0,2.495,0,0,0,0,0,2.683,0,1.456,0,0,0,2.065,0,0,0,0,4.05,0,0,0,0,3.415,0,0,1.573,6.037,0,0,10.241,0,0,3.17,0,5.799,0,0,0,0,0,0,0,0,0,0,8.442,1.988,0,2.553,0,0
IKPB:bin_000247,5.095,0,0,0,0,2.744,11.136,0,0,0,0,0,0,3.527,0,0,0,0,3.957,0,0,0,0,0,0,5.805,0,0,2.133,0,0,7.394,1.768,2.854,3.208,0,2.021,1.843,0,4.763,0,2.277,0,3.544,0,2.524,0,0,0,0,2.474,0,3.009,1.826,0,3.616,0,1.008,1.456,10.522,0,0,7.83,0,0,4.175,0,11.782,0,0,0,0,0,2.09,0,0,0,0,3.888,0,0,4.201,0,2.674
IKPB:bin_000251,0,0,0,0,0,0,0,0,0,0,0,0,0,0,0,0,0,0,0,0,0,0,0,0,0,0,0,0,0,0,0,0,0,0,0,0,0,0,0,0,0,0,0,0,0,0,0,0,0,0,0,0,0,0,0,0,0,0,0,0,0,0,0,0,0,0,0,0,0,0,0,0,0,0,0,0,0,0,0,0,0,0,0,0
IKPB:bin_000254,0,0,0,0,0,0,0,0,0,0,0,0,0,0,0,0,0,0,0,0,0,0,0,0,0,0,0,0,0,0,0,0,0,0,0,0,0,0,0,0,0,0,0,0,0,0,0,0,0,0,0,0,0,0,0,0,0,0,0,0,0,0,0,0,0,0,0,0,0,0,0,0,0,0,0,0,0,0,0,0,0,0,0,0
IKPB:bin_000256,0,0,0,0,0,0,0,0,0,0,0,0,0,0,0,0,0,0,0,0,0,0,0,0,0,0,0,0,0,0,0,0,0,0,0,0,0,0,0,0,0,0,0,0,0,0,0,0,0,0,0,0,0,0,0,0,0,0,0,0,0,0,0,0,0,0,0,0,0,0,0,0,0,0,0,0,0,0,0,0,0,0,0,0
IKPB:bin_000257,0,0,0,0,0,0,0,0,0,0,0,0,0,0,0,0,0,0,0,0,0,0,0,0,0,0,0,0,0,0,0,0,0,0,0,0,0,0,0,0,0,0,0,0,0,0,0,0,0,0,0,0,0,0,0,0,0,0,0,0,0,0,0,0,0,0,0,0,0,0,0,0,0,0,0,0,0,0,0,0,0,0,0,0
IKPB:bin_000259,0,0,0,0,0,0,2.953,0,0,0,0,0,0,3.485,0,0,0,0,4.082,0,0,0,0,0,0,3.183,0,0,0.981,0,0,3.024,1.41,0,0,0,1.056,0,0,2.793,0,0.99,0,0,0,0,0,0,0,0,0,0,0,0,0,1.062,0,0,0,3.606,0,0,4.184,0,0,2.299,0,3.593,0,0,0,0,0,1.225,0,0,0,0,3.226,0,0,3.405,0,0
IKPB:bin_000262,0,0,0,0,0,0,0,0,0,0,0,0,0,0,0,0,0,0,0,0,0,0,0,0,0,0,0,0,0,0,0,0,0,0,0,0,0,0,0,0,0,0,0,0,0,0,0,0,0,0,0,0,0,0,0,0,0,0,0,0,0,0,0,0,0,0,0,0,0,0,0,0,0,0,0,0,0,0,0,0,0,0,0,0
IKPB:bin_000263,0,0,0,0,0,0,0,0,0,0,0,0,0,0,0,0,0,0,0,0,0,0,0,0,0,0,0,0,0,0,0,0,0,0,0,0,0,0,0,0,0,0,0,0,0,0,0,0,0,0,0,0,0,0,0,0,0,0,0,0,0,0,2.382,0,0,0,0,0,0,0,0,0,0,0,0,0,0,0,0,0,0,0,0,0
IKPB:bin_000266,0,0,0,0,0,0,0,0,0,0,0,0,0,0,0,0,0,0,0,0,0,0,0,0,0,0,0,0,0,0,0,0,0,0,0,0,0,0,0,0,0,0,0,0,0,0,0,0,0,0,0,0,0,0,0,0,0,0,0,0,0,0,0,0,0,0,0,0,0,0,0,0,0,0,0,0,0,0,0,0,0,0,0,0
IKPB:bin_000267,0,0,0,0,0,0,0,0,0,0,0,0,0,0,0,0,0,0,0,0,0,0,0,0,0,0,0,0,0,0,0,0,0,0,0,0,0,0,0,0,0,0,0,0,0,0,0,0,0,0,0,0,0,0,0,0,0,0,0,0,0,0,0,0,0,0,0,0,0,0,0,0,0,0,0,0,0,0,0,0,0,0,0,0
IKPB:bin_000268,2.093,0,0,0,0,0,3.799,0,0,0,0,0,0,0,0,0,0,0,0,0,0,0,0,0,0,0,0,0,0,0,0,0,0,0,0,0,0,0,0,0,0,0,0,0,0,0,0,0,0,0,0,0,0,0,0,1.461,0,0,0,3.395,0,0,2.229,0,0,1.565,0,3.093,0,0,0,0,0,0,0,0,0,0,0,0,0,1.957,0,0
IKPB:bin_000269,9.974,0,0,0,3.077,5.702,16.932,0,0,1.627,1.967,0,0,7.53,1.229,1.844,0,2.496,6.811,0.955,3.434,1.046,0,3.117,0,7.659,0,0,4.181,0,2.489,12.469,5.108,6.354,2.896,0,5.433,3.29,0,12.538,3.446,4.252,0,4.541,2.009,5.235,0,1.052,4.669,0,9.306,0,4.814,3.949,1.298,12.502,2.461,1.577,3.494,17.816,0,0,16.058,0,3.674,8.008,2.753,22.077,2.33,0,3.51,0,0,6.939,0,1.611,7.89,0,8.528,4.265,1.217,6.118,2.39,4.625
IKPB:bin_000271,1.386,0,0,0,0,0,0,0,0,0,0,0,0,0,0,0,0,0,0,0,0,0,0,0,0,1.861,0,0,0,0,0,0,1.286,0,0,0,0,0,0,0,0,0,0,0,0,0,0,0,0,0,0,0,0,0,0,0,0,0,0,3.141,0,0,0,0,0,0,0,0,0,0,0,0,0,0,0,0,0,0,0,0,0,0,0,0
IKPB:bin_000272,0,0,0,0,0,0,0,0,0,0,0,0,0,0,0,0,0,0,0,0,0,0,0,0,0,0,0,0,0,0,0,0,0,0,0,0,0,0,0,0,0,0,0,0,0,0,0,0,0,0,0,0,0,0,0,0,0,0,0,0,0,0,2.311,0,0,0,0,0,0,0,0,0,0,0,0,0,0,0,0,0,0,0,0,0
IKPB:bin_000273,1.613,0,0,0,0,0,2.603,0,0,0,0,0,0,0,0,0,0,0,0,0,0,0,0,0,0,3.745,0,0,0.999,0,0,3.692,0,0,0,0,0,1.052,0,3.733,0,1.022,0,0,0,1.595,0,0,0,0,2.166,0,0,1.053,0,3.609,0,0,1.09,4.926,0,0,2.528,0,0,2.057,0,5.861,0,0,0,0,0,0.818,0,0,0,0,2.38,0,0,1.373,0,0
IKPB:bin_000274,0,0,0,0,0,0,0,0,0,0,0,0,0,0,0,0,0,0,0,0,0,0,0,0,0,0,0,0,0,0,0,0,0,0,0,0,0,0,0,0,0,0,0,0,0,0,0,0,0,0,0,0,0,0,0,0,0,0,0,0,0,0,0,0,0,0,0,0,0,0,0,0,0,0,0,0,0,0,0,0,0,0,0,0
IKPB:bin_000279,84.896,6.832,3.235,11.147,14.695,47.734,119.331,0,0,17.144,11.488,0,2.693,50.618,17.657,14.567,0,15.208,50.941,6.925,31.082,9.175,17.431,18.171,0,45.877,21.862,0,36.688,0,13.942,82.205,27.476,36.244,21.713,12.059,25.918,20.904,5.622,76.391,25.721,28.377,4.753,30.987,18.93,35.858,6.109,8.141,19.096,1.451,34.731,3.168,34.225,26.115,6.347,40.574,13.91,8.245,15.934,180.481,0,2.341,85.66,9.512,20.938,57.263,17.875,153.873,9.716,0,24.591,0,4.973,29.892,3.923,8.961,50.596,14.068,65.321,17.07,4.676,66.978,12.196,29.396
IKPB:bin_000286,0,0,0,0,0,0,0,0,0,0,0,0,0,0,0,0,0,0,0,0,0,0,0,0,0,0,0,0,0,0,0,0,0,0,0,0,0,0,0,0,0,0,0,0,0,0,0,0,0,0,0,0,0,0,0,0,0,0,0,0,0,0,0,0,0,0,0,0,0,0,0,0,0,0,0,0,0,0,0,0,0,0,0,0
IKPB:bin_000289,0,0,0,0,0,0,0,0,0,0,0,0,0,0,0,0,0,0,0,0,0,0,0,0,0,0,0,0,0,0,0,0,0,0,0,0,0,0,0,0,0,0,0,0,0,0,0,0,0,0,0,0,0,0,0,0,0,0,0,0,0,0,0,0,0,0,0,0,0,0,0,0,0,0,0,0,0,0,0,0,0,0,0,0
IKPB:bin_000290,0,0,0,0,0,0,0,0,0,0,0,0,0,0,0,0,0,0,0,0,0,0,0,0,0,0,0,0,0,0,0,0,0,0,0,0,0,0,0,0,0,0,0,0,0,0,0,0,0,0,0,0,0,0,0,0,0,0,0,0,0,0,0,0,0,0,0,0,0,0,0,0,0,0,0,0,0,0,0,0,0,0,0,0
IKPB:bin_000291,8.759,0,0,3.549,0.941,2.783,12.106,0,0,2.223,1.588,0,0,4.595,0,0,0,0,7.708,0,2.438,0.873,1.853,2.318,0,4.021,3.434,0,3.917,0,0,21.425,2.75,2.966,2.297,0,3.041,2.661,0,8.801,2.977,3.507,0,3.993,2.71,2.861,0,1.614,2.735,0,3.111,0,2.887,2.734,1.229,4.494,1.986,1.106,1.558,23.762,0,0,9.474,0,1.62,6.651,2.657,17.7,1.448,0,6.812,0,0,3.444,0,0,7.865,0,6.889,0,0,20.074,2.702,3.003
IKPB:bin_000292,6.776,0,0,0,1.468,3.653,13.74,0,0,0,1.235,0,0,5.403,0,3.153,0,0,5.205,0,6.756,0,2.505,2.014,0,6.127,2.851,0,3.206,0,3.286,12.747,2.998,4.141,3.286,0,2.915,2.661,0,7.457,3.431,3.61,0,4.201,1.864,3.292,0,0,2.886,0,3.241,0,5.704,2.551,0,6.33,1.292,0,2.554,16.681,0,0,10.115,0,2.481,5.374,2.035,14.748,0,0,4.155,0,0,2.318,0,0,8.611,0,6.935,3.639,0,6.631,0,3.851
IKPB:bin_000295,0,0,0,0,0,0,0,0,0,0,0,0,0,0,0,0,0,0,0,0,0,0,0,0,0,0,0,0,0,0,0,0,0,0,0,0,0,0,0,0,0,0,0,0,0,0,0,0,0,0,0,0,0,0,0,0,0,0,0,0,0,0,0,0,0,0,0,0,0,0,0,0,0,0,0,0,0,0,0,0,0,0,0,0
IKPB:bin_000296,0,0,0,0,0,0,0,0,0,0,0,0,0,0,0,0,0,0,0,0,0,0,0,0,0,0,0,0,0,0,0,0,0,0,0,0,0,0,0,0,0,0,0,0,0,0,0,0,0,0,0,0,0,0,0,0,0,0,0,0,0,0,0,0,0,0,0,0,0,0,0,0,0,0,0,0,0,0,0,0,0,0,0,0
IKPB:bin_000301,2.068,0,0,0,0,0,0,0,0,0,0,0,0,0,0,0,0,0,0,0,0,0,0,0,0,0,0,0,1.019,0,0,0,1.212,0,0,0,0,0,0,0,0.903,0,0,0,0,0,0,0,0,0,0,0,0,0,0,1.296,0,0,0,3.316,0,0,2.969,0,0,0,0,3.449,0,0,0,0,0,0,0,0,0,0,0,0,0,1.869,0,0
IKPB:bin_000302,0,0,0,0,0,0,0,0,0,0,0,0,0,0,0,0,0,0,0,0,0,0,0,0,0,0,0,0,0,0,0,0,0,0,0,0,0,0,0,0,0,0,0,0,0,0,0,0,0,0,0,0,0,0,0,0,0,0,0,0,0,0,0,0,0,0,0,0,0,0,0,0,0,0,0,0,0,0,0,0,0,0,0,0
IKPB:bin_000303,19.26,1.322,0,2.574,3.202,11.408,40.725,0,0,3.443,3.098,0,0,15.346,1.24,4.772,0,6.029,16.811,2.084,10.699,1.988,4.581,3.636,0,17.446,6.262,0,8.496,0,4.44,22.988,4.257,10.131,10.501,1.976,5.192,6.082,0.84,27.617,4.28,8.406,0,12.031,6.572,11.125,0,1.344,6.288,0,10.129,0,9.166,6.92,2.852,8.285,3.329,2.056,5.487,46.556,0,0,29.796,2.799,4.315,19.678,7.015,41.502,1.986,0,5.956,0,1.063,5.868,1.283,1.662,17.313,3.939,19.641,7.167,0,15.596,2.555,8.617
IKPB:bin_000304,0,0,0,0,0,0,0,0,0,0,0,0,0,0,0,0,0,0,0,0,0,0,0,0,0,0,0,0,0,0,0,0,0,0,0,0,0,0,0,0,0,0,0,0,0,0,0,0,0,0,0,0,0,0,0,0,0,0,0,0,0,0,0,0,0,0,0,0,0,0,0,0,0,0,0,0,0,0,0,0,0,1.812,0,0
IKPB:bin_000305,0,0,0,0,0,0,0,0,0,0,0,0,0,0,0,0,0,0,0,0,0,0,0,0,0,0,0,0,0,0,0,0,0,0,0,0,0,0,0,0,0,0,0,0,0,0,0,0,0,0,0,0,0,0,0,0,0,0,0,0,0,0,0,0,0,0,0,0,0,0,0,0,0,0,0,0,0,0,0,0,0,0,0,0
IKPB:bin_000310,4.444,0,0,0,0,2.156,8.026,0,0,0,0,0,0,0,0,0,0,0,2.465,0,0,0,0,0,0,3.173,0,0,2.036,0,0,6.417,2.189,0,0,0,1.851,1.832,0,4.739,2.007,2.281,0,0,0,2.072,0,0,0,0,3.191,0,2.278,2.1,0,5.456,1.094,0,0,7.686,0,0,6.98,0,1.899,4.146,0,10.436,0,0,0,0,0,2.012,0,0,0,0,4.901,0,0,3.773,0,2.043
IKPB:bin_000312,0,0,0,0,0,0,0,0,0,0,0,0,0,0,0,0,0,0,0,0,0,0,0,0,0,0,0,0,0,0,0,0,0,0,0,0,0,0,0,0,0,0,0,0,0,0,0,0,0,0,0,0,0,0,0,0,0,0,0,0,0,0,0,0,0,0,0,0,0,0,0,0,0,0,0,0,0,0,0,0,0,0,0,0
IKPB:bin_000313,0,0,0,0,0,0,4.605,0,0,0,0,0,0,0,0,0,0,0,0,0,0,0,0,0,0,0,0,0,0,0,2.676,0,0,0,0,0,0,0,0,3.574,0,0,0,0,0,0,0,0,0,0,0,0,0,0,0,0,0,0,0,0,0,0,1.971,0,1.453,0,0,0,0,0,0,0,0,0,0,0,0,0,0,0,0,0,0,0
IKPB:bin_000320,7.185,0,0,0,0,2.145,9.744,0,0,1.149,1.303,0,0,3.922,1.189,0,0,0,3.007,0,2.739,0.771,0,0,0,3.555,1.908,0,2.374,0,0,6.172,2.967,0,0,0,3.06,2.166,0,3.396,1.225,1.899,0,1.883,0,3.374,0,0,0,0,2.002,0,2.284,2.095,0,2.311,1.247,0,1.489,14.696,0,0,4.592,0,1.471,4.269,0,11.033,0,0,0,0,0,2.439,0,0,2.288,0,3.86,0,0,4.462,0,1.976
IKPB:bin_000321,0,0,0,0,0,0,0,0,0,0,0,0,0,0,0,0,0,0,0,0,0,0,0,0,0,0,0,0,0,0,0,0,0,0,0,0,0,0,0,0,0,0,0,0,0,0,0,0,0,0,0,0,0,0,0,0,0,0,0,0,0,0,0,0,0,0,0,0,0,0,0,0,0,0,0,0,0,0,0,0,0,0,0,0
IKPB:bin_000322,10.889,1.35,0,0,1.656,4.302,14.146,0,0,2.021,2.529,0,0,6.122,1.144,3.4,0,0,7.357,0,4.23,1.065,2.604,3.048,0,6.108,3.229,0,4.623,0,2.895,11.237,4.823,4.583,2.819,0,3.316,3.487,0,10.048,2.668,3.902,0,5.637,3.101,5.242,0,0,0,0,5.648,0,5.156,3.005,0,9.169,1.719,1.224,2.586,22.375,0,0,13.733,1.252,3.37,9.898,2.232,21.787,1.831,0,4.028,0,0,4.146,0,0,6.383,0,8.854,5.515,0,10.98,2.133,4.626
IKPB:bin_000323,0,0,0,0,0,0,0,0,0,0,0,0,0,0,0,0,0,0,0,0,0,0,0,0,0,0,0,0,0,0,0,0,0,0,0,0,0,0,0,0,0,0,0,0,0,0,0,0,0,0,0,0,0,0,0,0,0,0,0,0,0,0,0,0,0,0,0,0,0,0,0,0,0,0,0,0,0,0,0,0,0,0,0,0
IKPB:bin_000327,0,0,0,0,0,0,0,0,0,0,0,0,0,0,0,0,0,0,0,0,0,0,0,0,0,0,0,0,0,0,0,0,0,0,0,0,0,0,0,0,0,0,0,0,0,0,0,0,0,0,0,0,0,0,0,0,0,0,0,0,0,0,0,0,0,0,0,0,0,0,0,0,0,0,0,0,0,0,0,0,0,0,0,0
IKPB:bin_000335,2.291,0,0,0,0,0,0,0,0,0,0,0,0,0,0,0,0,0,0,0,0,0,0,0,0,0,0,0,1.126,0,0,2.1,1.674,0,0,0,0,0,0,1.969,0,0,0,0,0,0,0,0,0,0,0,0,0,0,0,0,0,0,0,4.107,0,0,1.966,0,0,1.161,0,7.341,0,0,0,0,0,1.081,0,0,0,0,0,0,0,1.953,0,0
IKPB:bin_000336,3.88,0,0,0,0,0,2.017,0,0,0,0,0,0,0,0,0,0,0,0,0,1.651,0,0,0,0,0,0,0,1.287,0,0,3.867,1.056,0,0,0,1.098,1.115,0,3.051,0.874,0,0,0,0,1.293,0,0,0,0,1.241,0,0,0,0,2.021,0,0,0,3.702,0,0,4.528,0,0,1.673,0,3.351,0,0,0,0,0,0.997,0,0.926,1.661,0,0,1.737,0,2.996,0,0
IKPB:bin_000338,21.384,1.984,0,3.037,2.459,7.859,14.314,0,0,3.759,2.997,0,0,8.053,1.2,3.258,0,0,5.514,1.435,6.483,1.914,3.537,3.898,0,14.176,2.931,0,6.542,0,3.884,19.967,5.633,4.434,4.766,0,7.289,7.687,0.889,16.072,3.637,5.031,0,6.689,4.082,8.849,0,3.01,5.797,0,8.14,0,7.665,8.973,1.738,8.537,3.886,1.517,3.864,51.697,0,0,13.88,2.172,4.123,15.223,6.034,37.078,2.15,0,6.541,0,0,7.029,0,1.517,6.448,2.713,9.135,6.58,0,15.373,2.77,9.002
IKPB:bin_000341,6.158,0,0,0,0,2.203,6.461,0,0,0,0,0,0,2.039,0,0,0,0,1.92,0,2.584,0,0,0,0,2.086,0,0,1.807,0,0,4.502,1.974,2.233,1.871,0,1.254,0,0,3.094,0,1.547,0,3.259,0,0,0,0,0,0,0,0,2.087,1.662,1.91,1.449,0,0,0,13.878,0,0,4.438,0,0,3.638,5.979,13.1,0,0,0,0,0,1.65,0,0,5.267,0,3.217,0,0,6.03,0,1.713
IKPB:bin_000343,0,0,0,0,0,0,0,0,0,0,0,0,0,0,0,0,0,0,0,0,0,0,0,0,0,0,0,0,0,0,0,0,0,0,0,0,0,0,0,0,0,0,0,0,0,0,0,0,0,0,0,0,0,0,0,0,0,0,0,0,0,0,0,0,0,0,0,0,0,0,0,0,0,0,0,0,0,0,0,0,0,0,0,0
IKPB:bin_000344,5.26,0,0,0,0,0,2.79,0,0,0,0,0,0,0,0,0,0,0,0,0,0,0,0,0,0,0,0,0,0,0,0,2.483,1.181,0,0,0,1.441,0,0,2.494,0,0,0,3.045,0,1.088,0,0,0,0,0,0,0,0,0,2.286,0,0,0,6.244,0,0,4.411,0,0,1.87,0,6.667,0,0,0,0,0,1.414,0,0,0,0,0,0,0,2.499,0,0
IKPB:bin_000346,14.482,2.357,0.988,4.013,3.17,11.156,36.093,0,0,3.61,2.359,0,0,11.726,2.206,8.492,0,3.858,9.274,2.457,15.022,1.7,8.217,6.154,0,16.46,7.44,0,7.318,0,11.281,33.513,7.659,9.054,6.347,2.005,7.759,7.276,2.591,22.436,6.749,7.883,0,9.555,4.365,5.722,0,1.599,6.293,0.921,9.706,1.777,11.69,6.184,2.326,19.864,3.669,3.466,5.721,39.919,0,0,25.271,2.01,7.235,12.955,2.909,34.507,3.612,0,7.313,0,1.334,6.787,0,2.554,16.181,5.81,16.183,9.308,2.056,12.24,3.033,8.927
IKPB:bin_000347,0,0,0,0,0,0,0,0,0,0,0,0,0,0,0,0,0,0,0,0,0,0,0,0,0,0,0,0,0,0,0,0,0,0,0,0,0,0,0,0,0,0,0,0,0,0,0,0,0,0,0,0,0,0,0,0,0,0,0,0,0,0,0,0,0,0,0,0,0,0,0,0,0,0,0,0,0,0,0,0,0,0,0,0
IKPB:bin_000348,0,0,0,0,0,0,0,0,0,0,0,0,0,0,0,0,0,0,0,0,0,0,0,0,0,0,0,0,0,0,0,0,0,0,0,0,0,0,0,0,0,0,0,0,0,0,0,0,0,0,0,0,0,0,0,0,0,0,0,0,0,0,0,0,0,0,0,0,0,0,0,0,0,0,0,0,0,0,0,0,0,0,0,0
IKPB:bin_000349,13.803,1.141,0,0,0.99,6.704,18.913,0,0,2.323,1.625,0,0,8.809,1.131,2.489,0,2.454,6.236,1.608,6.302,1.323,2.183,2.615,0,9.699,2.655,0,5.733,0,4.388,17.421,4.55,4.916,3.48,0,4.888,3.76,0.907,12.76,3.599,5.706,0,4.903,3.884,5.038,0,1.878,2.125,0,3.092,0,5.433,4.873,0,5.869,3.292,1.691,3.481,28.963,0,0,13.804,0,4.177,6.919,3.306,20.953,1.573,0,3.561,0,0,5.502,0,2.292,12.152,2.228,7.602,4.1,1.048,10.753,0,4.845
IKPB:bin_000350,0,0,0,0,0,0,0,0,0,0,0,0,0,0,0,0,0,0,0,0,0,0,0,0,0,0,0,0,0,0,0,0,0,0,0,0,0,0,0,0,0,0,0,0,0,0,0,0,0,0,0,0,0,0,0,0,0,0,0,0,0,0,0,0,0,0,0,0,0,0,0,0,0,0,0,0,0,0,0,0,0,0,0,0
IKPB:bin_000351,0,0,0,0,0,0,0,0,0,0,0,0,0,0,0,0,0,0,0,0,0,0,0,0,0,0,0,0,0,0,0,0,0,0,0,0,0,0,0,0,0,0,0,0,0,1.552,0,0,0,0,0,0,0,0,0,2.422,0,0,0,3.651,0,0,0,0,0,0,0,3.261,0,0,0,0,0,0,0,0,0,0,0,0,0,0,0,0
IKPB:bin_000352,0,0,0,0,0,0,0,0,0,0,0,0,0,0,0,0,0,0,0,0,0,0,0,0,0,0,0,0,0,0,0,0,0,0,0,0,0,0,0,0,0,0,0,0,0,0,0,0,0,0,0,0,0,0,0,0,0,0,0,0,0,0,0,0,0,0,0,0,0,0,0,0,0,0,0,0,0,0,0,0,0,0,0,0
IKPB:bin_000353,0,0,0,0,0,0,0,0,0,0,0,0,0,0,0,0,0,0,0,0,0,0,0,0,0,2.44,0,0,0,0,0,3.252,0,0,0,0,0,0,0,0,0,0,0,0,0,1.344,0,0,0,0,0,0,0,0,0,0,0,0,0,4.906,0,0,0,0,0,1.588,0,0,0,0,0,0,0,0,0,0,0,0,0,0,0,1.897,0,0
IKPB:bin_000354,6.051,0,0,0,1.026,3.979,12.01,0,0,0,0,0,0,5.823,0.999,1.615,0,0,5.079,0,2.397,0.787,0,0,0,3.909,0,0,2.142,0,0,7.869,2.102,5.702,2.771,0,2.496,1.475,0,7.765,1.16,2.322,0,2.304,0,3.894,0,0,0,0,3.787,0,3.26,1.763,0,2.668,0,0,2.072,16.357,0,0,10.714,1.007,0,7.705,1.892,12.472,0,0,0,0,0,2.432,0,0,4.703,0,5.815,2.63,0,6.982,0,2.152
IKPB:bin_000356,26.433,3.284,0,5.12,3.044,12.023,34.335,0,0,4.505,2.9,0,1.692,15.831,1.715,6.228,0,2.545,12.858,2.291,12.645,3.471,7.75,7.41,0,18.819,8.642,0,10.407,0,5.369,22.79,5.745,8.678,23.163,4.651,7.131,12.849,1.313,26.979,4.507,9.842,0,30.668,7.3,13.729,0,3.107,4.526,0,10.886,1.972,12.109,9.719,11.073,21.77,3.805,2.07,5.169,64.069,0,1.58,26.564,7.346,5.536,18.907,6.096,46.597,2.033,0,8.065,0,1.137,7.583,0.962,1.688,14.346,9.794,18.903,5.175,0,20.109,6.231,12.662
IKPB:bin_000357,2.87,0,0,0,0,0,3.497,0,0,0,0,0,0,0,0,0,0,0,0,0,0,0,0,0,0,0,0,0,0,0,0,3.488,0,0,0,0,0,1.162,0,2.057,0,0.915,0,2.851,0,1.087,0,0,0,0,2.374,0,0,0,2.677,3.429,0,0,0,4.466,0,0,2.047,0,1.04,1.319,0,2.925,0,0,2.114,0,0,0,0,0,0,0,0,0,0,3.143,0,0
IKPB:bin_000359,0,0,0,0,0,0,0,0,0,0,0,0,0,0,0,0,0,0,0,0,0,0,0,0,0,0,0,0,0,0,0,0,0,0,0,0,0,0,0,0,0,0,0,0,0,0,0,0,0,0,0,0,0,0,0,0,0,0,0,0,0,0,0,0,0,0,0,0,0,0,0,0,0,0,0,0,0,0,0,0,0,0,0,0
IKPB:bin_000360,2.878,0,0,0,0,0,3.419,0,0,0,0,0,0,0,1.556,0,0,3.273,0,0,0,0.934,0,0,0,0,2.454,0,0,0,0,2.861,0,0,0,0,0,0,0,3.351,0,0,0,0,0,0,0,0,0,0,0,0,0,0,0,0,0,0,0,5.81,0,0,0,0,0,2.097,0,4.566,0,0,0,0,0,1.238,0,0,0,0,0,0,0,3.777,0,0
IKPB:bin_000361,0,0,0,0,0,0,0,0,0,0,0,0,0,0,0,0,0,0,0,0,0,0,0,0,0,0,0,0,0,0,0,2.267,0,0,0,0,0,0,0,0,0,0,0,0,0,0,0,0,0,0,0,0,0,0,0,0,0,0,0,3.178,0,0,0,0,0,1.076,0,2.85,0,0,0,0,0,0,0,0,0,0,0,0,0,1.433,0,0
IKPB:bin_000362,5.199,0,0,0,0,0,5.888,0,0,0,0,0,0,0,0,0,0,0,1.924,0,0,0,0,0,0,0,0,0,1.773,0,0,4.842,1.699,0,0,0,1.55,0,0,2.768,0,1.377,0,2.473,0,1.319,0,0,0,0,0,0,0,1.59,1.535,1.523,0,0,0,10.825,0,0,4.637,0,0,2.927,2.693,10.072,0,0,0,0,0,1.576,0,0,3.396,0,3.39,0,0,5.96,0,1.497
IKPB:bin_000363,6.037,0,0,0,0,3.341,11.92,0,0,0,0,0,0,6.383,0,1.855,0,0,5.129,0,0,0.824,0,0,0,4.276,0,0,2.557,0,0,7.645,2.086,3.598,2.763,0,2.602,1.586,0,7.333,1.047,2.387,0,2.551,0,2.808,0,0,0,0,2.972,0,2.558,2.125,0,3.225,0,0,1.447,13.374,0,0,13.089,0,0,8.923,2.675,11.306,0,0,0,0,0,2.152,0,0,4.405,0,8.302,2.125,0,6.714,0,1.833
IKPB:bin_000364,0,0,0,0,0,0,0,0,0,0,0,0,0,0,0,0,0,0,0,0,0,0,0,0,0,0,0,0,0,0,0,0,0,0,0,0,0,0,0,0,0,0,0,0,0,0,0,0,0,0,0,0,0,0,0,0,0,0,0,0,0,0,0,0,0,0,0,0,0,0,0,0,0,0,0,0,0,0,0,0,0,0,0,0
IKPB:bin_000365,0,0,0,0,0,0,0,0,0,0,0,0,0,0,0,0,0,0,0,0,0,0,0,0,0,0,0,0,0,0,0,0,0,0,0,0,0,0,0,0,0,0,0,0,0,0,0,0,0,0,0,0,0,0,0,0,0,0,0,0,0,0,0,0,0,0,0,0,0,0,0,0,0,0,0,0,0,0,0,0,0,0,0,0
IKPB:bin_000367,0,0,0,0,0,0,0,0,0,0,0,0,0,0,0,0,0,0,0,0,0,0,0,0,0,0,0,0,0,0,0,0,0,0,0,0,0,0,0,0,0,0,0,0,0,0,0,0,0,0,0,0,0,0,0,0,0,0,0,0,0,0,0,0,0,0,0,0,0,0,0,0,0,0,0,0,0,0,0,0,0,0,0,0
IKPB:bin_000376,0,0,0,0,0,0,0,0,0,0,0,0,0,0,0,0,0,0,0,0,0,0,0,0,0,0,0,0,0,0,0,0,0,0,0,0,0,0,0,0,0,0,0,0,0,0,0,0,0,0,0,0,0,0,0,0,0,0,0,0,0,0,0,0,0,0,0,2.389,0,0,0,0,0,0,0,0,0,0,0,0,0,0,0,0
IKPB:bin_000377,0,0,0,0,0,0,0,0,0,0,0,0,0,0,0,0,0,0,0,0,0,0,0,0,0,0,0,0,0,0,0,0,0,0,0,0,0,0,0,0,0,0,0,0,0,0,0,0,0,0,0,0,0,0,0,0,0,0,0,0,0,0,0,0,0,0,0,0,0,0,0,0,0,0,0,0,0,0,0,0,0,0,0,0
IKPB:bin_000378,0,0,0,0,0,0,0,0,0,0,0,0,0,0,0,0,0,0,0,0,0,0,0,0,0,0,0,0,0,0,0,0,0,0,0,0,0,0,0,0,0,0,0,0,0,0,0,0,0,0,0,0,0,0,0,0,0,0,0,5.692,0,0,0,0,0,0,0,0,0,0,0,0,0,0,0,0,0,0,0,0,0,0,0,0
IKPB:bin_000379,16.782,6.174,0,4.179,1.787,6.539,19.779,0,0,2.995,1.955,0,1.022,7.66,1.269,3.644,0,0,8.476,2.221,9.007,2.311,4.085,6.616,0,12.04,5.52,0,6.159,0,3.134,23.866,11.047,7.164,6.507,2.516,7.306,7.298,1.141,14.907,4.383,11.368,0,30.469,3.163,17.721,2.435,1.852,2.666,0.904,7.6,3.484,8.931,7.864,41.222,11.395,3.189,2.453,2.926,46.243,0,1.084,17.917,5.853,5.132,11.369,23.707,24.051,10.686,0,7.422,0,1.015,6.178,0,2.832,15.795,3.69,9.73,4.343,1.74,17.43,5.071,11.478
IKPB:bin_000380,1.501,0,0,0,1.015,0,0,0,0,0,0,0,0,0,0,0,0,0,0,0,0,0,0,0,0,0,0,0,1.085,0,0,3.777,1.476,0,0,0,0,0,0,1.769,0,0,0,0,0,0,0,0,0,0,1.347,0,0,0,0,1.482,0,0,0,2.93,0,0,2.657,0,0,0,0,3.645,0,0,0,0,0,0.792,0,0,0,0,0,0,0,2.357,0,0
IKPB:bin_000381,1.638,0,0,0,0,0,3.228,0,0,0,0,0,0,0,0,0,0,0,0,0,0,0,0,0,0,0,0,0,0,0,0,0,0,0,0,0,0,0,0,0,0,0,0,0,0,0,0,0,0,0,0,0,0,0,0,0,0,0,0,3.347,0,0,2.732,0,0,2.141,0,3.47,0,0,0,0,0,0,0,0,2.102,0,0,0,0,1.67,0,0
IKPB:bin_000386,8.847,0,0,0,1.855,3.616,16.486,0,0,1.661,1.903,0,0,4.48,0,0,0,0,3.427,0,2.974,1.158,2.832,0,0,8.219,2.774,0,4.719,0,3.175,9.482,5.59,4.046,1.952,0,4.151,3.782,1.019,8.253,2.33,4.176,0,2.686,2.099,5.441,0,1.038,0,0,5.5,0,3.14,3.29,1.234,8.614,2.264,1.503,3.345,18.819,0,0,12.004,1.178,3.773,11.465,0,22.628,2.438,0,2.026,0,0.895,4.239,0,2.226,5.591,0,9.315,2.854,1.354,8,0,3.75
IKPB:bin_000387,0,0,0,0,0,0,0,0,0,0,0,0,0,0,0,0,0,0,0,0,0,0,0,0,0,0,0,0,0,0,0,0,0,0,0,0,0,0,0,0,0,0,0,0,0,0,0,0,0,0,0,0,0,0,0,0,0,0,0,0,0,0,0,0,0,1.302,0,0,0,0,0,0,0,0,0,0,0,0,0,0,0,1.104,0,0
IKPB:bin_000391,1.641,0,0,0,0,0,0,0,0,0,0,0,0,0,0,0,0,0,0,0,0,0,0,0,0,0,0,0,0,0,0,0,0,0,0,0,0,0,0,0,0,0,0,0,0,0,0,0,0,0,0,0,0,0,0,0,0,0,0,2.218,0,0,0,0,0,0,0,0,0,0,0,0,0,0,0,0,0,0,0,0,0,0,0,0
IKPB:bin_000392,2.29,0,0,0,0,0,3.409,0,0,0,0,0,0,0,0,0,0,0,0,0,0,0,0,0,0,0,0,0,1.126,0,0,0,1.397,0,0,0,0,0,0,0,0,0,0,2.199,0,0,0,0,0,0,0,0,0,0,0,2.553,0,0,0,4.086,0,0,0,0,0,0,0,3.846,0,0,0,0,0,0,0,0,0,0,0,0,0,1.394,0,1.032
TI1:bin_000004,5.154,0,0,0,0,1.714,7.704,0,0,0,1.423,0,0,3.048,0,2.076,0,0,2.973,0,0,0,0,0,0,2.362,1.931,0,1.728,0,0,5.946,1.668,0,0,0,2.753,0,0,4.45,1.324,1.835,0,0,0,3.393,0,0,0,0,1.815,0,2.332,1.368,0,3.816,1.555,0,0.991,13.547,0,0,4.963,0,1.809,3.538,0,12.968,0,0,0,0,0,2.201,0,0,2.884,0,3.07,0,0,6.286,0,1.563
TI1:bin_000008,4.706,0,0,0,0,1.651,6.868,0,0,0.977,0.805,0,0,3.256,0,0,0,0,3.896,0,0,0,2.295,0,0,3.319,0,0,1.731,0,0,5.724,2,2.192,0,0,2.301,1.085,0,4.51,1.268,1.801,0,3.404,0,2.191,0,0,1.863,0,2.562,0,0,1.63,0,4.338,1.106,0,1.189,9.746,0,0,3.256,0,1.473,3.275,0,9.013,0,0,0,0,0,2.092,0,0,3.051,0,3.758,0,0,3.842,0,1.943
TI1:bin_000011,3.265,0,0,0,0,0,0,0,0,0,0,0,0,0,0,0,0,0,0,0,0,0,0,0,0,0,2.958,0,1.016,0,0,5.171,0,0,0,0,1.241,0,0,2.145,0,0,0,0,0,1.365,0,0,0,0,0,0,0,0,0,2.682,0,0,0,4.85,0,0,0,0,0,0.943,0,5.036,0,0,0,0,0,0.675,0,0,0,0,0,0,0,3.27,0,0
TI1:bin_000018,66.988,6.934,3.921,11.07,9.517,36.775,116.563,0,0,13.46,12.289,0,3.28,45.945,7.631,18.925,0,10.217,44.528,7.529,24.537,7.585,18.183,21.391,0,62.693,19.355,0,27.173,0,21.626,86.911,32.242,33.446,20.461,10.779,35.31,25.534,7.855,69.531,19.706,28.226,3.632,29.634,11.653,31.526,5.875,9.216,14.598,2.825,35.196,5.04,32.507,27.921,7.184,41.364,15.562,10.105,17.493,127.531,0,2.746,91.061,6.328,24.517,48.97,14.319,160.589,10.501,0,23.987,0,4.031,33.513,2.019,9.569,54.671,16.483,53.284,22.47,7.907,56.546,9.14,27.101
TI1:bin_000020,0,0,0,0,0,0,0,0,0,0,0,0,0,0,0,0,0,0,0,0,0,0,0,0,0,0,0,0,0,0,0,0,0,0,0,0,0,0,0,0,0,0,0,0,0,0,0,0,0,0,0,0,0,0,0,0,0,0,0,0,0,0,0,0,0,0,0,0,0,0,0,0,0,0,0,0,0,0,0,0,0,0,0,0
TI1:bin_000026,0,0,0,0,0,0,0,0,0,0,0,0,0,0,0,0,0,0,0,0,0,0,0,0,0,0,0,0,0,0,0,0,0,0,0,0,0,0,0,0,0,0,0,0,0,0,0,0,0,0,0,0,0,0,0,0,0,0,0,0,0,0,0,0,0,0,0,0,0,0,0,0,0,0,0,0,0,0,0,0,0,0,0,0
TI1:bin_000032,4.609,0,0,0,0,0,4.506,0,0,0,0,0,0,0,0,0,0,0,0,0,0,0,0,0,0,0,0,0,0,0,0,3.601,2.049,0,0,0,0,0,0,0,0,0,0,0,0,1.715,0,0,0,0,2.93,0,0,0,0,3.668,0,0,0,6.727,0,0,7.134,0,2.146,2.559,0,5.533,0,0,0,0,0,2.185,0,0,0,0,0,0,0,1.962,0,1.459
TI1:bin_000035,6.725,0,0,0,1.206,3.71,11.22,0,0,1.332,0,0,0,3.137,0,1.642,0,0,6.823,0,2.486,0.969,0,0,0,4.96,0,0,2.856,0,0,5.668,1.857,3.139,1.653,0,1.654,2.345,0,4.73,1.552,2.647,0,2.215,2.554,2.245,0,0,0,0,3.202,0,0,2.55,0,2.578,1.081,0,1.339,16.213,0,0,9.059,0,0,6.914,0,12.553,0,0,0,0,0,2.564,0,0,4.024,0,4.385,1.917,0,5.649,0,2.715
TI1:bin_000041,0,0,0,0,0,0,0,0,0,0,0,0,0,0,0,0,0,0,0,0,0,0,0,0,0,0,0,0,0,0,0,0,0,0,0,0,0,0,0,0,0,0,0,0,0,0,0,0,0,0,0,0,0,0,0,0,0,0,0,0,0,0,0,0,0,0,0,0,0,0,0,0,0,0,0,0,0,0,0,0,0,0,0,0
TI1:bin_000057,0,0,0,0,0,0,0,0,0,0,0,0,0,0,0,0,0,0,0,0,0,0,0,0,0,0,0,0,0,0,0,0,0,0,0,0,0,0,0,0,0,0,0,0,0,0,0,0,0,0,0,0,0,0,0,0,0,0,0,0,0,0,0,0,0,0,0,0,0,0,0,0,0,0,0,0,0,0,0,0,0,0,0,0
TI1:bin_000058,2.869,0,0,0,0,0,3.347,0,0,0,0,0,0,0,0,0,0,0,0,0,0,0,0,0,0,0,0,0,1.092,0,0,2.495,0,0,0,0,0,0,0,2.415,0,0,0,1.965,0,1.257,0,0,0,0,0,0,0,0,0,0,0,0,0,4.771,0,0,2.712,0,0,0.942,0,5.887,0,0,0,0,0,0.923,0,0,2.933,0,0,0,0,3.919,0,0
TI1:bin_000065,1.418,0,0,0,0,0,4.864,0,0,0,0,0,0,1.85,0,0,0,0,0,0,0,0,0,0,0,0,0,0,0,0,0,0,0,0,0,0,1.502,0,0,0,0,0,0,0,0,1.378,0,0,0,0,0,0,0,0,0,0,0,0,0,6.028,0,0,2.31,0,0,1.254,0,3.366,0,0,0,0,0,1.162,0,0,0,0,0,0,0,2.402,0,0
TI1:bin_000066,0,0,0,0,0,0,0,0,0,0,0,0,0,0,0,0,0,0,0,0,0,0,0,0,0,0,0,0,0,0,0,0,0,0,0,0,0,0,0,0,0,0,0,0,0,0,0,0,0,0,0,0,0,0,0,0,0,0,0,0,0,0,0,0,0,0,0,0,0,0,0,0,0,0,0,0,0,0,0,0,0,0,0,0
TI1:bin_000074,0,0,0,0,0,0,0,0,0,0,0,0,0,0,0,0,0,0,0,0,0,0,0,0,0,0,0,0,0,0,0,0,0,0,0,0,0,0,0,0,0,0,0,0,0,0,0,0,0,0,0,0,0,0,0,0,0,0,0,0,0,0,0,0,0,0,0,0,0,0,0,0,0,0,0,0,0,0,0,0,0,0,0,0
TI1:bin_000078,0,0,0,0,0,0,2.147,0,0,0,0,0,0,0,0,0,0,0,0,0,0,0,0,0,0,0,0,0,0,0,0,0,0,0,0,0,0,0,0,0,0,0,0,0,0,0,0,0,0,0,0,0,0,0,0,1.217,0,0,0,0,0,0,0,0,0,0,0,0,0,0,0,0,0,0,0,0,0,0,0,0,0,0,0,1.694
TI1:bin_000079,0,0,0,0,0,0,0,0,0,0,0,0,0,0,0,0,0,0,0,0,0,0,0,0,0,0,0,0,0,0,0,0,0,0,0,0,0,0,0,0,0,0,0,0,0,0,0,0,0,0,0,0,0,0,0,0,0,0,0,0,0,0,0,0,0,0,0,0,0,0,0,0,0,0,0,0,0,0,0,0,0,0,0,0
TI1:bin_000083,0,0,0,0,0,0,0,0,0,0,0,0,0,0,0,0,0,0,0,0,0,0,0,0,0,0,0,0,0,0,0,0,0,0,0,0,0,0,0,0,0,0,0,0,0,0,0,0,0,0,0,0,0,0,0,0,0,0,0,0,0,0,0,0,0,0,0,0,0,0,0,0,0,0,0,0,0,0,0,0,0,0,0,0
TI1:bin_000098,0,0,0,0,0,0,0,0,0,0,0,0,0,0,0,0,0,0,0,0,0,0,0,0,0,0,0,0,0,0,0,0,0,0,0,0,0,0,0,0,0,0,0,0,0,0,0,0,0,0,0,0,0,0,0,0,0,0,0,0,0,0,0,0,0,0,0,0,0,0,0,0,0,0,0,0,0,0,0,0,0,0,0,0
TI1:bin_000101,5.207,0,0,0,2.722,4.488,5.076,0,0,1.162,0,0,0,2.27,5.659,1.579,0,0,0,0,0,0,0,0,0,2.891,0,0,3.193,0,0,6.513,2.113,2.536,0,0,1.163,3.868,0,6.397,1.07,1.879,0,0,0,2.485,2.151,0,0,0,9.983,0,2.034,1.545,0,2.099,0,0,1.041,12.029,0,0,2.275,0,1.196,3.792,0,5.857,0,0,0,0,0.888,1.076,0,1.63,0,0,4.322,0,0,3.68,0,1.113
TI1:bin_000102,0,0,0,0,0,0,0,0,0,0,0,0,0,0,0,0,0,0,0,0,0,0,0,0,0,0,0,0,0,0,0,0,0,0,0,0,0,0,0,0,0,0,0,0,0,0,0,0,0,0,0,0,0,0,0,0,0,0,0,0,0,0,0,0,0,0,0,0,0,0,0,0,0,0,0,0,0,0,0,0,0,0,0,0
TI1:bin_000107,1.068,0,0,0,0,0,0,0,0,0,0,0,0,0,0,0,0,0,0,0,0,0,0,0,0,0,0,0,0,0,0,0,0,0,0,0,0,0,0,0,0,0,0,0,0,0,0,0,0,0,0,0,0,0,0,0,0,0,0,0,0,0,0,0,0,0,0,2.518,0,0,0,0,0,0.732,0,0,0,0,0,0,0,1.214,0,0
TI1:bin_000120,0,0,0,0,0,0,0,0,0,0,0,0,0,0,0,0,0,0,0,0,0,0,0,0,0,0,0,0,0,0,0,0,0,0,0,0,0,0,0,0,0,0,0,0,0,0,0,0,0,0,0,0,0,0,0,0,0,0,0,0,0,0,0,0,0,0,0,0,0,0,0,0,0,0,0,0,0,0,0,0,0,0,0,0
TI1:bin_000121,0,0,0,0,0,0,0,0,0,0,0,0,0,0,0,0,0,0,0,0,0,0,0,0,0,0,0,0,0,0,0,0,0,0,0,0,0,0,0,0,0,0,0,0,0,0,0,0,0,0,0,0,0,0,0,0,0,0,0,0,0,0,0,0,0,0,0,0,0,0,0,0,0,0,0,0,0,0,0,0,0,0,0,0
TI1:bin_000128,1.563,0,0,0,0,0,1.897,0,0,0,0,0,0,0,0,0,0,0,0,0,0,0,0,0,0,0,0,0,0,0,0,0,0.991,0,0,0,0,0,0,0,0,0,0,0,0,0,0,0,0,0,0,0,0,0,0,1.052,0,0,0,2.591,0,0,2.404,0,0,1.041,0,4.257,0,0,0,0,0,0,0,0,0,0,0,0,0,5.259,0,0
TI1:bin_000133,0,0,0,0,0,0,0,0,0,0,0,0,0,0,0,0,0,0,0,0,0,0,0,0,0,0,0,0,0,0,0,0,0,0,0,0,0,0,0,0,0,0,0,0,0,0,0,0,0,0,0,0,0,0,0,0,0,0,0,0,0,0,0,0,0,0,0,0,0,0,0,0,0,0,0,0,0,0,0,0,0,0,0,5.368
TI1:bin_000134,0,0,0,0,0,0,0,0,0,0,0,0,0,0,0,0,0,0,0,0,0,0,0,0,0,0,0,0,0,0,0,0,0,0,0,0,0,0,0,0,0,0,0,0,0,0,0,0,0,0,0,0,0,0,0,0,0,0,0,0,0,0,0,0,0,0,0,0,0,0,0,0,0,0,0,0,0,0,0,0,0,0,0,0
TI1:bin_000137,0,0,0,0,0,0,0,0,0,0,0,0,0,0,0,0,0,0,0,0,0,0,0,0,0,0,0,0,0,0,0,0,0,0,0,0,0,0,0,0,0,0,0,0,0,0,0,0,0,0,0,0,0,0,0,0,0,0,0,0,0,0,0,0,0,0,0,0,0,0,0,0,0,0,0,0,0,0,0,0,0,0,0,0
TI1:bin_000140,0,0,0,0,0,0,0,0,0,0,0,0,0,0,0,0,0,0,0,0,0,0,0,0,0,0,0,0,0,0,0,0,0,0,0,0,0,0,0,0,0,0,0,0,0,0,0,0,0,0,0,0,0,0,0,0,0,0,0,0,0,0,0,0,0,0,0,0,0,0,0,0,0,0,0,0,0,0,0,0,0,0,0,0
TI1:bin_000141,1.272,0,0,0,0,0,2.508,0,0,0,0,0,0,0,0,0,0,0,0,0,0,0,0,0,0,0,0,0,0,0,0,0,0,0,0,0,0,0,0,0,0,0,0,0,0,0,0,0,0,0,0,0,0,0,0,0,0,0,0,0,0,0,0,0,0,1.222,0,2.247,0,0,0,0,0,0,0,0,0,0,0,0,0,1.195,0,0
TI1:bin_000143,0,0,0,0,0,0,0,0,0,0,0,0,0,0,0,0,0,0,0,0,0,0,0,0,0,0,0,0,0,0,0,0,0,0,0,0,0,0,0,0,0,0,0,0,0,0,0,0,0,0,0,0,0,0,0,0,0,0,0,0,0,0,0,0,0,0,0,0,0,0,0,0,0,0,0,0,0,0,0,0,0,0,0,0
TI1:bin_000146,0,0,0,0,0,0,0,0,0,0,0,0,0,0,0,0,0,0,0,0,0,0,0,0,0,0,0,0,0,0,0,0,0,0,0,0,0,0,0,0,0,0,0,0,0,0,0,0,0,0,0,0,0,0,0,0,0,0,0,0,0,0,0,0,0,0,0,0,0,0,0,0,0,0,0,0,0,0,0,0,0,0,0,0
TI1:bin_000150,0,0,0,0,0,0,0,0,0,0,0,0,0,0,0,0,0,0,0,0,0,0,0,0,0,0,0,0,0,0,0,0,0,0,0,0,0,0,0,0,0,0,0,0,0,0,0,0,0,0,0,0,0,0,0,0,0,0,0,0,0,0,0,0,0,0,0,0,0,0,0,0,0,0,0,0,0,0,0,0,0,0,0,0
TI1:bin_000151,0,0,0,0,0,0,1.967,0,0,0,0,0,0,0,0,0,0,0,0,0,0,0,0,0,0,0,0,0,0,0,0,0,0,0,0,0,0,0,0,0,0,0,0,0,0,0,0,0,0,0,0,0,0,0,0,0,0,0,0,0,0,0,0,0,0,0,0,0,0,0,0,0,0,0,0,0,0,0,0,0,0,0,0,0
TI1:bin_000152,0,0,0,0,0,0,0,0,0,0,0,0,0,0,0,0,0,0,0,0,0,0,0,0,0,0,0,0,0,0,0,0,0,0,0,0,0,0,0,0,0,0,0,0,0,0,0,0,0,0,0,0,0,0,0,0,0,0,0,0,0,0,0,0,0,0,0,0,0,0,0,0,0,0,0,0,0,0,0,0,0,0,0,0
TI1:bin_000156,0,0,0,0,0,0,0,0,0,0,0,0,0,0,0,0,0,0,0,0,0,0,0,0,0,0,0,0,0,0,0,0,0,0,0,0,0,0,0,0,0,0,0,0,0,0,0,0,0,0,0,0,0,0,0,0,0,0,0,0,0,0,0,0,0,0,0,0,0,0,0,0,0,0,0,0,0,0,0,0,0,0,0,0
TI1:bin_000168,5.275,0,0,0,0,1.577,10.24,0,0,1.752,0.758,0,0,2.8,1.467,1.51,0,0,0,0,2.111,0,2.421,0,0,2.892,0,0,1.853,0,0,3.801,5.267,9.476,0,0,2.851,1.188,0,9.411,13.249,1.852,0,2.292,2.392,2.641,0,0,0,0,2.817,0,3.096,3.185,0,4.305,0,0,1.052,25.131,0,0,3.977,0,1.141,5.038,3.917,8.211,1.137,0,0,0,0,2.208,0,0,7.536,6.089,7.225,0,0,3.505,0,2.189
TI1:bin_000185,0,0,0,0,0,0,0,0,0,0,0,0,0,0,0,0,0,0,0,0,0,0,0,0,0,0,0,0,0,0,0,0,0,0,0,0,0,0,0,0,0,0,0,0,0,0,0,0,0,0,0,0,0,0,0,0,0,0,0,0,0,0,0,0,0,0,0,0,0,0,0,0,0,0,0,0,0,0,0,0,0,0,0,0
TI1:bin_000186,0,0,0,0,0,0,0,0,0,0,0,0,0,0,0,0,0,0,0,0,0,0,0,0,0,0,0,0,0,0,0,0,0,0,0,0,0,0,0,0,0,0,0,0,0,0,0,0,0,0,0,0,0,0,0,0,0,0,0,2.178,0,0,0,0,0,0,0,0,0,0,0,0,0,0,0,0,0,0,0,0,0,0,0,0
TI1:bin_000187,0,0,0,0,0,0,0,0,0,0,0,0,0,0,0,0,0,0,0,0,0,0,0,0,0,0,0,0,0,0,0,0,0,0,0,0,0,0,0,0,0,0,0,0,0,0,0,0,0,0,0,0,0,0,0,0,0,0,0,0,0,0,0,0,0,0,0,0,0,0,0,0,0,0,0,0,0,0,0,0,0,0,0,0
TI1:bin_000196,2.846,0,0,0,0,0,3.562,0,0,0,0,0,0,0,0,0,0,0,0,0,0,0,0,0,0,0,0,0,0,0,0,0,1.145,0,0,0,2.606,0,0,0,0.967,0,0,0,0,0,0,0,0,0,0,0,0,0,0,2.433,0,0,0.815,4.679,0,0,1.888,0,0,1.836,0,4.491,0,0,0,0,0,0,0,0,0,0,0,0,0,2.131,0,0
TI1:bin_000203,0,0,0,0,0,0,0,0,0,0,0,0,0,0,0,0,0,0,0,0,0,0,0,0,0,0,0,0,0,0,0,0,0,0,0,0,0,0,0,0,0,0,0,0,0,0,0,0,0,0,0,0,0,0,0,0,0,0,0,0,0,0,0,0,0,0,0,0,0,0,0,0,0,0,0,0,0,0,0,0,0,0,0,0
TI1:bin_000205,0,0,0,0,0,0,0,0,0,0,0,0,0,0,0,0,0,0,0,0,0,0,0,0,0,0,0,0,0,0,0,0,0,0,0,0,0,0,0,0,0,0,0,0,0,0,0,0,0,0,0,0,0,0,0,0,0,0,0,0,0,0,0,0,0,0,0,0,0,0,0,0,0,0,0,0,0,0,0,0,0,0,0,0
TI1:bin_000206,0,0,0,0,0,0,0,0,0,0,0,0,0,0,0,0,0,0,0,0,0,0,0,0,0,0,0,0,0,0,0,0,0,0,0,0,0,0,0,0,0,0,0,0,0,0,0,0,0,0,0,0,0,0,0,0,0,0,0,0,0,0,0,0,0,0,0,0,0,0,0,0,0,0,0,0,0,0,0,0,0,0,0,0
TI1:bin_000207,0,0,0,0,0,0,0,0,0,0,0,0,0,0,0,0,0,0,0,0,0,0,0,0,0,0,0,0,0,0,0,0,0,0,0,0,0,0,0,0,0,0,0,0,0,0,0,0,0,0,0,0,0,0,0,0,0,0,0,0,0,0,0,0,0,0,0,0,0,0,0,0,0,0,0,0,0,0,0,0,0,0,0,0
TI1:bin_000211,0,0,0,0,0,0,0,0,0,0,0,0,0,0,0,0,0,0,0,0,0,0,0,0,0,0,0,0,0,0,0,0,0,0,0,0,0,0,0,0,0,0,0,0,0,0,0,0,0,0,0,0,0,0,0,0,0,0,0,0,0,0,0,0,0,0,0,0,0,0,0,0,0,0,0,0,0,0,0,0,0,0,0,0
TI1:bin_000217,0,0,0,0,0,0,0,0,0,0,0,0,0,0,0,0,0,0,0,0,0,0,0,0,0,0,0,0,0,0,0,0,0,0,0,0,0,0,0,0,0,0,0,0,0,0,0,0,0,0,0,0,0,0,0,0,0,0,0,0,0,0,0,0,0,0,0,0,0,0,0,0,0,0,0,0,0,0,0,0,0,0,0,0
TI1:bin_000246,1.982,0,0,0,0,0,3.411,0,0,0,0,0,0,0,0,0,0,0,0,0,0,0,0,0,0,0,0,0,0,0,0,2.355,1.816,0,0,0,1.125,0,0,0,2.442,0,0,0,0,0,0,0,0,0,2.006,0,0,0,0,2.738,0,0,0,5.745,0,0,3.01,0,0,1.635,0,5.88,0,0,0,0,0,0,0,0,0,0,2.461,0,0,1.559,0,0
TI1:bin_000248,0,0,0,0,0,0,0,0,0,0,0,0,0,0,0,0,0,0,0,0,0,0,0,0,0,0,0,0,0,0,0,0,0,0,0,0,0,0,0,0,0,0,0,0,0,0,0,0,0,0,0,0,0,0,0,0,0,0,0,0,0,0,0,0,0,0,0,0,0,0,0,0,0,0,0,0,0,0,0,0,0,0,0,0
TI1:bin_000254,0,0,0,0,0,0,0,0,0,0,0,0,0,0,0,0,0,0,0,0,0,0,0,0,0,0,0,0,0,0,0,0,0,0,0,0,0,0,0,0,0,0,0,0,0,0,0,0,0,0,0,0,0,0,0,0,0,0,0,0,0,0,0,0,0,0,0,0,0,0,0,0,0,0,0,0,0,0,0,0,0,0,0,0
TI1:bin_000255,0,0,0,0,0,0,0,0,0,0,0,0,0,0,0,0,0,0,0,0,0,0,0,0,0,0,0,0,0,0,0,0,0,0,0,0,0,0,0,0,0,0,0,0,0,0,0,0,0,0,0,0,0,0,0,0,0,0,0,0,0,0,0,0,0,0,0,0,0,0,0,0,0,0,0,0,0,0,0,0,0,0,0,0
TI1:bin_000256,0,0,0,0,0,0,0,0,0,0,0,0,0,0,0,0,0,0,0,0,0,0,0,0,0,0,0,0,0,0,0,0,0,0,0,0,0,0,0,0,0,0,0,0,0,0,0,0,0,0,0,0,0,0,0,0,0,0,0,0,0,0,0,0,0,0,0,0,0,0,0,0,0,0,0,0,0,0,0,0,0,0,0,0
TI3:bin_000003,3.864,0,0,0,0.917,1.58,4.362,0,0,0,1.281,0,0,1.703,0,0,0,0,0,0,2.004,0,0,0,0,3.378,0,0,2.22,0,0,6.791,2.357,0,0,0,3.891,1.112,0,3.406,1.516,1.487,0,0,0,4.204,0,0,1.921,0,1.541,0,0,1.681,0,2.893,1.337,0.895,2.073,10.374,0,0,5.165,0,1.661,3.781,0,9.118,0,0,0,0,0,1.612,0,0,3.734,0,2.462,0,0,5.454,0,1.231
TI3:bin_000010,13.433,1.453,0,1.954,1.441,4.526,17.061,0,0,4.246,2.703,0,0,7.785,1.367,2.808,0,0,5.116,1.489,6.879,1.461,4.107,2.181,0,10.15,2.402,0,5.155,0,3.058,12.891,7.395,5.775,2.031,2.195,4.834,4.583,1.269,9.196,4.597,4.465,0,4.92,2.303,6.456,0,1.233,2.177,0,4.535,1.115,6.05,6.678,0,4.901,3.612,2.627,4.883,28.374,0,0,9.382,0,3.428,8.461,0,25.552,2.383,0,3.802,0,1.186,9.216,0,3.915,6.42,0,4.601,3.134,1.344,13.432,2.692,4.325
TI3:bin_000018,77.709,11.787,2.222,0,14.378,9.342,32.193,0,0,8.81,19.699,0,1.459,17.888,3.412,18.424,0,2.089,10.933,3.04,9.27,6.169,8.888,4.716,0,18.122,24.747,0,35.715,0,5.35,84.328,40.965,9.162,2.871,2.556,16.957,10.18,6.283,22.204,28.697,7.808,5.583,17.892,8.914,42.063,1.93,3.192,4.756,0.803,16.539,2.795,18.588,17.45,1.766,35.44,9.32,10.856,46.526,55.304,0,0.861,54.725,6.964,17.605,23.357,7.575,124.7,14.066,0,7.443,0,2.492,27.701,0.898,14.244,23.292,4.118,18.557,15.854,5.893,54.238,13.938,8.409
TI3:bin_000023,33.344,0,0,2.354,4.844,13.978,15.562,0,0,7.368,3.288,0,1.833,2.977,8.541,4.368,0,4.594,4.401,3.489,8.895,4.863,12.048,0,0,12.059,7.547,0,8.692,0,2.323,22.887,19.06,6.988,7.467,0,7.04,13.381,4.267,43.139,5.589,8.509,3.714,6.693,29.178,11.643,2.56,2.648,2.234,0,3.982,1.731,6.103,6.648,1.191,16.765,2.714,2.446,4.891,25.315,0,1.635,40.252,1.816,4.541,9.504,10.278,54.757,4.486,0,4.278,0,3.074,17.587,0.984,8.568,20.757,1.949,5.4,10.972,6.769,25.59,3.472,6.269
TI3:bin_000025,18.421,1.667,0,4.331,1.634,7.853,16.275,0,0,2.978,3.789,0,0,7.87,1.762,4.348,0,1.886,7.301,1.328,5.008,1.812,4.77,3.462,0,7.089,12.684,0,6.412,0,3.36,15.402,8.621,4.32,3.532,3.762,5.421,6.495,1.459,20.13,3.557,5.233,0,5.891,2.569,10.504,0,1.549,2.865,0,7.866,0,6.565,4.456,2.506,9.359,1.74,3.037,2.273,28.179,0,0,19.227,2.862,3.83,11.586,3.276,45.146,2.639,0,8.24,0,1.498,9.511,0.929,2.79,7.416,0,6.896,5.633,1.316,17.681,4.327,5.042
TI3:bin_000028,0,0,0,0,0,0,0,0,0,0,0,0,0,0,0,0,0,0,0,0,0,0,0,0,0,0,0,0,0,0,0,0,0,0,0,0,0,0,0,0,0,0,0,0,0,0,0,0,0,0,0,0,0,0,0,0,0,0,0,2.011,0,0,0,0,0,0,0,2.143,0,0,0,0,0,0,0,0,0,0,0,0,0,1.06,0,0
TI3:bin_000029,1.986,0,0,0,0,0,0,0,0,0,0,0,0,0,0,0,0,0,0,0,0,0,0,0,0,0,0,0,1.336,0,0,0,1.233,1.97,0,0,0,0,0,2.276,0,0,0,0,0,0,0,0,0,0,0,0,0,0,0,1.649,0,0,0,3.665,0,0,2.47,0,0,0,0,3.736,0,0,0,0,0,1.186,0,0,0,0,0,0,0,1.37,0,0
TI3:bin_000031,3.025,0,0,0,0,0,1.908,0,0,0,0,0,0,1.799,0,0,0,0,0,0,0,0,0,0,0,0,0,0,1.788,0,0,2.976,1.163,0,0,0,1.556,1.225,0,0,0,0,0,2.039,0,1.077,0,0,0,0,0,0,0,0,0,1.357,0,0,0,2.232,0,0,0,0,1.704,1.512,0,8.09,0,0,0,0,0,1.18,0,0,0,0,0,0,0,1.693,0,0
TI3:bin_000039,3.843,0,0,0,0,1.899,6.731,0,0,0,0,0,0,3.354,0,1.529,0,0,3.567,0,0,0,0,0,0,2.392,0,0,1.541,0,0,2.876,0,0,2.477,0,0,0,0,3.732,0,1.032,0,0,0,1.664,0,0,0,0,0,0,0,0,0,1.287,0,0,0.888,5.923,0,0,4.684,0,0,5.448,0,6.095,0,0,0,0,0,2.356,0,0,0,0,2.772,0,0,3.251,0,1.851
TI3:bin_000040,0,0,0,0,0,0,0,0,0,0,0,0,0,0,0,0,0,0,0,0,0,0,0,0,0,0,0,0,0,0,0,0,0,0,0,0,0,0,0,0,0,0,0,0,0,0,0,0,0,0,0,0,0,0,0,0,0,0,0,0,0,0,0,0,0,0,0,0,0,0,0,0,0,0,0,0,0,0,0,0,0,0,0,0
TI3:bin_000043,4.375,0,0,0,0,0,4.746,0,0,0,0.819,0,0,0,0,0,0,0,0,0,0,0,0,0,0,2.207,0,0,1.278,0,0,5.307,1.758,0,0,0,1.114,1.335,0,3.078,0.888,1.818,0,0,0,1.622,0,0,0,0,1.526,0,0,1.508,0,2.662,0,0,1.148,9.528,0,0,1.93,0,1.002,1.937,0,4.681,0,0,0,0,0,1.514,0,0,0,0,0,0,0,4.892,0,1.663
TI3:bin_000055,0,0,0,0,0,0,0,0,0,0,0,0,0,0,0,0,0,0,0,0,0,0,0,0,0,0,0,0,0,0,0,0,0,0,0,0,0,0,0,0,0,0,0,0,0,0,0,0,0,0,0,0,0,0,0,0,0,0,0,0,0,0,0,0,0,0,0,0,0,0,0,0,0,0,0,0,0,0,0,0,0,0,0,0
TI3:bin_000058,0,0,0,0,0,0,0,0,0,0,0,0,0,0,0,0,0,0,0,0,0,0,0,0,0,0,0,0,0,0,0,0,0,0,0,0,0,0,0,0,0,0,0,0,0,0,0,0,0,0,0,0,0,0,0,0,0,0,0,0,0,0,0,0,0,0,0,0,0,0,0,0,0,0,0,0,0,0,0,0,0,0,0,0
TI3:bin_000061,3.889,0,0,0,0.996,0,3.031,0,0,0,0.949,0,0,0,1.11,1.704,0,0,0,0,0,1.118,0,0,0,3.092,0,0,1.577,0,0,8.137,3.364,2.214,0,0,1.795,1.397,0,4.587,1.696,1.137,0,0,2.142,2.379,0,0,0,0,2.806,0,3.844,0,0,4.285,1.362,0.876,0,7.402,0,0,3.539,0,1.64,2.031,0,8.204,2.032,0,0,0,0,1.402,0,1.444,1.852,0,3.524,0,0,5.037,0,2.067
TI3:bin_000078,40.238,2.823,0,3.73,9.222,18.833,61.561,0,0,6.941,6.91,0,1.076,24.271,2.199,6.929,0,8.209,25.608,2.935,14.859,4.085,7.751,3.968,0,30.191,7.328,0,15.128,0,9.528,38.774,9.244,16.697,16.848,2.993,12.881,11.288,1.64,30.268,11.119,14.629,1.786,18.834,11.5,18.045,2.356,2.389,8.606,0,17.562,1.039,15.224,13.629,3.861,23.515,6.771,3.722,8.922,73.759,0,0,48.396,4.163,8.955,28.005,9.205,82.859,3.092,0,11.739,0,1.253,12.389,1.602,3.696,35.669,4.775,33.396,10.464,1.905,30.521,5.151,12.175
TI3:bin_000083,1.219,0,0,0,0,0,4.445,0,0,0,0,0,0,0,0,0,0,0,0,0,0,0,0,0,0,0,0,0,0,0,0,0,0,0,0,0,0,0,0,2.468,0,0,0,0,0,0,0,0,0,0,0,0,0,0,0,1.356,0,0,0,4.573,0,0,3.021,0,0,1.768,0,4.974,0,0,0,0,0,0,0,0,0,0,0,0,0,2.312,0,0
TI3:bin_000094,24.871,1.955,1.521,5.092,1.53,9.015,33.593,0,0,4.196,5.185,0,0,14.446,2.31,8.144,0,4.833,21.648,2.685,8.008,2.842,5.482,4.446,0,17.051,4.299,0,9.191,0,5.156,28.372,9.3,15.387,4.643,0,6.85,7.589,1.665,29.746,5.132,7.694,0,7.951,6.83,9.725,3.069,2.876,2.835,1.094,9.262,1.669,14.432,5.573,1.315,12.036,4.147,2.194,7.631,40.057,0,0.958,37.698,1.51,5.892,21.427,3.113,53.498,3.917,0,6.509,0,1.703,11.303,1.25,3.564,19.45,3.454,15.497,6.924,2.067,19.941,2.845,7.961
TI3:bin_000100,3.035,0,0,0,0,0,0,0,0,0,1.396,0,0,0,2.212,0,0,0,0,0,10.514,0,0,0,0,0,0,0,0,0,0,8.453,0.993,0,0,0,0,0,0,0,0,2.331,0,0,0,1.612,0,0,0,0,0,0,2.391,1.435,0,2.481,0,0,1.68,0,0,0,0,0,2.621,7.997,0,9.721,0,0,0,0,0,8.618,0,0,14.263,6.046,2.818,0,0,1.421,0,6.925
TI3:bin_000101,0,0,0,0,0,0,0,0,0,0,0,0,0,0,0,0,0,0,0,0,0,0,0,0,0,0,0,0,0,0,0,0,0,0,0,0,0,0,0,0,0,0,0,0,0,0,0,0,0,0,0,0,0,0,0,0,0,0,0,0,0,0,0,0,0,0,0,0,0,0,0,0,0,0,0,0,0,0,0,0,0,0,0,0
TI3:bin_000102,0,0,0,0,0,0,0,0,0,0,0,0,0,0,0,0,0,0,0,0,0,0,0,0,0,0,0,0,0,0,0,0,0,0,0,0,0,0,0,0,0,0,0,0,0,0,0,0,0,0,0,0,0,0,0,0,0,0,0,0,0,0,0,0,0,0,0,0,0,0,0,0,0,0,0,0,0,0,0,0,0,0,0,0
TI3:bin_000106,0,0,0,0,0,0,0,0,0,0,0,0,0,0,0,0,0,0,0,0,0,0,0,0,0,0,0,0,0,0,0,0,0,0,0,0,0,1.184,0,0,0,1.31,0,2.693,0,0,0,0,0,0,0,0,0,0,0,6.521,0,0,0,2.355,0,0,0,0,0,1.885,0,0,0,0,0,0,0,0,0,0,2.385,0,0,0,0,0,0,0
TI3:bin_000118,0,0,0,0,0,0,2.332,0,0,0,0,0,0,0,0,0,0,0,0,0,0,0,0,0,0,0,0,0,0,0,0,0,0,0,0,0,0,0,0,0,0,0,0,0,0,0,0,0,0,0,0,0,0,0,0,0,0,0,0,0,0,0,8.932,0,0,1.956,0,0,0,0,0,0,0,0,0,0,0,0,0,2.032,0,0,0,1.281
TI3:bin_000133,2.345,0,0,0,0,0,0,0,0,0,0,0,0,0,0,0,0,0,0,0,0,0,0,0,0,0,0,0,0,0,0,0,1.8,0,0,0,0,1.224,0,3.078,0,0.811,0,0,0,0,0,0,0,0,0,0,0,0,0,0,0,0,0,0,0,0,3.97,0,0,2.437,0,5.867,1.089,0,0,0,0,1.284,0,0,0,0,0,0,0,2.368,0,0
TI3:bin_000144,6.369,0,0,0,1.971,6.766,20.484,0,0,1.103,0,0,0,9.524,0,1.698,0,2.453,5.356,0,4.788,0.812,2.466,0,0,8.131,2.596,0,2.792,0,0,8.881,2.225,6.782,4.207,0,2.92,3.155,0,8.66,1.843,3.655,0,2.074,2.021,5.804,0,0,0,0,7.184,0,3.251,2.749,0,3.994,0,0,2.994,15.287,0,0,15.108,0.998,2.306,13.32,2.701,19.696,0,0,0,0,0,3.045,0,0,8.458,0,9.623,3.854,0,8.078,0,3.919
TI3:bin_000148,13.667,0,0,2.594,0,6.457,22.205,0,0,1.579,0,0,0,9.485,1.141,2.981,0,4.656,7.083,2.304,6.312,1.69,3.562,0,0,20.044,2.991,0,4.229,0,4.449,16.988,1.974,3.897,4.527,0,0,4.17,0,12.231,0,4.749,0,5.213,3.031,5.857,0,0,2.722,0,5.909,0,5.448,4.058,1.215,3.363,1.931,0,3.567,25.764,0,0,15.662,1.196,0,9.956,4.05,26.999,0,0,3.303,0,0,2.518,0,0,5.732,3.076,6.605,4.802,0,15.357,0,5.28
TI3:bin_000161,0,0,0,0,0,0,3.401,0,0,0,0,0,0,3.077,0,0,0,0,2.941,0,0,0,0,0,0,0,33.475,0,0,0,0,0,0,0,0,0,1.496,0,0,0,0,0,0,3.824,0,1.881,0,0,0,0,0,0,21.32,0,0,0,0,0,1.493,5.272,0,0,0,0,0,3.561,0,0,0,0,0,0,0,0,0,0,0,0,0,0,0,2.877,0,0
TI3:bin_000165,0,0,0,0,0,0,0,0,0,0,0,0,0,0,0,0,0,0,0,0,0,0,0,0,0,0,0,0,0,0,0,0,0,0,0,0,0,0,0,0,0,0,0,0,0,0,0,0,0,0,0,0,0,0,0,0,0,0,0,0,0,0,0,0,0,0,0,0,0,0,0,0,0,0,0,0,0,0,0,0,0,0,0,0
TI3:bin_000185,38.466,3.791,1.211,3.602,9.92,29.949,84.29,0,0,7.955,6.243,0,1.036,33.319,4.345,8.935,0,16.556,27.27,4.015,19.833,3.403,9.7,9.832,0,37.767,13.336,0,18.407,0,10.639,48.703,11.274,28.591,19.268,4.227,12.806,15.062,2.798,43.658,13.69,18.293,4.035,22.845,13.433,18.976,3.552,3.507,3.922,1.286,22.485,2.352,25.1,15.071,5.656,28.419,7.851,4.878,11.325,76.831,0,0.845,77.658,4.967,12.185,34.261,14.618,102.505,5.372,0,15.709,0,1.965,16.571,1.997,4.18,31.673,10.125,50.08,17.661,1.904,23.94,5.567,19.695
TI3:bin_000186,36.197,4.888,1.051,8.746,6.118,16.515,51.689,0,0,8.786,6.462,0,1.564,21.825,3.538,8.561,0,4.908,19.819,4.089,17.28,4.298,8.744,5.902,0,25.657,8.24,0,17.569,0,5.976,44.251,12.358,14.319,23.041,4.848,13.214,14.253,1.209,46.806,10.526,13.812,2.993,47.572,6.286,17.299,0,3.882,8.03,1.116,15.991,3.098,14.656,14.74,9.756,24.06,8.103,3.646,8.947,80.54,0,1.956,48.436,5.431,10.449,25.624,8.143,70.892,4.344,0,18.675,0,1.199,16.195,1.104,3.791,22.786,9.203,28.171,5.844,1.708,29.586,6.005,18.105
TI3:bin_000195,7.672,1.016,0,0,0.907,2.766,6.857,0,0,1.235,0.946,0,0,5.724,0,1.377,0,0,3.071,0,1.872,0,0,0,0,6.263,0,0,2.99,0,3.622,7.107,4.347,0,0,0,1.962,1.059,0,7.115,2.051,2.234,0,2.639,1.674,2.348,1.91,0,0,0,2.306,0,2.459,1.377,0,4.2,1.533,1.364,0,11.317,0,0,6.869,0,2.238,4.625,0,8.284,2.536,0,0,0,0.827,2.296,0,1.393,4.874,0,4.055,3.176,0,5.666,0,3.087
TI3:bin_000196,12.494,0,0,2.649,0,8.682,31.721,0,0,2.508,1.176,0,0,10.075,1.363,4.578,0,3.787,11.628,1.892,8.977,1.948,4.368,3.287,0,15.464,5.524,0,3.834,0,3.788,19.379,2.445,5.308,5.569,0,1.207,4.74,0.977,13.433,0,7.022,0,9.4,5.854,8.061,0,0,2.731,0,6.06,0,5.527,6.158,2.332,3.47,1.892,0,4.372,40.524,0,0,15.803,1.567,0,12.649,4.082,30.406,0,0,3.734,0,0,3.339,0,0,7.605,2.86,9.511,4.912,0,17.439,2.676,6.281
TI3:bin_000211,3.43,0,0,0,0,0,6.137,0,0,0,0,0,0,2.433,0,0,0,0,0,0,0,0,0,0,0,0,0,0,0,0,0,4.09,0,3.233,0,0,0,0,0,3.37,0,0.989,0,0,0,1.629,0,0,0,0,0,0,0,0,0,1.519,0,0,0,7.041,0,0,3.738,0,0,3.164,0,4.347,0,0,0,0,0,1.035,0,0,0,0,3.11,0,0,3.724,0,1.09
TI3:bin_000220,14.685,1.302,0,2.34,2.767,8.01,22.272,0,0,2.718,2.558,0,0,8.612,1.382,3.092,0,3.107,9.175,1.118,5.264,1.371,3.494,2.392,0,12.73,3.64,0,5.904,0,3.291,17.206,3.902,6.187,6.613,0,5.029,5.006,0,13.82,4.078,5.591,0,8.553,4.001,6.916,0,1.55,0,0,5.786,0,7.171,4.616,1.606,8.509,2.805,1.482,3.421,28.864,0,0,19.126,1.867,3.37,9.622,3.939,32.733,1.638,0,4.266,0,0,5.783,0,1.438,10.716,0,11.871,4.015,0,10.604,2.019,5.631
TI3:bin_000223,3.018,0,0,0,0,0,5.522,0,0,0,0,0,0,0,0,0,0,0,1.96,0,0,0,0,0,0,2.258,0,0,1.332,0,0,6.176,0,0,0,0,1.186,1.176,0,3.47,0,1.295,0,0,0,2.275,0,0,0,0,1.449,0,0,1.526,0,2.65,0,0,0.977,11.524,0,0,5.882,0,1.186,2.434,0,8.645,0,0,0,0,0,1.297,0,0,2.628,0,3.115,0,0,3.065,0,1.622
TI3:bin_000229,9.448,1.646,0,0,1.322,3.831,13.011,0,0,1.902,1.501,0,0,6.191,0,3.095,0,2.096,5.624,0,4.263,0.909,2.932,2.916,0,6.254,7.459,0,4.477,0,0,9.946,4.209,3.093,3.796,2.158,4.264,2.979,0.822,9.801,2.48,3.118,0,3.26,0,6.753,0,0,2.388,0,3.842,0,6.249,3.209,0,5.842,1.928,0,2.025,25.259,0,0,13.29,0,2.941,7.249,0,18.246,1.415,0,3.448,0,0,4.324,0,1.275,4.07,0,7.02,3.254,0,9.856,2.402,3.665
TI3:bin_000243,0,0,0,0,0,0,0,0,0,0,0,0,0,0,0,0,0,0,0,0,0,0,0,0,0,0,0,0,0,0,0,0,0,0,0,0,0,0,0,0,0,0,0,0,0,0,0,0,0,0,0,0,0,0,0,0,0,0,0,0,0,0,0,0,0,0,0,0,0,0,0,0,0,0,0,0,0,0,0,0,0,0,0,0
TI3:bin_000246,3.541,0,0,0,1.957,3.041,7.17,0,0,1.354,0.953,0,0,0,0,0,0,0,2.345,0,0,0,0,0,0,4.571,0,0,2.383,0,0,6.6,3.251,3.466,0,0,1.909,2.404,0,4.054,1.943,2.161,0,0,0,2.482,0,0,0,0,3.604,0,2.61,1.268,0,8.814,0,1.238,1.913,5.893,0,0,6.833,0,2.1,4.249,0,11.191,1.175,0,0,0,0,2.617,0,1.026,5.216,0,6.385,2.012,0,4.662,0,1.94
TI3:bin_000252,1.343,0,0,0,0,0,2.598,0,0,0,0,0,0,0,0,0,0,0,0,0,0,0,0,0,0,0,0,0,0,0,0,0,0,0,0,0,0,0,0,0,0,0,0,0,0,0,0,0,0,0,0,0,0,0,0,0,0,0,0,2.678,0,0,0,0,0,1.417,0,2.572,0,0,0,0,0,0,0,0,0,0,0,0,0,1.511,0,0
TI3:bin_000266,0,0,0,0,0,0,0,0,0,0,0,0,0,0,0,0,0,0,0,0,0,0,0,0,0,0,0,0,0,0,0,0,0,0,2.383,0,0,0,0,0,0,0,0,5.334,0,0,0,0,0,0,1.762,0,0,0,0,0,0,0,0,0,0,0,0,0,0,0,0,0,0,0,0,0,0,0,0,0,0,0,0,0,0,0,0,0
TI3:bin_000282,4.507,0,0,0,1.044,2.477,9.762,0,0,0,0,0,0,3.461,0,2.31,0,0,3.763,0,4.791,0,0,0,0,4.133,2.137,0,2.259,0,2.6,9.548,2.222,2.992,2.278,0,2.035,1.785,0,5.087,2.805,2.838,0,2.673,0,2.299,0,0,1.916,0,2.424,0,4.306,1.775,0,4.683,0,0,2.003,11.976,0,0,7.219,0,1.921,3.604,0,10.257,0,0,3.226,0,0,1.376,0,0,6.636,0,4.582,2.483,0,4.734,0,2.969
TK1:bin_000004,5.385,0,0,0,0,0,5.619,0,0,0,0.937,0,0,2.491,0,1.944,0,0,2.557,0,0,0.762,0,0,0,2.72,0,0,1.65,0,0,5.5,2.424,0,0,0,1.532,1.376,0,3.328,0,1.935,0,2.503,0,1.933,0,0,0,0,1.186,0,2.486,1.384,0,2.956,0.945,1.068,1.107,7.432,0,0,5.246,0,2.1,2.726,0,8.783,0,0,0,0,0,1.837,0,1.314,0,0,2.321,2.373,0,4.37,0,1.574
TK1:bin_000005,0,0,0,0,0,0,0,0,0,0,0,0,0,0,0,0,0,0,0,0,0,0,0,0,0,0,0,0,0,0,0,0,0,0,0,0,0,0,0,0,0,0,0,0,0,0,0,0,0,0,0,0,0,0,0,0,0,0,0,0,0,0,0,0,0,0,0,0,0,0,0,0,0,0,0,0,0,0,0,0,0,0,0,0
TK1:bin_000018,10.153,0,0,0,2.935,9.665,27.941,0,0,3.074,2.111,0,0,15.647,0,3.791,0,3.521,11.148,0.982,8.206,1.337,2.113,2.005,0,11.143,3.91,0,6.922,0,4.028,15.04,3.359,6.603,5.11,2.029,6.37,5.041,0,15.625,4.555,6.39,0,7.577,2.351,6.254,0,1.181,0,0,10.537,0,7.105,4.009,1.822,12.183,2.7,1.416,4.505,25.357,0,0,28.555,1.262,3.189,10.776,2.921,35.541,1.022,0,0,0,0,4.366,0,1.167,8.655,2.637,12.4,5.752,0,8.543,1.927,7.37
TK1:bin_000023,0,0,0,0,0,0,0,0,0,0,0,0,0,0,0,0,0,0,0,0,0,0,0,0,0,0,0,0,0,0,0,0,0,0,0,0,0,0,0,0,0,0,0,0,0,0,0,0,0,0,0,0,0,0,0,0,0,0,0,0,0,0,0,0,0,0,0,0,0,0,0,0,0,0,0,0,0,0,0,0,0,0,0,0
TK1:bin_000025,1.137,0,0,0,0,0,0,0,0,0,0,0,0,0,0,0,0,0,0,0,0,0,0,0,0,0,0,0,0,0,0,0,1.086,0,0,0,0,0,0,0,0,0,0,0,0,0,0,0,0,0,0,0,0,0,0,0,0,0,0,2.627,0,0,0,0,0,0,0,2.181,0,0,0,0,0,0,0,0,0,0,0,0,0,1.349,0,0
TK1:bin_000026,1.362,0,0,0,0,0,2.382,0,0,0,0,0,0,0,0,0,0,0,0,0,0,0,0,0,0,0,0,0,0,0,0,0,0,0,0,0,0,0,0,0,0,0,0,0,0,0,0,0,0,0,0,0,0,0,0,0,0,0,0,2.416,0,0,0,0,0,1.022,0,2.881,0,0,0,0,0,0,0,0,0,0,0,0,0,1.198,0,0
TK1:bin_000028,26.528,0,0,2.911,1.233,5.111,19.585,0,0,0,2.127,0,0,7.595,0,3.466,0,0,2.064,0,7.749,1.621,4.024,2.596,0,2.454,1.899,0,1.771,0,4.579,15.247,5.427,0,0,2.066,5.864,2.323,0,12.455,3.401,2.531,0,2.877,0,5.02,0,1.302,0,0,4.253,0,2.286,38.393,3.127,7.331,1.92,0.962,0.988,18.777,0,0,8.598,1.105,1.414,24.214,2.287,28.173,2.325,0,2.329,0,2.055,8.249,0,1.387,4.834,0,9.15,1.856,0,14.073,2.358,4.118
TK1:bin_000029,10.188,0.924,0,0,4.24,6.097,14.449,0,0,1.726,2.174,0,0,4.739,1.206,1.896,0,0,5.232,0,2.848,1.305,0,2.187,0,6.314,1.953,0,4.942,0,3.827,12.524,6.181,5.838,1.818,0,5.168,3.535,0,9.801,3.89,3.885,0,3.453,3.22,3.723,0,1.017,0,0,8.029,0,4.812,3.118,1.163,16.435,2.15,1.925,2.678,14.832,0,0,16.843,0,5.217,7.358,3.064,22.72,2.757,0,0,0,0,6.319,0,2.979,6.673,0,9.331,4.684,1.417,8.01,0,4.084
TK1:bin_000036,0,0,0,0,0,0,0,0,0,0,0,0,0,0,0,0,0,0,0,0,0,0,0,0,0,0,0,0,0,0,0,0,0,0,0,0,0,0,0,0,0,0,0,0,0,0,0,0,0,0,0,0,0,0,0,0,0,0,0,0,0,0,0,0,0,0,0,0,0,0,0,0,0,0,0,0,0,0,0,0,0,0,0,0
TK1:bin_000042,1.023,0,0,0,0,0,0,0,0,0,0,0,0,0,0,0,0,0,0,0,0,0,0,0,0,0,0,0,0,0,0,0,0,0,0,0,0,0,0,0,0,0,0,6.254,0,0,0,0,0,0,0,0,0,0,0,0,0,0,0,3.342,0,0,0,0,0,0,2.737,4.426,0,0,0,0,0,0,0,0,1.976,0,0,0,0,2.965,0,0
TK1:bin_000046,1.902,0,0,0,0,0,2.688,0,0,0,0,0,0,0,0,0,0,0,0,0,0,0,0,0,0,0,0,0,0,0,0,0,1.135,0,0,0,0,0,0,0,0,0,0,0,0,0,0,0,0,0,0,0,0,0.994,0,0,0,0,0,3.972,0,0,0,0,0,0,0,2.534,0,0,0,0,0,0.826,0,0,0,0,0,0,0,1.765,0,0
TK1:bin_000058,4.348,0,0,0,1.841,2.868,10.15,0,0,0.975,0.885,0,0,2.662,1,0,0,0,4.526,0,1.993,0,2.699,0,0,3.027,0,0,2.859,0,3.041,9.379,1.827,3.538,1.783,0,2.929,1.14,0,4.553,2.438,1.41,0,3.423,0,3.028,0,0,1.875,0,2.424,0,2.997,0,1.202,6.166,1.038,1.009,1.763,14.789,0,0,6.973,0,2.977,4.137,3.896,18.735,1.145,0,0,0,0,2.892,0,1.105,4.919,0,7.691,0,1.036,4.372,0,2.543
TK1:bin_000060,1.621,0,0,0,0,0,0,0,0,0,0,0,0,0,0,0,0,0,0,0,0,0,0,0,0,0,0,0,0,0,0,0,0,0,0,0,0,0,0,0,0,0,0,0,0,0,0,0,0,0,0,0,0,0,0,0,0,0,0,3.217,0,0,0,0,0,0,35.359,2.921,0,0,0,0,0,0,0,0,0,0,0,0,0,0,0,0
TK1:bin_000065,1.396,0,0,0,0,0,0,0,0,0,0,0,0,0,0,0,0,0,0,0,0,0,0,0,0,0,0,0,0,0,0,0,0,0,0,0,0,0,0,0,0,0,0,0,0,0,0,0,0,0,0,0,0,0,0,1.596,0,0,0,2.186,0,0,1.958,0,0,0,0,2.647,0,0,0,0,0,0.698,0,0,0,0,0,0,0,1.198,0,0
TK1:bin_000068,0,0,0,0,0,0,2.037,0,0,0,0,0,0,0,0,0,0,0,0,0,0,0,0,0,0,0,0,0,0,0,0,4.275,0,0,0,0,0,0,0,0,0,0,0,0,0,0,0,0,0,0,0,0,0,0,0,0,0,0,0,0,0,0,0,0,0,0,0,0,0,0,0,0,0,0,0,0,0,0,0,0,0,0,0,0
TK1:bin_000070,0,0,0,0,0,0,0,0,0,0,0,0,0,0,0,0,0,0,0,0,0,0,0,0,0,0,0,0,0,0,0,0,0,0,0,0,0,0,0,0,0,0,0,0,0,0,0,0,0,0,0,0,0,0,0,0,0,0,0,0,0,0,0,0,0,0,0,0,0,0,0,0,0,0,0,0,0,0,0,0,0,0,0,0
TK1:bin_000083,1.844,0,0,0,0.931,0,3.827,0,0,0,0,0,0,0,0,0,0,0,0,0,0,0,0,0,0,0,0,0,1.117,0,0,0,1.077,1.918,0,0,1.615,0,0,1.938,1.153,0,0,0,0,1.457,0,0,0,0,1.671,0,0,0,0,3.638,0,0,1.169,3.28,0,0,3.713,0,0,1.243,0,4.86,0,0,0,0,0,1.506,0,0,0,0,4.18,0,0,1.973,0,0
TK1:bin_000087,6.358,0,0,2.658,0,0,7.596,0,0,1.673,2.118,0,0,5.017,0,0,0,0,2.336,1.18,4.53,1.225,2.017,0,0,6.52,1.976,0,4.381,0,1.96,11.513,3.684,2.307,2.655,0,3.514,2.375,0,6.061,2.314,2.752,0,3.342,0,4.522,0,1.343,0,0,5.19,0,2.114,3.185,1.052,4.523,1.967,0.836,3.778,14.289,0,0,6.956,0,2.65,4.777,0,17.343,1.2,0,2.714,0,0,2.992,0,1.114,2.968,2.16,3.982,4.009,0,7.381,0,2.621
TK1:bin_000090,2.775,0,0,0,0,0,3.197,0,0,0,0,0,0,0,0,0,0,0,0,0,0,0,0,0,0,0,0,0,1.08,0,0,0,1.289,0,0,0,0,0,0,0,0,1.213,0,0,0,1.787,0,0,0,0,1.964,0,0,0,0,0,0,0,0,4.411,0,0,0,0,0,1.584,2.42,3.659,0,0,0,0,0,1.246,0,0,0,0,0,0,0,2.329,0,0
TK1:bin_000093,2.767,0,0,0,0,0,2.419,0,0,0,0,0,0,0,0,0,0,0,2.256,0,2.546,0,0,0,0,0,0,0,0,0,0,2.491,0,0,3.453,0,0,0,0,2.685,0,0,0,8.344,0,0,0,0,0,0,7.789,0,0,0,1.79,0,0,0,0,3.193,0,0,2.179,0,0,4.621,2.242,0,0,0,0,0,0,0,0,0,2.537,0,0,0,0,1.902,0,2.003
TK1:bin_000094,0,0,0,0,0,0,0,0,0,0,0,0,0,0,0,0,0,0,0,0,0,0,0,0,0,0,0,0,0,0,0,0,0,0,0,0,0,0,0,0,0,0,0,0,0,0,0,0,0,0,0,0,0,0,0,0,0,0,0,0,0,0,0,0,0,0,0,0,0,0,0,0,0,0,0,0,0,0,0,0,0,0,0,0
TK1:bin_000097,0,0,0,0,0,0,0,0,0,0,0,0,0,0,0,0,0,0,0,0,0,0,0,0,0,0,0,0,0,0,0,0,0,0,0,0,0,0,0,0,0,0,0,0,0,0,0,0,0,0,0,0,0,0,0,0,0,0,0,0,0,0,0,0,0,0,0,0,0,0,0,0,0,0,0,0,0,0,0,0,0,0,0,0
TK1:bin_000100,0,0,0,0,0,0,0,0,0,0,0,0,0,0,0,0,0,0,0,0,0,0,0,0,0,0,0,0,0,0,0,0,0,0,0,0,0,0,0,0,0,0,0,0,0,0,0,0,0,0,0,0,0,0,0,0,0,0,0,0,0,0,0,0,0,0,0,0,0,0,0,0,0,0,0,0,0,0,0,0,0,0,0,0
TK1:bin_000101,1.117,0,0,0,0,0,0,0,0,0,0,0,0,0,0,0,0,0,0,0,0,0,0,0,0,0,0,0,0,0,0,0,0,0,0,0,0,0,0,0,0,0,0,1.841,0,1.014,0,0,0,0,0,0,0,0,0,0,0,0,0,0,0,0,0,0,0,1.206,0,2.776,0,0,0,0,0,0,0,0,2.091,0,0,0,0,1.38,0,1.09
TK1:bin_000104,2.168,0,0,0,0,0,0,0,0,0,0,0,0,0,0,0,0,0,0,0,0,0,0,0,0,0,0,0,0,0,0,2.828,0,0,0,0,0,0,0,0,0,0,0,0,0,1.139,0,0,0,0,0,0,0,0,0,0,0,0,0,6.435,0,0,0,0,0,0,0,0,0,0,0,0,0,0,0,0,0,0,0,0,0,2.155,0,0
TK1:bin_000107,0,0,0,0,0,0,0,0,0,0,0,0,0,0,0,0,0,0,0,0,0,0,0,0,0,0,0,0,0,0,0,0,0,0,0,0,0,0,0,0,0,0,0,0,0,0,0,0,0,0,0,0,0,0,0,0,0,0,0,0,0,0,0,0,0,0,0,0,0,0,0,0,0,0,0,0,0,0,0,0,0,0,0,0
TK1:bin_000115,0,0,0,0,0,0,0,0,0,0,0,0,0,0,0,0,0,0,0,0,0,0,0,0,0,0,0,0,0,0,0,0,0,0,0,0,0,0,0,0,0,0,0,0,0,0,0,0,0,0,0,0,0,0,0,2.032,0,0,0,0,0,0,0,0,0,0,0,0,0,0,0,0,0,0,0,0,0,0,0,0,0,0,0,0
TK1:bin_000116,1.052,0,0,0,0,0,0,0,0,0,0,0,0,0,0,0,0,0,0,0,0,0,0,0,0,0,0,0,0,0,0,0,0,0,0,0,0,0,0,0,0,0,0,0,0,0,0,0,0,0,0,0,0,0,0,0,0,0,0,0,0,0,0,0,0,0,0,0,0,0,0,0,0,0,0,0,0,0,0,0,0,0,0,0
TK1:bin_000118,0,0,0,0,0,0,0,0,0,0,0,0,0,0,0,0,0,0,0,0,0,0,0,0,0,0,0,0,0,0,0,0,0,0,0,0,0,0,0,0,0,0,0,0,0,0,0,0,0,0,0,0,0,0,0,0,0,0,0,0,0,0,0,0,0,0,0,0,0,0,0,0,0,0,0,0,0,0,0,0,0,0,0,0
TK1:bin_000123,4.365,0,0,0,0,1.972,6.027,0,0,0,1.159,0,0,4.192,0,0,0,0,0,0,1.96,0,0,0,0,3.766,0,0,1.535,0,0,7.176,3.002,1.918,0,0,1.841,2.113,0,5.026,1.093,1.902,0,2.857,0,1.757,0,0,0,0,2.701,0,1.89,1.598,0,4.526,1.168,0,1.877,13.808,0,0,6.511,0,1.778,1.998,0,11.276,0,0,2.239,0,0.889,2.107,0,1.175,2.938,0,5.653,0,0,4.602,0,2.174
TK1:bin_000125,0,0,0,0,0,0,0,0,0,0,0,0,0,0,0,0,0,0,0,0,0,0,0,0,0,0,0,0,0,0,0,0,0,0,0,0,0,0,0,0,0,0,0,0,0,0,0,0,0,0,0,0,0,0,0,0,0,0,0,0,0,0,0,0,0,0,0,0,0,0,0,0,0,0,0,0,0,0,0,0,0,0,0,0
TK1:bin_000131,3.975,0,0,0,0,2.511,6.957,0,0,0,0,0,0,4.992,0,1.85,0,0,1.957,0,3.962,0,2.944,0,0,3.838,0,0,1.075,0,0,9.188,1.774,0,2.36,0,1.463,1.553,0,4.759,1.448,2.003,0,0,0,2.302,0,0,0,0,1.719,0,2.112,1.822,0,4.75,0,0,1.843,7.204,0,0,5.12,0,1.79,2.462,0,5.927,0,0,2.674,0,0,1.281,0,0,4.165,0,3.875,0,0,4.225,0,1.621
TK1:bin_000133,3.349,0,0,0,0,0,2.656,0,0,0,0,0,0,3.152,0,3.041,0,0,0,0,0,0,0,0,0,0,0,0,1.427,0,0,5.608,1.755,0,0,0,0,1.291,0,2.317,0,1.436,0,0,0,2.459,0,0,0,0,3.315,0,0,0,0,0,1.1,0,0,14.937,0,0,3.785,0,1.263,1.596,0,9.832,0,0,2.162,0,0,1.964,0,0,3.888,0,2.481,0,0,2.871,0,1.462
TK1:bin_000138,5.926,0,0,0,0,2.839,6.852,0,0,1.215,1.119,0,0,3.967,0,0,0,0,3.876,0,0,0,0,1.878,0,4.917,0,0,1.938,0,0,3.422,2.204,0,0,0,2.387,1.353,0,3.105,1.03,1.945,0,2.511,0,3.473,0,0,0,0,1.462,0,2.688,1.461,0,2.256,1.097,0,1.407,12.864,0,0,6.663,0,1.554,2.723,0,12.721,0,0,2.092,0,0,2.449,0,0,3.07,0,3.148,0,0,6.68,0,1.945
TK1:bin_000139,2.706,0,0,0,0,0,5.679,0,0,0,0,0,0,0,0,0,0,0,0,0,2.76,0,0,0,0,0,0,0,0,0,0,0,0,0,1.652,0,0,0,0,2.681,0,0,0,3.055,0,0,0,0,0,0,7.999,0,0,0,4.406,4.294,0,0,0,2.513,0,0,2.256,0,0,2.645,2.631,0,1.043,0,0,0,0,0,0,0,0,0,0,0,0,2.374,0,1.239
TK1:bin_000145,0,0,0,0,0,0,0,0,0,0,0,0,0,0,0,0,0,0,0,0,0,0,0,0,0,0,0,0,0,0,0,0,0,0,0,0,0,0,0,0,0,0,0,0,0,0,0,0,0,0,0,0,0,0,0,0,0,0,0,0,0,0,0,0,0,0,0,0,0,0,0,0,0,0,0,0,0,0,0,0,0,0,0,0
TK1:bin_000149,7.362,1.939,0,2.434,0,1.604,8.304,0,0,0.953,0.993,0,0,3.29,0,2.554,0,0,2.733,0,7.818,1.234,4.344,0,0,3.814,1.997,0,1.69,0,0,7.982,2.107,0,6.528,2.566,0.995,4.249,0,7.27,1.21,2.478,0,10.654,0,2.378,0,0,0,0,3.597,0,3.518,1.925,4.651,11.897,1.106,0,0,12.081,0,0,7.47,0,2.554,4.34,3.772,7.407,2.002,0,4.641,0,0,2.036,0,0,5.884,4.67,2.183,1.875,0,9.199,0,3.963
TK1:bin_000151,0,0,0,0,0,0,0,0,0,0,0,0,0,0,0,0,0,0,0,0,0,0,0,0,0,0,0,0,0,0,0,0,0,0,0,0,0,0,0,0,0,0,0,0,0,0,0,0,0,0,0,0,0,0,0,0,0,0,0,0,0,0,0,0,0,0,0,0,0,0,0,0,0,0,0,0,0,0,0,0,0,0,0,0
TK1:bin_000153,0,0,0,0,0,0,0,0,0,0,0,0,0,0,0,0,0,0,0,0,0,0,0,0,0,0,0,0,0,0,0,0,0,0,0,0,0,0,0,0,0,0,0,0,0,0,0,0,0,0,0,0,0,0,0,0,0,0,0,0,0,0,0,0,0,1.026,0,2.099,0,0,0,0,0,0,0,0,0,0,0,0,0,1.84,0,0
TK1:bin_000156,1.61,0,0,0,0,0,2.529,0,0,0,0,0,0,0,0,0,0,0,0,0,0,0,0,0,0,0,0,0,0,0,0,4.447,0,0,0,0,0,0,0,0,0,0,0,0,0,1.023,0,0,0,0,0,0,0,0,0,0,0,0,0.907,3.171,0,0,2.935,0,0,1.925,0,5.447,0,0,0,0,0,1.056,0,0,0,0,0,0,0,2.668,0,0
TK1:bin_000158,0,0,0,0,0,0,0,0,0,0,0,0,0,0,0,0,0,0,0,0,0,0,0,0,0,0,0,0,0,0,0,0,0,0,0,0,0,0,0,0,0,0,0,0,0,0,0,0,0,0,0,0,0,0,0,0,0,0,0,2.054,0,0,0,0,0,0,0,0,0,0,0,0,0,0,0,0,0,0,0,0,0,0,0,0
TK1:bin_000164,1.19,0,0,0,0,0,2.184,0,0,0,0,0,0,0,0,0,0,0,0,0,0,0,0,0,0,0,0,0,0,0,0,0,0,0,0,0,0,0,0,0,0,0,0,0,0,1.447,0,0,0,0,0,0,0,0,0,0,0,0,0,3.45,0,0,0,0,0,0,0,3.195,0,0,0,0,0,0,0,0,0,0,0,0,0,1.24,0,0
TK1:bin_000166,18.682,1.427,0,0,1.819,4.715,21.06,0,0,3.582,3.437,0,0,12.835,1.545,5.205,0,0,4.258,1.426,3.939,1.532,7.178,3.937,0,9.707,4.874,0,6.418,0,3.149,26.04,6.806,7.985,2.335,3.498,5.573,4.545,1.766,18.505,5.893,4.828,0,10.93,4.447,11.388,2.201,1.596,4.689,0.786,6,1.307,6.385,5.081,1.662,8.485,2.48,2.283,4.842,36.448,0,0.878,19.101,1.214,5.052,12.838,6.239,28.948,2.909,0,12.543,0,1.042,8.004,0,1.922,7.276,4.934,7.128,6.853,0,20.516,2.511,4.971
TK1:bin_000167,1.819,0,0,1.885,0,0,6.216,0,0,0,0,0,0,0,0,0,0,0,0,0,0,0,0,0,0,0,0,0,0,0,0,5.603,0,0,0,0,0,0,0,2.255,0,0,0,0,0,0,0,0,0,0,0,0,0,0,0,0,0,0,0,3.724,0,0,0,0,0,1.693,0,0,0,0,2.755,0,0,0.793,0,0,0,0,0,0,0,3.362,0,0
TK1:bin_000175,0,0,0,0,0,0,0,0,0,0,0,0,0,0,0,0,0,0,0,0,0,0,0,0,0,0,0,0,0,0,0,0,0,0,0,0,0,0,0,0,0,0,0,0,0,0,0,0,0,0,0,0,0,0,0,0,0,0,0,0,0,0,0,0,0,0,0,0,0,0,0,0,0,0,0,0,0,0,0,0,0,0,0,0
TK1:bin_000178,1.932,0,0,0,0,0,0,0,0,0,0,0,0,0,0,0,0,0,0,0,0,0,0,0,0,0,0,0,0.996,0,0,0,1.154,0,0,0,0,0,0,0,0,0,0,0,0,0,0,0,0,0,0,0,0,0,0,1.19,0,0,0,3.774,0,0,1.739,0,0,0,0,3.445,0,0,0,0,0,1.001,0,0,0,0,0,0,0,2.341,0,0
TK1:bin_000182,4.534,0,0,0,0,1.986,8.825,0,0,1.055,2.383,0,0,3.332,1.192,3.092,0,0,1.743,0,0,0,0,0,0,2.744,0,0,4.596,0,5.315,8.707,2.382,2.316,0,0,3.151,3.272,0,9.674,1.286,2.005,0,0,0,4.032,0,0,0,0,2.447,0,0,2.069,0,5.474,1.772,0,1.589,15.567,0,0,5.91,0,1.7,3.921,0,14.533,1.084,0,0,0,0,3.839,0,0,2.023,0,0,2.026,0,7.748,0,1.946
TK1:bin_000184,0,0,0,0,0,0,0,0,0,0,0,0,0,0,0,0,0,0,0,0,0,0,0,0,0,0,0,0,0,0,0,0,0,0,0,0,0,0,0,0,0,0,0,0,0,0,0,0,0,0,0,0,0,0,0,0,0,0,0,0,0,0,0,0,0,0,0,0,0,0,0,0,0,0,0,0,0,0,0,0,0,0,0,0
TK1:bin_000185,5.675,0.985,0,0,1.096,3.291,12.092,0,0,0,0,0,0,4.265,0,1.807,0,0,2.723,0,4.526,0,0,0,0,6.058,0,0,1.601,0,0,7.217,1.261,2.297,2.579,0,1.644,2.403,0,10.158,1.367,3.301,0,3.538,0,3.291,0,0,0,0,3.33,0,3.442,2.978,0,3.128,0,0,1.762,14.284,0,0,11.55,0,1.577,5.791,0,13.189,0,0,0,0,0,1.481,0,0,4.02,0,6.003,0,0,3.304,0,2.782
TK1:bin_000187,0,0,0,0,0,0,0,0,0,0,0,0,0,0,0,0,0,0,0,0,0,0,0,0,0,0,0,0,0,0,0,0,0,0,0,0,0,0,0,0,0,0,0,0,0,0,0,0,0,0,0,0,0,0,0,0,0,0,0,0,0,0,0,0,0,0,0,0,0,0,0,0,0,0,0,0,0,0,0,0,0,0,0,0
TK1:bin_000193,50.839,8.273,1.912,13.133,7.205,23.521,73.507,0,0,11.047,8.294,0,3.293,27.228,3.392,12.701,0,6.792,24.188,5.938,28.573,5.652,14.625,11.679,0,50.671,8.712,0,23.631,0,9.988,63.978,20.339,19.119,37.744,11.218,19.969,21.547,2.78,63.006,12.238,22.16,1.848,64.939,8.317,29.368,3.218,7.892,17.816,1.068,25.113,5.711,17.457,22.218,18.553,45.314,11.631,5.729,12.367,108.346,0,3.043,60.874,8.16,18.258,31.153,8.92,95.915,7.589,0,23.382,0,2.588,22.627,1.417,7.751,29.718,17.694,35.975,9.508,3.753,38.456,10.811,26.652
TK1:bin_000199,2.565,0,0,0,1.258,0,5.248,0,0,0,0,0,0,0,0,0,0,0,2.43,0,0,0,0,0,0,0,0,0,1.053,0,0,2.246,1.147,0,0,0,1.304,0,0,4.161,0,0,0,0,0,0,0,0,0,0,1.398,0,0,0,0,1.273,0,0,0,4.598,0,0,4.62,0,0,3.259,0,3.297,0,0,0,0,0,0.935,0,0,2.216,0,0,0,0,2.237,0,0
TK1:bin_000202,1.921,0,0,0,0,0,1.767,0,0,0,0,0,0,0,0,0,0,0,0,0,1.913,0,0,0,0,0,0,0,0,0,0,0,0,0,5.228,0,0,0,0,0,0,0,0,9.184,0,0,0,0,0,0,3.539,0,0,0,2.117,0,0,0,0,3.678,0,0,0,0,0,2.857,0,0,0,0,0,0,0,0,0,0,1.937,0,0,0,0,1.449,0,1.437
TK1:bin_000203,0,0,0,0,0,0,0,0,0,0,0,0,0,0,0,0,0,0,0,0,0,0,0,0,0,0,0,0,0,0,0,0,0,0,0,0,0,0,0,0,0,0,0,0,0,0,0,0,0,0,0,0,0,0,0,0,0,0,0,0,0,0,0,0,0,0,0,0,0,0,0,0,0,0,0,0,0,0,0,0,0,0,0,0
TK1:bin_000206,0,0,0,0,0,0,2.086,0,0,0,0,0,0,0,0,0,0,0,0,0,0,0,0,0,0,0,0,0,0,0,0,0,0,0,0,0,0,0,0,0,0,0,0,0,0,0,0,0,0,0,0,0,0,0,0,0,0,0,0,3.234,0,0,0,0,0,0,0,4.623,0,0,0,0,0,0,0,0,0,0,0,0,0,1.626,0,0
TK1:bin_000211,0,0,0,0,0,0,0,0,0,0,0,0,0,0,0,0,0,0,0,0,0,0,0,0,0,0,0,0,0,0,0,0,0,0,0,0,0,0,0,0,0,0,0,0,0,0,0,0,0,0,0,0,0,0,0,0,0,0,0,0,0,0,0,0,0,0,0,0,0,0,0,0,0,0,0,0,0,0,0,0,0,0,0,0
TK1:bin_000215,0,0,0,0,0,0,0,0,0,0,0,0,0,0,0,0,0,0,0,0,0,0,0,0,0,0,0,0,0,0,0,0,0,0,0,0,0,0,0,0,0,0,0,0,0,0,0,0,0,0,0,0,0,0,0,0,0,0,0,0,0,0,0,0,0,0,0,0,0,0,0,0,0,0,0,0,0,0,0,0,0,0,0,0
TK1:bin_000224,9.197,0,0,2.389,1.848,6.141,18.349,0,0,1.75,1.829,0,0,6.655,1.619,3.029,0,0,4.466,1.06,5.097,1.109,4.137,0,0,8.297,1.733,0,4.095,0,4.291,13.523,4.083,2.953,4.335,0,3.828,4.039,0.828,8.138,3.687,4.693,0,2.618,3.216,4.433,0,1.269,0,0,3.124,1.086,3.79,3.597,0,4.107,1.935,0.952,3.41,18.925,0,0,11.114,1.323,3.783,7.689,1.858,17.758,2.105,0,3.262,0,0.752,4.61,0,2.325,3.764,3.293,6.058,3.204,0.973,9.274,0,4.261
TK1:bin_000254,2.876,0,0,0,0,0,4.936,0,0,0,0,0,0,0,0,0,0,0,0,0,0,0,0,0,0,3.259,0,0,1.193,0,0,2.93,0,0,0,0,0,0,0,2.361,0,1.207,0,0,0,1.675,0,0,0,0,3.788,0,3.035,0,0,2.445,0,0,1.2,3.42,0,0,4.105,0,0,1.258,0,6.732,0,0,0,0,0,0,0,0,0,0,6.477,0,0,1.637,0,1.204
TK1:bin_000262,0,0,0,0,0,0,0,0,0,0,0,0,0,0,0,0,0,0,0,0,0,0,0,0,0,0,0,0,0,0,0,0,0,0,0,0,0,0,0,0,0,0,0,0,0,0,0,0,0,0,0,0,0,0,0,0,0,0,0,0,0,0,0,0,0,0,0,0,0,0,0,0,0,0,0,0,0,0,0,0,0,0,0,0
TK1:bin_000264,0,0,0,0,0,0,0,0,0,0,0,0,0,0,0,0,0,0,0,0,0,0,0,0,0,0,0,0,0,0,0,0,0,0,0,0,0,0,0,0,0,0,0,0,0,0,0,0,0,0,0,0,0,0,0,0,0,0,0,0,0,0,0,0,0,0,0,0,0,0,0,0,0,0,0,0,0,0,0,0,0,0,0,0
TK1:bin_000265,0,0,0,0,0,0,0,0,0,0,0,0,0,0,0,0,0,0,0,0,0,0,0,0,0,0,0,0,0,0,0,0,0,0,0,0,0,0,0,0,0,0,0,0,0,0,0,0,0,0,0,0,0,0,0,0,0,0,0,0,0,0,0,0,0,0,0,0,0,0,0,0,0,0,0,0,0,0,0,0,0,0,0,0
TK1:bin_000267,8.492,0,0,0,3.339,6.376,17.845,0,0,1.899,1.442,0,0,6.582,0,0,0,2.637,6.639,0,3.117,0.847,0,0,0,7.235,3.005,0,3.767,0,0,9.929,4.013,4.856,3.94,0,3.91,3.069,0.81,11.848,2.666,3.32,0,2.542,0,4.144,0,0.945,0,0,7.372,0,4.341,3.835,1.104,10.739,1.732,1.304,2.745,18.871,0,0,14.998,0,2.365,7.796,2.384,17.39,0,0,3.172,0,0,3.249,0,1.36,6.063,0,9.448,2.03,0,5.584,0,4.566
TK1:bin_000279,0,0,0,0,0,0,2.749,0,0,0,0,0,0,0,0,0,0,0,0,0,0,0,0,0,0,0,0,0,0,0,0,2.022,0,0,0,0,0,0,0,0,0,0,0,0,0,0,0,0,0,0,0,0,0,0,0,0,0,0,0,2.513,0,0,0,0,0,1.691,0,3.171,0,0,0,0,0,0.756,0,0,0,0,0,0,0,0,0,0
TK1:bin_000284,6.837,0,0,0,1.002,2.276,8.131,0,0,0,0,0,0,3.17,0,2.009,0,0,2.412,0,3.198,0,0,0,0,4.176,0,0,2.233,0,0,5.898,1.97,2.705,1.853,0,1.814,2.179,0,5.669,1.308,2.356,0,0,0,3.182,0,0,0,0,3.102,0,2.851,0,0,3.34,0,0,1.588,12.643,0,0,5.723,0,2.207,3.759,0,12.116,0,0,0,0,0,2.16,0,0,4.821,0,3.963,2.085,0,4.747,0,2.747
TK1:bin_000285,0,0,0,0,0,0,0,0,0,0,0,0,0,0,0,0,0,0,0,0,0,0,0,0,0,0,0,0,0,0,0,0,0,0,0,0,0,0,0,0,0,0,0,0,0,0,0,0,0,0,0,0,0,0,0,0,0,0,0,0,0,0,0,0,0,0,0,0,0,0,0,0,0,0,0,0,0,0,0,0,0,0,0,0
TK1:bin_000300,0,0,0,0,0,0,0,0,0,0,0,0,0,0,0,0,0,0,0,0,0,0,0,0,0,0,0,0,0,0,0,0,0,0,0,0,0,0,0,0,0,0,0,0,0,0,0,0,0,0,0,0,0,0,0,0,0,0,0,0,0,0,0,0,0,0,0,0,0,0,0,0,0,0,0,0,0,0,0,0,0,2.028,0,0
TK1:bin_000303,2.202,0,0,0,0,0,3.758,0,0,0,0,0,0,0,0,0,0,0,0,0,0,0,0,0,0,0,0,0,0,0,0,2.582,1.262,0,0,0,0,0,0,0,0,1.163,0,0,0,0,0,0,0,0,1.81,0,0,0,0,2.733,0,0,0,3.54,0,0,3.201,0,0,1.898,0,8.27,0,0,0,0,0,0,0,0,0,0,0,0,0,2.476,0,0
TK1:bin_000337,2.522,0,0,0,0,0,4.136,0,0,0,0,0,0,0,0,0,0,0,0,0,0,0,0,0,0,0,0,0,1.252,0,0,3.67,1.353,0,0,0,0,0,0,3.234,0,0,0,0,0,1.225,0,0,0,0,0,0,0,0,0,2.447,0,0,0,4.766,0,0,4.359,0,1.18,3.083,0,7.278,0,0,0,0,0,1.411,0,0,0,0,0,0,0,2.463,0,0
TK1:bin_000347,9.141,0,0,1.898,1.757,4.649,13.263,0,0,1.736,1.657,0,0,5.19,0,2.125,0,2.06,6.133,0,3.227,0.872,2.197,0,0,8.073,2.104,0,3.85,0,0,10.189,2.414,4.058,4.349,0,3.029,3.188,0,8.735,2.704,3.454,0,5.761,2.434,4.403,0,0.981,0,0,3.416,0,4.627,2.946,0,5.462,1.831,0,2.133,19.112,0,0,12.067,1.07,2.095,5.884,2.722,20.646,0,0,2.963,0,0,3.687,0,0,6.069,0,7.263,2.128,0,6.695,0,3.647
TK3:bin_000001,1.618,0,0,0,0,0,5.728,0,0,0,0,0,0,1.72,0,0,0,0,2.438,0,2.355,0,0,0,0,3.352,2.38,0,5.019,0,0,3.23,0,3.032,2.414,0,0,1.158,0,4.297,0,0.832,0,0,0,0,0,0,0,0,0,0,3.234,0,0,1.736,0,0,1.591,5.052,0,0,4.714,0,0,2.708,0,0,0,0,0,0,0,0.71,0,0,0,0,0,0,0,1.634,0,0
TK3:bin_000003,9.119,0,0,0,0,2.597,4.895,0,0,1.699,3.787,0,0,0,0,0,0,0,2.2,0,0,0.849,0,0,0,2.421,0,0,5.332,0,0,3.39,6.191,2.34,0,0,6.35,1.401,0,0,2.118,1.793,0,1.888,0,6.355,0,1.595,0,0,1.936,0,3.488,2.079,0,3.579,1.095,0,0.954,19.757,0,0,8.709,0,1.079,4.07,0,18.097,1.004,0,0,0,0,4.809,0,0,2.802,0,4.396,0,0,9.37,0,1.572
TK3:bin_000005,1.595,0,0,0,3.146,1.675,3.981,0,0,0,0.788,0,0,3.629,0,2.13,0,0,2.064,0,2.162,2.058,0,0,0,3.002,9.139,0,1.363,0,0,2.692,3.439,0,0,0,1.82,0,1.153,3.508,1.854,1.217,0,4.103,0,1.875,2.109,0,0,0,0,0,2.876,1.416,0,3.127,1.301,0,0,4.183,0,0,3.464,0,1.183,2.642,0,5.655,0,0,0,0,0,1.894,0,1.191,3.251,0,0,1.862,0,2.482,1.856,1.522
TK3:bin_000018,9.217,0,0,0,1.671,2.152,13.694,0,0,1.197,1.968,0,0,2.764,1.06,2.038,0,0,3.729,1.107,3.895,1.156,2.661,0,0,5.875,0,0,4.482,0,1.855,9.704,4.154,2.271,3.027,0,3.604,2.312,0.861,6.419,2.72,3.063,0,1.749,0,2.725,0,1.169,1.832,0,3.798,0,2.855,2.588,0,6.188,2.306,1.349,3.497,18.172,0,0,7.394,0,3.852,7.784,0,17.405,1.715,0,2.538,0,0.917,3.665,0,1.66,3.859,1.909,5.335,1.706,1.049,5.958,0,2.726
TK3:bin_000019,18.371,6.279,0,2.971,1.258,5.887,18.282,0,0,1.84,1.638,0,0,7.325,1.717,4.092,0,1.937,7.122,1.97,10.094,1.983,3.176,4.194,0,9.21,5.55,0,5.307,0,5.325,16.304,36.617,3.308,5.04,3.212,4.022,5.647,1.878,14.441,2.632,9.796,0,12.691,2.717,27.671,2.615,1.83,3.803,0.933,15.866,2.569,9.05,9.896,193.603,11.857,3.145,1.968,2.712,34.143,0,0,17.047,8.159,4.273,10,127.207,18.125,16.103,0,3.889,0,1.235,5.121,0,2.998,12.221,2.866,7.712,3.425,2.023,11.774,2.782,12.335
TK3:bin_000021,1.403,0,0,0,0,0,0,0,0,0,0,0,0,0,0,0,0,0,0,0,0,0,0,0,0,0,0,0,0,0,0,0,0,0,0,0,0,0,0,0,0,0,0,0,0,0,0,0,0,0,0,0,0,0,0,2.114,0,0,0,1.98,0,0,1.951,0,0,1.549,0,3.144,0,0,0,0,0,0,0,0,0,0,0,0,0,0.953,0,0
TK3:bin_000024,6.588,0,0,0,1.24,4.503,16.094,0,0,1.401,0.887,0,0,7.561,0,3.293,0,0,8.692,1.291,3.474,0,2.187,1.892,0,9.096,1.956,0,3.034,0,0,6.795,1.17,6.183,5.267,0,1.2,3.347,0,14.262,1.74,3.279,0,4.46,3.166,3.827,0,0,0,0,4.842,0,4.195,2.563,1.674,4.295,1.275,0.887,1.558,8.755,0,0,14.746,0,1.758,6.11,4.144,17.147,0,0,2.654,0,0,1.18,0,0,10.414,0,9.016,2.719,0,4.299,0,4.675
TK3:bin_000026,0,0,0,0,0,0,0,0,0,0,0,0,0,0,0,0,0,0,0,0,0,0,0,0,0,0,0,0,0,0,0,0,0,0,0,0,0,0,0,0,0,0,0,0,0,0,0,0,0,0,0,0,0,0,0,0,0,0,0,0,0,0,0,0,0,0,0,0,0,0,0,0,0,0,0,0,0,0,0,0,0,0,0,0
TK3:bin_000028,0,0,0,0,0,0,0,0,0,0,0,0,0,0,0,0,0,0,0,0,0,0,0,0,0,0,0,0,0,0,0,0,0,0,0,0,0,0,0,0,0,0,0,0,0,0,0,0,0,0,0,0,0,0,0,0,0,0,0,0,0,0,0,0,0,0,0,0,0,0,0,0,0,0,0,0,0,0,0,0,0,0,0,0
TK3:bin_000031,0,0,0,0,0,0,0,0,0,0,0,0,0,0,0,0,0,0,0,0,0,0,0,0,0,0,0,0,0,0,0,0,0,0,0,0,0,0,0,0,0,0,0,0,0,0,0,0,0,0,0,0,0,0,0,1.281,0,0,0,1.961,0,0,0,0,0,1.154,0,0,0,0,0,0,0,0,0,0,0,0,0,0,0,0,0,0
TK3:bin_000036,0,0,0,0,0,0,0,0,0,0,0,0,0,0,0,0,0,0,0,0,0,0,0,0,0,0,0,0,0,0,0,2.107,0,0,0,0,0,0,0,0,0,0,0,0,0,0,0,0,0,0,0,0,0,0,0,0,0,0,1.141,0,0,0,0,0,0,0,0,0,0,0,0,0,0,0,0,0,0,0,0,0,0,0,0,0
TK3:bin_000043,8.701,0,0,0,0.895,7.501,10.584,0,0,1.581,1.171,0,0,0,0,0,0,0,6.447,0,4.156,1.174,0,0,0,4.821,1.709,0,0,0,3.963,4.874,2.12,9.22,0,0,3.53,2.64,0.824,8.51,0.953,2.113,0,1.855,4.363,1.579,0,0,0,0,2.016,0,5.488,3.282,2.707,5.131,0,1.439,1.305,5.779,0,0,10.964,0,0,7.435,3.44,16.471,0,0,5.198,0,1.006,2.814,0,0.922,10.498,0,0,0,0,10.491,0,1.853
TK3:bin_000046,6.081,0.935,0,0,0,2.996,11.296,0,0,1.503,1.081,0,0.987,6.284,0,0,0,0,0,1.168,2.254,1.247,0,3.824,0,6.381,1.757,0,2.623,0,0,8.498,5.886,2.909,0,0,3.137,3.325,0.802,7.3,1.361,4.85,0,5.619,1.72,5.904,0,1.435,0,0,3.431,0,4.166,2.324,7.902,5.5,1.321,1.314,1.875,15.919,0,0,8.846,2.39,2.776,5.059,12.719,14.504,2.545,0,3.11,0,0,2.912,0,1.384,6.758,0,4.947,3.475,0,7.165,0,3.466
TK3:bin_000047,5.056,0,0,0,0.977,3.348,9.538,0,0,0.971,0,0,0,5.746,0,0,0,0,3.843,0,3.385,0,0,0,0,5.096,2.514,0,2.07,0,0,5.042,1.53,3.147,1.908,0,1.268,1.48,0,7.629,1.111,2.111,0,2.233,0,1.393,0,0,0,0,2.987,0,3.37,2.336,0,3.176,0,0,1.395,10.043,0,0,5.994,1.158,0,5.975,1.882,8.762,0,0,0,0,0,1.381,0,0,6.716,0,5.105,0,0,4.076,0,1.95
TK3:bin_000048,5.357,0,0,0,0,2.826,8.497,0,0,0,0,0,0,3.663,0,1.529,0,0,3.366,0,0,0.89,0,0,0,3.223,0,0,2.394,0,0,4.133,1.167,0,0,0,2.917,1.595,0,4.991,0,1.608,0,0,0,1.792,0,0,0,0,1.127,0,2.64,1.216,0,1.559,0,0,1.087,13.447,0,0,5.732,0,0,3.284,0,8.508,0,0,0,0,0,1.53,0,0,0,0,4.029,0,0,6.535,0,1.302
TK3:bin_000056,2.167,0,0,0,0,0,3.068,0,0,0,0,0,0,0,0,0,0,0,0,0,0,0,0,0,0,0,0,0,0,0,0,0,0,0,0,0,0,0,0,0,0,0,0,0,0,0,0,0,0,0,0,0,0,0,0,1.311,0,0,0,2.686,0,0,0,0,0,0,0,0,0,0,0,0,0,0.898,0,0,0,0,0,0,0,0,0,0
TK3:bin_000069,5.328,0,0,0,0,2.426,12.198,0,0,3.682,0,0,0,5.433,0,0,0,0,0,0,0,1.183,0,0,0,3.248,0,0,1.423,0,0,2.38,0,0,0,0,0,1.681,0,5.495,0,2.055,0,0,0,4.555,0,0,0,0,1.651,0,0,2.361,0,1.54,0,0,1.127,13.581,0,0,2.605,8.439,0,4.893,0,8.072,0,0,0,0,0,1.251,0,0,5.3,0,2.901,0,0,4.648,3.767,1.993
TK3:bin_000070,0,0,0,0,0,0,0,0,0,0,0,0,0,0,0,0,0,0,0,0,0,0,0,0,0,0,0,0,0,0,0,0,0,0,0,0,0,0,0,0,0,0,0,0,0,0,0,0,0,0,0,0,0,0,0,0,0,0,0,0,0,0,0,0,0,0,0,0,0,0,0,0,0,0,0,0,0,0,0,0,0,0,0,0
TK3:bin_000071,8.84,0,0,2.195,0,2.676,8.344,0,0,1.406,1.097,0,0,3.116,0,1.918,0,0,0,0,2.093,0.81,2.626,0,0,4.411,0,0,3.389,0,1.964,9.486,4.588,0,0,0,2.884,2.376,0,5.895,0,2.622,0,1.843,2.605,3.281,0,0,2.374,0,1.722,0,0,3.063,0,5.095,3.31,0.842,1.084,18.44,0,0,8.074,0,1.519,3.145,0,12.923,1.399,0,2.971,0,0,3.897,0,1.835,0,0,3.299,2.264,0,6.731,0,1.428
TK3:bin_000089,0,0,0,0,0,0,0,0,0,0,0,0,0,0,0,0,0,0,0,0,0,0,0,0,0,0,0,0,0,0,0,0,0,0,0,0,0,0,0,0,0,0,0,0,0,0,0,0,0,0,0,0,0,0,0,0,0,0,0,0,0,0,0,0,0,0,0,0,0,0,0,0,0,0,0,0,0,0,0,0,0,0,0,0
TK3:bin_000091,1.806,0,0,0,0,4.118,3.67,0,0,0,0,0,0,2.481,1.536,1.667,0,0,2.079,0,2.78,0,0,0,0,1.959,3.033,0,0,0,0,3.545,1.907,0,1.784,0,1.476,1.128,0.818,0,0,1.28,1.872,3.757,2.523,1.708,0,0,0,0,0,0,0,0,0,2.047,0.981,0,1.356,7.63,0,0,5.413,0,0,1.608,0,4.138,1.525,0,1.955,0,0,1.534,0,0,0,0,0,0,0,3.577,0,1.752
TK3:bin_000096,0,0,0,0,0,0,0,0,0,0,0,0,0,0,0,0,0,0,0,0,0,0,0,0,0,0,0,0,0,0,0,0,0,0,0,0,0,0,0,0,0,0,0,0,0,0,0,0,0,0,0,0,0,0,0,0,0,0,0,0,0,0,0,0,0,0,0,0,0,0,0,0,0,0,0,0,0,0,0,0,0,0,0,0
TK3:bin_000104,13.368,0,0,0,1.499,3.685,18.487,0,0,3.5,1.543,0,0,7.253,0.976,4.246,0,2.27,5.824,0.914,2.195,0.993,5.212,2.456,0,7.574,3.43,0,5.554,0,2.642,12.195,5.551,4.039,2.833,0,5.189,3.362,1.757,6.719,3.351,5.167,0,2.557,3.249,5.614,0,1.78,4.621,0,3.777,0,4.014,4.773,0,6.259,2.517,1.246,2.782,33.027,0,0,16.072,0,3.474,7.993,0,20.78,2.942,0,5.058,0,0,8.699,0,2.497,4.844,2.349,5.622,4.235,1.286,9.265,0,2.572
TK3:bin_000116,2.972,0,0,0,0,3.57,11.807,0,0,0,1.095,0,0,0,1.137,3.329,0,0,4.99,0,2.315,1.124,2.267,0,0,5.887,2.117,0,3.298,0,3.049,5.386,5.47,0,0,0,1.35,2.206,0,8.798,1.485,2.391,0,0,1.777,4.893,2.332,0,0,0,3.528,0,2.431,4.409,1.155,8.251,2.123,0,1.229,9.238,0,0,16.651,0,2.475,10.069,0,22.515,1.884,0,2.696,0,0.897,4.186,0,1.182,5.933,0,0,1.791,0,13.209,0,1.964
TK3:bin_000123,0,0,0,0,0,0,0,0,0,0,0,0,0,0,0,0,0,0,0,0,0,0,0,0,0,0,0,0,0,0,0,0,0,0,0,0,0,0,0,0,0,0,0,0,0,0,0,0,0,0,0,0,0,0,0,0,0,0,0,0,0,0,0,0,0,0,0,0,0,0,0,0,0,0,0,0,0,0,0,0,0,0,0,0
TK3:bin_000128,1.503,0,0,0,0,0,4.813,0,0,0,0,0,0,0,0,0,0,0,1.954,0,0,0,0,0,0,0,0,0,1.069,0,0,2.305,1.204,0,0,0,0,0,0,0,0,1.021,0,1.757,0,0.984,0,0,0,0,1.59,0,0,1.264,0,0,0,0,0,0,0,0,0,0,1.016,2.096,0,5.773,0,0,0,0,0,0.955,0,0,0,0,2.265,0,0,1.578,0,0
TK3:bin_000135,1.938,0,0,0,0,0,3.418,0,0,0,0,0,0,0,0,0,0,0,0,0,0,0,0,0,0,0,0,0,0,0,0,0,0,0,0,0,0,0,0,2.058,0,1.09,0,0,0,1.015,0,0,0,0,1.661,0,0,0,0,1.392,0,0,0,5.247,0,0,2.228,0,0,1.146,0,3.75,0,0,0,0,0,1.027,0,0,0,0,2.387,0,0,1.865,0,0
TK3:bin_000142,13.225,0,0,0,3.668,7.614,27.021,0,0,1.931,1.917,0,0,11.034,1.053,3.149,0,3.436,8.97,1.297,5.788,1.703,4.002,0,0,12.723,2.302,0,7.111,0,3.093,16.58,5.119,8.832,4.174,1.979,4.388,4.812,1.06,18.709,5.369,6.371,0,5.836,5.664,5.382,0,1.426,3.009,0,9.547,0,7.522,4.597,0,15.759,3.062,1.382,3.64,30.099,0,0,25.31,2.012,4.229,15.405,4.411,27.891,1.707,0,4.076,0,0,3.855,0,1.432,11.987,0,18.831,4.594,0,9.831,0,6.164
TK3:bin_000143,5.85,0,0,0,1.447,3.999,14.021,0,0,1.078,1.207,0,0,4.258,0,2.14,0,1.978,4.044,1.089,4.65,0,0,0,0,4.465,1.777,0,3.157,0,1.96,8.613,2.171,3.872,3.208,0,3.282,2.839,0,6.096,1.686,2.701,0,2.769,1.845,3.103,0,0,0,0,4.542,0,2.272,1.974,0,5.799,1.228,0,2.007,15,0,0,8.941,0,1.654,5.368,2.004,13.428,0,0,0,0,0,3.244,0,0,6.174,0,5.905,2.351,0,5.474,0,2.789
TK3:bin_000144,0,0,0,0,0,0,0,0,0,0,0,0,0,0,0,0,0,0,0,0,0,0,0,0,0,0,0,0,0,0,0,0,0,0,0,0,0,0,0,0,0,0,0,0,0,0,0,0,0,0,0,0,0,0,0,0,0,0,0,0,0,0,0,0,0,0,0,0,0,0,0,0,0,0,0,0,0,0,0,0,0,1.074,0,0
TK3:bin_000150,1.107,0,0,0,0,0,2.683,0,0,0,0,0,0,0,0,0,0,0,0,0,0,0,0,0,0,0,0,0,0,0,0,0,0,0,0,0,0,0,0,0,0,0,0,0,0,0,0,0,0,0,0,0,0,0,0,0,0,0,0,2.146,0,0,0,0,0,1.057,0,0,0,0,0,0,0,0,0,0,0,0,0,0,0,0.91,0,0.947
TK3:bin_000157,0,0,0,0,0,0,0,0,0,0,0,0,0,0,0,0,0,0,0,0,0,0,0,0,0,0,0,0,0,0,0,0,0,0,0,0,0,0,0,0,0,0,0,0,0,0,0,0,0,0,0,0,0,0,0,0,0,0,0,0,0,0,0,0,0,0,0,0,0,0,0,0,0,0,0,0,0,0,0,0,0,0,0,0
TK3:bin_000166,2.856,0,0,0,1.112,2.647,8.522,0,0,0,0,0,0,2.553,0,0,0,0,4.358,0,0,0,0,0,0,6.629,0,0,1.387,0,0,4.486,0,2.511,0,0,0,1.808,0,2.735,0,2.033,0,0,2.379,0,0,0,0,0,2.113,0,0,1.173,0,3.256,0,0,1.028,4.807,0,0,2.58,0,0,3.416,0,5.86,0,0,0,0,0,0.974,0,0,0,0,4.561,0,0,2.362,0,1.49
TK3:bin_000168,0,0,0,0,0,0,0,0,0,0,0,0,0,0,0,0,0,0,0,0,0,0,0,0,0,0,0,0,0,0,0,0,0,0,0,0,0,0,0,0,0,0,0,0,0,0,0,0,0,0,0,0,0,0,0,0,0,0,0,0,0,0,0,0,0,0,0,0,0,0,0,0,0,0,0,0,0,0,0,0,0,0,0,0
TK3:bin_000172,1.523,0,0,0,0,0,3.926,0,0,0,0,0,0,0,0,0,0,0,0,0,0,0,0,0,0,0,0,0,0.977,0,0,2.257,0,0,0,0,0,0,0,0,0,0,0,2.284,0,0,0,0,0,0,0,0,0,0,0,0,0,0,0,3.137,0,0,0,0,0,1.894,0,4.92,0,0,0,0,0,0,0,0,2.223,0,0,0,0,0,0,0
TK3:bin_000174,3.015,0,0,0,1.361,0,3.672,0,0,0,0,0,0,3.173,0,0,0,0,0,0,0,0,0,0,0,0,0,0,0,0,0,3.52,1.435,0,0,0,0,1.378,0,2.254,0,0.991,0,0,0,0,0,0,0,0,2.21,0,2.306,0,0,4.4,0,0,1.091,2.923,0,0,2.472,0,0,1.911,0,7.214,0,0,0,0,0,2.11,0,0,0,0,2.008,0,0,4.594,0,0
TK3:bin_000175,0,0,0,0,0,0,0,0,0,0,0,0,0,0,0,0,0,0,0,0,0,0,0,0,0,0,0,0,0,0,0,0,0,0,0,0,0,0,0,0,0,0,0,0,0,0,0,0,0,0,0,0,0,0,0,0,0,0,0,0,0,0,0,0,0,0,0,0,0,0,0,0,0,0,0,0,0,0,0,0,0,0,0,0
TK3:bin_000177,0,0,0,0,0,0,2.446,0,0,0,0,0,0,0,0,0,0,0,0,0,0,0,0,0,0,0,0,0,0,0,0,0,0,0,0,0,0,0,0,0,0,0,0,0,0,0,0,0,0,0,0,0,0,0,0,0,0,0,0,3.106,0,0,0,0,0,0,0,3.568,0,0,0,0,0,0,0,0,2.744,0,0,0,0,0,0,0
TK3:bin_000178,8.103,1.413,0,0,1.022,3.412,15.06,0,0,1.516,1.931,0,1.197,6.555,0,3.001,0,0,3.768,1.155,2.678,0.932,3.021,1.964,0,7.678,2.103,0,3.236,0,2.511,12.07,2.941,3.825,1.721,0,4.489,3.4,0,4.48,2.756,3.057,0,4.895,2.142,5.077,0,1.149,3.676,0,5.313,0,4.269,2.83,0.965,4.891,1.764,0.984,2.91,16.297,0,0,8.388,1.003,2.717,8.996,0,14.524,1.217,0,3.616,0,0,5.905,0,1.434,4.447,0,5.69,4.548,0,9.138,0,2.78
TK3:bin_000189,1.892,0,0,0,0,0,2.304,0,0,0,0,0,0,0,0,0,0,0,0,0,0,0,0,0,0,0,0,0,0,0,0,2.614,1.491,0,0,0,0,1.014,0,0,0,0.836,0,0,0,0,0,0,0,0,0,0,0,0,0,1.827,0,0,0,3.07,0,0,2.789,0,0,0,0,4.143,0,0,0,0,0,0.829,0,0,0,0,0,0,0,2.154,0,0
TK3:bin_000191,0,0,0,0,0,0,0,0,0,0,0,0,0,0,0,0,0,0,0,0,0,0,0,0,0,0,0,0,0,0,0,0,0,0,0,0,0,0,0,0,0,0,0,0,0,0,0,0,0,0,0,0,0,0,0,0,0,0,0,0,0,0,0,0,0,0,0,0,0,0,0,0,0,0,0,0,0,0,0,0,0,0,0,0
TK3:bin_000193,4.091,0,0,0,1.493,2.706,10.409,0,0,0,1.068,0,0,3.625,0,2.039,0,0,3.305,0,7.702,0.714,2.423,2.184,0,6.216,3.843,0,2.59,0,4.378,12.68,2.694,2.468,2.693,0,2.898,1.296,0,4.456,2.532,1.865,0,0,1.757,3.171,0,0,0,0,2.701,0,3.983,1.614,0,5.669,1.029,0,1.754,11.814,0,0,7.278,0,1.739,3.272,0,10.276,1.157,0,0,0,0,1.597,0,0,4.524,0,6.957,2.545,0,3.605,0,1.726
TK3:bin_000196,4.28,0,0,0,0,0,2.886,0,0,0,0,0,0,0,0,2.77,0,0,0,0,0,0,0,1.846,0,0,0,0,1.441,0,0,0,2.639,0,0,0,0,0,0,1.975,0,1.045,0,0,0,1.587,0,0,0,0,0,0,0,0,1.139,4.275,0,0,0.99,3.86,0,0,4.537,0,0,2.297,0,7.24,0,0,0,0,0,1.157,0,0,0,0,2.52,0,0,3.757,0,0
TK3:bin_000198,33.172,4.532,0,7.36,7.671,14.608,55.738,0,0,5.858,5.1,0,1.073,24.627,2.138,7.248,0,5.671,20.785,2.584,11.046,4.233,9.232,5.698,0,30.394,6.608,0,16.395,0,5.731,28.203,9.24,17.559,22.064,2.441,11.708,12.254,1.376,34.208,7.982,13.845,1.648,28.195,5.805,16.311,0,4.154,6.338,0,15.796,2.196,11.461,13.524,4.477,21.341,5.291,3.326,6.788,76.812,0,0.866,50.601,3.293,6.793,26.511,8.049,75.452,4.063,0,13.82,0,1.747,16.612,1.49,3.442,25.121,5.151,35.195,7.937,2.347,30.524,6.172,12.922
TK3:bin_000200,4.877,0,0,0,0,0,2.899,0,0,0,0,0,0,1.964,0,0,0,0,0,0,0,0,0,0,0,0,0,0,1.398,0,0,2.111,2.048,0,0,0,1.467,0,0,1.773,0,1.258,0,0,0,1.889,0,0,0,0,1.066,0,0,0,0,2.125,0.991,0,0.848,8.481,0,0,3.601,0,1.094,1.874,0,7.878,0,0,0,0,0,1.777,0,0,3.148,0,3.227,0,0,3.323,0,0.938
TK3:bin_000201,6.478,0,0,0,0,0,0,0,0,0,1.445,0,0,0,1.033,0,0,0,0,0,0,0,0,0,0,0,0,0,1.788,0,0,0,0,0,1.693,0,0,0,0,0,2.874,0,0,0,0,5.531,0,0,0,0,1.723,0,0,0,0,0,0,0.926,4.84,3.123,0,0,11.268,0,1.774,1.781,0,6.519,1.162,0,0,0,0,3.021,0,0,0,0,0,0,0,4.118,0,0
TK3:bin_000208,2.669,0,0,0,0,0,9.536,0,0,0,0.989,0,0,0,0,0,0,0,0,0,2.786,0.764,0,2.282,0,0,0,0,1.798,0,0,4.585,2.148,0,0,0,1.891,0.994,0,2.902,0.885,2.02,0,3.064,0,1.842,0,0,0,0,2.676,0,2.621,1.468,0,4.76,0.912,0,1.015,4.841,0,0,5.255,0,0,3.355,0,7.097,1.119,0,2.193,0,0,1.628,0,0,2.53,0,0,0,0,2.532,0,2.973
TK3:bin_000217,0,0,0,0,0,0,0,0,0,0,0,0,0,0,0,0,0,0,0,0,0,0,0,0,0,0,0,0,0,0,0,0,0,0,0,0,0,0,0,0,0,0,0,0,0,0,0,0,0,0,0,0,0,0,0,0,0,0,0,0,0,0,0,0,0,0,0,0,0,0,0,0,0,0,0,0,0,0,0,0,0,0,0,0
TK3:bin_000232,2.921,0,0,0,0,2.116,5.901,0,0,0,0,0,0,3.099,0,0,0,0,0,0,0,0,0,0,0,3.808,0,0,1.789,0,0,3.702,1.028,0,0,0,1.907,0.937,0,2.497,0,1.173,0,2.677,0,2.277,0,0.857,0,0,0,0,0,0.977,0,2.022,0,0,1.204,7.459,0,0,3.068,0,0,2.137,0,12.037,0,0,0,0,0,2.773,0,0,0,0,2.704,2.262,0,3.494,0,1.123
TK3:bin_000233,2.931,1.487,0,0,0,0,2.708,0,0,0,0,0,0,0,0,0,0,0,0,0,0,0,0,0,0,0,0,0,0,0,0,0,1.823,0,3.798,0,0,0,0,2.774,0,0.812,0,8.109,0,2.114,0,0,0,0,2.097,0,0,0,1.532,0,0,0,0,4.663,0,0,0,0,0,1.53,7.172,4.221,0,0,0,0,0,0,0,0,1.816,0,0,0,0,2.457,0,1.451
TK3:bin_000238,0,0,0,0,0,0,0,0,0,0,0,0,0,0,0,0,0,0,0,0,0,0,0,0,0,0,0,0,0,0,0,0,0,0,0,0,0,0,0,0,0,0,0,0,0,0,0,0,0,0,0,0,0,0,0,0,0,0,0,0,0,0,0,0,0,0,4.449,3.044,0,0,0,0,0,0,0,0,0,0,0,0,0,0,0,0
TK3:bin_000253,0,0,0,0,0,0,0,0,0,0,0,0,0,0,0,0,0,0,0,0,0,0,0,0,0,0,0,0,0,0,0,0,0,0,0,0,0,0,0,0,0,0,0,0,0,0,0,0,0,0,0,0,0,0,0,0,0,0,0,0,0,0,0,0,0,0,0,0,0,0,0,0,0,0,0,0,0,0,0,0,0,0,0,0
TK3:bin_000259,6.54,0,0,0,0.889,2.693,9.698,0,0,1.198,1.276,0,0,4.33,0,0,0,0,2.687,0,2.85,0,0,0,0,4.133,1.906,0,2.288,0,0,7.158,2.406,0,0,0,2.637,1.628,0,4.835,1.587,2.593,0,2.323,0,2.713,0,0,0,0,2.762,0,2.739,2.744,0,4.447,1.309,0,1.515,11.172,0,0,6.569,0,1.795,4.052,0,12.587,0,0,2.141,0,0,2.831,0,0,3.003,0,3.774,2.415,0,5.124,0,1.917
TK3:bin_000260,3.774,0,0,0,0,0,4.381,0,0,0,0,0,0,0,0,0,0,0,2.866,0,0,0,0,0,0,0,0,0,1.175,0,0,3.342,1.279,0,0,0,1.511,0,0,3.314,1.07,1.182,0,1.829,0,1.758,0,0,0,0,1.309,0,2.133,1.322,0,2.447,0,0,0,5.734,0,0,3.606,0,0,2.393,0,6.403,0,0,0,0,0,1.543,0,0,0,0,0,0,0,2.712,0,1.115
TK3:bin_000287,0,0,0,0,0,0,0,0,0,0,0,0,0,0,0,0,0,0,0,0,0,0,0,0,0,0,0,0,0,0,0,0,0,0,0,0,0,0,0,0,0,0,0,0,0,0,0,0,0,0,0,0,0,0,0,0,0,0,0,4.66,0,0,0,0,0,0,0,0,0,0,0,0,0,0,0,0,0,0,0,0,0,0,0,0
TK3:bin_000316,0,0,0,0,0,0,0,0,0,0,0,0,0,0,0,0,0,0,0,0,0,0,0,0,0,0,0,0,0,0,0,0,0,0,0,0,0,0,0,0,0,0,0,0,0,0,0,0,0,0,0,0,0,0,0,0,0,0,0,0,0,0,0,0,0,0,0,0,0,0,0,0,0,0,0,0,0,0,0,0,0,0,0,0
