genome,M305727,M305800,M305717,M305830,M305813,M305745,M305810,M305827,M305702,M305733,M305808,M305742,M305714,M305801,M305831,M305743,M305811,M305819,M305736,M305716,M305799,M305719,M305709,M305814,M305824,M305842,M305749,M305721,M305825,M305836,M305843,M305718,M305845,M305704,M305726,M305738,M305708,M305823,M305820,M305833,M305821,M305706,M305725,M305806,M305807,M305826,M305724,M305828,M305715,M305817,M305840,M305734,M305802,M305744,M305834,M305729,M305731,M305711,M305832,M305722,M305798,M305707,M305841,M305732,M305812,M305837,M305829,M305712,M305818,M305815,M305747,M305740,M305739,M305805,M305705,M305720,M305741,M305728,M305803,M305735,M305746,M305844,M305838,M305710
D300627:bin_000003,0,7.635,0,3.966,4.472,8.319,0,0,0,0,1.296,2.559,0,0,5.468,2.613,2.199,0,0,8.39,5.34,8.716,7.093,3.961,2.968,0,0,0,2.611,0,3.226,0,2.458,6.985,4.767,5.123,5.843,0,5.553,9.318,3.373,0,4.039,2.535,7.148,9.596,3.979,7.287,9.289,3.306,0,5.811,1.99,0,0,7.124,4.812,0,3.387,0,3.824,4.797,0,0,3.735,0,5.497,0,5.808,2.082,6.408,11.325,0,6.112,0,0,0,7.774,17.139,0,2.527,2.086,0,0
D300627:bin_000012,0,15.539,0,3.003,7.929,18.997,0,1.803,0,0,2.462,10.041,0,0,4.217,5.728,3.923,0,0,7.881,11.143,7.344,26.763,6.079,2.454,0,2.998,0,3.693,0,5.834,0,3.219,11.58,6.059,6.407,5.728,0,6.231,13.924,4.079,0,3.065,2.404,7.954,9.212,3.826,11.818,10.5,2.679,0,15.759,1.59,5.657,0,9.502,7.069,0,2.383,3.479,7.662,13.315,0,0,8.458,0,11.557,0,5.283,1.347,11.227,9.664,0,7.027,2.61,2.965,0,9.078,23.958,3.705,4.159,6.571,0,0
D300628:bin_000004,0,0,0,0,0,0,0,0,0,0,0,0,0,0,0,0,0,0,0,0,0,0,0,0,0,0,0,0,0,0,0,0,0,0,0,0,0,0,0,0,0,0,0,0,0,1.561,0,0,0,0,0,0,0,0,0,0,0,0,0,0,0,0,0,0,0,0,0,0,0,0,0,0,0,0,0,0,0,0,0,0,0,0,0,0
D300629:bin_000002,0,0,0,0,0,0,0,0,0,0,0,0,0,0,0,0,0,0,0,0,0,0,0,0,0,0,0,0,0,0,0,0,0,0,0,0,0,0,0,0,0,0,0,0,0,0,0,0,0,0,0,0,0,0,0,0,0,0,0,0,0,0,0,0,0,0,0,0,0,0,0,0,0,0,0,0,0,0,0,0,0,0,0,0
D300630:bin_000014,4.041,44.7,0,15.486,22.385,53.146,4.678,7.982,0,0,5.978,22.606,0,1.328,22.836,15.677,9.921,1.771,8.535,39.444,34.358,53.33,35.251,20.47,8.576,3.052,6.154,5.059,13.465,1.882,24.487,0,17.339,53.464,20.875,35.202,38.799,3.092,23.133,70.711,16.456,0,24.892,13.579,52.478,52.548,19.553,32.723,65.94,11.963,3.298,22.485,7.193,16.651,2.162,31.43,20.417,0,14.227,8.081,35.705,27.916,0,0,25.136,3.601,44.129,4.347,48.927,11.135,52.996,57.373,2.24,35.823,14.418,13.036,3.615,37.013,88.124,7.333,12.934,14.986,3.95,0
D300631:bin_000002,0,46.525,0,4.008,15.728,19.001,0.998,2.354,0,0,2.811,7.052,0,0,8.631,5.766,2.257,0,9.122,12.797,18.137,21.456,28.575,12.245,4.002,2.496,4.355,2.855,5.806,0,7.984,0,11.305,12.581,3.894,7.216,23.885,46.471,8.19,26.2,8.891,0,7.237,4.184,18.423,12.784,2.375,49.499,18.555,43.854,0,14.861,5.852,9.581,1.39,5.991,8.844,0,9.591,5.913,12.749,10.763,0,0,6.266,2.413,26.034,0,8.406,5.098,18.102,18.257,0,9.849,4.181,6.296,0,6.271,33.502,4.827,14.017,8.013,1.393,0
D300631:bin_000019,0,0,0,2.231,1.841,3.138,0,0,0,0,0,0,0,0,4.358,0,1.769,0,0,2.873,0,3.283,5.431,0,1.386,0,0,0,0,0,0,0,0,0,0,0,0,0,2.083,2.433,0,0,2.392,0,0,2.167,0,4.073,0,0,0,3.251,0,3.481,0,2.386,3.575,0,0,0,2.241,0,0,0,0,0,2.352,0,0,0,3.735,0,0,2.35,0,0,0,2.896,2.388,0,0,2.257,0,0
D300632:bin_000002,0,0,0,0,0,0,0,0,0,0,0,0,0,0,0,0,0,0,0,0,0,0,0,0,0,0,0,0,0,0,0,0,0,0,0,0,0,0,0,0,0,0,0,0,0,0,0,0,0,0,0,0,0,0,0,0,0,0,0,0,0,0,0,0,0,0,0,0,0,0,0,0,0,0,0,0,0,0,0,0,0,0,0,0
D300632:bin_000015,0,3.347,0,4.619,3.716,8.836,1.27,4.523,0,0,0,2.483,0,0,16.51,3.871,4.269,0,3.496,4.464,1.492,4.032,13.597,2.602,2.903,0,2.697,0,3.028,0,3.392,0,2.008,4.435,3.294,2.639,1.754,0,3.411,6.162,2.254,0,7.642,0,0,6.291,3.897,5.095,3.595,3.778,0,8.171,0,8.728,0,5.239,8.669,0,1.197,0,7.947,3.853,0,0,1.407,0,4.597,0,5.157,0,7.831,4.232,0,5.561,2.531,2.253,0,7.336,4.445,2.873,4.353,2.854,0,0
D300633:bin_000005,7.996,22.552,0,7.466,10.507,13.135,1.643,8.43,0,0,5.096,7.948,0,0,17.403,3.862,5.91,0,4.899,16.812,3.93,21.633,61.778,7.133,7.328,0,5.804,0,6.91,1.291,13.902,0,11.131,17.338,6.129,12.897,3.407,0,27.485,13.853,3.985,0,18.838,2.798,2.251,27.342,8.912,10.849,6.469,7.733,0,15.005,1.826,14.414,0,12.106,27.763,0,4.588,11.802,13.354,12.651,0,0,7.292,1.428,13.822,3.018,10.897,4.322,19.427,8.33,1.869,13.843,8.975,9.726,0,11.416,12.763,6.038,8.047,8.703,2.458,0
D300633:bin_000006,6.659,13.546,0,3.816,7.45,6.778,0.979,1.873,0,0,2.021,5.409,0,0,15.742,3.536,0,0,3.823,13.88,2.664,9.691,25.606,3.14,11.003,0,0,2.092,4.324,0,4.579,0,5.47,16.064,8.738,12.511,0,0,6.147,5.518,1.608,0,5.402,0,0,5.922,2.234,6.032,7.598,1.865,0,7.805,1.436,9.859,0,9.334,10.908,0,1.304,0,8.347,8.728,0,0,1.207,0,4.183,2.135,9.896,2.739,13.209,6.655,0,12.452,9.676,17.846,0,10.644,5.833,4.236,6.133,4.927,0,0
D300634:bin_000017,8.163,17.122,0,3.974,4.701,11.832,1.103,3.234,0,0,1.851,6.031,0,0,6.574,5.45,6.802,0,0,23.982,4.819,16.417,49.671,7.716,1.666,0,2.881,0,4.89,0,6.408,0,2.683,12.73,17.717,5.324,6.392,0,3.373,11.808,3.548,0,23.012,2.777,0,10.706,9.218,7.158,8.142,2.173,0,17.37,1.343,8.814,0,21.081,8.533,0,1.623,2.559,13.699,18.988,0,0,2.98,0,8.224,0,12.752,1.98,17.267,19.883,0,3.579,8.361,4.1,0,22.033,14.603,5.034,2.33,3.255,0,0
D300634:bin_000019,0,0,0,0,0,0,0,0,0,0,0,0,0,0,0,0,0,0,0,0,0,0,0,0,0,0,0,0,0,0,0,0,0,0,0,0,0,0,0,0,0,0,0,0,0,0,0,0,0,0,0,0,0,0,0,0,0,0,0,0,0,0,0,0,0,0,0,0,0,0,0,0,0,0,0,0,0,0,0,0,0,0,0,0
D300634:bin_000035,0,3.395,0,4.487,4.006,8.985,1.31,4.691,0,0,0,2.361,0,0,16.148,3.981,4.113,0,3.563,4.585,1.549,4.204,12.94,2.681,2.74,0,2.613,0,3.05,0,3.254,0,2.14,4.512,3.124,2.676,1.883,0,3.651,6.259,2.466,0,7.184,0,0,6.426,3.91,5.129,3.755,3.834,0,8.108,0,8.68,0,5.414,8.838,0,1.345,0,8.003,3.882,0,0,1.487,0,4.538,0,5.187,0,8.193,4.407,0,5.525,2.558,2.194,0,7.218,4.486,2.959,4.312,2.977,0,0
D300637:bin_000029,0,0,0,0,0,0,0,0,0,0,0,0,0,0,0,0,0,0,0,0,0,0,0,0,0,0,0,0,0,0,0,0,0,0,0,0,0,0,0,0,0,0,0,0,0,0,0,0,0,0,0,0,0,0,0,0,0,0,0,0,0,0,0,0,0,0,0,0,0,0,0,0,0,0,0,0,0,0,3.946,0,0,0,0,0
D300637:bin_000032,2.588,10.629,0,5.565,7.284,16.288,1.193,2.37,0,0,1.888,5.751,0,0,8.692,7.753,3.787,0,3.01,10.862,10.518,12.832,14.192,4.916,1.923,0,3.014,0,4.226,0,7.312,0,4.987,12.963,4.206,10.151,8.546,0,8.362,22.254,5.723,0,6.374,3.818,13.636,12.554,5.934,12.465,12.772,2.69,0,6.384,1.409,4.805,0,10.5,7.451,0,3.669,2.072,10.361,9.534,0,0,6.118,1.288,9.568,0,13.982,2.152,13.761,15.258,0,8.969,4.596,5.21,0,13.652,19.366,3.529,4.873,6.211,0,0
D300638:bin_000035,5.682,46.796,0,19.276,24.303,47.717,4.555,10.72,0,2.524,7.93,20.381,0,1.694,35.044,15.406,13.162,1.452,10.099,39.793,32.727,52.299,62.863,28.729,9.445,3.662,9.128,6.7,17.708,1.737,21.796,0,20.591,42.376,23.703,32.463,26.829,2.682,32.054,46.686,12.39,0,26.758,10.484,24.153,50.408,19.556,31.42,40.752,17.608,2.624,41.086,6.543,20.973,2.048,37.242,40.912,0,11.224,11.515,31.598,31.327,0,0,20.056,2.423,36.916,5.213,27.97,12.238,54.076,40.832,2.536,40.193,16.565,24.533,0,38.926,64.556,11.898,14.955,16.647,4.057,0
D300639:bin_000025,0,0,0,0,0,0,0,0,0,0,0,0,0,0,0,0,0,0,0,0,0,0,0,0,0,0,0,0,0,0,0,0,0,0,0,0,0,0,0,0,0,0,0,0,0,0,0,0,0,0,0,0,0,0,0,0,0,0,0,0,0,0,0,0,0,0,0,0,0,0,0,0,0,0,0,0,0,0,0,0,0,0,0,0
D300642:bin_000010,0,0,0,0,0,0,0,0,0,0,0,0,0,0,0,0,0,0,0,0,0,0,0,0,0,0,0,0,0,0,0,0,0,0,0,0,0,0,0,0,0,0,0,0,0,0,0,0,0,0,0,0,0,0,0,0,0,0,0,0,0,0,0,0,0,0,0,0,0,0,0,0,0,0,0,0,0,0,0,0,0,0,0,0
D300642:bin_000012,0,5.022,0,0,3.587,5.184,0,0,0,0,0,0,0,0,10.875,2.25,0,0,0,7.367,1.642,2.583,11.381,2.236,3.366,0,0,0,2.694,0,3.364,0,2.857,3.924,0,4.084,0,0,11.162,3.355,1.686,0,3.64,0,0,6.276,2.236,7.499,2.773,2.843,0,5.734,0,4.471,0,5.107,7.006,0,1.166,2.646,3.648,3.724,0,0,1.15,0,2.794,0,2.165,2.165,7.953,4.146,0,5.183,0,6.09,0,4.546,0,0,0,2.744,0,0
D300642:bin_000016,0,0,0,8.726,0,0,0,0,0,0,0,0,0,0,0,0,1.542,0,0,0,0,0,0,5.962,0,2.424,0,0,1.945,1.512,0,0,0,199.279,0,0,0,0,0,0,0,0,6.988,1.539,0,262.459,0,5.732,0,3.627,0,0,0,0,0,0,0,0,0,0,0,8.899,0,0,70.326,0,0,0,0,0,0,0,0,21.608,0,0,0,0,0,22.965,0,0,0,0
D300645:bin_000002,2.276,9.201,0,5.297,7.992,15.567,0,4.203,0,0,3.239,7.516,0,0,13.174,5.358,4.022,0,4.263,13.554,8.28,17.788,18.613,5.415,2.959,2.271,4.012,0,3.783,0,5.731,0,3.946,15.816,4.134,8.734,7.775,0,12.065,19.982,3.179,0,5.883,2.866,9.046,13.278,8.688,9.696,15.203,6.2,1.32,14.967,2.062,7.201,0,12.714,9.902,0,5.173,3.183,13.008,3.634,0,0,5.508,0,13.54,0,10.05,3.892,19.376,15.212,0,10.338,3.814,3.339,0,15.823,23.45,4.008,5.394,4.977,1.53,0
D300645:bin_000005,0,0,0,0,0,0,0,0,0,0,0,0,0,0,0,0,0,0,0,0,0,0,0,0,0,0,0,0,0,0,0,0,0,0,0,0,0,0,0,0,0,0,0,0,0,0,0,0,0,0,0,0,0,0,0,0,0,0,0,0,0,0,0,0,0,0,0,0,0,0,0,0,0,0,0,0,0,0,0,0,0,0,0,0
D300645:bin_000026,0,3.566,0,1.658,2.492,4.619,0,0,0,0,0,3.244,0,0,3.935,2.675,0,0,0,5.196,2.145,4.402,10.472,0,0,0,0,0,1.78,0,2.746,0,1.831,4.372,0,0,0,0,3.853,3.118,1.674,0,0,0,2.206,5.184,0,2.313,4.315,2.208,0,4.94,0,0,0,3.78,4.423,0,0,0,2.91,3.052,0,0,1.943,0,3.113,0,3.159,0,3.972,4.298,0,3.58,0,0,0,3.985,5.364,0,0,2.141,0,0
D300645:bin_000028,7.801,67.885,0,23.78,36.197,61.937,6.263,16.572,0,1.913,9.639,24.93,0,0,39.391,20.546,19.837,2.001,16.775,57.782,38.486,70.219,66.381,43.233,13.649,4.501,7.248,4.605,27.075,2.587,29.978,0,25.293,48.546,34.488,42.763,38.311,3.713,44.534,72.465,18.928,0,35.645,15.899,36.117,68.275,30.803,45.025,52.345,18.14,5.024,46.289,10.128,28.413,2.594,49.218,50.056,0,19.03,10.502,48.995,40.933,0,0,27.056,4.105,54.15,5.987,42.854,19.2,81.481,63.484,3.531,49.332,23.085,22.05,2.292,55.39,99.433,14.69,16.465,20.466,5.369,0
D300646:bin_000002,3.337,24.916,0,16.663,12.544,23.822,3.12,9.819,0,0,5.388,10.017,0,1.357,26.334,9.8,16.809,1.447,17.359,16.825,11.278,30.496,47.028,15.626,8.192,2.922,7.076,2.389,12.024,1.25,18.759,0,16.069,26.037,11.08,27.527,2.554,0,38.584,17.367,7.059,0,19.033,5.572,2.08,20.708,15.386,15.712,9.51,10.973,0,18.736,2.712,15.045,0,19.475,58.817,0,7.995,5.86,15.123,11.773,0,0,3.469,3.068,17.242,5.755,16.306,8.301,38.225,15.716,0,17.213,11.187,17.019,0,23.13,14.849,14.502,18.487,11.686,1.908,0
D300646:bin_000008,0,0,0,0,0,0,0,0,0,0,0,0,0,0,0,0,0,0,0,0,0,0,0,0,0,0,0,0,0,0,0,0,0,0,0,0,0,0,0,0,0,0,0,0,0,0,0,0,0,0,0,0,0,0,0,0,0,0,0,0,0,0,0,0,0,0,0,0,0,0,0,0,0,0,0,0,0,0,0,0,0,0,0,0
D300647:bin_000001,0,5.63,0,3.289,4.492,10.562,1.621,3.854,0,0,1.219,2.495,0,0,18.457,5.71,1.752,0,3.668,4.792,1.402,5.982,17.341,2.408,2.841,0,5.29,0,3.457,0,3.419,0,2.401,5.854,2.729,2.745,3.408,0,4.878,6.852,1.633,0,11.355,0,1.265,5.586,6.595,8.434,4.698,7.64,0,11.242,0,6.959,0,8.576,10.964,0,1.528,0,14.493,8.489,0,0,2.323,0,4.966,0,3.813,0,9.05,5.111,0,7.921,3.567,3.438,0,9.35,6.044,2,4.807,1.794,0,0
D300647:bin_000007,7.025,56.366,0,24.147,24.838,29.391,5.675,22.455,0,3.291,9.224,15.214,2.996,1.145,63.719,18.855,29.809,1.52,15.511,55.826,15.758,46.047,89.171,22.599,16.505,7.084,17.181,5.315,19.985,3.452,25.028,0,20.516,36.027,19.694,42.875,6.729,1.82,42.745,35.44,13.006,0,29.805,8.602,7.109,36.307,23.478,31.95,18.481,19.45,1.492,41.808,3.794,29.137,0,38.943,64.975,0,11.538,7.886,23.278,16.517,0,2.051,10.585,2.738,28.022,6.499,27.852,11.795,53.564,25.469,4.354,28.735,18.646,37.59,0,45.076,27.038,16.958,24.658,20.14,3.167,0
D300647:bin_000020,1.999,6.818,0,3.146,5.645,14.219,0.997,2.538,0,0,2.583,16.254,0,0,11.361,2.577,4.45,0,4.872,3.819,6.026,9.564,29.702,7.067,5.875,0,4.782,0,6.43,0,6.73,0,3.468,12.405,9.703,3.235,0,0,5.997,8.133,1.306,0,4.125,2.63,2.307,8.503,5.29,6.911,6.261,3.705,1.329,8.084,0,6.22,0,12.833,10.43,0,1.737,2.815,10.16,11.724,0,0,2.355,1.137,9.868,0,13.87,1.63,10.044,16.157,0,6.456,4.262,6.908,0,5.159,7.743,4.402,7.832,4.949,2.284,0
D300648:bin_000006,5.162,15.121,0,14.894,13.727,25.147,2.2,10.396,0,0,2.719,10.814,0,0,33.726,9.461,8.157,0,7.183,26.317,8.752,18.501,53.749,9.891,9.489,0,6.447,0,8.908,1.524,13.173,0,10.759,18.05,11.174,15.022,10.382,0,27.232,23.024,6.122,0,13.098,3.404,9.061,34.968,15.006,11.98,18.827,11.707,0,31.769,2.441,18.598,0,16.992,35.394,0,6.352,4.331,14.902,10.988,0,0,8.184,0,17.338,0,19.761,3.807,31.834,18.954,0,18.285,6.21,10.851,0,21.405,21.419,9.394,13.859,15.175,1.427,0
D300648:bin_000013,0,1.576,0,2.261,1.951,4.754,0,2.248,0,0,0,0,0,0,8.42,0,1.963,0,0,2.179,0,0,6.861,0,1.409,0,0,0,0,0,1.546,0,0,0,0,0,0,0,1.68,3.229,0,0,3.822,0,0,3.126,0,2.502,0,1.873,0,3.999,0,4.352,0,2.522,4.191,0,0,0,4.272,0,0,0,0,0,2.116,0,2.641,0,3.977,0,0,2.939,0,0,0,3.912,2.545,0,0,1.49,0,0
D300648:bin_000014,0,0,0,0,0,2.742,0,0,0,0,0,0,0,0,5.81,0,0,0,0,1.878,0,2.763,5.514,0,0,0,0,0,0,0,0,0,0,0,0,0,0,0,0,2.438,0,0,2.686,0,0,1.336,0,2.521,1.869,1.906,0,3.165,0,2.873,0,0,3.767,0,0,0,1.92,0,0,0,0,0,1.319,0,0,0,0,2.003,0,2.468,0,0,0,0,1.618,0,0,0,0,0
D300649:bin_000001,1.99,20.862,0,14.393,7.209,10.955,1.184,8.864,0,2.131,3.24,8.199,0,0,13.592,7.07,5.563,0,5.6,15.946,5.334,14.148,29.765,4.163,2.912,0,2.687,0,4.4,0,9.723,0,12.153,7.302,4.424,10.279,2.092,0,21.589,3.262,2.978,0,5.624,2.022,0,10.955,7.147,13.493,4.379,3.265,0,9.355,1.513,13.877,0,8.458,25.524,0,4.522,0,4.164,4.288,0,0,4.049,1.26,19.379,0,6.573,1.437,20.685,8.335,0,13.035,3.845,4.392,0,10.338,8.446,5.233,2.718,15.226,0,0
D300649:bin_000007,0,0,0,0,0,0,0,0,0,0,0,0,0,0,0,0,0,0,0,0,0,0,0,1.272,0,0,0,0,0,0,0,0,0,0,0,0,0,0,0,0,0,0,0,0,0,0,0,0,0,0,0,0,0,0,0,0,0,0,0,0,0,0,0,0,0,0,0,0,0,0,0,0,0,0,0,0,0,0,0,0,0,0,0,0
D300650:bin_000002,0,2.178,0,0,0,2.789,0,1.727,0,0,0,0,0,0,2.953,0,1.149,0,0,3.826,0,0,11.304,0,0,0,0,0,0,0,0,0,0,0,0,1.975,0,0,0,1.65,0,0,0,0,0,2.239,0,2.159,0,1.356,0,3.001,0,0,0,0,4.112,0,0,0,1.811,0,0,0,0,0,1.234,0,1.328,0,2.798,0,0,2.505,1.792,0,0,4.373,3.487,0,0,0,0,0
D300650:bin_000005,0,4.644,0,1.409,2.615,6.078,0,0,0,0,0,6.008,0,0,2.581,0,1.508,0,0,2.156,4.07,3.784,11.312,4.024,0,0,0,0,0,0,3.91,0,0,6.201,2.914,3.436,3.624,1.982,2.618,11.996,1.535,0,0,0,6.925,6.54,0,5.236,7.198,1.353,0,4.564,0,1.923,0,2.356,2.822,0,2.67,0,4.524,2.866,0,0,11.956,0,6.181,0,2.936,0,4.243,4.672,0,1.966,0,0,0,2.578,10.247,0,0,4.725,0,0
D300650:bin_000008,0,0,0,0,0,0,0,0,0,0,0,0,0,0,0,0,0,0,0,0,0,0,0,0,0,0,0,0,0,0,0,0,0,0,0,0,0,0,0,0,0,0,0,0,0,0,0,0,0,0,0,0,0,0,0,0,0,0,0,0,0,0,0,0,0,0,0,0,0,0,0,0,0,0,0,0,0,0,0,0,0,0,0,0
D300650:bin_000025,0,1.803,0,0,0,3.635,0,0,0,0,0,4.332,0,0,0,0,0,0,0,0,2.343,4.647,16.347,6.939,1.859,0,0,0,1.522,0,1.939,0,0,4.03,3.179,3.577,0,0,0,2.429,2.319,0,3.296,1.451,0,4.216,0,2.444,0,0,0,0,0,0,0,6.626,2.306,0,0,0,1.874,3.433,0,0,0,0,2.146,0,2.994,2.475,2.526,0,0,0,0,2.18,0,2.493,0,0,0,0,0,0
D300650:bin_000036,0,0,0,0,0,0,0,0,0,0,0,0,0,0,4.415,0,0,0,0,0,0,0,4.977,0,0,0,0,0,0,0,0,0,0,0,0,0,0,0,0,0,0,0,0,0,0,0,0,0,0,0,0,0,0,0,0,0,0,0,0,0,0,0,0,0,0,0,0,0,0,0,0,0,0,0,0,0,0,0,0,0,0,0,0,0
D300651:bin_000022,0,0,0,0,0,0,0,0,0,0,0,0,0,0,0,0,0,0,0,0,0,0,0,0,0,0,0,0,0,0,0,0,0,0,0,0,0,0,0,0,0,0,0,0,0,0,0,0,0,0,0,0,0,0,0,0,0,0,0,0,0,0,0,0,0,0,0,0,0,0,0,0,0,0,0,0,0,0,0,0,0,0,0,0
D300651:bin_000029,0,9.888,0,0,0,0,0,0,0,0,0,14.501,0,0,0,6.135,0,0,0,4.515,4.197,2.246,3.306,0,0,0,0,0,0,0,0,0,0,0,0,0,2.385,0,0,1.565,0,0,0,0,3.037,1.42,0,0,2.047,0,0,3.357,0,0,0,5.663,0,0,0,0,3.519,0,0,0,0,0,1.533,0,1.698,0,2.177,2.639,0,1.529,0,0,0,0,113.377,0,0,0,0,0
D300651:bin_000031,0,6.457,0,2.651,3.376,10.076,0,0,0,0,0,5.04,0,0,1.688,2.767,2.281,0,0,8.582,8.036,8.193,11.997,4.071,0,0,0,0,2.858,0,2.71,0,3.964,3.393,4.12,5.579,6.909,4.675,3.072,8.8,4.601,0,0,1.437,7.9,9.341,0,7.155,12.836,10.116,0,3.252,0,0,0,4.141,2.4,0,3.177,2.207,3.404,7.054,0,0,5.755,0,7.689,0,2.24,1.302,3.981,6.224,0,2.438,6.585,0,0,3.85,11.513,0,3.127,3.533,0,0
D300651:bin_000040,0,1.647,0,0,1.251,2.209,0,0,0,0,0,0,0,0,1.571,0,0,0,0,0,1.641,3.464,0,0,0,0,0,0,0,0,0,0,0,0,0,0,0,0,0,2.352,0,0,0,0,0,1.9,0,0,2.736,0,0,0,0,0,0,0,0,0,1.841,0,0,0,0,0,1.281,0,2.873,0,0,0,0,0,0,0,0,0,0,0,1.828,0,0,0,0,0
D300652:bin_000001,5.946,32.201,2.105,12.393,19.342,36.259,2.691,10.24,0,0,3.513,19.789,0,0,27.242,15.78,10.946,1.605,6.505,38.674,19.241,32.488,88.712,12.187,7.019,1.786,4.883,2.611,11.814,0,15.082,0,12.174,52.874,21.68,15.249,21.219,2.307,23.173,35.627,8.632,0,24.189,4.791,16.765,38.817,12.695,19.081,42.782,14.518,2.28,34.455,3.879,14.496,0,31.974,23.662,0,7.279,4.532,31.764,18.345,0,0,14.023,1.72,30.123,3.051,32.801,6.386,39.345,49.849,2.188,25.472,10.727,11.45,0,35.272,51.457,13.297,12.739,14.302,1.737,0
D300653:bin_000003,2.874,9.113,0,6.04,6.608,9.505,1.717,4.631,0,0,3.81,9.746,0,0,11.203,6.471,8.08,0,2.428,5.888,3.183,8.83,32.234,6.257,4.793,1.183,5.27,1.947,3.264,0,4.534,0,5.4,16.479,9.638,4.576,4.226,0,11.973,7.633,4.332,0,7.943,2.193,0,12.203,6.965,6.592,8.446,5.75,0,13.908,2.002,5.723,0,8.02,15.458,0,3.021,3.073,11.693,7.049,0,0,2.038,0,5.672,1.927,8.323,3.218,14.523,8.362,0,9.996,0,5.208,0,13.196,11.696,6.156,4.595,6.17,0,0
D300654:bin_000002,0,3.324,0,0,1.111,4.491,0,2.265,0,0,0,0,0,0,0,0,1.819,0,0,6.526,2.798,8.584,17.658,3.05,0,0,0,0,1.439,0,4.745,0,2.927,4.291,0,2.808,14.324,0,0,12.423,1.235,0,19.344,0,10.073,6.498,0,2.066,24.134,0,0,6.525,0,0,0,4.733,3.176,0,0,0,4.795,3.06,0,0,8.65,0,3.45,0,7.571,1.373,5.799,4.125,0,3.335,0,0,0,9.371,14.843,0,1.974,2.245,0,0
D300654:bin_000014,0,16.176,0,1.659,5.112,24.328,0,0,0,0,1.411,5.227,0,0,3.731,2.512,5.849,0,0,7.911,6.011,8.344,15.875,3.543,0,0,2.175,0,1.688,0,4.078,0,1.597,4.536,2.578,9.124,3.643,0,4.999,7.601,4.061,0,3.046,1.948,8.446,8.082,2.018,12.08,10.38,1.984,0,13.532,1.703,5.026,0,10.049,5.957,0,1.719,0,8.664,14.942,0,0,6.825,0,5.867,0,5.058,2.399,11.971,7.978,0,5.983,2.348,3.567,0,3.112,19.707,2.349,2.317,7.758,0,0
D300654:bin_000018,0,0,0,0,0,0,0,0,0,0,0,0,0,0,0,0,0,0,0,0,0,0,0,0,0,0,0,0,0,0,0,0,0,0,0,0,0,0,0,0,0,0,0,0,0,0,0,0,0,0,0,0,0,0,0,0,0,0,0,0,0,0,0,0,0,0,0,0,0,0,0,0,0,0,0,0,0,0,0,0,0,0,0,0
D300654:bin_000019,0,2.129,0,0,1.938,2.783,0,0,0,0,0,0,0,0,5.22,0,0,0,0,0,0,0,0,1.547,0,0,0,0,0,0,1.398,0,2.22,0,0,0,0,0,30.437,1.44,0,0,2.061,0,0,3.669,0,1.981,0,1.7,0,0,0,0,0,0,4.635,0,0,0,0,0,0,0,0,0,1.316,0,0,0,2.816,0,0,1.446,0,0,0,0,0,0,2.352,0,0,0
D300655:bin_000005,2.105,13.58,0,9.87,10.566,14.961,2.239,6.263,0,0,3.158,7.504,0,0,15.46,4.686,9.984,0,2.24,23.242,7.692,22.576,28.564,11.048,3.312,0,0,0,6.224,0,8.451,0,7.687,14.244,8.867,11.804,11.729,0,9.312,18.104,3.128,0,23.81,3.714,10.203,15.855,10.776,10.418,13.287,6.152,1.639,12.887,1.774,10.738,0,13.805,11.222,0,2.938,4.151,18.547,12.422,0,0,11.547,1.295,12.969,0,11.741,7.455,26.185,15.011,0,12.78,5.984,6.101,0,21.053,23.166,3.26,5.833,7.997,1.725,0
D300655:bin_000016,0,4.605,0,1.998,6.774,9.783,0,1.837,0,0,1.783,4.395,0,0,4.144,3.092,2.991,0,0,7.196,7.853,8.357,16.873,2.223,1.862,0,2.781,2.201,2.764,0,4.472,0,2.87,4.533,3.551,6.718,5.343,0,5.14,7.266,3.328,0,4.709,1.448,6.215,13.35,5.334,5.169,13.351,6.656,0,9.201,1.423,2.95,0,6.572,5.562,0,3.41,2.41,6.772,5.886,0,0,4.102,0,8.132,0,4.502,1.255,7.42,10.169,0,6.945,2.055,0,0,6.81,18.08,0,3.605,1.311,1.587,0
D300656:bin_000001,0,0,0,0,0,0,0,0,0,0,0,0,0,0,0,0,0,0,0,0,0,0,3.786,0,0,0,0,0,0,0,0,0,0,0,0,0,0,0,0,0,0,0,0,0,0,0,0,0,0,0,0,0,0,0,0,0,0,0,0,0,0,0,0,0,0,0,0,0,0,0,0,0,0,0,0,0,0,0,0,0,0,0,0,0
D300657:bin_000017,0,3.105,0,1.935,3.347,6.295,0,0,0,0,0,86.125,0,0,0,5.849,0,0,0,2.989,24.69,0,5.737,0,0,0,0,0,1.44,0,2.061,0,0,3.394,0,0,0,0,1.7,4.007,2.285,0,0,0,4.291,2.234,0,6.144,3.346,0,0,2.547,0,0,0,3.866,3.363,0,1.347,0,4.268,4.383,0,0,3.807,0,2.62,0,0,0,3.794,3.586,0,5.813,0,0,0,0,32.887,0,2.005,3.251,0,0
D300658:bin_000002,0,0,0,0,0,0,0,0,0,0,0,0,0,0,0,0,0,0,0,0,0,0,0,0,0,0,0,0,0,0,0,0,0,0,0,0,0,0,0,0,0,0,0,0,0,0,0,0,0,0,0,0,0,0,0,0,0,0,0,0,0,0,0,0,0,0,0,0,0,0,0,0,0,0,0,0,0,0,0,0,0,0,0,0
D300658:bin_000003,0,0,0,0,0,0,0,0,0,0,0,0,0,0,0,0,0,0,0,0,0,0,0,0,0,0,0,0,0,0,0,0,0,0,0,0,0,0,0,0,0,0,0,0,0,0,0,0,0,0,0,0,0,0,0,0,0,0,0,0,0,0,0,0,0,0,0,0,0,0,0,0,0,0,0,0,0,0,0,0,0,0,0,0
D300658:bin_000008,0,1.821,0,0,0,0,0,0,0,0,0,0,0,0,0,0,0,0,0,0,0,0,0,5.81,0,0,0,0,0,0,0,0,0,2.959,2.406,0,0,0,0,0,0,0,0,0,0,2.844,0,0,0,0,0,0,0,0,0,0,0,0,0,0,0,9.825,0,0,0,0,0,0,0,0,0,0,0,3.313,0,0,0,0,0,0,0,0,0,0
D300659:bin_000013,0,0,0,0,0,0,0,0,0,0,0,0,0,0,0,0,0,0,0,0,0,0,0,0,0,0,0,0,0,0,0,0,0,0,0,0,0,0,0,0,0,0,0,0,0,0,0,0,0,0,0,0,0,0,0,0,0,0,0,0,0,0,0,0,0,0,0,0,0,0,0,0,0,0,0,0,0,0,0,0,0,0,0,0
D300659:bin_000017,0,0,0,0,0,0,0,0,0,0,0,0,0,0,0,0,0,0,0,0,0,0,0,0,0,0,0,0,0,0,0,0,0,0,0,0,0,0,0,0,0,0,0,0,0,0,0,0,0,0,0,0,0,0,0,0,0,0,0,0,0,0,0,0,0,0,0,0,0,0,0,0,0,0,0,0,0,0,0,0,0,0,0,0
D300659:bin_000048,24.01,80.655,0,27.713,66.53,70.927,13.025,21.699,2.477,2.215,12.001,64.067,11.142,4.786,44.694,46.434,46.371,1.835,10.438,81.57,50.42,73.048,262.166,95.385,22.444,5.563,20.118,8.4,65.62,2.555,52.354,0,16.534,78.015,147.787,33.622,36.986,4.429,43.76,66.321,25.574,3.541,56.004,24.139,19.038,50.851,63.844,58.835,40.178,19.38,7.678,129.828,14.5,50.233,2.343,115.999,83.592,0,12.122,14.602,83.248,76.9,0,0,24.054,5.926,57.628,8.166,58.997,26.949,110.344,94.95,3.367,100.004,31.811,50.863,0,96.953,171.006,49.377,20.417,31.256,7.829,1.872
D300659:bin_000063,0,0,0,0,0,0,0,0,0,0,0,0,0,0,1.229,0,0,0,0,0,0,0,2.348,0,0,0,0,0,0,0,0,0,0,0,0,0,0,0,0,0,0,0,0,0,0,0,0,0,0,0,0,0,0,0,0,0,0,0,0,0,1.244,0,0,0,0,0,0,0,0,0,0,0,0,1.414,0,0,0,0,0,0,0,0,0,0
D300661:bin_000001,0,0,0,0,0,0,0,0,0,0,0,0,0,0,3.49,0,0,0,0,0,0,2.506,4.19,0,1.721,0,0,0,0,0,1.748,0,0,3.62,0,0,0,0,1.427,0,0,0,0,0,0,0,0,0,0,0,0,0,0,0,0,0,0,0,0,0,2.133,0,0,0,0,0,0,0,1.367,0,0,2.094,0,1.338,0,3.972,0,0,1.543,0,0,0,0,0
D300661:bin_000026,0,0,0,0,0,0,0,0,0,0,0,0,0,0,0,0,0,0,0,0,0,0,0,0,0,0,0,0,0,0,0,0,0,0,0,0,0,0,1.279,0,0,0,0,0,0,0,0,0,0,0,0,0,0,0,0,0,0,0,0,0,0,0,0,0,0,0,0,0,0,0,0,0,0,0,0,0,0,0,0,0,0,0,0,0
D300661:bin_000028,0,1.766,0,0,0,3.785,0,0,0,0,0,0,0,0,0,0,0,0,0,0,0,2.354,4.348,0,0,0,0,0,0,0,0,0,0,0,0,0,0,0,1.808,1.414,0,0,0,0,0,2.269,0,0,3.226,0,0,0,0,0,0,2.031,0,0,0,0,1.449,0,0,0,0,0,2.024,0,1.788,0,0,0,0,2.202,0,0,0,2.153,2.639,0,0,0,0,0
D300662:bin_000008,0,0,0,0,0,0,0,0,0,0,0,0,0,0,0,0,0,0,0,0,0,0,0,0,0,0,0,0,0,0,0,0,0,0,0,0,0,0,0,0,0,0,0,0,0,0,0,0,0,0,0,0,0,0,0,0,0,0,0,0,0,0,0,0,0,0,0,0,0,0,0,0,0,0,0,0,0,0,0,0,0,0,0,0
D300663:bin_000004,0,2.249,0,0,2.269,4.753,0,1.397,0,0,0,0,0,0,0,0,0,0,0,2.939,2.667,2.772,8.122,1.361,0,0,0,0,0,0,2.437,0,0,3.65,0,2.729,5.237,0,0,9.958,1.433,0,0,0,3.255,3.934,0,1.41,6.376,0,0,3.486,0,0,0,0,0,0,0,0,1.96,2.781,0,0,1.579,0,3.667,0,3.327,0,2.662,3.131,0,0,1.881,0,0,5.542,9.786,0,0,1.603,0,0
D300666:bin_000009,4.076,36.565,0,12.684,18.187,38.92,3.775,7.378,0,0,5.054,17.029,0,0,21.473,12.825,9.715,0,6.978,31.981,24.242,40.257,36.433,17.872,7.168,2.437,5.291,3.888,12.938,0,18.619,0,13.917,38.649,19.061,25.949,26.935,2.149,21.11,50.32,12.805,0,20.928,9.975,31.833,37.774,16.601,26.576,43.781,9.618,2.622,20.848,5.657,14.285,0,27.213,20.936,0,10.673,6.176,27.88,23.689,0,0,16.988,2.8,32.139,3.796,37.974,8.852,43.462,42.332,0,27.874,11.952,11.821,2.246,30.63,63.827,7.372,10.125,12.678,3.139,0
D300667:bin_000007,0,2.579,0,1.592,1.473,3.774,0,0,0,0,0,0,0,0,3.042,2.383,0,0,0,5.322,1.186,3.588,5.577,0,1.164,0,0,0,0,0,3.442,0,1.963,7.495,0,3.54,0,0,4.401,3.446,2.396,0,3.061,0,0,1.472,2.268,1.333,0,2.302,0,3.783,0,2.797,0,2.363,5.202,0,0,0,0,0,0,0,1.247,0,2.4,0,4.171,0,7.298,3.723,0,3.022,4.136,3.209,0,3.414,1.894,2.047,0,0,0,0
D300667:bin_000009,0,2.383,0,0,0,3.259,0,0,0,0,0,0,0,0,2.977,0,0,0,0,0,0,0,3.44,0,0,0,0,0,1.407,0,0,0,0,0,0,0,0,0,0,4.185,0,0,0,0,0,2.53,0,1.847,2.491,0,0,0,0,0,0,2.455,0,0,0,0,2.231,0,0,0,0,0,1.796,0,1.752,0,0,0,0,0,0,0,0,0,4.198,0,0,0,0,0
D300667:bin_000016,3.077,26.155,0,3.694,15.126,20.059,2.976,4.448,0,0,3.762,8.904,0,0,13.751,7.216,11.776,0,2.703,15.283,11.206,21.589,40.773,25.545,2.321,0,0,0,6.071,0,16.259,0,6.51,22.008,22.657,15.503,8.933,0,5.875,20.984,9.765,0,18.613,3.078,3.544,20.245,13.764,23.266,9.759,2.625,1.637,10.97,2.354,7.832,0,26.143,9.411,0,2.069,3.812,21.065,19.854,0,0,6.584,0,11.828,5.72,21.469,12.314,49.133,18.45,0,7.586,8.04,7.085,0,27.466,28.289,10.882,0,8.689,1.464,0
D300667:bin_000017,0,9.356,0,1.724,4.661,11.999,0,0,0,0,0,6.797,0,0,2.215,3.196,2.284,0,0,3.784,6.789,3.886,16.58,3.51,1.395,0,0,0,1.869,0,3.312,0,1.676,7.437,3.097,3.366,3.34,0,3.975,9.238,2.092,0,0,1.365,4.317,5.352,0,6.349,5.947,1.657,0,8.938,0,3.432,0,5.895,3.868,0,1.349,0,4.745,7.615,0,0,6.506,0,6.854,0,2.45,0,6.834,5.875,0,4.366,0,2.12,0,4.112,15.024,2.158,0,5.777,0,0
D300667:bin_000025,0,0,0,0,0,0,0,0,0,0,0,0,0,0,0,0,0,0,0,0,0,0,0,0,0,0,0,0,0,0,0,0,0,0,0,0,0,0,0,0,0,0,0,0,0,0,0,0,0,0,0,0,0,0,0,0,0,0,0,0,0,0,0,0,0,0,0,0,0,0,0,0,0,0,0,0,0,0,0,0,0,0,0,0
D300667:bin_000042,0,0,0,0,0,0,0,0,0,0,0,0,0,0,0,0,0,0,0,0,0,0,0,0,0,0,0,0,0,0,0,0,0,0,0,0,0,0,0,0,0,0,0,0,0,0,0,0,0,0,0,0,0,0,0,0,0,0,0,0,0,0,0,0,0,0,0,0,0,0,0,0,0,0,0,0,0,0,2.378,0,0,0,0,0
D300668:bin_000011,0,0,0,0,0,0,0,0,0,0,0,0,0,0,0,0,0,0,0,0,0,0,0,0,0,0,0,0,0,0,0,0,0,0,0,0,0,0,0,0,0,0,0,0,0,0,0,0,0,0,0,0,0,0,0,0,0,0,0,0,0,0,0,0,0,0,0,0,0,0,0,0,0,0,0,0,0,0,0,0,0,0,0,0
D300668:bin_000018,0,0,0,0,0,2.665,0,0,0,0,0,0,0,0,1.767,0,0,0,0,0,0,0,4.325,0,0,0,0,0,0,0,0,0,0,0,0,0,0,0,2.281,1.438,0,0,0,0,0,2.501,0,0,2.726,0,0,0,0,0,0,0,0,0,0,0,1.525,0,0,0,0,0,1.443,0,0,0,0,0,0,1.718,0,0,0,0,2.82,0,0,0,0,0
D300669:bin_000017,0,4.101,0,3.953,3.215,12.75,1.232,5.571,0,0,0,2.227,0,0,17.239,3.66,3.126,0,2.684,4.546,2.119,3.606,15.32,2.853,2.724,0,0,0,2.916,0,1.919,0,1.539,2.868,3.505,2.303,2.175,0,3.651,8.4,2.111,0,2.678,0,1.71,4.605,4.932,6.108,4.658,3.014,0,7.03,0,8.541,0,4.575,7.495,0,1.471,3.061,3.473,2.199,0,0,2.039,0,3.108,0,2.922,0,7.424,3.716,0,4.626,0,0,0,6.639,3.639,1.897,4.536,2.961,0,0
D300670:bin_000004,0,0,0,0,0,0,0,0,0,0,0,0,0,0,0,0,0,0,0,0,0,0,0,0,0,0,0,0,0,0,0,0,0,0,0,0,0,0,0,0,0,0,0,0,0,0,0,0,0,0,0,0,0,0,0,0,0,0,0,0,0,0,0,0,0,0,0,0,0,0,0,0,0,0,0,0,0,0,0,0,0,0,0,0
D300671:bin_000001,6.068,35.919,0,15.255,16.852,30.239,2.857,15.142,0,3.094,5.52,15.879,1.452,0,41.389,13.381,16.809,1.893,8.425,53.78,9.18,33.937,72.504,31.799,12.892,2.5,14.119,4.176,9.628,2.292,16.906,0,30.29,36.997,12.82,40.952,5.674,1.371,67.41,22.019,13.009,0,24.514,7.183,2.079,32.273,13.628,16.987,16.621,15.559,3.838,23.595,5.991,18.296,0,16.839,62.427,0,10.238,8.278,28.598,14.032,0,0,7.231,4.83,23.094,1.976,37.02,10.514,55.762,13.605,3.749,32.437,9.819,30.238,0,24.784,15.284,9.933,14.543,12.402,3.131,0
D300671:bin_000005,0,0,0,0,0,0,0,0,0,0,0,0,0,0,0,0,0,0,0,0,0,0,0,0,0,0,0,0,0,0,0,0,0,0,0,0,0,0,0,0,0,0,0,0,0,0,0,0,0,0,0,0,0,0,0,0,0,0,0,0,0,0,0,0,0,0,0,0,0,0,0,0,0,0,0,0,0,0,0,0,0,0,0,0
D300671:bin_000010,0,0,0,0,0,0,0,0,0,0,0,0,0,0,0,0,0,0,0,0,0,0,0,0,0,0,0,0,0,0,0,0,0,0,0,0,0,0,0,0,0,0,0,0,0,0,0,0,0,0,0,0,0,0,0,0,0,0,0,0,0,0,0,0,0,0,0,0,0,0,0,0,0,0,0,0,0,0,0,0,0,0,0,0
IKPB:bin_000001,0,0,0,1.461,0,0,0,0,0,0,0,0,0,0,0,0,0,0,0,0,0,0,2.357,1.72,0,0,0,0,0,0,0,0,0,0,0,0,0,0,0,0,1.61,0,0,0,1.591,1.159,0,0,0,3.506,0,0,0,0,0,0,0,0,0,0,2.119,0,0,0,0,0,0,0,0,0,0,0,0,0,0,0,0,0,3.242,0,0,1.395,0,0
IKPB:bin_000002,0,0,0,0,0,0,0,0,0,0,0,0,0,0,0,0,0,0,0,0,0,0,0,0,0,0,0,0,0,0,0,0,0,0,0,0,0,0,0,0,0,0,0,0,0,0,0,0,0,0,0,0,0,0,0,0,0,0,0,0,0,0,0,0,0,0,0,0,0,0,0,0,0,0,0,0,0,0,0,0,0,0,0,0
IKPB:bin_000003,0,0,0,0,0,0,0,0,0,0,0,0,0,0,0,0,0,0,0,0,0,0,3.035,0,0,0,0,0,0,0,0,0,0,0,0,0,0,0,0,0,0,0,0,0,0,0,0,0,0,0,0,0,0,0,0,0,0,0,0,0,0,0,0,0,0,0,0,0,0,0,0,0,0,0,0,0,0,0,0,0,0,0,0,0
IKPB:bin_000004,0,2.06,0,1.243,0,0,0,0,0,0,0,0,0,0,1.897,0,1.153,0,0,0,0,0,0,1.399,0,0,0,0,0,0,0,0,1.507,0,0,0,0,0,0,0,0,0,0,0,0,1.076,0,0,0,0,0,3.552,0,0,0,0,2.523,0,0,0,0,2.515,0,0,0,0,0,0,1.48,0,0,0,0,0,0,0,0,2.659,1.876,0,0,0,0,0
IKPB:bin_000005,0,0,0,0,0,0,0,0,0,0,0,0,0,0,0,0,0,0,0,0,0,0,0,0,0,0,0,0,0,0,0,0,0,0,0,0,0,0,0,0,0,0,0,0,0,0,0,0,0,0,0,0,0,0,0,0,0,0,0,0,0,0,0,0,0,0,0,0,0,0,0,0,0,0,0,0,0,0,0,0,0,0,0,0
IKPB:bin_000006,0,0,0,0,0,0,0,0,0,0,0,0,0,0,0,0,0,0,0,0,0,0,0,0,0,0,0,0,0,0,0,0,0,0,0,0,0,0,0,0,0,0,0,0,0,0,0,0,0,0,0,0,0,0,0,0,0,0,0,0,0,0,0,0,0,0,0,0,0,0,0,0,0,0,0,0,0,0,0,0,0,0,0,0
IKPB:bin_000007,0,0,0,0,0,0,0,0,0,0,0,0,0,0,0,0,0,0,0,0,0,0,0,0,0,0,0,0,0,0,0,0,0,0,0,0,0,0,0,0,0,0,0,0,0,0,0,0,0,0,0,0,0,0,0,0,0,0,0,0,0,0,0,0,0,0,0,0,0,0,0,0,0,0,0,0,0,0,0,0,0,0,0,0
IKPB:bin_000008,0,1.299,0,1.359,1.076,3.902,0,0,0,0,1.378,3.852,0,0,1.938,0,4.705,0,0,1.885,0,4.509,4.499,2.444,0,0,0,0,0,0,1.702,0,0,0,3.107,0,1.805,0,5.811,1.414,0,0,0,2.989,1.143,8.054,0,3.711,0,0,0,3.283,2.09,1.723,0,0,2.901,0,1.066,3.669,3.382,1.993,0,0,4.413,1.117,0,0,2.301,0,3.257,4.349,0,4.265,0,0,0,3.215,7.276,2.55,0,2.384,0,0
IKPB:bin_000010,0,0,0,0,0,0,0,0,0,0,0,0,0,0,0,0,0,0,0,0,0,0,0,0,0,0,0,0,0,0,0,0,0,0,0,0,0,0,0,0,0,0,0,0,0,0,0,0,0,0,0,0,0,0,0,0,0,0,0,0,0,0,0,0,0,0,0,0,0,0,0,0,0,0,0,0,0,0,0,0,0,0,0,0
IKPB:bin_000013,0,8.159,0,5.744,6.581,13.431,0,3.18,0,0,1.681,10.366,0,0,10.414,2.714,2.866,0,3.03,15.008,4.264,14.016,33.132,7.441,4.281,0,5.109,0,6.101,0,7.617,0,5.896,16.417,3.737,10.111,4.838,0,20.836,7.082,2.88,0,7.363,2.59,1.743,13.263,6.876,5.928,5.715,3.699,0,11.007,2.37,7.165,0,5.58,16.15,0,2.789,0,8.577,2.197,0,0,1.959,1.72,5.348,0,11.665,2.166,6.716,5.545,0,9.195,3.157,6.535,0,8.123,14.963,4.908,3.28,2.955,1.245,0
IKPB:bin_000014,2.595,4.588,0,1.785,3.651,5.901,0,1.962,0,0,0,3.617,0,0,5.785,4.781,2.02,0,2.287,3.231,2.895,2.864,16.189,3.374,2.947,0,2.655,0,2.052,0,2.596,0,1.966,8.171,5.356,2.699,0,0,4.219,3.72,2.681,0,3.49,1.557,0,5.525,5.889,3.684,2.465,2.986,0,12.368,0,4.962,0,5.35,8.179,0,1.14,2.222,7.568,2.887,0,0,0,0,5.628,0,4.245,1.341,7.314,3.773,0,7.824,0,2.111,0,8.896,7.822,2.626,0,3.15,0,0
IKPB:bin_000015,0,0,0,0,0,0,0,0,0,0,0,0,0,0,0,0,0,0,0,0,0,0,0,0,0,0,0,0,0,0,0,0,0,0,0,0,0,0,0,0,0,0,0,0,0,0,0,0,0,0,0,0,0,0,0,0,0,0,0,0,0,0,0,0,0,0,0,0,0,0,0,0,0,0,0,0,0,0,0,0,0,0,0,0
IKPB:bin_000016,0,0,0,0,0,0,0,0,0,0,0,0,0,0,0,0,0,0,0,0,0,0,0,0,0,0,0,0,0,0,0,0,0,0,0,0,0,0,0,0,0,0,0,0,0,0,0,0,0,0,0,0,0,0,0,0,0,0,0,0,0,0,0,0,0,0,0,0,0,0,0,0,0,0,0,0,0,0,0,0,0,0,0,0
IKPB:bin_000017,0,0,0,0,0,0,0,0,0,0,0,0,0,0,0,0,0,0,0,0,0,0,0,0,0,0,0,0,0,0,0,0,0,0,0,0,0,0,0,0,0,0,0,0,0,0,0,0,0,0,0,0,0,0,0,0,0,0,0,0,0,0,0,0,0,0,0,0,0,0,0,0,0,0,0,0,0,0,0,0,0,0,0,0
IKPB:bin_000020,0,0,0,0,0,0,0,0,0,0,0,0,0,0,0,0,0,0,0,0,0,0,0,0,0,0,0,0,0,0,0,0,0,0,0,0,0,0,0,0,0,0,0,0,0,0,0,0,0,0,0,0,0,0,0,0,0,0,0,0,0,0,0,0,0,0,0,0,0,0,0,0,0,0,0,0,0,0,0,0,0,0,0,0
IKPB:bin_000021,0,1.727,0,0,0,0,0,0,0,0,0,0,0,0,0,0,0,0,2.164,0,1.494,0,3.242,0,0,1.146,0,0,0,0,0,0,0,2.293,0,2.461,0,0,5.83,0,0,0,0,0,0,1.773,0,0,0,0,0,0,0,2.086,0,0,3.821,0,1.238,0,0,0,0,0,0,0,0,0,0,0,0,0,0,1.764,0,0,0,2.635,0,1.808,0,0,0,0
IKPB:bin_000022,3.54,13.444,0,9.857,18.178,24.079,5.649,10.746,2.022,16.314,17.455,22.539,0,3.402,11.234,16.486,18.854,3.603,12.32,11.676,8.034,21.986,52.018,34.111,14.431,10.51,6.455,0,7.495,7.864,3.41,0,8.745,43.786,16.807,15.48,3.07,2.532,45.64,7.448,6.906,0,11.093,26.064,5.674,53.107,13.344,17.32,14.971,6.856,6.588,27.997,22.713,31.879,4.82,8.783,27.245,1.846,17.497,4.164,20.59,14.901,3.024,1.961,13.621,8.516,6.298,13.622,15.987,7.064,26.777,11.846,6.272,28.166,4.673,6.996,2.219,20.705,18.41,34.527,7.896,9.62,9.293,0
IKPB:bin_000023,0,0,0,0,0,0,0,0,0,0,0,0,0,0,0,0,0,0,0,0,0,0,0,0,0,0,0,0,0,0,0,0,0,0,0,0,0,0,0,0,0,0,0,0,0,0,0,0,0,0,0,0,0,0,0,0,0,0,0,0,0,0,0,0,0,0,0,0,0,0,0,0,0,0,0,0,0,0,0,0,0,0,0,0
IKPB:bin_000024,449.97,418.293,4.592,66.64,231.6,230.692,36.383,137.655,73.389,41.129,62.657,178.213,6.453,26.726,241.842,909.458,168.775,7.377,69.027,704.187,72.677,188.722,908.772,380.476,38.274,16.986,55.652,7.801,93.293,20.406,103.295,0,56.069,534.591,237.96,89.617,55.158,7.922,158.147,172.011,40.896,14.736,278.386,63.898,26.428,732.261,197.405,135.282,461.615,190.349,26.744,811.037,88.845,167.4,3.267,351.861,387.824,4.451,97.754,35.167,220.751,616.513,1.7,2.463,119.884,16.27,112.658,41.141,302.127,57.728,361.917,421.388,18.478,212.591,24.896,137.51,2.663,221.644,418.49,197.02,45.421,84.845,31.609,21.317
IKPB:bin_000025,0,0,0,0,0,0,0,0,0,0,0,0,0,0,0,0,0,0,0,0,0,0,0,0,0,0,0,0,0,0,0,0,0,0,0,0,0,0,0,0,0,0,0,0,0,0,0,0,0,0,0,0,0,0,0,0,0,0,0,0,0,0,0,0,0,0,0,0,0,0,0,0,0,0,0,0,0,0,0,0,0,0,0,0
IKPB:bin_000026,0,0,0,0,0,0,0,0,0,0,0,0,0,0,0,0,0,0,0,0,0,0,6.85,0,0,0,0,0,0,0,0,0,0,2.614,0,0,0,0,0,0,0,0,0,0,0,0,0,0,0,0,0,0,0,0,0,0,0,0,0,0,0,0,0,0,0,0,0,0,0,0,0,0,0,0,0,0,0,0,0,0,0,0,0,0
IKPB:bin_000027,0,0,0,0,0,0,0,0,0,0,0,0,0,0,0,0,0,0,0,0,0,0,0,0,0,0,0,0,0,0,0,0,0,0,0,0,0,0,0,0,0,0,0,0,0,0,0,0,0,0,0,0,0,0,0,0,0,0,0,0,0,0,0,0,0,0,0,0,0,0,0,0,0,0,0,0,0,0,0,0,0,0,0,0
IKPB:bin_000030,0,0,0,0,0,0,0,0,0,0,0,0,0,0,0,0,0,0,0,0,0,0,0,0,0,0,0,0,0,0,0,0,0,0,0,0,0,0,0,0,0,0,0,0,0,0,0,0,0,0,0,0,0,0,0,0,0,0,0,0,0,0,0,0,0,0,0,0,0,0,0,0,0,0,0,0,0,0,0,0,0,0,0,0
IKPB:bin_000031,0,0,0,0,4.399,0,0,0,0,0,0,0,0,0,0,0,0,0,0,0,0,0,0,0,0,0,0,0,0,0,0,0,0,0,0,0,0,0,2.058,0,2.722,0,0,0,0,9.811,0,1.651,0,0,0,3.175,0,0,0,0,0,0,0,0,0,0,0,0,0,0,0,0,0,0,0,0,0,0,0,0,0,0,0,0,0,0,0,0
IKPB:bin_000032,0,0,0,0,0,0,0,0,0,0,0,0,0,0,0,0,0,0,0,0,0,0,0,0,0,0,0,0,0,0,0,0,0,0,0,0,0,0,0,0,0,0,0,0,0,0,0,0,0,0,0,0,0,0,0,0,0,0,0,0,0,0,0,0,0,0,0,0,0,0,0,0,0,0,0,0,0,0,0,0,0,0,0,0
IKPB:bin_000033,0,0,0,0,0,0,0,0,0,0,0,0,0,0,0,0,0,0,0,0,0,0,0,0,0,0,0,0,0,0,0,0,0,0,0,0,0,0,0,0,0,0,0,0,0,0,0,0,0,0,0,0,0,0,0,0,0,0,0,0,0,0,0,0,0,0,0,0,0,0,0,0,0,0,0,0,0,0,1.632,0,0,0,0,0
IKPB:bin_000034,0,0,0,0,0,0,0,0,0,0,0,0,0,0,0,0,0,0,0,0,0,0,0,0,0,0,0,0,0,0,0,0,0,0,0,0,0,0,0,0,0,0,0,0,0,0,0,0,0,0,0,0,0,0,0,0,0,0,0,0,0,0,0,0,0,0,0,0,0,0,0,0,0,0,0,0,0,0,0,0,0,0,0,0
IKPB:bin_000036,0,1.674,0,0,0,0,0,0,0,0,0,0,0,0,0,0,0,0,0,0,0,0,4.005,0,0,0,0,0,0,0,1.44,0,0,3.544,0,0,0,0,0,2.314,0,0,0,0,1.825,4.108,0,1.668,5.548,0,0,0,0,0,0,0,0,0,0,0,0,0,0,0,4.43,0,1.764,0,0,0,0,0,0,0,0,0,0,0,4.68,0,0,0,0,0
IKPB:bin_000037,0,0,0,0,0,0,0,0,0,0,0,0,0,0,0,0,0,0,0,0,0,0,0,0,0,0,0,0,0,0,0,0,0,0,0,0,0,0,0,0,0,0,0,0,0,0,0,0,0,0,0,0,0,0,0,0,0,0,0,0,0,0,0,0,0,0,0,0,0,0,0,0,0,0,0,0,0,0,0,0,0,0,0,0
IKPB:bin_000038,0,0,0,0,0,0,0,0,0,0,0,0,0,0,0,0,0,0,0,0,0,0,0,0,0,0,0,0,0,0,0,0,0,0,0,0,0,0,0,0,0,0,0,0,0,0,0,0,0,0,0,0,0,0,0,0,0,0,0,0,0,0,0,0,0,0,0,0,0,0,0,0,0,0,0,0,0,0,0,0,0,0,0,0
IKPB:bin_000040,0,0,0,0,0,0,0,0,0,0,0,0,0,0,0,0,0,0,0,0,0,0,0,0,0,0,0,0,0,0,0,0,0,0,0,0,0,0,0,0,0,0,0,0,0,0,0,0,0,0,0,0,0,0,0,0,0,0,0,0,0,0,0,0,0,0,0,0,0,0,0,0,0,0,0,0,0,0,0,0,0,0,0,0
IKPB:bin_000041,0,0,0,0,0,0,0,0,0,0,0,0,0,0,0,0,0,0,0,0,0,0,0,0,0,0,0,0,0,0,0,0,0,0,0,0,0,0,0,0,0,0,0,0,0,0,0,0,0,0,0,0,0,0,0,0,0,0,0,0,0,0,0,0,0,0,0,0,0,0,0,0,0,0,0,0,0,0,0,0,0,0,0,0
IKPB:bin_000042,0,0,0,0,0,0,0,0,0,0,0,0,0,0,0,0,0,0,0,0,0,0,0,0,0,0,0,0,0,0,0,0,0,0,0,0,0,0,0,0,0,0,0,0,0,0,0,0,0,0,0,0,0,0,0,0,0,0,0,0,0,0,0,0,0,0,0,0,0,0,0,0,0,0,0,0,0,0,0,0,0,0,0,0
IKPB:bin_000043,0,0,0,0,0,0,0,0,0,0,0,0,0,0,0,0,0,0,0,0,0,0,0,0,0,0,0,0,0,0,0,0,0,0,0,0,0,0,0,0,0,0,0,0,0,0,0,0,0,0,0,0,0,0,0,0,0,0,0,0,0,0,0,0,0,0,0,0,0,0,0,0,0,0,0,0,0,0,0,0,0,0,0,0
IKPB:bin_000044,0,0,0,0,0,0,0,0,0,0,0,0,0,0,0,0,0,0,0,0,0,0,0,0,0,0,0,0,0,0,0,0,0,0,0,0,0,0,0,0,0,0,0,0,0,0,0,0,0,0,0,0,0,0,0,0,0,0,0,0,0,0,0,0,0,0,0,0,0,0,0,0,0,0,0,0,0,0,0,0,0,0,0,0
IKPB:bin_000045,0,0,0,0,0,0,0,0,0,0,0,0,0,0,1.665,0,0,0,0,0,0,0,6.718,0,1.227,0,0,0,0,0,0,0,0,0,0,2.403,0,0,3.762,1.676,1.213,0,5.743,0,0,5.504,0,0,0,0,0,0,0,1.76,0,2.649,2.691,0,0,0,1.338,0,0,0,0,0,0,0,0,0,0,0,0,2.809,0,0,0,1.793,1.469,0,0,0,0,0
IKPB:bin_000046,0,0,0,0,0,0,0,0,0,0,0,0,0,0,0,0,0,0,0,0,0,0,0,0,0,0,0,0,0,0,0,0,0,0,0,0,0,0,0,0,0,0,0,0,0,0,0,0,0,0,0,0,0,0,0,0,0,0,0,0,0,0,0,0,0,0,0,0,0,0,0,0,0,0,0,0,0,0,0,0,0,0,0,0
IKPB:bin_000047,0,0,0,0,0,0,0,0,0,0,0,0,0,0,0,0,0,0,0,0,0,0,0,0,0,0,0,0,0,0,0,0,0,0,0,0,0,0,0,0,0,0,0,0,0,0,0,0,0,0,0,0,0,0,0,0,0,0,0,0,0,0,0,0,0,0,0,0,0,0,0,0,0,0,0,0,0,0,0,0,0,0,0,0
IKPB:bin_000048,0,0,0,0,0,0,0,0,0,0,0,0,0,0,0,0,0,0,0,0,0,0,0,0,0,0,0,0,0,0,0,0,0,0,0,0,0,0,0,0,0,0,0,0,0,0,0,0,0,0,0,0,0,0,0,0,0,0,0,0,0,0,0,0,0,0,0,0,0,0,0,0,0,0,0,0,0,0,0,0,0,0,0,0
IKPB:bin_000049,0,0,0,0,0,0,0,0,0,0,0,0,0,0,0,0,0,0,0,0,0,0,0,0,0,0,0,0,0,0,0,0,0,0,0,0,0,0,0,0,0,0,0,0,0,0,0,0,0,0,0,0,0,0,0,0,0,0,0,0,0,0,0,0,0,0,0,0,0,0,0,0,0,0,0,0,0,0,0,0,0,0,0,0
IKPB:bin_000050,0,0,0,0,0,0,0,0,0,0,0,0,0,0,0,0,0,0,0,0,0,0,0,0,0,0,0,0,0,0,0,0,0,0,0,0,0,0,0,0,0,0,0,0,0,0,0,0,0,0,0,0,0,0,0,0,0,0,0,0,0,0,0,0,0,0,0,0,0,0,0,0,0,0,0,0,0,0,0,0,0,0,0,0
IKPB:bin_000051,0,0,0,0,0,0,0,0,0,0,0,0,0,0,0,0,0,0,0,0,0,0,0,0,0,0,0,0,0,0,0,0,0,0,0,0,0,0,0,0,0,0,0,0,0,1.961,0,0,0,0,0,0,0,0,0,0,0,0,0,0,0,0,0,0,0,0,0,0,0,0,0,0,0,0,0,0,0,0,0,0,0,0,0,0
IKPB:bin_000052,0,0,0,0,0,0,0,0,0,0,0,0,0,0,0,0,0,0,0,0,0,0,0,0,0,0,0,0,0,0,0,0,0,0,0,0,0,0,0,0,0,0,0,0,0,0,0,0,0,0,0,0,0,0,0,0,0,0,0,0,0,0,0,0,0,0,0,0,0,0,0,0,0,0,0,0,0,0,0,0,0,0,0,0
IKPB:bin_000053,0,0,0,0,0,0,0,0,0,0,0,0,0,0,0,0,0,0,0,0,0,0,0,0,0,0,0,0,0,0,0,0,0,0,0,0,0,0,0,0,0,0,0,0,0,0,0,0,0,0,0,0,0,0,0,0,0,0,0,0,1.151,0,0,0,0,0,0,0,0,0,0,0,0,0,0,0,0,0,0,0,0,0,0,0
IKPB:bin_000054,0,2.063,0,0,0,0,0,0,0,0,0,0,0,0,0,0,0,0,0,0,0,0,4.899,0,0,0,0,0,0,0,0,0,0,0,3.454,0,0,0,2.218,0,0,0,0,0,0,0,0,0,0,0,0,0,0,0,0,0,2.594,0,0,0,0,0,0,0,0,0,0,0,0,0,0,0,0,0,0,0,0,0,5.345,0,0,0,0,0
IKPB:bin_000055,0,0,0,0,0,0,0,0,0,0,0,0,0,0,0,0,0,0,0,0,0,0,0,0,0,0,0,0,0,0,0,0,0,0,0,0,0,0,0,0,0,0,0,0,0,0,0,0,0,0,0,0,0,0,0,0,0,0,0,0,0,0,0,0,0,0,0,0,0,0,0,0,0,0,0,0,0,0,0,0,0,0,0,0
IKPB:bin_000056,0,0,0,0,0,0,0,0,0,0,0,0,0,0,0,0,0,0,0,0,0,0,0,0,0,0,0,0,0,0,0,0,0,0,0,0,0,0,0,0,0,0,0,0,0,0,0,0,0,0,0,0,0,0,0,0,0,0,0,0,0,0,0,0,0,0,0,0,0,0,0,0,0,0,0,0,0,0,0,0,0,0,0,0
IKPB:bin_000061,0,2.053,0,0,0,2.63,0,0,0,0,0,0,0,0,0,0,0,0,0,0,1.63,3.668,7.18,2.191,0,0,0,0,0,0,1.674,0,0,0,3.285,0,0,0,2.045,2.443,0,0,0,0,0,2.245,0,2.439,0,0,0,2.965,0,3.262,0,0,3.346,0,0,0,0,0,0,0,0,0,0,0,3.181,0,0,0,0,3.43,0,0,0,3.037,3.25,1.853,0,0,0,0
IKPB:bin_000062,0,2.565,0,0,0,0,0,0,0,0,0,0,0,0,0,0,0,0,0,0,1.732,0,0,0,0,0,0,0,0,0,0,0,0,0,0,0,0,0,2.739,2.127,0,0,0,0,0,2.035,0,1.728,0,0,0,0,0,0,0,0,2.661,0,0,0,0,3,0,0,0,0,0,0,0,0,0,3.493,0,0,0,0,0,0,0,0,0,0,0,0
IKPB:bin_000063,0,0,0,0,0,0,0,0,0,0,0,0,0,0,0,0,0,0,0,0,0,0,0,0,0,0,0,0,0,0,0,0,0,0,0,0,0,0,0,0,0,0,0,0,0,0,0,0,0,0,0,0,0,0,0,0,0,0,0,0,0,0,0,0,0,0,0,0,0,0,0,0,0,0,0,0,0,0,0,0,0,0,0,0
IKPB:bin_000064,0,0,0,0,0,0,0,0,0,0,0,0,0,0,0,0,0,0,0,0,0,0,0,0,0,0,0,0,0,0,0,0,0,0,0,0,0,0,0,0,0,0,0,0,0,0,0,0,0,0,0,0,0,0,0,0,0,0,0,0,0,0,0,0,0,0,0,0,0,0,0,0,0,0,0,0,0,0,0,0,0,0,0,0
IKPB:bin_000065,0,0,0,0,0,0,0,0,0,0,0,0,0,0,0,0,0,0,0,0,0,0,0,0,0,0,0,0,0,0,0,0,0,0,0,0,0,0,0,0,0,0,0,0,0,0,0,0,0,0,0,0,0,0,0,0,0,0,0,0,0,0,0,0,0,0,0,0,0,0,0,0,0,0,0,0,0,0,16.505,0,0,0,0,0
IKPB:bin_000066,0,3.383,0,1.61,2.735,3.572,0,0,0,0,0,0,0,0,3.749,0,0,0,0,4.648,2.271,4.929,4.875,3.571,0,0,0,0,0,0,0,0,2.304,4.984,0,3.078,3.609,0,2.172,4.621,1.206,0,4.527,0,1.793,3.962,0,3.517,4.569,0,0,3.76,0,2.7,0,3.053,0,0,0,0,3.015,0,0,0,2.002,0,3.189,0,3.468,2.192,7.597,4.705,0,2.728,0,0,0,4.847,4.316,0,0,1.435,0,0
IKPB:bin_000067,0,0,0,0,0,0,0,0,0,0,0,0,0,0,0,0,0,0,0,0,0,0,0,0,0,0,0,0,0,0,0,0,0,0,0,0,0,0,0,0,0,0,0,0,0,0,0,0,0,0,0,0,0,0,0,0,0,0,0,0,0,0,0,0,0,0,0,0,0,0,0,0,0,0,0,0,0,0,0,0,0,0,0,0
IKPB:bin_000068,0,0,0,0,0,0,0,0,0,0,0,0,0,0,0,0,0,0,0,0,0,0,0,0,0,0,0,0,0,0,0,0,0,0,0,0,0,0,0,0,0,0,0,0,0,0,0,0,0,0,0,0,0,0,0,0,0,0,0,0,0,0,0,0,0,0,0,0,0,0,0,0,0,0,0,0,0,0,2.457,0,0,0,0,0
IKPB:bin_000069,0,2.171,0,0,2.507,0,0,0,0,0,0,0,0,0,4.455,0,2.44,0,0,4.932,0,4.621,5.842,0,0,0,0,0,2.358,0,2.147,0,0,4.944,3.2,0,0,0,1.932,1.856,0,0,0,0,0,3.531,0,1.713,0,0,0,0,0,2.981,0,0,0,0,0,0,2.597,0,0,0,0,0,0,0,2.555,0,0,0,0,3.636,0,2.833,0,3.45,2.509,0,0,1.453,0,0
IKPB:bin_000070,0,0,0,0,0,0,0,0,0,0,0,0,0,0,0,0,0,0,0,0,0,0,0,0,0,0,0,0,0,0,0,0,0,0,0,0,0,0,0,0,0,0,0,0,0,0,0,0,0,0,0,0,0,0,0,0,0,0,0,0,0,0,0,0,0,0,0,0,0,0,0,0,0,0,0,0,0,0,0,0,0,0,0,0
IKPB:bin_000071,0,0,0,0,0,0,0,0,0,0,0,0,0,0,0,0,0,0,0,0,0,0,0,0,0,0,0,0,0,0,0,0,0,0,0,0,0,0,0,0,0,0,0,0,0,0,0,0,0,0,0,0,0,0,0,0,0,0,0,0,0,0,0,0,0,0,0,0,0,0,0,0,0,0,0,0,0,0,0,0,0,0,0,0
IKPB:bin_000072,0,0,0,0,0,0,0,0,0,0,0,0,0,0,0,0,0,0,0,0,0,0,0,0,0,0,0,0,0,0,0,0,0,0,0,0,0,0,0,0,0,0,0,0,0,0,0,0,0,0,0,0,0,0,0,0,0,0,0,0,0,0,0,0,0,0,0,0,0,0,0,0,0,0,0,0,0,0,0,0,0,0,0,0
IKPB:bin_000073,1.872,6.013,0,6.55,5.885,15.615,2.325,7.127,0,0,2.659,3.295,0,0,24.605,2.735,5.503,0,5.262,6.167,3.436,8.253,19.731,3.045,3.706,0,3.617,0,5.354,0,3.861,0,2.439,6.056,3.273,2.987,3.524,0,3.999,11.471,2.338,0,5.726,2.488,1.997,6.193,6.769,9.247,8.047,5.565,0,15.954,0,13.622,0,9.461,8.071,0,2.07,0,5.992,4.311,0,0,3.407,0,5.62,3.242,5.787,1.491,10.288,6.668,0,13.645,2.139,3.622,0,12.776,5.696,2.627,5.682,5.307,0,0
IKPB:bin_000074,0,1.513,0,0,0,0,0,0,0,0,0,0,0,0,0,0,0,0,0,0,0,0,0,0,0,0,0,0,0,0,0,0,0,0,0,0,0,0,0,0,0,0,0,0,0,0,0,0,0,0,0,0,0,0,0,0,0,0,0,0,0,0,0,0,0,0,0,0,0,0,0,0,0,0,0,0,0,0,0,0,0,0,0,0
IKPB:bin_000075,0,8.148,0,0,0,0,0,0,0,0,0,6.474,0,0,0,3.024,0,0,0,4.594,2.582,2.496,3.971,0,0,0,0,0,0,0,0,0,0,0,0,0,2.422,0,0,1.797,0,0,0,0,2.708,0,0,0,1.931,0,0,2.22,0,0,0,4.07,0,0,0,0,1.931,0,0,0,0,0,1.45,0,1.222,0,2.069,0,0,0,0,0,0,0,43.267,0,0,0,0,0
IKPB:bin_000076,0,6.718,0,0,0,0,0,0,0,0,0,5.124,0,0,0,2.536,0,0,0,3.899,0,2.487,2.47,0,0,0,0,0,0,0,0,0,0,0,0,0,0,0,0,1.533,1.195,0,0,0,1.618,1.173,0,0,0,0,0,0,0,0,0,3.609,0,0,0,0,1.598,0,0,0,0,0,1.371,0,0,0,0,0,0,0,0,0,0,0,22.29,0,0,0,0,0
IKPB:bin_000078,0,2.92,0,0,0,0,0,0,0,0,0,0,0,0,0,0,0,0,0,0,0,0,4.676,0,0,0,0,0,0,0,0,0,2.166,0,0,0,2.645,0,0,2.938,0,0,0,0,0,3.512,0,2.313,3.579,0,0,0,0,0,0,0,0,0,0,0,0,0,0,0,0,0,2.313,0,2.242,0,0,0,0,0,0,0,0,0,4.809,0,0,0,0,0
IKPB:bin_000080,0,0,0,0,0,0,0,0,0,0,0,0,0,0,0,0,0,0,0,0,0,0,0,0,0,0,0,0,0,0,0,0,0,0,0,0,0,0,0,0,0,0,0,0,0,0,0,0,0,0,0,0,0,0,0,0,0,0,0,0,0,0,0,0,0,0,0,0,0,0,0,0,0,0,0,0,0,0,0,0,0,0,0,0
IKPB:bin_000081,0,0,0,0,0,0,0,0,0,0,0,0,0,0,0,0,0,0,0,0,0,0,0,0,0,0,0,0,0,0,0,0,0,0,0,0,0,0,0,0,0,0,0,0,0,0,0,0,0,0,0,0,0,0,0,0,0,0,0,0,0,0,0,0,0,0,0,0,0,0,0,0,0,0,0,0,0,0,0,0,0,0,0,0
IKPB:bin_000082,0,0,0,0,0,0,0,0,0,0,0,0,0,0,0,0,0,0,0,0,0,0,0,0,0,0,0,0,0,0,0,0,0,0,0,0,0,0,0,0,0,0,0,0,0,0,0,0,0,0,0,0,0,0,0,0,0,0,0,0,0,0,0,0,0,0,0,0,0,0,0,0,0,0,0,0,0,0,0,0,0,0,0,0
IKPB:bin_000083,0,0,0,0,0,0,0,0,0,0,0,0,0,0,0,0,0,0,0,0,0,0,0,0,0,0,0,0,0,0,0,0,0,0,0,0,0,0,0,0,0,0,0,0,0,0,0,0,0,0,0,0,0,0,0,0,0,0,0,0,0,0,0,0,0,0,0,0,0,0,0,0,0,0,0,0,0,0,0,0,0,0,0,0
IKPB:bin_000084,0,0,0,0,0,0,0,0,0,0,0,0,0,0,0,0,0,0,0,0,0,0,0,0,0,0,0,0,0,0,0,0,0,0,0,0,0,0,0,0,0,0,0,0,0,0,0,0,0,0,0,0,0,0,0,0,0,0,0,0,0,0,0,0,0,0,0,0,0,0,0,0,0,0,0,0,0,0,0,0,0,0,0,0
IKPB:bin_000085,0,0,0,0,0,0,0,0,0,0,0,0,0,0,0,0,0,0,0,0,0,0,0,0,0,0,0,0,0,0,0,0,0,3.512,0,0,0,0,0,0,0,0,0,0,0,1.756,0,0,0,0,0,0,0,0,0,0,0,0,0,0,0,0,0,0,0,0,0,0,0,0,0,0,0,0,0,0,0,0,0,0,0,0,0,0
IKPB:bin_000086,0,0,0,0,0,0,0,0,0,0,0,0,0,0,0,0,0,0,0,0,0,0,0,0,0,0,0,0,0,0,0,0,0,0,0,0,0,0,0,0,0,0,0,0,0,0,0,0,0,0,0,0,0,0,0,0,0,0,0,0,0,0,0,0,0,0,0,0,0,0,0,0,0,0,0,0,0,0,0,0,0,0,0,0
IKPB:bin_000087,0,1.981,0,0,0,0,0,0,0,0,0,0,0,0,0,0,0,0,0,0,0,0,0,0,0,0,0,0,0,0,0,0,0,0,0,0,0,0,0,0,0,0,0,0,0,0,0,0,0,0,0,2.512,0,0,0,0,0,0,0,0,0,0,0,0,0,0,0,0,0,0,0,0,0,0,0,0,0,0,0,0,0,0,0,0
IKPB:bin_000088,0,0,0,0,0,0,0,0,0,0,0,0,0,0,0,0,0,0,0,0,0,0,0,0,0,0,0,0,0,0,0,0,0,0,0,0,0,0,0,0,0,0,0,0,0,0,0,0,0,0,0,0,0,0,0,0,0,0,0,0,0,0,0,0,0,0,0,0,0,0,0,0,0,0,0,0,0,0,0,0,0,0,0,0
IKPB:bin_000090,0,0,0,0,0,0,0,0,0,0,0,0,0,0,0,0,0,0,0,0,0,0,0,0,0,0,0,0,0,0,0,0,0,0,0,0,0,0,0,0,0,0,0,0,0,0,0,0,0,0,0,0,0,0,0,0,0,0,0,0,0,0,0,0,0,0,0,0,0,0,0,0,0,0,0,0,0,0,0,0,0,0,0,0
IKPB:bin_000091,0,0,0,0,0,0,0,0,0,0,0,0,0,0,3.818,0,0,0,0,0,0,0,4.017,0,0,0,0,0,0,0,0,0,0,0,0,0,0,0,0,0,0,0,0,0,0,0,0,0,0,0,0,0,0,0,0,0,0,0,0,0,0,0,0,0,0,0,0,0,0,0,0,0,0,0,0,0,0,0,0,0,0,0,0,0
IKPB:bin_000092,0,0,0,0,0,0,0,0,0,0,0,0,0,0,0,0,0,0,0,0,0,0,0,0,0,0,0,0,0,0,0,0,0,0,0,0,0,0,0,0,0,0,0,0,0,0,0,0,0,0,0,0,0,0,0,0,0,0,0,0,0,0,0,0,0,0,0,0,0,0,0,0,0,0,0,0,0,0,0,0,0,0,0,0
IKPB:bin_000093,0,8.353,0,0,3.15,4.008,0.812,1.397,0,0,0,2.963,0,0,3.202,6.318,2.226,0,0,9.029,1.95,6.794,14.733,2.462,0,0,0,0,1.927,0,0,0,0,7.725,5.995,0,2.29,0,2.116,3.369,1.252,0,5.307,0,0,3.516,0,2.552,5.548,0,0,4.381,0,0,0,6.01,2.425,0,0,0,6.805,0,0,0,0,0,5.105,0,3.41,0,5.66,5.33,0,1.88,0,3.226,0,3.768,7.493,0,0,1.482,0,0
IKPB:bin_000095,1.796,4.859,0,6.484,5.826,13.785,2.007,7.062,0,0,1.434,3.753,0,0,25.003,6.158,6.48,0,5.874,7.057,2.185,5.948,18.957,3.697,3.759,1.207,3.833,0,4.564,0,4.411,0,3.002,6.974,5.212,3.863,2.657,0,4.887,9.613,3.549,0,11.813,1.364,1.476,9.504,5.725,7.441,5.467,5.581,0,12.18,1.492,13.419,0,7.519,12.501,0,1.784,0,13.026,6.696,0,0,2.157,0,6.443,2.159,8.088,0,12.139,6.403,0,7.954,4.115,3.448,0,10.852,6.748,4.637,6.452,4.321,0,0
IKPB:bin_000096,0,0,0,0,0,0,0,0,0,0,0,0,0,0,0,0,0,0,0,0,0,0,0,0,0,0,0,0,0,0,0,0,0,0,0,0,0,0,0,0,0,0,0,0,0,0,0,0,0,0,0,0,0,0,0,0,0,0,0,0,0,0,0,0,0,0,0,0,0,0,0,0,0,0,0,0,0,0,0,0,0,0,0,0
IKPB:bin_000098,0,0,0,0,0,0,0,0,0,0,0,0,0,0,1.628,0,0,0,0,0,0,0,3.046,0,0,0,0,0,0,0,0,0,0,0,0,0,0,0,0,0,0,0,0,0,0,0,0,0,0,0,0,0,0,0,0,0,0,0,0,0,0,0,0,0,0,0,0,0,0,0,0,0,0,0,0,0,0,1.944,0,0,0,0,0,0
IKPB:bin_000099,0,0,0,0,0,0,0,0,0,0,0,0,0,0,0,0,0,0,0,0,0,0,0,0,0,0,0,0,0,0,0,0,0,0,0,0,0,0,0,0,0,0,0,0,0,0,0,0,0,0,0,0,0,0,0,0,0,0,0,0,0,0,0,0,0,0,0,0,0,0,0,0,0,0,0,0,0,0,0,0,0,0,0,0
IKPB:bin_000100,0,7.853,0,2.289,4.66,8.832,0.941,1.587,0,0,0,3.348,0,0,4.878,2.955,3.08,0,2.442,7.776,3.367,9.095,9.109,4.026,3.001,0,0,0,4.59,0,4.44,0,4.089,7.656,5.632,4.863,5.691,0,4.098,5.021,2.593,0,6.281,1.304,3.062,8.945,4.374,6.982,5.823,3.747,0,8.328,0,5.846,0,5.035,4.392,0,2.972,0,6.771,4.012,0,0,2.643,0,6.308,0,9.998,2.898,8.982,5.721,0,6.015,3.425,3.962,0,5.604,9.782,2.893,2.278,2.359,0,0
IKPB:bin_000101,0,3.388,0,0,2.529,3.389,0,0,0,0,0,0,0,0,0,0,0,0,0,5.178,0,3.807,7.291,2.07,0,0,0,0,0,0,0,0,0,3.558,0,0,0,0,2.288,4.466,0,0,0,0,1.697,3.49,0,3.303,0,0,0,3.306,0,0,0,0,0,0,0,0,0,0,0,0,1.475,0,0,0,3.277,1.613,3.91,0,0,0,0,0,0,3.083,5.732,0,0,2.242,0,0
IKPB:bin_000102,0,3.188,0,0,2.767,0,0,0,0,0,0,2.649,0,0,1.904,3.657,1.432,0,0,6.043,3.004,4.491,8.794,3.998,0,0,0,0,0,0,2.308,0,0,2.922,5.117,0,3.468,0,0,0,0,0,6.807,0,0,2.641,0,0,4.685,0,0,0,2.984,0,0,6.512,0,0,0,0,3.036,2.781,0,0,3.004,0,3.487,0,2.972,2.047,5.618,3.075,0,2,0,0,0,3.854,7.829,0,0,0,0,0
IKPB:bin_000103,0,3.085,0,1.869,1.838,4.361,0,1.295,0,0,0,4.063,0,0,0,0,2.334,0,0,2.956,5.187,4.89,4.164,1.648,0,0,0,0,0,0,1.792,0,2.118,3.393,0,2.23,4.681,0,0,11.121,0,0,5.704,0,2.842,3.557,0,3.259,14.43,0,0,4.244,0,0,0,0,0,0,0,0,3.141,3.136,0,0,2.296,0,2.283,0,2.568,0,5.853,4.167,0,2.925,2.111,0,0,2.145,11.739,0,0,0,0,0
IKPB:bin_000104,0,0,0,0,0,0,0,0,0,0,0,0,0,0,3.768,0,0,0,0,0,0,0,4.418,0,0,0,0,0,0,0,0,0,0,0,0,0,0,0,0,0,0,0,0,0,0,0,0,0,0,0,0,0,0,0,0,0,0,0,0,0,0,0,0,0,0,0,0,0,0,0,0,0,0,0,0,0,0,0,0,0,0,0,0,0
IKPB:bin_000105,0,0,0,0,0,0,0,0,0,0,0,0,0,0,0,0,0,0,0,0,0,0,0,0,0,0,0,0,0,0,0,0,0,0,0,0,0,0,0,0,0,0,0,0,0,0,0,0,0,0,0,0,0,0,0,0,0,0,0,0,0,0,0,0,0,0,0,0,0,0,0,0,0,0,0,0,0,0,0,0,0,0,0,0
IKPB:bin_000106,0,0,0,0,0,0,0,0,0,0,0,0,0,0,0,0,0,0,0,0,0,0,0,0,0,0,0,0,0,0,0,0,0,0,0,0,0,0,0,0,0,0,0,0,0,0,0,0,0,0,0,0,0,0,0,0,0,0,0,0,0,0,0,0,0,0,0,0,0,0,0,0,0,0,0,0,0,0,0,0,0,0,0,0
IKPB:bin_000107,0,0,0,0,0,0,0,0,0,0,0,0,0,0,0,0,0,0,0,0,0,0,0,0,0,0,0,0,0,0,0,0,0,0,0,0,0,0,0,0,0,0,0,0,0,0,0,0,0,0,0,0,0,0,0,0,0,0,0,0,0,0,0,0,0,0,0,0,0,0,0,0,0,0,0,0,0,0,0,0,0,0,0,0
IKPB:bin_000109,20.185,46.431,0,16.695,15.696,19.207,3.706,10.685,0,3.979,7.068,17.07,1.409,0,30.451,11.335,11.681,0,9.276,48.728,10.154,30.836,65.425,35.117,8.7,1.822,4.692,2.572,8.091,2.485,15.796,0,13.238,29.311,30.423,25.928,5.115,0,47.881,23.654,8.432,1.971,23.41,6.915,2.74,29.049,17.973,19.554,10.899,9.279,2.395,16.012,3.89,25.908,0,26.514,41.656,0,5.704,4.71,18.296,15.489,0,0,4.948,3.335,14.118,2.984,29.964,10.982,60.091,23.863,2.175,17.549,13.43,24.091,0,22.057,24.814,4.551,4.455,14.244,4.024,0
IKPB:bin_000110,3.927,32.461,0,16.529,13.867,22.305,3.526,14.458,0,2.689,4.434,13.644,0,0,39.981,7.172,18.337,1.301,20.093,26.853,8.837,28.925,30.921,12.16,7.79,1.727,5.397,2.231,14.529,1.839,19.942,0,11.97,30.026,9.727,15.621,3.402,0,33.668,21.893,6.778,0,16.119,4.426,3.107,38.196,12.855,16.355,8.803,13.462,2.077,24.271,3.015,17.084,0,17.863,40.35,0,6.898,6.704,22.911,17.179,0,0,3.507,2.361,11.456,5.019,26.314,5.717,41.182,13.465,0,23.939,10.117,21.663,0,27.052,20.2,4.077,7.331,15.452,3.017,0
IKPB:bin_000112,0,0,0,0,0,0,0,0,0,0,0,4.411,0,0,0,0,0,0,0,0,0,0,0,1.232,0,0,0,0,0,0,0,0,0,0,0,0,0,0,0,0,0,0,0,0,0,0,0,0,0,0,0,0,0,0,0,0,0,0,0,0,0,0,0,0,0,0,0,0,0,0,0,0,0,0,0,0,0,0,4.816,0,0,0,0,0
IKPB:bin_000113,0,0,0,0,0,0,0,0,0,0,0,0,0,0,0,0,0,0,0,0,0,0,0,0,0,0,0,0,0,0,0,0,0,0,0,0,0,0,0,0,0,0,0,0,0,0,0,0,0,0,0,0,0,0,0,0,0,0,0,0,0,0,0,0,0,0,0,0,0,0,0,0,0,0,0,0,0,0,0,0,0,0,0,0
IKPB:bin_000114,0,0,0,0,0,0,0,0,0,0,0,0,0,0,0,0,0,0,0,0,0,0,0,0,0,0,0,0,0,0,0,0,0,0,0,0,0,0,0,0,0,0,0,0,0,1.273,0,0,0,0,0,0,0,0,0,0,0,0,0,0,0,0,0,0,0,0,0,0,0,0,0,0,0,0,0,0,0,0,0,0,0,0,0,0
IKPB:bin_000115,0,0,0,0,0,0,0,0,0,0,0,0,0,0,0,0,0,0,0,0,0,0,0,0,0,0,0,0,0,0,0,0,0,0,0,0,0,0,0,0,0,0,0,0,0,0,0,0,0,0,0,0,0,0,0,0,0,0,0,0,0,0,0,0,0,0,0,0,0,0,0,0,0,0,0,0,0,0,0,0,0,0,0,0
IKPB:bin_000116,0,3.49,0,1.633,0,3.667,0,0,0,0,0,0,0,0,3.731,0,0,0,0,0,2.064,3.793,8.141,0,0,0,0,0,0,0,1.874,0,1.701,3.814,0,0,0,0,2.278,4.539,0,0,0,0,0,4.619,0,3.337,0,0,0,4.661,0,0,0,3.37,0,0,1.36,0,2.391,0,0,0,1.586,0,0,0,3.789,0,5.874,4.483,0,2.179,0,0,0,4.15,5.533,0,0,0,0,0
IKPB:bin_000117,0,2.286,0,0,1.678,2.653,0,0,0,0,0,0,0,0,2.051,0,0,0,0,2.661,1.432,0,3.213,0,0,0,0,0,0,0,0,0,0,0,0,0,1.855,0,0,2.067,0,0,0,0,0,0,0,0,0,1.428,0,0,0,0,0,0,0,0,0,0,0,0,0,0,1.333,0,2.109,0,0,0,0,2.669,0,2.477,0,0,0,0,4.053,0,0,0,0,0
IKPB:bin_000118,0,0,0,0,0,0,0,0,0,0,0,0,0,0,0,0,0,0,0,0,0,0,0,0,0,0,0,0,0,0,0,0,0,0,0,0,0,0,0,0,0,0,0,0,0,0,0,0,0,0,0,0,0,0,0,0,0,0,0,0,0,0,0,0,0,0,0,0,0,0,0,0,0,0,0,0,0,0,0,0,0,0,0,0
IKPB:bin_000119,0,0,0,0,0,0,0,0,0,0,0,0,0,0,0,0,0,0,0,0,0,0,0,0,0,0,0,0,0,0,0,0,0,0,0,0,0,0,0,0,0,0,0,0,0,0,0,0,0,0,0,0,0,0,0,0,0,0,0,0,0,0,0,0,0,0,0,0,0,0,0,0,0,0,0,0,0,0,0,0,0,0,0,0
IKPB:bin_000120,0,0,0,0,0,0,0,0,0,0,0,0,0,0,0,0,0,0,0,0,0,0,0,0,0,0,0,0,0,0,0,0,0,0,0,0,0,0,0,0,0,0,0,0,0,0,0,0,0,0,0,0,0,0,0,0,0,0,0,0,0,0,0,0,0,0,0,0,0,0,0,0,0,0,0,0,0,0,0,0,0,0,0,0
IKPB:bin_000121,0,0,0,0,0,0,0,0,0,0,0,0,0,0,0,0,0,0,0,0,0,0,0,0,0,0,0,0,0,0,0,0,0,0,0,0,0,0,0,2.405,0,0,0,0,0,0,0,0,0,0,0,0,0,0,0,0,0,0,0,0,0,0,0,0,0,0,0,0,0,0,0,0,0,0,0,0,0,0,3.872,0,0,0,0,0
IKPB:bin_000122,0,0,0,0,0,0,0,0,0,0,0,0,0,0,0,0,0,0,0,0,0,0,0,0,0,0,0,0,0,0,0,0,0,0,0,0,0,0,0,2.351,0,0,0,0,0,0,0,0,0,0,0,0,0,0,0,0,0,0,0,0,0,0,0,0,0,0,0,0,0,0,0,0,0,0,0,0,0,0,0,0,0,0,0,0
IKPB:bin_000123,0,5.45,0,0,3.646,7.13,0,0,0,0,0,0,0,0,3.724,0,0,0,0,6.018,4.498,6.996,7.233,0,0,0,0,0,0,0,0,0,0,6.577,0,0,0,0,3.571,9.071,0,0,0,0,6.368,6.335,0,5.413,7.315,0,0,0,0,0,0,5.583,0,0,0,0,5.141,0,0,0,3.102,0,5.467,0,5.923,0,7.346,7.26,0,5.002,0,0,0,5.818,10.219,0,0,0,0,0
IKPB:bin_000124,0,13.892,0,7.886,11.442,19.79,0,3.119,0,0,1.972,8.275,0,0,10.655,8.171,4.341,0,2.431,17.514,10.141,20.919,18.575,7.074,3.88,0,0,0,5.681,0,7.905,0,4.997,12.851,5.263,10.828,13.433,0,8.148,21.233,6.398,0,8.342,6.043,16.999,17.54,8.819,15.645,21.603,8.064,0,11.85,2.426,6.643,0,11.901,12.146,0,5.789,4.202,11.292,9.863,0,0,8.796,1.298,16.55,0,11.156,4.76,17.701,19.355,0,15.207,5.691,5.832,0,12.281,32.179,3.012,4.323,5.399,0,0
IKPB:bin_000125,0,0,0,0,0,0,0,0,0,0,0,0,0,0,0,0,0,0,0,0,0,0,0,0,0,0,0,0,0,0,0,0,0,0,0,0,0,0,0,0,0,0,0,0,0,0,0,0,0,0,0,0,0,0,0,0,0,0,0,0,0,0,0,0,0,0,0,0,0,0,0,0,0,0,0,0,0,0,0,0,0,0,0,0
IKPB:bin_000126,0,0,0,0,0,0,0,0,0,0,0,0,0,0,0,0,0,0,0,0,0,0,0,0,0,0,0,0,0,0,0,0,0,0,0,0,0,0,0,0,0,0,0,0,0,0,0,0,0,0,0,0,0,0,0,0,0,0,0,0,0,0,0,0,0,0,0,0,0,0,0,0,0,0,0,0,0,0,0,0,0,0,0,0
IKPB:bin_000127,0,0,0,0,0,0,0,0,0,0,0,0,0,0,0,0,0,0,0,0,0,0,0,0,0,0,0,0,0,0,0,0,0,0,0,0,0,0,0,0,0,0,0,0,0,0,0,0,0,0,0,0,0,0,0,0,0,0,0,0,0,0,0,0,0,0,0,0,0,0,0,0,0,0,0,0,0,0,0,0,0,0,0,0
IKPB:bin_000128,0,0,0,0,0,0,0,0,0,0,0,0,0,0,0,0,0,0,0,0,0,0,0,0,0,0,0,0,0,0,0,0,0,0,0,0,0,0,0,0,0,0,0,0,0,0,0,0,0,0,0,0,0,0,0,0,0,0,0,0,0,0,0,0,0,0,0,0,0,0,0,0,0,0,0,0,0,0,0,0,0,0,0,0
IKPB:bin_000129,0,4.05,0,0,1.362,4.069,0,0,0,0,1.137,3.235,0,0,3.107,0,2.168,0,0,2.397,3.797,3.957,12.444,3.385,1.199,0,1.956,0,1.814,0,2.985,0,0,4.756,0,1.962,0,0,5.835,2.48,1.13,0,2.498,0,0,5.159,0,2.278,4.188,1.39,0,4.092,0,1.882,0,3.661,3.606,0,0,0,4.2,0,0,0,0,0,1.093,0,3.098,0,3.083,3.881,0,2.502,0,5.262,0,0,3.688,1.913,0,2.429,0,0
IKPB:bin_000131,0,0,0,0,0,0,0,0,0,0,0,0,0,0,0,0,0,0,0,0,0,0,0,0,0,0,0,0,0,0,0,0,0,0,0,0,0,0,0,0,0,0,0,0,0,0,0,0,0,0,0,0,0,0,0,0,0,0,0,0,0,0,0,0,0,0,0,0,0,0,0,0,0,0,0,0,0,0,0,0,0,0,0,0
IKPB:bin_000132,0,0,0,0,0,0,0,0,0,0,0,0,0,0,0,0,0,0,0,0,0,0,0,0,0,0,0,0,0,0,0,0,0,0,0,0,0,0,0,0,0,0,0,0,0,0,0,0,0,0,0,0,0,0,0,0,0,0,0,0,0,0,0,0,0,0,0,0,0,0,0,0,0,0,0,0,0,0,0,0,0,0,0,0
IKPB:bin_000133,0,0,0,0,0,0,0,0,0,0,0,0,0,0,0,0,0,0,0,0,0,0,0,0,0,0,0,0,0,0,0,0,0,0,0,0,0,0,0,0,0,0,0,0,0,0,0,0,0,0,0,0,0,0,0,0,0,0,0,0,0,0,0,0,0,0,0,0,0,0,0,0,0,0,0,0,0,0,0,0,0,0,0,0
IKPB:bin_000134,0,0,0,0,0,0,0,0,0,0,0,0,0,0,0,0,0,0,0,0,0,0,0,0,0,0,0,0,0,0,0,0,0,0,0,0,0,0,0,0,0,0,0,0,0,0,0,0,0,0,0,0,0,0,0,0,0,0,0,0,0,0,0,0,0,0,0,0,0,0,0,0,0,0,0,0,0,0,0,0,0,0,0,0
IKPB:bin_000135,0,0,0,0,0,0,0,0,0,0,0,0,0,0,1.746,0,0,0,0,0,0,1.943,3.279,0,0,0,0,0,1.527,0,0,0,0,2.337,0,0,0,0,1.58,1.497,0,0,0,0,0,1.314,0,1.288,0,0,0,0,0,0,0,2.078,0,0,0,0,1.894,0,0,0,0,0,1.522,0,1.562,0,0,0,0,1.965,0,0,0,1.868,2.111,0,0,0,0,0
IKPB:bin_000136,0,0,0,0,0,0,0,0,0,0,0,0,0,0,0,0,0,0,0,0,0,0,0,0,0,0,0,0,0,0,0,0,0,0,0,0,0,0,0,0,0,0,0,0,0,0,0,0,0,0,0,0,0,0,0,0,0,0,0,0,0,0,0,0,0,0,0,0,0,0,0,0,0,0,0,0,0,0,0,0,0,0,0,0
IKPB:bin_000137,0,0,0,0,0,0,0,0,0,0,0,0,0,0,0,0,0,0,0,0,0,0,0,0,0,0,0,0,0,0,0,0,0,0,0,0,0,0,0,0,0,0,0,0,0,0,0,0,0,0,0,0,0,0,0,0,0,0,0,0,0,0,0,0,0,0,0,0,0,0,0,0,0,0,0,0,0,0,0,0,0,0,0,0
IKPB:bin_000138,0,0,0,0,0,0,0,0,0,0,0,0,0,0,0,0,0,0,0,0,0,0,0,0,0,0,0,0,0,0,0,0,0,0,0,0,0,0,0,0,0,0,0,0,0,0,0,0,0,0,0,0,0,0,0,0,0,0,0,0,0,0,0,0,0,0,0,0,0,0,0,0,0,0,0,0,0,0,0,0,0,0,0,0
IKPB:bin_000139,0,0,0,0,0,0,0,0,0,0,0,0,0,0,0,0,0,0,0,0,0,0,0,0,0,0,0,0,0,0,0,0,0,0,0,0,0,0,0,0,0,0,0,0,0,0,0,0,0,0,0,0,0,0,0,0,0,0,0,0,0,0,0,0,0,0,0,0,0,0,0,0,0,0,0,0,0,0,0,0,0,0,0,0
IKPB:bin_000140,0,0,0,0,0,0,0,0,0,0,0,0,0,0,0,0,0,0,0,0,0,0,0,0,0,0,0,0,0,0,0,0,0,0,0,0,0,0,0,0,0,0,0,0,0,0,0,0,0,0,0,0,0,0,0,0,0,0,0,0,0,0,0,0,0,0,0,0,0,0,0,0,0,0,0,0,0,0,0,0,0,0,0,0
IKPB:bin_000141,0,0,0,0,0,0,0,0,0,0,0,0,0,0,0,0,0,0,0,0,0,0,2.261,0,0,0,0,0,0,0,0,0,0,0,0,0,0,0,0,0,0,0,0,0,0,0,0,0,0,0,0,0,0,0,0,0,0,0,0,0,0,0,0,0,0,0,0,0,0,0,0,0,0,0,0,0,0,0,0,0,0,0,0,0
IKPB:bin_000142,0,0,0,0,0,0,0,0,0,0,0,0,0,0,0,0,0,0,0,0,0,0,0,0,0,0,0,0,0,0,0,0,0,0,0,0,0,0,0,0,0,0,0,0,0,0,0,0,0,0,0,0,0,0,0,0,0,0,0,0,0,0,0,0,0,0,0,0,0,0,0,0,0,0,0,0,0,0,0,0,0,0,0,0
IKPB:bin_000143,0,0,0,0,0,0,0,0,0,0,0,0,0,0,0,0,0,0,0,0,0,0,0,0,0,0,0,0,0,0,0,0,0,0,0,0,0,0,0,0,0,0,0,0,0,0,0,0,0,0,0,0,0,0,0,0,0,0,0,0,0,0,0,0,0,0,0,0,0,0,0,0,0,0,0,0,0,0,0,0,0,0,0,0
IKPB:bin_000144,0,0,0,0,0,0,0,0,0,0,0,0,0,0,0,0,0,0,0,0,0,0,0,0,0,0,0,0,0,0,0,0,0,0,0,0,0,0,0,0,0,0,0,0,0,0,0,0,0,0,0,0,0,0,0,0,0,0,0,0,0,0,0,0,0,0,0,0,0,0,0,0,0,0,0,0,0,0,0,0,0,0,0,0
IKPB:bin_000145,0,0,0,0,0,0,0,0,0,0,0,0,0,0,0,0,0,0,0,0,0,0,0,0,0,0,0,0,0,0,0,0,0,0,0,0,0,0,0,0,0,0,0,0,0,0,0,0,0,0,0,0,0,0,0,0,0,0,0,0,0,0,0,0,0,0,0,0,0,0,0,0,0,0,0,0,0,0,0,0,0,0,0,0
IKPB:bin_000148,0,0,0,0,0,0,0,0,0,0,0,0,0,0,0,0,0,0,0,0,0,0,0,0,0,0,0,0,0,0,0,0,0,0,0,0,0,0,0,0,0,0,0,0,0,0,0,0,0,0,0,0,0,0,0,0,0,0,0,0,0,0,0,0,0,0,0,0,0,0,0,0,0,0,0,0,0,0,0,0,0,0,0,0
IKPB:bin_000150,0,0,0,0,0,0,0,0,0,0,0,0,0,0,0,0,0,0,0,0,0,0,0,0,0,0,0,0,0,0,0,0,0,0,0,0,0,0,0,0,0,0,0,0,0,0,0,0,0,0,0,0,0,0,0,0,0,0,0,0,0,0,0,0,0,0,0,0,0,0,0,0,0,0,0,0,0,0,0,0,0,0,0,0
IKPB:bin_000151,0,0,0,0,0,0,0,0,0,0,0,0,0,0,0,0,0,0,0,0,0,0,0,0,0,0,0,0,0,0,0,0,0,0,0,0,0,0,0,0,0,0,0,0,0,0,0,0,0,0,0,0,0,0,0,0,0,0,0,0,0,0,0,0,0,0,0,0,0,0,0,0,0,0,0,0,0,0,0,0,0,0,0,0
IKPB:bin_000154,0,0,0,0,0,0,0,0,0,0,0,0,0,0,0,0,0,0,0,0,0,0,0,0,0,0,0,0,0,0,0,0,0,0,0,0,0,0,0,0,0,0,0,0,0,0,0,0,0,0,0,0,0,0,0,0,0,0,0,0,0,0,0,0,0,0,0,0,0,0,0,0,0,0,0,0,0,0,0,0,0,0,0,0
IKPB:bin_000155,0,0,0,0,0,0,0,0,0,0,0,0,0,0,0,0,0,0,0,0,0,0,0,0,0,0,0,0,0,0,0,0,0,0,0,0,0,0,0,0,0,0,0,0,0,0,0,0,0,0,0,0,0,0,0,0,0,0,0,0,0,0,0,0,0,0,0,0,0,0,0,0,0,0,0,0,0,0,0,0,0,0,0,0
IKPB:bin_000156,0,0,0,0,0,0,0,0,0,0,0,0,0,0,0,0,0,0,0,0,0,0,0,0,0,0,0,0,0,0,0,0,0,0,0,0,0,0,0,0,0,0,0,0,0,0,0,0,0,0,0,0,0,0,0,0,0,0,0,0,0,0,0,0,0,0,0,0,0,0,0,0,0,0,0,0,0,0,0,0,0,0,0,0
IKPB:bin_000157,0,0,0,0,0,0,0,0,0,0,0,0,0,0,0,0,0,0,0,0,0,0,0,0,0,0,0,0,0,0,0,0,0,0,0,0,0,0,0,0,0,0,0,0,0,0,0,0,0,0,0,0,0,0,0,0,0,0,0,0,0,0,0,0,0,0,0,0,0,0,0,0,0,0,0,0,0,0,0,0,0,0,0,0
IKPB:bin_000160,0,0,0,0,0,0,0,0,0,0,0,0,0,0,0,0,0,0,0,0,0,0,0,0,0,0,0,0,0,0,0,0,0,0,0,0,0,0,0,0,0,0,0,0,0,0,0,0,0,0,0,0,0,0,0,0,0,0,0,0,0,0,0,0,0,0,0,0,0,0,0,0,0,0,0,0,0,0,0,0,0,0,0,0
IKPB:bin_000161,0,1.503,0,1.785,2.794,5.925,0,1.254,0,0,0,0,0,0,2.687,0,1.466,0,0,2.776,2.12,2.359,9.306,1.479,0,0,0,0,0,0,0,0,0,2.089,0,0,0,0,2.114,2.735,1.49,0,0,1.365,1.302,3.444,0,1.738,3.99,2.609,0,2.689,0,0,0,2.185,4.016,0,0,0,6.432,2.344,0,0,2.099,0,2.569,0,0,0,2.583,3.33,0,2.904,0,0,0,5.227,4.573,0,0,0,0,0
IKPB:bin_000162,0,0,0,0,0,0,0,0,0,0,0,0,0,0,0,0,0,0,0,0,0,0,0,0,0,0,0,0,0,0,0,0,0,0,0,0,0,0,0,0,0,0,0,0,0,0,0,0,0,0,0,0,0,0,0,0,0,0,0,0,0,0,0,0,0,0,0,0,0,0,0,0,0,0,0,0,0,0,0,0,0,0,0,0
IKPB:bin_000163,0,0,0,0,0,0,0,0,0,0,0,0,0,0,0,0,0,0,0,0,0,0,0,0,0,0,0,0,0,0,0,0,0,0,0,0,0,0,0,0,0,0,0,0,0,0,0,0,0,0,0,0,0,0,0,0,0,0,0,0,0,0,0,0,0,0,0,0,0,0,0,0,0,0,0,0,0,0,0,0,0,0,0,0
IKPB:bin_000165,3.072,9.147,0,3.948,9.8,11.991,1.113,3.765,0,0,3.855,7.596,0,0,10.705,7.116,6.15,0,6.409,14.739,9.733,11.672,45.395,6.151,7.035,0,5.083,0,7.09,0,2.876,0,10.14,10.222,9.732,10.007,4.338,0,17.144,7.851,4.33,0,7.954,2.134,2.167,8.808,6.6,6.794,6.361,3.978,1.48,19.302,1.509,7.238,0,15.478,12.913,0,2.895,5.478,11.879,10.483,0,0,3.017,1.327,6.289,0,8.456,1.567,15.227,13.592,1.975,13.085,0,9.088,0,16.367,12.898,7.795,3.157,5.529,1.751,0
IKPB:bin_000166,0,0,0,0,0,0,0,0,0,0,0,0,0,0,0,0,0,0,0,0,0,0,0,0,0,0,0,0,0,0,0,0,0,0,0,0,0,0,0,0,0,0,0,0,0,0,0,0,0,0,0,0,0,0,0,0,0,0,0,0,0,0,0,0,0,0,0,0,0,0,0,0,0,0,0,0,0,0,0,0,0,0,0,0
IKPB:bin_000167,0,0,0,0,0,0,0,0,0,0,0,0,0,0,0,0,0,0,0,0,0,0,4.191,0,0,0,0,0,0,0,0,0,0,0,0,0,0,0,0,0,0,0,0,0,0,0,0,0,0,0,0,0,0,0,0,0,0,0,0,0,0,0,0,0,0,0,0,0,0,0,0,0,0,0,0,0,0,0,0,0,0,0,0,0
IKPB:bin_000170,0,5.574,0,3.916,4.065,7.236,0,1.674,0,0,1.132,5.931,0,0,7.747,2.511,2.286,0,2.233,8.032,5.454,7.399,23.889,3.667,3.675,0,0,0,1.656,0,2.859,0,1.757,5.417,4.097,3.722,2.056,0,6.683,3.345,1.182,0,4.016,1.368,1.062,5.211,0,4.101,3.798,2.174,0,5.097,0,3.413,0,5.452,11.86,0,1.302,0,8.109,3.356,0,0,1.344,0,4.877,0,1.917,0,11.025,4.547,0,3.747,2.992,3.208,0,7.188,6.652,3.678,2.907,2.029,0,0
IKPB:bin_000171,0,11.362,0,0,0,0,0,0,0,0,0,4.046,0,0,0,2.369,0,0,0,1.83,5.467,2.702,4.016,0,0,0,0,0,0,0,0,0,0,0,0,0,0,0,0,1.93,0,0,0,0,0,0,0,0,0,0,0,5.506,0,0,0,9.355,0,0,0,0,0,0,0,0,0,0,0,0,1.293,0,0,0,0,0,0,0,0,0,6.988,0,0,0,0,0
IKPB:bin_000172,0,1.429,0,0,1.307,0,0,0,0,0,0,0,0,0,1.33,0,0,0,0,0,0,0,5.463,3.176,0,0,0,0,0,0,0,0,0,0,0,0,0,0,0,2.238,0,0,0,0,0,2.5,4.164,0,5.732,0,0,0,0,0,0,0,3.035,0,0,0,0,3.441,0,0,1.904,0,0,0,1.336,1.195,0,0,0,2.24,0,2.708,0,0,2.648,0,0,0,0,0
IKPB:bin_000173,0,0,0,0,0,0,0,0,0,0,0,0,0,0,0,0,0,0,0,0,0,0,0,0,0,0,0,0,0,0,0,0,0,0,0,0,0,0,0,0,0,0,0,0,0,0,0,0,0,0,0,0,0,0,0,0,0,0,0,0,0,0,0,0,0,0,0,0,0,0,0,0,0,0,0,0,0,0,0,0,0,0,0,0
IKPB:bin_000178,0,0,0,0,0,0,0,0,0,0,0,0,0,0,0,0,0,0,0,0,0,0,0,0,0,0,0,0,0,0,0,0,0,0,0,0,0,0,0,0,0,0,0,0,0,0,0,0,0,0,0,0,0,0,0,0,0,0,0,0,0,0,0,0,0,0,0,0,0,0,0,0,0,0,0,0,0,0,0,0,0,0,0,0
IKPB:bin_000180,0,0,0,0,0,0,0,0,0,0,0,0,0,0,0,0,0,0,0,0,0,0,0,0,0,0,0,0,0,0,0,0,0,0,0,0,0,0,0,0,0,0,0,0,0,0,0,0,0,0,0,0,0,0,0,0,0,0,0,0,0,0,0,0,0,0,0,0,0,0,0,0,0,0,0,0,0,0,0,0,0,0,0,0
IKPB:bin_000181,0,0,0,0,0,0,0,0,0,0,0,0,0,0,0,0,0,0,0,0,0,0,0,0,0,0,0,0,0,0,0,0,0,0,0,0,0,0,0,0,0,0,0,0,0,0,0,0,0,0,0,0,0,0,0,0,0,0,0,0,0,0,0,0,0,0,0,0,0,0,0,0,0,0,0,0,0,0,0,0,0,0,0,0
IKPB:bin_000183,0,0,0,0,0,0,0,0,0,0,0,0,0,0,0,0,0,0,0,0,0,0,0,0,0,0,0,0,0,0,0,0,0,0,0,0,0,0,0,0,0,0,0,0,0,0,0,0,0,0,0,0,0,0,0,0,0,0,0,0,0,0,0,0,0,0,0,0,0,0,0,0,0,0,0,0,0,0,0,0,0,0,0,0
IKPB:bin_000185,0,0,0,0,0,0,0,0,0,0,0,0,0,0,0,0,0,0,0,0,0,0,0,0,0,0,0,0,0,0,0,0,0,0,0,0,0,0,0,0,0,0,0,0,0,0,0,0,0,0,0,0,0,0,0,0,0,0,0,0,0,0,0,0,0,0,0,0,0,0,0,0,0,0,0,0,0,0,0,0,0,0,0,0
IKPB:bin_000187,0,0,0,0,0,0,0,0,0,0,0,0,0,0,0,0,0,0,0,0,0,0,0,0,0,0,0,0,0,0,0,0,0,0,0,0,0,0,0,0,0,0,0,0,0,0,0,0,0,0,0,0,0,0,0,0,0,0,0,0,0,0,0,0,0,0,0,0,0,0,0,0,0,0,0,0,0,0,0,0,0,0,0,0
IKPB:bin_000189,0,0,0,0,0,0,0,0,0,0,0,0,0,0,0,0,0,0,0,0,0,0,0,0,0,0,0,0,0,0,0,0,0,0,0,0,0,0,0,0,0,0,0,0,0,0,0,0,0,0,0,0,0,0,0,0,0,0,0,0,0,0,0,0,0,0,0,0,0,0,0,0,0,0,0,0,0,0,0,0,0,0,0,0
IKPB:bin_000190,0,0,0,0,0,0,0,0,0,0,0,0,0,0,0,0,0,0,0,0,0,0,0,0,0,0,0,0,0,0,0,0,0,0,0,0,0,0,0,0,0,0,0,0,0,0,0,0,0,0,0,0,0,0,0,0,0,0,0,0,0,0,0,0,0,0,0,0,0,0,0,0,0,0,0,0,0,0,0,0,0,0,0,0
IKPB:bin_000191,0,0,0,0,0,0,0,0,0,0,0,0,0,0,0,0,0,0,0,0,0,0,0,0,0,0,0,0,0,0,0,0,0,0,0,0,0,0,0,0,0,0,0,0,0,0,0,0,0,0,0,0,0,0,0,0,0,0,0,0,0,0,0,0,0,0,0,0,0,0,0,0,0,0,0,0,0,0,0,0,0,0,0,0
IKPB:bin_000193,0,0,0,0,0,0,0,0,0,0,0,4.981,0,0,0,0,0,0,0,0,0,0,0,0,0,0,0,0,0,0,0,0,0,0,0,0,0,0,0,0,0,0,0,0,0,0,0,0,0,0,0,0,0,0,0,0,0,0,0,0,0,0,0,0,0,0,0,0,0,0,0,0,0,0,0,0,0,0,4.537,0,0,0,0,0
IKPB:bin_000196,0,0,0,0,0,0,0,0,0,0,0,0,0,0,0,0,0,0,0,0,0,0,0,0,0,0,0,0,0,0,0,0,0,0,0,0,0,0,0,0,0,0,0,0,0,0,0,0,0,0,0,0,0,0,0,0,0,0,0,0,0,0,0,0,0,0,0,0,0,0,0,0,0,0,0,0,0,0,0,0,0,0,0,0
IKPB:bin_000197,0,0,0,0,0,0,0,0,0,0,0,0,0,0,0,0,0,0,0,0,0,0,0,0,0,0,0,0,0,0,0,0,0,0,0,0,0,0,0,0,0,0,0,0,0,0,0,0,0,0,0,0,0,0,0,0,0,0,0,0,0,0,0,0,0,0,0,0,0,0,0,0,0,0,0,0,0,0,0,0,0,0,0,0
IKPB:bin_000199,0,0,0,0,0,0,0,0,0,0,0,0,0,0,0,0,0,0,0,0,0,0,0,0,0,0,0,0,0,0,0,0,0,0,0,0,0,0,0,0,0,0,0,0,0,0,0,0,0,0,0,0,0,0,0,0,0,0,0,0,0,0,0,0,0,0,0,0,0,0,0,0,0,0,0,0,0,0,0,0,0,0,0,0
IKPB:bin_000204,0,0,0,0,0,0,0,0,0,0,0,0,0,0,0,0,0,0,0,0,0,0,0,0,0,0,0,0,0,0,0,0,0,0,0,0,0,0,0,0,0,0,0,0,0,0,0,0,0,0,0,0,0,0,0,0,0,0,0,0,0,0,0,0,0,0,0,0,0,0,0,0,0,0,0,0,0,0,0,0,0,0,0,0
IKPB:bin_000205,0,0,0,0,0,0,0,0,0,0,0,0,0,0,0,0,0,0,0,0,0,0,0,0,0,0,0,0,0,0,0,0,0,0,0,0,0,0,0,0,0,0,0,0,0,0,0,0,0,0,0,0,0,0,0,0,0,0,0,0,0,0,0,0,0,0,0,0,0,0,0,0,0,0,0,0,0,0,0,0,0,0,0,0
IKPB:bin_000206,0,0,0,0,0,0,0,0,0,0,0,0,0,0,0,0,0,0,0,0,0,0,0,0,0,0,0,0,0,0,0,0,0,0,0,0,0,0,0,0,0,0,0,0,0,0,0,0,0,0,0,0,0,0,0,0,0,0,0,0,0,0,0,0,0,0,0,0,0,0,0,0,0,0,0,0,0,0,0,0,0,0,0,0
IKPB:bin_000209,0,5.71,0,0,0,0,0,0,0,0,0,4.286,0,0,0,1.858,0,0,0,2.716,1.607,0,0,0,0,0,0,0,0,0,0,0,0,0,0,0,0,0,0,0,0,0,0,0,0,0,0,0,0,0,0,3.181,0,0,0,4.005,0,0,0,0,0,0,0,0,0,0,0,0,1.253,0,0,0,0,0,0,0,0,0,8.197,0,0,0,0,0
IKPB:bin_000211,0,0,0,0,0,0,0,0,0,0,0,0,0,0,0,0,0,0,0,0,0,0,0,0,0,0,0,0,0,0,0,0,0,0,0,0,0,0,0,0,0,0,0,0,0,0,0,0,0,0,0,0,0,0,0,0,0,0,0,0,0,0,0,0,0,0,0,0,0,0,0,0,0,0,0,0,0,0,0,0,0,0,0,0
IKPB:bin_000212,0,0,0,0,0,0,0,0,0,0,0,0,0,0,0,0,0,0,0,0,0,0,0,0,0,0,0,0,0,0,0,0,0,0,0,0,0,0,0,0,0,0,0,0,0,0,0,0,0,0,0,0,0,0,0,0,0,0,0,0,0,0,0,0,0,0,0,0,0,0,0,0,0,0,0,0,0,0,0,0,0,0,0,0
IKPB:bin_000213,0,0,0,0,0,0,0,0,0,0,0,0,0,0,0,0,0,0,0,0,0,0,0,0,0,0,0,0,0,0,0,0,0,0,0,0,0,0,0,0,0,0,0,0,0,0,0,0,0,0,0,0,0,0,0,0,0,0,0,0,0,0,0,0,0,0,0,0,0,0,0,0,0,0,0,0,0,0,0,0,0,0,0,0
IKPB:bin_000214,0,0,0,0,0,0,0,0,0,0,0,0,0,0,0,0,0,0,0,0,0,0,0,0,0,0,0,0,0,0,0,0,0,0,0,0,0,0,0,0,0,0,0,0,0,0,0,0,0,0,0,0,0,0,0,0,0,0,0,0,0,0,0,0,0,0,0,0,0,0,0,0,0,0,0,0,0,0,0,0,0,0,0,0
IKPB:bin_000217,0,0,0,0,0,0,0,0,0,0,0,0,0,0,0,0,0,0,0,0,0,0,0,0,0,0,0,0,0,0,0,0,0,0,0,0,0,0,0,0,0,0,0,0,0,0,0,0,0,0,0,0,0,0,0,0,0,0,0,0,0,0,0,0,0,0,0,0,0,0,0,0,0,0,0,0,0,0,0,0,0,0,0,0
IKPB:bin_000220,0,0,0,0,0,0,0,0,0,0,0,0,0,0,0,0,0,0,0,0,0,0,0,0,0,0,0,0,0,0,0,0,0,0,0,0,0,0,0,0,0,0,0,0,0,0,0,1.98,0,0,0,0,0,0,0,0,0,0,0,0,0,0,0,0,0,0,0,0,0,0,0,0,0,0,0,0,0,0,0,0,0,0,0,0
IKPB:bin_000221,0,0,0,0,0,0,0,0,0,0,0,0,0,0,0,0,0,0,0,0,0,0,0,0,0,0,0,0,0,0,0,0,0,0,0,0,0,0,0,0,0,0,0,0,0,0,0,0,0,0,0,0,0,0,0,0,0,0,0,0,0,0,0,0,0,0,0,0,0,0,0,0,0,0,0,0,0,0,0,0,0,0,0,0
IKPB:bin_000222,0,0,0,0,0,0,0,0,0,0,0,0,0,0,0,0,0,0,0,0,0,0,0,0,0,0,0,0,0,0,0,0,0,0,0,0,0,0,0,0,0,0,0,0,0,0,0,0,0,0,0,0,0,0,0,0,0,0,0,0,0,0,0,0,0,0,0,0,0,0,0,0,0,0,0,0,0,0,0,0,0,0,0,0
IKPB:bin_000223,0,0,0,0,0,0,0,0,0,0,0,28.213,0,0,0,0,0,0,0,0,2.402,0,0,0,0,0,0,0,0,0,0,0,0,0,0,0,0,0,0,0,0,0,0,0,0,0,0,0,0,0,0,0,0,0,0,0,0,0,0,0,0,0,0,0,0,0,0,0,0,0,0,0,0,0,0,0,0,0,0,0,0,0,0,0
IKPB:bin_000225,0,0,0,0,0,0,0,0,0,0,0,0,0,0,0,0,0,0,0,0,0,0,0,0,0,0,0,0,0,0,0,0,0,0,0,0,0,0,0,0,0,0,0,0,0,0,0,0,0,0,0,0,0,0,0,0,0,0,0,0,0,0,0,0,0,0,0,0,0,0,0,0,0,0,0,0,0,0,0,0,0,0,0,0
IKPB:bin_000226,0,2.691,0,0,0,0,0,0,0,0,0,0,0,0,0,0,0,0,0,0,0,0,0,0,0,0,0,0,0,0,0,0,0,0,0,0,0,0,0,0,0,0,0,0,0,0,0,0,0,0,0,0,0,0,0,2.537,0,0,0,0,0,0,0,0,0,0,0,0,0,0,0,0,0,0,0,0,0,0,0,0,0,0,0,0
IKPB:bin_000227,0,0,0,0,0,0,0,0,0,0,0,0,0,0,0,0,0,0,0,0,0,0,0,0,0,0,0,0,0,0,0,0,0,0,0,0,0,0,0,0,0,0,0,0,0,0,0,0,0,0,0,0,0,0,0,0,0,0,0,0,0,0,0,0,0,0,0,0,0,0,0,0,0,0,0,0,0,0,0,0,0,0,0,0
IKPB:bin_000229,0,0,0,0,0,0,0,0,0,0,0,0,0,0,0,0,0,0,0,0,0,0,0,0,0,0,0,0,0,0,0,0,0,0,0,0,0,0,0,0,0,0,0,0,0,0,0,0,0,0,0,0,0,0,0,0,0,0,0,0,0,0,0,0,0,0,0,0,0,0,0,0,0,0,0,0,0,0,0,0,0,0,0,0
IKPB:bin_000231,0,0,0,0,0,0,0,0,0,0,0,0,0,0,0,0,0,0,0,0,0,0,0,0,0,0,0,0,0,0,0,0,0,0,0,0,0,0,0,0,0,0,0,0,0,0,0,0,0,0,0,0,0,0,0,0,0,0,0,0,0,0,0,0,0,0,0,0,0,0,0,0,0,0,0,0,0,0,0,0,0,0,0,0
IKPB:bin_000232,0,0,0,0,0,0,0,0,0,0,0,0,0,0,0,0,0,0,0,0,0,0,0,0,0,0,0,0,0,0,0,0,0,0,0,0,0,0,0,0,0,0,0,0,0,0,0,0,0,0,0,0,0,0,0,0,0,0,0,0,0,0,0,0,0,0,0,0,0,0,0,0,0,0,0,0,0,0,0,0,0,0,0,0
IKPB:bin_000233,0,0,0,0,0,0,0,0,0,0,0,0,0,0,0,0,0,0,0,0,0,0,0,0,0,0,0,0,0,0,0,0,0,0,0,0,0,0,0,0,0,0,0,0,0,0,0,0,0,0,0,0,0,0,0,0,0,0,0,0,0,0,0,0,0,0,0,0,0,0,0,0,0,0,0,0,0,0,3.851,0,0,0,0,0
IKPB:bin_000236,0,0,0,0,0,0,0,0,0,0,0,0,0,0,0,0,0,0,0,0,0,0,0,0,0,0,0,0,0,0,0,0,0,0,0,0,0,0,0,0,0,0,0,0,0,0,0,0,0,0,0,0,0,0,0,0,0,0,0,0,0,0,0,0,0,0,0,0,0,0,0,0,0,0,0,0,0,0,0,0,0,0,0,0
IKPB:bin_000237,0,0,0,0,0,0,0,0,0,0,0,0,0,0,0,0,0,0,0,0,0,0,0,0,0,0,0,0,0,0,1.523,0,0,0,0,0,0,0,0,0,0,0,0,0,0,1.642,0,0,0,0,0,0,0,0,0,0,0,0,0,0,0,0,0,0,0,0,0,0,0,0,0,0,0,0,0,0,0,0,1.294,0,0,0,0,0
IKPB:bin_000238,0,0,0,0,0,0,0,0,0,0,0,0,0,0,0,0,0,0,0,0,0,0,0,0,0,0,0,0,0,0,0,0,0,0,0,0,0,0,0,0,0,0,0,0,0,0,0,0,0,0,0,0,0,0,0,0,0,0,0,0,0,0,0,0,0,0,0,0,0,0,0,0,0,0,0,0,0,0,0,0,0,0,0,0
IKPB:bin_000239,0,0,0,0,2.565,4.746,0,0,0,0,0,2.573,0,0,1.469,0,0,0,0,2.066,2.269,2.846,10.162,1.642,0,0,0,0,0,0,1.648,0,0,2.172,0,0,0,0,1.991,2.503,1.91,0,0,1.34,0,2.881,0,2.042,2.583,1.687,0,2.911,0,0,0,0,3.041,0,1.108,0,3.188,2.46,0,0,1.806,0,3.626,0,0,0,2.659,4.596,0,1.847,0,0,0,4.844,3.435,0,0,0,0,0
IKPB:bin_000240,0,0,0,0,0,0,0,0,0,0,0,0,0,0,0,0,0,0,0,0,0,0,0,0,0,0,0,0,0,0,0,0,0,0,0,0,0,0,0,0,0,0,0,0,0,0,0,0,0,0,0,0,0,0,0,0,0,0,0,0,0,0,0,0,0,0,0,0,0,0,0,0,0,0,0,0,0,0,0,0,0,0,0,0
IKPB:bin_000241,0,0,0,0,0,0,0,0,0,0,0,0,0,0,0,0,0,0,0,0,0,0,0,0,0,0,0,0,0,0,0,0,0,0,0,0,0,0,0,0,0,0,0,0,0,0,0,0,0,0,0,0,0,0,0,0,0,0,0,0,0,0,0,0,0,0,0,0,0,0,0,0,0,0,0,0,0,0,0,0,0,0,0,0
IKPB:bin_000243,0,0,0,0,0,0,0,0,0,0,0,0,0,0,0,0,0,0,0,0,0,0,0,0,0,0,0,0,0,0,0,0,0,0,0,0,0,0,0,0,0,0,0,0,0,0,0,0,0,0,0,0,0,0,0,0,0,0,0,0,0,0,0,0,0,0,0,0,0,0,0,0,0,0,0,0,0,0,0,0,0,0,0,0
IKPB:bin_000245,0,2.919,0,0,1.989,3.646,0,0,0,0,0,0,0,0,2.43,0,0,0,0,0,0,3.49,5.889,1.983,0,0,0,0,0,0,0,0,0,0,0,0,0,0,2.576,0,0,0,0,0,2.831,3.274,0,0,3.425,0,0,3.558,0,0,0,0,0,0,0,0,2.442,0,0,0,0,0,2.36,0,2.655,0,0,3.49,0,2.32,0,0,0,0,4.71,0,0,0,0,0
IKPB:bin_000246,0,0,0,0,0,0,0,0,0,0,0,0,0,0,0,0,0,0,0,0,0,0,0,0,0,0,0,0,0,0,0,0,0,0,0,0,0,0,0,0,0,0,0,0,0,0,0,0,0,0,0,0,0,0,0,0,0,0,0,0,0,0,0,0,0,0,0,0,0,0,0,0,0,0,0,0,0,0,0,0,0,0,0,0
IKPB:bin_000247,0,0,0,0,0,0,0,0,0,0,0,0,0,0,0,0,0,0,0,0,0,0,0,0,0,0,0,0,0,0,0,0,0,0,0,0,0,0,0,0,0,0,0,0,0,0,0,0,0,0,0,0,0,0,0,0,0,0,0,0,0,0,0,0,0,0,0,0,0,0,0,0,0,0,0,0,0,0,0,0,0,0,0,0
IKPB:bin_000251,0,0,0,0,0,0,0,0,0,0,0,0,0,0,0,0,0,0,0,0,0,0,0,0,0,0,0,0,0,0,0,0,0,0,0,0,0,0,0,0,0,0,0,0,0,0,0,0,0,0,0,0,0,0,0,0,0,0,0,0,0,0,0,0,0,0,0,0,0,0,0,0,0,0,0,0,0,0,0,0,0,0,0,0
IKPB:bin_000254,0,1.893,0,0,0,0,0,0,0,0,0,0,0,0,3.244,0,0,0,0,2.205,0,0,4.689,0,0,0,0,0,1.859,0,3.018,0,0,0,0,0,0,0,10.971,1.964,0,0,0,0,0,0,0,1.851,0,0,0,0,0,0,0,0,0,0,0,0,3.016,2.096,0,0,0,0,0,0,0,0,0,2.552,0,1.88,0,0,0,0,3.027,0,0,1.314,0,0
IKPB:bin_000256,0,0,0,0,0,0,0,0,0,0,0,0,0,0,0,0,0,0,0,0,0,0,0,0,0,0,0,0,0,0,0,0,0,0,0,0,0,0,0,0,0,0,0,0,0,0,0,0,0,0,0,0,0,0,0,0,0,0,0,0,0,0,0,0,0,0,0,0,0,0,0,0,0,0,0,0,0,0,0,0,0,0,0,0
IKPB:bin_000257,0,0,0,0,0,0,0,0,0,0,0,0,0,0,0,0,0,0,0,0,0,0,0,0,0,0,0,0,0,0,0,0,0,0,0,0,0,0,0,0,0,0,0,0,0,0,0,0,0,0,0,0,0,0,0,0,0,0,0,0,0,0,0,0,0,0,0,0,0,0,0,0,0,0,0,0,0,0,0,0,0,0,0,0
IKPB:bin_000259,0,6.282,0,0,1.802,0,0,0,0,0,0,0,0,0,3.125,0,1.131,0,2.327,0,0,0,4.108,0,0,0,0,0,1.524,0,0,0,0,0,0,0,0,0,0,1.336,0,0,0,0,0,0,0,0,0,1.498,0,4.758,0,0,0,3.494,3.159,0,0,0,0,2.418,0,0,1.443,0,0,0,1.858,0,3.721,2.693,0,0,0,0,0,0,1.785,0,0,1.381,0,0
IKPB:bin_000262,0,0,0,0,0,0,0,0,0,0,0,0,0,0,0,0,0,0,0,0,0,0,0,0,0,0,0,0,0,0,0,0,0,0,0,0,0,0,0,0,0,0,0,0,0,0,0,0,0,0,0,0,0,0,0,0,0,0,0,0,0,0,0,0,0,0,0,0,0,0,0,0,0,0,0,0,0,0,0,0,0,0,0,0
IKPB:bin_000263,0,0,0,0,0,0,0,0,0,0,0,0,0,0,0,0,0,0,0,0,0,0,0,0,0,0,0,0,0,0,0,0,0,0,0,0,0,0,0,0,0,0,0,0,0,0,0,0,0,0,0,0,0,0,0,0,0,0,0,0,0,0,0,0,0,0,0,0,0,0,0,0,0,0,0,0,0,0,0,0,0,0,0,0
IKPB:bin_000266,0,0,0,0,0,0,0,0,0,0,0,0,0,0,0,0,0,0,0,0,0,0,0,0,0,0,0,0,0,0,0,0,0,0,0,0,0,0,0,0,0,0,0,0,0,0,0,0,0,0,0,0,0,0,0,0,0,0,0,0,0,0,0,0,0,0,0,0,0,0,0,0,0,0,0,0,0,0,0,0,0,0,0,0
IKPB:bin_000267,0,0,0,0,0,0,0,0,0,0,0,0,0,0,0,0,0,0,0,0,0,0,0,0,0,0,0,0,0,0,0,0,0,0,0,0,0,0,0,0,0,0,0,0,0,0,0,0,0,0,0,0,0,0,0,0,0,0,0,0,0,0,0,0,0,0,0,0,0,0,0,0,0,0,0,0,0,0,0,0,0,0,0,0
IKPB:bin_000268,0,0,0,0,0,0,0,0,0,0,0,0,0,0,0,0,0,0,0,0,0,0,0,0,0,0,0,0,0,0,0,0,0,0,0,0,0,0,0,0,0,0,0,0,0,0,0,0,0,0,0,0,0,0,0,0,0,0,0,0,0,0,0,0,0,0,0,0,0,0,0,0,0,0,0,0,0,0,0,0,0,0,0,0
IKPB:bin_000269,0,0,0,0,0,0,0,0,0,0,0,0,0,0,0,0,0,0,0,0,0,0,0,0,0,0,0,0,0,0,0,0,0,0,0,0,0,0,0,0,0,0,0,0,0,0,0,0,0,0,0,0,0,0,0,0,0,0,0,0,0,0,0,0,0,0,0,0,0,0,0,0,0,0,0,0,0,0,0,0,0,0,0,0
IKPB:bin_000271,0,0,0,0,0,0,0,0,0,0,0,0,0,0,0,0,0,0,0,0,0,0,0,0,0,0,0,0,0,0,0,0,0,0,0,0,0,0,0,0,0,0,0,0,0,0,0,0,0,0,0,0,0,0,0,0,0,0,0,0,0,0,0,0,0,0,0,0,0,0,0,0,0,0,0,0,0,0,4.989,0,0,0,0,0
IKPB:bin_000272,0,0,0,0,0,0,0,0,0,0,0,0,0,0,0,0,0,0,0,0,0,0,0,0,0,0,0,0,0,0,0,0,0,0,0,0,0,0,0,0,0,0,0,0,0,0,0,0,0,0,0,0,0,0,0,0,0,0,0,0,0,0,0,0,0,0,0,0,0,0,0,0,0,0,0,0,0,0,0,0,0,0,0,0
IKPB:bin_000273,0,0,0,0,0,0,0,0,0,0,0,0,0,0,0,0,0,0,0,0,0,0,0,0,0,0,0,0,0,0,0,0,0,0,0,0,0,0,0,0,0,0,0,0,0,0,0,0,0,0,0,0,0,0,0,0,0,0,0,0,0,0,0,0,0,0,0,0,0,0,0,0,0,0,0,0,0,0,0,0,0,0,0,0
IKPB:bin_000274,0,0,0,0,0,0,0,0,0,0,0,0,0,0,0,0,0,0,0,0,0,0,0,0,0,0,0,0,0,0,0,0,0,0,0,0,0,0,0,0,0,0,0,0,0,0,0,0,0,0,0,0,0,0,0,0,0,0,0,0,0,0,0,0,0,0,0,0,0,0,0,0,0,0,0,0,0,0,0,0,0,0,0,0
IKPB:bin_000279,16.438,99.955,0,35.55,61.338,89.837,11.423,25.306,2.168,3.512,15.146,49.775,5.309,3.309,61.858,38.017,37.819,2.698,21.217,86.182,58.165,97.584,165.974,73.869,23.056,6.955,16.53,9.423,50.942,3.664,49.685,0,34.143,81.169,90.296,55.89,51.198,5.346,64.55,95.322,27.685,2.185,56.001,24.732,42.334,90.402,52.722,66.268,68.222,27.158,7.603,99.2,15.39,48.466,3.561,91.48,85.621,0,23.505,17.076,80.757,72.041,0,0,35.55,6.019,76.709,9.092,64.549,28.253,124.247,96.333,5.096,88.863,33.869,45.499,2.513,91.3,158.14,32.653,25.56,32.226,8.643,0
IKPB:bin_000286,0,0,0,0,0,0,0,0,0,0,0,0,0,0,0,0,0,0,0,0,0,0,0,0,0,0,0,0,0,0,0,0,0,0,0,0,0,0,0,0,0,0,0,0,0,0,0,0,0,0,0,0,0,0,0,0,0,0,0,0,0,0,0,0,0,0,0,0,0,0,0,0,0,0,0,0,0,0,0,0,0,0,0,0
IKPB:bin_000289,0,0,0,0,0,0,0,0,0,0,0,0,0,0,0,0,0,0,0,0,0,0,0,0,0,0,0,0,0,0,0,0,0,0,0,0,0,0,0,0,0,0,0,0,0,0,0,0,0,0,0,0,0,0,0,0,0,0,0,0,0,0,0,0,0,0,0,0,0,0,0,0,0,0,0,0,0,0,0,0,0,0,0,0
IKPB:bin_000290,0,0,0,0,0,0,0,0,0,0,0,0,0,0,0,0,0,0,0,0,0,0,0,0,0,0,0,0,0,0,0,0,0,0,0,0,0,0,1.561,0,0,0,0,0,0,0,0,0,0,0,0,0,0,0,0,0,0,0,0,0,0,0,0,0,0,0,0,0,0,0,0,0,0,0,0,0,0,0,0,0,0,0,0,0
IKPB:bin_000291,0,0,0,0,0,0,0,0,0,0,0,0,0,0,0,0,0,0,0,0,0,0,0,0,0,0,0,0,0,0,0,0,0,0,0,0,0,0,0,0,0,0,0,0,0,0,0,0,0,0,0,0,0,0,0,0,0,0,0,0,0,0,0,0,0,0,0,0,0,0,0,0,0,0,0,0,0,0,0,0,0,0,0,0
IKPB:bin_000292,0,0,0,2.248,1.702,4.449,0,0,0,0,0,0,0,0,5.926,0,1.899,0,0,0,0,0,6.29,0,0,0,0,0,0,0,0,0,0,0,0,0,0,0,0,3.391,0,0,4.901,0,0,2.464,0,3.284,0,0,0,3.697,0,3.86,0,0,3.496,0,0,0,2.532,0,0,0,0,0,1.854,0,0,0,0,0,0,3.342,0,0,0,2.863,2.148,0,0,1.752,0,0
IKPB:bin_000295,0,0,0,0,0,0,0,0,0,0,0,0,0,0,0,0,0,0,0,0,0,0,0,0,0,0,0,0,0,0,0,0,0,0,0,0,0,0,0,0,0,0,0,0,0,0,0,0,0,0,0,0,0,0,0,0,0,0,0,0,0,0,0,0,0,0,0,0,0,0,0,0,0,0,0,0,0,0,0,0,0,0,0,0
IKPB:bin_000296,0,0,0,0,0,0,0,0,0,0,0,0,0,0,0,0,0,0,0,0,0,0,0,0,0,0,0,0,0,0,0,0,0,0,0,0,0,0,0,0,0,0,0,0,0,0,0,0,0,0,0,0,0,0,0,0,0,0,0,0,0,0,0,0,0,0,0,0,0,0,0,0,0,0,0,0,0,0,0,0,0,0,0,0
IKPB:bin_000301,0,0,0,0,0,0,0,0,0,0,0,0,0,0,0,0,0,0,0,0,0,0,0,0,0,0,0,0,0,0,0,0,0,0,0,0,0,0,0,0,0,0,0,0,0,0,0,0,0,0,0,0,0,0,0,0,0,0,0,0,0,0,0,0,0,0,0,0,0,0,0,0,0,0,0,0,0,0,0,0,0,0,0,0
IKPB:bin_000302,0,0,0,0,0,0,0,0,0,0,0,0,0,0,0,0,0,0,0,0,0,0,0,0,0,0,0,0,0,0,0,0,0,0,0,0,0,0,0,0,0,0,0,0,0,0,0,0,0,0,0,0,0,0,0,0,0,0,0,0,0,0,0,0,0,0,0,0,0,0,0,0,0,0,0,0,0,0,0,0,0,0,0,0
IKPB:bin_000303,0,0,0,0,0,0,0,0,0,0,0,0,0,0,0,0,0,0,0,0,0,0,0,0,0,0,0,0,0,0,0,0,0,0,0,0,0,0,0,0,0,0,0,0,0,0,0,0,0,0,0,0,0,0,0,0,0,0,0,0,0,0,0,0,0,0,0,0,0,0,0,0,0,0,0,0,0,0,0,0,0,0,0,0
IKPB:bin_000304,0,0,0,0,0,0,0,0,0,0,0,0,0,0,0,0,0,0,0,0,0,0,0,0,0,0,0,0,0,0,0,0,0,0,0,0,0,0,0,0,0,0,0,0,0,0,0,0,0,0,0,0,0,0,0,0,0,0,0,0,0,0,0,0,0,0,0,0,0,0,0,0,0,0,0,0,0,0,0,0,0,0,0,0
IKPB:bin_000305,0,0,0,0,0,0,0,0,0,0,0,0,0,0,0,0,0,0,0,0,0,0,0,0,0,0,0,0,0,0,0,0,0,0,0,0,0,0,0,0,0,0,0,0,0,0,0,0,0,0,0,0,0,0,0,0,0,0,0,0,0,0,0,0,0,0,0,0,0,0,0,0,0,0,0,0,0,0,0,0,0,0,0,0
IKPB:bin_000310,0,1.933,0,0,0,0,0,0,0,0,0,0,0,0,1.948,0,0,0,0,0,0,0,6.067,1.633,0,0,0,0,0,0,0,0,0,0,0,2.152,0,0,2.157,0,0,0,0,0,0,0,0,2.416,2.506,0,0,0,0,0,0,0,2.712,0,0,0,2.679,0,0,0,0,0,0,0,1.831,0,2.664,0,0,2.113,0,0,0,0,0,0,0,0,0,0
IKPB:bin_000312,0,2.732,0,0,0,0,0,0,0,0,0,3.027,0,0,1.414,0,0,0,0,3.76,0,0,4.203,0,0,0,0,0,0,0,0,0,2.047,0,0,0,0,0,0,0,0,0,0,0,0,2.151,0,0,0,0,0,0,0,2.992,0,0,0,0,0,0,2.221,2.864,0,0,0,0,2.053,0,0,0,0,0,0,0,0,0,0,0,0,0,0,0,0,0
IKPB:bin_000313,0,0,0,0,0,0,0,0,0,0,0,0,0,0,0,0,0,0,0,0,2.301,0,0,2.455,0,0,0,0,0,0,0,0,0,0,0,0,0,0,0,0,0,0,2.584,0,0,0,2.225,0,0,0,0,0,0,0,0,2.081,0,0,0,0,0,0,0,0,0,0,0,0,0,0,0,0,0,0,0,0,0,0,0,0,0,0,0,0
IKPB:bin_000320,0,0,0,0,0,0,0,0,0,0,0,0,0,0,1.231,0,0,0,0,0,0,0,4.64,0,0,0,0,0,0,0,0,0,0,0,0,0,0,0,0,0,0,0,2.306,0,0,0,0,0,0,0,0,0,0,0,0,0,0,0,0,0,0,0,0,0,0,0,0,0,0,0,0,0,0,0,0,0,0,0,0,0,0,0,0,0
IKPB:bin_000321,0,0,0,0,0,0,0,0,0,0,0,0,0,0,0,0,0,0,0,0,0,0,0,0,0,0,0,0,0,0,0,0,0,0,0,0,0,0,0,0,0,0,0,0,0,0,0,0,0,0,0,0,0,0,0,0,0,0,0,0,0,0,0,0,0,0,0,0,0,0,0,0,0,0,0,0,0,0,0,0,0,0,0,0
IKPB:bin_000322,3.019,8.677,0,3.382,7.077,12.811,1.239,2.64,0,0,1.325,5.876,0,0,11.992,4.341,4.309,0,3.872,15.457,6.627,9.305,29.467,7.644,3.578,0,4.522,0,4.458,0,7.256,0,5.632,13.686,6.825,8.979,6.475,0,19.441,9.226,4.868,0,6.117,2.705,4.305,13.081,6.74,7.961,12.917,5.164,0,18.616,2.733,5.823,0,8.469,11.937,0,2.847,3.225,12.343,6.181,0,0,3.994,0,8.502,2.078,8.757,2.622,11.783,12.009,0,9.932,3.385,4.755,0,14.405,15.397,5.337,5.42,3.277,0,0
IKPB:bin_000323,0,0,0,0,0,0,0,0,0,0,0,0,0,0,0,0,0,0,0,0,0,0,0,0,0,0,0,0,0,0,0,0,0,0,0,0,0,0,0,0,0,0,0,0,0,0,0,0,0,0,0,0,0,0,0,0,0,0,0,0,0,0,0,0,0,0,0,0,0,0,0,0,0,0,0,0,0,0,0,0,0,0,0,0
IKPB:bin_000327,0,0,0,0,0,0,0,0,0,0,0,0,0,0,0,0,0,0,0,0,0,0,0,0,0,0,0,0,0,0,0,0,0,0,0,0,0,0,0,0,0,0,0,0,0,0,0,0,0,0,0,0,0,0,0,0,0,0,0,0,0,0,0,0,0,0,0,0,0,0,0,0,0,0,0,0,0,0,0,0,0,0,0,0
IKPB:bin_000335,0,0,0,0,0,0,0,0,0,0,0,0,0,0,0,0,0,0,0,0,0,0,0,0,0,0,0,0,0,0,0,0,0,0,0,0,0,0,0,0,0,0,0,0,0,0,0,0,0,0,0,0,0,0,0,0,0,0,0,0,0,0,0,0,0,0,0,0,0,0,0,0,0,0,0,0,0,0,0,0,0,0,0,0
IKPB:bin_000336,0,0,0,0,0,0,0,1.269,0,0,0,0,0,0,0,0,0,0,0,0,0,0,2.949,0,0,0,0,0,0,0,0,0,0,0,0,0,0,0,0,0,0,0,0,0,0,0,0,0,0,0,0,0,0,0,0,0,0,0,0,0,0,0,0,0,0,0,1.17,0,0,0,0,2.013,0,0,0,0,0,0,0,0,0,0,0,0
IKPB:bin_000338,0,5.99,0,0,0,3.748,0.921,1.491,0,0,0,0,0,0,2.437,0,0,0,0,4.413,2.237,5.494,10.408,0,1.513,0,0,0,0,0,0,0,2.092,0,0,2.936,0,0,2.981,2.553,0,0,0,0,0,2.714,0,0,0,0,0,0,0,6.042,0,0,8.309,0,0,0,3.53,4.683,0,0,0,0,5.244,0,0,0,6.149,0,0,2.733,0,0,0,0,7.85,0,0,1.662,0,0
IKPB:bin_000341,0,2.17,0,0,1.386,3.584,0,0,0,0,0,5.938,0,0,0,0,0,0,0,0,3.575,2.902,5.748,0,0,0,0,0,0,0,0,0,0,2.615,0,0,0,0,0,4.252,0,0,0,0,1.856,1.712,0,1.775,4.404,0,0,3.27,0,0,0,0,0,0,0,0,2.44,0,0,0,2.982,0,2.901,0,1.59,0,2.423,2.547,0,1.769,0,0,0,2.302,5.787,0,0,0,0,0
IKPB:bin_000343,0,0,0,0,0,0,0,0,0,0,0,0,0,0,0,0,0,0,0,0,0,0,0,0,0,0,0,0,0,0,0,0,0,0,0,0,0,0,0,0,0,0,0,0,0,0,0,0,0,0,0,0,0,0,0,0,0,0,0,0,0,0,0,0,0,0,0,0,0,0,0,0,0,0,0,0,0,0,0,0,0,0,0,0
IKPB:bin_000344,0,3.357,0,0,0,0,0,1.415,0,0,0,2.747,0,0,4.725,2.936,0,0,0,2.712,0,0,6.801,1.34,0,0,0,0,0,0,0,0,0,3.805,0,0,0,0,2.532,0,0,0,3.292,0,0,5.557,0,0,0,0,0,0,0,2.017,0,0,3.334,0,0,0,0,0,0,0,0,0,0,0,2.429,0,3.871,0,0,0,0,2.826,0,0,3.683,1.884,0,0,0,0
IKPB:bin_000346,0,2.829,0,1.989,3.052,5.207,0,1.564,0,0,0,2.76,0,0,9.727,2.536,1.422,0,2.064,2.257,0,3.397,10.085,1.743,1.334,0,0,0,1.366,0,1.353,0,0,2.721,0,0,1.94,0,2.414,3.903,1.749,0,0,1.142,0,2.375,3.218,3.937,2.38,3.512,0,6.257,0,4.026,0,3.317,5.022,0,1.296,0,4.906,3.286,0,0,0,0,2.417,0,2.024,0,3.67,2.957,0,5.596,0,3.018,0,6.043,2.539,0,2.273,1.434,0,0
IKPB:bin_000347,0,0,0,0,0,0,0,0,0,0,0,0,0,0,0,0,0,0,0,0,0,0,0,0,0,0,0,0,0,0,0,0,0,0,0,0,0,0,0,0,0,0,0,0,0,0,0,0,0,0,0,0,0,0,0,0,0,0,0,0,0,0,0,0,0,0,0,0,0,0,0,0,0,0,0,0,0,0,0,0,0,0,0,0
IKPB:bin_000348,0,0,0,0,0,0,0,0,0,0,0,0,0,0,0,0,0,0,0,0,0,0,0,0,0,0,0,0,0,0,0,0,0,0,0,0,0,0,0,0,0,0,0,0,0,0,0,0,0,0,0,0,0,0,0,0,0,0,0,0,0,0,0,0,0,0,0,0,0,0,0,0,0,0,0,0,0,0,0,0,0,0,0,0
IKPB:bin_000349,0,0,0,0,0,0,0,0,0,0,0,0,0,0,0,0,0,0,0,0,0,0,0,0,0,0,0,0,0,0,0,0,0,0,0,0,0,0,0,0,0,0,0,0,0,0,0,0,0,0,0,0,0,0,0,0,0,0,0,0,0,0,0,0,0,0,0,0,0,0,0,0,0,0,0,0,0,0,0,0,0,0,0,0
IKPB:bin_000350,0,0,0,0,0,0,0,0,0,0,0,0,0,0,0,0,0,0,0,0,0,0,0,0,0,0,0,0,0,0,0,0,0,0,0,0,0,0,0,0,0,0,0,0,0,0,0,0,0,0,0,0,0,0,0,0,0,0,0,0,0,0,0,0,0,0,0,0,0,0,0,0,0,0,0,0,0,0,0,0,0,0,0,0
IKPB:bin_000351,0,2.77,0,1.662,0,0,0,2.902,0,0,1.622,0,0,0,2.46,2.053,0,0,0,0,0,0,0,0,1.569,1.844,0,0,0,0,0,0,0,0,0,0,3.239,0,4.273,0,0,0,0,0,0,1.966,0,0,0,0,0,0,3.019,2.096,0,0,0,0,0,0,0,0,0,0,0,0,0,2.216,0,1.215,4.402,0,0,1.931,0,0,0,6.593,2.956,0,0,0,0,0
IKPB:bin_000352,0,0,0,0,0,0,0,0,0,0,0,0,0,0,0,0,0,0,0,0,0,0,0,0,0,0,0,0,0,0,0,0,0,0,0,0,0,0,0,0,0,0,0,0,0,0,0,0,0,0,0,0,0,0,0,0,0,0,0,0,0,0,0,0,0,0,0,0,0,0,0,0,0,0,0,0,0,0,0,0,0,0,0,0
IKPB:bin_000353,0,3.544,0,0,0,0,0,0,0,0,0,0,0,0,0,0,0,0,0,3.267,0,3.156,0,0,0,0,0,0,0,0,0,0,0,0,0,0,0,0,0,1.869,0,0,0,0,0,0,0,0,0,0,0,0,0,0,0,0,0,0,0,0,0,0,0,0,0,0,0,0,0,0,0,0,0,2.225,0,0,0,0,2.443,0,0,0,0,0
IKPB:bin_000354,0,0,0,0,0,0,0,0,0,0,0,0,0,0,0,0,0,0,0,0,0,0,0,0,0,0,0,0,0,0,0,0,0,0,0,0,0,0,0,0,0,0,0,0,0,0,0,0,0,0,0,0,0,0,0,0,0,0,0,0,0,0,0,0,0,0,0,0,0,0,0,0,0,0,0,0,0,0,0,0,0,0,0,0
IKPB:bin_000356,6.266,66.952,0,11.424,17.173,24.738,3.278,9.409,0,0,4.999,70.791,0,1.252,17.568,54.502,11.18,2.277,3.201,64.919,34.206,55.089,59.218,14.021,3.744,1.424,3.534,0,7.598,1.3,10.293,0,18.157,34.489,26.169,26.577,33.443,2.337,10.29,32.647,5.199,0,75.756,6.105,17.256,30.858,10.88,14.089,36.03,6.273,2.932,49.727,10.242,12.574,0,90.452,14.269,0,4.544,2.464,32.993,19.759,0,0,12.046,2.008,27.619,2.04,33.998,11.963,64.297,46.685,1.952,17.825,8.863,12.206,0,31.357,149.931,5.047,7.05,7.192,1.501,0
IKPB:bin_000357,0,0,0,0,0,0,0,0,0,0,0,0,0,0,0,0,0,0,0,0,0,0,0,0,0,0,0,0,0,0,0,0,0,0,0,0,0,0,0,0,0,0,0,0,0,0,0,0,0,0,0,0,0,0,0,0,0,0,0,0,0,0,0,0,0,0,0,0,0,0,0,0,0,0,0,0,0,0,0,0,0,0,0,0
IKPB:bin_000359,0,0,0,0,0,0,0,0,0,0,0,0,0,0,0,0,0,0,0,0,0,0,0,0,0,0,0,0,0,0,0,0,0,0,0,0,0,0,0,0,0,0,0,0,0,0,0,0,0,0,0,0,0,0,0,0,0,0,0,0,0,0,0,0,0,0,0,0,0,0,0,0,0,0,0,0,0,0,0,0,0,0,0,0
IKPB:bin_000360,0,0,0,0,0,0,0,0,0,0,0,0,0,0,0,0,0,0,0,0,0,0,0,0,0,0,0,0,0,0,0,0,0,0,0,0,0,0,0,0,0,0,0,0,0,0,0,0,0,0,0,0,0,0,0,0,0,0,0,0,0,0,0,0,0,0,0,0,0,0,0,0,0,0,0,0,0,0,0,0,0,0,0,0
IKPB:bin_000361,0,0,0,0,0,0,0,0,0,0,0,0,0,0,0,0,0,0,0,0,0,0,0,0,0,0,0,0,0,0,0,0,0,0,0,0,0,0,0,0,0,0,0,0,0,0,0,0,0,0,0,0,0,0,0,0,0,0,0,0,0,0,0,0,0,0,0,0,0,0,0,0,0,0,0,0,0,0,0,0,0,0,0,0
IKPB:bin_000362,0,9.182,0,2.268,2.754,7.959,0,0,0,0,0,7.607,0,0,2.01,2.617,2.259,0,0,3.312,6.818,4.941,10.242,2.554,0,0,0,0,1.282,0,2.827,0,0,4.801,0,0,4.032,0,2.635,6.595,2.03,0,3.421,0,5.167,4.09,0,4.653,5.534,1.358,0,7.905,1.175,0,0,4.189,4.465,0,1.274,0,2.844,3.321,0,0,2.345,0,4.605,0,2.763,0,6.702,6.238,0,3.331,0,2.453,0,3.046,14.657,0,0,2.941,0,0
IKPB:bin_000363,0,0,0,0,0,0,0,0,0,0,0,0,0,0,0,0,0,0,0,0,0,0,0,0,0,0,0,0,0,0,0,0,0,0,0,0,0,0,0,0,0,0,0,0,0,0,0,0,0,0,0,0,0,0,0,0,0,0,0,0,0,0,0,0,0,0,0,0,0,0,0,0,0,0,0,0,0,0,0,0,0,0,0,0
IKPB:bin_000364,0,0,0,0,0,0,0,0,0,0,0,0,0,0,0,0,0,0,0,0,0,0,0,0,0,0,0,0,0,0,0,0,0,0,0,0,0,0,0,0,0,0,0,0,0,0,0,0,0,0,0,0,0,0,0,0,0,0,0,0,0,0,0,0,0,0,0,0,0,0,0,0,0,0,0,0,0,0,0,0,0,0,0,0
IKPB:bin_000365,0,0,0,0,0,0,0,0,0,0,0,6,0,0,0,0,0,0,0,0,2.217,0,0,0,0,0,0,0,0,0,0,0,0,0,0,0,0,0,0,0,0,0,0,0,0,0,0,0,0,0,0,0,0,0,0,0,0,0,0,0,0,0,0,0,0,0,0,0,0,0,0,0,0,0,0,0,0,0,16.022,0,0,0,0,0
IKPB:bin_000367,0,0,0,0,0,0,0,0,0,0,0,0,0,0,0,0,0,0,0,0,0,0,0,0,0,0,0,0,0,0,0,0,0,0,0,0,0,0,0,0,0,0,0,0,0,0,0,0,0,0,0,0,0,0,0,0,0,0,0,0,0,0,0,0,0,0,0,0,0,0,0,0,0,0,0,0,0,0,0,0,0,0,0,0
IKPB:bin_000376,0,0,0,0,0,0,0,0,0,0,0,0,0,0,0,0,0,0,0,0,0,0,0,0,0,0,0,0,0,0,0,0,0,0,0,0,0,0,0,0,0,0,0,0,0,0,0,0,0,0,0,0,0,0,0,0,0,0,0,0,0,0,0,0,0,0,0,0,0,0,0,0,0,0,0,0,0,0,0,0,0,0,0,0
IKPB:bin_000377,0,0,0,0,0,0,0,0,0,0,0,0,0,0,0,0,0,0,0,0,0,0,0,0,0,0,0,0,0,0,0,0,0,0,0,0,0,0,0,0,0,0,0,0,0,0,0,0,0,0,0,0,0,0,0,0,0,0,0,0,0,0,0,0,0,0,0,0,0,0,0,0,0,0,0,0,0,0,0,0,0,0,0,0
IKPB:bin_000378,0,3.007,0,0,1.755,0,0,0,0,0,0,0,0,0,4.969,0,1.278,0,0,2.697,1.512,0,4.593,1.586,0,0,0,0,0,0,0,0,0,3.347,0,0,0,0,1.82,3.931,0,0,0,0,1.236,3.004,0,0,2.278,1.732,0,0,0,0,0,3.536,0,0,0,0,1.49,0,0,0,0,0,1.63,0,2.462,0,3.598,0,0,2.98,0,0,0,2.93,3.685,0,0,0,0,0
IKPB:bin_000379,0,2.195,0,0,0,0,0,0,0,0,0,4.747,0,0,0,3.248,0,0,0,0,3.034,0,4.182,0,0,0,0,0,0,0,0,0,0,0,0,0,0,0,0,0,0,0,0,0,1.282,0,0,0,0,0,0,0,0,0,0,0,0,0,0,0,0,0,0,0,0,0,0,0,0,0,0,0,0,0,0,0,0,0,2.871,0,0,0,0,0
IKPB:bin_000380,0,0,0,0,0,0,0,0,0,0,0,0,0,0,0,0,0,0,0,0,0,0,0,0,0,0,0,0,0,0,0,0,0,0,0,0,0,0,0,0,0,0,0,0,0,0,0,0,0,0,0,0,0,0,0,0,0,0,0,0,0,0,0,0,0,0,0,0,0,0,0,0,0,0,0,0,0,0,0,0,0,0,0,0
IKPB:bin_000381,0,0,0,0,0,0,0,0,0,0,0,0,0,0,0,0,0,0,0,0,0,0,0,0,0,0,0,0,0,0,0,0,0,0,0,0,0,0,0,0,0,0,0,0,0,0,0,0,0,0,0,0,0,0,0,0,0,0,0,0,0,0,0,0,0,0,0,0,0,0,0,0,0,0,0,0,0,0,0,0,0,0,0,0
IKPB:bin_000386,0,1.404,0,0,0,0,0,0,0,0,0,0,0,0,3.869,0,0,0,0,0,1.659,0,4.352,0,0,0,0,0,1.286,0,0,0,0,0,0,0,0,0,2.542,0,0,0,0,0,0,2.989,0,1.871,2.23,1.316,0,2.936,0,0,0,0,0,0,0,0,0,0,0,0,0,0,1.642,0,1.59,0,0,0,0,1.963,0,0,0,0,2.066,0,0,0,0,0
IKPB:bin_000387,0,0,0,0,0,0,0,0,0,0,0,0,0,0,0,0,0,0,0,0,0,0,0,0,0,0,0,0,0,0,0,0,0,0,0,0,0,0,0,0,0,0,0,0,0,0,0,0,0,0,0,0,0,0,0,0,0,0,0,0,0,0,0,0,0,0,0,0,0,0,0,0,0,0,0,0,0,0,0,0,0,0,0,0
IKPB:bin_000391,0,0,0,0,0,0,0,0,0,0,0,0,0,0,0,0,0,0,0,0,0,0,0,0,0,0,0,0,0,0,0,0,0,0,0,0,0,0,0,0,0,0,0,0,0,0,0,0,0,0,0,0,0,0,0,0,0,0,0,0,0,0,0,0,0,0,0,0,0,0,0,0,0,0,0,0,0,0,0,0,0,0,0,0
IKPB:bin_000392,0,0,0,0,0,0,0,0,0,0,0,0,0,0,0,0,0,0,0,0,0,0,0,0,0,0,0,0,0,0,0,0,0,0,0,0,0,0,0,0,0,0,0,0,0,0,0,0,0,0,0,0,0,0,0,0,0,0,0,0,0,0,0,0,0,0,0,0,0,0,0,0,0,0,0,0,0,0,0,0,0,0,0,0
TI1:bin_000004,0,1.959,0,0,1.359,0,0,0,0,0,0,0,0,0,3.327,0,1.334,0,0,2.045,0,2.413,4.489,1.915,0,0,0,0,0,0,0,0,0,2.781,0,0,0,0,3.083,2.097,0,0,0,0,0,2.217,0,1.313,2.692,0,0,0,0,0,0,0,0,0,0,0,0,0,0,0,0,0,0,0,1.926,0,3.828,0,0,2.43,0,0,0,0,2.828,0,0,1.191,0,0
TI1:bin_000008,0,0,0,0,0,0,0,0,0,0,0,0,0,0,0,0,0,0,0,0,0,0,3.422,0,0,0,0,0,0,0,0,0,0,0,0,0,0,0,0,0,0,0,0,0,0,0,0,0,0,0,0,0,0,0,0,0,0,0,0,0,0,0,0,0,0,0,0,0,0,0,0,0,0,0,0,0,0,0,0,0,0,0,0,0
TI1:bin_000011,0,0,0,0,0,2.911,0,1.785,0,0,0,0,0,0,2.091,0,0,0,0,0,0,0,2.711,0,0,0,0,0,0,0,1.452,0,0,0,0,0,0,0,1.472,0,0,0,0,0,0,2.15,2.855,1.846,0,0,0,0,0,0,0,0,3.19,0,0,0,0,0,0,0,0,0,0,0,0,0,0,0,0,0,0,0,0,0,0,0,0,0,0,0
TI1:bin_000018,1.913,9.767,0,4.877,12.972,13.914,2.079,3.879,0,0,2.885,8.878,0,0,11.163,7.228,5.181,0,2.704,16.326,5.974,10.362,34.652,6.771,4.53,0,4.368,0,8.819,0,5.753,0,3.299,13.233,14.348,8.056,8.229,1.352,9.67,8.455,4.68,0,5.44,3.571,3.266,12.48,6.794,13.832,10.819,6.255,0,18.76,1.32,11.373,0,20.825,19.698,0,4.359,6.018,12.749,15.185,0,0,6.426,0,11.739,0,7.612,1.663,16.211,10.252,0,15.692,2.913,6.562,0,16.365,12.813,3.115,4.962,6.636,0,0
TI1:bin_000020,0,0,0,0,0,0,0,0,0,0,0,0,0,0,0,0,0,0,0,0,0,0,0,0,0,0,0,0,0,0,0,0,0,0,0,0,0,0,0,0,0,0,0,0,0,0,0,0,0,0,0,0,0,0,0,0,0,0,0,0,0,0,0,0,0,0,0,0,0,0,0,0,0,0,0,0,0,0,0,0,0,0,0,0
TI1:bin_000026,0,0,0,0,0,0,0,0,0,0,0,0,0,0,0,0,0,0,0,0,0,0,0,0,0,0,0,0,0,0,0,0,0,0,0,0,0,0,0,0,0,0,0,0,0,0,0,0,0,0,0,0,0,0,0,0,0,0,0,0,0,0,0,0,0,0,0,0,0,0,0,0,0,0,0,0,0,0,0,0,0,0,0,0
TI1:bin_000032,0,0,0,0,0,0,0,0,0,0,0,0,0,0,0,0,0,0,0,0,0,0,3.393,0,0,0,0,0,0,0,0,0,0,0,0,0,0,0,0,0,0,0,0,0,0,0,0,0,0,0,0,0,0,0,0,0,0,0,0,0,0,0,0,0,0,0,0,0,0,0,0,0,0,0,0,0,0,0,0,0,0,0,0,0
TI1:bin_000035,0,0,0,0,0,0,0,0,0,0,0,0,0,0,0,0,0,0,0,0,0,0,0,0,0,0,0,0,0,0,0,0,0,0,0,0,0,0,0,0,0,0,0,0,0,0,0,0,0,0,0,0,0,0,0,0,0,0,0,0,0,0,0,0,0,0,0,0,0,0,0,0,0,0,0,0,0,0,0,0,0,0,0,0
TI1:bin_000041,0,0,0,0,0,0,0,0,0,0,0,0,0,0,0,0,0,0,0,0,0,0,2.141,0,0,0,0,0,0,0,0,0,0,0,0,0,0,0,0,1.257,0,0,0,0,0,0,0,0,0,0,0,0,0,0,0,0,0,0,0,0,1.693,0,0,0,0,0,1.094,0,0,0,0,0,0,1.64,0,0,0,0,0,0,0,0,0,0
TI1:bin_000057,0,0,0,0,0,0,0,0,0,0,0,0,0,0,0,0,0,0,0,0,0,0,0,0,0,0,0,0,0,0,0,0,0,0,0,0,0,0,0,0,0,0,0,0,0,0,0,0,0,0,0,0,0,0,0,0,0,0,0,0,1.959,0,0,0,1.815,0,0,0,0,0,0,0,0,0,0,0,0,0,1.482,0,0,0,0,0
TI1:bin_000058,0,0,0,0,0,0,0,0,0,0,0,0,0,0,0,0,0,0,0,0,0,0,0,0,0,0,0,0,0,0,0,0,0,0,0,0,0,0,0,1.783,0,0,0,0,0,3.021,0,0,0,0,0,0,0,0,0,0,0,0,0,0,0,0,0,0,1.211,0,0,0,0,0,2.249,0,0,0,0,0,0,0,1.545,0,0,0,0,0
TI1:bin_000065,0,0,0,0,0,0,0,0,0,0,0,0,0,0,1.252,0,0,0,0,0,0,0,0,0,0,0,0,0,0,0,0,0,0,0,0,0,0,0,0,0,0,0,0,0,0,1.199,0,0,0,0,0,0,0,0,0,0,0,0,0,0,0,0,0,0,0,0,0,0,0,0,0,0,0,0,0,0,0,0,0,0,0,0,0,0
TI1:bin_000066,0,11.034,0,0,0,0,0,0,0,0,0,9.6,0,0,1.15,0,0,0,0,3.755,3.564,2.152,5.658,0,0,0,0,0,0,0,0,0,0,0,0,0,0,0,0,1.728,0,0,0,0,0,0,0,1.412,0,0,0,4.292,0,0,0,2.554,0,0,0,0,0,0,0,0,1.343,0,0,0,1.56,0,2.585,0,0,0,0,0,0,0,25.093,0,0,0,0,0
TI1:bin_000074,0,0,0,0,0,0,0,0,0,0,0,0,0,0,0,0,0,0,0,0,0,0,0,0,0,0,0,0,0,0,0,0,0,0,0,0,0,0,0,0,0,0,0,0,0,0,0,0,0,0,0,0,0,0,0,0,0,0,0,0,0,0,0,0,0,0,0,0,0,0,0,0,0,0,0,0,0,0,0,0,0,0,0,0
TI1:bin_000078,2.793,4.841,0,1.684,2.857,9.674,0,0,0,0,1.682,11.771,0,0,4.719,2.006,2.65,0,0,3.991,6.567,5.444,42.629,6.048,6.78,0,2.433,0,3.721,0,7.684,0,1.867,8.281,8.444,4.224,1.994,0,5.893,0,1.173,0,10.355,2.373,0,8.323,0,5.213,5.865,0,0,5.114,0,6.799,0,11.033,13.993,0,1.328,0,7.086,5.783,0,0,1.404,0,7.98,0,12.111,2.347,4.57,11.325,0,5.319,0,8.686,0,3.149,7.859,2.601,2.544,3.315,0,0
TI1:bin_000079,0,0,0,0,0,0,0,0,0,0,0,0,0,0,0,0,0,0,0,0,0,0,0,0,0,0,0,0,0,0,0,0,0,0,0,0,0,0,0,0,0,0,0,0,0,0,0,0,0,0,0,0,0,0,0,0,0,0,0,0,0,0,0,0,0,0,0,0,0,0,0,0,0,0,0,0,0,0,0,0,0,0,0,0
TI1:bin_000083,0,0,0,0,0,0,0,0,0,0,0,0,0,0,1.575,0,0,0,0,0,0,0,0,0,0,0,0,0,0,0,0,0,0,0,0,0,0,0,0,0,0,0,0,0,0,0,0,0,0,0,0,0,0,0,0,0,0,0,0,0,0,0,0,0,0,0,0,0,0,0,0,0,0,0,0,0,0,0,0,0,0,0,0,0
TI1:bin_000098,0,0,0,0,0,0,0,0,0,0,0,0,0,0,0,0,0,0,0,0,0,0,0,0,0,0,0,0,0,0,0,0,0,0,0,0,0,0,0,1.092,0,0,1.644,0,0,0,0,0,0,0,0,0,0,0,0,1.992,0,0,0,0,0,0,0,0,0,0,0,0,0,0,2.706,0,0,1.129,0,0,0,0,0,0,0,0,0,0
TI1:bin_000101,0,3.487,0,0,1.789,6.402,0,0,0,0,0,2.891,0,0,5.808,2.741,0,0,4.129,3.122,1.468,4.267,27.853,3.4,1.784,0,0,0,2.55,0,4.522,0,1.191,6.526,0,4.799,0,0,6.778,2.142,1.319,0,2.545,0,0,8.112,3.837,1.697,5.6,2.227,0,5.861,0,1.918,0,4.39,5.919,0,0,0,1.555,2.583,0,0,0,0,5.885,0,2.076,0,10.747,7.754,0,2.357,0,6.412,0,4.306,5.286,1.961,2.625,2.313,0,0
TI1:bin_000102,0,0,0,0,2.177,5.106,0,0,0,0,0,0,0,0,0,0,2.273,0,0,0,0,0,2.204,0,0,0,0,0,0,0,0,0,0,0,0,0,0,0,0,0,0,0,0,0,0,1.354,0,3.104,0,0,0,0,0,0,0,2.076,0,0,0,0,0,2.683,0,0,0,0,0,0,0,0,7.717,0,0,0,0,0,0,0,0,0,0,1.357,0,0
TI1:bin_000107,0,0,0,0,1.145,0,0,0,0,0,0,0,0,0,1.87,0,0,0,0,2.024,0,0,4.299,0,1.565,0,0,0,0,0,0,0,0,0,0,2.363,0,0,1.705,0,0,0,0,0,0,0,0,0,0,0,0,0,0,0,0,0,0,0,0,0,0,0,0,0,0,0,0,0,0,0,3.712,0,0,0,0,0,0,0,1.465,0,0,0,0,0
TI1:bin_000120,0,13.636,0,5.626,13.623,18.611,2.359,3.749,0,0,2.182,6.787,0,0,6.801,5.085,4.051,1.265,2.055,22.284,5.655,41.635,38.032,10.652,2.151,0,2.844,0,7.919,0,9.282,0,10.79,19.414,10.809,21.715,18.379,0,4.516,14.885,5.637,0,28.475,2.853,5.011,15.456,9.164,12.792,21.222,3.831,2.341,9.995,4.012,10.142,0,22.464,14.4,0,2.981,2.18,15.456,12.151,0,0,6.545,1.822,8.442,2.317,14.884,12.705,29.197,21.722,0,11.139,10.38,3.159,0,29.625,27.984,2.971,3.321,9.55,0,0
TI1:bin_000121,0,0,0,0,0,0,0,0,0,0,0,0,0,0,0,0,0,0,0,0,0,0,0,0,0,0,0,0,0,0,0,0,0,0,0,0,0,0,0,0,0,0,0,0,0,0,0,0,0,0,0,0,0,0,0,0,0,0,0,0,0,0,0,0,0,0,0,0,0,0,0,0,0,0,0,0,0,0,0,0,0,0,0,0
TI1:bin_000128,0,0,0,0,0,0,0,0,0,0,0,28.176,0,0,0,0,0,0,0,0,0,0,0,0,0,0,0,0,0,0,0,0,0,0,0,0,0,0,0,0,0,0,0,0,0,0,0,1.331,0,0,0,0,0,0,0,0,0,0,0,0,0,0,0,0,0,0,0,0,0,0,0,0,0,0,0,0,0,0,0,0,0,0,0,0
TI1:bin_000133,0,57.394,3.314,15.04,1.237,5.278,3.802,2.553,0,0,1.244,7.305,0,0,0,18.259,8.117,0,0,41.928,2.721,32.297,54.344,0,0,1.511,0,0,5.989,0,3.803,0,0,0,4.389,16.17,18.21,0,0,11.278,1.912,0,6.795,0,4.271,1.373,2.586,0,23.297,0,0,58.782,6.023,11.801,0,66.993,0,0,0,7.569,11.84,0,0,0,12.977,0,4.677,0,17.702,0,34.304,2.425,0,0,0,0,0,19.001,4.136,2.023,0,1.642,0,0
TI1:bin_000134,0,0,0,0,0,0,0,0,0,0,0,0,0,0,0,0,0,0,0,0,0,0,0,0,0,0,0,0,0,0,0,0,0,0,0,0,0,0,0,0,0,0,0,0,0,0,0,0,0,0,0,0,0,0,0,0,0,0,0,0,0,0,0,0,0,0,0,0,0,0,0,0,0,0,0,0,0,0,0,0,0,0,0,0
TI1:bin_000137,0,4.59,0,0,0,5.913,0,0,0,0,0,3.277,0,0,4.312,2.134,2.178,0,0,4.47,1.92,4.991,12.195,7.609,2.869,0,0,0,2.004,0,2.704,0,0,6.334,4.949,2.944,0,0,2.233,1.548,0,0,3.636,2.086,0,3.037,0,4.243,2.636,1.418,0,4.805,0,5.399,0,10.625,3.759,0,0,0,6.732,9.476,0,0,0,0,4.237,0,4.221,2.199,4.256,5.013,0,2.601,0,4.142,0,2.603,3.274,0,2.324,0,0,0
TI1:bin_000140,0,0,0,0,0,0,0,0,0,0,0,0,0,0,0,0,0,0,0,0,0,0,0,0,0,0,0,0,0,0,0,0,0,0,0,0,0,0,0,0,0,0,0,0,0,0,0,0,0,0,0,0,0,0,0,0,0,0,0,0,0,0,0,0,0,0,0,0,0,0,0,0,0,0,0,0,0,0,0,0,0,0,0,0
TI1:bin_000141,0,0,0,0,0,0,0,0,0,0,0,0,0,0,0,0,0,0,0,0,0,0,0,0,0,0,0,0,0,0,0,0,0,0,0,0,0,0,0,0,0,0,0,0,0,0,0,0,0,0,0,0,0,0,0,0,0,0,0,0,0,0,0,0,0,0,0,0,0,0,0,0,0,0,0,0,0,0,0,0,0,0,0,0
TI1:bin_000143,0,0,0,0,0,0,0,0,0,0,0,0,0,0,0,0,0,0,0,0,0,0,0,0,0,0,0,0,0,0,0,0,0,0,0,0,0,0,0,0,0,0,0,0,0,0,0,0,0,0,0,0,0,0,0,0,0,0,0,0,0,0,0,0,0,0,0,0,0,0,0,0,0,0,0,0,0,0,0,0,0,0,0,0
TI1:bin_000146,0,0,0,0,0,0,0,0,0,0,0,0,0,0,0,0,0,0,0,0,0,0,0,0,0,0,0,0,0,0,0,0,0,0,0,0,0,0,0,0,0,0,0,0,0,0,0,0,0,0,0,0,0,0,0,0,0,0,0,0,0,0,0,0,0,0,0,0,0,0,0,0,0,0,0,0,0,0,0,0,0,0,0,0
TI1:bin_000150,0,0,0,0,0,0,0,0,0,0,0,0,0,0,0,0,0,0,0,0,0,0,0,0,0,0,0,0,0,0,0,0,0,0,0,0,0,0,0,0,0,0,0,0,0,0,0,0,0,0,0,0,0,0,0,0,0,0,0,0,0,0,0,0,0,0,0,0,0,0,0,0,0,0,0,0,0,0,0,0,0,0,0,0
TI1:bin_000151,0,0,0,0,0,0,0,0,0,0,0,0,0,0,0,0,0,0,0,0,0,0,0,0,0,0,0,0,0,0,0,0,0,0,0,0,0,0,0,0,0,0,0,0,0,0,0,0,0,0,0,0,0,0,0,0,0,0,0,0,0,0,0,0,0,0,0,0,0,0,0,0,0,0,0,0,0,0,0,0,0,0,0,0
TI1:bin_000152,0,0,0,0,0,0,0,0,0,0,0,0,0,0,0,0,0,0,0,0,1.338,0,0,2.531,0,0,0,0,0,0,0,0,0,0,0,0,0,0,0,0,0,0,0,0,0,0,0,0,0,0,0,0,0,0,0,0,0,0,0,0,0,0,0,0,0,0,0,0,0,0,0,0,0,0,0,0,0,0,1.455,0,0,0,0,0
TI1:bin_000156,0,0,0,0,0,0,0,0,0,0,0,0,0,0,0,0,0,0,0,0,0,0,0,0,0,0,0,0,0,0,0,0,0,0,0,0,0,0,0,0,0,0,0,0,0,0,0,0,0,0,0,0,0,0,0,0,0,0,0,0,0,0,0,0,0,0,0,0,0,0,0,0,0,0,0,0,0,0,0,0,0,0,0,0
TI1:bin_000168,0,2.454,0,1.215,1.153,6.529,0,0,0,0,0,2.981,0,0,3.606,0,1.566,0,1.968,2.516,4.491,5.007,10.192,3.259,1.415,0,2.841,0,1.292,0,1.454,0,0,3.45,0,2.96,0,0,3.238,2.416,1.308,0,1.799,0,1.161,6.522,2.427,2.342,2.406,0,0,5.537,0,0,0,0,5.011,0,0,2.011,3.035,0,0,0,0,0,1.601,0,4.571,1.254,3.202,2.221,0,5.286,0,0,0,5.058,3.574,2.605,0,2.118,0,0
TI1:bin_000185,0,2.44,0,0,0,0,0,0,0,0,0,0,0,0,0,0,0,0,0,0,0,0,2.015,0,0,0,0,0,0,0,0,0,0,0,0,0,0,0,0,0,0,0,0,0,0,0,0,0,0,0,0,0,0,0,0,0,0,0,0,0,0,0,0,0,0,0,0,0,0,0,0,0,0,0,0,0,0,0,0,0,0,0,0,0
TI1:bin_000186,0,3.571,0,0,2.719,2.834,1.845,3.246,0,0,0,0,0,0,4.84,0,0,0,0,5.895,2.205,11.256,13.863,1.251,0,0,0,0,0,0,2.681,0,0,5.335,3.857,0,0,0,5.472,4.221,0,0,0,0,0,4.265,2.708,3.892,0,2.649,0,2.465,0,4.035,0,0,2.669,0,1.372,0,0,0,0,0,0,0,4.176,0,2.004,1.777,6.941,2.837,0,1.647,2.404,0,0,3.877,1.458,0,2.751,2.364,0,0
TI1:bin_000187,0,0,0,0,0,0,0,0,0,0,0,0,0,0,0,0,0,0,0,0,0,0,0,0,0,0,0,0,0,0,0,0,0,0,0,0,0,1.534,0,0,0,0,0,0,0,0,0,0,0,0,0,0,0,0,0,0,0,0,0,0,0,0,0,0,0,0,0,0,0,0,0,0,0,0,0,0,0,0,0,0,0,0,0,0
TI1:bin_000196,0,3.551,0,1.995,1.915,3.06,0,0,0,0,0,0,0,0,3.441,0,0,0,1.969,2.047,1.3,2.87,10.473,1.411,1.217,0,0,0,2.335,0,1.864,0,1.324,5.864,2.249,0,0,0,3.831,1.216,0,0,2.549,1.178,0,2.874,0,2.393,0,1.572,0,2.507,0,2.01,0,0,2.571,0,0,0,0,0,0,0,0,0,1.232,0,2.7,0,3.791,3.374,0,3.583,0,3.379,0,0,2.091,0,0,0,0,0
TI1:bin_000203,0,0,0,0,0,0,0,0,0,0,0,0,0,0,0,0,0,0,0,0,0,0,0,0,0,0,0,0,0,0,0,0,0,0,0,0,0,0,0,0,0,0,0,0,0,0,0,0,0,0,0,0,0,0,0,0,0,0,0,0,0,0,0,0,0,0,0,0,0,0,0,0,0,0,0,0,0,0,0,0,0,0,0,0
TI1:bin_000205,0,0,0,0,0,0,0,0,0,0,0,0,0,0,0,0,0,0,0,0,0,0,2.708,0,0,0,0,0,0,0,0,0,0,0,0,0,0,0,0,0,0,0,0,0,0,0,0,0,0,0,0,0,0,0,0,0,0,0,0,0,0,0,0,0,0,0,0,0,0,0,0,0,0,0,0,0,0,0,0,0,0,0,0,0
TI1:bin_000206,0,0,0,1.416,0,0,0,0,0,0,0,0,0,0,1.735,0,0,0,0,0,0,0,0,0,0,0,0,0,0,0,0,0,0,0,0,0,0,0,0,0,0,0,0,0,0,0,0,0,0,0,0,0,0,0,0,0,0,0,0,0,0,0,0,0,0,0,0,0,0,0,0,0,0,1.589,0,0,0,0,0,0,0,0,0,0
TI1:bin_000207,0,0,0,0,0,0,0,0,0,0,0,0,0,0,0,0,0,0,0,0,0,0,0,0,0,0,0,0,0,0,0,0,0,0,0,0,0,0,0,0,0,0,0,0,0,0,0,0,0,0,0,0,0,0,0,0,0,0,0,0,0,0,0,0,0,0,0,0,0,0,0,0,0,0,0,0,0,0,0,0,0,0,0,0
TI1:bin_000211,0,4.434,0,1.696,2.544,9.341,0,2.06,0,0,2.685,4.366,0,0,6.85,3.31,2.943,0,0,6.868,4.907,4.795,13.68,4.55,1.531,0,2.192,0,2.818,0,3.425,0,1.605,5.769,5.708,3.749,4.051,0,8.096,4.282,4.755,0,3.042,1.381,2.363,6.475,3.835,3.293,8.284,2.797,0,12.284,1.576,2.704,0,4.873,8.821,0,1.176,0,6.724,2.4,0,0,2.203,0,5.838,0,3.94,1.259,5.521,5.379,0,8.969,0,3.765,0,8.687,6.727,6.49,3.732,1.58,0,0
TI1:bin_000217,0,4.482,0,2.177,2.791,7.55,0.827,2.704,0,0,1.287,7.211,0,0,4.491,2.79,3.566,0,0,3.148,2.91,7.602,12.143,2.494,2.089,0,0,0,2.065,0,2.474,0,3.438,7.666,3.919,3.517,3.572,0,9.876,4.452,2.294,0,0,2.324,1.918,7.315,2.246,6.782,5.888,2.155,0,8.465,0,3.274,0,3.351,6.108,0,1.889,0,3.304,2.747,0,0,2.611,0,3.873,0,6.237,1.543,5.191,5.305,0,5.829,0,2.593,0,5.176,6.703,5.55,3.498,2.308,0,0
TI1:bin_000246,0,2.505,0,0,1.971,3.982,0,1.29,0,0,0,0,0,0,3.72,0,0,0,0,2.91,1.965,2.977,8.161,1.579,0,0,0,0,1.824,0,1.558,0,0,3.032,0,2.386,0,0,2.75,1.637,1.259,0,0,0,1.354,4.159,0,1.442,4.637,1.492,0,3.645,0,0,0,0,3.282,0,0,0,2.115,0,0,0,0,0,2.531,0,0,0,3.056,3.907,0,4.086,0,0,0,4.535,3.703,0,2.178,0,0,0
TI1:bin_000248,0,0,0,0,0,0,0,0,0,0,0,0,0,0,0,0,0,0,0,0,0,0,0,0,0,0,0,0,0,0,0,0,0,0,0,0,0,0,0,0,0,0,0,0,0,0,0,0,0,0,0,0,0,0,0,0,0,0,0,0,0,0,0,0,0,0,0,0,0,0,0,0,0,0,0,0,0,0,0,0,0,0,0,0
TI1:bin_000254,0,4.387,0,4.063,2.366,6.303,0,0,0,0,0,37.229,0,0,0,2.399,1.48,0,0,0,10.763,2.498,6.856,1.633,0,0,0,0,0,0,2.219,0,0,2.674,0,2.231,0,0,2.076,3.543,0,0,2.187,0,1.853,3.735,0,4.445,4.158,0,0,4.003,0,3.35,0,2.661,0,0,0,0,4.226,5.203,0,0,1.915,0,2.238,0,0,0,5.48,2.191,0,0,0,0,0,0,51.947,0,0,1.867,0,0
TI1:bin_000255,0,0,0,0,0,0,0,0,0,0,0,0,0,0,0,0,0,0,0,0,1.692,0,3.375,0,0,0,0,0,0,0,0,0,2.036,0,0,0,3.33,0,0,11.696,0,0,0,0,1.298,0,0,0,13.431,0,0,0,0,0,0,0,0,0,0,0,0,0,0,0,1.564,0,0,0,0,0,0,0,0,0,0,0,0,0,3.733,0,0,0,0,0
TI1:bin_000256,0,3.662,0,1.504,0,0,0,0,0,0,0,0,0,0,0,0,0,0,0,0,0,0,3.194,0,0,0,0,0,0,0,0,0,0,0,0,0,0,0,0,1.516,0,0,0,0,0,0,0,0,0,0,0,0,0,0,0,0,0,0,0,0,1.33,0,0,0,0,0,0,0,0,0,2.246,0,0,0,0,0,0,0,0,0,0,0,0,0
TI3:bin_000003,0,0,0,0,0,0,0,0,0,0,0,0,0,0,0,0,0,0,0,0,0,0,0,0,0,0,0,0,0,0,0,0,0,0,0,0,0,0,0,0,0,0,0,0,0,0,0,0,0,0,0,0,0,0,0,0,0,0,0,0,0,0,0,0,0,0,0,0,0,0,0,0,0,0,0,0,0,0,0,0,0,0,0,0
TI3:bin_000010,0,2.147,0,0,1.711,0,0,0,0,0,0,0,0,0,1.754,0,0,0,0,4.416,0,0,5.033,0,1.135,0,0,0,0,0,0,0,0,0,0,0,0,0,1.192,0,0,0,0,0,0,2.397,0,1.291,0,0,0,0,0,0,0,0,0,0,0,0,0,3.086,0,0,0,0,0,0,1.603,0,0,0,0,0,0,0,0,0,0,0,0,0,0,0
TI3:bin_000018,32.726,104.858,2.365,42.754,77.414,166.858,26.546,73.59,10.351,11.813,35.087,82.634,2.454,13.779,198.831,111.193,81.484,2.266,40.698,115.37,60.497,183.941,423.839,204.601,48.689,34.68,62.742,20.599,83.911,9.297,100.918,0,79.833,425.252,117.91,102.55,33.324,2.744,188.542,88.249,33.867,0,103.178,40.388,37.24,659.111,84.045,131.333,224.608,87.096,6.571,205.329,27.259,140.868,5.728,91.793,220.516,5.126,48.302,55.332,104.068,369.665,4.402,6.696,114.691,23.901,125.222,20.552,136.167,28.456,164.291,93.296,5.561,205.311,7.846,71.439,0,183.003,216.731,117.467,85.104,49.281,14.742,0
TI3:bin_000023,0,1.226,0,0,2.992,15.401,2.231,1.416,0,0,1.702,10.886,0,1.822,1.351,0,2.572,0,0,0,18.583,8.271,5.277,5.091,9.699,0,0,0,2.886,0,0,0,2.474,17.906,5.98,0,0,0,8.871,3.618,0,0,0,1.516,0,11.305,0,27.132,2.28,0,0,41.018,2.857,0,0,0,0,0,0,19.292,5.901,0,0,0,1.412,1.634,0,0,9.608,0,0,0,0,5.889,0,0,0,21.977,24.819,7.205,7.205,0,1.348,0
TI3:bin_000025,3.763,8.161,0,4.413,5.731,8.506,1.219,4.635,0,0,2.36,5.461,0,0,15.483,8.202,5.477,0,1.972,16.575,3.529,4.474,25.105,3.387,3.853,0,2.517,2.007,3.109,0,10.765,0,3.713,14.876,7.852,9.006,0,0,8.333,5.263,3.682,0,8.519,2.443,2.108,8.83,9.449,5.642,4.121,5.756,0,13.609,2.061,5.707,0,8.247,8.326,0,2.111,0,3.832,6.024,0,0,1.425,0,5.146,0,10.902,0,12.169,5.574,0,9.905,1.95,5.558,0,10.317,13.166,6.446,6.868,2.332,0,0
TI3:bin_000028,0,0,0,0,0,0,0,0,0,0,0,23.91,0,0,0,0,0,0,0,0,1.974,0,2.12,0,0,0,0,0,0,0,0,0,0,0,0,0,0,0,0,0,0,0,0,0,0,0,0,0,0,0,0,0,0,0,0,0,0,0,0,0,0,0,0,0,0,0,1.078,0,0,0,0,0,0,0,0,0,0,0,2.318,0,0,0,0,0
TI3:bin_000029,0,2.111,0,0,3.516,12.817,0,0,0,0,2.212,9.335,0,0,1.719,0,3.45,0,0,0,6.2,14.545,17.84,10.598,7.997,0,3.698,0,3.765,0,3.308,0,0,9.965,10.001,0,2.253,0,3.835,3.304,0,0,2.365,1.722,0,4.927,0,5.815,6.185,0,0,5.73,0,2.122,0,2.326,4.27,0,0,0,9.308,4.027,0,0,0,1.438,3.874,0,12.208,0,3.576,9.428,0,4.258,0,3.549,0,4.037,5.602,2.606,5.542,2.276,2.37,0
TI3:bin_000031,2.369,6.118,0,3.203,4.275,3.309,0,3.14,0,0,0,3.65,0,0,6.52,4.562,2.769,0,2.93,9.593,3.437,6.089,20.888,5.904,0,0,0,0,2.883,0,4.204,0,1.948,5.192,0,5.963,2.406,0,4.18,3.72,1.166,0,4.776,1.236,1.177,8.373,2.986,3.072,3.534,3.947,1.228,8.462,0,3.314,0,5.777,6.002,0,1.632,0,6.541,4.829,0,0,0,0,3.829,0,3.419,0,8.041,9.108,0,5.531,6.179,2.785,0,6.253,4.283,0,5.065,2.332,0,0
TI3:bin_000039,0,0,0,0,0,0,0,0,0,0,0,0,0,0,0,0,0,0,0,0,0,0,0,0,0,0,0,0,0,0,0,0,0,0,0,0,0,0,0,0,0,0,0,0,0,3.316,0,0,0,0,0,0,0,0,0,0,0,0,0,0,0,0,0,0,0,0,0,0,0,0,0,0,0,0,0,0,0,0,0,0,0,0,0,0
TI3:bin_000040,0,3.7,0,0,10.06,3.57,0,1.255,0,0,0,2.259,0,0,1.614,0,1.41,0,0,1.636,2.781,0,18.002,4.051,0,0,0,0,4.959,0,2.217,0,0,2.485,0,2.077,0,0,2.769,1.488,1.32,0,0,0,0,2.257,0,1.87,0,0,0,3.857,0,0,0,2.054,2.348,0,0,0,2.884,3.49,0,0,0,0,2.182,0,3.353,1.638,4.096,0,0,0,0,2.211,0,6.134,5.986,0,0,1.974,0,0
TI3:bin_000043,0,0,0,0,0,0,0,0,0,0,0,0,0,0,0,0,0,0,0,0,0,0,0,0,0,0,0,0,0,0,0,0,0,0,0,0,0,0,0,0,0,0,0,0,0,0,0,0,0,0,0,0,0,0,0,0,0,0,0,0,0,0,0,0,0,0,0,0,0,0,0,0,0,0,0,0,0,0,0,0,0,0,0,0
TI3:bin_000055,0,0,0,0,0,0,0,0,0,0,0,0,0,0,0,0,0,0,0,0,0,0,0,0,0,0,0,0,0,0,0,0,0,0,0,0,0,0,0,0,0,0,0,0,0,0,0,0,0,0,0,0,0,0,0,0,0,0,0,0,0,0,0,0,0,0,0,0,0,0,0,0,0,0,0,0,0,0,0,0,0,0,0,0
TI3:bin_000058,0,6.658,0,3.106,4.939,7.695,1.135,1.632,0,0,0,3.844,0,0,10.718,3.615,2.114,0,2.724,4.553,2.013,5.937,28.352,4.08,2.316,0,2.694,0,2.936,0,3.965,0,3.467,8.096,5.656,3.215,0,0,9.26,5.27,1.348,0,2.777,0,0,5.454,4.911,5.069,7.176,3.136,0,6.9,1.457,5.37,0,6.148,10.244,0,1.742,0,6.973,4.272,0,0,0,0,3.785,0,5.504,1.809,8.512,6.229,0,6.162,0,5.796,0,8.027,4.245,5.017,3.496,4.3,0,0
TI3:bin_000061,0,4.539,0,2.098,3.599,5.193,0,2.434,0,0,1.154,4.451,0,0,8.993,2.208,2.956,0,2.597,3.108,3.056,3.94,19.295,2.624,2.952,0,2.236,0,1.889,0,2.427,0,1.962,10.429,5.095,4.347,0,0,8.08,3.658,1.357,0,0,1.229,0,6.77,3.276,3.758,4.018,2.427,0,10.939,0,4.385,0,3.932,9.922,0,1.525,0,4.938,4.423,0,0,1.482,0,3.495,0,5.139,0,7.906,3.061,0,5.462,0,2.98,0,5.724,7.893,2.847,3.045,4.09,0,0
TI3:bin_000078,0,0,0,0,0,0,0,0,0,0,0,0,0,0,0,0,0,0,0,0,0,0,0,0,0,0,0,0,0,0,0,0,0,0,0,0,0,0,0,2.681,0,0,0,1.171,1.354,2.044,0,0,0,0,0,0,0,0,0,0,0,0,0,0,0,0,0,0,0,0,2.155,0,1.974,0,0,0,0,0,0,0,0,0,2.693,0,0,0,0,0
TI3:bin_000083,0,0,0,0,0,0,0,0,0,0,0,0,0,0,0,0,0,0,0,0,0,0,0,0,0,0,0,0,0,0,0,0,0,0,0,0,0,0,0,0,0,0,0,0,0,0,0,0,0,0,0,0,0,0,0,0,0,0,0,0,0,0,0,0,0,0,0,0,0,0,0,0,0,0,0,0,0,0,0,0,0,0,0,0
TI3:bin_000094,4.863,12.394,0,8.364,10.278,12.207,2.437,3.101,0,0,4.785,10.008,3.353,1.957,9.535,10.992,7.002,0,3.286,16.588,10.023,4.807,54.481,3.692,3.894,1.293,2.579,0,5.477,0,2.395,0,5.128,16.135,16.092,3.13,5.948,3.039,10.17,15.004,9.607,0,3.81,7.738,3.966,10.682,13.94,13.965,10.936,4.791,0,27.8,3.133,7.726,2.381,14.814,20.193,0,5.39,10.016,8.073,11.623,0,0,1.501,2.582,9.643,0,5.594,1.474,12.459,19.738,0,24.566,0,5.8,0,19.007,24.231,9.783,8.385,2.936,1.774,0
TI3:bin_000100,0,48.52,0,0,0,0,0,1.342,0,0,0,0,0,0,0,0,0,0,0,2.984,0,0,0,0,0,0,0,0,0,0,0,0,0,0,0,0,0,0,0,0,0,0,0,0,0,0,0,0,0,0,0,11.385,0,0,0,4.389,0,0,0,0,0,0,0,0,0,0,0,0,11.707,0,0,0,0,0,0,0,0,0,0,0,0,0,0,0
TI3:bin_000101,0,0,0,0,0,0,0,0,0,0,0,0,0,0,0,0,0,0,0,0,0,0,0,0,0,0,0,0,0,0,0,0,0,0,0,0,0,0,0,0,0,0,0,0,0,0,0,0,0,0,0,0,0,0,0,0,0,0,0,0,0,0,0,0,0,0,0,0,0,0,0,0,0,0,0,0,0,0,0,0,0,0,0,0
TI3:bin_000102,0,0,0,0,0,0,0,0,0,0,0,0,0,0,0,0,0,0,0,0,0,0,0,0,0,0,0,0,0,0,0,0,0,0,0,0,0,0,0,0,0,0,0,0,0,0,0,0,0,0,0,0,0,0,0,0,0,0,0,0,0,0,0,0,0,0,0,0,0,0,0,0,0,0,0,0,0,0,0,0,0,0,0,0
TI3:bin_000106,0,0,0,0,0,0,0,0,0,0,0,0,0,0,0,0,0,0,0,0,0,0,0,0,0,0,0,0,0,0,0,0,0,0,0,0,0,0,0,0,0,0,0,0,0,0,0,0,0,0,0,0,0,0,0,0,0,0,0,0,0,0,0,0,0,0,0,0,0,0,0,0,0,0,0,0,0,0,0,0,0,0,0,0
TI3:bin_000118,0,18.737,0,2.366,6.702,6.638,1.782,0,0,0,2.141,0,0,0,3.416,4.202,3.758,0,3.103,8.752,4.618,10.442,6.716,4.012,2.142,0,5.336,0,1.89,0,2.948,0,9.101,5.442,6.92,8.773,4.754,0,17.849,10.331,0,0,3.772,2.974,4.802,10.362,2.782,6.4,0,3.538,0,14.012,1.288,6.134,0,6.065,12.517,0,1.52,2.23,6.756,9.241,0,0,3.26,0,7.41,0,5,3.105,3.39,12.88,0,13.578,0,3.324,0,12.815,8.415,7.822,0,2.932,0,0
TI3:bin_000133,0,0,0,0,0,0,0,0,0,0,0,0,0,0,0,0,0,0,0,0,0,0,0,0,0,0,0,0,0,0,0,0,0,0,0,0,0,0,0,0,0,0,0,0,0,0,0,0,0,0,0,0,0,0,0,0,0,0,0,0,0,0,0,0,0,0,0,0,0,0,0,0,0,0,0,0,0,0,0,0,0,0,0,0
TI3:bin_000144,0,0,0,0,0,0,0,0,0,0,0,0,0,0,0,0,0,0,0,0,0,0,0,0,0,0,0,0,0,0,0,0,0,0,0,0,0,0,0,0,0,0,0,0,0,0,0,0,0,0,0,0,0,0,0,0,0,0,0,0,0,0,0,0,0,0,0,0,0,0,0,0,0,0,0,0,0,0,0,0,0,0,0,0
TI3:bin_000148,0,0,0,0,0,0,0,0,0,0,0,0,0,0,0,0,0,0,0,0,0,0,0,0,0,0,0,0,0,0,0,0,0,0,0,0,0,0,0,0,0,0,0,0,0,0,0,0,0,0,0,0,0,0,0,0,0,0,0,0,0,0,0,0,0,0,0,0,0,0,0,0,0,0,0,0,0,0,0,0,0,0,0,0
TI3:bin_000161,0,0,0,0,0,0,0,0,0,0,0,2.622,0,0,0,0,1.303,0,0,0,0,0,3.569,3.373,0,0,0,0,0,0,0,0,0,5.529,0,0,0,0,0,0,0,0,0,0,0,0,0,0,0,0,0,3.904,0,0,0,0,0,0,0,0,0,0,0,0,0,0,0,0,0,0,0,0,0,1.997,0,0,0,0,0,0,0,0,0,0
TI3:bin_000165,0,4.741,0,0,0,6.366,0,0,0,0,0,21.66,0,0,0,8.173,0,0,0,4.191,4.326,0,11.369,1.621,0,0,0,0,0,0,0,0,0,10.429,0,3.51,0,0,0,5.515,0,0,1.792,0,1.375,1.977,4.751,1.45,3.321,0,0,2.548,0,0,0,4.938,0,0,0,0,3.68,4.93,0,0,0,0,0,0,2.632,0,6.672,3.125,0,1.451,0,0,0,2.492,8.179,0,0,0,0,0
TI3:bin_000185,0,0,0,0,0,0,0,0,0,0,0,0,0,0,0,0,0,0,0,0,0,0,0,0,0,0,0,0,0,0,0,0,0,0,0,0,0,0,0,0,0,0,0,0,0,0,0,0,0,0,0,0,0,0,0,0,0,0,0,0,0,0,0,0,0,0,0,0,0,0,0,0,0,0,0,0,0,0,0,0,0,0,0,0
TI3:bin_000186,2.014,16.628,0,3.845,4.397,11.498,0,2.136,0,0,1.833,7.96,0,0,7.303,7.56,3.714,0,2.377,14.428,10.789,14.709,19.149,5.173,2.414,1.431,0,0,4.783,0,3.957,0,5.743,19.233,5.197,10.78,12.584,0,6.506,17.589,5.36,0,10.01,3.628,11.558,15.918,4.758,8.996,16.253,2.763,0,10.458,2.885,3.594,0,11.417,7.605,0,4.784,2.138,11.149,12.574,0,0,6.775,1.21,11.318,3.096,12.86,3.671,22.814,20.559,0,8.175,5.632,7.672,0,7.871,29.633,2.441,2.47,3.606,0,0
TI3:bin_000195,1.628,4.028,0,1.954,6.057,3.829,0,1.643,0,0,1.364,5.692,0,0,9.021,3.053,2.98,0,2.749,4.154,2.089,2.543,32.073,5.991,1.733,0,0,0,1.441,0,1.821,0,0,4.539,0,3.628,0,0,9.782,3.191,1.831,0,0,0,0,3.892,2.268,1.891,0,1.276,0,12.896,0,3.106,0,3.323,5.335,0,0,0,3.426,0,0,0,0,0,2.146,0,2.864,1.162,5.71,5.274,0,3.603,0,2.355,0,9.285,3.871,2.557,2.066,1.343,0,0
TI3:bin_000196,0,0,0,0,0,0,0,0,0,0,0,0,0,0,0,0,0,0,0,0,0,0,0,0,0,0,0,0,0,0,0,0,0,0,0,0,0,0,0,0,0,0,0,0,0,0,0,0,0,0,0,0,0,0,0,0,0,0,0,0,0,0,0,0,0,0,0,0,0,0,0,0,0,0,0,0,0,0,0,0,0,0,0,0
TI3:bin_000211,0,0,0,0,0,0,0,0,0,0,0,0,0,0,0,0,0,0,0,0,0,0,0,0,0,0,0,0,0,0,0,0,0,0,0,0,0,0,0,0,0,0,0,0,0,0,0,0,0,0,0,0,0,0,0,0,0,0,0,0,0,0,0,0,0,0,0,0,0,0,0,0,0,0,0,0,0,0,0,0,0,0,0,0
TI3:bin_000220,0,4.057,0,2.525,4.414,7.022,0,0,0,0,1.375,2.97,0,0,3.815,3.239,1.978,0,0,6.565,3.647,7.073,8.656,2.741,1.27,0,0,0,2.16,0,2.873,0,2.374,5.916,2.376,4.021,3.377,0,3.57,7.553,2.556,0,3.075,1.759,5.966,5.565,3.156,6.229,5.693,1.889,0,4.559,0,2.314,0,6.583,3.903,0,2.184,0,5.376,4.751,0,0,2.928,0,5.235,0,4.111,0,7.279,6.309,0,5.268,2.476,0,0,6.218,7.637,2.096,0,1.351,0,0
TI3:bin_000223,0,0,0,0,0,0,0,0,0,0,0,0,0,0,3.582,0,0,0,0,0,0,3.274,0,0,0,0,0,0,1.917,0,0,0,0,0,0,0,0,0,2.552,3.587,0,0,0,0,0,2.422,2.917,1.892,0,0,0,0,0,0,0,2.739,0,0,0,0,1.481,2.385,0,0,0,0,0,0,1.949,0,0,0,0,1.611,0,0,0,0,2.636,0,0,1.361,0,0
TI3:bin_000229,6.921,23.297,0,10.984,12.049,21.85,2.966,7.39,0,1.983,2.886,12.161,0,0,21.861,7.995,14.899,0,7.806,22.327,9.719,23.129,61.04,19.58,8.284,1.29,5.169,0,12.49,1.306,17.546,0,11.244,27.81,21.534,12.901,5.923,1.484,30.492,21.572,5.835,0,28.217,5.695,4.138,26.17,14.291,14.21,14.767,10.97,1.776,27.726,2.417,11.695,0,25.04,22.853,0,4.226,3.404,18.101,17.884,0,0,3.101,1.738,16.737,2.439,18.943,7.829,25.815,25.757,0,19.127,9.441,14.373,0,15.651,16.963,6.681,6.078,8.992,4.358,0
TI3:bin_000243,0,0,0,0,0,0,0,0,0,0,0,0,0,0,0,0,0,0,0,0,0,0,0,0,0,0,0,0,0,0,0,0,0,0,0,0,0,0,0,0,0,0,0,0,0,0,0,0,0,0,0,0,0,0,0,0,0,0,0,0,0,0,0,0,3.285,0,0,0,0,0,0,0,0,0,0,0,0,0,0,0,0,0,0,0
TI3:bin_000246,0,2.249,0,3.05,2.732,10.458,0,0,0,0,1.723,4.214,0,0,4.778,1.75,1.565,0,0,4.773,3.174,7.049,10.441,2.419,2.071,0,0,0,0,0,1.947,0,1.748,5.977,4.227,2.319,4.849,0,5.648,4.058,2.941,0,0,1.517,2.481,6.168,2.878,3.15,8.566,2.5,0,4.919,1.312,3.61,0,4.246,3.872,0,0,0,2.719,3.303,0,0,1.864,0,5.034,0,2.259,0,5.317,4.744,0,5.532,0,0,0,5.455,6.321,5.218,3.186,0,0,0
TI3:bin_000252,0,0,0,0,0,0,0,0,0,0,0,0,0,0,0,0,0,0,0,0,0,0,0,0,0,0,0,0,0,0,0,0,0,0,0,0,0,0,0,0,0,0,0,0,0,0,0,0,0,0,0,0,0,0,0,0,0,0,0,0,0,0,0,0,0,0,0,0,0,0,0,0,0,0,0,0,0,0,0,0,0,0,0,0
TI3:bin_000266,0,3.246,0,0,0,0,0,0,0,0,0,0,0,0,0,0,0,0,0,4.895,0,2.555,0,0,0,0,0,0,0,0,0,0,1.638,0,0,0,3.753,0,0,4.591,0,0,0,0,0,0,0,0,3.37,0,0,2.54,0,0,0,2.361,0,0,0,0,0,0,0,0,0,0,0,0,0,0,0,3.108,0,0,0,0,0,0,2.689,0,0,0,0,0
TI3:bin_000282,0,0,0,1.408,0,2.782,0,0,0,0,0,0,0,0,3.418,0,0,0,0,0,0,0,3.717,0,0,0,0,0,0,0,0,0,0,0,0,0,0,0,0,2.002,0,0,4.126,0,0,1.191,0,1.776,0,0,0,0,0,2.508,0,0,1.997,0,0,0,1.314,0,0,0,0,0,0,0,0,0,0,0,0,2.439,0,0,0,0,0,0,0,0,0,0
TK1:bin_000004,0,0,0,0,0,0,0,0,0,0,0,0,0,0,0,0,0,0,0,0,0,0,0,0,0,0,0,0,0,0,0,0,0,0,0,0,0,0,0,0,0,0,0,0,0,0,0,0,0,0,0,0,0,0,0,0,0,0,0,0,0,0,0,0,0,0,0,0,0,0,0,0,0,0,0,0,0,0,0,0,0,0,0,0
TK1:bin_000005,0,0,0,0,0,0,0,0,0,0,0,0,0,0,0,0,0,0,0,0,0,0,0,0,0,0,0,0,0,0,0,0,0,0,0,0,0,0,0,0,0,0,0,0,0,1.621,0,0,0,0,0,0,0,0,0,0,0,0,0,0,0,0,0,0,0,0,0,0,0,0,0,0,0,0,0,0,0,0,0,0,0,0,0,0
TK1:bin_000018,0,0,0,0,0,0,0,0,0,0,0,0,0,0,0,0,0,0,0,0,0,0,0,0,0,0,0,0,0,0,0,0,0,0,0,0,0,0,2.184,0,0,0,0,0,0,1.305,0,0,0,0,0,0,0,0,0,0,0,0,0,0,0,0,0,0,0,0,0,0,0,0,0,0,0,0,0,0,0,0,1.901,0,0,0,0,0
TK1:bin_000023,0,0,0,0,0,0,0,0,0,0,0,0,0,0,0,0,0,0,0,0,0,0,0,0,0,0,0,0,0,0,0,0,0,0,0,0,0,0,0,0,0,0,0,0,0,0,0,0,0,0,0,0,0,0,0,0,0,0,0,0,0,0,0,0,0,0,0,0,0,0,0,0,0,0,0,0,0,0,0,0,0,0,0,0
TK1:bin_000025,0,0,0,0,0,0,0,0,0,0,0,0,0,0,0,0,0,0,0,0,0,0,0,0,0,0,0,0,0,0,0,0,0,0,0,0,0,0,0,0,0,0,0,0,0,0,0,0,0,0,0,0,0,0,0,0,0,0,0,0,0,0,0,0,0,0,0,0,0,0,0,0,0,0,0,0,0,0,0,0,0,0,0,0
TK1:bin_000026,0,0,0,0,0,0,0,0,0,0,0,0,0,0,1.44,0,0,0,0,0,0,0,0,0,0,0,0,0,0,0,0,0,0,0,0,0,0,0,0,0,0,0,0,0,0,0,0,0,0,0,0,0,0,0,0,0,0,0,0,0,0,0,0,0,0,0,0,0,0,0,0,0,0,0,0,0,0,0,0,0,0,0,0,0
TK1:bin_000028,6.191,28.225,0,16.357,22.12,38.778,2.206,20.446,0,0,8.72,13.195,0,2.213,26.071,17.218,8.63,1.474,15.806,40.903,15.825,32.356,123.683,35.071,13.012,2.288,10.269,3.335,53.161,0,19.304,0,19.055,30.409,17.788,30.9,7.826,0,33,30.732,9.476,0,57.508,1.74,0,46.469,19.211,17.372,6.847,8.47,2.225,28.507,3.212,22.433,0,31.31,46.331,2.036,14.548,6.434,19.565,38.875,0,0,5.984,1.954,26.06,8.263,52.969,6.738,37.866,15.574,0,20.724,3.508,62.996,0,32.502,21.33,12.874,10.677,12.779,0,0
TK1:bin_000029,0,0,0,0,1.548,0,0,0,0,0,0,0,0,0,1.718,0,0,0,0,2.648,1.858,0,4.68,1.297,0,0,0,0,0,0,1.357,0,0,2.51,0,0,0,0,1.913,1.848,1.024,0,2.015,0,0,2.419,0,1.197,0,1.548,0,0,0,0,0,0,0,0,0,0,1.274,0,0,0,0,0,2.785,0,0,0,0,1.956,0,1.554,0,0,0,0,3.727,0,0,0,0,0
TK1:bin_000036,0,0,0,0,0,0,0,0,0,0,0,0,0,0,0,0,0,0,0,0,0,0,0,0,0,0,0,0,0,0,0,0,0,0,0,0,0,0,0,0,0,0,0,0,0,0,0,0,0,0,0,0,0,0,0,0,0,0,0,0,0,0,0,0,0,0,0,0,0,0,0,0,0,0,0,0,0,0,0,0,0,0,0,0
TK1:bin_000042,0,0,0,0,0,0,0,0,0,0,0,0,0,0,0,0,0,0,0,0,0,0,0,0,0,0,0,0,0,0,0,0,0,0,0,0,0,0,0,0,0,0,0,0,0,0,0,0,0,0,0,0,0,0,0,0,0,0,0,0,0,0,0,0,0,0,0,0,0,0,0,0,0,0,0,0,0,0,0,0,0,0,0,0
TK1:bin_000046,0,0,0,0,0,0,0,0,0,0,0,0,0,0,0,0,0,0,0,0,0,0,0,0,0,0,0,0,0,0,0,0,0,0,0,0,0,0,0,0,0,0,0,0,0,0,0,0,0,0,0,0,0,0,0,0,0,0,0,0,0,0,0,0,0,0,0,0,0,0,0,0,0,0,0,0,0,0,0,0,0,0,0,0
TK1:bin_000058,0,5.327,0,0,2.461,7.274,0,0,0,0,0,0,0,0,2.017,0,1.539,0,0,5.095,8.538,4.368,16.568,5.32,0,0,0,0,0,0,2.939,0,1.379,4.579,0,3.983,4.944,1.396,1.281,9.194,2.824,0,0,0,6.737,6.429,0,4.707,5.869,4.009,0,4.213,1.091,0,0,3.741,3.544,0,2.952,0,5.148,0,0,0,4.1,0,4.667,0,2.508,0,5.817,3.738,0,1.664,0,0,0,0,9.144,0,3.64,2.108,0,0
TK1:bin_000060,0,0,0,0,0,0,0,0,0,0,0,5.116,0,0,0,0,0,0,0,0,0,0,0,0,0,0,0,0,0,0,0,0,0,0,0,0,0,0,0,0,0,0,0,0,0,0,0,0,0,0,0,0,0,0,0,0,0,0,0,0,0,0,0,0,0,0,0,0,0,0,0,0,0,0,0,0,0,0,0,0,0,0,0,0
TK1:bin_000065,0,12.802,0,0,0,3.292,0,0,0,0,0,15.283,0,0,0,0,0,0,0,4.654,1.208,2.923,5.293,1.922,0,0,0,0,0,0,0,0,0,2.251,0,2.098,4.458,0,0,3.897,0,0,0,0,2.502,1.866,0,1.433,6.783,0,0,3.488,0,0,0,6.566,0,0,0,0,2.409,0,0,0,2.04,0,2.199,0,2.671,0,3.895,4.567,0,1.904,0,0,0,2.433,10.423,0,0,0,0,0
TK1:bin_000068,0,0,0,0,0,0,0,0,0,0,0,0,0,0,0,0,0,0,0,0,0,0,0,0,0,0,0,0,0,0,0,0,0,0,0,0,0,0,0,0,0,0,0,0,0,0,0,0,0,0,0,0,0,0,0,0,0,0,0,0,0,0,0,0,0,0,0,0,0,0,0,0,0,0,0,0,0,0,0,0,0,0,0,0
TK1:bin_000070,0,2.29,0,0,3.337,7.098,0,0,0,0,0,180.364,0,0,2.508,6.421,0,0,0,0,87.322,1.976,6.678,1.248,3.028,0,0,0,0,0,2.051,0,0,4.809,5.778,0,0,0,2.543,4.125,0,0,6.039,1.182,4.461,3.913,0,5.102,3.321,1.451,0,4.104,0,0,0,5.203,0,0,0,0,3.823,2.91,0,0,2.306,0,3.042,0,1.295,0,6.517,6,0,3.383,0,0,0,2.374,22.824,0,0,1.497,0,0
TK1:bin_000083,0,2.273,0,2.174,2.939,8.857,0,3.468,0,0,1.244,0,0,0,9.951,2.158,4.894,0,0,2.445,0,2.448,10.977,1.872,1.966,0,0,0,0,0,1.275,0,0,0,0,0,0,0,1.999,3.584,0,0,0,0,1.534,3.569,2.648,3.19,0,1.827,0,5.587,0,2.858,0,2.899,6.064,0,1.608,0,4.23,4.132,0,0,1.899,0,2.582,0,1.552,0,4.536,0,0,4.617,0,0,0,5.114,1.362,0,2.541,1.354,0,0
TK1:bin_000087,1.793,2.264,0,0,1.616,0,0,0,0,0,0,0,0,0,1.754,0,0,0,0,2.291,0,0,2.944,0,0,0,0,0,0,0,0,0,1.345,3.963,0,3.706,0,0,0,2.027,0,0,0,0,0,0,0,1.793,3.428,0,0,0,0,0,0,3.234,4.76,0,0,0,0,0,0,0,0,0,0,0,1.819,1.529,0,0,0,0,0,0,0,4.167,0,0,2.482,1.565,0,0
TK1:bin_000090,0,0,0,0,0,0,0,0,0,0,0,5.874,0,0,0,4.23,0,0,0,0,2.178,0,0,0,0,0,0,0,0,0,0,0,0,0,0,0,0,0,0,0,0,0,0,0,0,0,0,0,0,0,0,0,0,0,0,0,0,0,0,0,0,0,0,0,0,0,0,0,0,0,0,0,0,0,0,0,0,0,33.038,0,0,0,0,0
TK1:bin_000093,0,2.795,0,0,0,0,0,0,0,0,0,0,0,0,0,0,0,0,0,0,0,0,0,0,0,0,0,0,0,0,0,0,0,0,0,0,0,0,0,0,0,0,0,0,0,0,0,0,0,0,0,0,0,0,0,3.723,0,0,0,0,0,0,0,0,0,0,0,0,0,0,0,0,0,0,0,0,0,0,0,0,0,0,0,0
TK1:bin_000094,0,0,0,0,0,0,0,0,0,0,0,0,0,0,0,0,0,0,0,0,0,0,0,0,0,0,0,0,0,0,0,0,0,0,0,0,0,0,0,0,0,0,0,0,0,0,0,0,0,0,0,0,0,0,0,0,0,0,0,0,0,0,0,0,0,0,0,0,0,0,0,0,0,0,0,0,0,0,0,0,0,0,0,0
TK1:bin_000097,0,0,0,0,0,0,0,0,0,0,0,0,0,0,0,0,0,0,0,0,0,0,0,0,0,0,0,0,0,0,0,0,0,0,0,0,0,0,0,0,0,0,0,0,0,0,0,0,0,0,0,0,0,0,0,0,0,0,0,0,0,0,0,0,0,0,0,0,0,0,0,0,0,0,0,0,0,0,0,0,0,0,0,0
TK1:bin_000100,0,3.436,0,0,0,0,0,0,0,0,0,3.089,0,0,0,0,0,0,0,0,4.276,0,0,0,0,0,0,0,0,0,0,0,0,0,0,0,0,0,0,2.394,0,0,0,0,0,0,0,0,0,0,0,0,0,0,0,0,0,0,0,0,0,0,0,0,0,0,0,0,0,0,0,0,0,0,0,0,0,0,0,0,0,0,0,0
TK1:bin_000101,0,0,0,0,0,0,0,0,0,0,0,0,0,0,0,0,0,0,0,0,0,0,0,0,0,0,0,0,0,0,0,0,0,0,0,0,0,0,0,0,0,0,0,0,0,0,0,0,0,0,0,0,0,0,0,0,0,0,0,0,0,0,0,0,0,0,0,0,0,0,0,0,0,0,0,0,0,0,0,0,0,0,0,0
TK1:bin_000104,0,0,0,0,0,0,0,0,0,0,0,0,0,0,1.393,0,0,0,0,0,0,0,0,0,0,0,0,0,0,0,0,0,0,0,0,0,0,0,1.635,0,0,0,0,0,0,0,0,0,0,0,0,0,0,0,0,0,0,0,0,0,0,0,0,0,0,0,0,0,0,0,0,0,0,0,0,0,0,0,1.669,0,0,0,0,0
TK1:bin_000107,0,0,0,0,0,0,0,0,0,0,0,0,0,0,0,0,0,0,0,0,0,0,0,0,0,0,0,0,0,0,0,0,0,0,0,0,0,0,0,0,0,0,0,0,0,0,0,0,0,0,0,0,0,0,0,0,0,0,0,0,0,0,0,0,0,0,0,0,0,0,0,0,0,0,0,0,0,0,0,0,0,0,0,0
TK1:bin_000115,0,0,0,0,0,0,0,0,0,0,0,0,0,0,0,0,0,0,0,0,0,0,0,0,0,0,0,0,0,0,0,0,0,0,0,0,0,0,0,0,0,0,0,0,0,0,0,0,0,0,0,0,0,0,0,0,0,0,0,0,0,0,0,0,0,0,0,0,0,0,0,0,0,0,0,0,0,0,0,0,0,0,0,0
TK1:bin_000116,0,0,0,0,0,12.717,0,0,0,0,1.221,0,0,0,0,2.297,0,0,0,0,3.122,3.691,6.93,2.056,0,0,2.049,0,0,0,2.301,0,1.219,10.606,0,3.871,5.101,0,2.057,17.208,2.265,0,0,1.147,4.907,3.473,2.413,2.586,16.031,0,0,0,1.199,0,0,2.335,0,0,0,0,2.532,6.28,0,0,4.883,0,3.588,0,2.414,1.285,3.947,6.606,0,0,0,0,0,2.63,9.918,0,0,2.512,0,0
TK1:bin_000118,0,0,0,0,0,0,0,0,0,0,0,0,0,0,0,0,0,0,0,0,0,0,0,0,0,0,0,0,0,0,0,0,0,0,0,0,0,0,0,0,0,0,0,0,0,0,0,0,0,0,0,0,0,0,0,0,0,0,0,0,0,0,0,0,0,0,0,0,0,0,0,0,0,0,0,0,0,0,0,0,0,0,0,0
TK1:bin_000123,0,0,0,0,0,2.347,0,0,0,0,0,0,0,0,2.055,0,0,0,0,2.291,0,0,2.357,0,0,0,0,0,0,0,1.241,0,0,0,0,0,0,0,1.375,1.518,0,0,0,0,0,2.073,0,0,0,0,0,2.562,0,3.041,0,0,0,0,0,0,0,0,0,0,0,0,0,0,0,0,2.872,0,0,0,0,0,0,0,0,0,0,0,0,0
TK1:bin_000125,0,0,0,0,0,0,0,0,0,0,0,0,0,0,0,0,0,0,0,0,0,0,0,0,0,0,0,0,0,0,0,0,0,0,0,0,0,0,0,0,0,0,0,0,0,0,0,0,0,0,0,0,0,0,0,0,0,0,0,0,0,0,0,0,0,0,0,0,0,0,0,0,0,0,0,0,0,0,0,0,0,0,0,0
TK1:bin_000131,0,0,0,0,1.887,0,0,0,0,0,0,0,0,0,4.336,0,0,0,0,2.844,0,0,6.837,0,0,0,0,0,0,0,1.393,0,0,0,0,0,0,0,1.339,1.784,1.34,0,0,0,0,1.855,0,1.232,0,1.351,0,0,0,1.998,0,1.91,2.336,0,0,0,2.251,0,0,0,0,0,0,0,0,0,0,0,0,2.509,0,0,0,0,2.068,0,0,1.425,0,0
TK1:bin_000133,0,2.831,0,1.591,0,4.299,0,4.047,0,0,0,0,0,0,6.177,2.208,0,0,2.252,2.602,1.147,3.591,11.722,2.006,0,0,0,0,0,0,3.474,0,0,6.82,0,7.875,0,0,4.043,3.444,1.851,0,3.01,0,0,1.797,0,0,0,0,0,0,0,0,0,1.888,7.584,0,1.131,0,0,0,0,0,0,0,0,0,1.356,0,7.51,3.018,0,0,0,0,0,1.802,0,0,0,2.362,0,0
TK1:bin_000138,0,0,0,0,0,0,0,0,0,0,0,0,0,0,0,0,0,0,0,0,0,0,0,0,0,0,0,0,0,0,0,0,0,0,0,0,0,0,0,0,0,0,0,0,0,0,0,0,0,0,0,0,0,0,0,0,0,0,0,0,0,0,0,0,0,0,0,0,0,0,0,0,0,0,0,0,0,0,0,0,0,0,0,0
TK1:bin_000139,0,0,0,0,0,0,0,0,0,0,0,0,0,0,0,0,0,0,0,0,0,0,0,0,0,0,0,0,0,0,0,0,0,0,0,0,0,0,0,0,0,0,0,0,0,0,0,0,0,0,0,0,0,0,0,0,0,0,0,0,0,0,0,0,0,0,0,0,0,0,0,0,0,0,0,0,0,0,0,0,0,0,0,0
TK1:bin_000145,0,0,0,0,0,0,0,0,0,0,0,0,0,0,0,0,0,0,0,0,0,0,0,0,0,0,0,0,0,0,0,0,0,0,0,0,0,0,0,0,0,0,0,0,0,0,0,0,0,0,0,0,0,0,0,0,0,0,0,0,0,0,0,0,0,0,0,0,0,0,0,0,0,0,0,0,0,0,0,0,0,0,0,0
TK1:bin_000149,0,0,0,0,0,0,0,0,0,0,0,0,0,0,0,0,0,0,0,0,0,0,0,0,0,0,0,0,0,0,0,0,0,0,0,0,0,0,0,0,0,0,0,0,0,0,0,0,0,0,0,0,0,0,0,0,0,0,0,0,0,0,0,0,0,0,0,0,0,0,0,0,0,0,0,0,0,0,0,0,0,0,0,0
TK1:bin_000151,0,0,0,0,0,0,0,0,0,0,0,0,0,0,0,0,0,0,0,0,0,0,0,0,0,0,0,0,0,0,0,0,0,0,0,0,0,0,0,0,0,0,0,0,0,0,0,0,0,0,0,0,0,0,0,0,0,0,0,0,0,0,0,0,0,0,0,0,0,0,0,0,0,0,0,0,0,0,0,0,0,0,0,0
TK1:bin_000153,0,0,0,0,0,0,0,0,0,0,0,0,0,0,0,0,0,0,0,0,0,0,0,0,0,0,0,0,0,0,0,0,0,0,0,0,0,0,0,0,0,0,0,0,0,0,0,0,0,0,0,0,0,0,0,0,0,0,0,0,0,0,0,0,0,0,0,0,0,0,0,0,0,0,0,0,0,0,0,0,0,0,0,0
TK1:bin_000156,0,0,0,0,0,0,0,0,0,0,0,0,0,0,0,0,0,0,0,0,0,0,0,0,0,0,0,0,0,0,0,0,0,0,0,0,0,0,0,0,0,0,0,0,0,5.402,0,0,0,0,0,0,0,0,0,0,0,0,0,0,0,0,0,0,0,0,0,0,0,0,0,0,0,0,0,0,0,0,0,0,0,0,0,0
TK1:bin_000158,0,0,0,0,0,0,0,0,0,0,0,0,0,0,0,0,0,0,0,0,0,0,0,0,0,0,0,0,0,0,0,0,0,0,0,0,0,0,0,0,0,0,0,0,0,0,0,0,0,0,0,0,0,0,0,0,0,0,0,0,0,0,0,0,0,0,0,0,0,0,0,0,0,0,0,0,0,0,0,0,0,0,0,0
TK1:bin_000164,4.058,8.217,0,4.589,6.834,21.232,0,1.451,0,0,2.696,14.601,0,0,9.499,3.909,10.087,0,2.713,7.353,5.697,10.937,86.571,13.32,7.876,0,7.303,0,9.171,0,13.632,0,1.655,24.113,15.857,5.765,1.752,0,6.089,7.84,1.805,0,9.337,4.442,0,6.859,4.407,9.215,7.529,2.101,0,10.725,1.309,12.596,0,25.604,13.828,0,1.742,0,21.013,13.388,0,0,0,1.837,11.722,0,14.26,3.045,7.233,24.41,0,8.574,5.233,15.837,0,6.536,8.776,5.831,7.582,6.01,1.918,0
TK1:bin_000166,7.977,36.623,0,11.328,15.555,25.744,3.325,11.771,0,5.489,3.81,10.085,0,0,45.432,10.166,14.7,0,15.076,41.239,8.321,33.014,72.966,18.893,11.147,1.629,10.688,0,12.471,1.547,10.997,0,16.313,27.643,10.56,23.374,5.704,0,59.542,23.171,9.013,0,24.539,3.81,2.21,38.909,22.057,16.95,11.681,11.267,0,24.655,2.06,21.148,0,15.021,60.138,0,8.953,7.327,16.165,19.864,0,0,3.871,1.662,17.82,0,25.006,8.298,34.929,15.321,2.026,22.789,16.683,33.814,0,19.731,15.735,15.749,13.499,6.196,2.32,0
TK1:bin_000167,0,0,0,0,0,0,0,0,0,0,0,0,0,0,0,0,0,0,0,0,0,0,0,0,0,0,0,0,0,0,0,0,0,0,0,0,0,0,0,0,0,0,0,0,0,0,0,0,0,0,0,0,0,0,0,0,0,0,0,0,0,0,0,0,0,0,0,0,0,0,0,0,0,0,0,0,0,0,0,0,0,0,0,0
TK1:bin_000175,0,0,0,0,0,0,0,0,0,0,0,0,0,0,0,0,0,0,0,0,0,0,0,0,0,0,0,0,0,0,0,0,0,0,0,0,0,0,0,0,0,0,0,0,0,0,0,0,0,0,0,0,0,0,0,0,0,0,0,0,0,0,0,0,0,0,0,0,0,0,0,0,0,0,0,0,0,0,0,0,0,0,0,0
TK1:bin_000178,0,0,0,0,0,0,0,0,0,0,0,0,0,0,0,0,0,0,0,0,0,0,0,0,0,0,0,0,0,0,0,0,0,0,0,0,0,0,0,0,0,0,0,0,0,0,0,0,0,0,0,0,0,0,0,0,0,0,0,0,0,0,0,0,0,0,0,0,0,0,0,0,0,0,0,0,0,0,0,0,0,0,0,0
TK1:bin_000182,0,0,0,0,0,0,0,0,0,0,0,0,0,0,0,0,0,0,0,0,0,0,0,0,0,0,0,0,0,0,0,0,0,0,0,0,0,0,0,0,0,0,0,0,0,0,0,0,0,0,0,0,0,0,0,0,0,0,0,0,0,0,0,0,0,0,0,0,0,0,0,0,0,0,0,0,0,0,0,0,0,0,0,0
TK1:bin_000184,0,0,0,0,0,0,0,0,0,0,0,0,0,0,0,0,0,0,0,0,0,0,0,0,0,0,0,0,0,0,0,0,0,0,0,0,0,0,0,0,0,0,0,0,0,0,0,0,0,0,0,0,0,0,0,0,0,0,0,0,0,0,0,0,0,0,0,0,0,0,0,0,0,0,0,0,0,0,0,0,0,0,0,0
TK1:bin_000185,0,1.734,0,1.371,1.901,8.015,0.937,1.581,0,0,0,0,0,0,2.758,1.865,1.161,0,0,3.226,0,0,5.926,0,0,0,0,0,1.284,0,1.288,0,0,0,0,0,1.902,0,2.712,2.324,1.253,0,0,1.512,2.596,4.113,0,2.354,0,2.168,0,5.544,0,3.235,0,3.14,2.957,0,2.405,0,2.221,2.544,0,0,1.831,0,4.861,0,0,0,4.05,0,0,1.598,0,0,0,2.448,2.992,0,2.253,0,0,0
TK1:bin_000187,0,0,0,0,0,0,0,0,0,0,0,0,0,0,0,0,0,0,0,0,0,0,0,0,0,0,0,0,0,0,0,0,0,0,0,0,0,0,0,0,0,0,0,0,0,0,0,0,0,0,0,0,0,0,0,0,0,0,0,0,0,0,0,0,0,0,0,0,0,0,0,0,0,0,0,0,0,0,0,0,0,0,0,0
TK1:bin_000193,0,6.575,0,1.849,3.025,7.165,0,0,0,0,1.118,2.256,0,0,1.821,2.474,1.943,0,0,6.321,3.09,9.591,7.784,2.488,0,0,0,0,1.549,0,2.622,0,0,4.43,0,4.006,5.399,0,2.575,8.523,1.666,0,6.919,1.898,7.573,7.747,0,4.797,9.84,1.852,0,3.108,0,2.631,0,5.38,3.937,0,1.802,0,3.579,4.929,0,0,2.797,0,6.173,0,3.028,1.911,3.934,6.611,0,3.888,1.886,0,0,4.676,15.557,0,0,1.62,0,0
TK1:bin_000199,0,0,0,0,0,0,0,0,0,0,0,0,0,0,0,0,0,0,0,0,0,0,0,0,0,0,0,0,0,0,0,0,0,0,0,0,0,0,0,0,0,0,0,0,0,0,0,0,0,0,0,0,0,0,0,0,0,0,0,0,0,0,0,0,0,0,0,0,0,0,0,0,0,0,0,0,0,0,0,0,0,0,0,0
TK1:bin_000202,0,0,0,0,0,0,0,0,0,0,0,0,0,0,0,0,0,0,0,0,0,0,0,0,0,0,0,0,0,0,0,0,0,0,0,0,0,0,0,0,0,0,0,0,0,0,0,0,0,0,0,0,0,0,0,0,0,0,0,0,0,0,0,0,0,0,0,0,0,0,0,0,0,0,0,0,0,0,0,0,0,0,0,0
TK1:bin_000203,0,0,0,0,0,0,0,0,0,0,0,0,0,0,0,0,0,0,0,0,0,0,0,0,0,0,0,0,0,0,0,0,0,0,0,0,0,0,0,1.325,0,0,0,0,0,0,0,0,0,0,0,0,0,0,0,0,0,0,0,0,0,0,0,0,0,0,0,0,0,0,0,0,0,0,0,0,0,0,0,0,0,0,0,0
TK1:bin_000206,0,0,0,0,0,0,0,0,0,0,0,0,0,0,0,0,0,0,0,0,0,0,0,0,0,0,0,0,0,0,0,0,0,0,0,0,0,0,0,0,0,0,0,0,0,0,0,0,0,0,0,0,0,0,0,0,0,0,0,0,0,0,0,0,0,0,0,0,0,0,0,0,0,0,0,0,0,0,0,0,0,0,0,0
TK1:bin_000211,0,0,0,0,0,0,0,0,0,0,0,0,0,0,0,0,0,0,0,0,0,0,0,0,0,0,0,0,0,0,0,0,0,0,0,0,0,0,0,0,0,0,0,0,0,0,0,0,0,0,0,0,0,0,0,0,0,0,0,0,0,0,0,0,0,0,0,0,0,0,0,0,0,0,0,0,0,0,0,0,0,0,0,0
TK1:bin_000215,0,0,0,0,0,0,0,0,0,0,0,0,0,0,0,0,0,0,0,0,0,0,0,0,0,0,0,0,0,0,0,0,0,0,0,0,0,0,0,0,0,0,0,0,0,0,0,0,0,0,0,0,0,0,0,0,0,0,0,0,0,0,0,0,0,0,0,0,0,0,0,0,0,0,0,0,0,0,0,0,0,0,0,0
TK1:bin_000224,0,0,0,0,0,0,0,0,0,0,0,0,0,0,0,0,0,0,0,0,0,0,0,0,0,0,0,0,0,0,0,0,0,0,0,0,0,0,0,0,0,0,0,0,0,0,0,0,0,0,0,0,0,0,0,0,0,0,0,0,0,0,0,0,0,0,0,0,0,0,0,0,0,0,0,0,0,0,1.342,0,0,0,0,0
TK1:bin_000254,0,1.372,0,0,0,0,0,0,0,0,0,0,0,0,0,0,0,0,0,0,0,2.368,0,0,0,0,0,0,0,0,0,0,0,0,0,0,0,0,0,0,0,0,0,0,0,2.264,0,0,0,0,0,0,0,0,0,0,0,0,0,0,0,0,0,0,0,0,0,0,0,0,0,0,0,0,0,0,0,0,0,0,0,0,0,0
TK1:bin_000262,0,0,0,0,0,0,0,0,0,0,0,0,0,0,0,0,0,0,0,0,0,0,0,0,0,0,0,0,0,0,0,0,0,0,0,0,0,0,0,0,0,0,0,0,0,0,0,0,0,0,0,0,0,0,0,0,0,0,0,0,0,0,0,0,0,0,0,0,0,0,0,0,0,0,0,0,0,0,0,0,0,0,0,0
TK1:bin_000264,0,0,0,0,0,0,0,0,0,0,0,0,0,0,0,0,0,0,0,0,0,0,0,0,0,0,0,0,0,0,0,0,0,0,0,0,0,0,0,0,0,0,0,0,0,0,0,0,0,0,0,0,0,0,0,0,0,0,0,0,0,0,0,0,0,0,0,0,0,0,0,0,0,0,0,0,0,0,0,0,0,0,0,0
TK1:bin_000265,0,0,0,0,0,0,0,0,0,0,0,0,0,0,0,0,0,0,0,0,0,0,0,0,0,0,0,0,0,0,0,0,0,0,0,0,0,0,0,0,0,0,0,0,0,0,0,0,0,0,0,0,0,0,0,0,0,0,0,0,0,0,0,0,0,0,0,0,0,0,0,0,0,0,0,0,0,0,3.085,0,0,0,0,0
TK1:bin_000267,0,0,0,0,0,0,0,0,0,0,0,0,0,0,0,0,0,0,0,0,0,0,0,0,0,0,0,0,0,0,0,0,0,0,0,0,0,0,0,0,0,0,0,0,0,0,0,0,0,0,0,0,0,0,0,0,0,0,0,0,0,0,0,0,0,0,0,0,0,0,0,0,0,0,0,0,0,0,0,0,0,0,0,0
TK1:bin_000279,0,0,0,0,0,0,0,0,0,0,0,0,0,0,0,0,0,0,0,0,0,0,0,0,0,0,0,0,0,0,0,0,0,0,0,0,0,0,0,0,0,0,0,0,0,0,0,0,0,0,0,0,0,0,0,0,0,0,0,0,0,0,0,0,0,0,0,0,0,0,0,0,0,0,0,0,0,0,0,0,0,0,0,0
TK1:bin_000284,0,0,0,0,0,2.614,0,0,0,0,0,0,0,0,1.701,0,0,0,0,0,0,0,3.221,0,0,0,0,0,1.828,0,0,0,0,0,0,0,0,0,0,1.381,0,0,0,0,1.308,2.379,0,1.405,2.299,0,0,0,0,0,0,2.967,0,0,0,0,2.038,0,0,0,0,0,2.66,0,0,0,0,2.566,0,0,0,0,0,2.826,3.356,0,0,0,0,0
TK1:bin_000285,0,0,0,0,0,0,0,0,0,0,0,0,0,0,0,0,0,0,0,0,0,0,0,0,0,0,0,0,0,0,0,0,0,0,0,0,0,0,0,0,0,0,0,0,0,0,0,0,0,0,0,0,0,0,0,0,0,0,0,0,0,0,0,0,0,0,0,0,0,0,0,0,0,0,0,0,0,0,0,0,0,0,0,0
TK1:bin_000300,0,0,0,0,0,0,0,0,0,0,0,0,0,0,0,0,0,0,0,0,0,0,0,0,0,0,0,0,0,0,0,0,0,0,0,0,0,0,0,0,0,0,0,0,0,0,0,0,0,0,0,0,0,0,0,0,0,0,0,0,0,0,0,0,0,0,0,0,0,0,0,0,0,0,0,0,0,0,0,0,0,0,0,0
TK1:bin_000303,0,8.501,2.591,3.37,3.755,18.859,0.968,2.476,0,0,2.663,9.561,0,0,5.657,4.553,2.416,0,4.237,6.639,8.541,11.802,33.91,6.361,4.794,0,3.076,2.112,4.328,0,6.743,0,4.149,14.006,5.938,7.331,10.759,0,16.097,11.253,5.864,0,2.428,3.591,8.199,20.086,3.577,6.088,19.596,3.962,0,15.138,1.769,4.359,1.245,9.173,4.846,0,2.958,2.642,11.768,5.858,0,0,6.31,0,11.475,0,8.651,2.453,9.577,11.992,0,11.561,2.722,3.701,0,13.054,17.876,5.723,8.374,5.334,0,0
TK1:bin_000337,0,0,0,0,0,0,0,0,0,0,0,0,0,0,0,0,0,0,0,0,0,0,0,0,0,0,0,0,0,0,0,0,0,0,0,0,0,0,0,0,0,0,0,0,0,0,0,0,0,0,0,0,0,0,0,0,0,0,0,0,0,0,0,0,0,0,0,0,0,0,0,0,0,1.761,0,0,0,0,0,0,0,0,0,0
TK1:bin_000347,0,2.732,0,1.581,2.787,4.596,0,0,0,0,0,0,0,0,2.529,2.066,0,0,0,4.005,2.572,4.633,5.037,1.621,0,0,0,0,0,0,2.085,0,0,3.718,0,2.761,2.234,0,2.289,5.25,1.67,0,0,1.246,3.9,3.651,2.308,4.082,4,0,0,2.858,0,0,0,4.131,2.339,0,0,0,3.369,2.926,0,0,1.901,0,3.266,0,2.689,0,4.63,4.324,0,3.32,0,0,0,4.276,5.328,0,0,0,0,0
TK3:bin_000001,0,0,0,0,0,0,0,0,0,0,0,0,0,0,0,3.381,0,0,0,0,0,0,1.955,0,0,0,0,0,0,0,0,0,0,0,0,0,0,0,0,0,0,0,0,0,0,1.85,0,0,0,0,0,0,0,0,0,0,0,0,0,0,0,0,0,0,0,0,0,0,0,0,0,0,0,0,0,0,0,0,0,0,0,0,0,0
TK3:bin_000003,0,0,0,0,0,0,0,0,0,0,0,0,0,0,0,0,0,0,0,0,0,0,0,0,0,0,0,0,0,0,0,0,0,0,0,0,0,0,0,0,0,0,0,0,0,0,0,0,0,0,0,0,0,0,0,0,0,0,0,0,0,0,0,0,0,0,0,0,0,0,0,0,0,0,0,0,0,0,0,0,0,0,0,0
TK3:bin_000005,0,2.164,0,0,0,2.33,0,1.462,0,0,0,0,0,0,1.199,0,0,0,0,0,0,3.609,5.144,0,0,0,0,0,0,0,0,0,1.7,0,0,2.283,0,0,1.82,1.261,0,0,0,1.505,0,4.461,0,1.524,0,0,0,0,0,0,0,1.925,0,0,1.486,0,2.708,0,0,0,1.429,0,0,0,4.936,8.388,0,0,0,2.552,0,0,0,2.112,4.875,0,0,0,0,0
TK3:bin_000018,0,0,0,0,0,0,0,0,0,0,0,0,0,0,0,0,0,0,0,0,0,0,0,0,0,0,0,0,0,0,0,0,0,0,0,0,0,0,0,0,0,0,0,0,0,1.796,0,0,0,0,0,0,0,0,0,0,0,0,0,0,0,0,0,0,0,0,0,0,0,0,0,2.688,0,0,0,0,0,0,0,0,0,0,0,0
TK3:bin_000019,0,0,0,0,0,0,0,0,0,0,0,8.634,0,0,0,5.515,0,0,0,0,5.832,0,0,0,0,0,0,0,0,0,0,0,0,0,0,0,0,0,0,0,0,0,0,0,1.261,0,0,0,0,0,0,0,0,0,0,0,0,0,0,0,0,0,0,0,0,0,0,0,0,0,0,0,0,0,0,0,0,0,12.746,0,0,0,0,0
TK3:bin_000021,0,0,0,0,0,0,0,0,0,0,0,0,0,0,0,0,0,0,0,0,0,0,0,0,0,0,0,0,0,0,0,0,0,0,0,0,0,0,0,1.308,0,0,0,0,0,1.285,0,0,0,0,0,0,0,0,0,0,0,0,0,0,0,0,0,0,0,0,0,0,0,0,0,0,0,0,0,0,0,0,2.787,0,0,0,0,0
TK3:bin_000024,0,0,0,0,0,0,0,0,0,0,0,0,0,0,0,0,0,0,0,0,0,0,0,0,0,0,0,0,0,0,0,0,0,0,0,0,0,0,0,0,0,0,0,0,0,0,0,0,0,0,0,0,0,0,0,0,0,0,0,0,0,0,0,0,0,0,0,0,0,0,0,0,0,0,0,0,0,0,0,0,0,0,0,0
TK3:bin_000026,0,0,0,0,0,0,0,0,0,0,0,0,0,0,0,0,0,0,0,0,0,0,0,0,0,0,0,0,0,0,0,0,0,0,0,0,0,0,0,0,0,0,0,0,0,0,0,0,0,0,0,0,0,0,0,0,0,0,0,0,0,0,0,0,0,0,0,0,0,0,0,0,0,0,0,0,0,0,0,0,0,0,0,0
TK3:bin_000028,0,0,0,0,0,0,0,0,0,0,0,0,0,0,0,0,0,0,0,0,0,0,0,0,0,0,0,0,0,0,0,0,0,0,0,0,0,0,0,0,0,0,0,0,0,0,0,0,0,0,0,0,0,0,0,0,0,0,0,0,0,0,0,0,0,0,0,0,0,0,0,0,0,0,0,0,0,0,0,0,0,0,0,0
TK3:bin_000031,0,1.638,0,0,1.297,0,0,0,0,0,0,0,0,0,1.889,0,0,0,0,0,0,0,0,0,0,0,0,0,0,0,0,0,0,0,0,0,0,0,0,1.715,0,0,0,0,0,1.176,0,1.086,0,0,0,0,0,0,0,0,0,0,1.564,0,0,0,0,0,0,0,0,0,0,0,0,0,0,0,0,0,0,1.758,1.584,0,0,0,0,0
TK3:bin_000036,0,0,0,0,0,0,0,0,0,0,0,0,0,0,0,0,0,0,0,0,0,0,0,0,0,0,0,0,0,0,0,0,0,0,0,0,0,0,0,0,0,0,0,0,0,0,0,0,0,0,0,0,0,0,0,0,0,0,0,0,0,0,0,0,0,0,0,0,0,0,0,0,0,0,0,0,0,0,0,0,0,0,0,0
TK3:bin_000043,0,0,0,3.508,2.684,2.862,1.442,0,0,0,3.047,3.09,0,0,5.717,0,7.767,0,0,2.614,1.566,4.182,4.18,2.283,0,1.247,0,0,0,0,0,0,0,0,12.457,0,5.817,0,2.233,3.618,1.134,0,0,0,0,1.575,5.979,0,0,3.208,0,3.215,0,3.219,0,2.359,0,0,1.651,6.341,18.975,0,0,0,1.855,0,4.045,0,7.328,1.365,0,4.874,0,3.22,0,2.11,0,4.817,0,0,6.725,0,0,0
TK3:bin_000046,0,0,0,0,0,0,0,0,0,0,0,10.048,0,0,0,6.522,0,0,0,0,7.877,0,0,0,0,0,0,0,0,0,0,0,0,0,0,0,0,0,0,0,0,0,0,0,0,0,0,0,0,0,0,0,0,0,0,0,0,0,0,0,0,0,0,0,0,0,0,0,0,0,0,0,0,0,0,0,0,0,32.419,0,0,0,0,0
TK3:bin_000047,0,0,0,0,0,0,0,0,0,0,0,0,0,0,0,0,0,0,0,0,0,0,0,0,0,0,0,0,0,0,0,0,0,0,0,0,0,0,0,0,0,0,0,0,0,0,0,0,0,0,0,0,0,0,0,0,0,0,0,0,0,0,0,0,0,0,0,0,0,0,0,0,0,0,0,0,0,0,0,0,0,0,0,0
TK3:bin_000048,0,0,0,0,0,0,0,0,0,0,0,0,0,0,0,0,0,0,0,0,0,0,0,0,0,0,0,0,0,0,0,0,0,0,0,0,0,0,0,0,0,0,0,0,0,0,0,0,0,0,0,0,0,0,0,0,0,0,0,0,0,0,0,0,0,0,0,0,0,0,0,0,0,0,0,0,0,0,0,0,0,0,0,0
TK3:bin_000056,0,0,0,0,0,0,0,0,0,0,0,0,0,0,1.31,0,0,0,0,0,0,0,2.885,0,0,0,0,0,0,0,0,0,0,2.263,0,0,0,0,0,0,0,0,0,0,0,0,0,0,0,0,0,0,0,0,0,0,0,0,0,0,0,2.425,0,0,0,0,0,0,0,0,0,0,0,0,0,0,0,1.921,1.688,0,0,0,0,0
TK3:bin_000069,0,0,0,0,0,0,0,0,0,0,0,0,0,0,0,0,0,0,0,0,0,0,0,0,0,0,0,0,0,0,0,0,0,0,0,0,0,0,0,0,0,0,0,0,0,0,0,0,0,0,0,0,0,0,0,0,0,0,0,0,0,0,0,0,0,0,0,0,0,0,0,0,0,0,0,0,0,0,0,0,0,0,0,0
TK3:bin_000070,0,0,0,0,0,0,0,0,0,0,0,0,0,0,0,0,0,0,0,0,0,0,0,0,0,0,0,0,0,0,0,0,0,0,0,0,0,0,0,0,0,0,0,0,0,0,0,0,0,0,0,0,0,0,0,0,0,0,0,0,0,0,0,0,0,0,0,0,0,0,0,0,0,0,0,0,0,0,0,0,0,0,0,0
TK3:bin_000071,0,0,0,0,0,0,0,0,0,0,0,0,0,0,0,0,0,0,0,0,0,0,4.646,0,0,0,0,0,0,0,0,0,0,0,0,0,0,0,0,0,0,0,0,0,0,0,0,0,0,0,0,0,0,0,0,0,0,0,0,0,0,0,0,0,0,0,0,0,0,0,0,0,0,0,0,0,0,0,0,0,0,0,0,0
TK3:bin_000089,0,0,0,0,0,0,0,0,0,0,0,0,0,0,0,0,0,0,0,0,0,0,0,0,0,0,0,0,0,0,0,0,0,0,0,0,0,0,0,0,0,0,0,0,0,0,0,0,0,0,0,0,0,0,0,0,0,0,0,0,0,0,0,0,0,0,0,0,0,0,0,0,0,0,0,0,0,0,0,0,0,0,0,0
TK3:bin_000091,0,0,0,0,0,0,0,0,0,0,0,0,0,0,0,0,0,0,0,0,0,0,2.393,2.391,0,0,0,0,0,0,0,0,2.02,0,0,0,0,0,0,0,0,0,0,0,0,3.398,0,1.789,2.02,0,0,0,0,0,0,0,0,0,0,0,0,0,0,0,0,0,0,0,1.439,0,0,0,0,4.718,0,0,0,0,0,0,0,0,0,0
TK3:bin_000096,0,0,0,0,0,0,0,0,0,0,0,0,0,0,0,0,0,0,0,0,0,0,0,0,0,0,0,0,0,0,0,0,0,0,0,0,0,0,0,0,0,0,0,0,0,0,0,0,0,0,0,0,0,0,0,0,0,0,0,0,0,0,0,0,0,0,0,0,0,0,0,0,0,0,0,0,0,0,0,0,0,0,0,0
TK3:bin_000104,0,0,0,0,0,0,0,0,0,0,0,0,0,0,1.527,0,0,0,0,0,0,2.353,3.902,1.229,0,0,0,0,0,0,0,0,1.552,0,0,1.992,0,0,3.094,0,0,0,0,0,0,2.441,0,1.234,0,0,0,0,0,1.873,0,0,6.984,0,0,0,0,0,0,0,0,0,1.524,0,0,0,0,0,0,0,0,0,0,0,1.419,0,0,0,0,0
TK3:bin_000116,0,8.016,0,3.056,7.496,3.014,0,1.527,0,0,4.561,12.819,0,2.654,8.476,6.554,2.209,2.789,0,6.453,0,4.818,7.761,0,3.679,0,0,0,0,0,1.516,0,4.882,6.968,5.875,8.509,1.695,0,10.166,3.243,0,0,5.049,2.347,0,6.386,2.377,2.656,7.883,0,0,7.916,4.983,8.317,0,6.59,11.317,0,0,2.408,1.705,17.821,0,0,1.534,0,0,0,4.401,1.995,4.428,4.825,2.342,3.334,0,0,0,7.971,8.409,2.188,0,0,0,0
TK3:bin_000123,0,0,0,0,0,0,0,0,0,0,0,0,0,0,0,0,0,0,0,0,0,0,0,0,0,0,0,0,0,0,0,0,0,0,0,0,0,0,0,0,0,0,0,0,0,0,0,0,0,0,0,0,0,0,0,0,0,0,0,0,0,0,0,0,0,0,0,0,0,0,0,0,0,0,0,0,0,0,0,0,0,0,0,0
TK3:bin_000128,0,0,0,0,0,0,0,0,0,0,0,0,0,0,0,0,0,0,0,0,0,0,6.115,3.684,0,0,0,0,0,0,0,0,0,2.786,0,0,0,0,0,1.567,1.244,0,0,0,0,0,0,1.636,0,0,0,0,0,0,0,0,0,0,0,0,3.172,0,0,0,0,0,1.155,0,0,0,3.422,0,0,0,0,0,0,0,2.819,0,0,0,0,0
TK3:bin_000135,0,0,0,0,0,0,0,0,0,0,0,0,0,0,0,0,0,0,0,0,0,0,0,0,0,0,0,0,0,0,0,0,0,0,0,0,0,0,0,0,0,0,0,0,0,0,0,0,0,0,0,0,0,0,0,0,0,0,0,0,0,0,0,0,0,0,0,0,0,0,0,0,0,0,0,0,0,0,0,0,0,0,0,0
TK3:bin_000142,0,0,0,0,0,0,0,0,0,0,0,0,0,0,0,0,0,0,0,0,0,0,0,0,0,0,0,0,0,0,0,0,0,0,0,0,0,0,0,0,0,0,0,0,0,0,0,0,0,0,0,0,0,0,0,0,0,0,0,0,0,0,0,0,0,0,0,0,0,0,0,0,0,0,0,0,0,0,0,0,0,0,0,0
TK3:bin_000143,0,0,0,0,0,0,0,0,0,0,0,0,0,0,0,0,0,0,0,0,0,0,0,0,0,0,0,0,0,0,0,0,0,0,0,0,0,0,0,0,0,0,0,0,0,0,0,0,2.192,0,0,0,0,0,0,0,0,0,0,0,0,0,0,0,0,0,0,0,0,0,0,0,0,1.244,0,0,0,0,1.878,0,0,0,0,0
TK3:bin_000144,0,0,0,0,0,0,0,0,0,0,0,0,0,0,0,0,0,0,0,0,0,0,0,0,0,0,0,0,0,0,0,0,0,0,0,0,0,0,0,0,0,0,0,0,0,0,0,0,0,0,0,0,0,0,0,0,0,0,0,0,0,0,0,0,0,0,0,0,0,0,0,0,0,0,0,0,0,0,0,0,0,0,0,0
TK3:bin_000150,0,0,0,0,0,0,0,0,0,0,0,0,0,0,0,0,0,0,0,0,0,0,0,0,0,0,0,0,0,0,0,0,0,0,0,0,0,0,0,0,0,0,0,0,0,0,0,0,0,0,0,0,0,0,0,0,0,0,0,0,0,0,0,0,0,0,0,0,0,0,0,0,0,0,0,0,0,0,0,0,0,0,0,0
TK3:bin_000157,0,0,0,0,0,0,0,0,0,0,0,0,0,0,0,0,0,0,0,0,0,0,0,0,0,0,0,0,0,0,0,0,0,0,0,0,0,0,0,0,0,0,0,0,0,0,0,0,0,0,0,0,0,0,0,0,0,0,0,0,0,0,0,0,0,0,0,0,0,0,0,0,0,0,0,0,0,0,0,0,0,0,0,0
TK3:bin_000166,0,0,0,0,0,0,0,0,0,0,0,0,0,0,0,0,0,0,0,0,0,0,0,0,0,0,0,0,0,0,0,0,0,0,0,0,0,0,0,0,0,0,0,0,0,0,0,0,0,0,0,0,0,0,0,0,0,0,0,0,0,0,0,0,0,0,0,0,0,0,0,0,0,0,0,0,0,0,0,0,0,0,0,0
TK3:bin_000168,0,0,0,0,0,0,0,0,0,0,0,0,0,0,0,0,0,0,0,0,0,0,0,0,0,0,0,0,0,0,0,0,0,0,0,0,0,0,0,0,0,0,0,0,0,0,0,0,0,0,0,0,0,0,0,0,0,0,0,0,1.613,0,0,0,0,0,0,0,0,0,0,0,0,0,0,0,0,0,1.713,0,0,0,0,0
TK3:bin_000172,0,2.209,0,0,2.54,3.274,0,0,0,0,0,0,0,0,3.397,0,0,0,0,4.367,4.032,7.007,3.721,2.794,0,0,0,0,1.529,0,2.969,0,4.139,3.072,0,3.022,3.8,0,0,4.5,0,0,2.822,1.583,3.352,2.247,0,1.792,3.718,1.815,0,2.288,0,1.981,0,3.732,0,0,1.419,2.1,0,3.105,0,0,0,0,3.398,0,4.437,1.556,5.304,6.367,0,5.241,0,0,0,5.469,6.123,0,0,1.335,0,0
TK3:bin_000174,0,2.57,0,0,1.33,0,0,0,0,0,0,0,0,0,0,0,0,0,0,0,2.66,6.631,0,0,1.393,0,0,0,0,0,0,0,0,4.521,0,0,0,0,3.245,0,1.079,0,0,0,0,1.505,2.541,3.051,0,0,0,0,0,0,0,0,3.087,0,0,12.938,4.58,0,0,0,0,0,0,0,0,0,0,2.071,0,2.969,0,0,0,2.785,5.227,0,0,0,0,0
TK3:bin_000175,0,0,0,0,0,0,0,0,0,0,0,0,0,0,1.599,0,0,0,0,0,0,0,2.704,0,0,0,0,0,0,0,0,0,0,0,0,0,0,0,0,0,0,0,0,0,0,0,0,0,0,0,0,0,0,0,0,0,0,0,0,0,0,0,0,0,0,0,0,0,0,0,0,0,0,0,0,0,0,0,0,0,0,0,0,0
TK3:bin_000177,0,0,0,0,0,0,0,0,0,0,0,0,0,0,0,0,0,0,0,0,0,0,0,0,0,0,0,0,0,0,0,0,0,0,0,0,0,0,0,0,0,0,0,0,0,0,0,0,0,0,0,0,0,0,0,0,0,0,0,0,0,0,0,0,0,0,0,0,0,0,0,0,0,0,0,0,0,0,0,0,0,0,0,0
TK3:bin_000178,0,2.172,0,0,0,0,0,0,0,0,0,0,0,0,0,0,0,0,0,0,0,0,3.639,0,0,0,0,0,0,0,1.511,0,0,2.36,0,0,0,0,0,0,0,0,0,0,0,0,0,0,0,0,0,0,0,0,0,0,0,0,0,0,1.237,2.975,0,0,0,0,0,0,0,0,0,0,0,0,0,0,0,0,1.448,0,0,0,0,0
TK3:bin_000189,0,1.648,0,0,0,2.265,0,0,0,0,0,0,0,0,1.673,0,1.325,0,0,0,0,0,5.55,1.36,2.45,0,0,0,0,0,0,0,0,4.267,0,0,0,0,2.148,1.72,0,0,0,0,0,1.897,0,1.29,0,0,0,3.412,0,1.868,0,0,2.921,0,0,0,1.359,1.913,0,0,0,0,1.143,0,2.382,0,0,0,0,2.539,0,0,0,3.138,3.009,0,0,1.168,0,0
TK3:bin_000191,0,0,0,0,0,0,0,0,0,0,0,0,0,0,0,0,0,0,0,0,0,0,0,0,0,0,0,0,0,0,0,0,0,0,0,0,0,0,0,0,0,0,0,0,0,0,0,0,0,0,0,0,0,0,0,0,0,0,0,0,0,0,0,0,0,0,0,0,0,0,0,0,0,0,0,0,0,0,0,0,0,0,0,0
TK3:bin_000193,2.16,3.806,0,5.558,4.012,15.35,0.876,7.734,0,0,1.661,3.75,0,0,28.141,5.622,5.477,0,5.157,8.277,2.485,5.752,15.491,3.737,3.478,0,2.859,0,4.626,0,3.899,0,1.639,4.526,4.166,2.851,3.525,0,6.484,13.638,2.236,0,3.958,2.206,2.341,5.568,3.806,6.241,7.448,5.467,0,11.604,0,12.309,0,6.694,5.461,0,2.302,0,5.901,5.053,0,0,3.82,0,6.855,0,4.65,0,11.213,6.151,0,7.345,3.12,3.981,0,13.238,5.156,3.24,5.541,3.289,0,0
TK3:bin_000196,2.309,7.323,0,2.422,3.652,4.793,1.854,2.559,0,0,1.669,7.201,0,0,4.636,4.161,1.359,0,0,5.498,3.138,10.268,13.797,6.315,2.993,0,0,0,6.975,0,3.933,0,3.293,6.214,6.616,6.645,2.539,0,7.453,5.322,2.438,0,0,0,1.962,6.892,6.408,5.667,6.591,3.296,0,7.001,2.768,2.699,0,4.504,9.952,0,1.733,0,8.554,0,0,0,2.951,0,3.862,0,3.14,2.845,2.838,7.081,0,6.585,0,6.38,0,8.715,18.745,8.992,0,0,1.879,0
TK3:bin_000198,0,0,0,0,0,0,0,0,0,0,0,0,0,0,0,0,0,0,0,0,0,0,0,0,0,0,0,0,0,0,0,0,0,0,0,0,0,0,0,0,0,0,0,0,0,0,0,0,0,0,0,0,0,0,0,0,0,0,0,0,0,0,0,0,0,0,0,0,0,0,0,0,0,0,0,0,0,0,0,0,0,0,0,0
TK3:bin_000200,0,1.274,0,0,0,0,0,0,0,0,0,0,0,0,0,0,0,0,0,0,0,0,2.995,0,0,0,0,0,0,0,0,0,0,3.437,0,0,0,0,1.348,2.219,0,0,0,0,1.167,2.04,0,1.216,2.988,0,0,2.495,0,0,0,0,0,0,0,0,0,2.176,0,0,2.837,0,0,0,0,0,0,0,0,1.533,0,0,0,0,3.451,0,0,0,0,0
TK3:bin_000201,0,0,0,0,0,0,0,0,0,0,0,0,0,0,0,0,0,0,0,0,0,0,0,1.439,0,0,0,0,0,0,0,0,0,0,0,0,0,0,0,0,0,0,0,0,0,0,0,0,0,0,0,0,0,0,0,0,0,0,0,0,0,0,0,0,0,0,0,0,0,0,0,0,0,0,0,0,0,0,0,0,0,0,0,0
TK3:bin_000208,0,2.284,0,0,0,0,0,0,0,0,0,0,0,0,0,0,3.702,0,0,2.659,0,2.058,2.845,0,0,0,0,0,0,0,0,0,0,2.149,2.515,0,2.18,0,0,0,0,0,0,0,0,0,0,0,3.301,0,0,3.988,0,0,0,2.435,0,0,0,0,1.887,0,0,0,0,0,0,0,0,0,2.62,0,0,0,0,0,0,0,1.582,0,0,0,0,0
TK3:bin_000217,0,10.873,0,5.061,5.922,15.532,0,1.677,0,0,1.924,220.679,0,0,3.336,15.618,4.666,0,0,4.29,133.128,5.792,26.187,2.857,2.774,0,0,0,2.88,0,3.03,0,2.639,8.614,3.217,5.068,3.855,0,4.138,8.451,2.027,0,5.626,0,7.659,5.979,2.161,8.035,8.882,1.493,0,10.391,2.813,4.51,0,9.391,5.006,0,2.073,0,5.494,9.073,0,0,3.877,0,5.385,0,2.832,1.255,9.341,7.704,0,10.827,2.265,4.993,0,4.842,649.044,0,2.771,4.137,0,0
TK3:bin_000232,1.781,0,0,0,0,0,0,0,0,0,0,0,0,0,1.315,0,0,0,0,0,0,0,0,0,0,0,0,0,0,0,0,0,0,0,0,0,0,0,1.597,0,0,0,0,0,0,0,0,0,0,0,0,0,0,0,0,0,0,0,0,0,0,0,0,0,0,0,0,0,0,0,0,0,0,0,0,0,0,0,0,0,0,0,0,0
TK3:bin_000233,0,0,0,0,0,0,0,0,0,0,0,15.145,0,0,0,11.466,0,0,0,0,11.093,0,3.737,0,0,0,0,0,0,0,0,0,0,0,0,0,2.117,0,0,0,0,0,3.927,0,0,0,0,0,0,0,0,0,0,0,0,0,0,0,0,0,0,0,0,0,1.107,0,0,0,0,0,2.086,0,0,0,0,0,0,0,20.498,0,0,0,0,0
TK3:bin_000238,0,0,0,0,0,0,0,0,0,0,0,0,0,0,0,0,0,0,0,0,0,0,0,0,0,0,0,0,0,0,0,0,0,0,0,0,0,0,0,0,0,0,0,0,0,0,0,0,0,0,0,0,0,0,0,0,0,0,0,0,0,0,0,0,0,0,0,0,0,0,0,0,0,0,0,0,0,0,0,0,0,0,0,0
TK3:bin_000253,0,0,0,0,0,0,0,0,0,0,0,0,0,0,0,0,0,0,0,0,0,0,0,0,0,0,0,0,0,0,0,0,0,0,0,0,0,0,0,0,0,0,0,0,0,0,0,0,0,0,0,0,0,0,0,0,0,0,0,0,0,0,0,0,0,0,0,0,0,0,0,0,0,0,0,0,0,0,0,0,0,0,0,0
TK3:bin_000259,0,0,0,0,0,0,0,0,0,0,0,0,0,0,1.213,0,0,0,0,0,0,0,0,0,0,0,0,0,0,0,0,0,0,0,0,0,0,0,0,0,0,0,0,0,0,1.249,0,0,0,0,0,0,0,0,0,0,0,0,0,0,0,0,0,0,0,0,0,0,0,0,0,0,0,0,0,0,0,0,0,0,0,0,0,0
TK3:bin_000260,0,0,0,0,0,0,0,0,0,0,0,0,0,0,0,0,0,0,0,0,0,0,0,0,0,0,0,0,0,0,0,0,0,0,0,0,0,0,0,0,0,0,0,0,0,0,0,0,0,0,0,0,0,0,0,0,0,0,0,0,0,0,0,0,0,0,0,0,0,0,0,0,0,0,0,0,0,0,0,0,0,0,0,0
TK3:bin_000287,4.958,7.881,0,2.097,3.875,3.694,0,1.6,0,0,0,0,0,0,2.527,2.686,0,0,0,10.71,4.439,5.213,7.329,3.534,0,0,0,0,0,0,2.562,0,3.436,3.54,8.047,3.016,2.542,0,0,5.045,2.131,0,5.353,0,0,3.781,3.921,2.63,12.38,3.378,0,8.351,0,0,0,8.448,4.349,0,0,0,2.501,6.216,0,0,2.974,0,2.14,0,2.193,0,8.331,7.556,0,2.625,0,3.971,0,12.082,6.976,0,0,2.783,0,0
TK3:bin_000316,0,0,0,0,0,0,0,0,0,0,0,0,0,0,0,0,0,0,0,0,0,0,0,0,0,0,0,0,0,0,0,0,0,0,0,0,0,0,0,0,0,0,0,0,0,0,0,0,0,0,0,0,0,0,0,0,0,0,0,0,0,0,0,0,0,0,0,0,0,0,0,0,0,0,0,0,0,0,0,0,0,0,0,0
