genome,M305768,M305846,M305884,M305789,M305757,M305781,M305779,M305792,M305890,M305889,M305788,M305854,M305880,M305881,M305794,M305793,M305764,M305774,M305893,M305761,M305847,M305762,M305877,M305859,M305848,M305875,M305853,M305791,M305778,M305796,M305773,M305758,M305753,M305771,M305754,M305878,M305755,M305887,M305752,M305770,M305790,M305782,M305888,M305772,M305861,M305850,M305767,M305750,M305786,M305867,M305870,M305857,M305864,M305756,M305883,M305869,M305769,M305784,M305852,M305876,M305892,M305787,M305849,M305871,M305856,M305855,M305759,M305783,M305873,M305858,M305885,M305765,M305775,M305795,M305760,M305891,M305777,M305874,M305862,M305868,M305882,M305863,M305866,M305780
D300627:bin_000003,0,4.643,1.727,3.741,0,6.367,0,0,0,0,14.416,0,0,0,2.219,0,4.074,9.704,6.761,7.744,0,4.859,0,0,0,0,4.313,0,3.286,0,0,8.885,3.296,0,0,4.836,4.593,0,6.538,5.771,5.826,9.029,0,4.407,2.6,3.469,0,0,8.276,0,4.437,0,1.63,4.385,0,3.28,4.6,3.242,0,2.709,0,3.216,3.375,1.919,3.128,0,5.486,0,1.941,3.708,1.387,0,15.702,0,0,3.574,3.066,0,9.003,0,2.785,0,3.355,0
D300627:bin_000012,0,3.028,1.755,4.167,0,10.959,0,0,0,0,12.801,0,3.91,3.094,2.098,2.253,3.554,3.628,9.882,8.194,0,6.791,0,5.194,0,0,4.477,3.631,5.222,0,2.865,9.568,3.17,5.3,1.852,2.925,7.435,0,6.972,4.046,5.805,12.021,1.427,3.513,1.745,6.786,0,0,11.447,2.838,6.192,0,1.782,6.177,0,4.503,4.75,2.693,0,2.516,3.739,3.803,3.53,4.889,7.995,0,5.203,0,2.085,4.564,0,0,12.025,0,0,5.402,3.587,0,9.418,0,4.309,0,4.404,2.946
D300628:bin_000004,0,3.112,1.234,4.2,0,4.523,0,0,0,0,9.194,0,0,1.185,3.755,2.376,3.027,4.35,8.146,14.506,0,5.171,0,1.941,0,0,5.586,3.671,0,0,3.505,11.942,2.535,4.368,3.503,1.709,5.841,0,7.85,4.58,7.018,12.108,1.882,5.263,3.346,4.7,0,0,9.014,2.927,4.134,0,0,6.909,0,3.643,3.171,4.042,0,3.053,3.275,5.991,4.258,2.692,3.292,0,2.529,0,1.63,2.924,0,0,15.832,0,0,3.393,4.022,0,7.107,0,4.013,0,1.83,0
D300629:bin_000002,0,0,0,0,0,0,0,0,0,0,0,0,0,0,0,0,0,0,0,0,0,0,0,0,0,0,0,0,0,0,0,0,0,0,0,0,0,0,0,0,0,0,0,0,0,0,0,0,0,0,0,0,0,0,0,0,0,0,0,0,0,0,0,0,0,0,0,0,0,0,0,0,0,0,0,0,0,0,0,0,0,0,0,0
D300630:bin_000014,3.085,17.35,7.37,26.617,2.511,52.604,0,0,3.937,3.803,69.773,2.741,5.003,7.81,11.934,17.475,26.678,44.332,38.088,51.739,3.017,31.385,0,9.331,1.835,0,20.16,25.604,24.663,7.872,19.318,53.669,16.119,24.807,13.215,17.132,29.976,0,42.847,30.503,40.633,53.736,7.203,18.679,9.443,23.186,4.433,0,61.014,10.916,24.922,3.275,11.109,33.897,0,20.279,26.447,17.097,0,15.817,19.818,33.71,23.117,14.974,33.254,1.309,27.128,0,8.778,16.828,6.494,0,78.062,0,3.213,25.818,16.559,1.272,70.41,2.356,19.75,2.073,19.206,14.985
D300631:bin_000002,2.756,16.895,8.025,14.366,0,30.925,0,0,4.719,3.819,44.325,2.167,3.088,17.428,9.607,11.418,11.728,47.49,37.528,41.593,3.64,11.572,1.561,69.577,2.104,0,34.219,20.889,15.354,5.722,14.139,48.835,15.656,9.845,6.955,19.747,10.413,1.766,18.295,19.583,22.386,35.493,5.93,15.645,4.23,24.526,6.621,0,66.819,5.086,24.875,1.912,4.161,13.004,0,11.903,21.57,13.988,0,9.633,16.135,17.447,17.043,15.403,29.021,2.031,37.448,0,11.881,9.487,3.076,0,37.113,0,0,16.673,7.852,2.155,36.99,2.335,30.802,1.776,15.786,4.998
D300631:bin_000019,0,1.545,0,3.073,0,2.48,0,0,0,0,5.415,0,1.721,0,2.73,0,0,4.345,3.721,2.899,0,4.495,0,0,0,0,3.431,0,3.803,0,0,7.029,0,0,0,0,0,0,2.227,1.857,4.569,3.1,0,2.784,0,0,0,0,8.734,0,2.198,0,0,2.369,0,1.517,2.985,0,0,2.194,2.023,0,0,1.467,0,0,0,0,0,2.309,0,0,12.367,0,0,0,2.083,0,3.743,0,1.465,0,0,0
D300632:bin_000002,0,0,0,0,0,0,0,0,0,0,0,0,0,0,0,0,0,0,0,0,0,0,0,0,0,0,0,0,0,0,0,0,0,0,0,0,0,0,0,0,0,0,0,0,0,0,0,0,0,0,0,0,0,0,0,0,0,0,0,0,0,0,0,0,0,0,0,0,0,0,0,0,0,0,0,0,0,0,0,0,0,0,0,0
D300632:bin_000015,0,0,0,0,0,0,0,0,0,0,0,0,0,0,0,0,0,2.802,1.616,0,0,0,0,0,0,0,1.545,0,0,0,0,3.209,0,0,0,0,0,0,0,0,2.136,0,0,0,0,0,0,0,3.698,0,0,0,0,2.936,0,0,0,0,0,0,0,0,0,0,0,0,0,0,0,0,0,0,3.236,0,0,0,0,0,1.506,0,0,0,0,0
D300633:bin_000005,0,3.329,0,5.878,0,0,0,0,1.236,0,17.262,0,0,0,2.95,4.927,0,2.905,4.409,12.298,0,7.56,0,0,0,0,4.494,8.42,2.264,0,2.035,16.86,0,3.454,2.471,1.779,7.761,0,4.955,2.576,8.081,3.387,0,1.67,0,5.203,0,0,8.92,1.966,3.989,0,1.885,7.37,0,3.566,6.966,3.545,0,1.731,4.386,2.425,2.968,3.068,3.435,0,2.304,0,0,8.237,2.226,0,16.62,0,0,4.478,4.049,0,5.001,0.927,4.658,0,1.443,0
D300633:bin_000006,0,1.809,0,3.323,0,0,0,0,0,0,8.826,0,1.125,0,0,0,0,2.261,8.237,4.921,0,3.174,0,0,0,0,1.838,4.904,1.935,0,1.776,11.633,0,0,2.608,0,5.484,0,3.078,1.802,4.548,7.422,0,4.409,1.234,4.094,0,0,6.023,1.404,3.224,0,0,2.145,0,6.706,1.993,0,0,1.855,2.021,2.15,0,1.66,1.282,0,0,0,2.123,3.423,0,0,7.465,0,0,1.525,2.277,0,6.439,0.951,2.639,0,0,2.149
D300634:bin_000017,0,1.963,1.694,9.352,0,14.574,0,0,1.52,0,6.911,0,2.397,1.199,3.847,6.013,2.976,3.669,13.337,9.336,1.347,10.674,0,1.941,0,0,7.13,10.294,8.697,0,5.212,10.704,9.515,5.812,3.447,1.628,10.89,0,18.302,15.471,15.952,7.446,2.173,4.42,16.663,6.305,0,0,33.222,2.101,10.135,0,3.89,12.233,0,10.872,6.759,10.128,0,4.029,8.112,10.241,5.021,29.661,8.861,0,4.229,0,5.621,14.198,1.457,0,17.903,0,0,5.805,7.39,0,13.453,1.347,9.38,0,4.577,2.242
D300634:bin_000019,0,0,0,0,0,0,0,0,0,0,0,0,0,0,0,0,0,0,0,0,0,0,0,0,0,0,0,0,0,0,0,0,0,0,0,0,0,0,0,0,0,0,0,0,0,0,0,0,0,0,0,0,0,0,0,0,0,0,0,0,0,0,0,0,0,0,0,0,0,0,0,0,0,0,0,0,0,0,0,0,0,0,0,0
D300634:bin_000035,0,0,0,0,0,0,0,0,0,0,0,0,0,0,0,0,0,3.04,1.69,0,0,0,0,0,0,0,1.708,0,0,0,0,3.556,0,0,0,0,0,0,0,0,2.248,0,0,0,0,0,0,0,3.618,0,0,0,0,3.094,0,0,0,0,0,0,0,0,0,0,0,0,0,0,0,0,0,0,3.325,0,0,0,0,0,1.718,0,0,0,0,0
D300637:bin_000029,0,0,0,0,0,0,0,0,0,0,0,0,0,0,0,0,0,0,0,0,0,0,0,0,0,0,0,0,0,0,0,0,0,0,0,0,0,0,0,0,0,0,0,0,0,0,0,0,0,0,0,0,0,0,0,0,0,0,0,0,0,0,0,0,3.177,0,0,0,0,0,0,0,0,0,0,0,0,0,3.572,0,0,0,0,0
D300637:bin_000032,0,5.684,1.779,8.636,0,12.345,0,0,1.34,1.248,22.012,0,1.392,2.361,3.382,5.938,7.527,17.662,13.027,19.498,0,8.732,0,3.105,0,0,6.593,9.394,8.672,2.612,5.762,21.99,6.693,7.972,3.635,6.144,10.304,0,12.977,9.645,16.463,12.363,1.879,6.722,2.898,7.528,0,0,18.486,4.095,7.183,0,3.795,8.171,0,6.741,9.095,5.004,0,3.959,9.166,8.796,7.551,4.145,10.164,0,8.53,0,3.113,4.421,2.2,0,24.383,0,0,8.966,5.991,0,19.569,0,5.7,0,5.572,3.482
D300638:bin_000035,0,6.638,2.54,11.185,0,10.061,0,0,2.003,1.764,21.439,0,1.975,4.267,6.057,5.988,7.849,17.219,20.087,20.812,1.161,10.177,0,1.485,0,0,7.548,7.837,5.079,2.981,8.424,23.325,4.614,6.589,5.282,5.697,11.914,0,18.368,10.101,13.973,18.59,2.641,6.058,2.479,12.628,0,0,18.786,4.81,8.325,0,3.024,8.553,0,7.688,9.446,7.026,0,5.491,8.022,6.844,6.6,6.67,8.918,0,7.448,0,2.896,5.387,1.635,0,32.187,0,0,8.267,6.614,0,22.316,0,6.268,0,5.416,2.317
D300639:bin_000025,0,1.808,0,2.833,0,4.662,0,0,0,0,5.49,0,0,2.217,0,0,0,5.352,3.495,4.872,0,0,0,0,0,0,2.887,2.669,0,0,2.152,5.986,0,0,0,1.895,2.303,0,4.014,2.58,3.468,4.358,0,0,0,1.871,0,0,5.876,0,1.754,0,0,3.017,0,1.836,2.737,0,0,2.785,1.918,0,2.159,1.738,0,0,3.04,0,0,1.569,0,0,8.917,0,0,2.229,2.295,0,4.552,0,1.861,0,1.435,0
D300642:bin_000010,0,0,0,0,0,0,0,0,0,0,0,0,0,0,0,0,0,0,0,0,0,0,0,0,0,0,0,0,0,0,0,0,0,0,0,0,0,0,0,0,0,0,0,0,0,0,0,0,0,0,0,0,0,0,0,0,0,0,0,0,0,0,0,0,0,0,0,0,0,0,0,0,0,0,0,0,0,0,0,0,0,0,0,0
D300642:bin_000012,0,0,0,0,0,0,0,0,0,0,8.705,0,0,0,1.949,0,0,0,3.917,2.304,0,3.614,0,0,0,0,0,3.133,0,0,2.054,0,0,0,2.155,0,3.191,0,0,0,2.1,3.486,0,0,0,5.451,0,0,3.664,0,1.725,0,0,2.153,0,1.724,3.445,0,0,1.486,2.919,0,0,1.332,1.212,0,0,0,0,1.851,0,0,7.025,0,0,0,2.02,0,6.529,0,3.183,0,0,0
D300642:bin_000016,0,1.421,0,14.019,0,0,0,0,0,0,7.554,0,0,0,6.678,0,30.428,0,25.694,30.092,0,34.47,0,182.923,0,0,12.487,13.073,16.422,0,8.792,58.438,0,210.141,0,0,0,0,5.123,0,15.869,58.746,24.912,1.99,0,77.847,0,0,100.711,0,52.928,0,1.585,96.704,0,16.412,28.887,2.689,0,0,0,15.35,47.825,0,9.572,0,80.502,0,0,5.201,0,0,13.586,0,0,50.301,16.184,1.933,1.595,0,67.726,0,25.456,0
D300645:bin_000002,0,5.642,1.861,10.124,0,12.001,0,0,2.483,1.786,27.086,0,1.744,2.797,5.408,10.218,7.169,19.048,17.872,23.413,0,11.851,0,2.499,0,0,9.544,9.159,8.096,3.637,6.966,19.512,4.702,8.262,3.383,5.206,11.645,0,12.825,8.88,16.234,15.092,2.707,9.606,2.646,7.948,1.807,0,23.017,3.336,7.341,0,3.471,12.561,0,7.308,10.559,8.258,0,5.51,10.681,10.108,6.767,5.044,7.54,0,9.652,0,2.99,5.451,2.093,0,27.486,0,0,8.01,6.552,0,19.737,1.182,6.693,1.173,6.847,4.719
D300645:bin_000005,0,2.867,1.195,4.937,0,8.927,0,0,0,0,6.89,0,2.183,5.602,4.291,2.329,3.417,11.526,6.687,5.085,0,4.103,0,0,0,0,9.802,4.891,5.664,0,3.604,12.245,0,2.6,5.308,0,3.01,0,3.717,3.483,8.305,3.405,0,3.062,2.637,2.786,1.734,0,7.61,1.25,3.944,0,2.04,5.579,0,4.474,7.575,0,0,4.982,4.462,0,2.876,3.311,4.025,0,5.458,0,2.052,2.277,0,0,21.866,0,0,1.958,3.297,0,8.821,0,2.547,0,2.78,0
D300645:bin_000026,0,4.782,2.34,9.666,0,9.563,0,0,0,0,22.384,0,0,2.565,5.585,4.518,7.182,12.996,12.507,14.334,1.424,12.044,0,3.264,0,0,7.61,8.65,9.017,3.216,5.842,20.745,3.505,7.994,3.672,4.781,10.166,0,15.218,10.39,11.051,12.204,2.611,4.856,2.321,7.757,0,0,16.474,3.06,8.348,0,2.301,10.979,0,7.438,7.54,4.614,0,6.231,6.065,7.645,6.001,3.889,6.579,0,8.713,0,2.703,6.581,0,0,30.31,0,0,6.685,5.902,0,11.762,0,6.697,0,5.813,4.299
D300645:bin_000028,0,8.171,4.152,13.345,0,12.914,0,0,2.408,2.256,29.948,1.255,2.993,4.624,8.565,9.766,8.73,22.233,25.711,25.1,1.655,15.706,0,1.989,0,0,12.292,11.079,7.848,4.09,9.341,29.842,5.244,9.443,6.458,7.864,14.121,0,22.507,16.139,19.95,22.533,3.478,9.698,4.656,10.802,1.597,0,22.452,5.733,11.359,0,3.907,14.128,0,11.23,13.536,9.932,0,8.584,12.782,10.143,9.764,8.051,10.72,0,9.254,0,4.996,7.628,2.415,0,38.832,0,0,12.209,8.759,0,27.557,1.401,9.226,0,7.714,3.737
D300646:bin_000002,0,0,0,0,0,0,0,0,0,0,4.769,0,0,0,2.881,0,0,0,1.576,2.714,0,5.759,0,1.438,1.124,0,2.736,5.263,0,0,0,0,0,0,0,0,6.304,0,0,6.774,3.837,3.658,0,0,2.28,0,0,0,5.348,1.288,0,0,0,0,0,4.509,2.008,4.888,0,2.113,3.564,0,0,0,6.409,0,0,0,1.386,8.888,0,0,3.307,0,0,0,3.245,0,3.825,0,2.495,0,1.996,0
D300646:bin_000008,0,0,0,0,0,0,0,0,0,0,0,0,0,0,0,0,0,0,0,0,0,0,0,0,0,0,0,0,0,0,0,0,0,0,0,0,0,0,0,0,0,0,0,0,0,0,0,0,0,0,0,0,0,0,0,0,0,0,0,0,0,0,0,0,0,0,0,0,0,0,0,0,0,0,0,0,0,0,0,0,0,0,0,0
D300647:bin_000001,0,0,0,2.631,0,2.223,0,0,0,0,2.677,0,0,0,0,0,0,2.355,3.479,2.394,0,0,0,0,0,0,2.231,2.608,0,0,0,5.868,0,0,0,0,0,0,3.858,0,0,2.553,0,0,0,1.782,0,0,4.205,0,1.753,0,0,3.309,0,1.75,0,0,0,0,2.641,0,0,0,1.499,0,0,0,0,0,0,0,4.155,0,0,0,0,0,2.845,0,0,0,1.513,0
D300647:bin_000007,0,14.996,5.408,21.164,0,15.551,0,0,2.902,3.3,32.618,5.528,2.948,3.387,13.621,11.116,8.758,19.249,29.848,41.192,1.432,19.76,0,4.906,0,0,13.762,15.938,12.403,5.668,14.104,43.668,8.204,8.212,14.435,6.413,25.603,0,28.054,16.103,27.124,34.566,3.885,12.541,8.672,16.723,1.542,0,32.407,7.315,16.18,0,5.437,23.771,0,12.21,17.87,15.563,0,6.215,16.414,18.37,11.553,13.371,12.337,1.274,12.317,0,7.59,18.553,3.384,0,69.095,0,0,11.968,10.244,0,29.603,1.306,16.158,1.393,10.513,16.515
D300647:bin_000020,0,0,0,0,0,3.017,0,0,0,0,2.354,0,0,0,0,0,0,0,0,0,0,0,0,0,0,0,1.379,0,0,0,1.764,3.104,0,0,0,0,0,0,0,0,0,3.073,0,0,0,2.061,0,0,0,3.873,0,0,0,0,0,0,0,2.138,0,0,0,0,0,0,1.443,0,0,0,0,1.905,0,0,6.531,0,0,0,0,0,0,0,0,0,0,0
D300648:bin_000006,3.663,56.675,17.003,81.923,6.385,75.009,0,0,13.144,10.248,118.218,4.624,10.116,25.408,38.51,41.531,55.166,112.862,112.659,131.397,7.349,81.893,1.565,16.43,4.691,0,69.265,65.882,38.146,20.755,37.591,159.827,21.36,53.503,37.323,30.951,62.664,2.449,109.492,52.054,114.837,81.827,20.652,56.215,21.598,50.074,6.481,0,135.222,21.334,51.049,3.626,20.424,90.623,0,54.653,81.012,52.972,1.735,45.77,85.209,39.914,56.528,45.132,59.001,5.256,54.413,0,20.272,39.705,12.328,2.297,204.596,0,5.361,50.034,42.093,3.51,99.143,5.88,40.512,4.387,36.247,8.389
D300648:bin_000013,2.105,8.526,4.501,21.492,0,25.656,0,0,3.772,2.105,28.408,1.848,4.382,20.136,13.76,8.62,10.523,46.653,26.298,20.494,2.271,18.24,0,3.834,0,0,27.531,16.408,15.241,7.819,13.546,40.664,9.629,10.87,15.799,2.389,19.795,0,19.479,14.564,39.747,15.808,3.973,13.362,6.475,9.129,1.9,0,37.119,6.816,9.052,0,7.743,16.736,0,24.358,19.415,8.662,0,17.35,10.208,6.332,8.663,13.58,14.469,0,13.164,0,6.41,9.081,2.462,0,44.896,0,0,9.069,13.81,0,29.489,2.041,10.421,2.285,7.262,1.934
D300648:bin_000014,0,9.752,4.319,23.523,0,24.029,0,0,3.771,1.675,26.005,1.597,3.605,11.996,10.524,6.49,11.642,32.055,25.257,29.555,3.05,23.356,0,3.774,0,0,18.788,19.006,13.911,5.741,13.173,54.292,7.581,15.126,12.623,3.686,21.493,0,26.738,15.73,28.938,23.458,4.258,12.679,6.666,9.174,2.549,0,36.622,5.217,10.589,0,5.77,31.261,0,18.715,18.587,11.587,0,13.394,16.035,10.403,8.039,12.303,11.119,0,17.543,0,5.655,10.169,4.119,0,55.858,0,2.15,13.051,15.698,0,28.196,2.459,10.069,2.037,9.488,6.058
D300649:bin_000001,0,0,0,0,0,0,0,0,0,0,0,0,0,0,0,0,0,0,2.351,3.499,0,5.33,0,0,0,0,0,2.696,0,0,0,0,0,0,1.589,0,0,0,0,0,0,0,0,0,0,0,0,0,2.957,0,3.389,0,2.361,0,0,0,0,0,0,0,1.473,0,0,0,0,0,0,0,0,2.219,0,0,7.489,0,0,0,3.623,0,4.891,0,0,0,0,0
D300649:bin_000007,0,2.04,0,0,0,0,0,0,0,0,0,0,0,0,0,0,2.865,0,4.935,0,0,2.878,0,0,0,0,2.243,0,0,0,2.176,2.706,0,2.774,0,0,0,0,0,0,0,6.998,1.507,0,0,9.184,0,0,2.374,0,4.927,0,0,2.182,0,1.333,0,0,0,0,0,0,5.73,0,1.782,0,3.075,0,0,0,0,0,5.337,0,0,2.907,0,0,1.367,0,5.082,0,5.791,0
D300650:bin_000002,0,5.686,1.28,6.006,0,0,0,0,1.719,0,18.343,1.592,1.627,0,2.353,4.045,0,8.627,7.658,19.97,0,16.069,0,3.962,0,0,4.692,7.932,3.871,0,8.538,12.796,5.519,7.002,2.912,0,9.507,0,8.902,6.725,12.665,9.614,0,6.948,2.918,7.81,0,0,16.578,5.466,6.199,0,2.269,11.207,0,6.89,8.84,3.962,0,1.84,12.127,4.31,2.726,1.81,9.267,0,4.557,0,2.644,11.612,1.338,0,25.168,0,0,1.856,5.538,0,12.124,0,5.188,0,2.399,3.275
D300650:bin_000005,0,0,0,0,0,0,0,0,0,0,0,0,0,0,0,0,0,0,0,0,0,0,0,2.084,0,0,0,0,0,0,0,0,0,0,0,0,0,0,0,0,0,0,0,0,0,0,0,0,0,0,0,0,0,0,0,0,0,0,0,0,0,0,0,0,0,0,0,0,0,0,0,0,0,0,0,0,0,0,0,0,0,0,0,0
D300650:bin_000008,0,0,0,0,0,0,0,0,0,0,0,0,0,0,0,0,0,0,0,0,0,0,0,0,0,0,0,0,0,0,0,0,0,0,0,0,0,0,0,0,0,0,0,0,0,0,0,0,0,0,0,0,0,0,0,0,0,0,0,0,0,0,0,0,0,0,0,0,0,0,0,0,0,0,0,0,0,0,0,0,0,0,0,0
D300650:bin_000025,0,1.506,0,7.761,2.627,4.911,0,0,0,0,6.881,0,0,1.484,3.348,3.435,2.837,9.038,9.857,7.082,0,12.048,0,0,0,0,5.027,9.422,4.228,0,6.329,8.318,7.491,3.917,2.416,0,2.774,0,9.068,5.744,8.17,5.24,1.441,3.931,5.301,7.181,0,0,35.832,0,8.073,0,2.084,6.408,0,7.895,6.481,10.157,0,2.704,4.319,6.455,3.616,10.689,8.235,0,3.464,0,2.233,12.613,1.883,0,24.618,0,0,12.346,7.956,0,8.483,0,5.264,0,4.484,0
D300650:bin_000036,0,0,0,0,0,0,0,0,0,0,0,0,0,0,0,0,0,0,0,0,0,0,0,0,0,0,0,0,0,0,0,0,0,0,0,0,0,0,0,0,0,0,0,0,0,0,0,0,0,0,0,0,0,0,0,0,0,0,0,0,0,0,0,0,0,0,0,0,0,0,0,0,0,0,0,0,0,0,0,0,0,0,0,0
D300651:bin_000022,0,0,0,0,0,0,0,0,0,0,0,0,0,0,0,0,0,0,0,0,0,0,0,0,0,0,0,0,0,0,0,0,0,0,0,0,0,0,0,0,0,0,0,0,0,0,0,0,0,0,0,0,0,0,0,0,0,0,0,0,0,0,0,0,0,0,0,0,0,0,0,0,0,0,0,1.473,0,0,0,0,0,0,0,0
D300651:bin_000029,0,0,0,0,0,6.873,0,0,0,0,2.88,0,0,0,0,0,0,0,4.422,2.234,0,2.772,0,0,0,0,1.567,0,0,0,0,0,0,0,0,0,0,0,0,0,2.224,2.129,0,0,0,1.715,0,0,2.366,0,0,0,0,0,0,1.352,0,0,0,0,0,2.77,0,0,4.875,0,0,0,0,0,0,0,2.908,0,0,0,0,0,10.735,0,0,0,0,0
D300651:bin_000031,3.033,8.113,8.034,13.421,0,9.541,0,0,2.124,2.265,32.415,1.362,1.354,28.054,5.603,3.821,9.012,72.787,12.452,20.413,2.584,11.88,0,62.242,0,0,15.284,10.581,8.349,5.402,5.578,23.983,3.165,9.964,3.816,11.716,7.925,1.331,17.969,10.481,14.159,14.384,4.606,10.326,0,11.441,3.917,0,36.009,6.055,13.383,0,3.108,11.768,0,7.017,11.422,5.755,0,6.542,3.922,9.833,9.45,6.872,9.154,2.327,48.256,0,11.277,11.174,3.572,0,41.066,0,0,7.569,8.765,0,17.527,1.619,13.621,0,7.186,2.618
D300651:bin_000040,0,4.093,2.282,7.977,0,8.795,0,0,0,1.702,11.538,0,0,3.012,5.92,2.11,6.113,9.831,11.932,11.416,0,4.459,0,1.341,0,0,5.151,6.747,5.063,0,2.698,13.9,0,5.235,4.632,6.666,6.423,0,10.723,6.681,5.383,18.314,2.054,5.935,0,6.34,2.399,0,10.494,2.193,7.366,0,1.59,9.709,0,4.863,6.414,6.674,0,6.9,3.866,4.639,5.167,2.729,3.009,0,5.782,0,3.209,5.299,1.529,0,16.906,0,0,5.925,3.4,0,11.484,0,7.621,0,5.496,0
D300652:bin_000001,0,5.188,2.552,11.274,0,13.711,0,0,1.575,1.898,47.275,0,1.716,2.867,13.592,6.736,6.626,12.923,12.481,15.098,0,23.697,0,3.17,0,0,8.968,10.116,8.558,0,5.633,17.145,6.641,7.283,5.991,0,22.934,0,17.206,14.968,19.537,11.677,3.447,6.785,2.469,6.164,0,0,26.366,3.192,8.32,0,3.802,19.97,0,9.924,10.905,6.452,0,5.688,10.9,7.459,7.57,6.242,11.254,0,8.747,0,3.204,7.362,1.681,0,58.181,0,0,8.363,6.777,0,29.138,0,5.942,0,7.728,4.059
D300653:bin_000003,0,2.427,0,5.359,0,2.233,0,0,0,0,7.832,0,0,1.637,0,0,0,8.322,7.139,7.356,0,7.169,0,0,0,0,3.493,4.586,3.431,0,2.979,7.4,2.133,4.057,3.084,0,5.752,0,6.338,2.983,8.352,9.88,1.513,3.846,0,6.622,0,0,10.879,2.467,3.441,0,1.892,8.745,0,2.953,4.261,2.046,0,2.842,3.797,2.977,3.011,1.394,4.681,0,3.309,0,0,4.756,0,0,14.466,0,0,1.941,2.453,0,7.756,0,5.941,0,3.006,0
D300654:bin_000002,0,1.871,1.526,6.451,0,11.574,0,0,0,0,11.465,0,0,1.013,2.006,0,0,0,4.347,4.12,0,5.453,0,1.559,0,0,2.384,3.314,6.228,0,3.538,8.393,6.628,3.619,1.673,1.86,3.422,0,3.826,9.52,6.026,10.824,0,1.804,0,5.769,0,0,8.844,1.383,3.673,2.713,1.722,6.555,0,5.121,2.813,0,0,0,1.669,10.912,7.424,1.464,7.1,0,2.077,0,0,2.449,0,0,5.682,0,0,3.513,3.532,0,10.55,0,3.394,0,4.136,4.567
D300654:bin_000014,0,2.962,2.009,6.973,0,37.1,0,0,0,0,10.996,0,0,2.375,4.37,2.58,5.892,3.183,9.701,10.042,0,8.156,0,2.196,0,0,5.151,5.905,15.612,0,6.548,14.865,6.354,6.926,2.11,3.435,5.492,0,8.068,6.324,6.744,15.956,1.417,3.279,1.583,8.542,0,0,15.064,3.065,5.363,1.228,2.025,13.138,0,5.559,7.38,4.117,0,2.555,3.89,10.17,3.94,2.948,12.414,0,6.93,0,1.517,4.195,0,0,42.783,0,0,5.878,4.995,0,13.833,0,6.558,0,6.405,24.7
D300654:bin_000018,0,0,0,0,0,0,0,0,0,0,0,0,0,0,0,0,0,0,0,0,0,0,0,0,0,0,0,0,0,0,0,0,0,0,0,0,0,0,0,0,0,0,0,0,0,0,0,0,0,0,0,0,0,0,0,0,0,0,0,0,0,0,0,0,0,0,0,0,0,0,0,0,0,0,0,0,0,0,0,0,0,0,0,0
D300654:bin_000019,0,1.526,0,0,0,0,0,0,0,0,8.269,0,0,0,0,1.957,0,0,3.659,2.417,0,5.278,0,0,0,0,0,2.601,0,0,0,2.575,0,0,2.677,0,0,0,0,0,0,2.671,0,0,2.571,3.018,0,0,6.024,2.891,2.285,0,0,0,0,2.352,4.724,0,0,0,4.095,0,0,0,0,0,0,0,0,2.364,0,0,10.026,0,0,0,2.18,0,7.046,0,1.77,0,0,2.241
D300655:bin_000005,0,0,0,0,0,0,0,0,0,0,3.633,0,0,0,0,0,0,0,2.145,0,0,0,0,0,0,0,0,0,0,0,0,3.098,0,0,0,0,0,0,0,0,0,0,0,0,0,0,0,0,0,0,0,0,0,0,0,0,0,0,0,0,0,0,0,0,1.523,0,0,0,0,1.33,0,0,3.858,0,0,0,0,0,3.614,0,1.854,0,0,0
D300655:bin_000016,0,4.691,2.35,10.144,0,10.939,0,0,1.558,0,16.082,0,0,3.69,3.622,2.538,6.001,8.75,11.897,9.898,1.375,9.758,0,2.232,0,0,4.853,6.806,7.953,2.822,3.677,14.128,3.257,5.361,2.609,6.004,7.011,0,10.798,6.97,5.326,12.447,2.129,3.719,1.574,4.186,2.163,0,10.145,2.832,6.05,0,0,7.072,0,5.542,5.718,3.81,0,4.158,2.012,4.886,3.834,4.253,5.151,0,7.926,0,1.985,5.064,2.023,0,19.634,0,0,5.866,3.227,0,9.131,0,5.773,0,4.044,3.968
D300656:bin_000001,0,0,0,0,0,0,0,0,0,0,0,0,0,0,0,0,0,0,0,0,0,0,0,0,0,0,0,0,0,0,0,0,0,0,0,0,0,0,0,0,0,0,0,0,0,0,0,0,0,0,0,0,0,0,0,0,0,0,0,0,0,0,0,0,0,0,0,0,0,0,0,0,0,0,0,0,0,0,0,0,0,0,0,0
D300657:bin_000017,0,2.505,1.4,8.059,0,29.411,0,0,0,0,15.307,0,12.749,17.505,2.284,2.2,10.991,0,6.985,7.837,0,8.874,0,2.161,0,0,2.955,3.119,9.776,0,2.601,13.308,4.926,21.089,1.453,3.419,5.231,0,5.784,4.807,7.577,9.534,0,3.061,1.631,10.536,0,0,18.243,4.497,4.626,0,1.751,7.463,0,5.167,3.972,2.332,0,5.202,3.783,26.05,9.457,2.67,14.35,0,3.055,0,0,2.881,0,0,21.517,0,0,3.903,4.141,0,11.652,0,3.532,0,7.725,8.389
D300658:bin_000002,0,0,0,0,0,2.392,0,0,0,0,0,0,0,0,0,0,0,0,2.585,0,0,0,0,0,0,0,0,0,0,0,0,0,0,0,0,0,0,0,0,0,0,0,0,0,0,0,0,0,0,0,0,0,0,0,0,0,0,0,0,0,0,0,1.238,0,1.478,0,0,0,0,0,0,0,0,0,0,0,0,0,2.099,0,0,0,0,0
D300658:bin_000003,0,7.387,3.206,19.955,0,163.109,0,0,2.501,2.097,30.719,0,20.827,7.246,5.97,5.009,14.047,6.28,16.305,9.753,0,8.514,0,5.196,0,0,10.965,8.13,81.572,0,10.792,28.37,9.629,35.703,2.652,12.991,11.177,0,22.629,11.012,15.449,27.985,4.668,5.228,4.08,12.175,0,0,24.282,4.475,9.678,3.713,3.863,17.042,0,18.067,7.66,4.124,0,9.838,8.255,15.36,10.533,6.794,86.021,0,8.201,0,2.141,6.418,1.33,0,53.183,0,0,20.743,7.817,0,41.498,1.507,7.632,0,12.706,36.294
D300658:bin_000008,0,8.05,0,6.789,0,0,0,0,0,0,0,0,0,0,3.362,0,8.421,0,23.856,4.902,0,20.83,0,1.68,0,0,13.473,4.061,0,0,8.517,5.925,0,34.401,0,0,0,0,10.459,11.357,8.575,22.46,5.419,4.394,0,47.859,0,0,5.592,0,26.126,0,0,15.653,0,12.413,21.553,0,0,0,0,5.843,14.04,0,2.572,0,12.458,0,0,3.42,0,0,25.869,0,0,5.451,11.357,0,2.763,0,31.883,0,23.595,0
D300659:bin_000013,0,0,0,0,0,0,0,0,0,0,0,0,0,0,0,0,0,0,3.203,0,0,0,0,0,0,0,0,0,0,0,0,0,0,0,0,0,0,0,2.031,0,0,3.257,0,0,0,0,0,0,2.103,0,1.17,0,0,0,0,0,0,0,0,0,1.625,0,0,0,1.543,0,0,0,0,0,0,0,2.272,0,0,0,0,0,2.628,0,0,0,0,0
D300659:bin_000017,0,1.25,0,0,0,3.394,0,0,0,0,4.667,0,0,1.214,0,0,0,3.354,2.183,2.377,0,0,0,0,0,0,1.749,0,0,0,0,3.396,0,0,0,1.796,0,0,3.627,0,0,3.422,0,1.719,0,1.378,0,0,2.377,0,2.622,0,0,0,0,1.921,0,0,0,2.822,0,0,1.862,1.407,0,0,0,0,0,1.802,0,0,4.795,0,0,2.041,0,0,2.87,0,1.679,0,0,0
D300659:bin_000048,2.176,5.754,14.056,23.419,4.613,10.881,0,0,3.628,3.901,95.081,2.152,3.594,4.645,34.464,19.824,8.119,27.421,44.643,30.984,1.21,47.461,0,3.861,1.286,0,13.577,18.026,10.358,8.413,14.37,38.76,7.46,13.357,11.019,17.465,33.227,0,35.027,62.003,41.39,44.382,6.673,10.897,7.076,14.142,1.453,0,28.761,7.218,15.365,1.284,3.16,20.164,0,22.285,23.722,14.521,1.381,19.736,10.474,14.016,9.995,21.226,14.626,0,11.898,0,4.014,9.248,2.682,0,125.85,0,2.921,10.7,16.394,3.293,76.733,1.806,13.833,1.457,4.67,0
D300659:bin_000063,0,0,0,0,0,0,0,0,0,0,0,0,0,0,0,0,0,0,0,2.892,0,2.614,0,0,0,0,0,0,0,0,0,5.607,0,0,0,0,0,0,1.92,0,0,3.197,0,0,0,1.424,0,0,5.29,0,0,0,0,0,0,1.449,0,2.751,0,0,1.31,0,0,0,0,0,0,0,0,0,0,0,2.728,0,0,0,2.285,0,2.532,0,0,0,0,0
D300661:bin_000001,0,2.624,0,3.316,0,0,0,0,0,0,7.301,0,0,0,2.146,3.61,0,4.564,8.592,7.941,0,7.23,0,4.065,0,0,4.943,6.96,2.189,0,4.265,11.882,2.938,3.078,3.692,0,9.504,0,6.595,3.519,7.006,6.146,1.505,1.823,1.581,8.088,0,0,12.455,1.621,6.86,0,0,6.424,0,6.826,3.729,0,0,1.15,4.21,2.803,2.176,2.954,2.461,1.404,1.721,0,1.618,2.727,0,0,13.391,0,0,2.145,2.623,0,7.176,0,5.959,0,5,0
D300661:bin_000026,0,0,0,0,0,0,0,0,0,0,0,0,0,0,0,0,0,0,1.651,0,0,0,0,0,0,0,0,0,0,0,0,0,0,0,0,0,0,0,0,0,0,0,0,0,0,0,0,0,0,0,0,0,0,0,0,0,0,0,0,0,0,0,0,0,0,0,0,0,0,0,0,0,0,0,0,0,0,0,0,0,0,0,0,0
D300661:bin_000028,5.794,11.574,8.21,33.816,3.394,21.525,0,0,2.259,1.924,61.022,2.781,2.051,5.815,15.276,8.033,21.978,35.96,47.578,26.74,4.008,28.393,1.54,6.31,2.556,0,17.46,17.93,15.719,8.43,17.87,51.229,8.555,31.619,8.859,21.821,23.141,1.214,35.797,25.983,27.505,49.998,5.756,11.719,4.345,13.779,8.528,0,37.268,5.487,28.718,1.555,6.434,25.347,0,21.456,19.257,8.613,1.376,28.785,8.258,17.256,11.963,8.784,17.806,1.898,31.07,0,7.556,17.549,6.286,0,81.67,0,2.676,18.626,13.917,1.087,28.495,3.299,21.32,2.114,15.64,4.598
D300662:bin_000008,0,2.301,0,4.8,0,4.423,0,0,0,0,9.342,0,1.255,1.501,2.765,1.961,2.451,5.549,6.166,10.591,0,5.31,0,1.774,0,0,3.055,4.733,3.171,0,3.161,9.596,3.498,2.129,3.926,1.719,4.719,0,7.322,4.586,5.666,8.524,0,2.632,1.522,3.816,0,0,8.859,1.94,2.125,0,0,5.96,0,2.23,3.081,3.415,0,1.859,3.741,4.349,2.989,1.515,3.704,0,3.518,0,0,2.54,0,0,13.086,0,0,2.203,3.522,0,8.226,0,2.437,0,3.437,0
D300663:bin_000004,0,0,0,0,0,0,0,0,0,0,0,0,0,0,0,0,0,0,0,0,0,0,0,0,0,0,0,0,0,0,0,0,0,0,0,0,0,0,0,0,0,0,0,0,0,0,0,0,0,0,0,0,0,0,0,0,0,0,0,0,0,0,0,0,0,0,0,0,0,0,0,0,0,0,0,0,0,0,0,0,0,0,0,0
D300666:bin_000009,2.391,13.864,5.913,22.553,2.326,44.072,0,0,3.373,2.997,54.884,2.33,4.301,6.457,10.665,15.033,20.229,37.262,32.904,42.889,2.626,26.93,0,7.13,1.398,0,17.777,22.04,20.531,6.043,15.836,46.829,13.354,19.139,10.59,13.13,24.76,0,35.196,26.012,33.391,42.464,6.11,15.393,8.222,19.069,3.47,0,48.636,8.317,19.853,2.289,8.622,27.357,0,16.935,21.152,13.715,0,12.717,17.997,26.197,17.939,13.085,27.849,0,21.664,0,7.367,14.888,4.895,0,66.204,0,5.706,20.359,14.013,0,58.406,1.907,15.638,1.813,15.369,12.253
D300667:bin_000007,0,10.573,1.976,7.634,0,11.429,0,0,4.192,1.996,25.073,1.72,3.139,2.798,8.055,7.563,7.384,15.936,16.415,25.574,2.513,25.181,0,6.039,0,0,11.125,14.8,8.093,6.826,8.599,16.54,3.818,6.653,7.558,0,18.676,0,15.772,13.429,20.306,9.489,1.822,17.6,3.326,22.671,0,0,33.839,10.82,11.727,1.215,3.929,18.388,0,10.711,20.929,17.428,0,4.946,19.233,9.713,3.802,3.317,13.094,0,5.75,0,3.462,20.857,2.607,0,53.087,0,0,11.763,10.676,0,18.29,2.061,9.955,0,10.064,13.087
D300667:bin_000009,0,4.327,1.493,7.194,0,14.013,0,0,1.851,1.62,14.712,0,1.21,1.576,4.615,3.841,6.31,12.445,12.78,9.563,0,9.321,0,1.712,0,0,6.633,7.922,5.591,2.44,4.031,30.341,3.61,6.032,1.814,6.236,8.343,0,13.58,10.554,10.07,16.074,1.366,5.849,2.2,3.407,0,0,12.76,0,8.843,0,1.309,9.843,0,5.432,6.288,2.482,0,5.78,5.04,5.32,7.776,3.147,8.904,0,9.242,0,2.61,3.025,1.428,0,21.019,0,0,5.606,3.505,0,21.392,0,5.015,0,5.252,11.801
D300667:bin_000016,0,6.555,2.703,22.16,0,10.182,0,0,1.78,0,22.853,1.896,4.515,2.785,8.275,12.925,8.414,5.274,14.435,16.355,1.476,31.054,0,3.063,0,0,9.026,23.299,9.917,2.346,6.241,53.077,7.606,16.154,4.523,2.299,16.245,0,27.039,16.37,26.138,16.493,5.673,10.603,13.619,8.149,1.881,0,45.065,8.425,19.16,1.237,10.032,20.867,0,18.725,13.697,7.05,0,4.922,20.045,11.926,8.884,10.736,17.991,0,9.561,0,6.142,12.034,2.956,0,32.754,0,0,9.887,15.532,1.349,36.03,1.099,16.621,0,7.42,6.949
D300667:bin_000017,0,1.747,0,3.148,0,7.608,0,0,0,0,7.775,0,5.05,2.289,0,0,0,0,5.93,4.861,0,4.953,0,5.233,0,0,3.241,2.224,3.672,0,2.138,6.635,2.368,3.02,0,1.604,4.478,0,4.301,2.67,3.598,7.369,0,2.16,0,4.424,0,0,7.777,1.821,3.699,0,0,3.566,0,3.126,3.103,0,0,1.681,2.403,2.814,2.818,2.778,4.983,0,3.736,0,1.449,2.594,0,0,7.734,0,0,3.644,2.551,0,6.211,0,2.397,0,2.651,0
D300667:bin_000025,0,0,0,0,0,0,0,0,0,0,0,0,0,0,0,0,0,0,0,0,0,0,0,0,0,0,0,0,0,0,0,0,0,0,0,0,0,0,0,0,0,0,0,0,0,0,0,0,0,0,0,0,0,0,0,0,0,0,0,0,0,0,0,0,0,0,0,0,0,0,0,0,2.397,0,0,0,0,0,0,0,0,0,0,0
D300667:bin_000042,0,0,0,0,0,0,0,0,0,0,0,0,0,0,0,0,0,0,0,0,0,0,0,0,0,0,0,0,0,0,0,0,0,0,0,0,0,0,0,0,0,0,0,0,0,0,0,0,0,0,0,0,0,0,0,0,0,0,0,0,0,0,0,0,2.348,0,0,0,0,0,0,0,0,0,0,0,0,0,2.972,0,0,0,0,0
D300668:bin_000011,0,0,0,0,0,0,0,0,0,0,0,0,0,0,0,0,0,0,0,0,0,0,0,0,0,0,0,0,0,0,0,0,0,0,0,0,0,0,0,0,0,0,0,0,0,0,0,0,0,0,0,0,0,0,0,0,0,0,0,0,0,0,0,0,0,0,0,0,0,0,0,0,0,0,0,0,0,0,0,0,0,0,0,0
D300668:bin_000018,0,2.633,0,7.478,0,5.728,0,0,0,0,15.972,0,0,1.686,4.013,0,4.418,10.313,9.954,8.115,1.438,6.45,0,1.627,0,0,4.112,4.425,3.551,0,3.897,10.791,0,5.957,2.863,4.737,5.054,0,9.304,6.898,5.978,9.696,0,2.962,0,3.223,0,0,9.686,0,6.811,0,0,5.745,0,4.674,4.48,0,0,7.036,2.238,3.778,3.071,2.189,4.018,0,6.945,0,1.87,3.859,0,0,17.606,0,0,3.778,3.125,0,6.383,0,5.091,0,4.407,0
D300669:bin_000017,0,0,0,0,0,0,0,0,0,0,0,0,0,1.242,0,0,0,0,0,0,0,0,0,0,0,0,1.759,0,0,0,0,2.283,0,0,0,0,0,0,0,0,0,0,0,0,0,0,0,0,0,0,0,0,0,0,0,0,0,0,0,0,0,0,0,0,0,0,0,0,0,0,0,0,2.979,0,0,0,0,0,1.562,0,0,0,0,0
D300670:bin_000004,0,0,0,0,0,0,0,0,0,0,3.229,0,0,0,2.721,0,0,0,15.215,10.107,0,2.026,0,9.734,0,0,1.77,3.437,2.905,0,0,3.412,0,8.785,0,0,0,0,2.858,7.27,4.003,0,0,0,0,5.166,0,0,2.577,0,2.754,0,0,3.844,0,9.364,0,0,0,0,0,0,1.655,0,0,0,0,0,0,0,0,0,2.533,0,0,0,0,0,2.362,0,1.579,0,0,0
D300671:bin_000001,0,9.689,2.377,9.879,0,5.835,0,0,2.344,2.247,46.32,0,0,0,3.236,5.365,0,8.514,7.351,17.655,1.499,22.048,0,0,0,0,7.129,20.146,3.162,0,11.208,8.941,4.485,0,5.13,4.094,4.125,0,12.882,21.822,11.757,18.311,0,2.146,1.595,4.519,0,0,14.483,7.012,7.169,0,2.2,6.559,0,6.196,5.486,12.174,0,6.826,8.682,7.424,0,3.131,12.396,0,2.888,0,2.442,7.596,1.907,0,38.896,0,0,1.636,15.896,0,11.072,0,7.846,1.374,1.537,8.764
D300671:bin_000005,0,0,0,0,0,7.067,0,0,0,0,0,0,0,0,0,0,0,0,0,0,0,0,0,0,0,0,0,0,3.413,0,0,0,0,0,0,0,0,0,0,0,0,0,0,0,0,0,0,0,0,0,0,0,0,0,0,0,0,0,0,0,0,0,0,0,0,0,0,0,0,0,0,0,0,0,0,0,0,0,0,0,0,0,0,0
D300671:bin_000010,0,0,0,0,0,0,0,0,0,0,0,0,0,0,0,0,0,0,0,0,0,0,0,0,0,0,0,0,0,0,0,0,0,0,0,0,0,0,0,0,0,0,0,0,0,0,0,0,0,0,0,0,0,0,0,0,0,0,0,0,0,0,0,0,0,0,0,0,0,0,0,0,0,0,0,0,0,0,0,0,0,0,0,0
IKPB:bin_000001,0,3.878,1.345,4.226,0,4.586,0,0,0,0,9.361,0,0,6.171,1.929,3.281,2.445,18.569,6.427,2.989,0,2.256,0,0,0,0,4.37,3.34,2.709,0,0,6.076,0,0,3.35,2.813,4.099,0,4.926,2.893,6.941,6.186,0,4.818,0,3.128,0,0,6.222,0,3.929,0,1.299,6.424,0,3.626,6.086,0,0,14.642,2.624,0,6.142,3.198,3.065,1.192,9.334,0,2.704,4.374,0,0,6.884,0,0,1.881,0,0,6.476,0,5.588,0,3.434,0
IKPB:bin_000002,0,0,0,0,0,0,0,0,0,0,0,0,0,0,0,0,0,0,0,0,0,0,0,0,0,0,0,0,0,0,0,0,0,0,0,0,0,0,0,0,0,0,0,0,0,0,0,0,0,0,0,0,0,0,0,0,0,0,0,0,0,0,0,0,0,0,0,0,0,0,0,0,0,0,0,0,0,0,0,0,0,0,0,0
IKPB:bin_000003,0,0,0,0,0,0,0,0,0,0,0,0,0,0,0,0,0,0,0,0,0,0,0,0,0,0,1.431,0,0,0,0,0,0,0,0,0,0,0,0,0,0,0,0,0,0,0,0,0,0,0,0,0,0,0,0,1.331,0,0,0,0,0,0,0,0,0,0,0,0,0,0,0,0,0,0,0,0,0,0,0,0,1.922,0,0,0
IKPB:bin_000004,0,0,0,0,0,0,0,0,0,0,0,0,0,0,0,0,0,0,1.105,1.893,0,2.494,0,0,0,0,0,0,0,0,0,2.2,0,0,0,0,2.596,0,2.459,0,0,0,0,0,0,0,0,0,1.853,0,0,0,0,0,0,0,0,0,0,0,0,0,0,0,1.09,0,0,0,0,0,0,0,0,0,0,0,0,0,1.185,0,1.219,0,0,0
IKPB:bin_000005,0,0,0,0,0,0,0,0,0,0,0,0,0,0,0,0,0,0,1.088,0,0,0,0,0,0,0,0,0,0,0,0,0,0,0,0,0,0,0,0,0,0,0,0,0,0,0,0,0,0,0,0,0,0,0,0,0,0,0,0,0,0,0,0,0,0,0,0,0,0,0,0,0,0,0,0,0,0,0,0,0,0,0,0,0
IKPB:bin_000006,0,0,0,0,0,0,0,0,0,0,0,0,0,0,0,0,0,0,0,0,0,0,0,0,0,0,0,0,0,0,0,0,0,0,0,0,0,0,0,0,0,0,0,0,0,0,0,0,0,0,0,0,0,0,0,0,0,0,0,0,0,0,0,0,0,0,0,0,0,0,0,0,0,0,0,0,0,0,0,0,0,0,0,0
IKPB:bin_000007,0,0,0,0,0,0,0,0,0,0,0,0,0,0,0,0,0,0,0,0,0,0,0,0,0,0,0,0,0,0,0,0,0,0,0,0,0,0,0,0,0,0,0,0,1.924,0,0,0,2.409,0,0,0,0,0,0,0,0,2.626,0,0,0,0,0,0,0,0,0,0,0,2.023,0,0,3.971,0,0,0,0,0,2.108,0,0,0,0,0
IKPB:bin_000008,0,2.047,1.255,4.232,0,1.923,0,0,0,0,4.685,0,0,0,2.213,0,6.434,3.333,8.813,5.677,0,15.237,0,2.003,0,0,3.652,4.485,5.421,0,7.427,8.033,0,11.302,1.396,0,7.1,0,2.56,1.686,5.363,6.146,3.998,4.371,0,13.668,0,0,2.169,0,8.922,0,2.175,8.155,0,3.21,4.093,2.035,0,2.822,1.755,4.413,2.081,2.551,3.197,0,2.552,0,0,5.187,1.28,0,12.185,0,1.842,1.903,3.453,0,3.544,1.23,17.542,1.433,7.56,0
IKPB:bin_000010,0,0,0,0,0,0,0,0,0,0,0,0,0,0,0,0,0,0,0,0,0,0,0,0,0,0,0,0,0,0,0,0,0,0,0,0,0,0,0,0,0,0,0,0,0,0,0,0,0,0,0,0,0,0,0,0,0,0,0,0,0,0,0,0,0,0,0,0,0,0,0,0,0,0,0,0,0,0,0,0,0,0,0,0
IKPB:bin_000013,0,2.287,1.398,0,0,0,0,0,0,0,9.696,0,0,0,0,0,0,2.711,5.595,3.101,0,4.696,0,1.442,0,0,0,4.276,2.033,0,2.154,7.206,1.917,2.121,1.44,0,8.56,0,0,4.054,2.15,0,0,0,0,2.377,0,0,7.039,0,2.57,0,0,2.468,0,1.385,0,0,0,1.543,1.231,0,0,0,2.952,0,0,0,0,3.015,0,0,22.487,0,0,0,2.917,0,2.337,0,5.894,0,1.533,0
IKPB:bin_000014,0,1.448,0,4.131,0,2.219,0,0,0,0,5.278,0,0,1.26,0,0,0,4.548,5.134,5.302,0,3.273,0,0,0,0,2.243,3.447,2.127,0,2.743,4.74,0,2.461,0,1.293,3.511,0,2.724,0,6.423,4.821,0,2.111,0,2.068,0,0,5.554,1.59,0,0,0,2.712,0,3.044,3.617,0,0,1.754,1.992,2.66,0,0,2.384,0,0,0,0,2.67,0,0,8.802,0,0,2.07,0,0,4.244,0,2.251,0,1.616,0
IKPB:bin_000015,0,0,0,0,0,0,0,0,0,0,0,0,0,0,0,0,0,0,0,0,0,0,0,0,0,0,0,0,0,0,0,0,0,0,0,0,0,0,0,0,0,0,0,0,0,0,0,0,0,0,0,0,0,0,0,0,0,0,0,0,0,0,0,0,0,0,0,0,0,0,0,0,0,0,0,0,0,0,0,0,0,0,0,0
IKPB:bin_000016,0,0,0,0,0,0,0,0,0,0,0,0,0,0,0,0,0,0,1.437,0,0,0,0,0,0,0,0,0,0,0,0,0,0,0,0,0,0,0,0,0,0,0,0,0,0,0,0,0,0,0,0,0,0,2.502,0,0,0,0,0,0,0,0,0,0,0,0,0,0,0,0,0,0,0,0,0,0,0,0,1.376,0,0,0,0,0
IKPB:bin_000017,0,2.309,1.378,3.075,0,6.181,0,0,0,0,7.619,0,0,2.144,1.978,2.631,0,3.784,6.589,3.556,0,0,0,0,0,0,3.289,0,2.877,0,1.785,5.35,2.814,2.096,0,2.665,3.665,0,2.977,3.105,3.311,5.185,0,1.888,0,4.206,0,0,5.288,1.275,4.475,0,2.023,2.631,0,2.32,2.991,0,0,3.11,2.786,0,4.564,3.128,5.501,0,2.697,0,1.652,2.842,0,0,5.695,0,0,2.598,0,0,10.668,0,2.083,0,2.001,0
IKPB:bin_000020,0,0,0,0,0,0,0,0,0,0,0,0,0,0,0,0,0,0,0,0,0,0,0,0,0,0,0,0,0,0,0,0,0,0,0,0,0,0,0,0,0,0,0,0,0,0,0,0,0,0,0,0,0,0,0,0,0,0,0,0,0,0,0,0,0,0,0,0,0,0,0,0,0,0,0,0,0,0,1.204,0,0,0,0,0
IKPB:bin_000021,0,0,0,0,0,0,0,0,0,0,0,0,0,0,0,0,0,0,0,0,0,0,0,0,0,0,0,0,0,0,0,0,0,0,0,0,0,0,0,0,0,0,0,0,0,1.448,0,0,0,0,0,0,0,0,0,0,0,0,0,0,0,0,0,0,0,0,0,0,0,0,0,0,5.238,0,0,0,0,0,0,0,1.737,0,0,0
IKPB:bin_000022,0,0,0,0,0,0,0,0,0,0,3.566,1.223,0,0,0,0,0,1.867,3.508,4.436,0,2.339,0,0,0,0,2.524,2.93,0,0,2.075,6.069,0,0,0,0,3.821,0,1.921,0,4.362,0,0,2.175,0,0,0,0,2.581,0,0,0,0,0,0,1.768,3.089,0,0,1.137,2.182,0,0,1.477,1.454,0,0,0,0,0,0,0,5.134,0,0,0,0,0,1.519,0,0,0,0,0
IKPB:bin_000023,0,0,0,2.684,0,0,0,0,0,0,3.959,0,0,0,0,0,0,0,1.343,4.049,0,0,0,0,0,0,1.272,2.114,0,0,0,2.578,0,0,0,0,3.808,0,0,0,2.399,0,0,0,0,1.986,0,0,0,0,0,0,0,0,0,0,0,0,0,0,1.998,0,0,0,0,0,0,0,0,0,0,0,4.545,0,0,0,0,0,4.465,0,0,0,0,0
IKPB:bin_000024,0,0,1.645,5.716,0,2.149,0,0,0,0,13.757,11.123,8.159,0,1.748,2.908,9.893,1.798,4.536,10.069,3.058,3.775,0,8.113,1.587,0,1.403,18.02,2.403,0,9.185,15.718,2.037,0,3.13,0,24.527,0,79.104,0,22.247,0,0,7.159,8.608,4.8,1.482,0,20.383,4.488,14.542,1.174,3.302,3.624,0,5.18,2.953,3.135,0,5.552,6.561,2.732,2.668,1.889,8.116,2.275,4.002,0,9.13,18.548,0,0,13.511,0,3.571,4.918,2.712,0,12.936,3.195,6.359,0,0,1.663
IKPB:bin_000025,0,0,0,0,0,0,0,0,0,0,0,0,0,0,0,0,0,0,0,0,0,0,0,0,0,0,0,0,0,0,0,0,0,0,0,0,0,0,0,0,0,0,0,0,0,0,0,0,0,0,0,0,0,0,0,0,0,0,0,0,0,0,0,0,0,0,0,0,0,0,0,0,0,0,0,0,0,0,0,0,0,0,0,0
IKPB:bin_000026,0,0,0,0,0,0,0,0,0,0,0,0,0,0,0,0,0,0,0,0,0,0,0,0,0,0,0,0,0,0,0,0,0,0,0,0,0,0,0,0,0,0,0,0,0,0,0,0,0,0,0,0,0,0,0,0,0,0,0,0,0,0,0,0,0,0,0,0,0,0,0,0,0,0,0,0,0,0,0,0,0,0,0,0
IKPB:bin_000027,0,0,0,0,0,0,0,0,0,0,0,0,0,0,0,0,0,0,0,0,0,0,0,0,0,0,0,0,0,0,0,0,0,0,0,0,0,0,0,0,0,0,0,0,0,0,0,0,0,0,0,0,0,0,0,0,0,0,0,0,0,0,0,0,0,0,0,0,0,0,0,0,0,0,0,0,0,0,0,0,0,0,0,0
IKPB:bin_000030,0,0,0,0,0,0,0,0,0,0,0,0,0,0,0,0,0,0,0,0,0,0,0,0,0,0,0,0,0,0,0,0,0,0,0,0,0,0,0,0,0,0,0,0,0,0,0,0,0,0,0,0,0,0,0,0,0,0,0,0,0,0,0,0,0,0,0,0,0,0,0,0,0,0,0,0,0,0,0,0,0,0,0,0
IKPB:bin_000031,0,0,0,0,0,0,0,0,0,0,0,0,0,0,0,0,0,0,0,0,0,0,0,0,0,0,0,0,0,0,0,0,0,0,0,0,0,0,0,0,0,0,0,0,0,0,0,0,0,0,0,0,0,0,0,0,0,0,0,0,0,0,0,0,0,0,0,0,0,0,0,0,0,0,0,0,0,0,0,0,0,0,0,0
IKPB:bin_000032,0,0,0,0,0,0,0,0,0,0,0,0,0,0,0,0,0,0,0,0,0,0,0,0,0,0,0,0,0,0,0,0,0,0,0,0,0,0,0,0,0,0,0,0,0,0,0,0,0,0,0,0,0,0,0,0,0,0,0,0,0,0,0,0,0,0,0,0,0,0,0,0,0,0,0,0,0,0,0,0,0,0,0,0
IKPB:bin_000033,0,0,0,0,0,0,0,0,0,0,5.214,0,0,0,0,0,0,2.092,1.883,7.499,0,0,0,0,0,0,0,0,0,0,0,4.343,0,0,0,0,2.318,0,2.881,0,2.347,0,0,1.746,0,0,0,0,3.732,0,0,0,0,1.968,0,1.857,0,0,0,0,2.289,0,0,0,0,0,0,0,0,0,0,0,4.995,0,0,0,0,0,3.547,0,1.652,0,0,0
IKPB:bin_000034,0,0,0,4.298,0,0,0,0,0,1.647,5.925,0,0,5.317,0,0,0,10.994,5.285,0,0,3.158,0,0,0,0,0,0,2.664,0,0,0,0,0,0,0,0,0,4.987,0,4.664,0,0,0,0,2.952,0,0,4.634,0,3.306,0,0,0,0,0,3.16,0,0,2.424,0,0,0,2.266,1.89,0,3.179,0,5.73,0,0,0,0,0,0,3.27,0,0,2.869,0,4.043,0,1.744,0
IKPB:bin_000036,0,0,0,0,0,2.813,0,0,0,0,3.144,0,0,0,0,0,2.537,0,1.488,0,0,3.217,0,2.818,0,0,1.747,0,2.068,0,0,5.191,0,8.072,0,0,0,0,2.682,0,2.103,2.204,0,0,0,17.628,0,0,0,0,4.029,0,0,6.634,0,1.365,0,0,0,0,0,3.869,5.487,0,3.378,0,0,0,0,1.451,0,0,3.791,0,0,2.391,4.422,0,5.427,0,1.964,0,2.997,0
IKPB:bin_000037,0,0,0,0,0,0,0,0,0,0,0,0,0,0,0,0,0,0,0,0,0,0,0,0,0,0,0,0,0,0,0,0,0,0,0,0,0,0,0,0,0,0,0,0,0,0,0,0,0,0,0,0,0,0,0,0,0,0,0,0,0,0,0,0,0,0,0,0,0,0,0,0,0,0,0,0,0,0,0,0,0,0,0,0
IKPB:bin_000038,0,0,0,0,0,0,0,0,0,0,0,0,0,0,0,0,0,0,0,0,0,0,0,0,0,0,0,0,0,0,0,0,0,0,0,0,0,0,0,0,0,0,0,0,0,1.377,0,0,0,0,0,0,0,0,0,0,0,0,0,0,0,0,0,0,2.558,0,0,0,0,0,0,0,0,0,0,3.532,0,0,0,0,0,0,0,0
IKPB:bin_000040,0,0,0,0,0,0,0,0,0,0,5.57,0,0,0,0,0,0,0,2.364,7.224,0,3.282,0,0,0,0,0,3.354,0,0,0,3.02,0,0,0,0,3.027,0,2.415,0,4.131,0,0,0,0,0,0,0,3.527,0,1.771,0,0,3.057,0,1.854,0,0,0,0,2.814,0,0,0,0,0,0,0,0,0,0,0,6.429,0,0,0,0,0,4.16,0,0,0,0,0
IKPB:bin_000041,0,0,0,0,0,0,0,0,0,0,0,0,0,0,0,0,0,0,0,0,0,0,0,0,0,0,0,0,0,0,0,0,0,0,0,0,0,0,0,0,0,0,0,0,0,0,0,0,0,0,0,0,0,0,0,0,0,0,0,0,0,0,0,0,0,0,0,0,0,0,0,0,0,0,0,0,0,0,0,0,0,0,0,0
IKPB:bin_000042,0,0,0,0,0,5.308,0,0,0,0,0,0,0,0,0,0,0,0,0,0,0,0,0,0,0,0,0,0,0,0,0,0,0,0,0,0,0,0,0,0,0,0,0,0,0,0,0,0,0,0,0,0,0,0,0,0,0,0,0,0,0,0,0,0,1.336,0,0,0,0,0,0,0,0,0,0,0,0,0,5.008,0,0,0,0,0
IKPB:bin_000043,0,0,0,0,0,0,0,0,0,0,0,0,0,0,0,0,0,0,1.363,0,0,0,0,0,0,0,0,0,0,0,0,0,0,0,0,0,0,0,0,0,0,1.949,0,0,0,0,0,0,0,0,0,0,0,0,0,0,0,0,0,0,0,0,0,0,0,0,0,0,0,0,0,0,0,0,0,0,0,0,1.202,0,0,0,0,0
IKPB:bin_000044,0,0,0,0,0,0,0,0,0,0,0,0,0,0,0,0,0,0,0,0,0,0,0,0,0,0,0,0,0,0,0,0,0,0,0,0,0,0,0,0,0,0,0,0,0,0,0,0,0,0,0,0,0,0,0,0,0,0,0,0,0,0,0,0,0,0,0,0,0,0,0,0,0,0,0,0,0,0,0,0,0,0,0,0
IKPB:bin_000045,0,0,0,0,0,0,0,0,0,0,3.054,0,0,0,0,0,0,0,3.241,0,0,2.516,0,1.757,0,0,0,6.102,0,0,0,4.241,0,0,1.475,0,3.645,0,2.84,0,2.515,0,0,1.742,0,3.271,0,0,6.096,0,1.868,0,0,2.309,0,1.728,0,4.682,0,0,1.999,0,0,0,2.781,0,0,0,0,0,0,0,9.206,0,0,1.703,0,0,1.62,0,0,0,0,0
IKPB:bin_000046,0,0,0,0,0,0,0,0,0,0,0,0,0,0,0,0,0,0,0,0,0,0,0,0,0,0,0,0,0,0,0,0,0,0,0,0,0,0,0,0,0,0,0,0,0,2.555,0,0,0,0,0,0,0,0,0,0,0,0,0,0,0,2.828,0,0,1.876,0,0,0,0,0,0,0,0,0,0,0,0,0,2.304,0,1.57,0,1.997,0
IKPB:bin_000047,0,0,0,0,0,0,0,0,0,0,0,0,0,0,0,0,0,0,0,0,0,0,0,0,0,0,0,0,0,0,0,0,0,0,0,0,0,0,0,0,0,0,0,0,0,0,0,0,0,0,0,0,0,0,0,0,0,0,0,0,0,0,0,0,0,0,0,0,0,0,0,0,0,0,0,0,0,0,0,0,0,0,0,0
IKPB:bin_000048,0,0,0,0,0,0,0,0,0,0,0,0,0,0,0,0,0,0,0,0,0,0,0,0,0,0,0,0,0,0,0,0,0,0,0,0,0,0,0,0,0,0,0,0,0,0,0,0,0,0,0,0,0,0,0,0,0,0,0,0,0,0,0,0,0,0,0,0,0,0,0,0,0,0,0,0,0,0,0,0,0,0,0,0
IKPB:bin_000049,0,0,0,0,0,2.321,0,0,0,0,3.297,0,0,0,0,0,0,2.797,2.405,0,0,0,0,0,0,0,0,0,0,0,1.809,3.533,0,0,0,1.632,0,0,2.091,1.75,3.142,3.237,0,0,0,0,0,0,4.429,0,2.165,0,0,0,0,1.268,0,0,0,2.021,0,0,1.416,0,2.317,0,0,0,0,0,0,0,3.63,0,0,1.316,0,0,2.564,0,1.303,0,0,0
IKPB:bin_000050,0,0,0,0,0,0,0,0,0,0,0,0,0,0,0,0,0,0,0,0,0,0,0,0,0,0,0,0,0,0,0,0,0,0,0,0,0,0,0,0,0,0,0,0,0,0,0,0,0,0,0,0,0,0,0,0,0,0,0,0,0,0,0,0,0,0,0,0,0,0,0,0,0,0,0,0,0,0,0,0,0,0,0,0
IKPB:bin_000051,0,0,0,0,0,3.604,0,0,0,0,4.94,0,0,1.685,0,0,0,5.31,3.04,5.072,0,0,0,0,0,0,2.39,0,0,0,2.064,5.478,0,0,0,0,0,0,3.593,2.194,3.383,3.643,0,0,0,1.797,0,0,5.551,0,1.541,0,0,2.853,0,1.612,2.46,0,0,2.253,1.716,0,1.976,1.623,0,0,2.547,0,0,1.484,0,0,8.93,0,0,1.91,0,0,3.994,0,1.677,0,1.379,0
IKPB:bin_000052,0,2.801,3.04,7.131,0,2.397,0,0,0,4.054,13.903,1.263,1.19,11.935,1.865,0,0,22.154,5.868,0,0,2.721,3.12,0,0,0,2.639,3.925,3.212,0,2.36,4.493,0,3.016,0,4.314,2.665,0,5.096,3.941,9.753,8.369,3.202,0,0,2.836,4.932,0,3.331,0,10.351,0,0,5.472,0,2.527,10.102,0,0,8.826,0,0,2.508,3.216,0,2.693,10.321,0,12.555,2.841,0,0,9.599,0,0,2.874,0,1.511,3.849,0,14.056,0,3.389,0
IKPB:bin_000053,0,0,1.03,0,0,0,0,0,0,0,3.899,2.175,0,1.471,0,2.073,1.927,2.171,16.252,9.658,0,6.502,0,0,0,0,3.995,2.47,8.29,0,3.928,9.865,2.533,11.684,0,0,12.154,0,8.61,7.01,4.003,20.414,0,4.631,1.673,2.167,0,0,0,0,15.389,0,1.422,2.617,0,6.12,3.719,0,0,0,1.855,5.563,7.338,2.282,1.799,1.148,5.969,0,0,8.462,1.813,0,6.615,0,0,2.02,1.732,0,5.538,0,2.514,0,0,3.591
IKPB:bin_000054,0,4.599,2.386,12.287,2.444,31.053,0,0,2.601,1.317,18.376,1.272,2.167,1.734,4.52,7.468,8.621,12.2,20.894,14.682,1.986,24.879,0,6.287,0,0,9.895,16.361,14.502,0,8.34,18.029,6.487,6.579,6.412,2.065,13.493,0,19.319,9.61,15.827,13.53,3.778,5.091,5.405,6.32,0,0,22.75,2.91,10.227,0,7.255,23.15,0,7.903,14.975,6.177,0,4.764,13.972,13.035,8.01,7.683,15.68,0,11.349,0,2.954,9.342,3.068,0,48.733,0,0,8.199,5.45,0,66.948,1.478,5.897,0,8.547,7.74
IKPB:bin_000055,0,7.336,1.866,3.405,0,7.217,0,0,0,0,5.887,0,2.542,4.017,2.284,0,2.318,3.743,5.811,2.581,0,9.991,0,1.351,0,0,9.235,2.838,3.214,0,14.505,15.3,0,6.614,1.944,3.023,3.883,0,4.152,0,4.066,8.456,3.463,1.806,1.282,14.801,0,0,29.524,1.541,4.139,0,2.261,38.042,0,3.989,8.099,2.309,0,0,2.387,4.835,6.914,1.914,9.357,0,8.089,0,3.083,3.249,0,0,28.581,0,0,8.453,3.037,0,9.156,0,16.237,0,18.089,2.434
IKPB:bin_000056,0,0,0,0,0,0,0,0,0,0,0,0,0,0,0,0,0,0,0,0,0,0,0,0,0,0,0,0,0,0,0,0,0,0,0,0,0,0,0,0,0,0,0,0,0,0,0,0,0,0,0,0,0,0,0,0,0,0,0,0,0,0,0,0,0,0,0,0,0,0,0,0,0,0,0,0,0,0,0,0,0,0,0,0
IKPB:bin_000061,0,7.96,5.53,22.53,0,12.493,0,0,5.101,2.625,27.097,0,3.482,2.396,8.383,7.618,6.315,23.725,13.986,22.436,0,28.302,0,2.916,0,0,13.297,16.2,9.691,2.494,11.118,32.907,4.763,9.046,8.347,3.733,19.416,0,23.513,16.51,22.036,21.521,3.669,7.346,5.686,5.556,0,0,28.736,8.703,12.693,0,4.886,23.942,0,9.556,15.863,12.251,0,7.908,13.949,10.94,7.777,8.966,13.248,1.196,9.352,0,4.129,8.746,1.669,0,60.03,0,0,11.279,9.109,0,30.356,1.17,6.46,1.395,5.622,3.51
IKPB:bin_000062,0,0,0,2.991,0,0,0,0,0,0,3.61,0,0,0,0,2.002,0,0,2.764,5.583,0,0,0,0,0,0,0,0,0,0,0,0,0,0,1.5,0,3.303,0,0,0,0,3.65,0,0,0,0,0,0,3.144,1.33,2.018,0,0,2.53,0,2.939,2.574,0,0,0,1.787,0,0,0,0,0,2.095,0,0,3.178,0,0,5.52,0,0,1.52,0,0,1.926,0,2.516,0,0,0
IKPB:bin_000063,0,0,0,0,0,3.533,0,0,0,0,0,0,0,0,0,0,0,0,3.042,0,0,2.144,0,0,0,0,0,1.968,3.188,0,0,0,2.235,0,0,0,0,0,0,1.89,2.402,2.446,0,0,0,2.085,0,0,6.239,0,1.326,0,0,4.351,0,0,0,0,1.3,0,0,13.378,0,0,6.887,0,0,0,0,1.224,0,0,0,0,0,1.375,0,0,6.698,0,0,0,0,0
IKPB:bin_000064,0,0,0,0,0,26.844,0,0,0,0,0,0,0,0,0,0,0,0,0,0,0,0,0,0,0,0,0,0,3.784,0,0,0,0,0,0,0,0,0,0,0,0,0,0,0,0,0,0,0,3.724,0,0,0,0,0,0,0,0,0,0,0,0,5.427,0,0,1.388,0,0,0,0,0,0,0,0,0,0,1.333,0,0,1.727,0,0,0,0,0
IKPB:bin_000065,0,0,0,0,0,18.94,0,0,0,0,0,0,0,0,0,0,0,0,4.995,0,0,0,0,0,0,0,0,0,0,0,0,0,0,0,0,0,0,0,0,0,0,0,0,0,0,0,0,0,0,0,0,0,0,0,0,0,0,0,0,0,0,0,0,0,4.533,0,0,0,0,0,0,0,2.984,0,0,0,0,0,31.989,0,0,0,0,0
IKPB:bin_000066,0,3.516,2.638,11.454,2.336,15.895,0,0,2.588,1.133,11.512,0,3.115,7.137,5.698,6.804,5.348,10.354,16.925,11.509,1.334,7.305,0,3.203,0,0,9.639,16.729,9.457,0,7.595,14.285,14.453,7.757,8.452,4.619,9.435,0,10.251,12.409,15.314,13.42,3.28,5.797,2.832,5.7,0,0,18.559,4.326,7.416,0,3.777,13.233,0,8.268,8.365,11.013,0,3.751,6.898,16.329,8.404,7.701,13.278,0,10.38,0,2.864,7.031,1.621,0,21.092,0,0,8.859,7.468,0,27.429,1.171,6.328,1.149,7.182,6.918
IKPB:bin_000067,0,1.644,0,2.878,0,4.205,0,0,0,0,5.882,0,0,2.391,0,0,0,4.799,3.08,4.914,0,0,0,0,0,0,2.877,0,0,0,2.231,5.785,0,0,0,1.685,2.286,0,3.785,2.351,3.012,4.16,0,0,0,1.881,0,0,6.463,0,1.464,0,0,2.89,0,1.694,2.316,0,0,2.743,2.131,0,2.208,1.69,0,0,3.027,0,0,1.473,0,0,8.679,0,0,2.064,0,0,3.998,0,1.666,0,1.715,0
IKPB:bin_000068,0,0,0,0,0,12.422,0,0,0,0,0,0,0,0,0,0,2.263,0,0,0,0,0,0,0,0,0,0,0,3.135,0,0,0,0,0,0,0,0,0,0,0,0,0,0,0,0,0,0,0,0,0,0,0,0,0,0,0,0,0,0,0,0,0,0,0,2.759,0,0,0,0,0,0,0,0,0,0,0,0,0,2.084,0,0,0,0,2.259
IKPB:bin_000069,0,0,0,3.63,0,0,0,0,0,0,5.502,0,0,0,0,0,3.106,0,6.466,9.569,0,8.242,0,2.022,0,0,5.503,3.792,0,0,0,13.729,3.004,2.925,0,0,3.519,0,7.933,0,5.557,3.847,1.616,0,0,5.495,0,0,7.905,0,5.222,0,2.427,4.616,0,6.48,0,0,0,0,2.608,0,0,0,2.718,0,2.288,0,0,5.312,0,0,10.543,0,0,2.069,3.994,0,5.37,0,2.475,0,1.686,0
IKPB:bin_000070,0,0,0,0,0,0,0,0,0,0,0,0,0,0,0,0,0,0,0,2.709,0,0,0,0,0,0,0,0,0,0,0,0,0,0,0,0,0,0,0,0,0,0,0,0,0,0,0,0,0,0,0,0,0,0,0,0,0,0,0,0,0,0,0,0,0,0,0,0,0,0,0,0,2.515,0,0,0,0,0,0,0,0,0,0,0
IKPB:bin_000071,0,0,0,0,0,0,0,0,0,0,0,0,0,0,0,0,0,0,0,0,0,0,0,0,0,0,0,0,0,0,0,0,0,0,0,0,0,0,0,0,0,0,0,0,0,0,0,0,0,0,0,0,0,0,0,0,0,0,0,0,0,0,0,0,0,0,0,0,0,0,0,0,0,0,0,0,0,0,0,0,0,0,0,0
IKPB:bin_000072,0,0,0,0,0,0,0,0,0,0,0,0,0,0,0,0,0,0,0,0,0,4.597,0,1.873,0,0,0,4.204,0,0,3.464,5.398,0,0,0,0,3.681,0,5.85,0,3.721,0,0,0,1.687,2.635,0,0,7.649,0,0,0,1.674,0,0,2.095,2.791,3.15,0,0,2.019,0,0,0,3.95,0,0,0,0,0,0,0,10.725,0,0,0,0,0,4.213,0,2.26,0,0,0
IKPB:bin_000073,0,1.452,0,3.279,0,2.887,0,0,0,0,3.514,0,0,1.411,1.71,2.134,0,5.745,3.917,3.564,0,3.349,0,0,0,0,6.021,2.134,3.407,0,0,4.819,0,0,1.991,0,4.108,0,2.956,1.992,5.283,0,0,2.379,0,0,0,0,4.472,0,0,0,0,2.317,0,2.746,3.072,0,0,0,1.852,0,2.255,1.441,2.481,0,2.263,0,0,2.095,0,0,8.829,0,0,1.575,0,0,4.859,0,1.998,0,0,0
IKPB:bin_000074,0,0,0,0,0,5.177,0,0,0,0,0,0,0,0,0,0,0,0,0,0,0,0,0,0,0,0,0,0,0,0,0,0,0,0,0,0,0,0,0,0,0,0,0,0,0,0,0,0,0,0,0,0,0,0,0,0,0,0,0,0,0,0,0,0,0,0,0,0,0,0,0,0,0,0,0,0,0,0,1.833,0,0,0,0,0
IKPB:bin_000075,0,0,0,0,0,4.456,0,0,0,0,2.599,0,0,0,0,0,0,0,2.722,0,0,0,0,0,0,0,0,0,0,0,0,0,0,0,0,0,0,0,0,0,0,1.995,0,0,0,0,0,0,2.05,0,0,0,0,0,0,0,0,0,0,0,0,2.027,0,0,2.718,0,0,0,0,0,0,0,2.07,0,0,0,0,0,6.107,0,0,0,0,0
IKPB:bin_000076,0,0,0,0,0,5.118,0,0,0,0,0,0,0,0,0,0,0,0,2.153,0,0,1.816,0,0,0,0,0,0,0,0,0,0,0,0,0,0,0,0,0,0,1.904,0,0,0,0,0,0,0,0,0,0,0,0,0,0,0,0,0,0,0,0,2.476,0,0,2.201,0,0,0,0,0,0,0,2.049,0,0,0,0,0,4.41,0,0,0,0,0
IKPB:bin_000078,0,0,0,0,0,0,0,0,0,0,0,0,0,0,0,0,0,0,3.027,0,0,0,0,0,0,0,0,0,0,0,0,0,0,0,0,0,0,0,3.585,0,0,0,0,0,0,0,0,0,3.551,0,0,0,0,2.571,0,0,0,0,0,0,0,2.78,0,0,1.967,0,2.429,0,0,1.537,0,0,5.659,0,0,0,0,0,3.689,0,0,0,0,0
IKPB:bin_000080,0,0,0,0,0,0,0,0,0,0,0,0,0,0,0,0,0,0,0,0,0,0,0,0,0,0,0,0,5.102,0,0,0,0,0,0,0,0,0,0,0,0,0,0,0,0,0,0,0,0,0,0,0,0,0,0,0,0,0,0,0,0,0,0,0,0,0,0,0,0,0,0,0,2.501,0,0,0,0,0,0,0,0,0,0,0
IKPB:bin_000081,0,0,0,0,0,0,0,0,0,0,0,0,0,0,0,0,0,0,0,0,0,0,0,0,0,0,0,0,0,0,0,0,0,0,0,0,0,0,0,0,0,0,0,0,0,0,0,0,0,0,0,0,0,0,0,0,0,0,0,0,0,0,0,0,0,0,0,0,0,0,0,0,0,0,0,0,0,0,0,0,0,0,0,0
IKPB:bin_000082,0,0,0,0,0,0,0,0,0,0,0,0,0,1.416,0,0,4.523,0,0,0,0,0,0,0,0,0,0,0,0,0,0,0,0,4.663,0,0,0,0,0,0,0,0,0,0,0,0,0,0,0,0,0,0,0,0,0,0,0,0,0,0,0,5.38,0,0,9.972,0,0,0,0,0,0,0,4.095,0,0,0,0,0,26.248,0,0,0,0,0
IKPB:bin_000083,0,0,0,0,0,0,0,0,0,0,4.488,0,0,0,0,0,0,2.8,2.641,4.934,0,2.722,0,0,0,0,1.77,2.397,0,0,2.098,2.717,0,2.555,0,0,0,0,2.836,2.379,0,3.393,0,0,0,0,0,0,4.965,0,0,0,0,2.747,0,0,2.485,0,0,0,1.625,2.389,1.627,0,1.812,0,0,0,0,0,0,0,6.117,0,0,1.516,0,0,3.969,0,0,0,0,0
IKPB:bin_000084,0,0,0,0,0,0,0,0,0,0,0,0,0,0,0,0,0,0,0,0,0,0,0,0,0,0,0,0,0,0,0,0,0,0,0,0,0,0,0,0,0,0,0,0,0,0,0,0,0,0,0,0,0,0,0,0,0,0,0,0,0,0,0,0,0,0,0,0,0,0,0,0,0,0,0,0,0,0,0,0,0,0,0,0
IKPB:bin_000085,0,0,0,0,0,0,0,0,0,0,0,0,0,0,0,0,0,0,0,0,0,0,0,0,0,0,0,0,0,0,0,0,0,2.05,0,0,0,0,0,0,0,0,0,0,0,0,0,0,0,0,0,0,0,0,0,0,0,0,0,0,0,0,0,0,0,0,0,0,0,0,0,0,0,0,0,0,0,0,0,0,0,0,0,0
IKPB:bin_000086,0,0,0,0,0,0,0,0,0,0,0,0,0,0,0,0,0,0,0,0,0,0,0,0,0,0,0,0,0,0,0,0,0,0,0,0,0,0,0,0,0,0,0,0,0,0,0,0,0,0,0,0,0,0,0,0,0,0,0,0,0,0,0,0,0,0,0,0,0,0,0,0,0,0,0,0,0,0,0,0,0,0,0,0
IKPB:bin_000087,0,0,0,0,0,13.944,0,0,0,0,0,0,0,0,0,0,0,0,0,0,0,0,0,0,0,0,0,0,2.931,0,0,0,0,0,0,0,0,0,0,0,0,0,0,0,0,0,0,0,0,0,0,0,0,0,0,0,0,0,0,0,0,3.283,0,0,0,0,0,0,0,0,0,0,0,0,0,0,0,0,0,0,0,0,0,2.355
IKPB:bin_000088,0,1.665,0,3.907,0,6.096,0,0,0,0,4.398,0,0,0,4.237,0,0,0,4.672,7.866,0,4.476,0,2.722,0,0,2.736,5.183,3.02,0,0,7.822,0,0,2.095,0,4.896,0,7.456,3.672,4.873,4.179,0,0,1.634,1.805,0,0,9.382,0,2.754,0,0,6.013,0,4.041,0,2.724,0,2.268,2.493,0,2.021,1.887,2.246,0,2.531,0,0,1.888,0,0,11.928,0,0,0,0,0,7.314,0,2.077,0,0,0
IKPB:bin_000090,4.376,1.838,2.181,13.654,0,409.706,0,0,0,0,13.928,3.284,4.352,0,0,3.48,8.567,0,11.536,4.5,0,12.076,0,4.174,0,0,2.98,5.246,195.516,0,5.348,9.755,13.321,27.252,1.866,5.238,9.267,0,7.375,7.639,7.017,7.828,1.844,1.647,1.265,4.373,0,0,55.092,2.313,3.161,3.2,1.856,4.537,0,5.035,6.337,0,0,0,2.102,69.229,3.361,2.164,22.553,0,3.804,0,0,4.272,0,0,14.041,0,0,10.658,4.846,0,38.077,1.274,2.783,0,5.313,212.879
IKPB:bin_000091,0,0,0,2.34,0,3.541,0,0,0,0,4.164,0,0,2.961,0,0,0,5.969,4.878,2.796,0,0,0,0,0,0,3.681,0,0,0,2.673,6.652,0,0,2.071,0,3.728,0,3.072,1.972,6.488,2.895,0,0,0,2.476,0,0,5.946,0,1.376,0,1.252,2.696,0,2.614,2.422,0,0,1.997,0,0,0,2.062,1.871,0,0,0,0,1.731,0,0,7.15,0,0,2.181,2.112,0,4.097,0,1.38,0,1.764,0
IKPB:bin_000092,0,0,0,2.683,0,0,0,0,0,0,4.38,0,0,0,0,0,0,0,5.24,4.498,0,4.36,0,0,0,0,0,3.768,0,0,0,5.621,0,3.039,0,0,3.053,0,4.004,2.689,3.203,4.001,0,2.05,0,2.464,0,0,4.074,0,2.823,0,0,5.765,0,0,4.297,0,0,0,2.717,0,0,0,0,0,0,0,0,2.66,0,0,9.273,0,0,1.628,0,0,4.117,0,0,0,1.627,0
IKPB:bin_000093,0,4.876,2.312,14.274,0,29.937,0,0,1.334,0,12.312,1.619,2.053,0,4.789,4.053,6.963,10.273,18.013,18.359,1.315,22.094,0,4.085,0,0,10.684,19.344,10.877,0,5.756,21.203,4.667,14.554,4.207,1.935,11.755,0,24.044,12.525,18.999,13.904,4.552,5.434,5.463,8.183,0,0,23.259,3.314,12.008,0,3.647,19.183,0,10.114,14.377,5.051,0,3.799,5.012,11.36,4.821,4.063,11.886,0,9.797,0,2.557,7.306,1.578,0,36.49,0,0,5.594,6.613,0,22.195,0,8.083,0,7.212,4.707
IKPB:bin_000095,0,0,0,0,0,3.247,0,0,0,0,4.622,0,0,2.034,0,0,0,5.258,3.552,3.323,0,2.869,0,0,0,0,3.224,2.521,2.255,0,0,6.419,0,0,0,0,2.753,0,0,0,4.388,0,0,0,0,1.656,0,0,6.879,0,0,0,0,5.093,0,2.677,0,0,0,1.683,0,0,0,0,1.827,0,0,0,0,1.938,0,0,6.411,0,0,0,0,0,3.519,0,1.524,0,0,0
IKPB:bin_000096,0,0,0,0,0,0,0,0,0,0,0,0,0,0,0,0,0,0,0,0,0,0,0,0,0,0,0,0,0,0,0,0,0,0,0,0,0,0,0,0,0,0,0,0,0,0,0,0,0,0,0,0,0,0,0,0,0,0,0,0,0,0,0,0,0,0,0,0,0,0,0,0,0,0,0,0,0,0,2.86,0,0,0,0,0
IKPB:bin_000098,0,2.209,2.282,9.657,2.184,4.071,0,0,1.398,0,8.708,0,1.441,4.095,5.879,2.482,5.045,11.526,13.059,11.683,0,14.896,0,2.246,0,0,7.315,15.591,7.12,2.813,6.016,25.259,5.326,3.538,3.909,2.983,11.371,0,12.08,11.965,13.526,13.216,1.64,6.712,1.822,7.172,0,0,13.702,4.152,4.844,0,3.837,16.65,0,6.058,7.49,7.341,0,2.404,9.314,8.124,6.469,7.189,6.151,0,8.014,0,3.502,6.929,1.626,0,24.488,0,0,7.285,11.43,0,12.252,1.151,3.697,0,8.776,0
IKPB:bin_000099,0,0,0,2.629,0,12.294,0,0,0,0,0,0,0,0,0,0,0,0,0,0,0,0,0,0,0,0,0,0,8.854,0,0,0,0,2.212,0,0,0,0,0,0,0,0,0,0,0,0,0,0,0,0,0,0,0,0,0,0,0,0,0,0,0,5.755,0,0,3.05,0,0,0,0,0,0,0,0,0,0,1.934,0,0,2.996,0,0,0,0,7.32
IKPB:bin_000100,1.969,7.561,4.866,17.049,2.879,23.6,0,0,2.856,1.837,26.826,1.28,2.382,6.172,7.902,8.348,10.247,18.501,25.961,22.387,2.699,15.311,0,3.155,0,0,10.551,14.176,13.297,4.218,10.196,37.077,12.983,13.568,6.376,8.601,10.148,0,27.067,19.5,20.315,27.105,5.523,10.046,5.685,12.168,2.25,0,38.614,7.701,12.637,1.842,5.16,16.03,0,15.228,17.413,10.385,0,9.348,10.825,28.154,11.506,7.701,18.397,1.103,13.124,0,4.209,14.083,2.353,0,45.389,0,1.975,18.707,12.101,0,29.635,1.614,7.505,1.294,12.144,14.194
IKPB:bin_000101,0,1.806,0,5.496,0,11.31,0,0,0,0,12.656,0,0,1.242,1.971,3.09,3.296,4.567,5.979,8.405,0,8.229,0,0,0,0,4.027,7.465,8.038,0,4.465,8.516,4.694,5.227,0,2.03,5.002,0,7.734,7.37,6.996,8.351,1.539,2.805,2.065,2.198,0,0,10.976,2.687,4.865,0,0,8.648,0,4.522,4.022,2.884,0,2.884,3.009,12.697,3.651,2.334,10.53,0,7.218,0,0,5.104,0,0,14.313,0,0,4.406,5.208,0,14.107,1.184,3.268,0,3.847,4.987
IKPB:bin_000102,0,0,1.499,25.202,0,31.741,0,0,0,0,14.141,1.148,0,0,2.588,4.4,3.368,2.772,9.296,3.425,0,11.654,0,1.824,0,0,4.26,12.301,7.382,0,4.991,11.104,12.851,3.823,0,0,9.711,0,20.938,14.771,28.978,3.876,1.66,0,1.36,2.647,0,0,14.67,1.78,4.343,0,1.401,21.068,0,5.166,3.373,4.038,1.674,3.392,3.817,18.095,7.946,5.598,18.827,0,7.479,0,1.58,8.297,1.75,0,12.407,0,0,6.489,5.062,0,36.513,0,2.871,0,3.911,12.506
IKPB:bin_000103,0,0,0,3.555,0,3.689,0,0,0,0,4.814,0,0,0,0,0,0,0,2.185,2.823,0,3.918,0,0,0,0,0,0,4.577,0,0,3.695,0,3.647,0,0,0,0,3.433,2.618,4.172,0,0,0,0,2.585,0,0,3.79,0,1.436,1.671,0,3.497,0,2.011,0,0,0,0,1.911,3.635,0,0,76.871,0,0,0,0,1.623,0,0,8.949,0,0,4.642,0,0,51.348,0,0,0,1.407,5.22
IKPB:bin_000104,0,0,0,0,0,0,0,0,0,0,0,0,0,0,0,0,0,0,0,0,0,0,0,0,0,0,0,0,0,0,0,0,0,0,0,0,0,0,0,0,0,0,0,0,0,0,0,0,0,0,0,0,0,0,0,0,0,0,0,0,0,0,0,0,0,0,0,0,0,0,0,0,0,0,0,0,0,0,0,0,0,0,0,0
IKPB:bin_000105,0,0,0,3.951,0,8.257,0,0,0,0,4.499,0,0,0,0,0,0,5.156,4.119,4.668,0,5.389,0,0,0,0,0,4.579,0,0,0,7.006,0,3.025,2.493,0,3.407,0,5.966,2.804,4.633,4.596,0,0,1.838,0,0,0,6.404,0,2.5,0,1.574,5.39,0,0,0,0,0,0,2.488,3.002,0,0,3.209,0,0,0,0,2.182,0,0,10.802,0,0,0,0,0,6.215,0,0,0,0,0
IKPB:bin_000106,0,0,0,0,0,0,0,0,0,0,0,0,0,0,0,0,0,0,0,0,0,0,0,0,0,0,0,0,0,0,0,0,0,0,0,0,0,0,0,0,0,0,0,0,0,0,0,0,0,0,0,0,0,0,0,0,0,0,0,0,0,0,0,0,0,0,0,0,0,0,0,0,0,0,0,0,0,0,0,0,0,0,0,0
IKPB:bin_000107,0,0,0,0,0,9.156,0,0,0,0,0,0,0,0,0,0,0,0,0,0,0,0,0,0,0,0,0,0,4.051,0,0,0,0,0,0,0,0,0,0,0,0,0,0,0,0,0,0,0,0,0,0,0,0,0,0,0,0,0,0,0,0,2.213,0,0,0,0,0,0,0,0,0,0,0,0,0,0,0,0,0,0,0,0,0,3.541
IKPB:bin_000109,2.504,20.729,7.004,26.492,3.608,23.611,0,0,4.634,2.711,67.686,3.378,8.187,6.738,16.444,15.291,8.842,18.959,39.603,50.04,6.249,46.166,0,8.633,2.035,0,18.356,51.283,24.436,7.04,14.259,80.81,14.631,11.65,26.132,2.615,37.315,1.291,44.572,30.221,34.401,39.761,5.662,24.149,18.691,38.745,3.011,0,51.897,8.59,32.768,3.08,13.154,37.692,0,28.925,28.283,32.603,0,18.161,43.375,17.681,12.598,15.354,32.935,0,11.321,0,14.904,45.212,6.539,2.271,88.857,0,2.059,12.863,23.117,1.248,59.26,2.557,29.748,2.539,9.497,26.654
IKPB:bin_000110,0,0,0,0,0,0,0,0,0,0,8.203,0,0,0,0,0,0,0,0,3.049,0,3.489,0,0,0,0,0,0,2.595,0,3.515,3.598,0,0,0,0,0,0,0,0,3.173,0,0,0,0,1.944,0,0,0,0,0,0,1.409,0,0,0,0,0,0,0,1.888,0,1.986,1.943,2.279,0,0,0,0,0,0,0,6.281,0,0,0,0,0,5.394,0,0,0,0,0
IKPB:bin_000112,0,0,0,0,0,0,0,0,0,0,0,0,0,0,0,0,10.194,0,0,0,0,0,0,0,0,0,0,0,5.477,0,0,0,0,0,0,0,0,0,0,0,0,0,0,0,0,0,0,0,0,0,0,0,0,0,0,0,0,0,0,0,0,0,2.598,0,0,0,0,0,0,0,0,0,0,0,0,0,0,0,0,0,0,0,0,0
IKPB:bin_000113,0,0,0,0,0,13.604,0,0,0,0,2.737,0,1.674,0,0,0,2.213,0,0,0,0,0,0,0,0,0,0,0,19.756,0,0,0,0,0,0,0,3.267,0,2.507,0,2.096,2.269,0,0,0,1.913,0,0,3.238,0,0,0,0,0,0,1.29,0,0,0,0,0,0,0,0,0,0,0,0,0,0,0,0,2.61,0,0,0,0,0,1.859,0,0,0,0,16.808
IKPB:bin_000114,0,0,0,0,0,3.475,0,0,0,0,4.777,0,1.734,1.847,0,0,0,0,6.774,0,0,6.536,0,2.741,0,0,1.914,0,0,0,2.489,8.067,0,0,1.563,4.255,0,0,0,1.853,5.178,6.624,0,0,0,0,0,0,5.719,2.977,4.71,0,0,2.31,0,3.067,3.664,0,0,1.105,2.509,0,0,1.357,2.901,0,2.95,0,0,0,0,0,5.022,0,0,6.635,0,0,9.685,0,1.847,0,1.242,0
IKPB:bin_000115,0,0,0,0,0,0,0,0,0,0,0,0,0,0,0,0,0,0,0,0,0,0,0,0,0,0,0,0,0,0,0,0,0,0,0,0,0,0,0,0,0,0,0,0,0,0,0,0,0,0,0,0,0,0,0,0,0,0,0,0,0,0,0,0,0,0,0,0,0,0,0,0,0,0,0,0,0,0,0,0,0,0,0,0
IKPB:bin_000116,0,0,0,0,0,0,0,0,0,0,5.012,0,0,0,0,0,2.557,0,3.966,4.407,0,3.041,0,0,0,0,0,0,0,0,0,4.401,0,0,0,1.934,2.894,0,0,2.856,4.294,3.788,0,0,0,0,0,0,4.969,0,2.242,0,0,0,0,0,2.689,0,0,0,0,0,0,0,2.653,0,2.515,0,0,0,0,0,8.436,0,0,1.941,0,0,4.888,0,0,0,0,0
IKPB:bin_000117,0,0,0,0,0,0,0,0,0,0,0,0,0,0,0,0,0,0,0,0,0,0,0,0,0,0,0,0,0,0,0,0,0,0,0,0,0,0,0,0,0,0,0,0,0,0,0,0,0,0,0,0,0,0,0,0,0,0,0,0,0,0,0,0,0,0,0,0,0,0,0,0,0,0,0,0,0,0,0,0,0,0,0,0
IKPB:bin_000118,0,0,0,0,0,0,0,0,0,0,0,0,0,0,0,0,0,0,0,0,0,0,0,0,0,0,0,0,0,0,0,0,0,0,0,0,0,0,0,0,0,0,0,0,0,0,0,0,0,0,0,0,0,0,0,0,0,0,0,0,0,0,0,0,0,0,0,0,0,0,0,0,0,0,0,0,0,0,0,0,0,0,1.324,0
IKPB:bin_000119,0,0,0,0,0,0,0,0,0,0,0,0,0,0,0,0,0,0,0,0,0,0,0,0,0,0,0,0,3.452,0,0,0,0,0,0,0,0,0,0,0,0,2.526,0,0,0,1.359,0,0,0,0,0,0,0,0,0,0,0,0,0,0,0,3.008,0,0,1.673,0,0,0,0,0,0,0,0,0,0,0,0,0,2.941,0,0,0,0,0
IKPB:bin_000120,0,0,0,0,0,0,0,0,0,0,0,0,0,0,0,0,0,0,0,0,0,0,0,0,0,0,0,0,0,0,0,0,0,0,0,0,0,0,0,0,0,0,0,0,0,0,0,0,0,0,0,0,0,0,0,0,0,0,0,0,0,0,0,0,0,0,0,0,0,0,0,0,0,0,0,0,0,0,0,0,0,0,0,0
IKPB:bin_000121,0,0,0,3.785,0,3.898,0,0,0,0,4.659,0,4.123,0,0,0,0,0,1.761,0,0,2.389,0,0,0,0,0,0,5.594,0,0,2.622,0,4.26,0,0,2.216,0,2.908,0,2.244,2.685,0,0,0,1.972,0,0,3.183,0,1.421,1.207,0,2.165,0,2.048,0,0,0,0,1.383,3.291,1.31,0,9.501,0,0,0,0,0,0,0,7.551,0,0,2.221,0,0,7.454,0,0,0,1.596,3.283
IKPB:bin_000122,0,0,0,2.218,0,0,0,0,0,0,3.321,0,0,0,0,0,0,0,1.562,0,0,0,0,0,0,0,1.577,0,0,0,0,3.661,0,3.146,0,0,0,0,0,0,2.438,5.271,0,0,0,3.328,0,0,0,0,1.666,0,0,0,0,3.345,0,2.316,0,0,1.481,0,0,0,0,0,0,0,0,1.36,0,0,2.803,0,0,2.42,0,0,2.092,0,1.591,0,0,0
IKPB:bin_000123,0,4.553,0,7.996,0,12.57,0,0,0,0,16.142,0,0,2.47,4.05,5.027,6.025,14.274,10.223,17.987,0,9.692,0,2.367,0,0,7.635,6.814,6.273,0,5.473,16.23,4.124,5.967,3.57,4.179,8.609,0,9.989,8.57,11.027,13.1,2.147,5.85,2.603,6.138,0,0,15.444,2.812,5.809,0,2.961,9.073,0,5.755,7.999,5.724,0,4.354,7.559,7.26,6.136,4.375,8.217,0,6.938,0,2.553,4.842,0,0,20.228,0,0,6.482,6.136,0,15.983,0,4.754,0,4.926,3.57
IKPB:bin_000124,3.418,12.656,6.171,21.9,0,29.832,0,0,2.622,2.784,58.082,1.632,4.1,8.23,13.232,14.596,16.931,33.131,28.978,34.499,3.541,23.748,0,5.258,1.321,0,16.759,16.686,18.881,6.103,16.262,44.553,14.209,16.419,8.394,18.214,15.181,0,36.283,25.875,29.295,39.104,5.967,14.017,5.665,14.12,4.721,0,39.599,7.715,20.381,1.79,6.571,24.018,0,16.62,22.225,10.885,0,17.288,10.864,16.673,18.951,10.748,16.966,1.436,23.808,0,8.322,12.534,5.91,0,57.27,0,0,18.782,10.743,1.437,41.406,1.927,15.981,1.671,15.056,10.234
IKPB:bin_000125,0,0,0,0,0,0,0,0,0,0,0,0,0,0,0,0,0,0,0,0,0,0,0,0,0,0,0,0,0,0,0,0,0,0,0,0,0,0,0,0,0,0,0,0,0,0,0,0,0,0,0,0,0,0,0,0,0,0,0,0,0,0,0,0,0,0,0,0,0,0,0,0,0,0,0,0,0,0,0,0,0,0,0,0
IKPB:bin_000126,0,0,0,0,0,0,0,0,0,0,0,0,0,0,0,0,0,0,0,0,0,0,0,0,0,0,0,0,0,0,0,0,0,0,0,0,0,0,0,0,0,0,0,0,0,0,0,0,0,0,0,0,0,0,0,0,0,0,0,0,0,0,0,0,0,0,0,0,0,0,0,0,0,0,0,0,0,0,0,0,0,0,0,0
IKPB:bin_000127,0,0,0,0,0,0,0,0,0,0,0,0,0,0,0,0,0,0,0,0,0,0,0,0,0,0,0,0,0,0,0,0,0,0,0,0,0,0,0,0,0,0,0,0,0,0,0,0,0,0,0,0,0,0,0,0,0,0,0,0,0,0,0,0,0,0,0,0,0,0,0,0,0,0,0,0,0,0,0,0,0,0,0,0
IKPB:bin_000128,0,0,0,0,0,0,0,0,0,0,0,0,0,0,0,0,0,0,0,0,0,0,0,0,0,0,0,0,0,0,0,0,0,0,0,0,0,0,0,0,0,0,0,0,0,0,0,0,0,0,0,0,0,0,0,0,0,0,0,0,0,0,0,0,0,0,0,0,0,0,0,0,0,0,0,0,0,0,0,0,0,0,0,0
IKPB:bin_000129,0,1.136,0,4.735,0,0,0,0,0,0,7.04,0,0,0,4.694,0,2.617,2.269,5.331,10.29,0,9.237,0,2.414,0,0,2.305,8.035,2.445,0,4.602,12.946,2.297,2.313,2.069,0,8.67,0,5.616,3.605,7,9.402,1.207,1.628,1.664,4.954,0,0,4.715,1.376,1.995,0,1.883,5.828,0,3.857,5.829,0,0,2.056,1.826,0,1.583,2.986,4.533,0,2.385,0,0,4.51,0,0,11.749,0,0,1.179,4.264,0,7.993,0,3.414,0,1.841,0
IKPB:bin_000131,0,0,0,0,0,0,0,0,0,0,0,0,0,0,0,0,0,0,0,0,0,0,0,0,0,0,0,0,0,0,0,0,0,0,0,0,0,0,0,0,0,0,0,0,0,0,0,0,0,0,0,0,0,0,0,0,0,0,0,0,0,0,0,0,0,0,0,0,0,0,0,0,0,0,0,0,0,0,0,0,0,0,0,0
IKPB:bin_000132,0,0,0,0,0,0,0,0,0,0,0,0,0,0,0,0,0,0,0,0,0,0,0,0,0,0,0,0,0,0,0,0,0,0,0,0,0,0,0,0,0,0,0,0,0,0,0,0,0,0,0,0,0,0,0,0,0,0,0,0,0,0,0,0,0,0,0,0,0,0,0,0,0,0,0,0,0,0,0,0,0,0,0,0
IKPB:bin_000133,0,0,0,0,0,0,0,0,0,0,0,0,0,0,0,0,0,0,0,0,0,0,0,0,0,0,0,0,0,0,0,0,0,0,0,0,0,0,0,0,0,0,0,0,0,0,0,0,0,0,0,0,0,0,0,0,0,0,0,0,0,0,0,0,0,0,0,0,0,0,0,0,0,0,0,0,0,0,0,0,0,0,0,0
IKPB:bin_000134,0,0,0,0,0,5.959,0,0,0,0,0,0,0,0,0,0,0,0,2.347,0,0,0,0,0,0,0,0,0,3.588,0,0,0,1.816,0,0,0,2.446,0,0,1.762,0,0,0,0,0,0,0,0,0,0,0,0,0,0,0,0,0,0,0,0,2.122,0,0,0,2.188,0,0,0,0,1.561,0,0,2.038,0,0,0,0,0,7.317,0,0,0,0,3.917
IKPB:bin_000135,0,0,0,0,0,0,0,0,0,0,0,0,0,0,0,0,0,0,2.019,0,0,2.25,0,0,0,0,0,0,0,0,0,0,0,0,0,0,2.353,0,0,0,0,0,0,0,0,1.758,0,0,2.679,0,1.587,0,0,2.177,0,1.601,0,0,0,0,0,0,0,0,0,0,0,0,0,1.469,0,0,0,0,0,0,0,0,1.606,0,2.15,0,0,0
IKPB:bin_000136,0,0,0,0,0,0,0,0,0,0,0,0,0,0,0,0,0,0,0,0,0,0,0,0,0,0,0,0,0,0,0,0,0,0,0,0,0,0,0,0,0,0,0,0,0,0,0,0,0,0,0,0,0,0,0,0,0,0,0,0,0,0,0,0,0,0,0,0,0,0,0,0,0,0,0,0,0,0,0,0,0,0,0,0
IKPB:bin_000137,0,0,0,0,0,0,0,0,0,0,0,0,0,0,0,0,0,0,0,0,0,0,0,0,0,0,0,0,0,0,0,0,0,0,0,0,0,0,0,0,0,0,0,0,0,0,0,0,0,0,0,0,0,0,0,0,0,0,0,0,0,0,0,0,0,0,0,0,0,0,0,0,0,0,0,0,0,0,0,0,0,0,0,0
IKPB:bin_000138,0,0,0,0,0,0,0,0,0,0,0,0,0,0,0,0,0,0,0,0,0,0,0,0,0,0,0,0,0,0,0,0,0,0,0,0,0,0,0,0,0,0,0,0,0,0,0,0,0,0,0,0,0,0,0,0,0,0,0,0,0,0,0,0,0,0,0,0,0,0,0,0,0,0,0,0,0,0,0,0,0,0,0,0
IKPB:bin_000139,0,0,0,0,0,0,0,0,0,0,0,0,0,0,0,0,0,0,0,0,0,0,0,0,0,0,0,0,0,0,0,0,0,0,0,0,0,0,0,0,0,0,0,0,0,0,0,0,0,0,0,0,0,0,0,0,0,0,0,0,0,0,0,0,0,0,0,0,0,0,0,0,0,0,0,0,0,0,0,0,0,0,0,0
IKPB:bin_000140,0,0,0,0,0,0,0,0,0,0,0,0,0,0,0,0,0,0,0,0,0,0,0,0,0,0,0,0,0,0,0,0,0,0,0,0,0,0,0,0,0,0,0,0,0,0,0,0,0,0,0,0,0,0,0,0,0,0,0,0,0,0,0,0,0,0,0,0,0,0,0,0,0,0,0,0,0,0,0,0,0,0,0,0
IKPB:bin_000141,0,0,0,0,0,0,0,0,0,0,0,0,0,0,0,0,0,0,0,0,0,0,0,0,0,0,0,0,0,0,0,0,0,0,0,0,0,0,0,0,0,0,0,0,0,0,0,0,0,0,0,0,0,0,0,0,0,0,0,0,0,0,0,0,0,0,0,0,0,0,0,0,2.153,0,0,0,0,0,0,0,0,0,0,0
IKPB:bin_000142,0,0,0,0,0,0,0,0,0,0,0,0,0,0,0,0,0,0,0,0,0,0,0,0,0,0,0,0,0,0,0,0,0,0,0,0,0,0,0,0,0,0,0,0,0,0,0,0,0,0,0,0,0,0,0,0,0,0,0,0,0,0,0,0,0,0,0,0,0,0,0,0,0,0,0,0,0,0,0,0,0,0,0,0
IKPB:bin_000143,0,0,0,0,0,0,0,0,0,0,0,0,0,0,0,0,0,0,0,0,0,0,0,0,0,0,0,0,0,0,0,0,0,0,0,0,0,0,0,0,0,0,0,0,0,0,0,0,0,0,0,0,0,0,0,0,0,0,0,0,0,0,0,0,0,0,0,0,0,0,0,0,0,0,0,0,0,0,0,0,0,0,0,0
IKPB:bin_000144,0,0,0,0,0,0,0,0,0,0,0,0,0,0,0,0,0,0,0,0,0,0,0,0,0,0,0,0,0,0,0,0,0,0,0,0,0,0,0,0,0,0,0,0,0,0,0,0,0,0,0,0,0,0,0,0,0,0,0,0,0,0,0,0,0,0,0,0,0,0,0,0,0,0,0,0,0,0,0,0,0,0,0,0
IKPB:bin_000145,0,0,0,0,0,0,0,0,0,0,4.72,0,0,1.469,0,0,0,0,3.261,3.725,0,0,0,0,0,0,0,2.154,0,0,0,2.881,0,0,0,0,0,0,2.958,1.79,2.09,3.013,0,0,0,2.507,0,0,2.673,0,0,0,0,0,0,0,0,0,0,0,1.479,0,0,0,1.443,0,0,0,0,0,0,0,3.826,0,0,0,0,0,1.927,0,0,0,0,0
IKPB:bin_000148,0,0,0,0,0,0,0,0,0,0,0,0,0,0,0,0,0,0,0,0,0,0,0,0,0,0,0,0,0,0,0,0,0,0,0,0,0,0,0,0,0,0,0,0,0,0,0,0,0,0,0,0,0,0,0,0,0,0,0,0,0,0,0,0,0,0,0,0,0,0,0,0,0,0,0,0,0,0,0,0,0,0,0,0
IKPB:bin_000150,0,0,0,0,0,0,0,0,0,0,0,0,0,0,0,0,0,0,0,0,0,0,0,0,0,0,0,0,0,0,0,0,0,0,0,0,0,0,0,0,0,0,0,0,0,0,0,0,0,0,0,0,0,0,0,0,0,0,0,0,0,0,0,0,0,0,0,0,0,0,0,0,0,0,0,0,0,0,0,0,0,0,0,0
IKPB:bin_000151,0,0,0,0,0,0,0,0,0,0,0,0,0,0,0,0,0,0,0,0,0,0,0,0,0,0,0,0,0,0,0,0,0,0,0,0,0,0,0,0,0,0,0,0,0,0,0,0,0,0,0,0,0,0,0,0,0,0,0,0,0,0,0,0,0,0,0,0,0,0,0,0,0,0,0,0,0,0,0,0,0,0,0,0
IKPB:bin_000154,0,0,0,0,0,0,0,0,0,0,0,0,0,0,0,0,0,0,2.522,2.739,0,0,0,0,0,0,0,0,0,0,0,2.2,0,0,0,0,0,0,2.077,0,0,0,0,0,0,1.633,0,0,2.621,0,0,0,0,0,0,1.186,0,0,0,0,0,0,0,0,1.12,0,0,0,0,1.754,0,0,1.951,0,0,0,0,0,2.126,0,0,0,0,0
IKPB:bin_000155,0,0,0,0,0,1.703,0,0,1.325,0,4.617,0,0,0,1.623,0,0,2.355,3.42,5.645,0,0,0,0,0,0,1.271,0,0,0,0,2.887,0,0,1.472,2.006,2.592,0,2.124,0,3.523,0,0,0,0,3.974,0,0,2.928,0,3.392,0,0,0,0,1.823,3.196,0,0,1.368,1.558,0,1.348,1.305,1.891,0,0,0,0,1.783,0,0,9.96,0,0,0,0,0,3.372,0,1.352,0,1.197,0
IKPB:bin_000156,0,0,0,0,0,0,0,0,0,0,0,0,0,0,0,0,0,0,0,0,0,0,0,0,0,0,0,0,0,0,0,0,0,0,0,0,0,0,0,0,0,0,0,0,0,0,0,0,0,0,0,0,0,0,0,0,0,0,0,0,0,0,0,0,0,0,0,0,0,0,0,0,0,0,0,0,0,0,0,0,0,0,0,0
IKPB:bin_000157,0,0,0,0,0,21.618,0,0,0,0,0,0,0,0,0,0,0,0,0,0,0,0,0,0,0,0,0,0,6.821,0,0,0,0,0,0,0,0,0,0,0,0,0,0,0,0,0,0,0,2.809,0,0,0,0,0,0,0,0,0,0,0,0,4.376,0,0,2.007,0,0,0,0,0,0,0,0,0,0,0,0,0,3.972,0,0,0,0,9.859
IKPB:bin_000160,0,0,0,0,0,0,0,0,0,0,0,0,0,0,0,0,0,0,0,0,0,0,0,0,0,0,0,0,0,0,0,0,0,0,0,0,0,0,0,0,0,0,0,0,0,0,0,0,0,0,0,0,0,0,0,0,0,0,0,0,0,0,0,0,0,0,0,0,0,0,0,0,0,0,0,0,0,0,0,0,0,0,0,0
IKPB:bin_000161,0,0,0,0,0,0,0,0,0,0,3.742,0,0,0,1.628,0,0,4.612,4.18,2.222,0,0,0,0,0,0,0,0,0,0,0,3.112,0,0,0,0,0,0,3.142,2.114,2.254,3.822,0,0,0,0,0,0,2.94,0,2.212,0,0,0,0,0,0,0,0,1.212,0,0,1.956,0,1.162,0,0,0,0,2.261,0,0,4.127,0,0,1.389,0,0,1.747,0,0,0,0,0
IKPB:bin_000162,0,0,0,0,0,0,0,0,0,0,0,0,0,0,0,0,0,0,0,0,0,0,0,0,0,0,0,0,0,0,0,0,0,0,0,0,0,0,0,0,0,0,0,0,0,0,0,0,0,0,0,0,0,0,0,0,0,0,0,0,0,0,0,0,0,0,0,0,0,0,0,0,0,0,0,0,0,0,0,0,0,0,0,0
IKPB:bin_000163,0,0,0,0,0,0,0,0,0,0,0,0,0,0,0,0,0,0,0,0,0,0,0,0,0,0,0,0,0,0,0,0,0,0,0,0,0,0,0,0,0,0,0,0,0,0,0,0,0,0,0,0,0,0,0,0,0,0,0,0,0,0,0,0,0,0,0,0,0,0,0,0,0,0,0,0,0,0,0,0,0,0,0,0
IKPB:bin_000165,0,2.263,1.442,4.48,0,4.286,0,0,0,0,28.908,0,0,0,2.302,0,0,6.617,7.637,8.062,0,14.852,0,2.767,0,0,4.822,10.426,3.15,0,4.363,8.176,2.346,2.376,3.152,0,10.373,0,6.496,12.33,5.607,5.942,0,4.308,1.401,3.905,0,0,12.14,3.004,3.52,0,2.055,5.111,0,5.225,5.446,2.913,0,2.146,3.772,3.473,1.849,1.766,2.957,0,2.247,0,2.266,3.084,0,0,28.257,0,0,2.314,0,0,4.594,0.938,3.441,0,1.685,0
IKPB:bin_000166,0,0,0,0,0,0,0,0,0,0,0,0,0,0,0,0,0,0,0,0,0,0,0,0,0,0,0,0,0,0,0,0,0,0,0,0,0,0,0,0,0,0,0,0,0,0,0,0,0,0,0,0,0,0,0,0,0,0,0,0,0,0,0,0,0,0,0,0,0,0,0,0,0,0,0,0,0,0,0,0,0,0,0,0
IKPB:bin_000167,0,0,0,0,0,0,0,0,0,0,0,0,0,0,0,0,0,0,1.694,0,0,0,0,0,0,0,0,0,0,0,0,0,0,0,0,0,0,0,0,0,0,0,0,0,0,0,0,0,0,0,0,0,0,0,0,0,0,0,0,0,0,0,0,0,0,0,0,0,0,0,0,0,2.455,0,0,0,0,0,0,0,0,0,0,0
IKPB:bin_000170,0,1.212,0,4.164,0,5.881,0,0,1.018,0,7.474,0,0,0,1.498,0,0,8.615,5.684,10.616,0,7.505,0,0,0,0,3.731,7.861,4.053,0,3.319,8.569,3.679,3.19,2.649,1.673,3.572,0,6.386,5.077,4.082,6.66,0,2.515,1.54,5.502,0,0,7.351,1.543,4.777,0,1.669,4.951,0,1.929,3.841,4.262,0,2.322,4.827,3.495,2.982,2.985,4.777,0,0,0,0,3.411,0,0,15.339,0,0,4.12,4.313,0,3.997,1.747,5.863,0,2.098,4.525
IKPB:bin_000171,0,0,0,2.699,0,57.387,0,0,0,0,0,0,0,1.099,0,0,3.233,0,2.677,0,0,0,0,0,0,0,1.445,0,11.619,0,0,0,0,0,0,0,0,0,1.972,2.046,0,0,0,0,0,0,0,0,8.367,1.643,0,0,0,0,0,0,0,0,0,0,0,3.406,0,0,7.292,0,0,0,0,1.661,0,0,8.544,0,0,1.505,0,0,6.143,0,0,0,1.524,10.538
IKPB:bin_000172,0,0,0,0,0,0,0,0,0,0,0,0,0,0,0,0,0,0,0,0,0,0,0,0,0,0,0,0,0,0,0,0,0,0,0,0,0,0,0,0,0,0,0,0,0,0,0,0,0,0,0,0,0,0,0,0,0,0,0,0,0,0,0,0,0,0,0,0,0,0,0,0,0,0,0,0,0,0,0,0,0,0,0,0
IKPB:bin_000173,0,0,0,0,0,0,0,0,0,0,0,0,0,0,0,0,0,0,0,0,0,0,0,0,0,0,0,0,0,0,0,0,0,0,0,0,0,0,0,0,0,0,0,0,0,0,0,0,0,0,0,0,0,0,0,0,0,0,0,0,0,0,0,0,0,0,0,0,0,0,0,0,0,0,0,0,0,0,0,0,0,0,0,0
IKPB:bin_000178,0,0,0,0,0,0,0,0,0,0,0,0,0,0,0,0,0,0,0,0,0,0,0,0,0,0,0,0,0,0,0,0,0,0,0,0,0,0,0,0,0,0,0,0,0,0,0,0,0,0,0,0,0,0,0,0,0,0,0,0,0,0,0,0,0,0,0,0,0,0,0,0,0,0,0,0,0,0,0,0,0,0,0,0
IKPB:bin_000180,0,0,0,0,0,0,0,0,0,0,0,0,0,0,0,0,0,0,0,0,0,0,0,0,0,0,0,0,0,0,0,0,0,0,0,0,0,0,0,0,0,0,0,0,0,0,0,0,0,0,0,0,0,0,0,0,0,0,0,0,0,0,0,0,0,0,0,0,0,0,0,0,0,0,0,0,0,0,0,0,0,0,0,0
IKPB:bin_000181,0,0,0,0,0,0,0,0,0,0,0,0,0,0,0,0,0,0,0,0,0,0,0,0,0,0,0,0,0,0,0,0,0,0,0,0,0,0,0,0,0,0,0,0,0,0,0,0,0,0,0,0,0,0,0,0,0,0,0,0,0,0,0,0,0,0,0,0,0,0,0,0,0,0,0,0,0,0,0,0,0,0,0,0
IKPB:bin_000183,0,0,0,0,0,0,0,0,0,0,0,0,0,0,0,0,0,0,0,0,0,0,0,0,0,0,0,0,0,0,0,0,0,0,0,0,0,0,0,0,0,0,0,0,0,0,0,0,0,0,0,0,0,0,0,0,0,0,0,0,0,0,0,0,0,0,0,0,0,0,0,0,0,0,0,0,0,0,0,0,0,0,0,0
IKPB:bin_000185,0,0,0,0,0,0,0,0,0,0,0,0,0,0,0,0,0,0,0,0,0,0,0,0,0,0,0,0,0,0,0,0,0,0,0,0,0,0,0,0,0,0,0,0,0,0,0,0,0,0,0,0,0,0,0,0,0,0,0,0,0,0,0,0,0,0,0,0,0,0,0,0,0,0,0,0,0,0,0,0,0,0,0,0
IKPB:bin_000187,0,0,0,2.741,0,25.427,0,0,0,0,0,0,0,0,0,0,0,0,0,0,0,2.969,0,0,0,0,0,0,4.476,0,1.83,0,0,0,0,0,0,0,2.234,0,0,0,0,0,0,0,0,0,6.277,0,0,0,0,0,0,0,0,0,0,0,0,6.521,0,0,2.768,0,0,0,0,0,0,0,2.451,0,0,1.277,0,0,4.695,0,0,0,1.742,4.318
IKPB:bin_000189,0,0,0,0,0,0,0,0,0,0,0,0,0,0,0,0,0,0,0,0,0,0,0,0,0,0,0,0,0,0,0,0,0,0,0,0,0,0,0,0,0,0,0,0,0,0,0,0,0,0,0,0,0,0,0,0,0,0,0,0,0,0,0,0,0,0,0,0,0,0,0,0,0,0,0,0,0,0,0,0,0,0,0,0
IKPB:bin_000190,0,0,0,0,0,0,0,0,0,0,0,0,0,0,0,0,0,0,0,0,0,0,0,0,0,0,0,0,0,0,0,0,0,0,0,0,0,0,0,0,0,0,0,0,0,0,0,0,0,0,0,0,0,0,0,0,0,0,0,0,0,0,0,0,0,0,0,0,0,0,0,0,0,0,0,0,0,0,0,0,0,0,0,0
IKPB:bin_000191,0,0,0,0,0,13.719,0,0,0,0,0,0,0,0,0,0,0,0,0,0,0,0,0,0,0,0,0,0,4.213,0,0,0,0,0,0,0,0,0,0,0,0,0,0,0,0,0,0,0,0,0,0,0,0,0,0,0,0,0,0,0,0,0,0,0,0,0,0,0,0,0,0,0,0,0,0,0,0,0,2.579,0,0,0,0,3.478
IKPB:bin_000193,0,0,0,0,0,0,0,0,0,0,0,0,0,0,0,0,6.946,0,0,0,0,0,0,0,0,0,0,0,4.944,0,0,0,0,0,0,0,0,0,0,0,0,0,0,0,0,0,0,0,3.735,0,0,0,0,0,0,0,0,0,0,0,0,0,2.527,0,0,0,0,0,0,0,0,0,0,0,0,0,0,0,1.687,0,0,0,0,0
IKPB:bin_000196,0,0,0,0,0,0,0,0,0,0,0,0,0,0,0,0,0,0,0,0,0,0,0,0,0,0,0,0,0,0,0,0,0,0,0,0,0,0,0,0,0,0,0,0,0,0,0,0,0,0,0,0,0,0,0,0,0,0,0,0,0,0,0,0,0,0,0,0,0,0,0,0,0,0,0,0,0,0,0,0,0,0,0,0
IKPB:bin_000197,0,0,0,0,0,0,0,0,0,0,0,0,0,0,0,0,0,0,0,2.203,0,0,0,0,0,0,0,0,0,0,0,0,0,0,0,0,0,0,0,0,0,0,0,0,0,0,0,0,0,0,1.33,0,0,0,0,0,0,0,0,0,0,0,0,0,0,0,0,0,0,0,0,0,0,0,0,0,0,0,1.57,0,0,0,0,0
IKPB:bin_000199,2.091,21.91,5.627,38.981,0,53.583,0,0,7.301,4.631,49.558,2.188,4.557,27.027,17.875,15.778,16.806,71.551,48.274,32.066,3.367,23.92,0,6.282,1.706,0,49.522,17.476,28.348,4.976,18.485,46.885,9.2,19.725,20.857,8.147,26.749,0,29.481,19.921,59.557,31.088,7.038,20.955,9.412,13.272,2.482,0,42.454,6.724,17.765,1.263,8.844,21.829,0,28.739,31.615,16.418,0,21.232,28.007,10.284,22.19,20.902,19.849,1.784,27.913,0,8.915,11.342,2.832,0,75.217,0,0,16.957,25.241,0,44.523,3.456,10.44,2.771,16.197,3.676
IKPB:bin_000204,0,0,0,0,0,2.703,0,0,0,0,4.435,0,0,0,0,0,0,0,0,3.162,0,0,0,0,0,0,1.846,3.073,0,0,0,0,0,0,0,0,0,0,0,0,0,0,0,0,0,0,0,0,0,0,0,0,0,0,0,0,0,0,0,0,0,0,0,0,0,0,0,0,0,0,0,0,4.374,0,0,0,0,0,2.729,0,0,0,0,0
IKPB:bin_000205,0,0,0,0,0,0,0,0,0,0,0,0,0,0,0,0,0,0,1.137,0,0,0,0,0,0,0,0,0,0,0,0,0,0,0,0,0,0,0,0,0,0,0,0,0,0,0,0,0,0,0,0,0,0,0,0,0,0,0,0,0,0,0,0,0,0,0,0,0,0,0,0,0,0,0,0,0,0,0,2.687,0,0,0,0,0
IKPB:bin_000206,0,0,0,0,0,3.713,0,0,0,0,0,0,0,0,0,0,0,0,0,0,0,0,0,0,0,0,0,0,0,0,0,0,0,0,0,0,0,0,0,0,0,0,0,0,0,0,0,0,0,0,0,0,0,0,0,0,0,0,0,0,0,0,0,0,0,0,0,0,0,0,0,0,0,0,0,0,0,0,0,0,0,0,0,0
IKPB:bin_000209,0,0,0,0,0,0,0,0,0,0,0,0,0,0,0,0,0,0,0,0,0,0,0,0,0,0,0,0,0,0,0,0,0,0,0,0,0,0,0,0,0,0,0,0,0,0,0,0,0,0,0,0,0,0,0,0,0,0,0,0,0,0,0,0,0,0,0,0,0,0,0,0,0,0,0,0,0,0,0,0,0,0,0,0
IKPB:bin_000211,0,0,0,0,0,0,0,0,0,0,0,0,0,0,0,0,0,0,0,0,0,0,0,0,0,0,0,0,0,0,0,0,0,0,0,0,0,0,0,0,0,0,0,0,0,0,0,0,0,0,0,0,0,0,0,0,0,0,0,0,0,0,0,0,0,0,0,0,0,0,0,0,0,0,0,0,0,0,0,0,0,0,0,0
IKPB:bin_000212,0,0,0,0,0,0,0,0,0,0,0,0,0,0,0,0,0,0,0,0,0,0,0,0,0,0,0,0,0,0,0,0,0,0,0,0,0,0,0,0,0,0,0,0,0,0,0,0,0,0,0,0,0,0,0,0,0,0,0,0,0,0,0,0,0,0,0,0,0,0,0,0,0,0,0,0,0,0,0,0,0,0,0,0
IKPB:bin_000213,0,0,0,0,0,0,0,0,0,0,0,0,0,0,0,0,0,0,0,0,0,0,0,0,0,0,0,0,0,0,0,0,0,0,0,0,0,0,0,0,0,0,0,0,0,0,0,0,0,0,0,0,0,0,0,0,0,0,0,0,0,0,0,0,0,0,0,0,0,0,0,0,0,0,0,0,0,0,0,0,0,0,0,0
IKPB:bin_000214,0,0,0,0,0,0,0,0,0,0,0,0,0,0,0,0,0,0,0,0,0,0,0,0,0,0,0,0,0,0,0,0,0,0,0,0,0,0,0,0,0,0,0,0,0,0,0,0,0,0,0,0,0,0,0,0,0,0,0,0,0,0,0,0,0,0,0,0,0,0,0,0,0,0,0,0,0,0,0,0,0,0,0,0
IKPB:bin_000217,0,0,0,0,0,0,0,0,0,0,0,0,0,0,0,0,0,0,0,0,0,0,0,0,0,0,0,0,0,0,0,0,0,0,0,0,0,0,0,0,0,0,0,0,0,0,0,0,0,0,0,0,0,0,0,0,0,0,0,0,0,0,0,0,0,0,0,0,0,0,0,0,0,0,0,0,0,0,0,0,0,0,0,0
IKPB:bin_000220,0,0,0,0,0,0,0,0,0,0,0,0,0,0,0,0,0,0,0,0,0,0,0,0,0,0,0,0,0,0,0,0,0,0,0,0,0,0,0,0,0,0,0,0,0,0,0,0,0,0,0,0,0,0,0,0,0,0,0,0,0,0,0,0,0,0,0,0,0,0,0,0,0,0,0,0,0,0,0,0,0,0,0,0
IKPB:bin_000221,0,0,0,5.776,0,2.967,0,0,0,0,10.775,0,0,0,2.256,3.042,0,0,7.739,8.311,0,7.824,0,0,0,0,3.498,4.492,3.399,0,2.633,8.534,0,4.205,2.043,0,3.497,0,5.126,9.154,9.029,3.975,1.89,3.235,3.047,2.562,0,0,11.264,4.124,3.235,0,0,4.725,0,2.644,3.117,0,0,1.664,4.37,3.134,2.61,2.134,4.398,0,1.94,0,2.202,2.769,0,0,10.785,0,0,2.759,10.106,0,6.489,0,4.381,0,2.91,0
IKPB:bin_000222,0,0,0,0,0,0,0,0,0,0,0,0,0,0,0,0,0,0,0,0,0,0,0,0,0,0,0,0,0,0,0,0,0,0,0,0,0,0,0,0,0,0,0,0,0,0,0,0,0,0,0,0,0,0,0,0,0,0,0,0,0,0,0,0,0,0,0,0,0,0,0,0,0,0,0,0,0,0,0,0,0,0,0,0
IKPB:bin_000223,0,0,0,0,0,0,0,0,0,0,2.98,0,4.702,0,0,0,0,0,0,0,0,0,0,0,0,0,0,0,0,0,0,0,0,3.743,0,0,0,0,0,0,0,0,0,0,0,2.142,0,0,0,0,1.398,0,0,3.235,0,0,0,0,0,0,0,2.514,1.432,0,1.724,0,0,0,0,0,0,0,3.444,0,0,0,0,0,3.26,0,0,0,1.486,0
IKPB:bin_000225,0,0,0,0,0,0,0,0,0,0,0,0,0,0,0,0,0,0,0,0,0,0,0,0,0,0,0,0,0,0,0,0,0,0,0,0,0,0,0,0,0,0,0,0,0,0,0,0,0,0,0,0,0,0,0,0,0,0,0,0,0,0,0,0,0,0,0,0,0,0,0,0,0,0,0,0,0,0,0,0,0,0,0,0
IKPB:bin_000226,0,0,0,0,0,0,0,0,0,0,0,0,0,0,0,0,0,0,0,0,0,0,0,0,0,0,0,0,0,0,0,0,0,0,0,0,0,0,0,0,0,0,0,0,0,0,0,0,0,0,0,0,0,0,0,0,0,0,0,0,0,0,0,0,0,0,0,0,0,0,0,0,0,0,0,0,0,0,0,0,0,0,0,0
IKPB:bin_000227,0,0,0,0,0,0,0,0,0,0,0,0,0,0,0,0,0,0,0,0,0,0,0,0,0,0,0,0,0,0,0,0,0,0,0,0,0,0,0,0,0,0,0,0,0,0,0,0,0,0,0,0,0,0,0,0,0,0,0,0,0,0,0,0,0,0,0,0,0,0,0,0,0,0,0,0,0,0,0,0,0,0,0,0
IKPB:bin_000229,0,0,0,0,0,0,0,0,0,0,0,0,0,0,0,0,0,0,0,0,0,0,0,0,0,0,0,0,4.629,0,0,0,0,0,0,0,0,0,0,0,0,0,0,0,0,0,0,0,0,0,0,0,0,0,0,0,0,0,0,0,0,0,0,0,0,0,0,0,0,0,0,0,0,0,0,0,0,0,0,0,0,0,0,0
IKPB:bin_000231,0,0,0,0,0,0,0,0,0,0,0,0,0,0,0,0,0,0,0,0,0,0,0,0,0,0,0,0,0,0,0,0,0,0,0,0,0,0,0,0,0,0,0,0,0,0,0,0,0,0,0,0,0,0,0,0,0,0,0,0,0,0,0,0,0,0,0,0,0,0,0,0,0,0,0,0,0,0,0,0,0,0,0,0
IKPB:bin_000232,0,0,0,0,0,0,0,0,0,0,0,0,0,0,0,0,0,0,0,0,0,0,0,0,0,0,0,0,0,0,0,0,0,0,0,0,0,0,0,0,0,0,0,0,0,0,0,0,0,0,0,0,0,0,0,0,0,0,0,0,0,0,0,0,0,0,0,0,0,0,0,0,0,0,0,0,0,0,0,0,0,0,0,0
IKPB:bin_000233,0,0,0,0,0,3.633,0,0,0,0,0,0,0,0,0,0,0,0,1.678,0,0,0,0,0,0,0,0,0,0,0,0,0,0,0,0,0,0,0,0,0,0,0,0,0,0,0,0,0,0,0,0,0,0,0,0,0,0,0,0,0,0,0,0,0,9.776,0,0,0,0,0,0,0,2.954,0,0,0,0,0,17.021,0,0,0,0,0
IKPB:bin_000236,0,0,0,0,0,0,0,0,0,0,0,0,0,0,0,0,0,0,0,0,0,0,0,0,0,0,0,0,0,0,0,0,0,0,0,0,0,0,0,0,0,0,0,0,0,0,0,0,0,0,0,0,0,0,0,0,0,0,0,0,0,0,0,0,0,0,0,0,0,0,0,0,0,0,0,0,0,0,0,0,0,0,0,0
IKPB:bin_000237,0,0,0,0,0,0,0,0,0,0,4.325,0,0,0,0,0,0,0,1.941,0,0,3.263,0,0,0,0,0,0,0,0,0,5.088,0,0,0,0,3.533,0,0,0,2.29,0,0,0,0,0,0,0,0,0,0,0,0,3.175,0,1.896,0,0,0,0,0,0,0,0,2.444,0,0,0,0,0,0,0,7.474,0,0,3.04,0,0,2.233,0,1.979,0,0,0
IKPB:bin_000238,0,0,0,0,0,0,0,0,0,0,0,0,0,0,0,0,0,0,0,0,0,0,0,0,0,0,0,0,0,0,0,0,0,0,0,0,0,0,0,0,0,0,0,0,0,0,0,0,0,0,0,0,0,0,0,0,0,0,0,0,0,0,0,0,0,0,0,0,0,0,0,0,0,0,0,0,0,0,0,0,0,0,0,0
IKPB:bin_000239,0,0,0,0,0,0,0,0,0,0,2.322,0,0,0,0,0,0,3.572,2.104,3.337,0,0,0,0,0,0,0,0,0,0,0,2.964,0,1.975,0,0,0,0,2.177,0,2.217,2.493,0,0,0,0,0,0,3.035,0,0,0,0,0,0,0,0,0,0,0,0,0,0,0,0,0,0,0,0,0,0,0,5.312,0,0,1.684,0,0,2.867,0,0,0,0,0
IKPB:bin_000240,0,0,0,0,0,0,0,0,0,0,2.337,0,0,0,0,0,0,0,1.67,2.166,0,2.22,0,0,0,0,0,0,0,0,0,2.277,0,0,0,0,2.643,0,0,0,1.925,0,0,0,0,0,0,0,2.388,0,0,0,0,0,0,0,0,0,0,0,1.812,0,0,0,0,0,0,0,0,0,0,0,3.705,0,0,1.332,0,0,2.537,0,0,0,0,0
IKPB:bin_000241,0,0,0,0,0,0,0,0,0,0,0,0,0,0,0,0,0,0,0,0,0,0,0,0,0,0,0,0,0,0,0,0,0,0,0,0,0,0,0,0,0,0,0,0,0,0,0,0,0,0,0,0,0,0,0,0,0,0,0,0,0,0,0,0,0,0,0,0,0,0,0,0,0,0,0,0,0,0,0,0,0,0,0,0
IKPB:bin_000243,0,1.184,0,0,0,0,0,0,0,0,2.776,0,0,0,0,0,0,0,1.577,3.616,0,2.698,0,0,0,0,1.51,0,0,0,0,3.798,0,0,0,0,0,0,0,0,2.328,0,0,3.042,0,0,0,0,2.803,0,0,0,0,0,0,0,0,0,0,0,1.301,2.134,0,0,1.416,0,0,0,0,0,0,0,0,0,0,0,0,0,3.428,0,0,0,0,0
IKPB:bin_000245,0,0,0,3.642,0,5.146,0,0,0,0,7.648,0,0,0,0,0,0,5.286,4.44,5.617,0,3.467,0,0,0,0,2.605,3.21,0,0,0,6.796,0,0,0,0,3.3,0,4.797,3.032,5.783,4.228,0,3.656,0,4.081,0,0,8.035,0,2.628,0,0,0,0,2.708,3.709,0,0,2.271,2.401,0,2.472,0,2.758,0,3.153,0,0,2.3,0,0,7.174,0,0,2.935,2.501,0,7.173,0,0,0,0,0
IKPB:bin_000246,0,0,0,0,0,0,0,0,0,0,2.316,0,0,0,0,0,0,2.876,0,0,0,0,0,0,0,0,0,0,0,0,0,0,0,0,0,0,0,0,0,0,0,0,0,0,0,1.323,0,0,0,0,0,0,0,0,0,0,0,0,0,0,0,0,1.486,0,0,0,0,0,0,0,0,0,4.666,0,0,0,0,0,0,0,0,0,0,0
IKPB:bin_000247,3.104,15.981,6.195,28.794,1.856,36.812,0,0,4.199,2.8,93.326,2.439,2.864,9.35,11.87,11.419,17.52,48.14,39.288,43.619,3.196,28.201,0,5.086,1.71,0,21.335,24.239,16.469,8.377,16.679,52.517,12.242,15.694,13.598,12.499,25.619,0,38.898,20.721,40.123,36.862,7.822,22.179,6.896,17.999,4.292,0,45.003,10.865,20.462,1.398,7.321,31.15,0,20.147,26.63,13.918,0,19.162,24.044,14.179,17.942,21.234,20.391,2.076,25.364,0,6.566,14.628,4.782,0,73.219,0,2.207,20.08,16.774,0,46.667,2.569,14.436,1.869,17.26,5.193
IKPB:bin_000251,0,0,0,0,0,0,0,0,0,0,0,0,0,0,0,0,0,0,0,0,0,0,0,0,0,0,0,0,0,0,0,0,0,0,0,0,0,0,0,0,0,0,0,0,0,0,0,0,0,0,0,0,0,0,0,0,0,0,0,0,0,0,0,0,0,0,0,0,0,0,0,0,0,0,0,0,0,0,0,0,0,0,0,0
IKPB:bin_000254,0,0,0,0,0,0,0,0,0,0,0,0,0,0,0,0,0,0,0,0,0,0,0,0,0,0,0,0,0,0,0,0,0,0,0,0,0,0,0,0,0,0,0,0,0,0,0,0,0,0,0,0,0,0,0,0,0,0,0,0,0,0,0,0,0,0,0,0,0,0,0,0,0,0,0,0,0,0,0,0,0,0,0,0
IKPB:bin_000256,0,0,0,0,0,0,0,0,0,0,0,0,0,0,0,0,0,0,0,0,0,0,0,0,0,0,0,0,0,0,0,0,0,0,0,0,0,0,0,0,0,0,0,0,0,0,0,0,0,0,0,0,0,0,0,0,0,0,0,0,0,0,0,0,0,0,0,0,0,0,0,0,0,0,0,0,0,0,0,0,0,0,0,0
IKPB:bin_000257,0,0,0,0,0,0,0,0,0,0,0,0,0,0,0,0,0,0,0,0,0,0,0,0,0,0,0,0,0,0,0,0,0,0,0,0,0,0,0,0,0,0,0,0,0,0,0,0,0,0,0,0,0,0,0,0,0,0,0,0,0,0,0,0,0,0,0,0,0,0,0,0,0,0,0,0,0,0,0,0,0,0,0,0
IKPB:bin_000259,0,0,0,0,0,0,0,0,0,0,6.408,0,0,0,2.081,0,0,3.388,0,0,0,0,0,0,0,0,0,0,0,0,0,0,0,0,0,0,0,0,1.971,7.897,0,2.329,0,0,0,2.237,0,0,0,0,0,0,0,0,0,0,0,0,0,0,0,0,0,0,1.782,0,0,0,0,0,0,0,11.293,0,0,0,0,0,2.036,0,0,0,0,0
IKPB:bin_000262,0,0,0,0,0,0,0,0,0,0,0,0,0,0,0,0,0,0,0,0,0,0,0,0,0,0,0,0,0,0,0,0,0,0,0,0,0,0,0,0,0,0,0,0,0,0,0,0,0,0,0,0,0,0,0,0,0,0,0,0,0,0,0,0,3.004,0,0,0,0,0,0,0,0,0,0,0,0,0,6.825,0,0,0,0,0
IKPB:bin_000263,0,0,0,0,0,0,0,0,0,0,0,0,0,0,0,0,0,0,0,0,0,0,0,0,0,0,0,0,0,0,0,0,0,0,0,0,0,0,0,0,0,0,0,0,0,0,0,0,0,0,0,0,0,0,0,0,0,0,0,0,0,0,0,0,0,0,0,0,0,0,0,0,0,0,0,0,0,0,0,0,0,0,0,0
IKPB:bin_000266,0,0,0,0,0,0,0,0,0,0,0,0,0,0,0,0,0,0,0,0,0,0,0,0,0,0,0,0,0,0,0,0,0,0,0,0,0,0,0,0,0,0,0,0,0,0,0,0,0,0,0,0,0,0,0,0,0,0,0,0,0,0,0,0,0,0,0,0,0,0,0,0,0,0,0,0,0,0,0,0,0,0,0,0
IKPB:bin_000267,0,0,0,0,0,0,0,0,0,0,0,0,0,0,0,0,0,0,0,0,0,0,0,0,0,0,0,0,0,0,0,0,0,0,0,0,0,0,0,0,0,0,0,0,0,0,0,0,0,0,0,0,0,0,0,0,0,0,0,0,0,0,0,0,0,0,0,0,0,0,0,0,0,0,0,0,0,0,0,0,0,0,0,0
IKPB:bin_000268,0,0,0,0,0,1.958,0,0,0,0,2.75,0,0,0,0,0,0,0,2,0,0,0,0,0,0,0,1.654,0,0,0,0,2.766,0,0,0,0,0,0,0,0,0,2.227,0,0,0,1.644,0,0,0,0,1.571,0,0,0,0,0,0,0,0,0,1.604,0,1.527,0,0,0,0,0,0,0,0,0,3.439,0,0,0,0,0,2.17,0,0,0,0,0
IKPB:bin_000269,0,0,0,2.234,0,0,0,0,0,0,3.91,0,0,0,0,0,0,2.685,2.603,3.367,0,0,0,1.442,0,0,0,0,0,0,0,2.705,0,0,0,0,0,0,2.314,2.12,2.146,2.237,0,0,0,0,0,0,0,0,0,0,0,0,0,0,0,0,0,1.627,1.536,0,0,0,0,0,0,0,0,0,0,0,5.015,0,0,0,0,0,2.513,0,0,0,1.339,0
IKPB:bin_000271,0,0,0,0,0,0,0,0,0,0,0,0,0,0,0,0,0,0,0,0,0,0,0,0,0,0,0,0,0,0,0,0,0,0,0,0,0,0,0,0,0,0,0,0,0,0,0,0,0,0,0,0,0,0,0,0,0,0,0,0,0,0,0,0,0,0,0,0,0,0,0,0,0,0,0,0,0,0,0,0,0,0,0,0
IKPB:bin_000272,0,0,0,0,0,0,0,0,0,0,0,0,0,0,0,0,0,0,0,0,0,0,0,0,0,0,0,0,0,0,0,0,0,0,0,0,0,0,0,0,0,0,0,0,0,0,0,0,0,0,0,0,0,0,0,0,0,0,0,0,0,0,0,0,0,0,0,0,0,0,0,0,0,0,0,0,0,0,0,0,0,0,0,0
IKPB:bin_000273,0,4.141,2.02,12.97,0,13.506,0,0,2.09,1.147,15.442,0,1.967,11.019,12.965,4.371,4.426,21.221,13.566,12.273,1.472,8.15,0,2.17,0,0,11.838,8.441,9.842,2.457,6.132,22.692,3.512,8.858,9.573,2.634,7.978,0,10.453,7.848,19.061,10.621,1.759,5.851,3.562,3.559,0,0,14.865,2.449,5.159,0,2.867,9.425,0,11.604,12.046,4.141,0,10.88,6.638,4.768,5.365,7.382,9.016,0,12.017,0,2.69,4.722,1.512,0,21.105,0,0,5.524,6.57,0,14.007,1.167,5.165,0,3.005,0
IKPB:bin_000274,0,0,0,0,0,0,0,0,0,0,0,0,0,0,0,0,0,0,0,0,0,0,0,0,0,0,0,0,0,0,0,0,0,0,0,0,0,0,0,0,0,0,0,0,0,0,0,0,0,0,0,0,0,0,0,0,0,0,0,0,0,0,0,0,0,0,0,0,0,0,0,0,0,0,0,0,0,0,0,0,0,0,0,0
IKPB:bin_000279,2.242,10.996,9.316,23.518,3.172,18.031,0,0,4.021,3.845,66.508,2.178,4.324,6.945,21.356,17.499,12.455,33.758,44.804,39.194,2.043,33.349,0,3.62,1.395,0,17.121,18.466,11.819,7.255,16.327,46.761,8.817,14.412,11.169,14.689,27.973,0,37.89,39.541,35.783,41.116,6.157,13.52,7.331,19.574,2.082,0,36.289,9.36,17.809,0,5.52,21.273,0,19.809,23.278,16.007,0,15.599,16.754,15.836,13.825,16.86,17.758,0,14.167,0,6.201,11.497,3.612,0,88.788,0,2.543,16.429,15.859,2.101,59.049,2.087,14.499,1.632,9.281,4.441
IKPB:bin_000286,0,0,0,0,0,0,0,0,0,0,0,0,0,0,0,0,0,0,0,0,0,0,0,0,0,0,0,0,0,0,0,0,0,0,0,0,0,0,0,0,0,0,0,0,0,0,0,0,0,0,0,0,0,0,0,0,0,0,0,0,0,0,0,0,0,0,0,0,0,0,0,0,0,0,0,0,0,0,0,0,0,0,0,0
IKPB:bin_000289,0,0,0,0,0,0,0,0,0,0,0,0,0,0,0,0,0,0,0,0,0,0,0,0,0,0,0,0,0,0,0,0,0,0,0,0,0,0,0,0,0,0,0,0,0,0,0,0,0,0,0,0,0,0,0,0,0,0,0,0,0,0,0,0,0,0,0,0,0,0,0,0,0,0,0,0,0,0,0,0,0,0,0,0
IKPB:bin_000290,0,0,0,0,0,0,0,0,0,0,0,0,0,0,0,0,0,0,1.466,0,0,0,0,0,0,0,0,0,0,0,0,0,0,0,0,0,0,0,0,0,0,0,0,0,0,0,0,0,0,0,0,0,0,0,0,0,0,0,0,0,0,0,0,0,0,0,0,0,0,0,0,0,0,0,0,0,0,0,0,0,0,0,0,0
IKPB:bin_000291,0,0,0,2.638,0,0,0,0,0,0,4.278,0,0,0,0,0,0,0,1.94,2.885,0,4.77,0,0,0,0,1.539,0,0,0,3.295,7.203,0,0,0,0,0,0,2.475,0,3.571,7.2,1.317,0,0,2.646,0,0,28.901,0,1.901,0,0,13.658,0,0,0,0,0,0,0,0,0,0,4.128,0,2.924,0,0,1.644,0,0,31.527,0,0,2.177,0,0,2.987,0,0,0,1.663,0
IKPB:bin_000292,0,1.966,0,3.24,0,3.024,0,0,0,0,5.168,0,0,1.283,2.457,0,0,5.449,4.044,3.868,0,4.558,0,0,0,0,4.16,2.48,2.871,0,0,7.635,0,0,1.578,0,2.997,0,2.958,2.502,5.64,3.14,0,2.891,0,2.031,0,0,8.651,0,2.651,0,0,3.646,0,2.237,3.5,0,0,2.245,2.33,2.671,0,1.626,1.83,0,0,0,0,2.693,0,0,11.368,0,0,1.766,2.655,0,5.33,0,2.07,0,0,0
IKPB:bin_000295,0,0,0,0,0,2,0,0,0,0,2.065,0,0,0,0,0,0,0,4.043,0,0,1.785,0,0,0,0,1.156,0,0,0,0,3.183,0,0,0,0,0,0,1.969,0,1.741,2.499,0,0,0,1.408,0,0,2.734,0,0,0,0,1.891,0,1.236,1.988,0,0,1.111,1.531,0,1.242,0,1.433,0,0,0,0,1.542,0,0,2.068,0,0,1.581,0,0,2.187,0,0,0,0,0
IKPB:bin_000296,0,0,0,0,0,0,0,0,0,0,0,0,0,0,0,0,0,0,0,0,0,0,0,0,0,0,0,0,0,0,0,0,0,0,0,0,0,0,0,0,0,0,0,0,0,0,0,0,0,0,0,0,0,0,0,0,0,0,0,0,0,0,0,0,0,0,0,0,0,0,0,0,0,0,0,0,0,0,0,0,0,0,0,0
IKPB:bin_000301,0,0,0,0,0,0,0,0,0,0,0,0,0,0,0,0,0,0,0,0,0,0,0,0,0,0,0,0,0,0,0,0,0,0,0,0,0,0,0,0,0,0,0,0,0,0,0,0,0,0,0,0,0,0,0,0,0,0,0,0,0,0,0,0,0,0,0,0,0,0,0,0,0,0,0,0,0,0,0,0,0,0,0,0
IKPB:bin_000302,0,0,0,0,0,0,0,0,0,0,2.141,0,0,0,0,0,0,0,1.676,0,0,0,0,0,0,0,0,0,0,0,0,2.224,0,0,0,0,0,0,0,0,0,2.846,0,0,0,0,0,0,0,0,0,0,0,0,0,1.37,0,0,0,1.239,0,0,0,0,0,0,0,0,0,0,0,0,0,0,0,0,0,0,2.094,0,1.94,0,0,0
IKPB:bin_000303,0,8.695,4.507,12.858,0,15.229,0,0,2.094,1.683,33.932,1.427,2.874,6.604,6.307,10.56,9.749,31.019,19.033,19.028,1.427,11.766,0,4.659,0,0,13.906,15.814,11.179,5.211,8.97,30.823,5.097,8.68,8.717,9.467,13.755,0,17.166,13.705,22.815,22.467,3.91,6.684,4.576,11.155,2.37,0,22.208,4.328,11.161,0,4.934,17.321,0,13.129,13.182,7.521,0,9.822,9.716,13.403,9.965,9.951,14.555,1.318,8.321,0,4.386,9.334,2.356,0,33.468,0,0,10.708,5.471,0,28.108,1.229,6.75,0,10.397,6.119
IKPB:bin_000304,0,0,0,0,0,0,0,0,0,0,0,0,0,0,0,0,0,0,0,0,0,0,0,0,0,0,0,0,0,0,0,0,0,0,0,0,0,0,0,0,0,0,0,0,0,0,0,0,0,0,0,0,0,0,0,0,0,0,0,0,0,0,2.171,0,0,0,0,0,0,0,0,0,0,0,0,0,0,0,0,0,0,0,0,0
IKPB:bin_000305,0,0,0,0,0,0,0,0,0,0,0,0,0,0,0,0,0,0,0,0,0,0,0,0,0,0,0,0,0,0,0,0,0,0,0,0,0,0,0,0,0,0,0,0,0,0,0,0,0,0,0,0,0,0,0,0,0,0,0,0,0,0,0,0,0,0,0,0,0,0,0,0,0,0,0,0,0,0,0,0,0,0,0,0
IKPB:bin_000310,0,0,0,3.297,0,0,0,0,0,0,5.076,0,0,0,0,0,0,3.102,2.957,3.657,0,0,0,0,0,0,2.497,0,0,0,0,3.564,0,0,0,0,0,0,3.514,0,3.194,3.408,0,0,0,0,0,0,3.342,0,0,0,0,3.948,0,2.364,0,0,0,0,1.819,0,0,0,0,0,0,0,0,1.77,0,0,5.72,0,0,0,0,0,3.478,0,0,0,0,0
IKPB:bin_000312,0,0,0,0,0,0,0,0,0,0,0,0,0,0,0,0,0,0,0,0,0,0,0,0,0,0,0,0,0,0,0,0,0,0,0,0,0,0,0,0,0,0,0,0,0,0,0,0,0,0,0,0,0,0,0,0,0,0,0,0,0,0,0,0,0,0,0,0,0,0,0,0,0,0,0,0,0,0,0,0,0,0,0,0
IKPB:bin_000313,0,0,2.084,0,0,0,0,0,0,0,3.751,0,0,0,0,0,0,0,0,0,0,0,0,0,0,0,0,0,0,0,0,10.594,0,0,0,0,0,0,0,0,0,0,0,0,0,0,0,0,2.326,0,0,0,0,0,0,0,0,0,0,0,0,0,0,0,0,0,0,0,1.585,0,0,0,0,0,0,0,0,0,1.261,0,0,0,0,0
IKPB:bin_000320,0,0,0,2.667,0,0,0,0,0,0,3.844,0,0,0,0,0,0,2.204,1.904,7.023,0,2.44,0,0,0,0,1.863,0,2.724,0,0,5.728,0,0,0,0,4.642,0,2.889,0,3.297,0,0,0,0,0,0,0,3.106,0,0,0,0,0,0,0,2.026,0,0,0,2.572,0,1.579,0,0,0,2.034,0,0,3.312,0,0,6.962,0,0,0,0,0,5.225,0,1.545,0,0,0
IKPB:bin_000321,0,0,0,0,0,0,0,0,0,0,0,0,0,0,0,0,0,0,0,0,0,0,0,0,0,0,0,0,0,0,0,0,0,0,0,0,0,0,0,0,0,0,0,0,0,0,0,0,0,0,0,0,0,0,0,0,0,0,0,0,0,0,0,0,0,0,0,0,0,0,0,0,0,0,0,0,0,0,0,0,0,0,0,0
IKPB:bin_000322,0,2.202,0,5.004,0,4.519,0,0,0,0,9.095,0,0,1.546,2.443,0,0,5.971,9.522,7.686,0,6.194,0,0,0,0,3.712,6.794,3.203,0,4.593,10.37,3.261,3.274,0,2.136,5.706,0,6.659,3.16,6.385,8.189,0,2.413,0,3.633,0,0,8.223,0,2.852,0,2.312,5.309,0,3.426,5.004,2.725,0,3.512,4.036,4.399,2.166,2.323,4.134,0,2.815,0,0,2.67,0,0,13.067,0,0,2.814,2.888,0,7.567,0,2.832,0,2.392,0
IKPB:bin_000323,0,0,0,0,0,0,0,0,0,0,0,0,0,0,0,0,0,0,0,0,0,0,0,0,0,0,0,0,0,0,0,0,0,0,0,0,0,0,0,0,0,0,0,0,0,0,0,0,0,0,0,0,0,0,0,0,0,0,0,0,0,0,0,0,0,0,0,0,0,0,0,0,0,0,0,0,0,0,0,0,0,0,0,0
IKPB:bin_000327,0,0,0,0,0,0,0,0,0,0,0,0,0,0,0,0,0,0,0,0,0,0,0,0,0,0,0,0,0,0,0,0,0,0,0,0,0,0,0,0,0,0,0,0,0,0,0,0,0,0,0,0,0,0,0,0,0,0,0,0,0,0,0,0,0,0,0,0,0,0,0,0,0,0,0,0,0,0,0,0,0,0,0,0
IKPB:bin_000335,0,0,0,0,0,0,0,0,0,0,0,0,0,0,0,0,0,0,0,0,0,0,0,0,0,0,0,0,0,0,0,0,0,0,0,0,0,0,0,0,0,0,0,0,0,0,0,0,0,0,0,0,0,0,0,0,0,0,0,0,0,0,0,0,0,0,0,0,0,0,0,0,0,0,0,0,0,0,0,0,0,0,0,0
IKPB:bin_000336,0,0,0,0,0,0,0,0,0,0,0,0,0,0,0,0,0,0,0,0,0,0,0,0,0,0,0,0,0,0,0,0,0,0,0,0,0,0,0,0,0,2.993,0,0,0,0,0,0,2.222,0,0,0,0,0,0,0,0,0,0,0,0,0,0,0,0,0,0,0,0,0,0,0,0,0,0,0,0,0,0,0,0,0,0,0
IKPB:bin_000338,0,0,0,0,0,0,0,0,0,0,9.292,0,0,0,0,0,0,3.214,4.721,0,0,4.797,0,0,0,0,2.147,4.45,0,0,0,4.62,0,0,0,0,0,0,0,0,0,0,0,2.16,0,2.534,0,0,0,0,0,0,0,0,0,0,0,0,0,0,2.237,0,0,0,0,0,0,0,0,2.432,0,0,5.411,0,0,0,0,0,5.17,0,0,0,0,0
IKPB:bin_000341,0,0,0,0,0,0,0,0,0,0,3.114,0,0,0,0,0,0,0,0,0,0,0,0,0,0,0,0,0,4.973,0,0,2.79,0,0,0,0,0,0,0,0,0,0,0,0,0,0,0,0,3.697,0,0,0,0,0,0,0,0,0,0,0,0,3.987,0,0,5.763,0,0,0,0,0,0,0,6.739,0,0,2.176,0,0,8.228,0,0,0,0,2.82
IKPB:bin_000343,0,0,0,0,0,0,0,0,0,0,0,0,0,0,0,0,0,0,0,0,0,0,0,0,0,0,0,0,0,0,0,0,0,0,0,0,0,0,0,0,0,0,0,0,0,0,0,0,0,0,0,0,0,0,0,0,0,0,0,0,0,0,0,0,0,0,0,0,0,0,0,0,0,0,0,0,0,0,0,0,0,0,0,0
IKPB:bin_000344,0,0,0,0,0,0,0,0,0,0,0,0,0,0,0,0,0,0,0,0,0,0,0,0,0,0,0,0,0,0,0,0,0,0,0,0,0,0,0,0,0,0,0,0,0,0,0,0,0,0,0,0,0,0,0,0,0,0,0,0,0,0,0,0,0,0,0,0,0,0,0,0,0,0,0,0,0,0,0,0,0,0,0,0
IKPB:bin_000346,0,0,0,0,0,0,0,0,0,0,0,0,0,0,0,0,0,0,0,0,0,0,0,0,0,0,0,0,0,0,0,0,0,0,0,0,0,0,0,0,0,0,0,0,0,0,0,0,0,0,0,0,0,0,0,0,0,0,0,0,0,0,0,0,0,0,0,0,0,0,0,0,0,0,0,0,0,0,0,0,0,0,0,0
IKPB:bin_000347,0,0,0,0,0,0,0,0,0,0,0,0,0,0,0,0,0,0,0,0,0,0,0,0,0,0,0,0,0,0,0,0,0,0,0,0,0,0,0,0,0,0,0,0,0,0,0,0,0,0,0,0,0,0,0,0,0,0,0,0,0,0,0,0,0,0,0,0,0,0,0,0,0,0,0,0,0,0,0,0,0,0,0,0
IKPB:bin_000348,0,0,0,0,0,0,0,0,0,0,0,0,0,0,0,0,0,0,0,0,0,0,0,0,0,0,0,0,0,0,0,0,0,0,0,0,0,0,0,0,0,0,0,0,0,0,0,0,0,0,0,0,0,0,0,0,0,0,0,0,0,0,0,0,0,0,0,0,0,0,0,0,0,0,0,0,0,0,0,0,0,0,0,0
IKPB:bin_000349,0,0,0,0,0,0,0,0,0,0,0,0,0,0,0,0,0,0,0,0,0,0,0,0,0,0,0,0,0,0,0,2.276,0,0,0,0,0,0,0,0,0,0,0,0,0,0,0,0,0,0,0,0,0,0,0,0,0,0,0,0,0,0,0,0,0,0,0,0,0,0,0,0,2.352,0,0,0,0,0,0,0,0,0,0,0
IKPB:bin_000350,0,0,0,0,0,0,0,0,0,0,0,0,0,0,0,0,0,0,0,0,0,0,0,0,0,0,0,0,0,0,0,0,0,0,0,0,0,0,0,0,0,0,0,0,0,0,0,0,21.883,0,0,0,0,0,0,0,0,0,0,0,0,0,0,0,0,0,0,0,0,0,0,0,0,0,0,0,0,0,0,0,0,0,0,0
IKPB:bin_000351,0,0,0,0,0,0,0,0,0,0,0,0,0,0,0,0,0,0,0,0,0,0,0,0,0,0,0,0,0,0,0,0,0,0,2.145,0,0,0,0,0,0,0,0,0,0,0,0,0,0,0,0,0,0,0,0,1.406,0,0,0,0,0,0,0,1.284,0,0,0,0,0,0,0,0,0,0,0,0,0,0,0,0,0,0,0,0
IKPB:bin_000352,0,0,0,0,0,0,0,0,0,0,0,0,0,0,0,0,0,0,0,0,0,0,0,0,0,0,0,0,0,0,0,0,0,0,0,0,0,0,0,0,0,0,0,0,0,0,0,0,0,0,0,0,0,0,0,0,0,0,0,0,0,0,0,0,0,0,0,0,0,0,0,0,0,0,0,0,0,0,0,0,0,0,0,0
IKPB:bin_000353,0,0,0,0,0,0,0,0,0,0,0,0,0,0,0,0,0,0,0,0,0,0,0,0,0,0,0,0,0,0,0,0,0,0,0,0,0,0,0,0,0,0,0,0,0,0,0,0,0,0,0,0,0,0,0,0,0,0,0,0,0,0,0,0,0,0,0,0,0,0,0,0,0,0,0,0,0,0,0,0,0,0,0,0
IKPB:bin_000354,0,2.098,0,2.745,0,2.501,0,0,0,0,5.813,0,0,1.855,2.819,0,0,5.955,6.656,5.537,0,0,0,0,0,0,3.454,0,0,0,0,4.554,0,0,0,0,3.374,0,3.412,2.256,2.609,2.644,0,0,0,2.711,0,0,5.924,0,2.485,0,0,2.147,0,1.467,3.037,0,0,2.502,1.985,0,2.222,0,1.604,0,2.234,0,0,1.962,0,0,7.712,0,0,2.037,0,0,5.346,0,1.921,0,1.428,0
IKPB:bin_000356,0,4.699,2.887,13.146,4.742,74.292,0,0,2.491,1.432,28.799,1.958,2.937,2.356,4.225,9.754,8.665,11.272,20.23,17.819,1.704,14.566,0,13.442,0,0,10.344,32.611,18.35,3.184,10.184,22.058,16.098,8.599,3.585,5.343,24.414,0,39,13.963,16.529,15.478,6.146,7.206,18.168,8.026,1.855,0,35.236,7.191,10.16,1.621,6.965,14.399,0,10.317,12.395,12.353,0,5.476,18.382,40.54,9.75,11.123,24.393,0,14.4,0,9.272,14.2,2.15,2.423,42.924,0,0,11.812,13.042,0,57.078,0.932,7.74,0,11.504,16.182
IKPB:bin_000357,0,0,0,0,0,10.744,0,0,0,0,0,0,0,0,0,0,0,0,0,0,0,0,0,0,0,0,0,0,2.697,0,0,0,0,0,0,0,0,0,0,0,0,0,0,0,0,0,0,0,0,0,0,0,0,0,0,0,0,0,0,0,0,0,0,0,1.662,0,0,0,0,0,0,0,0,0,0,0,0,0,0,0,0,0,0,2.256
IKPB:bin_000359,0,0,0,0,0,0,0,0,0,0,0,0,0,0,0,0,0,0,0,0,0,0,0,0,0,0,0,0,0,0,0,0,0,0,0,0,0,0,0,0,0,0,0,0,0,0,0,0,0,0,0,0,0,0,0,0,0,0,0,0,0,0,0,0,0,0,0,0,0,0,0,0,0,0,0,0,0,0,0,0,0,0,0,0
IKPB:bin_000360,0,0,0,0,0,0,0,0,0,0,0,0,0,0,0,0,0,0,0,0,0,0,0,0,0,0,0,0,0,0,0,0,0,0,0,0,0,0,0,0,0,0,0,0,0,0,0,0,0,0,0,0,0,0,0,0,0,0,0,0,0,0,0,0,0,0,0,0,0,0,0,0,0,0,0,0,0,0,0,0,0,0,0,0
IKPB:bin_000361,0,0,0,0,0,0,0,0,0,0,2.118,0,0,0,0,0,0,0,0,0,0,0,0,12.358,0,0,0,0,0,0,0,0,0,0,0,0,0,0,0,0,0,0,0,0,0,0,0,0,2.014,0,0,0,0,2.01,0,0,0,0,0,0,0,0,1.292,0,0,0,0,0,0,0,0,0,0,0,0,0,0,0,0,0,0,0,0,0
IKPB:bin_000362,0,1.5,0,4.975,0,13.378,0,0,0,0,9.066,0,3.49,1.23,2.065,2.294,3.637,0,5.836,7.428,0,7.126,0,1.644,0,0,2.617,3.681,8.902,0,2.506,7.731,2.698,10.171,1.627,3.099,4.867,0,4.22,4.485,6.473,8.226,0,2.172,0,4.582,0,0,8.153,1.642,3.509,0,1.252,6.545,0,3.823,3.337,0,0,2.206,2.653,5.299,3.115,1.805,17.301,0,3.548,0,0,2.227,0,0,17.595,0,0,4.062,2.462,0,20.762,0,2.974,0,3.603,8.656
IKPB:bin_000363,0,2.51,0,3.239,0,2.86,0,0,0,0,5.387,0,0,2.679,1.843,0,0,5.985,5.936,6.388,0,0,0,0,0,0,3.204,3.208,2.38,0,0,4.461,2.197,0,0,2.221,4.438,0,3.227,2.003,3.383,4.446,0,0,0,2.962,0,0,5.294,0,3.579,0,0,0,0,2.508,3.191,0,0,2.511,3.119,0,3.19,1.483,3.191,0,2.22,0,1.372,2.447,0,0,7.728,0,0,2.12,0,0,6.874,0,1.935,0,2.182,0
IKPB:bin_000364,0,0,0,0,0,0,0,0,0,0,0,0,0,0,0,0,0,0,0,0,0,0,0,0,0,0,0,0,0,0,0,0,0,0,0,0,0,0,0,0,0,0,0,0,0,0,0,0,0,0,0,0,0,0,0,0,0,0,0,0,0,0,0,0,0,0,0,0,0,0,0,0,0,0,0,0,0,0,0,0,0,0,0,0
IKPB:bin_000365,0,0,0,0,0,0,0,0,0,0,0,0,0,0,0,0,0,0,0,0,0,0,0,0,0,0,0,0,0,0,0,0,0,0,0,0,0,0,0,0,0,0,0,0,0,0,0,0,0,0,0,0,0,0,0,0,0,0,0,0,0,0,0,0,2.047,0,0,0,0,0,0,0,0,0,0,0,0,0,2.08,0,0,0,0,0
IKPB:bin_000367,0,0,0,0,0,0,0,0,0,0,0,0,0,0,0,0,0,0,0,0,0,0,0,0,0,0,0,0,0,0,0,0,0,0,0,0,0,0,0,0,0,0,0,0,0,0,0,0,0,0,0,0,0,0,0,0,0,0,0,0,0,0,0,0,0,0,0,0,0,0,0,0,0,0,0,0,0,0,0,0,0,0,0,0
IKPB:bin_000376,0,0,0,0,0,0,0,0,0,0,0,0,0,0,0,0,0,0,0,0,0,0,0,0,0,0,0,0,0,0,0,0,0,0,0,0,0,0,0,0,0,0,0,0,0,0,0,0,0,0,0,0,0,0,0,0,0,0,0,0,0,0,0,0,0,0,0,0,0,0,0,0,0,0,0,0,0,0,0,0,0,0,0,0
IKPB:bin_000377,0,0,0,0,0,0,0,0,0,0,0,0,0,0,0,0,0,0,1.962,0,0,0,0,0,0,0,0,0,0,0,0,0,0,0,0,0,0,0,0,0,0,0,0,0,0,0,0,0,0,0,0,0,0,0,0,0,0,0,0,0,0,0,0,0,0,0,0,0,0,0,0,0,0,0,0,1.803,0,0,1.543,0,1.901,0,0,0
IKPB:bin_000378,0,4.469,0,7.373,0,5.387,0,0,1.117,0,15.919,0,1.361,2.526,3.036,3.979,3.71,9.379,7.434,14.537,0,9.106,0,1.534,0,0,5.852,7.302,3.267,0,4.967,13.714,2.185,3.887,3.8,3.43,9.182,0,8.784,4.989,10.166,6.836,1.616,5.853,1.968,5.385,0,0,13.808,2.762,3.526,0,1.737,7.926,0,3.561,6.466,4.515,0,2.221,7.074,5.944,3.158,3.093,5.379,0,5.837,0,1.999,3.242,0,0,19.779,0,0,2.609,4.633,0,10.333,0,5.054,0,4.213,0
IKPB:bin_000379,0,0,0,2.455,0,8.544,0,0,0,0,0,0,0,0,0,0,0,0,0,0,0,2.026,0,0,0,0,0,0,0,0,0,0,0,0,0,0,0,0,0,0,2.122,0,0,0,0,0,0,0,2.707,0,1.46,0,0,0,0,0,0,0,0,0,1.352,0,0,0,8.904,0,0,0,0,1.866,0,0,5.077,0,0,6.832,0,0,16.878,0,0,0,0,0
IKPB:bin_000380,0,0,0,0,0,0,0,0,0,0,0,0,0,0,0,0,0,0,0,0,0,0,0,0,0,0,0,0,0,0,0,0,0,0,0,0,0,0,0,0,0,0,0,0,0,0,0,0,0,0,0,0,0,0,0,0,0,0,0,0,0,0,0,0,0,0,0,0,0,0,0,0,0,0,0,0,0,0,0,0,0,0,0,0
IKPB:bin_000381,0,0,0,0,0,0,0,0,0,0,0,0,0,0,0,0,0,0,0,0,0,0,0,0,0,0,0,0,0,0,0,0,0,0,0,0,0,0,0,0,0,0,0,0,0,0,0,0,0,0,0,0,0,0,0,0,0,0,0,0,0,0,0,0,0,0,0,0,0,0,0,0,0,0,0,0,0,0,0,0,0,0,0,0
IKPB:bin_000386,0,1.42,0,4.445,0,0,0,0,0,0,8.74,0,0,0,0,0,0,4.628,4.428,4.495,0,5.829,0,2.216,0,0,3.25,2.632,2.676,0,2.936,7.001,0,3.152,0,1.621,3.287,0,3.393,2.885,3.735,4.799,0,1.679,0,3.261,0,0,4.36,2.093,3.146,0,1.598,3.39,0,2.557,2.929,0,0,2.137,1.557,2.677,0,0,0,0,3.256,0,0,2.642,0,0,12.762,0,0,1.358,2.269,0,2.746,0,3.522,0,2.211,0
IKPB:bin_000387,0,0,0,0,0,0,0,0,0,0,0,0,0,0,0,0,0,0,0,0,0,0,0,0,0,0,0,0,0,0,0,0,0,0,0,0,0,0,0,0,0,0,0,0,0,0,0,0,0,0,0,0,0,0,0,0,0,0,0,0,0,0,0,0,0,0,0,0,0,0,0,0,0,0,0,0,0,0,0,0,0,0,0,0
IKPB:bin_000391,0,0,0,0,0,0,0,0,0,0,0,0,0,0,0,0,0,0,0,0,0,0,0,0,0,0,0,0,0,0,0,0,0,0,0,0,0,0,0,0,0,0,0,0,0,0,0,0,0,0,0,0,0,0,0,0,0,0,0,0,0,0,0,0,0,0,0,0,0,0,0,0,0,0,0,0,0,0,0,0,0,0,0,0
IKPB:bin_000392,0,0,0,0,0,0,0,0,0,0,0,0,0,0,0,0,0,0,0,0,0,0,0,0,0,0,0,0,0,0,0,0,0,0,0,0,0,0,0,0,0,0,0,0,0,0,0,0,0,0,0,0,0,0,0,0,0,0,0,0,0,0,0,0,0,0,0,0,0,0,0,0,0,0,0,0,0,0,0,0,0,0,0,0
TI1:bin_000004,0,0,0,0,0,0,0,0,0,0,3.058,0,0,0,0,0,0,0,2.95,4.496,0,2.915,0,0,0,0,1.197,0,0,0,0,4.896,0,0,0,0,0,0,0,0,2.091,0,0,0,0,0,0,0,2.527,0,0,0,0,0,0,1.272,0,0,0,0,1.79,0,0,0,1.373,0,0,0,0,0,0,0,3.482,0,0,0,0,0,2.48,0,0,0,0,0
TI1:bin_000008,0,0,0,0,0,0,0,0,0,0,0,0,0,0,0,0,0,0,2.168,0,0,3.526,0,0,0,0,1.22,0,0,0,0,0,0,0,0,0,0,0,2.84,0,0,0,0,0,0,1.865,0,0,2.516,0,1.437,0,0,0,0,1.306,2.388,0,0,0,1.252,0,0,0,0,0,0,0,0,0,0,0,4.776,0,0,1.261,0,0,2.304,0,1.765,0,0,0
TI1:bin_000011,0,0,0,0,0,0,0,0,0,0,0,0,0,0,0,0,0,0,0,0,0,0,0,0,0,0,0,0,0,0,0,0,0,0,0,0,0,0,0,0,0,0,0,0,0,0,0,0,0,0,0,0,0,0,0,0,0,0,0,0,0,0,0,0,0,0,0,0,0,0,0,0,0,0,0,0,0,0,0,0,0,0,0,0
TI1:bin_000018,0,2.181,2.462,9.08,0,4.084,0,0,0,0,19.835,0,2.284,13.389,4.042,10.3,5.462,10.179,11.075,26.721,0,8.404,0,2.576,0,0,4.75,16.1,5.73,10.055,7.303,16.995,10.649,7.94,5.52,2.717,5.117,0,10.129,7.378,14.824,8.433,2.826,6.762,3.863,6.733,0,0,21.248,3.505,3.513,0,2.679,13.495,0,9.447,5.377,6.623,0,3.677,7.955,6.781,5.193,3.176,6.405,0,8.384,0,3.716,6.601,1.419,0,30.044,0,3.667,5.57,6.022,0,11.406,1.617,2.681,1.643,3.034,4.936
TI1:bin_000020,0,0,0,0,0,0,0,0,0,0,0,0,0,0,0,0,0,0,2.088,0,0,0,0,0,0,0,0,0,0,0,0,0,0,0,0,0,0,0,0,0,0,0,0,0,0,0,0,0,0,0,0,0,0,0,0,0,0,0,0,0,0,0,0,0,0,0,0,0,0,0,0,0,0,0,0,0,0,0,1.463,0,0,0,0,0
TI1:bin_000026,0,0,0,0,0,0,0,0,0,0,0,0,0,0,0,0,0,0,0,0,0,0,0,0,0,0,0,0,0,0,0,0,0,0,0,0,0,0,0,0,0,0,0,0,0,0,0,0,0,0,0,0,0,0,0,0,0,0,0,0,0,0,0,0,0,0,0,0,0,0,0,0,0,0,0,0,0,0,0,0,0,0,0,0
TI1:bin_000032,0,0,0,0,0,0,0,0,0,0,0,0,0,0,0,0,0,0,0,0,0,0,0,0,0,0,0,0,0,0,0,0,0,0,0,0,0,0,0,0,0,0,0,0,0,0,0,0,0,0,0,0,0,0,0,0,0,0,0,0,0,0,0,0,0,0,0,0,0,0,0,0,0,0,0,0,0,0,0,0,0,0,0,0
TI1:bin_000035,0,1.909,0,2.168,0,2.9,0,0,0,0,4.849,0,0,0,0,0,0,3.465,4.909,3.636,0,2.666,0,0,0,0,1.989,2.244,0,0,0,3.611,0,0,0,2.068,2.306,0,3.14,0,3.652,0,0,1.704,0,2.452,0,0,3.216,0,1.624,0,0,0,0,1.329,2.517,0,0,1.85,1.865,0,1.834,1.615,1.853,0,2.409,0,0,0,0,0,4.618,0,0,2.145,0,0,3.024,0,0,0,1.498,0
TI1:bin_000041,0,0,0,0,0,0,0,0,0,0,0,0,0,0,0,0,0,0,1.672,0,0,0,0,0,0,0,0,0,0,0,0,0,0,0,0,0,0,0,0,0,0,0,0,0,0,0,0,0,0,0,0,0,0,0,0,0,0,0,0,1.057,0,0,0,0,0,0,0,0,0,0,0,0,0,0,0,0,0,0,0,0,0,0,0,0
TI1:bin_000057,0,0,0,0,0,0,0,0,0,0,0,0,0,0,0,0,0,0,0,0,0,0,0,0,0,0,0,0,0,0,0,0,0,0,0,0,0,0,0,0,0,0,0,0,0,0,0,0,0,0,0,0,0,0,0,0,0,0,0,0,0,0,0,0,0,0,0,0,0,0,0,0,0,0,0,0,0,0,0,0,0,0,0,0
TI1:bin_000058,0,0,0,2.146,0,0,0,0,0,0,2.455,0,0,0,0,0,0,0,1.208,0,0,1.924,0,0,0,0,1.291,0,9.066,0,0,2.469,2.994,2.323,0,0,0,0,0,1.832,0,2.767,0,0,0,4.903,0,0,0,0,1.355,0,0,2.027,0,0,0,0,0,0,0,2.983,0,0,3.165,0,2.919,0,0,2.917,0,0,0,0,0,1.451,0,0,3.131,0,6.426,0,2.643,0
TI1:bin_000065,0,0,0,0,0,0,0,0,0,0,0,0,0,0,0,0,3.485,0,0,2.602,0,0,0,0,0,0,0,0,0,0,0,3.651,0,0,0,0,3.019,0,3.951,0,0,0,0,1.862,1.438,1.651,0,0,0,0,0,0,0,2.114,0,0,0,0,0,0,0,0,0,0,0,0,0,0,0,0,0,0,3.324,0,0,0,0,0,1.844,0,1.436,0,0,0
TI1:bin_000066,0,0,0,0,0,2.178,0,0,0,0,0,0,0,0,0,0,0,0,0,0,0,0,0,0,0,0,0,0,0,0,0,0,0,0,0,0,0,0,0,0,0,0,0,0,0,0,0,0,0,0,0,0,0,0,0,0,0,0,0,0,0,0,0,0,0,0,0,0,0,0,0,0,0,0,0,0,0,0,0,0,0,0,0,0
TI1:bin_000074,0,0,0,0,0,0,0,0,0,0,0,0,0,0,0,0,0,0,0,0,0,0,0,0,0,0,0,0,0,0,0,0,0,0,0,0,0,0,0,0,0,0,0,0,0,0,0,0,0,0,0,0,0,0,0,0,0,0,0,0,0,0,0,0,0,0,0,0,0,0,0,0,0,0,0,0,0,0,0,0,0,0,0,0
TI1:bin_000078,0,1.872,0,0,0,0,0,0,0,0,4.098,0,0,0,0,0,0,0,0,0,0,0,0,0,0,0,0,0,0,0,0,2.205,0,0,0,0,0,0,3.382,0,0,0,0,0,0,1.635,0,0,0,0,1.324,0,0,0,0,1.617,0,0,0,2.175,0,0,0,0,0,0,0,0,0,0,0,0,2.728,0,0,0,2.019,0,0,0,0,0,0,0
TI1:bin_000079,0,0,0,0,0,0,0,0,0,0,0,0,0,0,0,0,0,0,0,0,0,0,0,0,0,0,0,0,0,0,0,0,0,0,0,0,0,0,0,0,0,0,0,0,0,0,0,0,0,0,0,0,0,0,0,0,0,0,0,0,0,0,0,0,0,0,0,0,0,0,0,0,0,0,0,0,0,0,0,0,0,0,0,0
TI1:bin_000083,0,0,0,0,0,0,0,0,0,0,0,0,0,0,0,0,0,0,0,0,0,0,0,0,0,0,0,0,0,0,0,0,0,0,0,0,0,0,0,0,0,0,0,0,0,0,0,0,0,0,0,0,0,0,0,0,0,0,0,0,1.173,0,0,0,0,0,0,0,0,0,0,0,0,0,0,0,0,0,0,0,0,0,0,0
TI1:bin_000098,0,0,0,0,0,0,0,0,0,0,0,0,0,0,0,0,0,0,0,0,0,0,0,0,0,0,0,0,0,0,0,0,0,0,0,0,0,0,0,0,0,0,0,0,0,0,0,0,0,0,0,0,0,0,0,0,0,0,0,0,0,0,0,0,0,0,0,0,0,0,0,0,0,0,0,0,0,0,0,0,0,0,0,0
TI1:bin_000101,0,0,0,0,0,0,0,0,0,0,45.978,0,0,0,2.595,0,0,0,0,0,0,4.209,0,0,0,0,0,0,0,0,0,0,0,0,0,0,5.447,0,3.631,8.113,3.067,0,0,0,0,0,0,0,0,0,0,0,0,0,0,1.721,0,0,0,0,0,0,0,0,0,0,0,0,0,0,0,0,13.069,0,0,0,0,0,0,0,0,0,0,0
TI1:bin_000102,0,0,0,0,0,0,0,0,0,0,0,0,0,0,0,0,0,0,0,0,0,0,0,0,0,0,0,0,0,0,0,0,0,0,0,0,0,0,0,0,0,0,0,0,0,0,0,0,0,0,0,0,0,0,0,0,0,0,0,0,0,0,0,0,0,0,0,0,0,0,0,0,0,0,0,0,0,0,0,0,0,0,0,0
TI1:bin_000107,0,0,0,0,0,0,0,0,0,0,0,0,0,0,0,0,0,0,0,0,0,0,0,0,0,0,0,0,0,0,0,0,0,0,0,0,0,0,0,0,1.884,0,0,0,0,0,0,0,0,0,0,0,0,0,0,0,0,0,0,0,0,0,0,0,0,0,0,0,0,0,0,0,2.612,0,0,0,0,0,0,0,0,0,0,0
TI1:bin_000120,0,0,0,0,0,0,0,0,0,0,0,0,0,0,0,0,0,0,0,2.333,0,0,0,0,0,0,0,2.042,0,0,0,0,0,0,0,0,0,0,0,0,1.814,0,0,0,0,0,0,0,0,0,0,0,0,0,0,0,0,0,0,0,0,0,0,0,0,0,0,0,0,0,0,0,2.817,0,0,0,1.959,0,2.632,0,0,0,0,0
TI1:bin_000121,0,0,0,0,0,0,0,0,0,0,0,0,0,0,0,0,0,0,0,0,0,0,0,0,0,0,0,0,0,0,0,0,0,0,0,0,0,0,0,0,0,0,0,0,0,0,0,0,0,0,0,0,0,0,0,0,0,0,0,0,0,0,0,0,0,0,0,0,0,0,0,0,0,0,0,0,0,0,0,0,0,0,0,0
TI1:bin_000128,0,0,0,0,0,0,0,0,0,0,0,0,0,0,0,0,0,0,0,0,0,0,0,0,0,0,0,0,0,0,0,0,0,0,0,0,0,0,0,0,0,0,0,0,0,2.734,0,0,2.36,0,0,0,0,0,0,0,0,0,0,0,0,0,1.6,0,0,0,0,0,0,0,0,0,2.199,0,0,0,0,0,1.443,0,0,0,0,0
TI1:bin_000133,0,0,0,0,3.311,13.646,0,0,0,0,6.181,0,0,0,0,11.819,2.322,0,0,0,0,6.961,0,0,0,0,0,19.811,10.139,0,0,11.05,0,0,0,0,0,0,0,1.968,0,0,0,0,0,9.08,0,0,0,0,0,0,0,0,0,4.93,20.996,14.849,0,0,0,2.493,0,59.286,25.521,0,0,0,0,2.031,0,0,0,0,0,0,0,0,0,0,0,0,1.783,0
TI1:bin_000134,0,0,0,0,0,0,0,0,0,0,0,0,0,0,0,0,0,0,0,0,0,0,0,0,0,0,0,0,0,0,0,0,0,0,0,0,0,0,0,0,0,0,0,0,0,0,0,0,0,0,0,0,0,0,0,0,0,0,0,0,0,0,0,0,0,0,0,0,0,0,0,0,0,0,0,0,0,0,0,0,0,0,0,0
TI1:bin_000137,0,0,0,0,0,0,0,0,0,0,0,0,0,0,0,0,0,0,0,0,0,0,0,0,0,0,0,0,0,0,0,0,0,0,0,0,0,0,0,0,0,0,0,0,0,0,0,0,0,0,0,0,0,0,0,0,0,0,0,0,0,0,0,0,0,0,0,0,0,0,0,0,0,0,0,0,0,0,0,0,0,0,0,0
TI1:bin_000140,0,0,0,0,0,0,0,0,0,0,0,0,0,0,0,0,0,0,0,0,0,0,0,0,0,0,0,0,0,0,0,0,0,0,0,0,0,0,0,0,0,0,0,0,0,0,0,0,0,0,0,0,0,0,0,0,0,0,0,0,0,0,0,0,0,0,0,0,0,0,0,0,0,0,0,0,0,0,0,0,0,0,0,0
TI1:bin_000141,0,0,0,0,0,0,0,0,0,0,0,0,0,0,0,0,0,0,0,0,0,0,0,0,0,0,0,0,0,0,0,0,0,0,0,0,0,0,0,0,0,0,0,0,0,0,0,0,0,0,0,0,0,0,0,0,0,0,0,0,0,0,0,0,0,0,0,0,0,0,0,0,0,0,0,0,0,0,0,0,0,0,0,0
TI1:bin_000143,0,0,0,0,0,0,0,0,0,0,0,0,0,0,0,0,0,0,0,0,0,0,0,0,0,0,0,0,0,0,0,0,0,0,0,0,0,0,0,0,0,0,0,0,0,0,0,0,0,0,0,0,0,0,0,0,0,0,0,0,0,0,0,0,0,0,0,0,0,0,0,0,0,0,0,0,0,0,0,0,0,0,0,0
TI1:bin_000146,0,0,0,0,0,0,0,0,0,0,0,0,0,0,0,0,0,0,0,0,0,0,0,0,0,0,0,0,0,0,0,0,0,0,0,0,0,0,0,0,0,0,0,0,0,0,0,0,0,0,0,0,0,0,0,0,0,0,0,0,0,0,0,0,0,0,0,0,0,0,0,0,0,0,0,0,0,0,0,0,0,0,0,0
TI1:bin_000150,0,0,0,0,0,0,0,0,0,0,0,0,0,0,0,0,0,0,0,0,0,0,0,0,0,0,0,0,0,0,0,0,0,0,0,0,0,0,0,0,0,0,0,0,0,0,0,0,0,0,0,0,0,0,0,0,0,0,0,0,0,0,0,0,0,0,0,0,0,0,0,0,0,0,0,0,0,0,0,0,0,0,0,0
TI1:bin_000151,0,0,0,0,0,0,0,0,0,0,2.552,0,0,0,0,2.478,0,0,2.446,9.667,0,2.119,0,0,0,0,1.712,0,0,0,0,4.715,0,0,0,0,0,0,3.204,3.01,2.379,0,0,0,2.114,1.458,0,0,5.58,0,1.41,0,0,0,0,0,0,0,0,0,5.602,0,1.178,2.735,1.791,0,0,0,0,2.585,0,0,6.883,0,0,0,0,0,6.882,0,0,0,0,0
TI1:bin_000152,0,0,0,0,0,0,0,0,0,0,0,0,0,0,0,0,0,0,0,0,0,0,0,0,0,0,0,0,0,0,0,0,0,0,0,0,0,0,0,0,0,0,0,0,0,0,0,0,0,0,0,0,0,0,0,0,0,0,0,0,0,0,0,0,0,0,0,0,0,0,0,0,0,0,0,0,0,0,0,0,0,0,0,0
TI1:bin_000156,0,0,0,0,0,0,0,0,0,0,0,0,0,0,0,0,0,0,0,0,0,0,0,0,0,0,0,0,0,0,0,0,0,0,0,0,0,0,0,0,0,0,0,0,0,0,0,0,0,0,0,0,0,0,0,0,0,0,0,0,0,0,0,0,0,0,0,0,0,0,0,0,0,0,0,0,0,0,0,0,0,0,0,0
TI1:bin_000168,0,0,0,0,0,3.849,0,0,0,0,21.401,0,0,0,0,0,0,2.738,1.515,3.35,0,0,0,0,0,0,0,2.366,0,0,0,3.361,0,0,0,0,0,0,0,0,3.131,12.156,0,0,0,0,0,0,2.374,0,0,0,0,2.304,0,1.147,0,0,0,0,0,0,0,0,2.132,0,0,0,0,1.862,0,0,7.697,0,0,0,0,0,0,0,0,0,0,0
TI1:bin_000185,0,0,0,0,0,0,0,0,0,0,0,0,0,0,0,0,0,0,0,0,0,0,0,0,0,0,0,0,0,0,0,0,0,0,0,0,0,0,0,0,0,0,0,0,0,0,0,0,0,0,0,0,0,0,0,0,0,0,0,0,0,0,0,0,0,0,0,0,0,0,0,0,0,0,0,0,0,0,0,0,0,0,0,0
TI1:bin_000186,0,0,0,0,0,0,0,0,0,0,0,0,0,0,0,0,0,2.436,0,0,0,0,0,0,0,0,0,4.853,0,0,0,0,0,0,0,0,0,0,0,0,0,0,0,0,0,0,0,0,0,0,0,0,0,0,0,0,0,0,0,0,0,0,0,0,0,0,0,0,0,0,0,0,2.792,0,0,0,0,0,1.862,0,0,0,0,0
TI1:bin_000187,0,0,0,0,0,0,0,0,0,0,0,0,0,0,0,0,0,0,0,0,0,0,0,5.32,0,0,0,0,0,0,0,0,0,0,0,0,0,0,0,0,0,0,0,0,0,0,0,0,2.519,0,0,0,0,0,0,0,0,0,0,0,0,0,0,0,0,0,0,0,0,0,0,0,0,0,0,0,0,0,0,0,0,0,0,0
TI1:bin_000196,0,0,0,0,0,0,0,0,0,0,2.983,0,0,0,0,0,0,0,1.283,0,0,0,0,0,0,0,0,0,0,0,0,0,0,0,0,0,0,0,0,0,0,0,0,0,0,1.114,0,0,0,1.652,0,0,0,0,0,0,0,0,0,0,0,0,0,0,0,0,0,0,0,0,0,0,0,0,0,0,0,0,0,0,1.278,0,0,0
TI1:bin_000203,0,0,0,0,0,0,0,0,0,0,0,0,0,0,0,0,0,0,0,0,0,0,0,0,0,0,0,0,0,0,0,0,0,0,0,0,0,0,0,0,0,0,0,0,0,0,0,0,0,0,0,0,0,0,0,0,0,0,0,0,0,0,0,0,0,0,0,0,0,0,0,0,0,0,0,0,0,0,0,0,0,0,0,0
TI1:bin_000205,0,0,0,0,0,0,0,0,0,0,0,0,0,0,0,0,0,0,0,0,0,0,0,0,0,0,0,0,0,0,0,0,0,0,0,0,0,0,0,0,0,0,0,0,0,0,0,0,0,0,0,0,0,0,0,0,0,0,0,0,0,0,0,0,0,0,0,0,0,0,0,0,0,0,0,0,0,0,0,0,0,0,0,0
TI1:bin_000206,0,0,0,0,0,0,0,0,0,0,0,0,0,0,0,0,0,0,0,0,0,0,0,0,0,0,0,0,0,0,0,0,0,0,0,0,0,0,0,0,0,0,0,0,0,0,0,0,0,0,0,0,0,0,0,0,0,0,0,0,0,0,0,0,0,0,0,0,0,0,0,0,0,0,0,0,0,0,0,0,0,0,0,0
TI1:bin_000207,0,0,0,0,0,0,0,0,0,0,0,0,0,0,0,0,0,0,0,0,0,0,0,0,0,0,0,0,0,0,0,0,0,0,0,0,0,0,0,0,0,0,0,0,0,0,0,0,0,0,0,0,0,0,0,0,0,0,0,0,0,0,0,0,0,0,0,0,0,0,0,0,0,0,0,0,0,0,0,0,0,0,0,0
TI1:bin_000211,0,0,0,0,0,0,0,0,0,0,0,0,0,0,0,0,0,0,1.399,0,0,0,0,0,0,0,0,0,0,0,0,0,0,0,0,0,0,0,0,0,0,0,0,0,0,0,0,0,0,0,0,0,0,0,0,0,0,0,0,0,0,0,0,0,0,0,0,0,0,0,0,0,0,0,0,0,0,0,0,0,0,0,0,0
TI1:bin_000217,0,0,0,0,0,0,0,0,0,0,0,0,0,0,0,0,0,2.848,0,0,0,0,0,0,0,0,0,0,0,0,0,2.564,0,0,0,0,0,0,0,0,0,0,0,0,0,0,0,0,0,0,1.706,0,0,0,0,0,0,0,0,0,0,0,0,0,0,0,0,0,0,0,0,0,0,0,0,0,0,0,0,0,0,0,0,0
TI1:bin_000246,0,0,0,0,0,0,0,0,0,0,7.194,0,0,0,0,0,0,0,0,0,0,0,0,0,0,0,0,0,0,0,0,0,0,0,0,0,0,0,0,0,0,0,0,0,0,0,0,0,0,0,0,0,0,0,0,0,0,0,0,0,0,0,0,0,0,0,0,0,0,0,0,0,2.955,0,0,0,0,0,0,0,0,0,0,0
TI1:bin_000248,0,0,0,0,0,0,0,0,0,0,0,0,0,0,0,0,0,0,0,0,0,0,0,0,0,0,0,0,0,0,0,0,0,0,0,0,0,0,0,0,0,0,0,0,0,0,0,0,0,0,0,0,0,0,0,0,0,0,0,0,0,0,0,0,0,0,0,0,0,0,0,0,0,0,0,0,0,0,0,0,0,0,0,0
TI1:bin_000254,0,0,0,0,0,0,0,0,0,0,0,0,0,0,0,0,0,0,0,0,0,0,0,0,0,0,0,0,0,0,0,0,0,0,0,0,0,0,0,0,0,0,0,0,0,0,0,0,0,0,0,0,0,0,0,0,0,0,0,0,0,0,0,0,0,0,0,0,0,0,0,0,0,0,0,0,0,0,0,0,0,0,0,0
TI1:bin_000255,0,0,0,0,0,0,0,0,0,0,0,0,0,0,0,0,0,0,0,0,0,0,0,0,0,0,0,0,0,0,0,0,0,0,0,0,0,0,0,0,0,0,0,0,0,0,0,0,0,0,0,0,0,0,0,0,0,0,0,0,0,0,0,0,0,0,0,0,0,0,0,0,0,0,0,0,0,0,0,0,0,0,0,0
TI1:bin_000256,0,0,0,0,0,0,0,0,0,0,0,0,0,0,0,0,0,0,0,0,0,0,0,0,0,0,0,0,0,0,0,0,0,0,0,0,0,0,0,0,0,0,0,0,0,0,0,0,0,0,0,0,0,0,0,0,0,0,0,0,0,0,0,0,0,0,0,0,0,0,0,0,0,0,0,0,0,0,0,0,0,0,0,0
TI3:bin_000003,0,1.524,0,4.081,0,0,0,0,0,0,5.555,0,0,0,0,2.747,0,4.694,4.085,4.406,0,2.234,0,4.059,0,0,1.448,4.858,4.686,0,0,3.757,0,2.394,1.533,0,7.174,0,2.299,4.359,2.375,7.159,0,0,0,7.493,0,0,3.26,1.977,0,0,0,5.173,0,3.591,2.48,8.665,0,1.159,4.412,2.837,2.249,3.7,4.609,0,1.899,0,1.558,1.736,0,0,8.576,0,0,1.827,0,0,5.527,0,0,0,1.177,2.414
TI3:bin_000010,0,1.813,0,2.207,0,2.158,0,0,0,0,10.257,0,0,0,0,2.797,0,0,5.049,8.411,0,2.98,0,1.942,0,0,2.527,2.145,0,0,0,6.248,0,2.738,1.789,0,5.622,0,3.858,3.182,4.122,1.929,0,2.035,0,3.494,0,0,2.156,0,2.781,0,0,4.295,0,1.983,2.266,0,0,0,6.136,0,0,1.255,1.985,0,0,0,0,3.168,0,0,11.057,0,0,1.366,0,0,5.852,0,1.463,0,2.442,0
TI3:bin_000018,0,2.327,0,0,0,0,0,0,1.423,0,6.481,1.376,0,2.02,1.886,0,0,8.324,14.797,14.121,0,8.346,0,2.552,0,0,2.46,5.725,1.501,0,0,5.102,0,5.429,6.196,0,3.004,0,2.848,3.584,5.614,7.602,0,8.189,0,2.387,0,0,3.322,1.578,8.709,0,1.19,0,0,7.798,4.867,1.969,0,1.421,1.528,4.456,1.276,1.344,1.652,0,2.374,0,0,2.952,1.902,0,13.855,0,0,4.076,3.063,1.762,6.707,0,5.316,0,0,6.231
TI3:bin_000023,3.342,1.995,3.63,5.969,2.372,3.945,0,0,0,0,3.605,2.769,1.579,0,2.57,2.5,0,10.46,35.345,9.724,1.66,20.276,0,2.5,0,0,16.39,2.264,10.872,0,27.488,3.937,2.312,12.012,0,0,20.035,0,0,0,0,7.558,3.302,0,1.413,31.979,0,0,3.168,1.511,9.306,0,3.076,0,0,3.144,2.936,0,0,2.522,2.792,0,2.007,0,30.623,2.384,24.082,0,2.173,6.825,4.171,0,23,0,0,5.167,5.372,1.948,3.78,1.076,6.683,2.19,3.865,0
TI3:bin_000025,0,0,0,0,0,0,0,0,0,0,0,0,0,0,0,0,0,0,0,0,0,2.928,0,1.31,0,0,0,0,0,0,0,0,0,0,0,0,0,0,0,0,0,0,0,1.929,0,1.81,0,0,0,0,0,0,0,0,0,0,0,0,0,0,0,0,0,0,2.809,0,0,0,0,1.847,0,0,2.622,0,0,1.28,0,0,0,0,0,0,0,0
TI3:bin_000028,0,0,0,0,0,0,0,0,0,0,0,0,0,0,0,0,0,0,0,0,0,0,0,0,0,0,0,0,0,0,0,0,0,0,0,0,0,0,0,0,0,0,0,0,0,0,0,0,0,0,0,0,0,0,0,0,0,0,0,0,0,0,0,0,0,0,0,0,0,0,0,0,0,0,0,0,0,0,0,0,0,0,0,0
TI3:bin_000029,0,0,0,0,0,0,0,0,0,0,0,0,0,0,0,0,0,0,3.629,0,0,5.582,0,0,0,0,0,0,0,0,3.802,0,0,0,0,0,0,0,0,0,0,0,0,0,0,2.116,0,0,2.556,0,1.724,0,0,0,0,0,0,0,0,0,0,0,0,0,1.474,0,0,0,0,0,0,0,7.783,0,0,0,0,0,0,0,2.072,0,0,0
TI3:bin_000031,0,0,0,0,0,0,0,0,0,0,0,0,0,0,0,0,0,0,0,0,0,0,0,0,0,0,0,2.379,0,0,0,0,0,0,0,0,0,0,4.956,0,0,0,0,0,1.453,0,0,0,0,0,0,0,0,0,0,0,0,0,0,0,0,0,0,0,0,0,0,0,0,0,0,0,0,0,0,0,0,0,0,0,0,0,0,0
TI3:bin_000039,0,0,0,0,0,0,0,0,0,0,0,0,0,0,0,0,0,0,0,0,0,0,0,0,0,0,0,0,0,0,0,0,0,0,0,0,0,0,0,0,0,0,0,0,0,0,0,0,2.783,0,0,0,0,0,0,0,0,0,0,0,0,0,0,0,0,0,0,0,0,0,0,0,0,0,0,0,0,0,0,0,0,0,0,0
TI3:bin_000040,0,0,0,0,0,0,0,0,0,0,0,0,0,0,0,0,0,0,0,0,0,0,0,0,0,0,0,0,0,0,0,0,0,0,0,0,0,0,0,0,0,0,0,0,0,0,0,0,0,0,0,0,0,0,0,0,0,0,0,0,0,0,0,0,0,0,0,0,0,0,0,0,0,0,0,0,0,0,0,0,0,0,0,0
TI3:bin_000043,0,0,0,0,0,0,0,0,0,0,0,0,0,0,0,0,0,0,1.286,0,0,0,0,0,0,0,0,0,0,0,0,0,0,0,0,0,0,0,0,0,0,0,0,0,0,0,0,0,0,0,0,0,0,0,0,0,0,0,0,0,0,0,0,0,0,0,0,0,0,0,0,0,0,0,0,0,0,0,1.323,0,0,0,0,0
TI3:bin_000055,0,0,0,0,0,0,0,0,0,0,0,0,0,0,0,0,0,0,0,0,0,0,0,0,0,0,0,0,0,0,0,0,0,0,0,0,0,0,0,0,0,0,0,0,0,0,0,0,0,0,0,0,0,0,0,0,0,0,0,0,0,0,0,0,0,0,0,0,0,0,0,0,0,0,0,0,0,0,0,0,0,0,0,0
TI3:bin_000058,0,0,0,0,0,0,0,0,0,0,0,0,0,0,0,0,0,2.467,1.745,0,0,2.696,0,0,0,0,1.722,0,0,0,0,0,0,1.949,0,0,0,0,2.382,1.648,0,2.678,0,0,0,3.506,0,0,2.405,0,1.448,0,0,1.849,0,2.005,0,0,0,0,0,0,1.643,0,1.531,0,0,0,0,2.049,0,0,2.971,0,0,0,0,0,1.87,0,3.389,0,0,0
TI3:bin_000061,0,0,0,0,0,0,0,0,0,0,2.659,0,0,0,0,0,0,0,2.948,1.862,0,0,0,0,0,0,0,0,0,0,0,0,0,0,0,0,0,0,3.644,0,0,0,0,0,0,2.931,0,0,3.04,0,1.43,0,0,0,0,1.179,0,0,0,0,0,0,0,0,0,0,0,0,0,1.631,0,0,2.97,0,0,1.572,0,0,1.494,0,0,0,1.032,0
TI3:bin_000078,0,0,0,0,0,0,0,0,0,0,0,0,0,0,0,0,0,0,1.734,0,0,0,0,0,0,0,0,0,0,0,0,0,0,0,0,0,0,0,0,0,0,0,0,0,0,0,0,0,0,0,0,0,0,0,0,0,0,0,0,0,0,0,0,0,0,0,0,0,0,0,0,0,3.628,0,0,0,0,0,0,0,0,0,0,0
TI3:bin_000083,0,0,0,0,0,0,0,0,0,0,0,0,0,0,0,0,0,0,0,0,0,0,0,0,0,0,0,0,0,0,0,0,0,0,0,0,0,0,0,0,0,0,0,0,0,0,0,0,0,0,0,0,0,0,0,0,0,0,0,0,0,0,0,0,0,0,0,0,0,0,0,0,0,0,0,0,0,0,0,0,0,0,0,0
TI3:bin_000094,0,16.391,3.094,9.031,0,6.272,0,0,0,0,19.705,1.509,1.565,6.971,3.114,5.441,7.56,20.179,29.972,19.092,2.255,14.327,0,2.499,2.048,0,7.599,16.747,8.714,3.445,9.203,25.728,4.084,3.966,2.711,7.536,12.779,0,17.701,10.381,12.246,34.092,2.545,5.721,3.67,9.706,1.841,0,19.516,3.781,12.964,0,2.735,12.286,0,9.737,8.16,5.261,0,8.481,6.786,9.493,9.451,5.409,12.323,0,8.165,0,4.297,9.517,3.533,0,39.11,0,2.051,5.324,7.003,1.446,18.541,2.087,8.686,0,9.659,0
TI3:bin_000100,0,5.628,5.02,0,0,237.479,0,0,0,0,0,0,1.737,0,0,0,4.813,10.767,14.064,0,2.338,11.38,0,0,0,0,0,5.249,8.258,0,0,0,0,0,1.436,13.2,6.064,0,8.668,39.825,0,24.526,0,0,0,0,0,0,31.832,0,1.34,0,0,0,0,0,0,4.051,0,3.661,0,40.217,0,2.076,26.874,0,0,0,7.702,5.153,0,0,7.838,0,3.205,2.243,0,0,6.457,0,0,0,0,8.47
TI3:bin_000101,0,0,0,0,0,0,0,0,0,0,0,0,0,0,0,0,0,0,0,0,0,0,0,0,0,0,0,0,0,0,0,0,0,0,0,0,0,0,0,0,0,0,0,0,0,0,0,0,0,0,0,0,0,0,0,0,0,0,0,0,0,0,0,0,0,0,0,0,0,0,0,0,0,0,0,0,0,0,0,0,0,0,0,0
TI3:bin_000102,0,0,0,0,0,0,0,0,0,0,0,0,0,0,0,0,0,0,0,0,0,0,0,0,0,0,0,0,0,0,0,0,0,0,0,0,0,0,0,0,0,0,0,0,0,0,0,0,0,0,0,0,0,0,0,0,0,0,0,0,0,0,0,0,0,0,0,0,0,0,0,0,0,0,0,0,0,0,0,0,0,0,0,0
TI3:bin_000106,0,0,0,0,0,30.596,0,0,0,0,0,0,0,0,0,0,0,6.622,2.446,0,0,2.526,0,0,0,0,0,0,4.555,0,1.71,0,0,0,1.635,0,0,0,0,0,0,4.651,0,0,0,1.197,0,0,5.277,0,0,0,1.289,0,0,1.436,0,0,0,0,0,0,0,0,3.373,0,0,0,0,0,0,0,3.605,0,0,2.526,0,0,10.897,0,0,0,0,4.909
TI3:bin_000118,0,0,1.151,0,0,0,0,0,0,0,3.914,0,0,0,0,0,0,0,1.766,3.092,0,0,0,0,0,0,0,0,0,0,0,2.316,0,0,0,0,4.511,0,0,0,0,0,0,0,1.342,3.099,0,0,0,0,1.336,0,0,0,0,0,0,0,0,0,2.266,0,2.256,0,0,0,0,0,0,2.69,0,0,5.532,0,0,0,0,0,4.392,0,1.46,0,0,0
TI3:bin_000133,0,0,0,0,0,0,0,0,0,0,0,0,0,0,0,0,0,0,4.856,0,0,0,0,0,0,0,0,0,0,0,0,0,0,0,0,0,0,0,0,0,0,0,0,0,0,0,0,0,0,0,0,0,0,0,0,0,0,0,0,0,0,0,0,0,0,0,0,0,0,0,0,0,0,0,0,0,0,0,0,0,0,0,0,0
TI3:bin_000144,0,3.172,0,3.562,0,6.642,0,0,0,0,9.437,0,0,2.954,3.038,2.519,3.697,5.207,7.33,4.608,0,3.179,0,1.328,1.766,0,6.793,0,3.929,0,4.391,8.707,0,2.278,0,4.602,2.87,0,6.178,2.481,5.626,5.882,1.661,0,1.552,2.304,0,0,6.236,0,2.944,0,0,2.897,0,2.346,3.665,0,0,3.517,2.398,3.304,5.86,1.628,3.137,0,4.436,0,0,3.173,0,0,12.846,0,0,2.99,3.394,0,9.402,0,2.99,0,1.895,2.18
TI3:bin_000148,0,2.305,0,6.148,0,8.16,0,0,1.94,1.636,7.543,0,1.423,9.209,4.296,0,2.271,12.849,8.793,10.921,0,11.059,0,2.991,0,0,8.054,5.27,3.028,0,2.637,11.932,3.371,4.145,2.682,0,6.485,0,8.929,5.348,12.696,8.625,3.407,4.851,2.575,2.64,0,0,11.562,5.193,4.894,0,2.233,7.229,0,5.408,8.297,5.001,0,4.217,10.76,3.136,5.447,5.237,6.936,0,5.787,0,2.813,3.822,1.647,0,17.197,0,0,5.711,6.637,0,10.835,0,5.471,0,2.783,0
TI3:bin_000161,0,0,0,0,0,0,0,0,0,0,0,0,0,0,0,0,0,0,0,0,0,5.003,0,0,0,0,3.291,0,0,0,0,0,0,0,0,0,0,0,0,0,3.865,11.803,0,0,0,9.803,0,0,0,0,5.801,0,0,0,0,0,0,0,0,0,0,0,0,0,4.066,0,0,0,0,0,0,0,0,0,0,2.847,0,0,0,0,4.727,0,2.198,0
TI3:bin_000165,0,0,0,0,0,0,0,0,0,0,0,0,0,0,0,0,0,0,0,0,0,0,0,0,0,0,0,0,0,0,0,0,0,0,0,0,0,0,0,0,0,0,0,0,0,0,0,0,0,0,0,0,0,0,0,0,0,0,0,0,0,0,0,0,1.269,0,0,0,0,0,0,0,0,0,0,0,0,0,2.489,0,0,0,0,0
TI3:bin_000185,0,0,0,0,0,0,0,0,0,0,0,0,0,0,0,0,0,0,0,0,0,0,0,0,0,0,0,0,0,0,0,0,0,0,0,0,0,0,0,0,0,0,0,0,0,0,0,0,0,0,0,0,0,0,0,0,0,0,0,0,0,0,0,0,0,0,0,0,0,0,0,0,0,0,0,0,0,0,0,0,0,0,0,0
TI3:bin_000186,0,7.283,3.472,12.218,0,62.099,0,0,2.386,2.028,26.033,0,2.915,2.804,5.15,7.442,13.161,21.036,15.769,20.246,1.508,15.515,0,2.54,0,0,8.801,7.859,22.271,0,8.401,27.254,6.941,12.006,4.178,7.379,10.53,0,19.608,13.028,20.064,25.35,2.661,5.793,2.69,6.633,2.273,0,30.736,4.298,14.024,1.426,4.591,8.761,0,6.827,9.104,5.008,0,6.656,7.59,27.274,6.79,5.897,25.783,0,14.026,0,4.043,6.406,2.305,0,35.029,0,0,13.999,8.397,0,43.121,1.579,6.016,0,7.397,16.388
TI3:bin_000195,0,0,0,0,0,2.679,0,0,0,0,8.545,0,0,0,0,0,0,0,4.231,3.687,1.21,2.885,0,0,0,0,0,5.085,0,0,0,3.998,0,2.245,5.54,0,2.114,0,3.328,2.323,2.951,0,0,0,0,5.823,0,0,5.026,1.931,1.829,0,0,4.056,0,3.419,0,2.371,0,0,3.209,0,0,0,1.655,0,0,0,0,2.006,0,0,3.289,0,0,1.446,0,0,2.881,0,3.455,0,0,0
TI3:bin_000196,0,1.961,0,4.234,0,0,0,0,0,0,10.851,1.446,0,0,4.51,2.468,0,3.302,8.001,17.796,0,10.305,0,3.57,0,0,3.796,6.961,4.996,0,3.637,14.538,0,4.568,0,0,7.394,0,4.029,6.171,4.64,3.143,0,2.364,1.71,4.584,0,0,8.244,0,4.602,0,0,5.369,0,2.689,4.074,3.637,0,1.263,7.535,0,1.7,1.7,3.104,0,0,0,1.359,3.06,0,0,13.088,0,0,0,3.985,0,4.979,0,2.389,0,1.745,0
TI3:bin_000211,0,1.655,0,0,0,0,0,0,0,0,4.423,0,0,0,0,0,0,4.474,3.728,5.566,0,0,0,0,0,0,1.921,0,0,0,0,2.514,0,0,0,0,2.325,0,0,0,1.867,3.669,0,0,0,0,0,0,3.442,0,1.339,0,0,0,0,1.508,2.912,0,0,1.188,2.47,0,1.693,0,1.457,0,0,0,0,2.374,0,0,4.135,0,0,1.359,0,0,3.556,0,1.481,0,0,0
TI3:bin_000220,0,6.451,2.78,12.566,0,13.703,0,0,1.999,1.437,24.141,1.604,2.151,3.974,6.581,7.596,9.175,20.286,14.249,30.892,1.073,15.868,0,3.288,0,0,11.933,11.502,9.209,4.311,8.271,25.243,5.831,8.557,5.671,5.719,13.349,0,14.934,12.885,18.303,16.624,3.631,9.955,4.162,8.965,1.996,0,23.425,4.421,9.056,0,3.317,13.809,0,8.244,11.322,8.688,0,6.789,12.659,8.919,9.552,6.647,11.638,0,10.515,0,4.273,7.306,2.224,0,29.304,0,0,8.99,10.629,0,19.345,1.025,7.496,0,7.461,4.987
TI3:bin_000223,0,1.737,0,3.164,0,2.539,0,0,0,0,5.638,0,0,0,1.664,0,0,3.503,4.828,7.38,0,3.799,0,0,0,0,2.568,4.904,2.073,0,0,7.475,0,2.605,0,1.383,3.196,0,3.222,2.462,4.962,3.317,1.323,2.046,1.593,3.154,0,0,6.371,0,3.128,0,1.319,4.512,0,3.236,3.673,2.229,0,0,2.096,3.789,2.718,1.935,2.014,0,2.251,0,0,2.546,0,0,8.039,0,0,2.307,2.386,0,4.733,0,2.122,0,1.523,0
TI3:bin_000229,0,0,0,2.818,0,4.761,0,0,0,0,5.05,0,0,0,0,0,0,6.659,7.143,4.147,0,4.294,0,0,0,0,2.19,4.657,2.229,0,2.966,6.951,0,0,0,0,4.323,0,5.821,3.124,4.131,8.3,1.37,0,0,5.875,0,0,13.546,0,2.576,0,0,4.408,0,2.798,3.855,4.962,0,1.597,2.971,0,2.458,0,2.14,0,0,0,0,1.708,0,0,11.675,0,0,3.148,3.303,0,6.675,0,4.44,0,2.208,0
TI3:bin_000243,0,0,0,0,0,0,0,0,0,0,0,0,0,0,0,0,0,0,0,0,0,0,0,0,0,0,0,0,0,0,0,0,0,0,0,0,0,0,0,0,0,0,0,0,0,0,0,0,0,0,0,0,0,0,0,0,0,0,0,0,0,0,0,0,0,0,0,0,0,0,0,0,0,0,0,0,0,0,0,0,0,0,0,0
TI3:bin_000246,0,0,0,0,0,0,0,0,0,0,0,0,0,0,0,0,0,2.349,1.341,0,0,0,0,0,0,0,0,0,0,0,0,0,0,0,0,0,0,0,0,0,0,0,0,0,0,0,0,0,0,0,0,0,0,0,0,0,0,0,0,0,0,0,0,0,0,0,0,0,0,0,0,0,0,0,0,0,0,0,0,0,0,0,0,0
TI3:bin_000252,0,0,0,0,0,0,0,0,0,0,0,0,0,0,0,0,0,0,1.274,0,0,0,0,0,0,0,0,0,0,0,0,0,0,0,0,0,0,0,0,0,0,0,0,0,0,0,0,0,0,0,0,0,0,0,0,0,0,0,0,0,0,0,0,0,0,0,0,0,0,0,0,0,0,0,0,0,0,0,1.364,0,0,0,0,0
TI3:bin_000266,0,0,0,0,0,4.948,0,0,0,0,0,0,0,0,0,0,0,0,0,0,0,0,0,0,0,0,0,0,8.905,0,0,0,0,0,0,0,0,0,0,0,0,0,0,0,0,0,0,0,2.264,0,0,0,0,0,0,0,0,0,0,0,0,3.6,0,0,2.423,0,0,0,0,0,0,0,0,0,0,2.587,0,0,2.29,0,0,0,0,2.229
TI3:bin_000282,0,1.278,0,2.096,0,0,0,0,0,0,2.926,0,0,0,0,0,0,3.608,2.08,2.454,0,3.043,0,0,0,0,2.829,0,0,0,0,4.825,0,0,0,0,2.21,0,0,0,3.639,0,0,1.905,0,1.274,0,0,5.158,0,1.488,0,0,2.591,0,1.431,2.171,0,0,1.425,1.371,0,0,0,0,0,0,0,0,1.749,0,0,6.919,0,0,0,1.709,0,3.08,0,1.266,0,0,0
TK1:bin_000004,0,0,0,0,0,0,0,0,0,0,0,0,0,0,0,0,0,0,0,0,0,0,0,0,0,0,0,0,0,0,0,0,0,0,0,0,0,0,0,0,0,0,0,0,0,0,0,0,0,0,0,0,0,0,0,0,0,0,0,0,0,0,0,0,0,0,0,0,0,0,0,0,0,0,0,0,0,0,0,0,0,0,0,0
TK1:bin_000005,0,0,0,0,0,3.225,0,0,0,0,0,0,0,0,0,0,0,0,0,0,0,0,0,0,0,0,0,0,0,0,0,3.071,0,0,0,1.487,0,0,0,0,0,0,0,0,0,0,0,0,2.693,0,0,0,0,0,0,0,0,0,0,0,0,0,0,0,1.528,0,2.057,0,0,0,0,0,3.143,0,0,1.307,0,0,2.407,0,0,0,0,0
TK1:bin_000018,0,3.527,1.582,3.586,0,3.149,0,0,0,0,10.642,0,0,1.888,3.044,0,6.198,8.271,3.425,4.492,0,2.558,0,2.245,0,0,2.201,3.933,0,0,0,7.691,0,0,0,6.347,0,0,6.325,3.818,5.215,7.587,1.858,2.693,0,1.92,0,0,6.81,0,4.222,0,0,5.048,0,2.689,3.726,1.969,0,3.856,2.101,0,6.879,2.412,2.469,0,6.294,0,0,3.478,0,0,12.961,0,0,3.176,0,0,6.058,0,3.275,0,2.092,0
TK1:bin_000023,0,0,0,0,0,0,0,0,0,0,0,0,0,0,0,0,0,0,0,0,0,0,0,0,0,0,0,0,0,0,0,0,0,0,0,0,0,0,0,0,0,0,0,0,0,0,0,0,0,0,0,0,0,0,0,0,0,0,0,0,0,0,0,0,0,0,0,0,0,0,0,0,0,0,0,0,0,0,0,0,0,0,0,0
TK1:bin_000025,0,0,0,0,0,0,0,0,0,0,3.14,0,0,0,0,0,0,0,0,0,0,0,0,0,0,0,0,0,0,0,0,0,0,0,0,0,0,0,0,0,0,0,0,0,0,0,0,0,3.455,0,0,0,0,2.499,0,0,0,0,0,0,0,0,3.318,0,0,0,0,0,0,0,0,0,0,0,0,0,0,0,1.866,0,0,0,0,0
TK1:bin_000026,0,0,0,0,0,0,0,0,0,0,2.056,0,0,0,0,0,0,0,1.975,0,0,0,0,0,0,0,0,0,0,0,0,0,0,0,0,0,0,0,0,0,0,0,0,0,0,0,0,0,0,0,0,0,0,0,0,0,0,0,0,0,0,0,0,0,0,0,0,0,0,0,0,0,0,0,0,0,0,0,0,0,1.683,0,0,0
TK1:bin_000028,0,0,0,0,0,0,0,0,0,0,0,0,0,0,0,0,0,0,0,0,0,2.192,0,0,0,0,0,0,0,0,0,0,0,0,1.529,0,2.002,0,0,0,0,0,0,0,0,0,0,0,0,0,0,0,0,0,0,0,0,0,0,0,0,0,0,0,0,0,0,0,0,3.077,0,0,0,0,0,0,0,0,2.3,0,0,0,0,0
TK1:bin_000029,0,0,0,2.053,0,2.369,0,0,0,0,4.012,0,0,1.962,1.873,0,0,3.185,3.192,1.986,0,2.327,0,0,0,0,1.712,0,0,0,0,4.291,0,2.517,1.357,0,3.936,0,3.84,2.589,3.502,6.636,0,0,0,1.163,0,0,3.737,0,1.443,0,0,0,0,1.495,2.684,0,0,1.338,0,0,1.34,0,1.479,0,1.969,0,0,1.731,0,0,3.729,0,0,1.424,0,0,3.048,0,0,0,1.33,0
TK1:bin_000036,0,0,0,0,0,0,0,0,0,0,0,0,0,0,0,0,0,0,0,0,0,0,0,0,0,0,0,0,0,0,0,0,0,0,0,0,0,0,0,0,0,0,0,0,0,0,0,0,0,0,0,0,0,0,0,0,0,0,0,0,0,0,0,0,0,0,0,0,0,0,0,0,0,0,0,0,0,0,5.822,0,0,0,0,0
TK1:bin_000042,0,0,0,0,0,0,0,0,0,0,0,0,0,0,0,0,8.577,0,0,0,0,0,0,0,0,0,0,0,3.607,0,0,0,0,2.307,0,0,0,0,0,2.427,0,0,1.335,0,0,7.363,0,0,0,0,0,0,0,0,0,0,0,0,0,0,0,0,8.205,0,0,0,0,0,0,0,0,0,0,0,0,0,0,0,2.43,0,0,0,0,0
TK1:bin_000046,0,1.302,0,6.315,0,2.001,0,0,0,0,14.997,0,0,0,1.89,2.21,2.521,8.875,7.046,9.44,0,8.381,0,0,0,0,4.897,8.535,3.109,0,5.446,7.419,2.653,6.011,2.561,0,9.528,0,8.17,5.866,5.684,12.957,4.012,1.682,0,3.745,0,0,13.22,2.518,5.035,0,0,9.517,0,4.251,3.584,2.071,0,2.19,3.591,3.859,7.379,2.104,4.55,0,3.265,0,1.199,4.859,0,0,12.528,0,0,1.791,3.908,0,8.961,0,9.307,0,5.675,0
TK1:bin_000058,0,0,0,0,0,0,0,0,0,0,0,0,0,2.155,0,0,0,2.757,2.146,0,0,0,0,2.379,0,0,0,0,0,0,0,10.358,0,0,0,1.338,0,0,0,1.832,0,3.155,0,0,0,0,0,0,0,0,1.675,0,0,0,0,1.264,0,0,0,0,0,0,0,1.931,0,0,0,0,0,0,0,0,2.561,0,0,0,0,0,1.743,0,0,0,1.481,0
TK1:bin_000060,0,0,0,0,0,0,0,0,0,0,0,0,0,0,0,0,0,0,0,0,0,0,0,3.576,0,0,0,0,0,0,0,2.216,0,0,0,0,0,0,0,0,0,0,0,0,0,0,0,0,4.694,0,0,0,0,0,0,0,0,0,0,0,0,0,0,0,0,0,0,0,0,0,0,0,0,0,0,0,0,0,0,0,0,0,0,0
TK1:bin_000065,0,0,0,0,0,0,0,0,0,0,0,0,0,0,0,0,0,0,0,0,0,0,0,0,0,0,0,0,0,0,0,0,0,0,0,0,0,0,0,0,0,0,0,0,0,0,0,0,0,0,0,0,0,0,0,0,0,0,0,0,0,0,0,0,0,0,0,0,0,0,0,0,0,0,0,0,0,0,0,0,0,0,0,0
TK1:bin_000068,0,0,0,0,0,0,0,0,0,0,0,0,0,0,0,0,0,0,0,0,0,0,0,0,0,0,0,0,0,0,0,0,0,0,0,0,0,0,0,0,0,0,0,0,0,0,0,0,0,0,0,0,0,0,0,0,0,0,0,0,0,0,0,0,0,0,0,0,0,0,0,0,0,0,0,0,0,0,0,0,0,0,0,0
TK1:bin_000070,0,0,0,0,0,0,0,0,0,0,0,0,1.929,0,0,0,0,0,2.138,0,0,0,0,0,0,0,0,0,0,0,0,0,0,0,0,0,0,0,0,0,0,0,0,0,0,1.581,0,0,0,0,0,0,0,0,0,0,0,0,0,0,0,0,0,0,0,0,0,0,0,0,0,0,0,0,0,0,0,0,1.303,0,0,0,0,0
TK1:bin_000083,0,0,0,0,0,0,0,0,0,0,2.774,0,0,1.709,0,0,0,3.801,2.748,0,0,0,0,0,0,0,1.854,0,0,0,0,0,0,0,0,0,0,0,0,0,0,0,0,0,0,0,0,0,0,0,0,0,0,0,0,0,0,0,0,1.225,0,0,0,0,0,0,1.776,0,0,0,0,0,3.287,0,0,0,0,0,1.727,0,0,0,0,0
TK1:bin_000087,0,1.421,0,0,0,0,0,0,0,0,7.766,0,0,0,0,0,0,2.135,2.867,3.933,0,3.266,0,0,0,0,0,3.104,0,0,0,2.743,0,0,0,0,0,0,2.993,3.09,2.831,0,0,1.906,0,1.494,0,0,2.391,0,0,0,0,2.465,0,2.38,0,0,0,0,0,0,0,3.26,1.248,0,3.347,0,0,0,0,0,5.933,0,0,0,4.533,0,2.244,0,1.618,0,0,0
TK1:bin_000090,0,0,1.205,0,0,9.161,0,0,0,0,4.665,0,0,1.272,0,0,41.496,0,1.912,2.442,0,3.595,0,0,0,0,1.311,0,22.637,0,0,2.652,4.568,8.531,0,0,0,0,4.857,6.093,2.563,0,0,0,0,10.524,0,0,3.483,2.088,4.253,0,0,4.212,0,1.508,0,0,0,0,1.646,14.003,4.332,0,10.126,0,2.851,0,0,1.534,0,0,8.503,0,0,1.531,2.562,0,42.003,0,2.12,0,7.743,22.202
TK1:bin_000093,0,0,0,0,0,11.736,0,0,0,0,0,0,0,0,0,0,0,0,0,0,0,0,0,0,0,0,0,0,6.459,0,0,0,0,0,0,0,0,0,0,0,0,0,0,0,0,0,0,0,2.4,0,0,0,0,0,0,0,0,0,0,0,0,4.109,0,0,1.415,0,0,0,0,0,0,0,2.194,0,0,0,0,0,0,0,0,0,0,7.65
TK1:bin_000094,0,0,0,0,0,0,0,0,0,0,0,0,0,0,0,0,0,0,0,0,0,0,0,0,0,0,0,0,0,0,0,0,0,0,0,0,0,0,0,0,0,0,0,0,0,0,0,0,0,0,0,0,0,0,0,0,0,0,0,0,0,0,0,0,0,0,0,0,0,0,0,0,0,0,0,0,0,0,0,0,0,0,0,0
TK1:bin_000097,0,0,0,0,0,0,0,0,0,0,0,0,0,0,0,0,0,0,0,0,0,0,0,0,0,0,0,0,0,0,0,0,0,0,0,0,0,0,0,0,0,2.261,0,0,0,0,0,0,0,0,0,0,0,0,0,0,0,0,0,0,0,0,0,0,0,0,0,0,0,0,0,0,0,0,0,0,0,0,0,0,0,0,0,0
TK1:bin_000100,0,0,0,0,0,8.005,0,0,0,0,0,0,0,0,0,0,0,0,0,0,0,0,0,0,0,0,0,0,6.911,0,0,0,0,0,0,0,0,0,0,0,0,0,0,0,0,0,0,0,2.868,0,0,0,0,0,0,0,0,0,0,0,0,2.711,0,0,0,0,0,0,0,0,0,0,0,0,0,0,0,0,0,0,0,0,0,4.692
TK1:bin_000101,0,0,0,2.523,0,2.406,0,0,0,0,0,0,0,0,0,0,2.736,0,1.463,0,0,6.789,0,0,0,0,2.329,0,0,0,0,0,0,4.417,0,0,0,0,0,0,3.077,0,0,0,0,15.806,0,0,4.171,0,1.895,0,0,3.187,0,0,2.053,0,0,0,0,6.738,2.522,0,12.908,0,5.19,0,0,1.258,0,0,9.12,0,0,14.682,2.234,0,5.064,0,5.114,0,9.176,0
TK1:bin_000104,0,0,0,0,0,0,0,0,0,0,5.455,0,0,0,0,0,0,0,3.645,5.138,0,0,0,0,0,0,0,4.831,0,0,0,7.28,0,0,0,0,0,0,0,0,6.823,4.803,0,0,0,3.39,0,0,3.74,0,2.514,0,0,4.504,0,2.616,0,0,0,0,3.423,0,2.043,0,0,0,0,0,0,0,0,0,7.728,0,0,0,0,0,5.396,0,2.597,0,1.529,0
TK1:bin_000107,0,0,0,0,0,0,0,0,0,0,0,0,0,0,0,0,0,0,0,0,0,0,0,0,0,0,0,0,0,0,0,0,0,0,0,0,0,0,0,0,0,0,0,0,0,0,0,0,0,0,0,0,0,0,0,0,0,0,0,0,0,0,0,0,0,0,0,0,0,0,0,0,0,0,0,0,0,0,0,0,0,0,0,0
TK1:bin_000115,0,0,0,0,0,0,0,0,0,0,0,0,0,0,0,0,0,0,1.571,0,0,0,0,0,0,0,0,0,0,0,0,0,0,0,0,0,0,0,0,0,0,0,0,0,0,0,0,0,0,0,0,0,0,0,0,0,0,0,0,0,0,2.433,0,0,2.85,0,0,0,0,0,0,0,0,0,0,1.767,0,0,0,0,0,0,0,0
TK1:bin_000116,0,1.328,0,3.862,0,0,0,0,0,0,7.133,0,1.494,0,0,0,2.253,0,2.584,0,0,2.947,0,0,0,0,1.527,0,4.479,0,2.215,4.362,2.519,2.462,0,1.633,2.113,0,3.528,2.844,3.963,7.483,0,0,0,2.972,0,0,4.76,0,1.599,2.095,1.344,2.316,0,2.804,0,0,0,0,1.389,3.487,1.183,0,3.836,0,2.363,0,0,1.253,0,0,4.882,0,0,9.002,0,0,4.122,0,0,0,2.891,1.993
TK1:bin_000118,0,0,0,0,0,0,0,0,0,0,0,0,0,0,0,0,0,0,0,0,0,0,0,0,0,0,0,0,0,0,0,0,0,0,0,0,0,0,0,0,0,0,0,0,0,0,0,0,0,0,0,0,0,0,0,0,0,0,0,0,0,0,0,0,0,0,0,0,0,0,0,0,0,0,0,0,0,0,0,0,0,0,0,0
TK1:bin_000123,0,0,0,0,0,0,0,0,0,0,3.483,0,0,0,0,0,0,0,1.203,0,0,0,0,0,0,0,0,0,0,0,0,0,0,0,0,0,0,0,0,0,0,0,0,0,0,0,0,0,0,0,0,0,0,0,0,0,0,0,0,0,0,0,0,0,0,0,0,0,0,0,0,0,0,0,0,0,0,0,1.937,0,0,0,0,0
TK1:bin_000125,0,0,0,0,0,0,0,0,0,0,0,0,0,0,0,0,0,0,0,0,0,0,0,0,0,0,0,0,0,0,0,0,0,0,0,0,0,0,0,0,0,0,0,0,0,0,0,0,0,0,0,0,0,0,0,0,0,0,0,0,0,0,0,0,0,0,0,0,0,0,0,0,0,0,0,0,0,0,0,0,0,0,0,0
TK1:bin_000131,0,0,0,0,0,0,0,0,0,0,0,0,0,0,0,0,0,0,1.479,0,0,2.068,0,0,0,0,0,0,0,0,0,3.003,0,0,0,0,0,0,0,0,0,0,0,0,0,0,0,0,2.346,0,0,0,0,0,0,0,0,2.264,0,0,0,0,0,0,0,0,0,0,0,0,0,0,6.41,0,0,0,0,0,1.64,0,0,0,0,0
TK1:bin_000133,0,0,0,0,0,0,0,0,0,0,0,0,0,0,0,0,0,6.687,1.256,0,0,0,0,0,0,0,0,0,0,0,0,14.373,0,0,0,0,0,0,0,0,0,2.686,0,0,0,2.657,0,0,0,0,0,0,0,0,0,1.744,0,0,0,0,1.359,0,0,0,0,0,0,0,0,2.283,0,0,8.685,0,0,0,0,0,2.185,0,0,0,1.134,0
TK1:bin_000138,0,0,0,0,0,0,0,0,0,0,0,0,0,0,0,0,0,0,0,0,0,0,0,0,0,0,0,0,0,0,0,0,0,0,0,0,0,0,0,0,0,0,0,0,0,0,0,0,0,0,0,0,0,0,0,0,0,0,0,0,0,0,0,0,0,0,0,0,0,0,0,0,0,0,0,0,0,0,0,0,0,0,0,0
TK1:bin_000139,0,0,0,0,0,4.863,0,0,0,0,0,0,0,0,0,0,0,0,0,0,0,0,0,0,0,0,0,0,0,0,0,0,0,0,0,0,0,0,0,0,0,0,0,0,0,0,0,0,0,0,0,0,0,0,0,0,0,0,0,0,0,0,0,0,0,0,0,0,0,0,0,0,0,0,0,0,0,0,0,0,0,0,0,0
TK1:bin_000145,0,0,0,0,0,0,0,0,0,0,0,0,0,0,0,0,0,0,0,0,0,0,0,0,0,0,0,0,0,0,0,0,0,0,0,0,0,0,0,0,0,0,0,0,0,0,0,0,0,0,0,0,0,0,0,0,0,0,0,0,0,0,0,0,0,0,0,0,0,0,0,0,0,0,0,0,0,0,0,0,0,0,0,0
TK1:bin_000149,0,0,0,0,0,0,0,0,0,0,0,0,0,0,0,0,0,0,0,0,0,0,0,0,0,0,0,0,0,0,0,0,0,0,0,0,0,0,0,0,0,0,0,0,0,0,0,0,0,0,0,0,0,0,0,0,0,0,0,0,0,0,0,0,0,0,0,0,0,0,0,0,0,0,0,0,0,0,0,0,0,0,0,0
TK1:bin_000151,0,0,0,0,0,0,0,0,0,0,0,0,0,0,0,0,0,0,0,0,0,0,0,0,0,0,0,0,0,0,0,0,0,0,0,0,0,0,0,0,0,0,0,0,0,0,0,0,0,0,0,0,0,0,0,0,0,0,0,0,0,0,0,0,0,0,0,0,0,0,0,0,0,0,0,0,0,0,0,0,0,0,0,0
TK1:bin_000153,0,0,0,0,0,0,0,0,0,0,0,0,0,0,0,0,0,0,0,0,0,0,0,0,0,0,0,0,0,0,0,0,0,0,0,0,0,0,0,0,0,0,0,0,0,0,0,0,2.169,0,0,0,0,0,0,0,0,0,0,0,0,0,0,0,0,0,0,0,0,0,0,0,2.017,0,0,0,0,0,0,0,0,0,0,0
TK1:bin_000156,0,0,0,0,0,0,0,0,0,0,0,0,0,0,0,0,0,0,1.778,0,0,0,0,0,0,0,0,0,0,0,0,0,0,0,0,0,0,0,0,0,0,0,0,0,0,0,0,0,0,0,0,0,0,0,0,0,0,0,0,0,1.645,0,0,0,0,0,0,0,0,0,0,0,2.079,0,0,0,0,0,0,0,0,0,0,4.847
TK1:bin_000158,0,0,0,0,0,0,0,0,0,0,2.058,0,0,0,0,0,0,0,2.006,0,0,0,0,0,0,0,1.425,0,0,0,0,0,0,0,0,0,0,0,0,0,0,0,0,0,0,0,0,0,0,0,1.292,0,0,0,0,0,0,0,0,0,0,0,0,1.227,0,0,0,0,0,2.529,0,0,2.355,0,0,0,0,0,1.707,0,0,0,0,0
TK1:bin_000164,0,0,0,3.176,0,2.046,0,0,0,0,6.336,0,0,0,0,0,0,3.849,3.075,8.212,0,4.382,0,0,0,0,1.463,3.586,0,0,0,4.782,0,0,1.793,0,2.797,0,4.092,2.565,4.333,3.117,0,1.612,0,3.959,0,0,3.593,1.686,1.414,0,1.602,3.092,0,2.363,0,2.03,0,0,1.857,2.087,0,0,1.738,0,0,0,0,1.414,0,0,8.35,0,0,0,2.332,0,3.439,0,0,0,0,0
TK1:bin_000166,0,1.938,1.56,5.008,0,3.496,0,0,1.821,0,9.349,0,0,2.472,0,2.351,0,5.405,11.882,9.428,0,6.944,0,0,0,0,2.785,4.962,4.008,0,4.093,13.193,3.795,2.89,2.86,0,6.531,0,2.156,3.061,6.079,5.101,0,6.835,1.398,8.162,0,0,12.317,2.005,6.439,0,0,4.072,0,3.606,2.003,16.12,0,4.883,6.334,6.609,2.3,0,7.105,0,2.261,0,2.155,4.052,2.371,0,24.009,0,0,3.699,4.071,0,10.639,0,5.045,0,2.266,6.167
TK1:bin_000167,0,0,0,0,0,0,0,0,0,0,0,0,0,0,0,0,0,0,0,0,0,0,0,0,0,0,0,0,0,0,0,2.136,0,0,0,0,0,0,0,0,0,0,0,0,0,0,0,0,5.126,0,0,0,0,0,0,0,0,0,0,0,0,0,0,0,0,0,0,0,0,0,0,0,0,0,0,0,0,0,0,0,0,0,0,0
TK1:bin_000175,0,0,0,0,0,0,0,0,0,0,0,0,0,0,0,0,0,0,0,0,0,0,0,0,0,0,0,0,0,0,0,0,0,0,0,0,0,0,0,0,0,0,0,0,0,0,0,0,0,0,0,0,0,0,0,0,0,0,0,0,0,0,0,0,0,0,0,0,0,0,0,0,0,0,0,0,0,0,0,0,0,0,0,0
TK1:bin_000178,0,0,0,0,0,0,0,0,0,0,0,0,0,0,0,0,0,0,0,0,0,0,0,0,0,0,0,0,0,0,0,0,0,0,0,0,0,0,0,0,0,0,0,0,0,0,0,0,0,0,0,0,0,0,0,0,0,0,0,0,0,0,0,0,0,0,0,0,0,0,0,0,0,0,0,0,0,0,0,0,0,0,0,0
TK1:bin_000182,0,0,0,0,0,0,0,0,0,0,5.379,0,0,0,0,0,0,0,1.16,3.401,0,2.516,0,2.592,0,0,1.608,3.178,0,0,0,0,0,0,0,0,0,0,0,0,1.801,0,0,0,0,0,0,0,0,0,0,0,0,2.204,0,0,0,0,0,0,1.201,0,0,0,0,0,0,0,0,2.379,0,0,0,0,0,1.311,0,0,1.381,0,0,0,0,0
TK1:bin_000184,0,0,0,0,0,0,0,0,0,0,0,0,0,0,0,0,0,0,0,0,0,0,0,0,0,0,0,0,0,0,0,0,0,0,0,0,0,0,0,0,0,0,0,0,0,0,0,0,0,0,0,0,0,0,0,0,0,0,0,0,0,0,0,0,0,0,0,0,0,0,0,0,0,0,0,0,0,0,0,0,0,0,0,0
TK1:bin_000185,0,7.114,3.636,14.228,0,19.111,0,0,3.965,1.606,14.116,0,2.409,8.343,6.142,7.693,7.583,20.536,18.783,16.281,1.656,10.657,0,1.846,0,0,14.068,9.042,6.455,4.91,8.522,22.552,2.949,9.588,10.034,4.06,9.351,0,13.624,8.254,20.703,11.476,2.599,7.792,3.287,4.364,0,0,15.768,3.929,6.498,0,3.738,14.028,0,11.639,12,9.426,0,7.876,10.245,4.999,5.632,7.017,9.259,0,10.154,0,3.338,5.009,1.777,0,28.113,0,0,6.285,11.25,0,19.643,1.607,4.005,0,5.074,0
TK1:bin_000187,0,0,0,0,0,0,0,0,0,0,0,0,0,0,0,0,0,0,0,0,0,0,0,0,0,0,0,0,0,0,0,0,0,0,0,0,0,0,0,0,0,0,0,0,0,0,0,0,0,0,0,0,0,0,0,0,0,0,0,0,0,0,0,0,0,0,0,0,0,0,0,0,0,0,0,0,0,0,0,0,0,0,0,0
TK1:bin_000193,0,7.063,2.308,11.655,0,72.179,0,0,1.325,0,28.146,0,2.282,2.763,5.209,9.396,12.221,15.886,14.685,18.682,1.556,17.758,0,2.954,0,0,9.015,14.828,21.406,3.073,7.89,18.061,7.175,10.039,2.974,7.238,11.279,0,25.48,12.893,19.248,19.176,3.178,5.06,2.514,6.675,1.51,0,34.087,4.247,11.17,1.558,5.482,11.712,0,6.821,10.03,4.701,0,4.383,7.54,19.796,7.83,6.089,27.785,0,14.461,0,2.422,7.996,2.36,0,40.242,0,0,16.842,7.997,0,82.899,1.172,5.591,0,11.906,18.198
TK1:bin_000199,0,0,0,0,0,0,0,0,0,0,0,0,0,0,0,0,0,0,0,0,0,0,0,0,0,0,0,0,0,0,0,0,0,0,0,0,0,0,0,0,0,0,0,0,0,0,0,0,0,0,0,0,0,0,0,0,0,0,0,0,0,0,0,0,0,0,0,0,0,0,0,0,0,0,0,0,0,0,0,0,0,0,0,0
TK1:bin_000202,0,0,0,0,0,5.438,0,0,0,0,0,0,0,0,0,0,0,0,0,0,0,0,0,0,0,0,0,0,5.501,0,0,0,0,0,0,0,0,0,0,0,0,0,0,0,0,0,0,0,2.467,0,0,0,0,0,0,0,0,0,0,0,0,0,0,0,0,0,0,0,0,0,0,0,0,0,0,0,0,0,0,0,0,0,0,0
TK1:bin_000203,0,0,0,0,0,0,0,0,0,0,0,0,0,0,0,0,0,0,0,0,0,0,0,0,0,0,0,0,0,0,0,0,0,0,0,0,0,0,0,0,0,0,0,0,0,0,0,0,0,0,0,0,0,0,0,0,0,0,0,0,0,0,0,0,0,0,0,0,0,0,0,0,0,0,0,0,0,0,0,0,0,0,0,0
TK1:bin_000206,0,0,0,0,0,0,0,0,0,0,0,0,0,0,0,0,0,0,0,0,0,0,0,0,0,0,0,0,0,0,0,0,0,0,0,0,0,0,0,0,0,0,0,0,0,0,0,0,0,0,0,0,0,0,0,0,0,0,0,0,0,0,0,0,0,0,0,0,0,0,0,0,0,0,0,0,0,0,0,0,0,0,0,0
TK1:bin_000211,0,0,0,0,0,0,0,0,0,0,2.237,0,2.937,0,0,0,0,0,0,0,0,0,0,0,0,0,0,0,0,0,0,2.265,0,0,0,0,0,0,0,0,0,0,0,0,0,0,0,0,0,0,0,0,0,0,0,0,0,0,0,0,0,0,0,0,0,0,0,0,0,0,0,0,0,0,0,0,0,0,2.77,0,0,0,0,0
TK1:bin_000215,0,0,0,0,0,0,0,0,0,0,0,0,0,0,0,0,0,0,0,0,0,0,0,0,0,0,0,0,0,0,0,0,0,0,0,0,0,0,0,0,0,0,0,0,0,0,0,0,0,0,0,0,0,0,0,0,0,0,0,0,0,0,0,0,0,0,0,0,0,0,0,0,0,0,0,0,0,0,0,0,0,0,0,0
TK1:bin_000224,0,0,0,0,0,0,0,0,0,0,0,0,0,0,0,0,0,3.137,1.331,2.453,0,0,0,0,0,0,1.314,0,0,0,0,3.992,0,0,0,0,0,0,2.753,0,0,0,0,0,0,0,0,0,0,0,0,0,0,0,0,2.247,0,0,0,1.212,1.757,0,0,0,0,0,0,0,0,0,0,0,2.597,0,0,1.302,0,0,2.343,0,0,0,0,0
TK1:bin_000254,0,0,0,0,0,0,0,0,0,0,2.57,0,0,0,0,0,0,0,1.191,0,0,2.436,0,0,0,0,0,0,0,0,0,0,0,0,0,0,0,0,2.24,0,0,0,0,0,0,0,0,0,3.098,0,0,0,0,0,0,0,0,0,0,1.56,0,0,0,0,0,0,0,0,0,1.333,0,0,5.393,0,0,2.083,0,0,1.404,0,0,0,0,0
TK1:bin_000262,0,0,0,0,0,0,0,0,0,0,0,0,0,0,0,0,0,0,0,0,0,0,0,0,0,0,0,0,0,0,0,0,0,0,0,0,0,0,0,0,0,0,0,0,0,0,0,0,0,0,0,0,0,0,0,0,0,0,0,0,0,0,0,0,1.569,0,0,0,0,0,0,0,0,0,0,0,0,0,0,0,0,0,0,0
TK1:bin_000264,0,0,0,0,0,0,0,0,0,0,0,0,0,0,0,0,0,0,0,0,0,0,0,0,0,0,0,0,0,0,0,0,0,0,0,0,0,0,0,0,0,0,0,0,0,0,0,0,0,0,0,0,0,0,0,0,0,0,0,0,0,0,0,0,0,0,0,0,0,0,0,0,0,0,0,0,0,0,0,0,0,0,0,0
TK1:bin_000265,0,0,0,0,0,0,0,0,0,0,0,0,0,0,0,0,0,0,0,0,0,0,0,0,0,0,0,0,0,0,0,0,0,0,0,0,0,0,0,0,0,0,0,0,0,0,0,0,0,0,0,0,0,0,0,0,0,0,0,0,0,0,0,0,0,0,0,0,0,0,0,0,0,0,0,0,0,0,0,0,0,0,0,0
TK1:bin_000267,0,0,0,0,0,1.741,0,0,0,0,4.384,0,0,0,0,0,0,2.162,0,2.184,0,0,0,0,0,0,1.398,0,0,0,0,2.819,0,0,0,0,0,0,0,0,1.951,2.487,0,1.623,0,0,0,0,3.988,0,1.581,0,0,0,0,1.599,1.784,0,0,0,0,0,0,0,0,0,0,0,0,1.394,0,0,4.474,0,0,0,0,0,2.167,0,0,0,1.321,0
TK1:bin_000279,0,0,0,0,0,0,0,0,0,0,2.951,0,0,0,0,0,0,3.481,2.72,3.305,0,0,0,0,0,0,0,0,0,0,0,2.392,0,0,0,0,0,0,0,0,0,1.981,0,0,0,1.621,0,0,3.085,0,1.411,0,0,0,0,0,0,0,0,0,0,0,0,0,0,0,0,0,0,0,0,0,3.876,0,0,1.267,0,0,1.72,0,0,0,0,0
TK1:bin_000284,0,2.636,0,5.442,0,6,0,0,0,0,6.001,0,1.389,0,2.446,2.437,0,7.678,5.288,9.113,0,5.28,0,0,0,0,5.523,5.035,2.046,0,3.82,9.021,0,2.106,1.759,0,3.414,0,4.591,3.015,4.457,8.845,0,2.981,1.602,2.851,0,0,6.622,1.898,1.912,0,1.618,3.345,0,2.987,3.215,2.561,0,2.783,5.131,3.393,3.18,1.836,2.981,0,2.287,0,0,2.547,0,0,12.978,0,0,3.598,4.267,0,7.637,0,2.008,0,0,0
TK1:bin_000285,0,0,0,0,0,0,0,0,0,0,0,0,0,0,0,0,0,0,0,0,0,0,0,0,0,0,0,0,0,0,0,0,0,0,0,0,0,0,0,0,0,0,0,0,0,0,0,0,0,0,0,0,0,0,0,0,0,0,0,0,0,0,0,0,0,0,0,0,0,0,0,0,0,0,0,0,0,0,0,0,0,0,0,0
TK1:bin_000300,0,0,0,0,0,0,0,0,0,0,0,0,0,0,0,0,0,0,0,0,0,0,0,0,0,0,0,0,0,0,0,0,0,0,0,0,0,0,0,0,0,0,0,0,0,2.142,0,0,0,0,0,0,0,0,0,0,0,0,0,0,0,0,0,0,0,0,0,0,0,0,0,0,0,0,0,0,0,0,0,0,2.817,0,0,0
TK1:bin_000303,0,0,0,0,0,0,0,0,0,0,3.042,0,0,0,0,0,0,4.379,1.444,0,0,0,0,0,0,0,0,0,0,0,0,2.703,0,0,0,0,0,0,0,0,0,0,0,0,0,0,0,0,0,0,0,0,0,0,0,0,0,0,0,1.472,0,0,0,0,0,0,0,0,0,0,0,0,3.742,0,0,0,0,0,0,0,0,0,0,0
TK1:bin_000337,0,0,0,0,0,0,0,0,0,0,3.378,0,0,0,0,0,0,2.474,3.949,2.663,0,0,0,0,0,0,1.518,0,0,0,0,3.148,0,2.038,0,0,0,0,2.369,0,0,6.175,0,0,0,1.931,0,0,2.594,0,1.48,0,0,0,0,0,0,0,0,0,1.295,0,1.356,0,2.187,0,0,0,0,0,0,0,6.207,0,0,0,0,0,1.93,0,1.305,0,0,0
TK1:bin_000347,0,3.613,1.571,7.302,0,8.066,0,0,0,0,13.512,0,1.232,2.042,3.975,4.349,5.484,11.414,8.602,17.946,0,9.016,0,2.083,0,0,7,6.394,5.875,2.548,4.93,14.104,3.454,5.145,3.062,3.132,7.505,0,8.329,7.596,10.396,9.482,2.27,5.689,2.455,5.326,0,0,13.675,2.79,4.998,0,1.867,7.834,0,4.502,6.546,4.826,0,3.858,7.816,5.837,5.545,3.661,6.816,0,6.554,0,2.526,4.22,0,0,16.884,0,0,5.192,6.069,0,12.036,0,4.466,0,4.298,2.779
TK3:bin_000001,0,0,0,0,0,0,0,0,0,0,0,0,0,0,0,0,0,0,0,0,0,0,0,0,0,0,0,0,0,0,0,0,0,0,0,0,0,0,0,0,0,0,0,0,0,0,0,0,0,0,0,0,0,0,0,0,0,0,0,0,0,0,0,0,0,0,0,0,0,0,0,0,0,0,0,0,0,0,0,0,0,0,0,0
TK3:bin_000003,0,0,0,0,0,0,0,0,0,0,0,0,0,0,0,0,0,0,0,0,0,0,0,0,0,0,0,0,0,0,0,0,0,0,0,0,0,0,0,0,0,0,0,0,0,0,0,0,0,0,0,0,0,0,0,0,0,0,0,0,0,0,0,0,0,0,0,0,0,0,0,0,0,0,0,0,0,0,0,0,0,0,0,0
TK3:bin_000005,0,0,0,5.006,0,1.868,0,0,0,0,0,0,0,0,0,0,0,0,3.385,6.743,0,7.649,0,0,0,0,4.213,0,0,0,4.101,6.337,2.644,6.172,0,0,2.926,0,0,0,0,5.091,1.874,0,9.212,9.059,0,0,9.616,0,2.627,0,2.278,0,0,3.737,0,0,0,0,1.134,2.173,2.249,0,9.003,0,8.133,0,0,0,1.519,0,6.339,0,0,2.81,3.223,0,1.878,0,11.591,0,5.108,1.939
TK3:bin_000018,0,0,0,0,0,0,0,0,0,0,0,0,0,0,0,0,0,0,0,0,0,0,0,0,0,0,0,0,0,0,0,0,0,0,0,0,0,0,0,0,0,0,0,0,0,0,0,0,0,0,0,0,0,0,0,0,0,0,0,0,0,0,0,0,0,0,0,0,0,0,0,0,0,0,0,0,0,0,1.512,0,0,0,0,0
TK3:bin_000019,0,0,1.748,4.573,0,250.459,0,0,0,0,11.781,0,11.425,6.214,0,11.361,7.85,0,17.068,5.72,0,6.325,0,2.204,0,0,1.951,2.71,71.177,0,2.9,3.287,3.305,7.388,1.489,2.723,4.005,0,6.599,6.806,4.994,2.8,0,0,0,3.929,0,0,7.384,1.841,4.181,4.775,1.36,5.212,0,3.466,3.105,0,0,1.992,5.874,16.541,3.869,1.745,69.46,0,2.738,0,0,2.813,0,0,34.692,0,0,30.907,0,0,123.579,0.883,1.975,0,3.854,34.128
TK3:bin_000021,0,0,0,0,0,0,0,0,0,0,0,0,0,0,0,0,0,0,0,0,0,0,0,0,0,0,0,0,0,0,0,0,0,0,0,0,0,0,0,0,0,0,0,0,0,0,0,0,0,0,0,0,0,0,0,0,0,0,0,0,0,0,0,0,0,0,0,0,0,0,0,0,0,0,0,0,0,0,0,0,0,0,0,0
TK3:bin_000024,0,0,0,0,0,0,0,0,0,0,0,0,0,0,0,0,0,0,0,0,0,0,0,0,0,0,0,0,0,0,0,0,0,0,0,0,0,0,0,0,0,0,0,0,0,0,0,0,0,0,0,0,0,0,0,0,0,0,0,0,0,0,0,0,0,0,0,0,0,0,0,0,0,0,0,0,0,0,0,0,0,0,0,0
TK3:bin_000026,0,0,0,0,0,0,0,0,0,0,0,0,0,0,0,0,0,0,0,0,0,0,0,0,0,0,0,0,0,0,0,0,0,0,0,0,0,0,0,0,0,0,0,0,0,0,0,0,0,0,0,0,0,0,0,0,0,0,0,0,0,0,0,0,0,0,0,0,0,0,0,0,0,0,0,0,0,0,0,0,0,0,0,0
TK3:bin_000028,0,0,0,0,0,0,0,0,0,0,0,0,0,0,0,0,0,0,0,0,0,0,0,0,0,0,0,0,0,0,0,0,0,0,0,0,0,0,0,0,0,0,0,0,0,0,0,0,0,0,0,0,0,0,0,0,0,0,0,0,0,0,0,0,0,0,0,0,0,0,0,0,0,0,0,0,0,0,0,0,0,0,0,0
TK3:bin_000031,0,0,0,0,0,0,0,0,0,0,0,0,0,0,0,0,0,0,0,0,0,0,0,0,0,0,0,0,0,0,0,0,0,0,0,0,0,0,0,0,0,0,0,0,0,0,0,0,0,0,0,0,0,0,0,0,0,0,0,0,0,0,0,0,0,0,0,0,0,0,0,0,0,0,0,0,0,0,0,0,0,0,0,0
TK3:bin_000036,0,0,0,0,0,0,0,0,0,0,0,0,0,0,0,0,0,0,1.395,0,0,0,0,0,0,0,0,0,0,0,0,0,0,0,0,0,0,0,0,0,0,0,0,0,0,0,0,0,0,0,0,0,0,0,0,0,0,0,0,0,0,0,0,0,0,0,0,0,0,0,0,0,0,0,0,0,0,0,0,0,0,0,0,0
TK3:bin_000043,0,1.726,0,2.551,0,0,0,0,0,0,3.377,0,0,2.335,0,0,0,5.961,12.267,4.334,0,3.764,0,0,0,0,1.682,0,2.212,0,0,0,0,0,0,3.911,10.87,0,9.361,1.951,4.819,16.103,0,0,0,0,1.97,0,7.584,2.549,0,0,0,0,0,3.243,3.006,0,0,2.239,1.546,2.889,0,0,3.921,0,0,0,0,1.759,0,0,5.658,0,0,1.436,0,0,0,0,0,0,3.787,0
TK3:bin_000046,0,0,0,0,0,14.925,0,0,0,0,0,0,0,0,0,0,0,0,1.74,0,0,0,0,0,0,0,0,0,0,0,0,0,0,0,0,0,0,0,0,0,0,0,0,0,0,0,0,0,0,0,0,0,0,0,0,0,0,0,0,0,0,0,0,0,4.464,0,0,0,0,0,0,0,4.177,0,0,0,0,0,5.406,0,0,0,0,0
TK3:bin_000047,0,0,0,0,0,0,0,0,0,0,0,0,0,0,0,0,0,0,0,0,0,0,0,0,0,0,0,0,0,0,0,0,0,0,0,0,0,0,0,0,0,0,0,0,0,0,0,0,0,0,0,0,0,0,0,0,0,0,0,0,0,0,0,0,0,0,0,0,0,0,0,0,2.189,0,0,0,0,0,0,0,0,0,0,0
TK3:bin_000048,0,0,0,0,0,0,0,0,0,0,0,0,0,0,0,0,0,0,0,0,0,0,0,0,0,0,0,0,0,0,0,0,0,0,0,0,0,0,0,0,0,0,0,0,0,0,0,0,0,0,0,0,0,0,0,0,0,0,0,0,0,0,0,0,0,0,0,0,0,0,0,0,0,0,0,0,0,0,0,0,0,0,0,0
TK3:bin_000056,0,0,0,0,0,0,0,0,0,0,0,0,0,0,0,0,0,0,0,0,0,0,0,0,0,0,0,0,0,0,0,0,0,0,0,0,0,0,0,0,0,0,0,0,0,0,0,0,0,0,0,0,0,1.846,0,0,0,0,0,0,0,0,0,0,1.117,0,0,0,0,0,0,0,2.294,0,0,0,0,0,1.623,0,0,0,0,0
TK3:bin_000069,0,0,0,0,0,0,0,0,0,0,0,0,0,0,0,0,0,0,0,0,0,0,0,0,0,0,0,0,0,0,0,0,0,0,0,0,0,0,0,0,0,0,0,0,0,0,0,0,0,0,0,0,0,0,0,0,0,0,0,0,0,0,0,0,0,0,0,0,0,0,0,0,0,0,0,0,0,0,0,0,0,0,0,0
TK3:bin_000070,0,0,0,0,0,0,0,0,0,0,0,0,0,0,0,0,0,0,0,0,0,0,0,0,0,0,0,0,0,0,0,0,0,0,0,0,0,0,0,0,0,0,0,0,0,1.274,0,0,0,0,0,0,0,0,0,0,0,0,0,0,0,0,0,0,0,0,0,0,0,0,0,0,0,0,0,0,0,0,0,0,0,0,0,0
TK3:bin_000071,0,0,0,2.479,0,0,0,0,0,0,3.072,0,1.135,0,3.002,0,0,0,5.546,6.321,0,0,0,3.319,0,0,2.334,5.322,1.852,0,1.762,13.868,0,0,2.319,0,5.219,0,8.605,0,4.993,0,0,0,3.097,2.123,0,0,11.108,2.668,3.979,0,0,3.269,0,5.852,7.031,4.064,0,0,2.38,0,0,1.362,1.176,0,0,0,1.384,3.404,0,0,4.778,0,0,0,0,0,3.345,0,0,0,0,0
TK3:bin_000089,0,0,0,0,0,0,0,0,0,0,0,0,0,0,0,0,0,0,1.028,0,0,0,0,0,0,0,0,0,0,0,0,0,0,0,0,0,0,0,0,0,0,0,0,0,0,0,0,0,0,0,0,0,0,0,0,0,0,0,0,0,0,0,0,0,0,0,0,0,0,0,0,0,0,0,0,0,0,0,0,0,0,0,0,0
TK3:bin_000091,0,0,0,2.612,0,0,0,0,0,0,0,0,0,0,0,0,0,0,2.445,0,0,7.352,0,0,0,0,0,0,0,0,2.244,0,0,0,0,0,0,0,0,0,2.037,4.543,0,0,0,3.333,0,0,0,0,2.294,0,0,0,0,0,0,0,0,0,0,0,1.236,0,9.988,0,2.921,0,0,0,0,0,4.28,0,0,0,0,0,1.281,0,7.99,0,2.759,0
TK3:bin_000096,0,0,0,0,0,0,0,0,0,0,0,0,0,0,0,0,0,0,0,0,0,0,0,0,0,0,0,0,0,0,0,0,0,0,0,0,0,0,0,0,0,0,0,0,0,0,0,0,0,0,0,0,0,0,0,0,0,0,0,0,0,0,0,0,0,0,0,0,0,0,0,0,0,0,0,0,0,0,0,0,0,0,0,0
TK3:bin_000104,0,2.071,0,2.167,0,0,0,0,0,1.464,6.556,0,0,1.288,0,0,3.757,0,4.978,18.857,0,8.631,0,2.602,0,0,2.424,6.375,2.087,0,3.915,6.197,2.289,2.001,1.386,0,4.647,0,6.584,4.82,8.458,3.916,0,3.708,0,5.076,0,0,10.298,0,3.588,0,1.809,4.744,0,2.364,5.161,6.698,0,1.903,4.87,2.192,1.341,1.256,0,0,1.79,0,2.429,1.774,0,0,13.824,0,0,3.52,0,0,6.274,0,2.583,0,0,2.633
TK3:bin_000116,0,0,0,3.679,0,6.207,0,0,0,1.566,6.077,0,1.769,1.877,0,2.503,3.879,0,11.914,3.349,0,10.734,0,9.568,0,0,12.845,0,0,0,8.843,6.489,3.13,11.212,1.564,5.154,19.095,0,4.88,2.605,12.477,5.303,0,6.383,1.721,6.689,4.405,0,24.312,0,4.724,0,2.222,2.559,0,1.923,2.311,0,0,1.546,3.974,0,0,1.289,12.862,2.307,2.357,0,1.334,8.998,0,0,9.62,0,0,0,0,0,3.08,0,2.362,0,0,1.894
TK3:bin_000123,0,0,0,0,0,0,0,0,0,0,0,0,0,0,0,0,0,0,0,0,0,0,0,0,0,0,0,0,0,0,0,0,0,0,0,0,0,0,0,0,0,0,0,0,0,0,0,0,0,0,0,0,0,0,0,0,0,0,0,0,0,0,0,0,0,0,0,0,0,0,0,0,0,0,0,0,0,0,0,0,0,0,0,0
TK3:bin_000128,0,0,0,0,0,0,0,0,0,0,2.152,0,0,0,2.677,0,0,0,1.718,0,0,0,0,0,0,0,0,0,0,0,0,0,0,0,0,0,0,0,3.452,0,2.066,2.071,0,0,0,3.472,0,0,2.518,0,0,0,0,1.87,0,0,0,0,0,1.367,0,0,0,0,0,0,0,0,0,0,0,0,6.29,0,0,0,0,0,0,0,0,0,0,0
TK3:bin_000135,0,0,0,0,0,0,0,0,0,0,0,0,0,0,0,0,0,0,0,0,0,0,0,0,0,0,0,0,0,0,0,0,0,0,0,0,0,0,0,0,0,0,0,0,0,0,0,0,0,0,0,0,0,0,0,0,0,0,0,0,0,0,0,0,0,0,0,0,0,0,0,0,0,0,0,0,0,0,0,0,0,0,0,0
TK3:bin_000142,0,0,0,0,0,0,0,0,0,0,0,0,0,0,0,0,0,0,0,0,0,0,0,0,0,0,0,0,0,0,0,0,0,0,0,0,0,0,0,0,0,0,0,0,0,0,0,0,0,0,0,0,0,0,0,0,0,0,0,0,0,0,0,0,0,0,0,0,0,0,0,0,0,0,0,0,0,0,0,0,0,0,0,0
TK3:bin_000143,0,0,0,2.223,0,0,0,0,0,0,4.132,0,0,0,0,0,0,2.941,1.388,2.266,0,0,0,0,0,0,1.919,0,0,0,0,3.51,0,0,0,0,2.019,0,3.355,2.376,3.61,4.493,0,1.938,0,1.263,0,0,6.028,0,2.097,0,0,0,0,1.41,0,0,0,0,2.06,0,1.364,1.514,0,0,1.937,0,0,0,0,0,4.908,0,0,1.768,0,0,5.361,0,0,0,2.251,0
TK3:bin_000144,0,0,0,0,0,0,0,0,0,0,0,0,0,0,0,0,0,0,0,0,0,0,0,0,0,0,0,0,0,0,0,0,0,0,0,0,0,0,0,0,0,0,0,0,0,0,0,0,0,0,0,0,0,0,0,0,0,0,0,0,0,0,0,0,0,0,0,0,0,0,0,0,0,0,0,0,0,0,0,0,0,0,0,0
TK3:bin_000150,0,0,0,0,0,0,0,0,0,0,0,0,0,0,0,0,0,0,0,0,0,0,0,0,0,0,0,0,0,0,0,0,0,0,0,0,0,0,0,0,0,0,0,0,0,0,0,0,0,0,0,0,0,0,0,0,0,0,0,0,0,0,0,0,0,0,0,0,0,0,0,0,0,0,0,0,0,0,0,0,0,0,0,0
TK3:bin_000157,0,0,0,0,0,0,0,0,0,0,0,0,0,0,0,0,0,0,0,0,0,0,0,0,0,0,0,0,0,0,0,0,0,0,0,0,0,0,0,0,0,0,0,0,0,0,0,0,0,0,0,0,0,0,0,0,0,0,0,0,0,0,0,0,0,0,0,0,0,0,0,0,0,0,0,0,0,0,0,0,0,0,0,0
TK3:bin_000166,0,0,0,0,0,0,0,0,0,0,0,0,0,0,0,0,0,0,0,0,0,0,0,0,0,0,0,0,0,0,0,2.345,0,0,0,1.33,0,0,4.907,0,0,0,0,0,0,0,0,0,0,0,0,0,0,0,0,0,0,0,0,0,0,0,0,0,1.428,0,0,0,0,0,0,0,2.485,0,0,0,0,0,3.798,0,0,0,0,0
TK3:bin_000168,0,0,0,0,0,0,0,0,0,0,0,0,0,0,0,0,0,0,0,0,0,0,0,0,0,0,0,0,0,0,0,0,0,0,0,0,0,0,0,0,0,0,0,0,0,0,0,0,0,0,0,0,0,0,0,0,0,0,0,0,0,0,0,0,0,0,0,0,0,0,0,0,0,0,0,0,0,0,0,0,0,0,0,0
TK3:bin_000172,0,1.661,0,0,0,0,0,0,0,0,4.065,0,0,0,0,0,0,0,1.166,2.094,0,0,0,0,0,0,1.247,0,2.819,0,0,2.301,0,0,0,1.655,0,0,2.132,1.933,0,2.986,0,0,0,1.907,0,0,4.896,0,1.48,0,0,0,0,1.287,1.928,0,0,0,0,2.821,0,0,1.653,0,0,0,0,0,0,0,5.17,0,0,2.735,0,0,3.352,0,0,0,0,2.827
TK3:bin_000174,0,0,1.818,2.298,0,3.718,0,0,0,0,3.788,0,0,0,0,0,0,3.758,0,0,0,0,0,0,0,0,0,0,9.221,0,0,6.358,0,0,0,0,0,0,0,0,0,0,0,0,0,0,0,0,0,0,0,0,0,2.009,0,1.567,0,0,0,2.314,0,0,0,0,1.469,0,0,0,0,1.434,0,0,2.564,0,0,1.796,0,0,1.523,0,0,0,0,0
TK3:bin_000175,0,0,0,0,0,0,0,0,0,0,0,0,0,0,0,0,0,0,0,0,0,0,0,0,0,0,0,0,0,0,0,0,0,0,0,0,0,0,0,0,0,0,0,0,0,0,0,0,0,0,0,0,0,0,0,0,0,0,0,0,0,0,0,0,0,0,0,0,0,0,0,0,0,0,0,0,0,0,0,0,0,0,0,0
TK3:bin_000177,0,0,0,0,0,0,0,0,0,0,2.568,0,0,0,0,0,0,2.056,3.724,3.005,0,0,0,0,0,0,0,0,0,0,0,0,0,0,0,0,0,0,0,0,0,0,0,0,0,1.501,0,0,3.505,0,0,0,0,0,0,0,0,0,0,0,0,0,0,0,0,0,2.755,0,0,0,0,0,5.111,0,0,1.289,0,0,1.322,0,0,0,0,0
TK3:bin_000178,0,1.442,0,0,0,0,0,0,0,0,4.575,0,0,1.39,2.127,0,0,2.117,1.652,9.011,0,3.654,0,0,0,0,1.433,2.15,0,0,2.618,4.34,4.225,0,2.506,0,4.231,0,2.678,0,2.594,6.558,0,3.876,0,3.801,0,0,7.927,0,2.622,0,1.325,0,0,2.896,3.324,2.283,0,1.631,3.263,3.37,0,0,3.294,0,0,0,0,1.724,0,0,6.895,0,0,2.066,4.518,0,4.557,0,1.768,0,0,0
TK3:bin_000189,0,0,0,0,0,0,0,0,0,0,0,0,0,0,0,0,0,5.148,6.121,0,0,4.685,0,0,0,0,0,0,0,0,2.01,5.432,0,0,0,0,0,0,0,0,2.717,0,0,0,0,6.13,0,0,2.939,0,0,0,0,4.64,0,1.606,0,0,0,1.171,1.667,0,0,1.367,0,0,0,0,0,0,0,0,5.067,0,0,0,0,0,4.862,0,3.487,0,0,0
TK3:bin_000191,0,0,0,0,0,0,0,0,0,0,0,0,0,0,0,0,0,0,0,0,0,0,0,0,0,0,0,0,0,0,0,0,0,0,0,0,0,0,0,0,0,0,0,0,0,0,0,0,0,0,0,0,0,0,0,0,0,0,0,0,0,0,0,0,0,0,0,0,0,0,0,0,0,0,0,0,0,0,0,0,0,0,0,0
TK3:bin_000193,0,1.755,0,0,0,3.06,0,0,0,0,4.925,0,0,1.115,0,0,0,5.319,2.012,0,0,2.132,0,0,0,0,2.75,2.613,0,0,0,3.748,0,0,0,0,0,0,0,1.924,4.322,2.277,0,0,0,0,0,0,2.851,0,2.328,0,0,0,0,1.283,0,0,0,0,0,0,2.292,0,0,0,0,0,0,1.402,0,0,5.487,0,0,1.762,0,0,2.767,0,0,0,0,0
TK3:bin_000196,0,0,0,0,0,0,0,0,0,0,7.993,0,0,0,1.613,0,0,0,3.615,0,0,0,0,0,0,0,0,0,0,0,0,0,0,0,0,0,0,0,0,4.411,0,0,0,0,0,0,0,0,0,0,0,0,0,0,0,0,0,0,0,0,0,0,0,0,0,0,0,0,0,0,0,0,7.298,0,0,0,0,0,0,0,0,0,0,0
TK3:bin_000198,0,0,0,0,0,0,0,0,0,0,0,0,0,0,0,0,0,0,0,0,0,0,0,0,0,0,0,0,0,0,0,0,0,0,0,0,0,0,0,0,0,0,0,0,0,0,0,0,0,0,0,0,0,0,0,0,0,0,0,0,0,0,0,0,0,0,0,0,0,0,0,0,0,0,0,0,0,0,0,0,0,0,0,0
TK3:bin_000200,0,0,0,2.629,0,0,0,0,0,0,2.998,0,0,0,0,0,0,0,1.98,0,0,3.436,0,0,0,0,1.532,0,0,0,0,7.32,0,6.311,0,0,0,0,3.238,0,2.121,0,0,0,0,12.768,0,0,0,0,4.333,0,0,3.334,0,1.16,1.976,0,0,0,0,2.456,2.51,0,0,0,0,0,0,0,0,0,5.71,0,0,0,0,0,2.307,0,2.957,0,1.197,0
TK3:bin_000201,0,0,0,0,0,0,0,0,0,0,0,0,0,0,0,0,0,0,0,0,0,0,0,0,0,0,0,0,0,0,0,0,0,0,0,0,0,0,0,0,0,0,0,0,0,0,0,0,0,0,0,0,0,0,0,0,0,0,0,0,0,0,0,0,0,0,0,0,0,0,0,0,0,0,0,0,0,0,0,0,0,0,0,0
TK3:bin_000208,0,0,0,0,0,0,0,0,0,0,0,0,0,0,0,0,0,0,0,0,0,0,0,0,0,0,0,0,0,0,0,0,0,0,0,0,0,0,0,0,0,0,0,0,0,0,0,0,0,0,0,0,0,0,0,0,0,0,0,0,0,0,0,0,0,0,0,0,0,0,0,0,0,0,0,0,0,0,1.461,0,0,0,0,0
TK3:bin_000217,0,0,0,0,0,5.271,0,0,0,0,0,0,0,0,0,0,0,0,1.53,0,0,0,0,0,0,0,0,0,0,0,0,0,0,1.923,0,0,0,0,1.817,0,1.65,0,0,0,0,0,0,0,0,0,0,0,0,0,0,0,0,0,0,0,0,2.387,0,0,4.538,0,0,0,0,0,0,0,2.08,0,0,0,0,0,3.606,0,0,0,0,0
TK3:bin_000232,0,0,0,0,0,0,0,0,0,0,2.93,0,0,0,0,0,0,0,3.098,0,0,0,0,0,0,0,0,0,0,0,0,2.967,0,0,0,0,0,0,0,0,0,0,0,0,0,0,0,0,3.057,0,0,0,0,0,0,0,0,0,0,0,0,0,0,0,0,0,0,0,0,0,0,0,0,0,0,2.186,0,0,1.347,0,0,0,0,0
TK3:bin_000233,0,0,0,0,0,0,0,0,0,0,0,0,0,1.158,0,0,0,0,0,0,0,2.707,0,0,0,0,0,0,11.289,0,0,2.58,0,0,0,0,0,0,0,1.728,0,0,0,0,0,0,0,0,0,0,0,0,0,0,0,0,0,0,0,0,1.141,2.143,1.185,0,3.199,0,0,0,0,1.376,0,0,4.443,0,0,4.09,0,0,12.052,0,0,0,0,2.477
TK3:bin_000238,0,0,0,0,0,0,0,0,0,0,0,0,0,0,0,0,0,0,0,0,0,0,0,0,0,0,0,0,5.9,0,0,0,0,0,0,0,0,0,0,0,0,0,0,0,0,0,0,0,0,0,0,0,0,0,0,0,0,0,0,0,0,0,0,0,0,0,0,0,0,0,0,0,0,0,0,0,0,0,0,0,0,0,0,0
TK3:bin_000253,0,0,0,0,0,0,0,0,0,0,0,0,0,0,0,0,0,0,0,0,0,0,0,0,0,0,0,0,0,0,0,0,0,0,0,0,0,0,0,0,0,0,0,0,0,0,0,0,0,0,0,0,0,0,0,0,0,0,0,0,0,0,0,0,0,0,0,0,0,0,0,0,0,0,0,0,0,0,0,0,0,0,0,0
TK3:bin_000259,0,0,0,0,0,0,0,0,0,0,2.476,0,0,0,0,0,0,0,2.248,2.653,0,3.085,0,1.279,0,0,1.546,2.74,0,0,0,3.083,0,0,0,0,0,0,0,0,2.084,2.695,0,0,0,2.6,0,0,4.579,0,2.281,0,0,0,0,1.455,1.957,0,0,0,2.011,0,0,1.435,1.415,0,0,0,0,0,0,0,4.622,0,0,1.648,2.113,0,2.13,0,2.246,0,0,0
TK3:bin_000260,0,0,0,0,0,0,0,0,0,0,0,0,0,0,0,0,0,0,0,0,0,0,0,0,0,0,0,0,0,0,0,0,0,0,0,0,0,0,0,0,0,0,0,0,0,1.555,0,0,0,0,0,0,0,0,0,0,0,0,0,0,0,0,0,0,0,0,0,0,0,0,0,0,0,0,0,0,0,0,1.555,0,0,0,0,0
TK3:bin_000287,0,0,0,0,0,0,0,0,0,0,0,0,0,0,0,0,0,0,0,0,0,0,0,0,0,0,0,0,0,0,0,0,0,0,0,0,0,0,0,0,0,0,0,0,0,0,0,0,2.404,0,0,0,0,0,0,1.626,0,3.135,0,0,0,0,0,1.912,0,0,0,0,0,0,0,0,0,0,0,0,0,0,0,0,0,0,0,0
TK3:bin_000316,0,0,0,0,0,0,0,0,0,0,0,0,0,0,0,0,0,0,0,0,0,0,0,0,0,0,0,0,0,0,0,0,0,0,0,0,0,0,0,0,0,0,0,0,0,0,0,0,0,0,0,0,0,0,0,0,0,0,0,0,0,0,0,0,0,0,0,0,0,0,0,0,0,0,0,0,0,0,0,0,0,0,0,0
