genome,M303543,M303565,M303581,M303573,M303553,M303561,M303569,M303541,M303551,M303585,M303567,M303557,M303556,M303568,M303575,M303545,M303583,M303548,M303550,M303540,M303580,M303544,M303552,M303577,M303584,M303554,M303562,M303555,M303572,M303571,M303549,M303558,M303579,M303560,M303538,M303546,M303574,M303582,M303563,M303570,M303566,M303539
D300242:bin_000001,0,1.341,24.574,5.927,0,12.108,0,4.098,6.883,26.849,0,0,1.623,0,11.691,39.578,6.811,10.059,7.349,1.684,0,4.38,2.855,7.217,25.284,3.482,6.973,8.102,2.678,12.949,1.814,0,103.723,1.433,0,17.246,4.859,0,3.131,86.789,0,5.557
D300242:bin_000002,0,3.305,48.922,6.502,0,8.673,0,7.844,6.903,23.908,4.085,0,0,2.139,10.178,24.279,8.19,2.623,13.097,20.418,0,15.605,7.861,12.48,41.692,2.827,23.897,12.888,11.514,24.659,0,0,72.321,0,0,13.599,6.534,0,2.305,29.346,0,7.065
D300242:bin_000003,0,0,20.886,2.329,0,1.329,0,0,0,2.206,0,0,0,0,0,3.427,0,2.34,0,4.78,0,2.683,0,1.928,0,0,1.59,0,0,0,0,0,1.523,0,0,5.653,0,0,0,4.923,0,0
D300242:bin_000023,0,3.795,38.359,5.509,0,19.004,0,4.382,14.217,24.168,2.238,0,0,0,12.584,55.161,7.722,10.834,6.581,5.63,0,6.21,4.607,8.435,42.248,4.866,8.79,10.564,11.796,11.21,0,0,66.382,3.968,0,12.512,1.936,0,4.372,82.395,0,3.058
D300242:bin_000025,0,0,0,0,0,0,0,0,0,0,0,0,0,0,0,0,0,0,0,0,0,0,0,0,0,0,0,0,0,0,0,0,0,0,0,0,0,0,0,0,0,0
D300243:bin_000004,0,4.984,19.608,5.635,0,19.091,0,8.339,9.998,14.304,6.004,0,0,0,6.471,36.606,5.914,4.768,6.123,4.355,0,7.406,2.05,10.401,44.355,1.829,5.366,12.809,7.238,11.168,0,0,30.335,2.492,0,10.392,7.425,0,8.359,34.767,0,2.451
D300243:bin_000028,0,8.189,52.603,11.708,0,35.98,0,11.438,5.64,43.897,6.595,0,0,1.325,19.67,68.39,15.94,4.744,30.1,19.4,0,22.977,9.885,24.043,48.847,2.969,40.31,14.563,14.683,21.565,0,0,53.862,1.811,0,18.517,11.095,2.325,20.012,37.454,0,6.334
D300243:bin_000041,0,2.019,17.628,5.113,0,5.261,0,6.743,2.913,20.359,0,0,0,0,3.701,23.344,4.767,3.309,4.524,3.19,0,3.622,1.471,4.415,17.511,1.983,5.262,8.656,2.435,6.075,0,0,21.484,1.63,0,5.246,4.626,0,2.872,18.037,0,2.409
D300243:bin_000043,0,3.145,20.73,3.387,0,19.523,0,5.375,9.135,18.262,1.581,0,0,0,8.614,52.113,5.386,7.745,6.184,2.248,0,5.347,4.337,14.034,41.834,0,11.192,3.829,3.035,8.913,0,0,40.113,3.858,0,11.763,2.694,0,6.503,42.491,0,1.737
D300244:bin_000018,0,2.745,20.6,4.598,0,11.47,0,4.856,4.761,13.848,2.124,0,0,0,7.418,30.337,4.871,6.743,6.108,4.1,0,6.301,2.228,6.475,28.862,2.311,7.788,7.75,2.743,7.057,0,0,25.934,2.656,0,13.918,3.071,0,3.995,35.083,0,1.508
D300244:bin_000021,0,0,18.509,6.165,0,5.323,0,3.107,3.125,7.685,3.118,0,0,0,5.449,11.416,5.956,3.219,5.514,3.138,0,2.886,0,4.928,11.277,0,3.337,5.039,0,5.288,0,0,21.659,0,0,10.26,5.036,0,4.568,26.518,0,2.464
D300244:bin_000028,0,1.455,12.432,4.436,0,7.266,0,3.825,2.606,14.898,2.407,0,0,0,8.254,25.445,0,5.524,7.536,4.189,0,6.253,2.4,7.678,21.99,2.327,4.406,4.741,1.984,2.883,0,0,18.276,0,0,5.902,1.448,0,2.939,25.848,0,2.027
D300245:bin_000010,0,7.262,65.561,16.346,0,23.142,2.256,19.6,15.666,62.911,11.795,1.896,1.899,0,17.082,129.492,23.736,18.183,17.361,9.809,0,12.476,5.28,16.343,119.841,11.511,19.681,31.419,10.274,38.313,0,0,152.183,12.621,0,26.339,22.393,1.894,25.423,114.488,0,19.988
D300245:bin_000013,0,0,20.519,1.993,0,4.498,0,1.873,1.818,11.954,0,1.365,0,0,8.982,17.69,3.631,2.345,11.828,2.434,0,2.548,2.036,3.569,25.151,0,2.61,8.22,1.569,21.822,0,0,26.594,0,0,6.775,3.357,0,2.902,21.821,0,2.229
D300245:bin_000018,0,2.053,6.704,2.426,0,3.931,0,2.339,2.119,5.496,0,0,0,0,1.557,11.904,3.335,1.399,2.193,1.871,0,1.58,0,1.943,10.626,0,2.768,3.873,0,4.336,0,0,13.291,0,0,3.643,2.633,0,1.356,11.349,0,2.339
D300245:bin_000027,0,5.124,24.971,10.838,0,4.964,0,11.348,2.514,21.829,1.715,0,0,0,4.684,20.717,14.819,1.923,13.971,8.317,0,4.194,1.321,5.762,30.322,5.01,7.366,20.76,6.372,20.889,0,0,16.14,1.105,0,5.2,9.898,0,10.965,67.351,0,8.582
D300245:bin_000045,0,5.816,108.787,13.508,0,46.468,2.082,12.445,31.709,66.701,7.933,2.654,0,0,31.696,148.283,16.427,16.381,19.177,11.044,0,13.812,11.908,39.788,85.296,4.21,35.387,24.159,13.24,31.761,1.985,1.41,150.647,6.575,0,39.668,13.792,1.921,12.507,120.982,0,7.549
D300246:bin_000002,0,3.53,37.215,5.011,0,18.82,0,10,7.806,33.955,2.364,0,0,0,9.981,60.284,6.978,7.878,8.189,3.706,0,2.676,2.714,5.562,38.754,3.505,9.834,8.285,4.823,9.704,0,0,89.803,2.787,0,18.286,4.705,1.463,6.648,40.022,0,2.912
D300246:bin_000010,0,0,0,0,0,0,0,0,0,0,0,0,0,0,0,0,0,0,0,0,0,0,0,0,0,0,0,0,0,0,0,0,3.048,0,0,0,0,0,0,1.681,0,0
D300246:bin_000011,0,0,20.154,4.938,0,2.855,0,7.405,1.463,7.352,0,0,0,0,4.22,28.031,21.743,1.565,2.224,2.237,0,6.453,0,2.894,19.872,0,0,4.686,0,4.327,0,0,5.515,0,0,3.998,4.546,0,2.031,10.434,0,0
D300246:bin_000018,0,0,1.586,0,0,0,0,0,0,0,0,0,0,0,0,1.67,0,0,0,0,0,0,0,0,1.927,0,0,0,0,0,0,0,4.095,0,0,0,0,0,0,2.339,0,0
D300246:bin_000044,0,0,14.813,2.246,0,7.155,0,2.499,5.333,10.13,2.085,0,0,0,3.909,21.722,3.273,3.435,4.507,0,0,0,0,4.084,16.669,0,3.209,5.605,2.727,5.517,0,0,24.505,0,0,4.004,6.216,0,0,17.866,0,0
D300246:bin_000052,0,1.617,11.181,3.137,0,7.575,0,4.094,2.264,9.495,1.503,0,0,0,3.588,20.876,3.919,2.547,4.373,2.076,0,3.649,1.464,3.578,14.971,0,3.74,5.52,2.256,4.943,0,0,24.469,1.403,0,6.219,3.086,0,2.713,21.445,0,1.784
D300247:bin_000006,0,3.694,41.839,7.136,0,17.489,0,8.822,7.094,33.997,2.445,1.321,0,0,19.225,68.23,10.835,9.999,10.968,6.173,0,9.342,4.072,10.435,48.176,4.152,15.122,10.08,5.35,18.186,0,0,81.516,3.741,0,21.793,8.309,0,10.997,93.146,0,6.642
D300248:bin_000004,0,0,5.028,0,0,1.953,0,2.239,0,3.37,0,0,0,0,0,6.549,1.922,0,1.864,1.518,0,0,0,0,4.575,0,0,4.989,0,3.793,0,0,7.345,0,0,2.159,2.53,0,0,5.462,0,2.369
D300248:bin_000008,0,0,12.972,3.517,0,6.153,0,3.777,4.889,7.687,0,0,0,0,4.797,18.298,3.017,0,4.325,2.76,0,2.76,2.079,0,17.354,0,3.719,6.314,2.012,5.353,0,0,21.883,0,0,6.611,2.884,0,3.817,14.787,0,0
D300248:bin_000018,0,0,0,0,0,0,0,0,0,0,0,0,0,0,0,0,0,0,0,0,0,0,0,0,0,0,0,0,0,0,0,0,0,0,0,0,0,0,0,0,0,0
D300248:bin_000023,0,0,1.838,0,0,0,0,0,0,0,0,0,0,0,0,3.086,0,0,0,0,0,0,0,0,1.459,0,0,0,0,0,0,0,2.896,0,0,0,0,0,0,1.669,0,0
D300248:bin_000024,2.068,5.865,127.731,18.757,0,46.168,1.788,25.426,12.188,72.078,7.102,5.937,9.607,2.589,90.387,145.949,57.986,17.075,50.449,23.549,0,28.611,38.008,54.798,107.593,5.369,11.282,50.835,17.126,48.251,0,0,135.581,2.013,0,58.715,26.262,5.763,20.902,182.855,2.21,10.278
D300249:bin_000005,0,4.739,45.363,13.865,0,15.449,0,10.292,19.473,34.079,7.396,1.364,0,0,14.111,77.475,12.211,11.178,17.672,6.233,0,12.971,7.49,22.428,75.506,4.414,10.963,23.557,7.84,24.346,0,0,67.819,4.452,0,22.148,9.504,0,11.159,72.012,0,6.443
D300249:bin_000046,0,0,6.5,1.43,0,3.056,0,2.497,2.467,3.086,0,0,0,0,0,9.709,1.583,0,1.601,0,0,0,1.19,2.139,7.946,0,0,3.559,0,2.793,0,0,12.16,1.408,0,2.413,1.637,0,1.661,5.254,0,0
D300250:bin_000017,0,2.965,18.608,5.897,0,7.477,0,1.834,7.148,11.84,2.713,0,0,0,7.412,28.994,8.013,6.71,4.117,7.251,0,5.926,2.208,5.005,22.641,2.59,7.757,11.322,5.787,4.136,0,0,28.221,3.227,0,8.663,1.851,0,1.82,45.139,0,1.637
D300250:bin_000018,0,0,0,0,0,0,0,0,0,0,0,0,0,0,0,0,0,0,0,0,0,0,0,0,0,0,0,0,0,0,0,0,0,0,0,0,0,0,0,0,0,0
D300250:bin_000024,0,0,8.972,3.415,0,5.737,0,1.721,1.779,6.897,2.56,0,0,0,3.246,9.544,0,1.665,1.647,3.441,0,0,1.511,5.28,9.095,0,2.459,4.42,0,2.541,0,0,8.871,1.368,0,7.879,1.649,0,2.068,13.123,0,0
D300251:bin_000015,0,0,10.869,1.934,0,3.845,0,1.829,4.257,10.33,0,0,0,0,1.88,12.998,3.087,3.605,2.632,0,0,0,0,0,15.027,0,3.392,2.446,1.973,4.193,0,0,15.134,0.958,0,4.601,1.793,0,2.364,9.984,0,0
D300251:bin_000040,0,2.164,24.982,8.251,0,9.619,0,4.409,5.571,15.009,2.453,0,0,0,14.3,34.491,7.519,3.749,8.175,12.165,0,4.839,4.594,12.414,33.551,2.677,6.354,13.991,4.136,11.919,0,0,31.691,1.828,0,7.667,5.832,0,6.293,34.081,0,3.374
D300252:bin_000001,1.286,9.694,47.549,15.958,0,23.738,3.72,13.349,19.177,32.592,8.063,2.861,1.427,0,33.672,61.782,9.248,10.74,20.465,13.69,0,12.483,9.247,21.689,78.324,3.86,9.701,21.474,6.672,19.91,0,0,60.624,5.025,0,28.398,6.861,1.317,9.439,68.04,1.476,6.222
D300252:bin_000010,0,0,5.702,0,0,2.538,0,0,1.512,4.511,0,0,0,0,2.66,7.303,1.315,1.647,1.423,0,0,0,0,1.564,6.099,0,1.594,1.581,0,1.652,0,0,13.938,0,0,3.071,0,0,0,11.382,0,0
D300252:bin_000011,0,0,0,0,0,0,0,0,0,0,0,0,0,0,0,0,0,0,0,0,0,0,0,0,0,0,0,0,0,0,0,0,0,0,0,0,0,0,0,0,0,0
D300252:bin_000020,0,4.714,23.063,5.184,0,16.583,0,3.651,4.002,23.526,0,2.052,0,0,8.328,50.844,3.776,2.387,15.863,6.229,0,4.996,3.518,8.926,47.105,4.247,6.092,4.352,5.598,6.793,0,0,45.116,1.521,0,5.286,10.971,0,7.834,37.951,0,1.648
D300253:bin_000005,2.516,22.946,132.463,28.008,0,140.126,3.632,41.396,86.458,113.571,26.045,8.528,5.242,1.71,71.767,403.708,29.408,76.408,67.452,25.784,2.894,47.39,42.552,95.781,294.094,5.645,96.491,40.666,18.102,47.938,4.404,0,386.494,35.132,0,100.62,24.623,2.346,48.551,341.874,2.841,15.361
D300253:bin_000007,0,1.554,11.154,2.891,0,4.181,0,4.874,2.881,9.449,0,0,0,0,1.616,19.96,3.127,0,3.508,2.691,0,1.913,0,3.019,12.286,2.013,3.712,12.087,1.533,13.029,0,0,15.785,0,0,3.028,6.044,0,1.415,13.496,0,4.447
D300253:bin_000040,0,1.839,31.96,5.847,0,15.606,1.897,3.261,8.539,31.504,3.021,0,0,0,15.594,40.062,6.376,5.951,7.014,3.545,0,10.791,8.895,16.05,38.316,3.006,6.965,5.243,4.974,9.743,0,0,39.315,1.703,0,17.245,2.535,0,5.968,44.262,0,0
D300254:bin_000011,0,4.075,34.46,5.609,0,15.534,0,8.554,7.503,19.361,3.483,0,3.279,0,13.256,40.8,11.384,8.974,12.771,9.096,0,6.656,5.789,11.475,51.664,2.511,12.487,14.416,5.164,10.473,0,0,42.354,1.957,0,17.775,14.932,0,9.929,52.764,0,6.503
D300254:bin_000016,0,0,1.409,0,0,0,0,0,0,0,0,0,0,0,0,0,0,0,0,0,0,0,0,0,1.507,0,0,0,0,0,0,0,3.862,0,0,0,0,0,0,3.467,0,0
D300254:bin_000019,1.723,8.214,94.209,17.985,0,40.39,3.238,18.409,26.169,102.295,4.129,3.309,2.433,0,32.081,202.001,29.851,29.764,25.263,9.727,0,14.43,8.979,26.74,150.986,10.806,33.256,19.078,13.8,46.146,2.804,0,274.818,9.545,0,43.968,22.807,3.048,23.937,198.686,2.175,12.008
D300254:bin_000031,0,0,0,0,0,0,0,0,0,0,0,0,0,0,0,0,0,0,0,0,0,0,0,0,0,0,0,0,0,0,0,0,0,0,0,0,0,0,0,0,0,0
D300255:bin_000002,0,0,1.744,0,0,3.46,0,1.805,3.633,3.292,0,0,0,0,1.588,10.711,0,2.288,0,0,0,0,0,3.103,13.839,0,2.312,0,0,1.374,0,0,10.289,0,0,3.148,0,0,1.375,8.645,0,0
D300255:bin_000023,0,0,13.922,2.247,0,9.091,0,2.823,4.541,11.737,1.871,0,0,0,4.967,29.271,2.073,5.095,4.58,2.656,0,3.194,2.731,7.498,19.976,0,6.529,5.612,1.871,3.921,0,0,29.94,1.628,0,8.691,1.681,0,3.459,32.413,0,0
D300256:bin_000008,0,6.38,50.228,8.055,0,16.495,0,9.698,11.908,26.85,5.599,0,0,0,14.998,55.735,10.553,6.086,16.455,12.077,1.575,13.325,9.09,12.718,57.843,2.18,16.326,17.409,7.046,16.147,0,0,57.687,1.459,0,12.462,11.147,0,6.778,60.316,0,2.762
D300256:bin_000021,0,0,0,0,0,0,0,0,0,0,0,0,0,0,0,0,0,0,0,0,0,0,0,0,0,0,0,0,0,0,0,0,0,0,0,0,0,0,0,1.281,0,0
D300256:bin_000037,0,34.903,0,32.816,0,0,0,4.614,0,0,0,0,0,0,0,22.108,0,3.741,0,41.638,0,0,0,0,0,0,0,4.149,0,0,0,0,2.935,0,0,0,0,0,0,8.209,0,0
D300257:bin_000004,0,0,2.034,0,0,0,0,0,0,2.018,0,0,0,0,0,3.981,0,0,0,0,0,0,0,0,6.182,0,0,3.113,0,1.917,0,0,6.691,0,0,0,0,0,0,2.564,0,2.071
D300257:bin_000017,0,3.42,41.981,6.897,0,6.778,0,14.028,5.411,22.866,2.414,0,0,0,6.681,64.41,8.073,7.804,9.891,6.446,0,3.381,5.467,8.303,33.537,3.903,6.53,16.16,3.597,10.981,0,0,37.19,2.079,0,11.326,8.288,0,6.944,27.027,0,6.719
D300257:bin_000026,0,0,7.662,0,0,3.9,0,2.538,4.744,6.104,0,0,0,0,3.793,14.485,2.184,1.962,2.733,0,0,1.717,2.773,3.786,16.124,0,2.636,1.815,0,3.281,0,0,16.245,0,0,4.253,1.529,0,0,16.576,0,1.361
D300257:bin_000038,0,1.318,9.35,1.615,0,2.705,0,4.417,1.877,5.722,0,0,0,0,1.548,16.883,2.412,2.448,2.553,1.86,0,1.793,1.346,1.5,11.826,0,2.194,5.273,0,3.064,0,0,17.381,0.98,0,4.186,3.164,0,1.324,6.795,0,0
D300258:bin_000001,0,1.426,10.82,4.657,0,7.942,0,0,6.955,12.266,1.604,0,0,0,5.601,31.3,1.144,5.65,2.74,2.078,0,2.562,1.626,1.861,21.443,0,0,6.332,2.348,2.232,0,0,19.704,0.936,0,5.425,0,0,1.983,19.544,0,0
D300258:bin_000003,0,1.48,27.835,7.037,0,7.96,0,8.14,3.142,16.143,1.768,0,2.272,0,10.485,24.37,7.618,2.293,16.694,7.55,0,14.425,3.608,18.571,31.831,2.466,4.579,11.711,3.403,7.515,0,0,16.306,1.503,0,13.168,5.242,0,2.483,20.468,0,1.262
D300258:bin_000012,0,2.946,14.287,3.244,0,9.664,0,6.183,7.186,8.902,2.848,0,0,0,10.318,20.991,2.781,3.248,7.585,4.007,0,5.105,3.66,5.2,25.412,0,6.333,9.425,2.019,6.945,0,0,27.046,0,0,13.843,5.608,0,4.196,23.421,0,0
D300258:bin_000053,0,0,0,0,0,0,0,0,0,0,0,0,0,0,0,0,0,0,0,0,0,0,0,0,0,0,0,0,0,0,0,0,0,0,0,0,0,0,0,0,0,0
D300259:bin_000025,0,0,18.353,7.799,0,11.488,0,10.278,7.936,11.874,1.706,0,0,0,7.907,18.942,11.925,4.38,6.154,5.827,0,5.043,2.206,23.629,24.623,0,11.626,5.21,3.725,6.845,0,0,29.931,1.076,0,9.16,7.407,0,3.472,30.728,0,0
D300260:bin_000003,0,0,0,0,0,0,0,0,0,0,0,0,0,0,0,0,0,0,0,0,0,0,0,0,0,0,0,0,0,0,0,0,0,0,0,0,0,0,0,3.431,0,0
D300261:bin_000003,0,1.341,5.196,3.121,0,0,0,2.274,1.923,4.102,0,0,0,0,1.801,10.612,1.53,0,2.264,2.417,0,0,0,0,8.809,0,0,0,0,0,0,0,8.452,0,0,2.92,0,0,1.682,6.092,0,0
D300262:bin_000009,0,0,0,0,0,0,0,0,0,0,0,0,0,0,0,0,0,0,0,0,0,0,0,0,0,0,0,0,0,0,0,0,0,0,0,0,0,0,0,0,0,0
D300262:bin_000011,0,4.578,41.239,8.564,0,21.109,3.273,11.686,13.823,29.696,7.87,1.548,1.427,0,17.285,71.975,10.304,11.057,16.256,10.608,0,17.321,10.086,17.242,63.515,2.89,12.939,15.947,4.296,12.822,0,0,64.483,6.109,0,22.515,7.609,0,10.694,51.13,1.655,5.304
D300262:bin_000022,0,0,0,0,0,1.41,0,0,0,2.629,0,0,0,0,0,1.973,0,0,0,0,0,0,0,0,5.979,0,0,1.659,0,3.772,0,0,2.142,0,0,0,0,0,0,2.726,0,1.361
D300262:bin_000032,0,0,3.367,0,0,2.851,0,0,0,2.976,1.424,0,0,0,2.001,8.045,0,0,0,0,0,0,0,0,5.041,0,0,1.968,0,2.029,0,0,4.39,0,0,3.411,0,0,0,6.208,0,0
D300263:bin_000027,0,0,1.636,0,0,0,0,0,0,0,0,0,0,0,0,0,0,0,0,0,0,0,0,0,0,0,0,0,0,0,0,0,0,0,0,0,0,0,0,0,0,0
D300264:bin_000001,0,0,0,0,0,0,0,0,0,0,0,0,0,0,0,0,0,0,0,0,0,0,0,0,0,0,0,0,0,0,0,0,0,0,0,0,0,0,0,0,0,0
D300264:bin_000003,0,0,2.456,0,0,2.224,0,0,0,2.405,0,0,0,0,0,4.081,0,0,0,0,0,0,0,0,2.87,0,1.457,0,0,0,0,0,5.448,0,0,0,0,0,0,7.775,0,0
D300264:bin_000004,0,1.645,21.616,0,0,6.068,0,2.442,0,12.232,0,0,0,0,3.194,35.105,4.386,3.514,4.517,0,0,1.701,2.063,0,18.598,0,7.832,2.32,0,4.751,0,0,72.067,0.975,0,7.441,2.427,0,5.264,23.275,0,4.253
D300264:bin_000007,0,0,0,0,0,0,0,0,0,0,0,0,0,0,0,0,0,0,0,0,0,0,0,0,0,0,0,0,0,0,0,0,0,0,0,0,0,0,0,0,0,0
D300264:bin_000013,0,0,0,0,0,0,0,0,0,0,0,0,0,0,0,0,0,0,0,0,0,0,0,0,0,0,0,0,0,0,0,0,0,0,0,0,0,0,0,0,0,0
D300264:bin_000017,0,0,0,0,0,0,0,0,0,0,0,0,0,0,0,0,0,0,0,0,0,0,0,0,0,0,0,0,0,0,0,0,0,0,0,0,0,0,0,0,0,0
D300264:bin_000018,0,0,0,0,0,0,0,0,0,0,0,0,0,0,0,0,0,0,0,0,0,0,0,0,0,0,0,0,0,0,0,0,0,0,0,0,0,0,0,0,0,0
D300264:bin_000019,0,0,0,0,0,0,0,0,0,0,0,0,0,0,0,0,0,0,0,0,0,0,0,0,0,0,0,0,0,0,0,0,0,0,0,0,0,0,0,0,0,0
D300264:bin_000020,0,0,0,0,0,0,0,0,0,0,0,0,0,0,0,0,0,0,0,0,0,0,0,0,0,0,0,0,0,0,0,0,0,0,0,0,0,0,0,0,0,0
D300264:bin_000021,0,0,0,0,0,0,0,0,0,0,0,0,0,0,0,0,0,0,0,0,0,0,0,0,0,0,0,0,0,0,0,0,0,0,0,0,0,0,0,0,0,0
D300264:bin_000022,0,0,15.753,2.994,0,8.649,0,2.359,2.529,13.377,0,0,0,0,6.209,26.479,4.816,3.493,2.829,0,0,1.592,0,4.135,25.53,0,6.941,2.349,1.974,5.624,0,0,35.413,2.518,0,4.278,2.757,0,4.713,27.822,0,1.954
D300264:bin_000023,0,0,4.051,0,0,1.673,0,0,0,2.857,0,0,0,0,1.55,6.967,0,0,0,0,0,0,0,2.412,5.504,0,2.045,1.721,0,2.914,0,0,9.174,0,0,1.802,0,0,1.655,7.1,0,0
D300264:bin_000028,0,0,5.121,0,0,0,0,0,0,3.075,0,0,0,0,0,4.772,0,0,0,0,0,0,0,0,5.721,0,0,0,0,0,0,0,4.758,0,0,0,0,0,1.326,6.19,0,0
D300264:bin_000033,0,0,0,0,0,0,0,0,0,0,0,0,0,0,0,0,0,0,0,0,0,0,0,0,0,0,0,0,0,0,0,0,0,0,0,0,0,0,0,0,0,0
D300264:bin_000035,0,0,0,0,0,0,0,0,0,0,0,0,0,0,0,0,0,0,0,0,0,0,0,0,0,0,0,0,0,0,0,0,0,0,0,0,0,0,0,0,0,0
D300264:bin_000036,0,0,0,0,0,0,0,0,0,0,0,0,0,0,0,0,0,0,0,0,0,0,0,0,0,0,0,0,0,0,0,0,0,0,0,0,0,0,0,0,0,0
D300264:bin_000043,0,0,3.878,0,0,0,0,0,0,0,0,0,0,0,0,4.932,0,0,0,0,0,0,0,0,6.113,0,0,0,0,0,0,0,0,0,0,0,0,0,0,0,0,0
D300265:bin_000012,0,0,8.61,1.703,0,3.628,0,2.628,1.627,4.794,0,0,0,0,3.301,9.452,1.394,2.381,5.735,2.67,0,3.243,1.754,4.886,5.516,0,1.463,4.221,2.934,2.56,0,0,13.817,0,0,5.839,1.577,0,0,8.581,0,0
D300265:bin_000013,0,2.059,93.859,5.889,0,16.044,0,9.501,6.288,12.246,14.271,1.445,0,0,12.361,69.198,16.155,6.06,27.052,11.673,0,8.827,6.803,14.452,41.763,2.708,6.604,17.168,13.76,32.166,0,0,52.653,1.667,0,24.884,6.707,0,12.698,40.179,0,5.838
JPB:bin_000001,0,0,0,0,0,0,0,0,0,0,0,0,0,0,0,0,0,0,0,0,0,0,0,0,0,0,0,0,0,0,0,0,0,0,0,0,0,0,0,0,0,0
JPB:bin_000003,0,0,0,0,0,0,0,0,0,0,0,0,0,0,0,0,0,0,0,0,0,0,0,0,0,0,0,0,0,0,0,0,0,0,0,0,0,0,0,0,0,0
JPB:bin_000004,0,0,0,0,0,0,0,0,0,0,0,0,0,0,0,0,0,0,0,0,0,0,0,0,0,0,0,0,0,0,0,0,0,0,0,0,0,0,0,0,0,0
JPB:bin_000005,0,0,0,0,0,0,0,0,0,0,0,0,0,0,0,0,0,0,0,0,0,0,0,0,0,0,0,0,0,0,0,0,0,0,0,0,0,0,0,0,0,0
JPB:bin_000007,0,0,2.748,0,0,0,0,0,0,1.184,0,0,0,0,0,2.172,0,0,0,0,0,0,0,0,0,0,0,0,0,0,0,0,1.674,0,0,1.716,0,0,0,3.108,0,0
JPB:bin_000009,0,0,0,0,0,0,0,0,0,0,0,0,0,0,0,0,0,0,0,0,0,0,0,0,0,0,0,0,0,0,0,0,0,0,0,0,0,0,0,0,0,0
JPB:bin_000010,0,0,0,0,0,0,0,0,0,0,0,0,0,0,0,0,0,0,0,0,0,0,0,0,0,0,0,0,0,0,0,0,0,0,0,0,0,0,0,0,0,0
JPB:bin_000012,0,0,0,0,0,0,0,0,0,0,0,0,0,0,0,0,0,0,0,0,0,0,0,0,0,0,0,0,0,0,0,0,1.96,0,0,0,0,0,0,1.838,0,0
JPB:bin_000014,0,0,0,0,0,0,0,0,0,0,0,0,0,0,0,0,0,0,0,0,0,0,0,0,0,0,0,0,0,0,0,0,0,0,0,0,0,0,0,0,0,0
JPB:bin_000015,0,0,0,0,0,0,0,0,0,0,0,0,0,0,0,0,0,0,0,0,0,0,0,0,0,0,0,0,0,0,0,0,0,0,0,0,0,0,0,0,0,0
JPB:bin_000017,0,0,0,0,0,0,0,0,0,0,0,0,0,0,0,0,0,0,0,0,0,0,0,0,0,0,0,0,0,0,0,0,0,0,0,0,0,0,0,0,0,0
JPB:bin_000018,0,0,0,0,0,0,0,0,0,0,0,0,0,0,0,0,0,0,0,0,0,0,0,0,0,0,0,0,0,0,0,0,0,0,0,0,0,0,0,0,0,0
JPB:bin_000019,0,0,0,0,0,0,0,0,0,0,0,0,0,0,0,0,0,0,0,0,0,0,0,0,0,0,0,0,0,0,0,0,1.503,0,0,0,0,0,0,0,0,0
JPB:bin_000020,0,0,0,0,0,0,0,0,0,0,0,0,0,0,0,0,0,0,0,0,0,0,0,0,0,0,0,0,0,0,0,0,1.919,0,0,0,0,0,0,1.513,0,0
JPB:bin_000021,0,0,0,0,0,0,0,0,0,0,0,0,0,0,0,0,0,0,0,0,0,0,0,0,0,0,0,0,0,0,0,0,0,0,0,0,0,0,0,0,0,0
JPB:bin_000022,0,1.434,7.302,1.886,0,3.22,0,1.404,1.782,4.244,2.036,0,0,0,2.246,9.041,1.272,1.864,3.299,0,0,2.175,1.329,2.848,16.675,1.388,2.473,1.768,1.312,1.741,0,0,9.23,0,0,3.303,1.265,0,1.756,8.601,0,0
JPB:bin_000023,0,0,0,0,0,0,0,0,0,0,0,0,0,0,0,0,0,0,0,0,0,0,0,0,0,0,0,0,0,0,0,0,0,0,0,0,0,0,0,0,0,0
JPB:bin_000024,0,0,0,0,0,0,0,0,0,0,0,0,0,0,0,0,0,0,0,0,0,0,0,0,1.463,0,0,0,0,0,0,0,1.418,0,0,0,0,0,0,0,0,0
JPB:bin_000025,2.93,15.766,72.908,10.97,0,418.745,3.871,21.389,74.59,69.215,9.133,14.349,4.175,0,37.981,290.072,16.027,85.228,39.498,6.514,17.654,20.771,69.761,84.348,980.763,4.939,416.375,17.326,17.964,24.299,5.356,0,310.381,86.858,0,72.276,11.853,3.223,130.34,737.591,2.838,13.921
JPB:bin_000026,0,0,0,0,0,0,0,0,0,0,0,0,0,0,0,0,0,0,0,0,0,0,0,0,0,0,0,0,0,0,0,0,0,0,0,0,0,0,0,0,0,0
JPB:bin_000027,0,0,0,0,0,0,0,0,0,0,0,0,0,0,0,0,0,0,0,0,0,0,0,0,0,0,0,0,0,0,0,0,0,0,0,0,0,0,0,0,0,0
JPB:bin_000028,0,0,0,0,0,0,0,0,0,0,0,0,0,0,0,0,0,0,0,0,0,0,0,0,0,0,0,0,0,0,0,0,0,0,0,0,0,0,0,0,0,0
JPB:bin_000029,0,0,0,0,0,0,0,0,0,0,0,0,0,0,0,1.405,0,0,0,0,0,0,0,0,0,0,0,0,0,0,0,0,3.806,0,0,0,0,0,0,1.893,0,0
JPB:bin_000030,0,0,0,0,0,0,0,0,0,0,0,0,0,0,0,0,0,0,0,0,0,0,0,0,0,0,0,0,0,0,0,0,0,0,0,0,0,0,0,0,0,0
JPB:bin_000032,0,0,0,0,0,0,0,0,0,0,0,0,0,0,0,0,0,0,0,0,0,0,0,0,0,0,0,0,0,0,0,0,0,0,0,0,0,0,0,0,0,0
JPB:bin_000033,0,0,0,0,0,0,0,0,0,0,0,0,0,0,0,0,0,0,0,0,0,0,0,0,0,0,0,0,0,0,0,0,0,0,0,0,0,0,0,0,0,0
JPB:bin_000034,0,0,0,0,0,0,0,0,0,0,0,0,0,0,0,0,0,0,0,0,0,0,0,0,0,0,0,0,0,0,0,0,0,0,0,0,0,0,0,0,0,0
JPB:bin_000035,0,0,4.586,0,0,0,0,2.385,2.71,3.775,0,0,0,0,2.324,4.826,0,0,1.456,0,0,2.159,1.435,0,11.85,0,0,0,0,0,0,0,13.333,0,0,0,0,0,0,7.962,0,0
JPB:bin_000036,0,0,0,0,0,0,0,0,0,0,0,0,0,0,0,0,0,0,0,0,0,0,0,0,0,0,0,0,0,0,0,0,0,0,0,0,0,0,0,0,0,0
JPB:bin_000037,0,1.352,13.442,4.49,0,12.257,0,7.166,1.932,15.264,3.748,0,0,0,6.961,27.416,4.283,7.262,4.417,3.452,0,7.842,2.101,3.508,25.075,1.937,4.773,10.013,2.268,11.49,0,0,24.479,2.116,0,9.516,3.651,0,3.475,36.711,0,2.945
JPB:bin_000039,0,1.508,3.507,0,0,1.975,0,0,0,0,0,0,0,0,0,4.184,0,0,1.395,1.18,0,3.783,0,0,5.889,0,0,2.956,0,0,0,0,1.835,0,0,2.495,0,0,0,1.562,0,0
JPB:bin_000040,0,0,0,0,0,0,0,0,0,0,0,0,0,0,0,0,0,0,0,0,0,0,0,0,2.244,0,0,0,0,0,0,0,0,0,0,0,0,0,0,0,0,0
JPB:bin_000042,0,0,0,0,0,0,0,0,0,0,0,0,0,0,0,0,0,0,0,0,0,0,0,0,0,0,0,0,0,0,0,0,0,0,0,0,0,0,0,0,0,0
JPB:bin_000043,0,0,0,0,0,0,0,0,0,0,0,0,0,0,0,0,0,0,0,0,0,0,0,0,0,0,0,0,0,0,0,0,0,0,0,0,0,0,0,1.684,0,0
JPB:bin_000045,18.702,157.089,1164.444,353.869,5.919,459.123,173.743,489.609,306.489,749.992,174.808,23.844,15.839,15.415,418.515,2024.828,364.075,228.62,596.911,454.189,10.254,508.762,123.953,330.564,1252.074,89.995,211.595,748.466,220.96,498.247,19.126,5.156,1689.474,111.865,4.305,652.566,270.605,30.958,268.527,1495.446,33.496,291.412
JPB:bin_000046,0,0,0,0,0,0,0,0,0,0,0,0,0,0,0,0,0,0,0,0,0,0,0,0,0,0,0,0,0,0,0,0,0,0,0,0,0,0,0,0,0,0
JPB:bin_000047,0,0,0,0,0,0,0,0,0,0,0,0,0,0,0,0,0,0,0,0,0,0,0,0,0,0,0,0,0,0,0,0,0,0,0,0,0,0,0,0,0,0
JPB:bin_000048,0,0,0,0,0,0,0,0,0,1.767,0,0,0,0,0,1.711,0,0,0,0,0,0,1.868,0,1.984,0,0,0,0,0,0,0,1.879,0,0,0,0,0,0,0,0,0
JPB:bin_000050,0,0,0,0,0,0,0,0,0,0,0,0,0,0,0,0,0,0,0,0,0,0,0,0,0,0,0,0,0,0,0,0,0,0,0,0,0,0,0,0,0,0
JPB:bin_000051,0,0,3.636,0,0,0,0,0,0,2.708,0,0,0,0,0,4.142,1.614,0,0,0,0,0,0,0,2.591,0,0,0,0,0,0,0,10.598,0,0,0,0,0,0,7.595,0,0
JPB:bin_000052,0,0,0,0,0,0,0,0,0,0,0,0,0,0,0,0,0,0,0,0,0,0,0,0,0,0,0,0,0,0,0,0,0,0,0,0,0,0,0,0,0,0
JPB:bin_000053,0,0,0,0,0,0,0,0,0,0,0,0,0,0,0,0,0,0,0,0,0,0,0,0,0,0,0,0,0,0,0,0,0,0,0,0,0,0,0,0,0,0
JPB:bin_000054,0,0,0,0,0,0,0,0,0,0,0,0,0,0,0,0,0,0,0,0,0,0,0,0,0,0,0,0,0,0,0,0,0,0,0,0,0,0,0,0,0,0
JPB:bin_000056,0,0,0,0,0,0,0,0,0,0,0,0,0,0,0,0,0,0,0,0,0,0,0,0,0,0,0,0,0,0,0,0,0,0,0,0,0,0,0,0,0,0
JPB:bin_000057,0,0,0,0,0,0,0,0,0,0,0,0,0,0,0,0,0,0,0,0,0,0,0,0,0,0,0,0,0,0,0,0,0,0,0,0,0,0,0,0,0,0
JPB:bin_000059,0,0,2.289,0,0,0,0,0,0,1.924,0,0,0,0,0,3.988,0,0,0,0,0,0,0,0,3.177,0,0,0,0,0,0,0,8.385,0,0,0,0,0,0,8.422,0,0
JPB:bin_000060,0,0,4.296,1.486,0,2.638,0,0,2.272,3.814,0,0,0,0,2.476,8.359,0,0,0,0,0,0,0,0,6.365,0,2.088,1.7,0,0,0,0,7.354,0,0,0,0,0,0,6.389,0,0
JPB:bin_000061,0,0,4.447,0,0,1.348,0,1.558,1.503,2.379,0,0,0,0,3.102,6.962,0,1.64,1.593,0,0,2.114,0,0,7.296,0,0,2.176,1.324,2.87,0,0,5.27,0,0,2.522,0,0,0,3.721,0,1.595
JPB:bin_000062,0,0,0,0,0,0,0,0,0,0,0,0,0,0,0,0,0,0,0,0,0,0,0,0,0,0,0,0,0,0,0,0,0,0,0,0,0,0,0,0,0,0
JPB:bin_000063,0,2.987,28.095,4.957,0,12.228,0,3.598,8.413,19.008,2.752,0,0,0,10.827,59.076,6.791,2.641,15.861,7.456,0,7.511,6.067,11.678,83.543,1.538,5.867,8.297,4.865,6.509,0,0,15.015,0,0,21.618,8.54,1.537,3.843,15.374,0,3.434
JPB:bin_000064,0,0,0,0,0,0,0,0,0,0,0,0,0,0,0,0,0,0,0,0,0,0,0,0,0,0,0,0,0,0,0,0,0,0,0,0,0,0,0,0,0,0
JPB:bin_000065,0,0,2.594,0,0,0,0,0,0,2.147,0,0,0,0,0,4.118,0,0,0,0,0,0,0,1.493,3.307,0,0,0,0,0,0,0,1.908,0,0,0,0,0,0,4.013,0,0
JPB:bin_000066,0,0,0,0,0,0,0,0,0,0,0,0,0,0,0,0,0,0,0,0,0,0,0,0,0,0,0,0,0,0,0,0,0,0,0,0,0,0,0,0,0,0
JPB:bin_000067,0,0,4.648,1.609,0,3.197,0,3.852,0,7.138,0,0,0,0,4.356,11.55,1.232,2.043,2.907,0,0,4.567,0,1.994,10.683,1.469,2.264,5.092,0,4.28,0,0,10.245,0,0,4.384,0,0,1.854,11.685,0,1.25
JPB:bin_000068,0,0,0,0,0,0,0,0,0,0,0,0,0,0,0,0,0,0,0,0,0,0,0,0,0,0,0,0,0,0,0,0,0,0,0,0,0,0,0,0,0,0
JPB:bin_000069,0,0,3.056,0,0,0,0,1.59,0,2.109,0,0,0,0,0,3.285,0,1.379,0,0,0,1.153,0,1.742,0,0,0,0,0,0,0,0,3.024,0,0,2.247,0,0,0,7.894,0,0
JPB:bin_000070,0,0,0,0,0,0,0,0,0,0,0,0,0,0,0,0,0,0,0,0,0,0,0,0,0,0,0,0,0,0,0,0,0,0,0,0,0,0,0,0,0,0
JPB:bin_000071,0,0,0,0,0,0,0,0,0,0,0,0,0,0,0,0,0,0,0,0,0,0,0,0,0,0,0,0,0,0,0,0,0,0,0,0,0,0,0,0,0,0
JPB:bin_000073,0,0,0,0,0,0,0,0,0,0,0,0,0,0,0,1.759,0,0,0,0,0,0,0,0,0,0,0,0,0,0,0,0,0,0,0,0,0,0,0,1.879,0,0
JPB:bin_000074,0,0,2.781,0,0,2.135,0,0,0,3.059,0,0,0,0,1.887,6.091,0,0,0,0,0,1.232,0,0,3.924,0,0,0,0,2.041,0,0,5.108,0,0,0,0,0,0,4.022,0,0
JPB:bin_000075,0,1.932,4.736,0,0,3.15,0,0,0,4.316,0,0,0,0,0,8.331,0,1.738,0,0,0,1.773,1.69,1.54,6.085,0,2.509,0,0,2.561,0,0,8.019,0,0,5.081,0,0,0,7.7,0,0
JPB:bin_000076,0,0,0,0,0,0,0,0,0,0,0,0,0,0,0,0,0,0,0,0,0,0,0,0,0,0,0,0,0,0,0,0,0,0,0,0,0,0,0,0,0,0
JPB:bin_000077,0,0,0,0,0,0,0,0,0,0,0,0,0,0,0,0,0,0,0,0,0,0,0,0,2.744,0,0,0,0,0,0,0,0,0,0,0,0,0,0,0,0,0
JPB:bin_000078,0,0,0,0,0,0,0,0,0,0,0,0,0,0,0,0,0,0,0,0,0,0,0,0,0,0,0,0,0,0,0,0,1.784,0,0,0,0,0,0,0,0,0
JPB:bin_000079,0,0,0,0,0,0,0,0,0,0,0,0,0,0,0,0,0,0,0,0,0,0,0,0,0,0,0,0,0,0,0,0,0,0,0,0,0,0,0,0,0,0
JPB:bin_000080,0,0,0,0,0,0,0,0,0,0,0,0,0,0,0,0,0,0,0,0,0,0,0,0,0,0,0,0,0,0,0,0,0,0,0,0,0,0,0,0,0,0
JPB:bin_000081,0,7.503,70.325,24.069,1.392,49.484,1.991,23.632,32.181,58.757,19.971,1.741,1.83,0,45.979,125.06,22.56,23.521,32.644,22.481,0,41.85,21.474,42.561,153.316,7.873,17.239,43.004,16.687,45.557,0,0,133.348,6.079,0,35.447,24.92,5.116,12.477,151.571,1.815,11.881
JPB:bin_000082,0,0,0,0,0,0,0,0,0,0,0,0,0,0,0,0,0,0,0,0,0,0,0,0,0,0,0,0,0,0,0,0,0,0,0,0,0,0,0,0,0,0
JPB:bin_000083,0,0,0,0,0,0,0,0,0,0,0,0,0,0,0,0,0,0,0,0,0,0,0,0,0,0,0,0,0,0,0,0,0,0,0,0,0,0,0,0,0,0
JPB:bin_000084,0,0,0,0,0,0,0,0,0,0,0,0,0,0,0,0,0,0,0,0,0,0,0,0,0,0,0,0,0,0,0,0,0,0,0,0,0,0,0,0,0,0
JPB:bin_000085,0,0,0,0,0,0,0,0,0,0,0,0,0,0,0,0,0,0,0,0,0,0,0,0,0,0,0,0,0,0,0,0,0,0,0,0,0,0,0,0,0,0
JPB:bin_000086,0,0,0,0,0,0,0,0,0,0,0,0,0,0,0,0,0,0,0,0,0,0,0,0,0,0,0,0,0,0,0,0,0,0,0,0,0,0,0,0,0,0
JPB:bin_000087,0,0,3.582,0,0,1.567,0,0,2.405,1.027,0,0,0,0,1.857,1.603,0,0,3.886,2.382,0,0,0,0,3.887,0,0,0,0,0,0,0,0,0,0,0,2.697,0,0,4.361,0,0
JPB:bin_000088,0,0,0,0,0,0,0,0,0,0,0,0,0,0,0,0,0,0,0,0,0,0,0,0,0,0,0,0,0,0,0,0,0,0,0,0,0,0,0,0,0,0
JPB:bin_000089,0,0,7.988,1.809,0,3.42,0,4.586,6.633,4.809,0,0,0,0,3.387,14.302,0,2.761,2.001,1.562,0,2.649,2.812,4.207,17.614,0,2.264,1.695,1.968,3.034,0,0,12.19,0,0,3.75,1.445,0,1.359,15.9,0,0
JPB:bin_000090,0,1.531,0,0,0,2.392,0,0,1.797,0,0,0,0,0,0,12.201,0,0,0,0,0,0,0,0,5.069,0,0,0,0,0,0,0,3.03,0,0,0,0,0,0,0,0,0
JPB:bin_000091,0,0,0,0,0,0,0,0,0,0,0,0,0,0,0,0,0,0,0,0,0,0,0,0,0,0,0,0,0,0,0,0,0,0,0,0,0,0,0,0,0,0
JPB:bin_000092,0,0,0,0,0,0,0,0,0,0,0,0,0,0,0,0,0,0,0,0,0,0,0,0,0,0,0,0,0,0,0,0,0,0,0,0,0,0,0,0,0,0
JPB:bin_000093,0,0,0,0,0,0,0,0,0,0,0,0,0,0,0,0,0,0,0,0,0,0,0,0,3.721,0,0,0,0,0,0,0,0,0,0,0,0,0,0,0,0,0
JPB:bin_000094,0,0,0,0,0,0,0,0,0,0,0,0,0,0,0,0,0,0,0,0,0,0,0,0,0,0,0,0,0,0,0,0,0,0,0,0,0,0,0,0,0,0
JPB:bin_000095,0,0,0,0,0,0,0,0,0,0,0,0,0,0,0,0,0,0,0,0,0,0,0,0,0,0,0,0,0,0,0,0,0,0,0,0,0,0,0,0,0,0
JPB:bin_000096,0,0,0,0,0,0,0,0,0,0,0,0,0,0,0,0,0,0,0,0,0,0,0,0,0,0,0,0,0,0,0,0,0,0,0,0,0,0,0,0,0,0
JPB:bin_000098,0,0,0,0,0,0,0,0,0,0,0,0,0,0,0,0,0,0,0,0,0,0,0,0,0,0,0,0,0,0,0,0,0,0,0,0,0,0,0,0,0,0
JPB:bin_000099,0,0,21.705,3.31,0,3.435,0,2.899,0,7.142,4.114,0,0,0,14.247,23.797,9.493,2.679,3.968,0,0,8.79,3.925,14.161,42.33,0,2.234,5.805,2.461,12.368,0,0,15.757,0,0,17.925,14.636,0,1.924,6.589,0,0
JPB:bin_000100,0,0,0,0,0,0,0,0,1.787,0,0,0,0,0,0,0,0,0,0,0,0,0,0,0,0,0,0,0,0,0,0,0,0,0,0,0,0,0,0,5.436,0,0
JPB:bin_000101,0,0,0,0,0,0,0,0,0,0,0,0,0,0,0,0,0,0,0,0,0,0,0,0,0,0,0,0,0,0,0,0,0,0,0,0,0,0,0,0,0,0
JPB:bin_000103,0,0,0,0,0,0,0,0,0,0,0,0,0,0,0,0,0,0,0,0,0,0,0,0,0,0,0,0,0,0,0,0,0,0,0,0,0,0,0,0,0,0
JPB:bin_000105,0,0,0,0,0,0,0,0,0,0,0,0,0,0,0,0,0,0,0,0,0,0,0,0,0,0,0,0,0,0,0,0,0,0,0,0,0,0,0,0,0,0
JPB:bin_000106,0,0,2.445,0,0,0,0,0,0,0,0,0,0,0,0,0,0,0,0,0,0,0,0,0,2.866,0,0,0,0,2.762,0,0,3.872,0,0,0,0,0,0,4.379,0,0
JPB:bin_000107,0,0,0,0,0,0,0,0,0,0,0,0,0,0,0,0,0,0,0,0,0,0,0,0,0,0,0,0,0,0,0,0,0,0,0,0,0,0,0,0,0,0
JPB:bin_000108,0,0,0,0,0,6.163,0,2.108,3.852,3.788,0,0,0,0,0,3.232,0,0,0,0,0,0,0,0,15.295,0,0,0,0,0,0,0,23.137,2.219,0,0,0,0,0,4.745,0,0
JPB:bin_000109,0,1.618,3.54,2.253,0,3.974,0,1.643,2.716,3.478,0,0,0,0,1.905,11.106,0,0,2.157,3.687,0,0,0,2.582,9.462,0,2.204,2.552,0,1.359,0,0,7.656,0.979,0,3.358,0,0,0,7.676,0,0
JPB:bin_000110,0,0,0,0,0,0,0,0,0,0,0,0,0,0,0,0,0,0,0,0,0,0,0,0,0,0,0,0,0,0,0,0,0,0,0,0,0,0,0,0,0,0
JPB:bin_000111,0,0,0,0,0,0,0,0,0,0,0,0,0,0,0,1.518,0,0,0,0,0,0,0,0,2.954,0,0,0,0,0,0,0,0,0,0,0,0,0,0,1.553,0,0
JPB:bin_000112,0,0,0,0,0,0,0,0,0,0,0,0,0,0,0,0,0,0,0,0,0,0,0,0,0,0,0,0,0,0,0,0,0,0,0,0,0,0,0,0,0,0
JPB:bin_000113,0,0,1.519,0,0,0,0,0,0,0,0,0,0,0,0,2.661,0,0,0,0,0,0,0,0,2.123,0,0,0,0,0,0,0,2.522,0,0,0,0,0,0,4.109,0,0
JPB:bin_000114,0,0,4.961,1.612,0,4.33,0,1.854,0,4.89,0,0,0,0,2.633,12.33,1.298,2.171,2.219,0,0,2.454,0,0,7.908,0,1.828,3.171,1.278,3.215,0,0,9.03,0,0,2.145,0,0,0,8.994,0,0
JPB:bin_000115,0,0,0,0,0,0,0,0,0,0,0,0,0,0,0,0,0,0,0,0,0,0,0,0,0,0,0,0,0,0,0,0,0,0,0,0,0,0,0,0,0,0
JPB:bin_000116,0,0,5.87,0,0,0,0,2.668,0,1.954,0,0,0,0,4.065,4.388,0,0,0,0,0,0,2.218,2.152,6.849,0,0,0,0,1.913,0,0,6.404,0,0,1.931,0,0,2.025,5.288,0,0
JPB:bin_000117,0,0,6.216,0,0,3.877,0,0,2.846,4.611,0,0,0,0,2.567,12.278,0,1.925,1.761,0,0,1.624,0,1.86,10.943,0,2.239,2.795,0,0,0,0,9.028,0,0,3.296,0,0,0,9.981,0,0
JPB:bin_000118,0,0,0,0,0,0,0,0,0,0,0,0,0,0,0,0,0,0,0,0,0,0,0,0,0,0,0,0,0,0,0,0,0,0,0,0,0,0,0,0,0,0
JPB:bin_000119,0,0,0,0,0,0,0,0,0,0,0,0,0,0,0,0,0,0,0,0,0,0,0,0,0,0,0,0,0,0,0,0,0,0,0,0,0,0,0,0,0,0
JPB:bin_000120,0,0,0,0,0,0,0,0,0,0,0,0,0,0,0,0,0,0,0,0,0,0,0,0,0,0,0,0,0,0,0,0,0,0,0,0,0,0,0,0,0,0
JPB:bin_000121,0,0,2.125,0,0,0,0,0,0,1.615,0,0,0,0,2.431,1.782,0,0,3.116,0,0,0,0,0,5.875,0,0,1.942,0,0,0,0,1.87,0,0,1.516,0,0,0,2.389,0,0
JPB:bin_000122,0,0,0,0,0,0,0,0,0,0,0,0,0,0,0,0,0,0,0,0,0,0,0,1.945,3.513,0,0,0,0,0,0,0,0,0,0,0,0,0,0,2.74,0,0
JPB:bin_000123,0,0,1.52,0,0,0,0,0,0,0,0,0,0,0,0,3.309,0,0,0,0,0,0,0,0,0,0,0,0,0,0,0,0,0,0,0,0,0,0,0,0,0,0
JPB:bin_000124,0,0,0,0,0,0,0,0,0,0,0,0,0,0,0,0,0,0,0,0,0,0,0,0,0,0,0,0,0,0,0,0,0,0,0,0,0,0,0,0,0,0
JPB:bin_000125,0,0,3.392,0,0,0,0,0,2.329,2.827,0,0,0,0,1.759,6.244,0,0,1.623,0,0,0,1.474,1.402,5.75,0,0,0,0,1.671,0,0,6.643,0,0,2.274,0,0,0,7.038,0,0
JPB:bin_000126,0,0,0,0,0,0,0,0,0,0,0,0,0,0,0,0,0,0,0,0,0,0,0,0,0,0,0,0,0,0,0,0,3.162,0,0,0,0,0,0,0,0,0
JPB:bin_000127,0,0,5.142,2.452,0,2.465,0,2.199,0,4.739,0,0,0,0,0,15.887,0,0,5.423,0,0,1.967,2.102,2.815,6.462,0,0,3.377,0,8.636,0,0,8.345,0,0,2.696,2.42,0,3.182,9.832,0,2.553
JPB:bin_000128,0,0,0,0,0,0,0,0,0,0,0,0,0,0,0,0,0,0,0,0,0,0,0,0,0,0,0,0,0,0,0,0,0,0,0,0,0,0,0,0,0,0
JPB:bin_000130,0,0,0,0,0,0,0,0,0,0,0,0,0,0,0,5.145,0,0,0,0,0,0,0,0,8.076,0,0,0,0,0,0,0,6.95,0,0,0,0,0,0,6.088,0,0
JPB:bin_000132,0,0,0,0,0,0,0,0,0,0,0,0,0,0,0,0,0,0,0,0,0,0,0,0,0,0,0,0,0,0,0,0,0,0,0,0,0,0,0,4.217,0,0
JPB:bin_000133,0,0,0,0,0,0,0,0,0,0,0,0,0,0,0,0,0,0,0,0,0,0,0,0,0,0,0,0,0,0,0,0,0,0,0,0,0,0,0,0,0,0
JPB:bin_000134,0,0,0,0,0,0,0,0,0,0,0,0,0,0,0,0,0,0,0,0,0,0,0,0,0,0,0,0,0,0,0,0,0,0,0,0,0,0,0,0,0,0
JPB:bin_000135,0,0,5.844,0,0,0,0,0,0,3.446,0,0,0,0,0,6.851,0,0,0,0,0,0,0,0,5.404,0,0,0,0,0,0,0,8.792,0,0,0,0,0,0,7.236,0,0
JPB:bin_000137,0,0,0,0,0,0,0,0,0,0,0,0,0,0,0,0,0,0,0,0,0,0,0,0,0,0,0,0,0,0,0,0,0,0,0,0,0,0,0,0,0,0
JPB:bin_000138,0,0,0,0,0,0,0,0,0,0,0,0,0,0,0,0,0,0,0,0,0,0,0,0,0,0,0,0,0,0,0,0,0,0,0,0,0,0,0,0,0,0
JPB:bin_000139,0,0,9.502,2.165,0,10.067,0,4.078,5.758,7.194,1.837,0,0,0,5.412,24.287,1.572,5.94,5.375,2.884,0,2.959,2.573,4.151,15.7,0,7.092,3.482,1.845,3.748,0,0,17.551,1.856,0,6.554,2.426,0,3.467,23.564,0,1.278
JPB:bin_000140,0,0,0,0,0,0,0,0,0,0,0,0,0,0,0,0,0,0,0,0,0,0,0,0,0,0,0,0,0,0,0,0,0,0,0,0,0,0,0,0,0,0
JPB:bin_000142,0,0,0,0,0,0,0,0,0,0,0,0,0,0,0,0,0,0,0,0,0,0,0,0,0,0,0,0,0,0,0,0,0,0,0,0,0,0,0,0,0,0
JPB:bin_000144,0,1.64,21.128,2.73,0,7.388,0,1.675,2.516,14.445,0,0,0,0,8.467,13.019,4.131,2.105,3.992,2.058,0,3.013,0,7.126,15.025,1.619,20.539,0,3.186,2.677,0,0,10.242,0,0,2.874,2.746,0,1.844,13.288,0,1.622
JPB:bin_000146,0,4.993,45.415,13.223,0,20.537,4.006,10.203,11.541,24.6,6.551,0,1.494,0,15.426,65.795,11.642,9.305,19.054,6.576,0,10.542,8.31,17.057,65.719,2.003,9.829,17.043,8.186,13.458,0,0,51.865,3.23,0,28.361,3.989,1.569,7.06,52.853,1.608,4.678
JPB:bin_000147,0,0,0,0,0,0,0,0,0,0,0,0,0,0,0,0,0,0,0,0,0,0,0,0,0,0,0,0,0,0,0,0,0,0,0,0,0,0,0,0,0,0
JPB:bin_000148,0,0,8.228,0,0,2.844,0,0,0,3.72,0,0,0,0,3.074,8.309,3.657,0,0,2.319,0,0,0,0,9.284,0,2.59,0,0,2.714,0,0,7.057,0,0,2.866,0,0,0,7.357,0,0
JPB:bin_000149,0,0,0,0,0,0,0,0,0,0,0,0,0,0,0,0,0,0,0,0,0,0,0,0,0,0,0,0,0,0,0,0,1.86,0,0,0,0,0,0,0,0,0
JPB:bin_000150,0,0,2.998,0,0,3.262,0,0,0,2.182,0,0,0,0,0,7.104,0,0,0,0,0,0,0,0,5.797,0,0,0,0,0,0,0,5.705,0,0,0,0,0,0,7.014,0,0
JPB:bin_000151,0,0,0,0,0,0,0,0,0,0,0,0,0,0,0,0,0,0,0,0,0,0,0,0,2.776,0,0,0,0,0,0,0,3.128,0,0,0,0,0,0,0,0,0
JPB:bin_000152,0,0,0,0,0,0,0,0,0,0,0,0,0,0,0,0,0,0,0,0,0,0,0,0,0,0,0,0,0,0,0,0,0,0,0,0,0,0,0,0,0,0
JPB:bin_000153,0,0,7.58,1.573,0,3.637,0,2.266,5.453,5.855,0,0,0,0,2.874,14.186,2.297,2.136,2.066,1.739,0,1.739,1.54,3.009,11.366,0,0,2.48,0,2.849,0,0,13.519,0,0,5.727,0,0,2.46,10.806,0,0
JPB:bin_000155,0,0,0,0,0,0,0,0,0,0,0,0,0,0,0,0,0,0,0,0,0,0,0,0,0,0,0,0,0,0,0,0,0,0,0,0,0,0,0,0,0,0
JPB:bin_000156,0,1.959,6.338,1.877,0,3.312,0,2.946,0,5.541,0,0,0,0,0,13.344,1.987,1.645,2.289,0,0,0,0,1.762,10.14,1.448,3.274,6.385,2.074,3.669,0,0,14.85,0,0,3.394,3.113,0,2.844,14.724,0,0
JPB:bin_000157,0,0,0,0,0,0,0,0,0,0,0,0,0,0,0,2.116,0,0,0,0,0,0,0,0,2.139,0,0,0,0,0,0,0,0,0,0,0,0,0,0,0,0,0
JPB:bin_000159,0,0,0,0,0,0,0,0,0,0,0,0,0,0,0,0,0,0,0,0,0,0,0,0,0,0,0,0,0,0,0,0,0,0,0,0,0,0,0,0,0,0
JPB:bin_000160,0,0,1.577,0,0,0,0,0,0,0,0,0,0,0,0,5.718,0,0,0,0,0,0,0,0,2.235,0,0,0,0,0,0,0,3.101,0,0,0,0,0,0,3.534,0,0
JPB:bin_000162,0,1.265,2.757,0,0,2.631,0,1.944,0,2.904,0,0,0,0,0,5.892,1.244,0,0,0,0,1.241,0,0,3.703,0,1.484,0,0,1.426,0,0,5.796,0,0,0,1.224,0,0,7.299,0,0
JPB:bin_000163,0,0,1.675,1.228,0,0,0,0,0,1.687,0,0,0,0,0,2.236,0,0,0,0,0,0,0,0,3.757,0,0,4.443,1.269,2.454,0,0,1.921,0,0,0,1.781,0,1.322,2.649,0,0
JPB:bin_000164,0,0,0,0,0,0,0,0,0,0,0,0,0,0,0,0,0,0,0,0,0,0,0,0,0,0,0,0,0,0,0,0,0,0,0,0,0,0,0,0,0,0
JPB:bin_000165,0,0,0,0,0,0,0,0,0,0,0,0,0,0,0,0,0,0,0,0,0,0,0,0,0,0,0,0,0,0,0,0,2.117,0,0,0,0,0,0,0,0,0
JPB:bin_000166,0,15.35,70.199,25.729,0,29.342,3.542,30.296,10.695,86.805,8.288,2.702,1.68,1.432,16.611,84.003,24.674,11.245,35.996,15.372,0,16.332,5.977,18.609,75.675,9.648,22.217,52.073,12.265,43.889,1.751,0,76.631,5.865,0,31.028,23.599,2.56,16.467,150.456,1.724,22.795
JPB:bin_000167,0,0,0,0,0,0,0,0,0,0,0,0,0,0,0,0,0,0,0,0,0,0,0,0,0,0,0,0,0,0,0,0,0,0,0,0,0,0,0,0,0,0
JPB:bin_000169,0,0,0,0,0,0,0,0,0,0,0,0,0,0,0,3.228,0,0,0,0,0,0,0,0,0,0,0,0,0,0,0,0,3.727,0,0,0,0,0,0,3.84,0,0
JPB:bin_000170,0,0,0,0,0,0,0,0,0,0,0,0,0,0,0,0,0,0,0,0,0,0,0,0,0,0,0,0,0,0,0,0,0,0,0,0,0,0,0,0,0,0
JPB:bin_000171,0,0,2.691,0,0,0,0,1.592,0,2.037,0,0,0,0,0,4.838,1.914,0,0,0,0,0,0,0,6.447,0,0,3.808,0,1.969,0,0,7.181,0,0,1.504,1.893,0,0,4.632,0,0
JPB:bin_000172,0,0,19.305,0,0,6.531,0,3.121,2.984,18.832,0,0,0,0,5.852,25.629,3.582,3.563,2.002,1.918,0,0,0,5.015,19.826,0,4.703,0,2.433,2.551,0,0,40.973,0,0,6.549,0,0,5.902,26.286,0,1.926
JPB:bin_000173,0,4.482,27.291,4.968,0,9.005,1.579,4.111,8.759,16.53,2.743,2.134,0,0,6.148,26.17,4.918,4.097,11.799,5.454,0,10.354,2.184,14.98,53.115,0,22.191,6.081,3.601,9.072,0,0,30.051,2.845,0,5.739,2.032,1.345,3.708,26.608,0,1.548
JPB:bin_000174,0,0,0,0,0,0,0,0,0,0,0,0,0,0,0,0,0,0,0,0,0,0,0,0,0,0,0,0,0,0,0,0,0,0,0,0,0,0,0,0,0,0
JPB:bin_000175,0,0,0,0,0,0,0,0,0,0,0,0,0,0,0,0,0,0,0,0,0,0,0,0,0,0,0,0,0,0,0,0,0,0,0,0,0,0,0,0,0,0
JPB:bin_000176,0,0,5.537,0,0,5.843,0,2.453,2.678,4.173,0,0,0,0,3.14,12.95,0,3.125,2.821,0,0,1.706,0,3.132,10.493,0,2.974,2.323,0,2.399,0,0,11.259,0,0,3.232,0,0,2.083,13.624,0,0
JPB:bin_000177,0,0,0,0,0,0,0,0,0,0,0,0,0,0,0,0,0,0,0,0,0,0,0,0,0,0,0,0,0,0,0,0,0,0,0,0,0,0,0,0,0,0
JPB:bin_000178,0,0,6.435,2.538,0,2.928,0,4.255,3.181,4.084,2.816,0,0,0,1.807,6.791,1.204,2.243,3.698,2.228,0,2.99,3.153,0,10.937,0,0,3.782,0,4.717,0,0,10.626,0,0,2.843,2.9,0,2.315,6.208,0,2.992
JPB:bin_000180,0,0,0,0,0,0,0,0,0,0,0,0,0,0,0,1.97,0,0,0,0,0,0,0,0,0,0,0,0,0,0,0,0,0,0,0,0,0,0,0,0,0,0
JPB:bin_000184,1.674,9.124,87.507,21.116,0,44.981,2.282,24.706,24.71,70.497,11.465,2.671,1.695,0,38.361,135.756,29.4,16.908,27.159,15.158,0,19.805,10.556,24.923,151.457,8.602,29.491,23.711,16.874,41.543,2.429,0,115.447,10.869,0,33.789,17.712,3.197,24.497,134.653,0,11.047
JPB:bin_000185,0,0,0,0,0,0,0,0,0,0,0,0,0,0,0,0,0,0,0,0,0,0,0,0,0,0,0,0,0,0,0,0,0,0,0,0,0,0,0,0,0,0
JPB:bin_000186,0,0,0,0,0,0,0,0,0,0,0,0,0,0,0,0,0,0,0,0,0,0,0,0,0,0,0,0,0,0,0,0,1.951,0,0,0,0,0,0,2.262,0,0
JPB:bin_000187,0,0,0,0,0,0,0,0,0,0,0,0,0,0,0,0,0,0,0,0,0,0,0,0,0,0,0,0,0,0,0,0,0,0,0,0,0,0,0,0,0,0
JPB:bin_000188,0,2.457,29.77,11.692,0,17.481,0,3.337,4.687,23.42,5.048,0,0,0,9.22,36.721,5.974,8.104,13.878,11.03,0,18.299,4.622,9.701,41.567,3.595,8.009,11.472,1.839,6.17,0,0,28.003,1.445,0,10.453,6.04,0,4.548,34.665,0,3.408
JPB:bin_000189,0,0,4.684,0,0,0,0,0,0,0,0,0,0,0,0,4.117,0,0,0,0,0,0,0,0,3.558,0,0,2.296,0,1.958,0,0,0,0,0,0,0,0,0,4.595,0,0
JPB:bin_000190,0,0,3.587,2.393,0,2.945,0,5.457,1.895,1.888,0,0,0,0,1.783,9.837,0,0,2.376,0,0,1.479,0,1.525,12.88,0,0,0,0,3.463,0,0,6.487,0,0,1.503,1.267,0,0,8.278,0,0
JPB:bin_000192,0,0,0,0,0,0,0,0,0,0,0,0,0,0,0,0,0,0,0,0,0,0,0,0,0,0,0,0,0,0,0,0,0,0,0,0,0,0,0,0,0,0
JPB:bin_000193,0,0,0,0,0,0,0,0,0,3.127,0,0,0,0,0,0,0,0,0,0,0,0,0,0,5.065,0,0,0,0,0,0,0,0,0,0,0,0,0,0,0,0,0
JPB:bin_000194,0,0,0,0,0,0,0,0,0,0,0,0,0,0,0,0,0,0,0,0,0,0,0,0,0,0,0,0,0,0,0,0,0,0,0,0,0,0,0,0,0,0
JPB:bin_000195,0,0,2.328,0,0,0,0,0,0,3.576,0,0,0,0,0,7.015,0,0,0,0,0,0,0,1.528,2.733,0,0,0,0,1.759,0,0,4.494,0,0,0,0,0,0,2.842,0,0
JPB:bin_000196,0,0,0,0,0,0,0,0,0,0,0,0,0,0,0,0,0,0,0,0,0,0,0,0,0,0,0,0,0,0,0,0,0,0,0,0,0,0,0,0,0,0
JPB:bin_000197,0,0,3.016,0,0,0,0,0,0,1.37,0,0,0,0,0,2.527,0,0,0,0,0,0,0,0,5.077,0,0,0,0,0,0,0,4.293,0,0,0,0,0,0,2.194,0,0
JPB:bin_000198,5.855,45.31,273.451,79.733,1.278,178.809,6.165,128.738,53.094,174.658,67.763,7.986,9.321,2.958,131.632,439.645,76.959,75.785,119.689,71.13,3.731,100.526,24.871,79.211,415.419,23.605,114.53,177.558,43.308,136.842,5.681,0,398.086,39.52,0,171.441,68.07,7.357,97.193,436.355,6.659,41.444
JPB:bin_000199,0,0,6.032,0,0,0,0,0,0,0,0,0,0,0,0,7.837,0,0,0,0,0,0,0,0,9.958,0,0,0,0,2.536,0,0,6.841,0,0,0,0,0,0,7.203,0,0
JPB:bin_000200,0,0,0,0,0,0,0,0,0,0,0,0,0,0,0,0,0,0,0,0,0,0,0,0,0,0,0,0,0,0,0,0,0,0,0,0,0,0,0,0,0,0
JPB:bin_000201,0,0,0,0,0,0,0,0,0,0,0,0,0,0,0,0,0,0,0,0,0,0,0,0,0,0,0,0,0,0,0,0,0,0,0,0,0,0,0,0,0,0
JPB:bin_000202,0,0,0,0,0,0,0,0,0,0,0,0,0,0,0,0,0,0,0,5.008,0,0,0,0,0,0,0,0,0,0,0,0,0,0,0,0,0,0,0,0,0,0
JPB:bin_000203,0,0,8.947,3.183,0,4.726,0,2.515,3.168,7.387,0,0,0,0,4.388,19.079,3.486,2.303,4.402,1.877,0,4.086,0,2.365,11.098,0,0,4.754,1.81,6.789,0,0,17.404,0,0,5.342,2.334,0,1.881,19.454,0,0
JPB:bin_000204,0,3.752,48.808,6.924,0,21.574,0,6.841,15.333,28.303,5.645,0,0,0,15.252,61.213,12.09,9.524,10.448,9.293,0,6.929,6.318,12.458,50.259,4.296,13.18,13.896,6.186,11.744,0,0,69.052,3.354,0,18.337,7.26,0,7.15,67.794,0,6.449
JPB:bin_000205,0,0,0,0,0,0,0,0,0,0,0,0,0,0,0,0,0,0,0,0,0,0,0,0,0,0,0,0,0,0,0,0,0,0,0,0,0,0,0,0,0,0
JPB:bin_000206,0,2.349,13.666,4.054,0,9.817,0,4.692,2.001,5.465,2.728,0,0,0,3.145,20.041,3.481,0,4.465,3.368,0,9.19,0,4.389,23.757,0,3.047,8.771,1.293,4.328,0,0,11.477,0,0,5.705,1.385,0,2.242,12.282,0,0
JPB:bin_000207,0,0,5.917,0,0,0,0,0,0,11.766,0,0,0,0,0,4.935,0,0,0,0,0,0,0,0,8.673,0,0,0,0,0,0,0,6.981,0,0,2.524,0,0,0,11.05,0,0
JPB:bin_000208,0,0,2.37,1.613,0,0,0,0,0,0,0,0,0,0,0,0,1.416,0,0,0,0,0,0,0,4.405,0,0,3.677,0,1.719,0,0,3.376,0,0,0,0,0,0,0,0,0
JPB:bin_000209,0,0,3.537,0,0,2.781,0,0,1.943,3.015,0,0,0,0,0,10.457,0,2.051,0,0,0,0,0,2.285,9.453,0,0,0,0,1.839,0,0,10.622,0,0,2.076,0,0,0,10.836,0,0
JPB:bin_000210,0,0,1.325,0,0,0,0,0,0,0,0,0,0,0,0,0,0,0,0,0,0,0,0,0,2.121,0,0,0,0,0,0,0,0,0,0,0,0,0,0,0,0,0
JPB:bin_000211,0,5.801,12.427,3.734,0,11.375,0,4.208,2.691,23.296,0,0,0,0,9.565,19.555,5.508,0,7.697,15.712,0,3.477,3.184,8.71,21.48,0,0,7.945,2.669,4.929,0,0,15.333,0,0,4.978,0,0,0,19.729,0,2.341
JPB:bin_000212,0,0,0,0,0,0,0,0,0,0,0,0,0,0,0,0,0,0,0,0,0,0,0,0,0,0,0,0,0,0,0,0,0,0,0,0,0,0,0,0,0,0
JPB:bin_000213,0,0,11.46,2.588,0,6.026,0,2.64,0,12.616,0,0,0,0,3.909,22.57,4.269,3.007,2.929,0,0,0,0,3.915,20.922,0,4.383,2.731,2.455,8.042,0,0,31.101,0,0,5.832,3.436,0,3.208,23.022,0,1.917
JPB:bin_000214,0,0,0,0,0,0,0,0,0,0,0,0,0,0,0,0,0,0,0,0,0,0,0,0,0,0,0,0,0,0,0,0,0,0,0,0,0,0,0,0,0,0
JPB:bin_000215,0,0,2.734,0,0,0,0,0,0,2.541,0,0,0,0,0,1.603,0,0,0,0,0,0,0,0,2.426,0,0,0,0,0,0,0,0,0,0,0,0,0,0,1.901,0,0
JPB:bin_000217,0,0,0,0,0,0,0,0,0,0,0,0,0,0,0,0,0,0,0,0,0,0,0,0,0,0,0,0,0,0,0,0,0,0,0,0,0,0,0,0,0,0
JPB:bin_000218,0,0,0,0,0,0,0,0,0,0,0,0,0,0,0,0,0,0,0,0,0,0,0,0,2.432,0,0,1.679,0,2.004,0,0,0,0,0,0,0,0,0,0,0,0
JPB:bin_000219,0,2.363,24.203,7.541,0,10.05,0,2.18,2.844,9.733,1.523,0,0,0,8.89,17.309,4.77,5.101,9.554,2.754,0,4.907,2.493,4.667,22.591,4.636,3.256,5.212,3.1,4.27,0,0,19.397,0,0,10.531,2.573,0,4.598,26.516,0,0
JPB:bin_000220,0,0,0,0,0,0,0,0,0,0,0,0,0,0,0,0,0,0,0,0,0,0,0,0,0,0,0,0,0,0,0,0,0,0,0,0,0,0,0,0,0,0
JPB:bin_000221,0,1.614,5.317,1.584,0,2.622,0,2.358,1.54,4.125,0,0,0,0,2.62,8.933,0,0,3.462,0,0,1.534,0,3.065,6.352,0,0,1.985,2.27,2.49,0,0,7.682,0,0,0,0,0,0,5.371,0,0
JPB:bin_000222,0,0,0,0,0,0,0,0,0,0,0,0,0,0,0,0,0,0,0,0,0,0,0,0,0,0,0,0,0,0,0,0,0,0,0,0,0,0,0,0,0,0
JPB:bin_000223,0,0,0,0,0,0,0,0,0,0,0,0,0,0,0,0,0,0,0,0,0,0,0,0,0,0,0,0,0,0,0,0,0,0,0,0,0,0,0,0,0,0
JPB:bin_000224,0,0,0,0,0,0,0,0,0,0,0,0,0,0,0,0,0,0,0,0,0,0,0,0,0,0,0,0,0,0,0,0,0,0,0,0,0,0,0,0,0,0
JPB:bin_000225,0,0,0,0,0,0,0,0,0,0,0,0,0,0,0,0,0,0,0,0,0,0,0,0,0,0,0,0,0,0,0,0,0,0,0,0,0,0,0,0,0,0
JPB:bin_000226,0,0,0,0,0,0,0,0,0,0,0,0,0,0,0,0,0,0,0,0,0,0,0,0,0,0,0,0,0,0,0,0,0,0,0,0,0,0,0,0,0,0
JPB:bin_000227,0,0,0,0,0,0,0,0,0,0,0,0,0,0,0,0,0,0,0,0,0,0,0,0,0,0,0,0,0,0,0,0,0,0,0,0,0,0,0,0,0,0
JPB:bin_000228,0,0,0,0,0,0,0,0,0,0,0,0,0,0,0,0,0,0,0,0,0,0,0,0,0,0,0,0,0,0,0,0,0,0,0,0,0,0,0,0,0,0
JPB:bin_000229,0,0,0,0,0,0,0,0,0,0,0,0,0,0,0,0,0,0,0,0,0,0,0,0,0,0,0,0,0,0,0,0,0,0,0,0,0,0,0,0,0,0
JPB:bin_000230,0,0,0,0,0,0,0,0,0,0,0,0,0,0,0,0,0,0,0,0,0,0,0,0,0,0,0,0,0,0,0,0,0,0,0,0,0,0,0,0,0,0
JPB:bin_000231,0,0,0,0,0,0,0,0,0,0,0,0,0,0,0,0,0,0,0,0,0,0,0,0,0,0,0,0,0,0,0,0,0,0,0,0,0,0,0,0,0,0
JPB:bin_000232,0,0,0,0,0,0,0,0,0,0,0,0,0,0,0,0,0,0,0,0,0,0,0,0,0,0,0,0,0,0,0,0,0,0,0,0,0,0,0,0,0,0
JPB:bin_000233,0,0,0,0,0,0,0,0,0,0,0,0,0,0,0,0,0,0,0,0,0,0,0,0,0,0,0,0,0,0,0,0,0,0,0,0,0,0,0,0,0,0
JPB:bin_000234,0,0,0,0,0,0,0,0,0,0,0,0,0,0,0,0,0,0,0,0,0,0,0,0,0,0,0,0,0,0,0,0,0,0,0,0,0,0,0,0,0,0
JPB:bin_000236,0,0,0,0,0,0,0,0,0,0,0,0,0,0,0,0,0,0,0,0,0,0,0,0,0,0,0,0,0,0,0,0,0,0,0,0,0,0,0,0,0,0
JPB:bin_000237,0,0,0,0,0,0,0,0,0,0,0,0,0,0,0,0,0,0,0,0,0,0,0,0,0,0,0,0,0,0,0,0,0,0,0,0,0,0,0,0,0,0
JPB:bin_000238,0,0,0,0,0,0,0,0,0,0,0,0,0,0,0,0,0,0,0,0,0,0,0,0,0,0,0,0,0,0,0,0,0,0,0,0,0,0,0,0,0,0
JPB:bin_000239,0,0,0,0,0,0,0,0,0,0,0,0,0,0,0,0,0,0,0,0,0,0,0,0,10.544,0,0,0,0,0,0,0,0,0,0,0,0,0,0,4.903,0,0
JPB:bin_000240,0,0,0,0,0,0,0,0,0,0,0,0,0,0,0,0,0,0,0,0,0,0,0,0,0,0,0,0,0,0,0,0,0,0,0,0,0,0,0,0,0,0
JPB:bin_000241,0,0,0,0,0,0,0,0,0,0,0,0,0,0,0,0,0,0,0,0,0,0,0,0,0,0,0,0,0,0,0,0,0,0,0,0,0,0,0,0,0,0
JPB:bin_000242,0,0,0,0,0,1.737,0,0,0,0,0,0,0,0,0,1.372,0,0,0,0,0,0,0,0,0,0,0,1.248,0,0,0,0,1.57,0,0,0,0,0,0,1.364,0,0
JPB:bin_000243,0,0,0,0,0,0,0,0,0,0,0,0,0,0,0,0,0,0,0,0,0,0,0,0,0,0,0,0,0,0,0,0,0,0,0,0,0,0,0,0,0,0
JPB:bin_000244,0,0,0,0,0,0,0,0,0,0,0,0,0,0,0,0,0,0,0,0,0,0,0,0,0,0,0,0,0,0,0,0,0,0,0,0,0,0,0,0,0,0
JPB:bin_000245,0,0,0,0,0,0,0,0,0,0,0,0,0,0,0,0,0,0,0,0,0,0,0,0,0,0,0,0,0,0,0,0,0,0,0,0,0,0,0,0,0,0
JPB:bin_000246,0,0,0,0,0,0,0,0,0,0,0,0,0,0,0,0,0,0,0,0,0,0,0,0,0,0,0,0,0,0,0,0,0,0,0,0,0,0,0,0,0,0
JPB:bin_000247,0,0,0,0,0,0,0,0,0,0,0,0,0,0,0,0,0,0,0,0,0,0,0,0,0,0,0,0,0,0,0,0,0,0,0,0,0,0,0,0,0,0
JPB:bin_000248,0,0,0,0,0,0,0,0,0,0,0,0,0,0,0,0,0,0,0,0,0,0,0,0,0,0,0,0,0,0,0,0,0,0,0,0,0,0,0,0,0,0
JPB:bin_000249,0,0,0,0,0,0,0,0,0,0,0,0,0,0,0,0,0,0,0,0,0,0,0,0,0,0,0,0,0,0,0,0,0,0,0,0,0,0,0,0,0,0
JPB:bin_000250,0,0,0,0,0,0,0,0,0,0,0,0,0,0,0,0,0,0,0,0,0,0,0,0,0,0,0,0,0,0,0,0,0,0,0,0,0,0,0,0,0,0
JPB:bin_000251,0,0,0,0,0,0,0,0,0,0,0,0,0,0,0,0,0,0,0,0,0,0,0,0,0,0,0,0,0,0,0,0,0,0,0,0,0,0,0,0,0,0
JPB:bin_000252,0,0,0,0,0,0,0,0,0,0,0,0,0,0,0,0,0,0,0,0,0,0,0,0,0,0,0,0,0,0,0,0,0,0,0,0,0,0,0,0,0,0
JPB:bin_000253,0,0,0,0,0,0,0,0,0,0,0,0,0,0,0,0,0,0,0,0,0,0,0,0,0,0,0,0,0,0,0,0,0,0,0,0,0,0,0,0,0,0
JPB:bin_000254,0,0,0,0,0,0,0,0,0,0,0,0,0,0,0,0,0,0,0,0,0,0,0,0,0,0,0,0,0,0,0,0,0,0,0,0,0,0,0,0,0,0
JPB:bin_000255,0,0,0,0,0,0,0,0,0,0,0,0,0,0,0,0,0,0,0,0,0,0,0,0,0,0,0,0,0,0,0,0,0,0,0,0,0,0,0,0,0,0
JPB:bin_000256,0,0,0,0,0,0,0,0,0,0,0,0,0,0,0,0,0,0,0,0,0,0,0,0,0,0,0,0,0,0,0,0,1.627,0,0,0,0,0,0,1.875,0,0
JPB:bin_000257,0,0,0,0,0,0,0,0,0,0,0,0,0,0,0,0,0,0,0,0,0,0,0,0,0,0,0,0,0,0,0,0,0,0,0,0,0,0,0,0,0,0
JPB:bin_000258,0,0,0,0,0,0,0,0,0,0,0,0,0,0,0,0,0,0,0,0,0,0,0,0,0,0,0,0,0,0,0,0,0,0,0,0,0,0,0,0,0,0
JPB:bin_000259,0,0,0,0,0,0,0,0,0,0,0,0,0,0,0,0,0,0,0,0,0,0,0,0,0,0,0,0,0,0,0,0,0,0,0,0,0,0,0,0,0,0
JPB:bin_000260,0,0,0,0,0,0,0,0,0,0,0,0,0,0,0,0,0,0,0,0,0,0,0,0,0,0,0,0,0,0,0,0,0,0,0,0,0,0,0,0,0,0
JPB:bin_000262,0,0,0,0,0,0,0,0,0,0,0,0,0,0,0,0,0,0,0,0,0,0,0,0,0,0,0,0,0,0,0,0,0,0,0,0,0,0,0,1.723,0,0
JPB:bin_000263,0,0,0,0,0,0,0,0,0,0,0,0,0,0,0,0,0,0,0,0,0,0,0,0,0,0,0,0,0,0,0,0,0,0,0,0,0,0,0,0,0,0
JPB:bin_000264,0,0,0,0,0,0,0,0,0,0,0,0,0,0,0,0,0,0,0,0,0,0,0,0,0,0,0,0,0,0,0,0,0,0,0,0,0,0,0,0,0,0
JPB:bin_000265,0,0,0,0,0,0,0,0,0,0,0,0,0,0,0,0,0,0,0,0,0,0,0,0,0,0,0,0,0,0,0,0,0,0,0,0,0,0,0,0,0,0
JPB:bin_000266,0,0,0,0,0,0,0,0,0,0,0,0,0,0,0,0,0,0,0,0,0,0,0,0,0,0,0,0,0,0,0,0,0,0,0,0,0,0,0,0,0,0
JPB:bin_000267,0,0,0,0,0,0,0,0,0,0,0,0,0,0,0,0,0,0,0,0,0,0,0,0,0,0,0,0,0,0,0,0,0,0,0,0,0,0,0,0,0,0
JPB:bin_000268,0,0,0,0,0,0,0,0,0,0,0,0,0,0,0,0,0,0,0,0,0,0,0,0,0,0,0,0,0,0,0,0,1.384,0,0,0,0,0,0,0,0,0
JPB:bin_000269,0,0,0,0,0,0,0,0,0,0,0,0,0,0,0,0,0,0,0,0,0,0,0,0,0,0,0,0,0,0,0,0,0,0,0,0,0,0,0,0,0,0
JPB:bin_000270,0,0,0,0,0,0,0,0,0,0,0,0,0,0,0,0,0,0,0,0,0,0,0,0,0,0,0,0,0,0,0,0,0,0,0,0,0,0,0,0,0,0
JPB:bin_000271,0,0,0,0,0,0,0,0,0,0,0,0,0,0,0,0,0,0,0,0,0,0,0,0,0,0,0,0,0,0,0,0,0,0,0,0,0,0,0,0,0,0
JPB:bin_000272,0,0,3.68,1.322,0,0,0,0,0,1.373,0,0,0,0,2.12,3.183,0,1.332,1.493,0,0,0,0,1.347,1.961,0,0,2.137,0,1.692,0,0,4.61,0,0,1.486,1.739,0,0,4.162,0,0
JPB:bin_000273,0,0,0,0,0,0,0,0,0,0,0,0,0,0,0,0,0,0,0,0,0,0,0,0,0,0,0,0,0,0,0,0,0,0,0,0,0,0,0,0,0,0
JPB:bin_000274,0,0,0,0,0,0,0,0,0,0,0,0,0,0,0,0,0,0,0,0,0,0,0,0,0,0,0,0,0,0,0,0,0,0,0,0,0,0,0,0,0,0
JPB:bin_000275,0,0,0,0,0,0,0,0,0,0,0,0,0,0,0,0,0,0,0,0,0,0,0,0,0,0,0,0,0,0,0,0,0,0,0,0,0,0,0,0,0,0
JPB:bin_000276,0,0,0,0,0,0,0,0,0,0,0,0,0,0,0,0,0,0,0,0,0,0,0,0,0,0,0,0,0,0,0,0,0,0,0,0,0,0,0,0,0,0
JPB:bin_000277,0,0,0,0,0,0,0,0,0,0,0,0,0,0,0,0,0,0,0,0,0,0,0,0,0,0,0,0,0,0,0,0,0,0,0,0,0,0,0,0,0,0
JPB:bin_000278,0,0,0,0,0,0,0,0,0,0,0,0,0,0,0,0,0,0,0,0,0,0,0,0,0,0,0,0,0,0,0,0,0,0,0,0,0,0,0,0,0,0
JPB:bin_000279,0,0,0,0,0,0,0,0,0,0,0,0,0,0,0,1.508,0,0,0,0,0,0,0,1.436,3.01,0,0,0,0,0,0,0,4.097,0,0,0,0,0,0,2.609,0,0
JPB:bin_000280,0,0,0,0,0,0,0,0,0,0,0,0,0,0,0,0,0,0,0,0,0,0,0,0,0,0,0,0,0,0,0,0,0,0,0,0,0,0,0,0,0,0
JPB:bin_000281,0,0,3.416,0,0,0,0,0,0,1.396,0,0,0,0,0,2.025,0,0,0,0,0,0,0,0,0,0,0,0,0,0,0,0,3.579,0,0,0,0,0,0,4.26,0,0
JPB:bin_000282,0,0,0,0,0,0,0,0,0,0,0,0,0,0,0,0,0,0,0,0,0,0,0,0,0,0,0,0,0,0,0,0,5.108,0,0,0,0,0,0,4.086,0,0
JPB:bin_000283,0,0,1.764,0,0,0,0,0,0,1.351,0,0,0,0,0,0,0,0,0,0,0,0,0,0,0,0,0,0,0,0,0,0,3.422,0,0,0,0,0,0,2.472,0,0
JPB:bin_000285,0,0,2.15,0,0,2.796,0,0,0,0,0,0,0,0,0,2.572,0,0,0,0,0,0,0,0,1.774,0,0,0,0,0,0,0,5.483,0,0,0,0,0,0,4.342,0,0
JPB:bin_000286,0,0,3.032,0,0,2.219,0,0,0,3.168,0,0,0,0,0,5.855,0,0,0,0,0,0,0,0,1.925,0,2.279,0,0,0,0,0,4.115,0,0,1.893,0,0,0,4.279,0,0
JPB:bin_000287,0,0,0,0,0,0,0,0,0,0,0,0,0,0,0,0,0,0,0,0,0,0,0,0,0,0,0,0,0,0,0,0,0,0,0,0,0,0,0,0,0,0
JPB:bin_000288,0,0,0,0,0,0,0,0,0,0,0,0,0,0,0,0,0,0,0,0,0,0,0,0,0,0,0,0,0,0,0,0,0,0,0,0,0,0,0,0,0,0
JPB:bin_000289,0,0,0,0,0,0,0,0,0,0,0,0,0,0,0,0,0,0,0,0,0,0,0,0,0,0,0,0,0,0,0,0,0,0,0,0,0,0,0,0,0,0
JPB:bin_000290,0,0,0,0,0,0,0,0,0,0,0,0,0,0,0,0,0,0,0,0,0,0,0,0,0,0,0,0,0,0,0,0,0,0,0,0,0,0,0,0,0,0
JPB:bin_000291,0,0,0,0,0,0,0,0,0,0,0,0,0,0,0,0,0,0,0,0,0,0,0,0,0,0,0,0,0,0,0,0,0,0,0,0,0,0,0,0,0,0
JPB:bin_000292,0,0,0,0,0,0,0,0,0,0,0,0,0,0,0,0,0,0,0,0,0,0,0,0,0,0,0,0,0,0,0,0,0,0,0,0,0,0,0,0,0,0
JPB:bin_000294,0,0,0,0,0,0,0,0,0,0,0,0,0,0,0,0,0,0,0,0,0,0,0,0,0,0,0,0,0,0,0,0,0,0,0,0,0,0,0,0,0,0
JPB:bin_000295,0,0,0,0,0,0,0,0,0,0,0,0,0,0,0,0,0,0,0,0,0,0,0,0,0,0,0,0,0,0,0,0,0,0,0,0,0,0,0,0,0,0
JPB:bin_000296,0,0,0,0,0,0,0,0,0,0,0,0,0,0,0,0,0,2.102,0,0,0,0,0,0,0,0,0,0,0,0,0,0,0,0,0,0,0,0,0,2.525,0,0
JPB:bin_000297,0,0,0,0,0,0,0,0,0,0,0,0,0,0,0,0,0,0,0,0,0,0,0,0,0,0,0,0,0,0,0,0,0,0,0,0,0,0,0,0,0,0
JPB:bin_000298,0,0,0,0,0,0,0,0,0,0,0,0,0,0,0,0,0,0,0,0,0,0,0,0,0,0,0,0,0,0,0,0,0,0,0,0,0,0,0,0,0,0
JPB:bin_000300,0,0,0,0,0,0,0,0,0,1.295,0,0,0,0,0,0,0,0,0,0,0,0,0,0,0,0,0,0,0,0,0,0,0,0,0,0,0,0,0,0,0,0
JPB:bin_000301,0,2.367,6.703,0,0,3.758,0,0,0,5.421,0,0,0,0,0,11.529,2.857,0,0,0,0,0,0,0,8.571,0,3.043,4.412,0,3.576,0,0,16.814,0,0,3.054,0,0,0,11.046,0,0
JPB:bin_000302,0,0,0,0,0,0,0,0,0,0,0,0,0,0,0,0,0,0,0,0,0,0,0,0,0,0,0,0,0,0,0,0,0,0,0,0,0,0,0,0,0,0
JPB:bin_000303,0,0,0,0,0,0,0,0,0,0,0,0,0,0,0,0,0,0,0,0,0,0,0,0,0,0,0,0,0,0,0,0,1.61,0,0,0,0,0,0,0,0,0
JPB:bin_000304,0,0,8.801,1.496,0,3.674,0,1.656,0,3.593,0,0,0,0,0,7.067,2.145,0,3.113,0,0,1.579,0,1.871,7.192,0,1.914,2.498,0,1.906,0,0,8.201,0,0,4.449,0,0,1.69,9.633,0,0
JPB:bin_000306,0,0,0,0,0,0,0,0,0,0,0,0,0,0,0,0,0,0,0,0,0,0,0,0,0,0,0,0,0,0,0,0,0,0,0,0,0,0,0,0,0,0
JPB:bin_000307,0,0,0,0,0,0,0,0,0,0,0,0,0,0,0,0,0,0,0,0,0,0,0,0,0,0,0,0,0,0,0,0,0,0,0,0,0,0,0,0,0,0
JPB:bin_000309,0,0,2.802,0,0,1.43,0,0,0,0,0,0,0,0,0,3.35,0,1.561,0,0,0,1.525,0,0,3.852,0,0,0,0,0,0,0,3.805,0,0,0,0,0,0,0,0,0
JPB:bin_000310,0,0,0,0,0,0,0,0,2.013,0,0,0,0,0,0,0,0,0,0,0,0,0,0,0,0,0,0,0,0,0,0,0,4.206,0,0,0,0,0,0,0,0,0
JPB:bin_000311,0,0,0,0,0,0,0,0,0,0,0,0,0,0,0,0,0,0,0,0,0,0,0,0,0,0,0,4.12,0,0,0,0,0,0,0,0,0,0,0,0,0,0
JPB:bin_000312,0,0,0,0,0,0,0,0,0,0,0,0,0,0,0,0,0,0,0,0,0,0,0,0,0,0,0,0,0,0,0,0,0,0,0,0,0,0,0,0,0,0
JPB:bin_000314,0,0,0,0,0,0,0,0,0,1.702,0,0,0,0,0,2.503,0,0,0,0,0,0,0,0,0,0,0,0,0,0,0,0,0,0,0,0,0,0,0,0,0,0
JPB:bin_000315,0,0,0,0,0,0,0,0,0,0,0,0,0,0,0,2.35,0,0,0,0,0,0,0,0,0,0,0,0,0,0,0,0,0,0,0,0,0,0,0,0,0,0
JPB:bin_000316,0,1.745,16.452,4.971,0,9.506,0,4.212,5.153,13.929,1.827,0,0,0,7.425,32.852,6.248,3.476,5.338,3.103,0,3.81,2.323,6.049,26.067,0,6.057,5.954,2.705,10.813,0,0,39.347,1.615,0,7.059,3.926,0,4.88,32.32,0,2.752
JPB:bin_000317,0,0,2.41,0,0,0,0,0,0,0,0,0,0,0,0,1.622,0,0,0,0,0,0,0,0,2.433,0,0,0,0,0,0,0,3.537,0,0,0,0,0,0,2.077,0,0
JPB:bin_000319,0,0,0,0,0,0,0,0,0,0,0,0,0,0,0,0,0,0,0,0,0,0,0,0,0,0,0,6.295,0,0,0,0,0,0,0,0,0,0,0,0,0,0
JPB:bin_000320,0,0,0,0,0,0,0,0,0,0,0,0,0,0,0,0,0,0,0,0,0,0,0,0,0,0,0,0,0,0,0,0,0,0,0,0,0,0,0,0,0,0
JPB:bin_000321,0,1.23,3.106,0,0,0,0,1.445,0,1.676,0,0,0,0,0,3.426,0,0,0,0,0,0,0,0,3.112,0,0,0,0,0,0,0,3.965,0,0,0,0,0,0,4.894,0,0
JPB:bin_000322,0,0,0,0,0,0,0,0,0,0,0,0,0,0,0,0,0,0,0,0,0,0,0,0,0,0,0,0,0,0,0,0,0,0,0,0,0,0,0,0,0,0
JPB:bin_000323,0,0,0,0,0,0,0,0,0,0,0,0,0,0,0,0,0,0,0,0,0,0,0,0,0,0,0,0,0,0,0,0,0,0,0,0,0,0,0,0,0,0
JPB:bin_000324,0,0,0,0,0,0,0,0,0,0,0,0,0,0,0,0,0,0,0,0,0,0,0,0,0,0,0,0,0,0,0,0,0,0,0,0,0,0,0,0,0,0
JPB:bin_000325,0,0,0,0,0,0,0,0,0,0,0,0,0,0,0,0,0,0,0,0,0,0,0,0,0,0,0,0,0,0,0,0,0,0,0,0,0,0,0,0,0,0
JPB:bin_000328,0,0,0,0,0,0,0,0,0,0,0,0,0,0,0,0,0,0,0,0,0,0,0,0,0,0,0,0,0,0,0,0,0,0,0,0,0,0,0,0,0,0
JPB:bin_000330,0,0,0,0,0,0,0,0,0,0,0,0,0,0,0,0,0,0,0,0,0,0,0,0,0,0,0,0,0,0,0,0,0,0,0,0,0,0,0,0,0,0
JPB:bin_000334,0,0,0,0,0,0,0,0,0,0,0,0,0,0,0,0,0,0,0,0,0,0,0,0,0,0,0,0,0,0,0,0,0,0,0,0,0,0,0,0,0,0
JPB:bin_000337,0,0,0,0,0,0,0,0,0,0,0,0,0,0,0,0,0,0,0,0,0,0,0,0,0,0,0,0,0,0,0,0,0,0,0,0,0,0,0,0,0,0
JPB:bin_000339,0,0,0,0,0,0,0,0,0,0,0,0,0,0,0,0,0,0,0,0,0,0,0,0,0,0,0,0,0,0,0,0,0,0,0,0,0,0,0,0,0,0
JPB:bin_000340,0,0,5,0,0,2.464,0,0,0,2.955,0,0,0,0,0,6.365,0,1.595,0,0,0,0,0,0,6.38,0,0,1.782,0,0,0,0,5.82,0,0,3.019,0,0,0,7.59,0,0
JPB:bin_000341,0,0,0,0,0,0,0,0,0,0,0,0,0,0,0,0,0,0,0,0,0,0,0,0,0,0,0,0,0,0,0,0,0,0,0,0,0,0,0,0,0,0
JPB:bin_000342,0,0,0,0,0,0,0,0,0,0,0,0,0,0,0,0,0,0,0,0,0,0,0,0,0,0,0,0,0,0,0,0,0,0,0,0,0,0,0,0,0,0
JPB:bin_000343,0,0,0,0,0,0,0,0,0,0,0,0,0,0,0,0,0,0,0,0,0,0,0,0,0,0,0,0,0,0,0,0,0,0,0,0,0,0,0,0,0,0
JPB:bin_000344,0,0,1.64,0,0,0,0,0,0,0,0,0,0,0,0,0,0,0,0,0,0,0,0,0,5.095,0,0,0,0,0,0,0,0,0,0,0,0,0,0,0,0,0
JPB:bin_000345,0,0,6.182,0,0,4.972,0,2.841,1.508,5.841,2.164,0,0,0,4.153,13.718,1.716,0,2.768,2.332,0,3.967,0,1.866,8.937,0,3.365,4.413,0,4.17,0,0,7.631,0,0,4.065,0,0,1.804,8.963,0,0
JPB:bin_000346,0,0,0,0,0,0,0,0,0,0,0,0,0,0,0,0,0,0,0,0,0,0,0,0,0,0,0,0,0,0,0,0,0,0,0,0,0,0,0,0,0,0
JPB:bin_000347,0,0,0,0,0,0,0,0,0,0,0,0,0,0,0,0,0,0,0,0,0,0,0,0,0,0,0,0,0,0,0,0,0,0,0,0,0,0,0,0,0,0
JPB:bin_000348,0,0,0,0,0,0,0,0,0,0,0,0,0,0,0,0,0,0,0,0,0,0,0,0,0,0,0,0,0,0,0,0,0,0,0,0,0,0,0,0,0,0
JPB:bin_000349,0,1.489,11.554,0,0,6.733,0,0,5.404,8.712,0,0,0,0,4.397,22.35,0,3.626,3.037,1.446,0,2.764,2.37,3.358,19.089,0,4.079,4.954,1.564,1.523,0,0,17.553,0,0,6.132,0,0,0,18.517,0,0
JPB:bin_000350,0,0,0,0,0,0,0,0,0,0,0,0,0,0,0,0,0,0,0,0,0,0,0,0,0,0,0,0,0,0,0,0,0,0,0,0,0,0,0,0,0,0
JPB:bin_000352,0,0,7.547,2.338,0,2.678,0,0,0,3.415,1.821,0,0,0,2.825,7.075,0,0,2.618,2.111,0,1.831,1.345,3.574,8.8,0,0,1.83,0,2.101,0,0,9.704,0,0,2.791,1.699,0,1.669,8.473,0,0
JPB:bin_000353,0,0,0,0,0,0,0,0,0,0,0,0,0,0,0,0,0,0,0,0,0,0,0,0,0,0,0,0,0,0,0,0,0,0,0,0,0,0,0,0,0,0
JPB:bin_000354,0,0,0,0,0,0,0,0,0,1.149,0,0,0,0,0,0,0,0,0,0,0,0,0,0,1.98,0,0,0,0,0,0,0,2.471,0,0,0,0,0,0,2.438,0,0
JPB:bin_000356,0,0,11.613,1.31,0,2.578,0,0,0,0,0,0,0,0,1.574,6.215,1.777,0,2.076,0,0,1.849,0,1.42,6.76,0,0,0,0,0,0,0,3.405,0,0,1.905,1.614,0,0,6.956,0,0
JPB:bin_000357,0,0,0,0,0,0,0,0,0,0,0,0,0,0,0,0,0,0,0,0,0,0,0,0,0,0,0,0,0,0,0,0,0,0,0,0,0,0,0,0,0,0
JPB:bin_000358,0,0,0,0,0,0,0,0,0,0,0,0,0,0,0,0,0,0,0,0,0,0,0,0,0,0,0,0,0,0,0,0,0,0,0,0,0,0,0,0,0,0
JPB:bin_000359,0,0,0,0,0,0,0,0,0,0,0,0,0,0,0,0,0,0,0,0,0,0,0,0,0,0,0,0,0,0,0,0,0,0,0,0,0,0,0,0,0,0
JPB:bin_000362,0,0,0,0,0,0,0,0,0,0,0,0,0,0,0,0,0,0,0,0,0,0,0,2.077,0,0,0,0,0,0,0,0,0,0,0,0,0,0,0,0,0,0
JPB:bin_000364,0,0,1.934,0,0,1.745,0,1.771,6.799,2.733,0,0,0,0,0,8.591,0,0,1.549,0,0,1.463,1.995,3.133,8.777,0,0,0,0,2.139,0,0,3.702,0,0,1.986,0,0,0,7.157,0,0
JPB:bin_000366,0,0,0,0,0,0,0,0,0,0,0,0,0,0,0,0,0,0,0,0,0,0,0,0,0,0,0,0,0,0,0,0,0,0,0,0,0,0,0,0,0,0
JPB:bin_000367,0,0,0,0,0,0,0,0,0,1.956,0,0,0,0,0,3.482,0,0,0,0,0,1.191,0,0,3.598,0,0,0,0,0,0,0,2.727,0,0,0,0,0,0,3.466,0,0
JPB:bin_000368,0,0,0,0,0,0,0,0,0,0,0,0,0,0,0,0,0,0,0,0,0,0,0,0,0,0,0,0,0,0,0,0,0,0,0,0,0,0,0,0,0,0
JPB:bin_000369,0,0,0,0,0,0,0,0,0,0,0,0,0,0,0,0,0,0,0,0,0,0,0,0,0,0,0,0,0,0,0,0,0,0,0,0,0,0,0,0,0,0
JPB:bin_000370,0,0,3.329,0,0,1.806,0,0,0,0,0,0,0,0,0,0,1.408,0,2.148,0,0,0,0,0,3.709,0,2.216,0,0,0,0,0,3.277,0,0,0,0,0,0,2.184,0,0
JPB:bin_000372,0,0,0,0,0,0,0,0,0,0,0,0,0,0,0,0,0,0,0,0,0,0,0,0,0,0,0,0,0,0,0,0,0,0,0,0,0,0,0,0,0,0
JPB:bin_000373,0,0,0,0,0,0,0,0,0,0,0,0,0,0,0,0,0,0,0,0,0,0,0,0,0,0,0,0,0,0,0,0,0,0,0,0,0,0,0,0,0,0
JPB:bin_000376,0,0,3.427,0,0,4.051,0,0,0,0,0,0,0,0,0,6.644,0,1.59,0,0,0,0,0,0,8.298,0,2.261,0,0,0,0,0,9.143,0,0,2.316,0,0,0,6.973,0,0
JPB:bin_000377,0,0,0,0,0,0,0,0,0,0,0,0,0,0,0,0,0,0,0,0,0,0,0,0,0,0,0,0,0,0,0,0,0,0,0,0,0,0,0,0,0,0
JPB:bin_000378,0,0,3.056,1.347,0,0,0,0,2.084,3.32,0,0,0,0,0,7.731,0,0,1.747,0,0,1.86,0,1.474,11.843,0,0,0,0,0,0,0,6.504,0,0,1.617,0,0,0,6.604,0,0
JPB:bin_000379,0,0,0,0,0,0,0,0,0,0,0,0,0,0,0,0,0,0,0,0,0,0,0,0,0,0,0,0,0,0,0,0,0,0,0,0,0,0,0,0,0,0
JPB:bin_000380,0,0,0,0,0,0,0,0,0,0,0,0,0,0,0,0,0,0,0,0,0,0,0,0,0,0,0,0,0,0,0,0,0,0,0,0,0,0,0,0,0,0
JPB:bin_000382,0,0,0,0,0,0,0,0,0,0,0,0,0,0,0,0,0,0,0,0,0,0,0,0,0,0,0,0,0,0,0,0,0,0,0,0,0,0,0,0,0,0
JPB:bin_000383,0,1.455,0,0,0,0,0,0,0,0,0,0,0,0,0,0,0,0,0,0,0,0,0,0,2.013,0,0,0,0,0,0,0,0,0,0,0,0,0,0,1.759,0,0
JPB:bin_000384,0,0,0,0,0,0,0,0,0,0,0,0,0,0,0,0,0,0,0,0,0,0,0,0,0,0,0,0,0,0,0,0,0,0,0,0,0,0,0,0,0,0
JPB:bin_000385,0,0,0,0,0,0,0,0,0,0,0,0,0,0,0,0,0,0,0,0,0,0,0,0,0,0,0,0,0,0,0,0,0,0,0,0,0,0,0,0,0,0
JPB:bin_000386,0,0,0,0,0,0,0,0,0,0,0,0,0,0,0,0,0,0,0,0,0,0,0,0,0,0,0,0,0,0,0,0,0,0,0,0,0,0,0,0,0,0
JPB:bin_000387,0,0,0,0,0,0,0,0,0,0,0,0,0,0,0,0,0,0,0,0,0,0,0,0,0,0,0,0,0,0,0,0,0,0,0,0,0,0,0,0,0,0
JPB:bin_000390,0,0,0,0,0,0,0,0,0,0,0,0,0,0,0,0,0,0,0,0,0,0,0,0,0,0,0,0,0,0,0,0,0,0,0,0,0,0,0,0,0,0
JPB:bin_000392,0,0,0,0,0,0,0,0,0,0,0,0,0,0,0,0,0,0,0,0,0,0,0,0,0,0,0,0,0,0,0,0,0,0,0,0,0,0,0,0,0,0
JPB:bin_000393,0,0,0,0,0,0,0,0,0,0,0,0,0,0,0,1.68,0,0,0,0,0,0,0,0,0,0,0,0,0,0,0,0,0,0,0,0,0,0,0,1.499,0,0
JPB:bin_000394,0,0,0,0,0,0,0,0,2.439,0,0,0,0,0,0,2.376,0,0,0,0,0,0,0,0,2.547,0,0,0,0,0,0,0,0,0,0,0,0,0,0,0,0,0
JPB:bin_000395,0,0,0,0,0,0,0,0,0,0,0,0,0,0,0,0,0,0,0,0,0,0,0,0,0,0,0,0,0,0,0,0,3.484,0,0,0,0,0,0,2.546,0,0
JPB:bin_000396,0,0,0,0,0,0,0,0,0,0,0,0,0,0,0,0,0,0,0,0,0,0,0,0,0,0,0,0,0,0,0,0,0,0,0,0,0,0,0,0,0,0
JPB:bin_000398,0,0,0,0,0,0,0,0,0,0,0,0,0,0,0,0,0,0,0,0,0,0,0,0,0,0,0,0,0,0,0,0,0,0,0,0,0,0,0,0,0,0
JPB:bin_000400,0,0,0,0,0,0,0,0,0,0,0,0,0,0,0,0,0,0,0,0,0,0,0,0,0,0,0,0,0,0,0,0,0,0,0,0,0,0,0,0,0,0
JPB:bin_000402,0,0,0,0,0,0,0,0,0,0,0,0,0,0,0,0,0,0,0,0,0,0,0,0,0,0,0,0,0,0,0,0,0,0,0,0,0,0,0,0,0,0
JPB:bin_000403,0,0,4.293,1.549,0,2.57,0,0,0,3.006,0,0,0,0,2.185,6.822,0,0,0,0,0,0,0,0,4.518,0,0,0,0,2.323,0,0,4.06,0,0,0,0,0,0,5.6,0,0
JPB:bin_000404,0,0,0,0,0,0,0,0,0,0,0,0,0,0,0,0,0,0,0,0,0,0,0,0,0,0,0,0,0,0,0,0,0,0,0,0,0,0,0,0,0,0
JPB:bin_000406,0,0,0,0,0,0,0,0,0,0,0,0,0,0,0,0,0,0,0,0,0,0,0,0,0,0,0,0,0,0,0,0,0,0,0,0,0,0,0,0,0,0
JPB:bin_000407,0,0,0,0,0,0,0,0,0,0,0,0,0,0,0,0,0,0,0,0,0,0,0,0,0,0,0,0,0,0,0,0,0,0,0,0,0,0,0,0,0,0
JPB:bin_000409,0,0,2.178,0,0,0,0,0,0,0,0,0,0,0,0,0,0,0,0,0,0,0,0,0,0,0,0,0,0,0,0,0,0,0,0,0,0,0,0,0,0,0
JPB:bin_000410,0,0,4.288,0,0,2.003,0,0,0,2.458,0,0,0,0,1.605,5.832,0,0,0,0,0,1.272,0,0,4.903,1.425,0,1.752,0,0,0,0,6.996,0,0,0,0,0,0,5.248,0,0
JPB:bin_000411,0,0,0,0,0,0,0,0,0,0,0,0,0,0,0,0,0,0,0,0,0,0,0,0,0,0,0,0,0,0,0,0,0,0,0,0,0,0,0,0,0,0
JPB:bin_000412,0,0,0,0,0,0,0,0,0,0,0,0,0,0,0,0,0,0,0,0,0,0,0,0,0,0,0,0,0,0,0,0,0,0,0,0,0,0,0,0,0,0
JPB:bin_000413,0,0,0,0,0,0,0,0,0,0,0,0,0,0,0,0,0,0,0,0,0,0,0,0,0,0,0,0,0,0,0,0,1.613,0,0,0,0,0,0,0,0,0
JPB:bin_000414,0,0,0,0,0,0,0,0,0,0,0,0,0,0,0,4.287,0,0,0,0,0,0,0,0,0,0,0,0,0,0,0,0,0,0,0,0,0,0,0,0,0,0
JPB:bin_000416,0,3.38,3.577,2.019,0,1.38,0,1.573,3.033,3.619,0,0,0,0,0,7.647,1.223,0,1.202,0,0,1.86,0,0,6.867,0,0,3.424,0,3.314,0,0,11.519,0,0,1.509,2.025,0,2.52,8.827,0,0
JPB:bin_000417,0,0,0,0,0,0,0,0,0,0,0,0,0,0,0,0,0,0,0,0,0,0,0,0,0,0,0,0,0,0,0,0,0,0,0,0,0,0,0,0,0,0
JPB:bin_000418,0,0,0,0,0,0,0,0,0,0,0,0,0,0,0,0,0,0,0,0,0,0,0,0,0,0,0,0,0,0,0,0,0,0,0,0,0,0,0,0,0,0
JPB:bin_000420,0,0,0,0,0,0,0,0,0,0,0,0,0,0,0,0,0,0,0,0,0,0,0,0,3.224,0,0,0,0,0,0,0,2.114,0,0,0,0,0,0,2.763,0,0
JPB:bin_000421,0,0,0,0,0,0,0,0,0,0,0,0,0,0,0,0,0,0,0,0,0,0,0,0,0,0,0,0,0,0,0,0,0,0,0,0,0,0,0,0,0,0
JPB:bin_000422,0,0,6.508,1.935,0,3.534,0,0,0,3.224,0,0,0,0,0,8.691,1.373,1.445,3.763,2.276,0,2.052,0,0,7.601,0,0,3.949,0,2.132,0,0,5.379,0,0,2.179,0,0,0,7.129,0,0
JPB:bin_000423,0,0,0,0,0,0,0,0,0,0,0,0,0,0,0,0,0,0,0,0,0,0,0,0,0,0,0,0,0,0,0,0,0,0,0,0,0,0,0,0,0,0
JPB:bin_000424,0,0,0,0,0,0,0,0,0,0,0,0,0,0,0,0,0,0,0,0,0,0,0,0,0,0,0,0,0,0,0,0,0,0,0,0,0,0,0,0,0,0
JPB:bin_000425,0,0,0,0,0,0,0,0,0,0,0,0,0,0,0,0,0,0,0,0,0,0,0,0,0,0,0,0,0,0,0,0,1.981,0,0,0,0,0,0,0,0,0
JPB:bin_000426,0,0,0,0,0,0,0,0,0,0,0,0,0,0,0,0,0,0,0,0,0,0,0,0,0,0,0,0,0,0,0,0,0,0,0,0,0,0,0,0,0,0
JPB:bin_000427,0,0,0,0,0,0,0,0,0,0,0,0,0,0,0,0,0,0,0,0,0,0,0,0,0,0,0,0,0,0,0,0,0,0,0,0,0,0,0,0,0,0
JPB:bin_000429,0,0,0,0,0,0,0,0,0,0,0,0,0,0,0,1.304,0,0,0,0,0,0,0,0,0,0,0,0,0,0,0,0,0,0,0,0,0,0,0,0,0,0
JPB:bin_000430,0,0,0,0,0,0,0,0,0,1.625,0,0,0,0,0,1.536,0,0,1.427,0,0,0,0,0,1.552,0,0,0,0,0,0,0,1.904,0,0,0,0,0,0,2.271,0,0
JPB:bin_000431,0,0,3.194,0,0,0,0,0,0,1.735,0,0,0,0,0,3.632,0,0,1.734,1.511,0,0,0,1.789,0,0,1.462,0,0,0,0,0,0,0,0,1.982,0,0,0,3.169,0,0
JPB:bin_000432,0,0,19.955,2.539,0,9.379,0,2.91,3.458,8.637,0,0,0,0,6.023,19.558,6.247,2.485,3.633,3.933,0,2.312,1.689,6.341,15.794,1.715,4.884,6.735,3.506,5.024,0,0,22.131,1.572,0,8.262,0,0,3.402,21.549,0,2.414
JPB:bin_000433,0,0,0,0,0,0,0,0,0,0,0,0,0,0,0,0,0,0,0,0,0,0,0,0,0,0,0,0,0,0,0,0,0,0,0,0,0,0,0,0,0,0
JPB:bin_000434,0,0,0,0,0,0,0,0,0,0,0,0,0,0,0,0,0,0,0,0,0,0,0,0,0,0,0,0,0,0,0,0,0,0,0,0,0,0,0,0,0,0
JPB:bin_000435,0,0,0,0,0,0,0,0,0,0,0,0,0,0,0,0,0,0,0,0,0,0,0,0,0,0,0,0,0,0,0,0,0,0,0,0,0,0,0,0,0,0
JPB:bin_000436,0,0,0,0,0,0,0,0,0,0,0,0,0,0,0,0,0,0,0,0,0,0,0,0,1.507,0,0,0,0,0,0,0,0,0,0,0,0,0,0,0,0,0
JPB:bin_000437,0,0,0,0,0,0,0,0,0,0,0,0,0,0,0,0,0,0,0,0,0,0,0,0,0,0,0,0,0,0,0,0,0,0,0,0,0,0,0,0,0,0
JPB:bin_000438,0,0,2.113,0,0,0,0,0,0,0,0,0,0,0,0,3.364,0,0,0,0,0,0,0,0,2.553,0,0,0,0,0,0,0,7.873,0,0,0,0,0,0,0,0,0
JPB:bin_000439,0,0,0,0,0,0,0,0,0,0,0,0,0,0,0,0,0,0,0,0,0,0,0,0,0,0,0,0,0,0,0,0,2.642,0,0,0,0,0,0,2.553,0,0
JPB:bin_000440,0,0,0,0,0,0,0,0,0,0,0,0,0,0,0,0,0,0,0,0,0,0,0,0,0,0,0,0,0,0,0,0,0,0,0,0,0,0,0,0,0,0
JPB:bin_000441,0,2.285,14.043,2.655,0,6.863,0,1.33,3.91,6.861,0,0,0,0,2.19,11.683,3.366,1.32,2.772,2.977,0,2.219,2.074,4.436,16.7,0,3.325,4.102,0,3.723,0,0,12.306,0,0,4.567,7.403,0,0,12.312,0,0
JPB:bin_000442,0,0,0,0,0,0,0,0,0,0,0,0,0,0,0,0,0,0,0,0,0,0,0,0,0,0,0,0,0,0,0,0,1.578,0,0,0,0,0,0,0,0,0
JPB:bin_000443,0,0,0,26.685,0,0,0,0,0,0,0,0,0,0,0,0,0,0,0,0,0,0,0,0,0,0,0,0,0,0,0,0,0,0,0,0,0,0,0,0,0,0
JPB:bin_000445,0,0,0,0,0,0,0,0,0,0,0,0,0,0,0,0,0,0,0,0,0,0,0,0,0,0,0,0,0,0,0,0,0,0,0,0,0,0,0,0,0,0
JPB:bin_000448,0,0,0,0,0,0,0,0,0,0,0,0,0,0,0,0,0,0,0,0,0,0,0,0,0,0,0,0,0,0,0,0,0,0,0,0,0,0,0,0,0,0
JPB:bin_000449,0,0,0,0,0,0,0,0,0,0,0,0,0,0,0,3.391,0,0,0,1.443,0,0,0,0,0,0,0,0,0,0,0,0,1.439,0,0,0,0,0,0,0,0,0
JPB:bin_000450,0,0,0,0,0,0,0,1.295,0,0,0,0,0,0,0,1.891,0,0,0,0,0,0,0,0,0,0,0,0,0,0,0,0,0,0,0,0,0,0,0,0,0,0
JPB:bin_000452,0,0,0,0,0,0,0,0,0,0,0,0,0,0,0,0,0,0,0,0,0,0,0,0,0,0,0,0,0,0,0,0,0,0,0,0,0,0,0,0,0,0
JPB:bin_000453,0,0,0,0,0,0,0,0,0,1.296,0,0,0,0,0,2.959,0,0,0,0,0,0,0,0,4.203,0,0,0,0,0,0,0,4.521,0,0,0,0,0,0,3.488,0,0
JPB:bin_000454,0,0,0,0,0,0,0,0,0,0,0,0,0,0,0,0,0,0,0,0,0,0,0,0,0,0,0,0,0,0,0,0,0,0,0,0,0,0,0,0,0,0
JPB:bin_000457,0,0,0,0,0,0,0,0,0,0,0,0,0,0,0,0,0,0,0,0,0,0,0,0,0,0,0,0,0,0,0,0,0,0,0,0,0,0,0,0,0,0
JPB:bin_000459,0,0,0,0,0,0,0,0,0,0,0,0,0,0,0,0,0,0,0,0,0,0,0,0,0,0,0,0,0,0,0,0,0,0,0,0,0,0,0,0,0,0
JPB:bin_000460,0,3.091,43.256,6.227,0,25.085,1.3,2.171,7.864,17.263,2.66,0,1.545,0,11.041,23.39,5.865,4.967,8.334,5.132,0,7.217,4.472,9.131,39.164,2.42,5.799,6.922,3.631,5.537,0,0,32.776,1.657,0,11.813,3.998,1.539,2.904,25.949,0,3.25
JPB:bin_000461,0,0,0,0,0,0,0,0,0,0,0,0,0,0,0,0,0,0,0,0,0,0,0,0,0,0,0,0,0,0,0,0,0,0,0,0,0,0,0,0,0,0
JPB:bin_000462,0,0,0,0,0,0,0,0,0,0,0,0,0,0,0,0,0,0,0,0,0,0,0,0,0,0,0,0,0,0,0,0,0,0,0,0,0,0,0,0,0,0
JPB:bin_000463,0,0,3.596,0,0,2.874,0,0,0,4.27,0,0,0,0,1.843,5.913,4.594,0,1.974,1.986,0,0,0,0,7.337,2.839,0,0,0,1.563,0,0,8.672,0,0,2.233,0,0,0,5.504,0,0
JPB:bin_000464,0,0,8.107,0,0,0,0,0,0,4.805,0,0,0,0,0,8.106,0,0,0,0,0,0,0,0,7.282,0,0,0,0,2.521,0,0,10.602,0,0,2.273,0,0,0,14.279,0,0
JPB:bin_000465,0,0,0,0,0,0,0,0,0,0,0,0,0,0,0,0,0,0,0,0,0,0,0,0,0,0,0,0,0,0,0,0,0,0,0,0,0,0,0,0,0,0
JPB:bin_000467,0,0,0,0,0,0,0,0,0,0,0,0,0,0,0,0,0,0,0,0,0,0,0,0,0,0,0,0,0,0,0,0,0,0,0,0,0,0,0,0,0,0
JPB:bin_000468,0,0,0,0,0,0,0,0,0,0,0,0,0,0,0,0,0,0,0,0,0,0,0,0,0,0,0,0,0,0,0,0,0,0,0,0,0,0,0,0,0,0
JPB:bin_000469,0,0,0,0,0,0,0,0,0,0,0,0,0,0,0,0,0,0,0,0,0,0,0,0,0,0,0,0,0,0,0,0,0,0,0,0,0,0,0,0,0,0
JPB:bin_000470,0,1.787,9.017,2.063,0,2.137,0,1.836,0,4.44,0,0,0,0,2.104,8.934,2.394,2.156,3.139,2.14,0,1.794,0,1.926,11.356,0,1.753,4.103,1.269,3.824,0,0,10.147,0,0,5.492,2.484,0,1.409,12.088,0,1.71
JPB:bin_000471,0,0,0,0,0,0,0,0,0,0,0,0,0,0,0,0,0,0,0,0,0,0,0,0,0,0,0,0,0,0,0,0,0,0,0,0,0,0,0,0,0,0
JPB:bin_000473,0,0,0,0,0,0,0,0,0,0,0,0,0,0,0,0,0,0,0,0,0,0,0,0,0,0,0,0,0,0,0,0,0,0,0,0,0,0,0,0,0,0
JPB:bin_000474,0,3.972,14.131,5.024,0,4.498,0,0,4.258,17.511,1.756,0,0,0,7.509,18.993,3.267,2.096,8.644,1.89,0,7.724,4.834,5.885,31.987,1.405,3.646,1.715,0,2.917,0,0,14.608,1.127,0,5.361,1.691,0,1.929,26.794,0,0
JPB:bin_000475,0,0,0,0,0,0,0,0,0,0,0,0,0,0,0,1.896,0,0,0,0,0,0,0,0,4.157,0,0,0,0,0,0,0,2.496,0,0,0,0,0,0,2.417,0,0
JPB:bin_000476,0,0,0,0,0,0,0,0,0,0,0,0,0,0,0,0,0,0,0,0,0,0,0,0,0,0,0,0,0,0,0,0,0,0,0,0,0,0,0,0,0,0
JPB:bin_000477,0,0,0,0,0,0,0,0,0,0,0,0,0,0,0,0,0,0,0,0,0,0,0,0,0,0,0,0,0,0,0,0,0,0,0,0,0,0,0,0,0,0
JPB:bin_000479,0,0,0,0,0,0,0,0,0,0,0,0,0,0,0,0,0,0,0,0,0,0,0,0,0,0,0,0,0,0,0,0,0,0,0,0,0,0,0,0,0,0
JPB:bin_000480,0,0,0,0,0,0,0,0,0,0,0,0,0,0,0,0,0,0,0,0,0,0,0,0,0,0,0,0,0,0,0,0,0,0,0,0,0,0,0,0,0,0
JPB:bin_000482,0,0,0,0,0,0,0,0,0,0,0,0,0,0,0,0,0,0,0,0,0,0,0,0,0,0,0,0,0,0,0,0,0,0,0,0,0,0,0,0,0,0
JPB:bin_000483,0,0,1.75,0,0,0,0,0,0,1.379,0,0,0,0,0,0,0,0,0,0,0,0,0,0,4.748,0,0,0,0,0,0,0,12.967,0,0,0,0,0,0,4.375,0,0
JPB:bin_000484,0,0,0,0,0,0,0,0,0,0,0,0,0,0,0,0,0,0,0,0,0,0,0,0,0,0,0,0,0,0,0,0,0,0,0,0,0,0,0,0,0,0
JPB:bin_000485,0,0,9.891,1.292,0,0,0,2.293,0,3.901,1.506,0,0,0,3.186,12.951,1.524,0,2.947,0,0,1.189,1.234,2.874,5.586,0,1.647,0,0,2.813,0,0,12.35,0,0,12.164,2.722,0,0,3.061,0,0
JPB:bin_000486,0,0,0,0,0,0,0,0,0,0,0,0,0,0,0,0,0,0,0,0,0,0,0,0,0,0,0,0,0,0,0,0,0,0,0,0,0,0,0,0,0,0
JPB:bin_000487,0,0,0,0,0,0,0,0,0,0,0,0,0,0,0,0,0,0,0,0,0,0,0,0,0,0,0,0,0,0,0,0,0,0,0,0,0,0,0,0,0,0
JPB:bin_000488,0,0,0,0,0,0,0,0,0,0,0,0,0,0,0,0,0,0,0,0,0,0,0,0,0,0,0,0,0,0,0,0,0,0,0,0,0,0,0,0,0,0
JPB:bin_000489,0,0,0,0,0,0,0,0,0,0,0,0,0,0,0,0,0,0,0,0,0,0,0,0,0,0,0,0,0,0,0,0,0,0,0,0,0,0,0,0,0,0
JPB:bin_000490,0,0,0,0,0,0,0,0,0,0,0,0,0,0,0,0,0,0,0,0,0,0,0,0,0,0,0,0,0,0,0,0,0,0,0,0,0,0,0,0,0,0
JPB:bin_000491,0,0,0,0,0,0,0,0,0,0,0,0,0,0,0,1.888,0,0,0,0,0,0,0,0,0,0,0,0,0,0,0,0,0,0,0,0,0,0,0,0,0,0
JPB:bin_000492,0,0,0,0,0,0,0,0,0,0,0,0,0,0,0,0,0,0,0,0,0,0,0,0,0,0,0,0,0,0,0,0,0,0,0,0,0,0,0,1.528,0,0
JPB:bin_000495,0,0,0,0,0,0,0,0,0,0,0,0,0,0,0,0,0,0,0,0,0,0,0,0,0,0,0,0,0,0,0,0,0,0,0,0,0,0,0,0,0,0
JPB:bin_000496,0,0,0,0,0,0,0,0,0,0,0,0,0,0,0,0,0,0,0,0,0,0,0,0,0,0,0,0,0,0,0,0,0,0,0,0,0,0,0,0,0,0
JPB:bin_000498,0,0,9.578,2.116,0,8.844,1.414,3.89,5.694,11.027,0,1.519,0,0,5.811,27.74,2.262,9.136,4.47,1.561,0,5.16,3.125,6.47,17.373,0,7.294,3.032,0,3.219,0,0,36.45,1.837,0,10.397,1.989,0,2.968,27.577,0,1.567
JPB:bin_000499,0,0,0,0,0,0,0,0,0,0,0,0,0,0,0,0,0,0,0,0,0,0,0,0,0,0,0,0,0,0,0,0,0,0,0,0,0,0,0,0,0,0
JPB:bin_000500,0,0,0,0,0,0,0,0,0,0,0,0,0,0,0,0,0,0,0,0,0,0,0,0,0,0,0,0,0,0,0,0,0,0,0,0,0,0,0,0,0,0
JPB:bin_000503,0,0,0,0,0,0,0,0,0,0,0,0,0,0,0,0,0,0,0,0,0,0,0,0,0,0,0,0,0,0,0,0,0,0,0,0,0,0,0,0,0,0
JPB:bin_000504,0,0,0,0,0,0,0,0,1.956,0,0,0,0,0,0,0,0,0,0,0,0,0,0,0,0,0,0,0,0,0,0,0,1.423,0,0,0,0,0,0,0,0,0
JPB:bin_000505,0,0,0,0,0,0,0,0,0,0,0,0,0,0,0,0,0,0,0,0,0,0,0,0,0,0,0,0,0,0,0,0,0,0,0,0,0,0,0,0,0,0
JPB:bin_000506,0,0,0,0,0,0,0,0,0,0,0,0,0,0,0,0,0,0,0,0,0,0,0,0,0,0,0,0,0,0,0,0,0,0,0,0,0,0,0,0,0,0
JPB:bin_000508,0,0,0,0,0,0,0,0,0,0,0,0,0,0,0,0,0,0,0,0,0,0,0,0,0,0,0,0,0,0,0,0,0,0,0,0,0,0,0,0,0,0
JPB:bin_000510,0,0,0,0,0,0,0,0,0,0,0,0,0,0,0,0,0,0,0,0,0,0,0,0,0,0,0,0,0,0,0,0,0,0,0,0,0,0,0,0,0,0
JPB:bin_000511,0,0,0,0,0,0,0,0,0,0,0,0,0,0,0,0,0,0,0,0,0,0,0,0,0,0,0,0,0,0,0,0,0,0,0,0,0,0,0,0,0,0
JPB:bin_000513,0,0,0,0,0,0,0,0,0,0,0,0,0,0,0,0,0,0,0,0,0,0,0,0,0,0,0,0,0,0,0,0,0,0,0,0,0,0,0,0,0,0
JPB:bin_000514,0,0,0,0,0,0,0,0,0,0,0,0,0,0,0,0,0,0,0,0,0,0,0,0,0,0,0,0,0,0,0,0,0,0,0,0,0,0,0,2.597,0,0
JPB:bin_000515,0,0,0,0,0,0,0,0,0,0,0,0,0,0,0,0,0,0,0,0,0,0,0,0,0,0,0,0,0,0,0,0,0,0,0,0,0,0,0,0,0,0
JPB:bin_000516,0,1.448,3.387,0,0,0,0,1.638,0,2.55,0,0,0,0,0,4.814,1.826,0,1.749,0,0,1.081,0,0,10.805,0,3.2,7.482,1.366,5.789,0,0,6.057,0,0,0,5.934,0,1.269,3.705,0,2.703
JPB:bin_000518,0,3.311,18.865,2.528,0,14.044,0,7.709,7.098,17.441,2.473,0,0,0,7.81,44.416,5.221,6.729,5.218,2.95,0,9.35,2.797,7.853,38.136,0,9.621,7.966,3.149,8.745,0,0,35.131,1.678,0,11.217,4.594,0,5.507,36.151,0,1.984
JPB:bin_000521,0,0,0,0,0,0,0,0,0,0,0,0,0,0,0,0,0,0,0,0,0,0,0,0,0,0,0,0,0,0,0,0,0,0,0,0,0,0,0,0,0,0
JPB:bin_000523,0,0,3.102,0,0,2.299,0,2.64,5.782,3.656,0,0,0,0,0,9.277,0,2.507,1.639,0,0,0,3.341,5.35,22.652,0,2.477,0,0,0,0,0,9.565,0,0,3.216,0,0,0,24.485,0,0
JPB:bin_000524,0,0,8.189,0,0,2.882,0,2.036,2.729,4.577,0,0,0,0,2.541,11.1,0,0,0,2.399,0,0,1.683,3.022,11.278,0,0,0,0,0,0,0,11.387,0,0,3.343,0,0,2.072,11.299,0,0
JPB:bin_000525,0,0,0,0,0,0,0,0,0,0,0,0,0,0,0,0,0,0,0,0,0,0,0,0,0,0,0,0,0,0,0,0,0,0,0,0,0,0,0,0,0,0
JPB:bin_000526,0,0,2.022,0,0,0,0,0,0,0,0,0,0,0,0,1.76,0,0,0,0,0,0,0,0,3.689,0,0,0,0,0,0,0,3.858,0,0,0,0,0,0,3.232,0,0
JPB:bin_000529,0,0,0,0,0,0,0,0,0,0,0,0,0,0,0,1.248,0,0,0,0,0,0,0,0,0,0,0,0,0,0,0,0,0,0,0,0,0,0,0,0,0,0
JPB:bin_000530,0,0,0,0,0,0,0,0,0,0,0,0,0,0,0,0,0,0,0,0,0,0,0,0,0,0,0,0,0,0,0,0,0,0,0,0,0,0,0,0,0,0
JPB:bin_000532,0,0,0,0,0,0,0,0,0,0,0,0,0,0,0,0,0,0,0,0,0,0,0,0,0,0,0,0,0,0,0,0,0,0,0,0,0,0,0,0,0,0
JPB:bin_000533,0,1.592,8.865,1.672,0,3.298,0,3.241,4.528,4.335,0,0,0,0,1.633,13.449,2.19,1.833,2.449,0,0,1.535,0,2.53,9.281,0,0,5.189,0,3.513,0,0,13.546,2.144,0,3.759,1.94,0,1.984,8.879,0,0
JPB:bin_000534,0,2.171,12.307,2.148,0,4.339,0,4.28,6.553,5.74,0,0,0,0,2.302,18.754,3.025,2.604,3.795,1.579,0,2.241,1.727,3.608,12.387,0,2.832,7.418,1.706,5.325,0,0,18.09,3.127,0,5.45,2.819,0,2.747,11.979,0,0
JPB:bin_000535,0,0,0,0,0,0,0,0,0,0,0,0,0,0,0,0,0,0,0,0,0,0,0,0,0,0,0,0,0,0,0,0,0,0,0,0,0,0,0,0,0,0
JPB:bin_000536,0,0,4.514,0,0,0,0,0,0,0,0,0,0,0,0,5.789,0,0,0,0,0,0,0,0,0,0,0,0,0,0,0,0,0,0,0,0,0,0,0,0,0,0
JPB:bin_000539,3.094,12.894,218.152,37.384,0,102.932,3.948,36.999,73.717,190.939,20.833,5.903,6.32,3.527,90.633,334.3,71.74,51.3,68.207,38.658,2.107,48.586,25.544,87.287,304.281,14.425,75.253,57.342,30.752,76.711,4.72,0,389.418,15.353,0,110.028,56.288,5.768,44.295,350.821,5.464,22.769
JPB:bin_000541,0,0,0,0,0,0,0,0,0,0,0,0,0,0,0,0,0,0,0,0,0,0,0,0,0,0,0,0,0,0,0,0,0,0,0,0,0,0,0,0,0,0
JPB:bin_000542,0,0,1.257,0,0,0,0,0,0,0,0,0,0,0,0,1.808,0,0,0,0,0,0,0,0,0,0,0,0,0,0,0,0,2.045,0,0,0,0,0,0,1.477,0,0
JPB:bin_000543,0,0,0,1.943,0,0,0,0,0,0,0,0,0,0,0,0,0,0,0,0,0,0,0,1.821,0,0,0,1.277,0,0,0,0,3.064,0,0,0,0,0,0,0,0,0
JPB:bin_000544,0,0,2.085,2.413,0,0,0,0,1.859,0,0,0,0,0,0,5.989,1.426,0,1.958,0,0,0,0,0,3.657,0,0,1.284,0,1.46,0,0,5.672,0,0,0,0,0,2.381,5.225,0,0
JPB:bin_000545,0,0,0,0,0,0,0,0,0,0,0,0,0,0,0,0,0,0,0,0,0,0,0,0,0,0,0,0,0,0,0,0,0,0,0,0,0,0,0,0,0,0
JPB:bin_000548,1.755,9.484,130.158,20.73,0,68.566,2.769,21.562,41.027,101.621,12.653,4.391,3.495,0,55.254,206.88,43.584,28.933,39.401,20.033,0,26.35,15.947,45.417,184.247,10.287,47.347,33.162,18.463,48.557,3.15,0,237.902,10.816,0,69.564,27.863,4.312,27.856,222.147,3.071,16.288
JPB:bin_000550,0,0,0,0,0,0,0,0,0,0,0,0,0,0,0,0,0,0,0,0,0,0,0,0,0,0,0,0,0,0,0,0,0,0,0,0,0,0,0,0,0,0
JPB:bin_000551,0,0,0,0,0,0,0,0,0,0,0,0,0,0,0,0,0,0,0,0,0,0,0,0,0,0,0,0,0,0,0,0,0,0,0,0,0,0,0,0,0,0
JPB:bin_000553,0,0,0,0,0,0,0,0,0,0,0,0,0,0,0,0,0,0,0,0,0,0,0,0,0,0,0,0,0,0,0,0,0,0,0,0,0,0,0,0,0,0
JPB:bin_000556,0,0,0,0,0,0,0,0,0,0,0,0,0,0,0,0,0,0,0,0,0,0,0,0,0,0,0,0,0,0,0,0,0,0,0,0,0,0,0,0,0,0
JPB:bin_000557,0,0,0,0,0,0,0,0,0,0,0,0,0,0,0,0,0,0,0,0,0,0,0,0,0,0,0,0,0,0,0,0,1.531,0,0,0,0,0,0,0,0,0
JPB:bin_000558,0,0,0,0,0,0,0,0,0,0,0,0,0,0,0,0,0,0,0,0,0,0,0,0,0,0,0,0,0,0,0,0,0,0,0,0,0,0,0,0,0,0
JPB:bin_000559,0,0,0,0,0,0,0,0,0,0,0,0,0,0,0,0,0,0,0,0,0,0,0,0,0,0,0,0,0,0,0,0,2.657,0,0,0,0,0,0,3.424,0,0
JPB:bin_000560,0,0,6.436,1.317,0,1.637,0,2.926,0,4.472,0,0,0,0,2.159,5.723,0,0,1.997,1.281,0,2.175,1.477,2.644,9.359,0,0,2.014,0,1.818,0,0,7.276,0,0,3.243,0,0,0,10.929,0,0
JPB:bin_000562,0,1.564,15.634,2.39,0,5.822,0,4.273,5.153,23.768,2.137,0,1.384,1.353,6.622,27.495,6.811,6.476,2.444,1.938,0,6.916,6.732,7.098,77.469,0,1.991,1.539,3.478,6.431,0,0,12.567,0,0,1.91,0,0,2.606,7.371,0,4.57
JPB:bin_000563,0,0,0,0,0,0,0,0,0,0,0,0,0,0,0,0,0,0,0,0,0,0,0,0,0,0,0,0,0,0,0,0,0,0,0,0,0,0,0,0,0,0
JPB:bin_000565,0,0,0,0,0,0,0,0,0,0,0,0,0,0,0,0,0,0,0,0,0,0,0,0,0,0,0,0,0,0,0,0,0,0,0,0,0,0,0,0,0,0
JPB:bin_000566,0,0,7.322,1.304,0,3.366,0,3.021,2.099,2.813,0,0,0,0,0,11.549,1.695,1.851,1.798,0,0,0,0,3.112,8.518,0,3.449,2.925,1.194,3.737,0,0,5.41,0,0,3.758,0,0,0,3.198,0,0
JPB:bin_000567,0,0,0,0,0,0,0,0,0,0,0,0,0,0,0,0,0,0,0,0,0,0,0,0,0,0,1.306,0,0,0,0,0,0,0,0,0,0,0,0,0,0,0
JPB:bin_000570,0,0,0,0,0,0,0,0,0,0,0,0,0,0,0,0,0,0,0,0,0,0,0,0,0,0,0,0,0,0,0,0,0,0,0,0,0,0,0,0,0,0
JPB:bin_000572,0,0,0,0,0,0,0,0,0,0,0,0,0,0,0,0,0,0,0,0,0,0,0,0,0,0,0,0,0,0,0,0,0,0,0,0,0,0,0,0,0,0
JPB:bin_000574,0,0,0,0,0,0,0,0,0,0,0,0,0,0,0,0,0,0,0,0,0,0,0,0,0,0,0,0,0,0,0,0,0,0,0,0,0,0,0,0,0,0
JPB:bin_000575,0,0,4.838,0,0,3.797,0,0,2.303,4.574,0,0,0,0,2.12,9.968,2.046,1.783,2.064,0,0,0,0,2.804,8.346,0,4.808,0,0,4.917,0,0,12.748,0,0,3.633,0,0,1.74,9.257,0,0
JPB:bin_000576,0,6.824,5.804,3.317,0,3.495,0,0,0,0,0,0,0,0,0,4.847,0,0,0,0,0,0,0,4.122,14.289,0,0,0,0,5.692,0,0,4.597,2.788,0,0,0,0,0,11.027,0,0
JPB:bin_000577,0,0,0,0,0,0,0,0,0,0,0,0,0,0,0,0,0,0,0,0,0,0,0,0,0,0,0,0,0,0,0,0,1.473,0,0,0,0,0,0,0,0,0
JPB:bin_000578,0,0,0,0,0,0,0,0,0,0,0,0,0,0,0,0,0,0,0,0,0,0,0,0,0,0,0,0,0,0,0,0,0,0,0,0,0,0,0,0,0,0
JPB:bin_000579,0,0,0,0,0,0,0,0,0,0,0,0,0,0,0,0,0,0,0,0,0,0,0,0,0,0,0,0,0,0,0,0,0,0,0,0,0,0,0,0,0,0
JPB:bin_000582,0,0,0,0,0,0,0,0,0,0,0,0,0,0,0,0,0,0,0,0,0,0,0,0,0,0,0,0,0,0,0,0,0,0,0,0,0,0,0,0,0,0
JPB:bin_000585,0,0,0,0,0,0,0,0,0,0,0,0,0,0,0,0,0,0,0,0,0,0,0,0,0,0,0,0,0,0,0,0,0,0,0,0,0,0,0,0,0,0
JPB:bin_000586,0,0,0,0,0,0,0,0,0,0,0,0,0,0,0,0,0,0,0,0,0,0,0,0,0,0,0,0,0,0,0,0,0,0,0,0,0,0,0,10.72,0,0
JPB:bin_000587,0,0,0,0,0,0,0,0,0,0,0,0,0,0,0,0,0,0,0,0,0,0,0,0,0,0,0,0,0,0,0,0,0,0,0,0,0,0,0,0,0,0
JPB:bin_000588,0,0,0,0,0,0,0,0,1.409,0,0,0,0,0,1.729,0,0,0,0,1.881,0,0,0,0,2.087,0,0,1.516,0,0,0,0,0,0,0,0,0,0,0,0,0,0
JPB:bin_000594,0,0,6.476,2.253,0,3.97,0,2.594,1.497,5.802,0,0,0,0,1.692,12.409,2.845,0,2.265,0,0,1.696,0,2.298,8.554,0,2.381,3.672,0,3.086,0,0,14.18,0,0,3.636,2.032,0,0,11.804,0,0
JPB:bin_000595,0,0,1.599,0,0,0,0,0,0,1.417,0,0,0,0,0,2.519,0,0,0,0,0,0,0,0,2.592,0,0,0,0,0,0,0,2.871,0,0,0,0,0,0,4.677,0,0
JPB:bin_000599,0,0,0,0,0,2.508,0,0,0,0,0,0,0,0,1.309,4.483,0,0,0,0,0,0,0,1.331,0,0,0,0,0,0,0,0,8.318,0,0,0,0,0,0,0,0,0
JPB:bin_000600,0,0,0,0,0,0,0,0,0,0,0,0,0,0,0,0,0,0,0,0,0,0,0,0,0,0,0,0,0,0,0,0,0,0,0,0,0,0,0,2.96,0,0
JPB:bin_000601,0,0,0,0,0,0,0,0,0,1.679,0,0,0,0,0,2.048,0,0,0,0,0,0,0,0,0,0,0,0,0,0,0,0,1.602,0,0,0,0,0,0,0,0,0
JPB:bin_000603,0,0,0,0,0,0,0,0,0,0,0,0,0,0,0,0,0,0,0,0,0,0,0,0,0,0,0,0,0,0,0,0,0,0,0,0,0,0,0,0,0,0
JPB:bin_000605,0,1.807,7.728,1.846,0,6.498,0,3.886,1.606,6.743,2.677,0,0,0,5.423,17.494,2.866,1.575,3.513,2.821,0,4.8,0,2.285,11.979,0,4.059,5.65,1.209,6.204,0,0,9.493,1.339,0,4.865,1.932,0,2.944,11.643,0,2.318
JPB:bin_000606,0,0,0,0,0,0,0,0,0,0,0,0,0,0,0,1.352,0,0,0,0,0,0,0,0,0,0,0,0,0,0,0,0,0,0,0,0,0,0,0,0,0,0
JPB:bin_000608,0,0,0,0,0,0,0,0,0,0,0,0,0,0,0,0,0,0,0,0,0,0,0,0,0,0,0,0,0,0,0,0,0,0,0,0,0,0,0,2.107,0,0
JPB:bin_000609,0,0,8.957,2.301,0,5.326,0,1.803,0,7.739,0,0,0,0,3.767,14.54,0,3.426,4.538,4.898,0,2.691,1.338,3.519,11.859,0,2.767,2.461,0,1.754,0,0,8.933,0,0,4.446,0,0,1.77,13.271,0,3
JPB:bin_000611,1.643,7.324,82.977,15.505,0,36.204,2.746,17.08,22.846,88.463,3.933,3.032,2.142,0,28.114,180.917,26.636,26.607,22.419,8.597,0,13.389,8.185,24.168,133.792,9.494,30.057,17.529,12.295,41.186,2.556,0,242.816,8.548,0,39.451,20.058,2.778,21.444,171.119,1.988,11.065
JPB:bin_000612,1.731,10.648,114.014,29.309,0,32.182,2.338,47.689,78.332,69.798,25.412,2.332,0,0,43.856,172.269,31.49,16.31,45.523,20.485,0,29.357,10.62,32.985,125.511,6.409,18.022,64.11,14.158,54.981,2.002,0,187.573,9.821,0,39.965,42.019,2.002,22.307,125.782,0,23.488
JPB:bin_000615,0,0,2.95,2.294,0,0,0,0,0,0,0,0,0,0,0,4.872,0,0,3.727,0,0,0,0,0,0,0,0,0,0,0,0,0,2.19,0,0,0,0,0,0,0,0,0
JPB:bin_000616,0,0,0,0,0,0,0,0,0,0,0,0,0,0,0,0,0,0,0,0,0,0,0,0,0,0,0,0,0,0,0,0,0,0,0,0,0,0,0,0,0,0
JPB:bin_000617,0,0,5.387,0,0,0,0,1.961,2.487,3.378,0,0,0,0,2.049,6.956,1.541,1.515,2.842,2.103,0,2.104,1.418,2.105,16.733,0,0,1.525,0,0,0,0,5.694,0,0,0,0,0,1.718,4.403,0,0
JPB:bin_000618,0,0,0,0,0,0,0,0,0,0,0,0,0,0,0,0,0,0,0,0,0,0,0,0,2.032,0,0,0,0,0,0,0,2.536,0,0,0,0,0,0,0,0,0
JPB:bin_000619,0,0,2.847,0,0,0,0,0,1.826,2.638,0,0,0,0,0,4.584,0,0,1.4,0,0,0,0,0,6.562,0,0,0,0,0,0,0,9.835,0,0,1.851,0,0,0,6.239,0,0
JPB:bin_000621,0,0,0,0,0,0,0,0,0,0,0,0,0,0,0,0,0,0,0,0,0,0,0,0,0,0,0,0,0,0,0,0,0,0,0,0,0,0,0,0,0,0
JPB:bin_000622,0,0,9.272,1.468,0,2.083,0,1.953,0,2.427,0,0,0,0,3.21,15.412,2.918,0,4.486,5.086,0,1.268,0,1.598,13.222,0,1.816,2.153,0,3.646,0,0,7.05,0,0,2.016,2.88,0,0,7.968,0,0
JPB:bin_000627,0,0,0,0,0,0,0,0,0,0,0,0,0,0,0,0,0,0,0,0,0,0,0,0,0,0,0,0,0,0,0,0,0,0,0,0,0,0,0,0,0,0
JPB:bin_000628,0,0,0,0,0,0,0,0,0,0,0,0,0,0,0,0,0,0,0,0,0,0,0,0,0,0,0,0,0,0,0,0,0,0,0,0,0,0,0,0,0,0
JPB:bin_000629,0,0,0,0,0,0,0,0,0,0,0,0,0,0,0,1.938,0,0,0,0,0,0,0,0,0,0,0,0,0,0,0,0,0,0,0,0,0,0,0,0,0,0
JPB:bin_000630,0,0,0,0,0,0,0,0,0,0,0,0,0,0,0,0,0,0,0,0,0,0,0,0,0,0,0,0,0,0,0,0,0,0,0,0,0,0,0,0,0,0
JPB:bin_000632,0,0,0,0,0,0,0,0,0,0,0,0,0,0,0,0,0,0,0,0,0,0,0,0,0,0,0,0,0,0,0,0,0,0,0,0,0,0,0,0,0,0
JPB:bin_000633,0,0,0,0,0,0,0,0,0,0,0,0,0,0,0,1.735,0,0,0,0,0,0,0,0,2.003,0,0,2.635,0,0,0,0,3.109,0,0,0,0,0,0,1.885,0,0
JPB:bin_000634,0,0,0,0,0,0,0,0,2.06,0,0,0,0,0,0,3.696,0,0,0,0,0,0,0,0,3.832,0,0,0,0,1.424,0,0,4.45,0,0,0,0,0,0,2.725,0,0
JPB:bin_000635,0,0,0,0,0,0,0,1.618,0,0,0,0,0,0,0,0,0,0,0,0,0,0,0,0,0,0,0,0,0,0,0,0,0,0,0,0,0,0,0,0,0,0
JPB:bin_000636,0,3.366,8.003,0,0,2.485,0,3.099,1.615,11.22,0,0,0,0,4.677,16.824,3.062,4.332,4.225,2.654,0,3.873,0,0,20.062,0,0,2.473,0,6.715,0,0,16.391,0,0,4.521,1.884,0,2.565,9.035,0,0
JPB:bin_000637,0,0,2.806,0,0,0,0,0,0,1.303,0,0,0,0,0,6.648,0,0,0,1.369,0,0,0,0,0,0,0,0,0,0,0,0,2.118,0,0,0,0,0,0,3.716,0,0
JPB:bin_000638,0,0,0,0,0,0,0,0,0,0,0,0,0,0,0,0,0,0,0,0,0,0,0,0,0,0,0,0,0,0,0,0,0,0,0,0,0,0,0,0,0,0
JPB:bin_000639,0,0,1.962,0,0,0,0,0,0,0,0,0,0,0,0,0,1.979,0,0,0,0,0,0,0,0,0,0,0,0,0,0,0,1.873,0,0,0,0,0,0,9.424,0,0
JPB:bin_000640,0,0,0,0,0,0,0,0,0,0,0,0,0,0,0,2.601,0,0,0,0,0,0,0,0,0,0,0,0,0,0,0,0,0,0,0,0,0,0,0,0,0,0
JPB:bin_000641,0,0,0,0,0,0,0,0,0,0,0,0,0,0,0,0,0,0,0,0,0,0,0,0,0,0,0,0,0,0,0,0,0,0,0,0,0,0,0,0,0,0
JPB:bin_000643,0,0,0,0,0,0,0,0,0,0,0,0,0,0,0,0,0,0,0,0,0,0,0,0,0,0,0,0,0,0,0,0,0,0,0,0,0,0,0,0,0,0
JPB:bin_000644,0,0,0,0,0,0,0,0,0,0,0,0,0,0,0,0,0,0,0,0,0,0,0,0,0,0,0,0,0,0,0,0,0,0,0,0,0,0,0,0,0,0
JPB:bin_000645,0,0,0,0,0,0,0,0,0,1.206,0,0,0,0,0,1.646,0,0,0,0,0,0,0,0,0,0,0,0,0,0,0,0,2.165,0,0,0,0,0,0,2.864,0,0
JPB:bin_000647,0,0,0,0,0,0,0,0,0,1.299,0,0,0,0,0,2.127,1.316,0,0,0,0,0,0,3.766,2.107,0,0,0,0,0,0,0,1.992,0,0,11.514,0,0,0,2.256,0,0
JPB:bin_000648,0,0,0,0,0,0,0,0,0,0,0,0,0,0,0,0,0,0,0,0,0,0,0,0,0,0,0,0,0,0,0,0,0,0,0,0,0,0,0,0,0,0
JPB:bin_000651,0,0,0,0,0,0,0,0,0,0,0,0,0,0,0,0,0,0,1.297,0,0,1.038,0,1.922,4.898,0,0,0,0,0,0,0,0,0,0,0,0,0,0,0,0,0
JPB:bin_000652,0,0,10.237,0,0,2.638,0,2.649,0,5.975,0,0,0,0,3.59,8.237,8.496,1.638,0,5.079,0,3.066,0,2.91,9.689,0,1.747,2.096,0,0,0,0,8.522,0,0,2.71,0,0,0,10.311,0,2.746
JPB:bin_000653,0,2.59,10.146,2.273,0,7.076,0,4.3,4.186,10.877,1.763,0,0,0,3.815,13.522,4.591,3.134,7.581,3.607,0,7.861,3.393,4.852,10.108,0,3.746,6.02,1.379,4.354,0,0,13.118,0.97,0,6.067,2.11,0,2.165,17.344,0,3.304
JPB:bin_000654,0,0,0,0,0,0,0,0,0,0,0,0,0,0,0,0,0,0,0,0,0,0,0,0,0,0,0,0,0,0,0,0,0,0,0,0,0,0,0,0,0,0
JPB:bin_000655,0,0,0,0,0,0,0,0,0,0,0,0,0,0,0,0,0,0,0,0,0,0,0,0,0,0,0,0,0,0,0,0,0,0,0,0,0,0,0,0,0,0
JPB:bin_000657,0,2.718,13.236,2.085,0,7.683,0,5.536,6.448,12.23,2.171,0,0,0,9.067,31.402,3.093,3.327,5.709,4.11,0,5.418,2.324,6.27,20.625,0,6.211,4.697,2.948,5.311,0,0,30.935,1.807,0,7.282,3.022,0,2.437,28.259,0,1.48
JPB:bin_000658,0,0,5.491,0,0,2.381,0,1.652,0,8.789,0,0,0,0,0,4.695,0,2.241,6.791,1.869,0,0,2.428,2.236,3.968,1.529,0,0,0,1.909,0,0,0,0,0,4.201,0,0,0,7.928,0,0
JPB:bin_000659,0,0,1.544,0,0,0,0,0,1.636,0,0,0,0,0,0,0,0,0,0,0,0,0,0,2.925,2.221,0,0,0,0,0,0,0,0,0,0,0,0,0,0,2.163,0,0
JPB:bin_000660,0,0,0,0,0,0,0,0,0,0,0,0,0,0,0,0,0,0,0,0,0,0,0,0,0,0,0,0,0,0,0,0,0,0,0,0,0,0,0,0,0,0
JPB:bin_000661,0,0,0,0,0,0,0,0,0,0,0,0,0,0,0,0,0,0,0,0,0,0,0,0,0,0,0,0,0,0,0,0,0,0,0,0,0,0,0,0,0,0
TJ1:bin_000004,0,1.501,7.619,0,0,4.615,0,0,4.816,4.645,0,0,0,0,1.386,14.79,0,0,3.027,0,0,2.464,2.416,4.675,2.385,0,1.543,3.643,0,0,0,0,16.046,0,0,1.891,0,0,0,10.54,0,0
TJ1:bin_000005,0,0,11.338,2.173,0,5.446,0,3.552,5.264,7.659,0,0,0,0,3.757,25.185,5.757,2.751,5.037,1.653,0,2.525,1.783,4.133,23.447,0,3.224,3.082,0,3.371,0,0,26.61,0.954,0,3.914,2.205,0,3.807,28.87,0,0
TJ1:bin_000006,0,15.973,65.278,18.684,0,43.647,3.697,18.759,23.411,48.896,20.331,7.108,2.091,0,32.993,117.624,11.943,14.232,25.207,12.539,0,39.329,15.164,27.626,97.082,10.899,18.192,32.674,13.864,40.65,1.435,0,100.018,9.939,0,35.978,12.425,2.151,16.24,91.378,1.691,11.419
TJ1:bin_000008,0,0,0,0,0,0,0,0,0,0,0,0,0,0,0,0,0,0,0,0,0,0,0,0,0,0,0,0,0,0,0,0,0,0,0,0,0,0,0,0,0,1.531
TJ1:bin_000010,0,10.975,25.237,8.887,0,11.686,0,14.358,5.585,25.115,0,0,0,0,3.898,30.646,10.394,2.202,8.642,6.258,0,5.53,1.72,7.461,75.537,4.257,9.132,49.864,6.187,25.756,1.409,0,72.448,2.138,0,7.086,17.295,1.645,8.822,30.425,0,17.252
TJ1:bin_000011,0,0,0,0,0,0,0,0,0,0,0,0,0,0,0,0,0,0,0,0,0,0,0,0,0,0,0,0,0,0,0,0,0,0,0,0,0,0,0,0,0,0
TJ1:bin_000016,0,0,0,0,0,0,0,0,0,0,0,0,0,0,0,0,0,0,0,0,0,0,0,0,3.267,0,0,0,0,0,0,0,2.186,0,0,0,0,0,0,1.555,0,0
TJ1:bin_000017,0,0,0,0,0,0,0,0,0,0,0,0,0,0,0,0,0,0,0,0,0,0,0,0,0,0,0,0,0,0,0,0,1.447,0,0,0,0,0,0,0,0,0
TJ1:bin_000023,0,0,3.618,0,0,4.347,0,0,1.875,4.049,0,0,0,0,0,12.128,1.408,1.743,0,0,0,0,0,3.258,10.327,0,4.093,0,0,1.697,0,0,7.956,0,0,2.99,0,0,0,15.36,0,0
TJ1:bin_000026,0,0,0,0,0,0,0,0,0,0,0,0,0,0,0,0,0,0,0,0,0,0,0,0,0,0,0,0,0,0,0,0,0,0,0,0,0,0,0,0,0,0
TJ1:bin_000028,0,0,3.178,0,0,0,0,0,2.495,2.48,0,0,0,0,0,5.348,0,0,0,0,0,0,0,0,5.544,0,0,1.932,0,4.972,0,0,6.898,0,0,0,0,0,0,3.416,0,0
TJ1:bin_000030,0,0,0,0,0,0,0,0,0,0,0,0,0,0,0,0,0,0,0,0,0,0,0,0,0,0,0,0,0,0,0,0,0,0,0,0,0,0,0,0,0,0
TJ1:bin_000031,0,0,1.766,0,0,0,0,0,0,0,0,0,0,0,0,5.472,0,0,0,0,0,0,0,1.57,4.24,0,0,1.386,0,0,0,0,3.784,0,0,7.976,0,0,1.183,3.319,0,0
TJ1:bin_000033,1.408,14.961,118.523,53.925,0,43.847,3.13,58.844,15.853,63,10.291,2.18,0,1.642,57.826,103.952,13.674,20.213,61.291,70.371,0,49.984,10.366,36.732,58.273,7.015,31.856,76.725,24.762,35.001,1.343,0,87.213,3.16,0,56.012,28.106,3.388,23.19,129.498,0,21.131
TJ1:bin_000037,0,2.806,3.943,1.803,0,0,0,0,1.642,4.535,1.604,0,0,0,3.614,7.847,2.258,0,3.564,3.076,0,1.926,2.88,2.102,19.246,0,0,1.443,0,2.955,0,0,7.396,0,0,5.635,2.184,0,0,8.877,0,0
TJ1:bin_000038,0,0,1.61,0,0,0,0,0,0,1.387,0,0,0,0,0,1.992,0,0,0,0,0,0,0,0,2.555,0,0,0,0,0,0,0,4.157,0,0,0,0,0,0,5.932,0,0
TJ1:bin_000042,0,0,0,0,0,0,0,0,0,0,0,0,0,0,0,0,0,0,0,0,0,0,0,0,0,0,0,0,0,0,0,0,0,0,0,0,0,0,0,0,0,0
TJ1:bin_000046,0,0,8.999,1.615,0,4.021,0,0,0,8.354,0,0,0,0,3.417,9.518,0,3.944,0,0,0,2.879,0,2.655,8.109,0,0,0,1.195,1.301,0,0,6.883,0,0,2.923,1.62,1.356,1.449,15.937,0,0
TJ1:bin_000047,0,0,8.48,1.485,0,3.307,0,2.655,3.032,6.946,5.436,0,0,0,3.377,11.23,3.264,3.257,7.341,4.483,0,4.184,2.218,7.309,23.756,0,6.826,2.473,3.601,2.999,0,0,12.956,0,0,0,0,0,0,7.781,0,2.349
TJ1:bin_000049,0,0,2.756,0,0,1.436,0,0,1.435,2.058,0,0,0,0,0,5.57,0,0,0,0,0,0,0,1.429,6.527,0,0,0,0,2.022,0,0,11.297,0,0,1.711,0,0,0,3.841,0,0
TJ1:bin_000053,0,0,0,0,0,0,0,0,0,2.267,0,0,0,0,1.572,3.808,0,0,0,0,0,0,0,0,3.584,0,0,0,0,0,0,0,2.822,0,0,0,0,0,0,4.64,0,0
TJ1:bin_000057,0,0,2.404,0,0,0,0,1.668,1.8,7.234,0,1.511,0,0,0,5.661,0,2.475,0,0,0,1.662,0,0,10.221,0,0,0,0,0,0,0,7.414,0,0,4.05,0,0,0,8.764,0,0
TJ1:bin_000062,0,0,3.984,0,0,1.533,0,0,0,2.967,0,0,0,0,2.758,4.749,0,0,0,0,0,0,0,0,7.003,0,0,0,0,0,0,0,6.245,0,0,0,0,0,0,8.142,0,0
TJ1:bin_000065,0,0,0,0,0,0,0,0,0,0,0,0,0,0,0,0,0,0,0,0,0,0,0,0,0,0,0,0,0,0,0,0,1.924,0,0,0,0,0,0,0,0,0
TJ1:bin_000071,0,0,5.476,3.406,0,0,0,1.559,5.219,5.344,0,0,0,0,2.066,25.063,2.001,0,9.341,1.879,0,2.677,0,0,29.241,0,2.05,1.695,0,2.356,0,0,8.474,2.558,0,0,2.066,0,2.051,8.932,0,4.251
TJ1:bin_000072,0,0,0,0,0,0,0,0,0,0,0,0,0,0,0,0,0,0,0,0,0,0,0,0,0,0,0,0,0,0,0,0,0,0,0,0,0,0,0,0,0,0
TJ1:bin_000075,0,0,2.944,0,0,0,0,2.028,0,1.927,0,0,0,0,0,4.213,0,0,0,0,0,0,0,0,2.21,0,0,0,0,0,0,0,6.48,0,0,0,0,0,0,3.42,0,0
TJ1:bin_000077,0,1.242,9.235,1.241,0,7.396,0,3.835,1.698,10.058,0,1.319,0,0,3.726,22.247,1.863,2.565,4.149,0,0,4.15,0,3.245,5.566,2.458,1.829,10.336,2.223,5.69,0,0,29.076,0.989,0,4.285,5.209,0,3.469,25.226,0,2.723
TJ1:bin_000082,0,2.899,0,0,0,0,0,0,4.152,1.604,0,0,0,0,0,0,0,0,0,0,0,0,0,0,3.308,0,0,0,0,4.134,0,0,1.332,0,0,0,0,0,0,2.359,0,0
TJ1:bin_000085,0,0,0,0,0,0,0,0,0,0,0,0,0,0,0,0,0,0,0,0,0,0,0,0,0,0,0,0,0,0,0,0,0,0,0,0,0,0,0,0,0,0
TJ1:bin_000086,0,1.612,3.144,0,0,0,0,0,0,1.47,0,0,0,0,0,3.266,1.304,0,1.288,0,0,0,0,1.907,5.528,0,0,3.245,0,4.499,0,0,2.699,0,0,0,2.002,0,0,3.783,0,1.646
TJ1:bin_000088,0,0,0,0,0,0,0,0,0,0,0,0,0,0,0,0,0,0,0,0,0,0,0,0,0,0,0,0,0,0,0,0,0,0,0,0,0,0,0,0,0,0
TJ1:bin_000089,0,0,3.629,0,0,0,0,0,0,2.523,0,0,0,0,0,5.158,1.674,0,0,0,0,0,0,0,4.526,0,0,0,0,1.942,0,0,6.853,0,0,2.236,0,0,0,6.098,0,0
TJ1:bin_000092,0,0,0,0,0,0,0,0,0,0,0,0,0,0,0,0,0,0,0,0,0,0,0,0,0,0,0,0,0,0,0,0,0,0,0,0,0,0,0,0,0,0
TJ1:bin_000093,0,0,0,3.125,0,1.69,0,0,0,0,0,0,0,0,0,1.724,0,0,0,0,0,0,0,3.485,2.257,0,2.096,0,0,1.967,0,0,2.655,0,0,1.753,0,0,0,0,0,0
TJ1:bin_000094,0,0,3.448,1.564,0,3.493,0,2.039,0,3.131,0,0,0,0,1.908,5.763,0,1.545,1.273,2.131,0,3.14,0,0,2.123,1.391,0,1.99,0,3.075,0,0,5.877,0,0,1.383,0,0,0,4.135,0,0
TJ1:bin_000097,0,0,11.077,2.32,0,2.091,0,0,0,4.223,0,0,0,0,3.394,14.896,3.027,3.273,6.542,1.328,0,1.111,0,3.057,8.396,1.69,0,3.674,3.095,2.899,0,0,8.459,0,0,2.772,1.65,0,1.608,11.521,0,0
TJ1:bin_000101,0,1.886,9.512,3.449,0,6.294,0,2.226,2.24,8.121,0,0,0,0,4.169,8.712,0,1.693,4.901,2.11,0,2.328,0,5.887,11.797,0,1.479,4.605,1.975,2.785,0,0,12.393,0,0,4.006,3.142,0,1.81,12.456,0,1.553
TJ1:bin_000109,0,0,0,0,0,0,0,0,0,0,0,0,0,0,0,0,0,0,0,0,0,0,0,0,0,0,0,0,0,0,0,0,0,0,0,0,0,0,0,0,0,0
TJ1:bin_000112,0,0,0,0,0,0,0,0,0,0,0,0,0,0,0,1.413,0,0,0,0,0,0,0,0,1.913,0,0,2.236,0,1.722,0,0,0,0,0,0,0,0,0,1.945,0,0
TJ1:bin_000114,0,0,0,0,0,0,0,0,0,0,0,0,0,0,0,0,0,0,0,0,0,0,0,0,0,0,0,0,0,0,0,0,0,0,0,0,0,0,0,0,0,0
TJ1:bin_000117,0,0,0,0,0,0,0,0,0,0,0,0,0,0,0,0,0,0,0,0,0,0,0,0,0,0,0,0,0,0,0,0,0,0,0,0,0,0,0,0,0,0
TJ1:bin_000119,0,0,2.222,0,0,1.333,0,0,0,1.827,0,0,0,0,0,2.394,0,0,0,0,0,0,0,0,0,0,1.35,1.683,0,1.373,0,0,4.241,0,0,0,0,0,0,4.088,0,0
TJ1:bin_000121,0,0,4.649,2.284,0,1.419,0,0,0,2.617,0,0,0,0,1.65,6.239,1.45,0,0,0,0,0,0,2.694,9.695,1.691,0,0,0,1.416,0,0,8.99,0,0,0,0,0,0,14.702,0,0
TJ1:bin_000124,0,3.089,19.772,6.373,0,9.624,0,7.369,8.289,11.171,4.194,0,0,0,4.256,52.501,3.25,6.091,8.052,0,0,3.951,3.541,8.844,40.146,0,3.166,6.209,3.193,11.971,0,0,31.215,1.553,0,11.726,3.932,0,5.69,25.911,0,2.694
TJ1:bin_000126,0,0,0,0,0,0,0,0,0,0,0,0,0,0,0,0,0,0,0,0,0,0,0,0,0,0,0,0,0,0,0,0,0,0,0,0,0,0,0,0,0,0
TJ1:bin_000133,0,0,2.834,0,0,0,0,0,0,0,0,0,0,0,0,0,0,0,0,0,0,0,0,0,0,0,0,0,0,0,0,0,0,0,0,0,0,0,0,0,0,0
TJ1:bin_000134,0,0,0,0,0,0,0,0,0,0,0,0,0,0,0,0,0,0,0,0,0,0,0,0,0,0,0,0,0,0,0,0,0,0,0,0,0,0,0,0,0,0
TJ1:bin_000137,0,0,1.468,0,0,0,0,0,0,1.137,0,0,0,0,0,2.076,0,0,0,0,0,0,0,0,2.713,0,0,2.998,0,0,0,0,1.965,0,0,0,0,0,0,0,0,0
TJ1:bin_000138,0,0,0,0,0,0,0,0,0,0,0,0,0,0,0,0,0,0,0,0,0,0,0,0,0,0,0,0,0,0,0,0,0,0,0,0,0,0,0,0,0,0
TJ1:bin_000143,0,0,0,0,0,0,0,0,0,0,0,0,0,0,0,0,0,0,0,0,0,0,0,0,0,0,0,0,0,0,0,0,0,0,0,0,0,0,0,0,0,0
TJ1:bin_000144,0,0,0,0,0,0,0,0,0,1.764,0,0,0,0,0,0,0,0,0,0,0,0,0,0,0,0,0,0,0,0,0,0,0,0,0,0,0,0,0,8.711,0,0
TJ1:bin_000147,0,0,0,0,0,0,0,0,0,0,0,0,0,0,0,0,0,0,0,0,0,0,0,0,0,0,0,0,0,0,0,0,0,0,0,0,0,0,0,0,0,0
TJ1:bin_000149,0,0,0,0,0,0,0,0,0,0,0,0,0,0,0,2.093,0,0,0,0,0,0,0,0,1.595,0,0,1.554,0,0,0,0,0,0,0,0,0,0,0,2.224,0,0
TJ1:bin_000151,0,0,0,0,0,0,0,0,0,0,0,0,0,0,0,0,0,0,0,0,0,0,0,0,0,0,0,0,0,0,0,0,0,0,0,0,0,0,0,0,0,0
TJ1:bin_000159,0,0,13.426,1.929,0,5.626,0,2.267,3.406,9.382,0,0,0,0,4.049,26.565,4.967,2.539,2.431,0,0,1.813,0,3.611,14.77,0,4.19,2.72,2.253,6.611,0,0,26.589,1.846,0,3.703,2.597,0,3.087,25.063,0,1.949
TJ1:bin_000163,0,0,1.825,0,0,0,0,0,0,2.18,0,0,0,0,0,0,0,0,0,0,0,0,0,0,0,0,0,0,0,0,0,0,0,0,0,0,0,0,0,1.718,0,0
TJ1:bin_000164,0,0,0,0,0,0,0,0,1.237,0,0,0,0,0,0,0,0,0,0,0,0,0,0,0,0,0,0,0,0,0,0,0,3.289,0,0,0,0,0,0,1.675,0,0
TJ1:bin_000166,0,0,0,0,0,0,0,0,0,0,0,0,0,0,0,0,0,0,0,0,0,0,0,0,1.932,0,0,0,0,0,0,0,2.49,0,0,0,0,0,0,2.76,0,0
TJ1:bin_000167,0,0,0,0,0,0,0,0,0,0,0,0,0,0,0,0,0,0,0,0,0,0,0,0,0,0,0,0,0,0,0,0,0,0,0,0,0,0,0,0,0,0
TJ1:bin_000168,0,0,0,0,0,0,0,0,0,0,0,0,0,0,0,0,0,0,0,0,0,0,0,0,0,0,0,0,0,0,0,0,0,0,0,0,0,0,0,0,0,0
TJ1:bin_000173,0,0,0,0,0,0,0,0,0,0,0,0,0,0,0,0,0,0,0,0,0,0,0,0,2.201,0,0,0,0,0,0,0,0,0,0,0,0,0,0,0,0,0
TJ1:bin_000175,0,0,0,0,0,0,0,0,0,0,0,0,0,0,0,0,0,0,0,0,0,0,0,0,0,0,0,0,0,0,0,0,4.996,0,0,0,0,0,0,3.743,0,0
TJ1:bin_000177,0,0,0,0,0,0,0,0,0,0,0,0,0,0,0,0,0,0,0,0,0,0,0,0,0,0,0,0,0,0,0,0,2.525,0,0,1.515,0,0,0,1.441,0,0
TJ1:bin_000183,0,0,0,0,0,0,0,0,0,1.177,0,0,0,0,0,0,0,0,0,0,0,0,0,0,0,0,0,0,0,0,0,0,0,0,0,0,0,0,0,0,0,0
TJ1:bin_000191,0,0,0,0,0,0,0,0,0,0,0,0,0,0,0,0,0,0,0,0,0,0,0,0,0,0,0,0,0,0,0,0,0,0,0,0,0,0,0,0,0,0
TJ1:bin_000194,0,0,0,0,0,0,0,0,0,0,0,0,0,0,0,0,0,0,0,0,0,0,0,0,0,0,0,0,0,0,0,0,5.568,0,0,0,0,0,0,4.386,0,0
TJ1:bin_000196,0,0,0,0,0,0,0,0,0,0,0,0,0,0,0,0,0,0,0,0,0,0,0,0,1.531,0,1.389,0,0,0,0,0,3.834,0,0,0,0,0,1.517,0,0,0
TJ1:bin_000197,0,0,1.295,0,0,0,0,0,0,0,0,0,0,0,0,3.776,0,0,0,0,0,0,0,0,0,0,0,0,0,0,0,0,2.066,0,0,0,0,0,0,2.423,0,0
TJ1:bin_000199,0,1.523,13.948,3.442,0,6.707,0,1.444,3.337,5.21,2.506,0,0,0,9.882,17.927,0,2.588,3.71,3.699,0,2.766,1.539,6.522,23.245,0,1.932,4.025,0,2.892,0,0,11.435,1.121,0,4.888,9.929,0,1.711,13.958,0,0
TJ1:bin_000211,0,0,2.047,0,0,2.464,0,0,2.756,2.949,0,0,0,0,0,7.937,0,1.794,1.878,0,0,0,0,3.195,6.694,0,2.335,0,0,0,0,0,9.631,0,0,0,0,0,1.551,7.897,0,0
TJ1:bin_000214,0,0,9.206,2.269,0,6.229,0,2.545,3.008,15.104,1.422,0,0,0,2.53,9.629,2.494,2.539,3.655,1.37,0,1.396,2.375,6.17,10.559,0,1.842,2.697,0,6.388,0,0,13.267,0,0,3.834,2.947,0,8.556,10.284,0,0
TJ1:bin_000217,0,0,1.809,0,0,6.693,0,0,3.102,1.779,0,0,0,0,0,5.144,0,0,0,0,0,0,0,2.984,24.958,0,5.17,0,0,0,0,0,3.408,1.966,0,0,0,0,4.553,2.378,0,0
TJ1:bin_000219,0,0,6.737,0,0,4.288,0,0,1.969,2.976,0,0,0,0,2.566,8.463,0,2.98,0,0,0,2.123,0,2.557,8.918,0,1.703,3.243,2.305,0,0,0,9.22,0,0,3.839,0,0,0,12.302,0,0
TJ1:bin_000222,0,0,7.97,1.861,0,4.983,0,2.73,0,5.107,0,0,0,0,1.556,10.831,2.167,8.637,1.979,0,0,1.802,0,4.3,15.675,0,0,2.251,0,2.348,0,0,5.872,0,0,3.964,2.353,0,1.197,10.826,0,0
TJ1:bin_000223,0,0,0,0,0,0,0,0,0,0,0,0,0,0,0,0,0,0,0,0,0,0,0,0,0,0,0,0,0,0,0,0,0,0,0,0,0,0,0,0,0,0
TJ1:bin_000225,0,0,0,0,0,0,0,1.333,0,2.086,0,0,0,0,0,2.33,0,0,0,0,0,0,0,0,3.412,0,0,0,0,0,0,0,2.577,0,0,0,0,0,0,0,0,0
TJ1:bin_000227,0,2.279,10.574,3.376,0,10.599,0,4.095,4.223,7.627,2.357,0,0,0,4.1,22.006,2.758,4.613,3.298,0,0,3.66,2.301,5.876,22.912,0,7.718,3.563,2.105,3.767,0,0,20.757,1.846,0,5.347,0,0,1.482,16.994,0,0
TJ1:bin_000240,0,0,0,0,0,0,0,0,0,0,0,0,0,0,0,0,0,0,0,0,0,0,0,0,0,0,0,0,0,0,0,0,0,0,0,0,0,0,0,0,0,0
TJ1:bin_000246,0,0,0,0,0,0,0,0,0,0,0,0,0,0,0,0,0,0,0,0,0,0,0,0,0,0,0,0,0,0,0,0,0,0,0,0,0,0,0,0,0,0
TJ1:bin_000248,0,0,0,0,0,0,0,0,0,0,0,0,0,0,0,0,0,0,0,0,0,0,0,0,1.776,0,0,0,0,0,0,0,0,0,0,0,0,0,0,0,0,0
TJ1:bin_000249,0,1.385,2.36,0,0,1.551,0,1.252,0,0,0,0,0,0,2.233,2.052,0,0,1.633,0,0,0,0,0,2.583,0,0,0,1.314,0,0,0,0,0,0,1.93,0,0,0,6.399,0,1.464
TJ1:bin_000252,0,0,9.934,4.623,0,6.817,0,2.261,3.138,18.303,1.406,0,0,0,4.674,16.587,3.674,6.376,4.516,1.357,0,2.672,0,6.073,17.071,0,3.665,6.531,2.852,4.521,0,0,19.201,0,0,4.23,2.959,0,1.68,8.583,0,0
TJ1:bin_000254,0,0,3.561,0,0,0,0,1.927,3.994,3.571,0,0,0,0,2.527,4.883,0,0,3.988,0,0,1.857,0,0,9.126,0,0,0,0,0,0,0,3.646,0,0,7.554,0,0,0,7.251,0,0
TJ1:bin_000260,0,0,11.927,2.723,0,5.271,0,2.148,3.557,11.141,0,0,0,0,3.04,22.037,3.867,2.505,1.912,0,0,1.715,0,4.8,15.472,0,2.207,2.169,2.002,6.383,0,0,28.18,1.59,0,3.712,3.967,0,4.947,18.795,0,0
TJ1:bin_000269,0,0,0,0,0,0,0,0,0,0,0,0,0,0,0,0,0,0,0,0,0,0,0,0,0,0,0,0,0,0,0,0,0,0,0,0,0,0,0,0,0,0
TJ1:bin_000276,0,0,0,0,0,0,0,0,0,0,0,0,0,0,0,0,0,0,0,0,0,0,0,0,0,0,0,0,0,0,0,0,0,0,0,0,0,0,0,0,0,0
TJ1:bin_000278,0,0,6.924,2.019,0,1.842,0,1.8,1.71,5.885,0,0,0,0,2.605,10.795,0,2.879,2.812,1.24,0,2.261,0,2.22,8.695,0,2.07,1.249,0,2.814,0,0,7.093,0,0,4.481,0,0,1.701,9.938,0,0
TJ1:bin_000279,0,2.243,14.802,3.71,0,8.488,0,2.831,3.092,9.466,0,0,0,0,9.092,22.964,5.695,1.904,3.465,0,0,2.348,0,5.497,17.974,2.347,4.641,4.002,2.666,6.723,0,0,25.866,1.909,0,9.132,4.869,0,4.062,22.309,0,1.991
TJ1:bin_000280,0,0,0,0,0,0,0,0,0,0,0,0,0,0,0,0,0,0,0,0,0,0,0,0,0,0,0,0,0,0,0,0,0,0,0,0,0,0,0,0,0,0
TJ1:bin_000285,0,0,0,0,0,0,0,0,0,0,0,0,0,0,0,1.654,0,0,0,0,0,0,0,0,0,0,0,0,0,0,0,0,0,0,0,0,0,0,0,0,0,0
TJ1:bin_000290,0,0,0,0,0,0,0,0,0,0,0,0,0,0,0,0,0,0,0,0,0,0,0,0,0,0,0,0,0,0,0,0,0,0,0,0,0,0,0,0,0,0
TJ1:bin_000299,0,0,0,0,0,0,0,0,0,0,0,0,0,0,0,0,0,0,0,0,0,0,0,0,0,0,0,0,0,0,0,0,0,0,0,0,0,0,0,0,0,0
TJ1:bin_000306,0,0,8.922,0,0,3.569,0,2.225,0,7.069,0,0,0,0,5.175,12.315,2.926,2.118,1.953,0,0,1.269,0,4.686,15.822,0,4.163,2.1,2.129,3.366,0,0,13.472,1.487,0,5.656,0,0,1.849,12.264,0,0
TJ1:bin_000307,0,0,3.024,0,0,2.404,0,0,0,3.253,1.492,0,0,0,2.489,7.45,0,2.369,0,0,0,0,0,1.889,5.946,0,1.603,2.625,0,1.507,0,0,10.931,0,0,2.321,0,0,0,5.978,0,0
TJ1:bin_000309,0,1.843,4.379,1.409,0,0,0,0,0,2.4,0,0,0,0,1.334,5.536,0,0,0,0,0,0,0,0,4.936,0,2.114,2.296,0,0,0,0,3.338,0,0,0,0,0,1.55,4.879,0,0
TJ1:bin_000313,0,0,0,0,0,0,0,0,0,4.108,0,0,0,0,0,8.544,0,0,0,0,0,0,0,0,6.678,0,0,0,0,0,0,0,10.408,0,0,0,0,0,0,0,0,0
TJ1:bin_000317,0,0,2.587,0,0,0,0,0,0,0,0,0,0,0,0,0,0,0,0,0,0,0,0,0,0,0,0,0,0,0,0,0,3.079,0,0,0,0,0,0,2.453,0,0
TJ1:bin_000319,0,0,3.723,0,0,0,0,0,0,0,0,0,0,0,0,4.235,0,0,0,0,0,0,0,0,4.116,0,0,0,0,0,0,0,3.093,0,0,2.59,0,0,0,0,0,0
TJ1:bin_000320,0,0,1.861,0,0,0,0,0,0,1.4,0,0,0,0,0,2.761,0,0,0,0,0,0,0,2.038,4.626,0,0,0,0,0,0,0,3.912,0,0,0,0,0,0,4.536,0,0
TJ1:bin_000322,0,2.236,15.435,4.873,0,7.844,0,4.379,5.627,9.062,1.88,1.599,0,0,7.186,24.619,2.938,3.34,4.721,3.106,0,3.899,3.155,10.897,30.124,0,4.886,6.473,3.616,5.33,0,0,20.723,1.115,0,7.852,3.159,0,4.992,18.579,0,0
TJ1:bin_000328,0,0,0,0,0,0,0,0,0,0,0,0,0,0,0,0,0,0,0,0,0,0,0,0,0,0,0,0,0,0,0,0,0,0,0,0,0,0,0,0,0,0
TJ1:bin_000340,0,0,0,0,0,0,0,0,0,0,0,0,0,0,0,0,0,0,0,0,0,0,0,0,0,0,0,0,0,0,0,0,0,0,0,0,0,0,0,0,0,0
TJ1:bin_000342,0,3.576,28.574,5.272,0,18.324,2.018,4.893,7.379,17.612,2.269,2.605,0,0,11.842,44.07,7.489,8.414,6.856,2.487,0,7.913,3.383,11.112,43.951,3.361,14.447,5.204,3.744,11.272,0,0,47.194,3.439,0,13.762,3.685,0,6.811,31.474,0,2.531
TJ1:bin_000354,0,0,0,0,0,0,0,0,0,0,0,0,0,0,0,0,0,0,0,0,0,0,0,0,0,0,0,0,0,0,0,0,0,0,0,0,0,0,0,0,0,0
TJ1:bin_000355,0,0,1.482,0,0,0,0,0,0,0,0,0,0,0,0,2.419,0,0,0,0,0,0,0,0,2.727,0,0,0,0,0,0,0,2.295,0,0,0,0,0,0,1.476,0,0
TJ1:bin_000360,0,0,2.506,0,0,0,0,0,0,0,0,0,0,0,0,0,0,0,0,0,0,0,0,0,2.765,0,0,0,0,0,0,0,3.078,0,0,0,0,0,0,0,0,0
TJ1:bin_000368,0,0,0,0,0,0,0,0,0,0,0,0,0,0,0,0,0,0,0,0,0,0,0,0,0,0,0,0,0,0,0,0,0,0,0,0,0,0,0,0,0,0
TJ1:bin_000377,0,0,0,0,0,0,0,0,0,0,0,0,0,0,0,0,0,0,0,0,0,0,0,0,0,0,0,0,0,0,0,0,0,0,0,0,0,0,0,0,0,0
TJ1:bin_000390,0,0,0,0,0,0,0,0,0,0,0,0,0,0,0,0,0,0,0,0,0,0,0,0,0,0,0,0,0,0,0,0,0,0,0,0,0,0,0,0,0,0
TJ1:bin_000391,0,0,3.507,0,0,0,0,0,0,1.922,0,0,0,0,0,6.529,0,0,0,0,0,0,0,0,4.726,0,0,0,0,0,0,0,3.302,0,0,0,0,0,0,0,0,0
TJ2:bin_000001,0,1.283,6.192,2.535,0,10.48,0,4.33,1.481,6.653,0,0,0,0,2.701,6.254,0,2.003,6.88,0,0,1.951,3.533,2.616,17.73,0,1.64,3.713,0,1.276,0,0,6.539,0,0,12.288,2.521,0,1.831,6.244,0,1.215
TJ2:bin_000002,0,0,0,0,0,0,0,0,0,0,0,0,0,0,0,1.89,0,0,0,0,0,0,0,0,0,0,0,0,0,0,0,0,0,0,0,0,0,0,0,0,0,0
TJ2:bin_000003,4.701,6.938,20.535,2.693,0,397.865,4.9,7.12,6.771,65.585,5.336,18.034,6.545,0,34.356,115.423,2.137,33.692,13.253,2.722,10.131,37.043,9.471,45.467,270.784,1.71,267.289,6.386,4.813,7.639,1.508,0,134.55,57.021,0,50.476,0,3.818,164.761,456.017,0,1.896
TJ2:bin_000004,0,0,0,0,0,0,0,0,0,0,0,0,0,0,0,1.387,0,0,0,0,0,0,0,0,0,0,0,0,0,0,0,0,0,0,0,0,0,0,0,0,0,0
TJ2:bin_000005,0,0,0,0,0,0,0,0,0,0,0,0,0,0,0,0,0,0,0,0,0,0,0,0,0,0,0,0,0,0,0,0,1.742,0,0,1.846,1.589,0,0,0,0,0
TJ2:bin_000006,0,1.611,23.899,2.567,0,12.309,0,3.479,7.215,14.89,2.101,0,1.578,0,10.353,15.381,2.613,7.144,18.022,9.798,0,6.652,4.949,6.724,13.592,2.729,3.02,9.28,1.47,8.941,0,0,30.194,0,0,17.755,3.489,1.477,0,15.005,0,0
TJ2:bin_000007,1.735,15.146,64.774,11.554,0,29.572,2.15,20.237,7.745,33.968,11.066,5.863,7.443,0,37.129,70.533,8.652,13.724,31.724,23.059,0,33.88,8.39,9.484,97.03,11.776,13.426,26.926,13.056,26.927,1.238,4.467,66.888,7.238,0,31.925,13.088,4.834,13.243,98.934,0,6.553
TJ2:bin_000009,0,0,13.196,3.331,0,4.393,0,5.329,0,8.016,0,0,0,0,0,19.518,0,0,0,0,0,0,0,0,13.906,0,0,8.087,0,6.711,0,0,25.192,0,0,5.743,0,0,0,17.301,0,0
TJ2:bin_000010,0,0,1.408,0,0,0,0,0,0,0,0,0,0,0,0,2.168,0,0,0,0,0,0,0,0,0,0,0,0,0,0,0,0,2.272,0,0,0,0,0,0,2.197,0,0
TJ2:bin_000014,0,0,0,0,0,0,0,0,0,0,0,0,0,0,0,0,0,0,0,0,0,0,0,0,0,0,0,0,0,0,0,0,0,0,0,0,0,0,0,0,0,0
TJ2:bin_000015,0,3.855,19.27,7.036,0,5.099,0,6.642,1.866,11.713,4.058,0,0,0,8.456,18.628,4.159,1.936,6.881,3.634,0,7.72,2.769,1.859,22.996,1.519,3.203,7.729,4.324,8.122,0,0,18.122,1.246,0,2.379,2.436,0,3.179,13.611,0,0
TJ2:bin_000016,0,0,4.471,0,0,2.171,0,2.438,4.567,6.966,0,0,0,0,1.597,10.572,1.542,0,2.74,0,0,0,2.269,0,10.076,0,0,4.125,0,4.675,0,0,16.858,0,0,4.256,1.563,0,0,13.268,0,0
TJ2:bin_000018,0,0,2.051,0,0,0,0,0,0,0,0,0,0,0,0,0,0,0,0,0,0,0,0,0,0,0,0,0,0,0,0,0,2.276,0,0,0,0,0,0,1.293,0,0
TJ2:bin_000019,0,0,0,0,0,0,0,0,0,0,0,0,0,0,0,0,0,0,0,0,0,0,0,0,0,0,0,0,0,0,0,0,0,0,0,0,0,0,0,0,0,0
TJ2:bin_000020,0,0,0,0,0,0,0,0,0,0,0,0,0,0,0,0,0,0,0,0,0,0,0,0,0,0,0,0,0,0,0,0,0,0,0,0,0,0,0,0,0,0
TJ2:bin_000029,0,0,3.297,4.161,0,0,0,2.015,8.088,1.814,0,0,0,0,0,9.159,0,1.778,1.561,0,0,0,0,0,4.007,0,0,0,0,0,0,0,6.469,0,0,1.627,0,0,0,5.211,0,0
TJ2:bin_000030,0,0,1.318,0,0,0,0,0,0,0,0,0,0,0,0,2.457,0,0,0,0,0,0,0,0,2.585,0,0,0,0,0,0,0,5.332,0,0,0,0,0,0,2.119,0,0
TJ2:bin_000035,0,0,1.581,0,0,2.23,0,0,0,0,0,0,0,0,0,4.56,0,0,0,0,0,0,0,0,2.44,0,0,0,0,0,0,0,4.44,0,0,0,0,0,0,4.385,0,0
TJ2:bin_000037,0,4.039,9.413,2.314,0,6.36,0,7.875,1.972,7.409,1.754,0,0,0,3.071,18.446,3.904,1.257,1.467,1.508,0,4.064,0,2.68,12.53,2.256,5.354,7.418,4.141,7.436,0,0,17.001,1.629,0,4.246,2.373,0,1.219,15.886,0,2.709
TJ2:bin_000039,0,3.442,15.698,4.804,0,13.501,0,8.096,4.724,13.507,4.775,0,0,0,5.697,24.801,3.611,2.32,7.271,5.624,0,9.37,3.182,8.032,11.368,0,4.429,10.337,3.428,8.447,0,0,21.639,0,0,16.363,5.964,0,3.427,22.635,0,1.326
TJ2:bin_000041,0,0,17.446,1.454,0,1.745,0,0,3.725,2.162,0,0,0,0,0,31.865,0,9.922,0,0,0,3.311,3.577,0,25.585,0,1.704,3.964,0,2.045,0,0,11.154,0,0,6.948,0,0,0,3.267,0,0
TJ2:bin_000043,0,0,4.985,0,0,1.901,0,0,0,3.592,0,0,0,0,1.324,2.716,0,0,1.868,1.591,0,1.161,0,0,2.042,0,0,1.379,0,1.367,0,0,3.291,0,0,4.177,1.209,0,0,3.145,0,2.131
TJ2:bin_000046,0,0,3.077,0,0,0,0,0,0,0,0,0,0,0,0,1.678,0,0,0,0,0,0,0,0,2.605,0,0,0,0,0,0,0,3.709,0,0,0,0,0,0,2.99,0,0
TJ2:bin_000048,0,0,0,0,0,0,0,0,0,0,0,0,0,0,0,0,0,0,0,0,0,0,0,0,0,0,0,0,0,0,0,0,0,0,0,0,0,0,0,0,0,0
TJ2:bin_000049,0,0,0,0,0,0,0,0,0,0,0,0,0,0,0,0,0,0,0,0,0,0,0,0,0,0,0,0,0,0,0,0,0,0,0,0,0,0,0,0,0,0
TJ2:bin_000053,0,0,1.983,0,0,1.367,0,1.443,0,1.449,0,0,0,0,0,3.785,0,0,0,0,0,0,0,1.286,3.361,0,1.377,1.389,0,1.212,0,0,3.473,0,0,1.591,1.361,0,0,5.235,0,0
TJ2:bin_000061,0,0,5.905,0,0,1.314,0,1.573,2.355,1.613,0,0,0,0,0,10.494,0,0,2.064,0,0,0,1.468,1.772,6.549,0,0,0,0,2.004,0,0,8.175,0,0,1.987,0,0,0,2.672,0,0
TJ2:bin_000065,0,2.164,9.912,2.307,0,2.22,0,0,1.321,3.851,0,0,0,0,1.736,10.722,0,4.479,5.968,8.981,0,2.961,3.607,4.654,3.541,0,0,0,0,1.673,0,0,3.398,1.06,0,8.532,0,0,0,17.548,0,0
TJ2:bin_000070,0,0,9.156,2.236,0,6.456,0,4.116,5.455,11.533,1.745,0,0,0,2.223,18.989,1.559,4.074,5.577,2.767,0,3.594,0,2.206,15.454,0,1.433,4.67,0,5.144,0,0,10.148,1.146,0,6.115,2.931,0,2.147,14.119,0,4.641
TJ2:bin_000072,0,0,8.017,2.282,0,3.75,0,1.342,3.42,4.56,0,0,0,0,3.95,10.798,2.841,2.963,5.375,2.864,0,6.028,1.792,4.37,21.56,0,3.298,2.984,1.888,3.026,0,0,7.347,1.137,0,7.851,2.84,0,1.579,9.816,0,0
TJ2:bin_000076,0,0,3.93,0,0,0,0,0,0,2.562,0,0,0,0,1.457,2.714,1.288,0,0,0,0,1.842,0,0,6.659,0,0,0,0,0,0,0,3.923,0,0,0,0,0,0,4.817,0,0
TJ2:bin_000081,0,0,0,0,0,0,0,0,0,0,0,0,0,0,0,0,0,0,0,0,0,0,0,0,0,0,0,0,0,0,0,0,0,0,0,0,0,0,0,0,0,0
TJ2:bin_000087,0,0,7.069,2.254,0,0,0,0,0,2.819,0,0,0,0,2.493,8.403,0,1.379,1.862,1.25,0,1.569,0,1.388,8.857,0,0,2.308,0,1.655,0,0,7.07,0,0,2.035,1.214,0,0,4.57,0,0
TJ2:bin_000093,0,0,0,0,0,0,0,0,0,0,0,0,0,0,0,0,0,0,0,0,0,0,0,0,0,0,0,0,0,0,0,0,0,0,0,0,0,0,0,0,0,0
TJ2:bin_000094,0,0,0,0,0,0,0,0,0,0,0,0,0,0,0,0,0,0,0,0,0,0,0,0,0,0,0,0,0,0,0,0,0,0,0,0,0,0,0,0,0,0
TJ2:bin_000096,0,0,0,0,0,0,0,0,0,0,0,0,0,0,0,0,0,0,0,0,0,0,0,0,0,0,0,0,0,0,0,0,0,0,0,0,0,0,0,0,0,0
TJ2:bin_000100,0,0,0,0,0,0,0,0,0,0,0,0,0,0,0,0,0,0,0,0,0,0,0,0,0,0,0,0,0,0,0,0,0,0,0,0,0,0,0,0,0,0
TJ2:bin_000105,0,0,7.155,0,0,5.001,0,0,0,6.226,0,0,0,0,3.894,12.054,0,0,0,0,0,3.87,0,0,13.747,0,1.994,4.007,0,4.151,0,0,11.937,0,0,3.321,2.478,0,0,14.101,0,0
TJ2:bin_000109,0,0,0,0,0,0,0,0,0,0,0,0,0,0,0,0,0,0,0,0,0,0,0,0,0,0,0,0,0,1.238,0,0,0,0,0,0,0,0,0,0,0,0
TJ2:bin_000111,0,0,2.527,0,0,0,0,0,1.342,1.378,0,0,0,0,0,0,0,0,0,0,0,0,0,0,3.548,0,0,2.022,0,1.347,0,0,3.954,0,0,0,1.727,0,0,1.386,0,0
TJ2:bin_000118,0,0,0,0,0,0,0,0,0,0,0,0,0,0,0,0,0,0,0,0,0,0,0,0,0,0,0,0,0,0,0,0,0,0,0,0,0,0,0,0,0,0
TJ2:bin_000134,0,0,6.271,0,0,1.485,0,0,2.024,5.963,0,0,0,0,2.128,6.339,0,0,0,0,0,1.846,0,1.325,4.414,0,0,0,0,1.499,0,0,7.03,0,0,1.487,0,0,0,4.593,0,0
TJ2:bin_000139,0,0,0,0,0,0,0,0,0,0,0,0,0,0,0,0,0,0,0,0,0,0,0,0,0,0,0,0,0,0,0,0,3.852,0,0,0,0,0,0,2.967,0,0
TJ2:bin_000142,0,0,1.365,0,0,1.4,0,0,0,0,0,0,0,0,0,1.684,0,0,0,0,0,0,0,0,2.607,0,1.451,0,0,0,0,0,2.606,0,0,0,0,0,0,3.144,0,0
TJ2:bin_000143,0,0,0,0,0,0,0,0,0,0,0,0,0,0,0,0,0,0,0,0,0,0,0,0,0,0,0,0,0,0,0,0,0,0,0,0,0,0,0,0,0,0
TJ2:bin_000144,0,0,0,0,0,0,0,0,0,0,0,0,0,0,0,0,0,0,0,0,0,0,0,0,0,0,0,0,0,0,0,0,0,0,0,0,0,0,0,0,0,0
TJ2:bin_000147,0,0,0,0,0,0,0,0,0,0,0,0,0,0,0,0,0,0,0,0,0,0,0,0,0,0,0,0,0,0,0,0,0,0,0,0,0,0,0,0,0,0
TJ2:bin_000148,0,0,0,0,0,0,0,0,0,0,0,0,0,0,0,0,0,0,0,0,0,0,0,0,0,0,0,0,0,0,0,0,0,0,0,0,0,0,0,0,0,0
TJ2:bin_000149,0,0,0,0,0,0,0,0,0,0,0,0,0,0,0,0,0,0,0,0,0,0,0,0,0,0,0,0,0,0,0,0,0,0,0,0,0,0,0,0,0,0
TJ2:bin_000150,0,0,0,0,0,0,0,0,0,0,0,0,0,0,0,2.214,0,0,0,0,0,0,0,0,0,0,0,0,0,0,0,0,0,0,0,0,0,0,0,0,0,0
TJ2:bin_000152,0,0,4.7,0,0,2.386,0,0,1.694,4.06,0,0,0,0,0,9.243,0,2.516,0,0,0,0,0,0,10.682,0,0,0,0,0,0,0,23.179,0,0,2.313,0,0,0,19.267,0,0
TJ2:bin_000154,0,0,0,0,0,0,0,0,0,0,0,0,0,0,0,0,0,0,0,0,0,0,0,0,5.427,0,0,0,0,0,0,0,0,0,0,0,0,0,0,0,0,0
TJ2:bin_000156,0,0,4.44,0,0,0,0,0,1.707,0,0,0,0,0,0,0,0,0,0,0,0,1.223,0,0,0,0,0,0,0,0,0,0,0,0,0,0,0,0,0,2.277,0,0
TJ2:bin_000159,0,0,2.779,0,0,0,0,0,0,1.612,0,0,0,0,0,2.891,0,0,0,0,0,0,0,0,3.536,0,0,0,0,0,0,0,5.899,0,0,0,0,0,0,8.589,0,0
TJ2:bin_000161,0,0,2.093,0,0,0,0,0,0,2.471,0,0,0,0,0,4.973,0,0,0,0,0,0,0,0,2.838,0,0,0,0,0,0,0,4.526,0,0,0,0,0,0,5.543,0,0
TJ2:bin_000166,0,0,0,0,0,0,0,0,0,0,0,0,0,0,0,1.974,0,0,0,0,0,1.234,0,0,1.871,0,0,1.978,0,0,0,0,5.529,0,0,1.367,0,0,0,2.167,0,0
TJ2:bin_000167,0,0,0,0,0,0,0,0,0,1.277,0,0,0,0,0,0,0,0,0,0,0,0,0,0,2.099,0,0,0,0,0,0,0,5.478,0,0,0,0,0,0,0,0,0
TJ2:bin_000168,0,0,0,0,0,0,0,0,0,0,0,0,0,0,0,0,0,0,0,0,0,0,0,0,0,0,0,0,0,0,0,0,0,0,0,0,0,0,0,0,0,0
TJ2:bin_000171,0,0,0,0,0,0,0,0,0,0,0,0,0,0,0,1.988,0,0,0,0,0,0,0,0,2.585,0,0,0,0,0,0,0,4.2,0,0,1.318,0,0,0,4.245,0,0
TJ2:bin_000173,0,0,0,0,0,0,0,0,0,0,0,0,0,0,0,0,0,0,0,0,0,0,0,0,2.15,0,0,0,0,0,0,0,1.317,0,0,0,0,0,0,0,0,0
TJ2:bin_000175,0,0,0,0,0,0,0,0,0,0,0,0,0,0,0,0,0,0,0,0,0,0,0,0,0,0,0,0,0,0,0,0,0,0,0,0,0,0,0,0,0,0
TJ2:bin_000178,0,0,0,0,0,0,0,0,0,0,0,0,0,0,0,0,0,0,0,0,0,0,0,0,0,0,0,0,0,0,0,0,0,0,0,0,0,0,0,0,0,0
TJ2:bin_000186,0,0,1.406,0,0,0,0,1.391,1.522,1.683,0,0,0,0,1.373,1.639,0,0,0,2.321,0,1.898,0,0,2.392,0,0,0,0,0,0,0,2.554,0,0,0,0,0,0,0,0,0
TJ2:bin_000189,0,0,0,0,0,0,0,0,0,0,0,0,0,0,0,0,0,0,0,0,0,0,0,0,0,0,0,0,0,0,0,0,0,0,0,0,0,0,0,0,0,0
TJ2:bin_000194,0,0,5.876,0,0,3.06,0,2.1,2.098,4.552,0,0,0,0,3.343,18.717,0,2.411,4.013,0,0,3.862,0,0,10.627,0,0,4.903,0,3.124,0,0,15.928,0,0,4.734,0,0,2.115,8.741,0,0
TJ2:bin_000196,0,0,0,0,0,7.963,0,0,5.036,0,0,0,0,0,1.25,19.252,0,5.907,0,0,0,0,0,0,10.488,5.761,0,19.681,0,4.268,3.05,0,46.098,2.11,0,0,9.02,0,0,9.592,0,0
TJ2:bin_000197,0,0,2.342,0,0,2.268,0,1.613,0,4.844,0,0,0,0,1.388,6.964,0,0,0,0,0,0,0,0,4.038,0,0,4.248,0,2.572,0,0,9.462,0,0,0,2.246,0,0,3.414,0,0
TJ2:bin_000198,0,0,0,0,0,0,0,0,0,0,0,0,0,0,0,0,0,0,0,0,0,0,0,0,0,0,0,0,0,0,0,0,0,0,0,0,0,0,0,0,0,0
TJ2:bin_000199,0,0,5.325,0,0,2.264,0,2.584,2.788,5.897,0,0,0,0,2.67,11.942,0,2.376,2.425,0,0,2.225,1.696,1.533,7.713,0,2.586,1.649,0,1.79,0,0,9.754,0,0,3.21,0,0,0,10.018,0,0
TJ2:bin_000200,0,0,0,0,0,0,0,0,0,0,0,0,0,0,0,0,0,0,0,0,0,0,0,0,0,0,0,0,0,0,0,0,0,0,0,0,0,0,0,0,0,0
TJ2:bin_000201,0,0,0,0,0,0,0,0,0,0,0,0,0,0,0,0,0,0,0,0,0,0,0,0,0,0,0,0,0,0,0,0,0,0,0,0,0,0,0,0,0,0
TJ2:bin_000203,0,0,0,0,0,0,0,0,0,0,0,0,0,0,0,0,0,0,0,0,0,0,0,0,1.993,0,0,1.313,0,0,0,0,2.294,0,0,0,0,0,0,2.676,0,0
TJ2:bin_000208,0,0,0,0,0,0,0,0,0,1.209,0,0,0,0,2.414,2.008,0,1.356,0,1.821,0,0,0,0,0,0,0,0,0,0,0,0,0,0,0,0,0,0,0,0,0,0
TJ2:bin_000214,0,0,2.555,0,0,2.914,0,0,2.282,3.513,0,0,0,0,2.719,2.825,1.472,1.342,2.064,0,0,1.669,0,0,6.98,0,0,0,0,4.505,0,0,1.424,0,0,0,0,0,0,0,0,0
TJ2:bin_000220,0,0,0,0,0,0,0,0,0,0,0,0,0,0,0,0,0,0,0,0,0,0,0,0,0,0,0,0,0,0,0,0,0,0,0,0,0,0,0,0,0,0
TJ2:bin_000223,0,0,3.012,1.748,0,3.372,0,0,1.892,3.005,0,0,0,0,1.754,8.115,0,1.508,0,0,0,1.48,0,0,4.225,0,0,2.955,0,2.16,0,0,6.544,0,0,3.643,0,0,1.494,6.379,0,0
TJ2:bin_000225,0,0,2.979,0,0,1.56,0,1.186,0,1.84,0,0,0,0,0,2.031,0,0,0,0,0,0,0,0,1.7,0,0,0,0,1.169,0,0,3.823,0,0,0,0,0,0,4.417,0,0
TJ2:bin_000231,0,0,3.511,0,0,0,0,0,1.494,2.798,0,0,0,0,1.843,5.257,0,0,2.012,2.133,0,1.5,0,0,4.061,0,0,0,0,1.994,0,0,6.181,0,0,1.755,0,0,0,8.375,0,0
TJ2:bin_000234,0,1.706,3.4,1.789,0,7.608,0,0,2.013,6.799,0,0,0,0,3.237,9.173,1.735,0,2.642,1.701,0,1.319,1.774,0,9.135,0,0,2.916,0,1.486,0,0,9.04,0,0,0,2.63,0,1.739,14.843,0,0
TJ2:bin_000236,0,0,0,0,0,0,0,0,0,0,0,0,0,0,0,0,0,0,0,0,0,0,0,0,0,0,0,0,0,0,0,0,3.621,0,0,0,0,0,0,2.614,0,0
TJ2:bin_000238,0,0,4.919,2.148,0,1.787,0,2.884,0,1.601,0,0,0,0,0,4.654,2.266,0,3.877,0,0,0,0,0,3.616,0,0,5.105,0,3.536,0,0,5.247,0,0,0,2.431,0,0,4.093,0,1.804
TJ2:bin_000245,0,2.492,15.321,3.156,0,13.172,2.764,6.834,14.458,14.413,2.225,1.9,0,0,11.258,41.813,3.357,8.583,8.319,1.766,0,7.454,5.405,13.569,40.005,0,5.944,3.269,2.647,6.425,0,0,34.913,2.114,0,11.028,1.714,0,3.662,33.588,1.357,0
TJ2:bin_000253,0,0,2.306,0,0,0,0,0,0,0,0,0,0,0,0,3.055,0,0,0,0,0,0,0,7.888,2.659,0,0,3.357,0,0,0,0,1.718,0,0,0,0,0,0,2.933,0,0
TJ2:bin_000266,0,4.691,36.852,10.501,0,13.735,0,12.357,14.091,20.092,2.989,0,0,0,6.569,45.755,13.681,6.763,11.162,10.016,0,5.114,4.991,13.126,57.23,5.859,11.222,22.205,4.351,34.225,0,0,53.79,3.121,0,10.014,12.704,1.187,11.67,20.973,0,9.738
TJ2:bin_000283,0,0,0,0,0,0,0,0,0,0,0,0,0,0,0,0,0,0,0,0,0,0,0,0,0,0,0,0,0,0,0,0,0,0,0,0,0,0,0,0,0,0
TJ2:bin_000284,0,0,0,0,0,0,0,0,0,0,0,0,0,0,0,0,0,0,0,0,0,0,0,0,0,0,0,0,0,0,0,0,0,0,0,0,0,0,0,0,0,0
TJ2:bin_000289,0,0,0,0,0,0,0,0,0,0,0,0,0,0,0,0,0,0,0,0,0,0,0,0,0,0,0,0,0,0,0,0,0,0,0,0,0,0,0,0,0,0
TJ2:bin_000298,0,0,0,0,0,0,0,0,0,0,0,0,0,0,0,0,0,0,0,0,0,0,0,0,0,0,0,0,0,0,0,0,0,0,0,0,0,0,0,0,0,0
TJ2:bin_000319,0,0,0,0,0,0,0,0,0,0,0,0,0,0,2.069,0,0,0,0,0,0,0,0,2.301,0,0,0,0,0,0,0,0,0,0,0,0,0,0,0,0,0,0
TJ2:bin_000332,0,0,2.992,0,0,0,0,2.013,0,1.705,0,0,0,0,0,4.636,1.418,0,0,0,0,0,0,1.599,7.007,0,0,5.845,0,2.481,0,0,2.014,0,0,1.354,2.817,0,0,2.375,0,1.989
TJ2:bin_000333,0,0,0,0,0,0,0,0,0,0,0,0,0,0,0,0,0,0,0,0,0,0,0,0,0,0,0,0,0,0,0,0,0,0,0,0,0,0,0,0,0,0
