genome,M303482,M303448,M303484,M303481,M303468,M303460,M303485,M303458,M303444,M303478,M303442,M303462,M303464,M303479,M303483,M303480,M303475,M303456,M303470,M303476,M303471,M303465,M303486,M303466,M303449,M303459,M303453,M303452,M303450,M303455,M303467,M303488,M303443,M303446,M303487,M303474,M303454,M303469,M303461,M303473,M303457,M303445
D300242:bin_000001,4.088,0,31.327,22.372,5.187,2.432,16.857,6.388,0,3.258,8.606,0,22.074,11.363,6.731,9.707,12.442,21.251,4.523,24.626,3.081,9.471,36.171,7.939,13.95,17.272,10.514,7.688,9.977,33.259,0,19.939,8.99,13.577,20.034,0,9.68,3.049,16.475,0,12.936,0
D300242:bin_000002,2.248,0,53.013,34.666,9.677,0,70.649,5.911,0,4.208,8.36,0,12.684,7.786,20.346,2.475,8.021,12.237,14.705,41.072,3.137,13.3,29.511,9.283,5.733,4.074,15.548,11.447,7.986,29.122,0,14.055,19.465,20.814,25.174,3.272,4.625,7.299,36.094,0,9.53,0
D300242:bin_000003,0,0,10.203,2.111,2.436,0,2.05,0,0,0,0,0,1.155,0,1.606,0,0,0,0,5.967,0,1.232,2.214,0,1.897,0,1.309,0,0,1.89,0,2.382,0,2.111,0,0,2.03,0,0,0,0,0
D300242:bin_000023,1.215,0,41.961,34.719,7.957,0,49.167,4.373,0,9.089,12.011,0,20.726,10.07,12.408,4.303,13.272,21.682,3.15,37.616,3.413,24.107,36.736,11.044,12.016,10.234,13.961,5.766,5.94,23.924,0,30.755,10.634,14.821,26.913,0,7.201,12.621,52.661,0,13.786,0
D300242:bin_000025,0,0,0,0,0,0,0,0,0,0,0,0,0,0,0,0,0,0,0,0,0,0,0,0,0,0,0,0,0,0,0,0,0,0,0,0,0,0,0,0,0,0
D300243:bin_000004,0,0,18.763,14.389,7.571,0,29.173,1.293,0,1.873,5.85,0,8.272,6.86,11.77,3.308,4.41,9.458,5.242,10.915,2.235,5.174,19.576,4.362,5.198,4.126,8.591,3.69,5.6,15.838,0,22.64,5.205,17.133,8.985,0,6.09,5.867,25.926,0,5.104,0
D300243:bin_000028,14.573,0,53.241,52.694,15.483,0,43.482,9.939,0,14.648,23.983,0,20.8,11.785,45.446,8.718,15.593,55.068,13.227,45.445,11.691,13.491,44.649,28.312,7.814,6.959,17.7,13.675,13.844,52.19,0,74.634,28.345,23.892,37.703,1.657,15.8,10.415,58.843,0,17.692,0
D300243:bin_000041,1.891,0,11.988,9.334,2.312,0,18.584,2.078,0,0,3.379,0,7.024,3.353,4.752,2.201,4.908,10.211,4.532,26.541,2.03,3.237,13.347,3.777,2.58,2.519,4.282,2.333,3.082,14.328,0,19.799,4.612,6.017,7.001,0,4.162,3.188,15.753,0,3.549,0
D300243:bin_000043,0,0,23.898,24.936,9.903,1.515,11.716,5.635,0,1.839,4.43,0,24.482,10.469,9.668,5.34,8.498,22.987,2.934,24.807,2.83,4.083,16.182,6.111,11.252,11.687,7.546,4.954,6.427,19.881,0,8.876,7.614,8.53,14.929,0,5.955,8.79,42.141,0,6.382,0
D300244:bin_000018,1.785,0,19.317,20.955,6.611,0,14.68,4.444,0,1.889,4.355,0,13.748,6.731,5.373,5.009,4.901,10.251,4.172,18.202,4.067,5.72,16.161,4.869,6.685,6.875,7.498,5.016,4.612,17.243,0,10.752,5.932,10.436,16.158,0,5.267,8.376,34.666,0,5.017,0
D300244:bin_000021,2.967,0,17.807,10.308,2.709,0,14.463,0,0,1.62,4.161,0,5.61,8.529,8.431,1.823,2.968,10.883,1.875,16.714,1.67,3.082,15.245,3.506,2.001,1.612,4.922,0,3.212,11.417,0,16.558,8.36,6.441,9.552,0,2.374,1.396,17.621,0,5.799,0
D300244:bin_000028,1.192,0,17.008,21.175,4.496,1.559,6.533,2.052,0,1.449,4.107,0,15.226,5.882,6.532,3.266,4.518,8.866,2.259,16.338,0,4.696,17.009,4.073,7.739,5.651,5.112,4.801,4.473,6.542,0,11.783,4.25,12.157,9.876,0,4.692,3.764,13.647,0,3.846,0
D300245:bin_000010,6.427,0,61.347,85.51,17.542,2.242,78.259,10.705,0,6.99,19.444,0,36.541,31.691,64.913,19.761,30.242,39.352,18.24,106.557,16.298,20.75,65.034,22.166,14.857,15.285,31.799,22.566,14.993,108.608,0,83.186,39.236,19.088,49.487,4.1,18.007,30.895,82.707,0,18.775,0
D300245:bin_000013,2.046,0,27.202,12.391,2.043,0,8.976,3.539,0,0,8.29,0,5.134,6.871,6.752,3.529,1.509,9.019,2.91,16.558,0,5.028,13.129,4.133,1.359,2.568,9.144,3.023,2.918,14.369,0,9.661,5.369,4.778,20.782,0,2.19,3.582,13.976,0,12.508,0
D300245:bin_000018,1.223,0,8.774,9.397,2.178,0,6.637,1.702,0,1.317,0,0,4.27,1.57,2.693,0,1.806,4.184,2.504,8.707,1.358,1.556,7.248,1.926,0,2.439,1.42,2.137,2.096,13.844,0,8.823,1.853,1.435,5.461,0,1.876,1.978,10.723,0,0,0
D300245:bin_000027,4.607,0,27.052,10.689,3.886,0,51.76,1.912,0,4.111,2.283,0,5.382,2.677,11.812,2.325,3.018,8.503,9.879,45.755,4.537,8.501,26.628,8.673,3.305,2.715,4.76,4.608,2.065,19.054,0,67.297,7.527,2.386,5.989,0,3.675,10.339,18.486,0,2.831,0
D300245:bin_000045,7.173,0,99.633,68.523,17.112,5.711,99.399,10.066,0,8.219,17.302,0,45.78,19.719,23.739,16.86,29.331,53.33,22.375,83.201,13.35,46.705,72.627,27.33,26.775,21.946,38.35,22.301,27.84,67.677,0,66.449,27.063,55.805,65.568,2.792,16.18,28.156,167.319,0,26.466,0
D300246:bin_000002,2.683,0,27.709,35.122,12.167,2.658,25.269,4.366,0,2.559,7.445,0,24.652,8.154,11.933,5.978,6.276,19.542,6.514,41.342,4.948,5.373,45.512,12.132,14.652,9.196,9.898,3.641,4.545,21.289,0,45.185,6.191,29.941,42.417,1.678,5.855,15.208,55.434,0,9.588,0
D300246:bin_000010,0,0,0,0,0,0,0,0,0,0,0,0,0,0,0,0,0,0,0,0,0,0,0,0,0,0,0,0,0,0,0,0,0,0,0,0,0,0,0,0,0,0
D300246:bin_000011,3.932,0,8.962,5.913,0,0,11.068,0,0,5.754,2.041,0,5.491,3.987,3.393,0,10.702,2.668,2.803,3.768,0,5.327,2.815,2.459,0,1.788,1.912,2.767,1.877,7.09,0,9.156,3.872,3.157,3.15,0,4.586,3.103,14.095,0,1.807,0
D300246:bin_000018,0,0,2.265,0,0,0,0,0,0,0,0,0,0,0,0,0,0,0,0,0,0,0,2.51,0,0,0,0,0,0,2.09,0,1.829,0,1.263,0,0,0,0,0,0,0,0
D300246:bin_000044,0,0,11.082,10.872,4.888,0,12.406,0,0,0,8.761,0,5.529,3.573,4.911,0,5.548,8.54,0,11.528,2.154,4.109,10.973,4.41,0,2.666,6.547,4.878,2.99,15.852,0,14.575,4.414,9.013,9.358,0,3.784,4.831,16.071,0,7.216,0
D300246:bin_000052,1.76,0,12.582,11.602,2.725,0,13.778,1.941,0,1.851,3.035,0,8.133,5.201,4.963,2.617,4.81,6.15,4.254,13.786,3.052,3.49,9.906,3.968,4.511,2.864,6.021,4.247,3.146,11.406,0,16.862,4.087,5.241,8.581,0,3.656,3.523,15.991,0,3.363,0
D300247:bin_000006,5.102,0,42.818,44.556,15.054,1.699,34.259,7.467,0,5.915,11.252,0,21.818,14.941,18.936,12.259,13.407,29.946,9.58,42.83,7.967,14.617,48.163,16.714,14.95,13.72,21.395,11.618,9.914,50.262,0,42.947,15.311,22.307,26.456,1.864,11.492,13.875,56.766,0,10.171,0
D300248:bin_000004,0,0,6.585,2.879,0,0,6.849,0,0,0,0,0,2.452,0,1.747,0,0,5.859,2.302,5.198,0,1.255,4.332,0,0,0,1.701,2.53,0,25.613,0,9.595,1.333,1.126,1.702,0,0,1.305,3.612,0,0,0
D300248:bin_000008,0,0,11.374,9.454,0,0,13.649,0,0,0,3.515,0,5.981,4.02,4.145,2.981,3.499,6.415,0,13.118,2.35,4.088,11.037,3.934,3.373,3.401,4.514,3.654,2.527,16.625,0,11.604,3.373,6.098,8.37,0,0,3.457,14.005,0,3.978,0
D300248:bin_000018,0,0,0,0,0,0,0,0,0,0,0,0,0,0,0,0,0,0,0,0,0,0,0,0,0,0,0,0,0,0,0,0,0,0,0,0,0,0,0,0,0,0
D300248:bin_000023,0,0,0,0,0,0,0,0,0,0,0,0,0,0,0,0,0,1.906,0,1.877,0,0,0,0,0,0,0,0,0,0,0,4.642,0,0,0,0,0,0,1.773,0,0,0
D300248:bin_000024,6.207,0,205.483,72.364,26.955,3.633,104.962,9.005,1.716,12.339,46.092,1.215,27.424,29.321,51.82,16.245,17.07,65.762,46.152,119.891,13.179,47.165,105.27,35.026,24.091,23.641,54.017,24.798,25.664,91.486,0,87.414,59.694,64.448,87.942,3.202,21.218,24.12,96.62,3.619,63.253,0
D300249:bin_000005,3.388,0,34.935,34.611,12.998,1.967,34.805,7.026,0,4.402,9.645,0,20.433,12.234,16.132,5.937,15.323,24.051,10.873,38.151,5.147,7.825,35.17,10.682,10.765,11.649,13.774,11.963,10.637,40.313,1.59,34.002,12.458,26.513,29.792,2.018,10.69,15.338,63.806,0,11.898,0
D300249:bin_000046,0,0,6.235,3.988,1.563,0,7.663,0,0,0,1.497,0,3.285,0,2.171,0,1.361,2.102,0,8.043,0,5.189,4.999,1.999,1.587,1.282,2.006,1.621,1.569,6.053,3.309,4.688,1.53,9.825,3.004,0,0,1.841,6.634,0,0,0
D300250:bin_000017,0,0,21.375,13.183,3.93,0,26.61,5.312,0,3.153,4.767,0,13.06,6.361,8.055,3.889,4.934,12.08,2.874,14.601,1.51,15.446,18.809,5.168,8.619,3.54,6.652,7.457,4.137,16.119,0,19.351,5.363,11.892,14.955,0,3.931,6.529,31.255,0,7.441,0
D300250:bin_000018,0,0,0,0,0,0,0,0,0,0,0,0,0,0,0,0,0,0,0,0,0,0,0,0,0,0,0,0,0,0,0,0,0,0,0,0,0,0,0,0,0,0
D300250:bin_000024,0,0,7.712,3.462,5.156,0,6.236,2.133,0,0,0,0,2.743,0,3.993,2.45,1.363,3.424,0,7.495,1.479,0,5.811,2.823,2.552,0,3.032,1.793,2.712,2.913,0,9.037,1.457,9.644,10.725,0,2.046,0,9.049,0,3.422,0
D300251:bin_000015,0,0,12.495,12.168,2.443,0,8.611,0,0,0,5.405,0,4.667,3.084,3.074,1.98,2.543,10.056,3.444,10.06,2.331,3.769,10.946,1.92,3.202,2.801,3.847,3.97,8.293,11.185,0,10.72,4.458,8.882,5.494,0,2.882,5.22,18.393,0,3.756,0
D300251:bin_000040,0,0,27.358,21.962,3.558,0,19.955,3.804,0,4.544,11.537,0,11.875,7.348,23.479,4.186,8.293,11.895,3.991,33.876,2.84,12.893,21.445,6.831,4.96,4.456,9.589,6.436,6.701,17.619,0,15.463,9.505,11.839,17.383,0,7.6,10.036,28.925,0,9.757,0
D300252:bin_000001,4.349,0,60.867,51.917,19.827,1.952,60.108,9.933,0,6.498,23.615,0,28.634,13.695,14.539,14.036,15.553,34.539,6.237,39.325,4.845,13.391,52.891,18.994,15.803,11.814,15.496,18.647,18.865,30.113,0,35.305,14.436,29.244,52.021,1.861,11.049,16.404,85.833,0,26.511,0
D300252:bin_000010,0,0,5.142,4.303,0,0,4.031,0,0,0,0,0,3.383,1.698,2.238,1.323,2.091,4.046,0,4.556,0,1.553,6.85,0,2.983,3.315,1.478,1.215,1.73,4.178,0,3.586,1.69,2.405,3.869,0,0,0,2.399,0,1.535,0
D300252:bin_000011,0,0,0,0,0,0,0,0,0,0,0,0,0,0,0,0,0,0,0,0,0,0,0,0,0,0,0,0,0,0,0,0,0,0,0,0,0,0,0,0,0,0
D300252:bin_000020,6.096,0,34.816,18.752,4.145,0,51.383,8.3,0,4.931,8.496,0,15.818,8.719,20.706,6.222,10.942,21.132,2.828,16.264,1.961,19.786,23.29,9.171,5.516,7.775,18.599,3.284,9.935,12.952,0,30.146,9.759,10.448,32.315,0,7.984,14.48,37.092,0,60.634,0
D300253:bin_000005,11.615,0,179.881,178.922,75.184,9.188,92.389,40.901,1.126,12.006,46.434,1.765,122.541,56.797,58.026,21.574,68.373,143.455,22.766,194.136,21.659,29.96,128.4,47.397,124.487,109.918,66.882,54.967,46.956,149.838,0,75.546,58.318,41.652,105.939,5.653,55.075,53.64,274.023,0,76.626,1.147
D300253:bin_000007,1.864,0,10.848,6.575,2.081,0,19.218,1.615,0,1.433,3.438,0,6.254,2.017,5.138,2.59,2.646,11.855,4.589,13.71,2.051,2.214,10.57,2.801,2.6,1.824,3.19,5.446,3.074,65.256,0,25.5,2.846,3.476,4.799,0,2.497,2.129,8.134,0,1.637,0
D300253:bin_000040,1.813,0,25.148,23.394,5.863,0,18.138,3.589,0,1.873,4.05,0,10.234,5.929,13.667,2.769,4.079,14.695,4.461,20.205,1.68,5.479,17.266,5.942,12.393,5.996,9.914,5.391,4.722,12.376,0,12.551,9.022,8.84,18.66,0,14.438,12.09,41.677,0,4.305,0
D300254:bin_000011,4.292,0,32.341,24.885,8.264,0,29.628,5.713,0,5.435,12.009,0,12.407,12.655,15.914,7.913,9.233,16.874,9.432,31.799,7.349,13.222,29.797,10.661,6.996,7.196,16.695,7.225,5.295,29.596,0,33.158,16.882,15.405,32.193,0,8.083,6.153,45.012,0,7.702,0
D300254:bin_000016,0,0,1.699,0,0,0,0,0,0,0,0,0,0,0,0,0,0,0,0,0,0,0,1.845,0,0,1.103,0,0,0,0,0,0,0,0,0,0,0,0,0,0,0,0
D300254:bin_000019,6.612,0,95.669,125.452,36.564,5.043,77.197,28.212,0,9.57,30.768,1.092,86.677,38.926,38.839,24.996,43.148,72.366,28.168,135.807,18.012,20.263,119.451,27.173,42.019,38.987,44.479,24.868,33.233,158.77,0,76.012,32.277,45.385,67.731,5.167,33.095,40.705,180.737,0,40.69,0
D300254:bin_000031,0,0,0,0,0,0,0,0,0,0,0,0,0,0,0,0,0,0,0,0,0,0,0,0,0,0,0,0,0,0,0,0,0,0,0,0,0,0,0,0,0,0
D300255:bin_000002,0,0,3.091,4.908,1.931,0,2.347,1.322,0,0,0,0,2.887,2.182,3.897,0,2.548,1.995,0,7.827,0,0,4.32,0,1.382,3.728,0,0,1.676,3.165,0,0,1.162,1.569,3.832,0,1.509,1.642,7.024,0,0,0
D300255:bin_000023,0,0,10.787,14.623,4.176,0,6.719,5.424,0,0,4.36,0,14.277,6.035,4.964,4.775,5.809,11.632,5.839,13.908,2.93,2.304,16.512,3.828,7.88,6.171,6.229,5.008,4.703,14.612,0,10.877,4.333,7.423,14.761,0,5.025,4.78,23.744,0,7.107,0
D300256:bin_000008,5.169,0,39.272,32.92,8.577,0,61.6,4.149,0,7.315,9.529,0,12.973,12.698,18.311,3.909,8.632,21.071,10.066,39.105,5.056,10.047,41.384,11.185,7.58,6.193,15.042,9.385,9.932,44.297,0,18.867,14.51,21.194,46.869,0,4.921,18.435,68.027,0,15.776,0
D300256:bin_000021,0,0,0,0,0,0,0,0,0,0,0,0,0,0,0,0,0,0,0,0,0,0,0,0,0,0,0,0,0,0,0,0,0,0,0,0,0,0,0,0,0,0
D300256:bin_000037,0,0,0,3.221,0,0,9.246,0,0,0,3.247,0,0,0,0,0,0,1.609,0,53.358,0,6.432,31.769,0,81.528,0,0,1.491,14.744,0,0,0,0,53.794,11.23,0,26.681,0,0,0,1.81,0
D300257:bin_000004,0,0,2.343,2.822,0,0,6.228,1.427,0,0,0,0,1.334,0,0,0,0,1.39,0,5.627,0,0,2.033,0,0,0,1.293,0,0,6.143,0,3.748,2.461,1.714,1.606,0,0,0,4.275,0,0,0
D300257:bin_000017,4.151,0,32.022,22.494,3.757,0,38.414,0,0,5.287,5.464,0,10.291,3.153,11.621,3.641,7.719,22.782,7.142,23.72,2.88,8.975,24.58,7.591,4.258,4.306,2.673,4.209,6.051,20.859,0,150.143,7.253,15.206,12.852,0,3.765,6.932,34.871,0,6.489,0
D300257:bin_000026,0,0,10.13,7.802,5.178,0,8.573,0,0,0,2.924,0,5.667,2.016,3.66,1.542,2.231,4.873,0,8.035,1.697,1.963,8.224,2.759,3.374,4.044,3.939,2.917,0,8.514,0,3.583,2.864,5.595,10.054,0,2.491,3.077,12.171,0,3.228,0
D300257:bin_000038,1.335,0,10.096,5.932,1.511,0,11.737,0,0,1.828,1.616,0,3.627,2.404,2.947,1.223,2.531,4.637,2.815,6.501,0,2.699,7.858,2.409,1.727,0,1.868,1.799,1.623,12.193,0,19.132,2.154,3.592,4.424,0,1.967,1.704,12.75,0,0,0
D300258:bin_000001,0,0,13.775,12.598,2.212,0,20.089,1.419,0,2.181,2.631,0,7.309,4.38,5.516,2.094,5.756,10.537,0,12.031,0,9.633,11.973,4.274,4.603,4.713,6.896,2.415,1.561,6.307,0,9.987,5.387,5.332,14.3,0,3.106,2.73,24.485,0,3.615,0
D300258:bin_000003,1.152,0,36.181,20.317,2.958,0,24.989,1.975,0,2.224,4.509,0,11.099,4.219,24.29,2.154,5.286,11.27,4.419,22.996,2.082,10.989,10.602,7.292,4.276,2.704,6.63,4.633,3.878,12.093,0,19.883,5.279,11.466,9.336,0,4.503,4.564,27.981,0,6.099,0
D300258:bin_000012,2.262,0,14.35,10.432,4.615,0,15.723,1.819,0,2.376,4.923,0,5.812,4.972,4.032,3.182,3.885,12.133,2.199,12.427,2.791,8.833,11.606,6.45,3.853,3.767,7.153,3.132,1.639,9.202,0,12.382,4.306,7.047,16.496,0,1.527,4.494,17.38,0,5.867,0
D300258:bin_000053,0,0,0,0,0,0,0,0,0,0,0,0,0,0,0,0,0,0,0,0,0,0,0,0,0,0,0,0,0,0,0,0,0,0,0,0,0,0,0,0,0,0
D300259:bin_000025,1.836,0,56.634,15.189,2.856,0,20.999,2.692,0,2.628,8.457,0,6.091,2.894,11.028,2.579,5.381,18.819,4.696,14.012,0,6.027,21.052,8.561,2.965,3.47,8.996,3.313,7.603,13.915,0,19.281,6.779,9.2,14.917,0,5.403,5.341,15.532,0,7.974,0
D300260:bin_000003,0,0,0,0,0,0,0,0,0,0,0,0,0,0,0,0,0,0,0,0,0,0,0,0,0,0,0,0,0,0,0,0,0,0,0,0,0,0,0,0,0,0
D300261:bin_000003,0,0,7.41,4.052,2.519,0,11.72,0,0,0,0,0,1.959,2.179,2.334,0,2.256,5.92,1.684,4.547,0,2.954,5.207,0,0,0,2.667,2.727,2.452,6.025,0,3.43,1.521,3.12,3.328,0,2.669,1.952,3.725,0,2.199,0
D300262:bin_000009,0,0,0,0,0,0,0,0,0,0,0,0,0,0,0,0,0,0,0,0,0,0,0,0,0,0,0,0,0,0,0,0,0,0,0,0,0,0,0,0,0,0
D300262:bin_000011,2.807,0,46.734,37.555,13.255,2.659,46.755,5.906,0,3.398,10.407,0,26.808,12.136,16.941,7.664,12.193,16.594,6.504,40.693,6.184,10.998,39.61,10.327,32.523,9.982,17.287,10.249,7.055,26.98,0,26.124,10.353,19.829,36.098,0,9.473,15.177,66.5,0,10.755,1.894
D300262:bin_000022,0,0,0,3.516,0,0,3.854,0,0,0,1.44,0,0,0,0,0,0,1.508,1.372,9.956,0,0,2.534,0,0,0,0,0,0,4.894,0,3.533,0,0,0,0,0,0,3.449,0,0,0
D300262:bin_000032,0,0,4.615,3.784,0,0,3.956,1.249,0,0,0,0,2.76,0,2.132,0,0,4.391,0,3.582,0,0,4.236,0,0,0,2.188,1.5,0,2.931,0,2.304,0,0,2.291,0,0,0,4.312,0,0,0
D300263:bin_000027,0,0,0,0,0,0,0,0,0,0,0,0,0,0,0,0,0,0,0,0,0,0,0,0,0,0,0,0,0,0,0,0,0,0,0,0,0,0,0,0,0,0
D300264:bin_000001,0,0,0,0,0,0,0,0,0,0,0,0,0,0,0,0,0,0,0,0,0,0,0,0,0,0,0,0,0,0,0,0,0,0,0,0,0,0,0,0,0,0
D300264:bin_000003,0,0,2.004,2.014,0,0,0,0,0,0,0,0,2.935,0,0,0,0,3.113,0,3.052,0,0,2.945,0,0,2.087,0,0,1.354,3.889,0,0,0,0,0,0,0,0,2.819,0,0,0
D300264:bin_000004,0,0,16.009,19.097,4.589,0,8.796,5.963,0,0,3.285,0,13.351,5.771,2.936,3.183,2.992,9.617,2.138,23.003,1.907,2.698,21.791,5.772,3.473,4.898,2.182,5.615,3.197,15.53,0,86.261,5.482,7.442,24.947,2.071,3.32,7.411,25.518,0,5.938,0
D300264:bin_000007,0,0,0,0,0,0,0,0,0,0,0,0,0,0,0,0,0,0,0,0,0,0,0,0,0,0,0,0,0,0,0,0,0,0,0,0,0,0,0,0,0,0
D300264:bin_000013,0,0,0,0,0,0,0,0,0,0,0,0,0,0,0,0,0,0,0,0,0,0,0,0,0,0,0,0,0,0,0,0,0,0,0,0,0,0,0,0,0,0
D300264:bin_000017,0,0,0,0,0,0,0,0,0,0,0,0,0,0,0,0,0,0,0,0,0,0,0,0,0,0,0,0,0,0,0,0,0,0,0,0,0,0,0,0,0,0
D300264:bin_000018,0,0,0,0,0,0,0,0,0,0,0,0,0,0,0,0,0,0,0,0,0,0,0,0,0,0,0,0,0,0,0,0,0,0,0,0,0,0,0,0,0,0
D300264:bin_000019,0,0,0,0,0,0,0,0,0,0,0,0,0,0,0,0,0,0,0,0,0,0,0,0,0,0,0,0,0,0,0,0,0,0,0,0,0,0,0,0,0,0
D300264:bin_000020,0,0,0,0,0,0,0,0,0,0,0,0,0,0,0,0,0,0,0,0,0,0,0,0,0,0,0,0,0,0,0,0,0,0,0,0,0,0,0,0,0,0
D300264:bin_000021,0,0,0,0,0,0,0,0,0,0,0,0,0,0,0,0,0,0,0,0,0,0,0,0,0,0,0,0,0,0,0,0,0,0,0,0,0,0,0,0,0,0
D300264:bin_000022,0,0,19.445,22.168,9.426,0,14.327,3.79,0,1.877,4.362,0,10.92,7.023,6.496,2.874,7.654,11.386,5.332,22.417,2.583,3.693,19.437,4.608,5.152,8.073,6.745,3.53,4.754,20.414,0,9.918,5.113,4.87,13.277,0,5.548,7.302,25.833,0,9.624,0
D300264:bin_000023,0,0,4.354,2.876,1.963,0,4.619,0,0,0,0,0,2.502,1.605,2.126,0,0,3.18,0,3.192,0,0,3.91,0,0,1.377,1.806,0,0,5.63,0,2.192,1.625,1.574,2.21,0,0,1.551,6.569,0,0,0
D300264:bin_000028,0,0,2.738,3.653,0,0,4.869,0,0,0,11.689,0,1.803,0,1.771,0,1.453,0,0,8.14,0,5.774,5.222,0,0,1.56,0,0,0,4.324,0,2.013,0,3.187,2.999,0,0,0,4.176,0,1.591,0
D300264:bin_000033,0,0,0,0,0,0,0,0,0,0,0,0,0,0,0,0,0,0,0,0,0,0,0,0,0,0,0,0,0,0,0,0,0,0,0,0,0,0,0,0,0,0
D300264:bin_000035,0,0,0,0,0,0,0,0,0,0,0,0,0,0,0,0,0,0,0,0,0,0,0,0,0,0,0,0,0,0,0,0,0,0,0,0,0,0,0,0,0,0
D300264:bin_000036,0,0,0,0,0,0,0,0,0,0,0,0,0,0,0,0,0,0,0,0,0,0,0,0,0,0,0,0,0,0,0,0,0,0,0,0,0,0,0,0,0,0
D300264:bin_000043,0,0,0,0,0,0,0,0,0,0,0,0,0,0,0,0,0,0,0,0,0,0,0,0,0,0,0,0,0,3.833,0,0,0,0,0,0,0,0,5.298,0,0,0
D300265:bin_000012,0,0,7.021,6.074,0,0,8.107,1.314,0,0,1.978,0,5.244,2.049,3.531,1.324,2.367,6.343,2.037,7.301,0,3.215,7.097,1.769,2.511,2.05,2.684,2.166,2.794,6.439,0,4.234,2.561,4.587,3.777,0,2.258,2.12,3.17,0,2.845,0
D300265:bin_000013,3.206,0,48.921,52.595,14.73,0,57.47,5.279,0,4.625,9.658,0,12.276,10.368,14.705,4.881,9.783,46.302,6.48,66.854,8.416,22.583,30.784,16.225,9.914,7.451,12.641,11.334,9.792,33.597,0,42.793,16.363,19.164,27.066,0,8.224,8.794,57.844,0,14.545,0
JPB:bin_000001,0,0,0,0,0,0,0,0,0,0,0,0,0,0,0,0,0,0,0,0,0,0,0,0,0,0,0,0,0,0,0,0,0,0,0,0,0,0,0,0,0,0
JPB:bin_000003,0,0,0,0,0,0,0,0,0,0,0,0,0,0,0,0,0,0,0,0,0,0,0,0,0,0,0,0,0,0,0,0,0,0,0,0,0,0,0,0,0,0
JPB:bin_000004,0,0,0,0,0,0,0,0,0,0,0,0,0,0,0,0,0,0,0,0,0,0,0,0,0,0,0,0,0,0,0,0,0,0,0,0,0,0,0,0,0,0
JPB:bin_000005,0,0,0,0,0,0,0,0,0,0,0,0,0,0,0,0,0,0,0,0,0,0,0,0,0,0,0,0,0,0,0,0,0,0,0,0,0,0,0,0,0,0
JPB:bin_000007,0,0,1.49,0,0,0,1.439,0,0,0,0,0,1.073,0,0,0,0,0,0,0,0,0,0,0,0,0,0,0,0,0,0,0,0,0,0,0,0,0,0,0,0,0
JPB:bin_000009,0,0,0,0,0,0,0,0,0,0,0,0,0,0,0,0,0,0,0,0,0,0,0,0,0,0,0,0,0,0,0,0,0,0,0,0,0,0,0,0,0,0
JPB:bin_000010,0,0,0,0,0,0,0,0,0,0,0,0,0,0,0,0,0,0,0,0,0,0,0,0,0,0,0,0,0,0,0,0,0,0,0,0,0,0,0,0,0,0
JPB:bin_000012,0,0,0,0,0,0,0,0,0,0,0,0,0,0,0,0,0,0,0,0,0,0,0,0,0,0,0,0,0,0,0,0,0,0,0,0,0,0,0,0,0,0
JPB:bin_000014,0,0,0,0,0,0,0,0,0,0,0,0,0,0,0,0,0,0,0,0,0,0,0,0,0,0,0,0,0,0,0,0,0,0,0,0,0,0,0,0,0,0
JPB:bin_000015,0,0,0,0,0,0,0,0,0,0,0,0,0,0,0,0,0,0,0,0,0,0,0,0,0,0,0,0,0,0,0,0,0,0,0,0,0,0,0,0,0,0
JPB:bin_000017,0,0,0,0,0,0,0,0,0,0,0,0,0,0,0,0,0,0,0,0,0,0,0,0,0,0,0,0,0,0,0,0,0,0,0,0,0,0,0,0,0,0
JPB:bin_000018,0,0,0,0,0,0,0,0,0,0,0,0,0,0,0,0,0,0,0,0,0,0,0,0,0,0,0,0,0,0,0,0,0,0,0,0,0,0,0,0,0,0
JPB:bin_000019,0,0,0,0,0,0,0,0,0,0,0,0,0,0,0,0,0,0,0,0,0,0,0,0,0,0,0,0,0,0,0,0,0,0,0,0,0,0,0,0,0,0
JPB:bin_000020,0,0,0,0,0,0,0,0,0,0,0,0,0,0,0,0,0,0,0,0,0,0,0,0,0,0,0,0,0,0,0,0,0,0,0,0,0,0,0,0,0,0
JPB:bin_000021,0,0,0,0,0,0,0,0,0,0,0,0,0,0,0,0,0,0,0,0,0,0,0,0,0,0,0,0,0,0,0,0,0,0,0,0,0,0,0,0,0,0
JPB:bin_000022,1.097,0,8.652,4.985,0,0,4.122,0,0,0,1.545,0,2.745,2.169,2.641,0,1.898,1.972,1.34,5.123,0,1.577,5.673,2.202,1.453,1.408,2.523,1.507,1.528,3.815,0,4.859,2.501,3.421,3.014,0,1.356,2.148,12.942,0,0,0
JPB:bin_000023,0,0,0,0,0,0,0,0,0,0,0,0,0,0,0,0,0,0,0,0,0,0,0,0,0,0,0,0,0,0,0,0,0,0,0,0,0,0,0,0,0,0
JPB:bin_000024,0,0,0,0,0,0,0,0,0,0,0,0,0,0,0,0,0,0,0,0,0,0,0,0,0,0,0,0,0,0,0,0,0,0,0,0,0,0,0,0,0,0
JPB:bin_000025,17.95,0,231.606,345.996,146.905,10.899,54.68,40.211,0,6.928,26.659,2.697,91.602,29.074,71.734,17.355,640.36,191.791,20.139,117.892,36.207,16.696,114.399,36.693,258.28,683.623,45.249,32.543,46.196,121.453,0,56.42,30.632,18.272,621.359,17.61,53.98,105.243,210.072,0,61.03,0
JPB:bin_000026,0,0,0,0,0,0,0,0,0,0,0,0,0,0,0,0,0,0,0,0,0,0,0,0,0,0,0,0,0,0,0,0,0,0,0,0,0,0,0,0,0,0
JPB:bin_000027,0,0,0,0,0,0,0,0,0,0,0,0,0,0,0,0,0,0,0,0,0,0,0,0,0,0,0,0,0,0,0,0,0,0,0,0,0,0,0,0,0,0
JPB:bin_000028,0,0,0,0,0,0,0,0,0,0,0,0,0,0,0,0,0,0,0,0,0,0,0,0,0,0,0,0,0,0,0,0,0,0,0,0,0,0,0,0,0,0
JPB:bin_000029,0,0,0,2.973,0,0,0,0,0,0,0,0,0,0,0,0,0,0,0,0,0,0,0,0,0,0,0,0,0,1.54,0,0,0,0,0,0,0,0,0,0,0,0
JPB:bin_000030,0,0,0,0,0,0,0,0,0,0,0,0,0,0,0,0,0,0,0,0,0,0,0,0,0,0,0,0,0,0,0,0,0,0,0,0,0,0,0,0,0,0
JPB:bin_000032,0,0,0,0,0,0,0,0,0,0,0,0,0,0,0,0,0,0,0,0,0,0,0,0,0,0,0,0,0,0,0,0,0,0,0,0,0,0,0,0,0,0
JPB:bin_000033,0,0,0,0,0,0,0,0,0,0,0,0,0,0,0,0,0,0,0,0,0,0,0,0,0,0,0,0,0,0,0,0,0,0,0,0,0,0,0,0,0,0
JPB:bin_000034,0,0,0,0,0,0,0,0,0,0,0,0,0,0,0,0,0,0,0,0,0,0,0,0,0,0,0,0,0,0,0,0,0,0,0,0,0,0,0,0,0,0
JPB:bin_000035,0,0,2.983,2.294,0,0,3.973,0,0,0,3.89,0,1.544,1.618,0,0,0,3.613,0,3.412,0,0,3.926,0,1.427,1.376,3.617,1.649,0,4.243,0,4.28,2.069,3.234,3.234,0,0,1.569,5.192,0,0,0
JPB:bin_000036,0,0,0,0,0,0,0,0,0,0,0,0,0,0,0,0,0,0,0,0,0,0,0,0,0,0,0,0,0,0,0,0,0,0,0,0,0,0,0,0,0,0
JPB:bin_000037,2.679,0,15.862,13.307,4.462,0,12.835,3.791,0,0,4.768,0,11.837,5.755,7.397,3.966,5.736,9.665,2.9,15.991,3.216,5.335,17.273,4.549,3.232,4.676,7.447,3.191,3.63,17.31,0,15.236,5.454,3.901,13.266,0,5.124,5.662,22.417,0,3.235,0
JPB:bin_000039,0,0,3.32,3.078,0,0,3.368,0,0,0,0,0,0,0,0,0,0,1.647,0,2.713,0,2.123,3.503,0,0,0,0,0,0,1.87,0,3.11,0,1.908,3.579,0,0,0,1.676,0,0,0
JPB:bin_000040,0,0,0,0,0,0,0,0,0,0,0,0,0,0,0,0,0,0,0,0,0,0,0,0,0,0,0,0,0,0,0,0,0,0,0,0,0,0,0,0,0,0
JPB:bin_000042,0,0,0,0,0,0,0,0,0,0,0,0,0,0,0,0,0,0,0,0,0,0,0,0,0,0,0,0,0,0,0,0,0,0,0,0,0,0,0,0,0,0
JPB:bin_000043,0,0,0,0,0,0,0,0,0,0,0,0,0,0,0,0,0,0,0,0,0,0,0,0,0,0,0,0,0,0,0,0,0,0,0,0,0,0,0,0,0,0
JPB:bin_000045,179.077,0,898.383,673.778,291.041,38.67,1477.393,140.43,10.596,90.637,234.063,27.188,509.186,389.73,403.374,243.83,309.811,580.872,284.579,849.266,206.753,434.187,1173.245,307.942,330.124,222.717,468.845,337.582,286.101,802.146,8.48,1101.584,367.827,444.665,607.027,64.611,337.434,597.771,1079.15,7.547,268.515,21.064
JPB:bin_000046,0,0,0,0,0,0,0,0,0,0,0,0,0,0,0,0,0,0,0,0,0,0,0,0,0,0,0,0,0,0,0,0,0,0,0,0,0,0,0,0,0,0
JPB:bin_000047,0,0,0,0,0,0,0,0,0,0,0,0,0,0,0,0,0,0,0,0,0,0,0,0,0,0,0,0,0,0,0,0,0,0,0,0,0,0,0,0,0,0
JPB:bin_000048,0,0,0,0,0,0,0,0,0,0,0,0,0,0,0,0,0,1.732,0,0,0,0,2.226,0,0,0,0,0,0,0,0,0,0,0,2.039,0,0,0,1.641,0,0,0
JPB:bin_000050,0,0,0,0,0,0,0,0,0,0,0,0,0,0,0,0,0,0,0,0,0,0,0,0,0,0,0,0,0,0,0,0,0,0,0,0,0,0,0,0,0,0
JPB:bin_000051,0,0,6.383,2.173,0,0,2.601,0,0,0,1.875,0,1.944,0,0,0,0,2.484,0,3.071,0,1.98,5.503,0,1.338,1.691,1.48,0,1.463,4.074,0,2.28,1.593,1.38,3.261,0,0,0,0,0,0,0
JPB:bin_000052,0,0,0,0,0,0,0,0,0,0,0,0,0,0,0,0,0,0,0,0,0,0,0,0,0,0,0,0,0,0,0,0,0,0,0,0,0,0,0,0,0,0
JPB:bin_000053,0,0,0,0,0,0,0,0,0,0,0,0,0,0,0,0,0,0,0,0,0,0,0,0,0,0,0,0,0,0,0,0,0,0,0,0,0,0,0,0,0,0
JPB:bin_000054,0,0,0,0,0,0,0,0,0,0,0,0,0,0,0,0,0,0,0,0,0,0,0,0,0,0,0,0,0,0,0,0,0,0,0,0,0,0,0,0,0,0
JPB:bin_000056,0,0,0,0,0,0,0,0,0,0,0,0,0,0,0,0,0,0,0,0,0,0,0,0,0,0,0,0,0,0,0,0,0,0,0,0,0,0,0,0,0,0
JPB:bin_000057,0,0,0,0,0,0,0,0,0,0,0,0,0,0,0,0,0,0,0,0,0,0,0,0,0,0,0,0,0,0,0,0,0,0,0,0,0,0,0,0,0,0
JPB:bin_000059,0,0,2.49,2.795,0,0,0,0,0,0,0,0,2.132,0,0,0,0,2.418,0,2.888,0,0,2.358,0,1.351,1.758,0,0,0,3.625,0,1.677,0,1.396,1.74,0,0,0,0,0,0,0
JPB:bin_000060,0,0,5.165,4.118,0,0,5.083,0,0,0,0,0,3.176,0,0,0,1.841,3.055,0,4.749,0,1.75,4.298,0,2.079,2.126,2.215,0,0,4.002,0,0,0,2.139,2.899,0,1.658,0,6.332,0,0,0
JPB:bin_000061,0,0,4.923,4.15,1.458,0,3.825,0,0,0,0,0,2.756,0,2.842,0,1.722,2.633,0,4.15,0,1.324,4.672,0,0,0,1.284,0,1.347,3.786,0,2.934,0,0.978,4.026,0,1.368,0,6.343,0,1.591,0
JPB:bin_000062,0,0,0,0,0,0,0,0,0,0,0,0,0,0,0,0,0,0,0,0,0,0,0,0,0,0,0,0,0,0,0,0,0,0,0,0,0,0,0,0,0,0
JPB:bin_000063,2.021,0,30.498,17.034,6.972,1.497,26.248,2.978,0,3.621,5.195,0,8.587,6.822,17.448,6.126,2.112,17.148,3.639,23.925,2.981,8.514,12.09,4.25,4.737,3.365,9.297,6.236,5.352,22.391,0,24.155,11.67,17.731,39.471,0,4.119,3.042,21.691,0,5.537,0
JPB:bin_000064,0,0,0,0,0,0,0,0,0,0,0,0,0,0,0,0,0,0,0,0,0,0,0,0,0,0,0,0,0,0,0,0,0,0,0,0,0,0,0,0,0,0
JPB:bin_000065,0,0,2.126,0,0,0,0,0,0,0,0,0,1.702,0,0,0,0,0,0,0,0,0,1.396,0,0,0,0,0,0,1.66,0,0,0,0,0,0,0,0,1.515,0,0,0
JPB:bin_000066,0,0,0,0,0,0,0,0,0,0,0,0,0,0,0,0,0,0,0,0,0,0,0,0,0,0,0,0,0,0,0,0,0,0,0,0,0,0,0,0,0,0
JPB:bin_000067,0,0,5.072,5.416,1.866,0,6.411,1.666,0,0,2.85,0,5.573,2.578,2.476,2.278,1.35,4.89,0,7.453,2.06,2.493,7.068,2.805,2.388,2.099,3.003,3.551,0,5.084,0,4.163,2.918,1.929,7,0,1.819,1.816,8.234,0,1.952,0
JPB:bin_000068,0,0,0,0,0,0,0,0,0,0,0,0,0,0,0,0,0,0,0,0,0,0,0,0,0,0,0,0,0,0,0,0,0,0,0,0,0,0,0,0,0,0
JPB:bin_000069,0,0,2.259,3.09,0,0,0,0,0,0,1.438,0,1.549,0,2.091,0,0,0,0,2.291,0,0,1.668,0,0,0,0,1.189,0,2.049,0,1.835,0,3.477,1.984,0,0,0,1.484,0,0,0
JPB:bin_000070,0,0,0,0,0,0,0,0,0,0,0,0,0,0,0,0,0,0,0,0,0,0,0,0,0,0,0,0,0,0,0,0,0,0,0,0,0,0,0,0,0,0
JPB:bin_000071,0,0,0,0,0,0,0,0,0,0,0,0,0,0,0,0,0,0,0,0,0,0,0,0,0,0,0,0,0,0,0,0,0,0,0,0,0,0,0,0,0,0
JPB:bin_000073,0,0,0,0,0,0,0,0,0,0,0,0,0,0,0,0,0,0,0,0,0,0,0,0,0,0,0,0,0,0,0,0,0,0,0,0,0,0,1.689,0,0,0
JPB:bin_000074,0,0,3.442,2.023,0,0,3.915,0,0,0,0,0,1.785,1.566,1.958,0,0,1.99,0,2.767,0,0,2.429,0,0,0,1.48,0,0,1.879,0,0,0,0,2.464,0,0,0,3.799,0,0,0
JPB:bin_000075,0,0,3.793,3.996,0,0,2.72,0,0,0,0,0,2.603,0,2.082,0,3.228,2.428,0,3.647,0,0,3.739,0,0,1.905,1.65,0,0,5.209,0,2.164,1.569,2.363,4.415,0,0,0,5.15,0,0,0
JPB:bin_000076,0,0,0,0,0,0,0,0,0,0,0,0,0,0,0,0,0,0,0,0,0,0,0,0,0,0,0,0,0,0,0,0,0,0,0,0,0,0,0,0,0,0
JPB:bin_000077,0,0,0,0,0,0,0,0,0,0,0,0,0,0,0,0,0,0,0,0,0,0,0,0,0,0,1.952,0,0,0,0,0,0,0,0,0,0,0,0,0,0,0
JPB:bin_000078,0,0,0,0,0,0,0,0,0,0,0,0,0,0,0,0,0,0,0,0,0,0,0,0,0,0,0,0,0,0,0,0,0,0,0,0,0,0,0,0,0,0
JPB:bin_000079,0,0,0,0,0,0,0,0,0,0,0,0,0,0,0,0,0,0,0,0,0,0,0,0,0,0,0,0,0,0,0,0,0,0,0,0,0,0,0,0,0,0
JPB:bin_000080,0,0,0,0,0,0,0,0,0,0,0,0,0,0,0,0,0,0,0,0,0,0,0,0,0,0,0,0,0,0,0,0,0,0,0,0,0,0,0,0,0,0
JPB:bin_000081,19.408,0,105.331,69.2,9.886,3.477,93.989,16.449,0,6.394,22.758,0,39.489,28.031,32.547,14.656,15.477,94.132,16.745,95.621,4.727,40.203,60.006,27.476,27.381,14.831,23.661,24.154,15.45,70.999,2.957,53.446,37.214,62.768,47.557,1.801,17.543,22.02,120.538,0,25.216,0
JPB:bin_000082,0,0,0,0,0,0,0,0,0,0,0,0,0,0,0,0,0,0,0,0,0,0,0,0,0,0,0,0,0,0,0,0,0,0,0,0,0,0,0,0,0,0
JPB:bin_000083,0,0,0,0,0,0,0,0,0,0,0,0,0,0,0,0,0,0,0,0,0,0,0,0,0,0,0,0,0,0,0,0,0,0,0,0,0,0,0,0,0,0
JPB:bin_000084,0,0,0,0,0,0,0,0,0,0,0,0,0,0,0,0,0,0,0,0,0,0,0,0,0,0,0,0,0,0,0,0,0,0,0,0,0,0,0,0,0,0
JPB:bin_000085,0,0,0,0,0,0,0,0,0,0,0,0,0,0,0,0,0,0,0,0,0,0,0,0,0,0,0,0,0,0,0,0,0,0,0,0,0,0,0,0,0,0
JPB:bin_000086,0,0,0,0,0,0,0,0,0,0,0,0,0,0,0,0,0,0,0,0,0,0,0,0,0,0,0,0,0,0,0,0,0,0,0,0,0,0,0,0,0,0
JPB:bin_000087,0,0,6.275,0,0,0,13.029,0,0,0,0,0,1.88,0,0,0,0,0,0,3.72,0,0,2.11,0,0,0,1.406,0,2.687,1.929,0,0,1.845,2.788,5.536,0,0,0,4.906,0,0,0
JPB:bin_000088,0,0,0,0,0,0,0,0,0,0,0,0,0,0,0,0,0,0,0,0,0,0,0,0,0,0,0,0,0,0,0,0,0,0,0,0,0,0,0,0,0,0
JPB:bin_000089,0,0,8.699,5.267,2.551,0,4.394,0,0,0,2.394,0,4.521,1.79,2.551,0,2.156,4.574,2.227,6.768,0,0,5.86,0,2.444,2.828,4.405,2.058,1.453,5.861,0,3.147,2.585,3.245,8.035,0,0,2.221,15.001,0,2.371,0
JPB:bin_000090,0,0,0,0,0,0,0,0,0,0,0,0,0,0,0,0,0,0,0,0,0,0,1.674,0,0,0,0,0,0,0,0,0,0,0,2.365,0,0,0,3.337,0,0,0
JPB:bin_000091,0,0,0,0,0,0,0,0,0,0,0,0,0,0,0,0,0,0,0,0,0,0,0,0,0,0,0,0,0,0,0,0,0,0,0,0,0,0,0,0,0,0
JPB:bin_000092,0,0,0,0,0,0,0,0,0,0,0,0,0,0,0,0,0,0,0,0,0,0,0,0,0,0,0,0,0,0,0,0,0,0,0,0,0,0,0,0,0,0
JPB:bin_000093,0,0,0,0,0,0,0,0,0,0,0,0,0,0,0,0,0,0,0,0,0,0,0,0,0,0,0,0,0,0,0,0,0,0,0,0,0,0,0,0,0,0
JPB:bin_000094,0,0,0,0,0,0,0,0,0,0,0,0,0,0,0,0,0,0,0,0,0,0,0,0,0,0,0,0,0,0,0,0,0,0,0,0,0,0,0,0,0,0
JPB:bin_000095,0,0,0,0,0,0,0,0,0,0,0,0,0,0,0,0,0,0,0,0,0,0,0,0,0,0,0,0,0,0,0,0,0,0,0,0,0,0,0,0,0,0
JPB:bin_000096,0,0,0,0,0,0,0,0,0,0,0,0,0,0,0,0,0,0,0,0,0,0,0,0,0,0,0,0,0,0,0,0,0,0,0,0,0,0,0,0,0,0
JPB:bin_000098,0,0,0,0,0,0,0,0,0,0,0,0,0,0,0,0,0,0,0,0,0,0,0,0,0,0,0,0,0,0,0,0,0,0,0,0,0,0,0,0,0,0
JPB:bin_000099,1.452,0,12.283,12.535,0,0,7.467,0,0,0,2.607,0,3.117,9.711,6.026,1.845,1.957,12.045,2.618,9.449,0,3.734,8.47,6.933,2.421,2.012,8.981,1.49,0,12.576,0,6.123,4.846,5.458,10.274,0,3.145,0,14.641,0,2.634,0
JPB:bin_000100,0,0,0,0,0,0,0,0,0,0,0,0,0,0,0,0,0,0,0,0,0,0,0,0,0,0,0,0,0,0,0,0,0,0,2.247,0,0,0,0,0,0,0
JPB:bin_000101,0,0,0,0,0,0,0,0,0,0,0,0,0,0,0,0,0,0,0,0,0,0,0,0,0,0,0,0,0,0,0,0,0,0,0,0,0,0,0,0,0,0
JPB:bin_000103,0,0,0,0,0,0,0,0,0,0,0,0,0,0,0,0,0,0,0,0,0,0,0,0,0,0,0,0,0,0,0,0,0,0,0,0,0,0,0,0,0,0
JPB:bin_000105,0,0,0,0,0,0,0,0,0,0,0,0,0,0,0,0,0,0,0,0,0,0,0,0,0,0,0,0,0,0,0,0,0,0,0,0,0,0,0,0,0,0
JPB:bin_000106,0,0,3.288,2.384,0,0,5.017,0,0,0,0,0,0,0,0,0,0,0,0,3.932,0,0,2.145,0,0,0,0,0,0,4.069,0,4.654,0,0,0,0,0,0,2.21,0,0,0
JPB:bin_000107,0,0,0,0,0,0,0,0,0,0,0,0,0,0,0,0,0,0,0,0,0,0,0,0,0,0,0,0,0,0,0,0,0,0,0,0,0,0,0,0,0,0
JPB:bin_000108,0,0,2.498,3.355,0,0,5.538,0,0,0,0,0,0,0,0,0,0,0,0,0,0,0,3.324,0,0,1.355,0,0,0,2.807,0,1.988,0,4.03,0,0,0,0,3.989,0,2.672,0
JPB:bin_000109,0,0,5.684,7.529,0,0,4.762,0,0,0,0,0,3.617,0,3.148,0,2.061,3.502,0,5.265,0,0,4.812,0,2.768,1.339,1.469,1.262,0,2.442,0,4.485,3.564,7.033,7.932,0,3.766,0,7.597,0,0,0
JPB:bin_000110,0,0,0,0,0,0,0,0,0,0,0,0,0,0,0,0,0,0,0,0,0,0,0,0,0,0,0,0,0,0,0,0,0,0,0,0,0,0,0,0,0,0
JPB:bin_000111,0,0,1.956,0,0,0,0,0,0,0,0,0,0,0,0,0,0,0,0,0,0,0,1.628,0,0,0,0,0,0,0,0,0,0,2.858,0,0,0,1.333,2.857,0,0,0
JPB:bin_000112,0,0,0,0,0,0,0,0,0,0,0,0,0,0,0,0,0,0,0,0,0,0,0,0,0,0,0,0,0,0,0,0,0,0,0,0,0,0,0,0,0,0
JPB:bin_000113,0,0,0,1.685,0,0,0,0,0,0,0,0,0,0,0,0,0,0,0,3.018,0,0,0,0,0,0,0,0,0,4.528,0,0,0,0,0,0,0,0,1.51,0,0,0
JPB:bin_000114,0,0,6.142,6.838,1.706,0,4.122,0,0,0,0,0,4.302,2.197,2.052,2.006,0,3.524,0,6.036,1.406,1.596,5.917,2.345,1.371,2.298,2.697,1.869,0,5.575,0,3.566,2.056,0,4.068,0,1.737,0,7.044,0,1.851,0
JPB:bin_000115,0,0,0,0,0,0,0,0,0,0,0,0,0,0,0,0,0,0,0,0,0,0,0,0,0,0,0,0,0,0,0,0,0,0,0,0,0,0,0,0,0,0
JPB:bin_000116,0,0,6.37,5.182,0,0,8.139,5.46,0,0,0,0,2.395,0,0,0,0,1.939,0,2.302,0,0,7.101,0,0,0,0,1.852,3.219,5.084,0,4.319,0,3.589,7.493,0,1.665,3.34,11.109,0,1.835,0
JPB:bin_000117,0,0,7.785,5.921,0,0,6.021,0,0,0,0,0,3.875,2.05,2.926,0,2.133,4.451,0,6.291,0,4.343,4.659,0,2.356,2.463,3.068,0,0,2.739,0,2.196,1.954,2.881,5.63,0,0,0,7.806,0,0,0
JPB:bin_000118,0,0,0,0,0,0,0,0,0,0,0,0,0,0,0,0,0,0,0,0,0,0,0,0,0,0,0,0,0,2.245,0,0,0,0,0,0,0,0,0,0,0,0
JPB:bin_000119,0,0,0,0,0,0,0,0,0,0,0,0,0,0,0,0,0,0,0,0,0,0,0,0,0,0,0,0,0,0,0,0,0,0,0,0,0,0,0,0,0,0
JPB:bin_000120,0,0,0,0,0,0,0,0,0,0,0,0,0,0,0,0,0,0,0,0,0,0,0,0,0,0,0,0,0,0,0,0,0,0,0,0,0,0,0,0,0,0
JPB:bin_000121,0,0,1.727,3.618,0,0,2.046,0,0,0,2.747,0,0,0,0,0,1.47,1.904,0,3.055,0,1.319,3.416,0,0,0,0,0,0,1.484,0,1.643,0,6.129,0,0,0,0,2.521,0,0,0
JPB:bin_000122,0,0,2.431,2.172,0,0,0,0,0,0,0,0,1.431,0,0,0,0,0,0,2.552,0,0,1.738,0,0,0,0,0,0,0,0,0,0,0,0,0,0,0,2.828,0,0,0
JPB:bin_000123,0,0,0,0,0,0,0,0,0,0,0,0,0,0,0,0,0,0,0,0,0,0,0,0,0,0,0,0,0,0,0,0,0,0,1.824,0,0,0,0,0,0,0
JPB:bin_000124,0,0,0,0,0,0,0,0,0,0,0,0,0,0,0,0,0,0,0,0,0,0,0,0,0,0,0,0,0,0,0,0,0,0,0,0,0,0,0,0,0,0
JPB:bin_000125,0,0,3.52,4.482,0,0,2.764,0,0,0,0,0,2.432,2.323,1.93,0,1.372,1.88,0,3.376,0,1.488,3.582,0,2.339,1.56,1.445,0,0,2.76,0,2.17,1.311,2.778,1.609,0,1.312,1.793,5.97,0,0,0
JPB:bin_000126,0,0,0,0,0,0,0,0,0,0,0,0,0,0,0,0,0,0,0,0,0,0,0,0,0,0,0,0,0,0,0,0,0,0,0,0,0,0,0,0,0,0
JPB:bin_000127,0,0,5.005,7.524,0,0,6.751,0,0,1.413,9.108,0,3.278,1.855,2.381,0,1.943,2.869,0,9.584,0,2.766,5.602,3.058,0,0,4.433,0,5.488,8.887,0,5.707,4.98,0,7.159,0,0,0,9.432,0,2.945,0
JPB:bin_000128,0,0,0,0,0,0,0,0,0,0,0,0,0,0,0,0,0,0,0,0,0,0,0,0,0,0,0,0,0,0,0,0,0,0,0,0,0,0,0,0,0,0
JPB:bin_000130,0,0,4,0,0,0,0,0,0,0,0,0,0,0,0,0,0,0,0,0,0,0,0,0,0,0,0,0,0,0,0,0,0,0,0,0,0,0,4.034,0,0,0
JPB:bin_000132,0,0,0,0,0,0,0,0,0,0,0,0,0,0,0,0,0,0,0,0,0,0,0,0,0,0,0,0,0,0,0,0,0,0,0,0,0,0,0,0,0,0
JPB:bin_000133,0,0,0,0,0,0,0,0,0,0,0,0,0,0,0,0,0,0,0,0,0,0,0,0,0,0,0,0,0,0,0,0,0,0,0,0,0,0,0,0,0,0
JPB:bin_000134,0,0,0,0,0,0,0,0,0,0,0,0,0,0,0,0,0,0,0,0,0,0,0,0,0,0,0,0,0,0,0,0,0,0,0,0,0,0,0,0,0,0
JPB:bin_000135,0,0,4.864,4.799,0,0,0,0,0,0,0,0,3.458,0,0,0,0,0,0,5.712,0,0,4.067,0,1.968,2.22,2.665,0,0,4.445,0,3.173,0,2.451,2.811,0,0,0,5.085,0,0,0
JPB:bin_000137,0,0,0,0,0,0,0,0,0,0,0,0,0,0,0,0,0,0,0,0,0,0,0,0,0,0,0,0,0,0,0,0,0,0,0,0,0,0,0,0,0,0
JPB:bin_000138,0,0,0,0,0,0,0,0,0,0,0,0,0,0,0,0,0,0,0,0,0,0,0,0,0,0,0,0,0,0,0,0,0,0,0,0,0,0,0,0,0,0
JPB:bin_000139,0,0,13.237,13.337,3.688,0,7.364,0,0,0,3.341,0,9.115,4.732,3.668,1.94,4.247,5.97,2.448,14.135,0,3.135,8.02,3.387,6.354,6.106,5.436,3.672,2.534,8.65,0,6.113,4.199,2.282,6.709,0,3.39,3.543,16.448,0,3.726,0
JPB:bin_000140,0,0,0,0,0,0,0,0,0,0,0,0,0,0,0,0,0,0,0,0,0,0,0,0,0,0,0,0,0,0,0,0,0,0,0,0,0,0,0,0,0,0
JPB:bin_000142,0,0,0,0,0,0,0,0,0,0,0,0,0,0,0,0,0,0,0,0,0,0,0,0,0,0,0,0,0,0,0,0,0,0,0,0,0,0,0,0,0,0
JPB:bin_000144,0,0,10.75,11.646,9.119,0,24.46,1.993,0,0,2.462,0,4.738,2.871,9.863,1.568,2.324,5.001,8.714,8.052,2.196,6.318,11.154,9.071,4.725,3.103,3.396,3.568,2.468,11.176,0,5.498,4.629,7.35,8.308,0,7.156,0,21.342,0,2.617,0
JPB:bin_000146,4.337,0,46.469,34.32,10.882,2.214,39.514,6.854,0,4.325,7.27,0,21.847,10.736,15.534,6.747,13.872,18.505,7.874,31.823,5.548,11.296,33.086,14.02,11.735,8.517,10.526,13.102,10.274,25.047,0,28.174,13.405,23.473,27.169,1.325,9.649,9.529,48.719,0,10.185,0
JPB:bin_000147,0,0,0,0,0,0,0,0,0,0,0,0,0,0,0,0,0,0,0,0,0,0,0,0,0,0,0,0,0,0,0,0,0,0,0,0,0,0,0,0,0,0
JPB:bin_000148,0,0,6.001,4.525,0,0,4.054,0,0,0,9.988,0,2.601,0,0,1.889,1.937,0,0,4.649,0,0,5.494,0,0,0,2.325,0,0,7.017,0,4.506,1.981,2.086,3.489,0,3.189,2.231,7.88,0,4.846,0
JPB:bin_000149,0,0,0,0,0,0,0,0,0,0,0,0,0,0,0,0,0,0,0,0,0,0,0,0,0,0,0,0,0,0,0,0,0,0,0,0,0,0,0,0,0,0
JPB:bin_000150,0,0,4.203,3.97,0,0,2.899,0,0,0,0,0,2.587,0,0,0,0,0,0,4.202,0,0,2.538,0,1.927,1.724,0,0,0,2.736,0,2.438,0,0,0,0,0,0,5.488,0,0,0
JPB:bin_000151,0,0,1.538,0,0,0,0,0,0,0,0,0,0,0,0,0,0,0,0,0,0,0,1.558,0,0,0,0,0,0,1.961,0,0,0,0,1.461,0,0,0,1.983,0,0,0
JPB:bin_000152,0,0,0,0,0,0,0,0,0,0,0,0,0,0,0,0,0,0,0,0,0,0,0,0,0,0,0,0,0,0,0,0,0,0,0,0,0,0,0,0,0,0
JPB:bin_000153,0,0,9.987,8.105,0,0,5.469,0,0,0,1.9,0,5.452,2.656,3.384,1.58,2.442,5.736,0,8.344,0,2.958,6.319,0,2.375,3.966,3.663,1.706,1.822,6.521,0,4.824,3.797,2.355,8.281,0,0,2.154,14.304,0,2.374,0
JPB:bin_000155,0,0,0,0,0,0,0,0,0,0,0,0,0,0,0,0,0,0,0,0,0,0,0,0,0,0,0,0,0,0,0,0,0,0,0,0,0,0,0,0,0,0
JPB:bin_000156,0,0,6.306,6.174,0,0,10.354,0,0,0,2.489,0,3.304,1.524,2.453,0,3.651,5.057,2.756,10.402,2.247,2.553,6.075,2.144,0,3.423,1.999,1.91,0,12.112,0,11.183,1.714,1.304,3.114,0,0,3.063,10.265,0,0,0
JPB:bin_000157,0,0,0,0,0,0,0,0,0,0,0,0,0,0,0,0,0,0,0,0,0,0,0,0,0,0,0,0,0,0,0,0,0,0,0,0,0,0,0,0,0,0
JPB:bin_000159,0,0,0,0,0,0,0,0,0,0,0,0,0,0,0,0,0,0,0,0,0,0,0,0,0,0,0,0,0,0,0,0,0,0,0,0,0,0,0,0,0,0
JPB:bin_000160,0,0,3.159,1.871,0,0,2.38,1.332,0,0,1.83,0,1.272,0,1.923,0,0,0,0,0,0,0,1.25,0,0,0,0,0,1.519,1.702,0,0,0,0,2.127,0,0,0,3.494,0,0,0
JPB:bin_000162,0,0,3.873,2.65,0,0,2.861,0,0,0,0,0,1.875,0,0,0,0,3.324,0,5.115,0,0,3.306,0,0,1.223,1.537,0,0,3.409,0,4.434,1.108,0,2.223,0,0,1.643,4.469,0,0,0
JPB:bin_000163,0,0,1.875,0,0,0,4.294,0,0,0,0,0,0,0,0,0,0,0,0,2.07,0,0,2.347,0,0,0,0,0,0,6.032,0,4.595,0,0,0,0,0,1.432,0,0,0,0
JPB:bin_000164,0,0,0,0,0,0,0,0,0,0,0,0,0,0,0,0,0,0,0,0,0,0,0,0,0,0,0,0,0,0,0,0,0,0,0,0,0,0,0,0,0,0
JPB:bin_000165,0,0,1.677,0,0,0,0,0,0,0,0,0,0,0,0,0,0,0,0,0,0,0,0,0,0,0,0,0,0,0,0,0,0,0,0,0,0,0,0,0,0,0
JPB:bin_000166,11.229,0,67.053,50.099,14.609,1.939,157.817,10.374,0,8.891,11.839,0,25.821,15.372,28.399,11.275,21.032,34.115,32.844,122.22,14.342,18.972,71.118,20.035,11.607,10.181,21.58,13.389,12.947,48.148,2.641,142.604,29.81,15.606,32.743,2.817,13.312,23.129,76.465,0,13.266,0
JPB:bin_000167,0,0,0,0,0,0,0,0,0,0,0,0,0,0,0,0,0,0,0,0,0,0,0,0,0,0,0,0,0,0,0,0,0,0,0,0,0,0,0,0,0,0
JPB:bin_000169,0,0,0,0,0,0,0,0,0,0,0,0,0,0,0,0,0,0,0,0,0,0,0,0,0,0,0,0,0,0,0,0,0,0,0,0,0,0,2.903,0,0,0
JPB:bin_000170,0,0,0,0,0,0,0,0,0,0,0,0,0,0,0,0,0,0,0,0,0,0,0,0,0,0,0,0,0,0,0,0,0,0,0,0,0,0,0,0,0,0
JPB:bin_000171,0,0,2.55,3.028,0,0,4.321,0,0,0,0,0,1.94,1.623,0,0,1.598,3.958,0,5.898,0,0,2.752,0,0,0,0,1.372,0,5.662,0,4.376,0,0,1.529,0,1.469,1.722,5.712,0,0,0
JPB:bin_000172,0,0,14.974,20.386,5.596,0,7.779,1.459,0,0,2.476,0,12.088,2.173,4.792,1.828,2.528,12.234,2.717,20.673,2.998,2.737,22.218,4.944,5.74,3.68,3.356,1.689,3.812,8.544,0,33.689,3.235,20.194,18.172,0,2.241,7.603,32.311,0,5.311,0
JPB:bin_000173,3.118,0,32.714,23.19,7.333,0,18.085,0,0,0,2.462,0,7.533,9.253,6.537,6.079,5.508,16.693,2.582,12.232,4.554,24.418,14.699,6,15.755,4.891,5.543,10.585,7.44,11.478,0,22.581,5.729,10.682,11.2,0,4.643,10.994,49.224,0,5.388,0
JPB:bin_000174,0,0,0,0,0,0,0,0,0,0,0,0,0,0,0,0,0,0,0,0,0,0,0,0,0,0,0,0,0,0,0,0,0,0,0,0,0,0,0,0,0,0
JPB:bin_000175,0,0,0,0,0,0,0,0,0,0,0,0,0,0,0,0,0,0,0,0,0,0,0,0,0,0,0,0,0,0,0,0,0,0,0,0,0,0,0,0,0,0
JPB:bin_000176,0,0,7.85,6.798,2.48,0,6.061,0,0,0,2.075,0,4.635,2.366,2.6,0,2.561,3.658,0,7.657,0,2.28,5.014,2.015,3.447,3.254,3.128,2.062,0,4.995,0,4.852,2.5,1.779,4.538,0,1.955,1.682,9.297,0,2.664,0
JPB:bin_000177,0,0,0,0,0,0,0,0,0,0,0,0,0,0,0,0,0,0,0,0,0,0,0,0,0,0,0,0,0,0,0,0,0,0,0,0,0,0,0,0,0,0
JPB:bin_000178,0,0,4.804,4.352,1.63,0,10.323,1.404,0,0,2.399,0,2.598,2.526,3.158,0,1.527,4.021,2.04,3.693,1.98,2.608,4.764,2.278,1.437,1.087,2.022,2.447,2.337,8.376,0,7.185,4.41,2.994,6.032,0,1.369,2.586,10.264,0,2.642,0
JPB:bin_000180,0,0,0,0,0,0,0,0,0,0,0,0,0,0,0,0,0,0,0,0,0,0,0,0,0,0,0,0,0,0,0,0,0,0,0,0,0,0,0,0,0,0
JPB:bin_000184,7.028,0,83.684,82.064,28.57,2.412,69.206,14.178,0,9.016,18.735,0,45.177,28.234,26.184,19.654,27.203,51.056,14.254,79.667,16.743,23.28,86.745,30.839,33.274,19.752,34.685,19.963,11.136,80.923,0,56.508,27.876,33.139,60.095,3.71,22.128,33.87,142.287,0,20.932,0
JPB:bin_000185,0,0,0,0,0,0,0,0,0,0,0,0,0,0,0,0,0,0,0,0,0,0,0,0,0,0,0,0,0,0,0,0,0,0,0,0,0,0,0,0,0,0
JPB:bin_000186,0,0,0,0,0,0,0,0,0,0,0,0,0,0,0,0,0,0,0,0,0,0,0,0,0,0,0,0,0,0,0,0,0,4.149,0,0,0,0,0,0,0,0
JPB:bin_000187,0,0,0,0,0,0,2.337,0,0,0,0,0,0,0,0,0,0,0,0,0,0,0,0,0,0,0,0,0,0,0,0,2.594,0,0,0,0,0,0,0,0,0,0
JPB:bin_000188,1.846,0,31.08,19.833,5.887,0,29.592,2.253,0,3.111,12.442,0,13.768,13.091,14.422,6.158,8.52,16.468,5.118,24.445,2.693,10.032,21.75,5.798,7.311,7.485,8.637,9.37,9.628,16.991,0,20,11.682,13.728,30.763,0,6.35,9.118,49.577,0,5.756,0
JPB:bin_000189,0,0,3.243,0,0,0,4.671,0,0,0,0,0,0,0,0,0,0,0,0,3.64,0,0,2.901,0,0,0,0,0,0,0,0,6.033,0,0,0,0,0,0,0,0,0,0
JPB:bin_000190,0,0,4.95,3.853,0,0,4.284,0,0,1.418,3.149,0,2.918,2.756,1.656,0,2.143,2.342,1.543,3.579,0,1.651,5.024,0,0,1.712,0,0,1.249,2.515,0,1.74,1.344,0,5.152,0,0,1.398,6.224,0,2.37,0
JPB:bin_000192,0,0,0,0,0,0,0,0,0,0,0,0,0,0,0,0,0,0,0,0,0,0,0,0,0,0,0,0,0,0,0,0,0,0,0,0,0,0,0,0,0,0
JPB:bin_000193,0,0,0,0,0,0,0,0,0,0,0,0,0,0,0,0,0,0,0,0,0,0,0,0,0,0,0,0,0,0,0,0,0,2.989,0,0,0,0,0,0,0,0
JPB:bin_000194,0,0,0,0,0,0,0,0,0,0,0,0,0,0,0,0,0,0,0,0,0,0,0,0,0,0,0,0,0,0,0,0,0,0,0,0,0,0,0,0,0,0
JPB:bin_000195,0,0,2.391,1.589,2.556,0,2.247,0,0,0,0,0,1.765,0,0,0,0,0,0,2.932,0,0,2.323,0,1.38,0,0,0,0,3.205,0,4.066,1.261,0,3.678,0,0,1.241,6.105,0,0,0
JPB:bin_000196,0,0,0,0,0,0,0,0,0,0,0,0,0,0,0,0,0,0,0,0,0,0,0,0,0,0,0,0,0,0,0,0,0,0,0,0,0,0,0,0,0,0
JPB:bin_000197,0,0,0,2.313,0,0,3.544,0,0,0,0,0,0,0,0,0,0,0,0,2.143,0,0,1.765,0,0,0,0,0,0,0,0,0,0,2.037,0,0,2.226,0,0,0,0,0
JPB:bin_000198,36.884,0,290.128,265.942,95.587,9.056,255.836,44.398,2.83,35.128,71.564,2.305,150.812,100.601,99.035,59.791,92.75,149.27,51.074,280.643,48.838,86.291,246.977,102.948,93.093,68.785,121.112,74.954,60.543,255.666,0,226.697,84.035,71.182,203.761,13.056,77.284,96.039,401.062,0,76.491,0
JPB:bin_000199,0,0,5.242,4.693,0,0,4.839,0,0,0,0,0,0,0,0,0,0,3.617,0,4.848,0,0,4.737,0,0,0,0,0,0,5.708,0,3.735,0,0,0,0,0,0,7.678,0,0,0
JPB:bin_000200,0,0,0,0,0,0,0,0,0,0,0,0,0,0,0,0,0,0,0,0,0,0,0,0,0,0,0,0,0,0,0,0,0,0,0,0,0,0,0,0,0,0
JPB:bin_000201,0,0,0,0,0,0,0,0,0,0,0,0,0,0,0,0,0,0,0,0,0,0,0,0,0,0,0,0,0,0,0,0,0,0,0,0,0,0,0,0,0,0
JPB:bin_000202,0,0,0,0,0,0,0,0,0,0,0,0,0,0,0,0,0,0,0,0,0,0,0,0,0,0,0,0,0,0,0,0,0,0,0,0,0,0,0,0,0,0
JPB:bin_000203,0,0,9.397,8.268,2.65,0,11.585,0,0,1.876,2.507,0,4.868,0,3.677,1.614,2.043,5.088,2.76,10.371,2.689,3.011,10.734,0,3.423,2.677,3.7,2.708,1.707,8.077,0,5.273,2.921,3.808,7.729,0,2.853,2.868,6.836,0,3.489,0
JPB:bin_000204,3.736,0,46.195,33.81,10.768,0,45.022,6.221,0,4.785,10.237,0,25.523,11.907,15.386,9.704,11.673,26.125,8.718,37.253,4.829,15.114,35.474,11.853,12.725,12.087,16.172,10.173,11.323,32.559,0,33.059,13.198,23.564,29.509,0,9.36,12.867,56.11,0,11.888,0
JPB:bin_000205,0,0,0,0,0,0,0,0,0,0,0,0,0,0,0,0,0,0,0,0,0,0,0,0,0,0,0,0,0,0,0,0,0,0,0,0,0,0,0,0,0,0
JPB:bin_000206,0,0,14.845,8.122,3.79,0,5.884,0,0,0,0,0,4.042,4.667,5.571,1.632,3.681,2.361,0,8.875,1.537,2.273,10.22,1.863,2.599,1.588,3.685,1.997,2.135,15.885,0,9.479,7.52,11.781,7.825,0,3.299,3.739,22.316,0,3.419,0
JPB:bin_000207,0,0,4.398,6.991,0,0,0,0,0,0,0,0,2.885,0,0,0,0,0,0,3.794,0,0,4.424,0,0,0,0,0,0,0,0,0,0,2.094,3.065,0,0,0,5.898,0,2.573,0
JPB:bin_000208,0,0,2.049,0,0,0,5.341,0,0,0,0,0,0,0,0,0,0,0,0,0,0,0,0,0,0,0,0,1.609,0,5.88,0,4.944,0,0,0,0,0,0,0,0,0,0
JPB:bin_000209,0,0,4.58,8.849,2.686,0,0,0,0,0,0,0,3.638,0,2.327,0,2.349,2.972,0,5.116,0,0,3.562,0,3.332,3.128,0,0,0,5.522,0,0,0,0,4.776,0,0,0,6.017,0,0,0
JPB:bin_000210,0,0,0,0,0,0,1.722,0,0,0,0,0,0,0,0,0,0,0,0,0,0,0,0,0,0,0,0,0,0,0,0,0,0,1.62,1.876,0,0,0,0,0,0,0
JPB:bin_000211,1.577,0,15.958,12.075,0,0,15.635,0,0,1.954,9.167,0,3.512,2.856,12.081,2.544,4.386,8.872,3.73,17.905,2.363,4.368,17.152,8.221,0,0,5.119,6.099,0,9.426,0,18.008,6.3,10.673,17.392,0,2.469,9.906,16.651,0,3.31,0
JPB:bin_000212,0,0,0,0,0,0,0,0,0,0,0,0,0,0,0,0,0,0,0,0,0,0,0,0,0,0,0,0,0,0,0,0,0,0,0,0,0,0,0,0,0,0
JPB:bin_000213,0,0,12.177,15.886,3.693,0,10.926,3.32,0,0,3.452,0,8.635,5.095,4.558,2.858,4.215,8.182,3.039,18.14,2.574,2.948,12.509,3.745,3.913,4.024,5.019,3.017,3.851,17.894,0,9.357,3.948,5.25,7.989,0,4.163,5.009,17.736,0,0,0
JPB:bin_000214,0,0,0,0,0,0,0,0,0,0,0,0,0,0,0,0,0,0,0,0,0,0,0,0,0,0,0,0,0,0,0,0,0,0,0,0,0,0,0,0,0,0
JPB:bin_000215,0,0,2.781,0,0,0,1.742,0,0,0,0,0,0,0,0,0,0,0,0,0,0,0,0,0,0,0,0,0,0,0,0,0,0,0,5.734,0,0,0,0,0,0,0
JPB:bin_000217,0,0,0,0,0,0,0,0,0,0,0,0,0,0,0,0,0,0,0,0,0,0,0,0,0,0,0,0,0,0,0,0,0,0,0,0,0,0,0,0,0,0
JPB:bin_000218,0,0,0,0,0,0,2.365,0,0,0,0,0,0,0,0,0,0,0,0,0,0,0,0,0,0,0,0,0,0,2.038,0,1.695,0,0,0,0,0,0,0,0,0,0
JPB:bin_000219,0,0,10.393,14.701,0,0,17.673,2.277,0,2.43,2.937,0,7.464,3.778,7.656,2.455,2.916,5.255,0,16.406,0,8.117,10.621,5.11,3.552,3.826,8.332,5.346,2.254,11.849,0,12.202,4.719,13.616,5.283,0,3.754,3.172,16.685,0,2.828,0
JPB:bin_000220,0,0,0,0,0,0,0,0,0,0,0,0,0,0,0,0,0,0,0,0,0,0,0,0,0,0,0,0,0,0,0,0,0,0,0,0,0,0,0,0,0,0
JPB:bin_000221,1.503,0,5.347,3.648,0,0,4.907,0,0,0,2.677,0,2.699,9.189,1.69,0,1.415,3.419,0,3.709,1.303,1.511,4.767,1.579,0,1.255,1.621,0,0,3.908,0,2.591,1.39,1.688,8.503,0,0,2.854,5.721,0,0,0
JPB:bin_000222,0,0,0,0,0,0,0,0,0,0,0,0,0,0,0,0,0,0,0,0,0,0,0,0,0,0,0,0,0,0,0,0,0,0,0,0,0,0,0,0,0,0
JPB:bin_000223,0,0,0,0,0,0,0,0,0,0,0,0,0,0,0,0,0,0,0,0,0,0,0,0,0,0,0,0,0,0,0,0,0,0,0,0,0,0,0,0,0,0
JPB:bin_000224,0,0,0,0,0,0,0,0,0,0,0,0,0,0,0,0,0,0,0,0,0,0,0,0,0,0,0,0,0,0,0,0,0,0,0,0,0,0,0,0,0,0
JPB:bin_000225,0,0,0,0,0,0,0,0,0,0,0,0,0,0,0,0,0,0,0,0,0,0,0,0,0,0,0,0,0,0,0,0,0,0,0,0,0,0,0,0,0,0
JPB:bin_000226,0,0,0,0,0,0,0,0,0,0,0,0,0,0,0,0,0,0,0,0,0,0,0,0,0,0,0,0,0,0,0,0,0,0,0,0,0,0,0,0,0,0
JPB:bin_000227,0,0,0,0,0,0,0,0,0,0,0,0,0,0,0,0,0,0,0,0,0,0,0,0,0,0,0,0,0,0,0,0,0,0,0,0,0,0,0,0,0,0
JPB:bin_000228,0,0,0,0,0,0,0,0,0,0,0,0,0,0,0,0,0,0,0,0,0,0,0,0,0,0,0,0,0,0,0,0,0,0,0,0,0,0,0,0,0,0
JPB:bin_000229,0,0,0,0,0,0,0,0,0,0,0,0,0,0,0,0,0,0,0,0,0,0,0,0,0,0,0,0,0,0,0,0,0,0,0,0,0,0,0,0,0,0
JPB:bin_000230,0,0,0,0,0,0,0,0,0,0,0,0,0,0,0,0,0,0,0,0,0,0,0,0,0,0,0,0,0,0,0,0,0,0,0,0,0,0,0,0,0,0
JPB:bin_000231,0,0,0,0,0,0,0,0,0,0,0,0,0,0,0,0,0,0,0,0,0,0,0,0,0,0,0,0,0,0,0,0,0,0,0,0,0,0,0,0,0,0
JPB:bin_000232,0,0,0,0,0,0,0,0,0,0,0,0,0,0,0,0,0,0,0,0,0,0,0,0,0,0,0,0,0,0,0,0,0,0,0,0,0,0,0,0,0,0
JPB:bin_000233,0,0,0,0,0,0,0,0,0,0,0,0,0,0,0,0,0,0,0,0,0,0,0,0,0,0,0,0,0,0,0,0,0,0,0,0,0,0,0,0,0,0
JPB:bin_000234,0,0,0,0,0,0,0,0,0,0,0,0,0,0,0,0,0,0,0,0,0,0,0,0,0,0,0,0,0,0,0,0,0,0,0,0,0,0,0,0,0,0
JPB:bin_000236,0,0,0,0,0,0,0,0,0,0,0,0,0,0,0,0,0,0,0,0,0,0,0,0,0,0,0,0,0,0,0,0,0,0,0,0,0,0,0,0,0,0
JPB:bin_000237,0,0,0,0,0,0,0,0,0,0,0,0,0,0,0,0,0,0,0,0,0,0,0,0,0,0,0,0,0,0,0,0,0,0,0,0,0,0,0,0,0,0
JPB:bin_000238,0,0,0,0,0,0,0,0,0,0,0,0,0,0,0,0,0,0,0,0,0,0,0,0,0,0,0,0,0,0,0,0,0,0,0,0,0,0,0,0,0,0
JPB:bin_000239,0,0,0,0,0,0,0,0,0,0,0,0,0,0,0,0,0,0,0,0,0,0,8.009,0,0,3.694,0,0,0,0,0,0,0,0,0,0,0,0,0,0,0,0
JPB:bin_000240,0,0,0,0,0,0,0,0,0,0,0,0,0,0,0,0,0,0,0,0,0,0,0,0,0,0,0,0,0,0,0,0,0,0,0,0,0,0,0,0,0,0
JPB:bin_000241,0,0,0,0,0,0,0,0,0,0,0,0,0,0,0,0,0,0,0,0,0,0,0,0,0,0,0,0,0,0,0,0,0,0,0,0,0,0,0,0,0,0
JPB:bin_000242,0,0,1.275,0,0,0,0,0,0,0,0,0,0,0,0,0,0,0,0,0,0,0,0,0,0,0,0,0,0,0,0,0,0,0,0,0,0,0,0,0,0,0
JPB:bin_000243,0,0,0,0,0,0,0,0,0,0,0,0,0,0,0,0,0,0,0,0,0,0,0,0,0,0,0,0,0,0,0,0,0,0,0,0,0,0,0,0,0,0
JPB:bin_000244,0,0,0,0,0,0,0,0,0,0,0,0,0,0,0,0,0,0,0,0,0,0,0,0,0,0,0,0,0,0,0,0,0,0,0,0,0,0,0,0,0,0
JPB:bin_000245,0,0,0,0,0,0,0,0,0,0,0,0,0,0,0,0,0,0,0,0,0,0,0,0,0,0,0,0,0,0,0,0,0,0,0,0,0,0,0,0,0,0
JPB:bin_000246,0,0,0,0,0,0,0,0,0,0,0,0,0,0,0,0,0,0,0,0,0,0,0,0,0,0,0,0,0,0,0,0,0,0,0,0,0,0,0,0,0,0
JPB:bin_000247,0,0,0,0,0,0,0,0,0,0,0,0,0,0,0,0,0,0,0,0,0,0,0,0,0,0,0,0,0,0,0,0,0,0,0,0,0,0,0,0,0,0
JPB:bin_000248,0,0,0,0,0,0,0,0,0,0,0,0,0,0,0,0,0,0,0,0,0,0,0,0,0,0,0,0,0,0,0,0,0,0,0,0,0,0,0,0,0,0
JPB:bin_000249,0,0,0,0,0,0,0,0,0,0,0,0,0,0,0,0,0,0,0,0,0,0,0,0,0,0,0,0,0,0,0,0,0,0,0,0,0,0,0,0,0,0
JPB:bin_000250,0,0,0,0,0,0,0,0,0,0,0,0,0,0,0,0,0,0,0,0,0,0,0,0,0,0,0,0,0,0,0,0,0,0,0,0,0,0,0,0,0,0
JPB:bin_000251,0,0,0,0,0,0,0,0,0,0,0,0,0,0,0,0,0,0,0,0,0,0,0,0,0,0,0,0,0,0,0,0,0,0,0,0,0,0,0,0,0,0
JPB:bin_000252,0,0,0,0,0,0,0,0,0,0,0,0,0,0,0,0,0,0,0,0,0,0,0,0,0,0,0,0,0,0,0,0,0,0,0,0,0,0,0,0,0,0
JPB:bin_000253,0,0,0,0,0,0,0,0,0,0,0,0,0,0,0,0,0,0,0,0,0,0,0,0,0,0,0,0,0,0,0,0,0,0,0,0,0,0,0,0,0,0
JPB:bin_000254,0,0,0,0,0,0,0,0,0,0,0,0,0,0,0,0,0,0,0,0,0,0,0,0,0,0,0,0,0,0,0,0,0,0,0,0,0,0,0,0,0,0
JPB:bin_000255,0,0,0,0,0,0,0,0,0,0,0,0,0,0,0,0,0,0,0,0,0,0,0,0,0,0,0,0,0,0,0,0,0,0,0,0,0,0,0,0,0,0
JPB:bin_000256,0,0,0,0,0,0,0,0,0,0,0,0,0,0,0,0,0,0,0,0,0,0,0,0,0,0,0,0,0,0,0,0,0,0,0,0,0,0,0,0,0,0
JPB:bin_000257,0,0,0,0,0,0,0,0,0,0,0,0,0,0,0,0,0,0,0,0,0,0,0,0,0,0,0,0,0,0,0,0,0,0,0,0,0,0,0,0,0,0
JPB:bin_000258,0,0,0,0,0,0,0,0,0,0,0,0,0,0,0,0,0,0,0,0,0,0,0,0,0,0,0,0,0,0,0,0,0,0,0,0,0,0,0,0,0,0
JPB:bin_000259,0,0,0,0,0,0,0,0,0,0,0,0,0,0,0,0,0,0,0,0,0,0,0,0,0,0,0,0,0,0,0,0,0,0,0,0,0,0,0,0,0,0
JPB:bin_000260,0,0,0,0,0,0,0,0,0,0,0,0,0,0,0,0,0,0,0,0,0,0,0,0,0,0,0,0,0,0,0,0,0,0,0,0,0,0,0,0,0,0
JPB:bin_000262,0,0,0,0,0,0,0,0,0,0,0,0,0,0,0,0,0,0,0,0,0,0,0,0,0,0,0,0,0,0,0,0,0,0,0,0,0,0,0,0,0,0
JPB:bin_000263,0,0,0,0,0,0,0,0,0,0,0,0,0,0,0,0,0,0,0,0,0,0,0,0,0,0,0,0,0,0,0,0,0,0,0,0,0,0,0,0,0,0
JPB:bin_000264,0,0,0,0,0,0,0,0,0,0,0,0,0,0,0,0,0,0,0,0,0,0,0,0,0,0,0,0,0,0,0,0,0,0,0,0,0,0,0,0,0,0
JPB:bin_000265,0,0,0,0,0,0,0,0,0,0,0,0,0,0,0,0,0,0,0,0,0,0,0,0,0,0,0,0,0,0,0,0,0,0,0,0,0,0,0,0,0,0
JPB:bin_000266,0,0,0,0,0,0,0,0,0,0,0,0,0,0,0,0,0,0,0,0,0,0,0,0,0,0,0,0,0,0,0,0,0,0,0,0,0,0,0,0,0,0
JPB:bin_000267,0,0,0,0,0,0,0,0,0,0,0,0,0,0,0,0,0,0,0,0,0,0,0,0,0,0,0,0,0,0,0,0,0,0,0,0,0,0,0,0,0,0
JPB:bin_000268,0,0,0,1.772,0,0,0,0,0,0,0,0,0,0,0,0,0,0,0,0,0,0,1.559,0,0,0,0,0,0,0,0,0,0,0,0,0,0,0,0,0,0,0
JPB:bin_000269,0,0,0,0,0,0,0,0,0,0,0,0,0,0,0,0,0,0,0,0,0,0,0,0,0,0,0,0,0,0,0,0,0,0,0,0,0,0,0,0,0,0
JPB:bin_000270,0,0,0,0,0,0,0,0,0,0,0,0,0,0,0,0,0,0,0,0,0,0,0,0,0,0,0,0,0,0,0,0,0,0,0,0,0,0,0,0,0,0
JPB:bin_000271,0,0,0,0,0,0,0,0,0,0,0,0,0,0,0,0,0,0,0,0,0,0,0,0,0,0,0,0,0,0,0,0,0,0,0,0,0,0,0,0,0,0
JPB:bin_000272,0,0,2.765,1.851,0,0,2.921,0,0,0,1.3,0,1.252,0,3.032,0,0,1.474,0,2.221,0,0,1.407,0,0,0,1.353,0,0,2.326,0,0,1.793,1.342,1.719,0,0,0,1.393,0,0,0
JPB:bin_000273,0,0,0,0,0,0,0,0,0,0,0,0,0,0,0,0,0,0,0,0,0,0,0,0,0,0,0,0,0,0,0,0,0,0,0,0,0,0,0,0,0,0
JPB:bin_000274,0,0,0,0,0,0,0,0,0,0,0,0,0,0,0,0,0,0,0,0,0,0,0,0,0,0,0,0,0,0,0,0,0,0,0,0,0,0,0,0,0,0
JPB:bin_000275,0,0,0,0,0,0,0,0,0,0,0,0,0,0,0,0,0,0,0,0,0,0,0,0,0,0,0,0,0,0,0,0,0,0,0,0,0,0,0,0,0,0
JPB:bin_000276,0,0,0,0,0,0,0,0,0,0,0,0,0,0,0,0,0,0,0,0,0,0,0,0,0,0,0,0,0,0,0,0,0,0,0,0,0,0,0,0,0,0
JPB:bin_000277,0,0,0,0,0,0,0,0,0,0,0,0,0,0,0,0,0,0,0,0,0,0,0,0,0,0,0,0,0,0,0,0,0,0,0,0,0,0,0,0,0,0
JPB:bin_000278,0,0,0,0,0,0,0,0,0,0,0,0,0,0,0,0,0,0,0,0,0,0,0,0,0,0,0,0,0,0,0,0,0,0,0,0,0,0,0,0,0,0
JPB:bin_000279,0,0,0,2.134,0,0,1.513,0,0,0,0,0,0,0,0,0,0,0,0,1.792,0,0,1.719,0,0,1.277,0,0,0,0,0,2.141,0,0,0,0,0,2.252,1.225,0,0,0
JPB:bin_000280,0,0,0,0,0,0,0,0,0,0,0,0,0,0,0,0,0,0,0,0,0,0,0,0,0,0,0,0,0,0,0,0,0,0,0,0,0,0,0,0,0,0
JPB:bin_000281,0,0,1.94,0,0,0,0,0,0,0,0,0,0,0,0,0,0,0,0,0,0,0,0,0,0,0,0,0,0,1.673,0,0,0,0,1.549,0,0,0,1.394,0,0,0
JPB:bin_000282,0,0,0,0,0,0,0,0,0,0,0,0,0,0,0,0,0,0,0,0,0,0,0,0,0,0,0,0,0,0,0,0,0,0,0,0,0,0,0,0,0,0
JPB:bin_000283,0,0,2.308,0,0,0,0,0,0,0,0,0,0,0,0,0,0,0,0,0,0,0,0,0,1.503,0,0,0,0,0,0,0,0,0,0,0,0,0,0,0,0,0
JPB:bin_000285,0,0,1.833,0,0,0,1.567,0,0,0,0,0,1.674,0,0,0,0,0,0,1.666,0,0,2.151,0,1.686,0,0,0,0,1.955,0,0,0,0,1.454,0,0,0,1.599,0,0,0
JPB:bin_000286,0,0,3.589,2.341,0,0,2.052,0,0,0,0,0,2.505,0,0,0,0,2.157,0,2.466,0,2.47,1.88,0,0,0,1.855,0,0,1.893,0,0,0,0,2.252,0,0,0,0,0,0,0
JPB:bin_000287,0,0,0,0,0,0,0,0,0,0,0,0,0,0,0,0,0,0,0,0,0,0,0,0,0,0,0,0,0,0,0,0,0,0,0,0,0,0,0,0,0,0
JPB:bin_000288,0,0,0,0,0,0,0,0,0,0,0,0,0,0,0,0,0,0,0,0,0,0,0,0,0,0,0,0,0,0,0,0,0,0,0,0,0,0,0,0,0,0
JPB:bin_000289,0,0,0,0,0,0,0,0,0,0,0,0,0,0,0,0,0,0,0,0,0,0,0,0,0,0,0,0,0,0,0,0,0,0,0,0,0,0,0,0,0,0
JPB:bin_000290,0,0,0,0,0,0,0,0,0,0,0,0,0,0,0,0,0,0,0,0,0,0,0,0,0,0,0,0,0,0,0,0,0,0,0,0,0,0,0,0,0,0
JPB:bin_000291,0,0,0,0,0,0,0,0,0,0,0,0,0,0,0,0,0,0,0,0,0,0,0,0,0,0,0,0,0,0,0,0,0,0,0,0,0,0,0,0,0,0
JPB:bin_000292,0,0,0,0,0,0,0,0,0,0,0,0,0,0,0,0,0,0,0,0,0,0,0,0,0,0,0,0,0,0,0,0,0,0,0,0,0,0,0,0,0,0
JPB:bin_000294,0,0,0,0,0,0,0,0,0,0,0,0,0,0,0,0,0,0,0,0,0,0,0,0,0,0,0,0,0,0,0,0,0,0,0,0,0,0,0,0,0,0
JPB:bin_000295,0,0,0,0,0,0,0,0,0,0,0,0,0,0,0,0,0,0,0,0,0,0,0,0,0,0,0,0,0,0,0,0,0,0,0,0,0,0,0,0,0,0
JPB:bin_000296,0,0,0,0,0,0,0,0,0,0,0,0,0,0,0,0,0,0,0,0,0,0,0,0,0,0,0,0,0,0,0,0,0,0,0,0,0,0,0,0,0,0
JPB:bin_000297,0,0,0,0,0,0,0,0,0,0,0,0,0,0,0,0,0,0,0,0,0,0,0,0,0,0,0,0,0,0,0,0,0,0,0,0,0,0,0,0,0,0
JPB:bin_000298,0,0,0,0,0,0,0,0,0,0,0,0,0,0,0,0,0,0,0,0,0,0,0,0,0,0,0,0,0,0,0,0,0,0,0,0,0,0,0,0,0,0
JPB:bin_000300,0,0,0,0,0,0,0,0,0,0,0,0,0,0,0,0,0,0,0,0,0,0,0,0,0,0,0,0,0,0,0,0,0,0,0,0,0,0,0,0,0,0
JPB:bin_000301,0,0,7.09,6.193,0,0,6.407,0,0,0,0,0,4.028,0,0,0,0,4.206,0,10.936,0,0,6.891,0,0,2.264,0,0,0,6.633,0,6.317,0,0,4.69,0,0,0,9.22,0,0,0
JPB:bin_000302,0,0,0,0,0,0,0,0,0,0,0,0,0,0,0,0,0,0,0,0,0,0,0,0,0,0,0,0,0,0,0,0,0,0,0,0,0,0,0,0,0,0
JPB:bin_000303,0,0,0,0,0,0,0,0,0,0,0,0,0,0,0,0,0,0,0,0,0,0,0,0,0,0,0,0,0,0,0,0,0,0,0,0,0,0,0,0,0,0
JPB:bin_000304,0,0,7.076,4.263,2.085,0,5.757,0,0,0,0,0,3.15,0,3.691,0,1.937,0,1.749,5.743,0,1.839,6.409,0,0,0,2.226,0,1.883,6.427,0,3.875,2.045,3.537,3.012,0,0,1.96,11.403,0,0,0
JPB:bin_000306,0,0,0,0,0,0,0,0,0,0,0,0,0,0,0,0,0,0,0,0,0,0,0,0,0,0,0,0,0,0,0,0,0,0,0,0,0,0,0,0,0,0
JPB:bin_000307,0,0,0,0,0,0,0,0,0,0,0,0,0,0,0,0,0,0,0,0,0,0,0,0,0,0,0,0,0,0,0,0,0,0,0,0,0,0,0,0,0,0
JPB:bin_000309,0,0,0,0,0,0,0,0,0,0,0,0,0,0,2.409,0,0,0,0,0,0,0,2.048,0,0,0,1.424,0,0,0,0,1.934,0,0,0,0,0,2.136,3.115,0,0,0
JPB:bin_000310,0,0,0,0,0,0,0,0,0,0,0,0,0,0,0,0,0,0,0,0,0,0,0,0,0,0,0,0,0,0,0,0,0,0,0,0,0,0,0,0,0,0
JPB:bin_000311,0,0,0,0,0,0,0,0,0,0,0,0,0,0,0,0,0,0,0,0,0,0,0,0,0,0,0,0,0,0,0,0,0,0,0,0,0,0,2.47,0,0,0
JPB:bin_000312,0,0,0,0,0,0,0,0,0,0,0,0,0,0,0,0,0,0,0,0,0,0,0,0,0,0,0,0,0,0,0,0,0,0,0,0,0,0,0,0,0,0
JPB:bin_000314,0,0,0,0,0,0,0,0,0,0,0,0,0,0,0,0,0,2.264,0,2.61,0,0,0,0,0,0,0,0,0,0,0,0,0,0,0,0,0,0,0,0,0,0
JPB:bin_000315,0,0,0,0,0,0,0,0,0,0,0,0,0,0,0,0,0,0,0,0,0,0,0,0,0,0,0,0,0,0,0,0,0,0,0,0,0,0,0,0,0,0
JPB:bin_000316,3.007,0,20.151,18.762,5.941,0,19.221,3.152,0,3.227,5.614,0,9.666,6.553,7.342,3.97,7.501,13.679,4.603,20.552,2.988,5.224,20.586,5.936,6.205,5.464,7.549,5.036,4.37,22.467,0,15.614,6.359,9.762,10.41,0,5.053,7.645,25.787,0,6.715,0
JPB:bin_000317,0,0,4.446,2.621,0,0,5.204,0,0,0,0,0,1.751,0,0,0,0,0,0,2.387,0,0,4.164,0,0,0,0,0,0,2.131,0,1.752,0,1.126,0,0,0,0,2.586,0,0,0
JPB:bin_000319,0,0,0,0,0,0,0,0,0,0,0,0,0,0,0,0,0,0,0,0,0,0,0,0,0,0,0,0,0,0,0,0,0,0,0,0,0,0,0,0,0,0
JPB:bin_000320,0,0,0,0,0,0,0,0,0,0,0,0,0,0,0,0,0,0,0,0,0,0,0,0,0,0,0,0,0,0,0,0,0,0,0,0,0,0,0,0,0,0
JPB:bin_000321,0,0,2.327,2.112,0,0,4.316,0,0,0,0,0,1.292,0,0,0,0,0,1.743,3.267,0,0,2.701,0,0,0,0,0,0,2.5,0,5.926,0,1.616,0,0,0,0,3.13,0,0,0
JPB:bin_000322,0,0,0,0,0,0,0,0,0,0,0,0,0,0,0,0,0,0,0,0,0,0,0,0,0,0,0,0,0,0,0,0,0,0,0,0,0,0,0,0,0,0
JPB:bin_000323,0,0,0,0,0,0,0,0,0,0,0,0,0,0,0,0,0,0,0,0,0,0,0,0,0,0,0,0,0,0,0,0,0,0,0,0,0,0,0,0,0,0
JPB:bin_000324,0,0,0,0,0,0,0,0,0,0,0,0,0,0,0,0,0,0,0,0,0,0,0,0,0,0,0,0,0,0,0,0,0,0,0,0,0,0,0,0,0,0
JPB:bin_000325,0,0,0,0,0,0,0,0,0,0,0,0,0,0,0,0,0,0,0,0,0,0,0,0,0,0,0,0,0,0,0,0,0,0,0,0,0,0,0,0,0,0
JPB:bin_000328,0,0,0,0,0,0,0,0,0,0,0,0,0,0,0,0,0,0,0,0,0,0,0,0,0,0,0,0,0,0,0,0,0,0,0,0,0,0,0,0,0,0
JPB:bin_000330,0,0,0,0,0,0,0,0,0,0,0,0,0,0,0,0,0,0,0,0,0,0,0,0,0,0,0,0,0,0,0,0,0,0,0,0,0,0,0,0,0,0
JPB:bin_000334,0,0,0,0,0,0,0,0,0,0,0,0,0,0,0,0,0,0,0,0,0,0,0,0,0,0,0,0,0,0,0,0,0,0,0,0,0,0,0,0,0,0
JPB:bin_000337,0,0,0,0,0,0,0,0,0,0,0,0,0,0,0,0,0,0,0,0,0,0,0,0,0,0,0,0,0,0,0,0,0,0,0,0,0,0,0,0,0,0
JPB:bin_000339,0,0,0,0,0,0,0,0,0,0,0,0,0,0,0,0,0,0,0,0,0,0,1.433,0,0,0,0,0,0,0,0,0,0,0,0,0,0,0,0,0,0,0
JPB:bin_000340,0,0,4.158,4.314,0,0,3.196,0,0,0,0,0,2.703,0,0,0,0,2.123,0,3.938,0,0,3.335,0,0,1.56,0,0,0,3.902,0,2.948,0,2.356,3.689,0,0,1.754,6.875,0,0,0
JPB:bin_000341,0,0,0,0,0,0,0,0,0,0,0,0,0,0,0,0,0,0,0,0,0,0,0,0,0,0,0,0,0,0,0,0,0,0,0,0,0,0,0,0,0,0
JPB:bin_000342,0,0,0,0,0,0,0,0,0,0,0,0,0,0,0,0,0,0,0,0,0,0,0,0,0,0,0,0,0,0,0,0,0,0,0,0,0,0,0,0,0,0
JPB:bin_000343,0,0,0,0,0,0,0,0,0,0,0,0,0,0,0,0,0,0,0,0,0,0,0,0,0,0,0,0,0,0,0,0,0,0,0,0,0,0,0,0,0,0
JPB:bin_000344,0,0,0,2.886,0,0,0,0,0,0,0,0,0,0,0,0,0,2.029,0,0,0,0,2.926,0,0,0,0,0,0,2.392,0,0,2.354,6.861,0,0,0,0,2.267,0,0,0
JPB:bin_000345,0,0,8.142,6.411,2.171,0,8.607,0,0,0,0,0,4.618,2.82,3.48,2.115,1.986,5.632,0,6.993,2.031,2.929,6.167,0,1.574,1.658,3.131,2.552,0,6.514,0,4.967,3.19,1.934,6.247,0,1.864,2.549,8.674,0,2.062,0
JPB:bin_000346,0,0,0,0,0,0,0,0,0,0,0,0,0,0,0,0,0,0,0,0,0,0,0,0,0,0,0,0,0,0,0,0,0,0,0,0,0,0,0,0,0,0
JPB:bin_000347,0,0,0,0,0,0,0,0,0,0,0,0,0,0,0,0,0,0,0,0,0,0,0,0,0,0,0,0,0,0,0,0,0,0,0,0,0,0,0,0,0,0
JPB:bin_000348,0,0,0,0,0,0,0,0,0,0,0,0,0,0,0,0,0,0,0,0,0,0,0,0,0,0,0,0,0,0,0,0,0,0,0,0,0,0,0,0,0,0
JPB:bin_000349,0,0,14.512,11.17,3.324,0,10.692,2.025,0,0,2.515,0,7.549,3.768,5.263,2.063,3.967,8.102,0,11.476,0,7.992,8.583,3.268,4.433,4.53,6.007,2.03,1.727,5.235,0,3.813,3.616,5.661,10.456,0,1.96,1.738,14.341,0,3.46,0
JPB:bin_000350,0,0,0,0,0,0,0,0,0,0,0,0,0,0,0,0,0,0,0,0,0,0,0,0,0,0,0,0,0,0,0,0,0,0,0,0,0,0,0,0,0,0
JPB:bin_000352,0,0,6.236,3.517,0,0,5.082,0,0,0,1.696,0,3.526,2.049,3.414,1.593,0,3.978,2.06,5.635,1.575,1.831,5.596,2.402,1.702,0,1.618,1.57,1.754,8.219,0,5.012,1.622,4.241,3.932,0,0,0,7.156,0,0,0
JPB:bin_000353,0,0,0,0,0,0,0,0,0,0,0,0,0,0,0,0,0,0,0,0,0,0,0,0,0,0,0,0,0,0,0,0,0,0,0,0,0,0,0,0,0,0
JPB:bin_000354,0,0,0,0,0,0,0,0,0,0,0,0,0,0,0,0,0,0,0,0,0,0,0,0,0,0,0,0,0,0,0,0,0,0,0,0,0,0,1.803,0,0,0
JPB:bin_000356,0,0,5.184,2.544,0,0,4.652,0,0,0,0,0,2.411,0,1.71,0,0,2.109,0,3.226,0,2.983,2.165,0,0,0,0,0,0,2.911,0,2.172,0,0,3.63,0,0,0,6.038,0,0,0
JPB:bin_000357,0,0,0,0,0,0,0,0,0,0,0,0,0,0,0,0,0,0,0,0,0,0,0,0,0,0,0,0,0,0,0,0,0,0,0,0,0,0,0,0,0,0
JPB:bin_000358,0,0,0,0,0,0,0,0,0,0,0,0,0,0,0,0,0,0,0,0,0,0,0,0,0,0,0,0,0,0,0,0,0,0,0,0,0,0,0,0,0,0
JPB:bin_000359,0,0,0,0,0,0,0,0,0,0,0,0,0,0,0,0,0,0,0,0,0,0,0,0,0,0,0,0,0,0,0,0,0,0,0,0,0,0,0,0,0,0
JPB:bin_000362,0,0,0,0,0,0,0,0,0,0,0,0,0,0,0,0,0,0,0,0,0,0,0,0,0,0,0,0,0,0,0,0,0,0,0,0,0,0,0,0,0,0
JPB:bin_000364,0,0,4.948,2.749,0,0,2.068,0,0,0,0,0,1.481,1.595,2.459,0,0,3.022,0,3.321,0,1.522,4.218,0,2.712,2.809,2.001,0,0,2.597,0,1.788,1.382,0,5.112,0,0,0,6.533,0,0,0
JPB:bin_000366,0,0,0,0,0,0,0,0,0,0,0,0,0,0,0,0,0,0,0,0,0,0,0,0,0,0,0,0,0,0,0,0,0,0,0,0,0,0,0,0,0,0
JPB:bin_000367,0,0,2.835,0,0,0,0,0,0,0,0,0,2.531,0,1.59,0,0,1.671,0,1.39,0,1.415,1.318,0,0,0,0,0,0,0,0,0,0,3.327,0,0,0,0,4.221,0,1.676,0
JPB:bin_000368,0,0,0,0,0,0,0,0,0,0,0,0,0,0,0,0,0,0,0,0,0,0,0,0,0,0,0,0,0,0,0,0,0,0,0,0,0,0,0,0,0,0
JPB:bin_000369,0,0,0,0,0,0,0,0,0,0,0,0,0,0,0,0,0,0,0,0,0,0,0,0,0,0,0,0,0,0,0,0,0,0,0,0,0,0,0,0,0,0
JPB:bin_000370,0,0,3.655,0,0,0,0,0,0,0,0,0,3.762,0,6.741,1.306,0,0,0,1.912,0,0,2.046,0,0,0,0,0,0,4.32,0,0,0,2.235,1.768,0,0,0,3.928,0,5.567,0
JPB:bin_000372,0,0,0,0,0,0,2.801,0,0,0,0,0,0,0,0,0,0,0,0,0,0,0,0,0,0,0,0,0,0,0,0,0,0,0,0,0,0,0,0,0,0,0
JPB:bin_000373,0,0,0,0,0,0,0,0,0,0,0,0,0,0,0,0,0,0,0,0,0,0,0,0,0,0,0,0,0,0,0,0,0,0,0,0,0,0,0,0,0,0
JPB:bin_000376,0,0,3.774,3.457,0,0,0,0,0,0,0,0,2.192,0,0,0,2.393,2.583,0,4.083,0,0,3.299,0,2.233,2.788,0,0,0,3.317,0,0,1.705,0,2.689,0,0,0,5.304,0,0,0
JPB:bin_000377,0,0,0,0,0,0,0,0,0,0,0,0,0,0,0,0,0,0,0,0,0,0,0,0,0,0,0,0,0,0,0,0,0,0,0,0,0,0,0,0,0,0
JPB:bin_000378,0,0,6.427,3.669,0,0,1.675,0,0,0,1.687,0,1.407,0,0,0,0,2.636,0,3.045,0,0,3.165,0,0,1.259,0,0,0,1.878,0,0,0,0,5.852,0,0,0,4.653,0,0,0
JPB:bin_000379,0,0,0,0,0,0,0,0,0,0,0,0,0,0,0,0,0,0,0,0,0,0,0,0,0,0,0,0,0,0,0,0,0,0,0,0,0,0,0,0,0,0
JPB:bin_000380,0,0,0,0,0,0,0,0,0,0,0,0,0,0,0,0,0,0,0,0,0,0,0,0,0,0,0,0,0,0,0,0,0,0,0,0,0,0,0,0,0,0
JPB:bin_000382,0,0,0,0,0,0,0,0,0,0,0,0,0,0,0,0,0,0,0,0,0,0,0,0,0,0,0,0,0,0,0,0,0,0,0,0,0,0,0,0,0,0
JPB:bin_000383,0,0,0,0,0,0,5.419,0,0,0,0,0,0,0,0,0,0,1.883,0,0,0,0,1.727,0,0,0,0,0,0,5.069,0,3.154,0,0,0,0,0,0,0,0,0,0
JPB:bin_000384,0,0,0,0,0,0,0,0,0,0,0,0,0,0,0,0,0,0,0,0,0,0,0,0,0,0,0,0,0,0,0,0,0,0,0,0,0,0,0,0,0,0
JPB:bin_000385,0,0,0,0,0,0,0,0,0,0,0,0,0,0,0,0,0,0,0,0,0,0,0,0,0,0,0,0,0,0,0,0,0,0,0,0,0,0,0,0,0,0
JPB:bin_000386,0,0,0,0,0,0,0,0,0,0,0,0,0,0,0,0,0,0,0,0,0,0,0,0,0,0,0,0,0,0,0,0,0,0,0,0,0,0,0,0,0,0
JPB:bin_000387,0,0,0,0,0,0,0,0,0,0,0,0,0,0,0,0,0,0,0,0,0,0,0,0,0,0,0,0,0,0,0,0,0,0,0,0,0,0,0,0,0,0
JPB:bin_000390,0,0,0,0,0,0,0,0,0,0,0,0,0,0,0,0,0,0,0,0,0,0,0,0,0,0,0,0,0,0,0,0,0,0,0,0,0,0,0,0,0,0
JPB:bin_000392,0,0,0,0,0,0,0,0,0,0,0,0,0,0,0,0,0,0,0,0,0,0,0,0,0,0,0,0,0,0,0,0,0,0,0,0,0,0,0,0,0,0
JPB:bin_000393,0,0,0,0,0,0,0,0,0,0,0,0,0,0,0,0,0,0,0,0,0,0,0,0,0,0,0,0,0,0,0,0,0,0,0,0,0,0,0,0,0,0
JPB:bin_000394,0,0,0,0,0,0,0,0,0,0,0,0,0,0,0,0,0,0,0,1.707,0,0,0,0,0,0,0,0,0,0,0,0,0,0,0,0,0,0,0,0,0,0
JPB:bin_000395,0,0,0,0,0,0,0,0,0,0,0,0,0,0,0,0,0,0,0,0,0,0,1.697,0,0,0,0,0,0,0,0,0,0,0,0,0,0,0,0,0,0,0
JPB:bin_000396,0,0,0,0,0,0,0,0,0,0,0,0,0,0,0,0,0,0,0,0,0,0,0,0,0,0,0,0,0,0,0,0,0,0,0,0,0,0,0,0,0,0
JPB:bin_000398,0,0,0,0,0,0,0,0,0,0,0,0,0,0,0,0,0,0,0,0,0,0,0,0,0,0,0,0,0,0,0,0,0,0,0,0,0,0,0,0,0,0
JPB:bin_000400,0,0,0,0,0,0,0,0,0,0,0,0,0,0,0,0,0,0,0,0,0,0,0,0,0,0,0,0,0,0,0,0,0,0,0,0,0,0,0,0,0,0
JPB:bin_000402,0,0,0,0,0,0,0,0,0,0,0,0,0,0,0,0,0,0,0,0,0,0,0,0,0,0,0,0,0,0,0,0,0,0,0,0,0,0,0,0,0,0
JPB:bin_000403,0,0,4.731,3.475,0,0,3.562,0,0,0,0,0,0,0,0,0,0,0,0,5.393,0,0,3.043,0,0,0,1.638,0,0,0,0,4.442,0,2.237,2.939,0,1.606,0,13.176,0,0,0
JPB:bin_000404,0,0,0,0,0,0,0,0,0,0,0,0,0,0,0,0,0,0,0,0,0,0,0,0,0,0,0,0,0,0,0,0,0,0,0,0,0,0,0,0,0,0
JPB:bin_000406,0,0,0,0,0,0,0,0,0,0,0,0,0,0,0,0,0,0,0,0,0,0,0,0,0,0,0,0,0,0,0,0,0,0,0,0,0,0,0,0,0,0
JPB:bin_000407,0,0,0,0,0,0,0,0,0,0,0,0,0,0,0,0,0,0,0,0,0,0,0,0,0,0,0,0,0,0,0,0,0,0,0,0,0,0,0,0,0,0
JPB:bin_000409,0,0,0,0,0,0,0,0,0,0,0,0,0,0,0,0,0,0,0,0,0,0,0,0,0,0,0,0,0,1.505,0,1.872,0,0,0,0,1.63,0,0,0,0,0
JPB:bin_000410,0,0,5.043,4.384,0,0,3.927,0,0,0,0,0,3.109,0,2.18,0,1.613,2.319,0,4.365,0,2.759,2.275,0,2.092,1.154,2.366,0,0,2.362,0,0,1.436,0,2.939,0,0,0,6.108,0,1.701,0
JPB:bin_000411,0,0,0,0,0,0,0,0,0,0,0,0,0,0,0,0,0,0,0,0,0,0,0,0,0,0,0,0,0,0,0,0,0,0,0,0,0,0,0,0,0,0
JPB:bin_000412,0,0,0,0,0,0,0,0,0,0,0,0,0,0,0,0,0,0,0,0,0,0,0,0,0,0,0,0,0,0,0,0,0,0,0,0,0,0,0,0,0,0
JPB:bin_000413,0,0,0,0,0,0,0,0,0,0,0,0,0,0,0,0,0,0,0,0,0,0,0,0,0,0,0,0,0,0,0,0,0,0,0,0,0,0,0,0,0,0
JPB:bin_000414,0,0,0,0,0,0,0,0,0,0,0,0,0,0,0,0,0,0,0,0,0,0,0,0,0,0,0,0,0,0,0,0,0,0,0,0,0,0,0,0,0,0
JPB:bin_000416,0,0,3.794,7.274,0,0,4.303,0,0,0,0,0,2.741,2.769,0,1.357,2.819,2.084,1.629,8.627,1.427,0,4.554,0,0,1.509,1.521,2.426,0,6.068,0,5.415,3.728,2.621,3.296,0,1.331,0,6.704,0,0,0
JPB:bin_000417,0,0,0,0,0,0,0,0,0,0,0,0,0,0,0,0,0,0,0,0,0,0,0,0,0,0,0,0,0,0,0,0,0,0,0,0,0,0,0,0,0,0
JPB:bin_000418,0,0,0,0,0,0,0,0,0,0,0,0,0,0,0,0,0,0,0,0,0,0,0,0,0,0,0,0,0,0,0,0,0,0,0,0,0,0,0,0,0,0
JPB:bin_000420,0,0,0,0,0,0,0,0,0,0,0,0,0,0,0,0,0,0,0,0,0,0,0,0,0,0,0,0,0,0,0,0,0,0,0,0,0,0,0,0,0,0
JPB:bin_000421,0,0,0,0,0,0,0,0,0,0,0,0,0,0,0,0,0,0,0,0,0,0,0,0,0,0,0,0,0,0,0,0,0,0,0,0,0,0,0,0,0,0
JPB:bin_000422,0,0,6.239,3.916,0,0,4.969,0,0,0,0,0,2.535,3.075,0,0,0,0,1.582,4.605,0,1.534,4.349,1.756,1.475,0,0,0,1.641,2.554,0,4.833,1.75,3.342,3.498,0,0,1.549,6.017,0,0,0
JPB:bin_000423,0,0,0,0,0,0,0,0,0,0,0,0,0,0,0,0,0,0,0,0,0,0,0,0,0,0,0,0,0,0,0,0,0,0,0,0,0,0,0,0,0,0
JPB:bin_000424,0,0,0,0,0,0,0,0,0,0,0,0,0,0,0,0,0,0,0,0,0,0,0,0,0,0,0,0,0,0,0,0,0,0,0,0,0,0,0,0,0,0
JPB:bin_000425,0,0,0,0,0,0,0,0,0,0,0,0,0,0,0,0,0,0,0,0,0,0,0,0,0,0,0,0,0,2.996,0,0,0,0,0,0,0,0,0,0,0,0
JPB:bin_000426,0,0,0,0,0,0,0,0,0,0,0,0,0,0,0,0,0,0,0,0,0,0,0,0,0,0,0,0,0,0,0,0,0,0,0,0,0,0,0,0,0,0
JPB:bin_000427,0,0,0,0,0,0,0,0,0,0,0,0,0,0,0,0,0,0,0,0,0,0,0,0,0,0,0,0,0,0,0,0,0,0,0,0,0,0,0,0,0,0
JPB:bin_000429,0,0,0,0,0,0,0,0,0,0,0,0,1.596,0,0,0,0,0,0,0,0,0,0,0,0,0,0,0,0,0,0,0,0,0,0,0,0,0,0,0,0,0
JPB:bin_000430,0,0,0,0,0,0,1.638,0,0,0,0,0,0,0,0,0,0,0,0,0,0,0,0,0,0,0,0,0,0,3.152,0,1.787,0,0,0,0,0,0,0,0,0,0
JPB:bin_000431,0,0,1.817,0,0,0,2.668,0,0,0,0,0,1.299,0,1.657,0,0,0,0,2.109,0,0,1.69,0,0,0,1.506,1.459,0,2.287,0,0,0,1.282,1.7,0,2.729,0,0,0,0,0
JPB:bin_000432,0,0,21.81,15.481,2.7,0,23.032,2.379,0,2.429,4.525,0,8.656,6.018,10.105,2.767,5.021,9.042,3.95,16.447,3.561,8.93,15.777,3.422,3.999,4.523,6.621,3.733,4.271,12.037,0,9.143,5.804,8.825,12.334,0,2.824,3.421,19.648,0,4.526,0
JPB:bin_000433,0,0,0,0,0,0,0,0,0,0,0,0,0,0,0,0,0,0,0,0,0,0,0,0,0,0,0,0,0,0,0,0,0,0,0,0,0,0,0,0,0,0
JPB:bin_000434,0,0,0,0,0,0,0,0,0,0,0,0,0,0,0,0,0,0,0,0,0,0,0,0,0,0,0,0,0,0,0,0,0,0,0,0,0,0,0,0,0,0
JPB:bin_000435,0,0,0,0,0,0,0,0,0,0,0,0,0,0,0,0,0,0,0,0,0,0,0,0,0,0,0,0,0,0,0,0,0,0,0,0,0,0,0,0,0,0
JPB:bin_000436,0,0,0,0,0,0,0,0,0,0,0,0,0,0,0,0,0,0,0,0,0,0,0,0,0,0,0,0,0,0,0,0,0,0,0,0,0,0,0,0,0,0
JPB:bin_000437,0,0,0,0,0,0,0,0,0,0,0,0,0,0,0,0,0,0,0,0,0,0,0,0,0,0,0,0,0,0,0,0,0,0,0,0,0,0,0,0,0,0
JPB:bin_000438,0,0,0,2.544,0,0,0,0,0,0,0,0,0,0,0,0,0,0,0,0,0,0,2.161,0,0,0,0,0,0,0,0,0,0,0,0,0,0,0,0,0,0,0
JPB:bin_000439,0,0,0,0,0,0,0,0,0,0,0,0,0,0,0,0,0,0,0,0,0,0,2.381,0,0,0,0,0,0,0,0,0,0,0,2.309,0,0,0,0,0,0,0
JPB:bin_000440,0,0,0,0,0,0,0,0,0,0,0,0,0,0,0,0,0,0,0,0,0,0,0,0,0,0,0,0,0,0,0,0,0,0,0,0,0,0,0,0,0,0
JPB:bin_000441,0,0,16.622,7.115,3.491,0,4.985,2.074,0,2.769,2.045,0,1.858,1.696,5.398,0,2.815,6.751,1.528,15.993,2.106,4.116,7.583,2.258,3.229,1.314,8.575,1.573,2.073,8.88,0,6.865,3.346,6.129,6.793,0,2.451,3.234,13.411,0,7.557,0
JPB:bin_000442,0,0,0,0,0,0,0,0,0,0,0,0,0,0,0,0,0,0,0,0,0,0,0,0,0,0,0,0,0,0,0,0,0,0,0,0,0,0,0,0,0,0
JPB:bin_000443,0,0,0,0,0,0,0,0,0,0,0,0,0,0,0,0,0,0,0,0,0,0,0,0,0,0,0,0,0,0,0,0,0,0,0,0,0,0,0,0,0,0
JPB:bin_000445,0,0,0,0,0,0,0,0,0,0,0,0,0,0,0,0,0,0,0,0,0,0,0,0,0,0,0,0,0,0,0,0,0,0,0,0,0,0,0,0,0,0
JPB:bin_000448,0,0,0,0,0,0,0,0,0,0,0,0,0,0,0,0,0,0,0,0,0,0,0,0,0,0,0,0,0,0,0,0,0,0,0,0,0,0,0,0,0,0
JPB:bin_000449,0,0,0,0,0,0,0,0,0,0,0,0,0,0,0,0,0,0,0,0,0,0,0,0,0,0,0,0,0,0,0,0,0,1.285,0,0,0,0,0,0,0,0
JPB:bin_000450,0,0,0,0,0,0,0,1.166,0,0,0,0,0,0,0,0,0,1.715,0,0,0,0,0,0,0,0,1.751,0,0,0,0,0,0,1.104,0,0,0,0,2.273,0,0,0
JPB:bin_000452,0,0,0,0,0,0,0,0,0,0,0,0,0,0,0,0,0,0,0,0,0,0,0,0,0,0,0,0,0,0,0,0,0,0,0,0,0,0,0,0,0,0
JPB:bin_000453,0,0,1.973,0,0,0,2.312,0,0,0,0,0,0,0,0,0,0,0,0,3.729,0,0,1.73,0,0,0,0,0,0,4.28,0,2.17,0,0,0,0,0,0,1.735,0,0,0
JPB:bin_000454,0,0,0,0,0,0,0,0,0,0,0,0,0,0,0,0,0,0,0,0,0,0,0,0,0,0,0,0,0,0,0,0,0,0,0,0,0,0,0,0,0,0
JPB:bin_000457,0,0,0,0,0,0,0,0,0,0,0,0,0,0,0,0,0,0,0,0,0,0,0,0,0,0,0,0,0,0,0,0,0,0,0,0,0,0,0,0,0,0
JPB:bin_000459,0,0,0,0,0,0,0,0,0,0,0,0,0,0,0,0,0,0,0,0,0,0,0,0,0,0,0,0,0,0,0,0,0,0,0,0,0,0,0,0,0,0
JPB:bin_000460,0,0,35.747,18.009,3.944,1.925,27.372,2.817,0,2.046,5.523,0,11.184,5.677,9.896,3.018,9.056,14.405,3.849,18.585,4.388,11.641,18.78,4.424,9.787,4.42,4.982,4.499,4.199,15.662,1.423,16.868,5.834,14.608,20,0,5.074,6.661,42.293,0,7.419,0
JPB:bin_000461,0,0,0,0,0,0,0,0,0,0,0,0,0,0,0,0,0,0,0,0,0,0,0,0,0,0,0,0,0,0,0,0,0,0,0,0,0,0,0,0,0,0
JPB:bin_000462,0,0,0,0,0,0,0,0,0,0,0,0,0,0,0,0,0,0,0,0,0,0,0,0,0,0,0,0,0,0,0,0,0,0,0,0,0,0,0,0,0,0
JPB:bin_000463,0,0,3.967,5.013,0,0,2.3,0,0,0,0,0,0,2.592,0,0,0,0,0,2.384,0,0,2.436,0,0,0,1.699,0,0,2.372,0,0,0,1.971,0,0,2.232,0,4.547,0,3.283,0
JPB:bin_000464,0,0,7.159,6.011,0,0,5.522,1.788,0,0,0,0,3.976,2.989,0,1.551,2.372,3.205,0,5.833,0,0,7.064,0,1.998,2.348,2.618,0,0,6.609,0,5.217,1.939,0,3.726,0,0,3.374,8.422,0,0,0
JPB:bin_000465,0,0,0,0,0,0,0,0,0,0,0,0,0,0,0,0,0,0,0,0,0,0,0,0,0,0,0,0,0,0,0,0,0,0,0,0,0,0,0,0,0,0
JPB:bin_000467,0,0,0,0,0,0,0,0,0,0,0,0,0,0,0,0,0,0,0,0,0,0,0,0,0,0,0,0,0,0,0,0,0,0,0,0,0,0,0,0,0,0
JPB:bin_000468,0,0,0,0,0,0,0,0,0,0,0,0,0,0,0,0,0,0,0,0,0,0,0,0,0,0,0,0,0,0,0,0,0,0,0,0,0,0,0,0,0,0
JPB:bin_000469,0,0,0,0,0,0,0,0,0,0,0,0,0,0,0,0,0,0,0,0,0,0,0,0,0,0,0,0,0,0,0,0,0,0,0,0,0,0,0,0,0,0
JPB:bin_000470,0,0,6.172,6.757,1.846,0,6.77,0,0,1.282,2.397,0,2.706,1.746,1.858,2,1.505,2.58,0,5.494,0,3.291,4.347,1.738,2.457,1.863,2.66,1.742,2.294,10.264,0,8.036,2.281,4.645,7.837,0,1.98,2.041,10.589,0,0,0
JPB:bin_000471,0,0,0,0,0,0,0,0,0,0,0,0,0,0,0,0,0,0,0,0,0,0,0,0,0,0,0,0,0,0,0,0,0,0,0,0,0,0,0,0,0,0
JPB:bin_000473,0,0,0,0,0,0,0,0,0,0,0,0,0,0,0,0,0,0,0,0,0,0,0,0,0,0,0,0,0,0,0,0,0,0,0,0,0,0,0,0,0,0
JPB:bin_000474,0,0,25.898,14.522,0,0,11.981,2.129,0,0,4.23,0,4.281,6.721,10.57,2.602,3.222,10.474,1.875,25.383,0,9.464,8.729,2.954,2.372,2.421,3.219,3.574,4.288,8.259,0,8.873,5.684,8.75,15.658,0,3.374,3.701,18.65,0,4.784,0
JPB:bin_000475,0,0,0,0,0,0,0,0,0,0,0,0,0,0,0,0,0,1.371,0,0,0,0,1.631,0,0,0,0,0,0,0,0,0,0,0,2.263,0,0,0,0,0,0,0
JPB:bin_000476,0,0,0,0,0,0,0,0,0,0,0,0,0,0,0,0,0,0,0,0,0,0,0,0,0,0,0,0,0,0,0,0,0,0,0,0,0,0,0,0,0,0
JPB:bin_000477,0,0,0,0,0,0,0,0,0,0,0,0,0,0,0,0,0,0,0,0,0,0,0,0,0,0,0,0,0,0,0,0,0,0,0,0,0,0,0,0,0,0
JPB:bin_000479,0,0,0,0,0,0,0,0,0,0,0,0,0,0,0,0,0,0,0,0,0,0,0,0,0,0,0,0,0,0,0,0,0,0,0,0,0,0,0,0,0,0
JPB:bin_000480,0,0,0,0,0,0,0,0,0,0,0,0,0,0,0,0,0,0,0,0,0,0,0,0,0,0,0,0,0,0,0,0,0,0,0,0,0,0,0,0,0,0
JPB:bin_000482,0,0,0,0,0,0,0,0,0,0,0,0,0,0,0,0,0,0,0,0,0,0,0,0,7.628,0,0,0,0,0,0,0,0,0,0,0,0,0,0,0,0,0
JPB:bin_000483,0,0,0,8.049,0,0,0,0,0,0,0,0,0,0,0,0,0,0,0,0,0,0,0,0,0,0,0,0,0,0,0,0,0,1.738,4.803,0,0,0,3.273,0,0,0
JPB:bin_000484,0,0,0,0,0,0,0,0,0,0,0,0,0,0,0,0,0,0,0,0,0,0,0,0,0,0,0,0,0,0,0,0,0,0,0,0,0,0,0,0,0,0
JPB:bin_000485,2.102,0,5.956,7.032,0,0,4.8,0,0,0,0,0,2.695,3.911,4.464,1.523,2.764,3.817,2.527,4.871,1.46,2.125,2.479,2.675,1.617,0,2.087,1.307,0,5.136,0,5.356,1.363,3.682,4.453,0,1.897,0,2.871,0,2.011,0
JPB:bin_000486,0,0,0,0,0,0,0,0,0,0,0,0,0,0,0,0,0,0,0,0,0,0,0,0,0,0,0,0,0,0,0,0,0,0,0,0,0,0,0,0,0,0
JPB:bin_000487,0,0,0,0,0,0,0,0,0,0,0,0,0,0,0,0,0,0,0,0,0,0,0,0,0,0,0,0,0,0,0,0,0,0,0,0,0,0,0,0,0,0
JPB:bin_000488,0,0,0,0,0,0,0,0,0,0,0,0,0,0,0,0,0,0,0,0,0,0,0,0,0,0,0,0,0,0,0,0,0,0,0,0,0,0,0,0,0,0
JPB:bin_000489,0,0,0,0,0,0,0,0,0,0,0,0,0,0,0,0,0,0,0,0,0,0,0,0,0,0,0,0,0,0,0,0,0,0,0,0,0,0,0,0,0,0
JPB:bin_000490,0,0,0,0,0,0,0,0,0,0,0,0,0,0,0,0,0,0,0,0,0,0,0,0,0,0,0,0,0,0,0,0,0,0,0,0,0,0,0,0,0,0
JPB:bin_000491,0,0,0,0,0,0,0,0,0,0,0,0,0,0,0,0,0,0,0,0,0,0,0,0,0,0,0,0,0,0,0,0,0,0,0,0,0,0,0,0,0,0
JPB:bin_000492,0,0,0,0,0,0,0,0,0,0,0,0,0,0,0,0,0,0,0,0,0,0,0,0,0,0,0,0,0,0,0,0,0,0,1.461,0,0,0,0,0,0,0
JPB:bin_000495,0,0,0,0,0,0,0,0,0,0,0,0,0,0,0,0,0,0,0,0,0,0,0,0,0,0,0,0,0,0,0,0,0,0,0,0,0,0,0,0,0,0
JPB:bin_000496,0,0,0,0,0,0,0,0,0,0,0,0,0,0,0,0,0,0,0,0,0,0,0,0,0,0,0,0,0,0,0,0,0,0,0,0,0,0,0,0,0,0
JPB:bin_000498,0,0,11.672,13.994,4.292,0,4.194,1.958,0,1.504,3.358,0,13.849,4.747,3.237,2.901,6.753,8.867,1.994,13.801,1.744,3.128,10.374,2.727,7.734,11.05,6.867,2.635,4.598,11.134,0,2.555,3.737,4.232,7.953,0,4.257,5.011,13.412,0,4.464,0
JPB:bin_000499,0,0,0,0,0,0,0,0,0,1.424,0,0,0,0,0,0,0,0,0,0,0,0,0,0,0,0,0,0,0,0,0,0,0,0,2.241,0,0,0,0,0,0,0
JPB:bin_000500,0,0,0,0,0,0,0,0,0,0,0,0,0,0,0,0,0,0,0,0,0,0,0,0,0,0,0,0,0,0,0,0,0,0,0,0,0,0,0,0,0,0
JPB:bin_000503,0,0,0,0,0,0,0,0,0,0,0,0,0,0,0,0,0,0,0,0,0,0,0,0,0,0,0,0,0,0,0,0,0,0,0,0,0,0,0,0,0,0
JPB:bin_000504,0,0,0,0,0,0,0,0,0,0,0,0,0,0,0,0,0,0,0,0,0,0,0,0,0,0,0,0,0,0,0,0,0,0,0,0,0,0,3.743,0,0,0
JPB:bin_000505,0,0,0,0,0,0,0,0,0,0,0,0,0,0,0,0,0,0,0,0,0,0,0,0,0,0,0,0,0,0,0,0,0,0,0,0,0,0,0,0,0,0
JPB:bin_000506,0,0,0,0,0,0,0,0,0,0,0,0,0,0,0,0,0,0,0,0,0,0,0,0,0,0,0,0,0,0,0,0,0,0,0,0,0,0,0,0,0,0
JPB:bin_000508,0,0,0,0,0,0,0,0,0,0,0,0,0,0,0,0,0,0,0,0,0,0,0,0,0,0,0,0,0,0,0,0,0,0,0,0,0,0,0,0,0,0
JPB:bin_000510,0,0,0,0,0,0,0,0,0,0,0,0,0,0,0,0,0,0,0,0,0,0,0,0,0,0,0,0,0,0,0,0,0,0,0,0,0,0,0,0,0,0
JPB:bin_000511,0,0,0,0,0,0,0,0,0,0,0,0,0,0,0,0,0,0,0,0,0,0,0,0,0,0,0,0,0,0,0,0,0,0,0,0,0,0,0,0,0,0
JPB:bin_000513,0,0,0,0,0,0,0,0,0,0,0,0,0,0,0,0,0,0,0,0,0,0,0,0,0,0,0,0,0,0,0,0,0,0,0,0,0,0,0,0,0,0
JPB:bin_000514,0,0,0,0,0,0,0,0,0,0,0,0,0,0,0,0,0,0,0,0,0,0,0,0,0,0,0,0,0,0,0,0,0,0,0,0,0,0,0,0,0,0
JPB:bin_000515,0,0,0,0,0,0,0,0,0,0,0,0,0,0,0,0,0,0,0,0,0,0,0,0,0,0,0,0,0,0,0,0,0,0,0,0,0,0,0,0,0,0
JPB:bin_000516,0,0,3.667,4.971,0,0,9.83,0,0,0,0,0,1.901,2.233,2.52,0,0,1.824,1.64,8.75,0,2.048,2.967,1.522,0,0,1.55,2.378,0,15.82,0,5.921,1.207,0,2.156,0,0,1.769,2.965,0,0,0
JPB:bin_000518,1.869,0,19.742,17.9,6.131,0,15.65,3.498,0,2.837,5.651,0,13.672,6.034,7.935,3.379,6.583,15.221,3.931,19.268,3.835,6.042,17.873,5.577,9.549,6.618,10.457,4.803,6.455,17.057,0,9.983,6.799,9.965,15.747,0,5.266,6.055,33.005,0,4.774,0
JPB:bin_000521,0,0,0,0,0,0,0,0,0,0,0,0,0,0,0,0,0,0,0,0,0,0,0,0,0,0,0,0,0,0,0,0,0,0,0,0,0,0,0,0,0,0
JPB:bin_000523,0,0,6.553,5.672,0,0,0,1.721,0,0,0,0,3.787,0,3.111,0,9.322,5.743,0,3.329,0,0,2.942,0,2.89,9.95,0,0,1.476,2.387,0,0,1.678,0,9.125,0,0,2.432,5.933,0,0,0
JPB:bin_000524,0,0,7.763,6.792,0,0,7.538,0,0,0,0,0,3.003,2.701,3.772,0,2.462,4.38,0,6.349,0,0,6.286,0,0,2.396,0,2.052,0,5.786,0,7.149,2.962,3.528,5.107,0,0,0,13.473,0,0,0
JPB:bin_000525,0,0,0,0,0,0,0,0,0,0,0,0,0,0,0,0,0,0,0,0,0,0,0,0,0,0,0,0,0,0,0,0,0,0,0,0,0,0,0,0,0,0
JPB:bin_000526,0,0,2.886,0,0,0,1.616,0,0,0,0,0,0,0,0,0,0,2.455,0,2.129,0,0,1.971,0,0,1.265,0,0,0,3.038,0,0,0,0,0,0,0,0,2.88,0,0,0
JPB:bin_000529,0,0,0,0,0,0,0,0,0,0,0,0,0,0,0,0,0,0,0,0,0,0,0,0,0,0,0,0,0,0,0,0,0,0,0,0,0,0,0,0,0,0
JPB:bin_000530,0,0,0,0,0,0,0,0,0,0,0,0,0,0,0,0,0,0,0,0,0,0,0,0,0,0,0,0,0,0,0,0,0,0,0,0,0,0,0,0,0,0
JPB:bin_000532,0,0,0,0,0,0,0,0,0,0,0,0,0,0,0,0,0,0,0,0,0,0,0,0,0,0,0,0,0,0,0,0,0,0,0,0,0,0,0,0,0,0
JPB:bin_000533,0,0,8.89,5.478,2.03,0,9.986,0,0,0,1.541,0,3.445,0,2.981,0,1.818,3.474,2.085,7.78,0,4.641,6.631,2.587,2.256,2.098,2.906,2.39,2,5.817,2.072,11.004,1.953,30.152,3.61,0,0,2.331,7.271,0,1.763,0
JPB:bin_000534,0,0,12.01,7.655,2.933,0,14.005,1.566,0,0,1.838,0,4.331,1.988,3.903,1.268,2.387,4.763,2.869,8.624,0,5.334,8.92,3.47,3.374,3.135,4.097,3.535,2.558,7.892,1.653,15.974,2.43,49.729,4.804,0,1.778,3.319,9.478,0,2.212,0
JPB:bin_000535,0,0,0,0,0,0,0,0,0,0,0,0,0,0,0,0,0,0,0,0,0,0,0,0,0,0,0,0,0,0,0,0,0,0,0,0,0,0,0,0,0,0
JPB:bin_000536,0,0,0,0,0,0,0,0,0,0,0,0,0,0,0,0,0,0,0,0,0,0,0,0,0,0,0,0,0,0,0,0,0,0,0,0,0,0,0,0,0,0
JPB:bin_000539,22.886,0,213.13,212.885,62.102,7.859,186.449,46.33,2.761,25.909,53.085,2.916,113.024,60.951,97.782,38.59,66.078,173.199,54.723,201.874,33.521,64.6,191.955,61.612,69.058,54.179,90.461,54.104,63.613,217.31,0,145.208,77.103,132.584,185.371,7.862,58.574,61.98,323.911,0,70.175,0
JPB:bin_000541,0,0,0,0,0,0,0,0,0,0,0,0,0,0,0,0,0,0,0,0,0,0,0,0,0,0,0,0,0,0,0,0,0,0,0,0,0,0,0,0,0,0
JPB:bin_000542,0,0,0,0,0,0,0,0,0,0,0,0,0,0,0,0,0,0,0,0,0,0,0,0,0,0,0,0,0,0,0,0,0,1.241,0,0,0,0,0,0,0,0
JPB:bin_000543,0,0,0,0,0,0,0,0,0,0,0,0,0,0,0,0,0,0,0,1.884,0,0,0,0,0,0,0,0,0,0,0,3.253,0,0,0,0,0,0,0,0,0,0
JPB:bin_000544,0,0,1.933,4.659,0,0,2.935,1.34,0,0,0,0,1.933,0,3.842,0,1.561,0,0,2.064,2.642,1.387,3.165,0,0,0,0,0,0,3.671,0,0,0,1.922,0,0,0,2.119,13.121,0,0,0
JPB:bin_000545,0,0,0,0,0,0,0,0,0,0,0,0,0,0,0,0,0,0,0,0,0,0,0,0,0,0,0,0,0,0,0,0,0,0,0,0,0,0,0,0,0,0
JPB:bin_000548,12.333,0,131.028,131.127,36.24,5.01,115.225,27.768,0,14.333,32.493,1.547,70.704,39.198,51.317,27.556,43.142,93.289,29.632,124.228,22.289,34.68,123.684,40.475,46.755,36.067,54.081,32.86,31.936,135.278,0,86.835,44.527,81.707,100.383,5.759,33.299,43.742,197.891,0,44.971,0
JPB:bin_000550,0,0,0,0,0,0,0,0,0,0,0,0,0,0,0,0,0,0,0,0,0,0,0,0,0,0,0,0,0,0,0,0,0,0,0,0,0,0,0,0,0,0
JPB:bin_000551,0,0,0,0,0,0,0,0,0,0,0,0,0,0,0,0,0,0,0,0,0,0,0,0,0,0,0,0,0,0,0,0,0,0,0,0,0,0,0,0,0,0
JPB:bin_000553,0,0,0,0,0,0,0,0,0,0,0,0,0,0,0,0,0,0,0,0,0,0,0,0,0,0,0,0,0,0,0,0,0,0,0,0,0,0,1.483,0,0,0
JPB:bin_000556,0,0,0,0,0,0,0,0,0,0,0,0,0,0,0,0,0,0,0,0,0,0,0,0,0,0,0,0,0,0,0,0,0,0,0,0,0,0,0,0,0,0
JPB:bin_000557,0,0,0,0,0,0,0,0,0,0,0,0,0,0,0,0,0,0,0,0,0,0,0,0,0,0,0,0,0,0,0,0,0,0,0,0,0,0,0,0,0,0
JPB:bin_000558,0,0,0,0,0,0,0,0,0,0,0,0,0,0,0,0,0,0,0,0,0,0,0,0,0,0,0,0,0,0,0,0,0,0,0,0,0,0,0,0,0,0
JPB:bin_000559,0,0,1.559,0,0,0,0,0,0,0,0,0,0,0,0,0,0,0,0,0,0,0,0,0,0,0,0,0,0,0,0,0,0,1.153,0,0,0,0,0,0,0,0
JPB:bin_000560,0,0,6.094,4.897,0,0,9.042,0,0,0,2.031,0,1.784,1.863,1.764,0,1.412,3.505,0,4.36,0,1.435,6.836,0,0,0,3.211,0,5.057,3.206,0,0,1.581,7.884,6.586,0,2.697,0,4.237,0,2.499,0
JPB:bin_000562,1.659,0,43.096,26.882,6.161,0,14.712,5.668,0,2.047,6.681,0,18.856,4.581,7.622,2.905,5.735,7.181,3.044,17.845,0,4.951,15.026,5.868,3.217,7.821,8.686,13.312,4.507,17.111,0,20.963,8.713,9.964,34.277,0,9.678,4.455,34.711,0,4.416,0
JPB:bin_000563,0,0,0,0,0,0,0,0,0,0,0,0,0,0,0,0,0,0,0,0,0,0,0,0,0,0,0,0,0,0,0,0,0,0,0,0,0,0,0,0,0,0
JPB:bin_000565,0,0,0,0,0,0,0,0,0,0,0,0,0,0,0,0,0,0,0,0,0,0,0,0,0,0,0,0,0,0,0,0,0,0,0,0,0,0,0,0,0,0
JPB:bin_000566,0,0,4.469,4.548,1.53,0,4.197,1.232,0,0,0,0,2.169,1.543,2.106,0,1.781,2.823,1.835,5.191,0,1.173,4.721,1.747,1.949,1.964,1.277,1.333,1.435,4.389,0,10.737,1.386,4.038,1.62,0,0,1.759,7.738,0,2.005,0
JPB:bin_000567,0,0,0,0,0,0,0,0,0,0,0,0,0,0,0,0,0,0,0,0,0,0,0,0,0,0,0,0,0,0,0,0,0,0,0,0,0,0,0,0,0,0
JPB:bin_000570,0,0,0,0,0,0,0,0,0,0,0,0,0,0,0,0,0,0,0,0,0,0,0,0,0,0,0,0,0,0,0,0,0,0,0,0,0,0,0,0,0,0
JPB:bin_000572,0,0,0,0,0,0,0,0,0,0,0,0,0,0,0,0,0,0,0,0,0,0,0,0,0,0,0,0,0,0,0,0,0,0,0,0,0,0,0,0,0,0
JPB:bin_000574,0,0,0,0,0,0,0,0,0,0,0,0,0,0,0,0,0,0,0,0,0,0,0,0,0,0,0,0,0,0,0,0,0,0,0,0,0,0,0,0,0,0
JPB:bin_000575,0,0,3.681,5.626,2.027,0,4.694,1.42,0,0,0,0,3.937,2.042,0,0,2.912,4.13,0,5.21,0,0,5.605,0,2.83,2.288,2.286,2.46,1.638,5.672,0,4.274,1.939,2.951,4.31,0,0,1.869,8.585,0,2.4,0
JPB:bin_000576,0,0,5.467,6.234,4.085,0,2.408,0,0,0,4.92,0,3.747,2.519,0,1.343,0,0,0,7.728,0,1.524,2.69,8.825,0,0,3.866,0,0,2.132,0,2.655,0,0,0,0,2.675,0,12.48,0,0,0
JPB:bin_000577,0,0,0,0,0,0,0,0,0,0,0,0,0,0,0,0,0,0,0,0,0,0,0,0,0,0,0,0,0,0,0,0,0,0,0,0,0,0,0,0,0,0
JPB:bin_000578,0,0,0,0,0,0,0,0,0,0,0,0,0,0,0,0,0,0,0,0,0,0,0,0,0,0,0,0,0,0,0,0,0,0,0,0,0,0,0,0,0,0
JPB:bin_000579,0,0,0,0,0,0,0,0,0,0,0,0,0,0,0,0,0,0,0,0,0,0,0,0,0,0,0,0,0,0,0,0,0,0,0,0,0,0,0,0,0,0
JPB:bin_000582,0,0,0,0,0,0,0,0,0,0,0,0,0,0,0,0,0,0,0,0,0,0,0,0,0,0,0,0,0,0,0,0,0,0,0,0,0,0,0,0,0,0
JPB:bin_000585,0,0,0,0,0,0,0,0,0,0,0,0,0,0,0,0,0,0,0,0,0,0,0,0,0,0,0,0,0,0,0,0,0,0,0,0,0,0,0,0,0,0
JPB:bin_000586,0,0,0,0,0,0,0,0,0,0,0,0,0,0,0,0,0,0,0,0,0,0,0,0,0,0,0,0,0,0,0,0,0,0,0,0,0,0,0,0,0,0
JPB:bin_000587,0,0,0,0,0,0,0,0,0,0,0,0,0,0,0,0,0,0,0,0,0,0,0,0,0,0,0,0,0,0,0,0,0,0,0,0,0,0,0,0,0,0
JPB:bin_000588,0,0,2.13,2.346,0,0,2.047,0,0,0,0,0,0,0,0,0,0,0,0,0,0,0,2.267,1.865,0,0,0,0,0,1.748,0,2.668,0,0,1.838,0,0,0,1.791,0,0,0
JPB:bin_000594,0,0,7.499,6.24,2.005,0,8.989,0,0,0,1.915,0,4.303,2.545,2.73,1.666,2.57,3.32,2.543,8.827,1.608,1.872,5.592,1.94,2.234,1.555,3.338,2.183,1.997,7.148,0,10.817,2.47,2.625,4.486,0,1.957,2.279,8.119,0,1.828,0
JPB:bin_000595,0,0,0,0,0,0,0,0,0,0,0,0,0,0,0,0,0,0,0,1.869,0,0,1.445,0,0,1.6,0,0,0,0,0,0,0,0,0,0,0,0,2.003,0,0,0
JPB:bin_000599,0,0,4.322,1.851,0,0,4.045,0,0,0,0,0,0,0,0,0,0,0,2.175,2.62,0,0,0,2.348,0,0,2.492,0,1.287,0,0,0,0,2.024,0,0,0,0,6.293,0,2.942,0
JPB:bin_000600,0,0,0,0,0,0,0,0,0,0,0,0,0,0,0,0,0,0,0,0,0,0,0,0,0,0,0,0,0,0,0,0,0,0,0,0,0,0,0,0,0,0
JPB:bin_000601,0,0,0,1.812,0,0,0,0,0,0,0,0,0,0,0,0,0,0,0,0,0,0,0,0,0,0,0,0,0,0,0,0,0,0,0,0,0,0,0,0,0,0
JPB:bin_000603,0,0,0,0,0,0,0,0,0,0,0,0,0,0,0,0,0,0,0,0,0,0,0,0,0,0,0,0,0,0,0,0,0,0,0,0,0,0,0,0,0,0
JPB:bin_000605,1.435,0,10.226,7.873,2.488,0,11.856,1.388,0,0,2.053,0,6.245,4.048,4.384,2.535,2.814,6.47,1.538,8.558,2.389,3.832,7.464,2.399,1.711,2.209,4.373,2.7,1.804,7.671,0,6.967,4.636,2.336,7.345,0,2.57,2.894,13.159,0,2.788,0
JPB:bin_000606,0,0,0,0,0,0,0,0,0,0,0,0,0,0,0,0,0,0,0,0,0,0,0,0,0,0,0,0,0,0,0,0,0,0,0,0,0,0,0,0,0,0
JPB:bin_000608,0,0,0,0,0,0,0,0,0,0,0,0,0,0,0,0,0,0,0,0,0,0,0,0,0,0,0,0,0,0,0,0,0,0,0,0,0,0,0,0,0,0
JPB:bin_000609,0,0,8.848,9.323,4.599,0,5.18,0,0,0,6.953,0,6.704,3.024,4.078,1.855,2.425,4.477,1.938,7.477,0,2.938,8.69,4.352,4.101,2.355,2.591,2.498,2.397,3.903,0,8.277,2.067,6.36,5.695,0,2.043,2.045,8.869,0,0,0
JPB:bin_000611,5.803,0,83.34,110.671,31.255,4.334,68.918,24.9,0,8.348,26.313,0,75.335,34.633,34.682,21.889,37.597,62.514,24.896,120.505,15.745,18.599,104.204,23.636,36.97,34.222,38.445,22.522,29.616,141.093,0,67.497,28.295,39.694,58.51,4.434,28.997,35.98,157.028,0,34.715,0
JPB:bin_000612,10.764,0,82.232,92.053,32.093,2.907,124.766,9.148,0,7.351,20.675,1.697,41.334,34.822,41.935,19.555,31.303,53.812,25.701,99.514,20.684,30.901,86.617,27.412,26.205,17.053,42.317,41.827,20.934,101.83,0,146.945,33.288,89.031,69.092,4.071,39.971,32.563,133.749,0,37.299,0
JPB:bin_000615,0,0,0,3.871,0,0,0,1.889,0,0,0,0,0,0,0,0,0,7.815,7.607,1.607,0,0,2.017,0,0,0,0,0,0,0,0,1.895,0,0,3.894,0,0,3.16,2.932,0,0,0
JPB:bin_000616,0,0,0,0,0,0,0,0,0,0,0,0,0,0,0,0,0,0,0,0,0,0,0,0,0,0,0,0,0,0,0,0,0,0,0,0,0,0,0,0,0,0
JPB:bin_000617,0,0,3.782,1.903,0,0,9.752,0,0,0,1.45,0,0,0,6.425,0,1.337,0,1.548,2.57,0,0,5.092,0,0,0,1.365,2.172,1.934,3.874,0,4.112,0,2.149,4.93,0,0,0,5.379,0,1.574,0
JPB:bin_000618,0,0,0,0,0,0,0,0,0,0,0,0,0,0,0,0,0,0,0,0,0,0,0,0,0,0,0,0,0,0,0,0,0,0,0,0,0,0,0,0,0,0
JPB:bin_000619,0,0,4.197,2.691,1.596,0,1.452,0,0,0,0,0,1.801,0,0,0,2.356,2.637,0,5.49,0,0,2.674,0,1.697,2.453,0,0,0,2.229,0,0,0,2.228,2.305,0,0,1.713,2.46,0,0,0
JPB:bin_000621,0,0,0,0,0,0,0,0,0,0,0,0,0,0,0,0,0,0,0,0,0,0,0,0,0,0,0,0,0,0,0,0,0,0,0,0,0,0,0,0,0,0
JPB:bin_000622,0,0,7.316,3.508,0,0,18.348,0,0,0,2.651,0,2.71,2.841,2.322,0,1.513,2.144,0,4.924,0,2.101,9.213,0,2.299,1.173,2.411,2.899,0,9.254,0,6.222,2.408,5.216,9.07,0,3.357,0,13.14,0,0,0
JPB:bin_000627,0,0,0,0,0,0,0,0,0,0,0,0,0,0,0,0,0,0,0,0,0,0,0,0,0,0,0,0,0,0,0,0,0,0,0,0,0,0,0,0,0,0
JPB:bin_000628,0,0,0,0,0,0,1.495,0,0,0,0,0,0,0,0,0,0,0,0,0,0,0,0,0,0,0,0,0,0,0,0,0,0,0,0,0,0,0,0,0,0,0
JPB:bin_000629,0,0,0,0,0,0,0,0,0,0,0,0,0,0,0,0,0,0,0,0,0,0,0,0,0,0,0,0,0,0,0,0,0,0,0,0,0,0,0,0,0,0
JPB:bin_000630,0,0,0,0,0,0,0,0,0,0,0,0,0,0,0,0,0,0,0,0,0,0,0,0,0,0,0,0,0,2.151,0,0,0,0,0,0,0,0,0,0,0,0
JPB:bin_000632,0,0,0,0,0,0,0,0,0,0,0,0,0,0,0,0,0,0,0,0,0,0,0,0,0,0,0,0,0,0,0,0,0,0,0,0,0,0,0,0,0,0
JPB:bin_000633,0,0,0,1.58,0,0,1.734,0,0,0,0,0,0,0,0,0,0,1.55,0,1.976,0,0,0,0,0,0,0,0,0,2.491,0,1.679,0,0,0,0,0,0,1.427,0,0,0
JPB:bin_000634,0,0,0,0,0,0,1.932,0,0,0,0,0,0,1.572,0,0,0,0,0,0,0,0,2.003,0,0,0,0,0,0,0,0,0,0,0,2.997,0,0,0,3.31,0,0,0
JPB:bin_000635,0,0,3.481,0,0,0,0,0,0,0,0,0,0,0,0,0,1.341,0,0,0,0,0,0,0,0,0,0,0,0,4.466,0,0,0,0,0,0,0,0,0,0,0,0
JPB:bin_000636,1.937,0,7.884,7.604,1.649,0,8.457,2.787,0,0,0,0,3.64,4.624,0,1.336,2.139,5.357,2.937,8.044,1.699,3.385,7.247,3.277,3.061,1.303,3.225,1.606,0,6.918,0,6.072,2.2,3.23,5.88,0,0,2.354,22.367,0,4.341,0
JPB:bin_000637,0,0,0,0,0,0,0,1.527,0,0,0,0,0,0,0,0,0,0,0,0,0,3.402,0,0,0,0,0,0,0,0,0,2.978,0,0,0,0,0,0,2.748,0,0,0
JPB:bin_000638,0,0,0,0,0,0,0,0,0,0,0,0,0,0,0,0,0,0,0,0,0,0,0,0,0,0,0,0,0,0,0,0,0,0,0,0,0,0,0,0,0,0
JPB:bin_000639,0,0,0,0,0,0,0,0,0,0,0,0,0,0,0,0,0,7.459,0,0,0,0,0,0,0,0,0,0,0,0,0,2.485,0,0,0,0,0,0,2.555,0,0,0
JPB:bin_000640,0,0,0,0,0,0,0,0,0,0,0,0,0,0,0,0,0,0,0,0,0,0,1.29,0,0,0,0,0,0,0,0,0,0,0,0,0,0,0,0,0,0,0
JPB:bin_000641,0,0,0,0,0,0,0,0,0,0,0,0,0,0,0,0,0,0,0,0,0,0,0,0,0,0,0,0,0,0,0,0,0,0,0,0,0,0,0,0,0,0
JPB:bin_000643,0,0,0,0,0,0,0,0,0,0,0,0,0,0,0,0,0,0,0,0,0,0,0,0,0,0,0,0,0,0,0,0,0,0,0,0,0,0,0,0,0,0
JPB:bin_000644,0,0,0,0,0,0,0,0,0,0,0,0,0,0,0,0,0,0,0,0,0,0,0,0,0,0,0,0,0,0,0,0,0,0,0,0,0,0,0,0,0,0
JPB:bin_000645,0,0,0,0,0,0,0,0,0,0,0,0,0,0,0,0,0,0,0,0,0,0,0,0,0,1.263,0,0,0,0,0,0,0,0,0,1.446,0,0,0,0,0,0
JPB:bin_000647,0,0,1.815,0,0,0,1.592,0,0,0,4.058,0,1.275,0,4.717,0,0,0,0,2.367,0,0,2.272,0,0,0,0,0,0,1.992,0,0,0,0,0,0,0,0,3.385,0,0,0
JPB:bin_000648,0,0,0,0,0,0,0,0,0,0,0,0,0,0,0,0,0,0,0,0,0,0,0,0,0,0,0,0,0,0,0,0,0,0,0,0,0,0,0,0,0,0
JPB:bin_000651,0,0,1.399,2.084,0,0,0,0,0,0,0,0,2.522,0,3.776,0,0,0,0,0,0,0,1.555,0,0,0,0,0,0,1.549,0,0,0,0,0,0,0,0,4.572,0,0,0
JPB:bin_000652,0,0,10.797,6.982,2.657,0,3.672,2.04,0,0,0,0,2.528,0,0,0,2.391,3.369,0,5.787,0,2.111,3.11,0,2.175,2.045,1.946,1.416,1.402,7.184,0,3.129,2.279,3.632,2.543,0,0,3.334,8.833,0,2.754,0
JPB:bin_000653,0,0,16.483,6.611,1.799,0,9.539,5.438,0,1.309,2.204,0,7.829,2.744,12.596,1.441,2.011,4.706,3.561,9.234,2.437,2.621,5.88,2.848,1.817,3.98,4.149,3.514,2.077,5.34,0,5.2,3.295,5.33,5.158,0,2.624,4.111,8.26,0,3.253,0
JPB:bin_000654,0,0,0,0,0,0,0,0,0,0,0,0,0,0,0,0,0,0,0,0,0,0,0,0,0,0,0,0,0,0,0,0,0,0,0,0,0,0,0,0,0,0
JPB:bin_000655,0,0,0,0,0,0,0,0,0,0,0,0,0,0,0,0,0,0,0,0,0,0,0,0,0,0,0,0,0,0,0,0,0,0,0,0,0,0,0,0,0,0
JPB:bin_000657,1.318,0,16.725,13.995,4.361,0,9.327,2.182,0,0,3.93,0,10.659,4.509,11.109,2.874,5.67,10.471,4.239,15.163,3.217,5.384,12.368,3.484,3.749,5.213,7.939,6.657,4.348,12.298,0,9.026,5.529,8.173,12.987,0,5.252,4.352,15.648,0,5.792,0
JPB:bin_000658,0,0,13.519,4.538,0,0,2.95,0,0,0,2.685,0,1.469,0,1.801,1.225,1.625,0,0,4.588,0,0,3.458,0,0,0,1.79,0,0,2.249,0,5.757,1.808,3.271,2.581,0,0,0,6.925,0,0,0
JPB:bin_000659,0,0,1.78,1.906,0,0,0,0,0,0,0,0,0,0,0,0,0,0,0,2.568,0,0,0,0,0,0,0,0,0,0,0,0,0,0,0,0,0,0,1.873,0,0,0
JPB:bin_000660,0,0,0,0,0,0,0,0,0,0,0,0,0,0,0,0,0,0,0,0,0,0,0,0,0,0,0,0,0,0,0,0,0,0,0,0,0,0,0,0,0,0
JPB:bin_000661,0,0,0,0,0,0,0,0,0,0,0,0,0,0,0,0,0,0,0,0,0,0,0,0,0,0,0,0,0,0,0,0,0,0,0,0,0,0,0,0,0,0
TJ1:bin_000004,0,0,7.123,5.152,2.278,0,2.812,0,0,0,1.731,0,4.6,2.233,3.954,0,1.908,4.3,0,2.632,0,3.891,3.128,1.814,3.018,1.722,6.156,1.515,0,2.086,0,1.942,1.213,5.752,1.91,0,2.042,0,7.657,0,0,0
TJ1:bin_000005,1.663,0,14.276,14.975,3.402,0,12.031,3.069,0,0,5.325,0,7.148,4.253,5.789,2.15,3.867,8.579,2.706,8.532,2.029,4.097,15.285,3.361,4.871,5.017,5.471,2.96,2.684,11.593,0,10.005,3.876,7.183,12.134,0,4.659,5.883,20.916,0,4.553,0
TJ1:bin_000006,11.929,0,75.655,71.059,21.697,3.367,58.191,10.515,0,8.195,22.279,0,43.484,23.417,36.709,16.61,25.419,50.424,9.743,73.997,19.296,21.414,70.601,19.22,20.664,20.545,31.29,21.172,12.903,48.151,0,42.509,29.023,29.353,61.652,3.829,21.036,21.126,70.714,0,19.198,1.225
TJ1:bin_000008,0,0,0,0,0,0,0,0,0,0,0,0,0,0,0,0,0,0,0,0,0,0,1.76,0,0,0,0,0,0,0,0,0,0,0,0,0,0,0,0,0,0,0
TJ1:bin_000010,3.529,0,21.63,33.938,8.073,0,49.979,6.023,0,5.464,5.708,0,12.834,9.664,10.029,5.715,7.781,11.928,11.311,68.856,5.023,5.96,26.228,7.416,3.558,4.57,12.216,12.103,6.276,72.969,0,40.113,10.46,9.726,7.519,0,13.965,10.014,22.455,0,2.694,0
TJ1:bin_000011,0,0,0,0,0,0,0,0,0,0,0,0,0,0,0,0,0,0,0,0,0,0,0,0,0,0,0,0,0,0,0,0,0,0,0,0,0,0,0,0,0,0
TJ1:bin_000016,0,0,0,0,0,0,1.865,0,0,0,0,0,0,0,0,0,0,0,0,0,0,0,2.914,0,0,0,0,0,0,3.589,0,0,0,2.985,0,0,0,0,3.978,0,0,0
TJ1:bin_000017,0,0,0,0,0,0,0,0,0,0,0,0,0,0,0,0,0,0,0,0,0,0,0,0,0,0,0,0,0,0,0,0,0,0,0,0,0,0,0,0,0,0
TJ1:bin_000023,0,0,6.837,5.148,1.979,0,2.905,0,0,0,0,0,4.459,0,0,0,2.635,2.052,0,5.54,0,0,4.685,0,3.427,5.752,3.263,0,0,5.503,0,0,1.565,0,4.37,0,2.198,3.03,10.184,0,2.669,0
TJ1:bin_000026,0,0,0,0,0,0,0,0,0,0,0,0,0,0,0,0,0,0,0,0,0,0,0,0,0,0,0,0,0,0,0,0,0,0,0,0,0,0,0,0,0,0
TJ1:bin_000028,0,0,4.587,2.436,0,0,3.332,0,0,0,0,0,1.64,0,0,1.435,0,0,0,2.17,4.06,0,3.174,0,0,0,0,0,0,9.239,0,7.215,0,1.021,0,0,0,1.327,3.37,0,0,0
TJ1:bin_000030,0,0,0,0,0,0,0,0,0,0,0,0,0,0,0,0,0,0,0,0,0,0,0,0,0,0,0,0,0,0,0,0,0,0,0,0,0,0,0,0,0,0
TJ1:bin_000031,0,0,1.827,0,0,0,0,0,0,0,0,0,1.225,0,1.645,0,0,2.264,0,1.429,0,0,2.876,0,0,0,0,0,0,0,0,1.558,0,1.95,3.48,0,0,5.545,0,0,0,0
TJ1:bin_000033,11.188,0,99.47,60.243,14.788,0,222.044,24.101,0,16.872,13.631,0,39.629,25.61,54.333,19.705,26.908,66.107,19.389,80.303,14.855,36.408,83.358,19.392,31.363,18.819,42.23,39.266,27.907,69.625,0,76.709,21.116,69.804,56.078,5.522,37.48,27.275,58.824,0,27.095,0
TJ1:bin_000037,0,0,5.877,11.856,0,0,9.948,0,0,0,1.781,0,1.748,2.901,2.024,0,0,5.052,1.43,5.283,0,1.885,4.689,0,1.343,1.321,1.771,1.659,1.544,1.918,0,7.253,3.295,4.362,4.912,0,0,2.066,8.893,0,0,0
TJ1:bin_000038,0,0,2.146,1.93,0,0,0,0,0,0,0,0,0,0,0,0,0,2.396,0,1.45,0,0,2.686,0,0,1.13,0,0,0,1.648,0,2.63,0,0,1.621,0,0,0,1.409,0,1.719,0
TJ1:bin_000042,0,0,0,0,0,0,0,0,0,0,0,0,0,0,0,0,0,0,0,0,0,0,0,0,0,0,0,0,0,0,0,0,0,0,0,0,0,0,0,0,0,0
TJ1:bin_000046,0,0,5.854,9.072,2.949,0,2.939,2.092,0,0,1.772,0,4.566,0,3.677,3.092,0,8.277,1.336,8.127,1.945,2.776,5.997,1.798,1.643,4.681,1.727,2.972,4.302,3.836,0,0,1.549,1.838,2.574,0,2.239,2.089,17.287,0,1.874,0
TJ1:bin_000047,0,0,10.669,2.47,0,0,8.451,1.689,0,0,0,0,3.539,5.178,11.24,1.598,1.78,10.543,0,10.473,0,10.318,6.29,7.623,0,1.44,2.665,1.786,6.711,6.641,0,4.386,7.094,5.463,11.629,0,3.827,1.429,12.449,0,3.347,0
TJ1:bin_000049,0,0,3.865,3.335,0,0,4.817,0,0,0,0,0,1.481,0,2.372,0,0,3.361,0,5.333,0,0,7.046,0,1.915,1.111,0,0,0,4.077,0,4.767,1.264,3.388,0,0,0,1.798,6.807,0,0,0
TJ1:bin_000053,0,0,2.504,1.778,0,0,0,0,0,0,0,0,0,0,2.05,0,0,2.446,0,3.322,0,0,2.933,0,0,0,0,0,0,0,0,0,0,0,6.03,0,0,1.914,2.671,0,0,0
TJ1:bin_000057,0,0,2.038,1.644,0,0,2.877,0,0,0,0,0,0,0,0,0,2.261,2.223,0,3.65,1.379,0,2.168,0,5.239,1.155,1.829,0,0,6.083,0,7.122,0,0,8.068,0,0,2.874,8.861,0,0,0
TJ1:bin_000062,0,0,2.298,2.918,0,0,1.641,0,0,0,0,0,1.171,2.592,1.734,0,0,1.575,0,1.676,0,0,1.993,0,0,0,0,0,0,4.323,0,2.709,0,1.188,2.981,0,0,1.678,4.451,0,0,0
TJ1:bin_000065,0,0,0,0,0,0,0,0,0,0,0,0,0,0,0,0,0,0,0,0,0,0,0,0,0,0,0,0,0,0,0,0,0,0,0,0,0,0,0,0,0,0
TJ1:bin_000071,0,0,5.686,4.256,0,0,7.117,0,0,0,2.754,0,2.34,9.391,2.51,1.859,0,5.68,2.809,6.377,0,2.062,9.1,1.823,0,1.414,0,1.941,0,7.456,0,10.392,2.706,2.688,4.305,0,0,2.579,6.439,0,0,0
TJ1:bin_000072,0,0,0,0,0,0,0,0,0,0,0,0,0,0,0,0,0,0,0,0,0,0,0,0,0,0,0,0,0,0,0,0,0,0,0,0,0,0,0,0,0,0
TJ1:bin_000075,0,0,4.845,0,0,0,3.37,0,0,0,0,0,1.187,0,1.936,0,0,0,0,2.78,0,1.925,3.554,2.08,0,1.038,0,0,0,3.423,0,2.137,0,1.449,0,0,0,0,0,0,0,0
TJ1:bin_000077,0,0,9.828,20.597,0,0,12.636,2.628,0,1.582,3.11,0,10.98,3.911,4.537,3.635,7.921,4.532,4.767,17.53,2.435,4.566,11.349,2.678,0,4.355,9.075,2.927,4.694,29.736,0,14.01,6.32,5.958,4.085,0,4.564,6.647,10.39,0,3.384,0
TJ1:bin_000082,0,0,0,0,0,0,5.591,0,0,0,0,0,0,0,0,0,0,2.588,0,7.335,0,0,1.671,0,0,0,0,0,0,12.259,0,2.326,0,0,0,0,0,0,0,0,0,0
TJ1:bin_000085,0,0,0,0,0,0,0,0,0,0,0,0,0,0,0,0,0,0,0,0,0,0,0,0,0,0,0,0,0,0,0,0,0,0,0,0,0,0,0,0,0,0
TJ1:bin_000086,0,0,1.998,1.886,0,0,4.576,0,0,0,0,0,0,0,0,0,0,0,1.307,2.573,0,0,3.084,0,0,0,0,0,0,7.846,0,3.23,0,0,1.317,0,0,1.178,3.046,0,0,0
TJ1:bin_000088,0,0,0,0,0,0,0,0,0,0,0,0,0,0,0,0,0,0,0,0,0,0,0,0,0,0,0,0,0,0,0,0,0,0,0,0,0,0,0,0,0,0
TJ1:bin_000089,0,0,2.868,3.719,0,0,3.675,0,0,0,0,0,2.582,0,1.883,0,0,2.324,0,5.965,0,1.41,4.687,0,0,1.249,2.2,0,0,6.266,0,0,2.702,2.231,2.707,0,0,2.567,3.814,0,1.822,0
TJ1:bin_000092,0,0,0,0,0,0,0,0,0,0,0,0,0,0,0,0,0,0,0,0,0,0,0,0,0,0,0,0,0,0,0,0,0,0,0,0,0,0,0,0,0,0
TJ1:bin_000093,0,0,0,0,0,0,0,0,0,0,0,0,0,1.316,0,0,0,5.676,0,0,0,0,0,0,0,0,0,0,0,0,0,0,0,0,0,0,0,0,1.313,0,0,0
TJ1:bin_000094,0,0,2.756,2.259,0,0,3.763,0,0,0,1.683,0,3.205,1.282,1.747,1.526,0,4.128,1.936,3.724,0,7.98,6.055,1.849,0,1.98,1.376,0,1.71,3.489,0,2.294,3.455,1.53,2.139,0,1.389,1.406,4.396,0,0,0
TJ1:bin_000097,2.006,0,7.234,6.446,3.503,0,6.978,0,0,0,6.439,0,2.908,2.685,3.893,0,2.869,1.894,4.604,3.957,0,3.948,6.51,0,1.559,0,1.62,5.938,2.819,6.267,0,3.821,3.242,5.771,7.007,0,2.747,2.058,7.167,0,1.525,0
TJ1:bin_000101,0,0,12.471,7.308,4.693,0,12.792,2.492,0,2.082,3.645,0,3.931,3.314,3.27,1.964,2.751,4.043,2.191,5.906,1.653,4.494,10.116,3.071,2.124,2.215,3.077,2.571,1.564,7.996,0,8.152,1.773,2.834,12.464,0,3.552,2.651,12.301,0,4.84,0
TJ1:bin_000109,0,0,0,0,0,0,0,0,0,0,0,0,0,0,0,0,0,0,0,0,0,0,0,0,0,0,0,0,0,0,0,0,0,0,0,0,0,0,0,0,0,0
TJ1:bin_000112,0,0,1.746,0,0,0,3.269,0,0,0,0,0,0,0,0,0,0,0,0,0,0,0,0,0,0,0,0,0,0,0,0,1.864,0,0,0,0,0,0,0,0,0,0
TJ1:bin_000114,0,0,0,0,0,0,0,0,0,0,0,0,0,0,0,0,0,0,0,0,0,0,0,0,0,0,0,0,0,0,0,0,0,0,0,0,0,0,0,0,0,0
TJ1:bin_000117,0,0,0,0,0,0,0,0,0,0,0,0,0,0,0,0,0,0,0,0,0,0,0,0,0,0,0,0,0,0,0,0,0,0,0,0,0,0,0,0,0,0
TJ1:bin_000119,0,0,1.426,0,0,0,2.068,0,0,0,0,0,1.278,0,0,0,0,0,0,1.711,0,0,0,0,0,0,0,0,0,4.247,0,1.745,0,0,0,0,0,0,0,0,0,0
TJ1:bin_000121,0,0,7.301,4.152,2.906,0,3.557,0,0,0,0,0,3.755,2.453,1.832,1.88,2.174,3.664,1.883,6.003,0,0,9.048,0,2.564,1.355,0,0,1.432,5.84,0,4.712,0,1.931,0,0,1.681,2.497,11.584,0,0,0
TJ1:bin_000124,2.066,0,20.269,12.515,5.47,0,16.887,3.647,0,0,3.818,0,9.984,6.818,9.875,2.325,6.323,16.328,4.756,14.525,1.886,4.735,15.127,2.274,8.54,4.976,5.593,4.845,3.88,13.189,0,11.269,5.388,9.714,13.143,0,11.551,6.657,22.785,0,5.97,0
TJ1:bin_000126,0,0,0,0,0,0,0,0,0,0,0,0,0,0,0,0,0,0,0,0,0,0,0,0,0,0,0,0,0,0,0,0,0,0,0,0,0,0,0,0,0,0
TJ1:bin_000133,0,0,0,0,0,0,0,0,0,0,0,0,0,0,0,0,0,0,0,0,0,0,0,0,0,0,0,0,0,0,0,0,0,0,0,0,0,0,0,0,0,0
TJ1:bin_000134,0,0,0,0,0,0,0,0,0,0,0,0,0,0,0,0,0,0,0,0,0,0,0,0,0,0,0,0,0,0,0,0,0,0,0,0,0,0,0,0,0,0
TJ1:bin_000137,0,0,0,0,0,0,2.132,0,0,0,0,0,0,0,0,0,0,0,0,2.747,0,0,1.606,0,0,0,0,0,0,4.173,0,1.745,0,0,0,0,0,0,0,0,0,0
TJ1:bin_000138,0,0,0,0,0,0,0,0,0,0,0,0,0,0,0,0,0,0,0,0,0,0,0,0,0,0,0,0,0,0,0,0,0,0,0,0,0,0,0,0,0,0
TJ1:bin_000143,0,0,0,0,0,0,0,0,0,0,0,0,0,0,0,0,0,0,0,0,0,0,0,0,0,0,0,0,0,0,0,0,0,0,0,0,0,0,0,0,0,0
TJ1:bin_000144,0,0,1.483,0,0,0,0,0,0,0,0,0,0,0,0,0,0,0,0,4.13,0,0,1.561,0,0,0,0,0,0,1.249,0,2.298,0,0,0,0,0,0,0,0,0,0
TJ1:bin_000147,0,0,0,0,0,0,0,0,0,0,0,0,0,0,0,0,0,0,0,0,0,0,0,0,0,0,0,0,0,0,0,0,0,0,0,0,0,0,0,0,0,0
TJ1:bin_000149,0,0,0,1.613,0,0,1.355,0,0,0,0,0,0,0,0,0,0,0,0,1.849,0,0,0,0,0,0,0,0,0,2.798,0,2.518,0,0,0,0,0,1.164,1.461,0,0,0
TJ1:bin_000151,0,0,0,0,0,0,0,0,0,0,0,0,0,0,0,0,0,0,0,0,0,0,0,0,0,0,0,0,0,1.96,0,0,0,0,0,0,0,0,0,0,0,0
TJ1:bin_000159,0,0,14.458,16.779,4.744,0,11.237,3.847,0,1.592,4.387,0,11.399,6.476,5.262,3.022,5.7,11.151,3.478,16.508,3.086,3.815,16.173,4.952,6.852,4.389,4.904,3.103,3.799,17.104,0,9.32,3.271,5.866,7.766,0,3.752,7.446,31.147,0,4.717,0
TJ1:bin_000163,0,0,1.461,0,1.493,0,0,0,0,0,0,0,0,0,1.693,0,0,0,0,0,0,0,0,0,0,0,0,0,0,0,0,0,0,0,0,0,0,0,1.752,0,0,0
TJ1:bin_000164,0,0,0,0,0,0,0,0,0,0,0,0,0,0,0,0,0,0,0,0,0,0,0,0,0,0,0,0,0,0,0,0,0,0,0,0,0,0,0,0,0,0
TJ1:bin_000166,0,0,0,0,0,0,0,0,0,0,0,0,0,0,0,0,0,0,0,0,0,0,1.379,0,0,0,0,0,0,0,0,2.142,0,0,0,0,0,3.275,0,0,0,0
TJ1:bin_000167,0,0,0,0,0,0,0,0,0,0,0,0,0,0,0,0,0,0,0,0,0,0,0,0,0,0,0,0,0,0,0,0,0,0,0,0,0,0,0,0,0,0
TJ1:bin_000168,0,0,0,0,0,0,0,0,0,0,0,0,0,0,0,0,0,0,0,0,0,0,0,0,0,0,0,0,0,0,0,0,0,0,0,0,0,0,0,0,0,0
TJ1:bin_000173,0,0,0,0,0,0,1.885,0,0,0,0,0,0,0,0,0,0,0,0,0,0,0,0,0,0,0,0,0,0,1.777,0,0,0,0,0,0,0,0,0,0,0,0
TJ1:bin_000175,0,0,0,0,0,0,0,0,0,0,0,0,0,0,0,0,0,0,0,0,0,0,0,0,0,1.827,0,0,0,0,0,0,0,0,0,0,0,0,0,0,0,0
TJ1:bin_000177,0,0,0,0,0,0,0,0,0,0,0,0,0,0,0,0,0,0,0,0,0,0,0,0,0,0,0,0,0,0,0,0,0,0,0,0,0,0,0,0,0,0
TJ1:bin_000183,0,0,0,0,0,0,0,0,0,0,0,0,0,0,0,0,0,0,0,0,0,0,0,0,0,0,0,0,0,0,0,0,0,0,0,0,0,0,0,0,0,0
TJ1:bin_000191,0,0,0,0,0,0,0,0,0,0,0,0,0,0,0,0,0,0,0,0,0,0,0,0,0,0,0,0,0,0,0,0,0,0,0,0,0,0,0,0,0,0
TJ1:bin_000194,0,0,0,0,0,0,0,0,0,0,0,0,0,0,0,0,0,0,0,0,0,0,0,0,0,0,0,0,0,0,0,0,0,0,0,0,0,0,0,0,0,0
TJ1:bin_000196,0,0,2.462,1.933,0,0,1.971,0,0,1.432,1.989,0,0,0,0,0,0,0,0,1.653,0,0,2.335,0,0,0,0,0,0,0,0,0,0,0,0,0,0,0,0,0,0,0
TJ1:bin_000197,0,0,0,0,0,0,0,0,0,0,0,0,1.303,0,0,0,0,0,0,1.464,0,0,1.644,0,0,0,0,0,0,0,0,0,0,0,2.643,0,0,0,1.551,0,0,0
TJ1:bin_000199,0,0,6.214,9.034,1.897,0,12.114,3.774,0,1.363,17.134,0,4.623,1.925,2.152,0,4.124,7.839,0,13.997,2.025,3.793,8.52,4.716,1.753,3.547,2.655,1.746,2.635,7.301,0,10.091,3.583,9.59,5.51,0,0,4.301,18.879,0,2.54,0
TJ1:bin_000211,0,0,3.656,4.689,2.289,0,0,0,0,0,0,0,2.662,0,0,0,1.817,3.216,0,4.757,0,0,3.092,0,3.606,3.138,1.746,1.517,0,4.207,0,0,1.294,0,3.377,0,1.89,1.529,6.586,0,1.994,0
TJ1:bin_000214,0,0,7.817,17.442,4.212,0,7.636,1.67,0,1.708,2.303,0,9.727,3.242,2.082,2.245,1.546,5.447,2.097,12.632,0,3.027,11.104,2.296,2.363,2.803,4.156,3.056,5.705,6.731,0,7.433,4.211,6.139,10.437,0,2.826,4.999,17.14,0,3.541,0
TJ1:bin_000217,0,0,3.816,7.451,2.266,0,0,0,0,0,0,0,0,0,0,0,6.805,0,0,2.657,0,0,0,0,5.008,5.685,0,0,0,3.688,0,0,0,0,11.241,0,0,1.901,4.059,0,0,0
TJ1:bin_000219,0,0,6.936,6.822,0,0,3.551,0,0,0,1.58,0,3.377,2.475,2.07,0,0,3.592,0,5.17,0,4.888,5.692,0,3.249,3.203,1.984,1.842,0,2.96,0,1.964,2.263,2.308,4.599,0,1.628,1.387,4.604,0,2.762,0
TJ1:bin_000222,0,0,6.602,7.34,2.928,0,1.979,2.574,0,0,8.047,0,2.483,2.114,3.537,0,2.145,3.931,0,5.6,0,1.618,4.809,0,5.815,2.038,3.829,1.238,0,5.131,0,3.829,1.712,2.481,3.766,0,1.626,1.906,8.823,0,1.7,0
TJ1:bin_000223,0,0,0,0,0,0,0,0,0,0,0,0,0,0,0,0,0,0,0,0,0,0,0,0,0,0,0,0,0,0,0,0,0,0,0,0,0,0,0,0,0,0
TJ1:bin_000225,0,0,2.093,2.924,0,0,0,0,0,0,0,0,0,0,0,0,0,1.694,0,2.053,0,0,0,0,0,0,0,0,0,1.993,0,1.611,0,0,2.055,0,0,0,2.824,0,0,0
TJ1:bin_000227,0,0,11.115,7.284,6.065,0,8.063,4.211,0,0,2.208,0,6.66,4.265,3.701,1.247,4.561,6.929,2.32,8.903,0,2.772,8.171,2.752,9.88,3.451,4.455,2.665,3.131,7.557,0,5.641,2.878,3.463,11.822,0,2.834,3.096,16.045,0,3.073,0
TJ1:bin_000240,0,0,0,0,0,0,0,0,0,0,0,0,0,0,0,0,0,0,0,0,0,0,0,0,0,0,0,0,0,0,0,0,0,0,0,0,0,0,0,0,0,0
TJ1:bin_000246,0,0,0,0,0,0,0,0,0,0,0,0,0,0,0,0,0,0,0,0,0,0,0,0,0,0,0,0,0,0,0,0,0,0,0,0,0,0,0,0,0,0
TJ1:bin_000248,0,0,0,0,0,0,0,0,0,0,0,0,0,0,0,0,0,0,0,0,0,0,0,0,0,0,0,0,0,0,0,0,0,0,0,0,0,0,0,0,0,0
TJ1:bin_000249,0,0,1.527,2.205,0,0,1.406,0,0,0,0,0,0,0,0,0,0,3.887,0,0,0,0,1.842,0,0,0,1.936,0,0,0,0,0,0,1.103,0,0,0,0,0,0,0,0
TJ1:bin_000252,0,0,15.99,14.827,2.581,1.402,11.106,0,0,0,4.7,0,6.09,2.386,4.204,0,2.019,8.256,2.683,11.895,0,2.927,9.536,5.486,5.573,1.627,1.75,1.557,3.137,4.619,0,5.272,2.834,6.011,12.879,0,2.005,2.901,11.862,0,3.688,0
TJ1:bin_000254,0,0,8.188,3.899,0,0,2.193,0,0,0,0,0,1.828,0,0,0,0,3.189,0,6.33,0,0,3.561,0,0,1.351,4.078,0,0,3.701,0,3.977,0,2.172,8.627,0,0,0,4.973,0,0,0
TJ1:bin_000260,0,0,10.545,12.783,4.16,0,10.674,3.043,0,0,3.053,0,8.531,3.86,4.053,2.9,4.205,7.248,2.289,15.806,2.973,2.244,14.775,2.585,3.534,4.035,4.412,2.731,2.499,17.77,0,7.22,3.896,4.402,7.311,0,3.735,5.022,18.531,0,4.278,0
TJ1:bin_000269,0,0,0,0,0,0,0,0,0,0,0,0,0,0,0,0,0,0,0,0,0,0,0,0,0,0,0,0,0,0,0,0,0,0,0,0,0,0,0,0,0,0
TJ1:bin_000276,0,0,0,0,0,0,0,0,0,0,0,0,0,0,0,0,0,0,0,0,0,0,0,0,0,0,0,0,0,0,0,0,0,0,0,0,0,0,0,0,0,0
TJ1:bin_000278,0,0,7.267,6.491,0,0,4.05,1.188,0,0,1.692,0,4.502,4.075,4.778,2.047,2.019,3.593,0,4.779,1.324,1.231,5.478,1.566,2.434,1.83,2.222,2.789,0,5.973,0,6.256,1.77,3.848,3.873,0,1.801,3.013,8.293,0,1.99,0
TJ1:bin_000279,0,0,15.667,13.621,4.794,0,13.584,2.937,0,0,2.636,0,6.38,4.928,5.99,1.815,3.685,8.239,3.125,15.94,1.767,3.999,12.682,3.773,5.011,4.24,3.962,2.663,1.684,16.698,0,9.177,3.424,6.311,11.049,0,5.04,6.586,21.833,0,3.253,0
TJ1:bin_000280,0,0,0,0,0,0,0,0,0,0,0,0,0,0,0,0,0,0,0,0,0,0,0,0,0,0,0,0,0,0,0,0,0,0,0,0,0,0,0,0,0,0
TJ1:bin_000285,0,0,0,0,0,0,0,0,0,0,0,0,0,0,0,0,0,0,0,0,0,0,0,0,0,0,0,0,0,0,0,0,0,0,0,0,0,0,0,0,0,0
TJ1:bin_000290,0,0,0,0,0,0,0,0,0,0,0,0,0,0,0,0,0,0,0,0,0,0,0,0,0,0,0,0,0,0,0,0,0,0,0,0,0,0,0,0,0,0
TJ1:bin_000299,0,0,0,0,0,0,0,0,0,0,0,0,0,0,0,0,0,0,0,0,0,0,0,0,0,0,0,0,0,0,0,0,0,0,0,0,0,0,0,0,0,0
TJ1:bin_000306,0,0,9.674,9.153,3.057,0,4.771,0,0,0,3.591,0,5.432,3.277,0,2.859,4.435,4.629,2.086,6.482,0,1.787,6.602,3.065,4.465,2.453,3.166,1.751,0,6.174,0,2.971,2.073,1.951,7.165,0,3.902,3.329,13.201,0,2.936,0
TJ1:bin_000307,0,0,5.287,1.83,0,0,2.315,1.482,0,0,0,0,2.403,2.125,1.614,0,0,4.425,0,4.318,0,0,3.243,0,0,1.124,2.027,0,0,5.239,0,2.319,1.565,1.822,2.652,0,0,3.185,7.143,0,1.544,0
TJ1:bin_000309,0,0,3.252,2.959,0,0,5.258,0,0,0,0,0,1.708,0,1.621,0,1.498,1.771,0,2.941,0,1.179,3.646,0,0,0,0,0,0,4.074,0,2.243,1.326,0,2.079,0,0,0,5.728,0,0,0
TJ1:bin_000313,0,0,0,5.097,0,0,0,0,0,0,0,0,0,0,0,0,0,0,0,0,0,0,5.37,0,0,0,0,0,0,0,0,0,0,0,0,0,0,0,7.218,0,0,0
TJ1:bin_000317,0,0,1.686,0,0,0,0,0,0,0,0,0,0,0,0,0,0,0,0,0,0,0,0,0,0,0,0,0,0,0,0,0,0,0,0,0,0,0,0,0,0,0
TJ1:bin_000319,0,0,2.588,2.385,0,0,0,0,0,0,0,0,1.318,0,0,0,0,2.364,0,0,0,0,1.951,0,0,0,0,0,0,1.642,0,0,0,1.322,1.602,0,0,0,4.382,0,0,0
TJ1:bin_000320,0,0,2.753,1.838,0,0,0,0,0,0,0,0,1.658,0,0,0,0,0,0,2.637,0,0,0,0,1.751,1.886,0,0,0,0,0,0,0,0,1.999,0,0,0,1.863,0,0,0
TJ1:bin_000322,0,0,16.8,9.12,3.371,0,14.048,2.128,0,0,3.53,0,6.956,4.938,6.156,1.827,3.508,6.873,3.512,10.623,1.534,4.331,10.425,4.762,4.206,3.251,6.082,3.27,3.399,10.302,0,9.519,4.139,8.079,8.79,0,3.758,4.437,19.107,0,3.646,0
TJ1:bin_000328,0,0,0,0,0,0,0,0,0,0,0,0,0,0,0,0,0,0,0,0,0,0,0,0,0,0,0,0,0,0,0,0,0,0,0,0,0,0,0,0,0,0
TJ1:bin_000340,0,0,0,0,0,0,0,0,0,0,0,0,0,0,0,0,0,0,0,0,0,0,0,0,0,0,0,0,0,0,0,0,0,0,0,0,0,0,0,0,0,0
TJ1:bin_000342,1.765,0,19.969,24.347,11.215,0,12.791,3.802,0,1.764,4.111,0,16.735,7.783,8.312,4.568,9.525,16.332,4.037,27.828,3.676,4.656,20.565,5.999,14.582,6.999,7.61,5.668,5.993,21.95,0,14.557,5.845,10.51,15.737,0,7.948,10.457,56.7,0,6.147,0
TJ1:bin_000354,0,0,0,0,0,0,0,0,0,0,0,0,0,0,0,0,0,0,0,0,0,0,0,0,0,0,0,0,0,0,0,0,0,0,0,0,0,0,0,0,0,0
TJ1:bin_000355,0,0,0,2.002,0,0,0,0,0,0,0,0,0,0,0,0,0,0,0,3.581,0,0,0,0,0,0,0,0,0,0,0,0,0,0,0,0,0,0,0,0,0,0
TJ1:bin_000360,0,0,2.647,0,0,0,0,0,0,0,0,0,0,0,0,0,0,0,0,0,0,0,1.991,0,0,0,0,0,0,1.984,0,0,0,0,0,0,0,0,3.139,0,0,0
TJ1:bin_000368,0,0,0,0,0,0,0,0,0,0,0,0,0,0,0,0,0,0,0,0,0,0,0,0,0,0,0,0,0,0,0,0,0,0,0,0,0,0,0,0,0,0
TJ1:bin_000377,0,0,0,0,0,0,0,0,0,0,0,0,0,0,0,0,0,0,0,1.49,0,0,0,0,0,0,0,0,0,0,0,0,0,0,0,0,0,0,0,0,0,0
TJ1:bin_000390,0,0,0,0,0,0,0,0,0,0,0,0,0,0,0,0,0,0,0,0,0,0,0,0,0,0,0,0,0,0,0,0,0,0,0,0,0,0,0,0,0,0
TJ1:bin_000391,0,0,2.493,2.063,0,0,2.962,0,0,0,0,0,0,0,0,0,0,0,0,2.301,0,0,3.571,0,0,0,0,0,0,3,0,0,0,0,0,0,0,0,4.285,0,0,0
TJ2:bin_000001,1.718,0,8.792,5.801,3.567,0,8.481,0,0,0,0,0,1.661,2.614,13.124,1.452,0,3.644,0,13.12,0,2.765,2.414,1.856,1.656,1.778,5.163,0,0,10.141,0,7.833,2.778,5.115,9.859,0,0,3.385,12.237,0,4.325,0
TJ2:bin_000002,0,0,3.539,0,0,0,0,0,0,0,0,0,0,0,0,0,0,0,0,0,0,0,0,0,0,0,0,0,0,0,0,1.7,0,0.973,0,0,0,0,0,0,0,0
TJ2:bin_000003,2.703,0,49.852,328.661,111.693,6.346,10.873,101.447,0,1.918,18.745,0,74.678,42.931,28.689,31.113,365.91,50.074,8.29,79.411,25.27,3.622,65.29,13.242,141.243,295.166,72.25,11.007,31.854,126.318,0,8.029,23.909,5.515,355.338,31.332,70.518,57.545,75.228,0,11.59,0
TJ2:bin_000004,0,0,0,0,0,0,0,0,0,0,0,0,0,0,0,0,0,0,0,0,0,0,0,0,0,0,0,0,0,0,0,0,0,0,0,0,0,0,0,0,0,0
TJ2:bin_000005,0,0,0,0,0,0,4.48,0,0,0,1.779,0,0,0,0,0,0,1.445,0,1.254,0,0,2.094,0,0,0,0,0,2.13,0,0,0,0,1.425,0,0,0,1.256,0,0,0,0
TJ2:bin_000006,1.967,0,16.041,10.091,1.923,0,19.132,1.35,0,1.791,3.138,0,5.998,2.097,7.486,2.555,2.494,6.493,7.284,17.384,3.141,9.945,13.165,5.768,2.872,2.295,4.361,12.643,5.447,7.171,0,7.993,8.844,17.834,11.813,0,10.194,5.209,15.499,0,7.154,0
TJ2:bin_000007,12.117,0,52.22,59.468,22.645,3.144,48.382,7.269,1.22,8.253,11.907,1.341,23.49,17.577,18.912,16.171,21.184,32.628,17.281,73.246,10.545,15.886,71.436,16.825,13.166,17.967,18.168,15.944,19.803,37.02,0,57.095,16.366,20.311,45.001,2.327,17.35,33.69,48.788,0,18.066,0
TJ2:bin_000009,0,0,9.282,10.439,0,0,14.798,0,0,0,0,0,5.425,0,0,0,3.816,6.658,0,12.099,0,0,11.044,0,0,0,0,0,0,16.206,0,19.406,0,9.951,7.834,0,0,0,13.636,0,0,0
TJ2:bin_000010,0,0,0,0,0,0,0,0,0,0,0,0,1.343,0,0,0,0,0,0,0,0,0,0,0,0,0,0,0,0,0,0,0,0,0,0,0,0,0,0,0,0,0
TJ2:bin_000014,0,0,0,0,0,0,0,0,0,0,0,0,0,0,0,0,0,0,0,0,0,0,0,0,0,0,0,0,0,0,0,0,0,0,0,0,0,0,0,0,0,0
TJ2:bin_000015,1.629,0,22.166,13.385,2.512,0,13.331,1.368,0,0,5.188,0,3.928,5.528,5.794,1.338,2.078,6.951,10.572,12.957,0,4.521,13.65,6.919,1.899,1.583,5.93,1.497,13.607,13.248,0,8.546,4.65,6.642,13.885,0,3.39,4.343,16.875,0,7.633,0
TJ2:bin_000016,0,0,10.136,4.275,2.326,0,5.498,0,0,0,4.11,0,3.899,0,1.97,0,0,7.363,0,7.939,2.201,1.518,5.944,3.156,2.7,2.011,3.595,0,0,3.042,0,5.516,1.509,5.389,10.41,0,0,6.625,9.694,0,2.655,0
TJ2:bin_000018,0,0,0,0,0,0,0,0,0,0,0,0,0,0,0,0,0,0,0,0,0,0,0,0,0,0,0,0,0,0,0,0,0,1.722,0,0,0,0,0,0,0,0
TJ2:bin_000019,0,0,0,0,0,0,0,0,0,0,0,0,0,0,0,0,0,0,0,0,0,0,0,0,0,0,0,0,0,0,0,0,0,0,0,0,0,0,0,0,0,0
TJ2:bin_000020,0,0,0,0,0,0,0,0,0,0,0,0,0,0,0,0,0,0,0,0,0,0,0,0,0,0,0,0,0,0,0,0,0,0,0,0,0,0,0,0,0,0
TJ2:bin_000029,0,0,1.75,5.25,0,0,3.69,0,0,0,0,0,0,2.496,0,0,1.698,2.77,1.577,3.562,0,0,3.834,0,0,1.412,0,0,1.773,2.927,0,5.01,1.554,6.273,2.032,0,0,0,3.882,0,0,0
TJ2:bin_000030,0,0,2.532,1.895,0,0,0,0,0,0,0,0,0,0,0,0,0,0,0,1.449,0,0,2.636,0,0,1.293,0,0,0,0,0,0,0,0,0,0,0,0,1.595,0,0,0
TJ2:bin_000035,0,0,2.021,0,0,0,1.919,0,0,0,0,0,1.631,0,0,0,0,1.839,0,2.358,0,0,2.184,0,0,0,0,0,0,2.767,0,3.015,0,0,0,0,0,0,1.891,0,0,0
TJ2:bin_000037,1.485,0,11.832,9.816,2.609,0,10.375,1.549,0,1.614,2.032,0,5.622,4.446,4.699,1.582,2.367,7.446,3.872,16.812,0,3.709,9.251,3.747,1.536,3.368,4.205,3.248,1.798,9.239,0,11.922,2.565,2.194,4.06,0,3.844,4.85,17.963,0,2.229,0
TJ2:bin_000039,2.565,0,20.423,13.299,2.155,0,12.684,0,0,2.008,5.679,0,7.478,6.071,7.939,2.233,5.245,7.847,3.733,11.314,2.965,8.175,10.424,3.907,3.755,3.041,9.041,5.617,4.529,13.032,0,20.216,4.175,8.587,10.366,0,4.464,2.93,8.236,0,4.012,0
TJ2:bin_000041,5.927,0,2.672,0,0,0,0,2.425,0,0,0,0,2.067,0,0,0,0,1.918,10.895,3.051,0,2.828,2.113,0,2.495,0,0,0,0,0,0,4.891,0,3.061,2.924,0,0,1.833,3.268,0,0,0
TJ2:bin_000043,0,0,6.392,2.941,0,0,5.149,0,0,0,1.45,0,2.438,0,0,1.308,0,2.237,2.508,0,0,1.3,3.623,0,0,0,1.916,1.437,2.145,2.327,0,2.258,0,5.591,2.355,0,1.803,2.049,3.922,0,0,0
TJ2:bin_000046,0,0,0,0,0,0,0,0,0,0,0,0,0,0,0,0,0,0,0,0,0,0,0,0,0,0,0,0,0,0,0,0,0,0,0,0,0,0,1.845,0,0,0
TJ2:bin_000048,0,0,0,0,0,0,0,0,0,0,0,0,0,0,0,0,0,0,0,0,0,0,0,0,0,0,0,0,0,0,0,0,0,0,0,0,0,0,0,0,0,0
TJ2:bin_000049,0,0,0,0,0,0,0,0,0,0,0,0,0,0,0,0,0,0,0,0,0,0,0,0,0,0,0,0,0,0,0,0,0,0,0,0,0,0,0,0,0,0
TJ2:bin_000053,0,0,3.099,2.087,0,0,2.744,0,0,0,0,0,1.928,0,1.922,0,0,2.064,0,2.444,1.198,1.395,2.018,0,0,0,1.622,1.6,0,2.443,0,2.099,0,1.026,3.225,0,0,0,2.16,0,0,0
TJ2:bin_000061,0,0,9.083,5.43,0,0,2.164,0,0,0,0,0,1.781,2.156,0,0,2.445,1.656,1.378,1.571,0,0,3.949,0,0,1.387,0,0,3.594,2.537,0,3.095,0,3.392,3.06,0,1.312,2.022,3.386,0,2.032,0
TJ2:bin_000065,0,0,18.046,4.961,2.596,0,3.888,1.62,0,0,0,0,1.658,0,3.94,1.604,1.576,2.727,2.383,5.549,1.461,2.384,4.587,0,4.018,2.248,2.587,2.07,0,2.784,0,1.781,1.188,11.531,9.37,0,2.039,0,6.414,0,0,0
TJ2:bin_000070,0,0,6.72,13.131,2.879,0,9.689,0,0,0,3.08,0,9.609,6.173,5.609,1.59,4.194,8.559,2.782,15.045,5.103,3.052,9.539,2.845,2.711,2.413,4.872,4.875,1.565,15.109,0,18.823,4.981,5.447,5.575,1.312,2.964,5.243,14.06,0,0,0
TJ2:bin_000072,0,0,11.892,6.91,3.419,0,6.76,0,0,0,3.044,0,4.416,4.349,5.371,1.706,2.662,5.705,3.552,9.139,0,3.004,5.785,0,2.514,1.334,3.726,4.193,1.345,4.89,0,4.008,2.723,7.405,9.453,0,1.574,1.526,36.386,0,6.247,0
TJ2:bin_000076,0,0,2.875,3.511,0,0,1.919,0,0,0,1.725,0,2.006,0,2.289,1.277,0,2.065,0,2.48,0,0,2.306,2.039,0,0,0,0,0,0,0,3.24,0,2.825,2.462,0,0,0,4.421,0,0,0
TJ2:bin_000081,0,0,0,0,0,0,0,1.864,0,0,0,0,0,0,0,0,0,0,0,0,0,1.52,0,0,0,0,0,0,0,0,0,0,0,0,0,0,0,0,0,0,0,0
TJ2:bin_000087,0,0,5.117,3.124,0,0,3.664,0,0,0,1.698,0,1.575,0,1.981,0,0,2.364,0,3.156,0,0,2.712,1.867,1.227,0,0,0,0,1.54,0,6.77,0,2.487,5.228,0,0,0,6.423,0,0,0
TJ2:bin_000093,0,0,0,0,0,0,0,0,0,0,0,0,0,0,0,0,0,0,0,0,0,0,0,0,0,0,0,0,0,0,0,0,0,0,0,0,0,0,0,0,0,0
TJ2:bin_000094,0,0,0,0,0,0,0,0,0,0,0,0,0,0,0,0,0,0,0,0,0,0,0,0,0,0,0,0,0,0,0,0,0,0,0,0,0,0,0,0,0,0
TJ2:bin_000096,0,0,0,0,0,0,0,0,0,0,0,0,0,0,0,0,0,0,0,0,0,0,0,0,0,0,0,0,0,0,0,0,0,0,0,0,0,0,0,0,0,0
TJ2:bin_000100,0,0,0,0,0,0,0,0,0,0,0,0,0,0,0,0,0,0,0,0,0,0,0,0,0,0,0,0,0,0,0,11.086,0,0,0,0,0,0,0,0,0,0
TJ2:bin_000105,0,0,9.488,6.661,0,0,9.085,2.106,0,0,0,0,3.711,2.699,3.37,0,0,10.423,0,8.905,0,3.573,6.417,0,0,0,0,2.644,0,7.535,0,6.233,3.95,5.867,4.445,0,0,0,10.589,0,0,0
TJ2:bin_000109,0,0,0,0,0,0,0,0,0,0,0,0,0,0,0,0,0,0,0,0,0,0,0,0,0,0,0,0,0,0,0,3.177,0,0,0,0,0,0,0,0,0,0
TJ2:bin_000111,0,0,0,0,0,0,1.757,0,0,0,0,0,0,0,0,0,0,0,0,2.106,0,0,1.636,0,0,0,0,0,0,3.903,0,1.963,0,0,0,0,0,0,1.72,0,0,0
TJ2:bin_000118,0,0,0,0,0,0,0,0,0,0,0,0,0,0,0,0,0,0,0,0,0,0,0,0,0,0,0,0,0,0,0,0,0,0,0,0,0,0,0,0,0,0
TJ2:bin_000134,0,0,3.869,2.241,1.62,0,4.682,0,0,0,0,0,1.806,1.892,0,1.407,0,0,0,4.736,0,0,3.958,0,0,1.102,0,0,0,2.709,0,2.055,0,2.209,2.795,0,0,1.634,4.361,0,1.996,0
TJ2:bin_000139,0,0,0,0,0,0,0,0,0,0,0,0,0,0,0,0,0,0,0,0,0,0,1.268,0,0,0,0,0,0,0,0,0,0,0,0,0,0,0,0,0,0,0
TJ2:bin_000142,0,0,1.924,2.1,0,0,0,0,0,0,0,0,0,0,0,0,1.421,1.402,0,1.467,0,0,1.676,0,0,3.318,0,0,0,1.388,0,0,0,0,1.672,0,0,0,0,0,0,0
TJ2:bin_000143,0,0,0,0,0,0,0,0,0,0,0,0,0,0,0,0,0,0,0,0,0,0,0,0,0,0,0,0,0,0,0,0,0,0,0,0,0,0,0,0,0,0
TJ2:bin_000144,0,0,0,0,0,0,0,0,0,0,0,0,0,0,0,0,0,0,0,0,0,0,0,0,0,0,0,0,0,0,0,0,0,0,0,0,0,0,0,0,0,0
TJ2:bin_000147,0,0,0,0,0,0,0,0,0,0,0,0,0,0,0,0,0,0,0,0,0,0,0,0,0,0,0,0,0,0,0,0,0,0,0,0,0,0,0,0,0,0
TJ2:bin_000148,0,0,0,0,0,0,0,0,0,0,0,0,0,0,0,0,0,0,0,0,0,0,0,0,0,0,0,0,0,0,0,0,0,0,0,0,0,0,0,0,0,0
TJ2:bin_000149,0,0,0,0,0,0,0,0,0,0,0,0,0,0,0,0,0,0,0,0,0,0,0,0,0,0,0,0,0,0,0,0,0,0,0,0,0,0,0,0,0,0
TJ2:bin_000150,0,0,0,0,0,0,1.459,0,0,0,0,0,0,0,0,0,0,0,0,1.52,0,0,0,0,0,0,0,0,0,2.658,0,0,0,0,0,0,0,0,0,0,0,0
TJ2:bin_000152,0,0,6.477,6.504,0,0,2.175,1.968,0,0,1.647,0,6.292,1.793,0,0,2.951,5.464,0,6.34,0,0,6.412,0,5.452,5.627,2.052,1.498,2.555,6.418,0,3.189,2.017,1.141,3.423,0,1.844,0,3.595,0,3.169,0
TJ2:bin_000154,0,0,0,0,0,0,0,0,0,0,0,0,0,0,0,0,0,0,0,0,0,0,3.226,0,0,0,0,0,0,0,0,0,0,0,0,0,0,0,0,0,0,0
TJ2:bin_000156,0,0,3.615,0,0,0,0,0,0,0,0,0,0,0,0,0,0,1.615,0,0,0,0,4.908,0,0,0,1.775,0,1.757,0,0,0,0,1.148,0,0,0,0,3.188,0,0,0
TJ2:bin_000159,0,0,2.658,1.914,1.745,0,0,0,0,0,0,0,1.274,0,0,0,1.719,4.376,0,2.884,0,0,0,0,2.522,2.485,0,0,0,1.932,0,0,0,0,0,0,0,2.641,2.607,0,0,0
TJ2:bin_000161,0,0,2.131,2.881,0,0,1.817,0,0,0,0,0,1.665,0,0,0,0,1.68,0,2.38,0,0,2.58,0,0,1.089,0,0,0,2.34,0,0,0,1.257,2.971,0,0,1.499,3.518,0,0,0
TJ2:bin_000166,0,0,0,2.205,0,0,2.224,0,0,0,0,0,0,0,0,0,0,0,0,1.863,0,0,1.939,0,0,0,0,0,0,0,0,0,0,0,1.805,0,0,0,3.554,0,0,0
TJ2:bin_000167,0,0,0,2.515,0,0,0,0,0,0,0,0,1.442,1.459,0,0,0,1.453,0,2.945,0,0,1.283,0,0,0,0,0,0,1.556,0,0,0,0,0,0,0,0,2.495,0,0,0
TJ2:bin_000168,0,0,0,0,0,0,0,0,0,0,0,0,0,0,0,0,0,0,0,0,0,0,0,0,0,0,0,0,0,0,0,0,0,0,0,0,0,0,0,0,0,0
TJ2:bin_000171,0,0,1.84,1.635,0,0,0,0,0,0,0,0,0,0,0,0,0,0,0,1.71,0,0,0,0,0,0,0,0,0,0,0,1.882,0,0,0,0,0,0,1.653,0,0,0
TJ2:bin_000173,0,0,0,0,0,0,1.692,0,0,0,0,0,0,0,0,0,0,0,0,1.673,0,0,1.164,0,0,0,0,0,0,0,0,0,0,0,0,0,0,0,0,0,0,0
TJ2:bin_000175,0,0,0,0,0,0,0,0,0,0,0,0,0,0,0,0,0,0,0,0,0,0,0,0,0,0,0,0,0,0,0,0,0,0,0,0,0,0,0,0,0,0
TJ2:bin_000178,0,0,0,0,0,0,0,0,0,0,0,0,0,0,0,0,0,0,0,0,0,0,0,0,0,0,0,0,0,0,0,0,0,0,0,0,0,0,0,0,0,0
TJ2:bin_000186,0,0,2.244,0,0,0,3.649,1.283,0,0,0,0,0,0,0,0,0,0,0,0,0,0,1.42,0,0,0,0,0,0,0,0,0,0,1.787,1.807,0,0,0,1.927,0,0,0
TJ2:bin_000189,0,0,0,0,0,0,0,0,0,0,0,0,0,0,0,0,0,0,0,0,0,0,1.669,0,0,0,0,0,0,0,0,0,0,0,0,0,0,0,0,0,0,0
TJ2:bin_000194,0,0,8.799,3.485,2.424,0,4.264,0,0,2.106,0,0,3.296,3.389,3.133,0,4.286,18.004,3.495,6.014,0,3.025,7.834,4.32,3.254,0,2.583,2.881,1.811,6.198,0,7.427,3.168,7.59,6.377,0,1.825,2.128,8.563,0,3.306,0
TJ2:bin_000196,0,0,2.511,1.725,0,0,8.682,0,0,0,34.315,0,2.481,6.604,3.019,0,4.216,0,4.745,11.173,5.231,0,5.94,0,2.903,0,3.58,5.792,4.12,19.732,0,33.281,2.541,0,6.066,4.09,5.902,0,2.714,0,8.383,0
TJ2:bin_000197,0,0,1.971,4.803,0,0,2.996,0,0,0,0,0,2.037,0,2.572,0,1.545,0,0,5.886,1.811,1.516,1.902,0,0,0,0,0,0,7.921,0,8.641,1.409,1.299,0,0,1.737,1.519,3.562,0,0,0
TJ2:bin_000198,0,0,0,0,0,0,0,0,0,0,0,0,0,0,0,0,0,0,0,0,0,0,0,0,0,0,0,0,0,0,0,0,0,0,0,0,0,0,0,0,0,0
TJ2:bin_000199,0,0,5.732,6.134,0,0,3.844,0,0,0,1.73,0,5.366,1.589,2.028,1.219,1.758,2.978,0,5.813,0,1.9,5.253,0,3.211,2.735,3.318,1.567,2.144,4.114,0,3.303,1.806,2.694,5.201,0,0,1.325,7.197,0,0,0
TJ2:bin_000200,0,0,0,0,0,0,0,0,0,0,0,0,0,0,0,0,0,0,0,0,0,0,0,0,0,0,0,0,0,0,0,0,0,0,0,0,0,0,0,0,0,0
TJ2:bin_000201,0,0,0,0,0,0,0,0,0,0,0,0,0,0,0,0,0,0,0,0,0,0,0,0,0,0,0,0,0,0,0,0,0,0,0,0,0,0,2.812,0,0,0
TJ2:bin_000203,0,0,0,0,0,0,0,0,0,0,0,0,0,0,0,0,0,0,0,0,0,0,0,0,0,0,0,0,0,0,0,0,0,0,1.472,0,0,0,0,0,0,0
TJ2:bin_000208,0,0,0,0,0,0,0,0,0,0,0,0,0,0,0,0,0,0,0,0,0,0,1.372,0,0,0,0,0,0,0,0,0,0,1.8,0,0,0,0,1.324,0,0,0
TJ2:bin_000214,0,0,5.228,3.184,0,0,0,0,0,0,2.621,0,1.122,0,0,1.732,0,0,0,1.384,0,0,2.974,3.61,0,1.034,0,0,1.314,0,0,0,0,0,5.408,0,0,0,5.105,0,0,0
TJ2:bin_000220,0,0,0,0,0,0,0,0,0,0,0,0,0,0,0,0,0,0,0,0,0,0,0,0,0,0,0,0,0,0,0,0,0,0,0,0,0,0,0,0,0,0
TJ2:bin_000223,0,0,5.026,3.1,0,0,6.701,0,0,0,0,0,2.73,1.725,0,0,0,1.759,0,3.69,0,0,3.796,1.746,0,0,1.558,1.315,0,3.808,0,4.566,1.285,1.366,2.059,0,1.644,1.862,8.147,0,0,0
TJ2:bin_000225,0,0,2.113,1.418,0,0,1.742,0,0,0,0,0,1.304,0,0,0,0,2.484,0,1.498,0,0,1.852,0,0,0,0,1.38,0,1.432,0,0,0,2.272,1.706,0,0,0,0,0,0,0
TJ2:bin_000231,0,0,3.899,3.3,0,0,3.873,0,0,0,0,0,1.619,0,0,0,0,2.175,0,3.639,0,1.582,3.436,0,0,1.306,0,0,0,3.05,0,4.955,1.329,2.251,2.685,0,0,0,6.529,0,0,0
TJ2:bin_000234,0,0,9.197,4.038,2.066,0,6.377,0,0,0,0,0,1.292,0,6.417,1.462,2.651,13.063,1.784,6.408,1.547,1.188,5.356,1.957,0,1.104,2.238,0,0,7.403,0,4.375,0,3.664,2.241,0,5.12,0,6.025,0,0,0
TJ2:bin_000236,0,0,0,0,0,0,0,0,0,0,0,0,0,0,0,0,0,0,0,0,0,0,0,0,0,1.06,0,0,0,0,0,0,0,0,0,0,0,0,0,0,0,0
TJ2:bin_000238,0,0,6.811,2.639,0,0,10.177,0,0,0,0,0,0,0,2.511,0,0,1.677,2.889,5.545,0,2.667,6.279,1.921,0,0,1.688,0,0,2.903,0,9.554,0,0,0,0,0,1.571,3.388,0,0,0
TJ2:bin_000245,0,0,18.533,19.22,8.575,0,12.32,2.829,0,0,5.835,0,15.192,6.382,6.886,3.318,6.144,17.328,1.953,21.145,2.805,3.665,15.133,4.569,20.345,9.097,8.634,4.99,5.254,13.885,0,8.514,4.337,8.822,14.862,0,5.849,6.337,29.141,0,6.328,0
TJ2:bin_000253,2.808,0,14.234,0,0,0,2.618,0,0,0,1.496,0,2.884,1.552,0,0,0,1.929,0,2.575,0,1.817,2.789,0,0,0,0,0,0,5.472,0,4.275,0,0,0,0,0,0,3.348,0,0,0
TJ2:bin_000266,4.672,0,27.721,26.817,7.729,0,51.976,4.966,0,3.742,4.396,0,20.803,8.609,11.946,4.42,8.976,17.279,9.135,22.896,14.191,8.647,27.867,8.96,6.952,6.785,7.153,9.166,5.311,74.449,0,42.688,8.078,18.312,12.833,0,8.708,16.605,33.243,0,5.773,0
TJ2:bin_000283,0,0,0,0,0,0,0,0,0,0,0,0,0,0,0,0,0,0,0,0,0,0,0,0,0,0,0,0,0,0,0,0,0,0,0,0,0,0,0,0,0,0
TJ2:bin_000284,0,0,0,0,0,0,0,0,0,0,0,0,0,0,0,0,0,0,0,0,0,0,0,0,0,0,0,0,0,0,0,0,0,0,0,0,0,0,0,0,0,0
TJ2:bin_000289,0,0,0,0,0,0,0,0,0,0,0,0,0,0,0,0,0,0,0,0,0,0,0,0,0,0,0,0,0,0,0,0,0,0,0,0,0,0,0,0,0,0
TJ2:bin_000298,0,0,0,0,0,0,0,0,0,0,0,0,0,0,0,0,0,0,0,0,0,0,0,0,0,0,0,0,0,0,0,0,0,0,0,0,0,0,0,0,0,0
TJ2:bin_000319,0,0,0,0,0,0,0,0,0,0,0,0,0,0,0,0,0,0,0,0,0,0,5.451,0,0,0,0,0,0,0,0,0,0,0,0,0,2.764,0,0,0,0,0
TJ2:bin_000332,0,0,3.346,4.607,0,0,5.254,0,0,0,0,0,1.82,0,0,0,0,1.392,0,4.706,0,0,2.724,0,0,0,1.36,1.505,0,9.526,0,6.133,0,0,0,0,0,1.333,2.516,0,0,0
TJ2:bin_000333,0,0,0,0,0,0,0,0,0,0,0,0,0,0,0,0,0,0,0,0,0,0,0,0,0,0,0,0,0,0,0,0,0,0,0,0,0,0,0,0,0,0
