genome,M303746,M303754,M303757,M303759,M303747,M303749,M303733,M303777,M303771,M303732,M303753,M303769,M303735,M303739,M303742,M303743,M303758,M303750,M303736,M303751,M303776,M303730,M303760,M303745,M303744,M303731,M303774,M303737,M303773,M303740,M303767,M303768,M303765,M303738,M303761,M303763,M303764,M303748,M303772,M303766,M303770,M303756
D300242:bin_000001,1.679,0,0,0,0,0,3.241,0,1.173,0,0,1.918,2.082,1.345,0,0,0,0,0,0,0,2.986,0,2.947,0,0,0,0,0,0,0,0,0,0,0,0,0,0,0,0,0,0
D300242:bin_000002,18.227,24.477,3.095,0,0,3.645,25.159,5.828,23.768,11.61,8.522,9.644,12.928,10.513,0,12.972,17.609,1.542,0,9.345,10.085,14.622,5,25.777,11.941,9.188,0,9.601,12.113,5.481,8.039,2.777,4.489,2.814,17.463,0.997,0,3.839,0,9.67,0,6.993
D300242:bin_000003,1.301,0,0,0,0,0,0,0,1.72,0,0,0,0,0,0,0,1.137,0,0,0,3.467,1.772,0,3.178,1.524,0,0,0,0,0,0,0,0,0,2.198,0,0,0,0,0,0,0
D300242:bin_000023,15.782,25.116,6.514,0,0,6.335,11.022,5.325,19.801,5.873,4.075,10.02,20.873,2.944,0,15.298,10.698,1.543,0,14.402,8.605,20.382,6.757,16.892,10.896,31.813,0,33.305,6.625,4.694,4.634,8.373,1.699,1.35,6.725,1.964,0,5.194,0,16.438,0,3.015
D300242:bin_000025,0,0,0,0,0,0,0,0,0,0,0,0,0,0,0,0,0,0,0,0,0,0,0,1.583,0,0,0,0,0,0,0,0,0,0,0,0,0,0,0,0,0,0
D300243:bin_000004,15.595,17.65,2.622,0,0,3.133,19.352,2.346,12.697,6.869,7.504,3.521,10.574,2.936,0,5.49,8.355,0,0,6.038,9.734,14.303,2.162,19.468,6.919,2.822,0,6.725,11.552,3.886,3.97,1.365,3.635,2.074,9.024,0,0,1.909,0,9.747,0,3.955
D300243:bin_000028,12.568,13.08,3.329,0,0,1.665,18.176,7.194,9.733,7.211,4.046,7.123,10.592,4.485,0,6.847,10.385,0,0,5.662,8.223,7.944,3.331,13.489,3.704,5.794,0,3.5,7.774,2.03,4.129,1.05,3.187,1.435,8.001,0,0,2.771,0,6.71,0,2.581
D300243:bin_000041,23.409,19.924,3.31,0,0,7.462,32.912,2.159,16.517,10.195,15.168,4.47,12.241,5.049,0,7.538,19.81,0,0,4.763,7.169,24.456,4.275,32.339,11.06,23.741,0,7.719,15.318,5.47,4.068,1.588,1.596,5.316,16.699,1.088,0,2.679,0,9.186,0,5.077
D300243:bin_000043,5.635,8.075,1.321,0,0,4.38,6.853,2.742,3.199,3.468,2.857,5.592,2.913,1.162,0,2.137,4.332,1.734,0,5.222,2.67,9.323,2.363,7.257,2.721,2.117,0,3.011,4.444,1.619,1.893,0,1.087,0,1.325,0,0,3.919,0,5.39,0,2.981
D300244:bin_000018,8.189,13.698,2.075,0,0,5.412,13.808,3.463,6.049,3.211,6.304,5.568,3.319,2.046,0,3.404,3.605,1.305,0,5.755,3.062,12.831,3.581,11.792,2.867,1.792,0,3.249,6.88,2.416,1.805,0,1.491,0,5.847,0,0,3.49,0,6.261,0,2.291
D300244:bin_000021,5.431,4.844,3.78,0,0,1.352,9.367,0,7.267,2.18,1.398,2.073,8.025,0,0,2.262,3.087,0,0,1.589,6.791,5.717,1.37,8.235,3.255,2.92,0,4.029,2.312,0,1.598,0,1.906,0,2.269,1.019,0,0,0,3.305,0,2.298
D300244:bin_000028,11.893,20.536,2.779,0,0,4.742,15.589,4.759,4.998,9.018,3.764,8.404,6.162,8.491,0,4.461,3.628,0,0,3.977,6.381,22.303,2.514,31.48,8.068,2.096,0,6.45,11.805,1.229,5.678,2.599,3.646,2.279,11.497,1.055,0,6.162,0,6.689,0,3.716
D300245:bin_000010,20.896,22.222,3.935,0,0,9.912,37.215,6.868,19.331,17.376,9.44,5.886,28.184,5.042,0,11.391,13.815,0,0,7.301,18.634,31.982,4.373,30.564,9.036,8.464,0,6.761,23.495,4.377,8.587,2.352,3.737,2.699,13.112,0,0,4.453,0,13.146,0,5.507
D300245:bin_000013,0,1.14,0,0,0,0,2.17,0,0,1.123,0,0,0,0,0,0,0,0,0,0,0,1.121,0,1.323,0,0,0,0,0,0,0,0,0,0,1.174,0,0,0,0,0,0,0
D300245:bin_000018,0,0,0,0,0,0,0,0,0,0,0,0,0,0,0,0,0,0,0,0,0,0,0,0,0,0,0,0,0,0,0,0,0,0,0,0,0,0,0,0,0,0
D300245:bin_000027,5.606,4.181,3.031,0,0,3.374,9.814,0,3.871,2.651,1.503,1.591,3.32,1.909,0,3.359,3.247,0,0,0,0,6.511,0,7.685,2.987,5.935,0,2.362,3.333,1.531,0,0,0,0,1.45,0,0,0,0,3.397,0,0
D300245:bin_000045,100.697,120.906,29.727,2.118,3.954,27.978,101.327,23.879,117.997,52.525,40.964,46.002,107.082,36.121,2.708,67.381,51.369,4.574,1.401,57.238,61.324,119.818,26.09,141.596,45.14,65.188,1.331,70.58,80.732,21.895,34.132,21.944,19.907,14.297,54.395,7.435,1.306,22.488,0,55.755,1.705,26.939
D300246:bin_000002,25.925,22.781,8.033,0,0,16.496,30.812,3.968,12.388,11.292,21.183,20.651,15.262,6.453,0,15.795,9.907,3.543,0,6.565,7.446,23.659,5.213,28.156,8.331,14.106,0,9.911,16.313,4.42,7.957,0,4.802,6.155,13.024,0,0,6.991,0,9.825,0,5.663
D300246:bin_000010,0,0,0,0,0,0,0,0,0,0,0,0,0,0,0,0,0,0,0,0,0,0,0,0,0,0,0,0,0,0,0,0,0,0,0,0,0,0,0,0,0,0
D300246:bin_000011,13.7,12.726,4.921,0,0,1.983,8.751,4.195,6.658,4.486,2.7,2.907,6.434,0,0,1.944,3.034,0,0,1.721,6.773,9.244,0,9.162,2.056,0,0,6.08,7.673,1.835,1.123,0,1.099,0,3.236,0,0,3.502,0,10.807,0,2.071
D300246:bin_000018,0,0,0,0,0,0,1.325,0,0,0,0,0,0,0,0,0,0,0,0,0,0,0,0,0,0,0,0,0,0,0,0,0,0,0,0,0,0,0,0,0,0,0
D300246:bin_000044,13.539,13.716,3.394,0,0,4.315,18.858,3.334,15.644,7.55,4.493,6.519,14.262,5.031,0,7.232,7.773,0,0,5.554,8.536,14.828,3.077,17.196,6.29,7.726,0,7.081,13.972,3.688,3.397,1.676,3.224,1.629,7.713,0,0,3.386,0,6.827,0,3.447
D300246:bin_000052,5.631,7.658,3.142,0,0,2.3,9.058,1.45,4.35,2.534,5.332,2.015,2.927,1.314,0,2.331,3.759,0,0,2.141,2.297,6.898,1.56,7.449,1.95,4.18,0,3.039,3.21,1.207,1.536,0,0,0,3.208,0,0,0,0,3.173,0,1.615
D300247:bin_000006,32.625,40.579,8.959,0,0,12.936,35.776,16.695,24.127,15.773,13.132,19.29,19.68,9.689,0,13.223,21.218,2.084,0,17.637,18.02,33.452,12.599,41.603,8.658,11.505,0,10.636,25.116,9.131,8.582,2.974,5.998,3.794,16.036,1.85,0,11.169,0,21.21,0,7.664
D300248:bin_000004,1.234,0,0,0,0,0,0,0,0,1.766,2.216,0,0,0,0,0,0,0,0,0,0,0,0,2.828,0,0,0,0,0,0,0,0,0,0,2.137,0,0,0,0,0,0,0
D300248:bin_000008,0,0,0,0,0,0,0,0,0,0,0,0,0,0,0,0,0,0,0,0,0,0,0,6.689,0,0,0,0,0,0,0,0,0,0,0,0,0,0,0,0,0,0
D300248:bin_000018,0,0,0,0,0,0,1.668,0,0,0,0,0,0,0,0,0,0,0,0,0,0,0,0,0,0,0,0,0,0,0,0,0,0,0,0,0,0,0,0,0,0,0
D300248:bin_000023,2.256,1.46,4.213,0,0,0,1.546,0,1.77,1.3,1.85,0,0,0,0,0,0,0,0,0,0,1.568,0,3.024,0,1.308,0,0,1.762,0,0,0,0,0,1.25,0,0,0,0,0,0,0
D300248:bin_000024,46.848,62.94,8.763,0,2.341,10.024,78.877,19.559,51.458,24.38,23.26,27.301,37.531,18.889,1.225,33.121,47.639,2.241,0,17.334,36.595,47.786,14.189,88.209,29.827,16.171,0,25.891,44.499,15.321,14.459,4.191,14.108,5.639,47.232,3.315,0,12.433,1.122,34.712,0,17.544
D300249:bin_000005,36.593,48.39,5.647,0,1.196,7.981,39.355,4.975,32.393,23.947,14.433,9.416,29.799,8.685,0,17.321,12.579,1.453,0,13.196,17.878,38.465,7.164,49.638,13.394,9.344,0,11.817,29.941,7.651,11.321,4.214,5.626,5.097,23.946,2.773,0,6.278,0,22.249,0,6.297
D300249:bin_000046,0,0,0,0,0,0,0,0,0,0,0,0,0,0,0,0,0,0,0,0,0,0,0,0,0,0,0,0,0,0,0,0,0,0,0,0,0,0,0,0,0,0
D300250:bin_000017,5.648,7.577,1.45,0,0,1.89,1.956,0,6.523,0,2.132,2.995,4.996,0,0,5.405,1.597,0,0,3.13,2.799,7.215,1.865,3.249,2.005,6.892,0,5.89,0,2.627,2.839,3.042,0,0,1.46,0,0,1.432,0,4.681,0,0
D300250:bin_000018,1.17,0,0,0,0,0,2.467,0,0,0,0,1.586,1.443,0,0,0,0,0,0,0,0,1.824,0,1.544,0,0,0,0,1.011,0,0,0,0,0,0,0,0,0,0,0,0,0
D300250:bin_000024,0,1.925,0,0,0,0,2.241,1.827,0,0,0,1.778,1.757,1.531,0,0,0,0,0,1.381,1.19,2.028,0,0,1.568,0,0,0,0,0,0,0,0,0,0,0,0,0,0,0,0,0
D300251:bin_000015,26.754,27.327,7.893,0,0,4.668,28.935,4.213,20.632,17.073,3.417,10.524,27.797,7.913,0,8.4,14.352,0,0,5.857,17.604,31.089,2.165,34.796,13.137,6.798,0,7.055,19.229,3.916,6.662,2.715,4.183,3.324,11.689,1.206,0,3.932,0,13.323,0,5.271
D300251:bin_000040,5.171,7.126,0,0,0,1.389,7.375,0,3.87,3.059,1.493,2.713,3.687,2.239,0,2.752,3.146,0,0,6.305,3.084,4.77,1.231,15.748,3.151,1.476,0,6.671,2.483,0,1.9,0,1.547,0,2.632,0,0,1.633,0,3.849,0,1.451
D300252:bin_000001,9.972,15.006,0,0,0,2.494,10.633,1.993,8.018,5.711,5.404,4.774,6.994,1.512,0,6.75,7.91,0,0,8.653,1.407,13.388,3.746,16.433,7.22,3.889,0,8.291,7.389,2.315,2.99,1.681,3.706,2.552,11.867,0,0,4.07,0,8.743,0,2.303
D300252:bin_000010,1.225,0,0,0,0,0,2.063,0,1.341,0,0,0,0,0,0,0,1.372,0,0,0,0,1.515,0,2.561,0,0,0,1.064,1.442,0,0,0,0,0,0,0,0,0,0,0,0,0
D300252:bin_000011,0,0,0,0,0,0,0,0,0,0,0,0,0,0,0,0,0,0,0,0,0,0,0,0,0,0,0,0,0,0,0,0,0,0,0,0,0,0,0,0,0,0
D300252:bin_000020,6.208,10.999,2.638,0,0,0,23.582,2.926,10.095,4.775,3.078,4.925,5.469,3.058,0,6.394,6.935,0,0,2.553,4.976,13.819,1.755,14.223,5.632,3.228,0,3.376,8.168,2.171,6.17,1.114,3.478,2.102,4.135,0,0,0,0,8.649,0,5.282
D300253:bin_000005,2.138,1.685,0,0,0,0,2.178,0,1.771,0,2.283,2.803,0,0,0,0,1.333,0,0,3.106,0,1.372,2.29,2.602,0,0,0,0,1.673,0,0,0,0,0,0,0,0,1.416,0,1.337,0,0
D300253:bin_000007,1.754,2.391,0,0,0,0,0,0,1.207,2.694,2.613,0,1.299,0,0,0,0,0,0,0,1.483,2.545,1.12,3.711,0,0,0,0,1.895,0,0,0,0,0,2.955,0,0,0,0,0,0,0
D300253:bin_000040,10.461,11.062,1.774,0,0,2.519,13.634,2.983,4.206,5.676,3.762,8.536,4.585,2.251,0,3.142,7.278,2.315,0,6.168,3.358,11.627,3.947,14.93,6.324,3.972,0,6.212,14.54,2.039,1.538,0,1.704,0,4.67,0,0,2.664,0,6.31,0,2.291
D300254:bin_000011,10.855,11.364,1.979,0,0,1.829,16.873,5.053,7.788,7.728,5.464,3.895,6.043,3.618,0,5.075,6.46,0,0,3.809,4.877,5.48,2.898,16.728,5.068,2.655,0,7.138,5.264,2.834,2.445,0,2.382,0,8.223,0,0,2.859,0,4.89,0,3.119
D300254:bin_000016,0,0,0,0,0,0,2.205,0,0,0,0,0,1.798,0,0,0,0,0,0,0,0,1.565,0,1.468,0,0,0,1.426,0,0,0,0,0,0,0,0,0,0,0,0,0,0
D300254:bin_000019,47.481,41.238,5.372,0,0,23.229,40.616,9.633,33.808,20.9,17.488,18.889,28.64,11.032,0,12.422,22.148,7.487,0,24.488,18.759,65.028,9.998,55.526,16.144,15.471,0,11.563,37.261,9.061,11.084,2.662,5.565,6.232,19.71,1.434,0,14.803,0,21.047,0,9.145
D300254:bin_000031,0,0,0,0,0,0,0,0,0,0,0,0,0,0,0,0,0,0,0,0,0,0,0,1.237,0,0,0,0,0,0,0,0,0,0,0,0,0,0,0,0,0,1.106
D300255:bin_000002,0,0,0,0,0,0,0,0,0,0,0,0,0,0,0,0,0,0,0,0,0,0,0,0,0,0,0,0,0,0,0,0,0,0,0,0,0,0,0,0,0,0
D300255:bin_000023,10.132,10.467,13.101,0,0,4.745,13.877,2.926,4.397,4.144,6.224,4.27,6.669,1.568,0,3.65,5.493,1.509,0,3.726,3.566,13.421,1.455,12.401,2.995,5.102,0,2.065,7.012,2.178,3.493,0,1.583,2.823,6.889,0,0,3.631,0,4.396,0,3.46
D300256:bin_000008,21.79,30.325,7.114,0,0,5.393,35.146,10.116,25.852,8.915,9.296,10.716,15.949,9.658,0,14.64,11.511,0,0,10.034,13.772,21.421,7.133,30.985,9.805,11.28,0,14.49,9.689,5.959,7.047,4.457,4.834,0,15.492,0.971,0,4.746,0,10.579,0,4.666
D300256:bin_000021,0,0,0,0,0,0,0,0,0,0,0,0,0,0,0,0,0,0,0,0,0,0,0,0,0,0,0,0,0,0,0,0,0,0,0,0,0,0,0,0,0,0
D300256:bin_000037,0,0,0,0,0,0,0,0,0,0,0,0,0,3.42,0,0,0,0,0,1.101,0,0,2.077,0,0,0,0,0,0,0,0,0,0,0,0,0,0,0,0,0,0,0
D300257:bin_000004,0,0,0,0,0,0,0,0,1.474,0,0,0,0,0,0,0,0,0,0,0,1.396,0,0,0,0,1.206,0,0,0,0,0,0,0,0,0,0,0,0,0,0,0,0
D300257:bin_000017,11.459,7.639,0,0,0,0,6.586,2.857,4.918,1.949,1.985,2.956,3.997,1.252,0,1.921,9.525,0,0,2.003,2.673,6.42,1.214,9.677,1.285,0,0,1.724,3.77,1.607,9.985,0,1.454,1.857,5.759,0,0,0,0,1.473,0,3.235
D300257:bin_000026,3.538,5.835,0,0,0,0,2.401,1.365,5.498,1.726,1.801,1.529,3.028,0,0,1.889,2.83,0,0,2.841,1.621,2.966,0,4.985,1.892,0,0,1.506,3.27,1.129,1.121,0,1.349,0,2.863,0,0,0,0,2.516,0,1.412
D300257:bin_000038,0,0,0,0,0,0,0,0,0,0,0,0,0,0,0,0,0,0,0,0,0,0,0,0,0,0,0,0,0,0,0,0,0,0,0,0,0,0,0,0,0,0
D300258:bin_000001,0,0,0,0,0,0,0,0,0,0,0,0,0,0,0,0,0,0,0,0,0,0,0,0,0,0,0,0,0,0,0,0,0,0,0,0,0,0,0,0,0,0
D300258:bin_000003,27.372,30.123,9.125,0,0,3.903,33.627,5.091,14.57,14.638,5.003,11.183,11.845,5.875,0,11.095,17.043,1.518,0,7.076,11.869,20.928,4.031,36.295,17.563,8.84,0,18.075,19.493,3.568,6.852,2.287,4.397,2.603,19.238,1.893,0,4.135,0,18.671,0,6.734
D300258:bin_000012,1.213,3.832,0,0,0,0,5.007,2.002,2.895,0,1.158,0,1.723,1.359,0,1.491,1.427,0,0,0,1.634,2.561,1.578,5.076,0,0,0,3.567,1.537,0,1.901,0,0,0,2.241,0,0,0,0,1.806,0,0
D300258:bin_000053,0,0,0,0,0,0,1.598,0,0,0,0,0,0,0,0,0,0,0,0,0,0,0,0,0,0,0,0,0,0,0,0,0,0,0,0,0,0,0,0,0,0,0
D300259:bin_000025,23.596,33.894,6.255,0,0,6.803,39.462,10.827,31.307,13.384,9.567,11.599,22.704,10.421,0,14.35,20.829,0,0,10.415,20.091,29.782,7.149,38.03,13.4,11.817,0,16.97,15.434,6.04,9.073,3.294,5.974,2.455,18.845,1.467,0,9.871,0,15.676,0,7.927
D300260:bin_000003,0,0,0,0,0,0,0,0,0,0,0,0,0,0,0,0,0,0,0,0,0,0,0,2.541,0,0,0,0,0,0,0,0,0,0,0,0,0,0,0,0,0,0
D300261:bin_000003,9.543,15.62,3.772,0,0,2.594,5.149,3.562,11.701,2.392,2.727,4.215,14.359,1.557,0,8.726,2.582,0,0,6.239,3.727,11.722,3.105,8.92,4.829,14.104,0,16.054,3.81,2.353,2.774,4.763,1.261,0,2.225,0,0,2.549,0,9.116,0,1.248
D300262:bin_000009,0,0,0,0,0,0,0,0,0,0,0,0,0,0,0,0,0,0,0,0,0,0,0,0,0,0,0,0,0,0,0,0,0,0,0,0,0,0,0,0,0,0
D300262:bin_000011,15.477,23.557,3.285,0,0,4.18,20.093,8.225,10.204,8.943,6.74,6.533,7.924,4.062,0,5.47,7.941,2.086,0,10.842,5.837,14.644,4.39,20.626,6.788,3.197,0,6.946,14.056,3.176,4.865,1.846,3.621,2.1,6.709,0,0,3.365,0,10.818,0,3.655
D300262:bin_000022,4.234,6.251,0,0,0,1.945,6.674,0,3.458,2.392,5.465,1.073,2.815,0,0,3.458,2.263,0,0,0,4.968,7.485,0,11.617,3.408,4.087,0,2.157,3.467,1.377,0,0,0,1.173,5.732,0,0,0,0,3.767,0,1.165
D300262:bin_000032,3.876,6.335,0,0,0,1.248,5.827,2.457,2.897,1.59,1.539,2.188,2.853,1.229,0,2.134,2.342,0,0,2.943,0,3.185,2.027,5.658,1.805,0,0,2.306,3.577,1.038,1.493,0,0,0,4.167,0,0,0,0,2.481,0,0
D300263:bin_000027,0,0,0,0,0,0,0,0,0,0,0,0,0,0,0,0,0,0,0,0,0,0,0,0,0,0,0,0,0,0,0,0,0,0,0,0,0,0,0,0,0,0
D300264:bin_000001,0,0,0,0,0,0,0,0,0,0,0,0,0,0,0,0,0,0,0,0,0,0,0,0,0,0,0,0,0,0,0,0,0,0,0,0,0,0,0,0,0,0
D300264:bin_000003,0,0,0,0,0,0,0,0,0,0,0,0,0,0,0,0,0,0,0,0,0,0,0,0,0,0,0,0,0,0,0,0,0,0,0,0,0,0,0,0,0,0
D300264:bin_000004,3.774,14.148,3.31,0,0,6.03,20.678,0,8.014,3.555,5.457,16.65,10.979,1.393,0,2.147,3.059,1.859,0,9,3.712,7.841,3.403,6.88,2.214,4.262,0,4.44,4.693,1.446,6.195,0,5.243,0,3.511,0,0,7.022,0,5.139,0,3.087
D300264:bin_000007,0,0,0,0,0,0,0,0,0,0,0,0,0,0,0,0,0,0,0,0,0,0,0,0,0,0,0,0,0,0,0,0,0,0,0,0,0,0,0,0,0,0
D300264:bin_000013,0,0,0,0,0,0,0,0,0,0,0,0,0,0,0,0,0,0,0,0,0,0,0,0,0,0,0,0,0,0,0,0,0,0,0,0,0,0,0,0,0,0
D300264:bin_000017,0,0,0,0,0,0,0,0,0,0,0,0,0,0,0,0,0,0,0,0,0,0,0,0,0,0,0,0,0,0,0,0,0,0,0,0,0,0,0,0,0,0
D300264:bin_000018,0,0,0,0,0,0,0,0,0,0,0,0,0,0,0,0,0,0,0,0,0,0,0,0,0,0,0,0,0,0,0,0,0,0,0,0,0,0,0,0,0,0
D300264:bin_000019,0,0,0,0,0,0,0,0,0,0,0,0,0,0,0,0,0,0,0,0,0,0,0,0,0,0,0,0,0,0,0,0,0,0,0,0,0,0,0,0,0,0
D300264:bin_000020,0,0,0,0,0,0,0,0,0,0,0,0,0,0,0,0,0,0,0,0,0,0,0,0,0,0,0,0,0,0,0,0,0,0,0,0,0,0,0,0,0,0
D300264:bin_000021,0,0,0,0,0,0,0,0,0,0,0,0,0,0,0,0,0,0,0,0,0,0,0,0,0,0,0,0,0,0,0,0,0,0,0,0,0,0,0,0,0,0
D300264:bin_000022,9.146,7.451,2.071,0,0,4.554,10.44,2.995,7.607,7.889,1.839,3.994,12.071,2.695,0,3.113,6.5,0,0,4.451,5.463,15.593,2.539,15.198,4.112,3.244,0,2.127,9.671,1.907,1.66,0,1.798,1.237,2.526,0,0,2.783,0,3.78,0,2.153
D300264:bin_000023,4.602,5.329,0,0,0,2.012,5.773,1.934,6.62,1.925,1.925,2.495,5.199,1.534,0,1.374,2.162,0,0,2.992,5.333,5.888,0,5.95,2.154,2.317,0,1.49,2.386,0,1.385,0,0,1.132,2.737,0,0,1.591,0,2.752,0,0
D300264:bin_000028,0,1.479,0,0,0,0,0,0,0,0,0,0,0,0,0,0,0,0,0,0,0,0,0,0,0,0,0,0,0,0,0,0,0,0,0,0,0,0,0,0,0,0
D300264:bin_000033,1.605,1.87,0,0,0,0,2.436,0,2.798,1.142,1.293,0,2.132,0,0,1.658,2.028,0,0,0,0,3.97,0,2.877,0,3.267,0,2.01,2.163,1.167,0,0,0,0,1.201,0,0,0,0,1.607,0,1.106
D300264:bin_000035,0,0,0,0,0,0,0,0,0,0,0,0,0,0,0,0,0,0,0,0,0,0,0,0,0,0,0,0,0,0,0,0,0,0,0,0,0,0,0,0,0,0
D300264:bin_000036,0,0,0,0,0,0,0,0,0,0,0,0,0,0,0,0,0,0,0,0,0,0,0,0,0,0,0,0,0,0,0,0,0,0,0,0,0,0,0,0,0,0
D300264:bin_000043,0,0,0,0,0,0,0,0,0,0,0,0,0,0,0,0,0,0,0,0,0,0,0,0,0,0,0,0,0,0,0,0,0,0,0,0,0,0,0,0,0,0
D300265:bin_000012,1.935,0,0,0,0,0,0,0,2.011,0,0,0,0,0,0,0,0,0,0,0,0,0,0,0,0,0,0,0,1.977,0,0,0,1.134,0,0,0,0,0,0,0,0,0
D300265:bin_000013,25.909,41.139,7.309,1.202,0,9.737,44.894,10.105,39.284,19.196,12.02,17.869,22.261,14.019,0,23.505,25.548,2.562,0,14.914,16.238,34.891,10.29,43.422,18.252,17.558,0,20.535,18.206,7.839,10.383,5.572,6.745,3.035,22.8,1.704,0,7.856,0,17.038,0,8.596
JPB:bin_000001,0,0,0,0,0,0,0,0,0,0,0,0,0,0,0,0,0,0,0,0,0,0,0,0,0,0,0,0,0,0,0,0,0,0,0,0,0,0,0,0,0,0
JPB:bin_000003,0,0,0,0,0,0,0,0,0,0,0,0,0,0,0,0,0,0,0,0,0,0,0,0,0,0,0,0,0,0,0,0,0,0,0,0,0,0,0,0,0,0
JPB:bin_000004,0,0,0,0,0,0,0,0,0,0,0,0,0,0,0,0,0,0,0,0,0,0,0,0,0,0,0,0,0,0,0,0,0,0,0,0,0,0,0,0,0,0
JPB:bin_000005,0,0,0,0,0,0,0,0,0,0,0,0,0,0,0,0,0,0,0,0,0,0,0,0,0,0,0,0,0,0,0,0,0,0,0,0,0,0,0,0,0,0
JPB:bin_000007,0,0,0,0,0,0,0,0,0,0,0,0,0,0,0,0,0,0,0,0,0,0,0,0,0,0,0,0,0,0,0,0,0,0,0,0,0,0,0,0,0,0
JPB:bin_000009,0,0,0,0,0,0,0,0,0,0,0,0,0,0,0,0,0,0,0,0,0,0,0,0,0,0,0,0,0,0,0,0,0,0,0,0,0,0,0,0,0,0
JPB:bin_000010,0,0,0,0,0,0,0,0,0,0,0,0,0,0,0,0,0,0,0,0,0,0,0,0,0,0,0,0,0,0,0,0,0,0,0,0,0,0,0,0,0,0
JPB:bin_000012,0,0,0,0,0,0,1.222,0,0,0,0,0,0,0,0,0,0,0,0,0,0,0,0,0,0,0,0,0,0,0,0,0,0,0,0,0,0,0,0,0,0,0
JPB:bin_000014,0,0,0,0,0,0,0,0,0,0,0,0,0,0,0,0,0,0,0,0,0,0,0,0,0,0,0,0,0,0,0,0,0,0,0,0,0,0,0,0,0,0
JPB:bin_000015,0,0,0,0,0,0,0,0,0,0,0,0,0,0,0,0,0,0,0,0,0,0,0,0,0,0,0,0,0,0,0,0,0,0,0,0,0,0,0,0,0,0
JPB:bin_000017,0,0,0,0,0,0,0,0,0,0,0,0,0,0,0,0,0,0,0,0,0,0,0,0,0,0,0,0,0,0,0,0,0,0,0,0,0,0,0,0,0,0
JPB:bin_000018,0,0,0,0,0,0,0,0,0,0,0,0,0,0,0,0,0,0,0,0,0,0,0,0,0,0,0,0,0,0,0,0,0,0,0,0,0,0,0,0,0,0
JPB:bin_000019,0,0,0,0,0,0,0,0,0,0,0,0,0,0,0,0,0,0,0,0,0,0,0,0,0,0,0,0,0,0,0,0,0,0,0,0,0,0,0,0,0,0
JPB:bin_000020,0,0,0,0,0,0,1.127,0,0,0,0,0,0,0,0,0,0,0,0,0,0,0,0,0,0,0,0,0,0,0,0,0,0,0,0,0,0,0,0,0,0,0
JPB:bin_000021,0,0,0,0,0,0,0,0,0,0,0,0,0,0,0,0,0,0,0,0,0,0,0,0,0,0,0,0,0,0,0,0,0,0,0,0,0,0,0,0,0,0
JPB:bin_000022,7.362,12.997,1.764,0,0,1.985,10.289,2.127,4.139,3.663,4.61,4.811,3.731,2.642,0,3.228,5.553,0,0,2.738,2.696,7.557,2.789,10.072,2.914,1.113,0,2.569,3.563,1.104,3.14,0.972,1.874,0,3.68,0,0,1.232,0,3.037,0,1.593
JPB:bin_000023,0,0,0,0,0,0,0,0,0,0,0,0,0,0,0,0,0,0,0,0,0,0,0,0,0,0,0,0,0,0,0,0,0,0,0,0,0,0,0,0,0,0
JPB:bin_000024,0,0,0,0,0,0,0,0,0,0,0,0,0,0,0,0,0,0,0,0,0,0,0,0,0,0,0,0,0,0,0,0,0,0,0,0,0,0,0,0,0,0
JPB:bin_000025,5.795,17.832,2.306,1.849,0,19.676,15.327,5.653,15.601,4.998,16.659,9.721,5.467,2.894,0,2.728,5.967,3.234,0,57.785,9.922,16.864,14.4,19.731,3.049,4.234,0,3.364,6.756,3.335,5.706,1.117,4.12,1.321,6.502,0,0,40.631,0,9.87,0,3.831
JPB:bin_000026,0,0,0,0,0,0,0,0,0,0,0,0,0,0,0,0,0,0,0,0,0,0,0,0,0,0,0,0,0,0,0,0,0,0,1.289,0,0,0,0,0,0,0
JPB:bin_000027,0,0,0,0,0,0,0,0,0,0,0,0,0,0,0,0,0,0,0,0,0,0,0,0,0,0,0,0,0,0,0,0,0,0,0,0,0,0,0,0,0,0
JPB:bin_000028,0,0,0,0,0,0,3.03,0,0,0,0,0,0,0,0,0,0,0,0,0,0,2.064,0,0,0,0,0,0,0,0,0,0,0,0,0,0,0,0,0,0,0,0
JPB:bin_000029,0,0,0,0,0,0,0,0,0,0,0,0,0,0,0,0,0,0,0,0,0,0,0,0,0,0,0,0,0,0,0,0,0,0,0,0,0,0,0,0,0,0
JPB:bin_000030,0,0,0,0,0,0,0,0,0,0,0,0,0,0,0,0,0,0,0,0,0,0,0,0,0,0,0,0,0,0,0,0,0,0,0,0,0,0,0,0,0,0
JPB:bin_000032,0,0,0,0,0,0,0,0,0,0,0,0,0,0,0,0,0,0,0,0,0,0,0,0,0,0,0,0,0,0,0,0,0,0,0,0,0,0,0,0,0,0
JPB:bin_000033,0,0,0,0,0,0,0,0,0,0,0,0,0,0,0,0,0,0,0,0,0,0,0,0,0,0,0,0,0,0,0,0,0,0,0,0,0,0,0,0,0,0
JPB:bin_000034,0,0,0,0,0,0,0,0,0,0,0,0,0,0,0,0,0,0,0,0,0,0,0,0,0,0,0,0,0,0,0,0,0,0,0,0,0,0,0,0,0,0
JPB:bin_000035,0,0,0,0,0,0,0,0,0,0,0,0,0,0,0,0,0,0,0,0,0,0,0,0,0,0,0,0,0,0,0,0,0,0,0,0,0,0,0,0,0,0
JPB:bin_000036,0,0,0,0,0,0,0,0,0,0,0,0,0,0,0,0,0,0,0,0,0,0,0,0,0,0,0,0,0,0,0,0,0,0,0,0,0,0,0,0,0,0
JPB:bin_000037,3.043,5.071,1.155,0,0,2.068,7.421,2.435,3.492,1.81,3.013,2.654,3.542,1.341,0,2.627,2.914,0,0,2.732,2.13,3.306,0,6.757,1.749,1.266,0,2.925,4.305,1.399,1.49,0,1.254,0,3.679,0,0,1.79,0,2.941,0,1.544
JPB:bin_000039,2.589,2.512,1.047,0,0,0,3.551,1.659,1.55,1.986,1.217,2.546,2.954,0,0,1.941,1.695,0,0,1.236,1.117,1.802,0,2.503,1.662,1.597,0,2.064,0,0,0,0,0,0,2.415,0,0,0,0,0,0,1.526
JPB:bin_000040,0,0,0,0,0,0,0,0,0,0,0,0,0,0,0,0,0,0,0,0,0,0,0,0,0,0,0,0,0,0,0,0,0,0,0,0,0,0,0,0,0,0
JPB:bin_000042,0,0,0,0,0,0,0,0,0,0,0,0,0,0,0,0,0,0,0,0,0,0,0,0,0,0,0,0,0,0,0,0,0,0,0,0,0,0,0,0,0,0
JPB:bin_000043,0,0,0,0,0,0,0,0,0,0,0,0,0,0,0,0,0,0,0,0,0,0,0,0,0,0,0,0,0,0,0,0,0,0,0,0,0,0,0,0,0,0
JPB:bin_000045,2034.164,2520.573,272.247,37.503,79.561,447.814,2059.929,561.264,1259.446,1155.644,745.634,581.088,1057.746,461.948,26.279,863.883,1024.756,24.386,12.197,631.192,904.414,1715.122,495.554,2669.678,698.721,180.53,19.734,868.332,1675.876,471.588,817.808,262.049,357.787,185.933,1934.242,116.849,36.589,371.772,10.164,1014.035,67.873,441.312
JPB:bin_000046,0,0,0,0,0,0,0,0,0,0,0,0,0,0,0,0,0,0,0,0,0,0,0,0,0,0,0,0,0,0,0,0,0,0,0,0,0,0,0,0,0,0
JPB:bin_000047,0,0,0,0,0,0,0,0,0,0,0,0,0,0,0,0,0,0,0,0,0,0,0,0,0,0,0,0,0,0,0,0,0,0,0,0,0,0,0,0,0,0
JPB:bin_000048,0,0,0,0,0,0,0,0,0,0,0,0,0,0,0,0,0,0,0,0,0,0,0,0,0,0,0,0,0,0,0,0,0,0,0,0,0,0,0,0,0,0
JPB:bin_000050,0,0,0,0,0,0,0,0,0,0,0,0,0,0,0,0,0,0,0,0,0,0,0,0,0,0,0,0,0,0,0,0,0,0,0,0,0,0,0,0,0,0
JPB:bin_000051,1.608,0,0,0,0,0,3.103,0,0,0,0,0,1.445,1.453,0,0,0,0,0,0,0,1.739,0,2.954,0,0,0,0,1.247,0,0,0,0,0,0,0,0,0,0,0,0,0
JPB:bin_000052,0,0,0,0,0,0,0,0,0,0,0,0,0,0,0,0,0,0,0,0,0,0,0,0,0,0,0,0,0,0,0,0,0,0,0,0,0,0,0,0,0,0
JPB:bin_000053,0,0,0,0,0,0,0,0,0,0,0,0,0,0,0,0,0,0,0,0,0,0,0,0,0,0,0,0,0,0,0,0,0,0,0,0,0,0,0,0,0,0
JPB:bin_000054,0,0,0,0,0,0,0,0,0,0,0,0,0,0,0,0,0,0,0,0,0,0,0,0,0,0,0,0,0,0,0,0,0,0,0,0,0,0,0,0,0,0
JPB:bin_000056,0,0,0,0,0,0,0,0,0,0,0,0,0,0,0,0,0,0,0,0,0,0,0,0,0,0,0,0,0,0,0,0,0,0,0,0,0,0,0,0,0,0
JPB:bin_000057,0,0,0,0,0,0,0,0,0,0,0,0,0,0,0,0,0,0,0,0,0,0,0,0,0,0,0,0,0,0,0,0,0,0,0,0,0,0,0,0,0,0
JPB:bin_000059,1.726,1.548,0,0,0,1.059,1.654,0,1.984,0,0,0,0,0,0,0,0,0,0,1.14,0,1.488,1.43,1.762,0,0,0,0,1.082,0,0,0,0,0,0,0,0,0,0,0,0,0
JPB:bin_000060,2.385,3.628,0,0,0,0,2.035,0,0,0,1.903,0,2.689,0,0,0,0,0,0,0,0,0,0,0,0,0,0,2.502,0,0,0,0,0,0,0,0,0,0,0,1.506,0,0
JPB:bin_000061,0,0,0,0,0,0,1.401,0,1.208,0,0,1.073,0,0,0,0,0,0,0,0,0,0,0,1.176,0,0,0,0,0,0,0,0,0,0,0,0,0,0,0,0,0,0
JPB:bin_000062,0,0,0,0,0,0,0,0,0,0,0,0,0,0,0,0,0,0,0,0,0,0,0,0,0,0,0,0,0,0,0,0,0,0,0,0,0,0,0,0,0,0
JPB:bin_000063,4.482,4.051,1.56,0,0,0,5.072,1.452,1.437,2.321,0,1.624,1.492,0,0,1.434,1.498,0,0,1.916,2.135,4.093,1.242,5.883,3.38,0,0,1.692,2.744,1.15,0,0,0,0,1.134,0,0,0,0,0,0,0
JPB:bin_000064,0,0,0,0,0,0,0,0,0,0,0,0,0,0,0,0,0,0,0,0,0,0,0,0,0,0,0,0,0,0,0,0,0,0,0,0,0,0,0,0,0,0
JPB:bin_000065,0,0,0,0,0,0,0,0,0,0,0,0,0,0,0,0,0,0,0,0,0,0,0,0,0,0,0,0,0,0,0,0,0,0,0,0,0,0,0,0,0,0
JPB:bin_000066,0,0,0,0,0,0,0,0,0,0,0,0,0,0,0,0,0,0,0,0,0,0,0,0,0,0,0,0,0,0,0,0,0,0,0,0,0,0,0,0,0,0
JPB:bin_000067,21.994,38.028,3.47,2.243,1.498,8.097,45.033,11.8,19.449,12.387,13.442,15.639,15.628,13.714,0,13.002,23.141,2.23,0,18.818,13.966,25.656,10.87,37.317,11.969,4.296,0,15.357,21.801,7.385,11.913,2.608,6.9,2.027,23.29,1.094,0,12.146,0,17.812,0,7.929
JPB:bin_000068,0,0,0,0,0,0,0,0,0,0,0,0,0,0,0,0,0,0,0,0,0,0,0,0,0,0,0,0,0,0,0,0,0,0,0,0,0,0,0,0,0,0
JPB:bin_000069,1.373,1.284,0,0,0,0,2.589,0,1.553,0,0,0,0,0,0,0,0,0,0,0,2.622,1.596,0,2.744,0,0,0,0,1.863,0,0,0,0,0,1.387,0,0,0,0,0,0,0
JPB:bin_000070,0,0,0,0,0,0,0,0,0,0,0,0,0,0,0,0,0,0,0,0,0,0,0,0,0,0,0,0,0,0,0,0,0,0,0,0,0,0,0,0,0,0
JPB:bin_000071,0,0,0,0,0,0,0,0,0,0,0,0,0,0,0,0,0,0,0,0,0,0,0,0,0,0,0,0,0,0,0,0,0,0,0,0,0,0,0,0,0,0
JPB:bin_000073,0,0,0,0,0,0,0,0,0,0,0,0,0,0,0,0,0,0,0,0,0,0,0,0,0,0,0,0,0,0,0,0,0,0,0,0,0,0,0,0,0,0
JPB:bin_000074,1.953,3.353,0,0,0,0,3.243,0,0,1.307,0,0,1.11,0,0,0,1.23,0,0,2.031,1.535,2.296,0,4.202,1.256,0,0,1.334,2.037,0,0,0,1.089,0,1.965,0,0,0,0,1.333,0,0
JPB:bin_000075,5.624,8.107,0,0,0,1.31,7.214,1.664,3.211,2.962,2.825,2.912,2.341,1.889,0,2.716,2.442,0,0,2.42,6.468,4.561,1.859,7.702,2.224,0,0,3.077,5.698,0,2.058,0,1.25,0,7.02,0,0,3.169,0,3.88,0,1.796
JPB:bin_000076,0,0,0,0,0,0,0,0,0,0,0,0,0,0,0,0,0,0,0,0,0,0,0,0,0,0,0,0,0,0,0,0,0,0,0,0,0,0,0,0,0,0
JPB:bin_000077,1.342,0,0,0,0,0,0,0,0,0,0,0,0,0,0,0,0,0,0,0,0,0,0,0,0,0,0,0,0,0,0,0,0,0,0,0,0,0,0,0,0,0
JPB:bin_000078,0,0,0,0,0,0,0,0,0,0,0,0,0,0,0,0,0,0,0,0,0,0,0,0,0,0,0,0,0,0,0,0,0,0,0,0,0,0,0,0,0,0
JPB:bin_000079,0,0,0,0,0,0,0,0,0,0,0,0,0,0,0,0,0,0,0,0,0,0,0,0,0,0,0,0,0,0,0,0,0,0,0,0,0,0,0,0,0,0
JPB:bin_000080,0,0,0,0,0,0,0,0,0,0,0,0,0,0,0,0,0,0,0,0,0,0,0,0,0,0,0,0,0,0,0,0,0,0,0,0,0,0,0,0,0,0
JPB:bin_000081,160.882,181.17,50.802,4.748,4.569,30.004,218.997,32.255,138.348,78.877,60.211,68.349,91.357,49.726,2.162,66.689,102.596,4.188,1.696,69.226,72.68,126.814,20.649,229.439,74.788,51.418,0,117.061,103.654,36.976,40.612,16.236,30.039,22.134,153.595,11.227,0,20.868,2.102,91.698,1.47,40.487
JPB:bin_000082,0,0,0,0,0,0,0,0,0,0,0,0,0,0,0,0,0,0,0,0,0,0,0,0,0,0,0,0,0,0,0,0,0,0,0,0,0,0,0,0,0,0
JPB:bin_000083,0,0,0,0,0,0,0,0,0,0,0,0,0,0,0,0,0,0,0,0,0,0,0,0,0,0,0,0,0,0,0,0,0,0,0,0,0,0,0,0,0,0
JPB:bin_000084,0,0,0,0,0,0,0,0,0,0,0,0,0,0,0,0,0,0,0,0,0,0,0,0,0,0,0,0,0,0,0,0,0,0,0,0,0,0,0,0,0,0
JPB:bin_000085,0,0,0,0,0,0,0,0,0,0,0,0,0,0,0,0,0,0,0,0,0,0,0,0,0,0,0,0,0,0,0,0,0,0,0,0,0,0,0,0,0,0
JPB:bin_000086,0,1.844,0,0,0,0,0,0,0,0,0,0,0,0,0,0,0,0,0,0,0,0,0,0,0,0,0,1.731,0,0,0,0,0,0,0,0,0,0,0,0,0,0
JPB:bin_000087,0,0,2.385,0,0,0,2.137,2.619,0,0,0,2.422,0,0,0,1.368,1.25,0,0,0,0,0,0,1.959,2.071,0,0,0,0,0,0,0,0,0,1.657,0,0,0,0,0,0,0
JPB:bin_000088,0,0,0,0,0,0,0,0,0,0,0,0,0,0,0,0,0,0,0,0,0,0,0,0,0,0,0,0,0,0,0,0,0,0,0,0,0,0,0,0,0,0
JPB:bin_000089,0,0,0,0,0,0,0,0,0,0,0,0,0,0,0,0,0,0,0,0,0,0,0,0,0,0,0,0,0,0,0,0,0,0,0,0,0,0,0,0,0,0
JPB:bin_000090,0,0,0,0,0,0,0,0,0,0,0,0,0,0,0,0,0,0,0,0,0,0,0,0,0,0,0,0,0,0,0,0,0,0,0,0,0,0,0,0,0,0
JPB:bin_000091,0,0,0,0,0,0,0,0,0,0,0,0,0,0,0,0,0,0,0,0,0,0,0,0,0,0,0,0,0,0,0,0,0,0,0,0,0,0,0,0,0,0
JPB:bin_000092,0,0,0,0,0,0,0,0,0,0,1.126,0,0,0,0,0,0,0,0,0,0,0,0,1.192,0,0,0,0,0,0,0,0,0,0,0,0,0,0,0,0,0,0
JPB:bin_000093,0,0,0,0,0,0,0,0,0,0,0,0,0,0,0,0,0,0,0,0,0,0,0,0,0,0,0,0,0,0,0,0,0,0,0,0,0,0,0,0,0,0
JPB:bin_000094,0,0,0,0,0,0,0,0,0,0,0,0,0,0,0,0,0,0,0,0,0,0,0,0,0,0,0,0,0,0,0,0,0,0,0,0,0,0,0,0,0,0
JPB:bin_000095,0,0,0,0,0,0,0,0,0,0,0,0,0,0,0,0,0,0,0,0,0,0,0,0,0,0,0,0,0,0,0,0,0,0,0,0,0,0,0,0,0,0
JPB:bin_000096,0,0,0,0,0,0,0,0,0,0,0,0,0,0,0,0,0,0,0,0,0,0,0,0,0,0,0,0,0,0,0,0,0,0,0,0,0,0,0,0,0,0
JPB:bin_000098,0,0,0,0,0,0,0,0,0,0,0,0,0,0,0,0,0,0,0,0,0,0,0,0,0,0,0,0,0,0,0,0,0,0,0,0,0,0,0,0,0,0
JPB:bin_000099,15.667,14.944,4.3,0,0,4.156,26.134,13.347,13.909,12.391,4.061,6.934,11.499,5.691,0,7.113,9.452,1.769,0,6.918,22.918,21.615,4.416,22.284,7.63,3.731,0,7.477,9.943,3.304,3.702,1.373,4.562,2.052,12.084,0,0,3.118,0,6.68,0,3.876
JPB:bin_000100,0,0,0,0,0,0,0,0,0,0,0,0,0,0,0,0,0,0,0,0,0,0,0,0,0,0,0,0,0,0,0,0,0,0,0,0,0,0,0,0,0,0
JPB:bin_000101,0,0,0,0,0,0,0,0,0,0,0,0,0,0,0,0,0,0,0,0,0,0,0,0,0,0,0,0,0,0,0,0,0,0,0,0,0,0,0,0,0,0
JPB:bin_000103,0,0,0,0,0,0,0,0,0,0,0,0,0,0,0,0,0,0,0,0,0,0,0,0,0,0,0,0,0,0,0,0,0,0,0,0,0,0,0,0,0,0
JPB:bin_000105,0,0,0,0,0,0,0,0,0,0,0,0,0,0,0,0,0,0,0,0,0,0,0,0,0,0,0,0,0,0,0,0,0,0,0,0,0,0,0,0,0,0
JPB:bin_000106,3.279,3.752,1.686,0,0,5.08,7.078,2.131,10.318,3.753,5.152,0,3.614,0,0,2.248,2.044,0,0,1.22,5.621,7.322,1.16,5.727,2.994,12.389,0,3.145,4.421,2.273,1.148,0,1.399,0,0,0,0,1.171,0,4.998,0,1.574
JPB:bin_000107,0,0,0,0,0,0,0,0,0,0,0,0,0,0,0,0,0,0,0,0,0,0,0,0,0,0,0,0,0,0,0,0,0,0,0,0,0,0,0,0,0,0
JPB:bin_000108,1.408,1.741,0,0,0,0,0,0,1.71,0,1.276,0,0,0,0,0,0,0,0,0,6.35,1.837,0,2.647,0,0,0,0,1.172,0,0,0,0,0,0,0,0,0,0,0,0,0
JPB:bin_000109,0,0,0,0,0,0,0,0,0,0,0,0,0,0,0,0,0,0,0,0,0,0,0,0,0,0,0,0,0,0,0,0,0,0,0,0,0,0,0,0,0,0
JPB:bin_000110,0,0,0,0,0,0,0,0,0,0,0,0,0,0,0,0,0,0,0,0,0,0,0,0,0,0,0,0,0,0,0,0,0,0,0,0,0,0,0,0,0,0
JPB:bin_000111,0,0,0,0,0,0,0,0,0,0,0,0,0,0,0,0,0,0,0,0,0,0,0,0,0,0,0,0,0,0,0,0,0,0,0,0,0,0,0,0,0,0
JPB:bin_000112,0,0,0,0,0,0,0,0,0,0,0,0,0,0,0,0,0,0,0,0,0,0,0,0,0,0,0,0,0,0,0,0,0,0,0,0,0,0,0,0,0,0
JPB:bin_000113,0,0,0,0,0,0,0,0,0,0,0,0,0,0,0,0,0,0,0,0,0,0,0,0,0,0,0,0,0,0,0,0,0,0,0,0,0,0,0,0,0,0
JPB:bin_000114,3.179,7.422,0,0,0,1.754,7.662,2.574,3.224,2.299,1.14,3.019,2.007,1.73,0,2.718,2.89,0,0,3.082,1.769,4.377,1.655,6.549,1.746,0,0,1.461,2.99,1.417,1.668,1.017,1.321,0,3.32,0,0,1.997,0,3.564,0,1.282
JPB:bin_000115,0,0,0,0,0,0,0,0,0,0,0,0,0,0,0,0,0,0,0,0,0,0,0,0,0,0,0,0,0,0,0,0,0,0,0,0,0,0,0,0,0,0
JPB:bin_000116,0,0,0,0,0,0,0,0,0,0,0,0,0,0,0,0,0,0,0,0,0,0,0,0,0,0,0,0,0,0,0,0,0,0,0,0,0,0,0,0,0,0
JPB:bin_000117,2.157,3.979,0,0,0,0,0,0,2.098,0,0,0,1.793,0,0,1.781,0,0,0,0,0,2.622,0,2.03,0,2.275,0,3.891,0,0,0,0,0,0,0,0,0,0,0,2.155,0,0
JPB:bin_000118,0,0,0,0,0,0,0,0,0,0,0,0,0,0,0,0,0,0,0,0,0,1.129,0,0,0,0,0,0,0,0,0,0,0,0,0,0,0,0,0,0,0,0
JPB:bin_000119,0,0,0,0,0,0,0,0,0,0,0,0,0,0,0,0,0,0,0,0,0,0,0,0,0,0,0,0,0,0,0,0,0,0,0,0,0,0,0,0,0,0
JPB:bin_000120,0,0,0,0,0,0,0,0,0,0,0,0,0,0,0,0,0,0,0,0,0,0,0,0,0,0,0,0,0,0,0,0,0,0,0,0,0,0,0,0,0,0
JPB:bin_000121,0,0,0,0,0,0,0,0,0,0,0,0,0,0,0,0,0,0,0,0,0,0,0,0,0,0,0,0,0,0,0,0,0,0,0,0,0,0,0,0,0,0
JPB:bin_000122,0,0,0,0,0,0,0,0,0,0,0,0,0,0,0,0,0,0,0,0,0,0,0,0,0,0,0,0,0,0,0,0,0,0,0,0,0,0,0,0,0,0
JPB:bin_000123,0,0,0,0,0,0,0,0,0,0,0,0,0,0,0,0,0,0,0,0,0,0,0,0,0,0,0,0,0,0,0,0,0,0,0,0,0,0,0,0,0,0
JPB:bin_000124,0,0,0,0,0,0,0,0,0,0,0,0,0,0,0,0,0,0,0,0,0,0,0,0,0,0,0,0,0,0,0,0,0,0,0,0,0,0,0,0,0,0
JPB:bin_000125,2.708,3.025,0,0,0,0,3.013,0,1.48,0,0,0,0,0,0,0,0,0,0,1.211,0,1.756,1.56,3.234,0,0,0,0,1.847,0,0,0,0,0,0,0,0,0,0,1.06,0,0
JPB:bin_000126,0,0,0,0,0,0,0,0,0,0,0,0,0,0,0,0,0,0,0,0,0,0,0,0,0,0,0,0,0,0,0,0,0,0,0,0,0,0,0,0,0,0
JPB:bin_000127,4.152,3.788,0,0,0,0,6.234,1.145,3.995,2.637,0,2.877,1.831,1.466,0,2.273,3.654,0,0,2.269,3.606,3.737,1.527,5.288,2.38,0,0,0,2.219,0,0,0,0,0,2.367,0,0,0,0,2.708,0,0
JPB:bin_000128,0,0,0,0,0,0,0,0,0,0,0,0,0,0,0,0,0,0,0,0,0,0,0,0,0,0,0,0,0,0,0,0,0,0,0,0,0,0,0,0,0,0
JPB:bin_000130,0,0,0,0,0,0,0,0,0,0,0,0,0,0,0,0,0,0,0,0,0,0,0,0,0,0,0,0,0,0,0,0,0,0,0,0,0,0,0,0,0,0
JPB:bin_000132,0,0,0,0,0,0,0,0,0,0,0,0,0,0,0,0,0,0,0,0,0,0,0,0,0,0,0,0,0,0,0,0,0,0,0,0,0,0,0,0,0,0
JPB:bin_000133,0,0,0,0,0,0,0,0,0,0,0,1.104,0,0,0,0,0,0,0,0,0,0,0,0,0,0,0,0,0,0,0,0,0,0,0,0,0,0,0,0,0,0
JPB:bin_000134,0,0,0,0,0,0,0,0,0,0,0,0,0,0,0,0,0,0,0,0,0,0,0,0,0,0,0,0,0,0,0,0,0,0,0,0,0,0,0,0,0,0
JPB:bin_000135,0,0,0,0,0,0,0,0,0,0,0,0,0,0,0,0,0,0,0,0,0,0,0,0,0,0,0,0,0,0,0,0,0,0,0,0,0,0,0,0,0,0
JPB:bin_000137,0,0,0,0,0,0,0,0,0,0,0,0,0,0,0,0,0,0,0,0,0,0,0,0,0,0,0,0,0,0,0,0,0,0,0,0,0,0,0,0,0,0
JPB:bin_000138,0,0,0,0,0,0,0,0,0,0,0,0,0,0,0,0,0,0,0,0,0,0,0,0,0,0,0,0,0,0,0,0,0,0,0,0,0,0,0,0,0,0
JPB:bin_000139,81.741,128.823,9.214,9.404,3.166,50.851,113.969,39.207,85.582,34.005,99.862,138.336,38.824,24.635,1.741,38.201,53.674,24.776,1.136,159.061,57.965,91.839,62.449,143.501,27.911,34.49,3.563,28.684,61.968,32.646,40.976,10.605,32.528,10.122,55.924,7.591,2.204,110.871,0,68.805,3.518,32.101
JPB:bin_000140,0,0,0,0,0,0,0,0,0,0,0,0,0,0,0,0,0,0,0,0,0,0,0,0,0,0,0,0,0,0,0,0,0,0,0,0,0,0,0,0,0,0
JPB:bin_000142,0,0,0,0,0,0,0,0,0,0,0,0,0,0,0,0,0,0,0,0,0,0,0,0,0,0,0,0,0,0,0,0,0,0,0,0,0,0,0,0,0,0
JPB:bin_000144,10.747,14.192,2.372,0,0,1.578,17.644,2.556,6.883,6.76,3.797,8.204,5.659,3.273,0,2.495,6.145,1.361,0,3.193,2.969,9.158,2.782,13.521,7.542,3.012,0,6.174,7.439,2.847,2.378,0,2.159,1.748,7.835,0,0,2.963,0,7.302,0,3.111
JPB:bin_000146,4.495,7.66,0,0,0,0,5.418,4.859,4.746,3.467,1.77,2.568,3.207,1.405,0,2.167,2.633,0,0,2.928,2.045,7.208,0,8.612,5.373,1.297,0,2.316,7.66,0,1.637,0,1.546,0,2.92,0,0,2.218,0,2.321,0,1.348
JPB:bin_000147,0,1.577,0,0,0,0,1.128,0,0,0,0,1.073,0,0,0,0,0,0,0,0,0,0,0,0,0,0,0,0,0,0,0,0,0,0,0,0,0,0,0,0,0,0
JPB:bin_000148,0,0,0,0,0,0,1.845,0,1.442,0,0,0,0,0,0,0,0,0,0,0,0,0,0,0,0,0,0,0,0,0,0,0,0,0,0,0,0,0,0,0,0,0
JPB:bin_000149,0,0,0,0,0,0,0,0,0,0,0,0,0,0,0,0,0,0,0,0,0,0,0,0,0,0,0,0,0,0,0,0,0,0,0,0,0,0,0,0,0,0
JPB:bin_000150,5.454,9.638,0,0,0,3.545,7.326,2.598,5.241,2.649,6.281,8.515,2.702,0,0,3.023,3.524,0,0,10.353,3.661,6.525,3.762,10.499,1.99,2.314,0,1.921,4.068,2.192,2.636,0,1.969,0,3.763,0,0,6.904,0,4.926,0,0
JPB:bin_000151,0,0,0,0,0,0,0,0,0,0,0,0,0,0,0,0,0,0,0,0,0,0,0,0,0,0,0,0,0,0,0,0,0,0,0,0,0,0,0,0,0,0
JPB:bin_000152,0,0,0,0,0,0,0,0,0,0,0,0,0,0,0,0,0,0,0,0,0,0,0,0,0,0,0,0,0,0,0,0,0,0,0,0,0,0,0,0,0,0
JPB:bin_000153,2.288,2.987,0,0,0,2.033,2.238,0,2.958,0,0,1.457,3.966,0,0,0,1.71,0,0,1.552,2.182,2.284,1.16,4.651,0,2.178,0,2.042,1.789,0,0,0,0,0,2.339,0,0,0,0,0,0,0
JPB:bin_000155,0,0,0,0,0,0,0,0,0,0,0,0,0,0,0,0,0,0,0,0,0,0,0,0,0,0,0,0,0,0,0,0,0,0,0,0,0,0,0,0,0,0
JPB:bin_000156,2.529,1.565,0,0,0,1.371,4.427,0,0,0,0,0,0,0,0,0,2.154,0,0,0,0,3.645,0,3.519,1.774,2.031,0,0,2.071,0,0,0,0,0,0,0,0,0,0,0,0,0
JPB:bin_000157,0,0,0,0,0,0,0,0,0,0,0,0,0,0,0,0,0,0,0,0,0,0,0,0,0,0,0,0,0,0,0,0,0,0,0,0,0,0,0,0,0,0
JPB:bin_000159,0,0,0,0,0,0,0,0,0,0,0,0,0,0,0,0,0,0,0,0,0,0,0,0,0,0,0,0,0,0,0,0,0,0,0,0,0,0,0,0,0,0
JPB:bin_000160,0,0,0,0,0,0,0,0,0,0,0,0,0,0,0,0,0,0,0,0,0,0,0,0,0,0,0,0,0,0,0,0,0,0,0,0,0,0,0,0,0,0
JPB:bin_000162,2.352,1.302,0,0,0,1.099,3.446,0,1.381,0,1.786,0,0,0,0,0,1.767,0,0,0,0,1.833,0,2.212,0,0,0,0,1.172,0,0,0,0,0,4.112,0,0,0,0,0,0,0
JPB:bin_000163,0,0,0,0,0,0,0,0,0,0,0,0,0,0,0,0,0,0,0,0,0,0,0,0,0,0,0,0,0,0,0,0,0,0,0,0,0,0,0,0,0,0
JPB:bin_000164,0,0,0,0,0,0,0,0,0,0,0,0,0,0,0,0,0,0,0,0,0,0,0,0,0,0,0,0,0,0,0,0,0,0,0,0,0,0,0,0,0,0
JPB:bin_000165,0,0,0,0,0,0,0,0,0,0,0,0,0,0,0,0,0,0,0,0,0,0,0,0,0,0,0,0,0,0,0,0,0,0,0,0,0,0,0,0,0,0
JPB:bin_000166,32.642,20.986,10.9,0,0,8.543,50.81,4.418,27.585,16.765,18,6.264,18.201,6.13,0,12.093,21.873,1.218,0,6.309,11.566,33.029,4.732,38.233,12.91,43.788,0,11.639,16.84,7.452,6.237,2.644,2.571,7.915,19.495,0,0,3.803,0,18.399,1.215,8.184
JPB:bin_000167,0,0,0,0,0,0,0,0,0,0,0,0,0,0,0,0,0,0,0,0,0,0,0,0,0,0,0,0,0,0,0,0,0,0,0,0,0,0,0,0,0,0
JPB:bin_000169,0,0,0,0,0,0,0,0,0,0,0,0,0,0,0,0,0,0,0,0,0,0,0,0,0,0,0,0,0,0,0,0,0,0,0,0,0,0,0,0,0,0
JPB:bin_000170,0,0,0,0,0,0,0,0,0,0,0,0,0,0,0,0,0,0,0,0,0,0,0,0,0,0,0,0,0,0,0,0,0,0,0,0,0,0,0,0,0,0
JPB:bin_000171,3.228,4.177,1.382,0,0,2.661,5.026,1.895,6.996,2.1,4.073,0,4.542,0,0,3.317,1.211,0,0,1.204,3.424,7.855,1.269,4.687,2.646,7.749,0,1.776,3.422,2.136,0,0,0,0,2.317,0,0,0,0,5.182,0,0
JPB:bin_000172,6.261,3.502,1.75,0,0,4.22,11.972,2.258,3.836,3.984,3.221,8.639,7.302,2.055,0,2.827,1.592,0,0,3.403,1.849,7.319,0,7.037,2.685,5.211,0,4.898,4.26,0,2.083,0,1.992,1.816,1.754,0,0,4.597,0,2.917,0,0
JPB:bin_000173,22.87,41.919,7.672,0,1.985,6.345,35.509,7.159,17.493,18.732,8.72,28.492,19.796,8.362,0,5.291,13.029,0,0,13.084,13.184,42.351,3.568,52.364,13.541,6.326,0,19.368,29.497,6.795,12.707,1.783,8.623,4.115,14.018,1.864,0,8.311,0,33.083,0,10.33
JPB:bin_000174,0,0,0,0,0,0,0,0,0,0,0,0,0,0,0,0,0,0,0,0,0,0,0,0,0,0,0,0,0,0,0,0,0,0,0,0,0,0,0,0,0,0
JPB:bin_000175,0,0,0,0,0,0,0,0,0,0,0,0,0,0,0,0,0,0,0,0,0,0,0,0,0,0,0,0,0,0,0,0,0,0,0,0,0,0,0,0,0,0
JPB:bin_000176,8.794,14.924,0,0,0,5.671,12.134,4.262,8.76,4.405,9.955,13.648,4.661,2.885,0,4.802,5.843,2.19,0,15.869,6.186,10.429,5.964,17.127,3.145,3.701,0,3.143,6.567,3.55,4.262,0,3.198,0,6.256,0,0,10.605,0,7.726,0,2.994
JPB:bin_000177,0,0,0,0,0,0,0,0,0,0,0,0,0,0,0,0,0,0,0,0,0,0,0,0,0,0,0,0,0,0,0,0,0,0,0,0,0,0,0,0,0,0
JPB:bin_000178,4.777,4.526,1.906,0,0,1.364,6.341,0,3.902,2.626,1.758,1.202,3.832,0,0,1.946,3.364,0,0,1.356,6.438,8.917,0,5.805,4.559,0,0,0,4.176,1.073,1.403,0,1.123,1.209,7.764,0,0,1.842,0,1.979,0,1.308
JPB:bin_000180,0,0,0,0,0,0,0,0,0,0,0,0,0,0,0,0,0,0,0,0,0,0,0,0,0,0,0,0,0,0,0,0,0,0,0,0,0,0,0,0,0,0
JPB:bin_000184,10.445,15.832,4.586,0,0,4.115,9.488,1.905,10.629,4.989,3.32,5.564,10.203,3.114,0,5.975,5.06,0,0,7.959,6.737,22.096,1.902,13.865,4.394,8.884,0,10.002,9.935,2.191,3.196,2.913,1.554,1.545,3.97,0,0,3.499,0,8.316,0,2.028
JPB:bin_000185,0,0,0,0,0,0,0,0,0,0,0,0,0,0,0,0,0,0,0,0,0,0,0,0,0,0,0,0,0,0,0,0,0,0,0,0,0,0,0,0,0,0
JPB:bin_000186,0,1.281,0,0,0,0,0,0,0,0,0,0,0,0,0,0,2.952,0,0,0,0,0,0,0,0,0,0,0,0,0,0,0,0,0,0,0,0,0,0,0,0,0
JPB:bin_000187,0,0,2.209,0,0,0,1.718,0,0,0,0,0,0,0,0,0,0,0,0,0,0,1.44,0,2.015,0,1.395,0,1.409,0,0,0,0,0,0,0,0,0,0,0,0,0,0
JPB:bin_000188,8.232,12.138,1.901,0,0,1.637,8.908,2.256,5.925,4.409,2.513,3.317,5.468,3.249,0,5.317,4.042,0,0,3.962,2.651,19.996,2.527,13.096,4.004,2.022,0,6.628,5.889,1.114,2.113,1.243,1.635,0,4.965,0,0,2.191,0,5.866,0,1.675
JPB:bin_000189,2.589,0,3.907,0,0,0,4.572,0,2.143,0,1.71,0,0,0,0,1.502,1.683,0,0,0,1.328,2.593,0,3.26,0,2.834,0,0,0,0,0,0,0,0,1.848,0,0,0,0,0,0,0
JPB:bin_000190,0,0,0,0,0,0,0,0,0,0,0,0,0,0,0,0,0,0,0,0,0,0,0,1.407,0,0,0,0,0,0,0,0,0,0,0,0,0,0,0,0,0,0
JPB:bin_000192,0,0,0,0,0,0,0,0,0,0,0,0,0,0,0,0,0,0,0,0,0,0,0,0,0,0,0,0,0,0,0,0,0,0,0,0,0,0,0,0,0,0
JPB:bin_000193,0,0,0,0,0,0,0,0,0,0,0,0,0,0,0,0,0,0,0,0,0,0,0,0,0,0,0,0,0,0,0,0,0,0,0,0,0,0,0,0,0,0
JPB:bin_000194,0,0,0,0,0,0,0,0,0,0,0,0,0,0,0,0,0,0,0,0,0,0,0,0,0,0,0,0,0,0,0,0,0,0,0,0,0,0,0,0,0,0
JPB:bin_000195,0,0,0,0,0,0,4.865,0,0,0,0,0,0,0,0,0,0,0,0,0,0,2.794,0,0,0,0,0,1.556,1.435,0,0,0,0,0,0,0,0,0,0,0,0,0
JPB:bin_000196,0,0,0,0,0,0,0,0,0,0,0,0,0,0,0,0,0,0,0,0,0,0,0,0,0,0,0,0,0,0,0,0,0,0,0,0,0,0,0,0,0,0
JPB:bin_000197,0,0,0,0,0,0,0,0,0,0,0,0,0,0,0,0,1.884,0,0,0,0,0,0,0,0,0,0,0,0,0,0,0,0,0,0,0,0,0,0,0,0,0
JPB:bin_000198,95.684,139.807,10.456,4.988,4.471,48.225,124.286,39.061,98.298,40.642,81.956,97.66,49.272,34.907,2.81,54.372,62.546,12.061,1.406,97.225,57.064,104.987,56.032,166.631,31.377,39.519,2.267,39.995,67.631,44.98,42.916,12.129,30.208,11.418,69.901,8.562,1.591,51.986,0,69.174,3.74,31.826
JPB:bin_000199,0,0,0,0,0,0,0,0,0,0,0,0,0,0,0,0,0,0,0,0,0,0,0,1.723,0,0,0,0,0,0,0,0,0,0,0,0,0,0,0,0,0,0
JPB:bin_000200,0,0,0,0,0,0,0,0,0,0,0,0,0,0,0,0,0,0,0,0,0,0,0,0,0,0,0,0,0,0,0,0,0,0,0,0,0,0,0,0,0,0
JPB:bin_000201,0,0,0,0,0,0,0,0,0,0,0,0,0,0,0,0,0,0,0,0,0,0,0,0,0,0,0,0,0,0,0,0,0,0,0,0,0,0,0,0,0,0
JPB:bin_000202,0,0,0,0,0,0,0,0,0,0,0,0,0,0,0,0,0,0,0,0,0,0,0,0,0,0,0,0,0,0,0,0,0,0,0,0,0,0,0,0,0,0
JPB:bin_000203,0,2.34,0,0,0,0,2.336,0,0,0,0,0,1.557,0,0,0,0,0,0,0,0,0,0,3.184,0,0,0,0,0,0,0,0,0,0,0,0,0,0,0,0,0,0
JPB:bin_000204,50.975,53.051,13.528,0,1.664,18.07,46.181,12.339,59.245,18.514,16.786,23.681,52.742,12.086,2.562,38.774,26.324,2.27,0,27.791,23.157,62.494,12.086,57.891,19.726,48.468,0,46.129,26.596,9.686,15.362,16.882,7.654,4.33,24.014,2.894,0,13.598,0,29.223,1.153,14.323
JPB:bin_000205,0,0,0,0,0,0,0,0,0,0,0,0,0,0,0,0,0,0,0,0,0,0,0,0,0,0,0,0,0,0,0,0,0,0,0,0,0,0,0,0,0,0
JPB:bin_000206,1.602,1.749,0,0,0,0,0,0,0,0,0,0,0,0,0,0,0,0,0,0,0,0,0,0,0,0,0,0,0,0,0,0,0,0,0,0,0,0,0,0,0,0
JPB:bin_000207,2.237,3.844,0,0,0,0,2.98,0,0,0,0,1.954,3.404,0,0,0,0,0,0,0,0,0,0,2.861,0,1.835,0,0,2.725,0,0,0,0,0,1.985,0,0,0,0,2.18,0,0
JPB:bin_000208,0,0,0,0,0,0,0,0,0,0,0,0,0,0,0,0,0,0,0,0,0,0,0,0,0,0,0,0,0,0,0,0,0,0,0,0,0,0,0,0,0,0
JPB:bin_000209,0,0,0,0,0,0,0,0,0,0,0,0,0,0,0,0,0,0,0,0,0,0,0,0,0,0,0,0,0,0,0,0,0,0,0,0,0,0,0,0,0,0
JPB:bin_000210,0,0,0,0,0,0,0,0,0,0,0,0,0,0,0,0,0,0,0,0,0,0,0,0,0,0,0,0,0,0,0,0,0,0,0,0,0,0,0,0,0,0
JPB:bin_000211,5.191,7.868,3.245,0,0,0,8.826,3.096,6.576,3.297,2.42,5.181,5.36,2.564,0,4.692,5.729,0,0,3.191,3.302,6.485,0,13.233,4.264,3.369,0,4.104,3.914,1.812,1.925,0,1.621,0,7.129,0,0,2.242,0,4.128,0,1.796
JPB:bin_000212,0,0,0,0,0,0,0,0,0,0,0,0,0,0,0,0,0,0,0,0,0,0,0,0,0,0,0,0,0,0,0,0,0,0,0,0,0,0,0,0,0,0
JPB:bin_000213,0,0,0,0,0,0,0,0,0,0,0,0,0,0,0,0,0,0,0,0,0,0,0,0,0,0,0,0,0,0,0,0,0,0,0,0,0,0,0,0,0,0
JPB:bin_000214,0,0,0,0,0,0,0,0,0,0,0,0,0,0,0,0,0,0,0,0,0,0,0,0,0,2,0,0,0,0,0,0,0,0,0,0,0,0,0,0,0,0
JPB:bin_000215,0,0,0,0,0,0,0,0,0,0,0,0,0,0,0,0,0,0,0,0,0,0,0,0,0,0,0,0,0,0,0,0,0,0,0,0,0,0,0,0,0,0
JPB:bin_000217,0,0,0,0,0,0,0,0,0,0,0,0,0,0,0,0,0,0,0,0,0,0,0,0,0,0,0,0,0,0,0,0,0,0,0,0,0,0,0,0,0,0
JPB:bin_000218,0,0,0,0,0,0,0,0,0,0,0,0,0,0,0,0,0,0,0,0,0,0,0,0,0,0,0,0,0,0,0,0,0,0,0,0,0,0,0,0,0,0
JPB:bin_000219,0,0,0,0,0,0,0,0,0,0,0,0,0,0,0,0,0,0,0,0,0,0,0,0,0,0,0,0,0,0,0,0,0,0,0,0,0,0,0,0,0,0
JPB:bin_000220,0,0,0,0,0,0,0,0,0,0,0,0,0,0,0,0,0,0,0,0,0,0,0,0,0,0,0,0,0,0,0,0,0,0,0,0,0,0,0,0,0,0
JPB:bin_000221,16.327,17.265,2.423,0,0,4.503,7.243,7.155,6.816,3.643,3.786,4.68,9.742,1.982,0,7.237,3.473,0,0,8.397,4.484,9.482,1.766,6.504,3.909,5.055,0,9.006,5.534,2.221,3.247,2.753,1.187,0,8.1,0.96,0,3.178,0,6.944,0,0
JPB:bin_000222,0,0,0,0,0,0,0,0,0,0,0,0,0,0,0,0,0,0,0,0,0,0,0,0,0,0,0,0,0,0,0,0,0,0,0,0,0,0,0,0,0,0
JPB:bin_000223,0,0,0,0,0,0,0,0,0,0,0,0,0,0,0,0,0,0,0,0,0,0,0,0,0,0,0,0,0,0,0,0,0,0,0,0,0,0,0,0,0,0
JPB:bin_000224,0,0,0,0,0,0,0,0,0,0,0,0,0,0,0,0,0,0,0,0,0,0,0,0,0,0,0,0,0,0,0,0,0,0,0,0,0,0,0,0,0,0
JPB:bin_000225,0,0,0,0,0,0,0,0,0,0,0,0,0,0,0,0,0,0,0,0,0,0,0,0,0,0,0,0,0,0,0,0,0,0,0,0,0,0,0,0,0,0
JPB:bin_000226,0,0,0,0,0,0,0,0,0,0,0,0,0,0,0,0,0,0,0,0,0,0,0,0,0,0,0,0,0,0,0,0,0,0,0,0,0,0,0,0,0,0
JPB:bin_000227,0,0,0,0,0,0,0,0,0,0,0,0,0,0,0,0,0,0,0,0,0,0,0,0,0,0,0,0,0,0,0,0,0,0,0,0,0,0,0,0,0,0
JPB:bin_000228,0,0,0,0,0,0,0,0,0,0,0,0,0,0,0,0,0,0,0,0,0,0,0,0,0,0,0,0,0,0,0,0,0,0,0,0,0,0,0,0,0,0
JPB:bin_000229,0,0,0,0,0,0,0,0,0,0,0,0,0,0,0,0,0,0,0,0,0,0,0,0,0,0,0,0,0,0,0,0,0,0,0,0,0,0,0,0,0,0
JPB:bin_000230,0,0,0,0,0,0,0,0,0,0,0,0,0,0,0,0,0,0,0,0,0,0,0,0,0,0,0,0,0,0,0,0,0,0,0,0,0,0,0,0,0,0
JPB:bin_000231,0,0,0,0,0,0,0,0,0,0,0,0,0,0,0,0,0,0,0,0,0,0,0,0,0,0,0,0,0,0,0,0,0,0,0,0,0,0,0,0,0,0
JPB:bin_000232,0,0,0,0,0,0,0,0,0,0,0,0,0,0,0,0,0,0,0,0,0,0,0,0,0,0,0,0,0,0,0,0,0,0,0,0,0,0,0,0,0,0
JPB:bin_000233,0,0,0,0,0,0,0,0,0,0,0,0,0,0,0,0,0,0,0,0,0,0,0,0,0,0,0,0,0,0,0,0,0,0,0,0,0,0,0,0,0,0
JPB:bin_000234,0,0,0,0,0,0,0,0,0,0,0,0,0,0,0,0,0,0,0,0,0,0,0,0,0,0,0,0,0,0,0,0,0,0,0,0,0,0,0,0,0,0
JPB:bin_000236,0,0,0,0,0,0,0,0,0,0,0,0,0,0,0,0,0,0,0,0,0,0,0,0,0,0,0,0,0,0,0,0,0,0,0,0,0,0,0,0,0,0
JPB:bin_000237,0,0,0,0,0,0,0,0,0,0,0,0,0,0,0,0,0,0,0,0,0,0,0,0,0,0,0,0,0,0,0,0,0,0,0,0,0,0,0,0,0,0
JPB:bin_000238,0,0,0,0,0,0,0,0,0,0,0,0,0,0,0,0,0,0,0,0,0,0,0,0,0,0,0,0,0,0,0,0,0,0,0,0,0,0,0,0,0,0
JPB:bin_000239,0,0,0,0,0,0,0,0,0,0,0,0,0,0,0,0,0,0,0,0,0,0,0,0,0,0,0,0,0,0,0,0,0,0,0,0,0,0,0,0,0,0
JPB:bin_000240,0,0,0,0,0,0,0,0,0,0,0,0,0,0,0,0,0,0,0,0,0,0,0,0,0,0,0,0,0,0,0,0,0,0,0,0,0,0,0,0,0,0
JPB:bin_000241,0,0,0,0,0,0,0,0,0,0,0,0,0,0,0,0,0,0,0,0,0,0,0,0,0,0,0,0,0,0,0,0,0,0,0,0,0,0,0,0,0,0
JPB:bin_000242,0,2.152,0,0,0,0,1.627,0,0,0,0,1.779,0,0,0,0,0,0,0,0,0,0,0,3.173,0,0,0,0,0,0,0,0,0,0,1.701,0,0,0,0,0,0,0
JPB:bin_000243,0,0,0,0,0,0,0,0,0,0,0,0,0,0,0,0,0,0,0,0,0,0,0,0,0,0,0,0,0,0,0,0,0,0,0,0,0,0,0,0,0,0
JPB:bin_000244,0,0,0,0,0,0,0,0,0,0,0,0,0,0,0,0,0,0,0,0,0,0,0,0,0,0,0,0,0,0,0,0,0,0,0,0,0,0,0,0,0,0
JPB:bin_000245,0,0,0,0,0,0,0,0,0,0,0,0,0,0,0,0,0,0,0,0,0,0,0,0,0,0,0,0,0,0,0,0,0,0,0,0,0,0,0,0,0,0
JPB:bin_000246,0,0,0,0,0,0,0,0,0,0,0,0,0,0,0,0,0,0,0,0,0,0,0,0,0,0,0,0,0,0,0,0,0,0,0,0,0,0,0,0,0,0
JPB:bin_000247,0,0,0,0,0,0,0,0,0,0,0,0,0,0,0,0,0,0,0,0,0,0,0,0,0,0,0,0,0,0,0,0,0,0,0,0,0,0,0,0,0,0
JPB:bin_000248,0,0,0,0,0,0,0,0,0,0,0,0,0,0,0,0,0,0,0,0,0,0,0,0,0,0,0,0,0,0,0,0,0,0,0,0,0,0,0,0,0,0
JPB:bin_000249,0,0,0,0,0,0,0,0,0,0,0,0,0,0,0,0,0,0,0,0,0,0,0,0,0,0,0,0,0,0,0,0,0,0,0,0,0,0,0,0,0,0
JPB:bin_000250,0,0,0,0,0,0,0,0,0,0,0,0,0,0,0,0,0,0,0,0,0,0,0,0,0,0,0,0,0,0,0,0,0,0,0,0,0,0,0,0,0,0
JPB:bin_000251,0,0,0,0,0,0,0,0,0,0,0,0,0,0,0,0,0,0,0,0,0,0,0,0,0,0,0,0,0,0,0,0,0,0,0,0,0,0,0,0,0,0
JPB:bin_000252,0,0,0,0,0,0,0,0,0,0,0,0,0,0,0,0,0,0,0,0,0,0,0,0,0,0,0,0,0,0,0,0,0,0,0,0,0,0,0,0,0,0
JPB:bin_000253,0,0,0,0,0,0,0,0,0,0,0,0,0,0,0,0,0,0,0,0,0,0,0,0,0,0,0,0,0,0,0,0,0,0,0,0,0,0,0,0,0,0
JPB:bin_000254,0,0,0,0,0,0,0,0,0,0,0,0,0,0,0,0,0,0,0,0,0,0,0,0,0,0,0,0,0,0,0,0,0,0,0,0,0,0,0,0,0,0
JPB:bin_000255,0,0,0,0,0,0,0,0,0,0,0,0,0,0,0,0,0,0,0,0,0,0,0,0,0,0,0,0,0,0,0,0,0,0,0,0,0,0,0,0,0,0
JPB:bin_000256,1.189,1.964,0,0,0,0,2.94,1.379,1.146,0,0,1.829,0,1.522,0,0,0,0,0,1.174,0,2.3,0,3.278,0,0,0,0,1.361,0,0,0,0,0,1.788,0,0,1.452,0,1.174,0,0
JPB:bin_000257,0,0,0,0,0,0,0,0,0,0,0,0,0,0,0,0,0,0,0,0,0,0,0,0,0,0,0,0,0,0,0,0,0,0,0,0,0,0,0,0,0,0
JPB:bin_000258,0,0,0,0,0,0,0,0,0,0,0,0,0,0,0,0,0,0,0,0,0,0,0,0,0,0,0,0,0,0,0,0,0,0,0,0,0,0,0,0,0,0
JPB:bin_000259,0,0,0,0,0,0,0,0,0,0,0,0,0,0,0,0,0,0,0,0,0,0,0,0,0,0,0,0,0,0,0,0,0,0,0,0,0,0,0,0,0,0
JPB:bin_000260,0,0,0,0,0,0,0,0,0,0,0,0,0,0,0,0,0,0,0,0,0,0,0,0,0,0,0,0,0,0,0,0,0,0,0,0,0,0,0,0,0,0
JPB:bin_000262,0,0,0,0,0,0,0,0,0,0,0,0,0,0,0,0,0,0,0,0,0,0,0,0,0,0,0,0,0,0,0,0,0,0,0,0,0,0,0,0,0,0
JPB:bin_000263,0,0,0,0,0,0,0,0,0,0,0,0,0,0,0,0,0,0,0,0,0,0,0,0,0,0,0,0,0,0,0,0,0,0,0,0,0,0,0,0,0,0
JPB:bin_000264,0,0,0,0,0,0,0,0,0,0,0,0,0,0,0,0,0,0,0,0,0,0,0,0,0,0,0,0,0,0,0,0,0,0,0,0,0,0,0,0,0,0
JPB:bin_000265,0,0,0,0,0,0,0,0,0,0,0,0,0,0,0,0,0,0,0,0,0,0,0,0,0,0,0,0,0,0,0,0,0,0,0,0,0,0,0,0,0,0
JPB:bin_000266,0,0,0,0,0,0,0,0,0,0,0,0,0,0,0,0,0,0,0,0,0,0,0,0,0,0,0,0,0,0,0,0,0,0,0,0,0,0,0,0,0,0
JPB:bin_000267,0,0,0,0,0,0,0,0,0,0,0,0,0,0,0,0,0,0,0,0,0,0,0,0,0,0,0,0,0,0,0,0,0,0,0,0,0,0,0,0,0,0
JPB:bin_000268,0,0,0,0,0,0,0,0,0,0,0,0,0,0,0,0,0,0,0,0,0,0,0,0,0,0,0,0,0,0,0,0,0,0,0,0,0,0,0,0,0,0
JPB:bin_000269,0,0,0,0,0,0,0,0,0,0,0,0,0,0,0,0,0,0,0,0,0,0,0,0,0,0,0,0,0,0,0,0,0,0,0,0,0,0,0,0,0,0
JPB:bin_000270,0,0,0,0,0,0,0,0,0,0,0,0,0,0,0,0,0,0,0,0,0,0,0,0,0,0,0,0,0,0,0,0,0,0,0,0,0,0,0,0,0,0
JPB:bin_000271,0,0,0,0,0,0,0,0,0,0,0,0,0,0,0,0,0,0,0,0,0,0,0,0,0,0,0,0,0,0,0,0,0,0,0,0,0,0,0,0,0,0
JPB:bin_000272,0,0,0,0,0,0,0,0,0,0,0,0,0,0,0,0,0,0,0,0,0,0,0,0,0,0,0,0,0,0,0,0,0,0,0,0,0,0,0,0,0,0
JPB:bin_000273,0,0,0,0,0,0,0,0,0,0,0,0,0,0,0,0,0,0,0,0,0,0,0,0,0,0,0,0,0,0,0,0,0,0,0,0,0,0,0,0,0,0
JPB:bin_000274,0,0,0,0,0,0,0,0,0,0,0,0,0,0,0,0,0,0,0,0,0,0,0,0,0,0,0,0,0,0,0,0,0,0,0,0,0,0,0,0,0,0
JPB:bin_000275,0,0,0,0,0,0,0,0,0,0,0,0,0,0,0,0,0,0,0,0,0,0,0,0,0,0,0,0,0,0,0,0,0,0,0,0,0,0,0,0,0,0
JPB:bin_000276,0,0,0,0,0,0,0,0,0,0,0,0,0,0,0,0,0,0,0,0,0,0,0,0,0,0,0,0,0,0,0,0,0,0,0,0,0,0,0,0,0,0
JPB:bin_000277,0,0,0,0,0,0,0,0,0,0,0,0,0,0,0,0,0,0,0,0,0,0,0,0,0,0,0,0,0,0,0,0,0,0,0,0,0,0,0,0,0,0
JPB:bin_000278,0,0,0,0,0,0,0,0,0,0,0,0,0,0,0,0,0,0,0,0,0,0,0,0,0,0,0,0,0,0,0,0,0,0,0,0,0,0,0,0,0,0
JPB:bin_000279,0,0,0,0,0,0,0,0,0,0,0,0,0,0,0,0,0,0,0,0,0,0,0,0,0,0,0,0,0,0,0,0,0,0,0,0,0,0,0,0,0,0
JPB:bin_000280,0,0,0,0,0,0,0,0,0,0,0,0,0,0,0,0,0,0,0,0,0,0,0,0,0,0,0,0,0,0,0,0,0,0,0,0,0,0,0,0,0,0
JPB:bin_000281,1.558,1.341,0,0,0,0,1.575,0,1.406,1.367,0,0,0,0,0,0,1.507,0,0,0,1.416,2.271,0,1.768,0,0,0,0,0,0,0,0,0,0,0,0,0,0,0,1.272,0,0
JPB:bin_000282,0,0,0,0,0,0,0,0,0,0,0,0,0,0,0,0,0,0,0,0,0,0,0,2.497,0,0,0,0,0,0,0,0,0,0,0,0,0,0,0,0,0,0
JPB:bin_000283,0,1.253,0,0,0,0,0,0,0,0,0,0,0,0,0,0,0,0,0,0,0,1.553,0,1.83,0,0,0,0,0,0,0,0,0,0,2.237,0,0,0,0,0,0,0
JPB:bin_000285,1.513,1.914,0,0,0,1.284,1.132,0,0,0,0,1.339,0,0,0,0,0,0,0,1.274,0,0,1.092,1.422,0,0,0,0,0,0,0,0,0,0,1.262,0,0,0,0,0,0,0
JPB:bin_000286,0,0,0,0,0,0,0,0,0,0,0,0,0,0,0,0,0,0,0,0,0,0,0,0,0,0,0,0,0,0,0,0,0,0,0,0,0,0,0,0,0,0
JPB:bin_000287,0,0,0,0,0,0,0,0,0,0,0,0,0,0,0,0,0,0,0,0,0,0,0,0,0,0,0,0,0,0,0,0,0,0,0,0,0,0,0,0,0,0
JPB:bin_000288,0,0,0,0,0,0,0,0,0,0,0,0,0,0,0,0,0,0,0,0,0,0,0,0,0,0,0,0,0,0,0,0,0,0,0,0,0,0,0,0,0,0
JPB:bin_000289,0,0,0,0,0,0,0,0,0,0,0,0,0,0,0,0,0,0,0,0,0,0,0,0,0,0,0,0,0,0,0,0,0,0,0,0,0,0,0,0,0,0
JPB:bin_000290,0,0,0,0,0,0,0,0,0,0,0,0,0,0,0,0,0,0,0,0,0,0,0,0,0,0,0,0,0,0,0,0,0,0,0,0,0,0,0,0,0,0
JPB:bin_000291,0,0,0,0,0,0,0,0,0,0,0,0,0,0,0,0,0,0,0,0,0,0,0,0,0,0,0,0,0,0,0,0,0,0,0,0,0,0,0,0,0,0
JPB:bin_000292,0,0,0,0,0,0,0,0,0,0,0,0,0,0,0,0,0,0,0,0,0,0,0,0,0,0,0,0,0,0,0,0,0,0,0,0,0,0,0,0,0,0
JPB:bin_000294,2.399,2.254,0,0,0,0,2.094,0,1.673,1.087,0,1.235,0,0,0,1.045,1.739,0,0,3.668,0,1.767,0,3.096,0,0,0,0,1.176,0,0,0,0,0,4.441,0,0,0,0,0,0,0
JPB:bin_000295,0,0,0,0,0,0,0,0,0,0,0,0,0,0,0,0,0,0,0,0,0,0,0,0,0,0,0,0,0,0,0,0,0,0,0,0,0,0,0,0,0,0
JPB:bin_000296,0,0,0,0,0,0,0,0,0,0,0,0,0,0,0,0,0,0,0,0,0,0,0,0,0,0,0,0,0,0,0,0,0,0,0,0,0,0,0,0,0,0
JPB:bin_000297,0,0,0,0,0,0,0,0,0,0,0,0,0,0,0,0,0,0,0,0,0,0,0,0,0,0,0,0,0,0,0,0,0,0,0,0,0,0,0,0,0,0
JPB:bin_000298,0,0,0,0,0,0,0,0,0,0,0,0,0,0,0,0,0,0,0,0,0,0,0,0,0,0,0,0,0,0,0,0,0,0,0,0,0,0,0,0,0,0
JPB:bin_000300,0,0,0,0,0,0,0,0,0,0,0,0,0,0,0,0,0,0,0,0,0,0,0,0,0,0,0,0,0,0,0,0,0,0,0,0,0,0,0,0,0,0
JPB:bin_000301,0,0,0,0,0,0,0,0,0,0,0,0,0,0,0,0,0,0,0,0,0,0,0,0,0,0,0,0,0,0,0,0,0,0,0,0,0,0,0,0,0,0
JPB:bin_000302,0,0,0,0,0,0,0,0,0,0,0,0,0,0,0,0,0,0,0,0,0,0,0,0,0,0,0,0,0,0,0,0,0,0,0,0,0,0,0,0,0,0
JPB:bin_000303,0,0,0,0,0,0,0,0,0,0,0,0,0,0,0,0,0,0,0,0,0,0,0,0,0,0,0,0,0,0,0,0,0,0,0,0,0,0,0,0,0,0
JPB:bin_000304,0,2.253,0,0,0,0,2.358,1.077,0,0,0,0,0,0,0,0,1.742,0,0,0,0,0,0,3.261,0,0,0,0,2.31,0,0,0,0,0,0,0,0,0,0,0,0,0
JPB:bin_000306,0,0,0,0,0,0,0,0,0,0,0,0,0,0,0,0,0,0,0,0,0,0,0,0,0,0,0,0,0,0,0,0,0,0,0,0,0,0,0,0,0,0
JPB:bin_000307,0,0,0,0,0,0,0,0,0,0,0,0,0,0,0,0,0,0,0,0,0,0,0,0,0,0,0,0,0,0,0,0,0,0,0,0,0,0,0,0,0,0
JPB:bin_000309,0,0,0,0,0,0,0,0,0,0,0,0,0,0,0,0,0,0,0,0,0,0,0,0,0,0,0,0,0,0,0,0,0,0,0,0,0,0,0,0,0,0
JPB:bin_000310,0,0,0,0,0,0,0,0,0,0,0,0,0,0,0,0,0,0,0,0,0,0,0,0,0,0,0,0,0,0,0,0,0,0,0,0,0,0,0,0,0,0
JPB:bin_000311,4.57,5.41,0,0,0,0,5.537,0,2.66,2.671,0,1.479,2.446,0,0,1.632,2.087,0,0,1.477,1.693,6.745,1.492,7.43,2.886,0,0,2.304,2.601,0,1.695,0,0,0,3.276,0,0,0,0,2.62,0,0
JPB:bin_000312,0,0,0,0,0,0,0,0,0,0,0,0,0,0,0,0,0,0,0,0,0,0,0,0,0,0,0,0,0,0,0,0,0,0,0,0,0,0,0,0,0,0
JPB:bin_000314,0,0,0,0,0,0,0,0,0,0,0,0,0,0,0,0,0,0,0,0,0,0,0,1.478,0,0,0,0,0,0,0,0,0,0,0,0,0,0,0,0,0,0
JPB:bin_000315,1.263,1.365,0,0,0,0,1.756,0,1.578,0,1.575,2.33,1.165,0,0,0,0,0,0,0,0,2.832,0,3.895,0,1.845,0,0,1.537,0,0,0,0,0,1.268,0,0,0,0,0,0,0
JPB:bin_000316,14.658,15.473,2.514,0,0,4.378,18.218,4.519,12.003,9.298,4.794,4.662,10.979,3.827,0,6.267,10.401,0,0,4.849,9.906,17.386,3.095,18.374,5.585,4.885,0,6.085,11.517,2.888,2.704,1.775,2.123,1.957,6.725,0,0,2.276,0,8.452,0,4.141
JPB:bin_000317,0,1.258,0,0,0,0,0,0,1.376,0,0,0,0,0,0,0,0,0,0,0,0,1.178,0,0,0,0,0,0,0,0,0,0,0,0,0,0,0,0,0,0,0,0
JPB:bin_000319,0,0,0,0,0,0,0,0,0,0,0,0,0,0,0,0,0,0,0,0,0,0,0,0,0,0,0,0,0,0,0,0,0,0,0,0,0,0,0,0,0,0
JPB:bin_000320,0,0,0,0,0,0,0,0,0,0,0,0,0,0,0,0,0,0,0,0,0,0,0,0,0,0,0,0,0,0,0,0,0,0,0,0,0,0,0,0,0,0
JPB:bin_000321,0,0,0,0,0,0,0,0,0,0,0,0,0,0,0,0,0,0,0,0,0,0,0,0,0,0,0,0,0,0,0,0,0,0,0,0,0,0,0,0,0,0
JPB:bin_000322,0,0,0,0,0,0,0,0,0,0,0,0,0,0,0,0,0,0,0,0,0,0,0,0,0,0,0,0,0,0,0,0,0,0,0,0,0,0,0,0,0,0
JPB:bin_000323,0,0,0,0,0,0,0,0,0,0,0,0,0,0,0,0,0,0,0,0,0,0,0,0,0,0,0,0,0,0,0,0,0,0,0,0,0,0,0,0,0,0
JPB:bin_000324,0,0,0,0,0,0,0,0,0,0,0,0,0,0,0,0,0,0,0,0,0,0,0,0,0,0,0,0,0,0,0,0,0,0,0,0,0,0,0,0,0,0
JPB:bin_000325,0,0,0,0,0,0,0,0,0,0,0,0,0,0,0,0,0,0,0,0,0,0,0,0,0,0,0,0,0,0,0,0,0,0,0,0,0,0,0,0,0,0
JPB:bin_000328,2.008,1.62,0,0,0,1.223,1.336,0,2.009,2.482,3.577,0,1.306,0,0,3.362,1.658,0,0,1.193,1.237,1.323,0,3.555,1.735,0,0,0,1.993,0,0,0,0,0,3.489,0,0,0,0,1.316,0,0
JPB:bin_000330,0,0,0,0,0,0,0,0,0,0,0,0,0,0,0,0,0,0,0,0,0,0,0,0,0,0,0,0,0,0,0,0,0,0,0,0,0,0,0,0,0,0
JPB:bin_000334,0,0,0,0,0,0,0,0,0,0,0,0,0,0,0,0,0,0,0,0,0,0,0,0,0,0,0,0,0,0,0,0,0,0,0,0,0,0,0,0,0,0
JPB:bin_000337,0,0,0,0,0,0,0,0,0,0,0,0,0,0,0,0,0,0,0,0,0,0,0,0,0,0,0,0,0,0,0,0,0,0,0,0,0,0,0,0,0,0
JPB:bin_000339,0,0,0,0,0,0,0,0,0,0,0,0,0,0,0,0,0,0,0,0,0,0,0,0,0,0,0,0,0,0,0,0,0,0,0,0,0,0,0,0,0,0
JPB:bin_000340,1.853,2.981,0,0,0,0,3.009,0,0,0,0,0,0,0,0,0,0,0,0,0,0,2.756,0,3.129,0,0,0,0,0,0,0,0,0,0,1.632,0,0,0,0,0,0,0
JPB:bin_000341,0,0,0,0,0,0,0,0,0,0,0,0,0,0,0,0,0,0,0,0,0,0,0,0,0,0,0,0,0,0,0,0,0,0,0,0,0,0,0,0,0,0
JPB:bin_000342,0,1.223,0,0,0,0,1.415,0,0,0,0,0,0,0,0,0,0,0,0,0,0,0,0,1.373,0,0,0,0,0,0,0,0,0,0,0,0,0,0,0,0,0,0
JPB:bin_000343,0,0,0,0,0,0,0,0,0,0,0,0,0,0,0,0,0,0,0,0,0,0,0,0,0,0,0,0,0,0,0,0,0,0,0,0,0,0,0,0,0,0
JPB:bin_000344,0,0,0,0,0,0,1.86,0,0,0,0,0,0,0,0,0,0,0,0,0,0,0,0,0,0,0,0,0,0,0,0,0,0,0,0,0,0,0,0,0,0,0
JPB:bin_000345,2.662,5.564,0,0,0,1.242,5.66,2.335,3.233,1.658,1.498,1.588,2.186,1.433,0,2.3,2.961,0,0,2.155,2.202,3.326,1.685,4.694,1.584,1.225,0,2.349,3.306,1.223,0,0,0,0,3.982,0,0,1.441,0,2.454,0,0
JPB:bin_000346,0,0,0,0,0,0,0,0,0,0,0,0,0,0,0,0,0,0,0,0,0,0,0,0,0,0,0,0,0,0,0,0,0,0,0,0,0,0,0,0,0,0
JPB:bin_000347,0,0,0,0,0,0,0,0,0,0,0,0,0,0,0,0,0,0,0,0,0,0,0,0,0,0,0,0,0,0,0,0,0,0,0,0,0,0,0,0,0,0
JPB:bin_000348,0,0,0,0,0,0,0,0,0,0,0,0,0,0,0,0,0,0,0,0,0,0,0,0,0,0,0,0,0,0,0,0,0,0,0,0,0,0,0,0,0,0
JPB:bin_000349,18.541,30.077,4.602,0,0,7.068,7.1,3.802,17.565,4.76,3.49,6.76,16.699,1.926,2.495,17.096,7.96,1.73,0,12.425,7.551,19.628,3.99,12.013,8.356,15.401,0,30.001,4.335,2.583,6.169,10.819,1.759,0,5.692,1.48,0,4.126,0,16.299,0,1.511
JPB:bin_000350,0,0,0,0,0,0,0,0,0,0,0,0,0,0,0,0,0,0,0,0,0,0,0,0,0,0,0,0,0,0,0,0,0,0,0,0,0,0,0,0,0,0
JPB:bin_000352,0,1.723,0,0,0,0,1.886,0,0,0,0,0,0,0,0,0,1.664,0,0,0,0,0,0,0,0,0,0,0,0,0,0,0,0,0,1.795,0,0,0,0,0,0,0
JPB:bin_000353,0,0,0,0,0,0,0,0,0,0,0,0,0,0,0,0,0,0,0,0,0,0,0,0,0,0,0,0,0,0,0,0,0,0,0,0,0,0,0,0,0,0
JPB:bin_000354,0,0,0,0,0,0,0,0,0,0,0,0,0,0,0,0,0,0,0,0,0,0,0,0,0,0,0,0,0,0,0,0,0,0,0,0,0,0,0,0,0,0
JPB:bin_000356,0,0,0,0,0,0,0,0,0,0,0,0,0,0,0,0,0,0,0,0,0,0,0,0,0,0,0,0,0,0,0,0,0,0,0,0,0,0,0,0,0,0
JPB:bin_000357,0,0,0,0,0,0,0,0,0,0,0,0,0,0,0,0,0,0,0,0,0,0,0,0,0,0,0,0,0,0,0,0,0,0,0,0,0,0,0,0,0,0
JPB:bin_000358,0,0,0,0,0,0,0,0,0,0,0,0,0,0,0,0,0,0,0,0,0,0,0,0,0,0,0,0,0,0,0,0,0,0,0,0,0,0,0,0,0,0
JPB:bin_000359,0,0,0,0,0,0,0,0,0,0,0,0,0,0,0,0,0,0,0,0,0,0,0,0,0,0,0,0,0,0,0,0,0,0,0,0,0,0,0,0,0,0
JPB:bin_000362,0,0,0,0,0,0,0,0,0,0,0,0,0,0,0,0,0,0,0,0,0,0,0,0,0,0,0,0,0,0,0,0,0,0,0,0,0,0,0,0,0,0
JPB:bin_000364,0,0,0,0,0,0,0,0,0,0,0,0,0,0,0,0,0,0,0,0,0,0,0,0,0,0,0,0,0,0,0,0,0,0,0,0,0,0,0,0,0,0
JPB:bin_000366,0,0,0,0,0,0,0,0,0,0,0,0,0,0,0,0,0,0,0,0,0,0,0,0,0,0,0,0,0,0,0,0,0,0,0,0,0,0,0,0,0,0
JPB:bin_000367,0,0,0,0,0,0,0,0,0,0,0,0,0,0,0,0,0,0,0,0,0,0,0,0,0,0,0,0,0,0,0,0,0,0,0,0,0,0,0,0,0,0
JPB:bin_000368,0,1.238,0,0,0,2.012,0,0,0,0,0,0,0,0,0,0,0,0,0,0,0,1.3,0,0,0,0,0,0,0,0,0,0,0,0,0,0,0,0,0,4.041,0,0
JPB:bin_000369,0,0,0,0,0,0,0,0,0,0,0,0,0,0,0,0,0,0,0,0,0,0,0,0,0,0,0,0,0,0,0,0,0,0,0,0,0,0,0,0,0,0
JPB:bin_000370,0,0,0,0,0,0,1.562,0,0,0,0,0,0,0,0,0,0,0,0,0,0,0,0,0,0,0,0,0,0,0,0,0,0,0,0,0,0,0,0,0,0,0
JPB:bin_000372,0,0,0,0,0,0,0,0,0,0,0,0,0,0,0,0,0,0,0,0,0,0,0,0,0,0,0,0,0,0,0,0,0,0,0,0,0,0,0,0,0,0
JPB:bin_000373,0,0,0,0,0,0,0,0,0,0,0,0,0,0,0,0,0,0,0,0,0,0,0,0,0,0,0,0,0,0,0,0,0,0,0,0,0,0,0,0,0,0
JPB:bin_000376,0,0,0,0,0,0,0,0,0,0,0,0,0,0,0,0,0,0,0,0,0,0,0,0,0,0,0,0,0,0,0,0,0,0,0,0,0,0,0,0,0,0
JPB:bin_000377,0,0,0,0,0,0,0,0,0,0,0,0,0,0,0,0,0,0,0,0,0,0,0,0,0,0,0,0,0,0,0,0,0,0,0,0,0,0,0,0,0,0
JPB:bin_000378,0,0,0,0,0,0,0,0,0,0,0,0,0,0,0,0,0,0,0,0,0,0,0,0,0,0,0,0,0,0,0,0,0,0,0,0,0,0,0,0,0,0
JPB:bin_000379,0,0,0,0,0,0,0,0,0,0,0,0,0,0,0,0,0,0,0,0,0,0,0,0,0,0,0,0,0,0,0,0,0,0,1.262,0,0,0,0,0,0,0
JPB:bin_000380,0,0,0,0,0,0,0,0,0,0,0,0,0,0,0,0,0,0,0,0,0,0,0,0,0,0,0,0,0,0,0,0,0,0,0,0,0,0,0,0,0,0
JPB:bin_000382,0,0,0,0,0,0,0,0,0,0,0,0,0,0,0,0,0,0,0,0,0,0,0,0,0,0,0,0,0,0,0,0,0,0,0,0,0,0,0,0,0,0
JPB:bin_000383,0,0,0,0,0,0,0,0,0,1.253,0,0,0,0,0,0,0,0,0,0,0,0,0,0,0,0,0,0,0,0,0,0,0,0,0,0,0,0,0,0,0,0
JPB:bin_000384,0,0,0,0,0,0,0,0,0,0,0,0,0,0,0,0,0,0,0,0,0,0,0,0,0,0,0,0,0,0,0,0,0,0,0,0,0,0,0,0,0,0
JPB:bin_000385,0,0,0,0,0,0,0,0,0,0,0,0,0,0,0,0,0,0,0,0,0,0,0,0,0,0,0,0,0,0,0,0,0,0,0,0,0,0,0,0,0,0
JPB:bin_000386,0,0,0,0,0,0,0,0,0,0,0,0,0,0,0,0,0,0,0,0,0,0,0,0,0,0,0,0,0,0,0,0,0,0,0,0,0,0,0,0,0,0
JPB:bin_000387,0,0,0,0,0,0,0,0,0,0,0,0,0,0,0,0,0,0,0,0,0,0,0,0,0,0,0,0,0,0,0,0,0,0,0,0,0,0,0,0,0,0
JPB:bin_000390,0,0,0,0,0,0,0,0,0,0,0,0,0,0,0,0,0,0,0,0,0,0,0,0,0,0,0,0,0,0,0,0,0,0,0,0,0,0,0,0,0,0
JPB:bin_000392,0,0,0,0,0,0,0,0,0,0,0,0,0,0,0,0,0,0,0,0,0,0,0,0,0,0,0,0,0,0,0,0,0,0,0,0,0,0,0,0,0,0
JPB:bin_000393,0,0,0,0,0,0,0,0,0,0,0,0,0,0,0,0,0,0,0,0,0,0,0,0,0,0,0,0,0,0,0,0,0,0,0,0,0,0,0,0,0,0
JPB:bin_000394,0,0,0,0,0,0,0,0,0,0,0,0,0,0,0,0,0,0,0,0,0,0,0,0,0,0,0,0,0,0,0,0,0,0,0,0,0,0,0,0,0,0
JPB:bin_000395,0,0,0,0,0,0,0,0,0,0,0,0,0,0,0,0,0,0,0,0,0,0,0,0,0,0,0,0,0,0,0,0,0,0,0,0,0,0,0,0,0,0
JPB:bin_000396,0,0,0,0,0,0,0,0,0,0,0,0,0,0,0,0,0,0,0,0,0,0,0,0,0,0,0,0,0,0,0,0,0,0,0,0,0,0,0,0,0,0
JPB:bin_000398,0,0,0,0,0,0,0,0,0,1.132,0,0,0,0,0,0,0,0,0,0,0,0,0,0,0,0,0,0,0,0,0,0,0,0,0,0,0,0,0,0,0,0
JPB:bin_000400,0,0,0,0,0,0,0,0,0,0,0,0,0,0,0,0,0,0,0,0,0,0,0,0,0,0,0,0,0,0,0,0,0,0,0,0,0,0,0,0,0,0
JPB:bin_000402,0,0,0,0,0,0,0,0,0,0,0,0,0,0,0,0,0,0,0,0,0,0,0,0,0,0,0,0,0,0,0,0,0,0,0,0,0,0,0,0,0,0
JPB:bin_000403,1.497,2.155,0,0,0,0,0,0,3.233,0,0,0,0,0,0,0,0,0,0,0,0,1.847,0,2.628,0,0,0,2.08,1.411,0,0,0,0,0,0,0,0,0,0,0,0,0
JPB:bin_000404,0,0,0,0,0,0,0,0,0,0,0,0,0,0,0,0,0,0,0,0,0,0,0,0,0,0,0,0,0,0,0,0,0,0,0,0,0,0,0,0,0,0
JPB:bin_000406,0,0,0,0,0,0,0,0,0,0,0,0,0,0,0,0,0,0,0,0,0,0,0,0,0,0,0,0,0,0,0,0,0,0,0,0,0,0,0,0,0,0
JPB:bin_000407,0,0,0,0,0,0,0,0,0,0,0,0,0,0,0,0,0,0,0,0,0,0,0,0,0,0,0,0,0,0,0,0,0,0,0,0,0,0,0,0,0,0
JPB:bin_000409,0,0,0,0,0,0,0,0,0,0,0,0,0,0,0,0,0,0,0,0,0,0,0,0,0,0,0,0,0,0,0,0,0,0,0,0,0,0,0,0,0,0
JPB:bin_000410,0,0,0,0,0,0,0,0,0,0,0,0,0,0,0,0,0,0,0,0,0,0,0,0,0,0,0,0,0,0,0,0,0,0,0,0,0,0,0,0,0,0
JPB:bin_000411,0,0,0,0,0,0,0,0,0,0,0,0,0,0,0,0,0,0,0,0,0,0,0,0,0,0,0,0,0,0,0,0,0,0,0,0,0,0,0,0,0,0
JPB:bin_000412,0,0,0,0,0,0,0,0,0,0,0,0,0,0,0,0,0,0,0,0,0,0,0,0,0,0,0,0,0,0,0,0,0,0,0,0,0,0,0,0,0,0
JPB:bin_000413,0,0,0,0,0,0,0,0,0,0,0,0,0,0,0,0,0,0,0,0,0,0,0,0,0,0,0,0,0,0,0,0,0,0,0,0,0,0,0,0,0,0
JPB:bin_000414,0,0,0,0,0,0,0,0,0,0,0,0,0,0,0,0,0,0,0,0,0,0,0,0,0,0,0,0,0,0,0,0,0,0,0,0,0,0,0,0,0,0
JPB:bin_000416,0,0,0,0,0,0,0,0,0,0,0,0,0,0,0,0,0,0,0,0,0,0,0,0,0,0,0,0,0,0,0,0,0,0,0,0,0,0,0,0,0,0
JPB:bin_000417,0,0,0,0,0,0,0,0,0,0,0,0,0,0,0,0,0,0,0,0,0,0,0,0,0,0,0,0,0,0,0,0,0,0,0,0,0,0,0,0,0,0
JPB:bin_000418,0,0,0,0,0,0,0,0,0,0,0,0,0,0,0,0,0,0,0,0,0,0,0,0,0,0,0,0,0,0,0,0,0,0,0,0,0,0,0,0,0,0
JPB:bin_000420,0,0,0,0,0,0,0,0,0,0,0,0,0,0,0,0,0,0,0,0,0,0,0,0,0,0,0,0,0,0,0,0,0,0,0,0,0,0,0,0,0,0
JPB:bin_000421,0,0,0,0,0,0,0,0,0,0,0,0,0,0,0,0,0,0,0,0,0,0,0,0,0,0,0,0,0,0,0,0,0,0,0,0,0,0,0,0,0,0
JPB:bin_000422,6.837,7.59,1.326,0,0,2.413,9.551,1.682,4.262,4.091,1.449,2.222,4.195,1.718,0,2.009,3.414,0,0,1.67,1.951,8.535,0,12.56,3.421,0,0,3.136,5.308,1.122,1.789,2.418,1.388,0,5.574,0,0,0,0,4.516,0,1.647
JPB:bin_000423,0,0,0,0,0,0,0,0,0,0,0,0,0,0,0,0,0,0,0,0,0,0,0,0,0,0,0,0,0,0,0,0,0,0,0,0,0,0,0,0,0,0
JPB:bin_000424,0,0,0,0,0,0,0,0,0,0,0,0,0,0,0,0,0,0,0,0,0,0,0,0,0,0,0,0,0,0,0,0,0,0,0,0,0,0,0,0,0,0
JPB:bin_000425,0,0,0,0,0,0,0,0,0,0,0,0,0,0,0,0,0,0,0,0,0,0,0,0,0,0,0,0,0,0,0,0,0,0,0,0,0,0,0,0,0,0
JPB:bin_000426,0,0,0,0,0,0,0,0,0,0,0,0,0,0,0,0,0,0,0,0,0,0,0,0,0,0,0,0,0,0,0,0,0,0,0,0,0,0,0,0,0,0
JPB:bin_000427,0,0,0,0,0,0,0,0,0,0,0,0,0,0,0,0,0,0,0,0,0,0,0,0,0,0,0,0,0,0,0,0,0,0,0,0,0,0,0,0,0,0
JPB:bin_000429,0,0,0,0,0,0,0,0,0,0,0,0,0,0,0,0,0,0,0,0,0,0,0,0,0,0,0,0,0,0,0,0,0,0,0,0,0,0,0,0,0,0
JPB:bin_000430,0,0,0,0,0,0,0,0,0,0,0,0,0,0,0,0,0,0,0,0,0,0,0,0,0,0,0,0,0,0,0,0,0,0,0,0,0,0,0,0,0,0
JPB:bin_000431,0,0,0,0,0,0,0,0,0,0,0,0,0,0,0,0,0,0,0,0,0,0,0,0,0,0,0,0,0,0,0,0,0,0,0,0,0,0,0,0,0,0
JPB:bin_000432,5.201,9.262,2.607,0,0,2.169,5.306,2.174,6.791,3.42,2.615,4.059,7.384,0,0,6.656,4.346,0,0,3.891,3.426,6.592,3.159,5.792,2.423,7.485,0,9.205,3.846,1.64,1.996,0,1.79,0,2.894,0,0,2.438,0,4.982,0,1.628
JPB:bin_000433,3.356,3.841,0,0,0,0,5.324,1.267,2.263,1.481,1.413,2.484,0,0,0,0,1.845,0,0,0,1.843,4.283,1.682,5.725,0,0,0,0,2.442,0,1.39,0,1.25,0,2.293,0,0,0,0,1.73,0,0
JPB:bin_000434,0,0,0,0,0,0,0,0,0,0,0,0,0,0,0,0,0,0,0,0,0,0,0,0,0,0,0,0,0,0,0,0,0,0,0,0,0,0,0,0,0,0
JPB:bin_000435,0,0,0,0,0,0,0,0,0,0,0,0,0,0,0,0,0,0,0,0,0,0,0,0,0,0,0,0,0,0,0,0,0,0,0,0,0,0,0,0,0,0
JPB:bin_000436,0,0,0,0,0,0,0,0,0,0,0,0,0,0,0,0,0,0,0,0,0,0,0,0,0,0,0,0,0,0,0,0,0,0,0,0,0,0,0,0,0,0
JPB:bin_000437,0,0,0,0,0,0,0,0,0,0,0,0,0,0,0,0,0,0,0,0,0,0,0,0,0,0,0,0,0,0,0,0,0,0,0,0,0,0,0,0,0,0
JPB:bin_000438,0,0,0,0,0,0,0,0,0,0,0,0,0,0,0,0,0,0,0,0,0,0,0,0,0,0,0,0,0,0,0,0,0,0,0,0,0,0,0,0,0,0
JPB:bin_000439,0,0,0,0,0,0,0,0,0,0,0,0,0,0,0,0,0,0,0,0,0,0,0,0,0,0,0,0,0,0,0,0,0,0,0,0,0,0,0,0,0,0
JPB:bin_000440,0,0,0,0,0,0,0,0,0,0,0,0,0,0,0,0,0,0,0,0,0,0,0,0,0,0,0,0,0,0,0,0,0,0,0,0,0,0,0,0,0,0
JPB:bin_000441,2.21,4.346,0,0,0,0,1.6,0,0,0,0,0,0,0,0,0,0,0,0,0,0,0,0,1.35,0,0,0,0,0,0,0,0,0,0,0,0,0,0,0,0,0,0
JPB:bin_000442,0,0,0,0,0,0,0,0,0,0,0,0,0,0,0,0,0,0,0,0,0,0,0,0,0,0,0,0,0,0,0,0,0,0,0,0,0,0,0,0,0,0
JPB:bin_000443,0,0,0,0,0,0,0,0,0,0,0,0,0,0,0,0,0,0,0,0,0,0,0,0,0,0,0,0,0,0,0,0,0,0,0,0,0,0,0,0,0,0
JPB:bin_000445,0,0,0,0,0,0,0,0,0,0,0,0,0,0,0,0,0,0,0,0,0,0,0,0,0,0,0,0,0,0,0,0,0,0,0,0,0,0,0,0,0,0
JPB:bin_000448,0,0,0,0,0,0,0,0,0,0,0,0,0,0,0,0,0,0,0,0,0,0,0,0,0,0,0,0,0,0,0,0,0,0,0,0,0,0,0,0,0,0
JPB:bin_000449,0,0,0,0,0,0,0,0,0,0,0,0,0,0,0,0,0,0,0,0,0,0,0,0,0,0,0,0,0,0,0,0,0,0,0,0,0,0,0,0,0,0
JPB:bin_000450,0,0,0,0,0,0,0,0,0,0,0,0,0,0,0,0,0,0,0,0,0,0,0,0,0,0,0,0,0,0,0,0,0,0,0,0,0,0,0,0,0,0
JPB:bin_000452,0,0,0,0,0,0,0,0,0,0,0,0,0,0,0,0,0,0,0,0,0,0,0,0,0,0,0,0,0,0,0,0,0,0,0,0,0,0,0,0,0,0
JPB:bin_000453,0,0,0,0,0,0,0,0,0,0,0,0,0,0,0,0,0,0,0,0,0,0,0,0,0,0,0,0,0,0,0,0,0,0,0,0,0,0,0,0,0,0
JPB:bin_000454,0,0,0,0,0,0,0,0,0,0,0,0,0,0,0,0,0,0,0,0,0,0,0,0,0,0,0,0,0,0,0,0,0,0,0,0,0,0,0,0,0,0
JPB:bin_000457,0,0,0,0,0,0,0,0,0,0,0,0,0,0,0,0,0,0,0,0,0,0,0,0,0,0,0,0,0,0,0,0,0,0,0,0,0,0,0,0,0,0
JPB:bin_000459,0,0,0,0,0,0,0,0,0,0,0,0,0,0,0,0,0,0,0,0,0,0,0,0,0,0,0,0,0,0,0,0,0,0,0,0,0,0,0,0,0,0
JPB:bin_000460,11.76,14.995,3.186,0,0,3.092,13.926,5.128,7.228,4.684,4.419,8.402,5.169,3.298,0,3.314,5.707,1.226,0,7.851,3.933,16.701,2.515,17.572,7.868,4.475,0,12.639,10.833,2.137,2.171,0,1.738,1.434,5.746,0,0,3.483,0,9.402,0,3.282
JPB:bin_000461,0,0,0,0,0,0,0,0,0,0,0,0,0,0,0,0,0,0,0,0,0,0,0,0,0,0,0,0,0,0,0,0,0,0,0,0,0,0,0,0,0,0
JPB:bin_000462,0,0,0,0,0,0,0,0,0,0,0,0,0,0,0,0,0,0,0,0,0,0,0,0,0,0,0,0,0,0,0,0,0,0,0,0,0,0,0,0,0,0
JPB:bin_000463,4.652,5.027,0,0,0,1.208,4.751,1.134,6.225,1.509,0,3,3.692,2.762,0,3.25,3.148,0,0,0,1.896,6.098,1.298,6.01,2.273,3.467,0,3.157,2.832,1.889,1.539,0,0,0,2.475,0,0,0,0,3.48,0,1.649
JPB:bin_000464,0,0,0,0,0,0,0,0,0,0,0,0,0,0,0,0,0,0,0,0,0,0,0,0,0,0,0,0,0,0,0,0,0,0,0,0,0,0,0,0,0,0
JPB:bin_000465,0,0,0,0,0,0,0,0,0,0,0,0,0,0,0,0,0,0,0,0,0,0,0,0,0,0,0,0,0,0,0,0,0,0,0,0,0,0,0,0,0,0
JPB:bin_000467,0,0,0,0,0,0,0,0,0,0,0,0,0,0,0,0,0,0,0,0,0,0,0,0,0,0,0,0,0,0,0,0,0,0,0,0,0,0,0,0,0,0
JPB:bin_000468,0,0,0,0,0,0,0,0,0,0,0,0,0,0,0,0,0,0,0,0,0,0,0,0,0,0,0,0,0,0,0,0,0,0,0,0,0,0,0,0,0,0
JPB:bin_000469,0,0,0,0,0,0,0,0,0,0,0,0,0,0,0,0,0,0,0,0,0,0,0,0,0,0,0,0,0,0,0,0,0,0,0,0,0,0,0,0,0,0
JPB:bin_000470,1.482,2.661,0,0,0,0,2.917,0,1.495,0,1.478,1.208,2.993,0,0,0,1.294,0,0,0,0,3.073,1.188,3.153,0,0,0,0,2.118,0,0,0,0,0,2.032,0,0,0,0,1.378,0,0
JPB:bin_000471,0,0,0,0,0,0,0,0,0,0,0,0,0,0,0,0,0,0,0,0,0,0,0,0,0,0,0,0,0,0,0,0,0,0,0,0,0,0,0,0,0,0
JPB:bin_000473,0,0,0,0,0,0,0,0,0,0,0,0,0,0,0,0,0,0,0,0,0,0,0,0,0,0,0,0,0,0,0,0,0,0,0,0,0,0,0,0,0,0
JPB:bin_000474,3.185,4.477,0,0,0,0,3.55,1.563,1.788,2.736,0,1.902,2.15,2.627,0,1.141,3.134,0,0,1.889,0,2.508,0,7.056,3.185,0,0,1.971,1.521,0,0,0,1.022,0,2.462,0,0,0,0,1.746,0,0
JPB:bin_000475,0,0,0,0,0,0,0,0,0,0,0,0,0,0,0,0,0,0,0,0,0,0,0,0,0,0,0,0,0,0,0,0,0,0,0,0,0,0,0,0,0,0
JPB:bin_000476,0,0,0,0,0,0,0,0,0,0,0,0,0,0,0,0,0,0,0,0,0,0,0,0,0,0,0,0,0,0,0,0,0,0,0,0,0,0,0,0,0,0
JPB:bin_000477,0,0,0,0,0,0,0,0,0,0,0,0,0,0,0,0,0,0,0,0,0,0,0,0,0,0,0,0,0,0,0,0,0,0,0,0,0,0,0,0,0,0
JPB:bin_000479,0,0,0,0,0,0,0,0,0,0,0,0,0,0,0,0,0,0,0,0,0,0,0,0,0,0,0,0,0,0,0,0,0,0,0,0,0,0,0,0,0,0
JPB:bin_000480,0,0,0,0,0,0,0,0,0,0,0,0,0,0,0,0,0,0,0,0,0,0,0,0,0,0,0,0,0,0,0,0,0,0,0,0,0,0,0,0,0,0
JPB:bin_000482,0,0,0,0,0,0,0,0,0,0,0,0,0,0,0,0,0,0,0,0,0,0,0,0,0,0,0,0,0,0,0,0,0,0,0,0,0,0,0,0,0,0
JPB:bin_000483,0,0,0,0,0,0,0,0,0,0,0,0,0,0,0,0,0,0,0,0,0,0,0,0,0,0,0,0,0,0,0,0,0,0,0,0,0,0,0,0,0,0
JPB:bin_000484,0,0,0,0,0,0,0,0,0,0,0,0,0,0,0,0,0,0,0,0,0,0,0,0,0,0,0,0,0,0,0,0,0,0,0,0,0,0,0,0,0,0
JPB:bin_000485,0,0,0,0,0,0,0,0,0,0,0,0,0,0,0,0,0,0,0,0,0,0,0,0,0,0,0,0,0,0,0,0,0,0,0,0,0,0,0,0,0,0
JPB:bin_000486,0,0,0,0,0,0,0,0,0,0,0,0,0,0,0,0,0,0,0,0,0,0,0,0,0,0,0,0,0,0,0,0,0,0,0,0,0,0,0,0,0,0
JPB:bin_000487,0,0,0,0,0,0,0,0,0,0,0,0,0,0,0,0,0,0,0,0,0,0,0,0,0,0,0,0,0,0,0,0,0,0,0,0,0,0,0,0,0,0
JPB:bin_000488,0,0,0,0,0,0,0,0,0,0,0,0,0,0,0,0,0,0,0,0,0,0,0,0,0,0,0,0,0,0,0,0,0,0,0,0,0,0,0,0,0,0
JPB:bin_000489,0,0,0,0,0,0,0,0,0,0,0,0,0,0,0,0,0,0,0,0,0,0,0,0,0,0,0,0,0,0,0,0,0,0,0,0,0,0,0,0,0,0
JPB:bin_000490,0,0,0,0,0,0,1.22,0,0,0,0,0,0,0,0,0,0,0,0,0,0,0,0,0,0,0,0,0,0,0,0,0,0,0,0,0,0,0,0,0,0,0
JPB:bin_000491,0,0,0,0,0,0,0,0,0,0,0,0,0,0,0,0,0,0,0,0,0,0,0,0,0,0,0,0,0,0,0,0,0,0,0,0,0,0,0,0,0,0
JPB:bin_000492,0,0,0,0,0,0,0,0,0,0,0,0,0,0,0,0,0,0,0,0,0,0,0,0,0,0,0,0,0,0,0,0,0,0,0,0,0,0,0,0,0,0
JPB:bin_000495,0,0,0,0,0,0,0,0,0,0,0,0,0,0,0,0,0,0,0,0,0,0,0,0,0,0,0,0,0,0,0,0,0,0,0,0,0,0,0,0,0,0
JPB:bin_000496,0,0,0,0,0,0,0,0,0,0,0,0,0,0,0,0,0,0,0,0,0,0,0,0,0,0,0,0,0,0,0,0,0,0,0,0,0,0,0,0,0,0
JPB:bin_000498,2.881,4.445,0,0,0,4.088,4.993,0,2.4,0,4.091,4.876,1.625,0,0,1.394,1.741,1.634,0,5.534,2.338,6.428,1.518,4.532,1.104,1.195,0,0,2.619,1.168,1.609,0,0,0,1.61,0,0,4.936,0,2.52,0,1.154
JPB:bin_000499,0,0,0,0,0,0,0,0,0,0,0,0,0,0,0,0,0,0,0,0,0,0,0,0,0,0,0,0,0,0,0,0,0,0,0,0,0,0,0,0,0,0
JPB:bin_000500,0,0,0,0,0,0,0,0,0,0,0,0,0,0,0,0,0,0,0,0,0,0,0,0,0,0,0,0,0,0,0,0,0,0,0,0,0,0,0,0,0,0
JPB:bin_000503,0,0,0,0,0,0,0,0,0,0,0,0,0,0,0,0,0,0,0,0,0,0,0,0,0,0,0,0,0,0,0,0,0,0,0,0,0,0,0,0,0,0
JPB:bin_000504,0,0,0,0,0,0,0,0,0,0,0,0,0,0,0,0,0,0,0,0,0,0,0,0,0,0,0,0,0,0,0,0,0,0,0,0,0,0,0,0,0,0
JPB:bin_000505,0,0,0,0,0,0,0,0,0,0,0,0,0,0,0,0,0,0,0,0,0,0,0,0,0,0,0,0,0,0,0,0,0,0,0,0,0,0,0,0,0,0
JPB:bin_000506,0,0,0,0,0,0,0,0,0,0,0,0,0,0,0,0,0,0,0,0,0,0,0,0,0,0,0,0,0,0,0,0,0,0,0,0,0,0,0,0,0,0
JPB:bin_000508,0,0,0,0,0,0,0,0,0,0,0,0,0,0,0,0,0,0,0,0,0,0,0,0,0,0,0,0,0,0,0,0,0,0,0,0,0,0,0,0,0,0
JPB:bin_000510,0,0,0,0,0,0,1.926,0,0,0,2.307,0,1.258,0,0,0,0,0,0,0,0,2.065,0,1.444,0,3.285,0,0,0,0,0,0,0,0,0,0,0,0,0,1.554,0,0
JPB:bin_000511,0,0,0,0,0,0,0,0,0,0,0,0,0,0,0,0,0,0,0,0,0,0,0,0,0,0,0,0,0,0,0,0,0,0,0,0,0,0,0,0,0,0
JPB:bin_000513,0,0,0,0,0,0,0,0,0,0,0,0,0,0,0,0,0,0,0,0,0,0,0,0,0,0,0,0,0,0,0,0,0,0,0,0,0,0,0,0,0,0
JPB:bin_000514,29.523,13.184,2.442,0,0,3.53,14.866,5.621,12.028,6.473,6.316,7.707,6.958,8.176,0,5.889,7.63,1.044,0,4.948,7.622,11.494,5.354,22.819,3.307,0,0,4.955,8.021,3.731,2.931,1.116,2.541,0,14.668,0,0,4.436,0,4.906,0,2.345
JPB:bin_000515,0,0,0,0,0,0,0,0,0,0,0,0,0,0,0,0,0,0,0,0,0,0,0,0,0,0,0,0,0,0,0,0,0,0,0,0,0,0,0,0,0,0
JPB:bin_000516,1.677,0,0,0,0,0,0,0,1.422,1.319,2.3,0,0,0,0,0,0,0,0,0,0,0,0,4.565,0,0,0,0,1.126,0,0,0,0,0,2.103,0,0,0,0,0,0,0
JPB:bin_000518,6.054,8.496,0,0,0,3.495,7.439,1.388,2.652,2.242,3.573,3.707,3.533,1.714,0,2.719,2.679,1.163,0,4.616,2.238,7.26,2.799,10.151,1.643,1.366,0,4.92,3.32,1.351,1.912,0,1.336,0,3.081,0,0,2.883,0,3.055,0,1.778
JPB:bin_000521,0,0,0,0,0,0,0,0,0,0,0,0,0,0,0,0,0,0,0,0,0,0,0,0,0,0,0,0,0,0,0,0,0,0,0,0,0,0,0,0,0,0
JPB:bin_000523,0,0,0,0,0,0,0,0,0,0,0,0,0,0,0,0,0,0,0,0,0,0,0,0,0,0,0,0,0,0,0,0,0,0,0,0,0,0,0,0,0,0
JPB:bin_000524,4.295,3.208,0,0,0,0,5.301,0,3.678,2.575,0,2.068,2.434,1.701,0,1.919,2.4,0,0,2.04,3.32,3.181,0,5.757,0,1.882,0,0,2.526,0,0,0,0,0,2.363,0,0,0,0,0,0,0
JPB:bin_000525,0,0,0,0,0,0,0,0,0,0,0,0,0,0,0,0,0,0,0,0,0,0,0,0,0,0,0,0,0,0,0,0,0,0,0,0,0,0,0,0,0,0
JPB:bin_000526,0,0,0,0,0,0,0,0,0,0,0,0,0,0,0,0,0,0,0,0,0,0,0,0,0,0,0,0,0,0,0,0,0,0,0,0,0,0,0,0,0,0
JPB:bin_000529,0,0,0,0,0,0,1.233,0,0,0,0,0,0,0,0,0,0,0,0,0,0,0,0,0,0,0,0,0,0,0,0,0,0,0,0,0,0,0,0,0,0,0
JPB:bin_000530,0,0,0,0,0,0,0,0,0,0,0,0,0,0,0,0,0,0,0,0,0,0,0,0,0,0,0,0,0,0,0,0,0,0,0,0,0,0,0,0,0,0
JPB:bin_000532,0,0,0,0,0,0,0,0,0,0,0,0,0,0,0,0,0,0,0,0,0,0,0,0,0,0,0,0,0,0,0,0,0,0,0,0,0,0,0,0,0,0
JPB:bin_000533,0,0,0,0,0,0,0,0,0,0,0,0,0,0,0,0,0,0,0,0,0,0,0,0,0,0,0,0,0,0,0,0,0,0,0,0,0,0,0,0,0,0
JPB:bin_000534,0,0,0,0,0,0,0,0,0,0,0,0,0,0,0,0,0,0,0,0,0,0,0,0,0,0,0,0,0,0,0,0,0,0,0,0,0,0,0,0,0,0
JPB:bin_000535,0,0,0,0,0,0,0,0,0,0,0,0,0,0,0,0,0,0,0,0,0,0,0,0,0,0,0,0,0,0,0,0,0,0,0,0,0,0,0,0,0,0
JPB:bin_000536,9.783,10.261,1.858,0,0,0,6.278,0,0,0,0,2.762,4.702,0,0,5.951,6.145,0,0,2.879,0,8.459,2.315,13.126,7.605,0,0,4.794,5,0,2.935,0,3.177,0,8.369,0,0,5.029,0,5.569,0,0
JPB:bin_000539,146.887,177.856,41.999,3.165,5.531,55.912,196.972,54.297,143.971,81.271,60.749,99.977,132.529,45.237,3.206,72.835,87.899,12.523,1.41,91.209,83.007,162.655,40.569,221.161,60.918,72.947,2.119,85.763,120.362,40.109,47.14,19.015,34.671,21.347,77.618,9.689,3.435,51.471,0,99.6,3.545,42.592
JPB:bin_000541,0,0,0,0,0,0,0,0,0,0,0,0,0,0,0,0,0,0,0,0,0,0,0,0,0,0,0,0,0,0,0,0,0,0,0,0,0,0,0,0,0,0
JPB:bin_000542,0,0,0,0,0,0,0,0,0,0,0,0,0,0,0,0,0,0,0,0,0,0,0,0,0,0,0,0,0,0,0,0,0,0,0,0,0,0,0,0,0,0
JPB:bin_000543,0,0,0,0,0,0,0,0,0,0,0,0,0,0,0,0,0,0,0,0,0,0,0,0,0,0,0,0,0,0,0,0,0,0,0,0,0,0,0,0,0,0
JPB:bin_000544,7.928,13.199,0,0,0,0,28.511,1.215,3.014,4.344,1.53,1.298,1.463,0,0,1.297,2.827,0,0,0,2.083,14.609,2.383,16.581,12.851,0,0,10.933,4.503,0,2.383,0,1.161,2.862,5.576,1.583,0,5.792,0,5.515,0,2.693
JPB:bin_000545,0,0,0,0,0,0,0,0,0,0,0,0,0,0,0,0,0,0,0,0,0,0,0,0,0,0,0,0,0,0,0,0,0,0,0,0,0,0,0,0,0,0
JPB:bin_000548,100.597,120.267,23.73,2.191,4.095,43.426,132.525,35.093,96.187,58.039,42.994,74.129,83.921,29.012,0,45.185,58.205,8.747,0,66.993,56.946,121.478,31.079,149.458,40.99,50.891,0,48.94,79.614,26.966,33.203,10.673,24.523,14.564,49.035,7.047,2.769,40.1,0,68.327,2.985,29.8
JPB:bin_000550,0,0,0,0,0,0,0,0,0,0,0,0,0,0,0,0,0,0,0,0,0,0,0,0,0,0,0,0,0,0,0,0,0,0,0,0,0,0,0,0,0,0
JPB:bin_000551,0,0,0,0,0,0,0,0,0,0,0,0,0,0,0,0,0,0,0,0,0,0,0,0,0,0,0,0,0,0,0,0,0,0,0,0,0,0,0,0,0,0
JPB:bin_000553,0,0,0,0,0,0,0,0,0,0,0,0,0,0,0,0,0,0,0,0,0,0,0,0,0,0,0,0,0,0,0,0,0,0,0,0,0,0,0,0,0,0
JPB:bin_000556,0,0,0,0,0,0,0,0,0,0,0,0,0,0,0,0,0,0,0,0,0,0,0,0,0,0,0,0,0,0,0,0,0,0,0,0,0,0,0,0,0,0
JPB:bin_000557,0,0,0,0,0,0,0,0,0,0,0,0,0,0,0,0,0,0,0,0,0,0,0,0,0,0,0,0,0,0,0,0,0,0,0,0,0,0,0,0,0,0
JPB:bin_000558,10.302,3.264,0,0,0,0,4.88,1.002,1.913,3.353,1.756,1.146,0,0,0,0,2.655,0,0,1.456,1.345,2.185,0,5.595,0,0,0,0,2.278,0,0,0,0,0,4.828,0,0,0,0,1.533,0,0
JPB:bin_000559,0,0,0,0,0,0,0,0,0,0,0,0,0,0,0,0,0,0,0,0,0,0,0,0,0,0,0,0,0,0,0,0,0,0,0,0,0,0,0,0,0,0
JPB:bin_000560,0,1.408,0,0,0,0,1.302,0,0,0,0,0,0,0,0,0,0,0,0,0,0,1.398,0,0,0,0,0,0,0,0,0,0,0,0,0,0,0,0,0,0,0,0
JPB:bin_000562,0,0,0,0,0,0,0,0,0,0,0,1.478,0,0,0,0,0,0,0,0,0,0,0,0,0,0,0,0,0,0,0,0,0,0,0,0,0,0,0,0,0,0
JPB:bin_000563,0,0,0,0,0,0,0,0,0,0,0,0,0,0,0,0,0,0,0,0,0,0,0,0,0,0,0,0,0,0,0,0,0,0,0,0,0,0,0,0,0,0
JPB:bin_000565,0,0,0,0,0,0,0,0,0,0,0,0,0,0,0,0,0,0,0,0,0,0,0,0,0,0,0,0,0,0,0,0,0,0,0,0,0,0,0,0,0,0
JPB:bin_000566,0,0,0,0,0,0,0,0,0,0,0,0,0,0,0,0,0,0,0,0,0,0,0,0,0,0,0,0,0,0,0,0,0,0,0,0,0,0,0,0,0,0
JPB:bin_000567,0,0,0,0,0,0,2.46,0,1.664,0,0,0,0,0,0,1.758,0,0,0,0,0,1.747,0,3.02,0,0,0,0,0,0,0,0,0,0,1.626,0,0,0,0,0,0,0
JPB:bin_000570,0,0,0,0,0,0,0,0,0,0,0,0,0,0,0,0,0,0,0,0,0,0,0,0,0,0,0,0,0,0,0,0,0,0,0,0,0,0,0,0,0,0
JPB:bin_000572,0,0,0,0,0,0,0,0,0,0,0,0,0,0,0,0,0,0,0,0,0,0,0,0,0,0,0,0,0,0,0,0,0,0,0,0,0,0,0,0,0,0
JPB:bin_000574,0,0,0,0,0,0,0,0,0,0,0,0,0,0,0,0,0,0,0,0,0,0,0,0,0,0,0,0,0,0,0,0,0,0,0,0,0,0,0,0,0,0
JPB:bin_000575,0,0,0,0,0,0,0,0,0,0,0,0,0,0,0,0,0,0,0,0,0,0,0,0,0,0,0,0,0,0,0,0,0,0,0,0,0,0,0,0,0,0
JPB:bin_000576,0,0,0,0,0,0,0,0,0,0,0,0,0,0,0,0,0,0,0,0,0,0,0,1.394,0,0,0,0,0,0,0,0,0,0,1.822,0,0,0,0,0,0,0
JPB:bin_000577,0,0,0,0,0,0,0,0,0,0,0,0,0,0,0,0,0,0,0,0,0,0,0,0,0,0,0,0,0,0,0,0,0,0,0,0,0,0,0,0,0,0
JPB:bin_000578,0,0,0,0,0,0,0,0,0,0,0,0,0,0,0,0,0,0,0,0,0,0,0,0,0,0,0,0,0,0,0,0,0,0,0,0,0,0,0,0,0,0
JPB:bin_000579,0,0,0,0,0,0,0,0,0,0,0,0,0,0,0,0,0,0,0,0,0,0,0,0,0,0,0,0,0,0,0,0,0,0,0,0,0,0,0,0,0,0
JPB:bin_000582,0,0,0,0,0,0,0,0,0,0,0,0,0,0,0,0,0,0,0,0,0,0,0,0,0,0,0,0,0,0,0,0,0,0,0,0,0,0,0,0,0,0
JPB:bin_000585,0,0,0,0,0,0,0,0,0,0,0,0,0,0,0,0,0,0,0,0,0,0,0,0,0,0,0,0,0,0,0,0,0,0,0,0,0,0,0,0,0,0
JPB:bin_000586,0,0,0,0,0,0,0,0,0,0,0,0,0,0,0,0,0,0,0,0,0,0,0,0,0,0,0,0,0,0,0,0,0,0,0,0,0,0,0,0,0,0
JPB:bin_000587,0,0,0,0,0,0,0,0,0,0,0,0,0,0,0,0,0,0,0,0,0,0,0,0,0,0,0,0,0,0,0,0,0,0,0,0,0,0,0,0,0,0
JPB:bin_000588,0,0,0,0,0,0,0,0,0,0,0,0,1.114,0,0,0,0,0,0,0,0,0,0,2.042,0,0,0,0,0,0,0,0,0,0,0,0,0,0,0,0,0,0
JPB:bin_000594,7.025,14.4,1.769,0,0,1.952,15.864,0,4.474,1.89,5.151,2.669,2.979,0,0,2.411,5.181,0,0,1.679,1.778,10.515,1.246,7.638,2.096,4.37,0,2.553,3.912,1.375,2.071,0,0,1.158,5.941,0,0,0,0,2.793,0,1.95
JPB:bin_000595,0,0,0,0,0,0,0,0,0,0,0,0,0,0,0,0,0,0,0,0,0,0,0,0,0,0,0,0,0,0,0,0,0,0,0,0,0,0,0,0,0,0
JPB:bin_000599,0,0,0,0,0,0,0,0,0,0,0,0,0,0,0,0,0,0,0,0,0,0,0,0,0,0,0,0,0,0,0,0,0,0,0,0,0,0,0,0,0,0
JPB:bin_000600,0,0,0,0,0,0,0,0,0,0,0,0,0,0,0,0,0,0,0,0,0,0,0,0,0,0,0,0,0,0,0,0,0,0,0,0,0,0,0,0,0,0
JPB:bin_000601,0,0,0,0,0,0,0,0,0,0,0,0,0,0,0,0,0,0,0,0,0,0,0,0,0,0,0,0,0,0,0,0,0,0,0,0,0,0,0,0,0,0
JPB:bin_000603,0,0,0,0,0,0,0,0,0,0,0,0,0,0,0,0,0,0,0,0,0,0,0,0,0,0,0,0,0,0,0,0,0,0,0,0,0,0,0,0,0,0
JPB:bin_000605,3.026,5.146,0,0,0,1.188,5.007,1.671,3.041,1.197,1.419,1.26,2.435,1.162,0,1.99,2.765,0,0,2.067,2.014,3.43,1.57,4.926,1.573,0,0,1.62,3.517,1.142,1.305,0,0,0,3.558,0,0,0,0,2.418,0,0
JPB:bin_000606,0,0,0,0,0,0,0,0,0,0,0,0,0,0,0,0,0,0,0,0,0,0,0,0,0,0,0,0,0,0,0,0,0,0,0,0,0,0,0,0,0,0
JPB:bin_000608,0,0,0,0,0,0,0,0,0,0,0,0,0,0,0,0,0,0,0,0,0,0,0,0,0,0,0,0,1.48,0,0,0,0,0,0,0,0,1.315,0,0,0,0
JPB:bin_000609,7.143,9.938,1.568,0,0,2.217,9.024,2.868,3.493,5.366,2.02,3.556,3.661,3.155,0,2.73,2.739,0,0,2.236,3.187,12.79,1.661,17.737,4.684,0,0,3.532,6.507,0,2.327,1.269,1.781,1.255,7.976,0,0,2.431,0,3.868,0,1.712
JPB:bin_000611,42.529,38.116,5.278,0,0,21.65,37.967,8.534,32.134,18.762,17.864,16.792,26.163,9.733,0,11.475,19.992,6.749,0,23.016,17.841,59.437,9.453,52.037,14.846,14.889,0,11.061,33.861,8.463,9.919,2.518,5.419,5.491,18.477,1.366,0,13.66,0,20.015,0,8.03
JPB:bin_000612,2.654,4.188,0,0,0,0,3.416,0,1.547,2.362,1.857,0,3.358,0,0,1.497,3.148,0,0,0,2.536,3.275,0,4.267,0,0,0,0,2.98,0,0,0,1.075,0,3.802,0,0,0,0,1.219,0,1.096
JPB:bin_000615,1.335,0,0,0,0,0,1.745,0,3.399,0,0,0,0,0,0,0,0,0,0,0,0,0,0,0,0,0,0,1.236,0,0,0,0,0,0,0,0,0,0,0,0,0,0
JPB:bin_000616,0,0,0,0,0,0,0,0,0,0,0,0,0,0,0,0,0,0,0,0,0,0,0,0,0,0,0,0,0,0,0,0,0,0,0,0,0,0,0,0,0,0
JPB:bin_000617,6.729,6.179,0,0,0,1.08,4.65,0,5.31,2.201,2.499,1.297,1.727,0,0,1.968,3.771,0,0,2.398,2.005,3.405,2.27,6.814,2.326,1.676,0,1.882,4.563,2.038,2.452,0,0,0,2.98,0,0,1.266,0,3.13,0,2.299
JPB:bin_000618,0,0,0,0,0,0,0,0,0,0,0,0,0,0,0,0,0,0,0,0,0,0,0,0,0,0,0,0,0,0,0,0,0,0,0,0,0,0,0,0,0,0
JPB:bin_000619,0,0,0,0,0,0,0,0,0,0,0,0,0,0,0,0,0,0,0,0,0,0,0,0,0,0,0,0,0,0,0,0,0,0,0,0,0,0,0,0,0,0
JPB:bin_000621,0,0,0,0,0,0,0,0,0,0,0,0,0,0,0,0,0,0,0,0,0,0,0,0,0,0,0,0,0,0,0,0,0,0,0,0,0,0,0,0,0,0
JPB:bin_000622,4.417,6.404,1.285,0,0,0,6.914,4.526,1.938,2.817,1.716,1.376,3.445,1.288,0,1.172,2.532,0,0,2.58,1.685,5.611,0,5.63,2.266,1.685,0,3.451,4.086,0,1.205,0,1.127,0,3.283,0,0,0,0,4.044,0,0
JPB:bin_000627,0,0,0,0,0,0,0,0,0,0,0,0,0,0,0,0,0,0,0,0,0,0,0,0,0,0,0,0,0,0,0,0,0,0,0,0,0,0,0,0,0,0
JPB:bin_000628,0,0,0,0,0,0,0,0,0,0,0,0,0,0,0,0,0,0,0,0,0,0,0,0,0,0,0,0,0,0,0,0,0,0,0,0,0,0,0,0,0,0
JPB:bin_000629,0,0,0,0,0,0,0,0,0,0,0,0,0,0,0,0,0,0,0,0,0,0,0,0,0,0,0,0,0,0,0,0,0,0,0,0,0,0,0,0,0,0
JPB:bin_000630,0,0,0,0,0,0,0,0,0,0,0,0,0,0,0,0,0,0,0,0,0,0,0,0,0,0,0,0,0,0,0,0,0,0,0,0,0,0,0,0,0,0
JPB:bin_000632,0,0,0,0,0,0,0,0,0,0,0,0,0,0,0,0,0,0,0,0,0,0,0,0,0,0,0,0,0,0,0,0,0,0,0,0,0,0,0,0,0,0
JPB:bin_000633,0,0,0,0,0,0,0,0,0,0,0,0,0,0,0,0,0,0,0,0,0,0,0,0,0,0,0,0,0,0,0,0,0,0,0,0,0,0,0,0,0,0
JPB:bin_000634,0,0,0,0,0,0,0,0,0,0,0,0,0,0,0,0,0,0,0,0,0,0,0,0,0,0,0,0,0,0,0,0,0,0,0,0,0,0,0,0,0,0
JPB:bin_000635,0,0,0,0,0,0,0,0,0,0,0,0,0,0,0,0,0,0,0,0,0,0,0,0,0,0,0,0,0,0,0,0,0,0,0,0,0,0,0,0,0,0
JPB:bin_000636,0,2.117,0,0,0,0,0,1.087,0,0,0,0,0,0,0,0,0,0,0,0,0,0,0,2.154,0,0,0,0,0,0,0,0,0,0,1.773,0,0,0,0,0,0,0
JPB:bin_000637,0,0,0,0,0,0,0,0,0,0,0,0,0,0,0,0,0,0,0,0,0,0,0,0,0,0,0,0,0,0,0,0,0,0,0,0,0,0,0,0,0,0
JPB:bin_000638,0,0,0,0,0,0,0,0,0,0,0,0,0,0,0,0,0,0,0,0,0,0,0,0,0,0,0,0,0,0,0,0,0,0,0,0,0,0,0,0,0,0
JPB:bin_000639,0,0,0,0,0,0,0,0,0,0,0,0,0,0,0,0,0,0,0,0,0,0,0,0,0,0,0,0,0,0,0,0,0,0,0,0,0,0,0,0,0,0
JPB:bin_000640,0,0,0,0,0,0,0,0,0,0,0,0,0,0,0,0,0,0,0,0,0,0,0,0,0,0,0,0,0,0,0,0,0,0,0,0,0,0,0,0,0,0
JPB:bin_000641,0,0,0,0,0,0,0,0,0,0,0,0,0,0,0,0,0,0,0,0,0,0,0,0,0,0,0,0,0,0,0,0,0,0,0,0,0,0,0,0,0,0
JPB:bin_000643,0,0,0,0,0,0,0,0,0,0,0,0,0,0,0,0,0,0,0,0,0,0,0,0,0,0,0,0,0,0,0,0,0,0,0,0,0,0,0,0,0,0
JPB:bin_000644,0,0,0,0,0,0,0,0,0,0,0,0,0,0,0,0,0,0,0,0,0,0,0,0,0,0,0,0,0,0,0,0,0,0,0,0,0,0,0,0,0,0
JPB:bin_000645,2.363,3.887,0,0,0,0,2.191,1.434,2.403,1.56,2.071,1.112,0,0,0,1.139,1.886,0,0,1.333,2,1.687,1.047,3.314,0,0,0,1.302,2.328,0,0,0,0,0,1.667,0,0,1.416,0,0,0,0
JPB:bin_000647,0,0,0,0,0,0,2.209,0,0,0,0,0,0,0,0,0,1.613,0,0,0,0,0,0,0,0,0,0,1.098,0,0,0,0,0,0,0,0,0,0,0,0,0,0
JPB:bin_000648,0,0,0,0,0,0,1.945,0,0,0,0,0,0,0,0,0,0,0,0,0,0,0,0,0,0,0,0,0,0,0,0,0,0,0,0,0,0,0,0,0,0,0
JPB:bin_000651,0,0,0,0,0,0,0,0,0,0,0,0,0,0,0,0,0,0,0,0,0,0,0,1.482,0,0,0,0,0,0,0,0,0,0,0,0,0,0,0,0,0,0
JPB:bin_000652,1.817,2.696,0,0,0,0,4.97,5.262,2.354,2.153,0,0,1.81,0,0,0,1.992,0,0,0,0,3.151,0,3.698,0,0,0,2.032,1.577,0,1.102,0,0,0,2.097,0,0,0,0,1.385,0,0
JPB:bin_000653,3.51,3.301,1.713,0,0,0,4.489,0,1.304,1.675,1.511,1.481,0,0,0,1.421,1.632,0,0,0,0,2.249,1.115,3.224,1.269,0,0,1.391,1.335,0,0,0,0,0,2.15,0,0,0,0,2.458,0,0
JPB:bin_000654,0,0,0,0,0,0,0,0,0,0,0,0,0,0,0,0,0,0,0,0,0,0,0,0,0,0,0,0,0,0,0,0,0,0,0,0,0,0,0,0,0,0
JPB:bin_000655,0,0,0,0,0,0,0,0,0,0,0,0,0,0,0,0,0,0,0,0,0,0,0,0,0,0,0,0,0,0,0,0,0,0,0,0,0,0,0,0,0,0
JPB:bin_000657,10.422,17.231,1.737,0,0,4.687,15.792,6.484,9.626,6.708,9.235,10.599,6.874,2.469,0,7.055,7.294,1.104,0,10.433,5.936,10.82,4.829,20.818,5.317,3.994,0,6.207,5.84,2.551,6.541,1.256,4.078,0,6.837,0.954,0,3.85,0,9.266,0,4.409
JPB:bin_000658,15.644,14.495,2.623,0,0,1.418,20.407,6.872,11.6,7.971,5.465,4.927,6.045,5.842,0,5.654,6.84,0,0,5.559,5.075,8.278,3.772,43.153,5.573,2.249,0,5.128,10.177,2.853,2.72,1.477,3.468,1.478,13.049,0,0,2.498,0,8.227,0,3.984
JPB:bin_000659,0,0,0,0,0,0,0,0,0,0,0,0,0,0,0,0,0,0,0,0,0,0,0,0,0,0,0,0,0,0,0,0,0,0,0,0,0,0,0,0,0,0
JPB:bin_000660,0,0,0,0,0,0,0,0,0,0,0,0,0,0,0,0,0,0,0,0,0,0,0,0,0,0,0,0,0,0,0,0,0,0,0,0,0,0,0,0,0,0
JPB:bin_000661,0,0,0,0,0,0,0,0,0,0,0,0,0,0,0,0,0,0,0,0,0,0,0,0,0,0,0,0,0,0,0,0,0,0,0,0,0,0,0,0,0,0
TJ1:bin_000004,8.915,16.51,1.72,0,0,3.511,2.82,1.818,6.995,2.958,0,3.06,7.467,0,1.849,6.726,2.432,1.991,0,3.335,1.798,5.997,3.854,8.018,4.815,3.61,0,13.89,4.142,0,2.374,4.694,0,0,5.519,0,0,2.291,0,10.714,0,0
TJ1:bin_000005,3.453,4.681,0,0,0,0,7.374,0,4.731,2.866,0,2.498,1.827,1.259,0,2.057,1.879,0,0,1.888,1.484,4.749,0,5.891,1.801,0,0,2.416,5.51,1.226,0,0,1.455,0,3.038,0,0,1.194,0,1.662,0,0
TJ1:bin_000006,0,0,0,0,0,0,0,0,0,0,0,0,0,0,0,0,0,0,0,0,0,0,0,0,0,0,0,0,0,0,0,0,0,0,0,0,0,0,0,0,0,0
TJ1:bin_000008,7.863,9.666,3.832,0,0,2.737,10.152,4.667,7.408,5.733,4.036,3.827,3.73,1.979,0,3.933,4.937,0,0,3.17,5.029,8.26,2.532,15.145,4.944,0,0,5.586,9.022,2.407,3.005,0,1.291,0,7.024,0,0,1.22,0,4.984,0,2.998
TJ1:bin_000010,0,0,0,0,0,0,0,0,0,0,0,0,0,0,0,0,0,0,0,0,0,1.393,0,0,0,0,0,0,0,0,0,0,0,0,0,0,0,0,0,0,0,0
TJ1:bin_000011,0,0,0,0,0,0,0,0,0,0,0,0,0,0,0,0,0,0,0,0,0,0,0,0,0,0,0,0,0,0,0,0,0,0,0,0,0,0,0,0,0,0
TJ1:bin_000016,0,0,0,0,0,0,0,0,0,0,0,0,0,0,0,0,0,0,0,0,0,0,0,0,0,0,0,0,0,0,0,0,0,0,0,0,0,0,0,0,0,0
TJ1:bin_000017,0,0,0,0,0,0,0,0,0,0,0,0,0,0,0,0,0,0,0,0,0,0,0,0,0,0,0,0,0,0,0,0,0,0,0,0,0,0,0,0,0,0
TJ1:bin_000023,0,0,0,0,0,1.652,2.206,0,0,0,1.411,1.137,0,0,0,0,0,0,0,1.3,1.211,1.333,0,1.646,0,0,0,0,0,0,0,0,0,0,0,0,0,0,0,0,0,0
TJ1:bin_000026,0,0,0,0,0,0,0,0,0,0,0,0,0,0,0,0,0,0,0,0,0,0,0,0,0,0,0,0,0,0,0,0,0,0,0,0,0,0,0,0,0,0
TJ1:bin_000028,0,0,0,0,0,0,0,0,0,0,0,0,0,0,0,0,0,0,0,0,0,0,0,0,0,0,0,0,0,0,0,0,0,0,0,0,0,0,0,0,0,0
TJ1:bin_000030,0,0,0,0,0,0,0,0,0,0,0,1.483,0,0,0,0,0,0,0,0,0,0,0,0,0,0,0,0,0,0,0,0,0,0,0,0,0,0,0,0,0,0
TJ1:bin_000031,0,0,0,0,0,0,0,0,0,0,0,0,0,0,0,0,0,0,0,0,0,0,0,0,0,0,0,0,0,0,0,0,0,0,0,0,0,0,0,0,0,0
TJ1:bin_000033,30.602,29.236,1.934,0,2.007,3.379,28.087,8.201,7.884,8.838,12.537,7.523,7.776,3.201,0,9.778,14.588,0,0,9.4,11.843,14.477,8.813,32.301,13.437,3.508,0,9.868,10.577,1.788,6.113,0,3.323,6.068,30.305,0,0,3.415,0,11.767,0,4.036
TJ1:bin_000037,5.17,3.34,0,0,0,1.027,7.163,1.426,1.567,1.34,1.99,1.806,2.445,0,0,1.437,2.507,0,0,2.396,0,2.454,1.262,4.214,1.581,0,0,1.519,1.778,0,1.208,0,0,0,3.203,0,0,0,0,2.079,0,0
TJ1:bin_000038,0,0,0,0,0,0,0,1.149,0,0,0,0,0,0,0,0,0,0,0,0,0,0,0,0,0,0,0,0,0,0,0,0,0,0,0,0,0,0,0,0,0,0
TJ1:bin_000042,0,0,0,0,0,0,0,0,0,0,0,0,0,0,0,0,0,0,0,0,0,0,0,0,0,0,0,0,0,0,0,0,0,0,0,0,0,0,0,0,0,0
TJ1:bin_000046,0,0,0,0,0,0,0,0,0,0,0,0,0,0,0,0,0,0,0,0,0,0,0,0,0,0,0,0,0,0,0,0,0,0,0,0,0,0,0,0,0,0
TJ1:bin_000047,2.903,4.146,0,0,0,0,4.62,1.113,3.137,0,0,1.168,1.907,0,0,1.935,3.589,0,0,1.587,1.754,2.536,0,8.732,1.616,0,0,2.016,1.872,0,1.09,0,0,0,0,0,0,0,0,3.451,0,1.152
TJ1:bin_000049,0,0,0,0,0,0,0,0,0,0,0,0,0,0,0,0,0,0,0,0,1.184,0,0,0,0,0,0,0,0,0,0,0,0,0,0,0,0,0,0,0,0,0
TJ1:bin_000053,0,1.132,0,0,0,0,1.37,1.459,0,0,0,0,0,0,0,0,0,0,0,0,0,0,0,0,0,0,0,0,1.058,0,0,0,0,0,1.276,0,0,0,0,0.98,0,0
TJ1:bin_000057,11.078,17.942,1.259,0,0,2.064,17.62,4.134,7.146,5.903,5.167,8.357,9.678,4.834,0,6.746,5.778,0,0,6.065,7.2,13.336,7.737,17.388,7.65,2.66,0,20.432,8.929,4.838,2.577,0,4.15,1.59,10.285,0,0,3.609,0,14.121,0,3.593
TJ1:bin_000062,4.258,4.021,1.243,0,0,1.852,3.381,1.84,3.571,1.865,1.431,1.098,1.627,1.254,0,1.292,0,0,0,1.239,3.227,3.336,0,4.144,1.899,1.376,0,1.367,2.68,0,1.575,0,0,0,3.705,0,0,1.243,0,3.073,0,0
TJ1:bin_000065,0,0,0,0,0,0,0,0,0,0,0,0,0,0,0,0,0,0,0,0,0,0,0,0,0,0,0,0,0,0,0,0,0,0,0,0,0,0,0,0,0,0
TJ1:bin_000071,32.726,62.284,6.201,2.537,3.504,5.68,45.566,7.36,23.056,48.966,4.241,15.028,43.863,13.345,2.268,17.203,12.644,0,0,7.788,8.343,53.262,3.116,73.645,24.076,12.056,0,36.077,39.169,15.067,15.399,1.858,7.65,7.358,23.586,5.454,0,24.883,0,18.001,0,24.632
TJ1:bin_000072,0,0,0,0,0,0,0,0,0,0,0,0,0,0,0,0,0,0,0,0,0,0,0,0,0,0,0,0,0,0,0,0,0,0,0,0,0,0,0,0,0,0
TJ1:bin_000075,0,1.483,0,0,0,0,2.215,0,0,0,0,0,1.721,0,0,0,0,0,0,0,1.287,1.403,0,3.353,0,1.4,0,0,0,0,0,0,0,0,0,0,0,0,0,0,0,0
TJ1:bin_000077,1.792,1.942,0,0,0,0,2.038,0,2.137,2.606,0,0,3.583,0,0,0,0,0,0,0,1.237,1.92,0,2.755,0,3.195,0,0,1.803,1.096,0,0,1.632,0,0,0,0,0,0,0,0,0
TJ1:bin_000082,0,0,0,0,0,0,0,0,0,0,0,0,0,0,0,0,0,0,0,0,0,0,0,1.166,0,0,0,0,0,0,0,0,0,0,0,0,0,0,0,0,0,0
TJ1:bin_000085,2.349,2.594,0,0,0,0,2.295,0,1.902,0,3.691,0,0,0,0,0,3.327,0,0,0,0,1.859,0,2.961,0,0,0,0,1.278,0,1.947,0,0,0,6.069,0,0,0,0,0,0,0
TJ1:bin_000086,0,1.816,0,0,0,1.22,0,0,1.64,0,0,0,1.451,0,0,0,0,0,0,0,0,1.58,0,2.042,0,3.11,0,0,0,0,0,0,0,0,0,0,0,0,0,1.271,0,0
TJ1:bin_000088,0,0,1.807,0,0,0,3.326,0,0,0,0,0,0,0,0,0,0,0,0,0,0,0,0,0,0,0,0,0,0,0,0,0,1.68,0,0,0,0,0,0,0,0,0
TJ1:bin_000089,2.002,0,0,0,0,0,1.942,0,0,0,0,0,0,0,0,0,0,0,0,0,0,0,0,1.868,0,0,0,0,0,0,0,0,0,0,0,0,0,0,0,1.253,0,0
TJ1:bin_000092,0,0,0,0,0,0,0,0,0,0,0,0,0,0,0,0,0,0,0,0,0,0,0,0,0,0,0,0,0,0,0,0,0,0,0,0,0,0,0,0,0,0
TJ1:bin_000093,2.894,3.247,0,0,0,0,3.186,0,3.089,1.197,0,0,1.514,0,0,1.156,0,0,0,0,1.204,1.181,1.741,5.042,1.619,0,0,2.22,3.121,0,0,0,0,0,1.772,1.059,0,0,0,0,0,0
TJ1:bin_000094,4.914,5.012,1.689,0,0,1.165,6.539,2.785,3.234,2.501,1.88,1.927,0,0,0,2.322,1.566,0,0,3.346,3.309,3.52,0,6.136,1.768,2.124,0,1.849,1.696,0,1.61,0,0,0,4.177,0,0,0,0,1.742,0,0
TJ1:bin_000097,12.466,13.612,2.659,0,0,3.537,7.979,5.794,6.232,6.316,5.052,5.441,6.537,2.246,0,7.139,7.644,0,0,3.323,6.378,15.439,1.73,14.129,4.829,2.709,0,4.613,9.323,1.89,3.984,0,2.895,1.172,14.722,0,0,1.809,0,4.978,0,3.169
TJ1:bin_000101,2.404,1.465,0,0,0,0,0,0,1.536,1.116,0,0,0,0,0,0,0,0,0,0,0,1.223,0,0,0,1.18,0,1.117,0,0,0,0,0,0,0,0,0,0,0,0,0,0
TJ1:bin_000109,0,0,0,0,0,0,0,0,0,0,0,0,0,0,0,0,0,0,0,0,0,0,0,0,0,0,0,0,0,0,0,0,0,0,0,0,0,0,0,0,0,0
TJ1:bin_000112,0,0,0,0,0,0,1.122,0,0,0,1.7,0,0,0,0,0,0,0,0,0,0,0,0,0,0,0,0,0,0,0,0,0,0,0,5.19,0,0,0,0,0,0,0
TJ1:bin_000114,0,0,0,0,0,0,0,0,0,0,0,0,0,0,0,0,0,0,0,0,0,0,0,0,0,0,0,0,0,0,0,0,0,0,0,0,0,0,0,0,0,0
TJ1:bin_000117,0,0,0,0,0,0,0,0,0,0,0,0,0,0,0,0,0,0,0,0,0,0,0,0,0,0,0,0,0,0,0,0,0,0,0,0,0,0,0,0,0,0
TJ1:bin_000119,0,0,0,0,0,0,0,0,0,0,0,0,0,0,0,0,0,0,0,0,0,0,0,0,0,0,0,0,0,0,0,0,0,0,0,0,0,0,0,0,0,0
TJ1:bin_000121,0,0,0,0,0,0,1.719,0,0,0,0,2.172,0,0,0,0,0,0,0,0,0,1.422,0,1.26,0,0,0,0,0,0,0,0,0,0,0,0,0,0,0,0,0,0
TJ1:bin_000124,0,0,0,0,0,0,1.316,0,0,0,0,1.399,0,0,0,0,0,0,0,0,0,2.224,0,1.246,0,0,0,0,0,0,0,0,0,0,0,0,0,0,0,0,0,0
TJ1:bin_000126,0,0,0,0,0,0,0,0,0,0,0,0,0,0,0,0,0,0,0,0,0,0,0,0,0,0,0,0,0,0,0,0,0,0,0,0,0,0,0,0,0,0
TJ1:bin_000133,2.327,1.436,0,0,0,0,5.834,0,1.829,1.737,0,1.162,2.384,1.425,0,0,1.806,0,0,0,0,3.116,0,3.969,1.26,0,0,1.339,1.499,0,0,0,0,0,1.211,0,0,0,0,0,0,0
TJ1:bin_000134,0,0,0,0,0,0,0,0,0,0,0,0,0,0,0,0,1.221,0,0,0,0,0,0,1.263,0,0,0,0,0,0,0,0,0,0,1.542,0,0,0,0,0,0,0
TJ1:bin_000137,0,0,0,0,0,0,0,0,0,0,0,0,0,0,0,0,0,0,0,0,0,0,0,0,0,0,0,0,0,0,0,0,0,0,0,0,0,0,0,0,0,0
TJ1:bin_000138,0,0,0,0,0,0,0,0,0,0,0,0,0,0,0,0,0,0,0,0,0,0,0,0,0,0,0,0,0,0,0,0,0,0,0,0,0,0,0,0,0,0
TJ1:bin_000143,0,0,0,0,0,0,3.943,0,0,0,0,0,0,0,0,0,0,0,0,0,0,0,0,3.269,0,0,0,0,0,0,0,0,0,0,0,0,0,0,0,0,0,0
TJ1:bin_000144,0,0,0,0,0,0,1.264,0,0,0,0,0,0,0,0,0,0,0,0,0,0,0,0,0,0,0,0,0,0,0,0,0,0,0,0,0,0,0,0,0,0,0
TJ1:bin_000147,0,0,0,0,0,0,1.35,0,0,0,0,1.354,0,0,0,0,0,0,0,0,0,0,0,1.417,0,0,0,0,0,0,0,0,0,0,0,0,0,0,0,0,0,0
TJ1:bin_000149,0,1.295,0,0,0,0,0,0,1.346,0,0,0,0,0,0,0,0,0,0,0,0,0,0,0,0,1.507,0,0,1.001,0,0,0,0,0,0,0,0,0,0,0,0,0
TJ1:bin_000151,0,1.492,0,0,0,0,0,0,0,0,0,0,0,0,0,0,0,0,0,0,0,0,0,1.288,0,0,0,0,0,0,0,0,0,0,0,0,0,0,0,0,0,0
TJ1:bin_000159,2.721,4.076,0,0,0,2.187,6.777,0,2.168,2.032,1.76,0,1.234,0,0,0,2.299,0,0,2.915,1.415,7.085,1.309,4.31,1.678,1.845,0,0,3.711,0,0,0,0,0,2.182,0,0,1.518,0,2.179,0,0
TJ1:bin_000163,2.869,2.217,0,0,0,0,2.15,1.46,2.141,0,1.663,1.119,1.96,0,0,0,1.014,0,0,0,0,1.413,0,2.431,0,1.525,0,0,1.321,0,0,0,0,0,0,0,0,0,0,1.88,0,0
TJ1:bin_000164,0,0,0,0,0,0,0,0,0,0,0,0,0,0,0,0,0,0,0,0,0,0,0,0,0,0,0,0,0,0,0,0,0,0,0,0,0,0,0,0,0,0
TJ1:bin_000166,0,0,0,0,0,0,0,0,0,0,0,0,0,0,0,0,0,0,0,0,0,0,0,0,0,0,0,0,0,0,0,0,0,0,0,0,0,0,0,2.278,0,0
TJ1:bin_000167,0,0,0,0,0,0,0,0,0,0,0,0,0,0,0,0,0,0,0,0,0,0,0,0,0,0,0,0,0,0,0,0,0,0,0,0,0,0,0,0,0,0
TJ1:bin_000168,0,0,0,0,0,0,0,0,0,0,0,0,0,0,0,0,0,0,0,0,0,0,0,0,0,0,0,0,0,0,0,0,0,0,0,0,0,0,0,0,0,0
TJ1:bin_000173,0,0,0,0,0,0,0,0,0,0,0,0,0,0,0,0,0,0,0,0,0,0,0,0,0,0,0,0,0,0,0,0,0,0,0,0,0,0,0,0,0,0
TJ1:bin_000175,0,0,0,0,0,0,0,0,0,0,0,0,0,0,0,0,0,0,0,0,0,0,0,0,0,0,0,0,0,0,0,0,0,0,0,0,0,0,0,0,0,0
TJ1:bin_000177,1.083,0,0,0,0,0,1.277,0,0,0,0,0,0,0,0,0,0,0,0,0,0,1.698,0,1.625,0,0,0,0,0,0,0,0,0,0,0,0,0,0,0,0,0,0
TJ1:bin_000183,1.138,1.132,0,0,0,0,1.44,0,0,0,0,1.031,1.053,0,0,0,0,0,0,0,0,1.658,0,3.049,0,0,0,1.587,1.872,0,0,0,0,0,0,0,0,0,0,0,0,0
TJ1:bin_000191,0,0,1.789,0,0,0,0,0,0,0,0,0,0,0,0,0,0,0,0,0,0,0,0,0,0,0,0,0,0,0,0,0,0,0,0,0,0,0,0,0,0,0
TJ1:bin_000194,0,0,0,0,0,0,2.639,0,0,0,0,0,0,0,0,0,0,0,0,0,0,0,0,0,0,0,0,0,0,0,0,0,0,0,0,0,0,0,0,0,0,0
TJ1:bin_000196,0,0,0,0,0,0,0,0,0,0,0,0,0,0,0,0,0,0,0,0,0,0,0,0,0,0,0,0,0,0,0,0,0,0,0,0,0,0,0,0,0,0
TJ1:bin_000197,0,0,0,0,0,0,0,0,0,0,0,0,0,0,0,0,0,0,0,0,0,0,0,0,0,0,0,0,0,0,0,0,0,0,0,0,0,0,0,0,0,0
TJ1:bin_000199,78.91,22.002,2.501,1.605,0,3.846,34.769,6.372,10.986,25.363,3.333,8.59,7.435,5.07,0,6.712,17.861,0,0,8.12,3.85,11.601,3.61,37.135,6.374,1.433,0,10.989,10.654,3.398,4.061,3.804,3.441,1.938,20.095,1.219,0,2.582,0,9.949,0,3.028
TJ1:bin_000211,0,0,0,0,0,0,0,0,0,0,0,1.085,0,0,0,0,0,0,0,0,0,0,0,0,0,0,0,0,0,0,0,0,0,0,0,0,0,0,0,0,0,0
TJ1:bin_000214,0,0,0,0,0,0,0,0,0,0,0,0,1.077,0,0,0,0,0,0,0,0,0,0,1.332,0,0,0,0,0,0,0,0,0,0,1.11,0,0,0,0,0,0,0
TJ1:bin_000217,0,0,0,0,0,0,0,0,0,0,0,0,0,0,0,0,0,0,0,0,0,0,0,0,0,0,0,0,0,0,0,0,0,0,0,0,0,0,0,0,0,0
TJ1:bin_000219,0,0,0,0,0,0,0,0,0,0,0,0,0,0,0,0,0,0,0,0,0,0,0,0,0,0,0,0,0,0,0,0,0,0,0,0,0,0,0,0,0,0
TJ1:bin_000222,3.706,2.698,2.354,0,0,0,5.065,0,2.208,0,1.251,0,1.845,0,0,0,1.777,0,0,1.34,1.78,2.818,1.942,2.783,0,0,0,1.147,1.998,0,0,0,0,0,1.605,0,0,0,0,1.146,0,0
TJ1:bin_000223,0,0,0,0,0,0,0,0,0,0,0,0,0,0,0,0,0,0,0,0,0,0,0,0,0,0,0,0,0,0,0,0,0,0,0,0,0,0,0,0,0,0
TJ1:bin_000225,0,2.151,0,0,0,0,1.596,0,1.484,0,0,0,1.325,1.617,0,0,0,0,0,0,1.894,1.605,0,0,0,0,0,1.394,0,0,0,0,0,0,0,0,0,0,0,0,0,0
TJ1:bin_000227,7.178,7.91,0,0,0,4.448,4.817,0,4.472,1.911,5.981,7.63,1.743,1.091,0,2.464,3.602,1.201,0,8.429,2.679,6.945,3.109,10.303,1.853,1.686,0,1.485,6.599,1.301,1.56,0,1.129,0,1.345,0,0,4.924,0,5.344,0,1.96
TJ1:bin_000240,0,0,0,0,0,0,0,0,0,0,0,0,0,0,0,0,0,0,0,0,0,0,0,0,0,0,0,0,0,0,0,0,0,0,0,0,0,0,0,0,0,0
TJ1:bin_000246,0,0,0,0,0,0,0,0,0,0,0,0,0,0,0,0,0,0,0,0,0,0,0,0,0,0,0,0,0,0,0,0,0,0,0,0,0,0,0,0,0,0
TJ1:bin_000248,0,0,0,0,0,0,0,0,0,0,0,0,0,0,0,0,0,0,0,0,0,0,0,0,0,0,0,0,1.061,0,0,0,0,0,0,0,0,0,0,0,0,0
TJ1:bin_000249,2.329,3.72,0,0,0,0,4.95,1.953,1.607,1.866,1.835,1.72,2.325,0,0,0,1.833,0,0,1.271,0,1.911,1.049,4.071,1.73,1.218,0,1.57,0,0,0,0,0,0,2.089,0,0,0,0,1.158,0,0
TJ1:bin_000252,9.216,10.629,0,0,0,1.905,6.58,0,6.366,4.407,3.854,2.936,4.353,2.337,0,3.171,3.267,0,0,4.396,1.372,9.892,1.281,10.113,4.322,1.828,0,7.019,5.758,0,2.11,0,0,0,3.837,0,0,2.927,0,4.042,0,1.396
TJ1:bin_000254,2.05,0,0,0,0,0,1.515,1.485,0,0,0,0,0,0,0,0,1.496,0,0,0,0,0,0,0,0,0,0,0,0,0,0,0,0,0,0,0,0,0,0,0,0,0
TJ1:bin_000260,5.192,5.77,1.146,0,0,3.25,5.48,0,3.202,2.49,2.731,1.804,2.341,1.59,0,1.889,3.323,0,0,2.91,1.72,8.024,1.174,6.076,1.83,1.704,0,0,2.76,0,1.693,0,0,1.358,4.775,0,0,0,0,3.104,0,0
TJ1:bin_000269,0,1.946,0,0,0,0,2.582,1.315,0,0,0,0,0,0,0,0,1.291,0,0,0,1.349,1.174,1.226,3.064,0,0,0,0,1.334,0,0,0,0,0,1.266,0,0,0,0,0,0,0
TJ1:bin_000276,0,0,0,0,0,0,0,0,0,0,0,1.473,0,0,0,0,0,0,0,0,0,0,0,0,0,0,0,0,0,0,0,0,0,0,0,0,0,0,0,0,0,0
TJ1:bin_000278,12.713,12.589,2.528,0,0,2.547,16.37,3.135,6.063,11.643,3.821,3.508,5.189,2.261,0,3.631,4.071,0,0,3.858,4.945,18.292,4.572,31.75,7.256,1.512,0,5.607,11.39,1.905,2.582,0,2.15,1.981,13.779,0,0,3.183,0,8.196,0,1.9
TJ1:bin_000279,5.376,5.014,0,0,0,2.429,7.752,1.227,2.394,2.148,1.586,2.72,2.776,0,0,1.625,2.476,0,0,2.243,0,4.497,0,6.405,1.685,0,0,2.111,5.103,1.092,1.193,0,0,0,1.655,0,0,0,0,2.418,0,1.275
TJ1:bin_000280,0,0,0,0,0,0,0,0,0,0,0,0,0,0,0,0,0,0,0,0,0,0,0,3.364,0,0,0,0,0,0,0,0,0,0,1.771,0,0,0,0,0,0,0
TJ1:bin_000285,0,0,0,0,0,0,0,0,0,0,0,0,0,0,0,0,0,0,0,0,0,0,0,0,0,0,0,0,0,0,0,0,0,0,0,0,0,0,0,0,0,0
TJ1:bin_000290,0,0,0,0,0,0,0,0,0,0,0,0,0,0,0,0,0,0,0,0,0,0,0,0,0,0,0,0,0,0,0,0,0,0,0,0,0,0,0,0,0,0
TJ1:bin_000299,1.619,0,0,0,0,0,0,0,0,0,0,0,0,0,0,0,0,0,0,0,0,0,0,0,0,0,0,1.829,0,0,0,0,0,0,0,0,0,0,0,0,0,0
TJ1:bin_000306,2.541,3.298,0,0,0,2.19,3.285,1.664,2.224,0,1.432,2.841,1.431,0,0,0,0,0,0,2.575,2.503,4.003,0,4.336,0,1.465,0,0,2.335,0,0,0,0,0,0,0,0,2.715,0,1.673,0,0
TJ1:bin_000307,1.702,2.158,0,0,0,0,1.213,0,0,0,0,1.492,0,0,0,0,0,0,0,1.14,1.151,1.854,0,1.359,0,0,0,0,0,0,0,0,0,0,0,0,0,0,0,0,0,0
TJ1:bin_000309,0,0,0,0,0,0,0,0,0,0,0,0,0,0,0,0,0,0,0,0,0,0,0,0,0,0,0,0,0,0,0,0,0,0,0,0,0,0,0,0,0,0
TJ1:bin_000313,0,3.226,0,0,0,0,3.281,0,0,0,0,0,0,0,0,0,0,0,0,0,0,3.653,0,3.445,0,0,0,0,0,0,0,0,0,0,0,0,0,0,0,0,0,0
TJ1:bin_000317,0,0,0,0,0,0,0,0,0,0,0,0,0,0,0,0,0,0,0,0,0,0,0,0,0,0,0,0,0,0,0,0,0,0,0,0,0,0,0,0,0,0
TJ1:bin_000319,1.967,6.239,0,0,0,2.524,4.21,2.203,3.787,2.333,0,1.972,2.4,1.351,0,1.418,3.2,0,0,1.766,3.17,3.175,2.166,9.396,0,1.792,0,2.217,3.11,1.013,1.641,0,1.515,0,1.775,0,0,1.79,0,2.768,0,0
TJ1:bin_000320,0,0,0,0,0,0,0,0,0,0,0,0,0,0,0,0,0,0,0,1.554,0,0,0,0,0,0,0,0,0,0,0,0,0,0,0,0,0,1.618,0,0,0,0
TJ1:bin_000322,2.062,2.175,0,0,0,0,2.084,0,1.79,0,0,1.406,0,0,0,0,1.624,0,0,0,1.334,1.778,0,4.04,1.298,0,0,0,0,0,0,0,0,0,0,0,0,0,0,0,0,0
TJ1:bin_000328,6.44,7.197,1.175,0,0,2.387,4.224,1.078,3.741,2.068,5.144,1.05,4.196,0,0,2.343,3.649,0,0,1.238,4.147,32.537,2.319,32.089,8.618,3.335,0,0,5.481,1.553,2.93,0,0,2.459,7.706,0,0,0,0,2.267,0,1.171
TJ1:bin_000340,0,0,0,0,0,0,0,0,0,0,0,0,0,0,0,0,0,0,0,0,0,0,0,0,0,0,0,0,0,0,0,0,0,0,0,0,0,0,0,0,0,0
TJ1:bin_000342,18.107,21.212,2.63,0,0,9.22,28.61,4.067,8.486,5.457,9.851,11.567,8.125,3.622,0,3.557,5.921,4.017,0,13.231,7.242,20.578,4.205,27.032,7.894,6.129,0,8.921,15.235,3.205,4.445,0,2.435,3.331,4.043,0,0,7.936,0,10.24,0,4.629
TJ1:bin_000354,0,0,0,0,0,0,0,0,0,0,0,0,0,0,0,0,0,0,0,0,0,0,0,1.221,0,0,0,0,0,0,0,0,0,0,0,0,0,0,0,0,0,0
TJ1:bin_000355,0,0,0,0,0,0,0,0,0,0,0,0,0,0,0,0,0,0,0,0,0,0,0,0,0,0,0,0,0,0,0,0,0,0,0,0,0,0,0,0,0,0
TJ1:bin_000360,1.883,0,0,0,0,0,2.749,0,0,0,0,0,0,0,0,0,0,0,0,0,0,0,0,3.157,0,0,0,0,0,0,0,0,0,0,0,0,0,0,0,1.402,0,0
TJ1:bin_000368,0,0,0,0,0,0,0,0,0,0,0,0,0,0,0,0,0,0,0,0,0,0,0,0,0,0,0,0,0,0,0,0,0,0,0,0,0,0,0,0,0,0
TJ1:bin_000377,0,0,0,0,0,0,0,0,0,0,0,0,0,0,0,0,0,0,0,0,0,0,0,0,0,0,0,0,0,0,0,0,0,0,0,0,0,0,0,0,0,0
TJ1:bin_000390,0,0,0,0,0,0,0,0,0,0,0,0,0,0,0,0,0,0,0,0,0,0,0,0,0,0,0,0,0,0,0,0,0,0,0,0,0,0,0,0,0,0
TJ1:bin_000391,2.108,2.178,0,0,0,0,2.748,0,1.931,0,1.361,0,1.606,0,0,1.73,1.827,0,0,1.325,2.466,3.046,0,2.952,0,0,0,1.967,0,0,0,0,0,0,1.616,0,0,0,0,1.452,0,0
TJ2:bin_000001,4.565,5.608,1.884,0,0,1.232,5.663,3.125,2.589,4.253,1.872,1.495,2.479,1.296,0,2.975,3.136,0,0,1.838,4.319,6.717,2.375,9.698,4.58,1.479,0,1.626,2.826,0,1.922,0,0,0,6.053,0,0,1.925,0,3.485,0,0
TJ2:bin_000002,0,0,0,0,0,0,0,0,0,0,0,0,0,0,0,0,0,0,0,0,0,0,0,0,0,0,0,0,0,0,0,0,0,0,0,0,0,0,0,0,0,0
TJ2:bin_000003,3.322,2.793,2.051,0,0,11.318,14.649,2.364,5.851,2.319,4.88,4.678,0,0,0,0,2.676,9.782,0,12.605,2.401,8.329,1.663,7.369,2.989,0,0,2.578,2.355,1.191,3.4,0,4.755,0,3.721,0,0,58.279,0,5.063,0,1.984
TJ2:bin_000004,0,0,0,0,0,0,0,0,0,0,0,0,0,0,0,0,0,0,0,0,0,0,0,0,0,0,0,0,0,0,0,0,0,0,0,0,0,0,0,0,0,0
TJ2:bin_000005,3.291,3.546,0,0,0,0,3.45,0,1.978,0,0,0,0,1.169,0,1.423,1.537,0,0,1.589,0,2.545,0,1.713,1.165,0,0,1.946,1.857,0,0,0,0,0,2.548,0,0,0,0,2.221,0,0
TJ2:bin_000006,14.547,21.155,5.493,0,0,4.764,23.866,5.658,11.215,8.532,5.694,12.121,8.635,3.383,0,9.634,7.433,0,0,9.058,8.995,13.835,5.522,25.336,5.2,3.777,0,17.026,5.487,3.328,3.142,1.207,5.315,2.278,9.907,0,0,2.431,0,9.175,0,3.702
TJ2:bin_000007,23.657,40.586,3.7,4.337,2.795,3.656,38.103,11.531,20.835,23.305,4.791,15.495,19.644,7.363,1.43,16.454,14.968,0,1.688,11.427,9.491,21.353,10.267,40.174,17.073,7.402,1.077,28.035,10.531,8.993,7.246,4.496,5.635,4.06,22.762,4.633,0,3.907,1.394,19.743,1.29,10.733
TJ2:bin_000009,1.654,2.042,2.633,0,0,1.506,1.35,0,2.891,1.332,1.765,0,1.712,0,0,1.895,0,0,0,0,1.609,2.716,0,3.239,0,5.912,0,0,1.478,0,0,0,0,0,0,0,0,0,0,2.474,0,0
TJ2:bin_000010,0,0,0,0,0,0,0,0,0,0,0,0,0,0,0,0,0,0,0,0,0,0,0,0,0,0,0,0,0,0,0,0,0,0,0,0,0,0,0,0,0,0
TJ2:bin_000014,0,0,0,0,0,0,0,0,0,0,0,0,0,0,0,0,0,0,0,0,0,0,0,0,0,0,0,0,0,0,0,0,0,0,0,0,0,0,0,0,0,0
TJ2:bin_000015,3.429,5.561,0,0,0,0,7.341,1.39,7.002,1.891,1.568,1.767,4.084,0,0,1.127,4.978,0,0,1.461,1.5,2.199,1.338,8.354,4.04,0,0,2.635,2.367,0,0,0,2.018,0,1.753,0,0,0,0,3.522,0,0
TJ2:bin_000016,1.872,3.389,0,0,0,0,3.397,1.844,0,0,0,0,1.585,1.738,0,1.977,1.188,0,0,1.315,0,1.9,0,2.817,1.223,0,0,1.231,0,0,1.174,0,0,0,1.901,0,0,0,0,2.312,0,0
TJ2:bin_000018,0,0,0,0,0,0,0,0,0,0,0,0,0,0,0,0,0,0,0,0,0,0,0,0,0,0,0,0,0,0,0,0,0,0,0,0,0,0,0,0,0,0
TJ2:bin_000019,0,2.136,2.748,0,0,1.335,0,0,3.36,1.536,0,0,2.322,0,0,1.83,0,0,0,0,3.048,2.538,0,1.697,0,5.022,0,1.152,1.706,0,0,0,0,0,0,0,0,0,0,3.063,0,0
TJ2:bin_000020,0,0,0,0,0,0,0,0,0,0,0,0,0,0,0,0,0,0,0,0,0,0,0,0,0,0,0,0,0,0,0,0,0,0,0,0,0,0,0,0,0,0
TJ2:bin_000029,0,0,0,0,0,0,0,0,0,0,0,0,0,0,0,0,0,0,0,0,0,0,0,0,0,0,0,0,0,0,0,0,0,0,0,0,0,0,0,0,0,0
TJ2:bin_000030,0,0,0,0,0,0,1.363,0,0,0,0,0,0,0,0,0,0,0,0,0,0,0,0,0,0,0,0,0,0,0,0,0,0,0,0,0,0,0,0,0,0,0
TJ2:bin_000035,3.302,2.514,0,0,0,0,3.184,0,0,1.369,2.478,0,0,0,0,0,1.48,0,0,0,0,3.438,0,11.458,0,0,0,0,1.753,0,1.3,0,0,0,3.853,0,0,0,0,0,0,0
TJ2:bin_000037,0,0,0,0,0,0,0,0,0,0,1.087,0,0,0,0,0,0,0,0,0,0,0,0,0,0,0,0,0,0,0,0,0,0,0,1.221,0,0,0,0,0,0,0
TJ2:bin_000039,10.112,17.506,3.001,0,0,4.583,17.526,7.082,9.005,6.91,4.539,8.089,4.569,5.086,0,7.416,9.165,1.403,0,8.303,5.792,8.452,5.827,18.883,4.824,1.516,0,6.05,9.457,2.67,3.246,1.564,3.238,1.235,14.323,0,0,4.302,0,7.055,0,2.427
TJ2:bin_000041,14.307,23.35,2.386,0,0,0,17.161,2.454,7.23,6.889,1.369,5.957,5.587,2.066,0,5.341,9.18,2.701,1.064,5.371,12.834,19.301,2.469,16.922,8.347,2.199,0,16.686,2.97,1.939,3.495,1.32,4.147,3.008,15.464,0,0,3.523,0,5.462,0,3.06
TJ2:bin_000043,5.97,7.472,3.344,0,0,1.484,7.899,0,6.729,4.526,3.553,2.687,4.096,1.905,0,2.675,3.182,0,0,2.746,4.215,7.015,1.73,13.269,1.684,0,0,4.049,8.798,1.961,3.418,0,3.479,0,7.573,0,0,0,0,5.528,0,1.292
TJ2:bin_000046,0,2.818,0,0,0,0,3.83,0,2.223,1.938,1.4,1.542,1.769,0,0,0,2.386,0,0,0,1.414,4.231,0,3.641,0,1.101,0,0,1.87,0,0,0,0,0,1.374,0,0,0,0,2.52,0,0
TJ2:bin_000048,0,0,0,0,0,0,0,0,0,0,0,0,0,0,0,0,0,0,0,0,0,0,0,0,0,0,0,0,0,0,0,0,0,0,0,0,0,0,0,0,0,0
TJ2:bin_000049,0,0,0,0,0,0,0,0,0,0,0,0,0,0,0,0,0,0,0,0,0,0,0,0,0,0,0,0,0,0,0,0,0,0,0,0,0,0,0,0,0,0
TJ2:bin_000053,17.506,24.175,2.962,0,0,6.945,26.187,9.551,12.306,6.963,8.327,10.807,7.561,6.67,0,8.672,10.509,0,0,11.645,9.941,13.193,8.348,27.729,7.376,2.536,0,10.402,11.927,5.36,6.337,1.853,3.934,2.192,16.466,1.547,0,5.747,0,13.93,0,5.968
TJ2:bin_000061,1.394,1.24,0,0,0,0,0,0,0,0,0,0,0,0,0,0,0,0,0,0,0,1.264,0,0,0,0,0,0,0,0,0,0,0,0,0,0,0,0,0,0,0,0
TJ2:bin_000065,2.399,4.554,0,0,0,0,0,0,0,0,0,5.41,0,0,0,0,0,0,0,0,3.129,2.944,1.1,8.283,0,0,0,0,0,0,0,0,0,0,0,0,0,0,0,1.493,0,0
TJ2:bin_000070,2.063,1.602,0,0,0,0,1.779,0,1.24,0,1.688,0,0,0,0,0,0,0,0,0,2.035,3.221,0,2.95,0,0,0,0,1.656,0,0,0,0,0,1.307,0,0,0,0,1.178,0,0
TJ2:bin_000072,5.027,8.388,1.258,0,0,1.485,6.896,1.011,2.79,3.426,1.677,2.712,2.648,1.342,0,3.533,2.511,0,0,2.938,2.327,4.574,1.645,8.217,2.947,0,0,3.201,3.084,0,1.472,0,0,0,3.052,0,0,1.662,0,3.413,0,1.309
TJ2:bin_000076,0,0,0,0,0,0,0,0,0,0,0,0,0,0,0,0,0,0,0,0,0,0,0,0,0,0,0,0,0,0,0,0,0,0,0,0,0,0,0,0,0,0
TJ2:bin_000081,0,0,0,0,0,0,0,0,0,0,0,0,0,0,0,0,0,0,0,0,0,0,0,0,0,0,0,0,0,0,0,0,0,0,0,0,0,0,0,0,0,0
TJ2:bin_000087,3.671,3.361,2.01,0,0,0,3.749,1.206,0,1.392,1.157,1.651,1.426,0,0,0,0,0,0,1.282,0,2.775,0,4.258,1.479,0,0,0,1.644,1.091,0,0,0,0,0,0,0,0,0,2.107,0,0
TJ2:bin_000093,0,0,0,0,0,0,0,0,0,0,0,0,0,0,0,0,0,0,0,0,0,0,0,0,0,0,0,0,0,0,0,0,0,0,0,0,0,0,0,0,0,0
TJ2:bin_000094,0,0,0,0,0,0,0,0,0,0,0,0,0,0,0,0,0,0,0,0,0,1.555,0,0,0,0,0,0,0,0,0,0,0,0,0,0,0,0,0,0,0,0
TJ2:bin_000096,0,0,0,0,0,0,0,0,0,0,0,0,0,0,0,0,0,0,0,0,0,0,0,0,0,0,0,0,0,0,0,0,0,0,0,0,0,0,0,0,0,0
TJ2:bin_000100,0,0,0,0,0,0,0,0,0,0,0,0,0,0,0,0,0,0,0,0,0,0,0,0,0,0,0,0,0,0,0,0,0,0,0,0,0,0,0,0,0,0
TJ2:bin_000105,14.131,16.378,0,0,0,0,19.721,0,12.375,6.768,5.642,6.457,8.273,0,0,6.19,9.481,0,0,6.093,6.407,11.393,0,21.064,6.358,0,0,11.108,9.25,0,0,0,0,0,13.688,0,0,0,0,8.539,0,0
TJ2:bin_000109,0,0,0,0,0,0,0,0,0,0,0,0,0,0,0,0,0,0,0,0,0,0,0,0,0,0,0,0,0,0,0,0,0,0,0,0,0,0,0,0,0,0
TJ2:bin_000111,0,0,0,0,0,0,0,0,0,0,0,0,0,0,0,0,0,0,0,0,0,0,0,0,0,0,0,0,0,0,0,0,0,0,0,0,0,0,0,0,0,0
TJ2:bin_000118,0,0,0,0,0,0,0,0,0,0,0,0,0,0,0,0,0,0,0,0,0,0,0,0,0,0,0,0,0,0,0,0,0,0,0,0,0,0,0,0,0,0
TJ2:bin_000134,0,2.493,0,0,0,0,1.756,0,1.135,0,0,0,0,0,0,0,0,0,0,0,1.086,1.342,0,0,0,0,0,0,0,0,0,0,0,0,0,0,0,0,0,0,0,0
TJ2:bin_000139,0,0,0,0,0,0,1.934,0,0,1.221,0,0,1.288,0,0,0,0,0,0,0,0,1.344,0,1.442,0,0,0,0,0,0,0,0,0,0,0,0,0,0,0,0,0,0
TJ2:bin_000142,2.257,3.94,0,0,0,2.749,2.577,0,3.069,1.189,1.585,2.96,1.439,0,0,0,1.748,0,0,1.369,2.279,2.992,0,4.132,1.412,2.782,0,1.727,2.06,0,1.592,0,0,0,1.17,0,0,1.553,0,1.441,0,1.07
TJ2:bin_000143,0,0,0,0,0,0,0,0,0,0,0,0,0,0,0,0,0,0,0,0,0,0,0,0,0,0,0,0,0,0,0,0,0,0,0,0,0,0,0,0,0,0
TJ2:bin_000144,0,0,0,0,0,0,0,0,0,0,0,0,0,0,0,0,0,0,0,0,0,0,0,0,0,0,0,0,0,0,0,0,0,0,0,0,0,0,0,0,0,0
TJ2:bin_000147,0,0,0,0,0,0,0,0,0,0,0,0,0,0,0,0,0,0,0,0,0,0,0,0,0,0,0,0,0,0,0,0,0,0,0,0,0,0,0,0,0,0
TJ2:bin_000148,0,0,0,0,0,0,0,0,0,0,0,0,0,0,0,0,0,0,0,0,0,0,0,0,0,0,0,0,0,0,0,0,0,0,0,0,0,0,0,0,0,0
TJ2:bin_000149,0,0,0,0,0,0,0,0,0,0,0,0,0,0,0,0,0,0,0,0,0,0,0,0,0,0,0,0,0,0,0,0,0,0,0,0,0,0,0,0,0,0
TJ2:bin_000150,0,0,0,0,0,0,0,0,0,0,0,0,0,0,0,0,0,0,0,0,0,0,0,0,0,0,0,0,0,0,0,0,0,0,0,0,0,0,0,0,0,0
TJ2:bin_000152,0,0,0,0,0,0,0,0,0,0,0,0,0,0,0,0,0,0,0,0,0,0,0,0,0,0,0,0,0,0,0,0,0,0,0,0,0,0,0,0,0,0
TJ2:bin_000154,1.855,2.079,2.932,0,0,0,3.092,0,0,1.545,0,0,1.986,0,0,1.015,1.428,0,0,0,0,2.513,0,2.436,0,0,0,0,1.207,0,0,0,1.623,0,1.585,0,0,0,0,0,0,0
TJ2:bin_000156,1.558,0,0,0,0,0,1.394,0,0,0,0,0,0,0,0,0,0,0,0,0,0,0,0,0,0,0,0,0,0,0,0,0,0,0,0,0,0,0,0,0,0,0
TJ2:bin_000159,0,0,0,0,0,2.01,1.434,0,0,0,0,1.433,1.422,0,0,0,0,0,0,3.114,0,1.938,0,0,0,1.254,0,0,1.863,0,0,0,0,0,0,0,0,2.127,0,1.483,0,0
TJ2:bin_000161,0,0,0,0,0,0,0,0,0,0,0,0,0,0,0,0,0,0,0,0,0,0,0,0,0,0,0,0,0,0,0,0,0,0,0,0,0,0,0,0,0,0
TJ2:bin_000166,5.604,5.139,1.514,0,0,2.407,3.998,1.394,3.254,0,3.573,2.936,1.954,1.448,0,1.594,2.328,0,0,1.771,0,5.324,1.615,4.744,1.162,2.359,0,1.581,3.564,0,1.204,0,0,0,3.841,0,0,1.303,0,3.065,0,1.337
TJ2:bin_000167,0,0,0,0,0,0,0,0,0,0,0,0,0,0,0,0,0,0,0,0,0,0,0,0,0,0,0,0,0,0,0,0,0,0,0,0,0,0,0,2.711,0,0
TJ2:bin_000168,0,0,0,0,0,0,0,0,0,0,0,0,0,0,0,0,0,0,0,0,0,0,0,0,0,0,0,0,0,0,0,0,0,0,0,0,0,0,0,0,0,0
TJ2:bin_000171,0,0,1.928,0,0,0,0,0,0,0,0,0,0,0,0,0,0,0,0,0,0,0,0,0,0,0,0,0,0,0,0,0,0,0,0,0,0,0,0,0,0,0
TJ2:bin_000173,0,0,0,0,0,0,0,0,0,0,0,0,1.221,0,0,0,0,0,0,0,0,0,0,0,0,1.455,0,0,0,0,0,0,0,0,0,0,0,0,0,0,0,0
TJ2:bin_000175,0,0,0,0,0,0,0,0,0,0,0,0,0,0,0,0,0,0,0,0,0,0,0,0,0,0,0,0,0,0,0,0,0,0,0,0,0,0,0,0,0,0
TJ2:bin_000178,0,0,0,0,0,0,1.192,0,0,0,1.941,0,0,0,0,0,1.723,0,0,0,0,0,0,1.548,0,0,0,0,0,0,0,0,0,0,2.726,0,0,0,0,0,0,0
TJ2:bin_000186,0,0,0,0,0,0,0,0,0,0,0,0,0,0,0,0,0,0,0,0,0,0,0,0,0,0,0,0,0,0,0,0,0,0,0,0,0,0,0,0,0,0
TJ2:bin_000189,0,0,0,0,0,0,0,0,0,0,0,0,0,0,0,0,0,0,0,0,0,0,0,0,0,0,0,0,0,0,0,0,0,0,0,0,0,0,0,0,0,0
TJ2:bin_000194,0,2.28,0,0,0,0,2.641,0,1.795,0,1.342,0,5.022,0,0,0,1.294,0,0,0,0,1.87,0,0,1.336,0,0,0,0,0,0,0,0,0,0,0,0,0,0,0,0,0
TJ2:bin_000196,1.406,0,0,0,0,4.655,1.4,0,8.575,3.547,5.062,0,5.913,0,0,0,3.268,0,0,0,5.901,7.333,0,5.507,3.766,15.453,0,3.43,0,1.74,0,0,2.287,0,0,0,0,0,0,8.35,0,3.034
TJ2:bin_000197,1.996,2.882,0,0,0,0,2.664,0,3.798,0,0,0,4.541,0,0,1.236,1.969,0,0,0,5.746,4.651,0,3.574,0,4.47,0,1.78,1.342,1.629,0,0,0,0,0,0,0,0,0,7.373,0,0
TJ2:bin_000198,0,0,0,0,0,0,0,0,0,0,0,0,0,0,0,0,0,0,0,0,0,0,0,0,0,0,0,0,0,0,0,0,0,0,0,0,0,0,0,0,0,0
TJ2:bin_000199,2.553,5.544,0,0,0,2.139,2.914,1.741,2.53,0,2.815,2.313,1.456,0,0,1.399,1.646,0,0,3.768,0,3.24,2.165,5.056,0,0,0,1.134,2.717,0,1.142,0,0,0,0,0,0,2.588,0,2.227,0,0
TJ2:bin_000200,0,0,0,0,0,0,0,0,0,0,0,0,0,0,0,0,0,0,0,0,0,0,0,0,0,0,0,0,0,0,0,0,0,0,0,0,0,0,0,0,0,0
TJ2:bin_000201,0,0,0,0,0,0,0,0,0,0,0,0,0,0,0,0,0,0,0,0,0,0,0,1.199,0,0,0,0,0,0,0,0,0,0,0,0,0,0,0,0,0,0
TJ2:bin_000203,0,0,0,0,0,0,0,0,0,0,0,0,0,0,0,0,0,0,0,0,0,0,0,0,0,0,0,0,0,0,0,0,0,0,0,0,0,0,0,0,0,0
TJ2:bin_000208,0,0,0,0,0,0,1.753,0,0,0,0,0,0,0,0,0,0,0,0,0,0,0,0,0,0,0,0,0,0,0,0,0,0,0,0,0,0,0,0,0,0,0
TJ2:bin_000214,0,0,0,0,0,0,0,0,0,0,0,0,0,0,0,0,0,0,0,0,0,0,0,0,0,0,0,0,0,0,0,0,0,0,0,0,0,0,0,0,0,0
TJ2:bin_000220,1.791,1.645,0,0,0,1.142,3.646,0,1.284,0,0,0,1.432,0,0,0,0,0,0,0,0,2.102,0,2.639,0,1.964,0,0,1.511,0,0,0,0,0,0,0,0,0,0,0,0,0
TJ2:bin_000223,0,0,0,0,0,0,1.332,0,0,0,0,0,0,0,0,0,1.347,0,0,0,0,1.354,0,0,0,0,0,0,0,0,0,0,0,0,0,0,0,0,0,0,0,0
TJ2:bin_000225,0,0,0,0,0,0,0,0,0,0,0,0,0,0,0,0,0,0,0,0,0,0,0,1.114,0,0,0,0,0,0,0,0,0,0,0,0,0,0,0,0,0,0
TJ2:bin_000231,2.185,3.003,0,0,0,0,2.182,0,3.594,0,0,1.651,0,0,0,1.422,1.64,0,0,1.398,0,2.054,0,2.878,0,0,0,0,1.959,0,1.391,0,0,0,2.089,0,0,0,0,0,0,0
TJ2:bin_000234,0,2.143,0,0,0,0,4.045,1.215,1.703,1.353,2.242,0,1.16,0,0,0,0,0,0,0,0,1.64,0,1.63,0,0,0,0,0,0,0,0,0,0,1.363,0,0,0,0,1.593,0,0
TJ2:bin_000236,0,0,0,0,0,0,0,0,0,0,0,0,0,0,0,0,0,0,0,0,0,0,0,0,0,0,0,0,0,0,0,0,0,0,0,0,0,0,0,0,0,0
TJ2:bin_000238,3.394,1.807,0,0,0,0,4.686,0,1.934,1.5,0,0,1.34,0,0,0,1.886,0,0,0,0,4.116,0,4.95,1.737,3.668,0,1.366,2.12,0,1.494,0,0,0,1.253,0,0,0,0,1.358,0,0
TJ2:bin_000245,15.671,24.252,1.533,1.163,0,12.328,15.449,2.757,7.932,5.156,12.923,14.195,5.163,2.21,0,5.56,6.01,4.894,0,22.973,4.809,18.802,6.904,22.184,5.961,3.586,0,6.001,12.924,2.636,3.894,0.962,3.03,1.854,5.503,0,0,14.381,0,11.609,0,4.796
TJ2:bin_000253,2.931,2.996,0,0,0,0,4.453,0,3.128,1.371,1.768,2.784,0,1.779,0,1.435,2.458,0,0,0,1.921,1.293,2.219,4.938,1.437,0,0,1.554,1.126,0,0,0,0,0,2.261,0,0,0,0,2.452,0,0
TJ2:bin_000266,2.163,1.934,0,0,0,0,2.811,0,2.029,0,0,0,0,0,0,0,0,0,0,0,0,5.441,0,0,0,0,0,0,0,0,1.217,0,0,0,0,0,0,0,0,0,0,0
TJ2:bin_000283,0,0,0,0,0,0,0,0,0,0,1.21,0,0,0,0,0,0,0,0,0,0,0,0,0,0,0,0,0,0,0,0,0,0,0,0,0,0,0,0,0,0,0
TJ2:bin_000284,0,0,0,0,0,0,0,0,0,0,0,0,0,0,0,0,0,0,0,0,0,0,0,0,0,0,0,0,0,0,0,0,0,0,0,0,0,0,0,0,0,0
TJ2:bin_000289,0,0,0,0,0,0,0,0,0,0,0,0,0,0,0,0,0,0,0,0,0,0,0,0,0,0,0,0,0,0,0,0,0,0,0,0,0,0,0,0,0,0
TJ2:bin_000298,0,1.225,0,0,0,0,1.279,0,1.459,0,0,0,0,0,0,0,0,0,0,0,0,1.726,0,2.162,0,0,0,0,1.14,0,0,0,0,0,1.087,0,0,0,0,1.926,0,0
TJ2:bin_000319,0,0,0,0,0,0,0,4.036,0,0,0,0,0,0,0,0,0,0,0,0,0,0,0,1.23,0,0,0,0,0,0,0,0,0,0,1.409,0,0,0,0,0,0,0
TJ2:bin_000332,0,1.294,0,0,0,0,0,0,1.795,0,3.469,0,0,0,0,0,0,0,0,0,0,0,0,3.048,0,0,0,0,0,0,0,0,0,0,1.977,0,0,0,0,0,0,0
TJ2:bin_000333,0,0,0,0,0,0,0,0,0,0,0,0,0,0,0,0,0,0,0,0,0,0,0,0,0,0,0,0,0,0,0,0,0,0,0,0,0,0,0,0,0,0
