genome,M303845,M303856,M303842,M303840,M303853,M303830,M303833,M303839,M303848,M303869,M303832,M303852,M303854,M303851,M303838,M303835,M303847,M303829,M303846,M303850,M303834,M303866,M303827,M303844,M303858,M303871,M303841,M303828,M303831,M303865,M303863,M303872,M303870,M303862,M303857,M303849,M303868,M303860,M303861,M303867,M303836,M303859
D300242:bin_000001,0,0,0,0,0,0,0,0,0,0,0,0,0,0,0,0,0,0,0,0,0,0,0,0,1.882,1.207,0,0,0,0,0,0,0,0,0,0,0,0,0,0,0,0
D300242:bin_000002,0,0,0,0,0,3.976,0,4.919,1.61,0,2.768,0,0,0,0,0,0,2.411,1.531,0,0,0,0,3.986,11.576,4.225,0,1.703,0,0,9.583,4.282,1.519,1.331,0,0,8.876,0,0,1.569,0,10.83
D300242:bin_000003,0,0,6.149,0,0,1.777,0,0,0,0,0,0,0,0,0,0,0,0,1.196,0,0,0,0,0,2.895,1.485,0,0,0,0,0,0,0,0,0,0,1.755,0,0,1.253,0,0
D300242:bin_000023,3.754,10.691,6.347,0,0,3.127,0,3.349,5.919,5.105,9.082,7.146,1.793,3.372,2.662,3.478,0,2.716,5.292,4.387,1.901,1.229,4.4,5.778,11.858,11.474,1.377,2.777,4.519,8.769,9.194,2.59,4.499,2.428,0,0,14.825,2.532,4.355,0,2.661,7.877
D300242:bin_000025,0,0,0,0,0,0,0,0,0,0,0,0,0,0,0,0,0,0,0,0,0,0,0,0,0,0,0,0,0,0,0,0,0,0,0,0,0,0,0,0,0,0
D300243:bin_000004,0,3.391,6.438,0,0,5.817,0,3.725,6.114,6.984,13.281,5.381,2.519,2.092,2.627,3.345,0,3.362,9.855,6.96,3.102,2.716,2.339,5.2,11.823,12.358,1.077,4.746,1.593,17.03,11.951,4.549,5.1,1.379,0,0,11.055,2.434,9.477,1.62,1.162,8.854
D300243:bin_000028,6.673,9.336,49.372,3.491,0,28.442,0,22.385,37.815,27.976,63.257,30.397,6.018,18.052,34.987,27.823,2.161,40.908,24.682,29.187,6.461,15.179,25.848,47.854,80.581,64.379,10.505,31.691,15.681,69.435,87.86,27.331,47.237,21.383,4.695,0,75.428,13.262,57.464,11.099,15.984,51.481
D300243:bin_000041,3.899,3.435,3.463,0,0,3.613,0,3.828,8.25,6.247,5.254,3.542,6.48,1.697,2.038,2.03,0,3.279,6.849,3.787,0,2.287,1.417,3.539,11.88,6.505,0,3.995,2.697,8.934,4.172,2.874,5.291,1.407,0,0,9.663,0,5.037,1.429,2.193,10.802
D300243:bin_000043,2.734,4.658,13.283,0,0,5.05,0,5.365,7.325,8.191,12.334,3.224,2.861,3.044,3.545,3.794,0,3.527,4.036,4.759,1.418,2.597,4.76,4.17,13.505,11.496,2.704,4.183,2.708,22.812,11.182,7.124,5.923,3.548,0,0,8.827,0,8.598,1.846,2.862,10.545
D300244:bin_000018,3.436,4.462,11.778,0,0,4.292,0,4.235,6.254,5.806,16.923,3.36,1.575,3.279,4.014,4.834,0,4.203,4.318,6.091,2.204,3.074,4.713,5.141,14.933,14.118,6.802,4.276,3.595,22.308,11.101,7.345,4.566,2.308,0,0,13.438,2.396,11.496,6.023,3.017,11.012
D300244:bin_000021,0,1.341,3.184,0,0,4.255,0,3.115,3.406,5.018,6.554,3.876,1.453,1.734,1.382,3.51,0,6.702,3.005,3.526,0,0,3.035,5.692,7.646,13.94,1.499,5.845,1.542,5.096,7.172,4.031,6.582,2.381,0,0,18.226,0,9.13,0,1.249,2.425
D300244:bin_000028,2.276,5.245,18.686,0,0,10.982,0,7.152,7.253,6.322,16.869,7.897,2.605,3.675,8.859,8.432,0,7.964,9.105,10.089,6.306,3.445,7.064,11.208,19.274,18.542,0,6.489,5.029,19.894,15.036,9.455,11.058,4.631,1.546,0,25.527,2.557,13.138,16.551,3.125,15.23
D300245:bin_000010,1.391,7.725,5.332,0,0,6.086,0,6.171,7.372,10.961,10.674,2.936,3.672,3.108,2.465,2.307,0,2.09,5.527,3.697,0,0,5.243,4.734,18.483,9.185,1.437,4.424,2.953,13.635,9.051,4.425,3.754,3.561,0,0,8.252,1.544,12.038,0,1.737,7.267
D300245:bin_000013,0,0,1.644,0,0,0,0,0,3.529,1.933,2.642,0,0,1.94,1.638,0,0,2.303,0,1.71,0,0,1.394,2.406,4.744,2.667,0,2.187,0,2.504,2.312,0,3.757,0,0,0,3.572,0,2.585,0,0,3.011
D300245:bin_000018,0,0,0,0,0,0,0,0,0,0,0,0,2.085,0,0,0,0,0,0,0,0,0,0,0,0,0,0,0,0,0,0,0,0,0,0,0,0,0,0,0,0,1.565
D300245:bin_000027,15.667,24.924,11.227,0,0,19.867,0,20.455,44.078,21.906,13.815,15.398,18.72,14.804,6.212,6.955,0,10.24,27.557,10.275,3.737,16.285,4.694,10.421,28.434,30.421,1.782,13.547,7.886,24.635,8.918,17.34,15.054,3.49,1.775,0,15.918,2.2,19.113,2.37,6.765,71.797
D300245:bin_000045,15.434,25.831,54.525,1.655,0,38.929,0,24.779,41.871,22.449,62.91,20.598,9.742,14.999,16.618,26.248,2.005,18.844,27.113,26.993,7.26,12.153,31.464,28.797,63.454,72.229,7.214,34.293,12.079,71.316,51.646,16.21,24.809,15.985,10.202,0,68.846,6.028,50.986,7.123,11.997,41.247
D300246:bin_000002,23.541,7.922,15.188,1.102,0,11.097,0,13.566,14.408,21.686,26.353,5.116,11.483,5.468,5.872,2.432,0,6.01,33.114,7.703,1.219,5.512,9.039,2.967,19.457,19.705,5.705,10.271,5.191,32.091,18.044,10.36,6.25,7.507,1.766,0,11.695,1.342,16.96,2.283,4.44,25.573
D300246:bin_000010,0,0,2.186,0,0,0,0,0,0,0,1.332,0,0,0,0,0,0,0,0,0,0,0,0,0,2.175,1.51,0,0,0,1.757,1.572,0,0,0,0,0,0,0,0,0,0,1.188
D300246:bin_000011,0,2.026,6.38,0,0,1.352,0,1.918,3.535,6.109,2.577,1.555,1.191,1.679,3.25,3.538,0,0,21.478,0,2.224,1.673,0,2.855,5.935,20.999,0,2.021,1.371,8.148,5.232,1.996,2.281,2.592,4.215,0,8.288,0,8.452,4.864,2.322,2.334
D300246:bin_000018,0,0,1.555,0,0,0,0,0,0,0,0,0,0,0,0,0,0,0,0,0,0,0,0,0,2.676,3.682,0,0,0,0,0,0,0,0,0,0,0,0,0,0,0,0
D300246:bin_000044,0,2.843,0,0,0,3.509,0,5.715,3.711,0,6.361,0,2.02,0,0,0,0,0,0,4.407,0,1.714,2.788,3.097,7.915,5.796,0,6.433,0,0,0,0,0,2.493,0,0,6.231,0,7.052,0,0,0
D300246:bin_000052,3.466,2.334,2.369,0,0,2.112,0,2.685,2.908,2.36,3.121,0,2.591,1.676,1.405,1.396,0,1.434,9.892,1.561,0,1.316,0,1.819,5.153,4.992,0,1.745,0,4.272,2.131,1.811,2.558,0,0,0,4.051,0,3.024,0,0,6.536
D300247:bin_000006,9.468,15.593,27.449,0,0,21.936,0,9.312,17.402,20.265,32.739,9.151,8.911,8.975,13.016,8.658,0,9.873,13.516,15.645,2.34,5.244,15.085,8.613,57.588,28.677,4.083,12.533,12.219,40.255,25.402,13.129,12.624,10.151,3.909,0,27.079,4.238,18.522,2.509,6.958,27.797
D300248:bin_000004,2.978,30.503,4.202,0,0,44.207,0,4.602,60.11,6.508,7.862,5.341,56.843,5.241,2.98,5.453,0,4.579,6.639,7.977,1.782,3.467,3.35,5.781,128.048,12.799,0,6.33,3.568,17.956,5.434,5.441,6.948,2.174,3.545,0,10.016,0,9.751,1.541,2.535,25.704
D300248:bin_000008,0,5.493,3.53,0,0,6.343,0,8.725,5.559,5.023,12.037,6.335,3.761,2.064,2.287,2.618,0,9.082,5.483,4.175,1.862,1.781,6.941,5.219,12.31,10.822,0,5.846,1.617,9.826,5.751,3.933,3.761,4.127,0,0,10.715,1.375,14.303,1.358,1.642,4.484
D300248:bin_000018,0,0,0,0,0,0,0,0,0,0,0,0,0,0,0,0,0,0,0,0,0,0,0,0,0,0,0,0,0,0,0,0,0,0,0,0,0,0,0,0,0,0
D300248:bin_000023,2.195,1.244,0,0,0,1.808,0,1.793,5.906,0,1.733,0,3.121,0,0,0,0,0,5.064,1.685,0,0,0,0,2.04,1.684,0,0,0,4.562,0,1.278,0,0,0,0,1.437,0,1.333,0,0,2.321
D300248:bin_000024,6.769,4.744,27.273,1.418,0,26.769,0,13.732,35.992,18.346,42.441,16.669,3.141,14.204,25.467,13.043,2.261,23.253,12.596,17.786,6.566,10.023,17.523,27.089,33.684,32.826,6.663,16.473,10.972,29.257,51.359,20.496,50.918,12.771,0,0,59.25,5.434,29.3,11.587,16.842,23.57
D300249:bin_000005,0,2.479,7.478,0,0,6.958,0,2.447,3.408,3.285,5.765,2.168,1.385,0,2.044,0,0,0,2.817,1.944,1.879,1.494,1.755,3.396,6.405,9.658,0,3.324,1.495,9.709,4.404,2.069,2.189,0,0,0,10.34,0,6.707,0,1.34,6.621
D300249:bin_000046,0,0,0,0,0,0,0,0,1.584,0,0,0,0,0,0,0,0,0,0,0,0,0,0,0,1.79,0,0,0,1.867,2.622,0,0,0,0,0,0,1.95,0,0,0,0,9.262
D300250:bin_000017,0,0,0,0,0,0,0,1.241,1.456,0,1.762,1.351,0,0,0,0,0,1.419,0,0,0,0,0,0,2.859,1.664,0,1.296,0,2.539,1.423,0,0,0,0,0,4.072,0,1.879,0,0,1.519
D300250:bin_000018,0,1.236,2.084,0,0,1.848,0,1.57,1.735,0,2.917,0,0,1.734,0,1.289,0,1.411,1.539,0,0,0,0,1.308,4.116,2.327,0,1.111,0,1.755,2.425,0,1.223,0,0,0,1.833,0,1.294,0,0,2.557
D300250:bin_000024,0,2.821,4.472,0,0,3.426,0,3.149,2.091,3.202,11.958,4.588,0,1.415,3.638,4.336,0,3.64,3.372,4.566,1.615,0,1.2,3.826,13.15,12.115,0,5.193,2.568,11.1,6.033,5.286,6.508,2.42,1.216,0,9.857,1.559,3.352,6.708,2.471,5.394
D300251:bin_000015,1.263,2.944,11.701,0,0,7.188,0,5.584,5.679,5.191,13.858,9.162,1.172,4.897,2.994,7.084,0,7.059,10.568,3.343,1.781,3.331,7.232,9.006,18.07,12.175,1.44,8.371,3.326,16.176,10.301,5.027,5.204,5.038,0,0,14.946,1.752,14.639,1.696,3.51,6.86
D300251:bin_000040,0,0,7.864,0,0,8.008,0,3.08,6.087,5.445,8.476,3.843,0,3.285,4.918,3.964,0,4.29,3.129,2.211,2.489,3.66,3.005,4.716,9.202,9.689,0,3.281,2.361,11.422,5.894,2.701,10.204,1.761,0,0,8.981,1.831,8.409,2.895,3.872,6.651
D300252:bin_000001,2.921,2.677,12.182,1.784,0,6.321,0,5.207,7.067,7.321,16.005,7.698,1.245,2.615,8.441,9.912,0,4.827,4.844,6.072,1.768,5.697,5.47,8.307,20.713,8.044,1.537,6.505,5.103,20.991,9.146,6.693,7.045,2.542,1.742,0,14.066,3.382,10.173,9.175,3.448,20.398
D300252:bin_000010,0,0,0,0,0,0,0,0,0,0,0,0,0,0,0,0,0,0,0,0,0,0,0,0,0,0,0,0,0,0,0,0,0,0,0,0,0,0,0,0,0,0
D300252:bin_000011,0,0,0,0,0,1.625,0,0,0,0,1.263,0,1.499,0,0,0,0,0,0,0,0,0,0,0,0,0,0,0,0,0,0,0,0,0,0,0,0,0,0,0,0,0
D300252:bin_000020,0,1.615,9.281,0,0,7.24,0,3.957,9.054,5.956,17.588,6.438,5.447,8.257,12.18,6.776,0,9.793,3.487,3.732,2.21,2.223,7.376,14.92,28.649,14.362,1.848,8.486,4.92,23.671,12.984,5.858,4.506,3.354,0,0,26.999,2.826,23.57,2.22,3.326,7.478
D300253:bin_000005,3.16,2.905,12.707,0,0,4.994,0,5.169,5.507,6.844,14.707,6.189,1.313,2.586,4.831,3.65,0,4.416,6.452,3.99,2.067,2.593,5.927,6.124,9.734,9.43,3.258,5.983,3.291,15.233,8.28,3.762,4.682,4.299,0,0,14.119,1.696,4.802,2.034,4.124,6.879
D300253:bin_000007,0,13.717,1.325,0,0,17.363,0,3.73,16.774,3.576,3.542,2.326,22.578,1.639,1.244,1.927,0,1.466,2.414,2.876,0,1.315,0,2.43,29.53,3.991,0,2.021,0,7.335,1.618,1.68,2.404,0,1.372,0,2.819,0,3.153,0,0,11.915
D300253:bin_000040,3.205,4.525,13.619,0,0,7.556,0,3.723,6.914,7.458,21.671,4.288,0,1.336,4.656,4.144,0,5.1,5.265,6.532,2.868,2.555,6.957,6.842,13.297,15.961,3.227,4.209,4.722,17.969,12.79,6.789,7.385,3.136,0,0,15.932,1.37,13.009,4.604,3.813,6.155
D300254:bin_000011,1.552,0,8.896,0,0,7.614,0,6.027,6.933,4.608,18.122,4.137,2.353,6.424,9.276,8.966,0,8.269,4.945,4.026,1.935,2.553,7.442,9.93,16.812,10.065,1.861,5.078,4.547,17.517,13.862,6.065,8.816,4.346,0,0,16.026,4.434,15.901,2.228,2.422,9.638
D300254:bin_000016,0,0,2.058,0,0,0,0,0,1.138,1.313,2.442,0,0,0,1.321,1.315,0,1.603,0,1.541,0,0,0,0,3.545,2.445,0,0,0,0,1.96,0,1.726,0,0,0,1.92,0,1.225,0,0,2.636
D300254:bin_000019,46.172,113.283,143.558,6.916,0,80.433,2.846,48.058,118.547,124.65,180.061,33.565,52.434,63.63,58.469,39.316,3.907,42.34,58.371,105.151,17.317,28.038,65.463,40.829,212.093,126.419,37.276,61.073,60.148,309.94,126.64,70.642,63.919,47.481,10.161,0,106.609,11.5,137.451,12.845,26.521,165.149
D300254:bin_000031,0,0,0,0,0,0,0,0,0,0,0,0,0,0,0,0,0,0,0,0,0,0,0,0,0,0,0,0,0,0,0,0,0,0,0,0,0,0,0,0,0,0
D300255:bin_000002,0,0,0,0,0,0,0,0,0,0,0,0,0,0,0,0,0,0,0,0,1.48,0,0,0,0,0,0,0,0,1.411,0,0,0,0,0,0,0,0,0,4.315,0,0
D300255:bin_000023,64.95,19.049,40.672,1.73,0,18.997,0,21.23,22.902,32.725,40.503,12.595,10.304,17.44,15.517,9.541,1.318,16.044,73.398,21.964,2.839,15.382,19.695,13.538,53.693,75.26,9.901,17.156,10.381,64.535,42.172,22.462,18.861,14.698,5.634,0,37.536,4.973,32.637,11.826,7.873,42.19
D300256:bin_000008,0,2.692,2.838,0,0,4.13,0,9.401,2.928,6.761,12.756,3.202,0,1.383,5.363,3.322,0,3.675,9.098,6.541,2.278,2.729,2.047,6.679,6.289,8.517,0,4.893,1.629,7.655,14.267,3.59,4.354,1.675,0,0,12.553,0,6.571,0,2.49,2.331
D300256:bin_000021,1.285,2.966,8.779,0,0,6.856,0,8.613,8.024,17.144,11.906,4.599,3.218,5.749,10.949,7.096,0,10.774,10.081,6.413,1.579,6.054,4.231,10.849,25.046,19.449,2.908,4.729,2.127,3.525,13.228,5.859,11.281,1.814,0,0,18.763,7.758,18.67,5.335,4.356,10.441
D300256:bin_000037,0,0,1.694,0,0,0,0,0,33.582,0,6.226,0,0,3.431,0,0,0,0,3.112,1.772,0,4.456,1.352,0,55.502,8.813,0,2.692,4.669,4.596,0,8.52,0,2.943,2.859,0,4.866,0,0,5.066,0,16.856
D300257:bin_000004,2.513,48.2,3.25,0,0,18.95,0,60.146,20.75,7.935,4.572,12.98,41.506,3.407,1.27,1.687,0,3.258,5.084,4.522,0,2.999,1.662,4.357,18.504,10.82,0,6.077,3.765,14.341,4.022,6.145,3.057,2.67,1.331,0,6.122,1.534,18.65,1.539,1.383,14.429
D300257:bin_000017,17.09,3.637,8.708,2.091,0,4.212,0,28.341,32.49,16.125,8.752,3.654,2.838,2.798,3.742,6.032,1.212,4.657,60.47,16.701,0,10.72,5.748,6.538,29.34,28.675,0,12.017,7.901,24.627,9.713,8.368,38.354,3.507,1.275,0,35.207,1.714,14.683,12.497,5.288,47.594
D300257:bin_000026,0,2.328,6.822,0,0,5.257,0,3.768,5.054,7.284,12.256,7.666,0,1.748,4.187,3.331,0,4.238,6.253,4.059,0,2.569,5.142,7.578,12.86,13.101,0,6.595,3.761,17.861,6.757,3.364,7.586,2.811,0,0,10.514,2.053,11.79,1.477,2.16,8.255
D300257:bin_000038,11.709,9.492,5.079,0,0,4.783,0,22.644,32.069,8.599,9.09,3.529,3.91,3.191,2.742,3.196,0,3.473,30.017,6.909,0,5.102,2.926,5.05,17.896,15.686,1.431,5.649,12.093,15.506,6.767,5.926,13.676,3.826,1.601,0,15.535,1.343,8.745,2.584,2.563,41.621
D300258:bin_000001,0,0,0,0,0,0,0,0,0,0,0,0,0,0,0,0,0,0,0,0,0,0,0,0,0,0,0,0,0,0,0,0,0,0,0,0,0,0,0,0,0,0
D300258:bin_000003,0,1.692,7.639,0,0,3.508,0,4.223,4.831,5.077,10.933,4.406,1.295,1.261,4.588,3.959,0,4.932,5.171,4.183,2.585,1.675,4.622,8.662,12.111,12.628,2.047,2.314,1.679,12.81,5.874,6.684,10.552,4.319,1.283,0,14.416,1.933,10.544,3.549,2.283,6.82
D300258:bin_000012,0,0,1.673,0,0,0,0,2.288,1.803,1.378,5.299,1.675,0,0,1.248,0,0,2.277,0,1.773,0,1.322,0,2.55,1.532,2.427,0,1.367,0,3.147,3.774,0,1.247,0,0,0,4.094,0,4.058,0,0,2.697
D300258:bin_000053,0,0,0,0,0,0,0,0,0,0,0,0,0,0,0,0,0,0,0,0,0,0,0,0,0,0,0,0,0,0,0,0,0,0,0,0,0,0,0,0,0,4.215
D300259:bin_000025,0,0,8.371,0,0,4.019,0,6.268,6.456,3.392,8.232,3.874,1.692,4.319,4.364,3.3,0,7.064,3.965,3.668,1.53,0,4.316,8.201,16.344,16.414,4.96,2.133,2.408,11.132,11.327,6.427,7.851,2.285,0,0,12.885,1.798,12.033,0,1.518,6.756
D300260:bin_000003,0,0,0,0,0,0,0,0,0,0,0,0,0,0,0,0,0,0,0,0,0,0,0,0,0,0,0,0,0,0,0,0,0,0,0,0,0,0,0,0,0,0
D300261:bin_000003,0,0,0,0,0,1.742,0,2.023,3.02,2.022,4.014,0,0,0,2.098,0,0,3.502,0,2.161,0,1.755,1.589,2.376,5.787,3.986,0,2.659,0,4.581,3.346,2.524,1.779,1.343,0,0,6.244,0,5.748,0,1.479,9.804
D300262:bin_000009,0,0,0,0,0,0,0,0,0,0,0,0,0,0,0,0,0,0,0,0,0,0,0,0,0,0,0,0,0,0,0,0,0,0,0,0,0,0,0,0,0,0
D300262:bin_000011,2.211,2.263,10.944,0,0,3.454,0,4.708,6.097,5.815,11.546,3.938,1.67,2.213,4.693,3.986,0,3.48,4.642,6.107,1.704,2.151,4.449,4.731,11.315,12.759,1.922,4.294,3.951,22.597,8.268,7.726,4.941,4.193,0,0,12.315,0,7.097,4.793,1.615,9.55
D300262:bin_000022,0,4.295,0,0,0,1.814,0,2.902,5.286,0,0,0,1.547,0,0,0,0,0,0,0,0,0,0,0,4.005,2.68,0,0,0,4.515,0,0,1.313,0,0,0,0,0,0,0,0,3.384
D300262:bin_000032,0,0,0,0,0,0,0,0,0,0,0,0,0,0,0,0,0,0,0,0,0,0,0,0,0,0,0,0,0,0,0,0,0,0,0,0,0,0,0,0,0,0
D300263:bin_000027,0,0,0,0,0,0,0,0,0,0,0,0,0,0,0,0,0,0,0,0,0,0,0,0,0,0,0,0,0,0,0,0,0,0,0,0,0,0,0,0,0,0
D300264:bin_000001,0,0,0,0,0,0,0,0,0,0,0,0,0,0,0,0,0,0,0,0,0,0,0,0,0,0,0,0,0,0,0,0,0,0,0,0,0,0,0,0,0,0
D300264:bin_000003,0,4.206,4.96,0,0,1.504,0,1.87,1.844,1.914,5.215,1.461,1.117,1.536,0,1.31,0,1.559,3.746,1.378,0,0,1.773,1.338,12.735,3.48,1.776,1.592,1.321,5.227,4.365,0,1.659,0,0,0,1.869,0,3.587,0,0,3.411
D300264:bin_000004,51.586,8.638,25.596,2.807,0,9.815,0,44.199,10.785,25.683,55.82,4.395,3.642,7.119,9.919,3.522,0,5.82,204.985,4.99,0,6.467,27.525,3.28,23.472,24.425,21.22,17.59,7.845,43.107,37.009,10.399,12.711,15.183,2.47,0,42.249,1.439,17.808,2.577,6.528,10.589
D300264:bin_000007,0,0,0,0,0,0,0,0,0,0,0,0,0,0,0,0,0,0,0,0,0,0,0,0,0,0,0,0,0,0,0,0,0,0,0,0,0,0,0,0,0,0
D300264:bin_000013,0,0,0,0,0,0,0,0,0,0,0,0,0,0,0,0,0,0,0,0,0,0,0,0,0,0,0,0,0,0,0,0,0,0,0,0,0,0,0,0,0,0
D300264:bin_000017,0,0,0,0,0,0,0,0,0,0,0,0,0,0,0,0,0,0,0,0,0,0,0,0,0,0,0,0,0,0,0,0,0,0,0,0,0,0,0,0,0,0
D300264:bin_000018,0,0,0,0,0,0,0,0,0,0,0,0,0,0,0,0,0,0,0,0,0,0,0,0,0,0,0,0,0,0,0,0,0,0,0,0,0,0,0,0,0,0
D300264:bin_000019,0,0,0,0,0,0,0,0,0,0,0,0,0,0,0,0,0,0,0,0,0,0,0,0,0,0,0,0,0,0,0,0,0,0,0,0,0,0,0,0,0,0
D300264:bin_000020,0,0,0,0,0,0,0,0,0,0,0,0,0,0,0,0,0,0,0,0,0,0,0,0,0,0,0,0,0,0,0,0,0,0,0,0,0,0,0,0,0,0
D300264:bin_000021,0,0,0,0,0,0,0,0,0,0,0,0,0,0,0,0,0,0,0,0,0,0,0,0,0,0,0,0,0,0,0,0,0,0,0,0,0,0,0,0,0,0
D300264:bin_000022,1.351,2.535,6.045,0,0,3.222,0,1.287,3.958,3.911,6.79,0,3.358,1.892,2.309,1.516,0,1.939,2.803,3.913,0,2.388,1.953,2.189,13.973,5.372,1.959,4.082,2.749,11.697,4.509,2.405,2.666,2.1,0,0,5.986,0,5.331,0,1.36,4.3
D300264:bin_000023,0,0,0,0,0,1.404,0,0,1.627,2.197,2.608,0,0,0,0,0,0,0,1.591,0,0,0,0,0,4.064,2.497,0,0,0,5.591,1.952,0,1.887,0,0,0,1.706,0,1.928,0,0,2.864
D300264:bin_000028,0,0,0,1.115,0,0,0,0,11.014,0,7.683,1.993,0,1.201,2.243,3.313,0,0,0,0,0,0,0,0,8.139,2.47,0,3.51,3.367,18.71,0,2.545,0,5.374,0,0,2.355,0,0,0,1.25,49.804
D300264:bin_000033,0,4.87,0,0,0,1.534,0,10.686,6.258,3.838,1.744,0,2.846,0,2.289,0,0,1.399,2.248,2.382,0,1.948,0,1.795,4.682,2.391,0,1.552,0,6.195,1.908,1.794,5.555,1.155,0,0,3.475,0,4.209,0,0,5.872
D300264:bin_000035,0,0,0,0,0,0,0,0,0,0,0,0,0,0,0,0,0,0,0,0,0,0,0,0,0,0,0,0,0,0,0,0,0,0,0,0,0,0,0,0,0,0
D300264:bin_000036,0,0,0,0,0,0,0,0,0,0,0,0,0,0,0,0,0,0,0,0,0,0,0,0,0,0,0,0,0,0,0,0,0,0,0,0,0,0,0,0,0,0
D300264:bin_000043,0,0,0,0,0,0,0,0,0,0,0,0,0,0,0,0,0,0,0,0,0,0,0,0,0,0,0,0,0,2.449,0,0,0,0,0,0,0,0,0,0,0,0
D300265:bin_000012,0,0,1.597,0,0,0,0,0,0,0,0,0,0,0,0,0,0,1.266,0,0,0,0,1.699,0,1.875,1.852,0,0,0,0,0,0,0,0,0,0,3.558,0,1.695,0,1.21,2.194
D300265:bin_000013,5.623,4.094,8.71,0,0,7.597,0,5.377,10.262,6.434,15.835,12.204,2.065,4.901,7.861,5.08,0,6.369,7.509,9.566,1.563,3.55,4.146,9.208,15.158,23.667,2.902,8.474,4.739,20.823,19.921,5.374,11.296,3.689,0,0,18.914,2.977,19.096,2.857,4.038,10.097
JPB:bin_000001,0,0,0,0,0,0,0,0,0,0,0,0,0,0,0,0,0,0,0,0,0,0,0,0,0,0,0,0,0,0,0,0,0,0,0,0,0,0,0,0,0,0
JPB:bin_000003,0,0,0,0,0,0,0,0,0,0,0,0,0,0,0,0,0,0,0,0,0,0,0,0,0,0,0,0,0,0,0,0,0,0,0,0,0,0,0,0,0,0
JPB:bin_000004,0,0,2.601,0,0,0,0,0,0,0,0,0,0,0,0,0,0,0,0,0,0,0,0,0,0,0,0,0,0,0,0,0,0,0,0,0,0,0,0,0,0,0
JPB:bin_000005,0,0,0,0,0,0,0,0,0,0,0,0,0,0,0,0,0,0,0,0,0,0,0,0,0,0,0,0,0,0,0,0,0,0,0,0,0,0,0,0,0,0
JPB:bin_000007,0,0,0,0,0,0,0,0,0,0,0,0,0,0,0,0,0,0,0,0,0,0,0,0,0,0,0,0,0,0,0,0,0,0,0,0,0,0,0,0,0,0
JPB:bin_000009,0,0,0,0,0,0,0,0,0,0,0,0,0,0,0,0,0,0,0,0,0,0,0,0,0,0,0,0,0,0,0,0,0,0,0,0,0,0,0,0,0,0
JPB:bin_000010,0,0,0,0,0,0,0,0,0,0,0,0,0,0,0,0,0,0,0,0,0,0,0,0,0,0,0,0,0,0,1.281,0,0,0,0,0,0,0,0,0,0,0
JPB:bin_000012,0,0,0,0,0,0,0,0,0,0,0,0,0,0,0,0,0,0,0,0,0,0,0,0,0,0,0,0,0,0,0,0,0,0,0,0,0,0,0,0,0,0
JPB:bin_000014,0,0,0,0,0,0,0,0,0,0,0,0,0,0,0,0,0,0,0,0,0,0,0,0,0,0,0,0,0,0,0,0,0,0,0,0,0,0,0,0,0,0
JPB:bin_000015,0,0,0,0,0,0,0,0,0,0,0,0,0,0,0,0,0,0,0,0,0,0,0,0,0,0,0,0,0,0,0,0,0,0,0,0,0,0,0,0,0,0
JPB:bin_000017,0,0,0,0,0,0,0,0,0,0,0,0,0,0,0,0,0,0,0,0,0,0,0,0,0,0,0,0,0,0,0,0,0,0,0,0,0,0,0,0,0,0
JPB:bin_000018,0,0,0,0,0,0,0,0,0,0,0,0,0,0,0,0,0,0,0,0,0,0,0,0,0,0,0,0,0,0,0,0,0,0,0,0,0,0,0,0,0,0
JPB:bin_000019,0,0,0,0,0,0,0,0,0,0,0,0,0,0,0,0,0,0,0,0,0,0,0,0,0,0,0,0,0,0,0,0,0,0,0,0,0,0,0,0,0,0
JPB:bin_000020,0,0,1.88,0,0,0,0,0,0,0,0,0,0,0,0,0,0,0,0,0,0,0,0,0,0,0,0,0,0,0,0,0,0,0,0,0,0,0,0,0,0,1.582
JPB:bin_000021,0,0,0,0,0,0,0,0,0,0,0,0,0,0,0,0,0,0,0,0,0,0,0,0,0,0,0,0,0,0,0,0,0,0,0,0,0,0,0,0,0,0
JPB:bin_000022,0,0,2.444,0,0,1.927,0,1.623,2.298,3.014,5.756,1.284,0,1.545,2.646,1.906,0,2.201,2.302,2.508,0,1.876,2.108,2.153,3.527,5.358,0,1.485,1.39,4.282,6,2.203,1.904,0,0,0,3.853,0,4.373,3.615,0,3.04
JPB:bin_000023,0,0,0,0,0,0,0,0,0,0,0,0,0,0,0,0,0,0,0,0,0,0,0,0,0,0,0,0,0,0,0,0,0,0,0,0,0,0,0,0,0,0
JPB:bin_000024,0,0,0,0,0,0,0,0,0,0,0,0,0,0,0,0,0,0,0,0,0,0,0,0,0,0,0,0,0,0,0,0,0,0,0,0,0,0,0,0,0,0
JPB:bin_000025,1.49,3.058,262.702,4.77,0,3.548,1.221,5.226,5.956,5.257,149.443,3.477,1.076,3.348,3.677,2.836,0,2.119,2.355,3.911,0,6.503,58.852,3.713,5.793,6.238,36.341,4.076,6.809,420.489,64.188,3.116,4.598,40.929,0,0,2.914,1.213,9.928,0,1.61,4.181
JPB:bin_000026,0,0,2.108,0,0,0,0,2.295,1.712,1.88,2.659,0,0,0,3.072,2.318,0,2.398,0,1.817,0,1.592,0,2.549,5.17,4.783,0,1.599,0,0,2.065,1.375,2.049,0,0,0,4.377,1.418,2.203,0,0,1.726
JPB:bin_000027,0,2.474,0,0,0,0,0,0,0,0,0,0,0,0,0,0,0,1.524,0,0,0,1.005,0,0,0,0,0,0,0,0,0,0,0,0,0,0,0,0,0,0,0,0
JPB:bin_000028,0,0,0,0,0,0,0,0,0,0,0,0,0,0,0,0,0,0,0,0,0,0,0,0,0,0,0,0,0,0,0,0,0,0,0,0,0,0,0,0,0,0
JPB:bin_000029,0,2.157,0,0,0,0,0,3.416,1.081,0,0,0,1.577,0,0,0,0,1.768,0,0,0,0,0,0,3.394,0,0,0,0,0,0,0,0,0,0,0,0,0,2.548,0,0,0
JPB:bin_000030,0,0,0,0,0,0,0,0,0,0,0,0,0,0,0,0,0,0,0,0,0,0,0,0,0,0,0,0,0,0,0,0,0,0,0,0,0,0,0,0,0,0
JPB:bin_000032,0,0,0,0,0,0,0,0,0,0,1.939,0,0,0,0,0,0,0,1.8,0,0,0,0,1.851,2.049,2.695,0,0,0,0,1.536,0,0,0,0,0,2.875,0,1.884,0,0,1.191
JPB:bin_000033,0,0,0,0,0,0,0,0,0,0,0,0,0,0,0,0,0,0,0,0,0,0,0,0,0,0,0,0,0,0,0,0,0,0,0,0,0,0,0,0,0,0
JPB:bin_000034,0,0,0,0,0,0,0,0,0,0,0,0,0,0,0,0,0,0,0,0,0,0,0,0,0,0,0,0,0,0,0,0,0,0,0,0,0,0,0,0,0,0
JPB:bin_000035,0,0,0,0,0,0,0,0,0,0,0,0,0,0,0,0,0,0,0,0,0,0,0,0,0,0,0,0,0,0,0,0,0,0,0,0,0,0,0,0,0,0
JPB:bin_000036,0,0,0,0,0,0,0,0,0,0,0,0,0,0,0,0,0,0,0,0,0,0,0,0,0,0,0,0,0,0,0,0,0,0,0,0,0,0,0,0,0,0
JPB:bin_000037,0,0,1.73,0,0,0,0,1.302,0,0,2.261,1.768,0,0,0,0,0,1.198,1.478,1.524,0,0,1.789,1.384,3.633,2.923,2.31,1.185,0,2.297,1.37,0,1.375,0,0,0,3.208,0,0,2.086,0,3.126
JPB:bin_000039,0,0,0,0,0,0,0,0,1.159,0,1.154,0,0,0,0,0,0,0,0,0,0,0,0,1.697,0,0,0,0,0,0,0,0,0,0,0,0,0,0,2.625,0,0,0
JPB:bin_000040,0,0,0,0,0,0,0,0,0,0,0,0,0,0,0,0,0,0,0,0,0,0,0,0,0,0,0,0,0,0,0,0,0,0,0,0,0,0,0,0,0,0
JPB:bin_000042,0,0,0,0,0,0,0,0,0,0,0,0,0,0,0,0,0,0,0,0,0,0,0,0,0,0,0,0,0,0,0,0,0,0,0,0,0,0,0,0,0,0
JPB:bin_000043,0,0,0,0,0,0,0,0,0,0,0,0,0,0,0,0,0,0,0,0,0,0,0,0,0,0,0,0,0,0,0,0,0,0,0,0,0,0,0,0,0,0
JPB:bin_000045,3.458,6.224,43.016,2.683,0,12.548,0,20.824,42.784,28.099,55.375,16.408,6.389,31.265,17.255,10.386,2.525,31.289,43.298,32.698,48.358,25.509,31.349,61.84,32.538,90.003,1.812,11.576,7.054,58.968,25.605,19.01,30.499,12.24,1.268,0,46.743,10.533,49.796,45.499,21.776,22.119
JPB:bin_000046,0,0,0,0,0,0,0,0,0,0,0,0,0,0,0,0,0,0,0,0,0,0,0,0,1.458,0,0,0,0,0,0,0,0,0,0,0,0,0,0,0,0,0
JPB:bin_000047,0,0,0,0,0,0,0,0,0,0,0,0,0,0,0,0,0,0,0,0,0,0,0,0,0,0,0,0,0,0,0,0,0,0,0,0,0,0,0,0,0,0
JPB:bin_000048,0,0,0,0,0,0,0,0,0,0,0,0,0,0,0,0,0,0,0,0,0,0,0,0,0,0,0,0,0,0,0,0,0,0,0,0,0,0,0,0,0,0
JPB:bin_000050,0,0,0,0,0,0,0,0,0,0,0,0,0,0,0,0,0,0,0,0,0,0,0,0,0,0,0,0,0,0,0,0,0,0,0,0,0,0,0,0,0,0
JPB:bin_000051,0,0,1.563,0,0,0,0,0,0,0,1.263,0,0,0,0,0,0,0,0,1.283,0,0,0,0,2.134,1.668,0,1.246,0,0,1.428,0,1.377,0,0,0,1.451,0,0,0,0,1.477
JPB:bin_000052,0,0,0,0,0,0,0,0,0,0,0,0,0,0,0,0,0,0,0,0,0,0,0,0,0,0,0,0,0,0,0,0,0,0,0,0,0,0,0,0,0,0
JPB:bin_000053,0,0,0,0,0,0,0,0,0,0,0,0,0,0,0,0,0,0,0,0,0,0,0,0,0,0,0,0,0,0,0,0,0,0,0,0,0,0,0,0,0,0
JPB:bin_000054,0,0,0,0,0,0,0,0,0,0,0,0,0,0,0,0,0,0,0,0,0,0,0,0,0,0,0,0,0,0,0,0,0,0,0,0,0,0,0,0,0,0
JPB:bin_000056,0,0,0,0,0,0,0,0,0,0,0,0,0,0,0,0,0,0,0,0,0,0,0,0,0,0,0,0,0,0,0,0,0,0,0,0,0,0,0,0,0,0
JPB:bin_000057,0,0,0,0,0,0,0,0,0,0,0,0,0,0,0,0,0,0,0,0,0,0,0,0,0,0,0,0,0,0,0,0,0,0,0,0,0,0,0,0,0,0
JPB:bin_000059,2.196,4.234,7.646,0,0,2.712,0,2.494,4.595,5.895,7.566,1.773,2.242,3.344,2.108,2.021,0,2.031,4.092,3.634,0,0,2.885,2.348,11.774,6.758,1.737,3.614,1.652,5.425,8.545,2.456,2.609,1.57,0,0,4.334,0,5.108,0,1.329,8.576
JPB:bin_000060,0,0,0,0,0,0,0,1.631,1.473,0,2.159,0,0,0,0,0,0,0,0,1.425,0,0,0,0,0,0,0,0,0,0,0,0,0,0,0,0,2.192,0,0,0,0,0
JPB:bin_000061,0,0,0,0,0,0,0,0,0,0,0,0,0,0,0,0,0,0,0,0,0,0,0,0,1.883,0,0,0,0,2.847,0,0,0,0,0,0,0,0,0,0,0,0
JPB:bin_000062,0,0,0,0,0,0,0,0,0,0,0,0,0,0,0,0,0,0,0,0,0,0,0,0,0,0,0,0,0,0,0,0,0,0,0,0,0,0,0,0,0,0
JPB:bin_000063,0,1.996,2.014,0,0,4.949,0,3.02,1.545,4.003,13.953,0,0,1.563,2.449,3.096,0,2.516,5.546,1.61,0,1.511,2.301,4.227,6.365,8.523,0,1.578,3.059,7.339,2.695,2.035,2.212,1.133,0,0,5.933,2.11,10.03,4.632,0,4.601
JPB:bin_000064,0,0,0,0,0,0,0,0,0,0,0,0,0,0,0,0,0,0,0,0,0,0,0,0,0,0,0,0,0,0,0,0,0,0,0,0,0,0,0,0,0,0
JPB:bin_000065,0,0,0,0,0,0,0,0,0,0,0,0,0,0,0,0,0,0,0,0,0,0,0,0,0,0,0,0,0,0,0,0,0,0,0,0,0,0,0,0,0,0
JPB:bin_000066,0,0,0,0,0,0,0,0,0,0,0,0,0,0,0,0,0,0,0,0,0,0,0,0,0,0,0,0,0,0,0,0,0,0,0,0,0,0,0,0,0,0
JPB:bin_000067,0,0,0,0,0,0,0,0,0,0,0,0,0,0,0,0,0,0,0,0,0,0,0,0,0,0,0,0,0,0,0,0,0,0,0,0,0,0,0,0,0,0
JPB:bin_000068,0,0,0,0,0,0,0,0,0,0,0,0,0,0,0,0,0,0,0,0,0,0,0,0,0,0,0,0,0,0,0,0,0,0,0,0,0,0,0,0,0,0
JPB:bin_000069,0,0,0,0,0,0,0,0,0,0,0,0,0,0,0,0,0,1.205,0,0,0,0,0,1.218,1.502,1.834,0,0,0,0,0,0,0,0,0,0,2.72,0,0,0,0,0
JPB:bin_000070,0,0,0,0,0,0,0,0,0,0,0,0,0,0,0,0,0,0,0,0,0,0,0,0,0,0,0,0,0,0,0,0,0,0,0,0,0,0,0,0,0,0
JPB:bin_000071,0,0,0,0,0,0,0,0,0,0,0,0,0,0,0,0,0,0,0,0,0,0,0,0,0,0,0,0,0,0,0,0,0,0,0,0,0,0,0,0,0,0
JPB:bin_000073,0,0,0,0,0,0,0,0,0,0,0,0,0,0,0,0,0,0,0,0,0,0,0,0,0,0,0,0,0,0,0,0,0,0,0,0,0,0,0,0,0,0
JPB:bin_000074,0,0,0,0,0,0,0,0,0,0,0,0,0,0,0,0,0,0,0,0,0,0,0,0,0,0,0,0,0,0,0,0,0,0,0,0,0,0,0,0,0,0
JPB:bin_000075,0,0,0,0,0,0,0,0,0,0,0,0,0,0,0,0,0,0,0,0,0,0,0,0,2.432,2.175,0,0,0,0,0,0,0,0,0,0,1.763,0,0,1.825,0,2.076
JPB:bin_000076,0,0,0,0,0,0,0,0,0,0,0,0,0,0,0,0,0,0,0,0,0,0,0,0,0,0,0,0,0,0,0,0,0,0,0,0,0,0,0,0,0,0
JPB:bin_000077,0,0,0,0,0,1.388,0,0,0,0,1.206,0,0,0,0,0,0,0,1.098,0,0,0,0,0,1.227,1.226,0,1.265,0,1.305,1.914,0,0,0,0,0,1.551,0,1.265,1.334,0,0
JPB:bin_000078,0,0,0,0,0,0,0,0,0,0,0,0,0,0,0,0,0,0,0,0,0,0,0,0,2.319,1.366,0,0,0,0,1.685,0,0,0,0,0,1.368,0,0,0,0,0
JPB:bin_000079,0,0,0,0,0,0,0,0,0,0,0,0,0,0,0,0,0,0,0,0,0,0,0,0,0,0,0,0,0,0,0,0,0,0,0,0,0,0,1.765,0,0,0
JPB:bin_000080,0,0,0,0,0,0,0,0,0,0,0,0,0,0,0,0,0,0,0,0,0,0,0,0,0,0,0,0,0,0,0,0,0,0,0,0,0,0,0,0,0,0
JPB:bin_000081,1.812,1.186,9.517,0,0,1.599,0,42.348,5.493,9.393,6.12,4.686,1.334,0,3.042,9.238,0,7.29,2.066,8.913,3.117,5.417,3.568,9.343,2.31,11.277,2.891,6.134,1.68,21.753,8.367,3.309,3.677,9.969,0,0,33.612,6.125,17.278,12.967,1.886,4.428
JPB:bin_000082,0,0,0,0,0,0,0,0,0,0,0,0,0,0,0,0,0,0,0,0,0,0,0,0,0,0,0,0,0,0,0,0,0,0,0,0,0,0,0,0,0,0
JPB:bin_000083,0,0,0,0,0,0,0,0,0,0,0,0,0,0,0,0,0,0,0,0,0,0,0,0,0,0,0,0,0,0,0,0,0,0,0,0,0,0,0,0,0,0
JPB:bin_000084,0,0,0,0,0,0,0,0,0,0,0,0,0,0,0,0,0,0,0,0,0,0,0,0,0,0,0,0,0,0,0,0,0,0,0,0,0,0,0,0,0,0
JPB:bin_000085,0,0,0,0,0,0,0,0,0,0,0,0,0,0,0,0,0,0,0,0,0,0,0,0,0,0,0,0,0,0,0,0,0,0,0,0,0,0,0,0,0,0
JPB:bin_000086,0,0,0,0,0,0,0,0,0,0,0,0,0,0,0,0,0,0,0,0,0,0,0,0,0,0,0,0,0,3.404,0,0,0,0,0,0,0,0,0,0,0,4.159
JPB:bin_000087,0,0,0,0,0,0,0,0,0,0,1.966,2.999,0,0,1.504,0,0,0,0,0,0,0,0,0,2.616,2.003,0,0,1.327,1.259,0,0,4.396,0,0,0,1.493,0,1.93,0,2.232,1.923
JPB:bin_000088,0,0,0,0,0,0,0,0,0,0,0,0,0,0,0,0,0,0,0,0,0,0,0,0,0,0,0,0,0,0,0,0,0,0,0,0,0,0,0,0,0,0
JPB:bin_000089,0,0,0,0,0,0,0,0,0,0,0,0,0,0,0,0,0,0,0,0,0,0,0,0,0,0,0,0,0,0,0,0,0,0,0,0,0,0,0,0,0,0
JPB:bin_000090,0,0,0,0,0,0,0,0,0,0,0,0,0,0,0,0,0,0,0,0,0,0,0,0,0,0,0,0,0,0,0,0,0,0,0,0,0,0,0,0,0,0
JPB:bin_000091,0,0,0,0,0,0,0,0,0,0,0,0,0,0,0,0,0,0,0,0,0,0,0,0,0,0,0,0,0,0,0,0,0,0,0,0,0,0,0,0,0,0
JPB:bin_000092,0,0,0,0,0,0,0,0,0,0,0,0,0,0,0,0,0,0,0,0,0,0,0,0,0,0,0,0,0,0,0,0,0,0,0,0,0,0,0,0,0,0
JPB:bin_000093,0,0,0,0,0,0,0,0,0,0,0,0,0,0,0,0,0,0,0,0,0,0,0,0,0,0,0,0,0,0,0,0,0,0,0,0,0,0,0,0,0,0
JPB:bin_000094,0,0,0,0,0,0,0,0,0,0,0,0,0,0,0,0,0,0,0,0,0,0,0,0,0,0,0,0,0,0,0,0,0,0,0,0,0,0,0,0,0,0
JPB:bin_000095,0,0,0,0,0,0,0,0,0,0,0,0,0,0,0,0,0,0,0,0,0,0,0,0,0,0,0,0,0,0,0,0,0,0,0,0,0,0,0,0,0,0
JPB:bin_000096,0,0,0,0,0,0,0,0,0,0,0,0,0,0,0,0,0,0,0,0,0,0,0,0,0,0,0,0,0,0,0,0,0,0,0,0,0,0,0,0,0,0
JPB:bin_000098,0,0,0,0,0,0,0,0,0,0,0,0,0,0,0,0,0,0,0,0,0,0,0,0,0,0,0,0,0,0,0,0,0,0,0,0,0,0,0,0,0,0
JPB:bin_000099,0,0,3.064,0,0,1.48,0,0,0,0,6.932,0,0,1.361,1.481,0,0,1.755,0,0,0,0,1.628,5.235,5.447,6.51,0,0,1.576,4.655,2.992,0,1.461,0,0,0,3.968,1.331,2.798,1.653,1.202,0
JPB:bin_000100,0,0,0,0,0,0,0,0,0,0,0,0,0,0,0,0,0,0,0,0,0,0,0,0,0,0,0,0,0,0,0,0,0,0,0,0,0,0,0,0,0,0
JPB:bin_000101,0,0,0,0,0,0,0,0,0,0,0,0,0,0,0,0,0,0,0,0,0,0,0,0,0,0,0,0,0,0,0,0,0,0,0,0,0,0,0,0,0,0
JPB:bin_000103,0,0,0,0,0,0,0,0,0,0,0,0,0,0,0,0,0,0,0,0,0,0,0,0,0,0,0,0,0,0,0,0,0,0,0,0,0,0,0,0,0,0
JPB:bin_000105,0,0,0,0,0,0,0,0,0,0,0,0,0,0,0,0,0,0,0,0,0,0,0,0,0,0,0,0,0,0,0,0,0,0,0,0,0,0,0,0,0,0
JPB:bin_000106,0,4.299,1.346,0,0,1.753,0,1.727,1.536,0,0,1.318,3.741,0,0,0,0,0,1.7,1.291,0,1.738,0,0,2.1,1.938,0,0,0,2.139,0,0,0,0,0,0,0,0,1.773,0,0,4.02
JPB:bin_000107,0,0,0,0,0,0,0,0,0,0,0,0,0,0,0,0,0,0,0,0,0,0,0,0,0,0,0,0,0,0,0,0,0,0,0,0,0,0,0,0,0,0
JPB:bin_000108,0,0,0,0,0,0,0,0,0,0,1.52,1.721,0,0,0,0,0,2.238,0,0,0,0,0,0,1.501,0,0,0,0,1.639,0,0,0,0,0,0,0,0,0,2.286,0,2.58
JPB:bin_000109,0,0,2.689,0,0,1.825,0,2.185,2.497,3.144,3.887,2.047,0,1.886,3.221,1.346,0,3.607,2.017,0,0,0,3.328,3.879,6.224,6.174,0,2.427,2.2,6.94,3.99,2.446,2.401,1.262,0,0,5.832,0,7.287,3.35,1.253,2.992
JPB:bin_000110,0,0,0,0,0,0,0,0,0,0,0,0,0,0,0,0,0,0,0,0,0,0,0,0,0,0,0,0,0,0,0,0,0,0,0,0,0,0,0,0,0,0
JPB:bin_000111,0,0,0,0,0,0,0,0,1.021,0,4.213,0,0,0,0,0,0,1.104,0,1.152,0,0,0,1.174,2.385,0,0,0,0,0,2.14,1.42,0,0,0,0,1.688,0,0,0,0,2.545
JPB:bin_000112,0,0,0,0,0,0,0,0,0,0,0,0,0,0,0,0,0,0,0,0,0,0,0,0,0,0,0,0,0,0,0,0,0,0,0,0,0,0,0,0,0,0
JPB:bin_000113,0,1.44,0,0,0,0,0,0,0,0,0,0,0,0,0,0,0,0,0,0,0,0,0,0,0,0,0,0,0,0,0,0,0,0,0,0,0,0,0,0,0,0
JPB:bin_000114,2.016,6.541,13.568,0,0,6.592,0,8.336,10.362,6.256,14.367,6.183,3.561,3.889,9.504,5.746,0,8.952,7.863,5.077,4.285,3.669,7.494,11.725,27.115,19.852,4.476,5.916,3.547,22.497,14.176,5.521,7.501,4.715,3.054,0,22.169,2.502,9.599,10.814,4.185,18.953
JPB:bin_000115,0,0,0,0,0,0,0,0,0,0,0,0,0,0,0,0,0,0,0,0,0,0,0,0,0,0,0,0,0,0,0,0,0,0,0,0,0,0,0,0,0,0
JPB:bin_000116,0,0,0,0,0,0,0,0,0,0,0,0,0,0,0,0,0,0,0,0,0,0,0,0,1.388,0,0,0,0,0,0,0,0,0,0,0,0,0,0,0,0,0
JPB:bin_000117,0,0,0,0,0,0,0,0,0,0,0,0,0,0,0,0,0,0,0,0,0,0,0,0,0,0,0,0,0,0,0,0,0,0,0,0,0,0,0,0,0,0
JPB:bin_000118,0,0,0,0,0,2.042,0,9.355,0,0,0,0,0,2.657,0,0,0,0,0,0,0,0,0,0,0,0,0,0,0,1.353,0,0,0,0,0,0,0,0,0,0,0,3.356
JPB:bin_000119,0,0,0,0,0,0,0,0,0,0,0,0,0,0,0,0,0,0,0,0,0,0,0,0,0,0,0,0,0,0,0,0,0,0,0,0,0,0,0,0,0,0
JPB:bin_000120,0,0,0,0,0,0,0,0,0,0,0,0,0,0,0,0,0,0,0,0,0,0,0,0,0,0,0,0,0,0,0,0,0,0,0,0,0,0,0,0,0,0
JPB:bin_000121,0,0,0,0,0,0,0,0,0,0,1.544,0,0,0,0,0,0,0,1.179,0,0,0,0,1.476,1.399,0,0,0,0,0,0,0,0,0,0,0,1.358,0,0,0,0,0
JPB:bin_000122,0,0,0,0,0,0,0,0,0,0,0,0,0,0,0,0,0,0,0,0,0,0,0,0,0,0,0,0,0,0,0,0,0,0,0,0,1.377,0,0,0,0,0
JPB:bin_000123,0,0,0,0,0,0,0,0,0,0,0,0,0,0,0,0,0,0,0,0,0,0,0,0,0,0,0,0,0,0,0,0,0,0,0,0,0,0,0,0,0,0
JPB:bin_000124,0,0,0,0,0,0,0,0,0,0,0,0,0,0,0,0,0,0,0,0,0,0,0,0,0,0,0,0,0,0,0,0,0,0,0,0,0,0,0,0,0,0
JPB:bin_000125,0,0,0,0,0,0,0,0,0,0,0,0,0,0,0,0,0,0,0,0,0,0,0,0,0,1.485,0,0,0,2.294,0,0,0,0,0,0,0,0,0,0,0,0
JPB:bin_000126,0,0,0,0,0,0,0,0,0,0,1.206,0,0,0,0,0,0,0,0,0,0,0,0,0,0,0,0,0,0,0,0,0,0,0,0,0,0,0,0,0,0,1.257
JPB:bin_000127,0,0,0,0,0,0,0,0,0,0,2.609,0,0,0,1.713,0,0,1.664,0,1.555,0,0,0,2.037,3.464,2.841,0,0,0,0,4.181,0,0,0,0,0,2.987,1.257,2.093,0,0,0
JPB:bin_000128,0,0,0,0,0,0,0,0,0,0,0,0,0,0,0,0,0,0,0,0,0,0,0,0,0,0,0,0,0,0,0,0,0,0,0,0,0,0,0,0,0,0
JPB:bin_000130,0,0,0,0,0,0,0,0,0,0,0,0,0,0,0,0,0,0,0,0,0,0,0,0,0,0,0,0,0,0,0,0,0,0,0,0,0,0,0,0,0,0
JPB:bin_000132,0,0,0,0,0,0,0,0,0,0,0,0,0,0,0,0,0,0,0,0,0,0,0,0,2.384,1.916,0,0,0,0,0,0,0,0,0,0,0,0,0,0,0,1.63
JPB:bin_000133,0,0,0,0,0,0,0,0,0,0,0,0,0,0,0,0,0,0,0,0,0,0,0,0,0,0,0,0,0,0,0,0,0,0,0,0,0,0,0,0,0,0
JPB:bin_000134,0,0,0,0,0,0,0,0,0,0,0,0,0,0,0,0,0,0,0,0,0,0,0,0,0,0,0,0,0,0,0,0,0,0,0,0,0,0,0,0,0,0
JPB:bin_000135,0,0,3.157,0,0,0,0,0,1.525,2.72,4.619,0,0,0,1.996,0,0,0,0,0,0,0,1.766,0,4.019,2.434,0,1.592,0,4.023,3.991,0,0,0,0,0,2.983,0,2.601,0,0,2.833
JPB:bin_000137,0,0,0,0,0,0,0,0,0,0,0,0,0,0,0,0,0,0,0,0,0,0,0,0,0,0,0,0,0,0,0,0,0,0,0,0,0,0,0,0,0,0
JPB:bin_000138,0,0,0,0,0,0,0,0,0,0,0,0,0,0,0,0,0,0,0,0,0,0,0,0,0,0,0,0,0,0,0,0,0,0,0,0,0,0,0,0,0,0
JPB:bin_000139,4.307,3.237,31.434,1.797,0,9.428,0,7.823,9.931,10.747,30.501,7.688,2.535,4.575,14.522,7.981,0,7.151,10.527,8.231,2.557,4.158,16.688,12.972,22.758,22.367,6.933,9.078,6.389,37.096,24.515,7.296,8.175,10.338,2.436,0,19.705,2.538,10.352,4.565,6.417,14.965
JPB:bin_000140,0,0,0,0,0,0,0,0,0,0,0,0,0,0,0,0,0,0,0,0,0,0,0,0,0,0,0,0,0,0,0,0,0,0,0,0,0,0,0,0,0,0
JPB:bin_000142,0,0,0,0,0,0,0,0,0,0,0,0,0,0,0,0,0,0,0,0,0,0,0,0,0,0,0,0,0,0,0,0,0,0,0,0,0,0,0,0,0,0
JPB:bin_000144,0,0,0,0,0,0,0,0,1.462,1.973,0,0,0,0,1.662,0,0,0,0,0,0,0,0,0,0,0,0,0,0,3.43,0,2.013,0,0,0,0,0,0,2.369,0,0,2.677
JPB:bin_000146,4.627,11.712,27.847,1.674,0,16.097,0,18.036,16.298,18,42.546,28.668,5.43,10.115,9.728,12.891,0,17.468,27.145,15.509,8.696,9.618,17.91,21.361,45.747,40.135,4.178,19.326,10.071,44.459,27.806,20.21,11.551,9.532,4.063,0,46.092,11.773,41.394,16.189,9.533,29.309
JPB:bin_000147,0,0,0,0,0,0,0,0,0,0,0,0,0,0,0,0,0,0,0,0,0,0,0,0,0,0,0,0,0,0,0,0,0,0,0,0,0,0,0,0,0,0
JPB:bin_000148,0,0,4.221,0,0,2.304,0,1.596,2.789,2.062,5.68,1.619,0,0,1.686,2.253,0,2.667,1.818,2.079,1.479,0,3.158,2.266,5.261,5.067,0,2.918,1.361,6.497,3.966,2.46,2.173,1.533,0,0,3.911,0,3.38,0,1.501,3.576
JPB:bin_000149,0,0,0,0,0,0,0,0,0,0,0,0,0,0,0,0,0,0,0,0,0,0,0,0,0,0,0,0,0,0,0,0,0,0,0,0,0,0,0,0,0,0
JPB:bin_000150,1.362,0,9.132,0,0,2.406,0,2.088,2.563,3.092,8.749,1.936,0,0,3.553,1.887,0,1.993,2.842,2.004,0,0,4.308,3.302,5.953,6.227,1.692,2.677,1.829,10.741,6.413,2.164,2.291,3.004,0,0,5.187,0,2.685,0,1.728,4.708
JPB:bin_000151,0,0,0,0,0,0,0,0,0,0,0,0,0,0,0,0,0,0,0,0,0,0,0,0,0,0,0,0,0,0,0,0,0,0,0,0,0,0,0,0,0,0
JPB:bin_000152,0,0,0,0,0,0,0,0,0,0,0,0,0,0,0,0,0,0,0,0,0,0,0,0,0,0,0,0,0,0,0,0,0,0,0,0,0,0,0,0,0,0
JPB:bin_000153,0,0,0,0,0,0,0,0,0,0,0,0,0,0,0,0,0,0,0,0,0,0,0,0,0,0,0,0,0,0,0,0,0,0,0,0,0,0,0,0,0,0
JPB:bin_000155,0,0,0,0,0,0,0,0,0,0,0,0,0,0,0,0,0,0,0,0,0,0,0,0,0,0,0,0,0,0,0,0,0,0,0,0,0,0,0,0,0,0
JPB:bin_000156,3.861,8.264,4.224,0,0,7.514,0,3.499,16.502,5.344,5.283,2.315,5.551,2.121,2.295,2.319,0,2.731,5.25,2.796,0,2.47,2.911,2.793,16.138,8.237,0,3.511,2.148,11.574,3.102,3.689,5.333,2.006,0,0,6.871,0,5.858,0,1.293,14.297
JPB:bin_000157,0,0,0,0,0,0,0,0,0,0,0,0,0,0,0,0,0,0,0,0,0,0,0,0,0,0,0,0,0,0,0,0,0,0,0,0,0,0,0,0,0,0
JPB:bin_000159,0,0,0,0,0,0,0,0,0,0,0,0,0,0,0,0,0,0,0,0,0,0,0,0,0,0,0,0,0,0,0,0,0,0,0,0,0,0,0,0,0,0
JPB:bin_000160,2.429,0,0,0,0,0,0,2.12,16.289,2.422,2.007,0,2.54,1.88,0,1.223,0,1.108,1.969,0,0,1.593,0,2.924,4.168,3.295,0,1.907,0,3.988,1.959,2.529,1.158,0,0,0,2.922,0,1.62,1.402,0,8.217
JPB:bin_000162,0,0,0,0,0,0,0,0,0,0,0,0,0,0,0,0,0,0,0,0,0,0,0,0,0,0,0,0,0,0,0,0,0,0,0,0,0,0,0,0,0,0
JPB:bin_000163,10.855,122.916,10.243,1.06,0,67.003,0,111.652,71.834,25.499,14.045,18.95,68.677,11.097,7.657,4.249,0,8.312,21.442,19.77,3.968,9.802,3.988,17,63.902,42.1,1.089,20.608,12.815,26.937,8.2,19.041,14.675,7.155,3.585,0,18.062,1.212,33.2,8.944,6.115,63.799
JPB:bin_000164,0,0,0,0,0,0,0,0,0,0,0,0,0,0,0,0,0,0,0,0,0,0,0,0,0,0,0,0,0,0,0,0,0,0,0,0,0,0,0,0,0,0
JPB:bin_000165,0,0,0,0,0,0,0,0,0,0,0,0,0,0,0,0,0,0,0,0,0,0,0,0,0,0,0,0,0,0,0,0,0,0,0,0,0,0,0,0,0,0
JPB:bin_000166,11.877,17.918,8.819,0,0,27.303,0,10.024,11.891,17.28,10.116,8.73,30.881,7.468,5.9,6.39,0,8.951,26.219,9.697,4.171,10.591,3.876,5.995,22.042,29.15,1.357,10.984,4.768,19.833,6.52,10.597,8.604,4.998,1.931,0,14.533,1.347,15.098,5.028,5.638,40.146
JPB:bin_000167,0,0,0,0,0,0,0,0,0,0,0,0,0,0,0,0,0,0,0,0,0,0,0,0,0,0,0,0,0,0,0,0,0,0,0,0,0,0,0,0,0,0
JPB:bin_000169,0,0,0,0,0,0,0,0,0,0,0,0,0,0,0,0,0,0,0,0,0,0,0,0,0,0,0,0,0,0,0,0,0,0,0,0,0,0,0,0,0,0
JPB:bin_000170,0,0,0,0,0,0,0,0,0,0,0,0,0,0,0,0,0,0,0,0,0,0,0,0,0,0,0,0,0,0,0,0,0,0,0,0,0,0,0,0,0,0
JPB:bin_000171,0,2.071,0,0,0,2.725,0,2.644,1.786,0,0,0,1.785,0,0,0,0,0,2.175,0,0,0,0,0,1.942,0,0,0,0,2.814,0,0,0,0,0,0,0,0,1.819,0,0,0
JPB:bin_000172,25.535,4.556,29.254,2.24,0,4.789,0,16.403,6.542,11.209,47.059,4.044,2.614,5.4,4.522,2.572,0,2.899,45.779,2.629,0,3.446,14.892,1.84,9.143,8.907,14.333,8.138,4.245,77.078,30.011,8.019,4.626,18.519,0,0,9.773,1.701,13.379,1.708,1.961,8.565
JPB:bin_000173,2.625,1.966,7.438,0,0,6.403,0,2.954,2.697,4.413,6.958,3.328,0,0,3.825,3.342,0,3.621,4.263,5.042,0,3.229,2.198,2.741,7.221,9.961,0,2.875,2.365,7.002,7.228,3.515,4.574,2.152,0,0,8.619,0,9.004,8.55,1.591,5.964
JPB:bin_000174,0,0,0,0,0,0,0,0,0,0,0,0,0,0,0,0,0,0,0,0,0,0,0,0,0,0,0,0,0,0,0,0,0,0,0,0,0,0,0,0,0,0
JPB:bin_000175,0,0,0,0,0,0,0,0,0,0,0,0,0,0,0,0,0,0,0,0,0,0,0,0,0,0,0,0,0,0,0,0,0,0,0,0,0,0,0,0,0,0
JPB:bin_000176,2.269,0,15.393,0,0,3.941,0,3.861,4.338,5.457,14.818,3.29,1.218,1.882,5.621,3.3,0,3.775,4.914,3.392,0,1.618,7.009,5.279,10.615,10.868,2.767,4.362,3.104,17.751,10.992,3.897,4.197,5.126,0,0,8.22,0,4.601,2.24,2.696,8.476
JPB:bin_000177,0,0,0,0,0,0,0,0,0,0,0,0,0,0,0,0,0,0,0,0,0,0,0,0,0,0,0,0,0,0,0,0,0,0,0,0,0,0,0,0,0,0
JPB:bin_000178,0,3.489,2.056,0,0,3.93,0,2.321,2.484,4.502,3.911,3.33,3.431,1.794,1.16,1.761,0,0,2.977,2.784,0,0,1.559,3.652,6.958,4.668,0,2.552,0,8.665,3.702,3.187,2.107,1.942,0,0,6.692,0,4.117,3.082,0,3.406
JPB:bin_000180,0,0,0,0,0,0,0,0,0,0,0,0,0,0,0,0,0,0,0,0,0,0,0,0,0,0,0,0,0,0,0,0,0,0,0,0,0,0,0,0,0,0
JPB:bin_000184,2.062,4.662,9.719,0,0,4.802,0,5.844,10.842,5.786,14.988,7.15,1.274,3.418,4.2,3.689,0,5.596,5.532,4.8,1.291,2.559,4.927,5.324,11.635,14.401,1.898,8.383,3.413,19.954,6.793,6.241,5.466,4.083,0,0,14.423,1.08,12.498,3.452,2.818,11.875
JPB:bin_000185,0,0,0,0,0,0,0,0,0,0,0,0,0,0,0,0,0,0,0,0,0,0,0,0,0,0,0,0,0,0,0,0,0,0,0,0,0,0,0,0,0,0
JPB:bin_000186,0,0,0,0,0,0,0,0,0,0,0,0,0,0,0,0,0,0,0,0,0,0,0,0,0,0,0,0,0,0,0,0,0,0,0,0,0,0,0,0,0,0
JPB:bin_000187,0,0,0,0,0,0,0,0,0,0,0,0,0,0,0,0,0,0,0,0,0,0,0,0,0,0,0,0,0,0,0,0,0,0,0,0,0,0,0,0,0,0
JPB:bin_000188,2.886,8.309,10.825,0,0,6.294,0,9.892,9.169,9.419,19.899,7.955,2.179,4.36,11.223,5.968,0,8.796,12.243,9.58,3.082,4.605,8.267,15.54,24.806,19.219,1.613,5.108,3.469,19.353,19.501,6.382,11.858,3.358,1.708,0,24.164,3.649,13.099,21.124,7.097,9.919
JPB:bin_000189,9.361,2.669,1.967,0,0,3.057,0,4.154,3.01,2.726,1.818,1.557,2.269,0,0,1.63,0,1.422,12.739,0,0,0,0,1.747,4.365,4.222,0,2.687,0,2.934,2.363,0,1.994,0,0,0,5.233,0,3.333,0,0,6.884
JPB:bin_000190,0,0,0,0,0,0,0,0,0,0,0,0,0,0,0,0,0,0,0,0,0,0,0,0,0,0,0,0,0,0,0,0,0,0,0,0,0,0,0,0,0,0
JPB:bin_000192,0,0,0,0,0,0,0,0,0,0,0,0,0,0,0,0,0,0,0,0,0,0,0,0,0,0,0,0,0,0,0,0,0,0,0,0,0,0,0,0,0,0
JPB:bin_000193,0,0,0,0,0,0,0,0,0,0,0,0,0,0,0,0,0,0,0,0,0,0,0,0,0,0,0,0,0,0,0,0,0,0,0,0,0,0,0,0,0,5.008
JPB:bin_000194,0,0,0,0,0,0,0,0,0,0,0,0,0,0,0,0,0,0,0,0,0,0,0,0,0,0,0,0,0,0,0,0,0,0,0,0,0,0,0,0,0,0
JPB:bin_000195,5.437,2.438,2.451,0,0,2.042,0,7.778,1.647,4.497,2.352,1.675,0,0,0,0,0,3.201,72.996,1.676,0,0,1.566,1.559,4.779,4.293,0,2.263,5.177,6.991,4.59,2.131,4.253,2.921,0,0,3.884,0,3.906,1.455,0,3.814
JPB:bin_000196,0,0,0,0,0,1.351,0,0,1.689,0,0,0,1.239,0,0,0,0,0,0,0,0,0,0,0,0,0,0,0,0,0,0,0,0,0,0,0,0,0,0,0,0,2.859
JPB:bin_000197,0,0,0,0,0,0,0,0,0,0,0,0,0,0,0,0,0,0,0,0,0,0,0,0,0,0,0,0,0,0,0,0,0,0,0,0,0,0,0,0,0,0
JPB:bin_000198,7.257,10.457,28.884,1.966,0,9.781,0,11.975,20.253,16.003,33.827,13.311,5.023,7.817,29.984,10.445,0,12.23,12.192,14.088,5.114,9.16,16.189,27.903,47.185,37.051,4.458,19.9,9.569,48.846,30.278,12.428,15.402,10.251,4.07,0,40.774,3.868,20.564,7.212,9.069,31.011
JPB:bin_000199,0,1.552,2.254,0,0,1.426,0,1.438,2.456,0,4.266,1.508,0,0,0,0,0,0,1.855,1.558,0,0,0,1.617,3.318,3.228,0,1.347,1.318,4.472,2.276,1.797,1.387,0,0,0,2.272,0,1.832,0,0,2.469
JPB:bin_000200,0,0,0,0,0,1.743,0,0,2.812,1.391,0,0,2.652,0,0,0,0,0,0,0,0,0,0,0,4.646,0,0,0,0,0,0,0,0,0,0,0,0,0,0,0,0,2.755
JPB:bin_000201,0,0,0,0,0,0,0,0,0,0,0,0,0,0,0,0,0,0,0,0,0,0,0,0,0,0,0,0,0,0,0,0,0,0,0,0,0,0,0,0,0,0
JPB:bin_000202,0,0,0,0,0,0,0,0,0,0,0,0,0,0,0,0,0,1.219,0,0,0,0,0,2.915,0,0,0,1.829,0,0,0,0,0,0,0,0,4.61,0,0,0,0,0
JPB:bin_000203,0,0,2.697,0,0,0,0,0,1.643,2.264,4.602,0,0,0,0,0,0,0,0,1.623,0,0,0,0,3.69,2.595,0,0,0,3.743,2.273,0,1.9,0,0,0,2.615,0,0,0,0,2.74
JPB:bin_000204,12.799,32.677,46.618,2.508,0,32.619,0,34.999,54.669,35.261,63.635,38.686,13.031,26.748,26.765,35.631,1.484,31.328,39.603,37.786,10.205,13.657,32.921,49.228,102.165,79.77,10.274,50.343,21.967,85.741,69.497,24.415,34.285,23.199,6.992,0,131.736,17.597,47.522,10.898,28.189,61.18
JPB:bin_000205,0,0,0,0,0,0,0,1.439,0,0,0,0,1.38,0,0,0,0,0,0,0,0,0,0,0,0,0,0,0,0,0,0,0,0,0,0,0,0,0,0,0,0,0
JPB:bin_000206,0,1.332,2.017,0,0,3.811,0,3.644,4.732,1.969,10.594,4.145,0,2.076,2.706,2.215,0,5.849,3.599,6.73,1.691,1.701,2.774,5.586,5.665,13.201,0,5.876,0,6.079,5.968,3.511,5.735,0,0,0,5.762,2.196,5.883,3.561,1.62,2.561
JPB:bin_000207,0,0,0,0,0,0,0,0,0,0,0,0,0,0,0,0,0,0,0,0,0,0,0,0,0,0,0,0,0,0,0,0,0,0,0,0,0,0,0,0,0,0
JPB:bin_000208,0,0,0,0,0,0,0,0,0,0,0,0,0,0,0,0,0,0,0,0,0,0,0,0,0,0,0,0,0,0,0,0,0,0,0,0,0,0,0,0,0,0
JPB:bin_000209,0,0,0,0,0,0,0,0,0,0,0,0,0,0,0,0,0,0,0,0,0,0,0,0,1.466,0,0,0,0,0,2.307,0,0,0,0,0,0,0,0,0,0,0
JPB:bin_000210,0,0,0,0,0,0,0,0,0,0,0,0,0,0,0,0,0,0,0,0,0,0,0,0,0,0,0,0,0,0,0,0,0,0,0,0,0,0,0,0,0,0
JPB:bin_000211,0,0,2.885,0,0,0,0,1.807,0,3.398,3.529,0,0,0,0,4.88,0,3.571,0,0,0,0,0,2.624,5.623,5.574,1.331,0,1.629,3.472,3.311,0,0,0,0,0,4.948,0,3.767,0,0,3.496
JPB:bin_000212,0,0,0,0,0,0,0,0,0,0,0,0,0,0,0,0,0,0,0,0,0,0,0,0,0,0,0,0,0,0,0,0,0,0,0,0,0,0,0,0,0,0
JPB:bin_000213,0,5.001,6.501,0,0,3.887,0,2.762,5.418,5.155,7.748,0,0,0,0,0,0,0,0,4.664,0,0,0,0,9.493,6.106,0,0,0,12.358,0,0,0,0,0,0,5.695,0,5.778,0,0,7.325
JPB:bin_000214,0,0,0,0,0,0,0,2.526,0,0,0,0,0,0,0,0,0,0,0,0,0,0,0,0,0,0,0,0,0,0,0,0,0,0,0,0,0,0,0,0,0,0
JPB:bin_000215,0,0,0,0,0,0,0,0,0,0,0,0,0,0,0,0,0,0,0,0,0,0,0,0,0,0,0,0,0,0,0,0,0,0,0,0,0,0,0,0,0,0
JPB:bin_000217,0,0,0,0,0,0,0,0,0,0,0,0,0,0,0,0,0,0,0,0,0,0,0,0,0,0,0,0,0,0,0,0,0,0,0,0,0,0,0,0,0,0
JPB:bin_000218,0,1.533,0,0,0,1.289,0,1.752,1.155,0,0,0,0,0,0,0,0,0,0,0,0,0,0,0,1.342,0,0,0,0,0,0,0,0,0,0,0,0,0,0,0,0,0
JPB:bin_000219,2.598,4.88,18.765,0,0,8.868,0,9.651,12.05,10.48,22.303,9.198,2.726,3.467,6.852,4.171,0,8.098,11.442,3.274,4.094,5.956,9.591,9.328,34.246,25.522,1.585,14.973,5.805,12.988,13.809,4.433,11.649,4.049,0,0,31.528,2.886,22.897,0,5.849,41.726
JPB:bin_000220,0,0,0,0,0,0,0,0,0,0,0,0,0,0,0,0,0,0,0,0,0,0,0,0,0,0,0,0,0,0,0,0,0,0,0,0,0,0,0,0,0,0
JPB:bin_000221,2.285,3.339,14.007,0,0,9.001,0,9.032,11.459,15.13,18.258,9.417,2.68,5.482,14.943,6.463,0,8.745,13.248,9.355,4.705,6.622,8.663,17.612,27.761,20.866,4.053,7.205,4.259,21.434,15.723,6.923,11.911,3.631,1.475,0,27.644,3.994,19.039,10.222,3.906,17.455
JPB:bin_000222,0,0,0,0,0,0,0,0,0,0,0,0,0,0,0,0,0,0,0,0,0,0,0,0,0,0,0,0,0,0,0,0,0,0,0,0,0,0,0,0,0,0
JPB:bin_000223,0,0,0,0,0,0,0,0,0,0,0,0,0,0,0,0,0,0,0,0,0,0,0,0,0,0,0,0,0,0,0,0,0,0,0,0,0,0,0,0,0,0
JPB:bin_000224,0,0,0,0,0,0,0,0,0,0,0,0,0,0,0,0,0,0,0,0,0,0,0,0,0,0,0,0,0,0,0,0,0,0,0,0,0,0,0,0,0,0
JPB:bin_000225,0,0,0,0,0,0,0,0,0,0,0,0,0,0,0,0,0,0,0,0,0,0,0,0,0,0,0,0,0,0,0,0,0,0,0,0,0,0,0,0,0,0
JPB:bin_000226,0,0,0,0,0,0,0,0,0,0,0,0,0,0,0,0,0,0,0,0,0,0,0,0,0,0,0,0,0,0,0,0,0,0,0,0,0,0,0,0,0,0
JPB:bin_000227,0,0,0,0,0,0,0,0,0,0,0,0,0,0,0,0,0,0,0,0,0,0,0,0,0,0,0,0,0,0,0,0,0,0,0,0,0,0,0,0,0,0
JPB:bin_000228,0,0,0,0,0,0,0,0,0,0,0,0,0,0,0,0,0,0,0,0,0,0,0,0,0,0,0,0,0,0,0,0,0,0,0,0,0,0,0,0,0,0
JPB:bin_000229,0,0,0,0,0,0,0,0,0,0,0,0,0,0,0,0,0,0,0,0,0,0,0,0,0,0,0,0,0,0,0,0,0,0,0,0,0,0,0,0,0,0
JPB:bin_000230,0,0,1.688,0,0,0,0,0,0,0,1.244,0,0,0,0,0,0,0,0,0,0,0,0,0,1.638,0,0,0,0,0,0,0,0,0,0,0,0,0,3.063,0,0,0
JPB:bin_000231,0,0,0,0,0,0,0,0,0,0,0,0,0,0,0,0,0,0,0,0,0,0,0,0,0,0,0,0,0,0,0,0,0,0,0,0,0,0,0,0,0,0
JPB:bin_000232,0,0,0,0,0,0,0,0,0,0,0,0,0,0,0,0,0,0,0,0,0,0,0,0,0,0,0,0,0,0,0,0,0,0,0,0,0,0,0,0,0,0
JPB:bin_000233,0,0,0,0,0,0,0,0,0,0,0,0,0,0,0,0,0,0,0,0,0,0,0,0,0,0,0,0,0,0,0,0,0,0,0,0,0,0,0,0,0,0
JPB:bin_000234,0,0,0,0,0,0,0,0,0,0,0,0,0,0,0,0,0,0,0,0,0,0,0,0,0,0,0,0,0,0,0,0,0,0,0,0,0,0,0,0,0,0
JPB:bin_000236,0,0,0,0,0,0,0,0,0,0,0,0,0,0,0,0,0,0,0,0,0,0,0,0,0,0,0,0,0,0,0,0,0,0,0,0,0,0,0,0,0,0
JPB:bin_000237,0,0,0,0,0,0,0,0,0,0,0,0,0,0,0,0,0,0,0,0,0,0,0,0,0,0,0,0,0,0,0,0,0,0,0,0,0,0,0,0,0,0
JPB:bin_000238,0,0,0,0,0,0,0,0,0,0,0,0,0,0,0,0,0,0,0,0,0,0,0,0,0,0,0,0,0,0,0,0,0,0,0,0,0,0,0,0,0,0
JPB:bin_000239,0,0,0,0,0,0,0,0,0,0,0,0,0,0,0,0,0,0,0,0,0,0,0,0,0,0,0,0,0,0,0,0,0,0,0,0,0,0,0,0,0,0
JPB:bin_000240,0,0,0,0,0,0,0,0,0,0,0,0,0,0,0,0,0,0,0,0,0,0,0,0,0,0,0,0,0,0,0,0,0,0,0,0,0,0,0,0,0,0
JPB:bin_000241,0,0,0,0,0,0,0,0,0,0,0,0,0,0,0,0,0,0,0,0,0,0,0,0,0,0,0,0,0,0,0,0,0,0,0,0,0,0,0,0,0,0
JPB:bin_000242,0,0,0,0,0,0,0,0,0,0,0,0,0,0,0,0,0,0,0,0,0,0,0,0,1.725,1.649,0,0,0,0,0,0,1.15,0,0,0,1.277,0,0,0,0,0
JPB:bin_000243,0,0,0,0,0,0,0,0,0,0,0,0,0,0,0,0,0,0,0,0,0,0,0,0,0,0,0,0,0,0,0,0,0,0,0,0,0,0,0,0,0,0
JPB:bin_000244,0,0,0,0,0,0,0,0,0,0,0,0,0,0,0,0,0,0,0,0,0,0,0,0,0,0,0,0,0,0,0,0,0,0,0,0,0,0,0,0,0,0
JPB:bin_000245,0,0,0,0,0,0,0,0,0,0,0,0,0,0,0,0,0,0,0,0,0,0,0,0,0,0,0,0,0,0,0,0,0,0,0,0,0,0,0,0,0,0
JPB:bin_000246,0,0,0,0,0,0,0,0,0,0,0,0,0,0,0,0,0,0,0,0,0,0,0,0,0,0,0,0,0,0,0,0,0,0,0,0,0,0,0,0,0,0
JPB:bin_000247,0,0,0,0,0,0,0,0,0,0,0,0,0,0,0,0,0,0,0,0,0,0,0,0,0,0,0,0,0,0,0,0,0,0,0,0,0,0,0,0,0,0
JPB:bin_000248,0,0,0,0,0,0,0,0,0,0,0,0,0,0,0,0,0,0,0,0,0,0,0,0,0,0,0,0,0,0,0,0,0,0,0,0,0,0,0,0,0,0
JPB:bin_000249,0,0,0,0,0,0,0,0,0,0,0,0,0,0,0,0,0,0,0,0,0,0,0,0,0,0,0,0,0,0,0,0,0,0,0,0,0,0,0,0,0,0
JPB:bin_000250,0,0,0,0,0,0,0,0,0,0,0,0,0,0,0,0,0,0,0,0,0,0,0,0,0,0,0,0,0,0,0,0,0,0,0,0,0,0,0,0,0,0
JPB:bin_000251,0,0,0,0,0,0,0,0,0,0,0,0,0,0,0,0,0,0,0,0,0,0,0,0,0,0,0,0,0,0,0,0,0,0,0,0,0,0,0,0,0,0
JPB:bin_000252,0,1.858,1.76,0,0,2.208,0,2.991,1.587,2.69,1.511,2.242,1.444,0,0,1.231,0,1.777,1.194,1.424,0,1.223,1.246,0,4.13,2.029,0,2.231,0,0,1.887,0,0,0,0,0,3.697,0,3.467,0,0,1.846
JPB:bin_000253,0,0,0,0,0,0,0,0,0,0,0,0,0,0,0,0,0,0,0,0,0,0,0,0,0,0,0,0,0,0,0,0,0,0,0,0,0,0,0,0,0,0
JPB:bin_000254,0,0,0,0,0,0,0,0,0,0,0,0,0,0,0,0,0,0,0,0,0,0,0,0,0,0,0,0,0,0,0,0,0,0,0,0,0,0,0,0,0,0
JPB:bin_000255,0,0,0,0,0,0,0,0,0,0,0,0,0,0,0,0,0,0,0,0,0,0,0,0,0,0,0,0,0,0,0,0,0,0,0,0,0,0,0,0,0,0
JPB:bin_000256,0,0,0,0,0,0,0,0,0,0,0,0,0,0,0,0,0,0,0,0,0,0,0,0,0,0,0,0,0,0,0,0,0,0,0,0,0,0,0,0,0,0
JPB:bin_000257,0,0,0,0,0,0,0,0,0,0,0,0,0,0,0,0,0,0,0,0,0,0,0,0,0,0,0,0,0,0,0,0,0,0,0,0,0,0,0,0,0,0
JPB:bin_000258,0,0,0,0,0,0,0,0,0,0,0,0,0,0,0,0,0,0,0,0,0,0,0,0,0,0,0,0,0,0,0,0,0,0,0,0,0,0,0,0,0,0
JPB:bin_000259,0,0,0,0,0,0,0,0,0,0,0,0,0,0,0,0,0,0,0,0,0,0,0,0,0,0,0,0,0,0,0,0,0,0,0,0,0,0,0,0,0,0
JPB:bin_000260,0,0,0,0,0,0,0,0,0,0,0,0,0,0,0,0,0,0,0,0,0,0,0,0,0,0,0,0,0,0,0,0,0,0,0,0,0,0,0,0,0,0
JPB:bin_000262,0,0,0,0,0,0,0,0,0,0,0,0,0,0,0,0,0,0,0,0,0,0,0,0,0,0,0,0,0,0,0,0,0,0,0,0,0,0,0,0,0,0
JPB:bin_000263,0,0,0,0,0,0,0,0,0,0,0,0,0,0,0,0,0,0,0,0,0,0,0,0,0,0,0,0,0,0,0,0,0,0,0,0,0,0,0,0,0,0
JPB:bin_000264,0,0,0,0,0,0,0,0,0,0,0,0,0,0,0,0,0,0,0,0,0,0,0,0,0,0,0,0,0,0,0,0,0,0,0,0,0,0,0,0,0,0
JPB:bin_000265,0,0,0,0,0,0,0,0,0,0,0,0,0,0,0,0,0,0,0,0,0,0,0,0,0,0,0,0,0,0,0,0,0,0,0,0,0,0,0,0,0,0
JPB:bin_000266,0,0,0,0,0,0,0,0,0,0,0,0,0,0,0,0,0,0,0,0,0,0,0,0,0,0,0,0,0,0,0,0,0,0,0,0,0,0,0,0,0,0
JPB:bin_000267,0,0,0,0,0,0,0,0,0,0,0,0,0,0,0,0,0,0,0,0,0,0,0,0,0,0,0,0,0,0,0,0,0,0,0,0,0,0,0,0,0,0
JPB:bin_000268,0,0,0,0,0,0,0,0,0,0,0,0,0,0,0,0,0,0,0,0,0,0,0,0,0,0,0,0,0,0,0,0,0,0,0,0,0,0,0,0,0,0
JPB:bin_000269,0,0,0,0,0,0,0,0,0,0,0,0,0,0,0,0,0,0,0,0,0,0,0,0,0,0,0,0,0,0,0,0,0,0,0,0,0,0,0,0,0,0
JPB:bin_000270,0,0,0,0,0,0,0,0,0,0,0,0,0,0,0,0,0,0,0,0,0,0,0,0,0,0,0,0,0,0,0,0,0,0,0,0,0,0,0,0,0,0
JPB:bin_000271,0,0,0,0,0,0,0,0,0,0,0,0,0,0,0,0,0,0,0,0,0,0,0,0,0,0,0,0,0,0,0,0,0,0,0,0,0,0,0,0,0,0
JPB:bin_000272,0,0,0,0,0,0,0,0,0,0,1.6,0,0,0,0,1.328,0,0,0,0,0,0,0,0,2.546,1.868,0,1.16,0,0,0,0,0,0,0,0,1.997,0,1.867,0,0,2.312
JPB:bin_000273,0,0,0,0,0,0,0,0,0,0,0,0,0,0,0,0,0,0,0,0,0,0,0,0,0,0,0,0,0,0,0,0,0,0,0,0,0,0,0,0,0,0
JPB:bin_000274,0,0,0,0,0,0,0,0,0,0,0,0,0,0,0,0,0,0,0,0,0,0,0,0,0,0,0,0,0,0,0,0,0,0,0,0,0,0,0,0,0,0
JPB:bin_000275,0,0,0,0,0,0,0,0,0,0,0,0,0,0,0,0,0,0,0,0,0,0,0,0,0,0,0,0,0,0,0,0,0,0,0,0,0,0,0,0,0,0
JPB:bin_000276,0,0,0,0,0,0,0,0,0,0,0,0,0,0,0,0,0,0,0,0,0,0,0,0,0,0,0,0,0,0,0,0,0,0,0,0,0,0,0,0,0,0
JPB:bin_000277,0,0,0,0,0,0,0,0,0,0,0,0,0,0,0,0,0,0,0,0,0,0,0,0,0,0,0,0,0,0,0,0,0,0,0,0,0,0,0,0,0,0
JPB:bin_000278,0,0,0,0,0,0,0,0,0,0,0,0,0,0,0,0,0,0,0,0,0,0,0,0,0,0,0,0,0,0,0,0,0,0,0,0,0,0,0,0,0,0
JPB:bin_000279,0,0,0,0,0,0,0,0,0,0,0,0,0,0,0,0,0,0,0,0,0,0,0,0,0,0,0,0,0,0,0,0,0,0,0,0,0,0,0,0,0,0
JPB:bin_000280,0,0,0,0,0,0,0,0,0,0,0,0,0,0,0,0,0,0,0,0,0,0,0,0,0,0,0,0,0,0,0,0,0,0,0,0,0,0,0,0,0,0
JPB:bin_000281,0,0,0,0,0,0,0,0,0,0,0,0,0,0,0,0,0,0,0,0,0,0,0,0,1.396,0,0,0,0,0,0,0,0,0,0,0,0,0,0,0,0,0
JPB:bin_000282,0,0,0,0,0,0,0,0,0,0,0,0,0,0,0,0,0,0,0,0,0,0,0,0,3.844,0,0,0,0,0,0,0,0,0,0,0,0,0,0,0,0,0
JPB:bin_000283,0,0,0,0,0,0,0,0,0,0,0,0,0,0,0,0,0,0,0,0,0,0,0,0,0,0,0,0,0,0,0,0,0,0,0,0,0,0,0,0,0,0
JPB:bin_000285,0,3.995,3.056,0,0,1.38,0,4.057,1.349,2.715,4.969,2.403,0,0,1.474,2.04,0,3.123,1.845,1.741,0,1.713,1.895,2.321,7.255,6.505,1.417,1.614,0,2.715,3.875,1.306,2.205,0,0,0,4.905,1.709,2.405,0,0,4.493
JPB:bin_000286,0,0,0,0,0,0,0,0,0,0,0,0,0,0,0,0,0,0,0,0,0,0,0,0,0,0,0,0,0,0,0,0,0,0,0,0,0,0,0,0,0,0
JPB:bin_000287,0,0,0,0,0,0,0,0,0,0,0,0,0,0,0,0,0,0,0,0,0,0,0,0,0,0,0,0,0,0,0,0,0,0,0,0,0,0,0,0,0,0
JPB:bin_000288,0,0,0,0,0,0,0,0,0,0,0,0,0,0,0,0,0,0,0,0,0,0,0,0,0,0,0,0,0,0,0,0,0,0,0,0,0,0,0,0,0,0
JPB:bin_000289,0,0,0,0,0,0,0,0,0,0,0,0,0,0,0,0,0,0,0,0,0,0,0,0,0,0,0,0,0,0,0,0,0,0,0,0,0,0,0,0,0,0
JPB:bin_000290,0,0,0,0,0,0,0,0,0,0,0,0,0,0,0,0,0,0,0,0,0,0,0,0,0,0,0,0,0,0,0,0,0,0,0,0,0,0,0,0,0,0
JPB:bin_000291,0,0,0,0,0,0,0,0,0,0,0,0,0,0,0,0,0,0,0,0,0,0,0,0,0,0,0,0,0,0,0,0,0,0,0,0,0,0,0,0,0,0
JPB:bin_000292,0,0,0,0,0,0,0,0,0,0,0,0,0,0,0,0,0,0,0,0,0,0,0,0,0,0,0,0,0,0,0,0,0,0,0,0,0,0,0,0,0,0
JPB:bin_000294,0,0,0,0,0,0,0,0,0,0,0,0,0,0,0,0,0,0,0,0,0,0,0,0,0,0,0,0,0,0,0,0,0,0,0,0,0,0,0,0,0,0
JPB:bin_000295,0,0,0,0,0,0,0,0,0,0,0,0,0,0,0,0,0,0,0,0,0,0,0,0,0,0,0,0,0,0,0,0,0,0,0,0,0,0,0,0,0,0
JPB:bin_000296,0,0,0,0,0,0,0,0,0,0,0,0,0,0,0,0,0,0,0,0,0,0,0,0,0,0,0,0,0,0,0,0,0,0,0,0,0,0,0,0,0,0
JPB:bin_000297,0,0,0,0,0,0,0,0,0,0,0,0,0,0,0,0,0,0,0,0,0,0,0,0,0,0,0,0,0,0,0,0,0,0,0,0,0,0,0,0,0,0
JPB:bin_000298,0,0,0,0,0,0,0,0,0,0,0,0,0,0,0,0,0,0,0,0,0,0,0,0,0,0,0,0,0,0,0,0,0,0,0,0,0,0,0,0,0,0
JPB:bin_000300,0,0,0,0,0,0,0,0,0,0,0,0,0,0,0,0,0,0,0,0,0,0,0,0,0,0,0,0,0,0,0,0,0,0,0,0,0,0,0,0,0,0
JPB:bin_000301,0,3.018,4.079,0,0,6.683,0,2.616,3.69,2.595,4.216,0,0,0,2.422,0,0,0,4.814,2.525,0,0,0,4.495,10.178,4.665,0,2.684,0,12.283,0,2.31,0,0,0,0,5.834,0,4.582,0,0,4.334
JPB:bin_000302,0,0,0,0,0,0,0,0,0,0,0,0,0,0,0,0,0,0,0,0,0,0,0,0,0,0,0,0,0,0,0,0,0,0,0,0,0,0,0,0,0,0
JPB:bin_000303,0,0,0,0,0,0,0,0,0,0,0,0,0,0,0,0,0,0,0,0,0,0,0,0,0,0,0,0,0,0,0,0,0,0,0,0,0,0,0,0,0,0
JPB:bin_000304,0,0,0,0,0,0,0,0,0,0,0,0,0,0,0,0,0,0,0,0,0,0,0,0,0,0,0,0,0,0,0,0,0,0,0,0,0,0,0,0,0,0
JPB:bin_000306,0,0,0,0,0,0,0,0,0,0,0,0,0,0,0,0,0,0,0,0,0,0,0,0,0,0,0,0,0,0,0,0,0,0,0,0,0,0,0,0,0,0
JPB:bin_000307,0,0,0,0,0,0,0,0,0,0,0,0,0,0,0,0,0,0,0,0,0,0,0,0,0,0,0,0,0,0,0,0,0,0,0,0,0,0,0,0,0,0
JPB:bin_000309,0,0,0,0,0,0,0,0,0,0,0,0,0,0,0,0,0,0,0,0,0,0,0,0,2.238,0,0,0,0,1.934,6.626,0,0,0,0,0,0,0,0,0,0,0
JPB:bin_000310,0,0,0,0,0,0,0,0,0,0,0,0,0,0,0,0,0,0,0,0,0,0,0,0,0,0,0,0,0,0,0,0,0,0,0,0,0,0,0,0,0,0
JPB:bin_000311,0,0,1.787,0,0,0,0,1.545,0,0,1.764,0,0,0,0,0,0,0,1.977,0,0,0,1.791,2.37,2.339,3.825,0,0,0,2.757,0,0,0,0,1.253,0,0,0,2.009,0,0,2.485
JPB:bin_000312,0,0,0,0,0,0,0,0,0,0,0,0,0,0,0,0,0,0,0,0,0,0,0,0,0,0,0,0,0,0,0,0,0,0,0,0,0,0,0,0,0,0
JPB:bin_000314,0,0,0,0,0,0,0,0,0,0,0,0,0,0,0,0,0,0,0,0,0,0,0,0,0,0,0,0,0,0,0,0,0,0,0,0,0,0,0,0,0,0
JPB:bin_000315,0,0,0,0,0,0,0,0,0,0,0,0,0,0,0,0,0,0,0,0,0,0,0,0,0,0,0,0,0,0,0,0,0,0,0,0,0,0,0,0,0,0
JPB:bin_000316,12.771,35.738,37.688,1.539,0,35.508,0,15.516,28.134,25.032,45.37,12.562,18.998,10.144,14.54,9.908,1.451,14.291,24.546,21.917,3.792,9.675,23.928,13.917,86.632,42.765,7.035,20.364,12.466,59.421,34.982,17.087,19.331,12.892,2.848,0,38.235,5.685,27.209,5.603,9.256,37.848
JPB:bin_000317,0,0,0,0,0,0,0,0,0,0,0,0,0,0,0,0,0,0,0,0,0,0,0,0,0,1.383,0,0,0,2.227,0,0,0,0,0,0,0,0,2.45,0,0,0
JPB:bin_000319,0,0,0,0,0,0,0,0,0,0,1.425,0,0,0,0,0,0,0,0,0,0,0,0,0,0,0,0,0,0,0,0,0,0,0,0,0,0,0,0,0,0,0
JPB:bin_000320,0,0,0,0,0,0,0,0,0,0,0,0,0,0,0,0,0,0,0,0,0,0,0,0,0,0,0,0,0,0,0,0,0,0,0,0,0,0,0,0,0,0
JPB:bin_000321,0,0,0,0,0,0,0,0,2.041,0,0,0,0,0,0,0,0,0,0,0,0,0,0,0,0,0,0,0,0,0,0,0,0,0,0,0,0,0,0,0,0,0
JPB:bin_000322,0,0,0,0,0,0,0,0,0,0,0,0,0,0,0,0,0,0,0,0,0,0,0,0,0,0,0,0,0,0,0,0,0,0,0,0,0,0,0,0,0,0
JPB:bin_000323,0,0,0,0,0,0,0,0,0,0,0,0,0,0,0,0,0,0,0,0,0,0,0,0,0,0,0,0,0,0,0,0,0,0,0,0,0,0,0,0,0,0
JPB:bin_000324,0,0,0,0,0,0,0,0,0,0,0,0,0,0,0,0,0,0,0,0,0,0,0,0,0,0,0,0,0,0,0,0,0,0,0,0,0,0,0,0,0,0
JPB:bin_000325,0,0,0,0,0,0,0,0,0,0,0,0,0,0,0,0,0,0,0,0,0,0,0,0,0,0,0,0,0,0,0,0,0,0,0,0,0,0,0,0,0,0
JPB:bin_000328,0,2.454,0,0,0,2.821,0,2.194,4.884,1.263,0,0,0,0,0,0,0,0,1.629,0,0,0,0,0,4.269,2.284,0,0,0,1.824,0,0,0,0,0,0,0,0,2.904,0,0,3.845
JPB:bin_000330,0,0,0,0,0,0,0,0,0,0,0,0,0,0,0,0,0,0,0,0,0,0,0,0,0,0,0,0,0,0,0,0,0,0,0,0,0,0,0,0,0,0
JPB:bin_000334,0,0,0,0,0,0,0,0,0,0,0,0,0,0,0,0,0,0,0,0,0,0,0,0,0,0,0,0,0,0,0,0,0,0,0,0,0,0,0,0,0,0
JPB:bin_000337,0,0,0,0,0,0,0,0,0,0,0,0,0,0,0,0,0,0,0,0,0,0,0,0,0,0,0,0,0,0,0,0,0,0,0,0,0,0,0,0,0,0
JPB:bin_000339,0,0,0,0,0,0,0,0,0,0,0,0,0,0,0,0,0,0,0,0,0,0,0,0,0,0,0,0,0,0,0,0,0,0,0,0,0,0,0,0,0,0
JPB:bin_000340,0,0,2.439,0,0,0,0,0,1.684,0,3.334,0,0,0,0,0,0,0,0,0,0,0,0,0,3.572,2.996,0,0,0,4.418,2.886,1.744,0,0,0,0,3.341,0,2.694,0,0,2.589
JPB:bin_000341,0,0,0,0,0,0,0,0,0,0,0,0,0,0,0,0,0,0,0,0,0,0,0,0,0,0,0,0,0,0,0,0,0,0,0,0,0,0,0,0,0,0
JPB:bin_000342,0,0,0,0,0,0,0,0,0,0,0,0,0,0,0,0,0,0,0,0,0,0,0,0,0,0,0,0,0,0,0,0,0,0,0,0,0,0,0,0,0,0
JPB:bin_000343,0,0,0,0,0,0,0,0,0,0,0,0,0,0,0,0,0,0,0,0,0,0,0,0,0,0,0,0,0,0,0,0,0,0,0,0,0,0,0,0,0,0
JPB:bin_000344,0,0,0,0,0,0,0,0,0,0,0,0,0,0,0,0,0,0,0,0,0,0,0,0,0,0,0,0,0,0,0,0,0,0,0,0,0,0,0,0,0,0
JPB:bin_000345,0,3.458,6.261,0,0,4.744,0,3.449,5.358,6.811,6.714,4.159,1.625,2.864,4.282,3.735,0,3.568,4.816,4.391,0,2.382,5.046,7.186,14.38,12.306,1.576,4.481,0,14.325,7.021,2.777,5.411,2.182,0,0,10.161,1.989,5.435,3.921,2.935,11.667
JPB:bin_000346,0,0,0,0,0,0,0,0,0,0,0,0,0,0,0,0,0,0,0,0,0,0,0,0,0,0,0,0,0,0,0,0,0,0,0,0,0,0,0,0,0,0
JPB:bin_000347,0,0,0,0,0,0,0,0,0,0,0,0,0,0,0,0,0,0,0,0,0,0,0,0,0,0,0,0,0,0,0,0,0,0,0,0,0,0,0,0,0,0
JPB:bin_000348,0,0,0,0,0,0,0,0,0,0,0,0,0,0,0,0,0,0,0,0,0,0,0,0,0,0,0,0,0,0,0,0,0,0,0,0,0,0,0,0,0,0
JPB:bin_000349,1.329,7.976,4.95,0,0,1.606,0,3.654,6.514,0,5.903,3.045,0,1.378,1.505,2.274,0,1.359,1.813,1.46,0,1.883,0,3.633,7.928,5.478,0,2.532,1.746,5.642,4.976,2.764,2.654,3.201,0,0,7.858,0,1.898,4.487,2.24,8.102
JPB:bin_000350,0,0,0,0,0,0,0,0,0,0,0,0,0,0,0,0,0,0,0,0,0,0,0,0,0,0,0,0,0,0,0,0,0,0,0,0,0,0,0,0,0,0
JPB:bin_000352,0,0,2.282,0,0,0,0,1.936,2.513,0,4.801,1.376,0,1.539,2.153,0,0,1.436,0,1.666,0,0,1.425,2.557,3.434,3.7,0,1.665,0,4.472,2.539,0,1.397,1.294,0,0,3.999,0,2.417,0,0,2.273
JPB:bin_000353,0,0,0,0,0,0,0,0,0,0,0,0,0,0,0,0,0,0,0,0,0,0,0,0,0,0,0,0,0,0,0,0,0,0,0,0,0,0,0,0,0,0
JPB:bin_000354,0,0,0,0,0,0,0,0,0,0,0,0,0,0,0,0,0,0,0,0,0,0,0,0,0,0,0,0,0,0,0,0,0,0,0,0,0,0,0,0,0,0
JPB:bin_000356,0,0,0,0,0,0,0,0,0,0,0,0,0,0,0,0,0,0,0,0,0,0,0,0,0,0,0,0,0,0,0,0,0,0,0,0,0,0,0,0,0,0
JPB:bin_000357,0,0,0,0,0,0,0,0,0,0,0,0,0,0,0,0,0,0,0,0,0,0,0,0,0,0,0,0,0,0,0,0,0,0,0,0,0,0,0,0,0,0
JPB:bin_000358,0,0,0,0,0,0,0,0,0,0,0,0,0,0,0,0,0,0,0,0,0,0,0,0,0,0,0,0,0,0,0,0,0,0,0,0,0,0,0,0,0,0
JPB:bin_000359,0,0,0,0,0,0,0,0,0,0,0,0,0,0,0,0,0,0,0,0,0,0,0,0,0,0,0,0,0,0,0,0,0,0,0,0,0,0,0,0,0,0
JPB:bin_000362,0,0,0,0,0,0,0,0,0,0,0,0,0,0,0,0,0,0,0,0,0,0,0,0,0,0,0,0,0,0,0,0,0,0,0,0,0,0,0,0,0,0
JPB:bin_000364,0,0,0,0,0,0,0,0,0,0,0,0,0,0,0,0,0,0,0,0,0,0,0,0,0,0,0,0,0,0,0,0,0,0,0,0,0,0,0,0,0,0
JPB:bin_000366,0,0,0,0,0,0,0,0,0,0,0,0,0,0,0,0,0,0,0,0,0,0,0,0,0,0,0,0,0,0,0,0,0,0,0,0,0,0,0,0,0,0
JPB:bin_000367,0,0,0,0,0,0,0,0,0,0,0,0,0,0,0,0,0,0,0,0,0,0,0,0,0,0,0,0,0,0,0,0,0,0,0,0,0,0,0,0,0,0
JPB:bin_000368,0,0,0,0,0,0,0,2.239,0,4.261,0,0,3.048,0,0,0,0,2.36,0,0,0,0,1.451,0,0,5.252,0,0,0,0,0,0,0,0,0,0,0,0,0,0,0,4.731
JPB:bin_000369,0,0,0,0,0,0,0,0,0,0,0,0,0,0,0,0,0,0,0,0,0,0,0,0,0,0,0,0,0,0,0,0,0,0,0,0,0,0,0,0,0,0
JPB:bin_000370,0,0,0,0,0,0,0,0,1.526,0,2.033,0,0,0,0,0,0,2.239,10.635,0,0,0,0,2.744,0,2.544,0,0,0,2.752,1.657,0,1.358,1.179,0,0,3.637,0,2.434,2.356,0,0
JPB:bin_000372,0,0,0,0,0,0,0,0,0,0,0,0,0,0,0,0,0,0,0,0,0,0,0,0,0,0,0,0,0,0,0,0,0,0,0,0,0,0,0,0,0,0
JPB:bin_000373,0,0,0,0,0,0,0,0,0,0,0,0,0,0,0,0,0,0,0,0,0,0,0,0,0,0,0,0,0,0,0,0,0,0,0,0,0,0,0,0,0,0
JPB:bin_000376,0,0,0,0,0,0,0,0,0,0,0,0,0,0,0,0,0,0,0,0,0,0,0,0,0,0,0,0,0,2.433,0,0,0,0,0,0,0,0,0,0,0,0
JPB:bin_000377,0,0,0,0,0,0,0,0,0,0,0,0,0,0,0,0,0,0,0,0,0,0,0,0,0,0,0,0,0,0,0,0,0,0,0,0,0,0,0,0,0,0
JPB:bin_000378,0,0,0,0,0,0,0,0,0,0,0,0,0,0,0,0,0,0,0,0,0,0,0,0,0,0,0,0,0,0,0,0,0,0,0,0,0,0,0,0,0,0
JPB:bin_000379,0,0,0,0,0,0,0,0,0,0,0,0,0,0,0,0,0,0,0,0,0,0,0,0,0,0,0,0,0,0,0,0,0,0,0,0,0,0,0,0,0,0
JPB:bin_000380,0,0,0,0,0,0,0,0,0,0,0,0,0,0,0,0,0,0,0,0,0,0,0,0,0,0,0,0,0,0,0,0,0,0,0,0,0,0,0,0,0,0
JPB:bin_000382,0,0,0,0,0,0,0,0,0,0,0,0,0,0,0,0,0,0,0,0,0,0,0,0,0,0,0,0,0,0,0,0,0,0,0,0,0,0,0,0,0,0
JPB:bin_000383,0,0,0,0,0,0,0,0,0,0,0,0,0,0,0,0,0,0,0,0,0,0,0,0,0,0,0,0,0,0,0,0,0,0,0,0,0,0,0,0,0,0
JPB:bin_000384,0,0,0,0,0,0,0,0,0,0,0,0,0,0,0,0,0,0,0,0,0,0,0,0,0,0,0,0,0,0,0,0,0,0,0,0,0,0,0,0,0,0
JPB:bin_000385,0,0,0,0,0,0,0,0,0,0,0,0,0,0,0,0,0,0,0,0,0,0,0,0,0,0,0,0,0,0,0,0,0,0,0,0,0,0,0,0,0,0
JPB:bin_000386,0,0,0,0,0,0,0,0,0,0,0,0,0,0,0,0,0,0,0,0,0,0,0,0,0,0,0,0,0,0,0,0,0,0,0,0,0,0,0,0,0,0
JPB:bin_000387,0,0,0,0,0,0,0,0,0,0,0,0,0,0,0,0,0,0,0,0,0,0,0,0,0,0,0,0,0,0,0,0,0,0,0,0,0,0,0,0,0,0
JPB:bin_000390,0,0,0,0,0,0,0,0,0,0,0,0,0,0,0,0,0,0,0,0,0,0,0,0,0,0,0,0,0,0,0,0,0,0,0,0,0,0,0,0,0,0
JPB:bin_000392,0,0,1.152,0,0,0,0,0,0,0,0,0,0,0,0,0,0,0,0,0,0,0,0,0,2.333,0,0,0,0,1.511,0,0,0,0,0,0,0,0,0,0,0,0
JPB:bin_000393,0,0,0,0,0,0,0,0,0,0,0,0,0,0,0,0,0,0,0,0,0,0,0,0,0,0,0,0,0,0,0,0,0,0,0,0,0,0,0,0,0,0
JPB:bin_000394,0,0,0,0,0,0,0,0,0,0,0,0,0,0,0,0,0,0,0,0,0,0,0,0,0,1.975,0,0,0,0,0,0,0,0,0,0,0,0,0,0,0,0
JPB:bin_000395,0,0,0,0,0,0,0,0,0,0,0,0,0,0,0,0,0,0,0,0,0,0,0,0,0,0,0,0,0,0,0,0,0,0,0,0,0,0,0,0,0,0
JPB:bin_000396,0,0,0,0,0,0,0,0,0,0,0,0,0,0,0,0,0,0,0,0,0,0,0,0,0,0,0,0,0,0,0,0,0,0,0,0,2.86,0,0,0,0,0
JPB:bin_000398,0,0,0,0,0,0,0,0,0,0,0,0,0,0,0,0,0,0,0,0,0,0,0,0,0,0,0,0,0,0,0,0,0,0,0,0,0,0,0,0,0,0
JPB:bin_000400,0,0,0,0,0,0,0,0,0,0,0,0,0,0,0,0,0,0,0,0,0,0,0,0,0,0,0,0,0,0,0,0,0,0,0,0,0,0,0,0,0,0
JPB:bin_000402,0,0,0,0,0,0,0,0,0,0,0,0,0,0,0,0,0,0,0,0,0,0,0,0,0,0,0,0,0,0,0,0,0,0,0,0,0,0,0,0,0,0
JPB:bin_000403,0,0,2.085,0,0,1.433,0,0,0,0,3.53,0,0,0,0,0,0,0,0,1.367,0,0,0,0,0,0,0,0,0,0,0,0,0,0,0,0,0,0,1.54,0,0,0
JPB:bin_000404,0,0,0,0,0,0,0,0,0,0,0,0,0,0,0,0,0,0,0,0,0,0,0,0,0,0,0,0,0,0,0,0,0,0,0,0,0,0,0,0,0,0
JPB:bin_000406,0,0,0,0,0,0,0,0,0,0,0,0,0,0,0,0,0,0,0,0,0,0,0,0,0,0,0,0,0,0,0,0,0,0,0,0,0,0,0,0,0,0
JPB:bin_000407,0,0,0,0,0,0,0,0,0,0,0,0,0,0,0,0,0,0,0,0,0,0,0,0,0,0,0,0,0,0,0,0,0,0,0,0,0,0,0,0,0,0
JPB:bin_000409,0,0,0,0,0,0,0,0,0,0,0,0,0,0,0,0,0,0,0,0,0,0,0,0,0,0,0,0,0,0,0,0,0,0,0,0,0,0,0,0,0,0
JPB:bin_000410,0,0,0,0,0,0,0,1.366,2.049,0,1.69,0,0,0,0,0,0,0,1.136,0,0,0,0,1.637,3.573,1.809,0,0,0,1.764,1.791,0,0,0,0,0,3.113,0,0,2.478,1.149,1.982
JPB:bin_000411,0,0,0,0,0,0,0,0,0,0,0,0,0,0,0,0,0,0,0,0,0,0,0,0,0,0,0,0,0,0,0,0,0,0,0,0,0,0,0,0,0,0
JPB:bin_000412,0,0,0,0,0,0,0,0,0,0,0,0,0,0,0,0,0,0,0,0,0,0,0,0,0,0,0,0,0,0,0,0,0,0,0,0,0,0,0,0,0,0
JPB:bin_000413,0,0,0,0,0,0,0,0,0,0,0,0,0,0,0,0,0,0,0,0,0,0,0,0,0,0,0,0,0,0,0,0,0,0,0,0,0,0,0,0,0,0
JPB:bin_000414,0,0,0,0,0,0,0,0,0,0,0,0,0,0,0,0,0,0,0,0,0,0,0,0,0,0,0,0,0,3.017,0,0,0,0,0,0,0,0,0,0,0,10.47
JPB:bin_000416,0,5.756,0,0,0,5.503,0,6.454,2.419,5.872,2.979,12.793,4.296,1.382,0,1.61,0,2.762,4.82,2.232,0,0,2.762,2.175,6.055,3.549,0,2.777,0,9.019,1.841,0,0,1.91,0,0,4.292,0,12.083,0,0,3.458
JPB:bin_000417,0,0,0,0,0,0,0,0,0,0,0,0,0,0,0,0,0,0,0,0,0,0,0,0,0,0,0,0,0,0,0,0,0,0,0,0,0,0,0,0,0,0
JPB:bin_000418,0,0,0,0,0,0,0,0,0,0,0,0,0,0,0,0,0,0,0,0,0,0,0,0,0,0,0,0,0,0,0,0,0,0,0,0,0,0,0,0,0,0
JPB:bin_000420,0,0,0,0,0,0,0,0,0,0,0,0,0,0,0,0,0,0,0,0,0,0,0,0,0,0,0,0,0,0,0,0,0,0,0,0,0,0,0,0,0,0
JPB:bin_000421,0,0,0,0,0,0,0,0,0,0,0,0,0,0,0,0,0,0,0,0,0,0,0,0,0,0,0,0,0,0,0,0,0,0,0,0,0,0,0,0,0,0
JPB:bin_000422,0,0,5.299,0,0,4.028,0,3.268,3.692,3.586,5.199,3.272,0,0,4.051,2.735,0,2.852,3.986,2.715,1.661,1.718,1.619,4.614,8.186,9.536,0,2.744,1.514,12.401,4.052,2.634,3.587,0,0,0,6.708,0,4.953,9.49,1.254,6.124
JPB:bin_000423,0,0,0,0,0,0,0,0,0,0,0,0,0,0,0,0,0,0,0,0,0,0,0,0,0,0,0,0,0,0,0,0,0,0,0,0,0,0,0,0,0,0
JPB:bin_000424,0,0,0,0,0,0,0,0,0,0,0,0,0,0,0,0,0,0,0,0,0,0,0,0,0,0,0,0,0,0,0,0,0,0,0,0,0,0,0,0,0,0
JPB:bin_000425,0,0,0,0,0,0,0,0,1.414,0,0,0,0,0,0,0,0,0,0,0,0,0,0,0,0,0,0,0,0,0,0,0,0,0,0,0,0,0,0,0,0,0
JPB:bin_000426,0,0,0,0,0,0,0,0,0,0,0,0,0,0,0,0,0,0,0,0,0,0,0,0,0,0,0,0,0,0,0,0,0,0,0,0,0,0,0,0,0,0
JPB:bin_000427,0,0,0,0,0,0,0,0,0,0,0,0,0,0,0,0,0,0,0,0,0,0,0,0,0,0,0,0,0,0,0,0,0,0,0,0,0,0,0,0,0,0
JPB:bin_000429,0,0,0,0,0,0,0,0,0,0,0,0,0,0,0,0,0,0,0,0,0,0,0,0,0,0,0,0,0,0,0,0,0,0,0,0,0,0,0,0,0,0
JPB:bin_000430,0,0,0,0,0,0,0,0,0,0,0,0,0,0,0,0,0,0,0,0,0,0,0,0,0,0,0,0,0,0,0,0,0,0,0,0,0,0,0,0,0,0
JPB:bin_000431,0,0,0,0,0,0,0,0,0,0,0,0,0,0,0,0,0,0,0,0,0,0,0,0,0,1.932,0,0,0,0,2.419,0,0,0,0,0,0,0,0,0,0,0
JPB:bin_000432,0,0,0,0,0,0,0,0,1.852,0,3.481,0,0,0,0,0,0,0,0,0,0,0,0,1.847,3.904,3.008,0,0,0,2.899,2.437,1.99,0,0,0,0,4.894,0,0,0,0,3.76
JPB:bin_000433,0,0,0,0,0,0,0,0,0,0,0,0,0,0,0,0,0,0,0,0,4.568,0,0,0,0,0,0,0,0,0,0,0,0,0,0,0,0,0,0,4.942,0,0
JPB:bin_000434,0,0,0,0,0,0,0,1.225,0,0,0,0,0,0,0,0,0,0,0,0,0,0,0,0,0,0,0,0,0,0,0,0,0,0,0,0,0,0,0,0,0,1.899
JPB:bin_000435,0,0,0,0,0,0,0,0,0,0,0,0,0,0,0,0,0,0,0,0,0,0,0,0,0,0,0,0,0,0,0,0,0,0,0,0,0,0,0,0,0,0
JPB:bin_000436,0,0,0,0,0,0,0,0,0,0,0,0,0,0,0,0,0,0,0,0,0,0,0,0,0,0,0,0,0,0,0,0,0,0,0,0,0,0,0,0,0,0
JPB:bin_000437,0,0,0,0,0,0,0,0,0,0,0,0,0,0,0,0,0,0,0,0,0,0,0,0,0,0,0,0,0,0,0,0,0,0,0,0,0,0,0,0,0,0
JPB:bin_000438,0,0,0,0,0,0,0,0,0,0,0,0,0,0,0,0,0,0,0,0,0,0,0,0,0,0,0,0,0,0,0,0,0,0,0,0,0,0,0,0,0,0
JPB:bin_000439,0,0,0,0,0,0,0,0,0,0,0,0,0,0,0,0,0,0,0,0,0,0,0,0,0,0,0,0,0,0,0,0,0,0,0,0,0,0,0,0,0,0
JPB:bin_000440,0,0,0,0,0,0,0,0,0,0,0,0,0,0,0,0,0,0,0,0,0,0,0,0,0,0,0,0,0,0,0,0,0,0,0,0,0,0,0,0,0,0
JPB:bin_000441,0,0,0,0,0,0,0,0,2.326,0,1.404,0,0,0,0,0,0,0,0,0,0,0,0,0,0,0,0,0,0,0,0,0,0,0,0,0,0,0,0,0,0,0
JPB:bin_000442,0,0,0,0,0,0,0,0,0,0,0,0,0,0,0,0,0,0,0,0,0,0,0,0,0,0,0,0,0,0,0,0,0,0,0,0,0,0,0,0,0,0
JPB:bin_000443,0,0,0,0,0,0,0,0,0,0,0,0,0,0,0,0,0,0,0,0,0,0,0,0,0,0,0,0,0,0,0,0,0,0,0,0,0,0,0,0,0,0
JPB:bin_000445,0,0,0,0,0,0,0,0,0,0,0,0,0,0,0,0,0,0,0,0,0,0,0,0,0,0,0,0,0,0,0,0,0,0,0,0,0,0,0,0,0,0
JPB:bin_000448,0,0,0,0,0,0,0,0,0,0,0,0,0,0,0,0,0,0,0,0,0,0,0,0,0,0,0,0,0,0,0,0,0,0,0,0,0,0,0,0,0,0
JPB:bin_000449,0,0,0,0,0,0,0,0,0,0,0,0,0,0,0,0,0,0,0,0,0,0,0,0,0,0,0,0,0,0,0,0,0,0,0,0,0,0,0,0,0,0
JPB:bin_000450,0,0,0,0,0,0,0,0,0,0,0,0,0,0,0,0,0,0,0,0,0,0,0,0,6.607,0,0,0,0,0,0,0,0,0,0,0,0,0,0,0,0,2.369
JPB:bin_000452,0,0,0,0,0,0,0,0,0,0,0,0,0,0,0,0,0,0,0,0,0,0,0,0,0,0,0,0,0,0,0,0,0,0,0,0,0,0,0,0,0,0
JPB:bin_000453,0,0,0,0,0,3.568,0,0,0,0,0,0,0,0,0,0,0,0,1.542,0,0,0,0,0,3.254,0,0,0,0,2.457,0,0,0,0,0,0,0,0,0,0,0,0
JPB:bin_000454,0,0,0,0,0,0,0,0,0,0,0,0,0,0,0,0,0,0,0,0,0,0,0,0,0,0,0,0,0,0,0,0,0,0,0,0,0,0,0,0,0,0
JPB:bin_000457,0,0,0,0,0,0,0,0,0,0,0,0,0,0,0,0,0,0,0,0,0,0,0,0,0,0,0,0,0,0,0,0,0,0,0,0,0,0,0,0,0,0
JPB:bin_000459,0,0,0,0,0,0,0,0,1.308,0,0,0,0,0,0,0,0,0,0,0,0,0,0,0,2.461,0,0,0,0,0,0,0,0,0,0,0,0,0,0,0,0,3.567
JPB:bin_000460,5.784,6.037,16.792,0,0,10.006,0,5.657,8.014,9.694,23.827,6.224,3.213,4.78,9.591,5.927,0,7.001,7.599,13.121,1.955,5.055,11.384,10.16,17.503,24.819,3.826,5.444,8.278,21.341,23.463,10.41,7.536,7.269,3.503,0,34.283,3.334,14.043,4.838,3.643,16.086
JPB:bin_000461,0,0,0,0,0,0,0,0,0,0,0,0,0,0,0,0,0,0,0,0,0,0,0,0,0,0,0,0,0,0,0,0,0,0,0,0,0,0,0,0,0,0
JPB:bin_000462,0,0,0,0,0,0,0,0,0,0,0,0,0,0,0,0,0,0,0,0,0,0,0,0,0,0,0,0,0,0,0,0,0,0,0,0,0,0,0,0,0,0
JPB:bin_000463,0,0,1.344,0,0,0,0,0,0,0,1.995,1.56,0,1.638,0,0,0,0,0,0,0,0,0,1.899,3.514,1.774,0,0,0,4.17,3.119,0,0,0,0,0,2.235,0,0,0,0,2.544
JPB:bin_000464,0,2.09,3.196,0,0,3.463,0,1.702,2.834,2.546,4.431,1.638,0,0,0,0,0,0,2.995,0,0,0,0,1.9,5.455,3.34,0,1.98,1.995,7.779,3.301,1.687,2.69,0,0,0,3.625,0,2.692,0,0,3.322
JPB:bin_000465,0,0,0,0,0,0,0,0,0,0,0,0,0,0,0,0,0,0,0,0,0,0,0,0,0,0,0,0,0,0,0,0,0,0,0,0,0,0,0,0,0,0
JPB:bin_000467,0,0,0,0,0,0,0,0,0,0,0,0,0,0,0,0,0,0,0,0,0,0,0,0,0,0,0,0,0,0,0,0,0,0,0,0,0,0,0,0,0,0
JPB:bin_000468,0,0,0,0,0,0,0,0,0,0,0,0,0,0,0,0,0,0,0,0,0,0,0,0,0,0,0,0,0,0,0,0,0,0,0,0,0,0,0,0,0,0
JPB:bin_000469,0,0,0,0,0,0,0,0,0,0,0,0,0,0,0,0,0,0,0,0,0,0,0,0,0,0,0,0,0,0,0,0,0,0,0,0,0,0,0,0,0,0
JPB:bin_000470,0,2.095,3.699,0,0,2.409,0,4.011,2.678,1.763,6.857,2.355,0,0,2.164,2.28,0,4.122,2.372,2.195,0,1.39,2.026,3.291,5.824,6.271,0,2.384,0,7.698,6.357,3.45,2.486,1.668,0,0,7.117,1.418,7.468,3.795,1.388,3.653
JPB:bin_000471,0,0,0,0,0,0,0,0,0,0,0,0,0,0,0,0,0,0,0,0,0,0,0,0,0,0,0,0,0,0,0,0,0,0,0,0,0,0,0,0,0,0
JPB:bin_000473,0,0,0,0,0,0,0,0,0,0,0,0,0,0,0,0,0,0,0,0,0,0,0,0,0,0,0,0,0,0,0,0,0,0,0,0,0,0,0,0,0,0
JPB:bin_000474,1.155,2.017,6.437,0,0,5.249,0,4.328,5.263,3.074,17.273,4.975,0,3.264,5.194,2.868,0,6.043,6.841,7.266,2.601,7.652,4.034,9.174,7.854,9.711,1.513,2.018,5.037,10.065,9.529,4.435,8.383,3.437,0,0,7.974,2.558,13.738,6.024,2.286,7.736
JPB:bin_000475,0,0,0,0,0,0,0,0,0,0,0,0,0,0,0,0,0,0,0,0,0,0,0,0,0,0,0,0,0,0,0,0,0,0,0,0,0,0,0,0,0,0
JPB:bin_000476,0,0,0,0,0,0,0,0,0,0,0,0,0,0,0,0,0,0,0,0,0,0,0,0,0,0,0,0,0,0,0,0,0,0,0,0,0,0,0,0,0,0
JPB:bin_000477,0,0,0,0,0,0,0,0,0,0,0,0,0,0,0,0,0,0,0,0,0,0,0,0,0,0,0,0,0,0,0,0,0,0,0,0,0,0,0,0,0,0
JPB:bin_000479,0,0,0,0,0,0,0,0,0,0,0,0,0,0,0,0,0,0,0,0,0,0,0,0,0,0,0,0,0,0,0,0,0,0,0,0,0,0,0,0,0,0
JPB:bin_000480,0,0,0,0,0,0,0,0,0,0,0,0,0,0,0,0,0,0,0,0,0,0,0,0,0,0,0,0,0,0,0,0,0,0,0,0,0,0,0,0,0,0
JPB:bin_000482,0,0,0,0,0,0,0,0,0,0,0,0,0,0,0,0,0,0,0,0,0,0,0,0,0,0,0,0,0,0,0,0,0,0,0,0,0,0,0,0,0,0
JPB:bin_000483,0,0,0,0,0,0,0,0,0,0,0,0,0,0,0,0,0,0,0,0,0,0,0,0,0,0,0,0,0,0,0,0,0,0,0,0,0,0,0,0,0,0
JPB:bin_000484,0,0,0,0,0,0,0,0,0,0,0,0,0,0,0,0,0,0,0,0,0,0,0,0,0,0,0,0,0,0,0,0,0,0,0,0,0,0,0,0,0,0
JPB:bin_000485,0,0,0,0,0,0,0,0,0,1.359,0,0,0,0,0,0,0,0,0,0,0,0,0,0,0,0,0,0,0,0,1.375,0,0,0,0,0,0,0,0,0,0,0
JPB:bin_000486,0,0,0,0,0,0,0,0,0,0,0,0,0,0,0,0,0,0,0,0,0,0,0,0,0,0,0,0,0,0,0,0,0,0,0,0,0,0,0,0,0,0
JPB:bin_000487,0,0,0,0,0,0,0,0,0,0,0,0,0,0,0,0,0,0,0,0,0,0,0,0,0,0,0,0,0,0,0,0,0,0,0,0,0,0,0,0,0,0
JPB:bin_000488,0,0,0,0,0,0,0,0,0,0,0,0,0,0,0,0,0,0,0,0,0,0,0,0,0,0,0,0,0,0,0,0,0,0,0,0,0,0,0,0,0,0
JPB:bin_000489,0,0,0,0,0,0,0,0,0,0,0,0,0,0,0,0,0,0,0,0,0,0,0,0,0,0,0,0,0,0,0,0,0,0,0,0,0,0,0,0,0,0
JPB:bin_000490,0,0,0,0,0,0,0,0,0,0,0,0,0,0,0,0,0,0,0,0,0,0,0,0,0,0,0,0,0,0,0,0,0,0,0,0,0,0,0,0,0,0
JPB:bin_000491,0,0,0,0,0,0,0,0,0.986,0,0,0,0,0,0,0,0,0,0,0,0,0,0,0,1.201,1.666,0,0,0,2.22,0,0,0,0,0,0,1.418,0,0,0,0,1.403
JPB:bin_000492,0,0,0,0,0,0,0,0,0,0,0,0,0,0,0,0,0,0,0,0,0,0,0,0,0,0,0,0,0,0,0,0,0,0,0,0,0,0,0,0,0,0
JPB:bin_000495,0,0,0,0,0,0,0,0,0,0,0,0,0,0,0,0,0,0,0,0,0,0,0,0,0,0,0,0,0,0,0,0,0,0,0,0,0,0,0,0,0,0
JPB:bin_000496,0,0,0,0,0,0,0,0,0,0,0,0,0,0,0,0,0,0,0,0,0,0,0,0,0,0,0,0,0,0,0,0,0,0,0,0,0,0,0,0,0,0
JPB:bin_000498,0,1.795,5.65,0,0,1.551,0,0,0.961,1.509,4.415,0,0,0,1.312,0,0,0,0,2.027,0,1.991,1.63,1.449,3.06,3.179,1.424,1.149,0,4.305,3.979,0,1.866,0,0,0,2.017,0,1.542,0,0,3.454
JPB:bin_000499,0,0,0,0,0,0,0,0,0,0,0,0,0,0,0,0,0,0,0,0,0,0,0,0,0,0,0,0,0,0,0,0,0,0,0,0,0,0,0,0,0,0
JPB:bin_000500,0,0,0,0,0,0,0,0,0,0,0,0,0,0,0,0,0,0,0,0,0,0,0,0,0,0,0,0,0,0,0,0,0,0,0,0,0,0,0,0,0,0
JPB:bin_000503,0,0,0,0,0,0,0,0,0,0,0,0,0,0,0,0,0,0,0,0,0,0,0,0,0,0,0,0,0,0,0,0,0,0,0,0,0,0,0,0,0,0
JPB:bin_000504,0,0,0,0,0,0,0,0,0,0,0,0,0,0,0,0,0,0,0,0,0,0,0,0,0,0,0,0,0,0,0,0,0,0,0,0,0,0,0,0,0,0
JPB:bin_000505,0,0,0,0,0,0,0,0,0,0,0,0,0,0,0,0,0,0,0,0,0,0,0,0,0,0,0,0,0,0,0,0,0,0,0,0,0,0,0,0,0,0
JPB:bin_000506,0,0,0,0,0,0,0,0,0,0,0,0,0,0,0,0,0,0,0,0,0,0,0,0,0,0,0,0,0,0,0,0,0,0,0,0,0,0,0,0,0,0
JPB:bin_000508,0,0,0,0,0,0,0,0,0,0,0,0,0,0,0,0,0,0,0,0,0,0,0,0,0,0,0,0,0,0,0,0,0,0,0,0,0,0,0,0,0,0
JPB:bin_000510,0,0,0,0,0,1.655,0,2.423,0,0,0,0,0,0,0,0,0,0,0,0,0,0,0,0,0,0,0,0,0,0,0,0,0,0,0,0,0,0,0,0,0,0
JPB:bin_000511,0,0,0,0,0,0,0,0,0,0,0,0,0,0,0,0,0,0,0,0,0,0,0,0,1.277,0,0,0,0,0,0,0,0,0,0,0,0,0,0,0,0,0
JPB:bin_000513,0,0,0,0,0,0,0,0,0,0,0,0,0,0,0,0,0,0,0,0,0,0,0,0,0,0,0,0,0,0,0,0,0,0,0,0,0,0,0,0,0,1.64
JPB:bin_000514,0,0,1.643,0,0,0,0,1.494,0,1.863,0,0,0,0,0,3.539,0,0,0,1.619,0,0,0,0,3.319,3.677,0,0,0,0,0,0,0,0,0,0,2.215,0,0,0,0,1.708
JPB:bin_000515,0,0,0,0,0,0,0,0,0,0,0,0,0,0,0,0,0,0,0,0,0,0,0,0,0,0,0,0,0,0,0,0,0,0,0,0,0,0,0,0,0,0
JPB:bin_000516,0,1.456,0,0,0,0,0,1.858,2.946,0,0,0,0,0,0,0,0,0,0,0,0,0,0,0,3.483,0,0,0,0,0,0,0,0,0,0,0,0,0,1.72,0,0,2.086
JPB:bin_000518,2.05,3.251,9.688,0,0,3.352,0,2.057,4.012,3.755,9.976,3.69,1.79,2.667,5.415,2.018,0,3.768,3.559,4.951,1.967,1.853,5.917,6.874,10.259,9.462,1.438,4.439,1.718,14.93,9.404,3.766,3.265,1.726,0,0,12.386,1.874,5.115,6.235,1.788,5.892
JPB:bin_000521,0,0,0,0,0,0,0,0,0,0,0,0,0,0,0,0,0,0,0,0,0,0,0,0,0,0,0,0,0,0,0,0,0,0,0,0,0,0,0,0,0,0
JPB:bin_000523,0,0,0,0,0,0,0,0,0,0,0,0,0,0,0,0,0,0,0,0,0,0,0,0,0,0,0,0,0,0,0,0,0,0,0,0,0,0,0,0,0,0
JPB:bin_000524,0,0,0,0,0,0,0,0,0,0,3.25,0,0,0,0,0,0,0,0,0,0,0,0,0,0,0,0,0,0,3.689,0,0,0,0,0,0,3.733,0,0,0,0,0
JPB:bin_000525,0,0,0,0,0,0,0,0,0,0,0,0,0,0,0,0,0,0,0,0,0,0,0,0,0,0,0,0,0,0,0,0,0,0,0,0,0,0,0,0,0,0
JPB:bin_000526,0,0,0,0,0,0,0,0,0,0,0,0,0,0,0,0,0,0,0,0,0,0,0,0,0,0,0,0,0,0,0,0,0,0,0,0,0,0,0,0,0,0
JPB:bin_000529,0,0,0,0,0,0,0,0,0,0,0,0,0,0,0,0,0,0,0,0,0,0,0,0,0,0,0,0,0,0,0,0,0,0,0,0,0,0,0,0,0,0
JPB:bin_000530,0,0,0,0,0,0,0,0,0,0,0,0,0,0,0,0,0,0,0,0,0,0,0,0,0,0,0,0,0,0,0,0,0,0,0,0,0,0,0,0,0,0
JPB:bin_000532,0,0,0,0,0,0,0,0,0,0,0,0,0,0,0,0,0,0,0,0,0,0,0,0,0,0,0,0,0,0,0,0,0,0,0,0,0,0,0,0,0,0
JPB:bin_000533,0,0,0,0,0,0,0,0,2.333,1.9,0,0,0,0,0,0,0,0,0,0,0,0,0,0,2.903,2.566,0,0,3.697,3.569,0,0,0,0,0,0,0,0,0,0,0,41.859
JPB:bin_000534,0,0,0,0,0,0,0,0,2.938,2.744,0,0,0,0,0,0,0,0,0,0,0,0,0,0,3.472,3.198,0,0,5.734,4.335,0,0,0,0,0,0,0,0,2.124,0,0,73.542
JPB:bin_000535,0,0,0,0,0,0,0,0,0,0,0,0,0,0,0,0,0,0,0,0,0,0,0,0,0,0,0,0,0,0,0,0,0,0,0,0,0,0,0,0,0,0
JPB:bin_000536,0,0,0,0,0,0,0,0,0,0,0,0,0,0,0,0,0,0,0,0,0,0,0,0,0,0,0,0,0,0,0,0,0,0,0,0,0,0,0,0,0,0
JPB:bin_000539,17.79,30.568,87.49,6.564,0,52.564,0,42.338,69.803,52.614,105.662,46.203,19.258,29.231,42.788,36.67,4.743,49.399,48.569,48.932,13.7,20.345,43.934,60.232,140.454,138.43,24.417,44.326,33.786,152.735,97.465,41.488,55.443,38.297,15.705,0,115.919,24.098,106.032,11.668,25.295,78.404
JPB:bin_000541,0,0,0,0,0,0,0,0,0,0,0,0,0,0,0,0,0,0,0,0,0,0,0,0,0,0,0,0,0,0,0,0,0,0,0,0,0,0,0,0,0,0
JPB:bin_000542,0,0,0,0,0,0,0,0,0,0,0,0,0,0,0,0,0,0,0,0,0,0,0,0,0,0,0,0,0,0,0,0,0,0,0,0,0,0,0,0,0,0
JPB:bin_000543,0,0,0,0,0,0,0,0,0,0,0,0,0,0,0,0,0,0,0,0,0,0,0,0,0,0,0,0,0,0,0,0,0,0,0,0,0,0,0,0,0,0
JPB:bin_000544,1.28,0,1.829,0,0,6.237,0,3.257,2.597,2.397,2.892,5.397,0,0,6.497,2.101,0,3.187,4.082,0,0,2.752,0,7.084,2.931,3.629,0,1.807,0,10.291,1.225,6.934,1.521,0,0,0,2.705,0,5.663,0,1.286,7.666
JPB:bin_000545,0,0,0,0,0,0,0,0,0,0,0,0,0,0,0,0,0,0,0,0,0,0,0,0,0,0,0,0,0,0,0,0,0,0,0,0,0,0,0,0,0,0
JPB:bin_000548,10.91,18.822,42.845,2.522,0,27.789,0,21.637,34.843,28.398,57.303,22.228,10.647,15.426,23.467,17.334,1.888,24.401,24.906,26.678,5.969,10.565,25.822,28.409,68.781,63.733,11.125,24.983,16.718,75.881,51.51,22.063,25.584,17.854,6.383,0,60.452,10.207,51.429,6.103,13.094,44.158
JPB:bin_000550,0,0,0,0,0,0,0,0,0,0,0,0,0,0,0,0,0,0,0,0,0,0,0,0,0,0,0,0,0,0,0,0,0,0,0,0,0,0,0,0,0,0
JPB:bin_000551,0,0,0,0,0,0,0,0,0,0,0,0,0,0,0,0,0,0,0,0,0,0,0,0,0,0,0,0,0,0,0,0,0,0,0,0,0,0,0,0,0,0
JPB:bin_000553,0,0,0,0,0,0,0,0,0,0,0,0,0,0,0,0,0,0,0,0,0,0,0,0,0,0,0,0,0,0,0,0,0,0,0,0,0,0,0,0,0,0
JPB:bin_000556,0,0,0,0,0,0,0,0,0,0,0,0,0,0,0,0,0,0,0,0,0,0,0,0,0,0,0,0,0,0,0,0,0,0,0,0,0,0,0,0,0,0
JPB:bin_000557,0,0,0,0,0,0,0,0,0,0,0,0,0,0,0,0,0,0,0,0,0,0,0,0,0,0,0,0,0,0,0,0,0,0,0,0,0,0,0,0,0,0
JPB:bin_000558,0,0,0,0,0,0,0,0,0,0,0,0,0,0,0,0,0,0,0,0,0,0,0,0,0,0,0,0,0,0,0,0,0,0,0,0,0,0,0,0,0,0
JPB:bin_000559,0,0,0,0,0,0,0,0,0,0,0,0,0,0,1.165,0,0,0,0,0,0,0,0,0,1.716,1.277,0,0,0,0,0,0,0,0,0,0,0,0,0,0,0,0
JPB:bin_000560,0,0,2.626,0,0,0,0,1.097,0,1.165,1.793,0,0,0,1.18,0,0,0,0,0,0,0,2.001,0,2.347,2.762,0,0,0,0,1.704,0,0,0,0,0,2.638,1.177,2.52,1.301,0,1.798
JPB:bin_000562,0,2.523,9.666,0,0,0,0,3.649,8.076,5.768,18.644,2.03,0,2.622,2.584,12.178,0,0,9.391,6.374,4.793,4.639,4.516,3.474,11.781,15.546,1.327,5.349,7.756,32.975,7.288,3.993,1.644,2.4,1.935,0,7.891,0,5.674,7.549,2.234,8.873
JPB:bin_000563,0,0,0,0,0,0,0,0,0,0,0,0,0,0,0,0,0,0,0,0,0,0,0,0,0,0,0,0,0,0,0,0,0,0,0,0,0,0,0,0,0,0
JPB:bin_000565,0,0,0,0,0,0,0,0,0,0,0,0,0,0,0,0,0,0,0,0,0,0,0,0,0,0,0,0,0,0,0,0,0,0,0,0,0,0,0,0,0,0
JPB:bin_000566,6.687,1.368,0,0,0,1.236,0,2.209,2.204,1.365,0,0,2.738,0,0,0,0,0,9.249,0,0,0,1.284,0,1.685,2.102,0,1.327,0,1.773,1.384,1.367,0,0,0,0,2.802,0,0,1.375,0,3.723
JPB:bin_000567,0,0,0,0,0,0,0,0,0,0,0,0,0,0,0,0,0,0,0,0,0,0,0,0,0,0,0,0,0,0,0,0,0,0,0,0,0,0,0,0,0,0
JPB:bin_000570,0,0,0,0,0,0,0,0,0,0,0,0,0,0,0,0,0,0,0,0,0,0,0,0,0,0,0,0,0,0,0,0,0,0,0,0,0,0,0,0,0,0
JPB:bin_000572,0,0,0,0,0,0,0,0,0,0,0,0,0,0,0,0,0,0,0,0,0,0,0,0,0,0,0,0,0,0,0,0,0,0,0,0,0,0,0,0,0,0
JPB:bin_000574,0,0,0,0,0,0,0,0,0,0,0,0,0,0,0,0,0,0,0,0,0,0,0,0,0,0,0,0,0,0,0,0,0,0,0,0,0,0,0,0,0,0
JPB:bin_000575,0,0,0,0,0,0,0,0,0,0,0,0,0,0,0,0,0,0,0,0,0,0,0,0,0,0,0,0,0,0,0,0,0,0,0,0,0,0,0,0,0,0
JPB:bin_000576,0,0,0,0,0,0,0,5.22,0,2.607,4.432,0,0,0,2.017,0,0,0,2.826,0,0,0,0,0,0,7.039,0,0,0,2.975,0,0,0,0,0,0,1.762,0,0,6.431,0,0
JPB:bin_000577,0,0,0,0,0,0,0,0,0,0,0,0,0,0,0,0,0,0,0,0,0,0,0,0,0,0,0,0,0,0,0,0,0,0,0,0,0,0,0,0,0,0
JPB:bin_000578,0,0,0,0,0,0,0,0,0,0,0,0,0,0,0,0,0,0,0,0,0,0,0,0,0,0,0,0,0,0,0,0,0,0,0,0,0,0,0,0,0,0
JPB:bin_000579,0,0,0,0,0,0,0,0,0,0,0,0,0,0,0,0,0,0,0,0,0,0,0,0,0,0,0,0,0,0,0,0,0,0,0,0,0,0,0,0,0,0
JPB:bin_000582,0,0,0,0,0,0,0,0,0,0,0,0,0,0,0,0,0,0,0,0,0,0,0,0,0,0,0,0,0,0,0,0,0,0,0,0,0,0,0,0,0,0
JPB:bin_000585,0,0,0,0,0,0,0,0,0,0,0,0,0,0,0,0,0,0,0,0,0,0,0,0,0,0,0,0,0,0,0,0,0,0,0,0,0,0,0,0,0,0
JPB:bin_000586,0,0,0,0,0,0,0,0,0,0,0,0,0,0,0,0,0,0,0,0,0,0,0,0,0,0,0,0,0,0,0,0,0,0,0,0,0,0,0,0,0,0
JPB:bin_000587,0,0,0,0,0,0,0,0,0,0,0,0,0,0,0,0,0,0,0,0,0,0,0,0,0,0,0,0,0,0,0,0,0,0,0,0,0,0,0,0,0,0
JPB:bin_000588,0,0,0,0,0,0,0,0,0,0,0,0,0,0,0,0,0,0,0,0,0,0,0,0,0,1.407,0,0,0,0,0,0,0,0,0,0,0,0,0,0,0,0
JPB:bin_000594,4.607,3.061,4.595,0,0,4.091,0,5.978,5.766,5.382,5.632,2.335,3.003,2.087,2.39,2.726,0,2.575,14.721,3.562,0,2.748,1.385,3.145,11.842,7.21,0,4.442,1.805,7.735,3.915,3.357,7.324,1.337,1.269,0,10.052,0,5.79,1.908,2.009,16.095
JPB:bin_000595,0,0,0,0,0,0,0,0,0,0,0,0,0,0,0,0,0,0,0,0,0,0,0,0,0,0,0,0,0,0,0,0,0,0,0,0,0,0,0,0,0,0
JPB:bin_000599,0,0,0,0,0,0,0,0,0,0,0,0,0,0,0,0,0,0,0,0,0,0,0,0,0,0,0,0,0,0,0,0,0,0,0,0,0,0,0,0,0,0
JPB:bin_000600,0,0,0,0,0,0,0,0,0,0,0,0,0,0,0,0,0,0,0,0,0,0,0,0,0,0,0,0,0,0,0,0,0,0,0,0,0,0,0,0,0,0
JPB:bin_000601,0,0,0,0,0,0,0,0,0,0,0,0,0,0,0,0,0,0,0,0,0,0,0,0,0,0,0,0,1.495,1.273,0,0,0,0,0,0,0,0,0,0,0,6.64
JPB:bin_000603,0,0,0,0,0,0,0,0,0,0,0,0,0,0,0,0,0,0,0,0,0,0,0,0,0,0,0,0,0,0,0,0,0,0,0,0,0,0,0,0,0,0
JPB:bin_000605,1.245,6.851,12.773,0,0,9.415,0,6.228,10.492,12.839,13.889,8.373,3.085,5.462,7.895,7.242,0,7.192,9.277,9.087,2.031,4.7,9.969,13.962,26.383,23.866,2.841,8.766,2.753,28.27,14.059,5.572,9.837,4.153,2.032,0,19.431,4.019,10.722,7.964,5.884,23.006
JPB:bin_000606,0,0,0,0,0,0,0,0,0,0,0,0,0,0,0,0,0,0,0,0,0,0,0,0,0,0,0,0,0,0,0,0,0,0,0,0,0,0,0,0,0,0
JPB:bin_000608,0,0,0,0,0,0,0,0,0,0,0,0,0,0,0,0,0,0,0,0,0,0,0,0,0,0,0,0,0,0,0,0,0,0,0,0,0,0,0,0,0,0
JPB:bin_000609,0,3.116,7.558,0,0,4.754,0,3.813,3.631,2.683,7.296,3.613,0,2.014,3.713,3.164,0,3.37,5.539,4.285,2.404,1.597,3.44,5.329,8.915,10.418,0,2.832,2.125,11.216,6.606,3.979,4.481,2.773,0,0,10.194,0,7.205,6.648,1.589,7.196
JPB:bin_000611,23.945,56.684,76.79,3.374,0,42.343,0,26.919,60.704,63.682,92.197,16.9,29.088,29.96,28.41,19.217,1.962,21.887,33.709,49.175,5.208,14.001,31.352,21.74,111.601,64.092,17.668,30.932,27.88,158.404,64.136,36.53,32.209,23.714,5.362,0,51.123,5.537,65.444,6.569,13.549,88.558
JPB:bin_000612,1.546,16.996,7.498,0,0,21.405,0,11.32,14.943,9.162,22.821,11.832,7.833,4.716,3.449,6.029,0,7.87,19.662,10.6,2.205,3.208,11.405,14.663,31.86,21.737,1.757,17.482,5.497,27.394,13.754,5.849,9.468,9.09,0,0,28.882,2.462,37.595,2.863,2.232,19.18
JPB:bin_000615,0,0,0,0,0,0,0,0,0,0,0,0,0,0,0,0,0,0,0,0,0,0,0,0,0,0,0,0,0,1.486,1.509,1.532,0,0,0,0,2.425,0,0,0,0,0
JPB:bin_000616,0,0,0,0,0,0,0,0,0,0,0,0,0,0,0,0,0,0,0,0,0,0,0,0,0,0,0,0,0,0,0,0,0,0,0,0,0,0,0,0,0,0
JPB:bin_000617,0,0,1.984,0,0,0,0,1.543,2.168,1.206,3.271,1.408,0,0,0,0,0,1.403,1.8,1.918,0,1.665,0,2.037,3.425,2.597,0,1.649,0,5.34,1.606,3.096,2.425,0,0,0,2.356,0,2.426,1.518,0,2.36
JPB:bin_000618,0,0,0,0,0,0,0,0,0,0,0,0,0,0,0,0,0,0,0,0,0,0,0,0,0,0,0,0,0,0,0,0,0,0,0,0,0,0,0,0,0,0
JPB:bin_000619,0,0,0,0,0,0,0,0,0,0,0,0,0,0,0,0,0,0,0,0,0,0,0,0,0,0,0,0,0,0,0,0,0,0,0,0,0,0,0,0,0,0
JPB:bin_000621,0,0,0,0,0,0,0,0,0,0,0,0,0,0,0,0,0,0,0,0,0,0,0,0,0,0,0,0,0,0,0,0,0,0,0,0,0,0,0,0,0,0
JPB:bin_000622,0,0,5.427,0,0,1.67,0,1.939,3.254,1.869,5.919,3.42,0,0,3.42,2.313,0,3.846,1.955,1.264,1.396,4.941,2.41,3.144,7.844,7.369,0,3.256,1.559,4.78,3.361,2.476,2.423,1.743,0,0,7.987,0,5.9,2.238,1.299,4.23
JPB:bin_000627,0,0,0,0,0,0,0,0,0,0,0,0,0,0,0,0,0,0,0,0,0,0,0,0,0,0,0,0,0,0,0,0,0,0,0,0,0,0,0,0,0,0
JPB:bin_000628,0,0,0,0,0,0,0,1.576,0,0,0,0,0,0,0,0,0,0,0,0,0,0,0,0,0,0,0,0,0,0,0,0,0,0,0,0,0,0,0,0,0,0
JPB:bin_000629,0,0,0,0,0,0,0,0,0,0,0,0,0,0,0,0,0,0,0,0,0,0,0,0,0,0,0,0,0,0,0,0,0,0,0,0,0,0,0,0,0,0
JPB:bin_000630,0,0,0,0,0,0,0,0,0,0,0,0,0,0,0,0,0,0,0,0,0,0,0,0,0,0,0,0,0,0,0,0,0,0,0,0,0,0,0,0,0,0
JPB:bin_000632,0,0,0,0,0,0,0,0,0,0,0,0,0,0,0,0,0,0,0,0,0,0,0,0,0,0,0,0,0,0,0,0,0,0,0,0,0,0,0,0,0,0
JPB:bin_000633,0,0,0,0,0,0,0,0,0,0,0,0,0,0,0,0,0,0,0,0,0,0,0,0,0,0,0,0,0,0,0,0,0,0,0,0,0,0,0,0,0,0
JPB:bin_000634,0,0,0,0,0,0,0,0,0,0,0,0,0,0,0,0,0,0,0,0,0,0,0,0,0,0,0,0,0,0,0,0,0,0,0,0,0,0,0,0,0,0
JPB:bin_000635,0,0,0,0,0,0,0,0,0,0,0,0,0,0,0,0,0,0,0,0,0,0,0,0,0,0,0,0,0,0,0,0,0,0,0,0,0,0,0,0,0,0
JPB:bin_000636,0,0,0,0,0,0,0,0,1.041,0,3.911,0,0,0,0,0,0,0,0,0,0,0,0,0,0,0,0,0,0,0,0,0,0,0,0,0,0,0,0,0,0,0
JPB:bin_000637,0,0,0,0,0,0,0,0,0,0,0,0,0,0,0,0,0,0,0,0,0,0,0,0,0,0,0,0,0,0,0,0,0,0,0,0,0,0,0,0,0,0
JPB:bin_000638,0,0,0,0,0,0,0,0,0,0,0,0,0,0,0,0,0,0,0,0,0,0,0,0,0,0,0,0,0,0,0,0,0,0,0,0,0,0,0,0,0,0
JPB:bin_000639,0,0,3.915,0,0,0,0,0,3.991,2.252,1.94,0,0,1.215,0,0,0,0,1.543,0,0,0,0,0,3.954,2.621,0,0,1.551,3.492,0,2.737,0,3.414,0,0,4.124,0,1.987,0,0,5.04
JPB:bin_000640,0,0,0,0,0,0,0,0,0,0,0,0,0,0,0,0,0,0,0,0,0,0,0,0,0,0,0,0,0,0,0,0,0,0,0,0,0,0,0,0,0,0
JPB:bin_000641,0,0,0,0,0,0,0,0,0,0,0,0,0,0,0,0,0,0,0,0,0,0,0,0,0,0,0,0,0,0,0,0,0,0,0,0,0,0,0,0,0,0
JPB:bin_000643,0,0,0,0,0,0,0,0,0,0,0,0,0,0,0,0,0,0,0,0,0,0,0,0,0,0,0,0,0,0,0,0,0,0,0,0,0,0,0,0,0,0
JPB:bin_000644,0,0,0,0,0,0,0,0,0,0,0,0,0,0,0,0,0,0,0,0,0,0,0,0,0,0,0,0,0,0,0,0,0,0,0,0,0,0,0,0,0,0
JPB:bin_000645,0,0,1.843,0,0,0,0,0,0,1.622,1.813,0,0,0,2.674,0,0,1.746,0,1.526,0,0,1.368,0,3.2,2.36,0,0,0,0,1.585,0,1.195,0,0,0,2.158,0,1.566,0,0,1.769
JPB:bin_000647,0,0,0,0,0,0,0,0,0,0,1.32,0,0,0,0,0,0,0,0,0,0,0,0,0,3.844,1.372,0,0,0,0,0,0,1.28,0,0,0,2.125,0,1.788,0,0,1.689
JPB:bin_000648,0,0,0,0,0,0,0,0,0,0,0,0,0,0,0,0,0,0,0,0,0,0,0,0,0,1.693,0,0,0,0,0,0,0,0,0,0,0,0,0,0,0,2.441
JPB:bin_000651,0,0,0,0,0,0,0,0,0,0,0,0,0,0,0,0,0,0,2.591,0,0,0,0,0,0,0,0,0,0,0,0,0,0,0,0,0,0,0,0,0,0,0
JPB:bin_000652,0,0,0,0,0,0,0,2.245,3.323,1.388,2.669,0,0,0,0,0,0,2.362,1.939,0,0,0,0,1.836,4.864,3.536,0,0,2.983,2.403,3.074,0,1.37,0,0,0,4.005,0,2.652,0,0,0
JPB:bin_000653,1.371,1.875,5.575,0,0,2.27,0,2.949,2.303,4.586,6.267,2.743,0,1.503,3.864,4.439,0,3.569,3.01,2.722,1.639,1.345,4.026,4.603,10.135,7.207,1.127,3.746,0,7.485,5.213,2.656,5.584,1.311,0,0,8.962,1.214,7.974,2.464,1.988,4.361
JPB:bin_000654,0,0,0,0,0,0,0,0,0,0,0,0,0,0,0,0,0,0,0,0,0,0,0,0,0,0,0,0,0,0,0,0,0,0,0,0,0,0,0,0,0,0
JPB:bin_000655,0,0,0,0,0,0,0,0,0,0,0,0,0,0,0,0,0,0,0,0,0,0,0,0,0,0,0,0,0,0,0,0,0,0,0,0,0,0,0,0,0,0
JPB:bin_000657,1.666,1.936,10.465,0,0,5.351,0,3.872,4.798,7.751,12.61,4.058,1.594,3.688,4.849,3.381,0,4.226,3.555,5.323,1.852,1.843,5.733,6.251,12.318,9.725,2.011,5.278,2.061,14.537,20.992,5.442,4.42,3.042,0,0,12.532,1.702,7.945,4.587,3.122,7.296
JPB:bin_000658,0,0,0,0,0,4.991,0,0,0,0,1.81,0,0,0,0,0,0,0,0,0,0,0,2.67,0,2.944,3.14,0,0,0,2.638,0,1.446,1.536,0,0,0,0,0,1.695,2.005,0,2.673
JPB:bin_000659,0,0,0,0,0,0,0,0,0,0,0,0,0,0,0,0,0,0,0,0,0,0,0,0,0,0,0,0,0,0,0,0,0,0,0,0,0,0,0,0,0,0
JPB:bin_000660,0,0,0,0,0,0,0,0,0,0,2.294,1.652,0,0,0,0,0,0,0,0,0,0,0,0,0,0,0,0,0,0,0,0,0,0,0,0,0,0,2.374,0,0,0
JPB:bin_000661,0,0,0,0,0,0,0,0,0,0,0,0,0,0,0,0,0,0,0,0,0,0,0,0,0,0,0,0,0,0,0,0,0,0,0,0,0,0,0,0,0,0
TJ1:bin_000004,0,3.759,3.685,0,0,1.345,0,2.126,3.484,1.197,3.221,1.656,0,0,2.217,1.306,0,0,2.636,1.17,0,1.918,1.163,2.16,7.881,5.088,0,2.018,0,3.699,4.903,1.296,2.43,2.605,0,0,8.209,0,1.211,7.631,1.538,4.038
TJ1:bin_000005,0,0,2.409,0,0,1.732,0,1.352,0,1.778,2.486,1.803,0,0,1.832,1.254,0,0,1.894,1.919,0,0,1.634,0,3.655,5.217,0,1.304,0,6.461,4.242,0,1.781,1.346,0,0,2.646,1.312,2.568,0,0,4.071
TJ1:bin_000006,1.77,7.682,11.577,0,0,8.536,0,7.16,9.746,9.714,14.375,7.424,3.377,4.398,7.934,7.719,0,8.225,9.547,7.147,3.732,3.515,8.9,14.707,20.327,29.856,2.853,5.766,1.911,21.578,11.039,5.718,9.969,4.748,1.819,0,25.831,3.468,9.387,13.553,4.831,27.259
TJ1:bin_000008,0,0,0,0,0,0,0,0,0,1.294,0,2.088,0,0,0,0,0,0,0,0,0,0,0,0,3.823,0,0,0,0,0,0,0,0,0,0,0,1.996,0,0,0,0,0
TJ1:bin_000010,0,2.026,0,0,0,3.492,0,1.979,1.048,0,0,0,0,0,0,0,0,0,0,0,0,0,0,0,3.964,0,0,0,0,1.69,0,0,0,0,0,0,2.009,0,1.52,0,0,1.843
TJ1:bin_000011,0,0,0,0,0,0,0,0,0,0,0,0,0,0,0,0,0,0,0,0,0,0,0,0,0,0,0,0,0,0,0,0,0,0,0,0,0,0,0,0,0,0
TJ1:bin_000016,0,0,0,0,0,0,0,0,0,0,2.446,5.069,0,0,0,0,0,0,0,0,0,0,0,0,0,1.319,0,0,0,2.064,1.394,0,0,0,0,0,0,0,1.474,0,0,0
TJ1:bin_000017,0,0,0,0,0,0,0,0,1.163,0,0,0,0,0,0,0,0,0,0,0,0,0,0,0,1.775,0,0,0,0,2.449,0,0,0,0,0,0,0,0,0,0,0,9.025
TJ1:bin_000023,0,0,1.656,0,0,0,0,0,0,0,1.335,0,0,0,0,0,0,0,0,0,0,0,0,0,0,0,0,0,0,1.744,1.597,0,0,0,0,0,0,0,0,0,0,0
TJ1:bin_000026,0,0,0,0,0,0,0,0,0,0,0,0,0,0,0,0,0,0,0,0,0,0,0,0,0,0,0,0,0,0,0,0,0,0,0,0,0,0,0,0,0,0
TJ1:bin_000028,0,3.741,2.191,0,0,17.211,0,26.381,4.612,1.355,1.81,0,1.227,12.252,0,0,0,0,1.291,1.762,0,0,0,2.523,3.022,3.062,0,0,0,5.962,0,2.774,1.275,0,0,0,0,0,2.15,1.264,0,14.734
TJ1:bin_000030,0,0,0,0,0,0,0,0,0,0,1.364,0,0,0,0,0,0,0,0,0,0,0,0,0,0,0,0,0,0,0,0,0,0,0,0,0,0,0,0,0,0,0
TJ1:bin_000031,0,0,1.645,0,0,0,0,1.461,0,0,4.739,1.772,0,1.148,0,1.849,0,1.448,0,0,0,0,0,0,1.605,1.514,0,0,0,1.797,1.762,0,0,0,0,0,2.63,0,1.614,0,0,0
TJ1:bin_000033,6.642,8.324,36.628,3.889,0,23.402,0,18.161,59.58,18.01,27.268,22.908,9.4,15.038,29.453,25.839,0,71.483,23.746,11.431,9.609,11.481,42.524,30.646,69.7,64.835,7.762,12.525,7.431,23.464,35.078,39.054,38.743,7.621,8.387,0,83.894,29.011,65.769,57.183,11.887,49.112
TJ1:bin_000037,0,0,1.53,0,0,2.187,0,2.38,1.013,1.61,3.666,2.277,0,0,1.594,1.373,0,0,3.023,0,0,0,1.822,4.619,5.867,4.659,0,0,0,0,4.673,2.116,3.1,0,0,0,3.895,0,4.951,2.334,0,2.161
TJ1:bin_000038,0,0,0,0,0,0,0,0,0,0,1.489,0,0,0,0,0,0,0,0,0,0,0,0,0,0,0,0,0,0,0,2.254,0,0,0,0,0,0,0,0,0,0,0
TJ1:bin_000042,0,6.725,0,0,0,7.684,0,9.241,5.79,1.428,2.517,1.515,3.209,0,0,0,0,0,0,1.58,0,0,0,2.089,4.182,3.738,0,0,0,4.899,1.401,1.225,0,1.149,0,0,2.804,0,5.125,0,0,3.28
TJ1:bin_000046,1.842,0,5.282,0,0,2.852,0,4.327,3.294,6.238,7.719,4.01,0,2.842,4.16,0,0,0,1.328,6.715,0,1.834,6.961,9.328,15.011,5.073,0,3.093,2.65,23.967,20.668,2.57,2.564,1.488,0,0,1.99,0,2.455,3.235,1.483,2.176
TJ1:bin_000047,0,0,2.594,0,0,4.325,0,2.687,2.899,4.778,6.565,6.243,0,1.305,0,1.716,0,2.804,2.26,1.575,0,2.847,3.684,4.408,10.085,19.019,0,1.199,1.875,8.158,2.905,4.159,3.669,2.171,0,0,12.459,2.811,5.529,2.805,1.424,5.206
TJ1:bin_000049,0,0,0,0,0,0,0,2.752,1.125,0,1.158,1.859,0,0,0,0,0,0,0,0,0,0,0,1.257,7.936,2.372,0,0,0,2.403,1.21,0,0,0,0,0,0,0,1.661,0,0,1.772
TJ1:bin_000053,0,0,0,0,0,0,0,0,0,0,1.866,0,0,0,0,0,0,0,0,0,0,0,0,0,0,0,0,0,0,0,0,0,0,0,0,0,0,0,0,0,0,0
TJ1:bin_000057,0,0,0,0,0,0,0,0,0,0,0,0,0,0,0,0,0,0,0,0,0,0,0,0,0,0,0,0,0,0,1.426,0,0,0,0,0,0,0,0,0,0,0
TJ1:bin_000062,0,0,0,0,0,0,0,0,0,0,0,0,0,0,0,0,0,0,0,0,0,0,0,0,0,1.282,0,0,0,0,0,0,0,0,0,0,2.678,0,1.374,0,0,0
TJ1:bin_000065,0,0,0,0,0,0,0,0,0,0,0,0,0,0,0,0,0,0,0,0,0,0,0,0,0,0,0,0,0,1.728,0,0,0,0,0,0,0,0,0,0,0,0
TJ1:bin_000071,0,0,0,0,0,0,0,0,0,0,0,0,0,0,0,0,0,0,0,0,0,0,0,0,0,0,0,0,0,0,0,0,0,0,0,0,0,0,0,0,0,0
TJ1:bin_000072,0,0,0,0,0,0,0,0,0,0,0,0,0,0,0,0,0,0,0,0,0,0,0,0,1.852,0,0,0,0,0,0,1.794,0,0,0,0,0,0,0,0,0,2.113
TJ1:bin_000075,0,0,0,0,0,0,0,0,0,0,1.792,0,0,0,0,0,0,0,0,0,0,0,0,0,0,2.185,0,0,0,0,1.98,0,0,0,0,0,0,0,0,0,0,0
TJ1:bin_000077,0,4.688,0,0,0,1.344,0,3.141,0.951,1.216,0,1.436,2.571,0,0,0,0,2.912,2.735,1.488,0,0,2.386,1.597,3.802,1.262,0,1.18,0,0,1.245,0,0,0,0,0,1.143,0,4.141,0,0,1.504
TJ1:bin_000082,0,2.259,0,0,0,9.936,0,3.938,2.814,0,0,0,2.704,0,0,0,0,0,0,0,0,0,0,0,8.271,0,0,0,0,10.13,0,0,0,0,0,0,0,0,0,0,0,2.298
TJ1:bin_000085,0,0,0,0,0,0,0,0,0,0,0,0,0,0,0,0,0,0,0,0,0,0,0,0,0,0,0,0,0,0,0,0,0,0,0,0,0,0,0,0,0,0
TJ1:bin_000086,0,0,0,0,0,0,0,0,0,0,0,0,0,0,0,0,0,0,0,0,0,0,0,0,0,0,0,0,0,0,0,0,0,0,0,0,0,0,0,0,0,0
TJ1:bin_000088,0,0,0,0,0,0,0,0,0,0,0,0,0,0,0,0,0,0,0,0,0,0,0,0,0,0,0,0,0,0,0,0,0,0,0,0,0,0,0,0,0,0
TJ1:bin_000089,0,0,0,0,0,0,0,0,0,0,1.934,0,0,0,0,0,0,0,0,0,0,0,0,0,0,0,0,0,0,0,0,0,0,0,0,0,1.755,0,0,0,0,1.495
TJ1:bin_000092,0,0,0,0,0,0,0,0,0,0,0,0,0,0,0,0,0,0,0,0,0,0,0,0,0,0,0,0,0,0,0,0,0,0,0,0,0,0,0,0,0,0
TJ1:bin_000093,0,0,0,0,0,0,0,0,0,0,0,0,0,0,0,0,0,0,0,0,0,0,0,0,0,0,0,0,0,0,0,0,0,1.986,0,0,0,0,0,0,0,0
TJ1:bin_000094,0,0,0,0,0,0,0,0,0,0,0,0,0,0,0,0,0,0,0,0,0,0,0,0,0,0,0,0,0,0,0,0,0,0,0,0,0,0,0,0,0,0
TJ1:bin_000097,1.674,5.297,12.033,0,0,8.521,0,4.671,6.797,3.603,18.669,2.984,0,4.022,4.64,1.862,0,4.442,9.624,3.631,1.508,3.226,8.316,10.539,11.728,13.934,1.539,3.002,1.85,11.538,6.624,4.155,7.16,1.909,1.261,0,27.815,1.253,11.101,10.122,6.221,11.204
TJ1:bin_000101,0,0,1.531,0,0,0,0,0,2.196,1.639,2.249,1.742,0,0,8.679,0,0,1.366,0,0,0,0,0,2.157,0,2.091,0,0,0,0,0,0,1.391,0,0,0,4.439,0,2.253,0,0,2.02
TJ1:bin_000109,0,0,0,0,0,0,0,0,0,0,0,0,0,0,0,0,0,0,0,0,0,0,0,0,0,0,0,0,0,0,0,0,0,0,0,0,0,0,0,0,0,0
TJ1:bin_000112,4.106,17.299,3.676,0,0,22.233,0,6.749,18.557,12.185,7.227,7.257,24.465,5.893,7.338,7.193,0,6.847,6.749,7.781,3.365,4.777,2.27,11.956,20.943,15.247,1.156,6.842,4.818,9.727,7.196,7.698,6.1,1.465,2.373,0,17.695,2.631,7.729,6.168,4.592,19.24
TJ1:bin_000114,0,1.852,0,0,0,3.923,0,0,2.669,0,0,0,7.782,0,0,0,0,0,0,0,0,0,0,0,6.975,1.226,0,0,0,0,0,0,0,0,0,0,0,0,0,0,0,2.358
TJ1:bin_000117,0,0,0,0,0,0,0,0,0,0,0,0,0,0,0,0,0,0,0,0,0,0,0,0,0,0,0,0,0,0,0,0,0,0,0,0,0,0,0,0,0,0
TJ1:bin_000119,0,0,0,0,0,0,0,0,0,0,0,0,0,0,0,0,0,0,0,0,0,0,0,0,0,0,0,0,0,0,0,0,0,0,0,0,0,0,0,0,0,0
TJ1:bin_000121,0,0,3.809,0,0,1.226,0,0,1.31,0,3.386,0,0,1.395,0,0,0,0,0,2.333,0,0,0,1.659,3.883,2.247,0,0,1.651,8.22,2.362,0,0,0,0,0,1.632,0,2.571,0,0,1.75
TJ1:bin_000124,0,0,0,0,0,0,0,0,0,0,2.525,0,0,0,0,0,0,0,0,0,0,0,0,0,0,0,0,0,0,2.617,0,0,0,0,0,0,1.255,0,1.178,0,0,0
TJ1:bin_000126,0,0,0,0,0,0,0,0,0,0,0,0,0,0,0,0,0,0,0,0,0,0,0,0,0,0,0,0,0,0,0,0,0,0,0,0,0,0,0,0,0,1.885
TJ1:bin_000133,0,0,0,0,0,0,0,0,0,0,0,0,0,0,0,0,0,0,0,0,0,0,0,0,0,0,0,0,0,0,0,0,0,0,0,0,0,0,0,0,0,0
TJ1:bin_000134,0,0,0,0,0,0,0,0,0,0,0,0,0,0,0,0,0,0,0,0,0,0,0,0,0,0,0,0,0,0,0,0,0,0,0,0,0,0,0,0,0,0
TJ1:bin_000137,0,0,0,0,0,0,0,0,0,0,0,0,0,0,0,0,0,0,0,0,0,0,0,0,0,0,0,0,0,0,0,0,0,0,0,0,0,0,0,0,0,0
TJ1:bin_000138,0,0,0,0,0,0,0,0,0,0,0,0,0,0,0,0,0,0,0,0,0,0,0,0,0,0,0,0,0,0,0,0,0,0,0,0,0,0,0,0,0,0
TJ1:bin_000143,0,0,0,0,0,0,0,0,0,0,0,0,0,0,0,0,0,0,0,0,0,0,0,0,0,0,0,0,0,0,0,0,0,0,0,0,0,0,0,0,0,0
TJ1:bin_000144,0,2.662,1.332,0,0,2.757,0,0,0,1.979,0,0,3.019,0,0,0,0,0,0,0,0,0,0,0,2.07,3.12,0,0,0,2.642,0,0,0,0,0,0,0,0,2.292,0,0,3.484
TJ1:bin_000147,0,0,0,0,0,0,0,0,0,0,0,0,0,0,0,0,0,0,0,0,0,0,0,0,0,0,0,0,0,0,0,0,0,0,0,0,0,0,0,0,0,0
TJ1:bin_000149,0,0,0,0,0,0,0,0,0,0,0,0,0,0,0,0,0,0,0,0,0,0,0,0,0,0,0,0,0,0,0,0,0,0,0,0,0,0,0,0,0,0
TJ1:bin_000151,0,2.774,0,0,0,0,0,0,2.663,0,0,0,2.34,0,0,0,0,0,0,0,0,0,0,0,1.645,0,0,0,0,1.139,0,0,0,0,0,0,0,0,0,0,0,2.177
TJ1:bin_000159,2.245,2.38,7.902,0,0,2.603,0,1.723,4.203,7.219,7.593,0,1.909,3.44,4.017,2.434,0,1.651,4.274,3.799,0,2.186,3.045,1.986,6.584,5.501,1.646,3.594,1.583,14.554,7.643,4.648,3.253,2.503,0,0,3.448,0,5.571,0,1.125,9.471
TJ1:bin_000163,0,0,0,0,0,0,0,0,0,0,0,0,0,0,0,0,0,0,0,0,0,0,0,0,0,0,0,0,0,1.377,0,0,0,0,0,0,0,0,0,0,0,0
TJ1:bin_000164,0,0,0,0,0,0,0,0,1.192,1.203,1.837,0,0,0,1.518,1.58,0,0,0,0,0,0,0,0,3.007,2.261,0,0,0,0,1.314,0,0,0,0,0,1.948,0,0,0,0,0
TJ1:bin_000166,0,0,0,0,0,0,0,0,0,0,0,0,0,0,0,0,0,0,0,0,0,0,0,0,0,0,0,0,0,0,0,0,0,0,0,0,0,0,0,0,0,0
TJ1:bin_000167,0,0,0,0,0,0,0,0,0,0,0,0,0,0,0,0,0,0,0,0,0,0,0,0,0,0,0,0,0,0,0,0,0,0,0,0,0,0,0,0,0,0
TJ1:bin_000168,0,0,0,0,0,0,0,0,0,0,0,0,0,0,0,0,0,0,0,0,0,0,0,0,0,0,0,0,0,0,0,0,0,0,0,0,0,0,0,0,0,0
TJ1:bin_000173,0,0,0,0,0,0,0,0,0,0,0,0,0,0,0,0,0,0,0,0,0,0,0,0,0,0,0,0,0,0,0,0,0,0,0,0,0,0,0,0,0,0
TJ1:bin_000175,0,0,0,0,0,0,0,0,0,0,0,0,0,0,0,0,0,0,0,0,0,0,0,0,0,0,0,0,0,0,0,0,0,0,0,0,0,0,0,0,0,0
TJ1:bin_000177,0,0,0,0,0,0,0,0,0,0,1.361,0,0,0,0,0,0,0,0,0,0,0,0,0,1.427,0,0,0,0,0,0,0,0,0,0,0,0,0,0,0,0,1.28
TJ1:bin_000183,0,0,0,0,0,0,0,0,0,0,0,0,0,0,0,0,0,0,0,0,0,0,0,0,0,0,0,0,0,0,0,0,0,0,0,0,0,0,0,0,0,0
TJ1:bin_000191,1.156,0,0,0,0,0,0,0,0,1.155,0,0,0,0,0,0,0,0,0,0,0,0,0,0,0,1.637,0,0,0,0,0,0,0,0,0,0,0,0,1.73,0,0,2.827
TJ1:bin_000194,0,0,1.715,0,0,0,0,0,1.751,0,2.152,0,0,0,0,0,0,0,0,1.666,0,0,0,2.011,2.645,3.305,0,0,0,2.38,2.07,0,0,0,0,0,2.209,0,0,0,0,2.202
TJ1:bin_000196,0,0,1.174,0,0,0,0,0,1.155,0,2.204,0,0,0,0,0,0,1.328,0,0,0,0,2.571,0,3.234,2.063,0,0,0,1.26,0,0,1.115,0,0,0,0,0,4.391,0,0,0
TJ1:bin_000197,0,0,2.365,0,0,0,0,0,1.847,0,1.842,0,0,0,1.573,0,0,0,1.27,0,0,0,0,0,1.885,1.193,0,1.982,0,3.516,0,1.28,0,0,0,0,1.407,0,0,0,0,2.806
TJ1:bin_000199,0,0,0,0,0,0,0,1.719,1.322,3.305,4.259,2.417,0,1.995,1.157,1.441,0,0,2.621,0,0,0,1.316,5.682,9.544,4.219,0,1.775,0,4.346,9.713,0,1.246,0,0,0,2.47,0,2.354,2.984,1.847,2.729
TJ1:bin_000211,0,0,3.076,0,0,0,0,0,1.597,1.43,4.483,0,0,0,0,0,0,0,1.147,0,0,1.133,1.62,0,2.35,2.02,0,0,1.743,5.924,3.88,0,0,1.465,0,0,2.811,0,0,0,0,1.703
TJ1:bin_000214,0,0,0,0,0,0,0,0,0,0,0,0,0,0,0,0,0,1.29,0,0,0,0,0,0,1.51,2.015,0,0,1.404,0,0,0,1.171,0,0,0,1.391,0,2.123,0,0,1.161
TJ1:bin_000217,0,0,0,0,0,0,0,0,0,0,0,0,0,0,0,0,0,0,0,0,0,0,0,0,0,0,0,0,0,1.846,0,0,0,0,0,0,0,0,0,0,0,0
TJ1:bin_000219,9.213,32.492,22.197,2.012,0,8.62,0,17.307,24.758,8.164,25.215,11.757,7.424,8.123,4.584,10.901,0,9.4,10.638,10.833,6.541,15.688,8.38,11.509,38.521,20.383,6.912,12.218,7.074,34.949,27.088,9.414,9.494,12.873,3.004,0,40.016,5.293,7.514,32.267,9.311,26.76
TJ1:bin_000222,0,0,0,0,0,0,0,0,0,0,1.405,0,0,0,0,0,0,0,0,0,0,0,0,0,0,0,0,0,2.466,5.151,1.11,0,0,0,0,0,2.561,0,1.774,0,0,0
TJ1:bin_000223,0,0,0,0,0,0,0,0,0,0,0,0,0,0,0,0,0,0,0,0,0,0,0,0,0,0,0,0,0,0,0,0,0,0,0,0,0,0,0,0,0,0
TJ1:bin_000225,0,0,3.098,0,0,0,0,0,1.13,0,3.489,0,0,0,0,0,0,0,1.266,0,0,0,0,0,0,1.664,0,0,1.509,4.85,2.645,0,0,0,0,0,2.454,0,1.475,0,0,4.861
TJ1:bin_000227,1.862,1.587,11.962,0,0,3.971,0,3.134,4.053,5.207,12.214,2.479,0,1.646,4.591,2.215,0,2.173,3.522,3.233,1.757,2.945,4.054,1.979,10.865,7.098,1.833,3.656,2.464,17.176,9.085,5.289,3.175,2.919,1.112,0,7.59,1.279,4.742,4.599,1.958,11.393
TJ1:bin_000240,1.49,2.08,2.096,0,0,1.79,0,1.837,4.613,1.99,3.614,0,0,0,0,1.442,0,1.355,2.24,2.092,0,2.006,0,1.327,6.984,6.47,0,1.625,6.923,11.934,4.821,1.809,4.066,1.794,0,0,5.5,0,2.68,0,1.289,126.764
TJ1:bin_000246,0,0,0,0,0,0,0,0,0,0,0,0,0,0,0,0,0,0,0,0,0,0,0,0,1.231,0,0,0,0,0,0,0,0,0,0,0,2.156,0,0,0,0,0
TJ1:bin_000248,0,2.745,0,0,0,2.087,0,0,0,0,0,0,1.64,0,0,0,0,0,0,0,0,0,0,0,2.342,0,0,0,0,1.596,0,0,0,0,0,0,0,0,0,0,0,0
TJ1:bin_000249,0,0,0,0,0,0,0,1.539,0,1.459,4.173,1.868,0,0,0,1.477,0,0,0,1.205,0,1.06,1.17,1.752,3.923,1.671,0,1.197,0,5.504,5.469,0,1.822,0,0,0,17.932,0,2.08,0,0,2.36
TJ1:bin_000252,0,3.68,5.571,0,0,2.951,0,2.685,4.587,3.587,5.883,1.989,0,1.785,1.712,3.062,0,5.058,3.23,5.964,1.181,1.511,1.977,5.367,6.322,8.962,0,2.82,3.096,6.368,5.411,2.532,3.867,2.213,1.653,0,6.617,0,7.128,5.542,1.915,8.561
TJ1:bin_000254,0,0,0,0,0,0,0,0,0,0,0,0,0,0,0,0,0,0,0,0,0,0,1.548,0,1.87,1.381,0,0,0,0,0,0,0,0,1.151,0,0,0,0,0,0,0
TJ1:bin_000260,0,4.723,4.859,0,0,1.567,0,3.572,3.712,3.467,6.676,1.366,3.428,1.3,2.242,0,0,0,2.299,1.705,0,1.171,1.965,1.434,7.269,2.896,0,1.767,1.509,10.164,4.532,1.834,2.226,1.524,0,0,3.126,0,3.568,0,0,5.302
TJ1:bin_000269,0,0,0,0,0,0,0,0,0,0,0,0,0,0,0,0,0,0,0,0,0,0,0,0,2.229,0,0,0,0,0,0,0,0,0,0,0,0,0,0,0,0,0
TJ1:bin_000276,0,0,0,0,0,0,0,0,0,0,0,0,0,0,0,0,0,0,0,1.639,0,0,0,0,0,2.757,0,0,0,0,0,0,0,0,0,0,0,0,0,0,0,0
TJ1:bin_000278,0,3.379,5.357,0,0,3.47,0,5.243,3.9,3.151,7.063,2.461,1.271,1.355,3.27,4.039,0,2.835,4.249,4.598,1.358,2.372,3.501,5.041,13.059,8.436,0,1.834,1.368,11.494,4.188,3.792,2.778,2.898,0,0,7.143,1.033,6.214,5.054,1.164,9.253
TJ1:bin_000279,5.958,7.437,17.674,0,0,7.661,0,5.921,12.732,10.531,22.219,5.79,3.106,6.281,10.223,5.643,0,6.342,7.755,11.908,0,4.602,10.879,7.835,17.572,19.551,3.485,9.879,6.551,39.728,18.219,9.397,7.582,5.486,0,0,20.277,1.763,14.399,2.559,4.355,14.452
TJ1:bin_000280,0,0,0,0,0,0,0,0,0,0,0,0,0,0,0,0,0,0,0,0,0,0,0,0,0,0,0,0,0,0,0,0,0,0,0,0,0,0,0,0,0,0
TJ1:bin_000285,0,0,0,0,0,0,0,0,0,0,0,1.632,0,0,0,0,0,0,0,0,0,0,0,0,1.536,1.418,0,0,0,0,0,0,0,0,0,0,0,0,0,0,0,3.259
TJ1:bin_000290,0,0,0,0,0,0,0,0,0,0,0,0,0,0,0,0,0,0,0,0,0,0,0,0,0,0,0,0,0,0,0,0,0,0,0,0,0,0,0,0,0,0
TJ1:bin_000299,0,0,0,0,0,0,0,0,0,0,0,0,0,0,0,0,0,0,0,0,0,0,0,0,0,0,0,0,0,0,0,0,0,0,0,0,0,0,0,0,0,0
TJ1:bin_000306,2.295,0,5.406,0,0,0,0,1.802,2.733,3.012,8.03,2.001,0,0,3.252,0,0,1.908,2.282,1.926,0,1.635,1.508,1.99,4.252,5.234,0,3.553,1.81,15.327,8.155,3.002,1.913,1.979,0,0,6.919,0,3.381,0,0,5.726
TJ1:bin_000307,0,1.324,3.121,0,0,1.198,0,0,1.436,0,2.55,0,0,0,1.313,0,0,0,1.205,2.006,0,0,1.291,0,5.62,2.57,0,1.227,0,3.87,3.547,0,1.587,1.283,0,0,2.084,0,0,0,0,1.424
TJ1:bin_000309,1.811,1.665,2.756,0,0,1.792,0,1.301,4.147,2.993,6.362,0,0,0,1.514,1.529,0,0,2.751,2.122,0,2.988,2.632,1.825,7.509,4.422,0,2.03,0,20.149,4.929,2.096,0,1.444,0,0,3.253,0,3.033,1.299,0,5.41
TJ1:bin_000313,0,0,3.313,0,0,0,0,0,1.999,2.128,3.859,0,0,0,0,0,0,0,1.73,0,0,0,0,0,3.871,3.102,0,0,0,5.488,3.255,0,0,0,0,0,0,0,0,0,0,4.077
TJ1:bin_000317,0,0,0,0,0,0,0,0,0,0,1.357,0,0,0,0,0,0,0,0,0,0,0,0,0,0,0,0,0,0,0,0,0,0,0,0,0,0,0,0,0,0,1.987
TJ1:bin_000319,0,0,0,0,0,0,0,0,0,0,0,0,0,0,0,0,0,0,0,0,0,0,0,0,2.374,0,0,0,0,0,1.18,0,0,0,0,0,0,0,0,0,0,0
TJ1:bin_000320,0,0,2.496,0,0,0,0,0,0,0,2.056,0,0,0,0,0,0,0,0,0,0,0,0,0,0,0,0,0,0,2.466,0,0,0,0,0,0,0,0,0,0,0,0
TJ1:bin_000322,1.229,3.693,7.347,0,0,2.375,0,2.109,4.505,4.326,12.723,3.122,0,2.355,2.043,2.544,0,3.116,4.934,4.386,1.314,2.225,2.978,3.377,5.155,9.527,0,2.925,2.018,10.757,5.244,3.165,6.059,1.943,0,0,12.154,2.501,6.006,1.582,2.106,7.692
TJ1:bin_000328,0,0,0,0,0,0,0,0,0,0,0,0,0,0,0,0,0,0,0,0,0,0,0,0,0,0,0,0,0,0,0,0,0,0,0,0,0,0,0,0,0,0
TJ1:bin_000340,0,0,0,0,0,2.556,0,0,0,0,0,0,1.285,0,0,0,0,0,0,0,0,0,0,0,0,1.335,0,0,0,0,0,0,0,0,0,0,0,0,0,0,0,0
TJ1:bin_000342,3.465,4.116,14.077,0,0,5.509,0,3.909,6.205,7.136,21.609,3.059,2.076,2.351,5.211,2.969,0,5.462,7.516,4.775,0,3.143,5.453,5.837,14.596,8.659,3.008,4.655,4.589,17.121,13.938,9.47,5.863,3.255,2.008,0,12.075,0,8.025,3.852,2.873,16.403
TJ1:bin_000354,0,1.414,0,0,0,2.017,0,0,2.45,0,0,0,4.13,0,0,0,0,0,0,0,0,0,0,0,6.116,1.292,0,0,0,2.475,0,0,0,0,0,0,0,0,0,0,0,2.831
TJ1:bin_000355,0,0,3.041,0,0,1.792,0,0,0,1.413,0,0,0,0,0,0,0,0,0,0,0,0,0,0,2.394,3.066,0,0,0,4.38,2.092,1.905,0,0,0,0,1.803,0,2.732,1.634,0,0
TJ1:bin_000360,0,0,0,0,0,0,0,0,0,0,1.459,0,0,0,0,0,0,0,0,0,0,0,0,0,1.689,0,0,0,0,1.395,0,0,0,0,0,0,0,0,0,0,0,0
TJ1:bin_000368,0,0,0,0,0,0,0,0,2.105,0,0,0,0,0,0,0,0,0,0,0,0,0,0,0,0,0,0,0,0,0,0,0,0,0,0,0,0,0,0,0,0,2.135
TJ1:bin_000377,0,3.366,0,0,0,4.338,0,0,0,0,0,0,4.531,0,0,0,0,0,1.306,0,0,0,0,0,4.088,0,0,0,0,1.577,0,0,0,0,0,0,0,0,0,0,0,3.013
TJ1:bin_000390,0,0,0,0,0,0,0,0,0,0,0,0,0,0,0,0,0,0,0,0,0,0,0,0,0,0,0,0,0,0,0,0,0,0,0,0,0,0,0,0,0,0
TJ1:bin_000391,0,0,0,0,0,0,0,1.864,0,0,1.792,0,0,0,0,0,0,0,0,0,0,0,0,0,3.338,0,0,0,0,0,0,0,0,0,0,0,0,0,0,0,0,0
TJ2:bin_000001,0,0,3.937,0,0,1.256,0,3.487,2.506,2.655,6.246,0,0,0,1.334,0,0,3.884,1.497,1.17,0,1.293,1.34,2.976,10.606,3.68,0,0,0,1.851,5.07,3.002,3.081,0,0,0,5.247,2.195,9.945,3.518,0,4.31
TJ2:bin_000002,0,0,0,0,0,0,0,0,3.592,0,0,0,0,0,1.206,0,0,0,0,0,0,0,0,0,4.125,0,0,0,0,0,0,0,1.899,0,0,0,1.173,0,1.304,0,0,3.56
TJ2:bin_000003,2.294,0,581.035,5.179,0,5.919,1.156,5.434,11.477,4.457,136.957,6.915,0,2.678,2.255,2.059,1.401,2.887,2.931,4.369,0,13.132,84.577,0,3.743,4.621,66.044,5.459,10.922,598.804,83.523,3.509,5.063,77.343,0,0,0,0,6.943,0,0,3.845
TJ2:bin_000004,0,0,0,0,0,0,0,0,0,0,0,0,0,0,0,0,0,0,0,0,0,0,0,0,0,0,0,0,0,0,0,0,0,0,0,0,0,0,0,0,0,0
TJ2:bin_000005,0,0,1.827,0,0,1.281,0,0,0,0,2.638,0,0,0,0,0,0,2.168,1.499,0,0,0,1.47,1.941,1.182,2.247,0,0,0,2.086,1.836,1.268,0,0,0,0,1.698,0,1.649,0,0,1.448
TJ2:bin_000006,0,1.637,8.608,0,0,3.389,0,3.508,12.612,3.642,5.352,18.691,0,6.402,0,3.55,0,3.692,4.113,3.494,0,2.26,3.239,3.966,11.239,11.341,1.374,3.906,0,3.756,5.775,3.922,6.312,1.591,0,0,12.41,2.408,4.829,5.855,2.008,4.302
TJ2:bin_000007,0,1.568,7.286,0,0,2.908,0,2.586,11.07,2.372,16.896,2.556,1.254,1.887,7.478,2.208,0,3.587,2.261,5.112,2.595,8.652,6.266,2.167,2.284,11.007,0,0,6.773,7.108,1.891,2.196,1.794,1.817,0,0,4.158,3.118,7.726,0,0,2.914
TJ2:bin_000009,0,3.375,0,0,0,0,0,11.074,3.005,1.684,2.226,0,2.789,0,0,0,0,0,0,0,0,0,0,0,2.953,2.351,0,0,0,3.035,0,0,0,0,0,0,3.065,0,4.307,0,0,2.818
TJ2:bin_000010,0,0,0,0,0,0,0,0,0,0,0,0,0,0,0,0,0,0,0,0,0,0,0,0,0,0,0,0,0,0,0,0,0,0,0,0,0,0,0,0,0,0
TJ2:bin_000014,0,0,0,0,0,0,0,0,0,0,0,0,0,0,0,0,0,0,0,0,0,0,0,0,0,0,0,0,0,0,0,0,0,0,0,0,0,0,0,0,0,2.007
TJ2:bin_000015,0,0,2.604,0,0,1.744,0,2.121,0.982,1.901,5.116,1.602,0,1.54,2.872,0,0,1.105,0,0,0,0,2.127,2.904,3.983,1.732,0,0,2.122,2.481,1.899,2.411,3.854,2.834,0,0,4.824,0,4.372,0,1.231,1.309
TJ2:bin_000016,0,0,1.516,0,0,0,0,0,1.103,0,4.212,1.578,0,0,2.914,0,0,0,0,0,0,0,0,0,2.288,3.328,0,0,0,2.599,4.436,1.3,0,0,0,0,2.971,0,1.557,0,0,1.709
TJ2:bin_000018,0,0,0,0,0,0,0,0,0,0,0,0,0,0,0,0,0,0,0,0,0,0,0,0,0,0,0,0,0,0,0,0,0,0,0,0,0,0,0,0,0,0
TJ2:bin_000019,0,0,0,0,0,0,0,0,0,0,0,0,0,0,0,0,0,0,0,0,0,0,0,0,0,0,0,0,0,0,0,0,0,0,0,0,0,0,0,0,0,0
TJ2:bin_000020,0,0,0,0,0,0,0,0,0,0,0,0,0,0,0,0,0,0,1.242,0,0,0,0,0,0,0,0,0,0,0,0,0,0,0,0,0,0,0,0,0,0,0
TJ2:bin_000029,0,0,0,0,0,0,0,0,0,0,0,0,0,0,0,0,0,0,0,0,0,0,0,0,0,0,0,0,0,0,0,0,0,0,0,0,0,0,0,0,0,0
TJ2:bin_000030,0,0,0,0,0,0,0,0,0,0,0,0,0,0,0,0,0,0,0,0,0,0,0,0,0,0,0,0,0,0,0,0,0,0,0,0,0,0,0,0,0,0
TJ2:bin_000035,0,0,0,0,0,0,0,0,1.631,0,0,0,1.469,0,0,0,0,0,0,0,0,0,0,0,0,0,0,0,0,0,0,0,0,0,0,0,0,0,0,0,0,0
TJ2:bin_000037,0,0,0,0,0,0,0,0,0,0,0,0,0,0,0,0,0,0,0,0,0,0,0,0,0,0,0,0,0,0,0,0,0,0,0,0,0,0,0,0,0,0
TJ2:bin_000039,0,0,4.305,0,0,2.116,0,1.638,2.763,2.479,3.075,1.345,0,0,3.176,2.272,0,2.598,2.402,1.951,0,1.288,1.156,3.549,8.837,4.666,0,1.387,0,2.955,4.159,3.289,3.044,1.356,0,0,7.56,1.102,3.367,4.213,1.576,3.475
TJ2:bin_000041,0,0,0,0,0,1.924,0,0,0,0,0,0,0,0,0,0,0,0,1.865,2.452,0,2.914,0,0,0,2.56,1.785,0,0,0,0,0,2.832,0,0,0,0,0,0,0,0,2.472
TJ2:bin_000043,0,0,0,0,0,4.589,0,0,0,0,1.279,0,0,0,0,1.647,0,1.213,2.242,0,0,1.208,0,1.706,3.432,2.483,0,1.171,0,2.275,2.552,1.775,1.728,0,0,0,2.509,0,5.211,1.936,0,0
TJ2:bin_000046,0,0,1.31,0,0,0,0,0,0,0,0,0,0,0,0,0,0,0,0,1.808,0,0,1.339,0,1.526,1.55,0,0,0,0,2.214,0,0,0,0,0,0,0,0,0,0,0
TJ2:bin_000048,0,0,0,0,0,0,0,0,0,0,0,0,0,0,0,0,0,0,0,0,0,0,0,0,2.182,0,0,0,0,0,0,0,0,0,0,0,0,0,0,0,0,0
TJ2:bin_000049,0,0,0,0,0,0,0,0,0,0,0,0,0,0,0,0,0,0,0,0,0,0,0,0,0,0,0,0,0,0,0,0,0,0,0,0,0,0,0,0,0,0
TJ2:bin_000053,0,0,0,0,0,0,0,0,0,0,0,0,0,0,0,0,0,0,0,0,0,0,0,0,0,0,0,0,0,0,0,0,0,0,0,0,0,0,0,0,0,0
TJ2:bin_000061,0,0,0,0,0,0,0,0,0,0,2.833,0,0,0,0,0,0,0,0,0,0,0,0,0,0,0,0,0,0,1.157,0,0,0,0,0,0,1.608,0,0,0,0,0
TJ2:bin_000065,0,2.589,5.232,0,0,2.198,0,4.287,1.542,0,5.087,3.195,0,0,0,0,0,7.181,2.305,2.013,0,2.522,0,10.936,5.818,4.454,0,1.315,0,0,0,2.747,2.637,0,0,0,10.828,0,3.264,2.404,3.534,3.289
TJ2:bin_000070,0,2.246,2.208,0,0,0,0,0,1.537,1.8,2.648,0,0,0,0,0,0,0,1.623,1.297,0,0,0,0,3.446,3.45,0,0,0,4.536,2.87,0,0,0,0,0,3.727,0,2.282,1.344,0,2.877
TJ2:bin_000072,0,1.781,1.192,0,0,1.455,0,1.559,2.106,0,3.579,1.26,0,0,1.847,0,0,1.311,1.515,1.455,0,1.301,0,1.731,1.968,2.836,0,0,0,2.957,2.748,0,1.588,0,0,0,3.15,0,2.976,2.35,0,1.29
TJ2:bin_000076,0,0,0,0,0,0,0,0,0,0,1.751,0,0,0,0,0,0,0,0,0,0,0,0,0,0,0,0,0,0,0,0,0,0,0,0,0,0,0,0,0,0,0
TJ2:bin_000081,0,0,0,0,0,0,0,0,0,0,0,0,0,0,0,0,0,0,0,0,0,0,0,0,0,0,0,0,0,0,0,0,0,0,0,0,0,0,0,0,0,0
TJ2:bin_000087,0,0,0,0,0,0,0,0,1.201,0,2.233,0,0,0,1.613,0,0,0,1.041,0,0,0,0,1.288,0,2.198,0,0,0,2.502,1.45,1.367,1.966,0,0,0,2.034,0,0,0,0,1.711
TJ2:bin_000093,0,0,0,0,0,0,0,0,0,0,0,0,0,0,0,0,0,0,0,0,0,0,0,0,0,0,0,0,0,0,0,0,0,0,0,0,0,0,0,0,0,0
TJ2:bin_000094,0,0,0,0,0,0,0,0,0,0,0,0,0,0,0,0,0,0,0,0,0,0,0,0,0,0,0,0,0,0,0,0,0,0,0,0,0,0,0,0,0,0
TJ2:bin_000096,0,0,0,0,0,0,0,0,0,0,0,0,0,0,0,0,0,0,0,0,0,0,0,0,0,0,0,0,0,0,0,0,0,0,0,0,0,0,0,0,0,0
TJ2:bin_000100,2.589,1.622,1.245,0,0,1.804,0,1.943,2.205,1.411,0,0,1.759,1.367,0,0,0,0,6.343,0,0,0,0,0,1.932,1.701,0,1.269,0,2.725,0,4.436,1.268,0,0,0,0,0,2.316,0,0,9.58
TJ2:bin_000105,0,0,0,0,0,0,0,0,0,0,0,0,0,0,0,0,0,0,0,0,0,0,0,0,0,0,0,0,0,0,0,0,0,0,0,0,0,0,0,0,0,0
TJ2:bin_000109,0,0,0,0,0,0,0,0,0,0,0,0,0,0,0,0,0,0,0,0,0,0,0,0,0,0,0,0,0,0,0,0,0,0,0,0,0,0,0,0,0,0
TJ2:bin_000111,0,6.188,0,0,0,3.395,0,4.053,2.015,0,0,1.97,4.152,0,0,0,0,0,0,0,0,0,0,0,1.34,1.492,0,0,0,1.478,0,0,0,0,0,0,0,0,3.273,0,0,0
TJ2:bin_000118,0,0,0,0,0,0,0,0,0,0,0,0,0,0,0,0,0,0,0,0,0,0,0,0,0,0,0,0,0,0,0,0,0,0,0,0,0,0,0,0,0,0
TJ2:bin_000134,0,0,0,0,0,0,0,0,0,0,0,0,0,0,0,0,0,0,0,0,0,0,0,0,0,0,0,0,0,0,0,0,0,0,0,0,0,0,0,0,0,0
TJ2:bin_000139,0,0,1.755,0,0,0,0,0,0,0,0,0,0,0,0,0,0,0,0,0,0,0,0,0,3.666,1.77,0,0,0,0,0,0,0,0,0,0,0,0,0,0,0,1.945
TJ2:bin_000142,0,0,0,0,0,0,0,0,3.824,0,0,0,0,0,0,0,0,0,0,0,0,0,0,0,3.422,0,0,0,0,4.633,0,0,0,0,0,0,1.724,0,0,0,0,3.389
TJ2:bin_000143,0,0,0,0,0,0,0,0,0,0,0,0,0,0,0,0,0,0,0,0,0,0,0,0,0,0,0,0,0,0,0,0,0,0,0,0,0,0,0,0,0,0
TJ2:bin_000144,0,5.438,1.221,0,0,4.616,0,2.37,1.871,1.237,0,2.205,2.484,0,0,0,0,0,0,1.232,0,0,0,0,4.333,1.45,0,1.295,0,2.761,0,0,0,1.229,0,0,2.839,0,2.312,0,0,2.146
TJ2:bin_000147,0,0,0,0,0,0,0,0,0,0,0,0,0,0,0,0,0,0,0,0,0,0,0,0,2.14,0,0,0,0,0,0,0,0,0,0,0,0,0,0,0,0,0
TJ2:bin_000148,0,0,0,0,0,0,0,0,0,0,0,0,0,0,0,0,0,0,0,0,0,0,0,0,0,0,0,0,0,0,0,0,0,0,0,0,0,0,0,0,0,0
TJ2:bin_000149,0,0,0,0,0,0,0,0,0,0,0,0,0,0,0,0,0,0,0,0,0,0,0,0,0,0,0,0,0,0,0,0,0,0,0,0,0,0,0,0,0,0
TJ2:bin_000150,0,0,0,0,0,0,0,0,0,0,0,0,0,0,0,0,0,0,0,0,0,0,0,0,0,0,0,0,0,0,0,0,0,0,0,0,0,0,0,0,0,0
TJ2:bin_000152,0,0,0,0,0,0,0,0,0,0,0,0,0,0,0,0,0,0,0,0,0,0,0,0,0,0,0,0,0,0,0,0,0,0,0,0,0,0,0,0,0,0
TJ2:bin_000154,0,0,0,0,0,0,0,0,0,0,0,0,0,0,0,0,0,0,0,0,0,0,0,0,0,0,0,0,0,0,0,0,0,0,0,0,0,0,0,0,0,0
TJ2:bin_000156,0,0,0,0,0,0,0,0,0,0,3.289,0,0,0,0,0,0,0,0,0,0,3.374,0,0,0,0,0,0,0,0,0,0,0,0,0,0,1.53,0,0,0,0,0
TJ2:bin_000159,0,0,4.027,0,0,0,0,0,0,0,3.305,0,0,0,0,0,0,0,0,0,0,0,0,0,0,0,0,0,0,2.88,1.323,0,1.232,0,0,0,0,0,1.282,0,0,0
TJ2:bin_000161,0,0,0,0,0,0,0,0,0,0,0,0,0,0,0,0,0,0,0,0,0,0,0,0,0,0,0,0,0,0,0,0,0,0,0,0,0,0,0,0,0,0
TJ2:bin_000166,0,0,0,0,0,0,0,0,0,0,1.208,0,0,0,0,0,0,0,0,0,0,0,0,0,1.806,0,0,0,0,6.619,0,0,0,0,0,0,0,0,0,0,0,0
TJ2:bin_000167,0,0,0,0,0,0,0,0,0,0,0,0,0,0,0,0,0,0,0,0,0,0,0,0,0,0,0,0,0,0,0,0,0,0,0,0,0,0,0,0,0,0
TJ2:bin_000168,0,0,0,0,0,0,0,0,0,0,0,0,0,0,0,0,0,0,0,0,0,0,0,0,1.771,1.35,0,0,0,0,0,0,0,0,0,0,0,0,0,0,0,0
TJ2:bin_000171,1.298,0,0,0,0,0,0,0,1.394,1.442,2.097,0,0,0,0,0,0,0,4.402,0,0,0,0,0,2.011,0,0,0,0,1.479,1.306,0,0,0,0,0,0,0,0,0,0,0
TJ2:bin_000173,0,0,0,0,0,1.798,0,0,0,0,0,0,0,0,0,0,0,0,0,0,0,0,0,0,1.398,0,0,0,0,1.309,0,0,0,0,0,0,0,0,0,0,0,0
TJ2:bin_000175,0,0,0,0,0,0,0,0,0,0,0,0,0,0,0,0,0,0,0,0,0,0,0,0,0,0,0,0,0,0,0,0,0,0,0,0,0,0,0,0,0,0
TJ2:bin_000178,0,0,0,0,0,0,0,0,1.763,0,0,0,0,0,0,0,0,0,0,0,0,0,0,0,0,0,0,0,0,0,0,0,0,0,0,0,0,0,0,0,0,0
TJ2:bin_000186,0,0,0,0,0,0,0,0,0,0,0,0,0,0,0,0,0,0,0,0,0,0,0,0,0,0,0,0,0,0,0,0,0,0,0,0,0,0,0,0,0,0
TJ2:bin_000189,0,0,0,0,0,0,0,0,0,0,0,0,0,0,0,0,0,0,0,0,0,0,0,0,0,0,0,0,0,0,0,0,0,0,0,0,0,0,0,0,0,0
TJ2:bin_000194,0,0,2.187,0,0,0,0,0,2.298,0,4.515,0,1.285,0,2.681,0,0,1.404,1.481,0,0,0,2.908,2.636,2.318,2.822,0,1.331,2.044,5.616,2.971,0,1.78,0,0,0,2.898,0,4.465,0,0,0
TJ2:bin_000196,0,55.831,3.184,0,0,21.684,0,112.4,33.342,7.437,11.864,13.697,21.432,0,0,7.999,0,2.123,6.667,16.17,2.282,3.45,10.884,6.129,68.071,8.552,7.52,14.258,11.457,27.562,0,10.748,13.563,9.36,5.342,0,2.73,0,57.28,10.678,0,26.956
TJ2:bin_000197,0,9.12,0,0,0,0,0,17.882,0,0,2.341,0,0,0,0,0,0,1.329,0,0,0,0,2.373,0,10.763,0,0,0,0,5.743,0,0,0,0,0,0,0,0,0,0,0,4.727
TJ2:bin_000198,0,0,0,0,0,0,0,0,0,0,0,0,0,0,0,0,0,0,0,0,0,0,0,0,0,0,0,0,0,0,0,0,0,0,0,0,0,0,0,0,0,0
TJ2:bin_000199,1.73,1.778,9.855,0,0,3.206,0,1.226,2.209,3.114,7.088,1.899,1.494,1.917,3.025,1.662,0,1.856,2.23,3.265,0,1.205,4.428,2.362,8.359,7.174,1.316,2.168,1.604,7.348,6.34,2.693,2.839,1.785,1.213,0,6.257,0,4.244,3.835,1.172,4.382
TJ2:bin_000200,0,0,0,0,0,0,0,0,0,0,0,0,0,0,0,0,0,0,0,0,0,0,0,0,0,0,0,0,0,0,0,0,0,0,0,0,0,0,0,0,0,0
TJ2:bin_000201,0,0,0,0,0,0,0,0,0,0,0,0,0,0,0,0,0,0,0,0,0,0,0,0,0,0,0,0,0,0,0,0,0,0,0,0,0,0,0,0,0,0
TJ2:bin_000203,0,0,0,0,0,0,0,0,0,0,0,0,0,0,0,0,0,0,0,0,0,0,0,0,0,0,0,0,0,1.491,0,0,0,0,0,0,0,0,0,0,0,0
TJ2:bin_000208,0,0,0,0,0,0,0,0,0,0,0,0,0,0,0,0,0,0,0,0,0,0,0,0,1.836,0,0,0,0,0,0,0,0,0,0,0,0,0,0,0,0,0
TJ2:bin_000214,0,0,0,0,0,0,0,0,0,0,1.672,0,0,0,1.193,0,0,0,0,0,0,0,0,0,0,1.909,0,0,0,2.609,0,0,0,0,0,0,0,0,0,0,0,0
TJ2:bin_000220,1.999,0,0,0,0,0,0,1.996,2.19,0,0,0,0,0,0,0,0,0,2.217,0,0,0,0,0,2.899,1.66,0,0,0,1.484,1.262,0,1.557,0,0,0,1.301,0,1.621,0,0,3.81
TJ2:bin_000223,0,0,2.361,0,0,0,0,0,1.109,0,2.425,1.289,0,0,0,0,0,0,2.14,0,0,0,1.453,1.298,3.235,2.172,0,0,0,3.288,3.068,0,0,0,0,0,2.871,0,0,0,0,0
TJ2:bin_000225,0,0,0,0,0,0,0,0,0,0,0,0,0,0,0,0,0,0,0,0,0,0,0,0,1.42,0,0,0,0,0,2.101,0,0,0,0,0,1.809,0,0,0,0,1.297
TJ2:bin_000231,0,0,0,0,0,0,0,0,0,0,2.185,0,0,0,0,0,0,0,0,0,0,0,0,0,2.477,0,0,0,0,2.858,0,0,0,0,0,0,0,0,0,0,0,0
TJ2:bin_000234,0,0,5.53,0,0,0,0,7.175,4.083,2.751,5.671,4.965,0,0,2.212,3.004,0,1.835,1.908,3.161,0,1.273,4.664,4.466,12.442,2.355,0,1.149,0,3.199,2.712,1.517,4.118,1.45,1.144,0,7.032,0,6.533,5.634,2.092,2.971
TJ2:bin_000236,0,0,0,0,0,0,0,0,0,0,0,0,0,0,0,0,0,0,0,0,0,0,0,0,0,0,0,0,0,0,0,0,0,0,0,0,0,0,0,0,0,0
TJ2:bin_000238,6.783,3.451,2.785,0,0,5.222,0,4.48,5.735,2.625,4.108,2.158,5.486,2.61,2.226,1.116,0,2.104,10.368,2.706,0,2.43,0,2.287,5.338,10.642,0,3.434,1.517,7.757,2.078,4.544,2.924,0,1.641,0,5.301,0,3.898,0,1.579,15.466
TJ2:bin_000245,4.769,4.902,28.665,1.223,0,7.724,0,6.821,6.515,9.464,26.268,5.203,2.067,2.791,8.898,6.331,0,5.197,7.237,8.852,2.64,5.399,8.284,6.222,14.248,12.879,4.574,5.772,6.204,33.445,20.096,9.429,9.082,7.093,1.722,0,15.142,2.163,10.219,12.41,3.598,12.996
TJ2:bin_000253,0,0,0,0,0,0,0,1.424,0.99,0,2.181,2.123,0,0,2.433,0,0,0,1.446,2.191,0,0,0,1.736,3.33,5.537,0,1.343,0,3.145,2.152,0,2.615,0,0,0,1.462,0,4.401,1.517,0,3.347
TJ2:bin_000266,0,0,0,0,0,0,0,0,0,0,0,0,0,0,0,0,0,0,0,0,0,0,0,0,0,0,0,0,0,1.213,0,0,0,0,0,0,0,0,0,0,0,2.683
TJ2:bin_000283,1.734,2.53,0,0,0,4.645,0,0,13.426,0,0,0,3.257,0,1.413,0,0,0,1.346,0,0,0,0,0,10.104,1.799,0,0,0,0,0,0,0,0,0,0,1.957,0,0,0,0,2.593
TJ2:bin_000284,0,0,0,0,0,0,0,0,0,0,0,0,0,0,0,0,0,0,0,0,0,0,0,0,0,0,0,0,0,0,0,0,0,0,0,0,0,0,0,0,0,0
TJ2:bin_000289,0,0,0,0,0,0,0,0,0,0,0,0,0,0,0,0,0,0,0,0,0,0,0,0,0,0,0,0,0,0,0,0,0,0,0,0,0,0,0,0,0,0
TJ2:bin_000298,0,0,0,0,0,0,0,0,0,0,0,0,0,0,0,0,0,0,0,0,0,0,0,0,0,0,0,0,0,0,0,0,0,0,0,0,0,0,0,0,0,0
TJ2:bin_000319,0,0,0,0,0,0,0,0,2.966,0,1.385,0,0,0,0,0,0,0,0,0,0,0,0,0,3.219,0,0,0,0,0,0,0,0,0,0,0,0,0,0,0,0,0
TJ2:bin_000332,0,0,0,0,0,1.507,0,2.326,6.654,0,0,0,0,0,0,0,0,0,0,0,0,0,0,0,3.994,1.857,0,0,0,0,0,0,0,0,0,0,0,0,0,0,0,2.018
TJ2:bin_000333,0,0,0,0,0,0,0,0,0,0,0,0,0,0,0,0,0,0,0,0,0,0,0,0,0,0,0,0,0,0,0,0,0,0,0,0,0,0,0,0,0,0
