genome,M303961,M303950,M303938,M303952,M303925,M303933,M303966,M303930,M303935,M303959,M303955,M303964,M303958,M303924,M303946,M303944,M303934,M303931,M303922,M303948,M303960,M303923,M303947,M303957,M303945,M303928,M303937,M303943,M303927,M303969,M303965,M303939,M303942,M303968,M303936,M303954,M303949,M303953,M303967,M303940,M303926,M303963
D300242:bin_000001,0,0,0,0,1.951,0,0,0,0,0,0,0,1.597,0,0,0,0,0,0,0,0,0,0,0,0,0,2.489,0,0,0,0,0,0,0,0,0,0,0,0,0,0,0
D300242:bin_000002,0,0,0,3.14,8.906,0,0,0,0,5.866,0,0,3.472,0,0,0,0,0,4.539,3.077,4.551,0,2.624,3.927,2.087,0,6.965,0,3.146,0,0,0,8.168,6.903,0,0,0,2.161,4.303,0,2.117,2.176
D300242:bin_000003,0,0,0,0,0,0,0,0,0,3.809,0,0,0,0,0,0,0,0,1.513,0,1.632,0,0,0,0,0,0,0,0,0,0,0,1.504,0,0,0,0,0,0,0,0,0
D300242:bin_000023,4.349,13.295,0,2.672,16.938,0,0,2.66,0,29.359,2.246,2.578,9.803,4.154,0,2.509,0,0,7.629,7.139,5.193,6.053,0,12.354,5.725,3.981,21.607,0,2.469,2.507,4.118,0,2.625,5.227,0,2.185,2.028,17.242,8.834,0,6.998,6.122
D300242:bin_000025,0,0,0,0,0,0,0,0,0,0,0,0,0,0,0,0,0,0,0,0,0,0,0,0,0,0,0,0,0,0,0,0,0,0,0,0,0,0,0,0,0,0
D300243:bin_000004,9.681,9.419,0,5.348,12.772,0,0,4.936,0,11.617,3.406,4.115,13.449,2.801,0,3.595,0,0,18.533,6.483,4.797,5.816,0,14.248,2.453,2.691,27.205,0,6.637,4.679,3.09,0,7.289,7.35,0,2.128,0,6.805,10.766,0,8.487,9.081
D300243:bin_000028,31.781,43.417,0,24.808,101.586,2.334,2.563,27.925,0,138.051,22.689,25.369,45.992,17.744,0,20.245,0,1.521,84.851,40.851,23.782,10.908,4.784,79.875,38.308,17.286,180.157,4.016,48.181,23.052,24.015,0,49.1,45.475,0,19.743,4.638,57.508,30.939,0,46.405,45.282
D300243:bin_000041,3.383,7.377,0,5.188,9.843,0,0,5.418,0,14.542,2.349,3.037,12.3,1.384,0,0,0,0,11.326,7.486,3.583,4.796,0,6.791,4.549,2.859,11.779,0,8.276,1.648,4.869,0,3.333,3.066,0,0,4.724,8.467,12.252,0,4.409,4.724
D300243:bin_000043,7.353,6.536,0,6.167,10.403,0,0,5.301,0,17.791,4.031,2.065,7.361,3.793,0,4.054,0,0,9.557,4.067,3.097,3.428,0,13.17,2.18,7.341,21.143,0,3.122,2.404,8.318,0,3.173,4.771,0,1.567,4.616,13.05,4.619,0,9.733,3.889
D300244:bin_000018,9.273,7.769,0,4.337,15.894,0,0,5.714,0,21.045,4.537,3.23,9.854,4.428,0,4.143,0,0,10.04,5.753,4.422,18.093,0,19.317,8.497,6.741,23.828,0,5.009,3.539,7.736,1.674,4.121,4.914,0,4.714,2.992,15.413,6.517,0,8.545,2.571
D300244:bin_000021,3.118,3.489,0,2.709,11.759,0,0,3.063,0,15.295,2.129,2.518,7.012,1.602,0,1.771,0,0,11.918,5.547,2.919,2.034,0,9.922,5.756,2.342,12.21,0,2.671,1.65,1.901,0,8.595,6.702,0,0,0,5.714,3.185,0,4.227,7.826
D300244:bin_000028,8.971,15.07,0,13.272,19.473,0,0,13.266,0,31.638,6.36,5.377,12.671,4.862,0,5.466,0,0,18.564,2.915,15.388,7.832,0,16.558,7.73,5.631,17.9,0,4.706,2.997,9.734,2.982,28.98,4.108,1.474,1.698,2.561,15.563,9.516,0,14.251,25.664
D300245:bin_000010,5.197,8.941,0,2.97,10.615,0,0,7.352,0,12.237,5.997,14.834,17.318,3.447,0,1.962,0,0,9.634,9.029,2.685,6.469,0,10.578,3.257,4.531,27.299,0,2.399,3.03,3.917,0,5.566,4.544,0,0,2.107,7.677,9.046,0,4.352,4.746
D300245:bin_000013,0,0,0,2.518,5.464,0,0,1.81,0,5.184,0,0,2.736,0,0,1.901,0,0,4.084,1.762,2.454,0,0,5.437,6.447,0,6.437,0,1.847,1.629,0,0,2.658,2.002,0,0,0,2.342,1.943,0,1.553,4.864
D300245:bin_000018,0,0,0,0,0,0,0,0,0,0,0,0,0,0,0,0,0,0,1.656,0,0,0,0,0,0,0,0,0,0,0,0,0,0,0,0,0,0,0,0,0,0,0
D300245:bin_000027,22.498,21.869,0,11.773,19.001,9.727,0,17.746,0,30.446,24.947,11.256,115.214,3.477,0,3.097,0,0,66.732,18.168,8.518,25.366,2.492,20.547,8.415,18.236,45.493,0,8.93,17.375,11.129,0,6.129,12.294,0,2.477,20.209,33.988,26.443,0,16.55,13.834
D300245:bin_000045,44.567,78.797,0,18.907,70.072,3.488,4.328,32.28,0,116.043,31.932,38.39,54.79,11.837,1.873,12.679,1.588,0,78.287,85.231,25.958,46.024,3.843,61.133,30.539,11.115,120.405,3.235,26.341,15.814,31.212,0,25.594,64.993,0,6.91,8.824,53.456,43.893,0,34.351,33.02
D300246:bin_000002,14.197,8.668,0,8.964,12.218,0,2.664,6.019,0,27.031,9.643,4.43,16.426,10.014,0,7.998,0,0,15.013,5.796,3.347,47.458,0,16.344,5.248,12.463,30.191,2.486,4.639,2.164,11.837,0,3.584,9.851,0,1.595,8.571,19.426,6.897,0,15.131,7.69
D300246:bin_000010,0,0,0,0,0,0,0,0,0,1.842,0,0,0,0,0,0,0,0,0,1.48,0,0,0,1.703,0,0,3.078,0,0,0,0,0,0,0,0,0,0,0,0,0,0,0
D300246:bin_000011,3.609,2.61,0,2.009,8.821,2.627,0,0,0,5.803,2.677,2.734,6.781,0,0,0,0,0,8.749,7.018,0,5.149,0,10.938,2.405,2.378,6.836,0,7.085,0,0,0,7.646,4.658,0,0,0,9.309,0,0,8.404,0
D300246:bin_000018,0,0,0,0,1.731,0,0,0,0,1.81,0,0,1.524,0,0,0,0,0,0,0,0,0,0,0,0,0,0,0,0,0,0,0,0,0,0,0,0,0,0,0,0,0
D300246:bin_000044,5.879,5.696,0,0,8.359,0,0,0,0,11.349,0,9.349,4.514,0,0,0,0,0,8.385,5.907,0,0,0,5.524,0,0,11.231,0,0,0,0,0,0,4.363,0,0,0,7.031,4.158,0,0,0
D300246:bin_000052,3.362,5.466,0,2.195,3.216,0,0,2.474,0,8.315,1.695,2.153,8.09,0,0,0,0,0,4.188,1.845,1.572,7.24,0,3.296,3.037,0,5.762,0,2.978,0,2.643,0,1.718,2.655,0,0,1.842,3.233,3.843,0,2.971,3.749
D300247:bin_000006,19.56,19.561,0,11.068,30.766,0,1.426,10.367,0,50.953,10.615,10.205,17.922,7.188,0,8.975,0,0,26.642,23.946,6.947,10.397,0,28.83,11.596,16.107,54.987,1.673,14,9.518,18.525,0,12.881,12.496,0,5.209,11.767,34.227,22.964,0,22.09,12.011
D300248:bin_000004,14.387,11.377,0,5.45,8.48,0,0,11.332,0,19.572,3.249,8.038,8.037,1.418,0,0,0,0,101.541,31.243,3.379,5.246,0,5.246,4.694,5.949,18.785,0,9.436,7.476,6.663,0,9.532,10.289,0,1.759,12.33,28.601,17.2,0,8.437,2.856
D300248:bin_000008,6.249,9.33,0,2.782,11.679,0,0,4.005,0,15.159,7.534,9.839,6.387,2.485,0,2.121,0,0,16.595,24.551,5.239,6.874,0,10.526,2.06,0,22.538,0,0,0,3.48,0,6.621,3.828,0,0,0,6.174,25.914,0,5.298,9.453
D300248:bin_000018,0,0,0,0,0,0,0,0,0,0,0,0,0,0,0,0,0,0,0,0,0,0,0,0,0,0,0,0,0,0,0,0,0,0,0,0,0,0,0,0,0,0
D300248:bin_000023,2.37,1.644,0,4.094,0,0,0,2.035,0,3.652,0,0,0,0,0,0,0,0,5.19,0,0,8.675,0,0,0,0,1.755,0,2.538,0,1.802,0,0,0,0,0,2.979,11.314,1.415,0,1.648,0
D300248:bin_000024,22.375,24.825,0,21.626,90.592,0,0,18.378,0,102.279,14.719,9.266,40.985,11.97,1.994,19.246,0,0,58.715,22.205,18.454,11.458,4.241,58.238,19.142,7.366,71.454,0,11.776,9.129,13.771,0,27.869,31.253,0,9.824,9.24,32.481,26.133,0,17.416,68.811
D300249:bin_000005,5.489,4.765,0,2.338,8.574,0,0,4.039,0,11.086,4.357,4.734,5.314,0,0,0,0,0,9.484,4.314,1.765,3.494,0,8.982,2.348,0,10.877,0,4.799,3.154,1.941,0,3.148,4.789,0,0,1.511,3.69,2.451,0,4.268,5.593
D300249:bin_000046,1.439,3.766,0,0,0,0,0,0,0,2.182,0,0,2.013,0,0,0,0,0,0,0,1.275,0,0,0,0,0,2.158,0,0,0,3.058,0,0,0,0,0,0,1.933,0,0,0,0
D300250:bin_000017,0,2.107,0,0,0,0,0,0,0,4.089,2.081,0,0,0,0,0,0,0,2.15,2.011,0,0,0,4.362,3.346,0,3.18,0,0,0,1.9,0,0,1.817,0,0,0,2.292,1.527,0,0,0
D300250:bin_000018,2.098,0,0,0,3.211,0,0,2.479,0,4.521,1.542,1.92,3.76,0,0,1.063,0,0,3.789,2.884,1.918,2.191,0,4.151,1.521,1.378,6.896,0,1.432,1.49,0,0,0,1.98,0,0,1.387,2.276,1.54,0,0,2.287
D300250:bin_000024,7.582,4.251,0,4.56,8.794,0,0,4.121,0,20.297,6.387,2.984,5.564,0,0,1.973,0,0,7.375,5.246,2.822,0,0,12.019,2.939,5.533,18.287,0,4.909,1.752,3.406,0,2.101,6.45,0,0,0,2.715,5.143,0,4.523,2.429
D300251:bin_000015,9.743,10.034,0,3.578,17.096,0,0,4.748,0,22.648,6.624,5.376,7.512,2.383,0,2.754,0,0,22.66,16.138,6.999,10.673,0,10.09,6.457,2.837,28.817,0,4.024,4.282,4.248,0,6.719,14.88,0,0,0,9.377,9.984,0,7.52,4.684
D300251:bin_000040,4.814,4.937,0,3.909,14.881,0,0,3.598,0,21.291,2.423,4.072,7.913,2.612,0,4.693,0,0,15.84,2.92,3.251,1.955,0,15.099,3.408,0,17.608,0,10.413,2.181,2.281,0,4.443,3.723,0,2.044,0,5.351,6.008,0,8.762,5.775
D300252:bin_000001,25.313,8.944,0,9.401,18.974,0,1.747,6.715,0,25.623,6.191,2.754,15.598,2.863,0,2.75,0,0,13.926,9.841,5.238,4.524,0,12.137,3.544,1.643,35.29,0,9.887,3.957,7.428,2.08,11.606,6.111,0,2.938,1.909,17.9,9.461,0,15.036,8.943
D300252:bin_000010,0,0,0,0,0,0,0,0,0,0,0,0,0,0,0,0,0,0,0,0,0,0,0,0,0,0,0,0,0,0,0,0,0,0,0,0,0,0,0,0,0,0
D300252:bin_000011,0,0,0,0,0,0,0,0,0,0,0,0,0,0,0,0,0,0,1.748,0,0,0,0,0,0,0,0,0,0,0,0,0,0,0,0,0,0,0,0,0,0,0
D300252:bin_000020,3.343,7.571,0,2.439,14.074,0,0,5.272,0,29.155,5.144,3.506,9.741,10.17,0,5.861,0,0,12.754,7.538,0,2.158,0,23.658,8.466,1.933,39.583,0,5.679,3.228,5.107,0,7.01,5.926,0,2.744,0,20.775,7.752,0,12.523,7.091
D300253:bin_000005,9.127,9.614,0,3.964,16.898,0,0,6.332,0,25.97,3.944,2.647,8.257,5.854,0,4.206,0,0,10.218,6.926,2.098,3.319,0,14.194,5.012,6.274,22.309,0,5.086,5.871,9.282,0,9.195,5.862,0,2.778,2.416,18.488,6.742,0,6.456,4.844
D300253:bin_000007,5.932,5.612,0,3.367,2.76,0,0,4.517,0,7.748,0,3.496,2.907,0,0,0,0,0,31.763,14.716,1.346,0,0,2.989,1.852,2.489,9.095,0,3.74,2.002,3.063,0,2.399,2.28,0,0,5.097,8.508,6.819,0,3.411,0
D300253:bin_000040,11.259,12.376,0,4.277,21.11,0,0,6.388,0,22.837,4.736,3.743,14.014,9.094,0,3.935,0,0,14.276,5.567,3.677,5.565,0,15.221,5.574,6.2,24.256,0,6.064,4.169,11.52,0,7.133,3.755,0,3.981,3.639,11.605,4.513,0,12.148,4.509
D300254:bin_000011,7.709,9.001,0,6.494,22.455,0,0,3.765,0,39.263,4.144,4.874,13.51,4.501,0,7.182,0,0,18.423,9.254,5.584,2.121,0,16.194,5.335,3.159,30.807,0,16.915,4.828,6.291,0,13.817,8.333,0,2.684,0,11.911,9.004,0,10.063,10.324
D300254:bin_000016,0,1.593,0,0,3.406,0,0,0,0,2.998,0,0,2.482,0,0,1.178,0,0,2.55,0,1.616,0,0,2.488,0,0,3.836,0,0,0,0,0,1.972,0,0,0,0,2.175,1.473,0,1.756,0
D300254:bin_000019,107.23,76.832,0,57.84,118.348,4.486,11.664,70.977,0,183.637,51.773,56.468,132.359,60.862,1.982,41.663,2.55,3.167,157.572,118.07,25.708,76.504,5.638,151.318,38.332,113.247,300.771,7.706,52.714,37.151,108.181,0,60.219,52.038,0,19.337,68.835,140.589,91.731,0,110.739,38.379
D300254:bin_000031,0,0,0,0,0,0,0,0,0,0,0,0,0,0,0,0,0,0,0,0,0,0,0,0,0,0,0,0,0,0,0,0,0,0,0,0,0,0,0,0,0,0
D300255:bin_000002,0,0,0,0,0,0,0,0,0,0,0,0,0,0,0,0,0,0,0,0,0,0,0,0,0,0,0,0,0,0,0,0,0,0,0,0,0,0,0,0,0,11.021
D300255:bin_000023,22.744,20.623,0,20.316,28.127,1.968,2.761,11.275,0,60.118,18.719,9.193,45.528,12.44,0,9.489,0,0,32.302,24.324,7.963,102.094,3.51,40.908,15.696,32.447,69.846,2.948,19.552,9.202,24.856,3.435,12.6,15.443,0,7.973,10.685,41.549,21.075,0,30.549,25.502
D300256:bin_000008,5.751,3.724,0,6.32,11.201,0,0,2.609,0,21.327,6.035,4.659,5.349,0,0,2.329,0,0,6.325,4.426,5.764,0,0,15.068,3.78,0,15.757,0,24.834,1.712,1.518,0,6.308,7.032,0,3.69,0,8.626,6.174,0,6.632,10.175
D300256:bin_000021,9.994,8.42,0,7.803,17.462,0,0,9.213,0,41.425,7.453,4.162,15.956,4.144,1.463,6.906,0,0,21.391,10.911,25.255,3.444,0,28.474,11.093,4.673,37.264,0,19.738,7.498,3.778,0,23.079,17.967,0,5.969,0,15.793,13.026,0,16.123,15.218
D300256:bin_000037,176.858,19.412,0,563.005,0,0,4.178,0,0,50.073,0,0,97.103,0,0,0,0,0,0,96.404,8.028,0,0,0,0,0,0,0,90.166,0,37.396,0,0,35.102,0,0,0,99.623,1.429,0,50.823,0
D300257:bin_000004,8.713,12.759,0,2.946,8.443,1.401,0,17.385,0,12.6,5.707,32.586,62.892,0,0,0,0,0,21.364,22.707,6.393,8.67,0,6.965,3.913,7.07,63.114,0,2.727,7.424,3.522,0,10.186,4.405,0,0,4.486,4.947,28.723,0,4.352,3.963
D300257:bin_000017,11.885,26.792,0,16.277,9.88,4.241,0,19.802,0,35.66,19.514,4.245,20.775,1.852,0,1.928,0,0,22.479,9.48,3.897,35.553,0,28.519,23.804,3.375,18.182,1.547,24.871,1.642,14.994,0,9.846,7.741,0,0,24.806,34.868,77.107,0,24.655,19.584
D300257:bin_000026,9.932,9.787,0,6.457,10.282,0,0,3.992,0,19.679,4.284,1.987,8.567,1.705,0,4.887,0,0,12.76,4.811,3.933,2.132,0,13.969,4.72,1.85,28.413,0,4.1,2.374,2.995,0,6.343,7.56,0,2.096,0,8.452,7.454,0,9.299,4.314
D300257:bin_000038,12.595,43.645,0,11.955,7.671,2.053,0,10.239,0,37.746,5.102,9.054,14.843,2.192,0,1.643,0,0,21.405,11.488,8.108,16.582,0,10.371,7.175,3.111,19.351,0,22.481,4.295,8.054,0,6.4,6.987,0,2.738,9.858,63.179,40.184,0,12.119,12.732
D300258:bin_000001,0,0,0,0,0,0,0,0,0,0,0,0,0,0,0,0,0,0,0,0,0,0,0,0,0,0,0,0,0,0,0,0,0,0,0,0,0,0,0,0,0,0
D300258:bin_000003,4.484,7.649,0,4.208,13.215,0,0,10.14,0,18.527,2.919,0,8.03,3.049,0,3.6,0,0,11.373,2.562,10.614,0,0,11.029,2.037,1.65,10.709,2.144,5.208,1.98,3.058,0,9.936,2.555,0,2.226,0,6.195,3.572,0,7.959,4.944
D300258:bin_000012,0,1.78,0,0,5.888,0,0,0,0,9.393,0,0,2.81,0,0,0,0,0,6.254,1.636,2.034,0,0,2.441,0,0,7.695,0,5.19,0,1.43,0,2.964,1.87,0,0,0,2.566,0,0,4.194,6.364
D300258:bin_000053,0,0,0,0,0,0,0,0,0,0,0,0,0,0,0,0,0,0,0,0,0,0,0,0,0,0,0,0,0,0,0,0,0,0,0,0,0,0,0,0,0,0
D300259:bin_000025,3.766,6.305,0,1.927,9.434,0,0,6.51,0,16.596,3.565,2.121,10.279,3.259,0,2.074,0,0,15.257,4.547,2.628,2.21,0,13.627,5.066,1.712,17.668,0,23.604,1.813,4.26,0,5.171,8.205,0,1.941,3.762,9.462,4.499,0,8.739,3.359
D300260:bin_000003,0,0,0,0,0,0,0,0,0,0,0,0,0,0,0,0,0,0,0,0,0,0,0,0,0,0,0,0,0,0,0,0,0,0,0,0,0,0,0,0,0,0
D300261:bin_000003,2.595,3.128,0,2.768,5.13,0,0,3.034,0,11.719,0,0,3.665,0,0,0,0,0,5.728,3.699,0,1.751,0,5.042,2.881,0,7.57,0,0,3.646,3.302,0,2.063,2.076,0,1.703,0,3.242,2.558,0,2.277,2.671
D300262:bin_000009,0,0,0,0,0,0,0,0,0,0,0,0,0,0,0,0,0,0,0,0,0,0,0,0,0,0,0,0,0,0,0,0,0,0,0,0,0,0,0,0,0,0
D300262:bin_000011,11.608,6.197,0,7.211,13.919,0,0,5.013,0,17.199,3.486,3.573,10.678,4.058,0,3.757,0,0,12.579,6.556,1.976,3.654,0,11.113,5.432,5.515,20.204,0,5.524,3.356,7.348,0,3.906,5.941,0,2.11,2.145,11.359,6.605,0,7.88,4.118
D300262:bin_000022,3.474,2.974,0,0,0,0,0,2.462,0,3.614,0,2.192,6.796,0,0,0,0,0,4.394,4.295,0,0,0,1.597,0,0,5.104,0,0,0,2.712,0,0,2.087,0,0,0,2.053,3.047,0,0,0
D300262:bin_000032,0,0,0,0,0,0,0,0,0,2.451,0,0,0,0,0,0,0,0,0,0,0,0,0,0,0,0,0,0,0,0,0,0,0,0,0,0,0,0,0,0,0,0
D300263:bin_000027,0,0,0,0,0,0,0,0,0,0,0,0,0,0,0,0,0,0,0,0,0,0,0,0,0,0,0,0,0,0,0,0,0,0,0,0,0,0,0,0,0,0
D300264:bin_000001,0,0,0,0,0,0,0,0,0,0,0,0,0,0,0,0,0,0,0,0,0,0,0,0,0,0,0,0,0,0,0,0,0,0,0,0,0,0,0,0,0,0
D300264:bin_000003,3.225,2.858,0,0,5.569,0,0,2.222,0,6.416,0,0,2.789,1.653,0,1.551,0,0,6.317,4.459,1.854,0,0,5.886,2.039,2.068,5.878,0,1.859,0,1.767,0,3.012,2.397,0,0,2.016,4.643,2.7,0,1.8,0
D300264:bin_000004,18.162,5.784,0,13.022,14.387,7.547,2.228,4.617,0,37.119,7.294,3.978,11.4,15.369,0,16.765,0,0,11.574,4.269,9.145,523.211,0,24.853,5.721,12.475,35.817,3.065,6.024,2.163,13.493,0,4.722,12.301,0,0,4.123,31.254,3.946,0,15.084,6.365
D300264:bin_000007,0,0,0,0,0,0,0,0,0,0,0,0,0,0,0,0,0,0,0,0,0,0,0,0,0,0,0,0,0,0,0,0,0,0,0,0,0,0,0,0,0,0
D300264:bin_000013,0,0,0,0,0,0,0,0,0,0,0,0,0,0,0,0,0,0,0,0,0,0,0,0,0,0,0,0,0,0,0,0,0,0,0,0,0,0,0,0,0,0
D300264:bin_000017,0,0,0,0,0,0,0,0,0,0,0,0,0,0,0,0,0,0,0,0,0,0,0,0,0,0,0,0,0,0,0,0,0,0,0,0,0,0,0,0,0,0
D300264:bin_000018,0,0,0,0,0,0,0,0,0,0,0,0,0,0,0,0,0,0,0,0,0,0,0,0,0,0,0,0,0,0,0,0,0,0,0,0,0,0,0,0,0,0
D300264:bin_000019,0,0,0,0,0,0,0,0,0,0,0,0,0,0,0,0,0,0,0,0,0,0,0,0,0,0,0,0,0,0,0,0,0,0,0,0,0,0,0,0,0,0
D300264:bin_000020,0,0,0,0,0,0,0,0,0,0,0,0,0,0,0,0,0,0,0,0,0,0,0,0,0,0,0,0,0,0,0,0,0,0,0,0,0,0,0,0,0,0
D300264:bin_000021,0,0,0,0,0,0,0,0,0,0,0,0,0,0,0,0,0,0,0,0,0,0,0,0,0,0,0,0,0,0,0,0,0,0,0,0,0,0,0,0,0,0
D300264:bin_000022,5.161,0,0,0,4.937,0,0,2.612,0,9.054,2.224,1.68,3.566,2.26,0,2.228,0,0,5.524,4.553,1.788,2.706,0,5.576,2.271,2.767,10.643,0,3.45,0,4.636,0,4.107,0,0,0,1.643,4.369,5.18,0,3.188,2.449
D300264:bin_000023,0,0,0,0,1.978,0,0,0,0,5.477,0,0,2.311,0,0,0,0,0,1.693,0,0,1.871,0,0,0,0,3.992,0,0,0,1.928,0,0,0,0,0,0,2.66,1.624,0,0,0
D300264:bin_000028,23.434,12.289,0,1.609,1.865,0,0,0,0,9.935,0,0,2.872,0,0,0,0,0,2.222,9.011,0,0,0,0,0,0,7.284,0,2.715,0,25.15,0,0,10.94,0,0,0,23.723,0,0,18.247,0
D300264:bin_000033,2.165,3.048,0,0,0,0,0,3.148,0,5.186,0,0,3.685,0,0,0,0,0,6.083,2.03,0,3.203,0,2.603,0,1.791,7.28,0,4.373,0,2.697,0,2.274,2.218,0,0,2.83,3.08,5.228,0,2.137,0
D300264:bin_000035,0,0,0,0,0,0,0,0,0,0,0,0,0,0,0,0,0,0,0,0,0,0,0,0,0,0,0,0,0,0,0,0,0,0,0,0,0,0,0,0,0,0
D300264:bin_000036,0,0,0,0,0,0,0,0,0,0,0,0,0,0,0,0,0,0,0,0,0,0,0,0,0,0,0,0,0,0,0,0,0,0,0,0,0,0,0,0,0,0
D300264:bin_000043,0,0,0,0,0,0,0,0,0,0,0,0,0,0,0,0,0,0,0,0,0,0,0,0,0,0,3.202,0,0,0,0,0,0,0,0,0,0,0,0,0,0,0
D300265:bin_000012,0,0,0,0,1.517,0,0,0,0,1.951,0,0,2.847,0,0,0,0,0,0,0,1.616,0,0,2.859,0,0,3.39,0,2.049,0,0,0,1.96,0,0,0,0,0,0,0,0,0
D300265:bin_000013,4.666,8.959,0,5.631,19.626,0,0,12.107,0,52.651,5.312,3.798,8.221,4.653,0,5.024,0,0,20.321,7.373,9.744,2.95,0,22.45,7.787,0,36.252,0,12.283,6.288,7.705,0,8.519,7.534,0,3.068,2.972,17.452,6.585,0,8.646,16.723
JPB:bin_000001,0,0,0,0,0,0,0,0,0,0,0,0,0,0,0,0,0,0,0,0,0,0,0,0,0,0,0,0,0,0,0,0,0,0,0,0,0,0,0,0,0,0
JPB:bin_000003,0,0,0,0,0,0,0,0,0,0,0,0,0,0,0,0,0,0,0,0,0,0,0,0,0,0,1.881,0,0,0,0,0,0,0,0,0,0,1.892,0,0,0,0
JPB:bin_000004,0,0,0,0,0,0,0,0,0,0,0,0,0,0,0,0,0,0,0,0,0,0,0,0,0,0,0,0,0,0,2.201,0,0,0,0,0,0,0,0,0,0,0
JPB:bin_000005,0,0,0,0,0,0,0,0,0,0,0,0,0,0,0,0,0,0,0,0,0,0,0,0,0,0,0,0,0,0,0,0,0,0,0,0,0,0,0,0,0,0
JPB:bin_000007,0,0,0,0,0,0,0,0,0,0,0,0,0,0,0,0,0,0,0,0,0,0,0,0,0,0,0,0,0,0,0,0,0,0,0,0,0,0,0,0,0,0
JPB:bin_000009,0,0,0,0,0,0,0,0,0,0,0,0,0,0,0,0,0,0,0,0,0,0,0,0,0,0,0,0,0,0,0,0,0,0,0,0,0,0,0,0,0,0
JPB:bin_000010,0,0,0,0,0,0,0,0,0,2.176,0,0,0,0,0,0,0,0,0,0,0,0,0,0,0,0,2.386,0,0,0,0,0,0,0,0,0,0,2.074,0,0,0,0
JPB:bin_000012,0,0,0,0,1.408,0,0,0,0,1.957,0,0,0,0,0,0,0,0,0,0,0,0,0,0,0,0,2.501,0,0,0,0,0,0,0,0,0,0,1.589,0,0,0,0
JPB:bin_000014,0,0,0,0,0,0,0,0,0,0,0,0,0,0,0,0,0,0,0,0,0,0,0,0,0,0,0,0,0,0,0,0,0,0,0,0,0,0,0,0,0,0
JPB:bin_000015,0,0,0,0,0,0,0,0,0,0,0,0,0,0,0,0,0,0,0,0,0,0,0,0,0,0,0,0,0,0,0,0,0,0,0,0,0,0,0,0,0,0
JPB:bin_000017,0,0,0,0,0,0,0,0,0,0,0,0,0,0,0,0,0,0,0,0,0,0,0,0,0,0,0,0,0,0,0,0,0,0,0,0,0,0,0,0,0,0
JPB:bin_000018,0,0,0,0,0,0,0,0,0,0,0,0,0,0,0,0,0,0,0,0,0,0,0,0,0,0,0,0,0,0,0,0,0,0,0,0,0,0,0,0,0,0
JPB:bin_000019,0,0,0,0,0,0,0,0,0,0,0,0,0,0,0,0,0,0,0,0,0,0,0,0,0,0,0,0,0,0,0,0,0,0,0,0,0,0,0,0,0,0
JPB:bin_000020,0,0,0,0,0,0,0,0,0,0,0,0,0,0,0,0,0,0,0,0,0,0,0,0,0,0,0,0,0,0,0,0,0,0,0,0,0,0,0,0,0,0
JPB:bin_000021,0,0,0,0,0,0,0,0,0,0,0,0,0,0,0,0,0,0,0,0,0,0,0,0,0,0,0,0,0,0,0,0,0,0,0,0,0,0,0,0,0,0
JPB:bin_000022,3.68,2.93,0,0,7.348,0,0,2.209,0,7.257,0,1.403,4.684,2.488,0,2.972,0,0,6.202,0,2.16,1.516,0,6.3,3.168,0,7.957,0,3.543,1.39,3.202,0,2.948,3.772,0,0,0,7.312,1.972,0,3.049,2.679
JPB:bin_000023,0,0,0,0,0,0,0,0,0,0,0,0,0,0,0,0,0,0,0,0,0,0,0,0,0,0,0,0,0,0,0,0,0,0,0,0,0,0,0,0,0,0
JPB:bin_000024,0,0,0,0,0,0,0,0,0,0,0,0,0,0,0,0,0,0,0,0,0,0,0,0,0,0,0,0,0,0,0,0,0,0,0,0,0,0,0,0,0,0
JPB:bin_000025,3.628,2.053,0,12.914,4.954,0,9.96,48.336,0,40.582,15.337,0,8.565,31.915,0,66.026,0,0,3.712,3.331,0,7.536,0,38.786,2.266,7.055,83.444,0,2.13,0,226.941,0,0,0,0,0,2.106,45.761,8.514,0,11.166,2.48
JPB:bin_000026,10.029,2.453,0,3.161,4.265,0,0,1.649,0,7.269,2.357,0,3.04,0,0,1.68,0,0,5.309,2.63,2.827,0,0,5.63,4.34,0,9.529,0,2.605,2.125,0,0,3.33,3.597,0,2.521,0,5.327,6.548,0,5.575,3.301
JPB:bin_000027,0,2.157,0,0,0,0,0,0,0,0,0,1.452,1.424,0,0,0,0,0,1.652,0,0,0,0,1.686,0,0,0,0,0,0,1.588,0,0,0,0,0,0,0,1.588,0,0,1.988
JPB:bin_000028,0,0,0,0,0,0,0,0,0,0,0,0,0,0,0,0,0,0,0,0,0,0,0,0,0,0,0,0,0,0,0,0,0,0,0,0,0,0,0,0,0,0
JPB:bin_000029,0,0,0,0,2.832,0,0,0,0,2.888,0,4.159,0,0,0,0,0,0,2.687,4.903,1.473,0,0,0,0,0,3.54,0,0,0,0,0,1.829,0,0,0,0,1.896,4.688,0,1.568,0
JPB:bin_000030,0,0,0,0,0,0,0,0,0,0,0,0,0,0,0,0,0,0,0,0,0,0,0,0,0,0,0,0,0,0,0,0,0,0,0,0,0,0,0,0,0,0
JPB:bin_000032,1.911,1.557,0,2.349,2.312,0,0,0,0,3.909,2.293,0,1.978,0,0,0,0,0,2.798,2.239,2.03,0,0,3.254,0,0,5.119,0,2.646,0,0,0,2.116,1.865,0,0,0,1.43,1.604,0,1.533,0
JPB:bin_000033,0,0,0,0,0,0,0,0,0,0,0,0,0,0,0,0,0,0,0,0,0,0,0,0,0,0,0,0,0,0,0,0,0,0,0,0,0,0,0,0,0,0
JPB:bin_000034,0,0,0,0,0,0,0,0,0,0,0,0,0,0,0,0,0,0,0,0,0,0,0,0,0,0,0,0,0,0,0,0,0,0,0,0,0,0,0,0,0,0
JPB:bin_000035,0,0,0,1.629,0,0,0,0,0,0,0,0,0,0,0,0,0,0,0,0,0,0,0,0,0,0,0,0,3.892,0,0,0,0,0,0,0,0,0,0,0,0,0
JPB:bin_000036,0,0,0,0,0,0,0,0,0,0,0,0,0,0,0,0,0,0,0,0,0,0,0,0,0,0,0,0,0,0,0,0,0,0,0,0,0,0,0,0,0,0
JPB:bin_000037,0,2.142,0,0,2.401,0,0,3.206,0,7.687,0,0,2.001,0,0,0,0,0,5.357,3.283,1.989,0,0,4.939,0,0,6.216,0,2.243,0,0,0,2.094,0,0,0,0,3.262,3.27,0,0,2.935
JPB:bin_000039,0,0,0,1.397,0,0,0,0,0,1.501,0,0,0,1.287,0,1.065,0,0,0,0,0,2.594,0,2.673,0,0,0,0,0,0,0,0,0,0,0,0,0,2.354,0,0,0,1.918
JPB:bin_000040,0,0,0,0,0,0,0,0,0,0,0,0,0,0,0,0,0,0,0,0,0,0,0,0,0,0,0,0,0,0,0,0,0,0,0,0,0,0,0,0,0,0
JPB:bin_000042,0,0,0,0,0,0,0,0,0,0,0,0,0,0,0,0,0,0,0,0,0,0,0,0,0,0,0,0,0,0,0,0,0,0,0,0,0,0,0,0,0,0
JPB:bin_000043,0,0,0,0,0,0,0,0,0,0,0,0,0,0,0,0,0,0,0,0,0,0,0,0,0,0,0,0,0,0,0,0,0,0,0,0,0,0,0,0,0,0
JPB:bin_000045,19.755,39.692,2.27,29.046,56.872,1.918,2.65,14.09,0,150.227,56.178,9.201,56.739,4.318,2.724,27.432,1.937,0,55.061,36.265,27.028,5.55,3.912,83.345,50.078,6.087,108.071,4.107,38.939,11.445,18.546,0,81.435,69.921,6.529,10.677,4.48,55.048,19.775,0,117.143,53.402
JPB:bin_000046,0,0,0,0,1.387,0,0,0,0,1.997,0,0,0,0,0,0,0,0,2.076,0,0,0,0,0,0,0,2.036,0,0,0,0,0,0,0,0,0,0,0,0,0,0,0
JPB:bin_000047,0,0,0,0,0,0,0,0,0,0,0,0,0,0,0,0,0,0,0,0,0,0,0,0,0,0,0,0,0,0,0,0,0,0,0,0,0,0,0,0,0,0
JPB:bin_000048,0,0,0,0,0,0,0,0,0,0,0,0,0,0,0,0,0,0,0,0,0,0,0,0,0,0,0,0,0,0,0,0,0,0,0,0,0,0,0,0,0,0
JPB:bin_000050,0,0,0,0,0,0,0,0,0,0,0,0,0,0,0,0,0,0,0,0,0,0,0,0,0,0,0,0,0,0,0,0,0,0,0,0,0,0,0,0,0,0
JPB:bin_000051,0,0,0,0,2.066,0,0,0,0,2.435,1.423,0,0,0,0,0,0,0,2.811,1.577,2.713,0,0,2.011,0,0,2.824,0,0,0,0,0,2.063,1.815,0,0,0,1.819,0,0,0,0
JPB:bin_000052,0,0,0,0,0,0,0,0,0,0,0,0,0,0,0,0,0,0,0,0,0,0,0,0,0,0,0,0,0,0,0,0,0,0,0,0,0,0,0,0,0,0
JPB:bin_000053,0,0,0,0,0,0,0,0,0,0,0,0,0,0,0,0,0,0,0,0,0,0,0,0,0,0,0,0,0,0,0,0,0,0,0,0,0,0,0,0,0,0
JPB:bin_000054,0,0,0,0,0,0,0,0,0,0,0,0,0,0,0,0,0,0,0,0,0,0,0,0,0,0,0,0,0,0,0,0,0,0,0,0,0,0,0,0,0,0
JPB:bin_000056,0,0,0,0,0,0,0,0,0,0,0,0,0,0,0,0,0,0,0,0,0,0,0,0,0,0,0,0,0,0,0,0,0,0,0,0,0,0,0,0,0,0
JPB:bin_000057,0,0,0,0,0,0,0,0,0,0,0,0,0,0,0,0,0,0,0,0,0,0,0,0,0,0,0,0,0,0,0,0,0,0,0,0,0,0,0,0,0,0
JPB:bin_000059,5.282,5.133,0,2.965,8.258,0,0,2.734,0,14,4.137,4.07,6.689,2.379,0,4.284,0,0,9.191,9.031,1.679,4.486,0,7.798,4.508,5.342,19.74,0,3.163,3.06,6.213,0,4.313,4.204,0,0,2.136,8.065,7.606,0,5.589,4.868
JPB:bin_000060,0,2.19,0,0,2.628,0,0,0,0,5.93,0,0,0,0,0,0,0,0,0,0,0,0,0,2.66,0,0,3.681,0,0,0,2.276,0,0,0,0,0,0,0,2.252,0,2.251,0
JPB:bin_000061,0,0,0,0,0,0,0,1.489,0,1.509,0,0,0,0,0,0,0,0,1.533,0,0,0,0,0,0,0,0,0,0,0,0,0,0,0,0,0,0,0,0,0,0,0
JPB:bin_000062,0,0,0,0,0,0,0,0,0,0,0,0,0,0,0,0,0,0,0,0,0,0,0,0,0,0,0,0,0,0,0,0,0,0,0,0,0,0,0,0,0,0
JPB:bin_000063,0,4.179,0,4.993,9.621,0,0,10.165,0,7.704,2.537,2.045,7.98,1.525,2.114,4.446,0,0,7.211,2.742,6.16,0,0,10,2.882,1.955,8.853,0,3.551,2.134,2.579,0,6.028,2.656,0,4.072,0,3.511,4.636,0,4.701,2.596
JPB:bin_000064,0,0,0,0,0,0,0,0,0,0,0,0,0,0,0,0,0,0,0,0,0,0,0,0,0,0,0,0,0,0,0,0,0,0,0,0,0,0,0,0,0,0
JPB:bin_000065,0,0,0,0,0,0,0,0,0,0,0,0,0,0,0,0,0,0,0,0,0,0,0,0,0,0,0,0,0,0,0,0,0,0,0,0,0,0,0,0,0,0
JPB:bin_000066,0,0,0,0,0,0,0,0,0,0,0,0,0,0,0,0,0,0,0,0,0,0,0,0,0,0,0,0,0,0,0,0,0,0,0,0,0,0,0,0,0,0
JPB:bin_000067,0,0,0,0,0,0,0,0,0,0,0,0,0,0,0,0,0,0,0,0,0,0,0,0,0,0,0,0,0,0,0,0,0,0,0,0,0,0,0,0,0,0
JPB:bin_000068,0,0,0,0,0,0,0,0,0,0,0,0,0,0,0,0,0,0,0,0,0,0,0,0,0,0,0,0,0,0,0,0,0,0,0,0,0,0,0,0,0,0
JPB:bin_000069,0,0,0,0,1.69,0,0,0,0,2.326,0,0,0,0,0,0,0,0,1.436,0,0,0,0,0,0,0,1.556,0,0,0,0,0,1.735,0,0,0,0,0,0,0,2.519,3.019
JPB:bin_000070,0,0,0,0,0,0,0,0,0,0,0,0,0,0,0,0,0,0,0,0,0,0,0,0,0,0,0,0,0,0,0,0,0,0,0,0,0,0,0,0,0,0
JPB:bin_000071,0,0,0,0,0,0,0,0,0,0,0,0,0,0,0,0,0,0,0,0,0,0,0,0,0,0,0,0,0,0,0,0,0,0,0,0,0,0,0,0,0,0
JPB:bin_000073,0,0,0,0,0,0,0,0,0,0,0,0,0,0,0,0,0,0,0,0,0,0,0,0,0,0,0,0,0,0,0,0,0,0,0,0,0,0,0,0,0,0
JPB:bin_000074,0,0,0,0,0,0,0,0,0,0,0,0,0,0,0,0,0,0,0,0,0,0,0,0,0,0,0,0,0,0,0,0,0,0,0,0,0,0,0,0,0,0
JPB:bin_000075,0,2.249,0,1.601,0,0,0,0,0,3.298,0,0,0,0,0,0,0,0,0,0,0,0,0,3.55,0,0,4.482,0,0,0,0,0,1.956,0,0,0,0,0,0,0,0,0
JPB:bin_000076,0,0,0,0,0,0,0,0,0,0,0,0,0,0,0,0,0,0,0,0,0,0,0,0,0,0,0,0,0,0,0,0,0,0,0,0,0,0,0,0,0,0
JPB:bin_000077,0,1.971,0,0,0,0,0,0,0,3.856,0,0,0,0,0,0,0,0,0,0,0,0,0,0,0,0,9.571,0,0,0,0,0,0,1.932,0,0,0,0,0,0,0,0
JPB:bin_000078,0,1.634,0,0,1.497,0,0,0,0,2.839,0,0,0,0,0,0,0,0,0,0,0,0,0,2.52,0,0,3.659,0,0,0,0,0,2.488,0,0,0,0,1.797,1.535,0,1.679,0
JPB:bin_000079,0,0,0,0,0,0,0,0,0,0,0,0,0,0,0,0,0,0,0,0,0,0,0,0,0,0,0,0,0,0,0,0,0,0,0,0,0,0,0,0,0,0
JPB:bin_000080,0,0,0,0,0,0,0,0,0,0,0,0,0,0,0,0,0,0,0,0,0,0,0,0,0,0,0,0,0,0,0,0,0,0,0,0,0,0,0,0,0,0
JPB:bin_000081,0,7.396,0,2.082,8.064,0,0,10.27,0,40.715,12.458,8.54,6.148,5.376,1.8,5.507,0,0,23.356,0,8.446,3.005,0,18.289,6.326,0,20.053,0,1.893,2.658,1.544,0,2.063,10.463,0,3.502,0,4.87,10.068,0,8.951,10.084
JPB:bin_000082,0,0,0,0,0,0,0,0,0,0,0,0,0,0,0,0,0,0,0,0,0,0,0,0,0,0,0,0,0,0,0,0,0,0,0,0,0,0,0,0,0,0
JPB:bin_000083,0,0,0,0,0,0,0,0,0,0,0,0,0,0,0,0,0,0,0,0,0,0,0,0,0,0,0,0,0,0,0,0,0,0,0,0,0,0,0,0,0,0
JPB:bin_000084,0,0,0,0,0,0,0,0,0,0,0,0,0,0,0,0,0,0,0,0,0,0,0,0,0,0,0,0,0,0,0,0,0,0,0,0,0,0,0,0,0,0
JPB:bin_000085,0,0,0,0,0,0,0,0,0,0,0,0,0,0,0,0,0,0,0,0,0,0,0,0,0,0,0,0,0,0,0,0,0,0,0,0,0,0,0,0,0,0
JPB:bin_000086,0,0,0,0,0,0,0,0,0,0,0,0,0,0,0,0,0,0,0,0,0,0,0,0,0,0,0,0,0,0,1.783,0,0,0,0,0,0,0,0,0,0,0
JPB:bin_000087,1.567,0,0,1.76,0,0,0,2.997,0,1.976,1.948,0,0,0,0,0,0,0,4.118,8.246,0,0,0,2.527,0,0,7.133,0,2.967,1.637,0,0,0,1.649,0,0,0,0,0,0,0,0
JPB:bin_000088,0,0,0,0,0,0,0,0,0,0,0,0,0,0,0,0,0,0,0,0,0,0,0,0,0,0,0,0,0,0,0,0,0,0,0,0,0,0,0,0,0,0
JPB:bin_000089,0,0,0,0,0,0,0,0,0,0,0,0,0,0,0,0,0,0,0,0,0,0,0,0,0,0,0,0,0,0,0,0,0,0,0,0,0,0,0,0,0,0
JPB:bin_000090,0,0,0,0,0,0,0,0,0,0,0,0,0,0,0,0,0,0,0,0,0,0,0,0,0,0,0,0,0,0,0,0,0,0,0,0,0,0,0,0,0,0
JPB:bin_000091,0,0,0,0,0,0,0,0,0,0,0,0,0,0,0,0,0,0,0,0,0,0,0,0,0,0,0,0,0,0,0,0,0,0,0,0,0,0,0,0,0,0
JPB:bin_000092,0,0,0,0,0,0,0,0,0,0,0,0,0,0,0,0,0,0,0,0,0,0,0,0,0,0,0,0,0,0,0,0,0,0,0,0,0,0,0,0,0,0
JPB:bin_000093,0,0,0,0,0,0,0,0,0,0,0,0,0,0,0,0,0,0,0,0,0,0,0,0,0,0,0,0,0,0,0,0,0,0,0,0,0,0,0,0,0,0
JPB:bin_000094,0,0,0,0,0,0,0,0,0,0,0,0,0,0,0,0,0,0,0,0,0,0,0,0,0,0,0,0,0,0,0,0,0,0,0,0,0,0,0,0,0,0
JPB:bin_000095,0,0,0,0,0,0,0,0,0,0,0,0,0,0,0,0,0,0,0,0,0,0,0,0,0,0,0,0,0,0,0,0,0,0,0,0,0,0,0,0,0,0
JPB:bin_000096,0,0,0,0,0,0,0,0,0,0,0,0,0,0,0,0,0,0,0,0,0,0,0,0,0,0,0,0,0,0,0,0,0,0,0,0,0,0,0,0,0,0
JPB:bin_000098,0,0,0,0,0,0,0,0,0,0,0,0,0,0,0,0,0,0,0,0,0,0,0,0,0,0,0,0,0,0,0,0,0,0,0,0,0,0,0,0,0,0
JPB:bin_000099,2.493,1.685,0,5.196,4.395,0,0,2.745,0,7.811,0,0,5.49,0,0,0,0,0,6.4,1.929,0,4.201,0,2.879,0,0,5.894,0,10.37,0,0,0,0,0,0,0,0,0,2.604,0,0,2.193
JPB:bin_000100,0,0,0,0,0,0,0,0,0,0,0,0,0,0,0,0,0,0,0,0,0,0,0,0,0,0,0,0,0,0,0,0,0,0,0,0,0,0,0,0,0,0
JPB:bin_000101,0,0,0,0,0,0,0,0,0,0,0,0,0,0,0,0,0,0,0,0,0,0,0,0,0,0,0,0,0,0,0,0,0,0,0,0,0,0,0,0,0,0
JPB:bin_000103,0,0,0,0,0,0,0,0,0,0,0,0,0,0,0,0,0,0,0,0,0,0,0,0,0,0,0,0,0,0,0,0,0,0,0,0,0,0,0,0,0,0
JPB:bin_000105,0,0,0,0,0,0,0,0,0,0,0,0,0,0,0,0,0,0,0,0,0,0,0,0,0,0,0,0,0,0,0,0,0,0,0,0,0,0,0,0,0,0
JPB:bin_000106,0,0,0,0,1.545,0,0,0,0,2.602,0,1.963,15.921,0,0,0,0,0,2.488,1.996,0,1.925,0,1.838,0,0,4.013,0,0,2.499,0,0,0,0,0,0,0,2.042,2.059,0,1.722,0
JPB:bin_000107,0,0,0,0,0,0,0,0,0,0,0,0,0,0,0,0,0,0,0,0,0,0,0,0,0,0,0,0,0,0,0,0,0,0,0,0,0,0,0,0,0,0
JPB:bin_000108,0,0,0,0,0,0,0,0,0,2.06,0,0,0,0,0,0,0,0,0,0,1.285,0,0,0,0,0,0,0,0,0,0,0,0,0,0,0,0,0,0,0,0,0
JPB:bin_000109,0,4.866,0,3.304,7.335,0,0,3.609,0,11.144,0,1.488,4.551,0,0,1.145,0,0,9.059,1.919,2.428,0,0,4.543,1.544,0,10.763,0,5.192,1.6,0,0,4.788,4.057,0,0,0,9.633,3.336,0,3.24,2.602
JPB:bin_000110,0,0,0,0,0,0,0,0,0,0,0,0,0,0,0,0,0,0,0,0,0,0,0,0,0,0,0,0,0,0,0,0,0,0,0,0,0,0,0,0,0,0
JPB:bin_000111,1.68,0,0,6.31,2.617,0,0,0,0,2.182,0,0,0,0,0,1.641,0,0,1.655,0,0,0,0,0,1.727,0,4.873,0,14.149,0,1.514,0,0,2.62,0,0,0,0,0,0,0,1.854
JPB:bin_000112,0,0,0,0,0,0,0,0,0,0,0,0,0,0,0,0,0,0,0,0,0,0,0,0,0,0,0,0,0,0,0,0,0,0,0,0,0,0,0,0,0,0
JPB:bin_000113,0,0,0,0,0,0,0,0,0,0,0,0,0,0,0,0,0,0,0,0,0,0,0,0,0,0,0,0,0,0,0,0,0,0,0,0,0,0,0,0,0,0
JPB:bin_000114,10.583,16.68,0,5.908,18.301,0,0,9.669,0,39.677,3.851,3.58,11.334,3.97,0,6.045,0,0,23.523,13.674,5.027,4.122,0,27.403,14.186,5.929,41.755,0,11.059,6.104,8.889,2.101,13.05,13.582,1.575,4.884,4.112,18.789,8.9,0,11.187,13.425
JPB:bin_000115,0,0,0,0,0,0,0,0,0,0,0,0,0,0,0,0,0,0,0,0,0,0,0,0,0,0,0,0,0,0,0,0,0,0,0,0,0,0,0,0,0,0
JPB:bin_000116,0,0,0,0,1.901,0,0,0,0,0,0,0,0,1.724,0,0,0,0,0,0,0,0,0,0,0,0,0,0,2.428,0,0,0,0,0,0,0,0,2.218,0,0,0,0
JPB:bin_000117,0,3.165,0,0,0,0,0,0,0,3.558,0,0,0,0,0,0,0,0,0,0,0,0,0,0,0,0,0,0,0,0,0,0,0,0,0,0,0,0,0,0,0,0
JPB:bin_000118,0,15.12,0,0,0,0,0,0,0,0,0,4.369,0,0,0,0,0,0,1.722,1.525,0,0,0,0,0,0,10.28,0,0,0,0,0,0,0,0,0,0,0,0,0,0,0
JPB:bin_000119,0,0,0,0,0,0,0,0,0,0,0,0,0,0,0,0,0,0,0,0,0,0,0,0,0,0,0,0,0,0,0,0,0,0,0,0,0,0,0,0,0,0
JPB:bin_000120,0,0,0,0,0,0,0,0,0,0,0,0,0,0,0,0,0,0,0,0,0,0,0,0,0,0,0,0,0,0,0,0,0,0,0,0,0,0,0,0,0,0
JPB:bin_000121,0,0,0,0,0,0,0,0,0,0,0,0,0,0,0,0,0,0,1.988,0,0,0,0,0,0,0,0,0,2.769,0,0,0,0,0,0,0,0,0,0,0,0,6.901
JPB:bin_000122,0,0,0,0,0,0,0,0,0,1.981,0,0,0,0,0,0,0,0,0,0,0,0,0,0,0,0,1.97,0,0,0,0,0,0,0,0,0,0,0,0,0,0,0
JPB:bin_000123,0,0,0,0,0,0,0,0,0,0,0,0,0,0,0,0,0,0,0,0,0,0,0,0,0,0,0,0,0,0,0,0,0,0,0,0,0,0,0,0,0,0
JPB:bin_000124,0,0,0,0,0,0,0,0,0,0,0,0,0,0,0,0,0,0,0,0,0,0,0,0,0,0,0,0,0,0,0,0,0,0,0,0,0,0,0,0,0,0
JPB:bin_000125,0,0,0,0,0,0,0,0,0,2.303,0,0,0,0,0,0,0,0,0,0,0,0,0,1.806,0,0,0,0,0,0,0,0,0,0,0,0,0,0,0,0,0,0
JPB:bin_000126,0,0,0,0,0,0,0,0,0,0,0,0,0,0,0,0,0,0,0,0,0,0,0,0,0,0,0,0,0,0,0,0,0,0,0,0,0,0,0,0,0,0
JPB:bin_000127,0,0,0,0,4.008,0,0,0,0,5.619,0,0,0,0,0,0,0,0,3.005,0,0,0,0,3.237,1.886,0,3.994,0,1.9,0,0,0,0,2.569,0,0,0,2.362,0,0,0,0
JPB:bin_000128,0,0,0,0,0,0,0,0,0,0,0,0,0,0,0,0,0,0,0,0,0,0,0,0,0,0,0,0,0,0,0,0,0,0,0,0,0,0,0,0,0,0
JPB:bin_000130,0,0,0,0,0,0,0,0,0,0,0,0,0,0,0,0,0,0,0,0,0,0,0,0,0,0,0,0,0,0,0,0,0,0,0,0,0,0,0,0,0,0
JPB:bin_000132,0,0,0,0,0,0,0,0,0,0,0,0,0,0,0,0,0,0,0,0,0,0,0,0,0,0,0,0,0,0,0,0,0,1.883,0,0,0,0,0,0,0,0
JPB:bin_000133,0,0,0,0,0,0,0,0,0,0,0,0,0,0,0,0,0,0,0,0,0,0,0,0,0,0,0,0,0,0,0,0,0,0,0,0,0,0,0,0,0,0
JPB:bin_000134,0,0,0,0,0,0,0,0,0,0,0,0,0,0,0,0,0,0,0,0,0,0,0,0,0,0,0,0,0,0,0,0,0,0,0,0,0,0,0,0,0,0
JPB:bin_000135,2.144,0,0,0,3.731,0,0,0,0,5.729,1.898,0,0,0,0,0,0,0,0,2.092,0,0,0,2.445,0,0,4.496,0,0,0,0,0,0,0,0,0,0,2.724,0,0,0,0
JPB:bin_000137,0,0,0,0,0,0,0,0,0,0,0,0,0,0,0,0,0,0,0,0,0,0,0,0,0,0,0,0,0,0,0,0,0,0,0,0,0,0,0,0,0,0
JPB:bin_000138,0,0,0,0,0,0,0,0,0,0,0,0,0,0,0,0,0,0,0,0,0,0,0,0,0,0,0,0,0,0,0,0,0,0,0,0,0,0,0,0,0,0
JPB:bin_000139,14.253,13.075,0,8.769,25.607,0,0,10.692,0,44.326,7.247,5.951,13.597,16.273,0,8.71,0,0,20.175,14.06,5.171,6.29,1.524,36.599,11.525,6.084,44.408,0,11.235,5.902,19.351,0,11.584,10.204,0,3.458,3.436,36.688,15.952,0,12.555,11.313
JPB:bin_000140,0,0,0,0,0,0,0,0,0,0,0,0,0,0,0,0,0,0,0,0,0,0,0,0,0,0,0,0,0,0,0,0,0,0,0,0,0,0,0,0,0,0
JPB:bin_000142,0,0,0,0,0,0,0,0,0,0,0,0,0,0,0,0,0,0,0,0,0,0,0,0,0,0,0,0,0,0,0,0,0,0,0,0,0,0,0,0,0,0
JPB:bin_000144,0,0,0,0,0,0,0,0,0,0,0,0,0,0,0,1.914,0,0,2.934,0,0,0,0,0,0,0,4.68,0,0,0,0,0,0,0,0,0,0,0,0,0,0,0
JPB:bin_000146,29.102,31.417,0,12.59,50.86,0,2.521,19.494,0,58.462,20.422,19.362,26.369,11.656,0,9.891,0,0,43.837,20.956,21.293,14.463,1.48,28.528,15.708,9.412,57.922,2.801,15.952,9.233,17.546,3.494,31.944,11.093,1.947,9.405,2.586,28.83,26.991,0,33.505,21.073
JPB:bin_000147,0,0,0,0,0,0,0,0,0,0,0,0,0,0,0,0,0,0,0,0,0,0,0,0,0,0,0,0,0,0,0,0,0,0,0,0,0,0,0,0,0,0
JPB:bin_000148,6.221,4.581,0,3.613,7.046,0,0,1.93,0,4.855,0,0,2.266,0,0,0,0,0,5.179,2.847,0,2.08,0,4.107,1.992,0,8.234,0,6.374,0,3.24,0,1.985,3.41,0,0,0,4.411,1.689,0,2.641,2.6
JPB:bin_000149,0,0,0,0,0,0,0,0,0,0,0,0,0,0,0,0,0,0,0,0,0,0,0,0,0,0,0,0,0,0,0,0,0,0,0,0,0,0,0,0,0,0
JPB:bin_000150,4.192,3.704,0,2.471,7.566,0,0,2.757,0,12.498,1.844,1.651,3.826,4.007,0,2.433,0,0,5.611,3.686,0,0,0,10.932,2.931,1.71,12.66,0,2.997,1.949,4.941,0,3.095,2.817,0,0,0,9.312,4.005,0,3.213,3.213
JPB:bin_000151,0,0,0,0,0,0,0,0,0,0,0,0,0,0,0,0,0,0,0,0,0,0,0,0,0,0,0,0,0,0,0,0,0,0,0,0,0,0,0,0,0,0
JPB:bin_000152,0,0,0,0,0,0,0,0,0,0,0,0,0,0,0,0,0,0,0,0,0,0,0,0,0,0,0,0,0,0,0,0,0,0,0,0,0,0,0,0,0,0
JPB:bin_000153,0,0,0,0,0,0,0,0,0,0,0,0,0,0,0,0,0,0,0,0,0,0,0,0,0,0,0,0,0,0,0,0,0,0,0,0,0,2.564,0,0,0,0
JPB:bin_000155,0,0,0,0,0,0,0,0,0,0,0,0,0,0,0,0,0,0,0,0,0,0,0,0,0,0,0,0,0,0,0,0,0,0,0,0,0,0,0,0,0,0
JPB:bin_000156,6.717,3.754,0,3.402,6.117,0,0,6.173,0,10.899,2.988,3.517,15.66,1.614,0,0,0,0,19.572,8.423,1.889,4.939,0,6.34,2.601,2.838,10.762,0,2.593,5.175,3.984,0,2.242,3.809,0,0,6.542,8.917,14.771,0,5.408,2.904
JPB:bin_000157,0,0,0,0,0,0,0,0,0,0,0,0,0,0,0,0,0,0,0,0,0,0,0,0,0,0,0,0,0,0,0,0,0,0,0,0,0,0,0,0,0,0
JPB:bin_000159,0,0,0,0,0,0,0,0,0,0,0,0,0,0,0,0,0,0,0,0,0,0,0,0,0,0,0,0,0,0,0,0,0,0,0,0,0,0,0,0,0,0
JPB:bin_000160,2.449,8.078,0,21.159,2.917,0,0,1.951,0,12.254,0,0,1.561,0,0,0,0,0,8.541,10.335,0,5.697,0,5.474,4.924,1.49,4.899,0,2.033,1.984,0,0,0,0,0,0,9.383,7.683,3.771,0,2.574,0
JPB:bin_000162,0,0,0,0,0,0,0,0,0,0,0,0,0,0,0,0,0,0,0,0,0,0,0,0,0,0,0,0,0,0,0,0,0,0,0,0,0,0,0,0,0,0
JPB:bin_000163,22.43,34.145,0,13.851,25.125,7.257,0,47.984,0,56.271,9.124,79.942,108.453,4.644,0,1.172,0,3.101,64.023,72.187,18.802,34.497,1.558,18.829,7.223,23.394,278.084,2.291,9.806,28.418,13.648,0,23.722,19.606,0,0,12.224,20.51,91.864,0,19.771,10.845
JPB:bin_000164,0,0,0,0,0,0,0,0,0,0,0,0,0,0,0,0,0,0,0,0,0,0,0,0,0,0,0,0,0,0,0,0,0,0,0,0,0,0,0,0,0,0
JPB:bin_000165,0,0,0,0,0,0,0,0,0,0,0,0,0,0,0,0,0,0,0,0,0,0,0,0,0,0,0,0,0,0,0,0,0,0,0,0,0,0,0,0,0,0
JPB:bin_000166,23.914,17.891,0,10.972,16.733,4.072,0,11.019,0,27.723,16.425,7.362,197.547,3.06,0,2.247,0,0,29.043,9.891,7.316,18.794,1.939,17.251,10.369,8.912,22.848,0,10.377,10.374,8.819,0,6.829,9.609,0,0,9.748,17.333,12.127,0,15.684,16.596
JPB:bin_000167,0,0,0,0,0,0,0,0,0,0,0,0,0,0,0,0,0,0,0,0,0,0,0,0,0,0,0,0,0,0,0,0,0,0,0,0,0,0,0,0,0,0
JPB:bin_000169,0,0,0,0,0,0,0,0,0,0,0,0,0,0,0,0,0,0,0,0,0,0,0,0,0,0,0,0,0,0,0,0,0,0,0,0,0,0,0,0,0,0
JPB:bin_000170,0,0,0,0,0,0,0,0,0,0,0,0,0,0,0,0,0,0,0,0,0,0,0,0,0,0,0,0,0,0,0,0,0,0,0,0,0,0,0,0,0,0
JPB:bin_000171,0,0,0,0,0,0,0,2.285,0,0,0,2.414,2.481,0,0,0,0,0,2.924,2.912,0,0,0,0,0,0,5.307,0,0,0,0,0,0,0,0,0,0,0,2.909,0,0,0
JPB:bin_000172,8.548,2.714,0,7.711,7.658,1.882,4.089,3.022,0,30.145,5.905,3.857,8.559,14.537,0,18.223,0,0,7.984,2.44,2.505,117.717,0,10.836,1.671,6.831,35.685,2.012,4.432,0,27.63,0,0,3.451,0,0,5.393,23.321,6.022,0,8.639,3.3
JPB:bin_000173,3.284,4.628,0,6.265,11.248,0,0,3.18,0,16.074,2.309,1.684,8.34,3.486,0,5.483,0,0,5.659,3.998,4.371,2.652,0,9.935,0,0,10.627,0,6.966,1.965,3.698,0,2.378,8.255,0,0,0,5.596,3.239,0,7.019,8.31
JPB:bin_000174,0,0,0,0,0,0,0,0,0,0,0,0,0,0,0,0,0,0,0,0,0,0,0,0,0,0,0,0,0,0,0,0,0,0,0,0,0,0,0,0,0,0
JPB:bin_000175,0,0,0,0,0,0,0,0,0,0,0,0,0,0,0,0,0,0,0,0,0,0,0,0,0,0,0,0,0,0,0,0,0,0,0,0,0,0,0,0,0,0
JPB:bin_000176,7.105,6.396,0,4.274,12.833,0,0,4.491,0,22.169,3.361,2.86,6.263,6.332,0,4.352,0,0,9.487,6.353,1.92,2.563,0,18.414,4.957,2.752,21.672,0,4.693,3.265,8.008,0,5.238,4.607,0,1.774,0,15.598,6.446,0,5.124,5.457
JPB:bin_000177,0,0,0,0,0,0,0,0,0,0,0,0,0,0,0,0,0,0,0,0,0,0,0,0,0,0,0,0,0,0,0,0,0,0,0,0,0,0,0,0,0,0
JPB:bin_000178,4.998,5.143,0,0,8.751,0,0,2.31,0,15.216,4.044,5.214,11.742,0,0,1.298,0,0,5.221,4.223,8.481,4.785,0,9.911,2.007,0,15.257,0,3.928,2.012,1.764,0,4.487,5.005,0,0,0,3.742,5.804,0,5.02,6.843
JPB:bin_000180,0,0,0,0,0,0,0,0,0,0,0,0,0,0,0,0,0,0,0,0,0,0,0,0,0,0,0,0,0,0,0,0,0,0,0,0,0,0,0,0,0,0
JPB:bin_000184,12.568,13.281,0,5.641,16.146,0,0,5.054,0,19.379,8.59,8.516,10.734,2.021,0,3.202,0,0,14.755,9.177,3.646,7.636,0,14.449,8.159,2.644,23.285,0,7.55,2.775,7.865,0,3.687,6.735,0,0,0,13.957,6.226,0,8.055,4.264
JPB:bin_000185,0,0,0,0,0,0,0,0,0,0,0,0,0,0,0,0,0,0,0,0,0,0,0,0,0,0,0,0,0,0,0,0,0,0,0,0,0,0,0,0,0,0
JPB:bin_000186,0,0,0,0,0,0,0,0,0,0,0,0,0,0,0,0,0,0,0,0,0,0,0,0,0,0,0,0,0,0,0,0,0,0,0,0,0,0,0,0,0,0
JPB:bin_000187,0,0,0,0,0,0,0,0,0,0,0,0,0,0,0,0,0,0,0,0,0,0,0,0,0,0,0,0,2.743,0,0,0,0,0,0,0,0,0,0,0,0,0
JPB:bin_000188,13.584,14.526,0,14.949,19.527,0,0,6.469,0,39.917,4.916,3.786,14.377,3.279,0,6.217,0,0,13.427,7.786,8.729,3.232,3.339,25.242,15.818,4.354,18.043,0,9.918,2.967,6.963,4.259,17.431,9.795,1.964,3.038,0,12.425,12.695,0,13.876,11.883
JPB:bin_000189,2.651,3.333,0,0,3.137,0,0,0,0,5.642,0,2.849,6.044,0,0,0,0,0,4.76,0,1.778,34.946,0,3.145,0,0,4.001,0,7.248,0,1.963,0,2.116,2.591,0,0,2.332,5.14,3.839,0,0,0
JPB:bin_000190,0,0,0,0,0,0,0,0,0,0,0,0,0,0,0,0,0,0,0,0,0,0,0,0,0,0,0,0,0,0,0,0,0,0,0,0,0,0,0,0,0,0
JPB:bin_000192,0,0,0,0,0,0,0,0,0,0,0,0,0,0,0,0,0,0,0,0,0,0,0,0,0,0,0,0,0,0,0,0,0,0,0,0,0,0,0,0,0,0
JPB:bin_000193,0,0,0,0,0,0,0,0,0,0,0,0,0,0,0,0,0,0,0,0,0,0,0,0,0,0,0,0,0,0,0,0,0,0,0,0,0,0,0,0,0,0
JPB:bin_000194,0,0,0,0,0,0,0,0,0,0,0,0,0,0,0,0,0,0,0,0,0,0,0,0,0,0,0,0,0,0,0,0,0,0,0,0,0,0,0,0,0,0
JPB:bin_000195,0,3.802,0,0,1.988,5.23,0,1.857,0,7.043,0,0,3.356,0,0,0,0,0,6.229,1.649,0,945.461,0,3.212,0,2.316,5.132,1.655,0,0,0,0,2.944,0,0,0,0,3.695,0,0,5.879,0
JPB:bin_000196,0,0,0,0,0,0,0,0,0,1.802,0,0,0,0,0,0,0,0,2.837,0,0,0,0,0,0,0,2.305,0,0,0,0,0,0,0,0,0,1.803,0,0,0,0,0
JPB:bin_000197,0,0,0,0,0,0,0,0,0,0,0,0,0,0,0,0,0,0,0,0,0,0,0,0,0,0,0,0,0,0,0,0,0,0,0,0,0,0,0,0,0,0
JPB:bin_000198,18.947,23.492,0,15.818,43.677,0,2.059,19.041,0,74.176,12.37,10.794,29.593,16.327,0,12.475,0,0,43.983,22.164,12.355,6.696,0,47.36,18.159,12.059,76.992,0,19.319,11.056,19.02,0,20.641,24.148,0,9.769,5.754,54.011,25.317,0,27.456,23.551
JPB:bin_000199,3.449,3.057,0,1.807,4.377,0,0,0,0,3.388,0,0,2.008,0,0,0,0,0,3.411,2.299,0,1.715,0,2.416,0,0,4.785,0,2.284,0,1.946,0,0,0,0,0,0,4.424,2.237,0,1.917,1.61
JPB:bin_000200,0,0,0,0,0,0,0,0,0,0,0,0,0,0,0,0,0,0,3.586,0,0,0,0,0,0,0,2.016,0,2.399,0,0,0,0,0,0,0,1.752,2.466,0,0,0,0
JPB:bin_000201,0,0,0,0,0,0,0,0,0,0,0,0,0,0,0,0,0,0,0,0,0,0,0,0,0,0,0,0,0,0,0,0,0,0,0,0,0,0,0,0,0,0
JPB:bin_000202,0,0,0,0,0,0,0,0,0,0,0,0,0,0,0,0,0,0,0,0,0,0,0,0,0,0,0,0,0,0,0,0,0,0,0,0,0,0,0,0,0,0
JPB:bin_000203,0,0,0,0,3.476,0,0,0,0,6.765,0,0,0,0,0,0,0,0,2.898,2.478,0,0,0,3.842,0,0,6.415,0,0,0,0,0,0,0,0,0,0,3.501,2.62,0,2.408,0
JPB:bin_000204,52.633,93.486,0,22.466,90.402,3.271,4.122,25.366,0,183.236,25.251,25.574,58.113,19.887,1.648,22.875,2.748,0,110.632,68.821,38.723,16.591,7.091,92.243,77.452,15.102,168.733,4.375,45.563,21.712,37.324,0,37.755,51.758,0,14.393,8.241,81.52,56.395,0,54.081,56.024
JPB:bin_000205,0,0,0,0,0,0,0,0,0,0,0,0,0,0,0,0,0,0,0,0,0,0,0,0,0,0,2.568,0,0,0,0,0,0,0,0,0,0,0,0,0,0,0
JPB:bin_000206,2.357,6.335,0,4.547,17.659,0,0,1.762,0,18.923,0,7.612,6.752,0,0,3.497,0,0,11.759,4.644,3.031,3.088,0,5.92,5.936,0,8.54,0,6.371,0,0,0,13.351,3.697,0,0,0,7.656,11.67,0,10.907,9.341
JPB:bin_000207,0,0,0,0,0,0,0,0,0,0,0,0,0,0,0,0,0,0,0,0,0,0,0,0,0,0,0,0,0,0,0,0,0,0,0,0,0,0,0,0,0,0
JPB:bin_000208,0,0,0,0,0,0,0,0,0,0,0,0,0,0,0,0,0,0,0,0,0,0,0,0,0,0,0,0,0,0,0,0,0,0,0,0,0,0,0,0,0,0
JPB:bin_000209,0,0,0,0,0,0,0,0,0,0,0,0,0,0,0,0,0,0,0,0,0,0,0,0,0,0,0,0,0,0,0,0,0,0,0,0,0,0,0,0,0,0
JPB:bin_000210,0,0,0,0,0,0,0,0,0,0,0,0,0,0,0,0,0,0,0,0,0,0,0,0,0,0,0,0,0,0,0,0,0,0,0,0,0,0,0,0,0,0
JPB:bin_000211,0,0,0,0,7.018,0,0,2.121,0,12.304,1.989,0,3.526,0,0,2.593,0,0,6.146,0,2.368,2.051,0,4.066,3.061,0,9.088,0,7.805,0,0,0,0,3.879,0,0,0,4.683,0,0,3.417,3.484
JPB:bin_000212,0,0,0,0,0,0,0,0,0,0,0,0,0,0,0,0,0,0,0,0,0,0,0,0,0,0,0,0,0,0,0,0,0,0,0,0,0,0,0,0,0,0
JPB:bin_000213,0,0,0,0,5.723,0,0,3.426,0,9.001,0,0,6.023,0,0,0,0,0,7.717,0,0,0,0,6.622,0,4.672,14.666,0,0,0,4.906,0,0,0,0,0,0,0,0,0,0,0
JPB:bin_000214,0,0,0,0,0,0,0,0,0,0,0,0,0,0,0,0,0,0,0,0,0,0,0,0,0,0,0,0,0,0,0,0,0,0,0,0,0,0,0,0,0,0
JPB:bin_000215,0,0,0,0,0,0,0,0,0,0,0,0,0,0,0,0,0,0,0,0,0,0,0,0,0,0,0,0,0,0,0,0,0,0,0,0,0,0,0,0,0,0
JPB:bin_000217,0,0,0,0,0,0,0,0,0,0,0,0,0,0,0,0,0,0,0,0,0,0,0,0,0,0,0,0,0,0,0,0,0,0,0,0,0,0,0,0,0,0
JPB:bin_000218,0,0,0,0,0,0,0,0,0,0,0,2.026,0,0,0,0,0,0,0,0,0,0,0,0,0,0,4.588,0,0,0,0,0,0,0,0,0,0,0,0,0,0,0
JPB:bin_000219,4.869,13.276,0,6.655,21.841,0,0,9.728,0,31.693,15.613,3.074,14.1,3.479,0,5.319,0,0,60.69,5.628,7.927,3.381,2.22,31.15,11.5,0,34.637,0,21.53,8.272,10.492,0,9.545,10.803,0,6.927,2.947,20.253,6.31,0,16.685,21.857
JPB:bin_000220,0,0,0,0,0,0,0,0,0,0,0,0,0,0,0,0,0,0,0,0,0,0,0,0,0,0,0,0,0,0,0,0,0,0,0,0,0,0,0,0,0,0
JPB:bin_000221,15.573,12.986,0,13.797,29.665,0,0,12.531,0,47.475,10.434,4.298,20.588,7.682,0,9.311,0,0,25.041,10.608,9.267,5.216,1.416,36.416,11.183,3.958,51.535,0,23.658,4.589,7.948,0,12.263,13.297,0,4.116,0,17.979,11.602,0,16.358,15.725
JPB:bin_000222,0,0,0,0,0,0,0,0,0,0,0,0,0,0,0,0,0,0,0,0,0,0,0,0,0,0,0,0,0,0,0,0,0,0,0,0,0,0,0,0,0,0
JPB:bin_000223,0,0,0,0,0,0,0,0,0,0,0,0,0,0,0,0,0,0,0,0,0,0,0,0,0,0,0,0,0,0,0,0,0,0,0,0,0,0,0,0,0,0
JPB:bin_000224,0,0,0,0,0,0,0,0,0,0,0,0,0,0,0,0,0,0,0,0,0,0,0,0,0,0,0,0,0,0,0,0,0,0,0,0,0,0,0,0,0,0
JPB:bin_000225,0,0,0,0,0,0,0,0,0,0,0,0,0,0,0,0,0,0,0,0,0,0,0,0,0,0,0,0,0,0,0,0,0,0,0,0,0,0,0,0,0,0
JPB:bin_000226,0,0,0,0,0,0,0,0,0,0,0,0,0,0,0,0,0,0,0,0,0,0,0,0,0,0,0,0,0,0,0,0,0,0,0,0,0,0,0,0,0,0
JPB:bin_000227,0,0,0,0,0,0,0,0,0,0,0,0,0,0,0,0,0,0,0,0,0,0,0,0,0,0,0,0,0,0,0,0,0,0,0,0,0,0,0,0,0,0
JPB:bin_000228,0,0,0,0,0,0,0,0,0,0,0,0,0,0,0,0,0,0,0,0,0,0,0,0,0,0,0,0,0,0,0,0,0,0,0,0,0,0,0,0,0,0
JPB:bin_000229,0,0,0,0,0,0,0,0,0,0,0,0,0,0,0,0,0,0,0,0,0,0,0,0,0,0,0,0,0,0,0,0,0,0,0,0,0,0,0,0,0,0
JPB:bin_000230,0,0,0,0,0,0,0,0,0,1.702,0,0,0,0,0,0,0,0,0,0,0,0,0,0,0,0,0,0,0,0,0,0,0,0,0,0,0,0,0,0,0,0
JPB:bin_000231,0,0,0,0,0,0,0,0,0,0,0,0,0,0,0,0,0,0,0,0,0,0,0,0,0,0,0,0,0,0,0,0,0,0,0,0,0,0,0,0,0,0
JPB:bin_000232,0,0,0,0,0,0,0,0,0,0,0,0,0,0,0,0,0,0,0,0,0,0,0,0,0,0,0,0,0,0,0,0,0,0,0,0,0,0,0,0,0,0
JPB:bin_000233,0,0,0,0,0,0,0,0,0,0,0,0,0,0,0,0,0,0,0,0,0,0,0,0,0,0,0,0,0,0,0,0,0,0,0,0,0,0,0,0,0,0
JPB:bin_000234,0,0,0,0,0,0,0,0,0,0,0,0,0,0,0,0,0,0,0,0,0,0,0,0,0,0,0,0,0,0,0,0,0,0,0,0,0,0,0,0,0,0
JPB:bin_000236,0,0,0,0,0,0,0,0,0,0,0,0,0,0,0,0,0,0,0,0,0,0,0,0,0,0,0,0,0,0,0,0,0,0,0,0,0,0,0,0,0,0
JPB:bin_000237,0,0,0,0,0,0,0,0,0,0,0,0,0,0,0,0,0,0,0,0,0,0,0,0,0,0,0,0,0,0,0,0,0,0,0,0,0,0,0,0,0,0
JPB:bin_000238,0,0,0,0,0,0,0,0,0,0,0,0,0,0,0,0,0,0,0,0,0,0,0,0,0,0,0,0,0,0,0,0,0,0,0,0,0,0,0,0,0,0
JPB:bin_000239,0,0,0,0,0,0,0,0,0,0,0,0,0,0,0,0,0,0,0,0,0,0,0,0,0,0,0,0,0,0,0,0,0,0,0,0,0,0,0,0,0,0
JPB:bin_000240,0,0,0,0,0,0,0,0,0,0,0,0,0,0,0,0,0,0,0,0,0,0,0,0,0,0,0,0,0,0,0,0,0,0,0,0,0,0,0,0,0,0
JPB:bin_000241,0,0,0,0,0,0,0,0,0,0,0,0,0,0,0,0,0,0,0,0,0,0,0,0,0,0,0,0,0,0,0,0,0,0,0,0,0,0,0,0,0,0
JPB:bin_000242,0,0,0,2.443,0,0,0,1.444,0,2.856,0,0,0,0,0,0,0,0,1.416,1.488,3.907,0,0,1.922,0,0,2.417,0,0,0,0,0,2.408,0,0,0,0,0,0,0,0,0
JPB:bin_000243,0,0,0,0,0,0,0,0,0,0,0,0,0,0,0,0,0,0,0,0,0,0,0,0,0,0,0,0,0,0,0,0,0,0,0,0,0,0,0,0,0,0
JPB:bin_000244,0,0,0,0,0,0,0,0,0,0,0,0,0,0,0,0,0,0,0,0,0,0,0,0,0,0,0,0,0,0,0,0,0,0,0,0,0,0,0,0,0,0
JPB:bin_000245,0,0,0,0,0,0,0,0,0,0,0,0,0,0,0,0,0,0,0,0,0,0,0,0,0,0,0,0,0,0,0,0,0,0,0,0,0,0,0,0,0,0
JPB:bin_000246,0,0,0,0,0,0,0,0,0,0,0,0,0,0,0,0,0,0,0,0,0,0,0,0,0,0,0,0,0,0,0,0,0,0,0,0,0,0,0,0,0,0
JPB:bin_000247,0,0,0,0,0,0,0,0,0,0,0,0,0,0,0,0,0,0,0,0,0,0,0,0,0,0,0,0,0,0,0,0,0,0,0,0,0,0,0,0,0,0
JPB:bin_000248,0,0,0,0,0,0,0,0,0,0,0,0,0,0,0,0,0,0,0,0,0,0,0,0,0,0,0,0,0,0,0,0,0,0,0,0,0,0,0,0,0,0
JPB:bin_000249,0,0,0,0,0,0,0,0,0,0,0,0,0,0,0,0,0,0,0,0,0,0,0,0,0,0,0,0,0,0,0,0,0,0,0,0,0,0,0,0,0,0
JPB:bin_000250,0,0,0,0,0,0,0,0,0,0,0,0,0,0,0,0,0,0,0,0,0,0,0,0,0,0,0,0,0,0,0,0,0,0,0,0,0,0,0,0,0,0
JPB:bin_000251,0,0,0,0,0,0,0,0,0,0,0,0,0,0,0,0,0,0,0,0,0,0,0,0,0,0,0,0,0,0,0,0,0,0,0,0,0,0,0,0,0,0
JPB:bin_000252,3.58,2.066,0,3.452,2.427,0,0,1.724,0,5.767,1.623,3.229,6.363,1.298,0,1.254,0,0,5.508,5.811,3.83,2.179,0,3.659,1.998,2.057,11.38,0,0,0,1.448,0,5.183,3.176,0,0,0,3.208,3.024,0,3.748,0
JPB:bin_000253,0,0,0,0,0,0,0,0,0,0,0,0,0,0,0,0,0,0,0,0,0,0,0,0,0,0,0,0,0,0,0,0,0,0,0,0,0,0,0,0,0,0
JPB:bin_000254,0,0,0,0,0,0,0,0,0,0,0,0,0,0,0,0,0,0,0,0,0,0,0,0,0,0,0,0,0,0,0,0,0,0,0,0,0,0,0,0,0,0
JPB:bin_000255,0,0,0,0,0,0,0,0,0,0,0,0,0,0,0,0,0,0,0,0,0,0,0,0,0,0,0,0,0,0,0,0,0,0,0,0,0,0,0,0,0,0
JPB:bin_000256,0,0,0,0,0,0,0,0,0,0,0,0,0,0,0,0,0,0,0,0,0,0,0,0,0,0,0,0,0,0,0,0,0,0,0,0,0,0,0,0,0,0
JPB:bin_000257,0,0,0,0,0,0,0,0,0,0,0,0,0,0,0,0,0,0,0,0,0,0,0,0,0,0,0,0,0,0,0,0,0,0,0,0,0,0,0,0,0,0
JPB:bin_000258,0,0,0,0,0,0,0,0,0,0,0,0,0,0,0,0,0,0,0,0,0,0,0,0,0,0,0,0,0,0,0,0,0,0,0,0,0,0,0,0,0,0
JPB:bin_000259,0,0,0,0,0,0,0,0,0,0,0,0,0,0,0,0,0,0,0,0,0,0,0,0,0,0,0,0,0,0,0,0,0,0,0,0,0,0,0,0,0,0
JPB:bin_000260,0,0,0,0,0,0,0,0,0,0,0,0,0,0,0,0,0,0,0,0,0,0,0,0,0,0,0,0,0,0,0,0,0,0,0,0,0,0,0,0,0,0
JPB:bin_000262,0,0,0,0,0,0,0,0,0,0,0,0,0,0,0,0,0,0,0,0,0,0,0,0,0,0,0,0,0,0,0,0,0,0,0,0,0,0,0,0,0,0
JPB:bin_000263,0,0,0,0,0,0,0,0,0,0,0,0,0,0,0,0,0,0,0,0,0,0,0,0,0,0,0,0,0,0,0,0,0,0,0,0,0,0,0,0,0,0
JPB:bin_000264,0,0,0,0,0,0,0,0,0,0,0,0,0,0,0,0,0,0,0,0,0,0,0,0,0,0,0,0,0,0,0,0,0,0,0,0,0,0,0,0,0,0
JPB:bin_000265,0,0,0,0,0,0,0,0,0,0,0,0,0,0,0,0,0,0,0,0,0,0,0,0,0,0,0,0,0,0,0,0,0,0,0,0,0,0,0,0,0,0
JPB:bin_000266,0,0,0,0,0,0,0,0,0,0,0,0,0,0,0,0,0,0,0,0,0,0,0,0,0,0,0,0,0,0,0,0,0,0,0,0,0,0,0,0,0,0
JPB:bin_000267,0,0,0,0,0,0,0,0,0,0,0,0,0,0,0,0,0,0,0,0,0,0,0,0,0,0,0,0,0,0,0,0,0,0,0,0,0,0,0,0,0,0
JPB:bin_000268,0,0,0,0,0,0,0,0,0,0,0,0,0,0,0,0,0,0,0,0,0,0,0,0,0,0,0,0,0,0,0,0,0,0,0,0,0,0,0,0,0,0
JPB:bin_000269,0,0,0,0,0,0,0,0,0,0,0,0,0,0,0,0,0,0,0,0,0,0,0,0,0,0,0,0,0,0,0,0,0,0,0,0,0,0,0,0,0,0
JPB:bin_000270,0,0,0,0,0,0,0,0,0,0,0,0,0,0,0,0,0,0,0,0,0,0,0,0,0,0,0,0,0,0,0,0,0,0,0,0,0,0,0,0,0,0
JPB:bin_000271,0,0,0,0,0,0,0,0,0,0,0,0,0,0,0,0,0,0,0,0,0,0,0,0,0,0,0,0,0,0,0,0,0,0,0,0,0,0,0,0,0,0
JPB:bin_000272,1.854,1.35,0,1.372,2.549,0,0,0,0,3.14,0,0,1.545,0,0,0,0,0,1.923,1.85,1.408,0,0,2.368,0,0,7.717,0,0,0,0,0,0,2.548,0,0,0,0,1.374,0,1.691,0
JPB:bin_000273,0,0,0,0,0,0,0,0,0,0,0,0,0,0,0,0,0,0,0,0,0,0,0,0,0,0,0,0,0,0,0,0,0,0,0,0,0,0,0,0,0,0
JPB:bin_000274,0,0,0,0,0,0,0,0,0,0,0,0,0,0,0,0,0,0,0,0,0,0,0,0,0,0,0,0,0,0,0,0,0,0,0,0,0,0,0,0,0,0
JPB:bin_000275,0,0,0,0,0,0,0,0,0,0,0,0,0,0,0,0,0,0,0,0,0,0,0,0,0,0,0,0,0,0,0,0,0,0,0,0,0,0,0,0,0,0
JPB:bin_000276,0,0,0,0,0,0,0,0,0,0,0,0,0,0,0,0,0,0,0,0,0,0,0,0,0,0,0,0,0,0,0,0,0,0,0,0,0,0,0,0,0,0
JPB:bin_000277,0,0,0,0,0,0,0,0,0,0,0,0,0,0,0,0,0,0,0,0,0,0,0,0,0,0,0,0,0,0,0,0,0,0,0,0,0,0,0,0,0,0
JPB:bin_000278,0,0,0,0,0,0,0,0,0,0,0,0,0,0,0,0,0,0,0,0,0,0,0,0,0,0,0,0,0,0,0,0,0,0,0,0,0,0,0,0,0,0
JPB:bin_000279,0,0,0,0,0,0,0,0,0,0,0,0,0,0,0,0,0,0,0,0,0,0,0,0,0,0,0,0,0,0,0,0,0,0,0,0,0,0,0,0,0,0
JPB:bin_000280,0,0,0,0,0,0,0,0,0,0,0,0,0,0,0,0,0,0,0,0,0,0,0,0,0,0,0,0,0,0,0,0,0,0,0,0,0,0,0,0,0,0
JPB:bin_000281,0,0,0,0,0,0,0,0,0,1.886,0,0,0,0,0,0,0,0,0,0,0,0,0,0,0,0,2.163,0,0,0,0,0,0,0,0,0,0,0,1.433,0,0,0
JPB:bin_000282,0,0,0,0,0,0,0,0,0,3.359,0,0,4.602,0,0,0,0,0,0,0,0,0,0,2.985,0,0,4.396,0,0,0,0,0,0,0,0,0,0,0,0,0,0,0
JPB:bin_000283,0,0,0,0,2.096,0,0,0,0,2.076,0,0,0,0,0,0,0,0,0,0,0,0,0,1.505,0,0,2.661,0,0,0,0,0,0,0,0,0,0,0,0,0,0,0
JPB:bin_000285,5.212,3,0,0,4.561,0,0,1.85,0,7.879,0,1.981,3.655,1.838,0,2.863,0,0,7.203,5.611,2.779,0,0,4.711,2.409,2.527,9.132,0,2.668,3.608,1.893,0,3.521,5.593,0,0,0,7.651,4.237,0,5.777,2.762
JPB:bin_000286,0,0,0,0,0,0,0,0,0,0,0,0,0,0,0,0,0,0,0,0,0,0,0,0,0,0,0,0,0,0,0,0,0,0,0,0,0,0,0,0,0,0
JPB:bin_000287,0,0,0,0,0,0,0,0,0,0,0,0,0,0,0,0,0,0,0,0,0,0,0,0,0,0,0,0,0,0,0,0,0,0,0,0,0,0,0,0,0,0
JPB:bin_000288,0,0,0,0,0,0,0,0,0,0,0,0,0,0,0,0,0,0,0,0,0,0,0,0,0,0,0,0,0,0,0,0,0,0,0,0,0,0,0,0,0,0
JPB:bin_000289,0,0,0,0,0,0,0,0,0,0,0,0,0,0,0,0,0,0,0,0,0,0,0,0,0,0,0,0,0,0,0,0,0,0,0,0,0,0,0,0,0,0
JPB:bin_000290,0,0,0,0,0,0,0,0,0,0,0,0,0,0,0,0,0,0,0,0,0,0,0,0,0,0,0,0,0,0,0,0,0,0,0,0,0,0,0,0,0,0
JPB:bin_000291,0,0,0,0,0,0,0,0,0,0,0,0,0,0,0,0,0,0,0,0,0,0,0,0,0,0,0,0,0,0,0,0,0,0,0,0,0,0,0,0,0,0
JPB:bin_000292,0,0,0,0,0,0,0,0,0,0,0,0,0,0,0,0,0,0,0,0,0,0,0,0,0,0,0,0,0,0,0,0,0,0,0,0,0,0,0,0,0,0
JPB:bin_000294,0,0,0,0,0,0,0,0,0,0,0,0,0,0,0,0,0,0,0,0,0,0,0,0,0,0,0,0,0,0,0,0,0,0,0,0,0,0,0,0,0,0
JPB:bin_000295,0,0,0,0,0,0,0,0,0,0,0,0,0,0,0,0,0,0,0,0,0,0,0,0,0,0,0,0,0,0,0,0,0,0,0,0,0,0,0,0,0,0
JPB:bin_000296,0,0,0,0,0,0,0,0,0,0,0,0,0,0,0,0,0,0,0,0,0,0,0,0,0,0,0,0,0,0,0,0,0,0,0,0,0,0,0,0,0,0
JPB:bin_000297,0,0,0,0,0,0,0,0,0,0,0,0,0,0,0,0,0,0,0,0,0,0,0,0,0,0,0,0,0,0,0,0,0,0,0,0,0,0,0,0,0,0
JPB:bin_000298,0,0,0,0,0,0,0,0,0,0,0,0,0,0,0,0,0,0,0,0,0,0,0,0,0,0,0,0,0,0,0,0,0,0,0,0,0,0,0,0,0,0
JPB:bin_000300,0,0,0,0,0,0,0,0,0,0,0,0,0,0,0,0,0,0,0,0,0,0,0,0,0,0,0,0,0,0,0,0,0,0,0,0,0,0,0,0,0,0
JPB:bin_000301,0,4.064,0,0,5.38,0,0,3.669,0,7.363,0,6.942,6.97,0,0,0,0,0,8.09,6.685,3.748,0,0,4.788,3.043,0,9.578,0,0,0,0,0,4.287,0,0,0,0,5.7,3.78,0,0,0
JPB:bin_000302,0,0,0,0,0,0,0,0,0,0,0,0,0,0,0,0,0,0,0,0,0,0,0,0,0,0,0,0,0,0,0,0,0,0,0,0,0,0,0,0,0,0
JPB:bin_000303,0,0,0,0,0,0,0,0,0,0,0,0,0,0,0,0,0,0,0,0,0,0,0,0,0,0,0,0,0,0,0,0,0,0,0,0,0,0,0,0,0,0
JPB:bin_000304,0,0,0,0,0,0,0,0,0,0,0,0,0,0,0,0,0,0,0,0,0,0,0,0,0,0,0,0,0,0,0,0,0,0,0,0,0,0,0,0,0,0
JPB:bin_000306,0,0,0,0,0,0,0,0,0,0,0,0,0,0,0,0,0,0,0,0,0,0,0,0,0,0,0,0,0,0,0,0,0,0,0,0,0,0,0,0,0,0
JPB:bin_000307,0,0,0,0,0,0,0,0,0,0,0,0,0,0,0,0,0,0,0,0,0,0,0,0,0,0,0,0,0,0,0,0,0,0,0,0,0,0,0,0,0,0
JPB:bin_000309,0,0,0,0,0,0,0,0,0,0,0,0,0,0,0,0,0,0,0,0,0,0,0,0,0,0,0,0,0,0,0,0,0,0,0,0,0,0,0,0,0,0
JPB:bin_000310,0,0,0,0,0,0,0,0,0,0,0,0,0,0,0,0,0,0,0,0,0,0,0,0,0,0,0,0,0,0,0,0,0,0,0,0,0,0,0,0,0,0
JPB:bin_000311,0,2.849,0,0,0,0,0,2.078,0,3.56,0,0,3.467,0,0,0,0,0,0,1.917,3.66,0,0,3.599,0,0,3.337,0,0,0,0,0,0,0,0,0,0,4.171,0,0,0,0
JPB:bin_000312,0,0,0,0,0,0,0,0,0,0,0,0,0,0,0,0,0,0,0,0,0,0,0,0,0,0,0,0,0,0,0,0,0,0,0,0,0,0,0,0,0,0
JPB:bin_000314,0,0,0,0,0,0,0,0,0,0,0,0,0,0,0,0,0,0,0,0,0,0,0,0,0,0,0,0,0,0,0,0,0,0,0,0,0,0,0,0,0,0
JPB:bin_000315,0,0,0,0,0,0,0,0,0,0,0,0,0,0,0,0,0,0,0,0,0,0,0,0,0,0,0,0,0,0,0,0,0,0,0,0,0,0,0,0,0,0
JPB:bin_000316,25.641,26.992,0,12.451,51.315,2.78,2.347,31.133,0,64.901,16.256,16.216,34.786,15.612,2.31,11.171,0,0,51.597,46.16,9.244,15.951,1.575,49.524,18.105,20.478,76.982,3.881,19.346,14.429,26.008,0,24.976,21.487,0,6.174,22.669,49.528,41.93,0,30.661,17.238
JPB:bin_000317,0,0,0,0,0,0,0,0,0,0,0,0,0,0,0,0,0,0,0,0,0,0,0,0,0,0,2.399,0,0,0,0,0,0,0,0,0,0,0,0,0,0,0
JPB:bin_000319,0,0,0,0,0,0,0,0,0,0,0,0,0,0,0,0,0,0,0,0,0,0,0,0,0,0,0,0,0,0,0,0,0,0,0,0,0,0,0,0,0,0
JPB:bin_000320,0,0,0,0,0,0,0,0,0,0,0,0,0,0,0,0,0,0,0,0,0,0,0,0,0,0,0,0,0,0,0,0,0,0,0,0,0,0,0,0,0,0
JPB:bin_000321,0,0,0,0,0,0,0,0,0,0,0,0,2.939,0,0,0,0,0,0,0,0,0,0,0,0,0,0,0,2.275,0,0,0,0,0,0,0,0,1.96,0,0,0,0
JPB:bin_000322,0,0,0,0,0,0,0,0,0,0,0,0,0,0,0,0,0,0,0,0,0,0,0,0,0,0,0,0,0,0,0,0,0,0,0,0,0,0,0,0,0,0
JPB:bin_000323,0,0,0,0,0,0,0,0,0,0,0,0,0,0,0,0,0,0,0,0,0,0,0,0,0,0,0,0,0,0,0,0,0,0,0,0,0,0,0,0,0,0
JPB:bin_000324,0,0,0,0,0,0,0,0,0,0,0,0,0,0,0,0,0,0,0,0,0,0,0,0,0,0,0,0,0,0,0,0,0,0,0,0,0,0,0,0,0,0
JPB:bin_000325,0,0,0,0,0,0,0,0,0,0,0,0,0,0,0,0,0,0,0,0,0,0,0,0,0,0,0,0,0,0,0,0,0,0,0,0,0,0,0,0,0,0
JPB:bin_000328,0,2.384,0,0,0,0,0,4.597,0,2.724,0,2.826,0,0,0,0,0,0,3.264,2.546,0,0,0,0,0,0,10.522,0,0,0,0,0,0,1.565,0,0,0,4.198,1.746,0,0,0
JPB:bin_000330,0,0,0,0,0,0,0,0,0,0,0,0,0,0,0,0,0,0,0,0,0,0,0,0,0,0,0,0,0,0,0,0,0,0,0,0,0,0,0,0,0,0
JPB:bin_000334,0,0,0,0,0,0,0,0,0,0,0,0,0,0,0,0,0,0,0,0,0,0,0,0,0,0,0,0,0,0,0,0,0,0,0,0,0,0,0,0,0,0
JPB:bin_000337,0,0,0,0,0,0,0,0,0,0,0,0,0,0,0,0,0,0,0,0,0,0,0,0,0,0,0,0,0,0,0,0,0,0,0,0,0,0,0,0,0,0
JPB:bin_000339,0,0,0,0,0,0,0,0,0,0,0,0,0,0,0,0,0,0,0,0,0,0,0,0,0,0,0,0,0,0,0,0,0,0,0,0,0,0,0,0,0,0
JPB:bin_000340,2.243,2.012,0,0,3.544,0,0,0,0,4.901,0,0,2.446,0,0,0,0,0,2.998,0,0,3.312,0,4.004,0,0,5.13,0,0,0,0,0,0,0,0,0,0,3.073,0,0,0,0
JPB:bin_000341,0,0,0,0,0,0,0,0,0,0,0,0,0,0,0,0,0,0,0,0,0,0,0,0,0,0,0,0,0,0,0,0,0,0,0,0,0,0,0,0,0,0
JPB:bin_000342,0,0,0,0,0,0,0,0,0,0,0,0,0,0,0,0,0,0,0,0,0,0,0,0,0,0,0,0,0,0,0,0,0,0,0,0,0,0,0,0,0,0
JPB:bin_000343,0,0,0,0,0,0,0,0,0,0,0,0,0,0,0,0,0,0,0,0,0,0,0,0,0,0,0,0,0,0,0,0,0,0,0,0,0,0,0,0,0,0
JPB:bin_000344,0,0,0,0,0,0,0,0,0,0,0,0,0,0,0,0,0,0,0,0,0,0,0,0,0,0,0,0,0,0,0,0,0,0,0,0,0,0,0,0,0,0
JPB:bin_000345,5.214,8.555,0,4.85,11.288,0,0,2.794,0,19.358,3.191,2.665,6.978,2.13,0,3.138,0,0,10.375,9.573,4.91,2.643,0,14.628,5.725,0,20.806,0,9.133,3.049,7.837,0,5.519,8.019,0,1.821,0,11.996,5.444,0,5.762,6.448
JPB:bin_000346,0,0,0,0,0,0,0,0,0,0,0,0,0,0,0,0,0,0,0,0,0,0,0,0,0,0,0,0,0,0,0,0,0,0,0,0,0,0,0,0,0,0
JPB:bin_000347,0,0,0,0,0,0,0,0,0,0,0,0,0,0,0,0,0,0,0,0,0,0,0,0,0,0,0,0,0,0,0,0,0,0,0,0,0,0,0,0,0,0
JPB:bin_000348,0,0,0,0,0,0,0,0,0,0,0,0,0,0,0,0,0,0,0,0,0,0,0,0,0,0,0,0,0,0,0,0,0,0,0,0,0,0,0,0,0,0
JPB:bin_000349,2.329,14.14,0,2.184,4.211,0,0,0,0,16.075,1.858,0,5.639,1.659,0,2.428,0,0,4.992,4.203,0,0,0,5.436,4.74,0,6.288,0,0,0,7.673,0,3.285,0,0,0,0,7.822,2.063,0,2.12,3.497
JPB:bin_000350,0,0,0,0,0,0,0,0,0,0,0,0,0,0,0,0,0,0,0,0,0,0,0,0,0,0,0,0,0,0,0,0,0,0,0,0,0,0,0,0,0,0
JPB:bin_000352,3.531,0,0,2.428,5.552,0,0,0,0,6.943,2.516,0,2.132,0,0,1.348,0,0,3.776,1.667,0,0,0,4.063,2.93,0,6.681,0,3.686,1.596,0,0,3.064,2.936,0,0,0,2.682,3.145,0,2.191,0
JPB:bin_000353,0,0,0,0,0,0,0,0,0,0,0,0,0,0,0,0,0,0,0,0,0,0,0,0,0,0,0,0,0,0,0,0,0,0,0,0,0,0,0,0,0,0
JPB:bin_000354,0,0,0,0,0,0,0,0,0,0,0,0,0,0,0,0,0,0,0,0,0,0,0,0,0,0,0,0,0,0,0,0,0,0,0,0,0,0,0,0,0,0
JPB:bin_000356,0,0,0,0,0,0,0,0,0,0,0,0,0,0,0,0,0,0,0,0,0,0,0,0,0,0,0,0,0,0,0,0,0,0,0,0,0,0,0,0,0,0
JPB:bin_000357,0,0,0,0,0,0,0,0,0,0,0,0,0,0,0,0,0,0,0,0,0,0,0,0,0,0,0,0,0,0,0,0,0,0,0,0,0,0,0,0,0,0
JPB:bin_000358,0,0,0,0,0,0,0,0,0,0,0,0,0,0,0,0,0,0,0,0,0,0,0,0,0,0,0,0,0,0,0,0,0,0,0,0,0,0,0,0,0,0
JPB:bin_000359,0,0,0,0,0,0,0,0,0,0,0,0,0,0,0,0,0,0,0,0,0,0,0,0,0,0,0,0,0,0,0,0,0,0,0,0,0,0,0,0,0,0
JPB:bin_000362,0,0,0,0,0,0,0,0,0,0,0,0,0,0,0,0,0,0,0,0,0,0,0,0,0,0,0,0,0,0,0,0,0,0,0,0,0,0,0,0,0,0
JPB:bin_000364,0,0,0,0,0,0,0,0,0,0,0,0,0,0,0,0,0,0,0,0,0,0,0,0,0,0,4.58,0,0,0,0,0,0,0,0,0,0,0,0,0,0,0
JPB:bin_000366,0,0,0,0,0,0,0,0,0,0,0,0,0,0,0,0,0,0,0,0,0,0,0,0,0,0,0,0,0,0,0,0,0,0,0,0,0,0,0,0,0,0
JPB:bin_000367,0,0,0,0,0,0,0,0,0,0,0,0,0,0,0,0,0,0,0,0,0,0,0,0,0,0,0,0,0,0,0,0,0,0,0,0,0,0,0,0,0,0
JPB:bin_000368,0,0,0,0,0,2.019,0,0,0,3.06,0,6.064,2.568,0,0,0,0,0,3.605,0,0,0,0,0,0,0,0,0,2.28,0,0,0,3.646,1.949,0,0,0,0,0,0,0,0
JPB:bin_000369,0,0,0,0,0,0,0,0,0,0,0,0,0,0,0,0,0,0,0,0,0,0,0,0,0,0,0,0,0,0,0,0,0,0,0,0,0,0,0,0,0,0
JPB:bin_000370,0,0,0,0,2.856,0,0,0,0,4.825,0,0,0,0,0,0,0,0,3.948,0,0,0,0,1.818,0,2.253,3.926,0,2.168,0,0,0,2.025,0,0,0,0,0,0,0,3.505,0
JPB:bin_000372,0,0,0,0,0,0,0,0,0,0,0,0,0,0,0,0,0,0,0,0,0,0,0,1.731,0,0,0,0,0,0,0,0,0,0,0,0,0,0,0,0,0,0
JPB:bin_000373,0,0,0,0,0,0,0,0,0,0,0,0,0,0,0,0,0,0,0,0,0,0,0,0,0,0,0,0,0,0,0,0,0,0,0,0,0,0,0,0,0,0
JPB:bin_000376,0,0,0,0,0,0,0,0,0,0,0,0,0,0,0,0,0,0,0,0,0,0,0,0,0,0,0,0,0,0,0,0,0,0,0,0,0,0,0,0,0,0
JPB:bin_000377,0,0,0,0,0,0,0,0,0,0,0,0,0,0,0,0,0,0,0,0,0,0,0,0,0,0,0,0,0,0,0,0,0,0,0,0,0,0,0,0,0,0
JPB:bin_000378,0,0,0,0,0,0,0,0,0,0,0,0,0,0,0,0,0,0,0,0,0,0,0,0,0,0,0,0,0,0,0,0,0,0,0,0,0,0,0,0,0,0
JPB:bin_000379,0,0,0,0,0,0,0,0,0,0,0,0,0,0,0,0,0,0,0,0,0,0,0,0,0,0,0,0,0,0,0,0,0,0,0,0,0,0,0,0,0,0
JPB:bin_000380,0,0,0,0,0,0,0,0,0,0,0,0,0,0,0,0,0,0,0,0,0,0,0,0,0,0,0,0,0,0,0,0,0,0,0,0,0,0,0,0,0,0
JPB:bin_000382,0,0,0,0,0,0,0,0,0,0,0,0,0,0,0,0,0,0,0,0,0,0,0,0,0,0,0,0,0,0,0,0,0,0,0,0,0,0,0,0,0,0
JPB:bin_000383,0,0,0,0,0,0,0,0,0,0,0,0,0,0,0,0,0,0,0,0,0,0,0,0,0,0,0,0,0,0,0,0,0,0,0,0,0,0,0,0,0,0
JPB:bin_000384,0,0,0,0,0,0,0,0,0,0,0,0,0,0,0,0,0,0,0,0,0,0,0,0,0,0,0,0,0,0,0,0,0,0,0,0,0,0,0,0,0,0
JPB:bin_000385,0,0,0,0,0,0,0,0,0,0,0,0,0,0,0,0,0,0,0,0,0,0,0,0,0,0,0,0,0,0,0,0,0,0,0,0,0,0,0,0,0,0
JPB:bin_000386,0,0,0,0,0,0,0,0,0,0,0,0,0,0,0,0,0,0,0,0,0,0,0,0,0,0,0,0,0,0,0,0,0,0,0,0,0,0,0,0,0,0
JPB:bin_000387,0,0,0,0,0,0,0,0,0,0,0,0,0,0,0,0,0,0,0,0,0,0,0,0,0,0,0,0,0,0,0,0,0,0,0,0,0,0,0,0,0,0
JPB:bin_000390,0,0,0,0,0,0,0,0,0,0,0,0,0,0,0,0,0,0,0,0,0,0,0,0,0,0,0,0,0,0,0,0,0,0,0,0,0,0,0,0,0,0
JPB:bin_000392,0,0,0,0,0,0,0,0,0,0,0,0,0,0,0,0,0,0,0,0,0,0,0,0,0,0,0,0,0,0,0,0,0,0,0,0,0,0,0,0,0,0
JPB:bin_000393,0,0,0,0,0,0,0,0,0,0,0,0,0,0,0,0,0,0,0,0,0,0,0,0,0,0,0,0,0,0,0,0,0,0,0,0,0,0,0,0,0,0
JPB:bin_000394,0,0,0,0,0,0,0,0,0,0,0,0,0,0,0,0,0,0,0,0,0,0,0,0,0,0,0,0,0,0,0,0,0,0,0,0,0,0,0,0,0,0
JPB:bin_000395,0,0,0,0,0,0,0,0,0,0,0,0,0,0,0,0,0,0,0,0,0,0,0,0,0,0,0,0,0,0,0,0,0,0,0,0,0,0,0,0,0,0
JPB:bin_000396,0,0,0,0,0,0,0,0,0,0,0,0,0,0,0,0,0,0,0,0,0,0,0,0,0,0,6,0,0,0,0,0,0,0,0,0,0,0,0,0,0,0
JPB:bin_000398,0,0,0,0,0,0,0,0,0,0,0,0,0,0,0,0,0,0,0,0,0,0,0,0,0,0,0,0,0,0,0,0,0,0,0,0,0,0,0,0,0,0
JPB:bin_000400,0,0,0,0,0,0,0,0,0,0,0,0,0,0,0,0,0,0,0,0,0,0,0,0,0,0,0,0,0,0,0,0,0,0,0,0,0,0,0,0,0,0
JPB:bin_000402,0,0,0,0,0,0,0,0,0,0,0,0,0,0,0,0,0,0,0,0,0,0,0,0,0,0,0,0,0,0,0,0,0,0,0,0,0,0,0,0,0,0
JPB:bin_000403,2.335,2.69,0,0,2.125,0,0,0,0,3.479,0,0,2.124,0,0,0,0,0,1.944,1.631,0,0,0,0,0,0,6.951,0,0,0,0,0,0,3.953,0,0,0,0,0,0,0,0
JPB:bin_000404,0,0,0,0,0,0,0,0,0,0,0,0,0,0,0,0,0,0,0,0,0,0,0,0,0,0,0,0,0,0,0,0,0,0,0,0,0,0,0,0,0,0
JPB:bin_000406,0,0,0,0,0,0,0,0,0,0,0,0,0,0,0,0,0,0,0,0,0,0,0,0,0,0,0,0,0,0,0,0,0,0,0,0,0,0,0,0,0,0
JPB:bin_000407,0,0,0,0,0,0,0,0,0,0,0,0,0,0,0,0,0,0,0,0,0,0,0,0,0,0,0,0,0,0,0,0,0,0,0,0,0,0,0,0,0,0
JPB:bin_000409,0,0,0,0,0,0,0,0,0,0,0,0,0,0,0,0,0,0,0,0,0,0,0,0,0,0,0,0,0,0,0,0,0,0,0,0,0,0,0,0,0,0
JPB:bin_000410,0,5.795,0,0,0,0,0,0,0,5.449,0,0,2.549,0,0,0,0,0,3.067,1.572,0,0,0,4.034,2.006,0,1.783,0,0,0,0,0,2.805,0,0,0,0,2.471,1.647,0,0,0
JPB:bin_000411,0,0,0,0,0,0,0,0,0,0,0,0,0,0,0,0,0,0,0,0,0,0,0,0,0,0,0,0,0,0,0,0,0,0,0,0,0,0,0,0,0,0
JPB:bin_000412,0,0,0,0,0,0,0,0,0,0,0,0,0,0,0,0,0,0,0,0,0,0,0,0,0,0,0,0,0,0,0,0,0,0,0,0,0,0,0,0,0,0
JPB:bin_000413,0,0,0,0,0,0,0,0,0,0,0,0,0,0,0,0,0,0,0,0,0,0,0,0,0,0,0,0,0,0,0,0,0,0,0,0,0,0,0,0,0,0
JPB:bin_000414,0,0,0,0,0,0,0,0,0,0,0,0,0,0,0,0,0,0,0,0,0,0,0,0,0,0,0,0,0,0,2.513,0,0,0,0,0,0,0,0,0,0,0
JPB:bin_000416,3.188,9.432,0,2.726,4.592,0,0,3.741,0,6.382,2.373,9.394,14.23,0,0,1.022,0,0,10.365,9.627,6.544,5.022,0,3.896,2.218,0,12.925,0,2.831,0,1.997,0,8.035,3.699,0,0,0,2.185,6.812,0,3.1,0
JPB:bin_000417,0,0,0,0,0,0,0,0,0,0,0,0,0,0,0,0,0,0,0,0,0,0,0,0,0,0,0,0,0,0,0,0,0,0,0,0,0,0,0,0,0,0
JPB:bin_000418,0,0,0,0,0,0,0,0,0,0,0,0,0,0,0,0,0,0,0,0,0,0,0,0,0,0,0,0,0,0,0,0,0,0,0,0,0,0,0,0,0,0
JPB:bin_000420,0,0,0,0,0,0,0,0,0,0,0,0,0,0,0,0,0,0,0,0,0,0,0,0,0,0,0,0,0,0,0,0,0,0,0,0,0,0,0,0,0,0
JPB:bin_000421,0,0,0,0,0,0,0,0,0,0,0,0,0,0,0,0,0,0,0,0,0,0,0,0,0,0,0,0,0,0,0,0,0,0,0,0,0,0,0,0,0,0
JPB:bin_000422,3.36,6.33,0,4.755,5.754,0,0,2.673,0,8.291,3.116,2.207,7.351,0,0,2.038,0,0,9.759,4.19,3.869,4.73,0,7.554,2.053,1.91,9.635,0,5.569,1.669,1.766,1.622,4.05,2.734,0,0,0,3.383,3.65,0,5.833,5.071
JPB:bin_000423,0,0,0,0,0,0,0,0,0,0,0,0,0,0,0,0,0,0,0,0,0,0,0,0,0,0,0,0,0,0,0,0,0,0,0,0,0,0,0,0,0,0
JPB:bin_000424,0,0,0,0,0,0,0,0,0,0,0,0,0,0,0,0,0,0,0,0,0,0,0,0,0,0,0,0,0,0,0,0,0,0,0,0,0,0,0,0,0,0
JPB:bin_000425,0,0,0,0,0,0,0,0,0,0,0,0,0,0,0,0,0,0,2.048,0,0,0,0,0,0,0,0,0,0,0,0,0,0,0,0,0,0,0,0,0,0,0
JPB:bin_000426,0,0,0,0,0,0,0,0,0,0,0,0,0,0,0,0,0,0,0,0,0,0,0,0,0,0,0,0,0,0,0,0,0,0,0,0,0,0,0,0,0,0
JPB:bin_000427,0,0,0,0,0,0,0,0,0,0,0,0,0,0,0,0,0,0,0,0,0,0,0,0,0,0,0,0,0,0,0,0,0,0,0,0,0,0,0,0,0,0
JPB:bin_000429,0,0,0,0,0,0,0,0,0,0,0,0,0,0,0,0,0,0,0,0,0,0,0,0,0,0,0,0,0,0,0,0,0,0,0,0,0,0,0,0,0,0
JPB:bin_000430,0,0,0,0,2.065,0,0,0,0,0,0,0,0,0,0,0,0,0,0,0,0,0,0,0,0,0,0,0,0,0,0,0,0,0,0,0,0,0,0,0,0,0
JPB:bin_000431,0,0,0,0,0,0,0,0,0,0,0,0,0,0,0,0,0,0,0,0,0,0,0,1.84,0,0,0,0,2.54,0,0,0,0,0,0,0,0,0,0,0,0,0
JPB:bin_000432,0,0,0,0,7.668,0,0,1.994,0,5.787,0,0,2.398,0,0,0,0,0,0,0,0,0,0,10.656,1.909,0,5.957,0,0,0,0,0,0,0,0,0,0,2.826,0,0,2.235,0
JPB:bin_000433,0,0,0,0,0,0,0,0,0,0,0,0,0,0,0,0,0,0,0,0,0,0,0,0,0,0,0,0,0,0,0,0,0,0,0,0,0,0,0,0,0,0
JPB:bin_000434,1.484,0,0,0,0,1.868,0,0,0,0,0,0,17.259,0,0,0,0,0,0,0,0,0,0,1.605,0,0,1.75,0,0,0,0,0,0,0,0,0,0,0,0,0,0,0
JPB:bin_000435,0,0,0,0,0,0,0,0,0,0,0,0,0,0,0,0,0,0,0,0,0,0,0,0,0,0,0,0,0,0,0,0,0,0,0,0,0,0,0,0,0,0
JPB:bin_000436,0,0,0,0,0,0,0,0,0,0,0,0,0,0,0,0,0,0,0,0,0,0,0,0,0,0,0,0,0,0,0,0,0,0,0,0,0,0,0,0,0,0
JPB:bin_000437,0,0,0,0,0,0,0,0,0,0,0,0,0,0,0,0,0,0,0,0,0,0,0,0,0,0,0,0,0,0,0,0,0,0,0,0,0,0,0,0,0,0
JPB:bin_000438,0,0,0,0,0,0,0,0,0,0,0,0,0,0,0,0,0,0,0,0,0,0,0,0,0,0,0,0,0,0,0,0,0,0,0,0,0,0,0,0,0,0
JPB:bin_000439,0,0,0,0,0,0,0,0,0,0,0,0,0,0,0,0,0,0,0,0,0,0,0,0,0,0,0,0,0,0,0,0,0,0,0,0,0,0,0,0,0,0
JPB:bin_000440,0,0,0,0,0,0,0,0,0,0,0,0,0,0,0,0,0,0,0,0,0,0,0,0,0,0,0,0,0,0,0,0,0,0,0,0,0,0,0,0,0,0
JPB:bin_000441,1.593,0,0,0,0,0,0,0,0,3.468,0,0,0,0,0,0,0,0,0,0,0,0,0,2.069,0,0,2.524,0,2.509,0,0,0,1.498,0,0,0,0,0,0,0,0,0
JPB:bin_000442,0,0,0,0,0,0,0,0,0,0,0,0,0,0,0,0,0,0,0,0,0,0,0,0,0,0,0,0,0,0,0,0,0,0,0,0,0,0,0,0,0,0
JPB:bin_000443,0,0,0,0,0,0,0,0,0,0,0,0,0,0,0,0,0,0,0,0,0,0,0,0,0,0,0,0,0,0,0,0,0,0,0,0,0,0,0,0,0,0
JPB:bin_000445,0,0,0,0,0,0,0,0,0,0,0,0,0,0,0,0,0,0,0,0,0,0,0,0,0,0,0,0,0,0,0,0,0,0,0,0,0,0,0,0,0,0
JPB:bin_000448,0,0,0,0,0,0,0,0,0,0,0,0,0,0,0,0,0,0,0,0,0,0,0,0,0,0,0,0,0,0,0,0,0,0,0,0,0,0,0,0,0,0
JPB:bin_000449,0,0,0,0,0,0,0,0,0,0,0,0,0,0,0,0,0,0,0,0,0,0,0,0,0,0,0,0,0,0,0,0,0,0,0,0,0,0,0,0,0,0
JPB:bin_000450,0,0,0,0,0,0,0,0,0,0,0,7.812,0,0,0,0,0,0,0,0,0,0,0,0,0,0,0,0,0,0,0,0,0,0,0,0,0,0,0,0,0,0
JPB:bin_000452,0,0,0,0,0,0,0,0,0,0,0,0,0,0,0,0,0,0,0,0,0,0,0,0,0,0,0,0,0,0,0,0,0,0,0,0,0,0,0,0,0,0
JPB:bin_000453,0,0,0,0,0,0,0,0,0,0,0,0,0,0,0,0,0,0,0,0,0,0,0,0,0,0,2.491,0,0,0,0,0,0,0,0,0,0,0,0,0,0,0
JPB:bin_000454,0,0,0,0,0,0,0,0,0,0,0,0,0,0,0,0,0,0,0,0,0,0,0,0,0,0,0,0,0,0,0,0,0,0,0,0,0,0,0,0,0,0
JPB:bin_000457,0,0,0,0,0,0,0,0,0,0,0,0,0,0,0,0,0,0,0,0,0,0,0,0,0,0,0,0,0,0,0,0,0,0,0,0,0,0,0,0,0,0
JPB:bin_000459,0,0,0,0,0,0,0,0,0,0,0,0,2.838,0,0,0,0,0,2.201,0,0,0,0,0,0,0,0,0,0,0,0,0,0,0,0,0,0,0,0,0,0,0
JPB:bin_000460,9.767,16.898,0,6.387,23.776,0,1.7,11.242,0,35.931,5.263,4.022,15.346,7.972,0,5.17,0,0,16.991,6.132,7.025,17.024,0,20.936,5.878,5.99,26.82,0,14.156,4.205,10.974,0,7.151,7.871,0,3.151,3.492,20.523,10.627,0,14.434,9.149
JPB:bin_000461,0,0,0,0,0,0,0,0,0,0,0,0,0,0,0,0,0,0,0,0,0,0,0,0,0,0,0,0,0,0,0,0,0,0,0,0,0,0,0,0,0,0
JPB:bin_000462,0,0,0,0,0,0,0,0,0,0,0,0,0,0,0,0,0,0,0,0,0,0,0,0,0,0,0,0,0,0,0,0,0,0,0,0,0,0,0,0,0,0
JPB:bin_000463,0,0,0,0,2.323,0,0,0,0,3.526,0,0,0,0,0,0,0,0,3.013,0,0,0,0,2.4,0,0,4.885,0,1.643,0,0,0,2.095,1.838,0,0,0,0,0,0,0,0
JPB:bin_000464,2.143,2.643,0,0,3.579,0,0,0,0,6.024,0,0,2.266,0,0,0,0,0,3.462,4.159,0,0,0,3.692,0,2.139,5.446,0,2.368,0,2.985,0,2.174,0,0,0,0,3.872,2.863,0,0,0
JPB:bin_000465,0,0,0,0,0,0,0,0,0,0,0,0,0,0,0,0,0,0,0,0,0,0,0,0,0,0,0,0,0,0,0,0,0,0,0,0,0,0,0,0,0,0
JPB:bin_000467,0,0,0,0,0,0,0,0,0,0,0,0,0,0,0,0,0,0,0,0,0,0,0,0,0,0,0,0,0,0,0,0,0,0,0,0,0,0,0,0,0,0
JPB:bin_000468,0,0,0,0,0,0,0,0,0,0,0,0,0,0,0,0,0,0,0,0,0,0,0,0,0,0,0,0,0,0,0,0,0,0,0,0,0,0,0,0,0,0
JPB:bin_000469,1.977,0,0,0,0,0,0,0,0,2.348,0,0,0,0,0,0,0,0,0,0,0,0,0,0,0,0,2.231,0,0,0,0,0,0,0,0,0,0,0,0,0,0,0
JPB:bin_000470,4.135,4.222,0,1.813,6.085,0,0,0,0,8.882,3.336,2.378,5.194,1.6,0,1.664,0,0,7.186,3.122,1.743,2.451,0,5.741,4.569,0,6.806,0,0,0,1.701,0,1.903,1.721,0,0,0,6.205,4.705,0,3.37,2.233
JPB:bin_000471,0,0,0,0,0,0,0,0,0,0,0,0,0,0,0,0,0,0,0,0,0,0,0,0,0,0,0,0,0,0,0,0,0,0,0,0,0,0,0,0,0,0
JPB:bin_000473,0,0,0,0,0,0,0,0,0,0,0,0,0,0,0,0,0,0,0,0,0,0,0,0,0,0,0,0,0,0,0,0,0,0,0,0,0,0,0,0,0,0
JPB:bin_000474,4.081,7.374,0,7.763,16.177,0,0,4.88,0,23.355,4.724,3.044,6.084,2.556,0,4.361,0,0,10.452,6.064,3.45,2.345,0,16.984,3.943,2.613,13.4,0,8.257,2.696,4.024,0,8.058,3.38,0,5.125,0,11.871,3.372,0,11.094,8.834
JPB:bin_000475,0,0,0,0,0,0,0,0,0,0,0,0,0,0,0,0,0,0,0,0,0,0,0,0,0,0,0,0,0,0,0,0,0,0,0,0,0,0,0,0,0,0
JPB:bin_000476,0,0,0,0,0,0,0,0,0,0,0,0,0,0,0,0,0,0,0,0,0,0,0,0,0,0,0,0,0,0,0,0,0,0,0,0,0,0,0,0,0,0
JPB:bin_000477,0,0,0,0,0,0,0,0,0,0,0,0,0,0,0,0,0,0,0,0,0,0,0,0,0,0,0,0,0,0,0,0,0,0,0,0,0,0,0,0,0,0
JPB:bin_000479,0,0,0,0,0,0,0,0,0,0,0,0,0,0,0,0,0,0,0,0,0,0,0,0,0,0,0,0,0,0,0,0,0,0,0,0,0,0,0,0,0,0
JPB:bin_000480,0,0,0,0,0,0,0,0,0,0,0,0,0,0,0,0,0,0,0,0,0,0,0,0,0,0,0,0,0,0,0,0,0,0,0,0,0,0,0,0,0,0
JPB:bin_000482,0,0,0,0,0,0,0,0,0,0,0,0,0,0,0,0,0,0,0,0,0,0,0,0,0,0,0,0,0,0,0,0,0,0,0,0,0,0,0,0,0,0
JPB:bin_000483,0,0,0,0,0,0,0,0,0,0,0,0,0,0,0,0,0,0,0,0,0,0,0,0,0,0,0,0,0,0,0,0,0,0,0,0,0,0,0,0,0,0
JPB:bin_000484,0,0,0,0,0,0,0,0,0,0,0,0,0,0,0,0,0,0,0,0,0,0,0,0,0,0,0,0,0,0,0,0,0,0,0,0,0,0,0,0,0,0
JPB:bin_000485,1.476,0,0,0,0,0,0,0,0,3.218,0,0,0,0,0,0,0,0,0,0,0,0,0,0,0,0,0,0,0,0,0,0,0,0,0,0,0,0,0,0,0,0
JPB:bin_000486,0,0,0,0,0,0,0,0,0,0,0,0,0,0,0,0,0,0,0,0,0,0,0,0,0,0,0,0,0,0,0,0,0,0,0,0,0,0,0,0,0,0
JPB:bin_000487,0,0,0,0,0,0,0,0,0,0,0,0,0,0,0,0,0,0,0,0,0,0,0,0,0,0,0,0,0,0,0,0,0,0,0,0,0,0,0,0,0,0
JPB:bin_000488,0,0,0,0,0,0,0,0,0,0,0,0,0,0,0,0,0,0,0,0,0,0,0,0,0,0,0,0,0,0,0,0,0,0,0,0,0,0,0,0,0,0
JPB:bin_000489,0,0,0,0,0,0,0,0,0,0,0,0,0,0,0,0,0,0,0,0,0,0,0,0,0,0,0,0,0,0,0,0,0,0,0,0,0,0,0,0,0,0
JPB:bin_000490,0,0,0,0,0,0,0,0,0,0,0,0,0,0,0,0,0,0,0,0,0,0,0,0,0,0,0,0,0,0,0,0,0,0,0,0,0,0,0,0,0,0
JPB:bin_000491,0,1.92,0,0,0,0,0,0,0,2.269,0,0,0,0,0,0,0,0,0,0,0,0,0,1.695,0,0,0,0,0,0,0,0,0,0,0,0,0,2.382,0,0,0,0
JPB:bin_000492,0,0,0,0,0,0,0,0,0,0,0,0,0,0,0,0,0,0,0,0,0,0,0,0,0,0,0,0,0,0,0,0,0,0,0,0,0,0,0,0,0,0
JPB:bin_000495,0,0,0,0,0,0,0,0,0,0,0,0,0,0,0,0,0,0,0,0,0,0,0,0,0,0,0,0,0,0,0,0,0,0,0,0,0,0,0,0,0,0
JPB:bin_000496,0,0,0,0,0,0,0,0,0,0,0,0,0,0,0,0,0,0,0,0,0,0,0,0,0,0,0,0,0,0,0,0,0,0,0,0,0,0,0,0,0,0
JPB:bin_000498,2.04,0,0,1.389,2.497,0,0,0,0,7.175,0,0,2.396,1.399,0,2.35,0,0,1.654,3.931,0,0,0,3.238,1.472,1.948,5.775,0,0,0,2.909,0,1.985,0,0,0,0,6.535,2.773,0,3.026,1.622
JPB:bin_000499,0,0,0,0,0,0,0,0,0,0,0,0,0,0,0,0,0,0,0,0,0,0,0,0,0,0,0,0,0,0,0,0,0,0,0,0,0,0,0,0,0,0
JPB:bin_000500,0,0,0,0,0,0,0,0,0,0,0,0,0,0,0,0,0,0,0,0,0,0,0,0,0,0,0,0,0,0,0,0,0,0,0,0,0,0,0,0,0,0
JPB:bin_000503,0,0,0,0,0,0,0,0,0,0,0,0,0,0,0,0,0,0,0,0,0,0,0,0,0,0,0,0,0,0,0,0,0,0,0,0,0,0,0,0,0,0
JPB:bin_000504,0,0,0,0,0,0,0,0,0,0,0,0,0,0,0,0,0,0,0,0,0,0,0,0,0,0,0,0,0,0,0,0,0,0,0,0,0,0,0,0,0,0
JPB:bin_000505,0,0,0,0,0,0,0,0,0,0,0,0,0,0,0,0,0,0,0,0,0,0,0,0,0,0,0,0,0,0,0,0,0,0,0,0,0,0,0,0,0,0
JPB:bin_000506,0,0,0,0,0,0,0,0,0,0,0,0,0,0,0,0,0,0,0,0,0,0,0,0,0,0,0,0,0,0,0,0,0,0,0,0,0,0,0,0,0,0
JPB:bin_000508,0,0,0,0,0,0,0,0,0,0,0,0,0,0,0,0,0,0,0,0,0,0,0,0,0,0,0,0,0,0,0,0,0,0,0,0,0,0,0,0,0,0
JPB:bin_000510,0,0,0,0,0,0,0,0,0,0,0,3.501,0,0,0,0,0,0,1.936,0,0,0,0,0,0,0,4.205,0,0,0,0,0,0,0,0,0,0,0,1.718,0,0,0
JPB:bin_000511,0,0,0,0,1.539,0,0,0,0,0,0,0,0,0,0,0,0,0,0,0,0,0,0,0,0,0,2.471,0,0,0,0,0,0,0,0,0,0,0,0,0,0,0
JPB:bin_000513,2.051,0,0,0,0,0,0,0,0,0,0,0,0,0,0,0,0,0,0,0,0,0,0,0,0,0,2.681,0,4.868,0,0,0,0,0,0,0,0,0,0,0,0,0
JPB:bin_000514,0,1.832,0,1.842,2.654,0,0,0,0,3.856,0,0,1.478,0,0,0,0,0,3.322,2.073,1.534,1.571,1.525,4.282,0,0,4.783,0,5.523,0,1.766,0,2.759,0,0,0,0,2.947,2.119,0,1.658,2.249
JPB:bin_000515,0,0,0,0,0,0,0,0,0,0,0,0,0,0,0,0,0,0,0,0,0,0,0,0,0,0,0,0,0,0,0,0,0,0,0,0,0,0,0,0,0,0
JPB:bin_000516,0,0,0,0,2.204,0,0,0,0,0,0,2.768,0,0,0,0,0,0,2.686,3.299,0,0,0,0,0,0,7.668,0,0,1.609,0,0,0,0,0,0,0,2.144,0,0,0,0
JPB:bin_000518,4.11,7.188,0,3.055,10.898,0,0,2.962,0,17.219,3.592,1.818,6.488,2.537,0,3.284,0,0,10.193,3.99,2.882,1.951,0,10.841,3.175,3.087,13.585,0,2.866,2.786,6.699,0,4.026,0,0,2.383,2.782,14.326,6.874,0,6.144,3.578
JPB:bin_000521,0,0,0,0,0,0,0,0,0,0,0,0,0,0,0,0,0,0,0,0,0,0,0,0,0,0,0,0,0,0,0,0,0,0,0,0,0,0,0,0,0,0
JPB:bin_000523,0,0,0,0,0,0,0,0,0,0,0,0,0,0,0,0,0,0,0,0,0,0,0,0,0,0,0,0,0,0,0,0,0,0,0,0,0,0,0,0,0,0
JPB:bin_000524,0,3.143,0,0,4.149,0,0,0,0,0,0,0,0,0,0,1.435,0,0,0,0,0,0,0,0,0,0,0,0,0,0,0,0,0,0,0,0,0,0,0,0,0,0
JPB:bin_000525,0,0,0,0,0,0,0,0,0,0,0,0,0,0,0,0,0,0,0,0,0,0,0,0,0,0,0,0,0,0,0,0,0,0,0,0,0,0,0,0,0,0
JPB:bin_000526,0,0,0,0,0,0,0,0,0,0,0,0,0,0,0,0,0,0,0,0,0,0,0,0,0,0,0,0,0,0,0,0,0,0,0,0,0,0,0,0,0,0
JPB:bin_000529,0,0,0,0,0,0,0,0,0,0,0,0,0,0,0,0,0,0,0,0,0,0,0,0,0,0,0,0,0,0,0,0,0,0,0,0,0,0,0,0,0,0
JPB:bin_000530,0,0,0,0,0,0,0,0,0,0,0,0,0,0,0,0,0,0,0,0,0,0,0,0,0,0,0,0,0,0,0,0,0,0,0,0,0,0,0,0,0,0
JPB:bin_000532,0,0,0,0,0,0,0,0,0,0,0,0,0,0,0,0,0,0,0,0,0,0,0,0,0,0,0,0,0,0,0,0,0,0,0,0,0,0,0,0,0,0
JPB:bin_000533,0,3.103,0,2.114,0,0,0,0,0,3.408,0,0,3.446,0,0,0,0,0,0,0,0,0,0,0,0,0,3.51,0,0,0,2.364,0,0,0,0,0,0,0,0,0,0,0
JPB:bin_000534,0,3.457,0,2.57,0,0,0,0,0,3.946,0,0,3.212,0,0,0,0,0,0,0,0,0,0,0,0,0,3.917,0,0,0,2.445,0,0,0,0,0,0,3.438,0,0,0,0
JPB:bin_000535,0,0,0,0,0,0,0,0,0,0,0,0,0,0,0,0,0,0,0,0,0,0,0,0,0,0,0,0,0,0,0,0,0,0,0,0,0,0,0,0,0,0
JPB:bin_000536,0,0,0,0,0,0,0,0,0,0,0,0,0,0,0,0,0,0,0,0,0,0,0,0,0,0,0,0,5.888,0,0,0,0,0,0,0,0,0,0,0,0,0
JPB:bin_000539,68.4,77.55,0,39.237,165.809,5.643,4.742,52.751,0,206.317,54.832,48.596,81.794,27.907,2.957,35.259,5.933,0,113.244,85.299,45.317,37.397,7.985,107.311,48.191,34.022,194.542,6.781,103.724,31.279,44.62,0,69.339,75.446,0,21.809,21.209,102.944,72.085,0,78.834,51.804
JPB:bin_000541,0,0,0,0,0,0,0,0,0,0,0,0,0,0,0,0,0,0,0,0,0,0,0,0,0,0,0,0,0,0,0,0,0,0,0,0,0,0,0,0,0,0
JPB:bin_000542,0,0,0,0,0,0,0,0,0,0,0,0,0,0,0,0,0,0,0,0,0,0,0,0,0,0,0,0,0,0,0,0,0,0,0,0,0,0,0,0,0,0
JPB:bin_000543,0,0,0,0,0,0,0,0,0,0,0,0,0,0,0,0,0,0,0,0,0,0,0,0,0,0,0,0,0,0,0,0,0,0,0,0,0,0,0,0,0,0
JPB:bin_000544,2.169,12.7,0,5.259,15.482,0,0,3.248,0,4.75,1.866,2.562,5.973,0,0,1.492,0,0,6.108,2.234,2.029,8.49,0,3.818,0,0,4.133,0,2.635,0,1.693,0,2.815,2.246,0,0,2.652,3.923,0,0,6.552,0
JPB:bin_000545,0,0,0,0,0,0,0,0,0,0,0,0,0,0,0,0,0,0,0,0,0,0,0,0,0,0,0,0,0,0,0,0,0,0,0,0,0,0,0,0,0,0
JPB:bin_000548,38.89,38.291,0,20.075,75.533,0,2.464,25.188,0,102.741,26.654,23.801,41.692,14.921,0,16.636,0,0,57.532,46.023,20.663,21.785,3.356,53.814,21.814,21.255,107.574,3.392,39.458,15.657,26.172,0,28.656,33.314,0,11.437,12.458,52.58,36.256,0,39.697,24.477
JPB:bin_000550,0,0,0,0,0,0,0,0,0,0,0,0,0,0,0,0,0,0,0,0,0,0,0,0,0,0,0,0,0,0,0,0,0,0,0,0,0,0,0,0,0,0
JPB:bin_000551,0,0,0,0,0,0,0,0,0,0,0,0,0,0,0,0,0,0,0,0,0,0,0,0,0,0,0,0,0,0,0,0,0,0,0,0,0,0,0,0,0,0
JPB:bin_000553,0,0,0,0,0,0,0,0,0,0,0,0,0,0,0,0,0,0,0,0,0,0,0,0,0,0,0,0,0,0,0,0,0,0,0,0,0,0,0,0,0,0
JPB:bin_000556,0,0,0,0,0,0,0,0,0,0,0,0,0,0,0,0,0,0,0,0,0,0,0,0,0,0,0,0,0,0,0,0,0,0,0,0,0,0,0,0,0,0
JPB:bin_000557,0,0,0,0,0,0,0,0,0,0,0,0,0,0,0,0,0,0,0,0,0,0,0,0,0,0,1.41,0,0,0,0,0,0,0,0,0,0,0,0,0,0,0
JPB:bin_000558,0,0,0,0,0,0,0,0,0,0,0,0,0,0,0,0,0,0,0,0,0,0,0,0,0,0,0,0,0,0,0,0,0,0,0,0,0,0,0,0,0,0
JPB:bin_000559,0,0,0,0,0,0,0,0,0,1.745,1.784,0,0,0,0,0,0,0,1.718,0,0,0,0,0,0,0,0,0,0,0,0,0,0,0,0,0,0,0,0,0,0,0
JPB:bin_000560,0,0,0,2.068,4.477,0,0,0,0,2.917,0,0,0,0,0,0,0,0,5.664,0,0,0,0,2.266,0,0,4.066,0,3.256,0,0,0,0,2.364,0,0,0,2.662,1.575,0,1.88,2.251
JPB:bin_000562,3.856,14.846,0,7.901,16.771,0,2.43,2.975,0,21.051,5.689,3.833,3.511,0,0,1.313,0,0,8.15,3.492,4.168,0,0,20.701,3.557,0,16.222,0,7.903,3.378,0,0,3.283,3.85,0,2.043,0,0,6.426,0,7.805,6.991
JPB:bin_000563,0,0,0,0,0,0,0,0,0,0,0,0,0,0,0,0,0,0,0,0,0,0,0,0,0,0,0,0,0,0,0,0,0,0,0,0,0,0,0,0,0,0
JPB:bin_000565,0,0,0,0,0,0,0,0,0,0,0,0,0,0,0,0,0,0,0,0,0,0,0,0,0,0,0,0,0,0,0,0,0,0,0,0,0,0,0,0,0,0
JPB:bin_000566,2.243,2.203,0,1.43,1.41,0,0,0,0,2.243,0,0,0,0,0,0,0,0,1.594,0,0,90.681,0,1.696,0,0,0,0,10.29,0,0,0,1.842,0,0,0,3.9,2.169,1.676,0,0,0
JPB:bin_000567,0,0,0,0,0,0,0,0,0,0,0,0,0,0,0,0,0,0,0,0,0,0,0,0,0,0,0,0,0,0,0,0,0,0,0,0,0,0,0,0,0,0
JPB:bin_000570,0,0,0,0,0,0,0,0,0,0,0,0,0,0,0,0,0,0,0,0,0,0,0,0,0,0,0,0,0,0,0,0,0,0,0,0,0,0,0,0,0,0
JPB:bin_000572,0,0,0,0,0,0,0,0,0,0,0,0,0,0,0,0,0,0,0,0,0,0,0,0,0,0,0,0,0,0,0,0,0,0,0,0,0,0,0,0,0,0
JPB:bin_000574,0,0,0,0,0,0,0,0,0,0,0,0,0,0,0,0,0,0,0,0,0,0,0,0,0,0,0,0,0,0,0,0,0,0,0,0,0,0,0,0,0,0
JPB:bin_000575,0,0,0,0,0,0,0,0,0,0,0,0,0,0,0,0,0,0,0,0,0,0,0,0,0,0,0,0,0,0,0,0,0,0,0,0,0,0,0,0,0,0
JPB:bin_000576,0,6.084,0,2.782,0,0,0,0,0,2.906,0,0,0,0,0,3.451,0,0,4.121,0,6.126,0,0,4.512,0,0,0,0,2.935,0,0,0,8.706,3.509,0,4.06,0,0,0,0,3.617,0
JPB:bin_000577,0,0,0,0,0,0,0,0,0,0,0,0,0,0,0,0,0,0,0,0,0,0,0,0,0,0,2.079,0,0,0,0,0,0,0,0,0,0,0,0,0,0,0
JPB:bin_000578,0,0,0,0,0,0,0,0,0,0,0,0,0,0,0,0,0,0,0,0,0,0,0,0,0,0,0,0,0,0,0,0,0,0,0,0,0,0,0,0,0,0
JPB:bin_000579,0,0,0,0,0,0,0,0,0,0,0,0,0,0,0,0,0,0,0,0,0,0,0,0,0,0,0,0,0,0,0,0,0,0,0,0,0,0,0,0,0,0
JPB:bin_000582,0,0,0,0,0,0,0,0,0,0,0,0,0,0,0,0,0,0,0,0,0,0,0,0,0,0,0,0,0,0,0,0,0,0,0,0,0,0,0,0,0,0
JPB:bin_000585,0,0,0,0,0,0,0,0,0,0,0,0,0,0,0,0,0,0,0,0,0,0,0,0,0,0,0,0,0,0,0,0,0,0,0,0,0,0,0,0,0,0
JPB:bin_000586,0,0,0,0,0,0,0,0,0,0,0,0,0,0,0,0,0,0,0,0,0,0,0,0,0,0,0,0,0,0,0,0,0,0,0,0,0,0,0,0,0,0
JPB:bin_000587,0,0,0,0,0,0,0,0,0,0,0,0,0,0,0,0,0,0,0,0,0,0,0,0,0,0,0,0,0,0,0,0,0,0,0,0,0,0,0,0,0,0
JPB:bin_000588,0,0,0,0,0,0,0,0,0,0,0,0,0,0,0,0,0,0,2.119,0,0,0,0,0,0,0,0,0,0,0,0,0,0,0,0,0,0,0,0,0,0,0
JPB:bin_000594,6.013,17.055,0,5.048,5.306,0,0,5.996,0,16.466,3.9,3.777,9.515,0,0,1.174,0,0,8.096,3.702,2.873,10.278,0,7.455,5.784,0,12.903,0,8.043,0,4.688,0,4.243,5.096,0,0,5.579,6.217,9.282,0,7.321,6.54
JPB:bin_000595,0,0,0,0,0,0,0,0,0,0,0,0,0,0,0,0,0,0,0,0,0,0,0,0,0,0,0,0,0,0,0,0,0,0,0,0,0,0,0,0,0,0
JPB:bin_000599,0,0,0,0,0,0,0,0,0,0,0,0,0,0,0,0,0,0,0,0,0,0,0,0,0,0,0,0,0,0,0,0,0,0,0,0,0,0,0,0,0,0
JPB:bin_000600,0,0,0,0,0,0,0,0,0,0,0,0,0,0,0,0,0,0,0,0,0,0,0,0,0,0,0,0,0,0,0,0,0,0,0,0,0,0,0,0,0,0
JPB:bin_000601,0,0,0,0,0,0,0,0,0,0,0,0,0,0,0,0,0,0,0,0,0,0,0,0,0,0,0,0,0,0,0,0,0,0,0,0,0,0,0,0,0,0
JPB:bin_000603,0,0,0,0,0,0,0,0,0,0,0,0,0,0,0,0,0,0,0,0,0,0,0,0,0,0,0,0,0,0,0,0,0,0,0,0,0,0,0,0,0,0
JPB:bin_000605,10.219,17.495,0,8.66,22.112,0,0,5.753,0,39.381,6.522,5.441,13.799,3.861,0,6.451,0,0,20.145,18.02,9.724,5.328,0,28.326,10.789,2.844,39.652,0,17.821,5.918,15.802,2.118,10.388,15.117,0,3.348,0,24.029,10.305,0,11.283,12.716
JPB:bin_000606,0,0,0,0,0,0,0,0,0,0,0,0,0,0,0,0,0,0,0,0,0,0,0,0,0,0,0,0,0,0,0,0,0,0,0,0,0,0,0,0,0,0
JPB:bin_000608,0,0,0,0,0,0,0,0,0,0,0,0,0,0,0,0,0,0,0,0,0,0,0,0,0,0,0,0,0,0,0,0,0,0,0,0,0,0,0,0,0,0
JPB:bin_000609,4.223,6.708,0,6.563,8.619,0,0,5.46,0,14.276,2.724,2.79,6.353,2.032,0,2.515,0,0,9.345,2.355,6.542,3.91,0,9.258,3.317,2.175,10.322,0,2.359,0,3.822,0,11.522,2.491,0,0,0,6.702,4.795,0,7.046,8.578
JPB:bin_000611,58.429,40.605,0,28.853,58.728,2.647,6.685,38.476,0,91.403,27.107,30.053,64.927,31.104,0,20.664,0,0,78.831,60.997,13.422,39.729,3.13,74.071,23.324,57.258,159.559,4.065,24.357,21.378,60.873,0,28.513,25.269,0,8.737,32.042,71.875,50.074,0,53.768,20.784
JPB:bin_000612,16.122,22.921,0,7.395,42.608,0,0,21.276,0,33.261,12.504,24.857,17.439,5.406,0,2.601,0,0,36.175,47.208,10.425,9.158,0,21.106,8.321,1.514,65.076,2.523,6.816,5.447,6.478,0,17.95,14.694,0,2.332,4.63,12.695,46.848,0,14.361,11.618
JPB:bin_000615,3.278,0,0,0,3.679,0,0,0,0,3.244,0,0,0,0,0,0,0,0,0,0,0,0,0,0,1.675,0,2.289,0,4.457,0,0,0,0,0,0,0,0,2.759,0,0,0,0
JPB:bin_000616,0,0,0,0,0,0,0,0,0,0,0,0,0,0,0,0,0,0,0,0,0,0,0,0,0,0,0,0,0,0,0,0,0,0,0,0,0,0,0,0,0,0
JPB:bin_000617,3.811,1.575,0,2.446,4.077,0,0,0,0,4.893,0,0,0,0,0,3.78,0,0,4.508,1.603,2.961,0,0,7.364,2.011,1.393,7.715,0,4.658,0,2.235,0,2.181,3.539,0,0,0,6.47,3.125,0,3.15,3.491
JPB:bin_000618,0,0,0,0,0,0,0,0,0,0,0,0,0,0,0,0,0,0,0,0,0,0,0,0,0,0,0,0,0,0,0,0,0,0,0,0,0,0,0,0,0,0
JPB:bin_000619,0,0,0,0,0,0,0,0,0,0,0,0,0,0,0,0,0,0,0,0,0,0,0,0,0,0,0,0,0,0,0,0,0,0,0,0,0,0,0,0,0,0
JPB:bin_000621,0,0,0,0,0,0,0,0,0,0,0,0,0,0,0,0,0,0,0,0,0,0,0,0,0,0,0,0,0,0,0,0,0,0,0,0,0,0,0,0,0,0
JPB:bin_000622,8.995,5.191,0,6.409,6.793,0,0,0,0,7.53,3.286,1.568,4.253,2.158,0,1.449,0,0,5.463,3.911,1.49,0,0,4.978,2.646,0,12.567,0,22.241,0,2.855,0,3.413,6.109,0,0,0,5.574,2.625,0,4.186,1.679
JPB:bin_000627,0,0,0,0,0,0,0,0,0,0,0,0,0,0,0,0,0,0,0,0,0,0,0,0,0,0,0,0,0,0,0,0,0,0,0,0,0,0,0,0,0,0
JPB:bin_000628,0,0,0,0,0,0,0,0,0,0,0,1.667,0,0,0,0,0,0,0,0,0,0,0,0,0,0,0,0,0,0,0,0,0,0,0,0,0,0,0,0,0,0
JPB:bin_000629,0,0,0,0,0,0,0,0,0,0,0,0,0,0,0,0,0,0,0,0,0,0,0,0,0,0,0,0,0,0,0,0,0,0,0,0,0,0,0,0,0,0
JPB:bin_000630,0,0,0,0,0,0,0,0,0,0,0,0,0,0,0,0,0,0,0,0,0,0,0,0,0,0,0,0,0,0,0,0,0,0,0,0,0,0,0,0,0,0
JPB:bin_000632,0,0,0,0,0,0,0,0,0,0,0,0,0,0,0,0,0,0,0,0,0,0,0,0,0,0,0,0,0,0,0,0,0,0,0,0,0,0,0,0,0,0
JPB:bin_000633,0,0,0,0,0,0,0,0,0,0,0,0,0,0,0,0,0,0,0,0,0,0,0,0,0,0,0,0,0,0,0,0,0,0,0,0,0,0,0,0,0,0
JPB:bin_000634,0,0,0,0,0,0,0,0,0,0,0,0,0,0,0,0,0,0,0,0,0,0,0,0,0,0,0,0,0,0,0,0,0,0,0,0,0,0,0,0,0,0
JPB:bin_000635,0,0,0,0,0,0,0,0,0,0,0,0,0,0,0,0,0,0,0,0,0,0,0,0,0,0,0,0,0,0,0,0,0,0,0,0,0,0,0,0,0,0
JPB:bin_000636,0,0,0,2.222,3.367,0,0,0,0,6.719,0,0,0,0,0,0,0,0,0,0,0,0,0,2.566,0,0,1.966,0,0,0,0,0,0,0,0,0,0,5.156,2.52,0,0,0
JPB:bin_000637,0,0,0,0,0,0,0,0,0,0,0,0,0,0,0,0,0,0,0,0,0,0,0,0,0,0,0,0,0,0,0,0,0,0,0,0,0,0,0,0,0,0
JPB:bin_000638,0,0,0,0,0,0,0,0,0,0,0,0,0,0,0,0,0,0,0,0,0,0,0,0,0,0,0,0,0,0,0,0,0,0,0,0,0,0,0,0,0,0
JPB:bin_000639,0,0,0,0,1.739,0,0,1.711,0,2.484,0,0,2.12,0,0,0,0,0,5.091,6.403,1.448,0,0,2.084,0,0,0,0,0,1.671,0,0,0,0,0,0,3.651,4.686,0,0,0,0
JPB:bin_000640,0,0,0,0,0,0,0,0,0,0,0,0,0,0,0,0,0,0,0,0,0,0,0,0,0,0,0,0,0,0,0,0,0,0,0,0,0,0,0,0,0,0
JPB:bin_000641,0,0,0,0,0,0,0,0,0,0,0,0,0,0,0,0,0,0,0,0,0,0,0,0,0,0,0,0,0,0,0,0,0,0,0,0,0,0,0,0,0,0
JPB:bin_000643,0,0,0,0,0,0,0,0,0,0,0,0,0,0,0,0,0,0,0,0,0,0,0,0,0,0,0,0,0,0,0,0,0,0,0,0,0,0,0,0,0,0
JPB:bin_000644,0,0,0,0,0,0,0,0,0,0,0,0,0,0,0,0,0,0,0,0,0,0,0,0,0,0,0,0,0,0,0,0,0,0,0,0,0,0,0,0,0,0
JPB:bin_000645,3.54,2.452,0,0,2.955,0,0,0,0,5.881,0,0,1.846,0,0,0,0,0,2.658,1.549,3.044,0,0,3.087,1.842,0,5.109,0,2.15,0,0,0,1.985,1.564,0,0,0,3.439,2.684,0,2.632,2.362
JPB:bin_000647,0,0,0,0,3.342,0,0,0,0,5.965,0,0,1.637,0,0,0,0,0,1.984,0,0,0,0,1.99,0,0,5.059,0,1.791,0,0,0,0,0,0,0,0,2.31,0,0,0,0
JPB:bin_000648,0,0,0,0,0,1.82,0,0,0,0,0,0,6.69,0,0,0,0,0,0,0,0,0,0,0,0,0,0,0,0,0,0,0,0,0,0,0,0,0,0,0,0,0
JPB:bin_000651,0,0,0,0,0,0,0,0,0,3.097,0,0,0,0,0,0,0,0,0,0,0,0,0,0,0,0,0,0,0,0,0,0,0,0,0,0,0,0,0,0,0,0
JPB:bin_000652,1.961,0,0,1.778,6.723,0,0,2.405,0,8.244,0,0,3.596,0,0,0,0,0,3.692,0,1.791,0,0,0,0,0,4.676,0,0,0,0,0,2.216,1.994,0,0,0,2.66,1.814,0,2.328,2.103
JPB:bin_000653,5.466,4.992,0,2.534,7.265,0,0,2.786,0,13.099,0,0,5.385,1.42,0,2.026,0,0,9.502,4.883,44.586,0,0,10.434,6.1,1.775,12.482,0,2.568,0,2.683,0,5.35,3.672,0,0,0,7.794,3.84,0,6.7,5.248
JPB:bin_000654,0,0,0,0,0,0,0,0,0,0,0,0,0,0,0,0,0,0,0,0,0,0,0,0,0,0,0,0,0,0,0,0,0,0,0,0,0,0,0,0,0,0
JPB:bin_000655,0,0,0,0,0,0,0,0,0,0,0,0,0,0,0,0,0,0,0,0,0,0,0,0,0,0,0,0,0,0,0,0,0,0,0,0,0,0,0,0,0,0
JPB:bin_000657,7.657,6.428,0,4.796,12.292,0,0,5.287,0,26.413,4.967,2.578,8.905,3.216,0,4.569,0,0,13.115,8.497,4.306,2.139,0,18.253,7.564,3.605,25.092,0,6.142,3.139,4.882,0,7.92,6.238,0,2.266,0,11.805,7.649,0,7.341,9.444
JPB:bin_000658,0,2.444,0,0,0,0,0,0,0,6.006,0,0,0,0,0,0,0,0,4.579,0,0,0,0,5.91,0,0,4.327,0,0,0,0,0,5.902,1.915,0,0,0,0,0,0,0,0
JPB:bin_000659,0,0,0,0,0,0,0,0,0,0,0,0,0,0,0,0,0,0,0,0,0,0,0,0,0,0,0,0,0,0,0,0,0,0,0,0,0,0,0,0,0,0
JPB:bin_000660,0,0,0,0,0,0,0,0,0,1.898,0,1.441,0,0,0,0,0,0,1.522,0,0,0,0,0,0,0,1.83,0,0,0,0,0,0,0,0,0,0,0,0,0,0,0
JPB:bin_000661,0,0,0,0,0,0,0,0,0,0,0,0,0,0,0,0,0,0,0,0,0,0,0,0,0,0,0,0,0,0,0,0,0,0,0,0,0,0,0,0,0,0
TJ1:bin_000004,0,8.576,0,0,3.407,0,0,2.099,0,14.176,0,0,4.988,1.3,0,1.768,0,0,2.875,3.153,1.354,1.952,0,5.474,3.251,0,4.99,0,0,0,5.451,0,3.933,0,0,0,0,4.528,1.883,0,2.412,3.243
TJ1:bin_000005,1.861,2.473,0,2.145,2.966,0,0,0,0,5.419,0,0,2.411,0,0,0,0,0,4.402,1.46,2.75,0,0,3.107,1.516,0,4.402,0,0,0,0,0,1.881,0,0,0,0,2.738,2.166,0,4.737,1.589
TJ1:bin_000006,6.327,19.226,0,7.758,20.226,0,0,7.71,0,31.435,5.068,5.331,12.497,3.624,0,5.141,0,0,15.634,16.814,7.349,2.839,0,35.482,10.615,2.965,40.034,0,13.836,6.705,15.724,0,10.791,9.407,0,3.484,0,18.696,9.63,0,10.728,14.364
TJ1:bin_000008,0,0,0,0,0,0,0,0,0,0,1.628,0,0,0,0,0,0,0,1.877,0,0,0,0,0,0,0,0,0,0,0,0,0,0,1.504,0,0,0,0,0,0,0,0
TJ1:bin_000010,0,1.613,0,0,0,0,0,0,0,2.315,0,1.764,1.775,0,0,0,0,0,2.333,2.44,0,0,0,1.614,0,0,11.714,0,0,0,0,0,2.265,0,0,0,0,0,2.02,0,0,0
TJ1:bin_000011,0,0,0,0,0,0,0,0,0,0,0,0,0,0,0,0,0,0,14.132,0,0,0,0,0,0,0,0,0,0,0,0,0,0,0,0,0,0,0,0,0,0,0
TJ1:bin_000016,0,0,0,0,0,0,0,0,0,0,0,0,0,0,0,0,0,0,0,0,0,0,0,0,0,0,0,0,0,0,0,0,0,0,0,0,0,0,0,0,0,0
TJ1:bin_000017,1.716,1.887,0,0,0,0,0,0,0,0,0,0,0,0,0,0,0,0,0,0,0,0,0,0,0,0,0,0,0,0,2.223,0,0,0,0,0,0,0,0,0,0,0
TJ1:bin_000023,0,0,0,0,1.648,0,0,0,0,0,0,0,0,0,0,0,0,0,0,0,0,0,0,0,0,0,1.891,0,0,0,1.674,0,0,0,0,0,0,0,0,0,0,0
TJ1:bin_000026,0,0,0,0,0,0,0,0,0,0,0,0,0,0,0,0,0,0,0,0,0,0,0,0,0,0,0,0,0,0,0,0,0,0,0,0,0,0,0,0,0,0
TJ1:bin_000028,3.392,40.438,0,0,2.386,0,0,0,0,3.434,1.607,13.244,1.998,0,0,0,0,0,6.182,4.769,4.558,1.821,0,1.484,0,1.71,42.71,0,0,0,3.518,0,1.976,0,0,0,0,2.671,3.506,0,1.982,0
TJ1:bin_000030,0,0,0,0,0,0,0,0,0,0,0,0,0,0,0,0,0,0,0,0,0,0,0,0,0,0,0,0,0,0,0,0,0,0,0,0,0,0,0,0,0,0
TJ1:bin_000031,0,0,0,1.57,4.092,0,0,0,0,9.176,0,0,1.738,0,0,0,0,0,0,0,1.478,0,0,3.471,0,0,5.256,0,0,0,0,0,0,0,0,0,0,1.514,1.989,0,0,4.767
TJ1:bin_000033,41.179,69.483,0,36.836,62.679,0,4.897,26.237,3.585,299.084,40.218,14.766,85.666,8.668,2.299,14.176,5.423,0,37.892,46.058,19.378,7.616,2.294,77.017,29.456,8.117,73.015,0,54.253,16.208,45.262,0,59.127,48.545,28.176,13.056,6.463,138.357,74.325,0,64.166,26.876
TJ1:bin_000037,2.07,2.764,0,0,3.989,0,0,0,0,9.289,3.371,0,4.293,2.339,0,2.056,0,0,5.054,0,1.695,0,0,9.944,0,0,9.849,0,3.333,0,0,0,7.77,3.283,0,2.148,0,1.98,3.248,0,3.668,1.587
TJ1:bin_000038,0,1.872,0,0,0,0,0,0,0,0,0,0,0,0,0,0,0,0,0,0,0,0,0,0,0,0,0,0,0,0,0,0,0,0,0,0,0,0,0,0,0,0
TJ1:bin_000042,0,7.51,0,0,2.184,0,0,3.955,0,2.522,0,21.012,0,0,0,0,0,0,4.566,3.72,0,0,0,0,0,1.684,9.944,0,0,0,0,0,3.198,0,0,0,0,1.931,6.507,0,0,0
TJ1:bin_000046,6.673,6.872,0,4.864,2.407,0,0,5.752,0,14.101,3.669,6.782,11.945,0,0,4.989,0,0,11.954,7.554,0,0,5.06,8.332,5.462,3.377,24.342,0,2.869,0,3.948,0,2.927,8.893,0,0,0,6.803,1.768,0,2.639,2.659
TJ1:bin_000047,4.669,1.921,0,2.462,15.749,0,0,4.049,0,15.099,0,1.551,2.211,1.496,0,6.684,0,0,11.111,3.618,5.464,0,0,5.261,1.937,1.876,12.658,0,5.827,2.678,0,0,3.41,2.59,0,3.346,0,5.973,2.071,0,3.2,4.774
TJ1:bin_000049,0,2.557,0,0,2.584,0,0,0,0,1.611,0,0,0,0,0,0,0,0,0,0,0,0,0,0,0,0,2.159,0,2.158,0,0,0,0,0,0,0,0,0,0,0,0,0
TJ1:bin_000053,0,0,0,0,1.93,0,0,0,0,2.168,0,0,0,0,0,0,0,0,0,0,0,0,0,0,0,0,0,0,0,0,0,0,0,0,0,0,0,0,0,0,0,0
TJ1:bin_000057,0,0,0,0,0,0,0,0,0,0,0,0,0,0,0,0,0,0,0,0,0,0,0,0,0,0,2.656,0,0,0,0,0,0,0,0,0,0,0,0,0,0,0
TJ1:bin_000062,0,0,0,0,0,0,0,0,0,0,0,0,0,0,0,0,0,0,0,0,0,0,0,0,0,0,0,0,0,0,0,0,0,0,0,0,0,0,0,0,0,0
TJ1:bin_000065,0,0,0,0,0,0,0,0,0,0,0,0,0,0,0,0,0,0,0,0,0,0,0,0,0,0,0,0,0,0,0,0,0,0,0,0,0,0,0,0,0,0
TJ1:bin_000071,0,0,0,0,0,0,0,0,0,0,0,0,0,0,0,0,0,0,0,0,0,0,0,0,0,0,0,0,0,0,0,0,0,0,0,0,0,0,0,0,0,0
TJ1:bin_000072,0,0,0,0,0,1.696,0,0,0,0,1.952,0,5.553,0,0,0,0,0,0,0,0,1.51,0,0,0,0,0,0,0,0,0,0,0,0,0,0,0,0,0,0,0,0
TJ1:bin_000075,0,0,0,0,0,0,0,0,0,1.688,0,0,0,0,0,0,0,0,0,0,0,0,0,0,0,0,0,0,0,0,0,0,0,0,0,0,0,0,0,0,0,0
TJ1:bin_000077,0,3.057,0,1.928,2.609,0,0,0,0,3.272,0,4.647,2.537,0,0,0,0,0,0,4.642,3.978,0,0,1.872,0,0,8.055,0,0,0,0,0,2.203,0,0,0,0,0,2.374,0,1.567,0
TJ1:bin_000082,0,3.246,0,0,0,0,0,0,0,2.066,0,4.801,0,0,0,0,0,0,9.971,4.769,0,0,0,0,0,0,2.203,0,0,0,1.645,0,0,0,0,0,0,2.665,0,0,0,0
TJ1:bin_000085,0,0,0,0,0,0,0,0,0,0,0,0,0,0,0,0,0,0,0,0,0,0,0,0,0,0,0,0,0,0,0,0,0,0,0,0,0,0,0,0,0,0
TJ1:bin_000086,0,0,0,0,0,0,0,0,0,0,0,0,0,0,0,0,0,0,0,0,0,0,0,0,0,0,0,0,0,0,0,0,0,0,0,0,0,0,0,0,0,0
TJ1:bin_000088,0,0,0,0,0,0,0,0,0,0,0,0,0,0,0,0,0,0,0,0,0,0,0,0,0,0,0,0,0,0,0,0,0,0,0,0,0,0,0,0,0,0
TJ1:bin_000089,0,0,0,0,0,0,0,0,0,0,0,0,0,0,0,0,0,0,0,0,0,0,0,0,0,0,0,0,0,0,0,0,0,0,0,0,0,0,0,0,0,0
TJ1:bin_000092,0,0,0,0,0,0,0,0,0,0,0,0,0,0,0,0,0,0,0,0,0,0,0,0,0,0,0,0,0,0,0,0,0,0,0,0,0,0,0,0,0,0
TJ1:bin_000093,0,0,0,0,0,0,0,0,0,0,0,0,0,0,0,0,0,0,0,0,0,0,0,0,0,0,0,0,0,0,0,0,0,0,0,0,0,0,0,0,0,0
TJ1:bin_000094,0,0,0,0,0,0,0,0,0,0,0,0,0,0,0,0,0,0,0,0,0,0,0,0,0,0,0,0,0,0,0,0,0,0,0,0,0,0,0,0,0,0
TJ1:bin_000097,8.091,13.487,0,8.288,10.164,0,0,6,0,16.553,6.107,2.833,7.795,1.345,0,3.644,0,0,28.55,4.801,10.562,0,0,22.223,6.514,0,25.956,0,15.771,3.753,2.514,2.987,6.93,9.658,0,3.337,0,11.957,3.98,0,8.767,9.852
TJ1:bin_000101,0,1.561,0,0,3.578,0,0,0,0,6.242,0,0,3.494,0,0,1.739,0,0,5.183,0,0,0,0,7.311,0,0,3.3,0,0,0,2.039,0,2.505,4.616,0,0,0,2.11,0,0,2.315,0
TJ1:bin_000109,0,0,0,0,0,0,0,0,0,0,0,0,0,0,0,0,0,0,0,0,0,0,0,0,0,0,0,0,0,0,0,0,0,0,0,0,0,0,0,0,0,0
TJ1:bin_000112,17.665,8.024,0,2.509,19.058,2.175,0,10.171,0,25.75,3.882,7.531,10.927,2.061,0,0,0,0,57.661,12.604,6.517,5.825,1.628,10.054,5.154,4.952,9.002,0,8.443,8.161,6.678,0,6.988,6.582,0,1.774,13.049,17.4,12.179,0,12.043,7.797
TJ1:bin_000114,0,0,0,0,0,0,0,0,0,0,0,0,0,0,0,0,0,0,8.185,0,0,0,0,0,0,0,0,0,0,0,0,0,0,0,0,0,0,1.68,0,0,0,0
TJ1:bin_000117,0,0,0,0,0,0,0,0,0,0,0,0,0,0,0,0,0,0,0,0,0,0,0,0,0,0,0,0,0,0,0,0,0,0,0,0,0,0,0,0,0,0
TJ1:bin_000119,0,0,0,0,0,0,0,0,0,0,0,0,0,0,0,0,0,0,0,0,0,0,0,0,0,0,0,0,0,0,0,0,0,0,0,0,0,0,0,0,0,0
TJ1:bin_000121,0,0,0,0,5.107,0,0,0,0,6.058,0,0,2.323,0,0,0,0,0,2.478,0,0,2.396,0,2.205,1.588,0,6.881,0,0,1.516,0,0,0,1.803,0,0,0,4.64,2.652,0,3.709,0
TJ1:bin_000124,0,1.502,0,0,2.378,0,0,0,0,1.665,0,0,0,0,0,0,0,0,0,0,0,0,0,2.041,0,0,0,0,0,0,2.084,0,0,0,0,0,0,0,0,0,0,0
TJ1:bin_000126,0,0,0,0,0,0,0,0,0,0,0,0,0,0,0,0,0,0,0,0,0,0,0,0,0,0,0,0,1.435,0,0,0,0,0,0,0,0,0,0,0,0,0
TJ1:bin_000133,0,0,0,0,1.836,0,0,0,0,0,0,0,0,0,0,0,0,0,0,0,0,0,0,0,0,0,0,0,0,0,0,0,0,0,0,0,0,0,0,0,0,0
TJ1:bin_000134,0,0,0,0,0,0,0,0,0,0,0,0,0,0,0,0,0,0,0,0,0,0,0,0,0,0,0,0,0,0,0,0,0,0,0,0,0,0,0,0,0,0
TJ1:bin_000137,0,0,0,0,0,0,0,0,0,0,0,0,0,0,0,0,0,0,0,0,0,0,0,0,0,0,0,0,0,0,0,0,0,0,0,0,0,0,0,0,0,0
TJ1:bin_000138,0,0,0,0,0,0,0,0,0,0,0,0,0,0,0,0,0,0,0,0,0,0,0,0,0,0,0,0,0,0,0,0,0,0,0,0,0,0,0,0,0,0
TJ1:bin_000143,0,0,0,0,0,0,0,0,0,0,0,0,0,0,0,0,0,0,0,0,0,0,0,0,0,0,0,0,0,0,0,0,0,0,0,0,0,0,0,0,0,0
TJ1:bin_000144,0,1.53,0,0,0,0,0,0,0,0,1.572,0,43.155,0,0,0,0,0,2.134,0,0,0,0,4.499,0,0,3.684,0,0,1.866,0,0,0,0,0,0,0,0,0,0,0,0
TJ1:bin_000147,0,0,0,0,0,0,0,0,0,0,0,0,0,0,0,0,0,0,0,0,0,0,0,0,0,0,0,0,0,0,0,0,0,0,0,0,0,0,0,0,0,0
TJ1:bin_000149,0,0,0,0,0,0,0,0,0,0,0,0,0,0,0,0,0,0,0,0,0,0,0,0,0,0,0,0,0,0,0,0,0,0,0,0,0,0,0,0,0,0
TJ1:bin_000151,0,0,0,0,0,0,0,0,0,0,0,2.985,0,0,0,0,0,0,2.418,0,0,0,0,0,0,0,6.618,0,0,0,0,0,0,0,0,0,0,0,0,0,0,0
TJ1:bin_000159,6.463,2.46,0,3.732,6.137,0,0,1.796,0,10.035,0,1.804,4.591,2.305,0,2.566,0,0,3.312,3.808,1.46,2.308,0,5.999,0,6.818,12.118,0,3.813,0,7.008,0,0,0,0,1.655,3.346,6.087,1.844,0,5.358,1.777
TJ1:bin_000163,0,0,0,0,1.363,0,0,0,0,2.874,0,0,0,0,0,0,0,0,0,0,1.295,0,0,1.609,0,0,2.076,0,0,0,0,0,0,1.851,0,0,0,0,0,0,0,0
TJ1:bin_000164,2.587,3.452,0,0,2.668,0,0,0,0,8.218,1.443,1.542,1.733,0,0,0,0,0,2.167,1.528,2.323,1.83,0,4.176,0,0,4.895,0,0,0,0,0,2.594,4.267,0,0,0,2.267,2.679,0,2.92,3.825
TJ1:bin_000166,0,0,0,0,0,0,0,0,0,0,0,0,0,0,0,0,0,0,0,0,0,0,0,0,0,0,0,0,0,0,0,0,0,0,0,0,0,0,0,0,0,0
TJ1:bin_000167,0,0,0,0,0,0,0,0,0,2.242,0,0,0,0,0,0,0,0,0,0,0,0,0,0,0,0,0,0,0,1.588,0,0,0,0,0,0,0,0,0,0,0,0
TJ1:bin_000168,0,0,0,0,0,0,0,0,0,0,0,0,0,0,0,0,0,0,0,0,0,0,0,0,0,0,0,0,0,0,0,0,0,0,0,0,0,0,0,0,0,0
TJ1:bin_000173,0,0,0,0,0,0,0,0,0,0,0,0,0,0,0,0,0,0,0,0,0,0,0,0,0,0,0,0,0,0,0,0,0,0,0,0,0,0,0,0,0,0
TJ1:bin_000175,0,0,0,0,0,0,0,0,0,0,0,0,0,0,0,0,0,0,0,0,0,0,0,0,0,0,0,0,0,0,0,0,0,0,0,0,0,0,0,0,0,0
TJ1:bin_000177,0,0,0,0,0,0,0,0,0,2.335,0,0,0,0,0,0,0,0,0,0,0,0,0,0,0,0,2.018,0,0,0,0,0,0,0,0,0,0,2.177,0,0,0,0
TJ1:bin_000183,0,0,0,0,0,0,0,0,0,0,0,0,0,0,0,0,0,0,0,0,0,0,0,0,0,0,0,0,0,0,0,0,0,0,0,0,0,0,0,0,0,0
TJ1:bin_000191,1.705,0,0,0,0,0,0,0,0,0,0,0,1.377,0,0,0,0,0,0,0,0,2.859,0,0,0,0,0,0,0,0,0,0,0,0,0,0,0,1.781,0,0,0,0
TJ1:bin_000194,0,0,0,0,2.687,0,0,0,0,4.134,0,0,2.361,0,0,0,0,0,3.786,4.606,1.629,1.907,0,3.562,0,0,7.804,0,0,0,0,0,0,0,0,0,0,2.066,1.991,0,0,0
TJ1:bin_000196,0,0,0,0,1.782,0,0,0,0,1.837,0,0,1.548,0,0,0,0,0,3.895,0,0,0,0,3.365,1.432,0,3.436,0,0,0,0,0,0,1.907,0,0,0,2.602,1.705,0,0,0
TJ1:bin_000197,4.953,0,0,0,0,0,0,0,0,0,0,0,0,0,0,0,0,0,1.658,0,0,0,0,2.904,0,0,0,0,3.879,0,2.3,0,0,5.187,0,0,0,1.77,0,0,0,0
TJ1:bin_000199,2.445,3.222,0,0,4.011,0,0,0,0,7.467,0,1.56,5.387,0,0,1.283,0,0,3.644,2.233,3.693,0,0,6.784,2.361,0,4.557,0,8.395,0,0,0,5.314,0,0,0,0,0,0,0,4.636,0
TJ1:bin_000211,2.13,0,0,0,2.121,0,0,0,0,3.415,0,0,0,2.33,0,1.165,0,0,2.079,0,0,0,0,4.241,0,2.042,4.695,0,0,0,2.556,0,0,0,0,0,0,2.82,1.685,0,0,0
TJ1:bin_000214,0,0,0,0,0,0,0,0,0,4.577,0,0,0,0,0,0,0,0,0,0,0,0,0,0,0,0,2.351,0,2.144,0,0,0,0,0,0,0,0,0,0,0,0,2.439
TJ1:bin_000217,0,0,0,0,0,0,0,0,0,0,0,0,0,0,0,0,0,0,0,0,0,0,0,0,0,0,0,0,0,0,0,0,0,0,0,0,0,0,0,0,0,0
TJ1:bin_000219,14.325,58.085,0,7.382,15.931,1.727,2.532,7.613,0,69.487,6.569,7.874,19.207,5.737,1.532,6.852,2.244,0,24.346,20.402,6.442,8.546,0,31.55,25.718,6.684,35.149,0,4.778,7.199,41.08,0,14.323,9.447,0,3.429,2.655,34.681,15.349,0,15.456,18.406
TJ1:bin_000222,1.636,0,0,0,2.096,0,0,0,0,0,0,0,0,0,0,0,0,0,1.539,0,0,0,0,1.538,0,0,2.836,0,4.843,0,0,0,0,0,0,0,0,0,0,0,0,1.582
TJ1:bin_000223,0,0,0,0,0,0,0,0,0,0,0,0,0,0,0,0,0,0,0,0,0,0,0,0,0,0,0,0,0,0,0,0,0,0,0,0,0,0,0,0,0,0
TJ1:bin_000225,1.944,0,0,2.609,2.678,0,0,0,0,3.201,2.112,0,0,0,0,0,0,0,1.956,0,0,0,0,2.524,1.629,0,5.975,0,0,0,0,0,0,0,0,0,0,2.504,0,0,2.55,0
TJ1:bin_000227,11.195,2.962,0,3.074,8.116,0,0,3.827,0,15.17,2.017,2.35,7.624,2.914,0,4.324,0,0,8.918,5.363,1.873,2.705,0,12.289,2.533,3.664,15.771,0,6.371,1.761,6.175,0,2.745,7.833,0,3.075,1.881,12.265,3.286,0,6.21,3.966
TJ1:bin_000240,5.735,7.416,0,4.918,3.479,0,0,1.979,0,6.465,2.612,0,3.198,0,0,0,0,0,3.601,2.415,0,5.879,0,4.008,1.82,1.532,5.085,0,3.164,0,10.51,0,0,0,0,0,0,6.993,3.528,0,4.034,2.35
TJ1:bin_000246,0,0,0,0,0,0,0,0,0,0,0,0,0,0,0,0,0,0,0,0,0,0,0,0,0,0,3.088,0,1.86,0,0,0,0,0,0,0,0,0,0,0,0,0
TJ1:bin_000248,0,0,0,0,0,0,0,0,0,0,0,0,0,0,0,0,0,0,1.497,0,0,0,0,0,0,0,8.543,0,0,0,0,0,2.406,0,0,0,0,0,0,0,0,0
TJ1:bin_000249,0,2.263,0,0,3.225,0,0,0,0,5.515,0,0,2.419,0,0,0,0,0,1.744,0,0,0,0,3.223,2.439,0,3.624,0,3.077,0,2.896,0,0,0,0,0,0,4.195,0,0,0,0
TJ1:bin_000252,1.812,3.941,0,2.672,15.485,0,0,5.26,0,13.087,1.921,0,6.285,4.078,0,3.344,0,0,12.243,2.057,2.47,1.468,0,12.298,0,0,9.638,0,6.251,3.083,2.981,2.245,4.487,3.073,0,2.479,0,6.233,1.91,0,4.335,3.116
TJ1:bin_000254,0,0,0,0,1.713,0,0,0,0,0,1.439,0,0,0,0,0,0,0,1.599,0,0,0,0,0,0,0,3.648,0,0,0,1.617,0,0,0,0,0,0,0,0,0,0,0
TJ1:bin_000260,3.036,3.19,0,0,2.768,0,0,2.075,0,3.666,0,4.977,5.672,1.812,0,0,0,0,4.316,3.049,0,2.787,0,3.856,1.9,2.38,11.736,0,0,0,3.308,0,4.16,2.162,0,0,1.538,3.668,3.703,0,1.978,0
TJ1:bin_000269,0,0,0,0,0,0,0,0,0,2.433,0,0,0,0,0,0,0,0,1.471,0,0,0,0,1.668,0,0,2.1,0,0,0,0,0,0,0,0,0,0,0,0,0,0,0
TJ1:bin_000276,0,0,0,0,0,0,0,0,0,0,0,0,0,0,0,0,0,0,1.872,0,0,0,0,0,0,0,0,0,0,0,0,0,0,0,0,0,0,0,0,0,0,0
TJ1:bin_000278,3.67,7.87,0,3.689,8.279,0,0,5.482,0,13.537,3.448,3.77,7.458,1.655,0,3.035,0,0,8.284,5.645,3.387,2.915,0,11.158,2.408,1.999,10.956,0,2.242,0,4.986,1.876,6.69,2.504,0,0,2.572,6.158,4.987,0,5.862,3.28
TJ1:bin_000279,13.527,9.145,0,10.757,22.295,0,0,5.901,0,32.905,9.975,5.842,13.283,4.482,0,5.585,0,0,17.718,7.375,6.819,7.341,0,18.344,8.818,9.222,38.174,1.547,8.894,3.595,8.812,0,7.369,10.66,0,2.604,5.538,19.18,12.023,0,13.151,6.769
TJ1:bin_000280,0,0,0,0,0,0,0,0,0,0,0,0,0,0,0,0,0,0,1.712,0,0,0,0,0,0,0,0,0,0,0,0,0,0,0,0,0,0,0,0,0,0,0
TJ1:bin_000285,0,1.901,0,0,0,0,0,0,0,3.015,0,0,2.639,0,0,0,0,0,0,0,0,0,0,1.766,0,0,1.934,0,0,0,0,0,0,2.154,0,0,0,2.751,0,0,9.547,0
TJ1:bin_000290,0,0,0,0,0,0,0,0,0,0,0,0,0,0,0,0,0,0,0,0,0,0,0,0,0,0,0,0,0,0,0,0,0,0,0,0,0,0,0,0,0,0
TJ1:bin_000299,0,0,0,0,0,0,0,0,0,1.875,0,0,0,0,0,0,0,0,0,0,0,0,0,0,0,0,0,0,0,0,0,0,0,0,0,0,0,0,0,0,0,0
TJ1:bin_000306,4.693,0,0,0,7.819,0,0,2.223,0,9.352,1.829,0,4.667,2.806,0,2.256,0,0,5.621,1.953,0,2.243,0,5.622,0,2.817,11.115,0,2.744,0,5.963,0,2.564,3.543,0,0,0,7.791,2.871,0,5.441,0
TJ1:bin_000307,2.01,1.911,0,0,3.405,0,0,0,0,4.703,0,0,1.616,0,0,0,0,0,2.332,3.268,0,0,0,5.487,2.006,0,5.74,0,0,0,1.971,0,0,0,0,0,0,5.324,0,0,2.408,2.622
TJ1:bin_000309,6.881,3.2,0,4.094,3.213,0,0,2.27,0,8.835,1.754,1.804,2.716,0,0,0,0,0,2.819,3.084,0,4.006,0,4.447,0,1.85,9.375,0,12.064,0,3.498,0,1.939,3.629,0,0,0,4.963,2.052,0,3.902,1.84
TJ1:bin_000313,0,0,0,0,0,0,0,0,0,4.276,0,0,0,0,0,0,0,0,0,2.74,0,0,0,3.075,0,0,6.929,0,0,0,0,0,0,0,0,0,0,2.956,0,0,0,0
TJ1:bin_000317,0,0,0,0,0,0,0,0,0,0,0,0,0,0,0,0,0,0,0,0,0,0,0,0,0,0,0,0,0,0,0,0,0,0,0,0,0,0,0,0,0,0
TJ1:bin_000319,0,0,0,0,0,0,0,0,0,0,0,0,0,0,0,1.373,0,0,0,0,0,0,0,0,0,0,1.68,0,0,0,0,0,0,0,0,0,0,0,0,0,0,0
TJ1:bin_000320,0,0,0,0,2.19,0,0,0,0,0,0,0,0,0,0,0,0,0,0,0,0,0,0,0,0,0,0,0,0,0,1.843,0,0,0,0,0,0,0,0,0,0,0
TJ1:bin_000322,5.608,5.645,0,5.387,10.171,0,0,2.498,0,17.928,4.629,2.309,6.136,2.756,0,2.402,0,0,11.225,5.962,4.821,0,0,13.149,5.2,0,20.662,0,4.137,2.652,4.339,0,6.403,8.949,0,0,0,6.04,5.204,0,4.857,6.093
TJ1:bin_000328,0,0,0,0,0,0,0,0,0,0,0,0,0,0,0,0,0,0,0,0,0,0,0,0,0,0,0,0,0,0,0,0,0,0,0,0,0,0,0,0,0,0
TJ1:bin_000340,0,0,0,0,0,0,0,0,0,0,0,0,0,0,0,0,0,0,0,0,0,0,0,0,0,0,0,0,0,0,0,0,0,0,0,0,0,0,0,0,0,0
TJ1:bin_000342,6.136,10.032,0,7.955,17.589,0,1.651,10.099,0,22.868,5.161,4.026,9.012,9.081,0,5.71,0,0,14.736,7.347,0,6.184,0,16.308,2.809,7.545,29.016,0,4.177,3.656,10.927,0,3.931,5.261,0,2.518,2.565,19.305,7.464,0,12.289,2.973
TJ1:bin_000354,1.967,1.521,0,0,0,0,0,0,0,0,0,0,0,0,0,0,0,0,1.7,0,0,0,0,0,0,0,0,0,0,0,1.484,0,0,0,0,0,0,2.092,0,0,0,0
TJ1:bin_000355,0,2.931,0,0,3.928,0,0,0,0,3.203,0,0,2.088,0,0,0,0,0,2.487,0,0,0,0,5.995,1.839,0,4.215,0,1.974,3.083,0,0,0,0,0,0,0,2.487,0,0,0,0
TJ1:bin_000360,0,0,0,0,0,0,0,0,0,2.295,0,0,0,0,0,0,0,0,0,0,0,0,0,0,0,0,0,0,0,0,0,0,0,0,0,0,0,0,0,0,0,0
TJ1:bin_000368,0,0,0,0,0,0,0,0,0,0,0,0,0,0,0,0,0,0,3.717,0,0,0,0,0,0,0,0,0,0,0,0,0,0,0,0,0,0,0,0,0,0,0
TJ1:bin_000377,0,0,0,0,0,0,0,0,0,0,0,0,0,0,0,0,0,0,0,1.58,0,0,0,0,0,0,1.955,0,0,0,0,0,0,0,0,0,0,0,0,0,0,0
TJ1:bin_000390,0,0,0,0,0,0,0,0,0,0,0,0,0,0,0,0,0,0,0,0,0,0,0,0,0,0,0,0,0,0,0,0,0,0,0,0,0,0,0,0,0,0
TJ1:bin_000391,0,0,0,0,2.017,0,0,0,0,0,0,0,2.059,0,0,0,0,0,2.055,0,0,0,0,2.003,0,0,2.877,0,0,0,0,0,0,0,0,0,0,0,0,0,0,0
TJ2:bin_000001,1.85,2.411,0,0,8.988,0,0,0,0,9.209,2.434,0,7.167,2.723,0,0,0,0,3.7,1.363,0,0,0,3.262,1.876,1.486,5.23,0,2.844,0,0,0,6.769,0,0,1.733,0,4.776,1.92,0,6.058,0
TJ2:bin_000002,0,0,0,1.743,2.094,0,0,0,0,2.436,0,0,3.865,0,0,0,0,0,1.874,1.692,1.401,2.19,0,1.419,0,0,2.909,0,1.676,0,1.5,0,0,0,0,0,0,4.321,0,0,8.718,0
TJ2:bin_000003,5.147,2.714,0,20.728,6.907,0,11.096,2.684,0,88.357,13.296,0,17.279,23.093,0,41.698,0,0,2.628,2.831,0,5.47,0,24.714,1.563,4.289,56.05,0,2.707,0,330.203,0,0,0,0,0,0,61.917,10.473,0,19.53,0
TJ2:bin_000004,0,0,0,0,0,0,0,0,0,0,0,0,0,0,0,0,0,0,0,0,0,0,0,0,0,0,0,0,0,0,0,0,0,0,0,0,0,0,0,0,0,0
TJ2:bin_000005,0,0,0,0,2.548,0,0,0,0,4.532,2.644,0,1.489,0,0,0,0,0,2.513,0,0,0,0,2.539,1.609,0,0,0,5.765,0,0,0,2.079,0,0,0,0,1.661,0,0,0,1.875
TJ2:bin_000006,4.665,13.048,0,3.44,6.976,0,0,6.79,0,16.729,1.868,1.747,8.834,5.367,0,4.56,0,0,9.072,2.043,11.677,0,0,12.165,5.754,2.418,14.983,0,5.713,4.495,2.156,0,3.733,3.626,3.345,2.2,0,4.176,2.592,0,6.963,8.108
TJ2:bin_000007,2.608,6.266,0,6.873,9.947,0,0,0,0,25.43,4.979,0,5.148,0,0,2.776,1.762,0,1.785,2.178,1.938,2.54,0,6.421,1.708,1.714,6.48,0,5.768,0,7.746,0,6.019,2.913,7.795,4.148,0,6.148,5.565,0,25.01,3.116
TJ2:bin_000009,2.522,2.717,0,0,0,0,0,2.603,0,3.351,0,5.047,2.587,0,0,0,0,0,4.02,4.522,0,0,0,0,0,0,8.354,0,0,0,0,0,0,0,0,0,0,3.507,6.847,0,0,0
TJ2:bin_000010,0,0,0,0,0,0,0,0,0,0,0,0,0,0,0,0,0,0,0,0,0,0,0,0,0,0,0,0,0,0,0,0,0,0,0,0,0,0,0,0,0,0
TJ2:bin_000014,0,0,0,0,0,0,0,0,0,0,0,0,0,0,0,0,0,0,0,0,0,0,0,0,0,0,0,0,0,0,0,0,0,0,0,0,0,0,0,0,0,0
TJ2:bin_000015,0,0,0,0,7.197,0,0,0,0,13.123,0,0,2.566,0,0,0,0,0,5.476,1.614,0,0,0,4.232,0,0,4.265,0,2.292,2.358,1.391,0,1.686,2.337,0,0,0,7.227,3.049,0,0,1.933
TJ2:bin_000016,0,0,0,0,4.09,0,0,0,0,4.385,0,0,0,0,0,0,0,0,1.552,0,0,0,0,4.855,0,0,5.372,0,0,0,0,0,0,2.488,0,0,0,0,1.505,0,2.079,2.677
TJ2:bin_000018,0,0,0,0,0,0,0,0,0,0,0,0,0,0,0,0,0,0,0,0,0,0,0,0,0,0,0,0,0,0,0,0,0,0,0,0,0,0,0,0,0,0
TJ2:bin_000019,0,0,0,0,0,0,0,0,0,0,0,0,0,0,0,0,0,0,0,0,0,0,0,0,0,0,2.476,0,0,0,0,0,0,0,0,0,0,0,0,0,0,0
TJ2:bin_000020,0,0,0,0,0,0,0,0,0,0,0,0,0,0,0,0,0,0,0,0,0,4.671,0,0,0,0,0,0,0,0,0,0,0,0,0,0,0,0,0,0,0,0
TJ2:bin_000029,0,0,0,0,0,0,0,0,0,0,0,0,0,0,0,0,0,0,0,0,0,0,0,0,0,0,0,0,0,0,0,0,0,0,0,0,0,0,0,0,0,0
TJ2:bin_000030,0,1.608,0,0,0,0,0,0,0,0,0,0,0,0,0,0,0,0,0,0,0,0,0,0,0,0,0,0,0,0,0,0,0,0,0,0,0,1.728,0,0,0,0
TJ2:bin_000035,1.595,0,0,0,0,0,0,0,0,0,0,0,0,0,0,0,0,0,2.158,0,0,0,0,0,0,0,0,0,0,0,0,0,0,0,0,0,0,0,0,0,0,0
TJ2:bin_000037,0,0,0,0,0,0,0,0,0,0,0,0,0,0,0,0,0,0,1.494,0,0,0,0,0,0,0,0,0,0,0,0,0,0,0,0,0,0,0,0,0,0,0
TJ2:bin_000039,3.94,2.645,0,0,4.936,0,0,3.573,0,13.779,2.027,1.651,3.486,1.31,0,2.518,0,0,6.557,6.003,2.223,0,0,6.91,3.312,0,14.199,0,2.567,0,2.084,0,3.374,2.402,0,0,0,4.3,3.618,0,2.407,5.067
TJ2:bin_000041,0,0,0,0,0,0,0,0,0,0,0,2.885,0,2.398,0,3.351,0,0,0,0,0,3.149,0,2.362,0,0,0,0,0,0,0,0,0,0,0,0,0,0,0,0,0,1.945
TJ2:bin_000043,0,0,0,0,4.054,0,0,0,0,3.831,0,0,0,0,0,0,0,0,2.857,0,0,0,0,6.723,0,0,6.795,0,1.881,0,0,0,0,2.606,0,0,0,0,1.926,0,0,5.661
TJ2:bin_000046,1.555,0,0,0,0,0,0,0,0,2.046,0,0,0,0,0,0,0,0,0,1.636,0,0,0,0,0,0,3.493,0,0,0,0,0,0,0,0,0,0,1.725,0,0,0,0
TJ2:bin_000048,0,0,0,0,0,0,0,0,0,0,0,0,0,0,0,0,0,0,0,0,0,0,0,0,0,0,2.332,0,0,0,0,0,0,0,0,0,0,0,0,0,0,0
TJ2:bin_000049,0,0,0,0,0,0,0,0,0,0,0,0,0,0,0,0,0,0,0,0,0,0,0,0,0,0,0,0,0,0,0,0,0,0,0,0,0,0,0,0,0,0
TJ2:bin_000053,0,0,0,0,0,0,0,0,0,0,0,0,0,0,0,0,0,0,0,0,0,0,0,0,0,0,0,0,0,0,0,0,0,0,0,0,0,0,0,0,0,0
TJ2:bin_000061,0,0,0,1.388,0,0,0,0,0,2.289,0,0,0,0,0,0,0,0,2.288,0,0,0,0,1.618,0,0,0,0,0,0,0,0,0,0,0,0,0,0,0,0,0,0
TJ2:bin_000065,3.339,6.301,0,15.338,3.655,0,0,0,0,18.843,1.569,0,9.41,0,0,0,1.844,0,0,5.547,0,0,0,5.024,0,0,2.733,0,5.496,0,0,0,0,0,0,0,0,5.276,2.497,0,16.899,3.984
TJ2:bin_000070,2.404,0,0,1.603,2.1,0,0,1.683,0,5.059,0,1.517,2.785,0,0,0,0,0,1.884,1.816,0,2.228,0,2.71,0,0,4.357,0,0,0,0,0,0,2.009,0,0,0,2.114,2.454,0,0,0
TJ2:bin_000072,0,2.422,0,2.698,2.821,0,0,0,0,7.884,2.803,0,4.777,0,0,1.17,0,0,4.346,0,1.737,0,0,2.879,2.21,1.476,8.674,0,2.183,0,0,0,2.394,0,0,0,0,2.237,3.468,0,2.923,1.834
TJ2:bin_000076,0,0,0,0,0,0,0,0,0,1.957,0,0,0,0,0,0,0,0,0,0,0,0,0,0,0,0,0,0,0,0,0,0,0,0,0,0,0,2.692,0,0,0,0
TJ2:bin_000081,0,0,0,0,0,0,0,0,0,0,0,0,0,0,0,0,0,0,0,0,0,0,0,0,0,0,0,0,0,0,0,0,0,0,0,0,0,0,0,0,0,0
TJ2:bin_000087,0,0,0,0,2.386,0,0,0,0,2.499,0,0,1.557,0,0,0,0,0,3.149,0,0,0,0,0,0,0,3.517,0,0,0,0,0,0,0,0,0,0,1.943,0,0,0,0
TJ2:bin_000093,0,0,0,0,0,0,0,0,0,0,0,0,0,0,0,0,0,0,0,0,0,0,0,0,0,0,0,0,0,0,0,0,0,0,0,0,0,0,0,0,0,0
TJ2:bin_000094,0,0,0,0,0,0,0,0,0,0,0,0,0,0,0,0,0,0,0,0,0,0,0,0,0,0,0,0,0,0,0,0,0,0,0,0,0,0,0,0,0,0
TJ2:bin_000096,0,0,0,0,0,0,0,0,0,0,0,0,0,0,0,0,0,0,0,0,0,0,0,0,0,0,0,0,0,0,0,0,0,0,0,0,0,0,0,0,0,0
TJ2:bin_000100,1.736,2.03,0,0,0,0,0,0,0,1.963,0,0,2.023,0,0,0,0,0,1.83,0,0,6.412,0,0,0,0,3.525,0,3.345,0,0,0,0,0,0,0,0,1.693,0,0,2.409,0
TJ2:bin_000105,0,0,0,0,0,0,0,0,0,0,0,0,0,0,0,0,0,0,2.525,0,0,0,0,0,0,0,0,0,0,0,0,0,0,0,0,0,0,0,0,0,0,0
TJ2:bin_000109,0,0,0,0,0,0,0,0,0,0,0,0,0,0,0,0,0,0,0,0,0,0,0,0,0,0,0,0,0,0,0,0,0,0,0,0,0,0,0,0,0,0
TJ2:bin_000111,0,2.294,0,0,0,0,0,0,0,0,0,3.933,9.067,0,0,0,0,0,2.398,1.614,0,0,0,0,0,0,9.274,0,0,0,0,0,0,0,0,0,0,0,0,0,0,0
TJ2:bin_000118,0,0,0,0,0,0,0,0,0,0,0,0,0,0,0,0,0,0,0,0,0,0,0,0,0,0,0,0,0,0,0,0,0,0,0,0,0,0,0,0,0,0
TJ2:bin_000134,0,0,0,0,0,0,0,0,0,0,0,0,0,0,0,0,0,0,0,0,0,0,0,0,0,0,0,0,0,0,0,0,0,0,0,0,0,0,0,0,0,0
TJ2:bin_000139,0,0,0,0,1.923,0,0,0,0,0,0,0,0,0,0,0,0,0,0,0,0,0,0,0,0,0,0,0,0,0,0,0,0,0,0,0,0,0,0,0,0,0
TJ2:bin_000142,0,3.467,0,0,0,0,0,0,0,3.077,0,0,0,0,0,0,0,0,0,1.573,0,0,0,0,0,0,0,0,3.008,0,1.787,0,0,0,0,0,0,1.672,0,0,0,0
TJ2:bin_000143,0,0,0,0,0,0,0,0,0,0,0,0,0,0,0,0,0,0,0,0,0,0,0,0,0,0,0,0,0,0,0,0,0,0,0,0,0,0,0,0,0,0
TJ2:bin_000144,0,2.432,0,0,0,0,0,0,0,1.791,0,2.689,2.545,0,0,0,0,0,2.888,5.379,1.695,1.521,0,0,0,2.836,19.115,0,0,0,0,0,3.47,0,0,0,0,2.28,2.741,0,0,0
TJ2:bin_000147,0,0,0,0,0,0,0,0,0,0,0,0,0,0,0,0,0,0,0,0,0,0,0,0,0,0,4.563,0,0,0,0,0,0,0,0,0,0,0,0,0,0,0
TJ2:bin_000148,0,0,0,0,0,0,0,0,0,0,0,0,0,0,0,0,0,0,0,0,0,0,0,0,0,0,0,0,0,0,0,0,0,0,0,0,0,0,0,0,0,0
TJ2:bin_000149,0,0,0,0,0,0,0,0,0,0,0,0,0,0,0,0,0,0,0,0,0,0,0,0,0,0,0,0,0,0,0,0,0,0,0,0,0,0,0,0,0,0
TJ2:bin_000150,0,0,0,0,0,0,0,0,0,0,0,0,0,0,0,0,0,0,0,0,0,0,0,0,0,0,0,0,0,0,0,0,0,0,0,0,0,0,0,0,0,0
TJ2:bin_000152,0,0,0,0,0,0,0,0,0,0,0,0,0,0,0,0,0,0,0,0,0,0,0,0,0,0,0,0,0,0,0,0,0,0,0,0,0,0,0,0,0,0
TJ2:bin_000154,0,0,0,0,0,0,0,0,0,0,0,0,0,0,0,0,0,0,0,0,0,0,0,0,0,0,0,0,0,0,0,0,0,0,0,0,0,0,0,0,0,0
TJ2:bin_000156,0,0,0,0,0,0,0,0,0,2.314,0,0,0,0,0,0,0,0,0,0,0,0,0,0,0,0,1.753,0,0,0,0,0,0,0,0,0,0,0,0,0,0,0
TJ2:bin_000159,0,0,0,0,0,0,0,0,0,0,0,0,0,0,0,0,0,0,0,0,0,0,0,0,0,0,0,0,0,0,2.192,0,0,0,0,0,0,2,0,0,0,0
TJ2:bin_000161,0,0,0,0,0,0,0,0,0,0,0,0,0,0,0,0,0,0,0,0,0,0,0,0,0,0,0,0,0,0,0,0,0,0,0,0,0,0,0,0,0,0
TJ2:bin_000166,0,0,0,0,0,0,0,0,0,1.607,0,0,0,0,0,0,0,0,0,0,0,0,0,0,0,0,1.621,0,0,0,0,0,0,0,0,0,0,0,0,0,0,0
TJ2:bin_000167,0,0,0,0,0,0,0,0,0,0,0,0,0,0,0,0,0,0,0,0,0,0,0,0,0,0,0,0,0,0,0,0,0,0,0,0,0,0,0,0,0,0
TJ2:bin_000168,1.87,0,0,1.855,0,0,0,0,0,0,0,0,0,0,0,0,0,0,1.578,0,1.472,0,0,1.671,0,0,3.283,0,0,0,0,0,0,0,0,0,0,0,1.577,0,0,0
TJ2:bin_000171,0,0,0,8.294,0,0,0,0,0,0,0,0,0,0,0,0,0,0,1.454,0,0,5.618,0,0,0,0,0,0,29.205,0,0,0,0,0,0,0,0,0,0,0,0,0
TJ2:bin_000173,0,0,0,0,0,0,0,0,0,0,0,0,0,0,0,0,0,0,0,0,0,0,0,0,0,0,3.61,0,0,0,0,0,0,0,0,0,0,0,0,0,0,0
TJ2:bin_000175,0,0,0,0,0,0,0,0,0,0,0,0,0,0,0,0,0,0,0,0,0,0,0,0,0,0,0,0,0,0,0,0,0,0,0,0,0,0,0,0,0,0
TJ2:bin_000178,0,0,0,0,0,0,0,0,0,0,0,0,0,0,0,0,0,0,3.425,0,0,0,0,0,0,0,0,0,0,0,0,0,0,0,0,0,0,0,1.599,0,0,0
TJ2:bin_000186,0,0,0,0,0,0,0,0,0,2.02,0,0,0,0,0,0,0,0,0,0,0,0,0,0,0,0,0,0,0,0,0,0,0,0,0,0,0,0,0,0,0,0
TJ2:bin_000189,0,0,0,0,0,0,0,0,0,0,0,0,0,0,0,0,0,0,0,0,0,0,0,0,0,0,0,0,0,0,0,0,0,0,0,0,0,0,0,0,0,0
TJ2:bin_000194,0,1.937,0,1.87,4.846,0,0,0,0,4.686,0,0,2.141,0,0,0,0,0,3.841,4.066,0,0,0,2.49,0,0,9.326,0,0,1.87,0,0,0,1.797,0,0,0,0,0,0,0,3.824
TJ2:bin_000196,7.334,37.625,0,0,66.199,9.819,2.39,23.876,0,20.214,5.409,102.629,23.339,0,0,9.892,0,0,19.809,43.211,7.264,2.439,0,22.606,6.607,0,71.001,2.791,10.19,5.589,0,0,17.013,13.199,0,3.399,3.876,28.425,93.604,0,3.887,2.758
TJ2:bin_000197,0,6.062,0,0,10.425,0,0,0,0,0,0,16.041,3.95,0,0,0,0,0,4.175,7.918,2.512,0,0,4.375,0,0,10.913,0,2.802,0,0,0,0,2.906,0,0,0,0,15.023,0,0,0
TJ2:bin_000198,0,0,0,0,0,0,0,0,0,0,0,0,0,0,0,0,0,0,0,0,0,0,0,0,0,0,0,0,0,0,0,0,0,0,0,0,0,0,0,0,0,0
TJ2:bin_000199,4.596,4.102,0,0,7.8,0,0,2.443,0,11.145,1.627,1.488,2.707,1.728,0,2.734,0,0,4.172,4.468,1.413,0,0,8.038,2.59,0,9.757,0,2.407,1.631,4.424,0,2.166,2.147,0,1.564,0,9.926,3.12,0,3.844,2.624
TJ2:bin_000200,0,0,0,0,0,0,0,0,0,0,0,0,0,0,0,0,0,0,0,0,0,0,0,0,0,0,0,0,0,0,0,0,0,0,0,0,0,0,0,0,0,0
TJ2:bin_000201,0,0,0,0,0,0,0,0,0,0,0,0,0,0,0,0,0,0,0,0,0,0,0,0,0,0,0,0,0,0,0,0,0,0,0,0,0,0,0,0,0,0
TJ2:bin_000203,0,0,0,0,0,0,0,0,0,0,0,0,0,0,0,0,0,0,0,0,0,0,0,0,0,0,0,0,0,0,0,0,0,0,0,0,0,0,0,0,0,0
TJ2:bin_000208,0,0,0,0,0,0,0,0,0,0,0,0,1.653,0,0,0,0,0,0,0,0,0,0,0,0,0,0,0,4.532,0,0,0,0,0,0,0,0,0,0,0,3.904,0
TJ2:bin_000214,0,2.007,0,0,0,0,0,0,0,0,0,0,4.016,0,0,0,0,0,1.378,0,0,0,0,1.5,0,0,2.813,0,0,0,0,0,0,0,0,0,0,2.438,0,0,0,0
TJ2:bin_000220,1.614,2.439,0,0,0,0,0,0,0,3.328,0,0,2.944,0,0,0,0,0,2.578,0,0,3.889,0,1.866,0,0,3.018,0,0,0,0,0,0,0,0,0,0,2.016,0,0,0,0
TJ2:bin_000223,1.693,2.947,0,0,4.672,0,0,0,0,5.539,0,0,1.438,0,0,0,0,0,3.025,4.704,1.631,0,0,2.589,1.675,3.002,5.047,0,0,0,0,0,0,1.844,0,0,0,3.55,2.874,0,0,0
TJ2:bin_000225,0,0,0,0,0,0,0,0,0,2.523,0,0,1.335,0,0,0,0,0,3.004,1.561,0,0,0,2.301,1.498,0,2.689,0,0,0,0,0,1.725,2.115,0,0,0,1.59,0,0,1.706,0
TJ2:bin_000231,0,0,0,0,2.525,0,0,0,0,2.857,0,0,0,0,0,0,0,0,1.964,0,0,0,0,0,0,0,2.385,0,0,0,0,0,0,0,0,0,0,1.837,0,0,0,0
TJ2:bin_000234,2.125,3.654,0,4.226,7.975,0,0,4.703,0,13.341,0,0,2.952,2.34,0,1.857,0,0,3.55,0,2.046,0,0,9.557,1.819,1.834,10.266,0,4.323,0,2.013,0,2.963,4.596,0,0,0,7.721,0,0,6.017,4.263
TJ2:bin_000236,0,0,0,0,0,0,0,0,0,0,0,0,0,0,0,0,0,0,0,0,0,0,0,0,0,0,0,0,0,0,0,0,0,0,0,0,0,0,0,0,0,0
TJ2:bin_000238,6.926,4.805,0,6.696,5.174,0,0,3.215,0,7.355,5.399,2.363,11.434,0,0,0,0,0,10.226,2.08,1.445,9.194,0,5.853,0,1.946,5.888,0,9.705,2.933,3.671,0,0,2.518,0,0,5.001,16.058,6.052,0,5.416,2.349
TJ2:bin_000245,11.248,8.713,0,5.586,16.449,0,0,9.942,0,31.359,6.319,4.108,13,11.535,0,6.692,0,0,15.097,8.218,3.657,5.451,0,20.742,4.575,9.315,33.054,0,5.432,4.36,17.555,2.766,7.282,6.603,0,3.644,3.004,23.474,9.432,0,10.938,4.885
TJ2:bin_000253,0,2.524,0,2.152,3.426,0,0,2.429,0,4.218,0,0,1.97,0,0,0,0,0,2.085,0,0,0,0,2.738,0,0,1.701,0,0,0,0,0,1.547,0,0,0,0,2.178,0,0,0,1.735
TJ2:bin_000266,0,3.908,0,0,0,0,0,0,0,0,0,0,0,0,0,0,0,0,0,0,0,0,0,0,0,0,2.164,0,0,0,0,0,0,0,0,0,0,0,0,0,0,0
TJ2:bin_000283,1.666,0,0,0,1.549,0,0,1.692,0,2.903,0,0,0,0,0,0,0,0,35.625,0,0,0,0,1.745,0,0,1.646,0,0,0,0,0,0,0,0,0,4.563,2.225,3.814,0,2.307,0
TJ2:bin_000284,0,0,0,0,0,0,0,0,0,0,0,0,0,0,0,0,0,0,0,0,0,0,0,0,0,0,0,0,0,0,0,0,0,0,0,0,0,0,0,0,0,0
TJ2:bin_000289,0,0,0,0,0,0,0,0,0,0,0,0,0,0,0,0,0,0,0,0,0,0,0,0,0,0,0,0,0,0,0,0,0,0,0,0,0,0,0,0,0,0
TJ2:bin_000298,0,0,0,0,0,0,0,0,0,0,0,0,0,0,0,0,0,0,0,0,0,0,0,0,0,0,0,0,0,0,0,0,0,0,0,0,0,0,0,0,0,0
TJ2:bin_000319,0,0,0,15.539,0,0,0,0,0,0,0,0,0,0,0,0,0,0,0,0,0,0,0,0,0,0,0,0,6.475,0,3.197,0,0,0,0,0,0,0,0,0,0,0
TJ2:bin_000332,0,1.938,0,0,0,0,0,3.394,0,0,0,2.229,0,0,0,0,0,0,4.503,1.51,0,0,0,0,0,0,8.74,0,0,2.485,0,0,1.886,0,0,0,0,2.183,2.115,0,0,0
TJ2:bin_000333,0,0,0,0,0,0,0,0,0,0,0,0,0,0,0,0,0,0,0,0,0,0,0,0,0,0,0,0,0,0,0,0,0,0,0,0,0,0,0,0,0,0
