genome,M304469,M304467,M304487,M304367,M304457,M304454,M304488,M304375,M304379,M304377,M304463,M304465,M304376,M304474,M304470,M304479,M304486,M304397,M304478,M304392,M304385,M304369,M304482,M304358,M304400,M304372,M304401,M304362,M304389,M304459,M304484,M304386,M304466,M304366,M304493,M304452,M304368,M304370,M304489,M304460,M304462,M304481,M304394,M304483,M304477,M304490,M304471,M304451,M304381,M304475,M304363,M304359,M304492,M304497,M304396,M304364,M304472,M304382,M304398,M304387,M304491,M304395,M304388,M304356,M304495,M304374,M304498,M304380,M304494,M304468,M304391,M304453,M304360,M304355,M304458,M304480,M304378,M304390,M304464,M304373,M304402,M304384,M304357,M304455
00:bin_000002,0,6.977,4.253,7.701,0,4.432,7.538,0,15.364,10.45,2.021,9.073,11.864,8.31,14.248,6.519,8.83,11.008,4.462,8.852,6.96,0,7.646,12.088,18.803,9.252,9.401,8.383,12.29,21.229,6.809,9.726,5.52,14.779,5.963,8.357,11.903,7.973,8.057,8.392,11.563,5.29,0,3.741,7.177,13.801,10.846,7.823,11.145,10.949,8.768,12.621,12.427,4.479,15.64,8.317,9.025,15.2,19.552,11.708,12.683,15.289,18.674,19.589,6.399,11.277,5.597,9.612,7.318,4.759,6.039,6.827,10.855,14.099,9.595,6.686,16.049,7.578,11.876,15.588,6.102,14.192,17.636,10.219
00:bin_000004,0,12.397,16.004,15.403,0,14.539,18.755,0,25.982,34.786,5.3,9.775,16.373,7.714,21.885,19.613,10.514,12.314,10.364,22.804,16.883,0,15.091,9.089,34.228,19.716,17.77,11.553,18.255,25.18,10.116,14.856,17.669,20.031,8.078,8.649,19.526,12.92,13.539,9.587,11.301,18.218,99.664,4.891,12.418,18.693,16.595,9.763,31.662,15.408,23.14,14.346,15.875,14.751,25.41,24.31,9.744,31.527,26.141,31.823,16.466,10.858,21.794,20.059,0,22.234,6.445,26.761,16.453,11.582,21.734,7.598,6.102,21.262,9.979,17.713,21.126,9.486,11.833,26.976,39.584,29.19,37.546,12.745
00:bin_000007,0,0,0,0,0,0,0,0,0,0,0,0,0,0,0,0,0,0,0,0,0,0,0,0,0,0,0,0,0,0,0,0,0,0,0,0,0,0,0,0,0,0,0,0,0,0,0,0,0,0,0,0,0,0,0,0,0,0,0,0,0,0,1.766,0,0,0,0,0,0,0,0,0,0,0,0,0,0,0,0,0,0,0,0,0
00:bin_000010,0,0,0,0,0,0,0,0,0,0,0,0,0,0,0,0,0,0,0,0,0,0,0,0,0,0,0,0,0,0,0,0,0,0,0,0,0,0,0,0,0,0,0,0,0,0,0,0,0,0,0,0,0,0,1.276,0,0,0,0,0,0,0,0,0,0,0,0,0,0,0,0,0,0,0,0,0,0,0,0,0,0,0,0,0
00:bin_000015,0,0,0,0,0,0,0,0,0,0,0,0,0,0,0,0,0,0,0,0,0,0,0,0,0,0,0,0,0,2.158,0,0,0,0,0,0,0,0,0,0,0,0,0,0,0,0,0,0,0,0,0,0,0,0,0,0,0,0,0,0,0,0,1.594,0,0,0,0,0,0,0,0,0,0,1.383,0,0,0,0,0,0,0,0,0,0
00:bin_000024,0,0,0,0,0,0,0,0,2.059,0,0,2.27,2.197,1.039,0,0,0,3.198,0,1.003,0,0,0,0,0,0,2.232,0,2.085,3.759,1.28,0,1.22,0,1.235,1.732,0,0,0,1.382,0,1.398,0,0,0,0,1.438,0,1.967,1.473,1.411,2.69,0,0,2.158,0,1.59,2.592,3.211,3.139,0,0,0,2.596,0,1.336,0.927,1.645,0,0,0,0,0,1.674,1.824,0,0,0,0,0,2.41,1.712,1.932,0
00:bin_000030,0,0,0,0,0,0,0,0,0,0,0,0,0,0,0,0,0,0,0,0,0,0,0,0,0,0,0,0,0,0,0,0,0,0,0,0,0,0,0,0,0,0,0,0,0,0,0,0,0,0,0,0,0,0,0,0,0,0,0,0,0,0,0,0,0,0,0,0,0,0,0,0,0,0,0,0,0,0,0,0,0,0,0,0
00:bin_000037,0,0,0,0,0,0,0,0,0,0,0,0,0,0,0,0,0,0,0,0,0,0,0,0,0,0,0,0,0,1.297,1.358,0,0,0,0,0,0,0,0,0,0,0,0,0,0,0,0,0,0,0,0,0,0,0,0,0,0,1.916,0,0,0,0,0,0,0,1.241,0,0,0,0,0,0,0,0,0,0,0,0,0,0,0,0,0,0
00:bin_000040,0,1.983,1.295,2.517,0,4.288,1.752,0,6.163,6.351,1.16,2.498,1.829,2.614,0,3.728,0,2.983,1.386,5.179,2.757,0,2.91,2.821,5.5,2.388,0,2.445,5.772,12.048,2.27,3.438,3.161,2.025,1.874,1.252,6.728,0,2.542,2.408,2.451,3.159,0,0.878,2.168,0,4.463,3.646,5.22,2.877,4.388,4.411,2.232,2.06,5.179,3.076,2.672,4.572,4.538,7.194,0,0,8.821,9.285,0,1.98,0,5.738,3.024,1.713,5.919,1.824,2.4,6.652,1.817,1.615,2.545,0,2.595,3.155,1.686,5.263,5.898,0
00:bin_000043,0,0,0,0,0,0,0,0,0,0,0,0,0,0,0,0,0,0,0,0,0,0,0,0,0,0,0,0,0,0,0,0,0,0,0,0,0,0,0,0,0,0,0,0,0,0,0,0,0,0,0,0,0,0,0,0,0,0,0,0,0,0,0,0,0,0,0,0,0,0,0,0,0,0,0,0,0,0,0,0,0,0,0,0
00:bin_000048,0,0,0,0,0,0,0,0,0,0,0,0,0,0,0,0,0,0,0,0,0,0,0,0,0,0,0,0,0,0,0,0,0,0,0,0,0,0,0,0,0,0,0,0,0,0,0,0,0,0,0,0,0,0,0,0,0,0,0,0,0,0,0,0,0,0,0,0,0,0,0,0,0,0,0,0,0,0,0,0,0,0,0,0
00:bin_000049,0,0,0,0,0,0,0,0,0,0,0,0,0,0.791,0,0,0,0,0,1.417,0,0,0,0,0,0,0,0,0,1.829,0,0,0,0,0,0,0,0,0,0,0,0,0,0,0,0,0,0,0,0,1.983,2.059,0,0,0,0,0,0,0,0,0,0,1.035,0,0,0,0,0,1.453,0,0,0,0,0,0,0,0,0,0,0,0,0,2.402,1.412
00:bin_000052,0,0,0,0,0,0,0,0,0,0,0,0,0,0,0,0,0,0,0,0,0,0,0,0,0,0,0,0,0,0,0,0,0,0,0,0,0,0,0,0,0,0,0,0,0,0,0,0,0,0,0,0,0,0,0,0,0,0,0,0,0,0,0,0,0,0,0,0,0,0,0,0,0,0,0,0,0,0,0,0,0,0,0,0
00:bin_000054,0,0,0,0,0,0,0,0,0,0,0,0,0,0,0,0,0,0,0,0,0,0,0,0,0,0,0,0,0,0,0,0,0,0,0,0,0,0,0,0,0,0,0,0,0,0,0,0,0,0,0,0,0,0,0,0,0,0,0,0,0,0,0,0,0,0,0,0,0,0,0,0,0,0,0,0,0,0,0,0,0,0,0,0
00:bin_000057,0,0,0,0,0,0,0,0,0,0,0,0,0,0,0,0,0,0,0,0,0,0,0,0,0,0,0,0,0,0,0,0,0,0,0,0,0,0,0,0,0,0,0,0,0,0,0,0,0,0,0,0,0,0,0,0,0,0,0,0,0,0,0,0,0,0,0,0,0,0,0,0,0,0,0,0,0,0,0,0,0,0,0,0
00:bin_000065,0,0,0,0,0,0,0,0,0,0,0,0,0,0,0,0,0,0,0,0,0,0,0,0,0,0,0,0,0,0,0,0,0,0,0,0,0,0,0,0,0,0,0,0,0,0,0,0,0,0,0,0,0,0,0,0,0,0,0,0,0,0,0,0,0,0,0,0,0,0,0,0,0,0,0,0,0,0,0,0,0,0,0,0
00:bin_000067,0,0,0,0,0,0,0,0,0,0,0,0,0,0,0,0,0,0,0,0,0,0,0,0,0,0,0,0,0,1.858,0,0,0,0,0,0,0,0,0,0,0,0,0,0,0,0,0,0,0,0,0,0,0,0,1.339,0,0,0,0,0,0,0,0,0,0,0,0,0,0,0,0,0,0,0,0,0,0,0,0,2.433,0,1.186,0,0
00:bin_000077,0,0,0,0,0,0,0,0,0,0,0,0,0,0,0,0,0,0,0,0,0,0,0,0,0,0,0,0,0,0,0,0,0,0,0,0,0,0,0,0,0,0,0,0,0,0,0,0,0,0,0,0,0,0,0,0,0,0,0,0,0,0,0,0,0,0,0,0,0,0,0,0,0,0,0,0,0,0,0,0,0,0,0,0
00:bin_000098,0,0,0,0,0,0,0,0,0,0,0,0,0,0,0,0,0,0,0,0,0,0,0,0,0,0,0,0,0,0,0,0,0,0,0,0,0,0,0,0,0,0,0,0,0,0,0,0,0,0,0,0,0,0,0,0,0,0,0,0,0,0,0,0,0,0,0,0,0,0,0,0,0,0,0,0,0,0,0,0,0,0,0,0
00:bin_000105,0,0,0,0,0,0,0,0,0,0,0,0,0,0,0,0,0,0,0,0,0,0,0,0,0,0,0,0,0,0,0,0,0,0,0,0,0,0,0,0,0,0,0,0,0,0,0,0,0,0,0,0,0,0,0,0,0,0,0,0,0,0,0,0,0,0,0,0,0,0,0,0,0,0,0,0,0,0,0,0,0,0,0,0
00:bin_000114,0,0,0,0,0,0,0,0,0,0,0,0,0,0,0,0,0,0,0,0,0,0,0,0,0,0,0,0,0,0,0,0,0,0,0,0,0,0,0,0,0,0,0,0,0,0,0,0,0,0,0,0,0,0,0,0,0,0,0,0,0,0,0,0,0,0,0,0,0,0,0,0,0,0,0,0,0,0,0,0,0,0,0,0
00:bin_000122,0,0,0,0,0,0,0,0,0,0,0,0,0,0,0,0,0,0,0,0,0,0,0,0,0,0,0,0,0,0,0,0,0,0,0,0,0,0,0,0,0,0,0,0,0,0,0,0,0,0,0,0,0,0,0,0,0,0,0,0,0,0,0,0,0,0,0,0,0,0,0,0,0,0,0,0,0,0,0,0,0,0,0,0
00:bin_000123,0,0,0,0,0,0,0,0,0,0,0,0,0,0,0,0,0,0,0,0,0,0,0,0,0,0,0,0,0,0,0,0,0,0,0,0,0,0,0,0,0,0,0,0,0,0,0,0,0,0,0,0,0,0,0,0,0,0,0,0,0,0,0,0,0,0,0,0,0,0,0,0,0,0,0,0,0,0,0,0,0,0,0,0
00:bin_000129,0,0,0,0,0,0,0,0,0,0,0,0,0,0,0,0,0,0,0,0,0,0,0,0,0,0,0,0,0,0,0,0,0,0,0,0,0,0,0,0,0,0,0,0,0,0,0,0,0,0,0,0,0,0,0,0,0,0,0,0,0,0,0,0,0,0,0,0,0,0,0,0,0,0,0,0,0,0,0,0,0,0,0,0
00:bin_000144,0,0,0,0,0,0,0,0,0,0,0,0,0,0,0,0,0,0,0,0,0,0,0,0,0,0,0,0,0,2.902,0,0,0,0,0,0,0,0,0,0,0,0,0,0,0,0,0,0,0,0,0,0,0,0,0,0,0,0,0,0,0,0,0,0,0,0,0,0,0,0,0,0,0,0,0,0,0,0,0,0,0,0,0,0
00:bin_000146,0,0,0,0,0,0,0,0,0,0,0,0,0,0,0,0,0,0,0,0,0,0,0,0,0,0,0,0,0,0,0,0,0,0,0,0,0,0,0,0,0,0,0,0,0,0,0,0,0,0,0,0,0,0,0,0,0,0,0,0,0,0,0,0,0,0,0,0,0,0,0,0,0,0,0,0,0,0,0,0,0,0,0,0
00:bin_000151,0,0,0,0,0,0,0,0,0,0,0,0,0,0,0,0,0,0,0,0,0,0,0,0,0,0,0,0,0,0,0,0,0,0,0,0,0,0,0,0,0,0,0,0,0,0,0,0,0,0,0,0,0,0,0,0,0,0,0,0,0,0,0,0,0,0,0,0,0,0,0,0,0,0,0,0,0,0,0,0,0,0,0,0
00:bin_000159,0,0,0,0,0,0,0,0,0,0,0,0,0,0,0,0,0,0,0,0,0,0,0,0,0,0,0,0,0,0,0,0,0,0,0,0,0,0,0,0,0,0,0,0,0,0,0,0,0,0,0,0,0,0,0,0,0,0,0,0,0,0,0,0,0,0,0,0,0,0,0,0,0,0,0,0,0,0,0,0,0,0,0,0
00:bin_000162,0,0,2.115,2.422,0,2.255,3.057,0,7.228,4.375,0.844,2.923,3.496,3.721,1.254,2.259,3.971,3.827,1.806,4.113,4.928,0,3.127,4.011,6.085,4.939,8.039,4.088,3.637,11.505,4.165,0,4.109,6.058,1.572,1.798,4.787,3.991,2.971,6.263,3.207,3.696,0,1.54,2.833,3.163,3.253,1.989,5.802,2.906,2.36,5.063,4.293,2.508,7.234,3.654,3.977,5.148,8.479,5.346,2.16,0,4.253,10.738,0,4.249,1.743,3.473,1.547,2.222,4.452,1.808,2.849,5.686,2.023,1.664,12.306,0,4.553,3.522,3.229,7.925,8.252,3.829
00:bin_000163,0,0,0,0,0,0,0,0,0,0,0,0,0,0,0,0,0,0,0,0,0,0,0,0,0,0,0,0,0,0,0,0,0,0,0,0,0,0,0,0,0,0,0,0,0,0,0,0,0,0,0,0,0,0,0,0,0,0,0,0,0,0,0,0,0,0,0,0,0,0,0,0,0,0,0,0,0,0,0,0,0,0,0,0
00:bin_000167,0,1.496,1.223,0,0,0,1.873,0,3.138,0,0,0,1.557,1.429,1.3,0,0,3.926,1.948,4.194,3.321,0,0,2.337,4.066,0,2.187,1.805,1.795,3.675,1.253,3.249,2.579,2.909,0,0,2.352,3.302,0,2.535,1.352,2.306,0,0.771,1.633,1.718,3.123,0,2.478,0,1.413,3.828,1.76,0,3.698,1.315,2.489,1.978,6.019,4.061,0,0,3.845,3.239,0,2.328,1.82,0,0,1.198,2.495,0,2.648,8.144,0,1.573,0,0,0,3.463,4.509,2.661,3.097,0
00:bin_000171,0,0,0,0,0,0,0,0,0,0,0,0,0,0,0,0,0,0,0,0,0,0,0,0,0,0,0,0,0,0,0,0,0,0,0,0,0,0,0,0,0,0,0,0,0,0,0,0,0,0,0,0,0,0,0,0,0,0,0,0,0,0,0,0,0,0,0,0,0,0,0,0,0,0,0,0,0,0,0,0,0,0,0,0
00:bin_000175,0,0,0,0,0,0,0,0,0,0,0,0,0,0,0,0,0,0,0,0,0,0,0,0,0,0,0,0,0,0,0,0,0,0,0,0,0,0,0,0,0,0,0,0,0,0,0,0,0,0,0,0,0,0,0,0,0,0,0,0,0,0,0,0,0,0,0,0,0,0,0,0,0,0,0,0,0,0,0,0,0,0,0,0
00:bin_000181,0,0,0,0,0,0,0,0,0,0,0,0,0,0,0,0,0,0,0,0,0,0,0,0,0,0,0,0,0,0,0,0,0,0,0,0,0,0,0,0,0,0,0,0,0,0,0,0,0,0,0,0,0,0,0,0,0,0,0,0,0,0,0,0,0,0,0,0,0,0,0,0,0,0,0,0,0,0,0,0,0,0,0,0
00:bin_000184,0,0,0,0,0,0,0,0,0,0,0,0,0,0,0,0,0,0,0,0,0,0,0,0,0,0,0,0,0,0,0,0,0,0,0,0,0,0,0,0,0,0,0,0,0,0,0,0,0,0,0,0,0,0,0,0,0,0,0,0,0,0,0,0,0,0,0,0,0,0,0,0,0,0,0,0,0,0,0,0,0,0,0,0
00:bin_000194,0,0,0,0,0,0,0,0,0,0,0,0,0,0,0,0,0,0,0,0,0,0,0,0,0,0,0,0,0,0,0,0,0,0,0,0,0,0,0,0,0,0,0,0,0,0,0,0,0,0,0,0,0,0,0,0,0,0,0,0,0,0,0,0,0,0,0,0,0,0,0,0,0,0,0,0,0,0,0,0,0,0,0,0
00:bin_000198,0,0,0,0,0,0,0,0,0,0,0,0,0,0,0,0,0,0,0,1.332,0,0,0,1.472,0,0,0,0,0,0,0,0,0,0,0,0,0,0,0,0,0,0,0,0,0,0,0,0,0,1.302,1.506,0,0,0,0,0,0,0,0,0,0,0,0.968,0,0,0,0,0,0,0,0,0,0,0,0,0,0,0,0,0,0,0,0,0
00:bin_000200,0,0,2.22,0,0,1.618,0,0,3.416,4.632,0.946,0,1.687,0.875,4.377,2.798,0,0,0,1.584,0,0,0,0,3.904,2.765,2.274,2.279,1.982,3.654,1.676,0,1.472,1.852,2.127,0,0,0,0,1.09,1.468,2.261,23.04,0,1.511,2.023,1.556,0,3.946,1.665,3.71,0,2.588,0,3.349,3.215,0,3.02,0,5.114,0,0,2.5,3.548,0,3.109,0,1.619,0,1.671,2.161,1.146,0,1.411,0,1.772,0,0,0,1.838,3.961,2.17,2.492,0
00:bin_000204,0,0,0,0,0,0,0,0,0,0,0,0,0,0,0,0,0,0,0,0,0,0,0,0,0,0,0,0,0,0,0,0,0,0,0,0,0,0,0,0,0,0,0,0,0,0,0,0,0,0,0,0,0,0,0,0,0,0,0,0,0,0,0,0,0,0,0,0,0,0,0,0,0,0,0,0,0,0,0,0,0,0,0,0
00:bin_000205,0,0,0,0,0,0,0,0,0,0,0,0,0,0,0,0,0,0,0,0,0,0,0,0,0,0,0,0,0,0,0,0,0,0,0,0,0,0,0,0,0,0,0,0,0,0,0,0,0,0,0,0,0,0,0,0,0,0,0,0,0,0,0,0,0,0,0,0,0,0,0,0,0,0,0,0,0,0,0,0,0,0,0,0
00:bin_000212,0,0,0,0,0,0,0,0,0,0,0,0,0,0,0,0,0,0,0,0,0,0,0,0,0,0,0,0,0,0,0,0,0,0,0,0,0,0,0,0,0,0,0,0,0,0,0,0,0,0,0,0,0,0,0,0,0,0,0,0,0,0,0,0,0,0,0,0,0,0,0,0,0,0,0,0,0,0,0,0,0,0,0,0
00:bin_000217,0,0,0,0,0,0,0,0,0,0,0,0,0,0,0,0,0,0,0,1.049,0,0,0,0,0,0,0,0,0,0,0,0,0,0,0,0,0,0,0,0,0,0,0,0,0,0,0,0,0,0,0,0,0,0,0,0,0,0,0,0,0,0,0,0,0,0,0,0,0,0,0,0,0,0,0,0,0,0,0,0,0,0,0,0
00:bin_000221,0,0,0,0,0,0,0,0,0,0,0,0,0,0,0,0,0,0,0,0,0,0,0,0,0,0,0,0,0,0,0,0,0,0,0,0,0,0,0,0,0,0,0,0,0,0,0,0,0,0,0,0,0,0,0,0,0,0,0,0,0,0,0,0,0,0,0,0,0,0,0,0,0,0,0,0,0,0,0,0,0,0,0,0
00:bin_000228,0,0,0,0,0,0,0,0,0,0,0,0,0,0,0,0,0,0,0,0,0,0,0,0,0,0,0,0,0,0,0,0,0,0,0,0,0,0,0,0,0,0,0,0,0,0,0,0,0,0,0,0,0,0,0,0,0,0,0,0,0,0,0,0,0,0,0,0,0,0,0,0,0,0,0,0,0,0,0,0,0,0,0,0
00:bin_000232,0,0,0,0,0,0,0,0,0,0,0,0,0,0,0,0,0,0,0,0,0,0,0,0,0,0,0,0,0,0,0,0,0,0,0,0,0,0,0,0,0,0,0,0,0,0,0,0,0,0,0,0,0,0,0,0,0,0,0,0,0,0,0,0,0,0,0,0,0,0,0,0,0,0,0,0,0,0,0,0,0,0,0,0
00:bin_000238,0,0,0,0,0,0,0,0,0,0,0,0,0,0,0,0,0,0,0,0,0,0,0,0,0,0,0,0,0,0,0,0,0,0,0,0,0,0,0,0,0,0,0,0,0,0,0,0,0,0,0,0,0,0,0,0,0,0,0,0,0,0,0,0,0,0,0,0,0,0,0,0,0,0,0,0,0,0,0,0,0,0,0,0
00:bin_000241,0,0,0,2.069,0,3.334,0,0,2.357,3.973,0,3.942,1.442,1.003,0,1.988,0,2.26,1.891,1.245,0,0,0,2.899,5.092,0,5.282,1.883,1.904,3.619,1.54,0,1.641,5.76,0,1.361,4.871,3.226,0,1.33,0,0,0,0.729,1.348,2.053,2.36,0,0,1.355,1.431,3.198,2.924,0,3.256,0,3.968,3.674,3.825,3.052,0,0,1.819,3.8,0,1.996,0,1.554,0,0,0,0,2.948,1.878,1.342,2.155,4.265,0,0,1.737,1.62,5.372,3.17,2.126
00:bin_000243,0,2.887,0,0,0,0,0,0,2.564,0,0,2.463,2.828,1.15,0,0,0,0,0,0,0,0,0,2.435,2.951,2.769,2.751,2.262,2.595,5.959,3.391,4.403,0,0,3.029,0,0,0,0,1.763,0,0,0,0,1.178,1.711,1.262,0,0,2.438,0,2.036,2.378,0,3.949,2.209,3.5,3.171,0,0,0,0,3.09,2.772,0,0,0,0,0,0,0,1.417,0,2.823,0,2.404,2.622,0,3.632,2.982,3.428,2.637,2.66,0
00:bin_000285,0,0,0,0,0,0,0,0,0,0,0,0,0,0,0,0,0,0,0,0,0,0,0,0,0,0,0,0,0,0,0,0,0,0,0,0,0,0,0,0,0,0,0,0,0,0,0,0,0,0,0,0,0,0,0,0,0,0,0,0,0,0,0,0,0,0,0,0,0,0,0,0,0,0,0,0,0,0,0,0,0,0,0,0
00:bin_000287,0,2.228,1.367,1.802,0,1.677,1.722,0,3.758,5.437,0,2.801,2.318,1.683,2.299,2.172,3.823,3.287,1.51,5.039,2.093,0,2.451,2.232,3.141,3.34,3.887,3.237,2.534,6.164,1.991,0,2.912,3.432,1.604,2.692,3.743,0,1.774,2.111,0,2.538,0,0.892,1.966,1.601,2.45,3.833,3.582,2.284,2.634,3.492,2.512,1.802,5.38,2.734,3.605,4.045,6.053,2.723,2.204,0,5.714,3.811,0,2.246,1.295,2.465,2.892,1.188,3.493,1.538,1.444,4.988,1.476,2.336,4.73,0,3.134,3.216,2.18,6.218,4.141,2.346
00-TM1:bin_000014,0,0,0,0,0,0,0,0,0,0,0,0,0,0,1.953,0,0,5.692,2.636,2.765,0,0,0,3.469,0,0,0,0,0,2.591,0,0,0,0,1.444,0,21.612,5.473,0,0,1.175,1.527,0,0,1.108,0,1.245,2.441,0,0,1.77,0,5.972,0,0,2.394,0,0,0,3.29,0,0,5.19,5.287,0,1.112,1.283,0,0,1.667,0,0,0,0,3.362,0,2.999,0,0,3.196,0,2.658,1.488,0
00-TM1:bin_000022,0,4.343,1.452,5.512,0,7.652,4.662,0,7.248,5.61,2.983,3.133,6.522,6.064,6.62,6.802,6.002,7.723,3.05,7.648,3.816,0,4.261,13.866,9.138,9.625,8.9,10.86,8.58,21.859,4.926,6.201,5.296,6.537,3.927,6.336,10.874,6.519,7.024,7.381,5.458,5.035,0,2.505,4.667,5.505,7.145,7.107,9.956,3.288,8.644,16.999,8.855,3.9,10.871,4.705,4.799,7.659,13.473,7.497,8.913,0,12.348,9.939,0,6.174,4.273,8.08,5.604,6.06,5.765,8.082,8.117,10.857,4.847,5.837,11.527,0,11.115,10.491,6.24,10.15,8.834,5.652
00-TM1:bin_000047,0,0,0,0,0,0,0,0,0,0,0,0,0,0,0,0,0,0,0,0,0,0,0,0,0,0,0,0,0,0,0,0,0,0,0,0,0,0,0,0,0,0,0,0,0,0,0,0,0,0,0,0,0,0,0,0,0,0,0,0,0,0,0,0,0,0,0,0,0,0,0,0,0,0,0,0,0,0,0,0,0,0,0,0
00-TM1:bin_000048,0,0,0,0,0,0,0,0,0,0,0,0,0,0,0,0,0,0,0,0,0,0,0,0,0,0,0,0,0,0,0,0,0,0,0,0,0,0,0,0,0,0,0,0,0,0,0,0,0,0,0,0,0,0,0,0,0,0,0,0,0,0,0,0,0,0,0,0,0,0,0,0,0,0,0,0,0,0,0,0,0,0,0,0
00-TM1:bin_000056,0,0,0,0,0,0,0,0,0,0,0,0,0,0,0,0,0,0,0,0,0,0,0,0,0,0,0,0,0,0,0,0,0,0,0,0,0,0,0,0,0,0,0,0,0,0,0,0,0,0,0,0,0,0,0,0,0,0,0,0,0,0,0,0,0,0,0,0,0,0,0,0,0,0,0,0,0,0,0,0,0,0,0,0
00-TM1:bin_000074,0,0,0,0,0,0,0,0,0,0,0,0,0,0,0,0,0,0,0,0,0,0,0,0,0,0,0,0,0,0,0,0,0,0,0,0,0,0,0,0,0,0,0,0,0,0,0,0,0,0,0,0,0,0,0,0,0,0,0,0,0,0,0,0,0,0,0,0,0,0,0,0,0,0,0,0,0,0,0,0,0,0,0,0
00-TM1:bin_000078,0,0,0,0,0,0,0,0,0,0,0,0,0,0.845,0,0,0,0,0,2.251,0,0,0,0,0,0,0,0,1.119,0,0,0,0,0,0,0,0,0,0,0,0,0,0,0,0,0,1.391,0,0,0,0,0,0,0,0,0,0,0,0,0,0,0,2.003,0,0,0,0,0,0,0,0,0,0,0,0,0,0,0,0,0,0,0,0,0
00-TM1:bin_000084,0,1.473,0,4.016,6.889,3.243,2.511,0,10.26,10.011,1.783,3.929,3.191,5.713,6.254,5.369,0,10.041,3.016,5.715,2.986,0,0,8.807,4.175,3.246,5.93,2.547,3.975,28.258,3.655,0,3.714,7.244,2.879,1.485,8.892,4.615,0,1.676,1.455,3.344,0,1.152,5.549,6.786,3.337,3.305,5.127,4.984,5.691,7.97,6.263,2.244,6.439,8.511,7.001,7.332,10.773,3.039,0,12.12,3.227,15.066,0,5.403,1.205,5.264,1.864,1.363,2.961,2.766,8.419,8.289,3.261,2.99,3.297,0,4.885,5.927,10.703,6.683,8.299,4.047
00-TM1:bin_000088,0,5.652,4.586,6.563,0,9.229,8.103,0,17.618,15.608,3.254,6.443,6.967,8.159,6.852,7.378,8.731,15.002,5.608,15.645,7.228,0,7.371,15.675,20.296,13.036,12.278,9.043,14.53,34.475,7.411,11.614,7.952,10.706,7.085,10.076,12.157,5.476,8.52,9.64,6.262,9.391,9.875,3.87,7.502,7.349,6.964,13.597,16.306,6.492,13.362,15.023,6.778,5.899,22.2,8.64,9.347,12.075,19.117,14.52,7.451,0,20.99,21.492,0,7.671,4.782,9.375,7.387,5.093,8.861,6.766,9.082,20.942,5.968,5.811,12.996,8.463,5.6,9.262,16.322,14.046,17.506,8.504
00-TM1:bin_000099,0,0,0,0,0,0,0,0,0,0,0,0,0,0,0,0,0,0,0,0,0,0,0,0,0,0,0,0,0,0,0,0,0,0,0,0,0,0,0,0,0,0,0,0,0,0,0,0,0,0,0,0,0,0,0,0,0,0,0,0,0,0,0,0,0,0,0,0,0,0,0,0,0,0,0,0,0,0,0,0,0,0,0,0
00-TM1:bin_000117,0,6.504,6.063,6.653,5.661,5.164,4.686,0,14.644,8.769,1.889,4.488,5.529,7.039,8.487,6.454,5.928,8.55,5.155,8.525,5.656,0,8.068,8.733,13.315,9.516,12.579,6.669,11.762,19.865,6.892,7.65,8.795,9.39,5.855,8.053,11.622,10.456,7.433,7.791,4.591,7.265,11.838,3.466,5.794,7.557,5.833,6.972,9.789,5.9,10.328,12.016,5.013,5.091,17.228,11.982,5.458,12.688,13.819,10.044,5.886,0,18.077,14.562,0,7.062,5.113,11.417,5.721,3.341,10.04,5.384,8.433,12.83,5.097,4.35,12.468,0,5.113,10.749,8.553,15.754,12.452,7.01
00-TM1:bin_000135,0,0,0,0,0,0,0,0,0,0,0,0,0,1.052,0,0,0,2.355,0,1.59,0,0,0,2.215,2.299,0,2.011,0,1.363,4.234,0,0,0,0,0,0,0,0,0,0,0,0,0,0,0,1.77,0,0,0,0,1.499,2.312,0,0,2.834,0,0,0,2.602,0,0,0,1.988,2.531,0,1.153,0,1.632,0,0,0,0,1.834,2.973,0,0,1.83,0,1.389,0,1.601,2.339,2.952,0
00-TM2:bin_000005,0,0,0,0,0,0,0,0,0,0,0,0,0,0,0,0,0,0,0,0,0,0,0,0,0,0,0,0,0,0,0,0,0,0,0,0,0,0,0,0,0,0,0,0,0,0,0,0,0,0,0,0,0,0,0,0,0,0,0,0,0,0,0,0,0,0,0,0,0,0,0,0,0,0,0,0,0,0,0,0,0,0,0,0
00-TM2:bin_000007,0,3.904,2.917,5.083,0,2.33,4.591,0,9.491,11.341,1.641,4.313,3.542,4.487,5.202,6.589,5.077,5.384,5.225,6.108,5.364,0,3.81,6.487,9.509,7.381,8.805,3.914,6.288,13.209,3.798,4.309,3.717,3.118,3.933,5.241,3.424,2.631,5.473,4.874,2.959,4.77,0,1.833,3.915,3.71,4.48,9.627,8.984,4.451,6.089,5.747,4.281,6.139,7.531,3.862,5.808,5.645,10.662,6.209,4.171,0,13.777,10.745,0,4.72,2.159,7.273,6.293,2.882,5.295,3.467,5.205,8.08,4.379,3.634,8.46,5.906,4.015,8.266,10.952,9.486,10.204,2.445
00-TM2:bin_000016,0,0,0,0,0,0,0,0,0,0,0,0,0,0,0,0,0,0,0,0,0,0,0,0,0,0,0,0,0,0,0,0,0,0,0,0,0,0,0,0,0,0,0,0,0,0,0,0,0,0,0,0,0,0,0,0,0,0,0,0,0,0,0,0,0,0,0,0,0,0,0,0,0,0,0,0,0,0,0,0,0,0,0,0
00-TM2:bin_000034,0,0,0,0,0,0,0,0,0,0,0,0,0,0,0,0,0,0,0,0,0,0,0,0,0,0,0,0,0,0,0,0,0,0,0,0,0,0,0,0,0,0,0,0,0,0,0,0,0,0,0,0,0,0,0,0,0,0,0,0,0,0,0,0,0,0,0,0,0,0,0,0,0,0,0,0,0,0,0,0,0,0,0,0
00-TM2:bin_000054,0,0,0,0,0,0,0,0,0,0,0,0,0,0,0,0,0,0,0,0,0,0,0,0,0,0,0,0,0,0,0,0,0,0,0,0,0,0,0,0,0,0,0,0,0,0,0,0,0,0,0,0,0,0,0,0,0,0,0,0,0,0,0,0,0,0,0,0,0,0,0,0,0,0,0,0,0,0,0,0,0,0,0,0
00-TM2:bin_000080,0,1.584,0,3.902,0,2.115,0,0,3.19,7.937,1.265,2.027,2.271,2.388,1.164,4.085,0,6.219,1.374,2.218,3.994,0,0,6.821,0,2.951,3.107,2.136,1.983,6.738,1.751,0,3.498,0,1.278,1.71,6.104,3.875,0,0.982,0,1.481,0,0,0,0,2.563,0,4.84,1.475,1.683,7.814,1.379,0,5.42,3.101,1.48,0,2.969,0,0,0,2.452,4.018,0,2.85,1.189,0,2.33,0,0,1.29,3.349,2.46,1.42,0,1.959,0,1.876,1.351,3.558,0,1.772,4.922
00-TM2:bin_000086,0,0,0,0,0,0,0,0,0,0,0,0,0,0,0,0,0,0,0,0,0,0,0,0,0,0,0,0,0,0,0,0,0,0,0,0,0,0,0,0,0,0,0,0,0,0,0,0,0,0,0,0,0,0,0,0,0,0,0,0,0,0,0,0,0,0,0,0,0,0,0,0,0,0,0,0,0,0,0,0,0,0,0,0
00-TM2:bin_000116,0,0,0,0,0,0,0,0,0,0,0,0,0,0,0,0,0,0,0,0,0,0,0,0,0,0,0,0,0,0,0,0,0,0,0,0,0,0,0,0,0,0,0,0,0,0,0,0,0,0,0,0,0,0,0,0,0,0,0,0,0,0,0,0,0,0,0,0,0,0,0,0,0,0,0,0,0,0,0,0,0,0,0,0
00-TM3:bin_000043,0,0,0,0,0,0,0,0,0,0,0,0,0,0,0,0,0,0,0,0,0,0,0,0,0,0,0,0,0,0,0,0,0,0,0,0,0,0,0,0,0,0,0,0,0,0,0,0,0,0,0,0,0,0,0,0,0,0,0,0,0,0,0,0,0,0,0,0,0,0,0,0,0,0,0,0,0,0,0,0,0,0,0,0
00-TM3:bin_000053,0,0,0,0,0,0,0,0,0,0,0,0,0,0,0,0,0,0,0,0,0,0,0,0,0,0,0,0,0,0,0,0,0,0,0,0,0,0,0,0,0,0,0,0,0,0,0,0,0,0,0,0,0,0,0,0,0,0,0,0,0,0,0,0,0,0,0,0,0,0,0,0,0,0,0,0,0,0,0,0,0,0,0,0
00-TM3:bin_000079,0,0,0,0,0,0,0,0,0,0,0,0,0,0,0,0,0,0,0,0,0,0,0,0,0,0,0,0,0,0,0,0,0,0,0,0,0,0,0,0,0,0,0,0,0,0,0,0,0,0,0,0,3.275,0,0,1.451,0,0,0,0,0,0,1.618,3.705,0,1.28,0.835,1.989,0,0,0,0,0,0,0,0,7.367,0,0,0,0,0,3.132,0
00-TM4:bin_000006,0,0,0,0,0,0,0,0,0,0,0,0,0,0,0,0,0,0,0,0,0,0,0,0,0,0,0,0,0,0,0,0,0,0,0,0,0,0,0,0,0,0,0,0,0,0,0,0,0,0,0,0,0,0,0,0,0,0,0,0,0,0,0,0,0,0,0,0,0,0,0,0,0,0,0,0,0,0,0,0,0,0,0,0
00-TM4:bin_000010,0,19.091,13.862,15.651,6.082,14.37,16.786,0,29.776,16.721,4.932,11.275,13.083,15.26,10.822,15.829,12.351,23.136,13.753,26.563,28.754,0,22.269,26.954,27.162,24.09,25.518,21.019,23.684,46.203,19.767,27.638,20.525,18.746,10.376,14.869,20.624,13.06,20.917,22.142,16.07,11.887,20.826,7.578,14.587,12.359,12.953,13.66,28.127,14.365,22.169,27.736,11.982,12.745,41.347,20.045,16.869,26.256,43.546,24.587,12.014,14.915,40.132,28.089,12.401,16.505,10.71,20.691,15.662,10.618,30.743,13.406,17.678,37.174,14.779,12.001,20.344,12.282,11.437,19.109,27.56,26.637,35.991,16.037
00-TM4:bin_000018,0,0,0,0,0,0,0,0,0,0,0,0,0,0,0,0,0,0,0,0,0,0,0,0,0,0,0,0,0,0,0,0,0,0,0,0,0,0,0,0,0,0,0,0,0,0,0,0,0,0,0,0,0,0,0,0,0,0,0,0,0,0,0,0,0,0,0,0,0,0,0,0,0,0,0,0,0,0,0,0,0,0,0,0
00-TM4:bin_000030,0,1.964,2.494,3.312,0,3.842,3.033,0,6.322,5.277,0,2.046,3.153,3.269,2.531,3.724,2.647,5.618,3.339,5.868,2.91,0,3.579,4.984,5.092,4.211,6.621,2.98,5.266,12.721,2.318,4.896,3.741,4.939,2.326,3.438,2.832,5.002,3.257,4.98,2.987,2.995,0,1.489,3.711,3.664,3.136,2.052,6.329,3.308,3.508,6.996,4.092,2.464,6.318,3.711,2.969,4.965,6.504,2.795,2.597,0,6.888,5.842,0,4.768,2.238,4.812,2.225,1.359,4.546,1.673,3.549,6.464,2.806,3.167,2.978,0,1.436,4.404,3.07,6.049,7.085,3.079
00-TM4:bin_000036,0,36.556,17.691,22.856,17.851,28.103,29.315,0,58.239,50.037,13.846,31.012,52.748,28.879,13.509,35.681,36.752,46.18,27.448,46.449,30.338,21.295,23.877,53.226,61.085,41.01,28.777,34.9,40.504,75.14,28.044,48.043,25.618,29.274,24.423,31.313,47.943,55.76,23.729,31.444,32.353,28.557,0,7.596,21.912,15.944,36.122,29.875,48.057,28.01,53.695,58.563,34.11,16.741,96.095,43.621,31.192,42.464,57.602,65.302,27.528,26.667,54.542,67.041,14.824,30.384,11.338,45.069,30.771,21.785,25.52,32.593,43.956,62.815,21.485,27.778,52.191,15.081,40.566,69.789,43.994,29.585,44.782,26.558
07:bin_000036,0,0,0,0,0,0,0,0,0,0,0,0,0,0,0,0,0,0,0,0,0,0,0,0,0,0,0,0,0,0,0,0,0,0,0,0,0,0,0,0,0,0,0,0,0,0,0,0,0,0,0,0,0,0,0,0,0,0,0,0,0,0,0,0,0,0,0,0,0,0,0,0,0,0,0,0,0,0,0,0,0,0,0,0
07:bin_000056,0,0,0,0,0,0,0,0,0,0,0,0,0,0,0,0,0,0,0,0,0,0,0,0,0,0,0,0,0,0,0,0,0,0,0,0,0,0,0,0,0,0,0,0,0,0,0,0,0,0,0,0,0,0,0,0,0,0,0,0,0,0,0,0,0,0,0,0,0,0,0,0,0,0,0,0,0,0,0,0,0,0,0,0
07:bin_000064,0,0,0,0,0,0,0,0,0,0,0,0,0,0,0,0,0,0,0,0,0,0,0,0,0,0,0,0,0,0,0,0,0,0,0,0,0,0,0,0,0,0,0,0,0,0,0,0,0,0,0,0,0,0,0,0,0,0,0,0,0,0,0,0,0,0,0,0,0,0,0,0,0,0,0,0,0,0,0,0,0,0,0,0
07:bin_000080,0,0,0,0,0,0,0,0,0,0,0,0,0,0,0,0,0,0,0,0,0,0,0,0,0,0,0,0,0,0,0,0,0,0,0,0,0,0,0,0,0,0,0,0,0,0,0,0,0,0,0,0,0,0,0,0,0,0,0,0,0,0,0,0,0,0,0,0,0,0,0,0,0,0,0,0,0,0,0,0,0,0,0,0
07:bin_000086,0,0,0,0,0,0,0,0,0,0,0,0,0,0,0,0,0,0,0,0,0,0,0,0,0,0,0,0,0,0,0,0,0,0,0,0,0,0,0,0,0,0,0,0,0,0,0,0,0,0,0,0,0,0,0,0,0,0,0,0,0,0,0,0,0,0,0,0,0,0,0,0,0,0,0,0,0,0,0,0,0,0,0,0
07:bin_000111,0,0,0,0,0,0,0,0,0,0,0,0,0,0,0,0,0,0,0,0,0,0,0,0,0,0,0,0,0,0,0,0,0,0,0,0,0,0,0,0,0,0,0,0,0,0,0,0,0,0,0,0,0,0,0,0,0,0,0,0,0,0,0,0,0,0,0,0,0,0,0,0,0,0,0,0,0,0,0,0,0,0,0,0
07:bin_000158,0,1.288,0,1.456,0,0,0,0,1.871,0,0,0,1.501,0.698,1.863,0,0,0,0,1.819,0,0,0,0,2.219,0,0,0,1.127,5.026,1.268,0,0,0,0,1.129,0,0,0,0,0,2.186,12.705,0,0,1.631,1.354,0,2.419,0,0,0,0,0,1.365,1.569,0,0,0,0,0,0,1.96,2.991,0,1.742,0,1.666,0,0,0,1.138,0,1.533,0,1.816,2.282,0,1.765,2.868,2.257,0,2.99,0
07:bin_000176,0,0,0,0,0,0,0,0,0,0,0,0,0,0,0,0,0,0,0,0,0,0,0,0,0,0,0,0,0,0,0,0,0,0,0,0,0,0,0,0,0,0,0,0,0,0,0,0,0,0,0,0,0,0,0,0,0,0,0,0,0,0,0,0,0,0,0,0,0,0,0,0,0,0,0,0,0,0,0,0,0,0,0,0
07-TM1:bin_000001,0,0,0,0,0,0,0,0,0,0,0,0,0,0,0,0,0,0,0,0,0,0,0,0,0,0,0,0,0,0,0,0,0,0,0,0,0,0,0,0,0,0,0,0,0,0,0,0,0,0,0,0,0,0,0,0,0,0,0,0,0,0,0,0,0,0,0,0,0,0,0,0,0,0,0,0,0,0,0,0,0,0,0,0
07-TM2:bin_000008,0,0,0,0,0,0,0,0,0,0,0,0,0,0,0,0,0,0,0,0,0,0,0,0,0,0,0,0,0,0,0,0,0,0,0,0,0,0,0,0,0,0,0,0,0,0,0,0,0,0,0,0,0,0,0,0,0,0,0,0,0,0,0,0,0,0,0,0,0,0,0,0,0,0,0,0,0,0,0,0,0,0,0,0
07-TM2:bin_000021,0,0,0,0,0,0,0,0,0,0,0,0,0,0,0,0,0,0,0,0,0,0,0,0,0,0,0,0,0,0,0,0,0,0,0,0,0,0,0,0,0,0,0,0,0,0,0,0,0,0,0,0,0,0,0,0,0,0,0,0,0,0,0,0,0,0,0,0,0,0,0,0,0,0,0,0,0,0,0,0,0,0,0,0
07-TM4:bin_000002,0,0,0,0,0,0,0,0,0,0,0,0,0,0,0,0,0,0,0,0,0,0,0,0,0,0,0,0,0,0,0,0,0,0,0,0,0,0,0,0,0,0,0,0,0,0,0,0,0,0,0,0,0,0,0,0,0,0,0,0,0,0,0,0,0,0,0,0,0,0,0,0,0,0,0,0,0,0,0,0,0,0,0,0
07-TM4:bin_000027,0,0,0,0,0,0,0,0,0,0,0,0,0,0,0,0,0,0,0,0,0,0,0,0,0,0,0,0,0,0,0,0,0,0,0,0,0,0,0,0,0,0,0,0,0,0,0,0,0,0,0,0,0,0,0,0,0,0,0,0,0,0,0,0,0,0,0,0,0,0,0,0,0,0,0,0,0,0,0,0,0,0,0,0
07-TM4:bin_000032,0,0,0,0,0,0,0,0,0,0,0,0,0,0,0,0,0,0,0,0,0,0,0,0,0,0,0,0,0,0,0,0,0,0,0,0,0,0,0,0,0,0,0,0,0,0,0,0,0,0,0,0,0,0,0,0,0,0,0,0,0,0,0,0,0,0,0,0,0,0,0,0,0,0,0,0,0,0,0,0,0,0,0,0
07-TM4:bin_000058,0,0,0,0,0,0,0,0,0,0,0,0,0,0,0,0,0,0,0,0,0,0,0,0,0,0,0,0,0,0,0,0,0,0,0,0,0,0,0,0,0,0,0,0,0,0,0,0,0,0,0,0,0,0,0,0,0,0,0,0,0,0,0,0,0,0,0,0,0,0,0,0,0,0,0,0,0,0,0,0,0,0,0,0
07-TM4:bin_000059,0,0,0,0,0,0,0,0,0,0,0,0,0,0,0,0,0,0,0,0,0,0,0,0,0,0,0,0,0,0,0,0,0,0,0,0,0,0,0,0,0,0,0,0,0,0,0,0,0,0,0,0,0,0,0,0,0,0,0,0,0,0,0,0,0,0,0,0,0,0,0,0,0,0,0,0,0,0,0,0,0,0,0,0
07-TM4:bin_000064,0,0,0,0,0,0,0,0,0,0,0,0,0,0,0,0,0,0,0,0,0,0,0,0,0,0,0,0,0,0,0,0,0,0,0,0,0,0,0,0,0,0,0,0,0,0,0,0,0,0,0,0,0,0,0,0,0,0,0,0,0,0,0,0,0,0,0,0,0,0,0,0,0,0,0,0,0,0,0,0,0,0,0,0
14:bin_000004,0,2.19,1.404,2.767,0,0,1.616,0,5.054,3.194,1.739,2.329,4.514,2.069,0,0,1.686,4.568,2.982,3.706,4.395,0,4.839,5.357,7.141,4.371,3.294,3.947,3.488,8.127,3.588,5.154,1.805,4.197,1.694,3.527,3.606,2.929,2.793,3.196,2.626,3.337,0,1.548,2.546,1.927,2.345,3.694,3.604,4.415,3.05,5.476,2.309,1.57,6.513,4.481,3.486,2.867,7.647,4.542,0,0,7.834,6.759,0,3.084,1.531,3.128,3.198,1.139,5.215,2.1,1.847,5.464,1.923,2.515,3.882,0,3.362,6.542,4.7,5.933,4.554,2.313
14:bin_000010,0,0,0,0,0,0,0,0,0,0,0,0,0,0,0,0,0,0,0,0,0,0,0,0,0,0,0,0,0,0,0,0,0,0,0,0,0,0,0,0,0,0,0,0,0,0,0,0,0,0,0,0,0,0,0,0,0,0,0,0,0,0,0,0,0,0,0,0,0,0,0,0,0,0,0,0,0,0,0,0,0,0,0,0
14:bin_000014,0,0,0,0,0,0,0,0,0,0,0,0,0,0,0,0,0,0,0,0,0,0,0,0,0,0,0,0,0,0,0,0,0,0,0,0,0,0,0,0,0,0,0,0,0,0,0,0,0,0,0,0,0,0,0,0,0,0,0,0,0,0,0,0,0,0,0,0,0,0,0,0,0,0,0,0,0,0,0,0,0,0,0,0
14:bin_000062,0,0,0,0,0,0,0,0,0,0,0,0,0,0,0,0,0,0,0,0,0,0,0,0,0,0,0,0,0,0,0,0,0,0,0,0,0,0,0,0,0,0,0,0,0,0,0,0,0,0,0,0,0,0,0,0,0,0,0,0,0,0,0,0,0,0,0,0,0,0,0,0,0,0,0,0,0,0,0,0,0,0,0,0
14:bin_000091,0,0,0,0,0,0,0,0,0,0,0,0,0,0,0,0,0,0,0,0,0,0,0,0,0,0,0,0,0,0,0,0,0,0,0,0,0,0,0,0,0,0,0,0,0,0,0,0,0,0,0,0,0,0,0,0,0,0,0,0,0,0,0,0,0,0,0,0,0,0,0,0,0,0,0,0,0,0,0,0,0,0,0,0
14:bin_000192,0,0,0,0,0,0,0,0,0,0,0,0,0,0,0,0,0,0,0,0,0,0,0,0,0,0,0,0,0,1.815,0,0,0,0,0,0,0,0,0,0,0,0,0,0,0,0,0,0,0,0,0,0,0,0,1.327,0,0,0,0,0,0,0,0,0,0,0,0,0,0,0,0,0,0,1.292,0,0,0,0,0,0,0,0,1.254,0
14-TM1:bin_000012,0,1.272,1.158,1.828,0,1.913,0,0,2.79,0,0,0,0,1.449,0,0,0,0,1.081,2.31,0,0,0,1.633,2.4,0,0,0,2.171,6.127,1.927,0,1.851,2.513,0,2.218,0,0,0,0,0,0,0,0.858,1.149,1.89,1.05,0,2.995,0.939,1.852,1.615,1.422,0,1.666,1.491,1.23,0,3.234,3.05,0,0,2.018,2.852,0,1.518,1.123,0,0,0,2.666,0,1.806,2.361,2.089,0,0,0,1.516,1.76,0,2.661,2.178,2.503
14-TM1:bin_000017,0,0,0,0,0,0,0,0,0,0,0,0,0,0,0,0,0,0,0,0,0,0,0,0,0,0,0,0,0,0,0,0,0,0,0,0,0,0,0,0,0,1.263,0,0,0,0,0,0,0,0,0,0,0,0,0,0,0,0,0,0,0,0,0,0,0,0,0,0,0,0,0,0,0,0,0,0,0,0,0,0,0,0,0,0
14-TM2:bin_000049,0,0,0,0,0,0,0,0,0,0,0,0,0,0,0,0,0,0,0,0,0,0,0,0,0,0,0,0,0,0,0,0,0,0,0,0,0,0,0,0,0,0,0,0,0,0,0,0,0,0,0,0,0,0,0,0,0,0,0,0,0,0,0,0,0,0,0,0,0,0,0,0,0,0,0,0,0,0,0,0,0,0,0,0
14-TM4:bin_000004,0,40.562,31.883,35.39,8.932,48.588,55.552,0,101.225,81.514,13.595,28.568,47.747,27.374,32.64,48.204,41.508,60.358,35.117,76.141,66.267,22.275,63.43,44.094,100.913,68.234,79.729,42.012,80.516,135.15,69.333,67.942,42.34,53.238,26.724,39.553,57.531,56.284,47.958,44.722,38.939,50.295,469.49,18.507,42.332,41.038,44.714,63.4,100.549,43.38,63.768,35.149,41.794,39.031,89.082,75.999,46.009,76.026,98.316,81.953,49.904,15.371,124.72,128.478,0,42.449,20.828,87.691,54.019,26.451,91.385,27.768,33.817,89.688,38.098,42.808,72.756,18.16,34.385,87.815,82.651,104.387,105.133,41.243
14-TM4:bin_000010,0,0,0,0,0,0,0,0,0,0,0,0,0,0,0,0,0,0,0,0,0,0,0,0,0,0,0,0,0,0,0,0,0,0,0,0,0,0,0,0,0,0,0,0,0,0,0,0,0,0,0,0,0,0,0,0,0,0,0,0,0,0,0,0,0,0,0,0,0,0,0,0,0,0,0,0,0,0,0,0,0,0,0,0
14-TM4:bin_000035,0,2.021,2.36,2.951,0,3.695,4.868,0,8.055,5.592,1.19,0,2.944,2.375,1.684,0,0,6.737,2.364,3.917,2.592,0,1.773,6.06,5.894,4.821,6.529,4.832,5.86,10.425,2.942,4.524,3.312,4.392,2.231,3.587,3.997,2.901,5.375,4.214,2.137,1.925,10.831,1.585,2.679,3.464,2.901,1.996,4.283,2.843,6.917,5.371,3.18,1.368,8.198,3.273,2.862,5.086,8.967,4.709,2.999,0,9.436,6.097,0,3.009,1.941,3.645,2.922,1.114,5.105,2.867,3.914,5.427,2.596,2.313,6.89,0,1.315,5.231,5.465,6.458,9.478,2.083
14-TM4:bin_000089,0,0,0,0,0,0,0,0,0,0,0,0,0,0,0,0,0,0,0,0,0,0,0,0,0,0,0,0,0,0,0,0,0,0,0,0,0,0,0,0,0,0,0,0,0,0,0,0,0,0,0,0,0,0,0,0,0,0,0,0,0,0,0,0,0,0,0,0,0,0,0,0,0,0,0,0,0,0,0,0,0,0,0,0
14-TM4:bin_000109,0,0,0,0,0,0,0,0,0,0,0,0,0,0,0,0,0,0,0,0,0,0,0,0,0,0,0,0,0,0,0,0,0,0,0,0,0,0,0,0,0,0,0,0,0,0,0,0,0,0,0,0,0,0,0,0,0,0,0,0,0,0,0,0,0,0,0,0,0,0,0,0,0,0,0,0,0,0,0,0,0,0,0,0
21:bin_000024,0,0,0,0,0,0,0,0,0,0,0,0,0,0,0,0,0,0,0,0,0,0,0,0,0,0,0,0,0,0,0,0,0,0,0,0,0,0,0,0,0,0,0,0,0,0,0,0,0,0,1.237,0,0,0,0,0,0,0,0,0,0,0,0,0,0,0,0,0,0,0,0,0,0,0,0,0,0,0,0,0,0,0,0,0
21:bin_000052,0,2.691,0,3.91,0,1.591,1.347,0,1.931,0,0,2.052,2.639,1.405,0,0,2.379,4.506,0,4.476,3.345,0,3.49,1.752,2.124,12.283,2.671,2.923,2.539,7.128,3.112,0,0,1.879,1.935,1.224,0,0,3.655,1.388,1.594,3.083,0,0.873,0,0,2.347,0,0,1.306,2.529,4.288,0,0,6.268,3.154,1.571,0,5.834,3.101,0,0,7.527,3.723,0,1.66,2.05,0,3.2,1.048,1.987,1.167,1.839,3.974,1.341,0,2.186,0,1.544,4.124,1.898,2.864,6.863,3.268
21:bin_000073,0,0,0,0,0,0,0,0,0,0,0,0,0,0,0,0,0,0,0,0,0,0,0,0,0,0,0,0,0,0,0,0,0,0,0,0,0,0,0,0,0,0,0,0,0,0,0,0,0,0,0,0,0,0,0,0,0,0,0,0,0,0,0,0,0,0,0,0,0,0,0,0,0,0,0,0,0,0,0,0,0,0,0,0
21:bin_000107,0,2.377,0,2.624,0,0,0,0,3.612,0,0,0,0,1.83,1.209,0,0,2.747,0,2.931,0,0,0,2.923,3.677,2.966,0,0,1.691,4.843,1.831,0,1.76,0,0,1.721,0,0,0,2.204,0,0,0,0.643,0,1.923,1.632,2.177,0,1.168,1.929,3.279,1.794,0,4.648,1.576,1.476,3.969,5.393,0,0,0,1.958,3.707,0,1.505,1.025,2.376,0,0,3.395,1.747,3.332,1.744,0,0,1.816,0,0,2.435,3.118,0,2.636,1.31
21:bin_000125,0,0,0,0,0,0,0,0,0,0,0,0,0,0,0,0,0,0,0,0,0,0,0,0,0,0,0,0,0,0,0,0,0,0,0,0,0,0,0,0,0,0,0,0,0,0,0,0,0,0,0,0,0,0,0,0,0,0,0,0,0,0,0,0,0,0,0,0,0,0,0,0,0,0,0,0,0,0,0,0,0,0,0,0
21:bin_000160,0,0,0,0,0,0,0,0,0,0,0,0,0,0.963,0,0,0,0,0,1.868,3.399,0,1.993,0,1.875,3.475,0,0,2.567,2.118,1.359,0,1.167,0,2.323,1.5,2.65,0,0,0,1.425,1.617,0,0,0,0,0,0,0,0,0,1.712,0,0,2.319,2.669,0,2.065,2.076,0,2.415,0,1.581,3.079,0,0,0,1.843,0,0,3.475,0,0,0,0,0,0,0,1.134,0,0,2.652,2.951,0
21:bin_000224,0,0,0,0,0,0,0,0,0,0,0,0,0,0,0,0,0,0,0,0,0,0,0,0,0,0,0,0,0,0,0,0,0,0,0,0,0,0,0,0,0,0,0,0,0,0,0,0,0,0,0,0,0,0,0,0,0,0,0,0,0,0,0,0,0,0,0,0,0,0,0,0,0,0,0,0,0,0,0,0,0,0,0,0
21-TM1:bin_000011,0,0,0,0,0,0,0,0,0,0,0,0,0,0,0,0,0,0,0,0,0,0,0,0,0,0,0,0,0,0,0,0,0,0,0,0,0,0,0,0,0,0,0,0,0,0,0,0,0,0,0,0,0,0,0,0,0,0,0,0,0,0,0,0,0,0,0,0,0,0,0,0,0,0,0,0,0,0,0,0,0,0,0,0
21-TM1:bin_000014,0,0,3.565,0,0,16.302,0,0,0,6.489,0,0,4.617,3.992,5.325,0,0,0,1.106,2.723,2.676,0,0,12.257,5.781,8.851,4.438,0,12.084,6.974,0,9.512,0,12.657,0,0,4.2,0,17.73,0.906,0,0,0,0,0,0,5.705,0,5.977,0,0,0,1.665,0,0,0,0,0,0,0,0,0,3.564,0,0,0,0,5.536,0,0,20.901,0,0,11.887,12.094,0,2.073,0,3.943,0,10.031,10.436,3.819,0
21-TM1:bin_000060,0,0,0,0,0,0,0,0,0,0,0,0,0,0,0,0,0,0,0,0,0,0,0,0,0,0,0,0,0,0,0,0,0,0,0,0,0,0,0,0,0,0,0,0,0,0,0,0,0,0,0,0,0,0,0,0,0,0,0,0,0,0,0,0,0,0,0,0,0,0,0,0,0,0,0,0,0,0,0,0,0,0,0,0
21-TM1:bin_000073,0,14.086,10.242,11.187,0,9.557,16.992,0,20.946,16.536,4.882,12.894,16.042,11.967,11.944,11.539,12.717,21.82,8.268,15.459,17.102,0,12.815,16.135,25.468,21.872,20.943,16.982,15.125,33.427,9.336,19.208,12.518,17.026,9.244,10.396,25.483,17.589,12.686,11.363,12.143,10.897,0,4.792,10.883,9.219,12.557,16.01,22.027,8.292,16.108,21.686,13.535,11.274,31.809,18.877,12.114,19.698,34.25,22.349,15.435,13.779,29.348,21.206,8.6,12.441,7.108,24.013,13.306,9.9,16.05,12.776,14.009,21.98,11.196,11.268,21.303,6.799,13.901,19.752,16.349,26.59,21.542,7.988
21-TM3:bin_000002,0,0,0,0,0,0,0,0,0,0,0,0,0,0,0,0,0,0,0,0,0,0,0,0,0,0,0,0,0,0,0,0,0,0,0,0,0,0,0,0,0,0,0,0,0,0,0,0,0,0,0,0,0,0,2.717,0,0,0,0,0,0,0,0,3.446,0,0,0,0,0,0,0,0,0,0,0,0,0,0,0,0,0,0,0,0
21-TM3:bin_000011,0,0,0,0,0,0,0,0,0,0,0,0,0,0,0,0,0,0,0,0,0,0,0,0,0,0,0,0,0,0,0,0,0,0,0,0,0,0,0,0,0,0,0,0,0,0,0,0,0,0,0,0,0,0,0,0,0,0,0,0,0,0,0,0,0,0,0,0,0,0,0,0,0,0,0,0,0,0,0,0,0,0,0,0
21-TM3:bin_000020,0,0,0,0,0,0,0,0,0,0,0,0,0,0,0,0,0,0,0,0,0,0,0,0,0,0,0,0,0,0,0,0,0,0,0,0,0,0,0,0,0,0,0,0,0,0,0,0,0,0,0,0,0,0,0,0,0,0,0,0,0,0,0,0,0,0,0,0,0,0,0,0,0,0,0,0,0,0,0,0,0,0,0,0
21-TM4:bin_000004,0,0,0,0,0,0,0,0,0,0,0,0,0,0,0,0,0,0,0,0,0,0,0,0,0,0,0,0,0,0,0,0,0,0,0,0,0,0,0,0,0,0,0,0,0,0,0,0,0,0,0,0,0,0,0,0,0,0,0,0,0,0,0,0,0,0,0,0,0,0,0,0,0,0,0,0,0,0,0,0,0,0,0,0
21-TM4:bin_000017,0,0,0,0,0,0,0,0,0,0,0,0,0,0,0,0,0,0,0,0,0,0,0,0,0,0,0,0,0,0,0,0,0,0,0,0,0,0,0,0,0,0,0,0,0,0,0,0,0,0,0,0,0,0,0,0,0,0,0,0,0,0,0,0,0,0,0,0,0,0,0,0,0,0,0,0,0,0,0,0,0,0,0,0
21-TM4:bin_000041,0,0,0,1.702,0,0,0,0,3.048,0,0,0,0,0.92,0,0,0,0,0,0,3.846,0,0,1.642,0,0,0,0,1.402,2.135,0,0,0,0,0,0,0,0,0,0.976,0,0,0,0,0,1.869,1.256,2.631,0,0,1.322,1.268,1.279,0,1.936,0,1.268,0,0,0,0,0,2.501,2.015,0,1.106,0.762,0,0,0,0,0,3.143,1.659,1.893,1.343,1.805,0,1.899,1.854,0,1.296,2.344,0
21-TM4:bin_000042,0,0,0,0,0,0,0,0,0,0,0,0,0,0,0,0,0,0,0,0,0,0,0,0,0,0,0,0,0,0,0,0,0,0,0,0,0,0,0,0,0,0,0,0,0,0,0,0,0,0,0,0,0,0,0,0,0,0,0,0,0,0,0,0,0,0,0,0,0,0,0,0,0,0,0,0,0,0,0,0,0,0,0,0
21-TM4:bin_000052,0,0,0,0,0,0,0,0,0,0,0,0,0,0,0,0,0,0,0,0,0,0,0,0,0,0,0,0,0,0,0,0,0,0,0,0,0,0,0,0,0,0,0,0,0,0,0,0,0,0,0,0,0,0,0,0,0,0,0,0,0,0,0,0,0,0,0,0,0,0,0,0,0,0,0,0,0,0,0,0,0,0,0,0
21-TM4:bin_000053,0,0,0,0,0,0,0,0,0,0,0,0,0,0,0,0,0,0,0,0,0,0,0,0,0,0,0,0,0,0,0,0,0,0,0,0,0,0,0,0,0,0,0,0,0,0,0,0,0,0,0,0,0,0,0,0,0,0,0,0,0,0,0,0,0,0,0,0,0,0,0,0,0,0,0,0,0,0,0,0,0,0,0,0
D300693:bin_000003,0,5.046,3.253,4.504,7.181,8.086,6.367,0,11.107,7.036,1.283,5.029,10.776,6.885,3.757,6.027,6.326,10.574,3.652,6.967,8.262,0,3.699,10.58,17.992,10.094,10.483,7.577,9.289,20.618,6.885,32.402,7.22,6.608,3.885,6.351,15.859,5.628,7.677,6.643,4.857,6.826,0,3.271,5.677,7.269,7.024,8.279,11.03,7.129,7.755,12.354,4.379,4.136,18.975,5.967,7.262,11.471,14.374,5.943,6.574,0,13.347,12.895,5.929,6.747,3.908,10.007,7.537,3.368,7.539,5.01,7.72,15.169,4.338,6.217,8.414,0,8.052,12.147,8.655,13.887,17.048,6.617
D300693:bin_000006,0,2.341,2.943,3.17,0,2.771,4.422,0,7.974,5.093,0.805,2.163,2.844,3.094,2.053,4.483,3.326,5.871,2.209,3.166,5.62,0,5.033,3.42,6.379,5.261,6.388,2.599,7.45,12.827,4.08,4.183,3.111,4.95,2.623,2.902,4.904,2.843,3.043,7.349,3.295,2.757,0,1.526,3.431,1.613,3.747,3.604,6.093,3.981,5.618,3.319,2.144,2.755,9.442,7.589,3.307,4.931,13.357,3.879,3.405,0,9.735,4.987,0,3.671,1.583,8.364,4.52,0,6.726,2.159,2.088,8.18,3.436,3.236,5.126,0,1.727,7.018,4.606,9.589,7.386,3.236
D300693:bin_000013,0,4.101,2.487,6.726,0,5.053,2.699,0,7.604,6.82,1.523,5.909,3.261,4.859,4.176,5.358,3.655,10.559,4.056,8.607,3.837,0,6.646,9.004,8.031,8.291,9.112,7.536,8.689,14.235,5.829,0,5.882,6.871,3.041,5.295,7.233,5.345,4.56,6.214,2.785,5.498,0,2.443,4.125,5.182,5.508,4.886,7.024,4.371,8.022,11.369,6.024,4.339,14.849,7.601,4.013,8.323,10.492,7.223,5.739,0,7.948,10.296,5.885,6.065,5.446,7.435,3.498,4.333,7.751,2.878,8.428,8.972,4.473,4.394,6.4,0,4.676,7.914,4.107,9.538,10.737,4.607
D300696:bin_000035,0,0,0,0,0,0,0,0,0,0,0,0,0,0.782,0,0,0,1.705,0,0.999,0,0,0,1.858,1.914,0,0,0,0,2.263,0,0,0,0,0,0,0,0,0,0.869,0,0,0,0,0,1.625,0,0,0,0,1.162,1.629,0,0,1.808,0,0,1.65,0,0,0,0,0.961,2.322,0,1.001,0,0,0,0,0,0,1.486,2.268,0,0,0,0,0,0,1.278,1.393,2.014,0
D300699:bin_000001,0,0,0,0,0,0,0,0,0,0,0,0,0,0,0,0,0,0,0,0,0,0,0,0,0,0,0,0,0,0,0,0,0,0,0,0,0,0,0,0,0,0,0,0,0,0,0,0,0,0,0,0,0,0,0,0,0,0,0,0,0,0,0,0,0,0,0,0,0,0,0,0,0,0,0,0,0,0,0,0,0,0,0,0
D300700:bin_000001,0,0,0,0,0,0,0,0,0,0,0,0,0,0,0,0,0,0,0,0,0,0,0,0,0,0,0,0,0,0,0,0,0,0,0,0,0,0,0,0,0,0,0,0,0,0,0,0,0,0,0,0,0,0,0,0,0,0,0,0,0,0,0,0,0,0,0,0,0,0,0,0,0,0,0,0,0,0,0,0,0,0,0,0
D300706:bin_000006,0,0,0,0,0,0,0,0,0,0,0,0,0,0,0,0,0,0,0,0,0,0,0,0,0,0,0,0,0,0,0,0,0,0,0,0,0,0,0,0,0,0,0,0,0,0,0,0,0,0,0,0,0,0,0,0,0,0,0,0,0,0,0,0,0,0,0,0,0,0,0,0,0,0,0,0,0,0,0,0,0,0,0,0
D300708:bin_000028,0,1.857,0,2.595,5.961,0,3.446,0,24.557,0,3.319,2.964,0,2.221,0,0,0,0,2.445,8.049,4.406,0,0,6.994,0,0,3.339,11.605,3.601,43.942,0,0,0,0,0,0,0,0,0,7.207,4.837,0,0,1.846,8.113,13.335,0,0,10.95,2.887,9.784,13.656,0,0,6.88,12.554,0,0,3.735,7.276,3.667,9.281,0,15.976,0,3.712,3.261,0,2.821,0,0,0,2.119,7.121,15.134,0,3.289,0,1.663,3.928,0,7.614,4.994,0
D300709:bin_000042,0,14.33,6.78,10.972,10.645,14.423,14.372,0,32.629,23.627,4.732,14.586,21.055,13.456,23.103,18.313,12.123,22.332,13.261,18.216,13.163,0,13.102,25.224,31.194,19.602,28.071,19.741,16.378,43.101,15.02,23.368,14.202,21.798,9.138,15.972,21.624,27.277,17.965,12.294,15.222,15.102,0,5.382,15.486,16.525,16.145,13.466,23.441,13.38,22.882,32.294,19.42,9.577,30.672,20.439,18.315,19.855,30.029,19.207,18.024,19.638,23.365,28.317,10.703,20.424,7.399,24.342,14.02,9.421,14.012,15.762,21.113,28.779,18.065,13.965,21.711,8.914,20.787,28.418,19.128,25.411,29.709,14.759
D300710:bin_000020,0,10.182,13.733,9.996,0,9.051,15.187,0,18.046,14.695,3.776,21.787,12.66,10.371,4.491,11.514,6.738,27.848,12.044,16.08,28.368,0,12.868,30.951,22.58,12.137,14.189,14.981,28.798,20.797,8.275,15.189,7.333,14.309,24.74,11.866,13.996,12.947,12.365,6.904,9.939,14.517,0,2.681,12.457,7.272,7.743,15.766,16.841,17.735,15.906,14.705,10.925,25.335,33.642,21.305,13.346,13.999,23.856,13.21,13.805,11.597,15.287,22.543,0,15.437,5.528,14.571,13.701,17.716,16.337,13.838,11.226,49.237,7.962,9.424,14.408,15.234,12.933,22.261,16.446,17.102,26.061,9.555
D300711:bin_000012,0,0,0,0,0,0,0,0,0,0,0,0,0,0,0,0,0,0,0,0,0,0,0,0,0,0,0,0,0,0,0,0,0,0,0,0,0,0,0,0,0,0,0,0,0,0,0,0,0,0,0,0,0,0,0,0,0,0,0,0,0,0,0,0,0,0,0,0,0,0,0,0,0,0,0,0,0,0,0,0,0,0,0,0
D300711:bin_000013,0,0,0,0,0,0,0,0,0,0,0,0,0,0,0,0,0,0,0,0,0,0,0,0,0,0,0,0,0,0,0,0,0,0,0,0,0,0,0,0,0,0,0,0,0,0,0,0,0,0,0,0,0,0,0,0,0,0,0,0,0,0,0,0,0,0,0,0,0,0,0,0,0,0,0,0,0,0,0,0,0,0,0,0
D300711:bin_000023,0,0,0,0,0,0,0,0,1.962,0,0,0,0,0.993,4.827,0,0,0,0,0,0,0,0,0,0,0,0,0,0,2.11,0,0,0,0,0,0,0,0,0,0,0,0,0,0,0,0,0,0,0,0,0,0,0,0,0,0,0,0,0,0,0,0,0,0,0,0,0,0,0,0,0,0,0,0,0,0,0,0,0,0,0,0,0,0
D300712:bin_000004,0,0,0,0,0,0,0,0,0,0,0,0,0,0,0,0,0,0,0,0,0,0,0,0,0,0,0,0,0,0,0,0,0,0,0,0,0,0,0,0,0,0,0,0,0,0,0,0,0,0,0,0,0,0,0,0,0,0,0,0,0,0,0,0,0,0,0,0,0,0,0,0,0,0,0,0,0,0,0,0,0,0,0,0
D300712:bin_000006,0,20.982,13.426,34.685,15.777,14.921,18.108,0,32.149,28.879,6.985,15.901,18.705,19.497,18.577,19.758,31.916,111.868,10.605,32.915,33.617,0,29.321,24.396,35.239,22.674,30.42,22.853,34.903,72.243,19.473,43.554,21.366,18.793,12.529,22.206,17.504,23.011,20.083,16.229,15.969,22.031,19.017,9.536,21.056,13.884,22.972,26.476,33.225,14.756,29.221,30.137,23.506,14.982,72.573,20.645,19.394,25.774,47.865,31.459,17.695,16.56,34.975,50.158,12.3,21.346,15.552,39.344,16.02,14.552,27.817,17.933,25.381,39.539,15.759,20.615,24.899,12.432,19.265,21.262,28.628,36.145,42.11,27.616
D300712:bin_000007,0,1.997,1.356,2.992,0,4.334,3.002,0,6.583,3.34,1.126,1.84,3.713,4.912,2.393,5.484,2.096,6.175,3.027,4.864,0,0,2.32,7.983,3.863,10.479,6.686,6.042,3.671,12.343,3.593,4.918,3.216,3.02,2.178,2.392,4.388,5.238,3.277,3.484,4.318,1.868,0,1.692,2.207,2.999,4.051,4.786,4.726,3.668,5.347,10.675,3.379,0,6.517,5.938,6.263,4.799,9.982,6.05,2.468,0,6.871,9.624,0,4.863,2.752,4.689,2.45,1.392,2.628,4.216,6.243,9.564,3.933,2.199,2.983,0,3.544,3.156,2.677,5.112,6.094,5.347
D300712:bin_000016,0,1.302,0.91,0,6.884,1.487,1.376,0,3.193,6.517,1.172,3.986,2.669,1.683,4.054,0,1.908,2.646,3.081,2.709,4.558,0,0,5.483,2.928,2.827,0,2.759,2.984,4.154,2.127,5.526,2.521,3.204,0,3.076,6.982,8.5,2.911,0,0,1.979,0,0.744,2.087,0,2.442,0,4.581,2.311,4.394,4.617,1.502,0,4.171,1.671,5.509,4.601,5.151,4.716,2.539,0,4.497,4.811,0,2.532,1.176,4.122,0,1.599,3.165,1.691,3.139,4.799,3.057,1.499,3.397,0,0,4.732,3.459,5.334,3.97,1.911
D300713:bin_000003,0,1.929,5.175,3.1,0,0,5.239,0,3.265,0,0,5.555,0,2.772,0,0,2.61,10.963,3.466,4.469,9.868,0,0,10.424,5.131,4.987,4.579,0,12.275,7.641,0,0,1.821,7.119,9.556,0,0,0,2.724,3.059,0,4.565,0,0.892,3.503,2.201,2.522,0,3.245,7.538,4.354,2.961,0,9.761,9.119,4.033,0,4.417,5.185,3.799,5.557,0,3.569,5.908,0,5.293,1.191,4.097,5.801,5.661,7.57,4.918,3.066,17.601,2.517,2.897,3.36,0,0,3.61,6.679,3.655,7.397,0
D300713:bin_000009,0,2.257,2.709,3.39,0,4.31,2.121,0,7.143,3.286,0,3.154,3.317,3.349,2.587,3.523,3.914,7.18,2.338,5.962,5.266,0,5.263,6.585,5.043,4.026,5.123,2.649,7.586,12.415,2.552,4.864,4.893,3.917,2.747,2.576,3.714,4,3.088,3.93,1.836,3.38,0,1.425,2.862,2.337,5.207,5.124,7.105,2.897,6.675,4.179,2.176,2.048,8.397,4.639,4.948,4.657,7.552,4.955,3.132,0,5.336,9.546,0,2.9,2.965,3.704,4.763,1.314,5.551,2.298,3.391,7.395,2.46,2.995,2.956,0,2.495,4.869,4.543,7.564,6.273,3.389
D300714:bin_000008,0,18.005,13.392,19.742,17.688,22.177,20.557,0,46.044,31.158,6.991,11,14.045,20.896,17.566,24.504,25.408,39.775,16.2,26.39,22.038,20.105,20.6,43.937,41.489,31.103,29.812,24.555,32.874,67.19,22.733,23.133,31.897,33.813,14.198,23.094,27.5,20.247,27.464,30.277,20.752,18.751,38.222,12.636,18.879,28.203,25.095,29.603,30.435,19.931,41.156,52.708,22.739,14.724,51.661,30.706,23.289,27.275,59.574,35.299,22.073,21.061,50.625,53.877,15.521,24.461,21.146,36.432,21.796,11.992,30.583,17.395,35.179,51.798,17.807,16.058,30.268,21.215,15.905,26.605,24.207,35.78,48.649,26.037
D300719:bin_000003,0,2.848,1.836,1.815,0,0,0,0,2.206,7.554,0,0,0,1.108,0,0,0,2.359,1.254,2.219,0,0,2.837,3.014,1.888,3.717,0,0,1.765,7.672,2.359,3.16,0.983,1.862,0,1.406,0,0,5.133,2.014,1.894,4.392,0,0,1.427,0,1.605,0,4.063,0,4.72,1.977,2.507,0,1.675,3.583,1.223,2.008,5.34,3.188,0,0,2.936,7.647,0,1.563,1.352,2.099,1.998,1.467,2.352,0,1.876,2.351,0,1.69,0,0,0,3.024,1.877,3.461,4.948,1.451
D300719:bin_000008,0,0,0,0,0,0,0,0,0,0,0,0,0,0,0,0,0,0,0,0,0,0,0,0,0,0,0,0,0,0,0,0,0,0,0,0,0,0,0,0,0,0,0,0,0,0,0,0,0,0,0,0,0,0,0,0,0,0,0,0,0,0,0,0,0,0,0,0,0,0,0,0,0,0,0,0,0,0,0,0,0,0,0,0
D300720:bin_000001,0,0,0,0,0,0,0,0,0,0,0,0,0,0,0,0,0,0,0,0,0,0,0,0,0,0,0,0,0,0,0,0,0,0,0,0,0,0,0,0,0,0,0,0,0,0,0,0,0,0,0,0,0,0,0,0,0,0,0,0,0,0,0,0,0,0,0,0,0,0,0,0,0,0,0,0,0,0,0,0,0,0,0,0
D300723:bin_000001,0,0,0,0,0,0,0,0,0,0,0,0,0,0,0,0,0,0,0,0,0,0,0,0,0,0,0,0,0,0,0,0,0,0,0,0,0,0,0,0,0,0,0,0,0,0,0,0,0,0,0,0,0,0,0,0,0,0,0,0,0,0,0,0,0,0,0,0,0,0,0,0,0,0,0,0,0,0,0,0,0,0,0,0
D300723:bin_000008,0,21.188,9.192,23.229,15.277,22.337,23.517,0,37.6,42.852,10.412,15.484,33.023,20.122,12.071,30.163,19.459,68.256,26.822,23.1,37.234,17.608,22.446,45.851,44.984,26.391,53.975,24.213,42.555,57.57,19.341,59.169,24.474,41.918,22.705,25.301,26.512,37.948,21.666,25.234,18.734,24.323,0,7.401,28.528,23.26,33.3,38.893,37.329,18.187,39.357,41.307,23.19,22.539,42.34,34.856,24.789,30.698,57.573,22.468,28.646,23.913,40.318,42.632,10.135,25.163,13.617,33.771,27.108,22.181,33.038,21.97,24.97,76.595,30.465,20.019,25.043,15.401,35.163,33.031,28.939,36.223,33.735,31.492
D300729:bin_000019,0,6.321,3.767,4.922,0,5.162,5.896,0,10.776,8.863,2.366,5.443,8.081,5.297,3.283,6.401,6.674,10.376,4.854,8.793,6.645,0,5.282,9.65,11.103,7.994,6.904,6.769,8.58,16.187,5.394,9.075,5.354,6.44,4.729,5.92,8.611,8.778,4.905,6.173,5.758,5.433,0,1.849,4.573,3.983,6.434,6.147,9.49,5.28,9.677,10.619,6.409,3.964,16.853,8.378,5.956,8.164,12.541,10.954,5.453,0,10.865,12.691,0,5.88,2.793,8.922,5.757,4.106,6.252,5.672,7.606,12.679,4.517,5.057,9.428,0,6.659,11.11,7.996,7.526,9.843,5.392
D300742:bin_000002,0,2.706,2.194,2.369,0,0,2.632,0,5.334,4.323,0,2.515,0,2.801,2.668,0,0,4.539,2.367,2.105,2.853,0,2.783,4.96,4.233,0,5.788,1.936,7.113,11.163,2.78,0,2.982,2.739,2.199,2.693,3.944,0,2.097,3.006,2.412,3.082,0,1.059,2.308,2.849,3.562,4.792,4.249,2.158,3.611,3.584,2.334,1.945,3.391,3.47,2.081,3.23,7.01,0,0,0,4.636,6.076,0,3.237,2.307,4.111,1.94,2.558,0,2.218,2.974,6.3,2.185,2.772,2.934,0,1.95,4.049,2.398,4.666,4.275,2.637
D300748:bin_000014,0,2.641,2.791,5.698,0,3.078,5.171,0,8.168,7.306,1.548,3.729,2.667,3.888,2.024,4.256,2.707,6.167,3.032,6.933,4.051,0,2.688,7.529,7.048,3.011,7.359,4.522,6.389,13.085,3.899,3.654,5.746,6.477,2.078,6.372,5.983,3.293,4.747,5.848,3.965,3.283,0,2.046,2.87,2.014,4.111,5.621,4.853,2.754,5.58,7.435,2.766,3.2,6.076,2.938,2.714,5.223,13.081,8.249,2.384,0,7.757,11.205,0,3.28,2.997,4.249,3.201,1.262,5.024,3.206,6.422,8.579,2.145,3.019,6.594,0,2.584,3.88,5.91,7.341,7.09,2.082
D300750:bin_000009,0,0,0,0,0,0,0,0,0,0,0,0,0,0,0,0,0,0,0,0,0,0,0,0,0,0,0,0,0,0,0,0,0,0,0,0,0,0,0,0,0,0,0,0,0,0,0,0,0,0,0,0,0,0,0,0,0,0,0,0,0,0,0,0,0,0,0,0,0,0,0,0,0,0,0,0,0,0,0,0,0,0,0,0
D300751:bin_000024,0,0,0,0,0,0,0,0,0,0,0,0,0,0,0,0,0,0,0,0,0,0,0,0,0,0,0,0,0,0,0,0,0,0,0,0,0,0,0,0,0,0,0,0,0,0,0,0,0,0,0,0,0,0,0,0,0,0,0,0,0,0,0,0,0,0,0,0,0,0,0,0,0,0,0,0,0,0,0,0,0,0,0,0
D300751:bin_000031,0,0,0,0,0,0,0,0,0,0,0,0,0,0,0,0,0,0,0,0,0,0,0,0,0,0,0,0,0,0,0,0,0,0,0,0,0,0,0,0,0,0,0,0,0,0,0,0,0,0,0,0,0,0,0,0,0,0,0,0,0,0,0,0,0,0,0,0,0,0,0,0,0,0,0,0,0,0,0,0,0,0,0,0
D300754:bin_000002,0,0,0,0,0,0,0,0,0,0,0,0,0,0,0,0,0,0,0,0,0,0,0,0,0,0,0,0,0,0,0,0,0,0,0,0,0,0,0,0,0,0,0,0,0,0,0,0,0,0,0,0,0,0,0,0,0,0,0,0,0,0,0,0,0,0,0,0,0,0,0,0,0,0,0,0,0,0,0,0,0,0,0,0
D300754:bin_000004,0,0,0,0,0,0,0,0,0,0,0,0,0,0,0,0,0,0,0,0,0,0,0,0,0,0,0,0,0,0,0,0,0,0,0,0,0,0,0,0,0,0,0,0,0,0,0,0,0,0,0,0,0,0,0,0,0,0,0,0,0,0,0,0,0,0,0,0,0,0,0,0,0,0,0,0,0,0,0,0,0,0,0,0
D300755:bin_000017,0,0,0,0,0,0,0,0,0,0,0,0,0,0,0,0,0,0,0,0,0,0,0,0,0,0,0,0,0,0,0,0,0,0,0,0,0,0,0,0,0,0,0,0,0,0,0,0,0,0,0,0,0,0,0,0,0,0,0,0,0,0,0,0,0,0,0,0,0,0,0,0,0,0,0,0,0,0,0,0,0,0,0,0
D300757:bin_000005,0,0,0,0,0,0,0,0,0,0,0,0,0,0,0,0,0,0,0,0,0,0,0,0,0,0,0,0,0,0,0,0,0,0,0,0,0,0,0,0,0,0,0,0,0,0,0,0,0,0,0,0,0,0,0,0,0,0,0,0,0,0,0,0,0,0,0,0,0,0,0,0,0,0,0,0,0,0,0,0,0,0,0,0
D300759:bin_000011,0,0,0,0,0,0,0,0,0,0,0,1.626,0,0.721,0,0,0,0,0,1.357,0,0,0,1.53,0,0,0,0,0.949,3.036,0,0,0,0,0,0,0,0,0,0,0,0,0,0,0.939,0,0,0,0,0,0,0,0,0,0,1.338,0,0,0,0,0,0,0,0,0,0,0,0,0,0,0,0,0,0,0,0,0,0,0,0,0,0,0,0
D300759:bin_000036,0,0,0,0,0,0,0,0,0,0,0,0,0,0,0,0,0,0,0,0,0,0,0,0,0,0,0,0,0,0,0,0,0,0,0,0,0,0,0,0,0,0,0,0,0,0,0,0,0,0,0,0,0,0,0,0,0,0,0,0,0,0,0,0,0,0,0,0,0,0,0,0,0,0,0,0,0,0,0,0,0,0,0,0
D300760:bin_000013,0,0,0,0,0,0,0,0,0,0,0,0,0,0,0,0,0,0,0,0,0,0,0,0,0,0,0,0,0,0,0,0,0,0,0,0,0,0,0,0,0,0,0,0,0,0,0,0,0,0,0,0,0,0,0,0,0,0,0,0,0,0,0,0,0,0,0,0,0,0,0,0,0,0,0,0,0,0,0,0,0,0,0,0
D300763:bin_000009,0,0,0,0,0,0,0,0,0,0,0,0,0,0,0,0,0,0,0,0,0,0,0,0,0,0,0,0,0,0,0,0,0,0,0,0,0,0,0,0,0,0,0,0,0,0,0,0,0,0,0,0,0,0,0,0,0,0,0,0,0,0,0,0,0,0,0,0,0,0,0,0,0,0,0,0,0,0,0,0,0,0,0,0
D300763:bin_000013,0,0,0,0,0,0,0,0,0,0,0,0,0,0,0,0,0,0,0,0,0,0,0,0,0,0,0,0,0,0,0,0,0,0,0,0,0,0,0,0,0,0,0,0,0,0,0,0,0,0,0,0,0,0,0,0,0,0,0,0,0,0,0,0,0,0,0,0,0,0,0,0,0,0,0,0,0,0,0,0,0,0,0,0
D300763:bin_000022,0,8.738,117.704,14.015,12.776,5.038,91.675,0,15.049,11.644,6.108,165.974,6.335,30.201,6.172,11.41,8.728,163.469,57.709,57.74,207.827,0,11.072,239.04,13.911,22.829,16.508,20.725,189.782,20.874,11.231,13.897,8.492,121.428,207.608,9.983,9.251,12.894,13.263,12.822,7.927,52.957,0,5.001,39.259,7.144,6.105,9.681,13.649,150.835,8.919,15.606,9.974,307.39,167.193,8.528,4.889,12.432,17.681,15.813,53.058,11.277,13.466,15.158,8.561,93.695,5.299,53.643,24.242,120.633,152.324,105.567,18.461,355.213,6.391,37.199,11.647,211.243,5.975,21.491,119.02,18.749,63.863,7.606
D300763:bin_000032,0,0,0,0,0,0,0,0,0,0,0,0,0,0,0,0,0,0,0,0,0,0,0,0,0,0,0,0,0,0,0,0,0,0,0,0,0,0,0,0,0,0,0,0,0,0,0,0,0,0,0,0,0,0,0,0,0,0,0,0,0,0,0,0,0,0,0,0,0,0,0,0,0,0,0,0,0,0,0,0,0,0,0,0
D300764:bin_000008,0,2.355,0,2.476,0,0,4.714,0,4.636,4.517,0,7.51,2.331,2.709,4.277,0,0,10.306,3.741,5.399,9.593,0,0,10.588,4.168,0,0,3.322,10.753,6.184,2.037,0,2.559,5.956,8.258,2.93,4.729,0,0,2.955,2.083,3.782,0,0.921,2.678,2.845,1.65,4.182,5.123,7.017,2.949,3.716,2.465,0,9.222,3.084,0,3.465,6.213,0,0,0,5.531,4.547,0,5.158,1.505,5.292,3.498,5.203,6.942,0,0,16.19,0,3.511,2.866,0,2.227,3.959,0,4.122,5.926,0
D300764:bin_000013,0,0,0,0,0,0,0,0,0,0,0,0,0,0,0,0,0,0,0,0,0,0,0,0,0,0,0,0,0,0,0,0,0,0,0,0,0,0,0,0,0,0,0,0,0,0,0,0,0,0,0,0,0,0,0,0,0,0,0,0,0,0,0,0,0,0,0,0,0,0,0,0,0,0,0,0,0,0,0,0,0,0,0,0
D300766:bin_000008,0,0,0,0,0,0,0,0,0,0,0,0,0,0,0,0,0,0,0,0,0,0,0,0,0,0,0,0,0,0,0,0,0,0,0,0,0,0,0,0,0,0,0,0,0,0,0,0,0,0,0,0,0,0,0,0,0,0,0,0,0,0,0,0,0,0,0,0,0,0,0,0,0,0,0,0,0,0,0,0,0,0,0,0
D300766:bin_000009,0,0,0,0,0,0,0,0,0,0,0,0,0,0,0,0,0,0,0,0,0,0,0,0,0,0,0,0,0,0,0,0,0,0,0,0,0,0,0,0,0,0,0,0,0,0,0,0,0,0,0,0,0,0,0,0,0,0,0,0,0,0,0,0,0,0,0,0,0,0,0,0,0,0,0,0,0,0,0,0,0,0,0,0
MPB:bin_000002,0,0,0,0,0,0,0,0,0,0,0,0,0,0,0,0,0,0,0,0,0,0,0,0,0,0,0,0,0,0,0,0,0,0,0,0,0,0,0,0,0,0,0,0,0,0,0,0,0,0,0,0,0,0,0,0,0,0,0,0,0,0,0,0,0,0,0,0,0,0,0,0,0,0,0,0,0,0,0,0,0,0,0,0
MPB:bin_000004,0,0,0,0,0,0,0,0,0,0,0,0,0,0,0,0,0,0,0,0,0,0,0,0,0,0,0,0,0,0,0,0,0,0,0,0,0,0,0,0,0,0,0,0,0,0,0,0,0,0,0,0,0,0,0,0,0,0,0,0,0,0,0,0,0,0,0,0,0,0,0,0,0,0,0,0,0,0,0,0,0,0,0,0
MPB:bin_000005,0,0,0,0,0,0,1.842,0,0,0,0,0,1.837,1.43,0,0,0,0,1.869,0,0,0,0,0,2.906,0,0,1.967,0,5.395,1.749,0,0,0,0,0,2.949,3.195,0,1.686,1.614,0,0,0,0,0,0,0,0,0,0,0,0,2.002,3.54,1.979,1.917,0,0,3.345,0,0,0,3.902,0,0,1.084,0,0,0,2.821,0,2.152,3.033,0,0,0,0,0,0,0,4.062,3.039,0
MPB:bin_000006,0,0,0,0,0,0,0,0,0,0,0,0,0,0,0,0,0,0,0,0,0,0,0,0,0,0,0,0,0,0,0,0,0,0,0,0,0,0,0,0,0,0,0,0,0,0,0,0,0,0,0,0,0,0,0,0,0,0,0,0,0,0,0,0,0,0,0,0,0,0,0,0,0,0,0,0,0,0,0,0,0,0,0,0
MPB:bin_000007,0,0,0,0,0,0,0,0,0,0,0,0,0,0,0,0,0,0,0,0,0,0,0,0,0,0,0,0,0,0,0,0,0,0,0,0,0,0,0,0,0,0,0,0,0,0,0,0,0,0,0,0,0,0,0,0,0,0,0,0,0,0,0,0,0,0,0,0,0,0,0,0,0,0,0,0,0,0,0,0,0,0,0,0
MPB:bin_000009,0,0,0,0,0,0,0,0,0,0,0,0,0,0,0,0,0,0,0,0,0,0,0,0,0,0,0,0,0,0,0,0,0,0,0,0,0,0,0,0,0,0,0,0,0,0,0,0,0,0,0,0,0,0,0,0,0,0,0,0,0,0,0,0,0,0,0,0,0,0,0,0,0,0,0,0,0,0,0,0,0,0,0,0
MPB:bin_000010,0,0,0,0,0,0,0,0,0,0,0,0,0,0,0,0,0,0,0,0,0,0,0,0,0,0,0,0,0,0,0,0,0,0,0,0,0,0,0,0,0,0,0,0,0,0,0,0,0,0,0,0,0,0,0,0,0,0,0,0,0,0,0,0,0,0,0,0,0,0,0,0,0,0,0,0,0,0,0,0,0,0,0,0
MPB:bin_000011,0,0,0,0,0,0,0,0,0,0,0,0,0,0,0,0,0,0,0,0,0,0,0,0,0,0,0,0,0,0,0,0,0,0,0,0,0,0,0,0,0,0,0,0,0,0,0,0,0,0,0,0,0,0,0,0,0,0,0,0,0,0,0,0,0,0,0,0,0,0,0,0,0,0,0,0,0,0,0,0,0,0,0,0
MPB:bin_000016,0,16.298,12.199,9.847,0,4.237,10.039,0,29.352,16.836,4.174,7.653,17.671,7.309,11.402,14.096,22.624,10.847,14.617,19.364,9.297,0,8.788,16.72,10.656,20.545,18.367,18.27,17.799,58.106,16.916,15.411,11.771,16.992,13.619,14.065,17.837,19.349,8.35,11.942,11.923,14.771,112.393,4.801,12.91,12.622,12.603,7.079,20.648,7.763,24.323,12.193,13.539,8.269,32.909,14.91,15.732,22.785,23.363,22.492,10.289,0,19.009,27.996,0,16.595,7.955,14.926,19.744,6.182,16.385,9.192,15.152,26.185,10.39,14.35,12.876,0,11.774,25.01,23.852,21.87,29.129,23.812
MPB:bin_000017,0,0,0,0,0,0,0,0,0,0,0,0,0,0,0,0,0,0,0,0,0,0,0,0,0,0,0,0,0,0,0,0,0,0,0,0,0,0,0,0,0,0,0,0,0,0,0,0,0,0,0,0,0,0,0,0,0,0,0,0,0,0,0,0,0,0,0,0,0,0,0,0,0,0,0,0,0,0,0,0,0,0,0,0
MPB:bin_000019,0,0,0,0,0,0,0,0,0,0,0,0,0,0,0,0,0,0,0,0,0,0,0,0,0,0,2.078,0,0,0,0,0,0,0,0,0,0,0,0,0,0,0,0,0,0,0,0,0,0,0,0,0,0,0,0,0,0,0,0,0,0,0,1.175,0,0,0,0,0,0,0,0,0,0,0,0,0,0,0,0,0,0,0,0,0
MPB:bin_000021,0,0,0,0,0,0,0,0,0,0,0,0,0,0,0,0,0,0,0,0,0,0,0,0,0,0,0,0,0,0,0,0,0,0,0,0,0,0,0,0,0,0,0,0,0,0,0,0,0,0,0,0,0,0,0,0,0,0,0,0,0,0,0,0,0,0,0,0,0,0,0,0,0,0,0,0,0,0,0,0,0,0,0,0
MPB:bin_000022,0,0,0,0,0,0,0,0,0,0,0,0,0,0,0,0,0,0,0,0,0,0,0,0,0,0,0,0,0,0,0,0,0,0,0,0,0,0,0,0,0,0,0,0,0,0,0,0,0,0,0,0,0,0,0,0,0,0,0,0,0,0,0,0,0,0,0,0,0,0,0,0,0,0,0,0,0,0,0,0,0,0,0,0
MPB:bin_000023,0,0,0,0,0,0,0,0,0,0,0,0,0,0,0,0,0,0,0,0,0,0,0,0,0,0,0,0,0,0,0,0,0,0,0,0,0,0,0,0,0,0,0,0,0,0,0,0,0,0,0,0,0,0,0,0,0,0,0,0,0,0,0,0,0,0,0,0,0,0,0,0,0,0,0,0,0,0,0,0,0,0,0,0
MPB:bin_000026,0,0,0,0,0,0,0,0,0,0,0,0,0,0,0,0,0,0,0,0,0,0,0,0,0,0,0,0,0,0,0,0,0,0,0,0,0,0,0,0,0,0,0,0,0,0,0,0,0,0,0,0,0,0,0,0,0,0,0,0,0,0,0,0,0,0,0,0,0,0,0,0,0,0,0,0,0,0,0,0,0,0,0,0
MPB:bin_000030,0,0,0,0,0,0,0,0,0,0,0,0,0,0,0,0,0,0,0,0,0,0,0,0,0,0,0,0,0,0,0,0,0,0,0,0,0,0,0,0,0,0,0,0,0,0,0,0,0,0,0,0,0,0,0,0,0,0,0,0,0,0,0,0,0,0,0,0,0,0,0,0,0,0,0,0,0,0,0,0,0,0,0,0
MPB:bin_000034,0,0,0,0,0,0,0,0,0,0,0,0,0,0,0,0,0,0,0,0,0,0,0,0,0,0,0,0,0,0,0,0,0,0,0,0,0,0,0,0,0,0,0,0,0,0,0,0,0,0,0,0,0,0,0,0,0,0,0,0,0,0,0,0,0,0,0,0,0,0,0,0,0,0,0,0,0,0,0,0,0,0,0,0
MPB:bin_000035,0,0,0,0,0,0,0,0,0,0,0,0,0,0,0,0,0,0,0,0,0,0,0,0,0,0,0,0,0,0,0,0,0,0,0,0,0,0,0,0,0,0,0,0,0,0,0,0,0,0,0,0,0,0,0,0,0,0,0,0,0,0,0,0,0,0,0,0,0,0,0,0,0,0,0,0,0,0,0,0,0,0,0,0
MPB:bin_000037,0,0,0,0,0,0,0,0,0,0,0,0,0,0,0,0,0,0,0,0,0,0,0,0,0,0,0,0,0,0,0,0,0,0,0,0,0,0,0,0,0,0,0,0,0,0,0,0,0,0,0,0,0,0,0,0,0,0,0,0,0,0,0,0,0,0,0,0,0,0,0,0,0,0,0,0,0,0,0,0,0,0,0,0
MPB:bin_000040,0,0,0,0,0,0,0,0,0,0,0,0,0,0,0,0,0,0,0,0,0,0,0,0,0,0,0,0,0,0,0,0,0,0,0,0,0,0,0,0,0,0,0,0,0,0,0,0,0,0,0,0,0,0,0,0,0,0,0,0,0,0,0,0,0,0,0,0,0,0,0,0,0,0,0,0,0,0,0,0,0,0,0,0
MPB:bin_000041,0,0,0,0,0,0,0,0,0,0,0,0,0,0,0,0,0,0,0,0,0,0,0,0,0,0,0,0,0,0,0,0,0,0,0,0,0,0,0,0,0,0,0,0,0,0,0,0,0,0,0,0,0,0,0,0,0,0,0,0,0,0,0,0,0,0,0,0,0,0,0,0,0,0,0,0,0,0,0,0,0,0,0,0
MPB:bin_000042,0,15.476,7.613,11.852,12.984,20.301,12.668,0,35.684,16.487,5.608,14.067,19.742,20.397,9.113,20.942,10.299,22.294,11.918,24.038,17.066,27.883,21.752,30.356,41.198,24.178,32.373,22.183,19.308,43.776,18.962,17.955,15.986,22.619,5.889,17.82,23.874,21.3,13.45,13.294,17.104,13.284,0,5.866,17.967,18.957,19.976,16.257,26.551,21.269,19.364,32.444,32.311,5.571,26.956,22.323,17.719,30.289,36.36,26.457,16.402,23.08,29.862,38.825,5.908,21.776,9.295,28.907,13.799,13.745,22.217,14.96,18.787,26.545,20.728,11.44,19.388,10.352,21.751,32.903,20.331,27.536,53.578,17.341
MPB:bin_000044,0,0,0,0,0,0,0,0,0,0,0,0,0,0,0,0,0,0,0,0,0,0,0,0,0,0,0,0,0,0,0,0,0,0,0,0,0,0,0,0,0,0,0,0,0,0,0,0,0,0,0,0,0,0,0,0,0,0,0,0,0,0,0,0,0,0,0,0,0,0,0,0,0,0,0,0,0,0,0,0,0,0,0,0
MPB:bin_000047,0,0,0,0,0,0,0,0,0,0,0,0,0,0,0,0,0,0,0,0,0,0,0,0,0,0,0,0,0,0,0,0,0,0,0,0,0,0,0,0,0,0,0,0,0,0,0,0,0,0,0,0,0,0,0,0,0,0,0,0,0,0,0,0,0,0,0,0,0,0,0,0,0,0,0,0,0,0,0,0,0,0,0,0
MPB:bin_000048,0,0,0,0,0,0,0,0,0,0,0,0,0,1.697,0,0,0,0,0,0,0,0,0,3.776,0,0,0,0,0,2.356,0,0,0,0,0,0,0,0,0,0,0,0,0,0,0,0,0,0,0,0,0,6.221,0,0,0,0,0,0,0,0,0,0,0,1.576,0,1.646,0.918,0,0,0,0,0,1.931,1.289,0,0,0,0,0,0,0,0,1.391,0
MPB:bin_000049,0,0,0,0,0,0,0,0,0,0,0,0,0,0,0,0,0,0,0,0,0,0,0,0,0,0,0,0,0,0,0,0,0,0,0,0,0,0,0,0,0,0,0,0,0,0,0,0,0,0,0,0,0,0,0,0,0,0,0,0,0,0,0,0,0,0,0,0,0,0,0,0,0,0,0,0,0,0,0,0,0,0,0,0
MPB:bin_000050,0,0,0,0,0,0,0,0,0,0,0,0,0,0,0,0,0,0,0,0,0,0,0,0,0,0,0,0,0,0,0,0,0,0,0,0,0,0,0,0,0,0,0,0,0,0,0,0,0,0,0,0,0,0,0,0,0,0,0,0,0,0,0,0,0,0,0,0,0,0,0,0,0,0,0,0,0,0,0,0,0,0,0,0
MPB:bin_000051,0,0,0,0,0,0,0,0,0,0,0,0,0,0,0,0,0,0,0,0,0,0,0,0,0,0,0,0,0,0,0,0,0,0,0,0,0,0,0,0,0,0,0,0,0,0,0,0,0,0,0,0,0,0,0,0,0,0,0,0,0,0,0,0,0,0,0,0,0,0,0,0,0,0,0,0,0,0,0,0,0,0,0,0
MPB:bin_000052,0,0,0,0,0,0,0,0,0,0,0,0,0,0,0,0,0,0,0,0,0,0,0,0,0,0,0,0,0,0,0,0,0,0,0,0,0,0,0,0,0,0,0,0,0,0,0,0,0,0,0,0,0,0,0,0,0,0,0,0,0,0,0,0,0,0,0,0,0,0,0,0,0,0,0,0,0,0,0,0,0,0,0,0
MPB:bin_000053,0,0,0,0,0,0,0,0,0,0,0,0,0,0,0,0,0,0,0,0,0,0,0,0,0,0,0,0,0,0,0,0,0,0,0,0,0,0,0,0,0,0,0,0,0,0,0,0,0,0,0,0,0,0,0,0,0,0,0,0,0,0,0,0,0,0,0,0,0,0,0,0,0,0,0,0,0,0,0,0,0,0,0,0
MPB:bin_000055,0,0,0,0,0,0,0,0,0,0,0,0,0,0,0,0,0,0,0,0,0,0,0,0,0,0,0,0,0,0,0,0,0,0,0,0,0,0,0,0,0,0,0,0,0,0,0,0,0,0,0,0,0,0,0,0,0,0,0,0,0,0,0,0,0,0,0,0,0,0,0,0,0,0,0,0,0,0,0,0,0,0,0,0
MPB:bin_000057,0,0,0,0,0,0,0,0,0,0,0,0,0,0,0,0,0,0,0,0,0,0,0,0,0,0,0,0,0,0,0,0,0,0,0,0,0,0,0,0,0,0,0,0,0,0,0,0,0,0,0,0,0,0,0,0,0,0,0,0,0,0,0,0,0,0,0,0,0,0,0,0,0,0,0,0,0,0,0,0,0,0,0,0
MPB:bin_000059,0,0,0,0,0,0,0,0,0,0,0,0,0,0,0,0,0,0,0,0,0,0,0,0,0,0,0,0,0,0,0,0,0,0,0,0,0,0,0,0,0,0,0,0,0,0,0,0,0,0,0,0,0,0,0,0,0,0,0,0,0,0,0,0,0,0,0,0,0,0,0,0,0,0,0,0,0,0,0,0,0,0,0,0
MPB:bin_000061,0,0,0,0,0,0,0,0,0,0,0,0,0,0,0,0,0,0,0,0,0,0,0,0,0,0,0,0,0,0,0,0,0,0,0,0,0,0,0,0,0,0,0,0,0,0,0,0,0,0,0,0,0,0,0,0,0,0,0,0,0,0,0,0,0,0,0,0,0,0,0,0,0,0,0,0,0,0,0,0,0,0,0,0
MPB:bin_000062,0,0,0,0,0,0,0,0,0,0,0,0,0,0,0,0,0,0,0,0,0,0,0,0,0,0,0,0,0,0,0,0,0,0,0,0,0,0,0,0,0,0,0,0,0,0,0,0,0,0,0,0,0,0,0,0,0,0,0,0,0,0,0,0,0,0,0,0,0,0,0,0,0,0,0,0,0,0,0,0,0,0,0,0
MPB:bin_000063,0,0,0,0,0,0,0,0,3.641,0,0,2.455,0,1.311,0,0,0,4.441,0,2.689,0,0,0,0,3.577,4.255,3.74,2.089,0,4.961,0,3.655,0,0,0,0,0,0,0,1.532,1.721,0,0,0,0,2.735,2.541,2.583,0,0,0,2.614,0,0,3.754,3.118,0,0,4.757,0,0,0,0,3.592,0,1.731,0,3.341,0,1.951,0,1.592,3.479,4.188,2.287,0,2.86,0,2.436,0,0,2.679,3.448,0
MPB:bin_000064,0,0,0,0,0,0,0,0,0,0,0,0,0,0,0,0,0,0,0,1.278,0,0,0,0,0,0,0,0,0,2.485,0,0,0,0,0,0,0,0,0,0,0,0,0,0,0,0,0,0,0,0,0,0,0,0,0,0,0,0,0,0,0,0,0,2.051,0,0,0,0,0,0,0,0,0,0,0,0,2.179,0,0,0,0,0,0,0
MPB:bin_000065,0,0,0,0,0,0,0,0,0,0,0,0,0,0,0,0,0,0,0,0,0,0,0,0,0,0,0,0,0,0,0,0,0,0,0,0,0,0,0,0,0,0,0,0,0,0,0,0,0,0,0,0,0,0,0,0,0,0,0,0,0,0,2.519,2.977,0,0,0,0,0,0,0,0,0,0,0,0,0,0,0,0,0,0,0,0
MPB:bin_000066,0,2.87,1.826,1.6,9.719,1.31,2.22,0,2.873,4.448,0,1.505,3.751,2.165,2.443,3.749,2.025,2.352,1.222,2.156,2.738,0,3.262,6.102,5.344,3.744,6.438,3.048,1.836,4.681,2.032,0,1.554,1.833,2.305,0,3.421,2.718,1.657,1.052,1.098,3.857,0,0.902,1.392,1.388,1.3,4.483,6.967,1.021,7.564,3.764,4.431,6.294,2.684,4.875,4.214,3.285,3.066,3.598,2.105,0,2.691,2.926,0,3.432,1.587,2.086,2.584,0.962,2.126,1.135,4.965,3.057,3.989,1.49,3.363,0,1.356,5.176,2.686,4.155,10.735,4.246
MPB:bin_000069,0,0,0,0,0,0,0,0,3.331,0,0,2.165,1.862,1.897,0,0,0,3.329,1.34,3.1,0,0,2.697,4.235,2.63,0,3.589,0,1.989,5.302,0,0,1.488,0,0,2.166,0,0,0,1.94,0,1.812,0,0,1.266,0,1.731,0,0,0,2.626,4.629,0,0,4.408,0,0,0,0,0,0,0,0,3.293,0,1.596,1.024,2.224,0,0,2.664,0,3.051,4.081,0,0,2.311,0,1.586,0,2.205,3.218,2.502,0
MPB:bin_000070,0,0,0,0,0,0,0,0,0,0,0,0,0,0,0,0,0,0,0,0,0,0,0,0,0,0,0,0,0,0,0,0,0,0,0,0,0,0,0,0,0,0,0,0,0,0,0,0,0,0,0,0,0,0,0,0,0,0,0,0,0,0,0,0,0,0,0,0,0,0,0,0,0,0,0,0,0,0,0,0,0,0,0,0
MPB:bin_000072,0,0,0,0,0,0,0,0,0,0,0,0,0,0,0,0,0,0,0,0,0,0,0,0,0,0,0,0,0,0,0,0,0,0,0,0,0,0,0,0,0,0,0,0,0,0,0,0,0,0,0,0,0,0,0,0,0,0,0,0,0,0,0,0,0,0,0,0,0,0,0,0,0,0,0,0,0,0,0,0,0,0,0,0
MPB:bin_000073,0,0,0,0,0,0,0,0,0,0,0,0,0,0,0,0,0,0,0,0,0,0,0,0,0,0,0,0,0,0,0,0,0,0,0,0,0,0,0,0,0,0,0,0,0,0,0,0,0,0,0,0,0,0,0,0,0,0,0,0,0,0,0,0,0,0,0,0,0,0,0,0,0,0,0,0,0,0,0,0,0,0,0,0
MPB:bin_000074,0,0,0,0,0,0,0,0,0,0,0,0,0,0,0,0,0,0,0,0,0,0,0,0,0,0,0,0,0,0,0,0,0,0,0,0,0,0,0,0,0,0,0,0,0,0,0,0,0,0,0,0,0,0,0,0,0,0,0,0,0,0,0,0,0,0,0,0,0,0,0,0,0,0,0,0,0,0,0,0,0,0,0,0
MPB:bin_000075,0,0,0,0,0,0,0,0,0,0,0,0,0,0,0,0,0,0,0,0,0,0,0,0,0,0,0,0,0,0,0,0,0,0,0,0,0,0,0,0,0,0,0,0,0,0,0,0,0,0,0,0,0,0,0,0,0,0,0,0,0,0,0,0,0,0,0,0,0,0,0,0,0,0,0,0,0,0,0,0,0,0,0,0
MPB:bin_000076,0,0,0,0,0,0,0,0,0,0,0,0,0,0,0,0,0,0,0,0,0,0,0,0,0,0,0,0,0,0,0,0,0,0,0,0,0,0,0,0,0,0,0,0,0,0,0,0,0,0,0,0,0,0,0,0,0,0,0,0,0,0,0,0,0,0,0,0,0,0,0,0,0,0,0,0,0,0,0,0,0,0,0,0
MPB:bin_000079,0,0,0,0,0,0,0,0,0,0,0,0,0,0,0,0,0,0,0,0,0,0,0,0,0,0,0,0,0,0,0,0,0,0,0,0,0,0,0,0,0,0,0,0,0,0,0,0,0,0,0,0,0,0,0,0,0,0,0,0,0,0,0,0,0,0,0,0,0,0,0,0,0,0,0,0,0,0,0,0,0,0,0,0
MPB:bin_000080,0,0,0,0,0,0,0,0,0,0,0,0,0,0,0,0,0,0,0,0,0,0,0,0,0,0,0,0,0,0,0,0,0,0,0,0,0,0,0,0,0,0,0,0,0,0,0,0,0,0,0,0,0,0,0,0,0,0,0,0,0,0,0,0,0,0,0,0,0,0,0,0,0,0,0,0,0,0,0,0,0,0,0,0
MPB:bin_000081,0,0,0,0,0,0,0,0,0,0,0,0,0,0,0,0,0,0,0,0,0,0,0,0,0,0,0,0,0,0,0,0,0,0,0,0,0,0,0,0,0,0,0,0,0,0,0,0,0,0,0,0,0,0,0,0,0,0,0,0,0,0,0,0,0,0,0,0,0,0,0,0,0,0,0,0,0,0,0,0,0,0,0,0
MPB:bin_000082,0,0,0,0,0,0,0,0,0,0,0,0,0,0,0,0,0,0,0,0,0,0,0,0,0,0,0,0,0,0,0,0,0,0,0,0,0,0,0,0,0,0,0,0,0,0,0,0,0,0,0,0,0,0,0,0,0,0,0,0,0,0,0,0,0,0,0,0,0,0,0,0,0,0,0,0,0,0,0,0,0,0,0,0
MPB:bin_000083,0,0,0,0,0,0,0,0,0,0,0,0,0,0,0,0,0,0,0,0,0,0,0,0,0,0,0,0,0,0,0,0,0,0,0,0,0,0,0,0,0,0,0,0,0,0,0,0,0,0,0,0,0,0,0,0,0,0,0,0,0,0,0,0,0,0,0,0,0,0,0,0,0,0,0,0,0,0,0,0,0,0,0,0
MPB:bin_000085,0,0,0,0,0,0,0,0,0,0,0,0,0,0,0,0,0,0,0,0,0,0,0,0,0,0,0,0,0,0,0,0,0,0,0,0,0,0,0,0,0,0,0,0,0,0,0,0,0,0,0,0,0,0,0,0,0,0,0,0,0,0,0,0,0,0,0,0,0,0,0,0,0,0,0,0,0,0,0,0,0,0,0,0
MPB:bin_000087,0,0,0,0,0,0,0,0,0,0,0,0,0,0,0,0,0,0,0,0,0,0,0,0,0,0,0,0,0,0,0,0,0,0,0,0,0,0,0,0,0,0,0,0,0,0,0,0,0,0,0,0,0,0,0,0,0,0,0,0,0,0,0,0,0,0,0,0,0,0,0,0,0,0,0,0,0,0,0,0,0,0,0,0
MPB:bin_000088,0,0,0,0,0,0,0,0,0,0,0,0,0,0,0,0,0,0,0,0,0,0,0,2.121,0,0,0,0,0,0,0,0,0,0,0,0,0,0,0,0,0,0,0,0,0,0,0,0,0,0,0,1.565,0,0,0,0,0,0,0,0,0,0,0,0,0,0,0,0,0,0,0,0,1.359,0,0,0,0,0,0,0,0,0,0,0
MPB:bin_000090,0,0,0,0,0,0,0,0,0,0,0,0,0,0,0,0,0,0,0,0,0,0,0,0,0,0,0,0,0,0,0,0,0,0,0,0,0,0,0,0,0,0,0,0,0,0,0,0,0,0,0,0,0,0,0,0,0,0,0,0,0,0,0,0,0,0,0,0,0,0,0,0,0,0,0,0,0,0,0,0,0,0,0,0
MPB:bin_000091,0,0,0,0,0,0,0,0,0,0,0,0,0,0,0,0,0,0,0,0,0,0,0,0,0,0,0,0,0,0,0,0,0,0,0,0,0,0,0,0,0,0,0,0,0,0,0,0,0,0,0,0,0,0,0,0,0,0,0,0,0,0,0,0,0,0,0,0,0,0,0,0,0,0,0,0,0,0,0,0,0,0,0,0
MPB:bin_000092,0,0,0,0,0,0,0,0,0,0,0,0,0,0,0,0,0,0,0,0,0,0,0,0,0,0,0,0,0,0,0,0,0,0,0,0,0,0,0,0,0,0,0,0,0,0,0,0,0,0,0,0,0,0,0,0,0,0,0,0,0,0,0,0,0,0,0,0,0,0,0,0,0,0,0,0,0,0,0,0,0,0,0,0
MPB:bin_000093,0,0,0,2.255,0,0,0,0,2.453,0,0,0,0,0,0,0,0,3.293,0,0,0,0,0,3.159,0,0,0,0,0,4.734,0,0,0,0,0,0,0,0,0,0,0,0,0,0,0,0,1.734,0,2.648,0,2.269,3.008,0,0,3.745,0,0,0,0,0,0,0,0,4.437,0,0,0,2.246,0,0,0,0,0,4.118,1.614,0,0,0,0,0,0,2.395,2.645,0
MPB:bin_000094,0,13.328,8.566,17.15,9.427,20.931,18.068,0,35.868,14.688,5.88,18.779,17.56,17.185,18.612,13.71,13.235,23.423,15.319,23.14,19.831,15.325,12.333,35.451,33.827,22.108,24.05,25.739,20.167,46.96,18.727,16.53,14.568,24.135,7.899,12.084,21.168,23.097,19.488,10.193,14.895,16.906,0,5.993,14.615,13.856,23.074,20.695,33.522,11.658,22.195,37.695,24.14,8.807,43.86,26.722,16.421,19.439,33.732,25.64,21.839,31.583,28.243,40.812,7.018,20.505,10.504,25.007,12.058,11.368,16.568,14.652,27.134,40.789,20.93,11.351,23.121,12.448,19.212,28.039,13.067,28.449,36.993,24.286
MPB:bin_000095,0,0,0,0,0,0,0,0,0,0,0,0,0,0,0,0,0,0,0,0,0,0,0,0,0,0,0,0,0,0,0,0,0,0,0,0,0,0,0,0,0,0,0,0,0,0,0,0,0,0,0,0,0,0,0,0,0,0,0,0,0,0,0,0,0,0,0,0,0,0,0,0,0,0,0,0,0,0,0,0,0,0,0,0
MPB:bin_000097,0,0,0,0,0,0,0,0,0,0,0,0,0,0,0,0,0,0,0,0,0,0,0,0,0,0,0,0,0,0,0,0,0,0,0,0,0,0,0,0,0,0,0,0,0,0,0,0,0,0,0,0,0,0,0,0,0,0,0,0,0,0,0,0,0,0,0,0,0,0,0,0,0,0,0,0,0,0,0,0,0,0,0,0
MPB:bin_000100,0,4.084,3.205,0,0,0,4.831,0,7.26,0,0,5.046,4.801,3.968,0,4.113,5.31,7.556,3.035,6.078,6.541,0,3.84,7.223,6.532,5.809,6.693,4.854,6.922,11.177,4.367,0,4.335,5.795,4.292,3.497,5.737,0,4.448,3.87,3.684,4.555,0,1.427,3.609,0,4.14,3.908,6.617,4.322,4.899,6.67,4.06,0,10.892,6.596,4.836,5.953,9.213,6.497,4.983,0,7.872,7.389,0,4.729,2.571,6.623,0,0,0,0,4.523,9.612,3.167,3.723,6.519,0,4.413,6.194,6.528,6.547,8.389,0
MPB:bin_000103,0,0,0,0,0,0,0,0,0,0,0,0,0,0,0,0,0,0,0,0,0,0,0,0,0,0,0,0,0,0,0,0,0,0,0,0,0,0,0,0,0,0,0,0,0,0,0,0,0,0,0,0,0,0,0,0,0,0,0,0,0,0,0,0,0,0,0,0,0,0,0,0,0,0,0,0,0,0,0,0,0,0,0,0
MPB:bin_000105,0,2.136,3.499,2.44,0,2.602,3.366,0,6.286,0,0.777,1.781,1.689,1.668,2.638,0,3.86,3.145,1.474,6.139,2.824,0,2.94,3.02,5.503,0,3.874,1.933,3.141,7.426,2.182,0,2.467,3.021,1.247,2.495,4.961,2.902,2.446,2.477,3.326,2.269,0,0.648,2.182,3.256,2.133,0,3.341,3.507,4.805,3.349,3.223,2.139,3.035,4.166,1.824,5.71,4.419,3.694,3.529,0,5.081,8.845,0,3.868,1.412,2.779,3.116,1.764,4.11,2.313,2.903,3.873,0,2.982,1.84,0,1.067,6.339,3.784,3.523,4.677,0
MPB:bin_000106,0,0,0,0,0,0,0,0,0,0,0,0,0,0,0,0,0,0,0,0,0,0,0,0,0,0,0,0,0,0,0,0,0,0,0,0,0,0,0,0,0,0,0,0,0,0,0,0,0,0,0,0,0,0,0,0,0,0,0,0,0,0,1.241,0,0,0,0,0,0,0,0,0,0,1.311,0,0,0,0,0,0,0,0,0,0
MPB:bin_000107,0,0,0,0,0,0,0,0,0,0,0,0,0,0,0,0,0,0,0,0,0,0,0,0,0,0,0,0,0,0,0,0,0,0,0,0,0,0,0,0,0,0,0,0,0,0,0,0,0,0,0,0,0,0,0,0,0,0,0,0,0,0,0,0,0,0,0,0,0,0,0,0,0,0,0,0,0,0,0,0,0,0,0,0
MPB:bin_000108,0,0,0,0,0,0,0,0,0,0,0,0,0,0,0,0,0,0,0,0,0,0,0,0,0,0,0,0,0,0,0,0,0,0,0,0,0,0,0,0,0,0,0,0,0,0,0,0,0,0,0,0,0,0,0,0,0,0,0,0,0,0,0,0,0,0,0,0,0,0,0,0,0,0,0,0,0,0,0,0,0,0,0,0
MPB:bin_000109,0,41.359,23.19,35.545,32.648,41.028,39.473,0,89.569,62.427,14.409,40.956,54.885,38.462,62.387,40.601,28.683,48.597,32.475,54.965,46.321,37.089,47.149,60.398,88.529,62.411,73.618,57.99,51.175,95.55,43.539,54.762,35,45.102,26.284,38.66,57.136,62.417,43.097,34.472,41.706,43.908,27.198,13.714,44.647,34.175,46.619,35.555,63.944,33.079,62.407,76.341,49.364,22.693,83.149,59.382,48.467,61.169,90.815,65.012,55.174,55.152,71.238,80.989,27.269,46.417,19.23,68.902,50.933,32.788,40.442,44.182,53.292,74.589,41.097,33.804,72.871,27.564,61.606,92.515,53.694,69.9,82.796,42.697
MPB:bin_000110,0,2.855,1.979,4.952,5.777,4.562,3.393,0,6.882,5.58,1.411,2.148,2.857,2.981,5.023,3.282,1.953,4.486,1.428,9.909,4.781,0,3.867,11.245,6.415,3.547,6.172,3.158,2.55,6.274,1.749,0,2.335,4.932,2.07,2.818,0,0,2.98,4.532,2.203,1.695,0,0.772,4.95,4.061,4.444,3.155,4.596,3.497,2.689,6.485,3.535,2.405,5.453,0,3.53,3.556,10.891,9.326,5.251,0,4.171,5.966,0,4.072,1.389,5.536,2.88,1.47,5.732,2.471,3.947,8.337,3.962,3.679,5.306,0,4.652,4.2,3.486,5.945,8.851,6.764
MPB:bin_000111,0,0,0,0,0,0,0,0,0,0,0,0,0,0,0,0,0,0,0,0,0,0,0,0,0,0,0,0,0,0,0,0,0,0,0,0,0,0,0,0,0,0,0,0,0,0,0,0,0,0,0,0,0,0,0,0,0,0,0,0,0,0,0,0,0,0,0,0,0,0,0,0,0,0,0,0,0,0,0,0,0,0,0,0
MPB:bin_000113,0,0,0,0,0,0,0,0,0,0,0,0,0,0,0,0,0,0,0,0,0,0,0,0,0,0,0,0,0,0,0,0,0,0,0,0,0,0,0,0,0,0,0,0,0,0,0,0,0,0,0,0,0,0,0,0,0,0,0,0,0,0,0,0,0,0,0,0,0,0,0,0,0,0,0,0,0,0,0,0,0,0,0,0
MPB:bin_000114,0,0,0,0,0,0,0,0,0,0,0,0,0,0,0,0,0,0,0,0,0,0,0,0,0,0,0,0,0,0,0,0,0,0,0,0,0,0,0,0,0,0,0,0,0,0,0,0,0,0,0,0,0,0,0,0,0,0,0,0,0,0,0,0,0,0,0,0,0,0,0,0,0,0,0,0,0,0,0,0,0,0,0,0
MPB:bin_000115,0,0,0,0,0,0,0,0,0,0,0,0,0,0,0,0,0,0,0,0,0,0,0,0,0,0,0,0,0,0,0,0,0,0,0,0,0,0,0,0,0,0,0,0,0,0,0,0,0,0,0,0,0,0,0,0,0,0,0,0,0,0,0,0,0,0,0,0,0,0,0,0,0,0,0,0,0,0,0,0,0,0,0,0
MPB:bin_000116,0,0,0,0,0,0,0,0,0,0,0,0,0,0,0,0,0,0,0,0,0,0,0,0,0,0,0,0,0,0,0,0,0,0,0,0,0,0,0,0,0,0,0,0,0,0,0,0,0,0,0,0,0,0,0,0,0,0,0,0,0,0,0,0,0,0,0,0,0,0,0,0,0,0,0,0,0,0,0,0,0,0,0,0
MPB:bin_000120,0,0,0,0,0,0,0,0,0,0,0,0,0,0,0,0,0,0,0,0,0,0,0,0,0,0,0,0,0,0,0,0,0,0,0,0,0,0,0,0,0,0,0,0,0,0,0,0,0,0,0,0,0,0,0,0,0,0,0,0,0,0,0,0,0,0,0,0,0,0,0,0,0,0,0,0,0,0,0,0,0,0,0,0
MPB:bin_000122,0,0,0,0,0,0,0,0,0,0,0,0,0,0,0,0,0,0,0,0,0,0,0,0,0,0,0,0,0,0,0,0,0,0,0,0,0,0,0,0,0,0,0,0,0,0,0,0,0,0,0,0,0,0,0,0,0,0,0,0,0,0,0,0,0,0,0,0,0,0,0,0,0,0,0,0,0,0,0,0,0,0,0,0
MPB:bin_000123,0,0,0,0,0,0,0,0,0,0,0,0,0,0,0,0,0,0,0,0,0,0,0,0,0,0,0,0,0,0,0,0,0,0,0,0,0,0,0,0,0,0,0,0,0,0,0,0,0,0,0,0,0,0,0,0,0,0,0,0,0,0,0,0,0,0,0,0,0,0,0,0,0,0,0,0,0,0,0,0,0,0,0,0
MPB:bin_000125,0,0,0,0,0,0,0,0,0,0,0,0,0,0,0,0,0,0,0,0,0,0,0,0,0,0,0,0,0,0,0,0,0,0,0,0,0,0,0,0,0,0,0,0,0,0,0,0,0,0,0,0,0,0,0,0,0,0,0,0,0,0,0,0,0,0,0,0,0,0,0,0,0,0,0,0,0,0,0,0,0,0,0,0
MPB:bin_000127,0,0,0,0,0,0,0,0,0,0,0,0,0,0,0,0,0,0,0,0,0,0,0,0,0,0,0,0,0,0,0,0,0,0,0,0,0,0,0,0,0,0,0,0,0,0,0,0,0,0,0,0,0,0,0,0,0,0,0,0,0,0,0,0,0,0,0,0,0,0,0,0,0,0,0,0,0,0,0,0,0,0,0,0
MPB:bin_000129,0,0,0,0,0,0,0,0,0,0,0,0,0,0,0,0,0,0,0,0,0,0,0,0,0,0,0,0,0,0,0,0,0,0,0,0,0,0,0,0,0,0,0,0,0,0,0,0,0,0,0,0,0,0,0,0,0,0,0,0,0,0,0,0,0,0,0,0,0,0,0,0,0,0,0,0,0,0,0,0,0,0,0,0
MPB:bin_000130,0,0,0,0,0,0,0,0,0,0,0,0,0,0,0,0,0,0,0,0,0,0,0,0,0,0,0,0,0,0,0,0,0,0,0,0,0,0,0,0,0,0,0,0,0,0,0,0,0,0,0,0,0,0,0,0,0,0,0,0,0,0,0,0,0,0,0,0,0,0,0,0,0,0,0,0,0,0,0,0,0,0,0,0
MPB:bin_000131,0,0,1.184,0,0,2.903,0,0,2.37,0,0,0,0,1.085,0,2.151,0,0,2.612,1.361,0,0,1.53,0,2.177,0,0,0,1.611,2.6,1.849,0,0,0,0,0,0,0,0,0.982,1.659,0,21.974,0,1.204,1.6,0,0,4.832,0,4.339,0,0,0,1.707,0,0,0,5.632,0,0,0,0,1.534,0,1.618,1.709,2.246,3.804,0,2.636,0,5.846,1.994,0,0,0,0,3.622,0,0,1.765,0,0
MPB:bin_000132,0,0,0,0,0,0,0,0,0,0,0,0,0,0,0,0,0,0,0,0,0,0,0,1.979,0,0,0,0,0,1.833,0,0,0,0,0,0,0,0,0,0,0,0,0,0,0,0,0,0,0,0,0,1.384,0,0,0,0,0,0,0,0,0,0,0,0,0,0,0.846,0,0,0,0,0,1.702,0,0,0,0,0,0,0,0,0,0,0
MPB:bin_000133,0,0,0,0,0,0,0,0,0,0,0,0,0,0,0,0,0,0,0,0,0,0,0,0,0,0,0,0,0,0,0,0,0,0,0,0,0,0,0,0,0,0,0,0,0,0,0,0,0,0,0,0,0,0,0,0,0,0,0,0,0,0,0,0,0,0,0,0,0,0,0,0,0,0,0,0,0,0,0,0,0,0,0,0
MPB:bin_000135,0,0,0,0,0,0,0,0,0,0,0,0,0,0,0,0,0,0,0,0,0,0,0,0,0,0,0,0,0,0,0,0,0,0,0,0,0,0,0,0,0,0,0,0,0,0,0,0,0,0,0,0,0,0,0,0,0,0,0,0,0,0,0,0,0,0,0,0,0,0,0,0,0,0,0,0,0,0,0,0,0,0,0,0
MPB:bin_000136,0,0,0,0,0,0,0,0,0,0,0,0,0,0,0,0,0,0,0,0,0,0,0,0,0,0,0,0,0,0,0,0,0,0,0,0,0,0,0,0,0,0,0,0,0,0,0,0,0,0,0,0,0,0,0,0,0,0,0,0,0,0,0,0,0,0,0,0,0,0,0,0,0,0,0,0,0,0,0,0,0,0,0,0
MPB:bin_000137,0,0,0,0,0,0,0,0,0,0,0,0,0,0,0,0,0,0,0,0,0,0,0,0,0,0,0,0,0,0,0,0,0,0,0,0,0,0,0,0,0,0,0,0,0,0,0,0,0,0,0,0,0,0,0,0,0,0,0,0,0,0,0,0,0,0,0,0,0,0,0,0,0,0,0,0,0,0,0,0,0,0,0,0
MPB:bin_000138,0,0,0,0,0,0,0,0,2.725,0,0,0,0,1.146,0,0,0,0,0,0,0,0,0,3.299,0,0,3.453,1.962,1.775,2.698,1.626,0,1.473,0,0,1.914,0,2.805,0,1.22,1.345,0,0,0,0,0,0,0,0,0,1.855,3.029,0,0,3.107,0,0,0,2.546,0,0,0,1.686,2.566,0,1.723,0,0,0,1.46,0,0,2.455,3.962,0,1.33,0,0,0,0,0,2.658,3.552,0
MPB:bin_000140,0,0,0,0,0,0,0,0,0,0,0,0,0,0,0,0,0,0,0,0,0,0,0,0,0,0,0,0,0,0,0,0,0,0,0,0,0,0,0,0,0,0,0,0,0,0,0,0,0,0,0,0,0,0,0,0,0,0,0,0,0,0,0,0,0,0,0,0,0,0,0,0,0,0,0,0,0,0,0,0,0,0,0,0
MPB:bin_000141,0,0,0,0,0,0,0,0,0,0,0,0,0,0,0,0,0,0,0,0,0,0,0,0,0,0,0,0,0,0,0,0,0,0,0,0,0,0,0,0,0,0,0,0,0,0,0,0,0,0,0,0,0,0,0,0,0,0,0,0,0,0,0,0,0,0,0,0,0,0,0,0,0,0,0,0,0,0,0,0,0,0,0,0
MPB:bin_000143,0,0,0,0,0,0,0,0,0,0,0,0,0,0,0,0,0,0,0,0,0,0,0,0,0,0,0,0,0,0,0,0,0,0,0,0,0,0,0,0,0,0,0,0,0,0,0,0,0,0,0,0,0,0,0,0,0,0,0,0,0,0,0,0,0,0,0,0,0,0,0,0,0,0,0,0,0,0,0,0,0,0,0,0
MPB:bin_000144,0,0,0,0,0,0,0,0,0,0,0,0,0,0,0,0,0,0,0,0,0,0,0,0,0,0,0,0,0,0,0,0,0,0,0,0,0,0,0,0,0,0,0,0,0,0,0,0,0,0,0,0,0,0,0,0,0,0,0,0,0,0,0,0,0,0,0,0,0,0,0,0,0,0,0,0,0,0,0,0,0,0,0,0
MPB:bin_000145,0,0,0,0,0,0,0,0,0,0,0,0,0,0,0,0,0,0,0,0,0,0,0,0,0,0,0,0,0,0,0,0,0,0,0,0,0,0,0,0,0,0,0,0,0,0,0,0,0,0,0,0,0,0,0,0,0,0,0,0,0,0,0,0,0,0,0,0,0,0,0,0,0,0,0,0,0,0,0,0,0,0,0,0
MPB:bin_000146,0,0,0,0,0,0,0,0,0,0,0,0,0,0,0,0,0,0,0,0,0,0,0,0,0,0,0,0,0,0,0,0,0,0,0,0,0,0,0,0,0,0,0,0,0,0,0,0,0,0,0,0,0,0,0,0,0,0,0,0,0,0,0,0,0,0,0,0,0,0,0,0,0,0,0,0,0,0,0,0,0,0,0,0
MPB:bin_000147,0,0,0,0,0,0,0,0,0,0,0,0,0,0,0,0,0,0,0,0,0,0,0,0,0,0,0,0,0,0,0,0,0,0,0,0,0,0,0,0,0,0,0,0,0,0,0,0,0,0,0,0,0,0,0,0,0,0,0,0,0,0,0,0,0,0,0,0,0,0,0,0,0,0,0,0,0,0,0,0,0,0,0,0
MPB:bin_000148,0,0,0,0,0,0,0,0,0,0,0,0,0,0,0,0,0,0,0,0,0,0,0,0,0,0,0,0,0,0,0,0,0,0,0,0,0,0,0,0,0,0,0,0,0,0,0,0,0,0,0,0,0,0,0,0,0,0,0,0,0,0,0,0,0,0,0,0,0,0,0,0,0,0,0,0,0,0,0,0,0,0,0,0
MPB:bin_000149,0,0,0,0,0,0,0,0,0,0,0,0,0,0,0,0,0,0,0,0,0,0,0,0,0,0,0,0,0,0,0,0,0,0,0,0,0,0,0,0,0,0,0,0,0,0,0,0,0,0,0,0,0,0,0,0,0,0,0,0,0,0,0,0,0,0,0,0,0,0,0,0,0,0,0,0,0,0,0,0,0,0,0,0
MPB:bin_000150,0,0,0,0,0,0,0,0,0,0,0,0,0,0,0,0,0,0,0,0,0,0,0,0,0,0,0,0,0,0,0,0,0,0,0,0,0,0,0,0,0,0,0,0,0,0,0,0,0,0,0,0,0,0,0,0,0,0,0,0,0,0,0,0,0,0,0,0,0,0,0,0,0,0,0,0,0,0,0,0,0,0,0,0
MPB:bin_000152,0,1.307,0,0,0,0,0,0,0,0,0,0,0,1.222,1.827,0,0,2.588,0,1.91,0,0,0,2.649,3.124,0,2.837,0,1.704,4.787,1.505,0,1.427,0,0,0,0,0,0,1.35,0,1.51,0,0,1.21,1.821,0,2.098,2.113,0,2.642,2.509,0,0,2.572,1.711,1.755,2.157,3.683,0,0,0,1.646,2.675,0,0,0,2.093,0,0,0,0,1.795,2.815,1.489,0,2.579,0,1.708,0,2.739,2.622,2.88,0
MPB:bin_000153,0,0,0,0,0,0,0,0,0,0,0,0,0,0,0,0,0,0,0,0,0,0,0,0,0,0,0,0,0,0,0,0,0,0,0,0,0,0,0,0,0,0,0,0,0,0,0,0,0,0,0,0,0,0,0,0,0,0,0,0,0,0,0,0,0,0,0,0,0,0,0,0,0,0,0,0,0,0,0,0,0,0,0,0
MPB:bin_000155,0,0,0,0,0,0,0,0,0,0,0,0,0,0,0,0,0,0,0,0,0,0,0,0,0,0,0,0,0,0,0,0,0,0,0,0,0,0,0,0,0,0,0,0,0,0,0,0,0,0,0,0,0,0,0,0,0,0,0,0,0,0,0,0,0,0,0,0,0,0,0,0,0,0,0,0,0,0,0,0,0,0,0,0
MPB:bin_000156,0,0,0,0,0,0,0,0,0,0,0,0,0,0,0,0,0,0,0,0,0,0,0,0,0,0,0,0,0,0,0,0,0,0,0,0,0,0,0,0,0,0,0,0,0,0,0,0,0,0,0,0,0,0,0,0,0,0,0,0,0,0,0,0,0,0,0,0,0,0,0,0,0,0,0,0,0,0,0,0,0,0,0,0
MPB:bin_000158,0,0,0,0,0,0,0,0,0,0,0,0,0,0,0,0,0,0,0,0,0,0,0,0,0,0,0,0,0,0,0,0,0,0,0,0,0,0,0,0,0,0,0,0,0,0,0,0,0,0,0,0,0,0,0,0,0,0,0,0,0,0,0,0,0,0,0,0,0,0,0,0,0,0,0,0,0,0,0,0,0,0,0,0
MPB:bin_000160,0,0,0,1.908,0,0,0,0,1.901,0,0,0,0,3.597,0,0,0,0,0,1.045,0,0,0,10.044,0,0,0,0,0,5.797,0,0,0,0,0,0,0,0,3.884,0,0,0,0,0.75,1.698,0,1.36,0,0,0,1.782,10.759,0,0,0,0,0,0,0,0,0,0,0,3.312,0,2.755,2.629,0,0,0,0,0,7.283,2.329,1.432,0,0,0,0,0,0,1.473,2.951,0
MPB:bin_000162,0,0,0,0,0,0,0,0,0,0,0,0,0,0,0,0,0,0,0,0,0,0,0,0,0,0,0,0,0,0,0,0,0,0,0,0,0,0,0,0,0,0,0,0,0,0,0,0,0,0,0,0,0,0,0,0,0,0,0,0,0,0,0,0,0,0,0,0,0,0,0,0,0,0,0,0,0,0,0,0,0,0,0,0
MPB:bin_000163,0,0,0,0,0,0,0,0,0,0,0,0,0,0,0,0,0,0,0,0,0,0,0,0,0,0,0,0,0,0,0,0,0,0,0,0,0,0,0,0,0,0,0,0,0,0,0,0,0,0,0,0,0,0,0,0,0,0,0,0,0,0,0,0,0,0,0,0,0,0,0,0,0,0,0,0,0,0,0,0,0,0,0,0
MPB:bin_000165,0,3.422,2.768,3.448,0,4.541,3.766,0,10.842,7.907,1.239,4.453,2.961,5.087,1.999,5.961,2.903,8.246,3.286,4.705,5.277,0,4.319,9.197,6.982,7.771,10.956,5.626,6.08,16.684,5.009,8.049,4.591,5.512,3.118,5.371,5.951,5.277,2.721,4.474,4.641,3.552,0,1.71,3.595,4.745,4.226,6.89,7.019,5.121,5.643,6.909,4.612,4.635,12.636,6.645,4.362,5.264,10.759,6.202,4.375,8.763,8.488,10.791,0,5.376,2.737,9.331,4.209,3.446,9.506,3.169,5.096,13.459,4.895,4.358,7.124,0,5.949,6.032,5.607,8.116,7.685,3.502
MPB:bin_000167,0,0,0,0,0,0,0,0,0,0,0,0,0,0,0,0,0,0,0,0,0,0,0,0,0,0,0,0,0,0,0,0,0,0,0,0,0,0,0,0,0,0,0,0,0,0,0,0,0,0,0,0,0,0,0,0,0,0,0,0,0,0,0,0,0,0,0,0,0,0,0,0,0,0,0,0,0,0,0,0,0,0,0,0
MPB:bin_000168,0,0,0,0,0,0,0,0,0,0,0,0,0,0,0,0,0,0,0,0,0,0,0,0,0,0,0,0,0,0,0,0,0,0,0,0,0,0,0,0,0,0,0,0,0,0,0,0,0,0,0,0,0,0,0,0,0,0,0,0,0,0,0,0,0,0,0,0,0,0,0,0,0,0,0,0,0,0,0,0,0,0,0,0
MPB:bin_000169,0,0,0,0,0,0,0,0,0,0,0,0,0,0,0,0,0,0,0,0,0,0,0,0,0,0,0,0,0,0,0,0,0,0,0,0,0,0,0,0,0,0,0,0,0,0,0,0,0,0,0,0,0,0,0,0,0,0,0,0,0,0,0,0,0,0,0,0,0,0,0,0,0,0,0,0,0,0,0,0,0,0,0,0
MPB:bin_000170,0,0,0,0,0,0,0,0,0,0,0,0,0,0,0,0,0,0,0,0,0,0,0,0,0,0,0,0,0,0,0,0,0,0,0,0,0,0,0,0,0,0,0,0,0,0,0,0,0,0,0,0,0,0,0,0,0,0,0,0,0,0,0,0,0,0,0,0,0,0,0,0,0,0,0,0,0,0,0,0,0,0,0,0
MPB:bin_000173,0,1.529,0,0,0,0,0,0,2.494,0,0,1.836,2.273,1.833,0,3.107,0,4.904,1.544,2.01,0,0,1.875,4.551,5.156,0,2.732,2.297,2.005,4.462,0,0,1.825,0,0,1.75,0,2.529,1.839,2.303,1.487,0,0,0,1.672,2.38,0,0,2.316,0,2.437,4.241,1.865,0,4.206,0,1.655,3.192,0,0,0,0,2.366,5.145,0,3.045,1.331,2.167,2.058,0,2.962,0,3.586,6.281,1.495,0,1.993,0,1.566,2.19,3.255,2.729,4.145,0
MPB:bin_000174,0,0,0,0,0,0,0,0,0,0,0,0,0,0,0,0,0,0,0,0,0,0,0,0,0,0,0,0,0,0,0,0,0,0,0,0,0,0,0,0,0,0,0,0,0,0,0,0,0,0,0,0,0,0,0,0,0,0,0,0,0,0,0,0,0,0,0,0,0,0,0,0,0,0,0,0,0,0,0,0,0,0,0,0
MPB:bin_000177,0,0,0,0,0,0,0,0,0,0,0,0,0,0,0,0,0,0,0,0,0,0,0,0,0,0,0,0,0,2.371,0,0,0,0,0,0,0,0,0,0,0,0,0,0,0,0,0,0,0,0,0,0,0,0,0,0,0,0,0,0,0,0,0,0,0,0,0,0,0,0,0,0,0,2.825,0,0,0,0,0,0,0,0,0,0
MPB:bin_000185,0,0,0,0,0,0,0,0,0,0,0,0,0,0,0,0,0,0,0,0,0,0,0,0,0,0,0,0,0,0,0,0,0,0,0,0,0,0,0,0,0,0,0,0,0,0,0,0,0,0,0,0,0,0,0,0,0,0,0,0,0,0,0,0,0,0,0,0,0,0,0,0,0,0,0,0,0,0,0,0,0,0,0,0
MPB:bin_000187,0,0,0,0,0,0,0,0,0,0,0,0,0,0,0,0,0,0,0,0,0,0,0,0,0,0,0,0,0,0,0,0,0,0,0,0,0,0,0,0,0,0,0,0,0,0,0,0,0,0,0,0,0,0,0,0,0,0,0,0,0,0,0,0,0,0,0,0,0,0,0,0,0,0,0,0,0,0,0,0,0,0,0,0
MPB:bin_000190,0,48.522,19.379,54.509,30.414,35.681,50.429,0,79.278,90.512,18.145,40.526,47.021,53.671,12.252,40.89,28.122,72.688,39.081,56.196,60.404,17.809,15.328,73.874,71.905,59.801,86.511,57.25,53.422,113.676,43.887,79.556,40.36,74.975,33.638,34.607,64.327,53.818,34.922,40.492,50.371,47.827,0,16.511,38.935,25.687,44.454,38.744,55.25,38.48,77.91,64.985,50.433,29.531,84.296,51.508,68.002,61.631,87.692,67.329,26.496,63.57,60.137,95.086,16.778,62.719,15.392,64.535,48.391,28.393,45.077,51.486,68.744,95.476,32.066,30.673,66.665,29.352,49.473,80.548,51.393,68.415,96.696,53.728
MPB:bin_000191,0,13.391,4.504,9.796,7.598,7.605,9.874,0,19.044,16.502,3.44,12.958,23.374,14.754,35.328,14.198,10.958,22.783,9.031,16.529,6.593,16.86,8.743,29.627,23.655,12.743,21.986,17.969,12.418,44.885,11.976,13.163,8.584,18.849,5.883,12.493,20.869,23.847,14.667,10.718,8.692,9.42,0,4.509,9.04,8.946,15.212,13.407,14.138,10.003,18.334,37.73,12.353,6.043,33.584,11.63,17.812,11.801,18.828,21.841,10.159,34.987,17.325,22.382,7.466,14.886,10.651,11.6,10.794,9.203,8.16,16.487,21.747,23.366,12.391,7.03,13.126,9.66,16.756,17.669,11.372,16.348,24.252,17.395
MPB:bin_000193,0,0,0,0,0,0,0,0,0,0,0,0,0,0,0,0,0,0,0,0,0,0,0,0,0,0,0,0,0,0,0,0,0,0,0,0,0,0,0,0,0,0,0,0,0,0,0,0,0,0,0,0,0,0,0,0,0,0,0,0,0,0,0,0,0,0,0,0,0,0,0,0,0,0,0,0,0,0,0,0,0,0,0,0
MPB:bin_000194,0,0,0,0,0,0,0,0,0,0,0,0,0,0,0,0,0,0,0,0,0,0,0,0,0,0,0,0,0,0,0,0,0,0,0,0,0,0,0,0,0,0,0,0,0,0,0,0,0,0,0,0,0,0,0,0,0,0,0,0,0,0,0,0,0,0,0,0,0,0,0,0,0,0,0,0,0,0,0,0,0,0,0,0
MPB:bin_000195,0,0,0,0,0,0,0,0,0,0,0,0,0,0,0,0,0,0,0,0,0,0,0,0,0,0,0,0,0,0,0,0,0,0,0,0,0,0,0,0,0,0,0,0,0,0,0,0,0,0,0,0,0,0,0,0,0,0,0,0,0,0,0,0,0,0,0,0,0,0,0,0,0,0,0,0,0,0,0,0,0,0,0,0
MPB:bin_000196,0,0,0,0,0,0,0,0,0,0,0,0,0,0,0,0,0,0,0,0,0,0,0,0,0,0,0,0,0,0,0,0,0,0,0,0,0,0,0,0,0,0,0,0,0,0,0,0,0,0,0,0,0,0,0,0,0,0,0,0,0,0,0,0,0,0,0,0,0,0,0,0,0,0,0,0,0,0,0,0,0,0,0,0
MPB:bin_000198,0,0,0,0,0,0,0,0,0,0,0,0,0,0,0,0,0,0,0,0,0,0,0,0,0,0,0,0,0,0,0,0,0,0,0,0,0,0,0,0,0,0,0,0,0,0,0,0,0,0,0,0,0,0,0,0,0,0,0,0,0,0,0,0,0,0,0,0,0,0,0,0,0,0,0,0,0,0,0,0,0,0,0,0
MPB:bin_000201,0,0,0,0,0,0,0,0,0,0,0,0,0,0,0,0,0,0,0,0,0,0,0,0,0,0,0,0,0,0,0,0,0,0,0,0,0,0,0,0,0,0,0,0,0,0,0,0,0,0,0,0,0,0,0,0,0,0,0,0,0,0,0,0,0,0,0,0,0,0,0,0,0,0,0,0,0,0,0,0,0,0,0,0
MPB:bin_000203,0,0,0,0,0,0,0,0,0,0,0,0,0,0,0,0,0,0,0,0,0,0,0,0,0,0,0,0,0,0,0,0,0,0,0,0,0,0,0,0,0,0,0,0,0,0,0,0,0,0,0,0,0,0,0,0,0,0,0,0,0,0,0,0,0,0,0,0,0,0,0,0,0,0,0,0,0,0,0,0,0,0,0,0
MPB:bin_000204,0,0,0,0,0,0,0,0,0,0,0,0,0,0,0,0,0,0,0,0,0,0,0,0,0,0,0,0,0,0,0,0,0,0,0,0,0,0,0,0,0,0,0,0,0,0,0,0,0,0,0,0,0,0,0,0,0,0,0,0,0,0,0,0,0,0,0,0,0,0,0,0,0,0,0,0,0,0,0,0,0,0,0,0
MPB:bin_000209,0,0,0,0,0,0,0,0,0,0,0,0,0,0,0,0,0,0,0,0,0,0,0,0,0,0,0,0,0,0,0,0,0,0,0,0,0,0,0,0,0,0,0,0,0,0,0,0,0,0,0,0,0,0,0,0,0,0,0,0,0,0,0,0,0,0,0,0,0,0,0,0,0,0,0,0,0,0,0,0,0,0,0,0
MPB:bin_000212,0,0,0,0,0,0,0,0,0,0,0,0,0,0,0,0,0,0,0,0,0,0,0,0,0,0,0,0,0,0,0,0,0,0,0,0,0,0,0,0,0,0,0,0,0,0,0,0,0,0,0,0,0,0,0,0,0,0,0,0,0,0,0,0,0,0,0,0,0,0,0,0,0,0,0,0,0,0,0,0,0,0,0,0
MPB:bin_000213,0,0,0,0,0,0,0,0,0,0,0,0,0,0,0,0,0,0,0,0,0,0,0,0,0,0,0,0,0,0,0,0,0,0,0,0,0,0,0,0,0,0,0,0,0,0,0,0,0,0,0,0,0,0,0,0,0,0,0,0,0,0,0,0,0,0,0,0,0,0,0,0,0,0,0,0,0,0,0,0,0,0,0,0
MPB:bin_000214,0,0,0,0,0,0,0,0,0,0,0,0,0,0,0,0,0,0,0,0,0,0,0,0,0,0,0,0,0,0,0,0,0,0,0,0,0,0,0,0,0,0,0,0,0,0,0,0,0,0,0,0,0,0,0,0,0,0,0,0,0,0,0,0,0,0,0,0,0,0,0,0,0,0,0,0,0,0,0,0,0,0,0,0
MPB:bin_000216,0,0,0,0,0,0,0,0,0,0,0,0,0,0,0,0,0,0,0,0,0,0,0,0,0,0,0,0,0,0,0,0,0,0,0,0,0,0,0,0,0,0,0,0,0,0,0,0,0,0,0,0,0,0,0,0,0,0,0,0,0,0,0,0,0,0,0,0,0,0,0,0,0,0,0,0,0,0,0,0,0,0,0,0
MPB:bin_000217,0,0,0,0,0,0,0,0,0,0,0,0,0,0,0,0,0,0,0,0,0,0,0,0,0,0,0,0,0,0,0,0,0,0,0,0,0,0,0,0,0,0,0,0,0,0,0,0,0,0,0,0,0,0,0,0,0,0,0,0,0,0,0,0,0,0,0,0,0,0,0,0,0,0,0,0,0,0,0,0,0,0,0,0
MPB:bin_000220,0,0,0,0,0,0,0,0,0,0,0,0,0,0,0,0,0,0,0,0,0,0,0,0,0,0,0,0,0,0,0,0,0,0,0,0,0,0,0,0,0,0,0,0,0,0,0,0,0,0,0,0,0,0,0,0,0,0,0,0,0,0,0,0,0,0,0,0,0,0,0,0,0,0,0,0,0,0,0,0,0,0,0,0
MPB:bin_000221,0,0,0,0,0,0,0,0,0,0,0,0,0,0,0,0,0,0,0,0,0,0,0,0,0,0,0,0,0,0,0,0,0,0,0,0,0,0,0,0,0,0,0,0,0,0,0,0,0,0,0,0,0,0,0,0,0,0,0,0,0,0,0,0,0,0,0,0,0,0,0,0,0,0,0,0,0,0,0,0,0,0,0,0
MPB:bin_000223,0,0,0,0,0,0,0,0,0,0,0,0,0,0,0,0,0,0,0,0,0,0,0,0,0,0,0,0,0,0,0,0,0,0,0,0,0,0,0,0,0,0,0,0,0,0,0,0,0,0,0,0,0,0,0,0,0,0,0,0,0,0,0,0,0,0,0,0,0,0,0,0,0,0,0,0,0,0,0,0,0,0,0,0
MPB:bin_000225,0,0,0,0,0,0,0,0,0,0,0,0,0,0,0,0,0,0,0,0,0,0,0,0,0,0,0,0,0,0,0,0,0,0,0,0,0,0,0,0,0,0,0,0,0,0,0,0,0,0,0,0,0,0,0,0,0,0,0,0,0,0,0,0,0,0,0,0,0,0,0,0,0,0,0,0,0,0,0,0,0,0,0,0
MPB:bin_000227,0,0,0,0,0,0,0,0,0,0,0,0,0,0,0,0,0,0,0,0,0,0,0,0,0,0,0,0,0,0,0,0,0,0,0,0,0,0,0,0,0,0,0,0,0,0,0,0,0,0,0,0,0,0,0,0,0,0,0,0,0,0,0,0,0,0,0,0,0,0,0,0,0,0,0,0,0,0,0,0,0,0,0,0
MPB:bin_000228,0,0,0,0,0,0,0,0,0,0,0,0,0,0,0,0,0,0,0,0,0,0,0,0,0,0,0,0,0,0,0,0,0,0,0,0,0,0,0,0,0,0,0,0,0,0,0,0,0,0,0,0,0,0,0,0,0,0,0,0,0,0,0,0,0,0,0,0,0,0,0,0,0,0,0,0,0,0,0,0,0,0,0,0
MPB:bin_000230,0,0,0,0,0,0,0,0,0,0,0,0,0,0,0,0,0,0,0,0,0,0,0,0,0,0,0,0,0,0,0,0,0,0,0,0,0,0,0,0,0,0,0,0,0,0,0,0,0,0,0,0,0,0,0,0,0,0,0,0,0,0,0,0,0,0,0,0,0,0,0,0,0,0,0,0,0,0,0,0,0,0,0,0
MPB:bin_000231,0,0,0,1.526,0,0,0,0,3.759,0,0,0,0,1.563,0,0,0,2.885,0,2.923,2.635,0,2.448,2.795,2.226,0,3.23,2.133,2.318,5.211,0,0,0,2.302,0,2.023,0,0,2.026,1.454,0,0,0,0.933,1.648,0,2.192,0,0,1.771,2.848,3.255,0,0,3.178,0,0,2.554,3.626,2.709,0,0,1.677,3.432,0,1.588,0.947,2.856,0,0,2.073,0,2.306,2.115,0,0,0,0,0,0,0,2.289,3.554,0
MPB:bin_000232,0,0,0,0,0,0,0,0,0,0,0,0,0,0,0,0,0,0,0,0,0,0,0,0,0,0,0,0,0,0,0,0,0,0,0,0,0,0,0,0,0,0,0,0,0,0,0,0,0,0,0,0,0,0,0,0,0,0,0,0,0,0,0,0,0,0,0,0,0,0,0,0,0,0,0,0,0,0,0,0,0,0,0,0
MPB:bin_000233,0,0,0,0,0,0,0,0,0,0,0,0,0,0,0,0,0,0,0,0,0,0,0,0,0,0,0,0,0,0,0,0,0,0,0,0,0,0,0,0,0,0,0,0,0,0,0,0,0,0,0,0,0,0,0,0,0,0,0,0,0,0,0,0,0,0,0,0,0,0,0,0,0,0,0,0,0,0,0,0,0,0,0,0
MPB:bin_000236,0,0,0,0,0,0,0,0,0,0,0,0,0,0,0,0,0,0,0,0,0,0,0,0,0,0,0,0,0,0,0,0,0,0,0,0,0,0,0,0,0,0,0,0,0,0,0,0,0,0,0,0,0,0,0,0,0,0,0,0,0,0,0,0,0,0,0,0,0,0,0,0,0,0,0,0,0,0,0,0,0,0,0,0
MPB:bin_000237,0,6.51,3.699,4.475,0,6.532,5.258,0,16.306,9.805,1.843,5.277,5.622,6.615,6.488,7.206,7.492,15.863,5.399,9.287,5.537,0,5.758,10.633,18.07,8.948,16.728,9.283,11.384,25.618,6.809,11.827,8.594,7.969,5.286,10.397,10.104,12.149,8.3,9.495,6.253,6.241,0,4.13,6.874,10.572,11.301,12.817,11.547,5.374,10.681,10.229,4.542,3.881,16.689,8.491,5.245,7.609,15.005,13.511,4.884,0,18.81,17.455,7.669,8.688,5.358,11.345,6.522,4.53,10.155,3.804,10.588,14.64,9.269,4.437,10.174,8.117,4.883,8.052,10.231,12.384,15.619,10.433
MPB:bin_000238,0,0,0,0,0,0,0,0,0,0,0,0,0,0,0,0,0,0,0,0,0,0,0,0,0,0,0,0,0,0,0,0,0,0,0,0,0,0,0,0,0,0,0,0,0,0,0,0,0,0,0,0,0,0,0,0,0,0,0,0,0,0,0,0,0,0,0,0,0,0,0,0,0,0,0,0,0,0,0,0,0,0,0,0
MPB:bin_000243,0,0,0,0,0,0,0,0,0,0,0,0,0,0,0,0,0,0,0,0,0,0,0,0,0,0,0,0,0,0,0,0,0,0,0,0,0,0,0,0,0,0,0,0,0,0,0,0,0,0,0,0,0,0,0,0,0,0,0,0,0,0,0,0,0,0,0,0,0,0,0,0,0,0,0,0,0,0,0,0,0,0,0,0
MPB:bin_000246,0,0,0,0,0,0,0,0,0,0,0,0,0,0,0,0,0,0,0,0,0,0,0,0,0,0,0,0,0,0,0,0,0,0,0,0,0,0,0,0,0,0,0,0,0,0,0,0,0,0,0,0,0,0,0,0,0,0,0,0,0,0,0,0,0,0,0,0,0,0,0,0,0,0,0,0,0,0,0,0,0,0,0,0
MPB:bin_000248,0,0,0,0,0,0,0,0,0,0,0,0,0,0,0,0,0,0,0,0,0,0,0,0,0,0,0,0,0,0,0,0,0,0,0,0,0,0,0,0,0,0,0,0,0,0,0,0,0,0,0,0,0,0,0,0,0,0,0,0,0,0,0,0,0,0,0,0,0,0,0,0,0,0,0,0,0,0,0,0,0,0,0,0
MPB:bin_000254,0,0,0,0,0,0,0,0,0,0,0,0,0,0,0,0,0,0,0,0,0,0,0,0,0,0,0,0,0,0,0,0,0,0,0,0,0,0,0,0,0,0,0,0,0,0,0,0,0,0,0,0,0,0,0,0,0,0,0,0,0,0,0,0,0,0,0,0,0,0,0,0,0,0,0,0,0,0,0,0,0,0,0,0
MPB:bin_000264,0,0,0,0,0,0,0,0,0,0,0,0,0,0,0,0,0,0,0,0,0,0,0,0,0,0,0,0,0,0,0,0,0,0,0,0,0,0,0,0,0,0,0,0,0,0,0,0,0,0,0,0,0,0,0,0,0,0,0,0,0,0,0,0,0,0,0,0,0,0,0,0,0,0,0,0,0,0,0,0,0,0,0,0
MPB:bin_000266,0,0,0,0,0,0,0,0,0,0,0,0,0,0,0,0,0,0,0,0,0,0,0,0,0,0,0,0,0,0,0,0,0,0,0,0,0,0,0,0,0,0,0,0,0,0,0,0,0,0,0,0,0,0,0,0,0,0,0,0,0,0,0,0,0,0,0,0,0,0,0,0,0,0,0,0,0,0,0,0,0,0,0,0
MPB:bin_000268,0,0,0,0,0,0,0,0,0,0,0,0,0,0,0,0,0,0,0,0,0,0,0,0,0,0,0,0,0,0,0,0,0,0,0,0,0,0,0,0,0,0,0,0,0,0,0,0,0,0,0,0,0,0,0,0,0,0,0,0,0,0,0,0,0,0,0,0,0,0,0,0,0,0,0,0,0,0,0,0,0,0,0,0
MPB:bin_000269,0,0,0,0,0,0,0,0,0,0,0,0,0,0,0,0,0,0,0,0,0,0,0,0,0,0,0,0,0,0,0,0,0,0,0,0,0,0,0,0,0,0,0,0,0,0,0,0,0,0,0,0,0,0,0,0,0,0,0,0,0,0,0,0,0,0,0,0,0,0,0,0,0,0,0,0,0,0,0,0,0,0,0,0
MPB:bin_000271,0,0,0,0,0,0,1.847,0,4.121,0,0,0,0,2.08,1.778,0,0,3.19,0,2.584,2.866,0,2.868,2.956,3.532,2.654,0,0,2.864,4.144,1.815,0,1.985,2.24,0,0,0,0,0,1.814,1.831,1.683,0,0.893,1.69,1.936,0,0,4.572,1.665,2.226,3.531,1.885,0,3.879,2.971,0,2.763,4.128,4.261,0,0,3.944,4.815,0,2.53,1.142,2.554,0,0,2.74,1.718,2.323,4.194,1.654,1.756,0,0,0,2.844,3.708,3.098,5.233,1.779
MPB:bin_000272,0,0,0,0,0,0,0,0,0,0,0,0,0,0,0,0,0,0,0,0,0,0,0,0,0,0,0,0,0,0,0,0,0,0,0,0,0,0,0,0,0,0,0,0,0,0,0,0,0,0,0,0,0,0,0,0,0,0,0,0,0,0,0,0,0,0,0,0,0,0,0,0,0,0,0,0,0,0,0,0,0,0,0,0
MPB:bin_000275,0,0,0,0,0,0,0,0,0,0,0,0,0,0,0,0,0,0,0,0,0,0,0,0,0,0,0,0,0,0,0,0,0,0,0,0,0,0,0,0,0,0,0,0,0,0,0,0,0,0,0,0,0,0,0,0,0,0,0,0,0,0,0,0,0,0,0,0,0,0,0,0,0,0,0,0,0,0,0,0,0,0,0,0
MPB:bin_000279,0,0,0,2.862,0,3.014,0,0,3.182,0,0,0,0,3.376,0,5.865,0,3.323,0,2.094,0,0,2.182,9.139,2.484,3.13,0,5.972,0,12.672,1.63,0,2.277,2.995,0,0,3.436,3.876,3.451,2.172,0,0,0,0,2.699,2.178,1.715,2.362,0,1.444,3.075,6.895,0,0,1.724,2.41,0,0,0,0,0,0,1.341,8.686,0,3.256,3.08,0,0,0,0,0,8.221,7.42,1.51,0,0,0,0,1.791,2.021,2.452,6.594,0
MPB:bin_000284,0,1.657,0,0,0,2.315,0,0,0,0,0,0,0,2.252,0,0,0,4.522,0,0,0,0,0,5.846,3.308,0,0,0,4.028,5.253,1.9,0,0,0,0,1.882,0,0,2.254,2.714,0,0,0,1.037,0,0,1.853,0,3.23,3.051,2.424,3.12,0,0,6.017,0,2.511,0,4.35,0,0,0,3.988,3.609,0,2.914,0,5.406,0,0,0,2.498,2.403,6.139,0,0,0,0,0,3.214,0,3.248,3.865,2.336
MPB:bin_000288,0,0,0,0,0,0,0,0,0,0,0,0,0,0,0,0,0,0,0,0,0,0,0,0,0,0,0,0,0,0,0,0,0,0,0,0,0,0,0,0,0,0,0,0,0,0,0,0,0,0,0,0,0,0,0,0,0,0,0,0,0,0,0,0,0,0,0,0,0,0,0,0,0,0,0,0,0,0,0,0,0,0,0,0
MPB:bin_000289,0,0,0,0,0,0,0,0,0,0,0,2.908,0,1.097,0,0,0,2.965,0,2.215,0,0,0,2.767,0,0,2.513,2.028,1.91,5.333,0,0,0,2.46,0,0,0,2.704,0,0,0,0,0,0.825,0,1.929,1.463,2.584,2.374,0,1.719,2.958,1.561,0,3.622,0,1.405,0,3.625,0,0,0,2.669,2.774,0,0,0,2.029,0,0,0,0,2.141,4.327,1.473,1.593,2.508,0,1.88,0,0,3.215,3.788,0
MPB:bin_000292,0,7.27,5.886,5.722,6.923,8.122,7.718,0,14.112,11.766,1.374,2.541,6.303,7.528,8.654,7.058,6.476,9.064,5.58,8.132,9.01,0,8.299,10.987,16.505,10.69,9.641,8.78,8.893,16.673,8.999,9.847,8.033,8.039,6.024,5.361,9.059,10.079,12.053,6.57,5.597,7.902,19.482,3.536,8.378,7.183,7.151,7.014,13.641,6.377,11.949,12.133,8.117,4.705,15.804,10.923,5.969,11.716,11.634,15.701,6.303,8.713,16.903,19.036,6.315,8.198,5.276,12.376,8.004,4.545,10.747,4.255,8.597,14.967,6.978,6.228,13.961,4.844,6.174,10.782,13.603,14.252,16.414,6.781
MPB:bin_000298,0,0,0,0,0,0,0,0,0,0,0,0,0,0,0,0,0,0,0,0,0,0,0,0,0,0,0,0,0,0,0,0,0,0,0,0,0,0,0,0,0,0,0,0,0,0,0,0,0,0,0,0,0,0,0,0,0,0,0,0,0,0,0,0,0,0,0,0,0,0,0,0,0,0,0,0,0,0,0,0,0,0,0,0
MPB:bin_000303,0,0,0,0,0,0,0,0,0,0,0,0,0,0,0,0,0,0,0,0,0,0,0,0,0,0,0,0,0,0,0,0,0,0,0,0,0,0,0,0,0,0,0,0,0,0,0,0,0,0,0,0,0,0,0,0,0,0,0,0,0,0,0,0,0,0,0,0,0,0,0,0,0,0,0,0,0,0,0,0,0,0,0,0
MPB:bin_000307,0,0,0,0,0,0,0,0,0,0,0,0,0,0,0,0,0,0,0,0,0,0,0,0,0,0,0,0,0,0,0,0,0,0,0,0,0,0,0,0,0,0,0,0,0,0,0,0,0,0,0,0,0,0,0,0,0,0,0,0,0,0,0,0,0,0,0,0,0,0,0,0,0,0,0,0,0,0,0,0,0,0,0,0
MPB:bin_000310,0,0,0,0,0,0,0,0,0,0,0,0,0,0,0,0,0,0,0,0,0,0,0,0,0,0,0,0,0,0,0,0,0,0,0,0,0,0,0,0,0,0,0,0,0,0,0,0,0,0,0,0,0,0,0,0,0,0,0,0,0,0,0,0,0,0,0,0,0,0,0,0,0,0,0,0,0,0,0,0,0,0,0,0
MPB:bin_000314,0,0,0,0,0,0,0,0,0,0,0,0,0,0,0,0,0,0,0,0,0,0,0,0,0,0,0,0,0,0,0,0,0,0,0,0,0,0,0,0,0,0,0,0,0,0,0,0,0,0,0,0,0,0,0,0,0,0,0,0,0,0,0,0,0,0,0,0,0,0,0,0,0,0,0,0,0,0,0,0,0,0,0,0
MPB:bin_000315,0,0,0,0,0,0,0,0,0,0,0,0,0,0,0,0,0,0,0,0,0,0,0,0,0,0,0,0,0,0,0,0,0,0,0,0,0,0,0,0,0,0,0,0,0,0,0,0,0,0,0,0,0,0,0,0,0,0,0,0,0,0,0,0,0,0,0,0,0,0,0,0,0,0,0,0,0,0,0,0,0,0,0,0
MPB:bin_000316,0,0,0,0,0,0,0,0,0,0,0,0,0,0,0,0,0,0,0,0,0,0,0,0,0,0,0,0,0,0,0,0,0,0,0,0,0,0,0,0,0,0,0,0,0,0,0,0,0,0,0,0,0,0,0,0,0,0,0,0,0,0,0,0,0,0,0,0,0,0,0,0,0,0,0,0,0,0,0,0,0,0,0,0
MPB:bin_000319,0,0,0,0,0,0,0,0,0,0,0,0,0,0,0,0,0,0,0,0,0,0,0,0,0,0,0,0,0,0,0,0,0,0,0,0,0,0,0,0,0,0,0,0,0,0,0,0,0,0,0,0,0,0,0,0,0,0,0,0,0,0,0,0,0,0,0,0,0,0,0,0,0,0,0,0,0,0,0,0,0,0,0,0
MPB:bin_000322,0,0,0,0,0,0,0,0,0,0,0,2.755,0,1.772,0,0,0,0,0,0,0,0,0,3.879,3.801,0,3.223,0,0,6.915,0,0,0,3.122,0,0,0,0,0,0,0,1.923,0,0,0,0,0,0,0,0,2.949,5.343,0,0,4.608,0,0,0,0,0,0,0,2.314,0,0,0,0,0,0,0,0,2.124,0,3.089,0,0,2.575,0,0,0,0,0,2.957,2.342
MPB:bin_000324,0,1.622,1.339,0,0,2.463,0,0,4.382,0,0,2.207,1.826,2.07,0,0,0,0,1.337,3.965,3.341,0,0,4.148,3.887,4.264,4.441,3.659,3.058,9.964,0,0,1.675,3.54,0,3.189,5.721,0,0,2.64,1.749,0,0,0.869,0,1.965,2.141,4.935,0,1.722,4.165,3.981,0,0,5.95,0,2.038,0,5.521,0,2.404,0,3.563,5.552,0,2.739,1.354,4.465,2.598,1.806,2.712,0,3.361,5.083,0,1.894,3.541,0,1.987,3.457,3.003,4.208,4.493,2.75
MPB:bin_000325,0,0,0,0,0,0,2.386,0,0,0,0,0,0,0,0,0,0,0,0,0,0,0,0,0,0,0,0,0,0,0,0,0,0,0,0,0,0,0,0,0,0,0,0,0,0,0,0,0,0,0,0,0,0,3.914,0,0,0,0,0,0,0,0,0,0,0,0,0,0,0,0,0,0,0,0,0,0,0,0,0,0,0,0,0,0
MPB:bin_000328,0,0,0,0,0,0,0,0,0,0,0,0,0,0,0,0,0,0,0,0,0,0,0,0,0,0,0,0,0,0,0,0,0,0,0,0,0,0,0,0,0,0,0,0,0,0,0,0,0,0,0,0,0,0,0,0,0,0,0,0,0,0,0,0,0,0,0,0,0,0,0,0,0,0,0,0,0,0,0,0,0,0,0,0
MPB:bin_000330,0,0,0,0,0,0,0,0,0,0,0,0,0,0,0,0,0,0,0,0,0,0,0,0,0,0,0,0,0,0,0,0,0,0,0,0,0,0,0,0,0,0,0,0,0,0,0,0,0,0,0,0,0,0,0,0,0,0,0,0,0,0,0,0,0,0,0,0,0,0,0,0,0,0,0,0,0,0,0,0,0,0,0,0
MPB:bin_000332,0,0,0,0,0,0,0,0,0,0,0,0,0,0,0,0,0,0,0,0,0,0,0,0,0,0,0,0,0,0,0,0,0,0,0,0,0,0,0,0,0,0,0,0,0,0,0,0,0,0,0,0,0,0,0,0,0,0,0,0,0,0,0,0,0,0,0,0,0,0,0,0,0,0,0,0,0,0,0,0,0,0,0,0
MPB:bin_000336,0,0,0,0,0,0,0,0,0,0,0,0,0,0,0,0,0,0,0,0,0,0,0,0,0,0,0,0,0,0,0,0,0,0,0,0,0,0,0,0,0,0,0,0,0,0,0,0,0,0,0,0,0,0,0,0,0,0,0,0,0,0,0,0,0,0,0,0,0,0,0,0,0,0,0,0,0,0,0,0,0,0,0,0
MPB:bin_000340,0,2.849,0,0,0,0,3.528,0,0,0,0,0,0,0,0,0,0,0,2.591,4.454,0,0,0,0,5.314,0,0,0,5.455,8.387,0,0,3.13,0,0,0,0,0,0,0,0,0,0,0,0,0,0,0,0,0,4.256,0,0,0,7.715,0,0,0,6.826,0,0,0,5.331,0,0,0,0,5.018,0,0,0,0,0,8.407,0,0,0,0,3.16,0,0,4.316,5.317,0
MPB:bin_000341,0,0,0,0,0,0,0,0,0,0,0,0,0,0,0,0,0,0,0,0,0,0,0,0,0,0,0,0,0,0,0,0,0,0,0,0,0,0,0,0,0,0,0,0,0,0,0,0,0,0,0,0,0,0,0,0,0,0,0,0,0,0,0,0,0,0,0,0,0,0,0,0,0,0,0,0,0,0,0,0,0,0,0,0
MPB:bin_000347,0,0,0,0,0,0,0,0,0,0,0,0,0,0,0,0,0,0,0,0,0,0,0,0,0,0,0,0,0,0,0,0,0,0,0,0,0,0,0,0,0,0,0,0,0,0,0,0,0,0,0,0,0,0,0,0,0,0,0,0,0,0,0,0,0,0,0,0,0,0,0,0,0,0,0,0,0,0,0,0,0,0,0,0
MPB:bin_000350,0,0,0,0,0,0,0,0,0,0,0,0,0,0,0,0,0,0,0,0,0,0,0,0,0,0,0,0,0,0,0,0,0,0,0,0,0,0,0,0,0,0,0,0,0,0,0,0,0,0,0,0,0,0,0,0,0,0,0,0,0,0,0,0,0,0,0,0,0,0,0,0,0,0,0,0,0,0,0,0,0,0,0,0
MPB:bin_000354,0,0,0,0,0,0,0,0,0,0,0,0,0,0,0,0,0,0,0,0,0,0,0,0,0,0,0,0,0,0,0,0,0,0,0,0,0,0,0,0,0,0,0,0,0,0,0,0,0,0,0,0,0,0,0,0,0,0,0,0,0,0,0,0,0,0,0,0,0,0,0,0,0,0,0,0,0,0,0,0,0,0,0,0
MPB:bin_000358,0,0,0,0,0,0,0,0,0,0,0,0,0,0,0,0,0,0,0,0,0,0,0,0,0,0,0,0,0,0,0,0,0,0,0,0,0,0,0,0,0,0,0,0,0,0,0,0,0,0,0,0,0,0,0,0,0,0,0,0,0,0,0,0,0,0,0,0,0,0,0,0,0,0,0,0,0,0,0,0,0,0,0,0
MPB:bin_000364,0,0,0,0,0,0,0,0,0,0,0,0,0,0,0,0,0,0,0,0,0,0,0,0,0,0,0,0,0,0,0,0,0,0,0,0,0,0,0,0,0,0,0,0,0,0,0,0,0,0,0,0,0,0,0,0,0,0,0,0,0,0,0,0,0,0,0,0,0,0,0,0,0,0,0,0,0,0,0,0,0,0,0,0
MPB:bin_000365,0,0,0,0,0,0,0,0,0,0,0,0,0,0,0,0,0,0,0,0,0,0,0,0,0,0,0,0,0,0,0,0,0,0,0,0,0,0,0,0,0,0,0,0,0,0,0,0,0,0,0,0,0,0,0,0,0,0,0,0,0,0,0,0,0,0,0,0,0,0,0,0,0,0,0,0,0,0,0,0,0,0,0,0
MPB:bin_000373,0,0,0,0,0,0,0,0,0,0,0,0,0,0,0,0,0,0,0,0,0,0,0,0,0,0,0,0,0,0,0,0,0,0,0,0,0,0,0,0,0,0,0,0,0,0,0,0,0,0,0,0,0,0,0,0,0,0,0,0,0,0,0,0,0,0,0,0,0,0,0,0,0,0,0,0,0,0,0,0,0,0,0,0
MPB:bin_000375,0,0,0,0,0,0,0,0,0,0,0,0,0,0,0,0,0,0,0,0,0,0,0,0,0,0,0,0,0,0,0,0,0,0,0,0,0,0,0,0,0,0,0,0,0,0,0,0,0,0,0,0,0,0,0,0,0,0,0,0,0,0,0,0,0,0,0,0,0,0,0,0,0,0,0,0,0,0,0,0,0,0,0,0
MPB:bin_000378,0,0,0,0,0,0,0,0,0,0,0,0,0,0,0,0,0,0,0,0,0,0,0,0,0,0,0,0,0,0,0,0,0,0,0,0,0,0,0,0,0,0,0,0,0,0,0,0,0,0,0,0,0,0,0,0,0,0,0,0,0,0,0,0,0,0,0,0,0,0,0,0,0,0,0,0,0,0,0,0,0,0,0,0
MPB:bin_000379,0,0,0,0,0,0,0,0,0,0,0,0,0,0,0,0,0,0,0,0,0,0,0,0,0,0,0,0,0,0,0,0,0,0,0,0,0,0,0,0,0,0,0,0,0,0,0,0,0,0,0,0,0,0,0,0,0,0,0,0,0,0,0,0,0,0,0,0,0,0,0,0,0,0,0,0,0,0,0,0,0,0,0,0
MPB:bin_000380,0,0,0,0,0,0,0,0,0,0,0,0,0,0,0,0,0,0,0,0,0,0,0,0,0,0,0,0,0,0,0,0,0,0,0,0,0,0,0,0,0,0,0,0,0,0,0,0,0,0,0,0,0,0,0,0,0,0,0,0,0,0,0,0,0,0,0,0,0,0,0,0,0,0,0,0,0,0,0,0,0,0,0,0
MPB:bin_000382,0,0,0,0,0,0,0,0,0,0,0,0,0,0,0,0,0,0,0,0,0,0,0,0,0,0,0,0,0,0,0,0,0,0,0,0,0,0,0,0,0,0,0,0,0,0,0,0,0,0,0,0,0,0,0,0,0,0,0,0,0,0,0,0,0,0,0,0,0,0,0,0,0,0,0,0,0,0,0,0,0,0,0,0
MPB:bin_000383,0,0,0,0,0,0,0,0,0,0,0,0,0,0,0,0,0,0,0,0,0,0,0,0,0,0,0,0,0,0,0,0,0,0,0,0,0,0,0,0,0,0,0,0,0,0,0,0,0,0,0,0,0,0,0,0,0,0,0,0,0,0,0,0,0,0,0,0,0,0,0,0,0,0,0,0,0,0,0,0,0,0,0,0
MPB:bin_000385,0,0,0,0,0,0,0,0,0,0,0,0,0,0,0,0,0,0,0,0,0,0,0,0,0,0,0,0,0,0,0,0,0,0,0,0,0,0,0,0,0,0,0,0,0,0,0,0,0,0,0,0,0,0,0,0,0,0,0,0,0,0,0,0,0,0,0,0,0,0,0,0,0,0,0,0,0,0,0,0,0,0,0,0
MPB:bin_000387,0,33.982,17.237,26.998,24.714,35.218,34.872,0,80.911,57.754,12.088,32.45,48.784,31.169,54.374,44.747,27.957,52.544,31.854,43.176,32.55,33.518,32.021,57.887,73.607,47.619,65.036,47.21,39.94,96.958,36.145,57.267,35.038,50.298,22.453,37.27,50.835,65.348,42.694,29.227,36.971,35.653,20.533,12.917,38.467,41.348,39.053,31.389,56.947,32.231,52.954,71.301,47.489,23.752,69.24,50.212,42.599,49.316,72.763,43.758,41.763,42.558,54.908,69.472,25.488,50.55,16.648,59.261,33.18,21.842,34.582,36.967,48.546,67.038,42.641,35.139,51.569,21.957,50.372,68.62,47.538,61.776,70.438,33.018
MPB:bin_000390,0,0,0,0,0,0,0,0,0,0,0,0,0,0,0,0,0,0,0,0,0,0,0,0,0,0,0,0,0,0,0,0,0,0,0,0,0,0,0,0,0,0,0,0,0,0,0,0,0,0,0,0,0,0,0,0,0,0,0,0,0,0,0,0,0,0,0,0,0,0,0,0,0,0,0,0,0,0,0,0,0,0,0,0
MPB:bin_000393,0,0,0,0,0,0,0,0,0,0,0,0,0,0,0,0,0,0,0,0,0,0,0,0,0,0,0,0,0,0,0,0,0,0,0,0,0,0,0,0,0,0,0,0,0,0,0,0,0,0,0,0,0,0,0,0,0,0,0,0,0,0,0,0,0,0,0,0,0,0,0,0,0,0,0,0,0,0,0,0,0,0,0,0
MPB:bin_000394,0,0,0,0,0,0,0,0,0,0,0,0,0,0,0,0,0,0,0,0,0,0,0,0,0,0,0,0,0,0,0,0,0,0,0,0,0,0,0,0,0,0,0,0,0,0,0,0,0,0,0,0,0,0,0,0,0,0,0,0,0,0,0,0,0,0,0,0,0,0,0,0,0,0,0,0,0,0,0,0,0,0,0,0
MPB:bin_000395,0,0,0,0,0,0,0,0,0,0,0,0,0,0,0,0,0,0,0,0,0,0,0,0,0,0,0,0,0,0,0,0,0,0,0,0,0,0,0,0,0,0,0,0,0,0,0,0,0,0,0,0,0,0,0,0,0,0,0,0,0,0,0,0,0,0,0,0,0,0,0,0,0,0,0,0,0,0,0,0,0,0,0,0
MPB:bin_000396,0,0,0,0,0,0,0,0,0,0,0,0,0,0,0,0,0,0,0,0,0,0,0,0,0,0,0,0,0,0,0,0,0,0,0,0,0,0,0,0,0,0,0,0,0,0,0,0,0,0,0,0,0,0,0,0,0,0,0,0,0,0,0,0,0,0,0,0,0,0,0,0,0,0,0,0,0,0,0,0,0,0,0,0
MPB:bin_000397,0,0,0,0,0,0,0,0,0,0,0,0,0,0,0,0,0,0,0,0,0,0,0,0,0,0,0,0,0,0,0,0,0,0,0,0,0,0,0,0,0,0,0,0,0,0,0,0,0,0,0,0,0,0,0,0,0,0,0,0,0,0,0,0,0,0,0,0,0,0,0,0,0,0,0,0,0,0,0,0,0,0,0,0
MPB:bin_000398,0,0,0,0,0,0,0,0,0,0,0,0,0,0,0,0,0,0,0,0,0,0,0,0,0,0,0,0,0,3.045,0,0,0,0,0,0,0,0,0,0,0,0,0,0,0,0,0,0,0,0,0,0,0,0,0,0,0,0,0,0,0,0,1.64,0,0,0,0,0,0,0,0,0,0,0,0,0,0,0,0,0,0,0,0,0
MPB:bin_000399,0,0,0,0,0,0,0,0,0,0,0,0,0,0,0,0,0,0,0,0,0,0,0,0,0,0,0,0,0,0,0,0,0,0,0,0,0,0,0,0,0,0,0,0,0,0,0,0,0,0,0,0,0,0,0,0,0,0,0,0,0,0,0,0,0,0,0,0,0,0,0,0,0,0,0,0,0,0,0,0,0,0,0,0
MPB:bin_000400,0,0,0,0,0,0,0,0,0,0,0,0,0,0,0,0,0,0,0,0,0,0,0,0,0,0,0,0,0,0,0,0,0,0,0,0,0,0,0,0,0,0,0,0,0,0,0,0,0,0,0,0,0,0,0,0,0,0,0,0,0,0,0,0,0,0,0,0,0,0,0,0,0,0,0,0,0,0,0,0,0,0,0,0
MPB:bin_000402,0,2.423,1.896,3.7,0,0,7.233,0,4.416,0,0,0,2.882,2.886,2.892,3.047,0,5.32,2.273,3.38,0,0,4.843,4.936,10.689,4.214,3.494,3.827,4.032,27.788,1.819,4.86,2.943,0,2.456,3.202,0,3.403,3.649,3.114,3.48,2.744,0,0.959,2.901,4.167,3.19,0,11.792,3.41,2.477,4.061,2.453,0,8.175,4.206,3.133,3.823,5.415,0,3.128,0,5.276,3.418,0,2.602,1.617,0,4.039,2.596,3.119,2.895,3.194,7.104,3.999,1.823,3.427,0,2.137,3.599,4.258,4.989,6.846,2.763
MPB:bin_000403,0,0,0,0,0,0,0,0,0,0,0,0,0,0,0,0,0,0,0,0,0,0,0,0,0,0,0,0,0,0,0,0,0,0,0,0,0,0,0,0,0,0,0,0,0,0,0,0,0,0,0,0,0,0,0,0,0,0,0,0,0,0,0,0,0,0,0,0,0,0,0,0,0,0,0,0,0,0,0,0,0,0,0,0
MPB:bin_000405,0,0,0,0,0,0,0,0,0,0,0,0,0,0,0,0,0,0,0,0,0,0,0,0,0,0,0,0,0,0,0,0,0,0,0,0,0,0,0,0,0,0,0,0,0,0,0,0,0,0,0,0,0,0,0,0,0,0,0,0,0,0,0,0,0,0,0,0,0,0,0,0,0,0,0,0,0,0,0,0,0,0,0,0
MPB:bin_000407,0,0,0,0,0,0,0,0,0,0,0,0,0,0,0,0,0,0,0,0,0,0,0,0,0,0,0,0,0,0,0,0,0,0,0,0,0,0,0,0,0,0,0,0,0,0,0,0,0,0,0,0,0,0,0,0,0,0,0,0,0,0,0,0,0,0,0,0,0,0,0,0,0,0,0,0,0,0,0,0,0,0,0,0
MPB:bin_000408,0,0,0,0,0,0,0,0,0,0,0,0,0,0,0,0,0,0,0,0,0,0,0,0,0,0,0,0,0,0,0,0,0,0,0,0,0,0,0,0,0,0,0,0,0,0,0,0,0,0,0,0,0,0,0,0,0,0,0,0,0,0,0,0,0,0,0,0,0,0,0,0,0,0,0,0,0,0,0,0,0,0,0,0
MPB:bin_000409,0,0,0,0,0,0,0,0,0,0,0,0,0,0,0,0,0,0,0,0,0,0,0,0,0,0,0,0,0,0,0,0,0,0,0,0,0,0,0,0,0,0,0,0,0,0,0,0,0,0,0,0,0,0,0,0,0,0,0,0,0,0,0,0,0,0,0,0,0,0,0,0,0,0,0,0,0,0,0,0,0,0,0,0
MPB:bin_000410,0,0,0,0,0,0,0,0,0,0,0,0,0,0,0,0,0,0,0,0,0,0,0,0,0,0,0,0,0,0,0,0,0,0,0,0,0,0,0,0,0,0,0,0,0,0,0,0,0,0,0,0,0,0,0,0,0,0,0,0,0,0,0,0,0,0,0,0,0,0,0,0,0,0,0,0,0,0,0,0,0,0,0,0
MPB:bin_000411,0,0,0,0,0,0,0,0,0,0,0,0,0,0,0,0,0,0,0,0,0,0,0,0,0,0,0,0,0,0,0,0,0,0,0,0,0,0,0,0,0,0,0,0,0,0,0,0,0,0,0,0,0,0,0,0,0,0,0,0,0,0,0,0,0,0,0,0,0,0,0,0,0,0,0,0,0,0,0,0,0,0,0,0
MPB:bin_000413,0,0,0,0,0,0,0,0,0,0,0,0,0,0,0,0,0,0,0,0,0,0,0,0,0,0,0,0,0,0,0,0,0,0,0,0,0,0,0,0,0,0,0,0,0,0,0,0,0,0,0,0,0,0,0,0,0,0,0,0,0,0,0,0,0,0,0,0,0,0,0,0,0,0,0,0,0,0,0,0,0,0,0,0
MPB:bin_000414,0,0,0,0,0,0,0,0,0,0,0,0,0,0,0,0,0,0,0,0,0,0,0,0,0,0,0,0,0,0,0,0,0,0,0,0,0,0,0,0,0,0,0,0,0,0,0,0,0,0,0,0,0,0,0,0,0,0,0,0,0,0,0,0,0,0,0,0,0,0,0,0,0,0,0,0,0,0,0,0,0,0,0,0
MPB:bin_000416,0,0,0,0,0,0,0,0,0,0,0,0,0,0,0,0,0,0,0,0,0,0,0,0,0,0,0,0,0,0,0,0,0,0,0,0,0,0,0,0,0,0,0,0,0,0,0,0,0,0,0,0,0,0,0,0,0,0,0,0,0,0,0,0,0,0,0,0,0,0,0,0,0,0,0,0,0,0,0,0,0,0,0,0
MPB:bin_000418,0,0,0,0,0,0,0,0,0,0,0,0,0,0,0,0,0,0,0,0,0,0,0,0,0,0,0,0,0,0,0,0,0,0,0,0,0,0,0,0,0,0,0,0,0,0,0,0,0,0,0,0,0,0,0,0,0,0,0,0,0,0,0,0,0,0,0,0,0,0,0,0,0,0,0,0,0,0,0,0,0,0,0,0
MPB:bin_000419,0,0,0,0,0,0,0,0,0,0,0,0,0,0,0,0,0,0,0,0,0,0,0,0,0,0,0,0,0,0,0,0,0,0,0,0,0,0,0,0,0,0,0,0,0,0,0,0,0,0,0,0,0,0,0,0,0,0,0,0,0,0,0,0,0,0,0,0,0,0,0,0,0,0,0,0,0,0,0,0,0,0,0,0
MPB:bin_000421,0,0,0,0,0,0,0,0,0,0,0,0,0,0,0,0,0,0,0,0,0,0,0,0,0,0,0,0,0,0,0,0,0,0,0,0,0,0,0,0,0,0,0,0,0,0,0,0,0,0,0,0,0,0,0,0,0,0,0,0,0,0,0,0,0,0,0,0,0,0,0,0,0,0,0,0,0,0,0,0,0,0,0,0
MPB:bin_000424,0,0,0,0,0,0,0,0,0,0,0,0,0,0,0,0,0,0,0,0,0,0,0,0,0,0,0,0,0,0,0,0,0,0,0,0,0,0,0,0,0,0,0,0,0,0,0,0,0,0,0,0,0,0,0,0,0,0,0,0,0,0,0,0,0,0,0,0,0,0,0,0,0,0,0,0,0,0,0,0,0,0,0,0
MPB:bin_000425,0,0,0,0,0,0,0,0,0,0,0,0,0,0,0,0,0,0,0,0,0,0,0,0,0,0,0,0,0,0,0,0,0,0,0,0,0,0,0,0,0,0,0,0,0,0,0,0,0,0,0,0,0,0,0,0,0,0,0,0,0,0,0,0,0,0,0,0,0,0,0,0,0,0,0,0,0,0,0,0,0,0,0,0
MPB:bin_000426,0,0,0,0,0,0,0,0,0,0,0,0,0,0,0,0,0,0,0,0,0,0,0,0,0,0,0,0,0,0,0,0,0,0,0,0,0,0,0,0,0,0,0,0,0,0,0,0,0,0,0,0,0,0,0,0,0,0,0,0,0,0,0,0,0,0,0,0,0,0,0,0,0,0,0,0,0,0,0,0,0,0,0,0
MPB:bin_000427,0,0,0,0,0,0,0,0,0,0,0,0,0,0,0,0,0,0,0,0,0,0,0,0,0,0,0,0,0,0,0,0,0,0,0,0,0,0,0,0,0,0,0,0,0,0,0,0,0,0,0,0,0,0,0,0,0,0,0,0,0,0,0,0,0,0,0,0,0,0,0,0,0,0,0,0,0,0,0,0,0,0,0,0
MPB:bin_000430,0,0,0,0,0,0,0,0,0,0,0,0,0,0,0,0,0,0,0,0,0,0,0,0,0,0,0,0,0,0,0,0,0,0,0,0,0,0,0,0,0,0,0,0,0,0,0,0,0,0,0,0,0,0,0,0,0,0,0,0,0,0,0,0,0,0,0,0,0,0,0,0,0,0,0,0,0,0,0,0,0,0,0,0
MPB:bin_000433,0,0,0,0,0,0,0,0,0,0,0,0,0,0,0,0,0,0,0,0,0,0,0,0,0,0,0,0,0,0,0,0,0,0,0,0,0,0,0,0,0,0,0,0,0,0,0,0,0,0,0,0,0,0,0,0,0,0,0,0,0,0,0,0,0,0,0,0,0,0,0,0,0,0,0,0,0,0,0,0,0,0,0,0
MPB:bin_000435,0,2.203,2.126,3.38,0,2.813,3.021,0,7.35,4.464,1.378,3.335,4.272,3.525,2.19,4.599,3.746,8.259,3.253,7.174,6.593,0,2.934,6.418,6.105,6.025,6.284,4.848,6.1,16.525,3.988,0,3.097,4.117,5.14,4.678,3.716,5.296,3.435,3.372,4.566,2.307,0,1.748,2.454,4.882,3.822,4.924,4.742,3.697,4.889,5.925,4.69,2.929,9.543,5.46,4.361,4.735,7.664,4.797,3.769,0,8.485,6.059,0,3.915,2.629,4.431,3.282,1.645,8.392,2.966,5.773,8.292,3.238,3.281,5.7,0,0,4.321,4.823,5.641,7.11,2.779
MPB:bin_000437,0,0,0,0,0,0,0,0,0,0,0,0,0,0,0,0,0,0,0,0,0,0,0,0,0,0,0,0,0,0,0,0,0,0,0,0,0,0,0,0,0,0,0,0,0,0,0,0,0,0,0,0,0,0,0,0,0,0,0,0,0,0,0,0,0,0,0,0,0,0,0,0,0,0,0,0,0,0,0,0,0,0,0,0
MPB:bin_000438,0,0,0,0,0,0,0,0,0,0,0,0,0,0,0,0,0,0,0,0,0,0,0,0,0,0,0,0,0,0,0,0,0,0,0,0,0,0,0,0,0,0,0,0,0,0,0,0,0,0,0,0,0,0,0,0,0,0,0,0,0,0,0,0,0,0,0,0,0,0,0,0,0,0,0,0,0,0,0,0,0,0,0,0
MPB:bin_000440,0,0,0,0,0,0,0,0,0,0,0,0,0,0,0,0,0,0,0,0,0,0,0,0,0,0,0,0,0,0,0,0,0,0,0,0,0,0,0,0,0,0,0,0,0,0,0,0,0,0,0,0,0,0,0,0,0,0,0,0,0,0,0,0,0,0,0,0,0,0,0,0,0,0,0,0,0,0,0,0,0,0,0,0
MPB:bin_000442,0,0,0,0,0,0,0,0,0,0,0,0,0,0,0,0,0,0,0,0,0,0,0,0,0,0,0,0,0,0,0,0,0,0,0,0,0,0,0,0,0,0,0,0,0,0,0,0,0,0,0,0,0,0,0,0,0,0,0,0,0,0,0,0,0,0,0,0,0,0,0,0,0,0,0,0,0,0,0,0,0,0,0,0
MPB:bin_000445,0,0,0,0,0,0,0,0,3.096,0,0,0,0,0,0,0,0,0,0,1.896,0,0,0,0,3.287,0,0,0,2.718,4.934,0,0,0,0,0,0,0,0,0,1.53,0,0,0,0.828,0,0,1.654,0,0,0,2.064,2.68,0,0,0,0,0,0,0,0,0,0,2.851,0,0,0,1.418,0,0,0,0,0,0,2.73,0,0,0,0,0,0,0,2.311,0,0
MPB:bin_000446,0,1.671,0,0,0,0,0,0,0,0,0,0,0,0,0,0,0,0,0,1.697,0,0,0,0,0,0,0,0,1.749,0,0,0,0,0,0,0,0,0,0,0,0,0,0,0,0,0,0,0,0,0,0,0,0,0,2.41,0,0,0,2.568,0,0,0,1.712,2.63,0,0,0,0,0,0,0,0,0,0,0,0,0,0,0,0,0,1.599,2.061,0
MPB:bin_000447,0,0,0,0,0,0,0,0,0,0,0,0,0,0,0,0,0,0,0,0,0,0,0,0,0,0,0,0,0,0,0,0,0,0,0,0,0,0,0,0,0,0,0,0,0,0,0,0,0,0,0,0,0,0,0,0,0,0,0,0,0,0,0,0,0,0,0,0,0,0,0,0,0,0,0,0,0,0,0,0,0,0,0,0
MPB:bin_000449,0,0,0,0,0,0,0,0,0,0,0,0,0,0,0,0,0,0,0,0,0,0,0,0,0,0,0,0,0,0,0,0,0,0,0,0,0,0,0,0,0,0,0,0,0,0,0,0,0,0,0,0,0,0,0,0,0,0,0,0,0,0,0,0,0,0,0,0,0,0,0,0,0,0,0,0,0,0,0,0,0,0,0,0
MPB:bin_000450,0,0,0,0,0,0,1.514,0,1.849,0,0,0,0,0,0,0,0,0,0,0,0,0,0,0,1.772,2.076,0,0,0,1.738,0,0,0,2.685,0,0,0,0,0,0,0,0,0,0,0,0,1.521,0,0,1.06,0,0,0,0,0,0,0,0,0,6.985,0,0,1.9,0,0,0,0,0,0,0,2.465,0,0,0,0,0,0,0,0,0,0,2.23,1.431,0
MPB:bin_000451,0,0,0,0,0,0,0,0,0,0,0,0,0,0,0,0,0,0,0,0,0,0,0,0,0,0,0,0,0,0,0,0,0,0,0,0,0,0,0,0,0,0,0,0,0,0,0,0,0,0,0,0,0,0,0,0,0,0,0,0,0,0,0,0,0,0,0,0,0,0,0,0,0,0,0,0,0,0,0,0,0,0,0,0
MPB:bin_000452,0,0,0,0,0,0,0,0,0,0,0,0,0,0,0,0,0,0,0,0,0,0,0,0,0,0,0,0,0,0,0,0,0,0,0,0,0,0,0,0,0,0,0,0,0,0,0,0,0,0,0,0,0,0,0,0,0,0,0,0,0,0,0,0,0,0,0,0,0,0,0,0,0,0,0,0,0,0,0,0,0,0,0,0
MPB:bin_000453,0,0,0,0,0,0,0,0,0,0,0,0,0,0,0,0,0,0,0,0,0,0,0,0,0,0,0,0,0,0,0,0,0,0,0,0,0,0,0,0,0,0,0,0,0,0,0,0,0,0,0,0,0,0,0,0,0,0,0,0,0,0,0,0,0,0,0,0,0,0,0,0,0,0,0,0,0,0,0,0,0,0,0,0
MPB:bin_000455,0,0,0,0,0,0,0,0,0,0,0,0,0,0,0,0,0,0,0,0,0,0,0,0,0,0,0,0,0,0,0,0,0,0,0,0,0,0,0,0,0,0,0,0,0,0,0,0,0,0,0,0,0,0,0,0,0,0,0,0,0,0,0,0,0,0,0,0,0,0,0,0,0,0,0,0,0,0,0,0,0,0,0,0
MPB:bin_000456,0,0,0,0,0,0,0,0,0,0,0,0,0,0,0,0,0,0,0,0,0,0,0,0,0,0,0,0,0,0,0,0,0,0,0,0,0,0,0,0,0,0,0,0,0,0,0,0,0,0,0,0,0,0,0,0,0,0,0,0,0,0,0,0,0,0,0,0,0,0,0,0,0,0,0,0,0,0,0,0,0,0,0,0
MPB:bin_000457,0,0,0,0,0,0,0,0,0,0,0,0,0,0,0,0,0,0,0,0,0,0,0,0,0,0,0,0,0,0,0,0,0,0,0,0,0,0,0,0,0,0,0,0,0,0,0,0,0,0,0,0,0,0,0,0,0,0,0,0,0,0,0,0,0,0,0,0,0,0,0,0,0,0,0,0,0,0,0,0,0,0,0,0
MPB:bin_000458,0,0,0,0,0,0,0,0,0,0,0,0,0,0,0,0,0,0,0,0,0,0,0,0,0,0,0,0,0,0,0,0,0,0,0,0,0,0,0,0,0,0,0,0,0,0,0,0,0,0,0,0,0,0,0,0,0,0,0,0,0,0,0,0,0,0,0,0,0,0,0,0,0,0,0,0,0,0,0,0,0,0,0,0
MPB:bin_000459,0,0,0,0,0,0,0,0,0,0,0,0,0,0,0,0,0,0,0,0,0,0,0,0,0,0,0,0,0,0,0,0,0,0,0,0,0,0,0,0,0,0,0,0,0,0,0,0,0,0,0,0,0,0,0,0,0,0,0,0,0,0,0,0,0,0,0,0,0,0,0,0,0,0,0,0,0,0,0,0,0,0,0,0
MPB:bin_000460,0,0,0,0,0,0,0,0,0,0,0,0,0,0,0,0,0,0,0,0,0,0,0,0,0,0,0,0,0,0,0,0,0,0,0,0,0,0,0,0,0,0,0,0,0,0,0,0,0,0,0,0,0,0,0,0,0,0,0,0,0,0,0,0,0,0,0,0,0,0,0,0,0,0,0,0,0,0,0,0,0,0,0,0
MPB:bin_000461,0,0,0,0,0,0,0,0,0,0,0,0,0,0,0,0,0,0,0,0,0,0,0,0,0,0,0,0,0,0,0,0,0,0,0,0,0,0,0,0,0,0,0,0,0,0,0,0,0,0,0,0,0,0,0,0,0,0,0,0,0,0,0,0,0,0,0,0,0,0,0,0,0,0,0,0,0,0,0,0,0,0,0,0
MPB:bin_000465,0,0,0,0,0,0,0,0,0,0,0,0,0,0,0,0,0,0,0,0,0,0,0,0,0,0,0,0,0,0,0,0,0,0,0,0,0,0,0,0,0,0,0,0,0,0,0,0,0,0,0,0,0,0,0,0,0,0,0,0,0,0,0,0,0,0,0,0,0,0,0,0,0,0,0,0,0,0,0,0,0,0,0,0
MPB:bin_000466,0,0,0,0,0,0,0,0,0,0,0,0,0,0,0,0,0,0,0,0,0,0,0,0,0,0,0,0,0,0,0,0,0,0,0,0,0,0,0,0,0,0,0,0,0,0,0,0,0,0,0,0,0,0,0,0,0,0,0,0,0,0,0,0,0,0,0,0,0,0,0,0,0,0,0,0,0,0,0,0,0,0,0,0
MPB:bin_000470,0,0,0,0,0,0,0,0,0,0,0,0,0,0,0,0,0,0,0,0,0,0,0,0,0,0,0,0,0,0,0,0,0,0,0,0,0,0,0,0,0,0,0,0,0,0,0,0,0,0,0,0,0,0,0,0,0,0,0,0,0,0,0,0,0,0,0,0,0,0,0,0,0,0,0,0,0,0,0,0,0,0,0,0
MPB:bin_000472,0,0,0,0,0,0,0,0,0,0,0,0,0,0,0,0,0,0,0,0,0,0,0,0,0,0,0,0,0,0,0,0,0,0,0,0,0,0,0,0,0,0,0,0,0,0,0,0,0,0,0,0,0,0,0,0,0,0,0,0,0,0,0,0,0,0,0,0,0,0,0,0,0,0,0,0,0,0,0,0,0,0,0,0
MPB:bin_000473,0,0,0,0,0,0,0,0,0,0,0,0,0,0,0,0,0,0,0,0,0,0,0,0,0,0,0,0,0,0,0,0,0,0,0,0,0,0,0,0,0,0,0,0,0,0,0,0,0,0,0,0,0,0,0,0,0,0,0,0,0,0,0,0,0,0,0,0,0,0,0,0,0,0,0,0,0,0,0,0,0,0,0,0
MPB:bin_000476,0,0,0,0,0,0,0,0,0,0,0,0,0,0,0,0,0,0,0,0,0,0,0,0,0,0,0,0,0,0,0,0,0,0,0,0,0,0,0,0,0,0,0,0,0,0,0,0,0,0,0,0,0,0,0,0,0,0,0,0,0,0,0,0,0,0,0,0,0,0,0,0,0,0,0,0,0,0,0,0,0,0,0,0
MPB:bin_000477,0,0,0,0,0,0,0,0,0,0,0,0,0,0,0,0,0,0,0,0,0,0,0,0,0,0,0,0,0,2.817,0,0,0,0,0,0,0,0,0,0,0,0,0,0,0,0,0,0,0,0,0,0,0,0,0,0,0,0,0,0,0,0,0,0,0,0,0,0,0,0,0,0,0,0,0,0,0,0,0,0,0,0,0,0
MPB:bin_000479,0,0,0,0,0,0,0,0,0,0,0,0,0,0,0,0,0,0,0,0,0,0,0,0,0,0,0,0,0,0,0,0,0,0,0,0,0,0,0,0,0,0,0,0,0,0,0,0,0,0,0,0,0,0,0,0,0,0,0,0,0,0,0,0,0,0,0,0,0,0,0,0,0,0,0,0,0,0,0,0,0,0,0,0
MPB:bin_000491,0,0,0,0,0,0,0,0,0,0,0,0,0,0,0,0,0,0,0,0,0,0,0,0,0,0,0,0,0,0,0,0,0,0,0,0,0,0,0,0,0,0,0,0,0,0,0,0,0,0,0,0,0,0,1.964,0,0,0,0,0,0,0,0,0,0,0,0,0,0,0,0,0,0,0,0,0,0,0,0,0,0,0,0,0
MPB:bin_000499,0,5.992,4.574,4.979,0,5.421,6.762,0,11.841,8.935,2.399,6.307,10.881,6.868,4.874,4.634,9.166,10.982,4.041,7.514,9.348,0,7.58,10.17,10.899,7.858,10.823,5.357,10.924,20.387,7.616,11.519,8.766,6.43,5.086,8.004,15.143,8.545,7.399,5.499,4.291,5.22,0,2.475,5.502,5.617,4.916,3.665,11.103,6.287,9.01,12.351,5.679,4.524,15.256,9.192,7.16,9.099,16.849,9.711,6.347,9.816,17.49,14.034,0,5.128,4.838,10.041,7.914,5.442,8.117,5.014,5.825,14.707,5.772,4.591,8.031,0,7.071,11.555,7.004,10.737,12.855,4.843
MPB:bin_000538,0,0,0,0,0,0,0,0,0,0,0,0,0,0,0,0,0,0,0,0,0,0,0,0,0,0,0,0,0,0,0,0,0,0,0,0,0,0,0,0,0,0,0,0,0,0,0,0,0,0,0,0,0,0,0,0,0,0,0,0,0,0,0,0,0,0,0,0,0,0,0,0,0,0,0,0,0,0,0,0,0,0,0,0
MPB:bin_000554,0,0,2.142,2.053,0,3.939,3.443,0,5.709,0,0,2.953,2.65,2.828,2.441,0,2.869,5.355,1.702,3.052,4.846,0,2.536,5.345,5.774,3.803,6.13,3.441,4.853,8.153,2.528,5.588,2.831,3.861,3.295,2.869,3.904,3.623,3.495,4.009,1.88,2.762,0,1.4,2.531,2.588,3.218,0,5.181,2.663,2.752,5.081,3.091,3.623,6.074,2.885,2.108,3.224,4.819,4.602,2.924,0,4.977,6.289,0,3.804,2.034,5.769,2.553,2.619,3.445,2.645,0,8.322,1.889,2.46,3.427,0,2.597,3.797,4.216,5.75,5.253,3.463
MPB:bin_000559,0,0,0,0,0,0,0,0,0,0,0,0,0,0,0,0,0,0,0,0,0,0,0,0,0,0,0,0,0,0,0,0,0,0,0,0,0,0,0,0,0,0,0,0,0,0,0,0,0,0,0,0,0,0,0,0,0,0,0,0,0,0,0,0,0,0,0,0,0,0,0,0,0,0,0,0,0,0,0,0,0,0,0,0
MPB:bin_000571,0,0,0,0,0,0,0,0,0,0,0,0,0,0,0,0,0,0,0,0,0,0,0,0,0,0,0,0,0,0,0,0,0,0,0,0,0,0,0,0,0,0,0,0,0,0,0,0,0,0,0,0,0,0,0,0,0,0,0,0,0,0,0,0,0,0,0,0,0,0,0,0,0,0,0,0,0,0,0,0,0,0,0,0
MPB:bin_000576,0,0,0,0,0,0,0,0,0,0,0,0,0,0,0,0,0,0,0,0,0,0,0,0,0,0,0,0,0,0,0,0,0,0,0,0,0,0,0,0,0,0,0,0,0,0,0,0,0,0,0,0,0,0,0,0,0,0,0,0,0,0,0,0,0,0,0,0,0,0,0,0,0,0,0,0,0,0,0,0,0,0,0,0
MPB:bin_000579,0,0,0,0,0,0,0,0,0,0,0,0,0,0,0,0,0,0,0,0,0,0,0,0,0,0,0,0,0,0,0,0,0,0,0,0,0,0,0,0,0,0,0,0,0,0,0,0,0,0,0,0,0,0,0,0,0,0,0,0,0,0,0,0,0,0,0,0,0,0,0,0,0,0,0,0,0,0,0,0,0,0,0,0
MPB:bin_000581,0,0,0,0,0,0,1.741,0,5.811,0,0,0,0,3.225,3.202,0,0,3.135,0,2.172,0,0,0,0,0,0,3.87,0,6.69,5.194,4.406,0,0,0,0,0,16.044,2.515,0,0,0,0,0,0,1.327,0,1.96,0,0,0,1.942,0,10.303,0,3.111,13.49,0,8.064,0,0,2.392,0,0,3.596,0,1.635,1.186,0,0,2.185,0,0,6.529,2.698,0,0,0,0,0,2.22,0,0,3.794,10.046
MPB:bin_000584,0,0,0,0,0,0,0,0,0,0,0,0,0,0,0,0,0,0,0,0,0,0,0,0,0,0,0,0,0,0,0,0,0,0,0,0,0,0,0,0,0,0,0,0,0,0,0,0,0,0,0,0,0,0,0,0,0,0,0,0,0,0,0,0,0,0,0,0,0,0,0,0,0,0,0,0,0,0,0,0,0,0,0,0
MPB:bin_000588,0,0,0,0,0,0,0,0,0,0,0,0,0,0,0,0,0,0,0,0,0,0,0,0,0,0,0,0,0,0,0,0,0,0,0,0,0,0,0,0,0,0,0,0,0,0,0,0,0,0,0,0,0,0,0,0,0,0,0,0,0,0,0,0,0,0,0,0,0,0,0,0,0,0,0,0,0,0,0,0,0,0,0,0
MPB:bin_000590,0,0,0,0,0,0,0,0,0,0,0,0,0,0,0,0,0,0,0,0,0,0,0,0,0,0,0,0,0,0,0,0,0,0,0,0,0,0,0,0,0,0,0,0,0,0,0,0,0,0,0,0,0,0,0,0,0,0,0,0,0,0,0,0,0,0,0,0,0,0,0,0,0,0,0,0,0,0,0,0,0,0,0,0
MPB:bin_000593,0,0,0,0,0,0,0,0,0,0,0,0,0,0,0,0,0,0,0,0,0,0,0,0,0,0,0,0,0,0,0,0,0,0,0,0,0,0,0,0,0,0,0,0,0,0,0,0,0,0,0,0,0,0,0,0,0,0,0,0,0,0,0,0,0,0,0,0,0,0,0,0,0,0,0,0,0,0,0,0,0,0,0,0
MPB:bin_000594,0,0,0,0,0,0,0,0,0,0,0,0,0,0,0,0,0,0,0,0,0,0,0,0,0,0,0,0,0,0,0,0,0,0,0,0,0,0,0,0,0,0,0,0,0,0,0,0,0,0,0,0,0,0,0,0,0,0,0,0,0,0,0,0,0,0,0,0,0,0,0,0,0,0,0,0,0,0,0,0,0,0,0,0
MPB:bin_000596,0,0,0,0,0,0,0,0,0,0,0,0,0,0,0,0,0,0,0,0,0,0,0,0,0,0,0,0,0,0,0,0,0,0,0,0,0,0,0,0,0,0,0,0,0,0,0,0,0,0,0,0,0,0,0,0,0,0,0,0,0,0,0,0,0,0,0,0,0,0,0,0,0,0,0,0,0,0,0,0,0,0,0,0
MPB:bin_000597,0,0,0,0,0,0,0,0,0,0,0,0,0,0,0,0,0,0,0,0,0,0,0,0,0,0,0,0,0,0,0,0,0,0,0,0,0,0,0,0,0,0,0,0,0,0,0,0,0,0,0,0,0,0,0,0,0,0,0,0,0,0,0,0,0,0,0,0,0,0,0,0,0,0,0,0,0,0,0,0,0,0,0,0
MPB:bin_000598,0,0,0,0,0,0,0,0,0,0,0,0,0,0,0,0,0,0,0,0,0,0,0,0,0,0,0,0,0,0,0,0,0,0,0,0,0,0,0,0,0,0,0,0,0,0,0,0,0,0,0,0,0,0,0,0,0,0,0,0,0,0,0,0,0,0,0,0,0,0,0,0,0,0,0,0,0,0,0,0,0,0,0,0
MPB:bin_000599,0,0,0,0,0,0,0,0,0,0,0,0,0,0,0,0,0,0,0,0,0,0,0,0,0,0,0,0,0,0,0,0,0,0,0,0,0,0,0,0,0,0,0,0,0,0,0,0,0,0,0,0,0,0,0,0,0,0,0,0,0,0,0,0,0,0,0,0,0,0,0,0,0,0,0,0,0,0,0,0,0,0,0,0
MPB:bin_000600,0,0,0,0,0,0,0,0,0,0,0,0,0,0,0,0,0,5.391,0,0,0,0,0,3.693,0,0,0,0,0,0,0,0,0,0,0,0,0,0,0,0,2.135,0,0,0,0,0,0,0,0,0,0,0,0,0,0,0,0,0,0,0,0,0,0,0,0,0,0,0,0,0,0,0,0,0,0,0,0,0,0,2.879,0,0,3.613,0
MPB:bin_000601,0,0,0,0,0,0,0,0,0,0,0,0,0,0,0,0,0,0,0,0,0,0,0,0,0,0,0,0,0,0,0,0,0,0,0,0,0,0,0,0,0,0,0,0,0,0,0,0,0,0,0,0,0,0,0,0,0,0,0,0,0,0,0,0,0,0,0,0,0,0,0,0,0,0,0,0,0,0,0,0,0,0,0,0
MPB:bin_000604,0,0,0,0,0,0,0,0,0,0,0,0,0,0,0,0,0,0,0,0,0,0,0,0,0,0,0,0,0,0,0,0,0,0,0,0,0,0,0,0,0,0,0,0,0,0,0,0,0,0,0,0,0,0,0,0,0,0,0,0,0,0,0,0,0,0,0,0,0,0,0,0,0,0,0,0,0,0,0,0,0,0,0,0
MPB:bin_000605,0,0,0,0,0,0,0,0,0,0,0,0,0,0,0,0,0,0,0,0,0,0,0,0,0,0,0,0,0,0,0,0,0,0,0,0,0,0,0,0,0,0,0,0,0,0,0,0,0,0,0,0,0,0,0,0,0,0,0,0,0,0,0,0,0,0,0,0,0,0,0,0,0,0,0,0,0,0,0,0,0,0,0,0
MPB:bin_000606,0,0,0,0,0,0,0,0,0,0,0,0,0,0,0,0,0,0,0,1.287,0,0,0,0,0,0,0,0,0,1.547,0,0,0,0,0,0,0,0,0,0,0,0,0,0,0,0,0,0,0,0,0,0,0,0,0,0,0,0,0,0,0,0,0,0,0,0,0,0,0,0,0,0,0,0,0,0,0,0,0,0,0,0,0,0
MPB:bin_000609,0,0,0,0,0,0,0,0,0,0,0,0,0,0,0,0,0,0,0,0,0,0,0,0,0,0,0,0,0,0,0,0,0,0,0,0,0,0,0,0,0,0,0,0,0,0,0,0,0,0,0,0,0,0,0,0,0,0,0,0,0,0,0,0,0,0,0,0,0,0,0,0,0,0,0,0,0,0,0,0,0,0,0,0
MPB:bin_000615,0,0,0,0,0,0,0,0,0,0,0,0,0,0,0,0,0,0,0,0,0,0,0,0,0,0,0,0,0,0,0,0,0,0,0,0,0,0,0,0,0,0,0,0,0,0,0,0,0,0,0,0,0,0,0,0,0,0,0,0,0,0,0,0,0,0,0,0,0,0,0,0,0,0,0,0,0,0,0,0,0,0,0,0
MPB:bin_000617,0,0,0,0,0,0,0,0,0,0,0,0,0,0,0,0,0,0,0,0,0,0,0,0,0,0,0,0,0,0,0,0,0,0,0,0,0,0,0,0,0,0,0,0,0,0,0,0,0,0,0,0,0,0,0,0,0,0,0,0,0,0,0,0,0,0,0,0,0,0,0,0,0,0,0,0,0,0,0,0,0,0,0,0
MPB:bin_000618,0,0,0,0,0,0,0,0,0,0,0,0,0,0,0,0,0,0,0,0,0,0,0,0,0,0,0,0,0,0,0,0,0,0,0,0,0,0,0,0,0,0,0,0,0,0,0,0,0,0,0,0,0,0,0,0,0,0,0,0,0,0,0,0,0,0,0,0,0,0,0,0,0,0,0,0,0,0,0,0,0,0,0,0
MPB:bin_000619,0,0,1.125,0,0,0,1.626,0,2.174,5.551,0,0,0,0,0,0,0,0,1.156,1.216,0,0,2.411,2.222,0,0,0,0,1.438,0,1.637,0,0,0,0,1.132,0,0,0,0,0,0,0,0,0,0,0,0,1.802,0,0,0,0,0,2.7,0,1.285,0,0,0,0,0,1.404,3.076,0,0,0,1.457,1.718,0,1.884,0,0,0,0,0,1.611,0,0,0,0,1.638,2.494,0
MPB:bin_000622,0,0,0,0,0,0,0,0,0,0,0,0,0,0,0,0,0,0,0,0,0,0,0,0,0,0,0,0,0,0,0,0,0,0,0,0,0,0,0,0,0,0,0,0,0,0,0,0,0,0,0,0,0,0,0,0,0,0,0,0,0,0,0,0,0,0,0,0,0,0,0,0,0,0,0,0,0,0,0,0,0,0,0,0
TM1:bin_000010,0,0,0,0,0,0,0,0,2.188,0,0,0,0,0.766,0,0,0,0,0,1.125,0,0,0,0,0,0,0,0,1.855,0,0,0,0,0,0,0,0,0,0,1.137,0,1.371,0,0,0,0,0,2.271,0,0.871,0,0,0,0,2.041,0,0,0,0,0,0,0,1.368,3.164,0,0,0,0,0,0,0,0,0,1.63,0,0,0,0,0,1.803,0,0,0,0
TM1:bin_000024,0,0,0,0,0,0,0,0,0,0,0,0,0,0,0,0,0,0,0,0,0,0,0,0,0,0,0,0,0,0,0,0,0,0,0,0,0,0,0,0,0,0,0,0,0,0,0,0,0,0,0,0,0,0,0,0,0,0,0,0,0,0,0,0,0,0,0,0,0,0,0,0,0,0,0,0,0,0,0,0,0,0,0,0
TM1:bin_000025,0,1.646,0,3.229,0,0,2.503,0,7.795,4.646,0,2.808,2.863,2.11,0,0,0,2.264,1.013,4.062,3.549,0,2.703,5.252,3.541,4.111,2.992,3.235,5.234,8.614,2.041,3.565,1.817,2.802,1.343,1.437,0,2.248,3.614,2.232,2.857,2.6,0,0.847,2.289,1.75,2.517,4.587,5.04,1.371,3.213,4.286,1.558,1.658,8.183,2.688,3.261,3.187,4.707,0,2.566,0,8.294,7.369,0,2.307,1.32,3.673,2.879,1.211,1.959,0,2.26,3.891,2.167,1.465,4.992,0,2.566,3.549,5.055,4.464,3.663,1.654
TM1:bin_000027,0,2.735,0,1.466,0,2.804,0,0,0,0,0.85,2.692,3.937,0,1.774,3.34,3.265,3.27,1.218,1.099,5.356,0,0,5.336,0,4.48,0,0,0,21.888,5.054,5.637,9.278,0,4.599,0,0,0,0,1.558,6.316,1.467,0,1.319,2.501,0,1.787,0,0,2.886,2.405,5.664,3.182,3.71,5.107,6.92,2.599,7.026,5.505,0,0,0,2.432,14.929,0,3.827,1.351,2.447,0,1.171,0,0,0,12.234,4.975,0,2.417,0,2.52,1.501,0,3.417,2.369,0
TM1:bin_000031,0,2.186,1.584,0,0,2.363,3.151,0,4.602,5.876,1.014,0,2.157,1.485,1.654,2.249,0,4.416,2.194,2.838,1.839,0,1.975,3.274,2.826,5.663,4.052,3.274,3.211,4.214,1.689,0,2.078,1.982,0,2.294,5.657,0,2.735,2.797,1.186,0,0,0.679,1.393,2.2,2.447,0,2.814,1.123,3.824,2.815,4.728,0,4.11,3.742,2.121,0,6.075,4.74,2.616,0,1.902,3.573,0,1.897,0,3.338,1.904,1.323,4.735,2.104,2.481,2.984,2.593,2.132,4.486,0,2.709,3.422,2.872,3.648,3.963,2.041
TM1:bin_000049,0,1.444,0,2.604,0,1.966,1.394,0,2.23,0,0.816,0,0,1.441,1.124,2.239,0,3.553,1.127,3.1,0,0,0,2.815,5.763,0,0,2.065,2.148,3.563,1.989,0,2.069,2.333,1.178,3.476,0,0,0,4.531,1.471,0,0,1.004,2.002,0,3.046,0,4.138,1.927,1.198,4.307,0,0,3.667,2.521,2.369,3.088,3.362,3.156,0,0,4.06,2.097,0,2.706,1.349,3.617,0,1.078,4.185,2.377,1.993,3.186,2.568,1.133,2.773,0,3.33,2.263,0,3.757,4.69,2.243
TM1:bin_000080,0,0,0,0,0,0,0,0,0,0,0,0,0,0,0,0,0,0,0,0,0,0,0,1.532,0,0,0,0,0,1.271,0,0,0,0,0,0,0,0,0,0,0,0,0,0,0,0,0,0,0,0,0,0,0,0,2.858,0,0,0,2.339,0,0,0,1.373,0,0,0,0,0,0,0,0,0,0,1.081,0,0,0,0,0,0,0,0,0,0
TM1:bin_000119,0,1.61,0,0,0,1.655,1.582,0,2.704,0,0,1.477,1.487,0.994,0,0,0,0,0,3.33,2.525,0,0,3.301,2.257,0,0,2.522,1.801,5.488,2.362,0,1.265,1.779,0,0,0,0,2.08,1.674,2.361,1.612,0,0.662,1.049,0,1.825,2.975,2.95,0,2.714,2.57,1.55,0,2.964,3.451,0,2.138,2.879,3.7,0,0,2.564,5.439,0,1.231,1.347,0,1.871,0,2.086,0,0,3.366,0,1.169,3.618,0,0,0,0,2.746,3.823,2.259
TM1:bin_000126,0,4.882,1.908,4.582,0,0,4.797,0,8.195,5.046,0,1.551,4.021,2.692,2.829,2.427,2.667,3.879,2.542,4.85,2.96,0,2.476,4.652,7.358,5.719,3.396,3.983,5.013,8.814,3.807,4.359,3.391,3.101,2.677,2.378,3.045,6.47,5.306,3.788,2.974,5.529,0,1.541,2.826,3.279,2.416,3.585,8.495,2.964,6.404,5.166,3.889,2.052,9.326,5.701,2.12,6.295,11.833,2.772,4.165,0,8.615,7.765,0,2.832,1.853,3.758,5.109,2.19,4.37,1.638,3.937,6.709,2.026,2.442,4.487,0,2.941,6.003,3.913,7.65,5.724,4.521
TM1:bin_000144,0,0,0,0,0,0,0,0,0,0,0,0,0,0,2.126,0,0,0,0,1.126,0,0,0,0,0,0,0,0,0,2.117,0,0,1.055,0,0,0,0,0,0,0,0,0,0,0,0,0,1.079,0,0,0,0,1.497,0,0,1.198,0,0,0,0,0,0,0,0,0,0,0,0,0,0,0,2.199,0,0,1.934,0,0,0,0,0,0,0,0,0,0
TM1:bin_000152,0,0,0,0,0,0,0,0,0,0,0,0,0,0,0,0,0,0,0,0,0,0,0,0,0,0,0,0,0,0,0,0,0,0,0,0,0,0,0,0,0,0,0,0,0,0,0,0,0,0,0,0,0,0,0,0,0,0,0,0,0,0,0,0,0,0,0,0,0,0,0,0,0,0,0,0,0,0,0,0,0,0,0,0
TM1:bin_000153,0,6.533,6.192,7.94,0,6.076,9.668,0,16.144,10.509,2.238,5.115,3.845,4.487,8.722,8.307,4.713,5.793,4.995,5.338,6.765,0,6.929,3.142,13.852,6.435,11.157,2.813,8.513,11.554,7.371,9.755,8.564,9.358,5.798,4.512,10.416,9.085,6.228,5.785,6.138,8.718,26.185,2.734,8.049,6.136,6.2,3.183,12.871,6.507,14.45,6.681,5.608,6.621,8.518,13.668,6.447,12.704,14.566,10.834,5.556,0,10.864,9.948,0,10.535,2.071,11.751,6.973,5.301,8.754,5.246,3.228,11.308,6.567,7.25,8.797,0,6.238,11.611,19.601,14.3,13.455,9.928
TM1:bin_000177,0,0,0,0,0,0,0,0,0,0,0,0,0,0,0,0,0,0,0,0,0,0,0,0,0,0,0,0,0,0,0,0,0,0,0,0,0,0,0,0,0,0,0,0,0,0,0,0,0,0,0,0,0,0,0,0,0,0,0,0,0,0,0,0,0,0,0,0,0,0,0,0,0,0,0,0,0,0,0,0,0,0,0,0
TM2:bin_000005,0,0,0,0,0,0,0,0,0,0,0,0,0,0,0,0,0,0,0,0,0,0,0,0,0,0,0,0,0,0,0,0,0,0,0,0,0,0,0,0,0,0,0,0,0,0,0,0,0,0,0,0,0,0,0,0,0,0,0,0,0,0,0,0,0,0,0,0,0,0,0,0,0,0,0,0,0,0,0,0,0,0,0,0
TM2:bin_000013,0,1.34,0,1.715,0,0,0,0,0,0,0,0,0,1.202,0,0,0,0,0,0,0,0,0,0,0,0,0,0,1.391,0,0,0,1.454,0,0,0,0,0,0,0,0,0,0,0,0,0,0,0,0,1.233,0,2.462,2.025,0,3.643,0,0,0,2.047,4.888,0,0,0,2.933,0,1.256,0,2.162,0,0,0,0,0,2.107,1.391,0,0,0,0,2.025,0,0,2.42,0
TM2:bin_000090,0,0,0,0,0,0,0,0,0,0,0,0,0,0,0,0,0,0,0,0,0,0,0,1.539,0,0,0,0,0,0,0,0,0,0,0,0,0,0,0,0,0,0,0,0,0,0,0,0,0,0,0,1.767,0,0,0,0,0,0,0,0,0,0,0,0,0,0,0,0,0,0,0,0,0,0,0,0,0,0,0,0,0,0,0,0
TM2:bin_000114,0,0,0,0,0,0,0,0,0,0,0,0,0,0,0,0,0,0,0,0,0,0,0,0,0,0,0,0,0,0,0,0,0,0,0,0,0,0,0,0,0,0,0,0,0,0,0,0,0,0,0,0,0,0,0,0,0,0,0,0,0,0,0,0,0,0,0,0,0,0,0,0,0,0,0,0,0,0,0,0,0,0,0,0
TM2:bin_000116,0,0,0,0,0,0,0,0,0,0,0,0,0,0,0,0,0,0,0,0,0,0,0,0,0,0,0,0,0,0,0,0,0,0,0,0,0,0,0,0,0,0,0,0,0,0,0,0,0,0,0,0,0,0,0,0,0,0,0,0,0,0,0,0,0,0,0,0,0,0,0,0,0,0,0,0,0,0,0,0,0,0,0,0
TM2:bin_000124,0,2.721,1.702,2.917,0,4.313,3.003,0,2.357,5.997,0,0,2.074,2.687,2.989,2.272,3.124,4.234,2.967,2.939,3.781,0,4.054,4.238,4.542,3.355,4.071,3.878,4.981,9.754,1.654,0,3.225,2.64,1.696,4.013,5.522,4.585,2.719,4.536,2.82,2.868,0,1.484,2.581,2.544,2.218,2.951,6.118,1.668,4.308,7.489,2.051,2.805,5.858,2.827,2.649,7.073,9.9,5.366,4.894,0,6.597,8.674,0,4.375,1.808,2.756,0,1.773,3.296,2.014,4.302,3.582,1.738,1.835,2.613,0,3.211,4.128,3.784,5.75,9.249,2.961
TM2:bin_000127,0,0,0,0,0,0,0,0,0,0,0,0,0,0,0,0,0,2.058,0,0,0,0,0,1.62,2.737,0,0,0,0,2.845,0,0,1.257,0,0,0,0,0,0,1.107,0,1.313,0,0,0,1.531,1.251,0,0,1.106,2.45,1.576,0,0,1.943,1.817,1.52,0,0,0,2.123,0,3.425,1.691,0,1.528,0.885,1.731,0,0,0,0,0,1.88,1.292,0,0,0,0,1.816,0,3.175,3.676,0
TM2:bin_000155,0,0,5.615,0,0,1.638,0,0,2.217,0,0,0,0,1.863,0,8.91,3.91,0,0,10.282,0,0,2.454,0,6.802,0,0,1.999,0,0,0,6.771,0,0,0,0,0,4.694,2.216,0,0,0,0,0,0,6.076,0,0,11.194,2.12,0,4.451,5.055,0,0,12.306,1.639,0,0,0,0,0,0,0,0,0,0,15.74,0,0,0,0,0,2.152,0,0,2.485,0,3.94,4.559,0,1.67,7.717,0
TM2:bin_000157,0,0,0,0,0,0,0,0,0,0,0,0,0,0,0,0,0,0,0,0,0,0,0,0,0,0,0,0,0,0,0,0,0,0,0,0,0,0,0,0,0,0,0,0,0,0,0,0,0,0,0,0,0,0,0,0,0,0,0,0,0,0,0,0,0,0,0,0,0,0,0,0,0,0,0,0,0,0,0,0,0,0,0,0
TM2:bin_000186,0,0,0,0,0,0,0,0,2.141,0,0,0,0,0,3.627,0,0,4.023,0,0,2.773,0,2.192,0,0,0,0,0,0,4.467,1.308,3.293,0,0,0,0,0,0,0,0,0,1.372,0,0,1.1,0,0,0,0,0,1.511,0,0,2.664,0,0,1.491,0,0,0,0,0,0,1.72,0,0,0,0,1.542,0,0,1.708,0,2.336,0,0,0,0,0,0,0,1.994,2.417,0
TM2:bin_000188,0,0,0,0,0,0,0,0,0,0,0,0,0,0,0,0,0,0,0,0,0,0,0,0,0,0,0,0,0,0,0,0,0,0,0,0,0,0,0,0,0,0,0,0,0,0,0,0,0,0,0,0,0,0,0,0,0,0,0,0,0,0,0,0,0,0,0,0,0,0,0,0,0,0,0,0,0,0,0,0,0,0,0,0
TM2:bin_000219,0,0,0,0,0,0,0,0,0,0,0,0,0,0,0,0,0,0,0,0,0,0,0,0,0,0,0,0,0,0,0,0,0,0,0,0,0,0,0,0,0,0,0,0,0,0,0,0,0,0,0,0,0,0,0,0,0,0,0,0,0,0,0,0,0,0,0,0,0,0,0,0,0,0,0,0,0,0,0,0,0,0,0,0
TM2:bin_000235,0,0,0,0,0,0,0,0,0,0,0,0,0,0,0,0,0,0,0,0,0,0,0,0,0,0,0,0,0,2.214,0,0,0,0,0,0,0,0,0,0,0,0,0,0,0,0,0,0,0,0,0,0,0,0,1.538,0,0,0,0,0,0,0,0,0,0,0,0,0,0,0,0,0,0,1.474,0,0,0,0,0,0,0,0,1.432,0
TM3:bin_000033,0,0,0,0,0,0,0,0,0,0,0,0,0,0,0,0,0,0,0,0,0,0,0,0,0,0,0,0,0,0,0,0,0,0,0,0,0,0,0,0,0,0,0,0,0,0,0,0,0,0,0,0,0,0,0,0,0,0,0,0,0,0,0,0,0,0,0,0,0,0,0,0,0,0,0,0,0,0,0,0,0,0,0,0
TM3:bin_000088,0,0,0,0,0,0,0,0,0,0,0,0,0,0,0,0,0,0,0,0,0,0,0,0,0,0,0,0,0,0,0,0,0,0,0,0,0,0,0,0,0,0,0,0,0,0,0,0,0,0,0,0,0,0,0,0,0,0,0,0,0,0,0,0,0,0,0,0,0,0,0,0,0,0,0,0,0,0,0,0,0,0,0,0
TM3:bin_000108,0,11.031,12.816,13.202,0,7.516,13.474,0,12.978,18.433,5.866,17.719,7.007,9.902,5.531,11.724,5.576,25.713,7.866,16.766,28.179,0,12.089,30.494,15.073,15.253,13.499,8.554,32.543,24.31,9.834,8.85,11.689,23.136,28.35,5.509,11.941,10.963,7.71,8.971,4.917,9.889,0,3.697,11.193,9.451,8.586,10.997,21.859,19.61,11.333,16.71,12.568,32.473,33.396,13.291,7.935,16.703,21.156,16.915,11.543,0,15.271,9.561,0,14.209,6.106,17.932,10.672,14.341,15.402,8.944,11.897,44.078,5.733,13.926,10.031,23.077,7.271,17.844,20.514,17.113,20.475,8.886
TM4:bin_000013,0,0,0,0,0,0,0,0,0,0,0,0,0,0,0,0,0,0,0,0,0,0,0,0,0,0,0,0,0,0,0,0,0,0,0,0,0,0,0,0,0,0,0,0,0,0,0,0,0,0,0,0,0,0,0,0,0,0,0,0,0,0,0,0,0,0,0,0,0,0,0,0,0,0,0,0,0,0,0,0,0,0,0,0
TM4:bin_000021,0,0,0,0,0,0,0,0,0,0,0,0,0,0,0,0,0,0,0,0,0,0,0,0,0,0,0,0,0,0,0,0,0,0,0,0,0,0,0,0,0,0,0,0,0,0,0,0,0,0,0,0,0,0,0,0,0,0,0,0,0,0,0,0,0,0,0,0,0,0,0,0,0,0,0,0,0,0,0,0,0,0,0,0
TM4:bin_000025,0,0,0,0,0,0,0,0,0,0,0,0,0,0,0,0,0,0,0,0,0,0,0,0,0,0,0,0,0,0,0,0,0,0,0,0,0,0,0,0,0,0,0,0,0,0,0,0,0,0,0,0,0,0,0,0,0,0,0,0,0,0,0,0,0,0,0,0,0,0,0,0,0,0,0,0,0,0,0,0,0,0,0,0
TM4:bin_000031,0,0,0,0,0,0,0,0,0,0,0,0,0,0,0,0,0,0,0,0,0,0,0,0,0,0,0,0,0,0,0,0,0,0,0,0,0,0,0,0,0,0,0,0,0,0,0,0,0,0,0,0,0,0,0,0,0,0,0,0,0,0,0,0,0,0,0,0,0,0,0,0,0,0,0,0,0,0,0,0,0,0,0,0
TM4:bin_000034,0,0,0,1.651,0,0,0,0,2.874,0,0,1.964,0,2.246,0,3.26,0,0,0,0,0,0,1.887,2.308,0,0,0,0,1.531,3.077,1.526,0,0,0,0,2.66,4.547,0,3.137,1.785,1.237,0,0,1.206,1.326,0,1.392,0,0,0,3.261,2.916,2.91,0,3.287,2.92,3.18,0,0,0,0,0,0,2.873,0,2.637,0.882,0,1.807,0,0,1.323,3.787,2.39,3.092,0,2.157,0,3.067,0,0,1.748,4.929,1.676
TM4:bin_000036,0,0,0,0,0,0,0,0,0,0,0,0,0,0,0,0,0,0,0,0,0,0,0,0,0,0,0,0,0,0,0,0,0,0,0,0,0,0,0,0,0,0,0,0,0,0,0,0,0,0,0,0,0,0,0,0,0,0,0,0,0,0,0,0,0,0,0,0,0,0,0,0,0,0,0,0,0,0,0,0,0,0,0,0
TM4:bin_000037,0,0,0,0,0,0,0,0,0,0,0,0,0,0,0,0,0,0,0,0,0,0,0,0,0,0,0,0,0,0,0,0,0,0,0,0,0,0,0,0,0,0,0,0,0,0,0,0,0,0,0,0,0,0,0,0,0,0,0,0,0,0,0,0,0,0,0,0,0,0,0,0,0,0,0,0,0,0,0,0,0,0,0,0
TM4:bin_000038,0,0,0,0,0,0,0,0,0,0,0,0,0,0,0,0,0,0,0,0,0,0,0,0,0,0,0,0,0,0,0,0,0,0,0,0,0,0,0,0,0,0,0,0,0,0,0,0,0,0,0,0,0,0,0,0,0,0,0,0,0,0,0,0,0,0,0,0,0,0,0,0,0,0,0,0,0,0,0,0,0,0,0,0
TM4:bin_000039,0,0,0,0,0,0,0,0,0,0,0,0,0,0,0,0,0,0,0,0,0,0,0,0,0,0,0,0,0.944,0,0,0,0,0,0,0,0,0,0,0,0,0,0,0,0,0,0,0,0,0,1.26,0,0,0,0,0,0,0,0,0,0,0,1.332,1.979,0,0,0,0,0,0,0,0,0,0,0,0,0,0,0,0,0,1.449,1.463,0
TM4:bin_000041,0,0,0,0,0,0,0,0,0,2.984,0,0,0,0,0,0,0,0,0,0,0,0,0,0,0,0,0,0,0,1.356,0,0,0,0,0,0,0,0,0,0,0,0,0,0,0,0,0,0,0,0,0,0,0,0,0,0,0,0,0,0,0,0,0,0,0,0,0,0,0,0,0,0,0,0,0,0,0,0,0,0,0,0,0,0
TM4:bin_000045,0,0,0,0,0,0,0,0,0,0,0,0,0,0,0,0,0,0,0,0,0,0,0,0,0,0,0,0,0,0,0,0,0,0,0,0,0,0,0,0,0,0,0,0,0,0,0,0,0,0,0,0,0,0,0,0,0,0,0,0,0,0,0,0,0,0,0,0,0,0,0,0,0,0,0,0,0,0,0,0,0,0,0,0
TM4:bin_000048,0,0,0,0,0,0,0,0,0,0,0,0,0,0,0,0,0,0,0,0,0,0,0,0,0,0,0,0,0,0,0,0,0,0,0,0,0,0,0,0,0,0,0,0,0,0,0,0,0,0,0,0,0,0,0,0,0,0,0,0,0,0,0,0,0,0,0,0,0,0,0,0,0,0,0,0,0,0,0,0,0,0,0,0
TM4:bin_000064,0,0,0,0,0,0,0,0,0,0,0,0,0,0,0,0,0,0,0,0,0,0,0,0,0,0,0,0,0,0,0,0,0,0,0,0,0,0,0,0,0,0,0,0,0,0,0,0,0,0,0,0,0,0,0,0,0,0,0,0,0,0,0,0,0,0,0,0,0,0,0,0,0,0,0,0,0,0,0,0,0,0,0,0
TM4:bin_000079,0,0,0,0,0,0,0,0,0,0,0,0,0,0,0,0,0,0,0,0,0,0,0,0,0,0,0,0,0,0,0,0,0,0,0,0,0,0,0,0,0,0,0,0,0,0,0,0,0,0,0,0,0,0,0,0,0,0,0,0,0,0,0,0,0,0,0,0,0,0,0,0,0,0,0,0,0,0,0,0,0,0,0,0
TM4:bin_000088,0,0,0,0,0,0,0,0,0,0,0,0,0,0,0,0,0,0,0,0,0,0,0,0,0,0,0,0,0,0,0,0,0,0,0,0,0,0,0,0,0,0,0,0,0,0,0,0,0,0,0,0,0,0,0,0,0,0,0,0,0,0,0,0,0,0,0,0,0,0,0,0,0,0,0,0,0,0,0,0,0,0,0,0
TM4:bin_000093,0,0,0,0,0,0,0,0,0,0,0,0,0,0,0,0,0,0,0,0,0,0,0,0,0,0,0,0,0,0,0,0,0,0,0,0,0,0,0,0,0,0,0,0,0,0,0,0,0,0,0,0,0,0,0,0,0,0,0,0,0,0,0,0,0,0,0,0,0,0,0,0,0,0,0,0,0,0,0,0,0,0,0,0
TM4:bin_000095,0,0,0,0,0,0,0,0,0,0,0,0,0,0,0,0,0,0,0,0,0,0,0,0,0,0,0,0,0,0,0,0,0,0,0,0,0,0,0,0,0,0,0,0,0,0,0,0,0,0,0,0,0,0,0,0,0,0,0,0,0,0,0,0,0,0,0,0,0,0,0,0,0,0,0,0,0,0,0,0,0,0,0,0
TM4:bin_000097,0,0,0,0,0,0,0,0,0,0,0,0,0,0,0,0,0,0,0,0,0,0,0,0,0,0,0,0,0,0,0,0,0,0,0,0,0,0,0,0,0,0,0,0,0,0,0,0,0,0,0,0,0,0,0,0,0,0,0,0,0,0,0,0,0,0,0,0,0,0,0,0,0,0,0,0,0,0,0,0,0,0,0,0
TM4:bin_000099,0,0,0,0,0,0,0,0,0,0,0,0,0,0,0,0,0,0,0,0,0,0,0,0,0,0,0,0,0,0,0,0,0,0,0,0,0,0,0,0,0,0,0,0,0,0,0,0,0,0,0,0,0,0,0,0,0,0,0,0,0,0,0,0,0,0,0,0,0,0,0,0,0,0,0,0,0,0,0,0,0,0,0,0
TM4:bin_000106,0,0,0,0,0,0,0,0,0,0,0,0,0,0,0,0,0,0,0,0,0,0,0,0,0,0,0,0,0,0,0,0,0,0,0,0,0,0,0,0,0,0,0,0,0,0,0,0,0,0,0,0,0,0,0,0,0,0,0,0,0,0,0,0,0,0,0,0,0,0,0,0,0,0,0,0,0,0,0,0,0,0,0,0
TM4:bin_000115,0,0,0,0,0,0,0,0,0,0,0,0,0,0,0,0,0,0,0,0,0,0,0,0,0,0,0,0,0,0,0,0,0,0,0,0,0,0,0,0,0,0,0,0,0,0,0,0,0,0,0,0,0,0,0,0,0,0,0,0,0,0,0,0,0,0,0,0,0,0,0,0,0,0,0,0,0,0,0,0,0,0,0,0
TM4:bin_000133,0,0,0,0,0,0,0,0,0,0,0,0,0,0,0,0,0,0,0,0,0,0,0,0,0,0,0,0,0,0,0,0,0,0,0,0,0,0,0,0,0,0,0,0,0,0,0,0,0,0,0,0,0,0,0,0,0,0,0,0,0,0,0,0,0,0,0,0,0,0,0,0,0,0,0,0,0,0,0,0,0,0,0,0
TM4:bin_000144,0,0,0,0,0,0,0,0,0,0,0,0,0,0,0,0,0,0,0,0,0,0,0,0,0,0,0,0,0,0,0,0,0,0,0,0,0,0,0,0,0,0,0,0,0,0,0,0,0,0,0,0,0,0,0,0,0,0,0,0,0,0,0,0,0,0,0,0,0,0,0,0,0,0,0,0,0,0,0,0,0,0,0,0
TM4:bin_000166,0,0,0,0,0,0,0,0,0,0,0,0,0,0,0,0,0,0,0,1.865,0,0,0,0,0,0,0,0,0,0,0,0,0,0,0,0,0,0,0,0,0,0,0,0,0,0,0,0,0,0,0,0,0,0,3.102,0,0,0,0,0,0,0,2.076,0,0,0,0,0,0,0,0,0,0,0,0,0,0,0,0,0,0,0,0,0
TM4:bin_000184,0,0,0,0,0,0,0,0,0,0,0,0,0,0,0,0,0,0,0,0,0,0,0,0,0,0,0,0,0,0,0,0,0,0,0,0,0,0,0,0,0,0,0,0,0,0,0,0,0,0,0,0,0,0,0,0,0,0,0,0,0,0,0,0,0,0,0,0,0,0,0,0,0,0,0,0,0,0,0,0,0,0,0,0
TM4:bin_000189,0,0,0,0,0,0,0,0,0,0,0,0,0,0,0,0,0,0,0,0,0,0,0,0,0,0,0,0,0,0,0,0,0,0,0,0,0,0,0,0,0,0,0,0,0,0,0,0,0,0,0,0,0,0,0,0,0,0,0,0,0,0,0,0,0,0,0,0,0,0,0,0,0,0,0,0,0,0,0,0,0,0,0,0
TM4:bin_000200,0,0,0,0,0,0,0,0,0,0,0,0,0,0,0,0,0,0,0,0,0,0,0,0,0,0,0,0,0,0,0,0,0,0,0,0,0,0,0,0,0,0,0,0,0,0,0,0,0,0,0,0,0,0,0,0,0,0,0,0,0,0,0,0,0,0,0,0,0,0,0,0,0,0,0,0,0,0,0,0,0,0,0,0
TM4:bin_000204,0,2.2,1.637,1.878,0,0,2.094,0,4.448,3.485,0,1.564,3.141,1.37,1.676,0,0,0,1.352,2.491,3.514,0,2.298,4.15,4.147,0,3.799,1.862,3.702,6.823,2.021,4.595,2.77,2.266,1.487,1.916,2.902,3.608,0,1.634,1.257,2.202,0,0.995,2.084,2.186,1.552,1.947,3.33,1.549,2.565,2.704,2.353,1.48,5.358,2.653,1.651,3.932,4.061,5.722,2.549,0,4.053,4.972,0,2.117,1.302,2.715,2.147,1.46,2.054,1.245,2.987,2.862,2.416,0,4.051,0,0,3.737,3.399,3.926,3.079,2.192
TM4:bin_000209,0,0,0,0,0,0,0,0,0,0,0,0,0,0,0,0,0,0,0,0,0,0,0,0,0,0,0,0,0,0,0,0,0,0,0,0,0,0,0,0,0,0,0,0,0,0,0,0,0,0,0,0,0,0,0,0,0,0,0,0,0,0,0,0,0,0,0,0,0,0,0,0,0,0,0,0,0,0,0,0,0,0,0,0
TM4:bin_000211,0,0,0,0,0,0,0,0,0,0,0,0,0,0,0,0,0,0,0,0,0,0,0,0,0,0,0,0,0,0,0,0,0,0,0,0,0,0,0,0,0,0,0,0,0,0,0,0,0,0,0,0,0,0,0,0,0,0,0,0,0,0,0,0,0,0,0,0,0,0,0,0,0,0,0,0,0,0,0,0,0,0,0,0
TM4:bin_000216,0,0,0,0,0,0,0,0,0,0,0,0,0,0,0,0,0,0,0,0,0,0,0,0,0,0,0,0,0,0,0,0,0,0,0,0,0,0,0,0,0,0,0,0,0,0,0,0,0,0,0,0,0,0,0,0,0,0,0,0,0,0,0,0,0,0,0,0,0,0,0,0,0,0,0,0,0,0,0,0,0,0,0,0
TM4:bin_000248,0,0,1.529,4.375,0,0,2.234,0,0,0,0,0,4.667,3.263,0,0,0,0,0,3.047,0,0,1.753,0,4.794,0,0,3.249,0,4.442,0,0,0,0,0,0,0,0,0,0,0,1.064,0,0,0,0,0,2.126,3.634,4.524,0,3.131,2.694,0,1.851,0,2.437,2.885,5.276,6.679,0,0,1.566,1.795,0,0,0,2.458,0,0,0,0,1.83,0,0,1.143,4.596,0,1.814,1.701,2.035,1.799,16.434,4.483
TM4:bin_000249,0,4.585,0,2.588,0,2.856,5.746,0,0,0,0.839,2.403,3.109,2.887,0,1.953,0,2.153,1.965,1.612,2.044,0,0,3.514,4.668,3.685,7.863,3.041,5.345,7.104,4.55,0,1.301,5.366,1.152,1.874,2.387,0,0,0,2.003,3.316,0,0,1.187,0,1.554,1.983,5.763,3.63,3.468,6.053,0,1.865,5.033,2.062,4.484,3.358,3.814,0,0,0,2.573,4.745,0,1.967,1.424,2.281,1.517,1.113,0,2.626,2.274,1.86,2.393,0,6.343,0,1.722,4.294,2.149,3.391,4.001,1.313
TM4:bin_000259,0,0,0,0,0,0,0,0,0,0,0,0,0,0,0,0,0,0,0,0,0,0,0,0,0,0,0,0,0,0,0,0,0,0,0,0,0,0,0,0,0,0,0,0,0,0,0,0,0,0,0,0,0,0,0,0,0,0,0,0,0,0,0,0,0,0,0,0,0,0,0,0,0,0,0,0,0,0,0,0,0,0,0,0
TM4:bin_000261,0,0,0,0,0,0,0,0,0,0,0,0,0,0,0,0,0,0,0,0,0,0,0,0,0,0,0,0,0,0,0,0,0,0,0,0,0,0,0,0,0,0,0,0,0,0,0,0,0,0,0,0,0,0,0,0,0,0,0,0,0,0,0,0,0,0,0,0,0,0,0,0,0,0,0,0,0,0,0,0,0,0,0,0
TM4:bin_000267,0,0,0,0,0,0,0,0,0,0,0,0,0,0,0,0,0,0,0,0,0,0,0,0,0,0,0,0,0,0,0,0,0,0,0,0,0,0,0,0,0,0,0,0,0,0,0,0,0,0,0,0,0,0,0,0,0,0,0,0,0,0,0,0,0,0,0,0,0,0,0,0,0,0,0,0,0,0,0,0,0,0,0,0
TM4:bin_000275,0,0,0,0,0,0,0,0,0,0,0,0,0,0,0,0,0,0,0,0,0,0,0,0,0,0,0,0,0,0,0,0,0,0,0,0,0,0,0,0,0,0,0,0,0,0,0,0,0,0,0,0,0,0,0,0,0,0,0,0,0,0,0,0,0,0,0,0,0,0,0,0,0,0,0,0,0,0,0,0,0,0,0,0
TM4:bin_000278,0,0,0,0,0,0,0,0,0,0,0,0,0,0,0,0,0,0,0,0,0,0,0,0,0,0,0,0,0,0,0,0,0,0,0,0,0,0,0,0,0,0,0,0,0,0,0,0,0,0,0,0,0,0,0,0,0,0,0,0,0,0,0,0,0,0,0,0,0,0,0,0,0,0,0,0,0,0,0,0,0,0,0,0
TM4:bin_000285,0,0,0,0,0,0,0,0,0,0,0,0,0,0,0,0,0,0,0,0,0,0,0,0,0,0,0,0,0,0,0,0,0,0,0,0,0,0,0,0,0,0,0,0,0,0,0,0,0,0,0,0,0,0,0,0,0,0,0,0,0,0,0,0,0,0,0,0,0,0,0,0,0,0,0,0,0,0,0,0,0,0,0,0
TM4:bin_000286,0,0,0,0,0,0,0,0,0,0,0,0,0,0,0,0,0,0,0,0,0,0,0,0,0,0,0,0,0,0,0,0,0,0,0,0,0,0,0,0,0,0,0,0,0,0,0,0,0,0,0,0,0,0,0,0,0,0,0,0,0,0,0,0,0,0,0,0,0,0,0,0,0,0,0,0,0,0,0,0,0,0,0,0
TM4:bin_000287,0,0,0,0,0,0,0,0,0,0,0,0,0,0,0,0,0,0,0,0,0,0,0,0,0,0,0,0,0,0,0,0,0,0,0,0,0,0,0,0,0,0,0,0,0,0,0,0,0,0,0,0,0,0,0,0,0,0,0,0,0,0,0,0,0,0,0,0,0,0,0,0,0,0,0,0,0,0,0,0,0,0,0,0
TM4:bin_000305,0,0,0,0,0,0,0,0,0,0,0,0,0,0,0,0,0,0,0,0,0,0,0,0,0,0,0,0,0,0,0,0,0,0,0,0,0,0,0,0,0,0,0,0,0,0,0,0,0,0,0,0,0,0,0,0,0,0,0,0,0,0,0,0,0,0,0,0,0,0,0,0,0,0,0,0,0,0,0,0,0,0,0,0
TM4:bin_000312,0,0,0,0,0,0,0,0,0,0,0,0,0,0,0,0,0,0,0,0,0,0,0,0,0,0,0,0,0,0,0,0,0,0,0,0,0,0,0,0,0,0,0,0,0,0,0,0,0,0,0,0,0,0,0,0,0,0,0,0,0,0,0,0,0,0,0,0,0,0,0,0,0,0,0,0,0,0,0,0,0,0,0,0
TM4:bin_000316,0,0,0,0,0,0,0,0,0,0,0,0,0,0,0,0,0,0,0,0,0,0,0,0,0,0,0,0,0,0,0,0,0,0,0,0,0,0,0,0,0,0,0,0,0,0,0,0,0,0,0,0,0,0,0,0,0,0,0,0,0,0,0,0,0,0,0,0,0,0,0,0,0,0,0,0,0,0,0,0,0,0,0,0
