genome,M305426,M305352,M305342,M305330,M305432,M305442,M305434,M305333,M305427,M305436,M305446,M305331,M305449,M305320,M305428,M305362,M305424,M305431,M305323,M305412,M305445,M305419,M305448,M305420,M305351,M305450,M305337,M305458,M305456,M305338,M305357,M305430,M305441,M305423,M305438,M305416,M305425,M305455,M305422,M305429,M305345,M305319,M305440,M305346,M305358,M305343,M305414,M305326,M305447,M305443,M305339,M305459,M305347,M305322,M305327,M305353,M305317,M305324,M305359,M305334,M305316,M305328,M305457,M305349,M305332,M305344,M305413,M305325,M305417,M305363,M305435,M305348,M305452,M305360,M305341,M305453,M305350,M305321,M305336,M305415,M305437,M305444,M305356,M305355
00:bin_000002,5.756,5.797,3.531,1.457,0,3.019,2.42,2.025,3.512,5.845,3.241,2.894,8.705,0,5.01,2.12,1.507,2.814,26.401,4.888,7.058,3.88,2.628,15.163,7.625,0,1.231,0,9.958,0,10.457,3.963,8.624,4.564,1.411,3.425,2.987,3.514,0,3.737,2.72,2.733,0,8.534,3.829,7.895,4.687,1.999,0,0,2.36,5.445,13.128,1.769,1.287,2.09,2.255,10.888,6.874,7.701,5.343,0,4.585,9.73,6.274,2.371,2.958,4.907,7.388,11.116,8.876,2.139,2.295,6.177,4.365,4.855,3.042,5.212,0,13.603,3.245,0,14.322,1.897
00:bin_000004,7.348,9.003,2.822,0,4.747,0,1.792,1.27,3.575,2.026,2.13,4.072,3.878,0,3.392,6.055,0,2.521,14.856,4.483,4.293,6.292,0,4.021,6.708,6.23,1.759,1.788,1.558,0,16.513,2.821,4.049,1.931,1.692,7.752,2.586,0,0,1.975,5.574,3.573,1.951,7.656,3.478,6.982,3.596,1.796,0,1.408,2.819,2.995,14.812,5.343,1.743,1.275,1.99,3.731,5.994,0,10.549,0,3.288,6.175,3.871,7.253,4.005,4.78,12.87,11.98,2.766,0,1.896,4.528,4.957,1.65,5.243,7.511,0,9.535,1.462,3.101,9.294,2.097
00:bin_000007,0,0,0,0,0,0,0,0,0,0,0,0,0,0,0,0,0,0,0,0,0,0,0,0,0,0,0,0,0,0,0,0,0,0,0,0,0,0,0,0,0,0,0,0,0,0,0,0,0,0,0,0,0,0,0,0,0,0,0,0,0,0,0,0,0,0,0,0,0,0,0,0,0,0,0,0,0,0,0,0,0,0,0,0
00:bin_000010,0,0,0,0,0,0,0,0,0,0,0,0,0,0,0,0,0,0,0,0,0,0,0,0,0,0,0,0,0,0,0,0,0,0,0,0,0,0,0,0,0,0,0,0,0,0,0,0,0,0,0,0,0,0,0,0,0,0,0,0,0,0,0,0,0,0,0,0,0,0,0,0,0,0,0,0,0,0,0,0,0,0,0,0
00:bin_000015,10.422,15.045,7.659,2.537,6.434,3.649,6.397,1.22,8.694,13.215,8.254,16.255,9.059,0,6.389,12.931,3.491,3.371,26.526,12.879,5.045,13.005,1.905,18.303,15.17,8.299,11.248,5.451,8.815,0,27.768,6.625,15.038,5.5,6.127,20.921,5.31,2.366,0,7.354,28.864,15.879,5.132,19.933,5.961,11.543,9.843,8.096,0,4.28,6.204,5.124,48.518,9.326,5.478,6.375,3.331,8.632,14.108,11.672,18.528,0,7.04,12.682,10.042,15.436,10.3,22.332,26.134,20.858,9.911,0,6.918,13.137,9.095,10.29,18.749,7.619,0,19.244,2.905,12.984,31,5.486
00:bin_000024,1.671,1.461,3.338,0,1.553,0,0,0,1.387,1.607,0,1.738,0,0,1.438,2.358,0,0,1.902,5.127,0,2.36,0,3.853,2.001,0,1.241,1.423,2.266,0,3.478,0,4.231,1.612,0,2.673,1.802,0,0,0,1.341,1.984,4.024,3.435,3.605,1.991,2.835,2.058,0,0,1.18,0,4.006,0,0,1.658,0,2.045,1.681,2.194,2.902,0,2.583,1.563,3.747,4.378,0,0,4.451,2.921,1.553,0,5.141,2.421,2.741,0,1.963,1.537,0,3.232,1.579,1.857,4.437,1.545
00:bin_000030,0,0,0,0,0,0,0,0,0,0,0,0,0,0,0,0,0,0,0,0,0,0,0,0,0,0,0,0,0,0,0,0,0,0,0,0,0,0,0,0,0,0,0,0,0,0,0,0,0,0,0,0,0,0,0,0,0,0,0,0,0,0,0,0,0,0,0,0,0,0,0,0,0,0,0,0,0,0,0,0,0,0,0,0
00:bin_000037,0,0,0,0,0,0,0,0,0,0,0,0,0,0,0,0,0,0,0,0,0,0,0,0,0,0,0,0,0,0,0,0,0,0,0,0,0,0,0,0,0,0,0,0,0,0,0,0,0,0,0,0,0,0,0,0,0,0,0,0,0,0,0,0,0,0,0,0,0,0,0,0,0,0,0,0,0,0,0,0,0,0,0,0
00:bin_000040,0,0,0,0,0,0,0,0,0,0,0,0,0,0,0,0,0,0,4.143,1.988,0,0,0,0,2.278,1.972,1.339,0,0,0,3.049,1.662,1.343,0,0,2.315,0,0,0,0,0,0,0,0,0,0,2.441,0,0,0,1.025,0,3.835,0,0,0,0,0,2.207,1.576,3.056,0,0,1.719,0,1.976,0,1.829,4.075,2.34,0,0,0,2.254,1.593,0,1.851,2.131,0,1.81,0,0,2.59,0
00:bin_000043,0,0,0,0,0,0,0,0,0,0,0,0,0,0,0,0,0,0,0,0,0,0,0,0,0,0,0,0,0,0,0,0,0,0,0,0,0,0,0,0,0,0,0,0,0,0,0,0,0,0,0,0,0,0,0,0,0,0,0,0,0,0,0,0,0,0,0,0,0,0,0,0,0,0,0,0,0,0,0,0,0,0,0,0
00:bin_000048,0,0,0,0,0,0,0,0,0,0,0,0,0,0,0,0,0,0,0,0,0,0,0,0,0,0,0,0,0,0,0,0,0,0,0,0,0,0,0,0,0,0,0,0,0,0,0,0,0,0,0,0,0,0,0,0,0,0,0,0,0,0,0,0,0,0,0,0,0,0,0,0,0,0,0,0,0,0,0,0,0,0,0,0
00:bin_000049,0,0,0,0,0,0,0,0,0,0,0,0,0,0,0,0,0,0,1.504,0,0,0,0,0,0,0,0,0,0,0,0,0,0,0,0,0,0,0,0,0,0,0,0,0,0,0,0,0,0,0,0,0,0,0,0,0,0,0,0,0,0,0,0,0,0,0,0,0,0,0,0,0,0,0,0,0,0,0,0,0,0,0,0,0
00:bin_000052,0,0,0,0,0,0,0,0,0,0,0,0,0,0,0,0,0,0,0,0,0,0,0,0,0,0,0,0,0,0,0,0,0,0,0,0,0,0,0,0,0,0,0,0,0,0,0,0,0,0,0,0,0,0,0,0,0,0,0,0,0,0,0,0,0,0,0,0,0,0,0,0,0,0,0,0,0,0,0,0,0,0,0,0
00:bin_000054,0,0,0,0,0,0,0,0,0,0,0,0,0,0,0,0,0,0,0,0,0,0,0,0,0,0,0,0,0,0,0,0,0,0,0,0,0,0,0,0,0,0,0,0,0,0,0,0,0,0,0,0,0,0,0,0,0,0,0,0,0,0,0,0,0,0,0,0,0,0,0,0,0,0,0,0,0,0,0,0,0,0,0,0
00:bin_000057,0,0,0,0,0,0,0,0,0,0,0,0,0,0,0,0,0,0,0,0,0,0,0,0,0,0,0,0,0,0,0,0,0,0,0,0,0,0,0,0,0,0,0,0,0,0,0,0,0,0,0,0,0,0,0,0,0,0,0,0,0,0,0,0,0,0,0,0,0,0,0,0,0,0,0,0,0,0,0,0,0,0,0,0
00:bin_000065,0,0,0,0,0,0,0,0,0,0,0,0,0,0,0,0,0,0,0,0,0,0,0,0,0,0,0,0,0,0,0,0,0,0,0,0,0,0,0,0,0,0,0,0,0,0,0,0,0,0,0,0,0,0,0,0,0,0,0,0,0,0,0,0,0,0,0,0,0,0,0,0,0,0,0,0,0,0,0,0,0,0,0,0
00:bin_000067,0,0,0,0,0,0,0,0,0,0,0,1.038,0,0,0,0,0,0,2.599,0,0,0,0,0,0,0,0,0,0,0,1.302,0,0,0,0,0,0,0,0,0,0,0,0,0,0,0,0,0,0,0,0,0,0,0,0,0,0,0,0,0,0,0,0,0,0,0,0,0,0,0,0,0,0,0,0,0,0.974,0,0,0,0,0,0,0
00:bin_000077,0,0,0,0,0,0,0,0,0,0,0,0,0,0,0,0,0,0,0,0,0,0,0,0,0,0,0,0,0,0,0,0,0,0,0,0,0,0,0,0,0,0,0,0,0,0,0,0,0,0,0,0,0,0,0,0,0,0,0,0,0,0,0,0,0,0,0,0,0,0,0,0,0,0,0,0,0,0,0,0,0,0,0,0
00:bin_000098,0,0,0,0,0,0,0,0,0,0,0,0,0,0,0,0,0,0,0,0,0,0,0,0,0,0,0,0,0,0,0,0,0,0,0,0,0,0,0,0,0,0,0,0,0,0,0,0,0,0,0,0,0,0,0,0,0,0,0,0,0,0,0,0,0,0,0,0,0,0,0,0,0,0,0,0,0,0,0,0,0,0,0,0
00:bin_000105,0,0,0,0,0,0,0,0,0,0,0,0,0,0,0,0,0,0,0,0,0,0,0,0,0,0,0,0,0,0,0,0,0,0,0,0,0,0,0,0,0,0,0,0,0,0,0,0,0,0,0,0,0,0,0,0,0,0,0,0,0,0,0,0,0,0,0,0,0,0,0,0,0,0,0,0,0,0,0,0,0,0,0,0
00:bin_000114,0,0,0,0,0,0,0,0,0,0,0,0,0,0,0,0,0,0,0,0,0,0,0,0,0,0,0,0,0,0,0,0,0,0,0,0,0,0,0,0,0,0,0,0,0,0,0,0,0,0,0,0,0,0,0,0,0,0,0,0,0,0,0,0,0,0,0,0,0,0,0,0,0,0,0,0,0,0,0,0,0,0,0,0
00:bin_000122,0,0,0,0,0,0,0,0,0,0,0,0,0,0,0,0,0,0,0,0,0,0,0,0,0,0,0,0,0,0,1.335,0,0,0,0,0,0,0,0,0,0,0,0,0,0,0,0,0,0,0,0,0,0,0,0,0,0,0,0,0,0,0,0,0,0,0,0,0,1.6,0,0,0,0,0,0,0,0,0,0,0,0,0,0,0
00:bin_000123,0,0,0,0,0,0,0,0,0,0,0,0,0,0,0,0,0,0,0,0,0,0,0,0,0,0,0,0,0,0,0,0,0,0,0,0,0,0,0,0,0,0,0,0,0,0,0,0,0,0,0,0,0,0,0,0,0,0,0,0,0,0,0,0,0,0,0,0,0,0,0,0,0,0,0,0,0,0,0,0,0,0,0,0
00:bin_000129,0,0,0,0,0,0,0,0,0,0,0,0,0,0,0,0,0,0,0,0,0,0,0,0,0,0,0,0,0,0,0,0,0,0,0,0,0,0,0,0,0,0,0,0,0,0,0,0,0,0,0,0,0,0,0,0,0,0,0,0,0,0,0,0,0,0,0,0,0,0,0,0,0,0,0,0,0,0,0,0,0,0,0,0
00:bin_000144,0,0,0,0,0,0,0,0,0,0,0,0,0,0,0,0,0,0,0,0,0,0,0,0,0,0,0,0,0,0,0,0,0,0,0,0,0,0,0,0,0,0,0,0,0,0,0,0,0,0,0,0,0,0,0,0,0,0,0,0,0,0,0,0,0,0,0,0,0,0,0,0,0,0,0,0,0,0,0,0,0,0,0,0
00:bin_000146,0,0,0,0,0,0,0,0,0,0,0,0,0,0,0,0,0,0,0,0,0,0,0,0,0,0,0,0,0,0,0,0,0,0,0,0,0,0,0,0,0,0,0,0,0,0,0,0,0,0,0,0,0,0,0,0,0,0,0,0,0,0,0,0,0,0,0,0,0,0,0,0,0,0,0,0,0,0,0,0,0,0,0,0
00:bin_000151,0,0,0,0,0,0,0,0,0,0,0,0,0,0,0,0,0,0,0,0,0,0,0,0,0,0,0,0,0,0,0,0,0,0,0,0,0,0,0,0,0,0,0,0,0,0,0,0,0,0,0,0,0,0,0,0,0,0,0,0,0,0,0,0,0,0,0,0,0,0,0,0,0,0,0,0,0,0,0,0,0,0,0,0
00:bin_000159,0,0,0,0,0,0,0,0,0,0,0,0,1.586,0,0,0,0,0,0,0,0,0,0,1.516,0,0,0,0,0,0,0,0,0,0,0,0,0,0,0,0,0,1.14,0,0,0,0,0,0,0,0,0,0,3.723,0,0,0,0,0,0,0,0,0,0,0,0,0,0,0,0,0,0,0,0,0,0,0,0,0,0,0,0,0,0,0
00:bin_000162,2.601,1.826,0,2.006,0,0,1.975,0,1.844,6.19,5.065,0,2.293,0,2.363,2.169,0,0,7.412,3.276,3.278,3.803,0,4.088,1.374,0,2.644,0,2.325,0,3.312,2.349,5.473,0,0,1.498,1.498,0,0,0,0,1.273,1.736,3.244,5.076,3.818,3.803,1.407,0,1.825,1.221,1.855,3.765,1.899,0,0,0,9.313,4.208,2.604,3.99,0,2.654,0,3.59,3.269,2.796,2.586,6.513,1.729,0,0,3.071,0,3.169,1.979,4.336,2.112,0,4.193,1.583,1.624,9.119,0
00:bin_000163,0,0,0,0,0,0,0,0,0,0,0,0,0,0,0,0,0,0,0,0,0,0,0,0,0,0,0,0,0,0,0,0,0,0,0,0,0,0,0,0,0,0,0,0,0,0,0,0,0,0,0,0,0,0,0,0,0,0,0,0,0,0,0,0,0,0,0,0,0,0,0,0,0,0,0,0,0,0,0,0,0,0,0,0
00:bin_000167,0,0,0,0,0,0,0,0,0,0,0,0,0,0,0,0,0,0,1.109,0,0,0,0,0,0,0,0,0,0,0,0,0,0,0,0,0,0,0,0,0,0,0,0,0,0,0,0,0,0,0,0,0,0,0,0,0,0,0,1.691,0,0,0,0,0,0,0,0,0,1.39,0,0,0,0,0,0,0,0,0,0,0,0,0,0,0
00:bin_000171,0,0,0,0,0,0,0,0,0,0,0,0,0,0,0,0,0,0,0,0,0,0,0,0,0,0,0,0,0,0,0,0,0,0,0,0,0,0,0,0,0,0,0,0,0,0,0,0,0,0,0,0,0,0,0,0,0,0,0,0,0,0,0,0,0,0,0,0,0,0,0,0,0,0,0,0,0,0,0,0,0,0,0,0
00:bin_000175,0,0,0,0,0,0,0,0,0,0,0,0,0,0,0,0,0,0,0,0,0,0,0,0,0,0,0,0,0,0,0,0,0,0,0,0,0,0,0,0,0,0,0,0,0,0,0,0,0,0,0,0,0,0,0,0,0,0,0,0,0,0,0,0,0,0,0,0,0,0,0,0,0,0,0,0,0,0,0,0,0,0,0,0
00:bin_000181,0,0,0,0,0,0,0,0,0,0,0,0,0,0,0,0,0,0,0,0,0,0,0,0,0,0,0,0,0,0,0,0,0,0,0,0,0,0,0,0,0,0,0,0,0,0,0,0,0,0,0,0,0,0,0,0,0,0,0,0,0,0,0,0,0,0,0,0,0,0,0,0,0,0,0,0,0,0,0,0,0,0,0,0
00:bin_000184,0,0,0,0,0,0,0,0,0,0,0,0,0,0,0,0,0,0,0,0,0,0,0,0,0,0,0,0,0,0,0,0,0,0,0,0,0,0,0,0,0,0,0,0,0,0,0,0,0,0,0,0,0,0,0,0,0,0,0,0,0,0,0,0,0,0,0,0,0,0,0,0,0,0,0,0,0,0,0,0,0,0,0,0
00:bin_000194,0,0,0,0,0,0,0,0,0,0,0,0,0,0,0,0,0,0,0,0,0,0,0,0,0,0,0,0,0,0,0,0,0,0,0,0,0,0,0,0,0,0,0,0,0,0,0,1.75,0,0,0,0,0,0,0,0,0,0,0,2.059,0,0,0,0,0,0,0,0,0,0,0,0,0,0,0,0,0,0,0,0,0,0,0,0
00:bin_000198,2.433,0,0,0,0,0,0,0,0,0,0,0,0,0,0,0,0,0,0,0,0,0,0,0,0,0,0,0,0,0,0,0,0,0,0,0,0,0,0,0,0,1.23,0,0,0,0,0,0,0,0,0,0,1.718,0,0,0,0,0,0,0,1.701,0,0,0,0,0,0,0,0,0,0,0,0,0,0,0,0,0,0,0,0,0,0,0
00:bin_000200,7.309,11.19,1.703,0,4.101,0,1.881,1.232,3.262,2.372,2.257,1.969,4.099,0,2.611,3.49,0.841,1.752,5.346,6.344,3.574,4.993,0,5.812,4.091,2.663,2.731,1.262,2.322,0,7.888,1.626,4.248,1.345,3.713,7.275,2.423,0,0,4.075,0,3.405,2.248,6.915,4.613,3.777,2.44,0,0,1.614,1.896,4.277,8.619,3.478,2.29,1.374,0,2.419,4.463,2.967,7.144,0,4.003,4.608,2.751,4.113,6.357,4.682,16.853,4.918,3.456,0,1.801,5.082,4.007,3.228,8.495,2.513,0,10.049,2.198,1.687,8.996,2.368
00:bin_000204,0,0,0,0,0,0,0,0,0,0,0,0,0,0,0,0,0,0,0,0,0,0,0,0,0,0,0,0,0,0,0,0,0,0,0,0,0,0,0,0,0,0,0,0,0,0,0,0,0,0,0,0,0,0,0,0,0,0,0,0,0,0,0,0,0,0,0,0,0,0,0,0,0,0,0,0,0,0,0,0,0,0,0,0
00:bin_000205,0,0,0,0,0,0,0,0,0,0,0,0,0,0,0,0,0,0,1.626,0,0,0,0,0,0,0,0,0,0,0,0,0,0,0,0,0,0,0,0,0,0,0,0,0,0,0,0,0,0,0,0,0,0,0,0,0,0,0,0,0,0,0,0,0,0,0,0,0,0,0,0,0,0,0,0,0,0,0,0,0,0,0,0,0
00:bin_000212,3.861,6.35,4.821,1.421,2.509,0,3.842,2.331,1.872,3.064,5.881,5.637,5.201,0,4.754,2.651,0.852,0,11.57,4.452,5.299,7.682,0,7.244,4.904,2.363,3.748,0,2.583,0,9.588,4.02,5.604,2.216,2.208,4.383,2.987,0,0,1.59,3.149,8.997,1.921,8.686,3.201,6.794,3.315,0,0,0,7.09,2.995,15.165,3.319,0,2.375,0,5.249,2.886,4.759,7.81,0,3.387,3.33,3.71,1.67,3.112,8.5,8.711,11.154,5.584,1.687,4.023,7.218,5.153,4.531,8.015,4.046,0,11.337,2.117,5.978,9.073,1.524
00:bin_000217,0,0,0,0,0,4.106,0,0,0,0,2.339,0,0,0,2.193,0,0,0,0,0,0,0,0,0,0,0,0,1.866,0,0,0,0,0,0,4.723,0,0,0,0,0,0,0,0,0,0,0,0,0,0,0,0,2.002,0,0,0,0,0,0,0,0,0,0,0,0,0,0,0,0,0,0,0,0,2.851,0,0,0,0,0,0,0,2.607,0,0,0
00:bin_000221,0,0,0,0,0,0,0,0,0,0,0,0,0,0,0,0,0,0,0,0,0,0,0,0,0,0,0,0,0,0,0,0,0,0,0,0,0,0,0,0,0,0,0,0,0,0,0,0,0,0,0,0,0,0,0,0,0,0,0,0,0,0,0,0,0,0,0,0,0,0,0,0,0,0,0,0,0,0,0,0,0,0,0,0
00:bin_000228,0,0,0,0,0,0,0,0,0,0,0,0,0,0,0,0,0,0,0,0,0,0,0,0,0,0,0,0,0,0,0,0,0,0,0,0,0,0,0,0,0,0,0,0,0,0,0,0,0,0,0,0,2.986,1.223,0,0,0,0,0,0,0,0,0,0,0,0,0,0,0,0,0,0,0,0,0,0,0,0,0,0,0,0,0,0
00:bin_000232,0,0,0,0,0,0,0,0,0,0,0,0,0,0,0,0,0,2.516,1.234,0,1.28,0,0,2.505,1.216,0,0,0,0,0,0,0,0,0,0,0,0,0,0,0,0,0,0,0,0,0,0,0,0,0,0,0,0,0,0,0,0,0,0,0,0,0,0,1.426,0,0,0,0,1.341,0,0,0,0,0,0,0,0,0,0,0,0,0,1.906,0
00:bin_000238,0,0,0,0,0,0,0,0,0,0,0,0,0,0,0,0,0,0,0,0,0,0,0,0,0,0,0,0,0,0,0,0,0,0,0,0,0,0,0,0,0,0,0,0,0,0,0,0,0,0,0,0,0,0,0,0,0,0,0,0,0,0,0,0,0,0,0,0,0,0,0,0,0,0,0,0,0,0,0,0,0,0,0,0
00:bin_000241,0,0,0,0,0,2.311,0,0,0,0,0,0,0,0,0,0,0,0,0,3.726,0,0,0,4.132,0,0,0,0,0,0,0,0,1.718,0,0,0,0,0,0,1.856,0,0,0,0,0,0,0,0,0,0,0,3.536,0,0,0,0,0,0,0,0,0,0,0,0,0,0,0,0,2.387,0,0,0,0,0,1.491,0,0,0,0,1.672,0,2.645,0,0
00:bin_000243,0,0,0,0,0,0,0,0,0,0,0,0,0,0,0,0,0,0,0,0,0,0,0,0,0,0,0,0,0,0,0,0,0,0,0,0,0,0,0,0,0,0,0,0,0,0,0,0,0,0,0,0,0,0,0,0,0,0,0,0,0,0,0,0,0,0,0,0,0,0,0,0,0,0,1.349,0,0,0,0,0,0,0,0,0
00:bin_000285,0,0,0,0,0,0,0,0,0,0,0,0,0,0,0,0,0,0,0,0,0,0,0,0,0,0,0,0,0,0,0,0,0,0,0,0,0,0,0,0,0,0,0,0,0,0,0,0,0,0,0,0,0,0,0,0,0,0,0,0,0,0,0,0,0,0,0,0,0,0,0,0,0,0,0,0,0,0,0,0,0,0,0,0
00:bin_000287,0,0,0,0,0,0,0,0,0,0,0,0,0,0,0,0,0,0,0,0,0,0,0,0,0,0,0,0,0,0,0,0,0,0,0,0,0,0,0,0,0,0,0,0,0,0,0,0,0,0,0,0,0,0,0,0,0,0,0,0,0,0,0,0,0,0,0,0,0,0,0,0,0,0,0,0,0,0,0,0,0,0,0,0
00-TM1:bin_000014,0,0,0,0,0,0,0,0,0,0,0,0,0,0,0,0,0,0,0,0,0,0,0,0,0,0,0,0,0,0,0,0,0,0,0,0,0,0,0,0,0,0,0,0,0,0,0,0,0,0,0,0,0,1.582,0,0,0,0,0,0,0,0,0,0,0,0,0,0,0,0,0,0,0,0,0,0,0,0,0,0,0,0,6.672,0
00-TM1:bin_000022,3.917,5.876,4.483,0,3.521,1.599,4.126,1.694,2.423,4.873,6.363,4.369,2.314,0,2.04,4.358,1.285,2.287,20.548,6.203,2.259,4.415,0,5.257,6.307,4.619,6.718,1.827,1.669,0,11.377,2.339,6.731,1.978,2.616,5.766,4.001,0,0,3.051,5.011,5.935,2.898,7.294,4.941,4.305,3.069,4.852,0,0,1.494,2.741,16.014,4.077,3.249,2.555,2.239,4.257,7.662,5.754,7.595,0,4.592,5.707,3.58,4.569,3.771,5.848,9.083,9.253,3.796,0,4.097,4.357,4.806,2.141,6.671,3.848,0,5.225,3.106,5.04,9.772,2.13
00-TM1:bin_000047,0,0,0,0,0,0,0,0,0,0,0,0,0,0,0,0,0,0,0,0,0,0,0,0,0,0,0,0,0,0,0,0,0,0,0,0,0,0,0,0,0,0,0,0,0,0,0,0,0,0,0,0,0,0,0,0,0,0,0,0,0,0,0,0,0,0,0,0,0,0,0,0,0,0,0,0,0,0,0,0,0,0,0,0
00-TM1:bin_000048,0,0,0,0,0,0,0,0,0,0,0,0,0,0,0,0,0,0,0,0,0,0,0,0,0,0,0,0,0,0,0,0,0,0,0,0,0,0,0,0,0,0,0,0,0,0,0,0,0,0,0,0,0,0,0,0,0,0,0,0,0,0,0,0,0,0,0,0,0,0,0,0,0,0,0,0,0,0,0,0,0,0,0,0
00-TM1:bin_000056,0,0,0,0,0,0,0,0,0,0,0,0,0,0,0,0,0,0,0,0,0,0,0,0,0,0,0,0,0,0,0,0,0,0,0,0,0,0,0,0,0,0,0,0,0,0,0,0,0,0,0,0,0,0,0,0,0,0,0,0,0,0,0,0,0,0,0,0,0,0,0,0,0,0,0,0,0,0,0,0,0,0,0,0
00-TM1:bin_000074,0,0,0,0,0,0,0,0,0,0,0,0,0,0,0,0,0,0,0,0,0,0,0,0,0,0,0,0,0,0,0,0,0,0,0,0,0,0,0,0,0,0,0,0,0,0,0,0,0,0,0,0,0,0,0,0,0,0,0,0,0,0,0,0,0,0,0,0,0,0,0,0,0,0,0,0,0,0,0,0,0,0,0,0
00-TM1:bin_000078,0,0,0,0,0,0,0,0,1.423,1.567,0,0,0,0,0,0,0,0,0,2.568,0,0,0,0,0,0,0,0,0,0,0,0,0,0,0,0,0,0,0,0,0,1.362,0,0,0,0,0,0,0,0,0,0,0,0,0,0,0,0,0,0,0,0,0,0,0,0,0,0,0,0,0,0,0,0,0,0,0,0,0,2.326,0,0,0,0
00-TM1:bin_000084,0,0,0,0,5.128,0,0,0,0,0,0,0,0,0,4.204,0,0,0,0,5.342,2.145,0,0,0,0,0,0,0,0,0,0,0,0,0,2.366,0,0,0,0,4.167,0,0,0,0,0,0,0,3.705,0,0,0,0,0,0,0,0,0,0,0,7.195,0,0,0,0,2.937,0,0,0,9.006,0,2.786,0,3.91,0,0,0,0,0,0,4.946,2.259,3.892,0,0
00-TM1:bin_000088,5.858,1.848,7.656,12.454,5.603,8.052,4.531,4.715,20.51,16.776,17.489,9.514,8.031,0,11.767,13.504,3.158,2.612,13.709,23.541,13.032,4.872,0,15.624,4.473,5.462,0,2.191,12.341,0,30.703,9.132,17.043,11.182,5.583,13.919,8.192,4.855,0,7.682,3.402,23.124,7.732,6.563,4.51,11.123,13.037,16.687,0,4.244,13.738,10.786,29.99,3.655,0,2.95,0,14.641,16.85,11.982,22.833,0,7.506,5.549,32.471,11.804,13.145,0,37.969,12.707,11.706,1.592,14.489,15.881,10.171,8.9,2.837,10.229,0,22.739,8.132,19.558,32.437,8.165
00-TM1:bin_000099,0,0,0,0,0,0,0,0,0,0,0,0,0,0,0,0,0,0,0,0,0,0,0,0,0,0,0,0,0,0,0,0,0,0,0,0,0,0,0,0,0,0,0,0,0,0,0,0,0,0,0,0,0,0,0,0,0,0,0,0,0,0,0,0,0,0,0,0,0,0,0,0,0,0,0,0,0,0,0,0,0,0,0,0
00-TM1:bin_000117,0,0,0,0,0,0,0,0,0,0,0,0,0,0,0,0,0,0,3.223,0,0,0,0,0,0,0,0,0,0,0,0,0,0,0,0,0,0,0,0,0,0,0,0,0,0,0,0,0,0,0,0,0,0,0,0,0,0,0,0,0,0,0,0,0,0,0,0,0,0,0,0,0,0,0,0,0,0,0,0,0,0,0,0,0
00-TM1:bin_000135,0,0,0,0,0,0,0,0,0,0,0,0,0,0,0,0,0,0,5.402,0,0,0,0,0,0,0,0,0,0,0,0,0,0,0,0,0,0,0,0,0,0,0,0,0,0,0,0,0,0,0,0,0,0,0,0,0,0,0,0,0,0,0,0,0,1.408,0,0,0,1.735,1.584,0,0,0,0,0,0,0,0,0,0,0,0,1.521,0
00-TM2:bin_000005,0,0,0,0,0,0,0,0,0,0,0,0,0,0,0,0,0,0,0,0,0,0,0,0,0,0,0,0,0,0,0,0,0,0,0,0,0,0,0,0,0,0,0,0,0,0,0,0,0,0,0,0,0,0,0,0,0,0,0,0,0,0,0,0,0,0,0,0,0,0,0,0,0,0,0,0,0,0,0,0,0,0,0,0
00-TM2:bin_000007,34.252,75.225,31.486,9.005,26.582,23.418,28.416,19.717,29.915,60.891,34.417,69.693,50.321,0,30.463,52.741,13.219,17.693,74.33,50.068,30.848,39.345,5.68,59.38,58.582,42.013,63.025,25.148,30.906,0,93.874,30.2,57.008,23.471,19.879,64.404,44.409,8.688,1.702,26.936,68.285,68.164,26.108,84.68,40.002,38.174,52.402,47.324,0,21.513,50.567,30.679,187.796,43.05,31.443,19.859,24.738,48.312,54.677,48.231,81.541,0,35.311,61.23,77.559,50.237,42.811,95.658,119.142,97.299,33.567,11.065,27.214,68.802,47.267,45.999,83.69,58.842,3.203,96.422,22.797,45.429,91.666,24.786
00-TM2:bin_000016,0,0,0,0,0,0,0,0,0,0,0,0,0,0,0,0,0,0,0,0,0,0,0,0,0,0,0,0,0,0,0,0,0,0,0,0,0,0,0,0,0,0,0,0,0,0,0,0,0,0,0,0,1.285,0,0,0,0,0,0,0,0,0,0,0,0,0,0,0,0,0,0,0,0,0,0,0,0,0,0,0,0,0,0,0
00-TM2:bin_000034,0,0,0,0,0,0,0,0,0,0,0,0,0,0,0,0,0,0,0,0,0,0,0,0,0,0,0,0,0,0,0,0,0,0,0,0,0,0,0,0,0,0,0,0,0,0,0,1.962,0,0,0,0,0,0,0,0,0,0,0,3.192,0,0,0,0,0,0,0,0,0,0,0,0,0,0,0,0,0,0,0,0,0,0,0,0
00-TM2:bin_000054,0,0,0,0,0,0,0,0,0,0,0,0,0,0,0,0,0,0,1.155,0,0,0,0,0,0,0,0,0,0,0,0,0,0,0,0,0,0,0,0,0,0,0,0,0,0,0,0,0,0,0,0,0,0,0,0,0,0,0,0,0,0,0,0,0,0,0,0,0,0,0,0,0,0,0,0,0,0,0,0,0,0,0,0,0
00-TM2:bin_000080,0,1.516,0,0,0,0,0,0,0,1.991,1.305,0,0,0,2.193,0,0,0,6.476,1.897,0,1.565,0,0,0,0,0,0,0,0,1.409,0,1.947,2.264,1.38,1.538,1.838,0,0,0,0,2.499,0,2.017,1.875,0,1.887,3.058,0,0,1.513,0,4.965,1.578,0,0,0,0,0,5.045,0,0,0,1.116,2.855,0,1.282,0,5.372,1.678,2.452,0,5.576,0,0,2.028,0,2.696,0,1.313,0,1.495,3.93,0
00-TM2:bin_000086,0,0,0,0,0,0,0,0,0,0,0,0,0,0,0,0,0,0,1.511,0,0,0,0,0,0,0,0,0,0,0,0,0,0,0,0,0,0,0,0,0,0,0,0,0,0,0,0,0,0,0,0,0,0,0,0,0,0,0,0,0,0,0,0,0,0,0,0,0,0,0,0,0,0,0,0,0,0,0,0,0,0,0,0,0
00-TM2:bin_000116,0,0,0,0,0,0,0,0,0,0,0,0,0,0,0,0,0,0,0,0,0,0,0,0,0,0,0,0,0,0,0,0,0,0,0,0,0,0,0,0,0,0,0,0,0,0,0,0,0,0,0,0,0,0,0,0,0,0,0,0,0,0,0,0,0,0,0,0,0,0,0,0,0,0,0,0,0,0,0,0,0,0,0,0
00-TM3:bin_000043,0,0,0,0,0,0,0,0,0,0,0,0,0,0,0,0,0,0,4.447,0,0,0,0,0,0,0,0,0,0,0,0,0,0,0,0,0,0,0,0,0,0,0,0,0,0,0,0,0,0,0,0,0,0,0,0,0,0,0,0,0,0,0,0,0,0,0,0,0,0,0,0,0,0,0,0,0,0,0,0,0,0,0,0,0
00-TM3:bin_000053,0,0,0,0,0,0,0,0,0,0,0,0,0,0,0,0,0,0,2.851,0,0,0,0,0,0,0,0,0,0,0,0,0,0,0,0,0,0,0,0,0,0,0,0,0,0,0,0,0,0,0,0,0,0,0,0,0,0,0,0,0,0,0,0,0,0,0,0,0,0,0,0,0,0,0,0,0,0,0,0,0,0,0,0,0
00-TM3:bin_000079,0,0,0,0,0,0,0,0,0,0,0,0,0,0,0,0,0,0,0,0,0,0,0,0,0,0,0,0,0,0,0,0,0,0,0,0,0,0,0,0,0,0,0,0,0,0,0,0,0,0,0,0,0,0,0,0,0,0,0,0,0,0,0,0,0,0,0,0,0,0,0,0,0,0,0,0,0,0,0,0,0,0,0,0
00-TM4:bin_000006,3.134,6.39,12.788,1.874,5.851,6.574,3.927,5.455,7.732,8.747,5.95,6.951,6.518,0,5.211,4.581,1.869,4.141,32.342,4.725,12.991,7.873,0,16.718,7.476,3.654,3.348,2.25,6.816,0,14.463,4.732,12.127,4.101,4.119,3.874,1.73,2.097,0,3.122,15.376,18.566,4.059,7.2,10.652,8.842,9.71,11.279,0,3.037,7.683,8.627,35.479,4.173,2.68,6.609,5.774,7.891,11.447,8.571,10.126,0,4.969,13.216,13.731,3.372,8.24,13.075,15.881,17.247,16.757,0,3.817,6.982,9.507,5.438,22.108,12.352,1.706,14.712,5.485,11.11,16.079,5.041
00-TM4:bin_000010,3.121,14.069,3.087,0,7.503,2.694,2.337,0,2.344,4.171,3.275,34.246,3.033,0,2.552,2.54,1.259,1.649,19.22,3.379,3.974,2.7,0,6.27,7.885,5.89,4.203,1.567,3.653,0,9.215,4.863,7.175,1.789,0,5.721,2.801,26.794,0,3.115,10.468,9.739,38.355,13.095,4.668,3.509,2.779,0,0,2.073,3.357,1.813,15.31,2.612,3.348,0,2.064,3.948,4.251,5.421,6.602,0,7.645,2.444,4.602,6.075,2.722,2.427,24.81,6.846,5.163,0,2.082,5.033,5.503,1.506,6.74,8.53,0,8.566,5.064,5.964,11.454,1.864
00-TM4:bin_000018,0,0,0,0,0,0,0,0,0,0,0,0,0,0,0,0,0,0,0,0,0,0,0,0,0,0,0,0,0,0,0,0,0,0,0,0,0,0,0,0,0,0,0,0,0,0,0,0,0,0,0,0,0,0,0,0,0,0,0,0,0,0,0,0,0,0,0,0,0,0,0,0,0,0,0,0,0,0,0,0,0,0,0,0
00-TM4:bin_000030,10.055,18.851,11.849,2.442,10.715,6.45,8.007,3.837,10.974,12.795,8.705,12.517,9.937,0,8.25,22.642,3.489,5.605,25.432,19.713,10.366,14.547,1.924,17.278,18.022,12.393,8.754,5.537,8.819,0,28.441,9.024,19.594,6.121,5.899,21.504,11.235,2.957,0,11.703,13.473,18.009,5.657,17.642,11.442,17.953,15.598,11.928,0,3.887,9.854,9.553,40.286,11.412,7.804,6.162,4.125,20.027,22.191,10.018,21.69,0,11.153,18.967,13.487,21.542,12.25,13.976,36.81,24.296,10.628,1.453,11.125,18.871,9.194,10.29,20.542,10.965,1.382,27.103,4.308,12.268,27.121,8.94
00-TM4:bin_000036,9.428,10.909,23.183,2.846,21.71,9.21,9.313,12.662,27.051,18.333,8.084,22.271,23.922,0,9.015,7.952,6.593,3.889,35.597,17.061,15.542,8.251,1.989,21.468,12.9,9.396,6.611,1.397,11.916,0,31.591,17.897,25.676,7.222,2.252,13.012,7.57,3.308,0,4.642,19.82,29.762,8.324,11.698,13.338,13.275,14.312,13.043,0,7.547,7.644,8.938,83.262,14.698,4.614,3.508,3.697,17.592,10.443,18.749,20.835,0,15.929,8.908,21.098,7.216,21.19,30.328,46.054,18.456,42.105,1.736,8.134,11.255,11.914,4.633,27.85,16.885,0,46.688,4.496,21.889,69.304,25.46
07:bin_000036,0,0,0,0,0,0,0,0,0,0,0,0,0,0,0,0,0,0,0,0,0,0,0,0,0,0,0,0,0,0,0,0,0,0,0,0,0,0,0,0,0,0,0,0,0,0,0,0,0,0,0,0,0,0,0,0,0,0,0,0,0,0,0,0,0,0,0,0,0,0,0,0,0,0,0,0,0,0,0,0,0,0,0,0
07:bin_000056,0,0,0,0,0,0,0,0,0,0,0,0,0,0,0,0,0,0,0,0,0,0,0,0,0,0,0,0,0,0,0,0,0,0,0,0,0,0,0,0,0,0,0,0,0,0,0,3.141,0,0,0,0,0,0,0,0,0,0,0,2.989,0,0,0,0,0,0,0,0,0,0,0,0,0,0,0,0,0,0,0,0,0,0,0,0
07:bin_000064,0,0,0,0,0,0,0,0,1.92,0,0,0,0,0,0,0,0,0,0,0,0,0,0,1.573,0,0,0,0,0,0,0,0,0,0,0,0,0,0,0,0,0,0,0,0,2.039,0,0,0,0,0,0,0,0,0,1.543,0,0,0,0,2.477,0,0,0,0,0,0,0,0,2.946,0,0,0,0,0,0,0,5.246,0,0,1.807,0,0,1.954,0
07:bin_000080,0,0,0,0,0,0,0,0,0,0,0,0,0,0,0,0,0,0,0,0,0,0,0,0,0,0,0,0,0,0,0,0,0,0,0,0,0,0,0,0,0,0,0,0,0,0,0,0,0,0,0,0,0,0,0,0,0,0,0,0,0,0,0,0,0,0,0,0,0,0,0,0,0,0,0,0,0,0,0,0,0,0,0,0
07:bin_000086,0,0,0,0,0,0,0,0,0,0,0,0,0,0,0,0,0,0,0,0,0,0,0,0,0,0,0,0,0,0,0,0,0,0,0,0,0,0,0,0,0,0,0,0,0,0,0,0,0,0,0,0,0,0,0,0,0,0,0,0,0,0,0,0,0,0,0,0,0,0,0,0,0,0,0,0,0,0,0,0,0,0,0,0
07:bin_000111,0,0,0,0,0,0,0,0,0,0,0,0,0,0,0,0,0,0,0,0,0,0,0,0,0,0,0,0,0,0,0,0,0,0,0,0,0,0,0,0,0,0,0,0,0,0,0,0,0,0,0,0,0,0,0,0,0,0,0,0,0,0,0,0,0,0,0,0,0,0,0,0,0,0,0,0,0,0,0,0,0,0,0,0
07:bin_000158,1.471,1.668,3.265,0,0,1.608,0,0,1.623,2.572,1.639,2.799,2.879,0,1.622,0,0,1.569,2.622,4.111,3.507,2.106,0,4.301,1.69,1.851,2.14,1.332,2.309,0,3.056,3.438,4.045,0,0,4.277,1.761,0,0,0,3.412,3.49,1.776,1.663,2.069,2.263,4.201,0,0,0,1.11,2.435,10.476,1.213,1.4,0,1.532,2.96,2.713,1.507,4.163,0,3.32,2.23,4.006,0,2.386,4.447,6.583,2.798,3.942,1.449,0,1.613,2.166,1.709,2.673,3.6,0,4.218,0,4.148,9.561,3.014
07:bin_000176,0,0,0,0,0,0,0,0,0,0,0,0,0,0,0,0,0,0,0,0,0,0,0,0,0,0,0,0,0,0,0,0,0,0,0,0,0,0,0,0,0,0,0,0,0,0,0,0,0,0,0,0,0,0,0,0,0,0,0,0,0,0,0,0,0,0,0,0,0,0,0,0,0,0,0,0,0,0,0,0,0,0,0,0
07-TM1:bin_000001,0,0,0,0,0,0,0,0,0,0,0,0,0,0,0,0,0,0,0,0,0,0,0,0,0,0,0,0,0,0,0,0,0,0,0,0,0,0,0,0,0,0,0,0,0,0,0,0,0,0,0,0,0,0,0,0,0,0,0,0,0,0,0,0,0,0,0,0,0,0,0,0,0,0,0,0,0,0,0,0,0,0,0,0
07-TM2:bin_000008,0,0,0,0,0,0,0,0,0,0,0,0,0,0,0,0,0,0,2.78,0,0,0,0,0,0,0,0,0,0,0,0,0,0,0,0,0,0,0,0,0,0,1.178,0,0,0,0,0,0,0,0,0,0,1.437,0,0,0,0,0,0,0,0,0,0,0,0,0,0,0,0,0,0,0,0,0,0,0,0,0,0,1.468,0,0,0,0
07-TM2:bin_000021,0,0,0,0,0,0,0,0,0,0,0,0,0,0,0,0,0,0,2.381,0,0,0,0,0,0,0,0,0,0,0,0,0,0,0,0,0,0,0,0,0,0,0,0,0,0,0,0,0,0,0,0,0,0,0,0,0,0,0,0,0,0,0,0,0,0,0,0,0,0,0,0,0,0,0,0,0,0,0,0,0,0,0,0,0
07-TM4:bin_000002,0,0,0,0,0,0,0,0,0,0,0,0,0,0,0,0,0,0,11.011,0,0,0,0,0,0,0,0,0,0,0,0,0,0,0,0,0,0,0,0,0,0,0,0,0,0,0,0,0,0,0,0,0,0,0,0,0,0,0,0,0,0,0,0,0,0,0,0,0,0,0,0,0,0,0,0,0,0,0,0,0,0,0,0,0
07-TM4:bin_000027,0,0,0,0,0,0,0,0,0,0,0,0,0,0,0,0,0,0,0,0,0,0,0,0,0,0,0,0,0,0,0,0,0,0,0,0,0,0,0,0,0,0,0,0,0,0,0,0,0,0,0,0,0,0,0,0,0,0,0,0,0,0,0,0,0,0,0,0,0,0,0,0,0,0,0,0,0,0,0,0,0,0,0,0
07-TM4:bin_000032,0,0,0,0,0,0,0,0,0,0,0,0,0,0,0,0,0,0,0,0,0,0,0,0,0,0,0,0,0,0,0,0,0,0,0,0,0,0,0,0,0,0,0,0,0,0,0,0,0,0,0,0,0,0,0,0,0,0,0,0,0,0,0,0,0,0,0,0,0,0,0,0,0,0,0,0,0,0,0,0,0,0,0,0
07-TM4:bin_000058,0,0,0,0,0,0,0,0,0,0,0,0,0,0,0,0,0,0,0,0,0,0,0,0,0,0,0,0,0,0,0,0,0,0,0,0,0,0,0,0,0,0,0,0,0,0,0,0,0,0,0,0,0,0,0,0,0,0,0,0,0,0,0,0,0,0,0,0,0,0,0,0,0,0,0,0,0,0,0,0,0,0,0,0
07-TM4:bin_000059,0,0,0,0,0,0,0,0,0,0,0,0,0,0,0,0,0,0,0,0,0,0,0,0,0,0,0,0,0,0,0,0,0,0,0,0,0,0,0,0,0,0,0,0,0,0,0,0,0,0,0,0,0,0,0,0,0,0,0,0,0,0,0,0,0,0,0,0,0,0,0,0,0,0,0,0,0,0,0,0,0,0,0,0
07-TM4:bin_000064,0,0,0,0,0,0,0,0,0,0,0,0,0,0,0,0,0,0,3.88,0,0,0,0,0,0,0,0,0,0,0,0,0,0,0,0,0,0,0,0,0,0,0,0,0,0,0,0,0,0,0,0,0,0,0,0,0,0,0,0,0,0,0,0,0,0,0,0,0,0,0,0,0,0,0,0,0,0,0,0,0,0,0,0,0
14:bin_000004,2.157,3.948,2.951,0,1.315,2.799,3.668,1.226,1.926,4.65,3.543,4.032,3.77,0,2.029,2.125,0,1.299,8.904,2.868,2.752,3.302,0,6.325,3.52,1.535,3.848,1.276,2.68,0,12.143,1.965,4.015,1.529,0,5.053,1.967,0,0,2.896,7.299,2.287,2.903,5.468,3.794,0,3.845,2.626,0,0,6.366,3.029,11.107,1.918,1.751,1.967,2.183,4.627,7.127,0,4.457,0,1.563,3.125,2.765,4.906,3.731,5.245,8.393,9.387,2.096,0,2.168,2.707,1.7,2.468,6.935,3.889,0,7.983,1.619,0,5.679,1.357
14:bin_000010,0,1.478,0,0,0,0,0,0,0,1.336,0,1.109,0,0,0,0,0,0,1.176,1.321,0,1.146,0,2.603,0,0,0,0,0,0,0,0,0,0,0,0,0,0,0,0,2.546,1.186,0,2.272,0,0,0,0,0,0,0,0,2.337,1.012,0,0,0,0,0,1.957,1.553,0,0,2.037,1.375,1.283,0,0,1.307,0,0,0,0,0,0,0,1.645,2.194,0,1.23,0,0,1.937,1.399
14:bin_000014,0,0,0,0,0,0,0,0,0,0,0,0,0,0,0,0,0,0,1.337,0,0,0,0,0,0,0,0,0,0,0,0,0,0,0,0,0,0,0,0,0,0,0,0,0,0,0,0,0,0,0,0,0,0,0,0,0,0,0,0,2.192,0,0,0,0,0,0,0,0,2.548,0,0,0,1.753,0,0,0,0,0,0,0,0,0,0,0
14:bin_000062,2.106,1.041,0,0,0,2.002,0,0,0,0,0,2.541,3.51,0,0,1.338,0,0,7.526,2.166,2.33,0,0,1.69,1.65,2.251,0,0.989,2.309,0,3.259,1.18,2.695,0,0,1.672,1.785,0,0,0,2.939,1.044,0,1.943,1.475,1.533,1.729,1.933,0,3.223,1.042,0,5.383,2.051,0,1.216,0,0,2.727,0,2.286,0,1.385,1.209,2.325,0,0,1.585,4.493,1.707,3.155,0,0,2.397,0,1.329,0,0,0,2.821,0,0,2.257,1.976
14:bin_000091,0,0,0,0,0,0,0,0,0,0,0,0,0,0,0,0,0,0,0,0,0,0,0,0,0,0,0,0,0,0,0,0,0,0,0,0,0,0,0,0,0,0,0,0,0,0,0,0,0,0,0,0,0,0,0,0,0,0,0,0,0,0,0,0,0,0,0,0,0,0,0,0,0,0,0,0,0,0,0,0,0,0,0,0
14:bin_000192,0,0,0,0,0,0,0,0,0,0,0,0,0,0,0,0,0,0,3.267,0,0,0,0,0,0,0,0,0,0,0,1.39,0,0,0,0,0,0,0,0,0,0,0,0,0,0,0,0,0,0,0,0,0,0,0,0,0,0,0,0,0,0,0,0,0,0,0,0,0,0,0,0,0,0,0,0,0,0,0,0,0,0,0,1.624,0
14-TM1:bin_000012,1.855,0,0,1.504,2.61,0,0,0,3.561,4.379,4.638,2.023,0,0,3.889,4.467,0,1.866,11.343,6.623,2.959,5.697,1.5,4.306,0,4.649,0,2.152,2.721,0,3.872,1.806,3.631,0,1.956,4.027,3.359,2.119,0,4.11,0,1.839,0,2.073,0,1.953,4.874,8.283,0,0,3.199,1.989,7.957,2.453,0,0,0,2.751,1.776,4.046,4.218,0,3.896,0,4.44,4.554,3.622,0,13.935,3.776,5.246,0,5.704,2.401,1.915,3.207,0,4.778,0,6.517,0,5.029,7.288,1.902
14-TM1:bin_000017,1.599,2.477,1.546,0,0,1.906,0,0,0,2.479,1.791,2.18,0,0,0,0,0,0,4.834,0,0,0,0,1.608,0,0,0,1.045,0,0,1.312,1.842,0,0,0,0,0,0,0,0,3.521,1.344,0,1.274,0,0,0,2.711,0,0,0,0,3.719,2.294,0,0,0,0,0,1.667,3.27,0,0,2.123,0,0,0,0,4.127,1.759,2.157,0,0,2.669,0,0,1.657,3.756,0,1.87,0,2.003,3.659,0
14-TM2:bin_000049,0,5.104,2.03,0,0,0,0,0,0,3.608,0,2.196,1.687,0,0,0,0,0,4.107,0,3.176,2.65,0,0,0,0,2.052,0,2.994,0,5.314,3.179,4.705,0,0,6.242,2.079,0,0,4.167,1.752,1.525,0,7.131,1.418,0,1.885,3.574,0,0,1.231,1.717,4.674,1.749,0,0,1.671,4.059,2.549,0,1.786,0,3.552,0,2.384,1.595,0,2.272,3.588,4.479,1.554,0,3.081,0,0,0,2.232,1.678,0,6.802,0,2.138,3.983,0
14-TM4:bin_000004,60.295,144.525,52.215,17.76,53.821,41.757,54.047,31.874,56.388,98.263,61.841,99.803,72.932,0,41.246,98.798,15.61,30.626,105.709,70.893,58.349,90.773,16.177,104.497,103.768,56.7,82.901,37.184,58.728,2.673,248.824,55.562,94.042,20.609,46.894,105.089,55.342,14.246,3.02,56.941,132.779,127.861,34.428,168.878,74.108,87.76,85.099,33.847,0,30.48,86.844,42.97,325.372,92.706,54.27,37.557,51.53,94.601,103.79,61.209,172.191,0,62.547,125.72,94.331,127.3,66.224,142.338,194.547,184.925,80.195,28.541,31.852,129.725,91.007,48.485,164.862,99.033,8.815,152.57,25.412,66.244,173.432,73.146
14-TM4:bin_000010,0,0,0,0,0,0,0,0,0,0,0,0,0,0,0,0,0,0,0,0,0,0,0,0,0,0,0,0,0,0,0,0,0,0,0,0,0,0,0,0,0,0,0,0,0,0,0,0,0,0,0,0,0,0,0,0,0,0,0,0,0,0,0,0,0,0,0,0,0,0,0,0,0,0,0,0,0,0,0,0,0,0,0,0
14-TM4:bin_000035,0,0,0,0,0,0,0,0,0,1.831,0,1.828,0,0,0,1.945,0,0,2.77,2.192,0,1.743,0,0,1.643,0,0,0,0,0,1.546,0,3.045,0,0,0,2.425,0,0,0,2.99,0,0,1.795,0,0,0,0,0,0,1.473,0,5.672,0,0,0,0,3.044,0,1.492,3.006,0,0,1.319,0,0,2.427,1.511,1.688,1.684,0,0,0,0,1.459,0,0,1.565,0,1.7,0,0,3.809,0
14-TM4:bin_000089,0,0,0,0,0,0,0,0,0,0,0,0,0,0,0,0,0,0,0,0,0,0,0,0,0,0,0,0,0,0,0,0,0,0,0,0,0,0,0,0,0,0,0,0,0,0,0,0,0,0,0,0,0,0,0,0,0,0,0,0,0,0,0,0,0,0,0,0,0,0,0,0,0,0,0,0,0,0,0,0,0,0,0,0
14-TM4:bin_000109,3.28,4.37,2.048,0,0,0,0,0,0,4.497,0,2.87,3.333,0,0,0,0,0,9.394,3.274,1.767,0,0,4.664,2.084,3.052,3.955,1.655,1.54,0,0,1.892,3.351,0,1.866,4.371,0,0,0,0,4.331,3.015,1.653,5,1.991,0,2.187,2.845,0,0,3.076,0,8.988,3.519,2.126,1.629,0,0,2.342,3.559,4.294,0,0,2.946,4.552,4.011,0,4.28,6.525,5.122,1.842,0,1.833,5.364,2.218,0,3.768,0,0,5.539,2.344,0,5.235,0
21:bin_000024,0,0,0,0,0,0,0,0,1.189,1.435,0,0,0,0,0,0,0,0,13.438,0,0,0,0,0,1.71,0,0,0,0,0,0,0,1.488,0,0,0,0,0,0,0,0,0,0,1.517,0,0,0,0,0,0,0,0,3.713,0,1.74,0,0,0,1.863,0,0,0,0,1.745,1.319,0,0,0,1.573,0,0,0,0,0,2.96,0,3.463,1.229,0,1.277,0,0,0,0
21:bin_000052,2.839,0,5.058,0,1.596,0,0,2.272,4.57,3.976,0,4.228,0,0,4.04,0,0,0,37.057,7.492,7.494,2.294,0,4.069,4.467,3.751,0,1.65,2.808,0,4.214,2.959,2.201,0,3.382,2.792,3.768,0,0,0,0,12.797,1.774,3.532,3.901,4.486,4.064,5.355,0,4.691,5.649,3.982,8.092,2.682,1.528,1.556,0,7.234,1.64,3.035,4.404,0,2.876,1.735,0,0,3.569,3.496,10.391,2.301,1.958,0,1.863,0,0,1.884,5.073,1.427,0,10.952,0,2.808,5.559,0
21:bin_000073,1.673,0,1.778,0,4.972,1.89,0,0,0,3.72,5.175,2.671,1.883,0,3.491,0,0,0,1.322,8.291,2.035,1.889,0,0,2.173,0,0,2.751,1.781,0,0,0,5.449,2.403,0,0,1.964,0,0,0,0,1.752,0,0,6.86,0,0,2.24,0,0,0,2.709,5.651,0,0,0,0,3.484,2.04,1.552,3.016,0,2.737,2.051,3.084,0,0,0,7.106,0,2.794,1.659,2.312,0,2.235,0,1.68,0,0,4.026,0,0,6.797,0
21:bin_000107,0,0,0,0,0,0,0,0,0,0,0,0,0,0,0,0,0,0,3.817,2.001,0,0,0,0,0,2.012,0,0,0,0,0,0,1.591,0,0,0,0,0,0,0,2.602,0,0,0,0,0,2.052,0,0,0,0,0,3.084,0,0,0,0,0,0,0,0,0,0,0,0,0,0,0,1.559,1.632,2.938,0,0,0,0,0,0,0,0,0,0,0,1.642,0
21:bin_000125,0,0,0,0,0,0,0,0,0,0,0,0,0,0,0,0,0,0,0,0,0,0,0,0,0,0,0,0,0,0,0,0,0,0,0,0,0,0,0,0,0,0,0,0,0,0,0,0,0,0,0,0,0,0,0,0,0,0,0,0,0,0,0,0,0,0,0,0,0,0,0,0,0,0,0,0,0,0,0,0,0,0,0,0
21:bin_000160,0,1.329,0,0,0,0,0,0,0,1.354,0,0,1.858,0,0,0,0,0,2.461,0,0,0,0,0,0,0,0,0,0,0,2.559,2.256,1.774,0,0,2.37,1.649,0,0,1.57,0,1.35,0,0,0,0,0,0,0,0,0,0,0,1.835,0,0,0,0,2.793,0,0,0,0,0,0,0,0,0,2.481,0,2.699,0,0,0,0,0,3.586,0,0,1.885,0,0,1.863,0
21:bin_000224,0,1.313,0,0,0,0,0,0,0,0,0,0,0,0,0,0,0,0,1.843,0,0,0,0,1.417,0,0,0,0,0,0,2.861,1.561,0,0,0,1.703,0,0,0,0,0,0,0,0,0,0,0,0,0,0,0,0,2.873,0,0,0,0,0,0,0,0,0,0,0,0,0,0,0,0,0,0,0,0,0,0,0,0,0,0,0,0,0,0,0
21-TM1:bin_000011,0,0,0,0,0,0,0,0,0,0,0,0,0,0,0,0,0,0,0,0,0,0,0,0,0,0,0,0,0,0,0,0,0,0,0,0,0,0,0,0,0,0,0,0,0,0,0,0,0,0,0,0,0,0,0,0,0,0,0,0,0,0,0,0,0,0,0,0,0,0,0,0,0,0,0,0,0,0,0,0,0,0,0,0
21-TM1:bin_000014,12.561,7.627,10.162,3.853,6.022,5.719,5.091,12.931,9.169,24.111,12.833,15.838,21.353,0,7.683,33.503,1.809,6.94,19.439,2.601,5.234,0,6.303,72.576,18.541,0,15.764,1.629,11.273,0,19.569,0,11.907,0,3.123,13.729,6.297,2.119,0,3.095,23.51,13.164,9.314,6.923,16.083,5.733,5.003,11.508,0,15.518,13.251,8.402,56.481,9.081,0,10.067,0,3.072,8.019,42.505,4.28,0,9.298,10.393,3.813,0,6.356,27.11,21.995,24.176,9.196,0,4.372,18.78,60.739,16.414,6.952,2.321,0,44.606,0,1.561,14.54,0
21-TM1:bin_000060,0,0,0,0,0,0,0,0,0,0,0,1.513,0,0,0,0,0,0,7.268,0,0,0,0,0,0,0,0,0,0,0,0,0,0,0,0,0,0,0,0,0,0,0,0,0,0,0,0,0,0,0,0,0,0,0,0,0,0,0,0,0,0,0,0,0,0,0,0,0,0,0,0,0,0,0,0,0,0,1.278,0,0,0,0,0,0
21-TM1:bin_000073,3.172,7.213,6.252,1.158,4.998,2.169,2.973,1.543,1.95,4.438,4.152,8.755,5.167,0,2.482,4.318,1.572,2.475,6.59,8.987,2.819,3.936,0,10.91,8.499,3.663,7.886,2.688,5.469,0,14.364,4.402,10.099,2.417,2.157,5.049,5.458,0,0,2.517,8.242,7.815,3.224,10.175,3.353,5.019,6.066,2.808,0,1.723,5.558,3.782,19.137,5.459,4.048,3.91,3.829,6.703,5.895,5.03,8.023,0,5.429,8.875,5.907,8.519,6.012,5.47,11.835,7.924,8.233,0,3.826,7.956,3.914,3.467,10.754,8.682,0,10.88,2.46,5.874,13.864,4.31
21-TM3:bin_000002,2.273,4.489,0,0,2.14,0,0,0,2.655,4.262,1.958,2.5,3.482,0,2.011,1.389,0,0,22.486,3.885,2.166,4.406,0,2.602,4.164,3.23,1.592,1.72,1.867,0,9.15,2.724,6.02,0,2.377,3.838,3.331,0,0,0,4.23,3.755,0,4.2,3.58,2.669,3.062,1.895,0,0,2.84,3.622,8.021,3.612,0,0,0,2.782,4.186,2.874,6.246,0,2.333,4.269,3.113,1.558,2.523,3.597,9.426,0,2.954,0,2.206,3.467,3.311,1.968,4.361,3.111,0,5.559,0,2.14,5.829,0
21-TM3:bin_000011,0,0,0,0,0,0,0,0,0,0,0,0,0,0,0,0,0,0,0,0,0,0,0,0,0,0,0,0,0,0,0,0,0,0,0,0,0,0,0,0,0,0,0,0,0,0,0,0,0,0,0,0,0,0,0,0,0,0,0,0,0,0,0,0,0,0,0,0,0,0,0,0,0,0,0,0,0,0,0,0,0,0,0,0
21-TM3:bin_000020,0,0,0,0,0,0,0,0,0,0,0,0,0,0,0,0,0,0,0,0,0,0,0,0,0,0,0,0,0,0,0,0,0,0,0,0,0,0,0,0,0,0,0,0,0,0,0,0,0,0,0,0,0,0,0,0,0,0,0,0,0,0,0,0,0,0,0,0,0,0,0,0,0,0,0,0,0,0,0,0,0,0,0,0
21-TM4:bin_000004,0,0,0,0,0,0,0,0,0,0,0,0,0,0,0,0,0,0,0,0,0,0,0,0,0,0,0,0,0,0,0,0,0,0,0,0,0,0,0,0,0,0,0,0,0,0,0,0,0,0,0,0,0,0,0,0,0,0,0,0,0,0,0,0,0,0,0,0,0,0,0,0,0,0,0,0,0,0,0,0,0,0,0,0
21-TM4:bin_000017,0,0,0,0,0,0,0,0,0,0,0,0,0,0,0,0,0,0,5.148,0,0,0,0,0,0,0,0,0,0,0,0,0,0,0,0,0,0,0,0,0,0,0,0,0,0,0,0,0,0,0,0,0,0,0,0,0,0,0,0,0,0,0,0,0,0,0,0,0,0,0,0,0,0,0,0,0,0,0,0,0,0,0,0,0
21-TM4:bin_000041,1.843,2.2,1.85,1.497,2.678,5.68,4.835,0,1.612,4.286,5.443,4.799,2.891,0,1.779,0,0,0,12.037,2.89,6.531,2.473,0,5.81,3.9,0,0,0,1.776,0,3.221,1.54,5.014,4.153,0,4.185,1.505,0,0,1.989,7.336,4.672,0,4.602,2.19,2.279,5.221,2.802,0,0,2.485,3.049,13.045,2.629,0,1.083,0,2.211,1.539,1.54,8.18,0,2.427,2.312,5.19,1.443,3.263,0,6.695,6.655,6.187,0,5.565,1.384,1.824,1.951,2.945,0,0,10.742,0,2.28,8.937,0
21-TM4:bin_000042,0,0,0,0,0,0,0,0,0,0,0,0,0,0,0,0,0,0,34.841,0,0,0,0,0,0,0,0,0,0,0,0,0,0,0,0,0,0,0,0,0,0,0,0,0,0,0,0,0,0,0,0,0,0,0,0,0,0,0,0,0,0,0,0,0,0,0,0,0,0,0,0,0,0,0,0,0,0,0,0,0,0,0,0,0
21-TM4:bin_000052,0,0,0,0,0,0,0,0,0,0,0,0,0,0,0,0,0,0,17.489,0,0,0,0,0,0,0,0,0,0,0,0,0,0,0,0,0,0,0,0,0,0,0,0,0,0,0,0,0,0,0,0,0,0,0,0,0,0,0,0,0,0,0,0,0,0,0,0,0,0,0,0,0,0,0,0,0,0,0,0,0,0,0,0,0
21-TM4:bin_000053,0,0,0,0,0,0,0,0,0,0,0,0,0,0,0,0,0,0,3.782,0,0,0,0,0,0,0,0,0,0,0,0,0,0,0,0,0,0,0,0,0,0,0,0,0,0,0,0,0,0,0,0,0,0,0,0,0,0,0,0,0,0,0,0,0,0,0,0,0,0,0,0,0,0,0,0,0,0,0,0,0,0,0,0,0
D300693:bin_000003,1.971,1.983,2.64,0,0,1.469,0,0,0,1.981,2.505,2.629,0,0,4.377,2.371,0,0,48.589,5.739,2.358,1.533,0,3.383,2.077,1.537,0,0,0,0,3.3,2.362,3.778,0,0,3.861,1.669,0,0,0,0,5.043,2.325,2.775,3.892,4.802,1.82,2.503,0,0,1.191,1.595,5.336,2.201,0,0,0,3.176,2.06,1.773,3.268,0,2.57,1.237,3.533,1.834,7.638,0,5.888,3.471,4.211,0,1.803,2.707,0,4.842,3.078,1.867,0,3.738,1.562,3.465,6.221,0
D300693:bin_000006,0,1.664,0,0,0,0,0,0,0,1.594,1.394,2.756,1.386,0,1.506,1.869,0,0,4.029,1.453,0,1.332,0,3.603,1.362,2.06,1.765,1.759,0,0,4.241,1.434,2.026,0,0,0,0,0,0,1.279,2.103,2.12,0,2.122,1.586,0,1.955,1.786,0,0,1.445,0,10.081,2.767,0,0,0,1.408,1.471,1.419,4.269,0,1.605,0,2.79,2.207,1.173,1.649,2.592,4.112,1.567,0,0,1.43,0,1.433,1.814,2.097,0,2.928,0,1.681,3.568,0
D300693:bin_000013,12.453,2.732,2.951,2.287,11.383,1.97,2.946,0,3.398,0,5.567,3.387,1.819,0,1.599,1.485,0,3.82,15.794,5.577,6.417,6.27,0,4.701,9.635,2.531,0,0,0,0,5.13,3.737,3.829,2.535,3.345,2.977,2.307,0,0,0,0,2.836,0,3.663,2.012,5.985,8.341,6.714,0,0,2.042,7.844,7.367,2.702,0,1.546,0,4.849,3.699,9.25,7.404,0,10.888,2.924,5.403,1.888,4.835,0,30.65,1.883,5.081,0,2.715,1.596,0,2.258,2.193,0,0,10.132,1.402,3.733,5.668,3.409
D300696:bin_000035,0,0,0,0,0,0,0,0,0,0,0,0,0,0,0,0,0,0,4.329,0,0,1.425,0,0,0,0,0,0,0,0,0,0,0,0,0,0,0,0,0,0,0,0,0,0,0,0,0,0,0,0,0,0,0,0,0,0,0,0,0,0,0,0,0,0,0,0,0,0,1.539,0,0,0,0,0,0,0,0,1.361,0,0,0,1.483,1.713,0
D300699:bin_000001,0,0,0,0,0,0,0,0,0,0,0,0,0,0,0,0,0,0,0,0,0,0,0,0,0,0,0,0,0,0,0,0,0,0,0,0,0,0,0,0,0,1.786,0,0,0,0,0,0,0,0,0,2.152,0,0,0,0,0,0,0,0,0,0,0,0,0,0,0,0,0,0,0,0,0,0,0,0,0,0,0,0,0,2.437,2.682,0
D300700:bin_000001,0,0,0,0,0,0,0,0,0,0,0,0,0,0,0,0,0,0,0,0,0,0,0,0,0,0,0,0,0,0,0,0,0,0,0,0,0,0,0,0,0,0,0,0,0,0,0,0,0,0,0,0,0,0,0,0,0,0,0,0,0,0,0,0,0,0,0,0,0,0,0,0,0,0,0,0,0,0,0,0,0,0,0,0
D300706:bin_000006,33.268,28.97,40.718,29.241,20.445,29.662,19.27,12.107,22.571,26.04,69.934,38.849,48.009,0,45.937,27.554,11.4,22.421,47.81,111.631,49.22,40.829,3.578,56.308,53.001,23.615,6.615,14.818,39.258,0,80.451,41.92,84.146,41.602,24.078,50.329,18.568,13.624,2.169,28.468,18.734,39.138,15.472,39.147,30.09,44.134,52.822,32.974,0,29.055,50.627,30.469,76.752,18.413,7.199,16.9,8.465,56.23,40.032,50.29,60.421,0,28.725,50.436,48.308,33.259,44.341,27.176,90.528,64.408,46.298,6.667,58.641,54.921,53.298,30.88,24.136,41.41,3.458,86.374,28.44,36.048,128.306,17.475
D300708:bin_000028,11.966,18.035,21.244,3.599,9.215,8.731,29.539,13.889,5.702,21.192,64.934,21.636,40,0,47.445,8.43,9.42,6.265,13.407,38.865,35.202,8.523,2.368,119.586,12.739,45.367,17.773,8.406,21.367,0,33.155,4.062,42.419,2.262,4.274,24.818,16.533,26.381,0,5.262,10.941,25.439,15.059,11.632,51.165,10.603,20.579,42.209,0,23.882,173.046,6.765,71.569,3.286,1.52,3.689,30.619,85.488,20.975,108.748,20.153,0,7.403,28.186,17.265,6.002,29.741,18.758,64.499,65.766,28.376,21.532,13.397,44.012,17.269,52.431,64.987,14.941,0,31.453,7.047,5.174,23.845,6.7
D300709:bin_000042,5.662,2.444,5.586,3.346,10.648,8.511,5.063,2.844,6.938,10.032,8.619,7.121,9.933,0,12.746,3.189,2.162,4.99,70.195,16.272,12.806,17.118,0,7.857,5.666,5.905,0,1.759,6.416,0,6.973,10.914,16.763,7.65,2.68,6.174,6.012,4.903,0,4.228,3.66,9.387,4.329,4.53,5.001,5.303,12.209,14.999,0,4.294,4.923,11.142,12.707,3.682,2.841,1.562,0,12.481,4.461,19.755,7.004,0,6.936,4.299,11.922,2.184,8.259,3.008,22.753,5.827,17.933,0,11.757,5.488,5.352,3.029,8.757,4.671,0,19.955,7.287,15.477,15.903,3.934
D300710:bin_000020,1.692,4.687,0,0,1.342,0,0,0,0,1.736,0,0,0,0,1.918,0,0,0,32.176,0,2.121,0,0,0,1.851,0,1.989,0,1.99,0,5.907,1.658,1.883,0,0,0,0,0,0,0,0,0,0,0,1.817,0,2.423,2.068,0,0,0,0,8.322,0,0,0,0,2.453,4.273,0,2.466,0,0,2.756,2.39,2.464,0,1.969,3.781,0,0,0,0,0,0,0,5.373,0,0,4.4,0,1.763,3.476,0
D300711:bin_000012,0,0,0,0,0,0,0,0,0,0,0,0,0,0,0,0,0,0,0,0,0,0,0,0,0,0,0,0,0,0,0,0,0,0,0,0,0,0,0,0,0,0,0,0,0,0,0,0,0,0,0,0,0,0,0,0,0,0,0,0,0,0,0,0,0,0,0,0,0,0,0,0,0,0,0,0,0,0,0,0,0,0,0,0
D300711:bin_000013,0,0,0,0,0,0,0,0,0,0,0,0,0,0,0,0,0,0,0,0,0,0,0,0,0,0,0,0,0,0,0,0,0,0,0,0,0,0,0,0,0,0,0,0,0,0,0,0,0,0,0,0,0,0,0,0,0,0,0,0,0,0,0,0,0,0,0,0,0,0,0,0,0,0,0,0,0,0,0,0,0,0,0,0
D300711:bin_000023,0,0,0,0,0,0,0,0,0,0,0,0,0,0,0,0,0,0,1.756,0,0,0,0,0,0,0,0,0,0,0,0,0,0,0,0,0,0,0,0,0,0,0,0,0,0,0,0,0,0,0,0,0,0,0,0,0,0,0,0,0,0,0,0,0,0,0,0,0,0,0,0,0,0,0,0,0,0,0,0,0,0,0,0,0
D300712:bin_000004,1.737,0,0,1.751,0,0,0,0,7.026,0,0,0,0,0,1.789,0,0,0,7.161,6.089,2.109,2.892,0,2.719,0,2.407,0,1.285,1.811,0,2.366,0,2.273,7.817,1.552,3.389,7.404,0,0,6.223,0,0,2.108,5.088,0,0,5.365,2.317,0,0,0,2.984,1.792,2.167,0,0,0,0,9.56,1.681,0,0,3.791,1.301,2.49,0,2.579,0,5.131,2.24,0,0,2.009,1.851,1.684,2.649,0,4.068,0,3.422,0,0,3.816,0
D300712:bin_000006,0,0,0,0,1.891,0,0,0,0,0,0,0,1.774,0,0,0,0,0,5.52,0,0,0,0,0,3.227,0,0,0,0,0,2.864,0,0,0,0,0,0,0,0,0,2.176,1.642,0,2.147,1.565,0,2.378,0,0,0,0,1.936,3.743,0,0,1.359,0,0,2.412,0,0,0,0,1.716,0,0,0,0,2.382,2.716,0,0,0,0,0,1.669,1.555,0,0,0,0,0,3.286,1.828
D300712:bin_000007,5.519,4.486,3.995,0,3.874,4.868,2.831,1.43,5.428,7.031,11.789,6.955,7.224,0,3.838,5.941,1.621,2.318,24.795,8.513,6.311,5.995,0,4.037,4.474,3.449,1.327,1.703,4.244,0,7.728,5.283,10.866,6.781,3.435,8.456,5.458,1.801,0,5.809,3.122,12.116,3.26,7.49,3.51,5.272,6.858,5.24,0,2.463,13.196,6.526,11.62,3.088,2.113,2.691,0,7.168,6.148,9.181,8.494,0,2.815,6.611,7.394,3.922,3.333,4.52,13.275,11.255,10.771,0,7.657,4.978,1.917,2.689,8.305,4.135,0,17.845,2.424,8.287,10.22,2.239
D300712:bin_000016,0,0,0,0,0,0,0,0,0,0,0,0,0,0,0,0,0,0,0,0,0,0,0,0,0,0,0,0,0,0,0,0,0,0,0,0,0,0,0,0,0,0,0,0,0,0,0,0,0,0,0,0,0,0,0,0,0,0,0,0,0,0,0,0,0,0,0,0,0,0,0,0,0,0,0,0,0,0,0,0,0,0,0,0
D300713:bin_000003,4.46,8.431,2.262,0,3.351,0,3.601,0,2.684,4.306,3.455,3.775,5.024,0,2.554,4.266,1.447,2.16,11.464,6.094,3.207,4.88,0,7.835,5.603,4.969,4.958,2.188,0,0,14.913,4.479,6.809,1.529,3.331,8.053,3.326,0,0,2.866,14.013,2.356,2.625,9.397,12.663,3.436,8.422,5.811,0,1.559,6.975,2.793,28.969,4.299,0,2.741,2.167,4.17,6.302,5.742,9.776,0,3.393,6.6,2.674,5.012,3.768,4.712,13.402,8.257,3.296,1.816,2.783,5.709,5.645,3.278,8.17,8.56,0,10.176,2.027,7.619,11.54,2.585
D300713:bin_000009,3.526,5.086,3.096,1.566,3.328,1.901,4.451,1.817,4.093,6.211,3.928,6.348,5.084,0,3.781,4.016,0.983,1.47,20.702,3.976,3.5,4.847,0,10.327,5.959,2.913,7.748,1.579,4.045,0,11.708,2.53,5.74,1.545,3.297,6.818,3.333,0,0,2.182,9.081,6.53,2.68,9.827,3.3,4.817,3.523,2.479,0,1.951,3.726,2.532,18.722,5.048,2.443,3.419,2.2,5.952,5.59,4.232,8.712,0,3.546,6.799,4.275,4.924,3.257,8.094,10.584,6.908,3.738,0,2.427,9.504,9.456,4.144,7.142,5.991,0,9.686,1.519,4.837,9.019,2.478
D300714:bin_000008,7.308,0,3.192,1.947,1.983,0,3.343,1.569,3.386,2.559,4.031,1.318,5.192,0,4.526,2.847,2.052,1.628,11.633,12.621,5.719,4.942,0,6.796,4.01,5.052,0,1.596,1.437,0,2.105,8.743,4.528,4.729,3.426,5.062,2.472,0,0,2.948,0,5.32,1.61,3.373,2.79,0,8.506,4.608,0,0,6.345,4.721,15.769,1.569,0,0,0,4.073,2.255,8.903,4.749,0,4.287,4.537,10.099,3.09,4.142,0,5.811,3.879,4.194,1.717,5.039,5.37,5.192,0,2.68,6.225,0,10,0,3.245,17.149,0
D300719:bin_000003,9.568,10.289,13.469,4.077,4.274,8.652,6.763,4.914,9.951,10.936,5.754,13.264,11.212,0,9.684,11.976,3.395,5.98,16.52,13.832,8.645,12.927,3.608,14.543,15.496,15.592,5.492,6.413,14,0,25.381,7.135,11.752,5.37,5.984,21.646,8.918,4.45,0,5.873,15.642,8.511,9.131,30.786,13.863,13.043,21.081,18.397,0,5.534,5.839,5.583,46.607,13.311,13.627,3.66,4.54,12.22,12.454,13.127,29.881,0,10.339,9.794,15.025,12.421,9.528,20.703,32.165,11.214,10.315,17.225,5.971,19.978,5.623,5.364,13.76,10.348,3.378,25.054,3.393,15.679,22.684,12.279
D300719:bin_000008,0,0,0,0,0,0,0,0,0,0,0,0,0,0,0,0,0,0,0,0,0,0,0,0,0,0,0,0,0,0,0,0,0,0,0,0,0,0,0,0,0,0,0,0,0,0,0,0,0,0,0,0,0,0,0,0,0,0,0,0,0,0,0,0,0,0,0,0,0,0,0,0,0,0,0,0,0,0,0,0,0,0,0,0
D300720:bin_000001,8.427,2.489,3.899,7.199,21.353,9.284,19.456,2.381,14.563,22.518,13.068,26.099,7.74,0,25.764,38.86,5.836,6.882,56.326,24.121,13.627,34.994,4.392,27.259,7.284,21.105,0,8.477,12.711,0,7.307,10.077,18.524,16.776,11.707,13.164,12.072,7.025,0,22.607,0,22.306,4.622,2.905,3.167,11.571,21.397,62.282,0,4.868,14.808,25.078,20.066,15.298,5.818,1.458,1.865,20.436,6.019,59.744,20.702,0,10.513,5.337,17.437,40.934,11.403,0,40.772,7.096,12.696,7.746,24.35,22.964,6.609,0,0,17.823,1.552,34.895,7.722,32.389,10.211,9.736
D300723:bin_000001,0,0,0,0,0,0,0,0,0,0,0,0,0,0,0,0,0,0,0,0,0,0,0,0,0,0,0,0,0,0,0,0,0,0,0,0,0,0,0,0,0,0,0,0,0,0,0,0,0,0,0,0,0,0,0,0,0,0,0,0,0,0,0,0,0,0,0,0,0,0,0,0,0,0,0,0,0,0,0,0,0,0,0,0
D300723:bin_000008,0,1.587,0,0,0,0,0,0,0,2.292,0,2.182,0,0,4.079,0,0,0,5.674,3.483,0,0,0,0,0,1.801,1.291,0,0,0,3.497,0,2.45,0,4.426,0,2.24,0,0,0,2.622,3.819,0,3.341,1.817,2.801,0,0,0,0,0,0,7.072,1.694,2.06,9.949,0,0,0,5.871,2.021,0,2.16,0,2.598,2.363,0,0,2.812,0,0,0,0,4.715,0,1.637,1.956,0,0,0,0,0,3.661,0
D300729:bin_000019,3.015,4.111,4.404,0,4.064,2.161,2.705,0,4.706,4.499,3.233,6.445,4.984,0,2.768,2.996,1.412,0,13.477,4.963,3.729,3.383,0,6.573,4.353,3.159,2.848,0,3.085,0,8.587,3.852,6.169,2.055,1.386,4.703,2.367,0,0,1.895,6.283,6.768,2.611,4.852,4.105,3.527,4.338,3.855,0,1.768,3.956,2.581,18.437,3.463,1.52,1.545,0,4.849,4.065,5.672,6.25,0,3.69,3.827,5.153,3.256,4.657,6.52,12.028,6.279,7.326,0,2.671,4.076,3.568,2.581,7.373,4.211,0,10.212,0,4.674,13.272,4.231
D300742:bin_000002,1.613,1.595,0,4.273,0,2.71,1.762,0,1.77,6.575,2.677,6.81,3.218,0,2.42,6.433,1.047,1.519,10.255,4.19,5.109,2.524,0,7.071,5.41,4.074,1.24,0,1.434,0,4.919,2.84,3.584,4.074,2.915,3.403,3.469,1.747,0,3.865,1.508,3.268,1.991,3.624,2.545,4.105,2.785,3.619,0,0,1.966,3.702,8.675,1.442,1.66,1.515,0,6.935,2.899,5.155,7.229,0,3.475,2.269,6.686,5.988,1.919,0,5.394,3.466,1.906,0,7.072,4.499,2.375,0,0,2.344,0,8.201,2.501,4.006,6.098,0
D300748:bin_000014,0,1.837,0,0,0,0,0,0,0,0,0,0,0,0,0,1.506,0,0,8.252,0,0,0,0,0,0,0,0,0,0,0,0,0,0,0,0,1.52,0,0,0,0,0,0,0,0,0,0,0,1.88,0,0,0,0,6,1.055,0,0,0,0,0,0,0,0,0,0,0,1.548,0,2.238,2.074,0,0,0,0,0,0,0,0,0,0,0,0,0,0,0
D300750:bin_000009,0,0,0,0,0,0,0,0,0,0,0,0,0,0,0,0,0,0,0,0,0,0,0,0,0,0,0,0,0,0,0,0,0,0,0,0,0,0,0,0,0,0,0,0,0,0,0,0,0,0,0,0,0,0,0,0,0,0,0,0,0,0,0,0,0,0,0,0,0,0,0,0,0,0,0,0,0,0,0,0,0,0,0,0
D300751:bin_000024,0,0,0,0,0,0,0,0,0,0,0,0,0,0,0,0,0,0,2.946,0,0,0,0,0,0,0,1.069,0,0,0,0,0,0,0,0,0,0,0,0,0,0,0,0,0,0,0,0,0,0,0,0,0,0,0,0,0,0,0,3.349,2.636,0,0,0,0,0,0,0,0,0,3.283,2.392,0,0,1.566,0,0,0,0,0,1.788,0,0,1.636,0
D300751:bin_000031,0,0,0,0,0,0,0,0,0,0,0,0,0,0,0,0,0,0,1.048,0,0,0,0,0,0,0,0,0,0,0,0,0,0,0,0,0,0,0,0,0,0,0,0,0,0,0,0,0,0,0,0,0,0,0,0,0,0,0,0,0,0,0,0,0,0,0,0,0,0,0,0,0,0,0,0,0,0,0,0,0,0,0,0,0
D300754:bin_000002,0,0,0,0,0,0,0,0,0,0,0,0,0,0,0,0,0,0,0,0,0,0,0,0,0,0,0,0,0,0,0,0,0,0,0,0,0,0,0,0,0,0,0,0,0,0,0,0,0,0,0,0,0,0,0,0,0,0,0,0,0,0,0,0,0,0,0,0,0,0,0,0,0,0,0,0,0,0,0,0,0,0,0,0
D300754:bin_000004,0,0,0,0,0,0,0,0,0,0,0,0,0,0,0,0,0,0,0,0,0,0,0,0,0,0,0,0,0,0,0,0,0,0,0,0,0,0,0,0,0,0,0,0,0,0,0,0,0,0,0,0,0,0,0,0,0,0,0,0,0,0,0,0,0,0,0,0,0,0,0,0,0,0,0,0,0,0,0,0,0,0,0,0
D300755:bin_000017,0,0,0,0,0,0,0,0,0,0,0,0,0,0,0,0,0,0,0,0,0,0,0,0,0,0,0,0,0,0,0,0,0,0,0,0,0,0,0,0,0,0,0,0,0,0,0,0,0,0,0,0,0,0,0,0,0,0,0,0,0,0,0,0,0,0,0,0,0,0,0,0,0,0,0,0,0,0,0,0,0,0,0,0
D300757:bin_000005,0,2.5,0,0,0,9.623,6.113,0,6.872,0,0,0,0,0,0,0,0,3.955,26.709,0,0,0,0,13.765,0,0,1.74,0,0,0,0,0,0,0,0,2.425,0,0,1.605,1.993,32.882,11.142,6.208,0,91.108,0,11.125,17.729,0,2.947,10.845,3.233,65.829,0,0,1.938,0,9.123,0,32.939,18.95,0,0,20.044,1.434,0,20.231,7.444,30.521,23.263,0,0,4.056,0,4.349,0,59.086,0,0,37.955,0,0,0,0
D300759:bin_000011,0,0,0,0,0,2.086,0,0,0,0,0,0,0,0,0,0,0,0,46.492,0,0,0,0,0,0,0,0,0,0,0,0,0,0,0,0,4.001,0,0,0,0,0,0,1.682,0,1.884,0,0,0,0,0,1.118,0,4.426,0,0,0,0,0,0,1.986,1.472,0,1.39,0,0,0,0,5.442,1.411,6.337,0,0,0,0,0,0,2.054,0,0,3.899,0,0,0,0
D300759:bin_000036,0,0,0,0,0,0,0,0,0,0,0,0,0,0,0,0,0,0,13.033,0,0,0,0,0,0,0,0,0,0,0,0,0,0,0,0,0,0,0,0,0,0,0,0,0,0,0,0,0,0,0,0,0,0,0,0,0,0,0,0,0,0,0,0,0,0,0,0,0,0,0,0,0,0,0,0,0,0,0,0,0,0,0,0,0
D300760:bin_000013,0,0,0,0,0,0,0,0,0,0,0,0,0,0,0,0,0,0,0,0,0,0,0,0,0,0,0,0,0,0,0,0,0,0,0,0,0,0,0,0,0,0,0,0,0,0,0,0,0,0,0,0,0,0,0,0,0,0,0,0,0,0,0,0,0,0,0,0,0,0,0,0,0,0,0,0,0,0,0,0,0,0,0,0
D300763:bin_000009,0,0,0,0,0,0,0,0,0,0,0,0,0,0,0,0,0,0,0,0,0,0,0,0,0,0,0,0,0,0,0,0,0,0,0,0,0,0,0,0,0,0,0,0,0,0,0,0,0,0,0,0,0,0,0,0,0,0,0,0,0,0,0,0,0,0,0,0,0,0,0,0,0,0,0,0,0,0,0,0,0,0,0,0
D300763:bin_000013,0,0,0,0,0,0,0,0,0,0,0,0,0,0,0,0,0,0,0,0,0,0,0,0,0,0,0,0,0,0,0,0,0,0,0,0,0,0,0,0,0,0,0,0,0,0,0,0,0,0,0,0,0,0,0,0,0,0,0,0,0,0,0,0,0,0,0,0,0,0,0,0,0,0,0,0,0,0,0,0,0,0,0,0
D300763:bin_000022,8.888,34.091,10.708,4.693,6.062,5.702,10.346,3.404,9.962,16.988,12.213,17.608,17.393,0,10.695,23.634,4.679,5.706,167.959,15.791,10.216,16.159,2.16,24.556,22.315,16.966,26.2,8.284,14.406,0,50.811,7.53,21.583,7.221,8.21,23.713,16.213,4.067,0,12.25,31.971,18.755,10.758,33.393,14.282,10.415,18.032,8.96,0,5.635,18.719,10.225,85.159,14.571,12.472,9.055,6.735,27.601,26.88,11.711,34.796,0,11.502,22.235,23.853,27.331,16.02,26.718,41.13,33.889,14.902,3.819,9.021,29.115,19.97,9.536,22.359,15.108,2.548,32.178,7.689,17.123,34.826,9.36
D300763:bin_000032,0,0,0,0,0,0,0,0,0,0,0,0,0,0,0,0,0,0,3.513,0,0,0,0,0,0,0,0,0,0,0,0,0,0,0,0,0,0,0,0,0,0,0,0,0,0,0,0,0,0,0,0,0,0,0,0,0,0,0,0,0,0,0,0,0,0,0,0,0,0,0,0,0,0,0,0,0,0,0,0,0,0,0,0,0
D300764:bin_000008,0,0,0,0,0,0,0,0,0,0,0,0,0,0,0,0,0,0,368.065,0,0,0,0,0,0,0,0,0,0,0,0,0,0,0,0,0,0,0,0,0,0,0,0,0,0,0,0,0,0,0,0,0,0,0,0,0,0,0,0,0,0,0,0,0,0,0,0,0,0,0,0,0,0,0,0,0,0,0,0,0,0,0,0,0
D300764:bin_000013,0,0,0,0,0,0,0,0,0,0,0,0,0,0,0,0,0,0,81.208,0,0,0,0,0,0,0,0,0,0,0,0,0,0,0,0,0,0,0,0,0,0,0,0,0,0,0,0,0,0,0,0,0,0,0,0,0,0,0,0,0,0,0,0,0,0,0,0,0,0,0,0,0,0,0,0,0,0,0,0,0,0,0,0,0
D300766:bin_000008,0,0,0,0,0,0,0,0,0,0,0,0,0,0,0,0,0,0,0,0,0,0,0,0,0,0,0,0,0,0,0,0,0,0,0,0,0,0,0,0,0,0,0,0,0,0,0,0,0,0,0,0,0,0,0,0,0,0,0,0,0,0,0,0,0,0,0,0,0,0,0,0,0,0,0,0,0,0,0,0,0,0,0,0
D300766:bin_000009,0,0,0,0,0,0,0,0,0,0,0,0,0,0,0,0,0,0,0,0,0,0,0,0,0,0,0,0,0,0,0,0,0,0,0,0,0,0,0,0,0,0,0,0,0,0,0,2.139,0,0,0,0,0,0,0,0,0,0,0,0,0,0,0,0,0,0,0,0,0,0,0,0,0,0,0,0,0,0,0,0,0,0,0,0
MPB:bin_000002,0,0,0,0,0,0,0,0,0,0,0,0,0,0,0,0,0,0,0,0,0,0,0,0,0,0,0,0,0,0,0,0,0,0,0,0,0,0,0,0,0,0,0,0,0,0,0,0,0,0,0,0,0,0,0,0,0,0,0,0,0,0,0,0,0,0,0,0,0,0,0,0,0,0,0,0,0,0,0,0,0,0,0,0
MPB:bin_000004,0,0,0,0,0,0,0,0,0,0,0,0,0,0,0,0,0,0,0,0,0,0,0,0,0,0,0,0,0,0,0,0,0,0,0,0,0,0,0,0,0,0,0,0,0,0,0,0,0,0,0,0,1.273,0,0,0,0,0,0,0,0,0,0,0,0,0,0,0,0,0,0,0,0,0,0,0,0,0,0,0,0,0,0,0
MPB:bin_000005,0,0,0,1.385,3.494,0,0,2.253,3.845,0,3.673,3.426,0,0,3.941,9.833,0,3.872,19.162,4.012,0,3.037,0,4.873,1.808,0,0,0,0,0,4.387,3.273,2.374,2.005,2.815,0,2.135,0,0,0,0,3.729,3.202,2.329,2.926,4.748,5.127,5.01,0,0,2.383,3.311,6.359,2.647,0,0,0,0,3.058,12.335,0,0,5.24,0,4.282,3.112,2.461,0,8.522,0,3.076,0,5.224,4.293,0,2.822,2.064,0,0,3.453,0,2.08,2.989,0
MPB:bin_000006,0,0,0,0,0,0,0,0,0,0,0,0,0,0,0,0,0,0,2.694,0,0,0,0,0,0,0,0,0,0,0,0,0,0,0,0,0,0,0,0,0,0,0,0,0,0,0,0,0,0,0,0,0,0,0,0,0,0,0,0,0,0,0,0,0,0,0,0,0,1.844,0,0,0,0,0,0,0,0,0,0,0,0,0,0,0
MPB:bin_000007,0,0,0,0,0,0,0,0,0,0,0,0,0,0,0,0,0,0,2.456,0,0,0,0,0,0,0,0,0,0,0,0,0,0,0,0,0,0,0,0,0,0,0,0,0,0,0,0,0,0,0,0,0,1.755,0,0,0,0,0,0,0,0,0,0,0,0,0,0,0,0,0,0,0,0,0,0,0,0,0,0,0,0,0,0,0
MPB:bin_000009,0,0,0,0,0,0,0,0,0,0,0,0,0,0,0,0,0,0,0,0,0,0,0,0,0,0,0,0,0,0,0,0,0,0,0,0,0,0,0,0,0,0,0,0,0,0,0,0,0,0,0,0,0,0,0,0,0,0,0,0,0,0,0,0,0,0,0,0,0,0,0,0,0,0,0,0,0,0,0,0,0,0,0,0
MPB:bin_000010,0,0,0,0,0,0,0,0,0,0,0,0,0,0,0,0,0,0,0,0,0,0,0,0,0,0,0,0,0,0,0,0,0,0,0,0,0,0,0,0,0,0,0,0,0,0,0,0,0,0,0,0,0,0,0,0,0,0,0,0,0,0,0,0,0,0,0,0,0,0,0,0,0,0,0,0,0,0,0,0,0,0,0,0
MPB:bin_000011,0,0,0,0,0,0,0,0,0,0,0,0,0,0,0,0,0,0,0,0,0,0,0,0,0,0,0,0,0,0,0,0,0,0,0,0,0,0,0,0,0,0,0,0,0,0,0,0,0,0,0,0,0,0,0,0,0,0,0,0,0,0,0,0,0,0,0,0,0,0,0,0,0,0,0,0,0,0,0,0,0,0,0,0
MPB:bin_000016,22.99,55.509,34.346,3.519,17.028,18.373,14.081,17.909,34.226,44.027,26.463,33.168,34.998,0,14.378,23.726,6.453,14.317,79.084,40.868,31.308,36.372,5.166,50.798,49.408,26.43,46.487,9.702,19.636,0,113.246,26.845,43.519,13.233,21.624,46.894,23.694,6.072,0,27.47,81.021,35.948,12.845,75.286,42.136,35.929,27.61,20.325,0,10.656,34.724,22.192,150.134,29.896,26.212,15.516,9.523,34.944,35.038,36.094,91.506,0,35.403,38.508,33.489,57.846,32.051,57.159,85.455,73.852,27.342,4.868,16.129,52.189,66.909,27.761,56.995,56.463,2.339,77.797,12.316,30.769,66.055,29.702
MPB:bin_000017,0,0,0,0,0,0,0,0,0,0,0,0,0,0,0,0,0,0,17.823,0,0,0,0,0,0,0,0,0,0,0,0,0,0,0,0,0,0,0,0,0,0,0,0,0,0,0,0,0,0,0,0,0,0,0,0,0,0,0,0,0,0,0,0,0,0,0,0,0,0,0,0,0,0,0,0,0,0,0,0,0,0,0,0,0
MPB:bin_000019,8.026,25.64,9.277,2.458,12.678,8.829,14.535,11.457,17.538,23.256,10.411,26.488,13.595,0,8.627,18.429,3.71,4.45,24.068,13.412,14.751,18.486,2.328,26.055,29.105,13.946,19.793,4.645,21.469,0,48.114,18.056,24.691,6.773,7.587,16.031,10.156,2.061,0,6.023,22.362,35.194,6.222,48.956,10.808,10.318,19.103,7.201,0,4.278,18.24,10.872,84.219,10.802,7.205,8.216,6.936,20.979,23.171,9.366,30.21,0,15.584,30.005,26.943,26.396,12.496,41.967,47.303,33.068,16.441,2.967,8.227,30.335,18.12,13.464,42.357,23.287,0,37.518,5.529,9.416,48.178,14.366
MPB:bin_000021,0,0,0,0,0,0,0,0,0,0,0,0,0,0,0,0,0,0,1.641,0,0,0,0,0,0,0,0,0,0,0,0,0,0,0,0,0,0,0,0,0,0,1.379,0,0,0,0,0,0,0,0,0,0,3.022,0,0,0,0,0,0,1.352,0,0,0,0,1.529,0,0,0,0,0,0,0,0,0,0,0,0,0,0,0,0,0,0,0
MPB:bin_000022,0,0,0,0,0,0,0,0,0,0,0,0,0,0,0,0,0,0,0,0,0,0,0,0,0,0,0,0,0,0,0,0,0,0,0,0,0,0,0,0,0,0,0,0,0,0,0,0,0,0,0,0,0,0,0,0,0,0,0,0,0,0,0,0,0,0,0,0,0,0,0,0,0,0,0,0,0,0,0,0,0,0,0,0
MPB:bin_000023,0,0,0,0,0,0,0,0,0,0,0,0,0,0,0,0,0,0,0,0,0,0,0,0,0,0,0,0,0,0,0,0,0,0,0,0,0,0,0,0,0,0,0,0,0,0,0,0,0,0,0,0,0,0,0,0,0,0,0,0,0,0,0,0,0,0,0,0,0,0,0,0,0,0,0,0,0,0,0,0,0,0,0,0
MPB:bin_000026,0,0,0,0,0,0,0,0,0,0,0,0,0,0,0,0,0,0,0,0,0,0,0,0,0,0,0,0,0,0,0,0,0,0,0,0,0,0,0,0,0,0,0,0,0,0,0,0,0,0,0,0,0,0,0,0,0,0,0,0,0,0,0,0,0,0,0,0,0,0,0,0,0,0,0,0,0,0,0,0,0,0,0,0
MPB:bin_000030,0,0,0,0,0,0,0,0,0,0,0,0,0,0,0,0,0,0,0,0,0,0,0,0,0,0,0,0,0,0,0,0,0,0,0,0,0,0,0,0,0,0,0,0,0,0,0,0,0,0,0,0,0,0,0,0,0,0,0,0,0,0,0,0,0,0,0,0,0,0,0,0,0,0,0,0,0,0,0,0,0,0,0,0
MPB:bin_000034,0,0,0,0,0,0,0,0,0,0,0,0,0,0,0,0,0,0,0,0,0,0,0,0,0,0,0,0,0,0,0,0,0,0,0,0,0,0,0,0,0,0,0,0,0,0,0,0,0,0,0,0,0,0,0,0,0,0,0,0,0,0,0,0,0,0,0,0,0,0,0,0,0,0,0,0,0,0,0,0,0,0,0,0
MPB:bin_000035,0,0,0,0,0,0,0,0,0,0,0,0,0,0,0,0,0,0,2.091,0,0,0,0,0,0,0,0,0,0,0,0,0,0,0,0,0,0,0,0,0,0,0,0,0,0,0,0,0,0,0,0,0,1.608,0,0,0,0,0,0,0,0,0,0,0,0,0,0,0,0,0,0,0,0,0,0,0,0,0,0,0,0,0,0,0
MPB:bin_000037,0,0,0,0,0,0,0,0,0,0,0,0,0,0,0,0,0,0,4.129,0,0,0,0,0,0,0,0,0,0,0,0,0,0,0,0,0,0,0,0,0,0,0,0,0,0,0,0,0,0,0,0,0,0,0,0,0,0,0,0,0,0,0,0,0,0,0,0,1.191,0,0,0,0,0,0,0,0,0,0,0,0,0,0,0,0
MPB:bin_000040,0,0,0,0,0,0,0,0,0,0,0,0,0,0,0,0,0,0,0,0,0,0,0,0,0,0,0,0,0,0,0,0,0,0,0,0,0,0,0,0,0,0,0,0,0,0,0,0,0,0,0,0,0,0,0,0,0,0,0,0,0,0,0,0,0,0,0,0,0,0,0,0,0,0,0,0,0,0,0,0,0,0,0,0
MPB:bin_000041,0,0,0,0,0,0,0,0,0,0,0,0,0,0,0,0,0,0,0,0,0,0,0,0,0,0,0,0,0,0,0,0,0,0,0,0,0,0,0,0,0,0,0,0,0,0,0,0,0,0,0,0,0,0,0,0,0,0,0,0,0,0,0,0,0,0,0,0,0,0,0,0,0,0,0,0,0,0,0,0,0,0,0,0
MPB:bin_000042,53.809,59.717,50.788,10.345,64.963,48.546,63.999,24.839,54.212,69.389,56.63,45.234,67.383,0,43.379,31.775,13.006,41.908,73.77,78.096,74.011,85.51,10.486,102.051,61.737,46.973,35.267,19.492,72.594,0,122.589,73.88,103.381,45.8,25.797,77.157,52.288,18.726,2.479,39.452,59.637,97.285,50.536,57.166,74.418,38.143,98.549,65.21,0,30.385,58.459,60.758,214.294,33.837,15.442,11.84,26.767,66.452,62.172,73.715,94.328,0,73.978,72.375,67.408,34.437,65.6,71.673,237.015,91.675,93.879,20.113,55.021,57.515,70.948,59.911,127.253,47.394,4.922,187.123,20.465,60.893,133.768,49.414
MPB:bin_000044,0,0,0,0,0,0,0,0,0,0,0,1.126,0,0,0,0,0,0,0.942,1.848,0,0,0,0,1.117,0,0,0,0,0,0,0,0,0,0,0,0,0,0,0,0,2.349,0,0,0,0,0,0,0,0,0,0,0,2.126,0,0,0,0,0,0,1.468,0,0,0,0,0,0,1.223,0,2.318,0,0,0,0,0,0,0,0,0,0,0,0,1.817,0
MPB:bin_000047,0,0,0,0,0,0,0,0,0,0,0,0,0,0,0,0,0,0,3.456,0,0,0,0,0,0,0,0,0,0,0,0,0,0,0,0,0,0,0,0,0,0,0,0,0,0,0,0,0,0,0,0,0,0,0,0,0,0,0,0,0,0,0,0,0,0,0,0,0,0,0,0,0,0,0,0,0,0,0,0,0,0,0,0,0
MPB:bin_000048,0,0,0,0,0,0,0,0,0,0,0,0,0,0,0,0,0,0,0,0,0,0,0,0,0,0,0,0,0,0,0,0,0,0,0,0,0,0,0,0,0,0,0,0,0,0,0,0,0,0,0,0,0,0,0,0,0,0,0,0,0,0,0,0,0,0,0,0,0,0,0,0,0,0,0,0,0,0,0,0,0,0,0,0
MPB:bin_000049,3.532,4.381,5.614,2.182,2.9,2.094,2.661,2.129,3.691,9.016,6.175,9.142,4.034,0,3.661,4.527,0.899,1.989,13.755,4.731,5.9,6.425,0,11.696,7.15,3.415,7.23,1.599,5.4,0,12.679,3.739,5.362,0,3.281,6.688,1.888,0,0,3.236,12.513,16.981,2.359,14.78,5.244,6.436,4.256,2.795,0,0,5.916,4.003,25.948,4.663,1.573,4.175,0,6.015,9.329,4.184,9.668,0,3.754,12.249,7.503,5.803,3.253,11.251,12.452,17.285,6.561,0,2.415,11.97,5.763,5.542,12.379,10.318,0,14.266,2.459,7.9,10.632,5.665
MPB:bin_000050,0,0,0,0,0,0,0,0,0,0,0,1.94,1.643,0,0,0,0,0,3.547,0,0,0,0,0,0,0,0,0,0,0,0,0,0,0,0,0,0,0,0,0,0,2.056,0,0,0,0,0,0,0,0,0,0,2.977,0,0,0,0,0,0,0,0,0,0,2.016,0,1.872,0,0,0,0,0,0,0,2.616,0,0,0,0,0,2.801,0,0,0,0
MPB:bin_000051,0,0,0,0,0,0,0,0,0,0,0,0,0,0,0,0,0,0,1.555,0,0,0,0,0,0,0,0,0,0,0,0,0,0,0,0,0,0,0,0,0,0,0,0,0,0,0,0,0,0,0,0,0,0,0,0,0,0,0,0,0,0,0,0,0,0,0,0,0,0,0,0,0,0,0,0,0,0,0,0,0,0,0,0,0
MPB:bin_000052,0,0,0,0,0,0,0,0,0,0,0,0,0,0,0,0,0,0,0,0,0,0,0,0,0,0,0,0,0,0,0,0,0,0,0,0,0,0,0,0,0,0,0,0,0,0,0,0,0,0,0,0,0,0,0,0,0,0,0,0,0,0,0,0,0,0,0,0,0,0,0,0,0,0,0,0,0,0,0,0,0,0,0,0
MPB:bin_000053,0,0,0,0,0,0,0,0,0,0,0,0,0,0,0,0,0,0,0,0,0,0,0,0,0,0,0,0,0,0,0,0,0,0,0,0,0,0,0,0,0,0,0,0,0,0,0,0,0,0,0,0,0,0,0,0,0,0,0,0,0,0,0,0,0,0,0,0,0,0,0,0,0,0,0,0,0,0,0,0,0,0,0,0
MPB:bin_000055,0,0,0,0,0,0,0,0,0,0,0,0,0,0,0,0,0,0,5.512,0,0,0,0,0,0,0,0,0,0,0,0,0,0,0,0,0,0,0,0,0,0,0,0,0,0,0,0,0,0,0,0,0,0,0,0,0,0,0,0,0,0,0,0,0,0,0,0,0,0,0,0,0,0,0,0,0,0,0,0,0,0,0,0,0
MPB:bin_000057,0,0,0,0,0,0,0,0,0,0,0,0,0,0,0,0,0,0,0,0,0,0,0,0,0,0,0,0,0,0,0,0,0,0,0,0,0,0,0,0,0,0,0,0,0,0,0,0,0,0,0,0,0,0,0,0,0,0,0,0,0,0,0,0,0,0,0,0,0,0,0,0,0,0,0,0,0,0,0,0,0,0,0,0
MPB:bin_000059,0,0,0,0,0,0,0,0,0,0,0,0,0,0,0,0,0,0,0,0,0,0,0,0,0,0,0,0,0,0,0,0,0,0,0,0,0,0,0,0,0,0,0,0,0,0,0,0,0,0,0,0,0,0,0,0,0,0,0,0,0,0,0,0,0,0,0,0,0,0,0,0,0,0,0,0,0,0,0,0,0,0,0,0
MPB:bin_000061,0,0,0,0,0,0,0,0,0,0,0,0,0,0,0,0,0,0,0,0,0,0,0,0,0,0,0,0,0,0,0,0,0,0,0,0,0,0,0,0,0,0,0,0,0,0,0,0,0,0,0,0,0,0,0,0,0,0,0,0,0,0,0,0,0,0,0,0,0,0,0,0,0,0,0,0,0,0,0,0,0,0,0,0
MPB:bin_000062,0,0,0,0,0,0,0,0,0,0,0,0,0,0,0,0,0,0,0,0,0,0,0,0,0,0,0,0,0,0,0,0,0,0,0,0,0,0,0,0,0,0,0,0,0,0,0,0,0,0,0,0,0,0,0,0,0,0,0,0,0,0,0,0,0,0,0,0,0,0,0,0,0,0,0,0,0,0,0,0,0,0,0,0
MPB:bin_000063,0,0,0,1.658,0,0,0,0,0,1.627,1.662,0,0,0,3.712,1.939,0,0,3.184,1.644,1.493,2.175,0,1.549,0,1.707,0,0,1.718,0,3.609,0,2.096,0,0,0,5.462,0,0,0,0,1.747,0,1.586,2.023,1.717,0,0,0,0,0,0,3.431,0,0,0,0,2.476,0,1.599,0,0,0,0,4.626,0,0,0,2.05,6.736,0,0,1.608,3.812,0,1.998,0,0,0,0,1.462,0,5.056,0
MPB:bin_000064,3.709,2.835,0,3.122,6.984,12.224,1.936,0,10.547,3.852,10.335,2.808,2.879,0,3.432,2.423,1.863,2.539,11.014,13.528,15.511,7.191,0,4.809,4.012,2.132,0,0,4.473,0,4.331,6.235,7.254,5.301,3.223,5.817,0,2.42,0,2.818,0,12.728,0,0,0,3.658,6.992,3.053,0,0,2.262,8.104,7.493,2.727,0,0,0,3.849,5.116,13.827,3.321,0,4.716,4.006,4.417,3.207,3.308,0,18.911,4.413,7.909,0,19.572,3.364,4.917,0,0,4.338,0,12.255,4.68,8.05,2.671,1.794
MPB:bin_000065,0,0,0,0,0,0,0,0,0,0,0,0,0,0,0,0,0,0,0,0,0,0,0,0,0,0,0,0,0,0,0,0,0,0,0,0,0,0,0,0,0,0,0,0,0,0,0,0,0,0,0,0,0,0,0,0,0,0,0,0,0,0,0,0,0,0,0,0,0,0,0,0,0,0,0,0,0,0,0,0,0,0,0,0
MPB:bin_000066,3.497,5.632,3.203,0,4.257,2.881,2.662,0,3.226,5.22,0,6.845,5.514,0,2.005,2.464,1.526,1.825,7.335,4.375,6.332,6.932,0,9.899,7.39,2.374,2.903,3.182,5.498,0,13.138,5.873,6.241,1.558,2.097,6.059,3.799,1.829,0,1.647,8.693,5.874,3.522,17.888,3.601,7.461,6.278,5.074,0,3.62,5.461,4.607,20.009,7.317,4.027,1.863,6.859,3.996,5.435,7.295,11.184,0,3.53,12.083,3.757,6.303,4.467,9.387,15.656,6.458,4.828,5.648,1.913,6.134,7.483,3.237,13.691,7.716,1.93,12.447,1.269,6.043,9.124,3.993
MPB:bin_000069,5.567,4.465,5.121,4.808,7.416,7.275,7.696,3.061,4.82,12.029,11.538,9.317,6.615,0,6.611,8.892,2.507,3.325,25.067,17.05,9.813,9.504,2.4,18.319,9.118,8.296,3.163,5.227,7.969,0,16.4,5.267,15.975,4.724,6.51,9.441,8.724,5.213,0,7.688,4.166,8.631,8.337,7.354,6.726,19.388,8.78,10.404,0,3.726,5.835,7.833,16.768,4.385,5.374,4.304,0,10.639,7.839,10.462,12.175,0,14.032,5.393,12.745,9.067,8.219,2.475,22.485,16.515,10.015,1.711,12.73,14.454,7.189,7.129,4.779,6.011,0,17.973,5.034,19.42,17.275,5.723
MPB:bin_000070,0,0,0,0,0,0,0,0,0,0,0,0,0,0,0,0,0,0,0,0,0,0,0,0,0,0,0,0,0,0,0,0,0,0,0,0,0,0,0,0,0,0,0,0,0,0,0,0,0,0,0,0,0,0,0,0,0,0,0,0,0,0,0,0,0,0,0,0,0,0,0,0,0,0,0,0,0,0,0,0,0,0,0,0
MPB:bin_000072,0,0,0,0,0,0,0,0,0,0,0,0,0,0,0,0,0,0,0,0,0,0,0,0,0,0,0,0,0,0,0,0,0,0,0,0,0,0,0,0,0,0,0,0,0,0,0,0,0,0,0,0,0,0,0,0,0,0,0,0,0,0,0,0,0,0,0,0,0,0,0,0,0,0,0,0,0,0,0,0,0,0,0,0
MPB:bin_000073,0,0,0,0,0,0,0,0,0,0,0,0,0,0,0,0,0,0,0,0,0,0,0,0,0,0,0,0,0,0,0,0,0,0,0,0,0,0,0,0,0,0,0,0,0,0,0,0,0,0,0,0,0,0,0,0,0,0,0,0,0,0,0,0,0,0,0,0,0,0,0,0,0,0,0,0,0,0,0,0,0,0,0,0
MPB:bin_000074,0,0,0,0,0,0,0,0,0,0,0,0,0,0,0,0,0,0,0,0,0,0,0,0,0,0,0,0,0,0,0,0,0,0,0,0,0,0,0,0,0,0,0,0,0,0,0,0,0,0,0,0,0,0,0,0,0,0,0,0,0,0,0,0,0,0,0,0,0,0,0,0,0,0,0,0,0,0,0,0,0,0,0,0
MPB:bin_000075,0,0,0,0,0,0,0,0,0,0,0,0,0,0,0,0,0,0,0,0,0,0,0,0,0,0,0,0,0,0,0,0,0,0,0,0,0,0,0,0,0,0,0,0,0,0,0,0,0,0,0,0,0,0,0,0,0,0,0,0,0,0,0,0,0,0,0,0,0,0,0,0,0,0,0,0,0,0,0,0,0,0,0,0
MPB:bin_000076,9.961,18.43,7.935,6.077,7.813,6.285,4.687,3.05,9.939,18.813,7.337,9.801,15.799,0,10.439,11.826,3.179,4.479,20.164,19.338,7.28,15.083,4.01,22.092,16.219,9.758,7.379,6.575,10.4,0,29.414,7.176,23.06,6.408,8.469,23.464,9.699,4.939,0,9.15,18.214,13.986,7.296,34.311,8.623,11.826,12.941,6.087,0,7.366,7.788,8.388,47.916,15.64,4.897,6.86,4.804,18.085,10.334,7.67,30.192,0,10.045,17.01,11.53,18.728,13.968,16.133,32.307,21.707,15.707,2.113,7.183,17.631,12.755,11.81,20.286,18.42,0,29.914,4.546,10.58,40.451,13.374
MPB:bin_000079,0,0,0,0,0,0,0,0,0,0,0,0,0,0,0,0,0,0,0,0,0,0,0,0,0,0,0,0,0,0,0,0,0,0,0,0,0,0,0,0,0,0,0,0,0,0,0,0,0,0,0,0,0,0,0,0,0,0,0,0,0,0,0,0,0,0,0,0,0,0,0,0,0,0,0,0,0,0,0,0,0,0,0,0
MPB:bin_000080,0,0,0,0,0,0,0,0,0,0,0,0,0,0,0,0,0,0,0,0,0,0,0,0,0,0,0,0,0,0,0,0,0,0,0,0,0,0,0,0,0,0,0,0,0,0,0,0,0,0,0,0,0,0,0,0,0,0,0,0,0,0,0,0,0,0,0,0,0,0,0,0,0,0,0,0,0,0,0,0,0,0,0,0
MPB:bin_000081,0,0,0,0,0,0,0,0,0,0,0,0,0,0,0,0,0,0,0,0,0,0,0,0,0,0,0,0,0,0,0,0,0,0,0,0,0,0,0,0,0,0,0,0,0,0,0,0,0,0,0,0,0,0,0,0,0,0,0,0,0,0,0,0,0,0,0,0,0,0,0,0,0,0,0,0,0,0,0,0,0,0,0,0
MPB:bin_000082,0,0,0,0,0,0,0,0,0,0,0,0,0,0,0,0,0,0,0,0,0,0,0,0,0,0,0,0,0,0,0,0,0,0,0,0,0,0,0,0,0,0,0,0,0,0,0,0,0,0,0,0,0,0,0,0,0,0,0,0,0,0,0,0,0,0,0,0,0,0,0,0,0,0,0,0,0,0,0,0,0,0,0,0
MPB:bin_000083,0,0,0,0,0,0,0,0,0,0,0,0,0,0,0,0,0,0,0,0,0,0,0,0,0,0,0,0,0,0,0,0,0,0,0,0,0,0,0,0,0,0,0,0,0,0,0,0,0,0,0,0,0,0,0,0,0,0,0,0,0,0,0,0,0,0,0,0,0,0,0,0,0,0,0,0,0,0,0,0,0,0,0,0
MPB:bin_000085,0,0,0,0,0,0,0,0,0,0,0,0,0,0,0,0,0,0,0,0,0,0,0,0,0,0,0,0,0,0,0,0,0,0,0,0,0,0,0,0,0,0,0,0,0,0,0,0,0,0,0,0,0,0,0,0,0,0,0,0,0,0,0,0,0,0,0,0,0,0,0,0,0,0,0,0,0,0,0,0,0,0,0,0
MPB:bin_000087,0,0,0,0,0,0,0,0,0,0,0,1.544,0,0,0,0,0,0,1.707,0,0,0,0,2.397,0,0,0,0,0,0,0,0,0,0,0,0,0,0,0,0,0,2.477,0,0,0,0,0,0,0,0,1.658,0,2.771,1.901,0,0,0,0,0,5.252,2.785,0,0,0,0,0,0,0,1.462,0,0,0,0,0,0,0,0,1.39,0,1.473,0,0,0,0
MPB:bin_000088,0,0,0,0,0,0,0,0,0,0,0,0,0,0,0,0,0,0,0,0,0,0,0,0,0,0,0,0,0,0,0,0,0,0,0,0,0,0,0,0,0,0,0,0,0,0,0,0,0,0,0,0,0,0,0,0,0,0,0,0,0,0,0,0,0,0,0,0,0,0,0,0,0,0,0,0,0,0,0,0,0,0,0,0
MPB:bin_000090,6.274,8.09,6.61,2.811,4.845,5.237,5.084,3.258,7.301,11.661,6.218,8.333,7.846,0,4.357,7.957,2.474,1.389,10.637,8.9,6.738,7.032,1.785,8.347,13.206,8.789,6.5,2.422,7.008,0,29.875,6.316,9.994,3.298,3.123,11.191,5.182,1.648,0,5.474,12.541,8.945,4.287,18.144,7.298,8.776,11.121,6.871,0,2.84,8.71,3.967,31.23,8.888,4.153,2.445,3.45,6.301,11.646,8.017,18.366,0,5.028,10.859,8.926,10.725,3.919,10.326,18.368,28.353,7.71,3.382,6.03,12.496,15.523,7.745,15.163,8.966,2.083,20.646,2.318,7.997,26.5,7.617
MPB:bin_000091,0,0,0,0,0,0,0,0,0,0,0,0,0,0,0,0,0,0,0,0,0,0,0,0,0,0,0,0,0,0,0,0,0,0,0,0,0,0,0,0,0,0,0,0,0,0,0,0,0,0,0,0,0,0,0,0,0,0,0,0,0,0,0,0,0,0,0,0,0,0,0,0,0,0,0,0,0,0,0,0,0,0,0,0
MPB:bin_000092,1.984,1.523,0,0,0,0,0,0,1.782,1.771,0,3.773,0,0,0,0,0,0,4.791,1.339,1.336,0,0,0,1.399,0,0,0,0,0,2.799,0,1.366,0,0,1.755,0,0,0,0,2.874,3.914,0,1.818,0,0,0,0,0,0,2.312,0,4.397,0,0,0,0,1.548,1.713,2.532,3.451,0,0,2.079,1.619,1.836,0,0,3.257,2.131,1.631,0,0,0,2.598,0,1.703,0,0,2.578,0,1.636,2.25,1.818
MPB:bin_000093,0,0,0,0,1.476,0,0,0,0,0,0,0,0,0,0,0,0,0,21.736,2.255,0,0,0,0,0,0,0,0,0,0,2.39,0,0,0,0,0,0,0,0,0,0,0,0,0,0,0,0,0,0,0,0,0,0,0,0,0,0,0,0,0,0,0,0,0,0,0,0,0,2.379,0,0,0,0,0,3.552,0,0,0,0,0,0,0,0,0
MPB:bin_000094,0,0,0,0,0,0,0,0,0,0,0,3.293,0,0,0,0,0,0,6.022,0,0,0,0,0,0,0,0,0,0,0,0,0,0,0,0,0,0,0,0,0,0,0,0,0,0,0,0,0,0,0,1.994,0,0,0,0,0,0,0,0,0,0,0,0,0,0,0,0,0,0,0,0,0,0,0,0,0,0,0,0,0,0,0,0,0
MPB:bin_000095,0,0,0,0,0,0,0,0,0,0,0,0,0,0,0,0,0,0,0,0,0,0,0,0,0,0,0,0,0,0,0,0,0,0,0,0,0,0,0,0,0,0,0,0,0,0,0,0,0,0,0,0,0,0,0,0,0,0,0,0,0,0,0,0,0,0,0,0,0,0,0,0,0,0,0,0,0,0,0,0,0,0,0,0
MPB:bin_000097,0,0,0,0,0,0,0,0,0,0,0,0,0,0,0,0,0,0,0,0,0,0,0,0,0,0,0,0,0,0,0,0,0,0,0,0,0,0,0,0,0,0,0,0,0,0,0,1.939,0,0,0,0,0,0,0,0,0,0,0,2.61,0,0,0,0,0,0,0,0,0,0,0,0,0,0,0,0,0,0,0,0,0,0,0,0
MPB:bin_000100,0,3.369,0,0,0,0,0,0,0,0,0,0,0,0,0,0,0,0,9.946,0,0,0,0,5.175,2.972,0,0,0,0,0,5.436,0,0,0,0,3.168,0,0,0,0,0,0,0,3.825,0,2.493,0,0,0,0,0,0,0,0,0,0,0,0,0,0,4.439,0,0,0,0,0,0,0,0,0,0,0,0,0,0,0,0,0,0,5.887,0,0,0,0
MPB:bin_000103,0,0,0,0,0,0,0,0,0,0,0,0,0,0,0,0,0,0,0,0,0,0,0,0,0,0,0,0,0,0,0,0,0,0,0,0,0,0,0,0,0,0,0,0,0,0,0,0,0,0,0,0,0,0,0,0,0,0,0,0,0,0,0,0,0,0,0,0,0,0,0,0,0,0,0,0,0,0,0,0,0,0,0,0
MPB:bin_000105,9.692,13.081,4.258,2.173,4.204,4.429,6.043,1.926,5.993,11.048,4.983,11.703,5.77,0,8.179,11.914,1.923,2.564,14.301,12.881,4.756,10.562,2.342,10.44,11.072,10.824,6.801,3.722,3.434,0,22.267,7.096,11.862,3.495,6.327,12.493,6.043,2.311,0,5.793,14.116,8.299,4.579,13.568,5.382,11.021,6.98,3.055,0,2.397,6.665,3.952,31.171,8.776,3.82,3.312,4.358,5.983,6.666,3.912,19.476,0,7.677,10.539,9.907,12.669,7.171,9.267,21.13,13.458,9.059,0,5.236,19.795,8.45,6.472,17.744,11.388,0,16.973,2.287,8.001,18.679,8.759
MPB:bin_000106,0,0,0,0,0,0,0,0,0,0,0,0,0,0,0,1.744,0,0,1.076,1.768,0,0,0,0,0,0,0,0,0,0,0,0,0,0,0,0,0,0,0,0,2.376,0,0,1.646,0,0,0,0,0,0,0,0,1.844,0,0,2.023,0,0,0,0,1.849,0,0,0,0,0,0,0,0,0,0,0,0,0,1.455,0,1.322,0,0,0,0,0,2.025,0
MPB:bin_000107,0,0,0,0,0,0,0,0,0,0,0,0,0,0,0,0,0,0,0,0,0,0,0,0,0,0,0,0,0,0,0,0,0,0,0,0,0,0,0,0,0,0,0,0,0,0,0,0,0,0,0,0,0,0,0,0,0,0,0,0,0,0,0,0,0,0,0,0,0,0,0,0,0,0,0,0,0,0,0,0,0,0,0,0
MPB:bin_000108,0,0,0,0,0,0,0,0,0,0,0,0,0,0,0,0,0,0,0,0,0,0,0,0,0,0,0,0,0,0,0,0,0,0,0,0,0,0,0,0,0,0,0,0,0,0,0,0,0,0,0,0,0,0,0,0,0,0,0,0,0,0,0,0,0,0,0,0,0,0,0,0,0,0,0,0,0,0,0,0,0,0,0,0
MPB:bin_000109,0,0,0,0,0,0,0,0,0,0,0,0,0,0,0,0,0,0,0,0,0,0,0,0,0,0,0,0,0,0,0,0,0,0,0,0,0,0,0,0,0,0,0,0,0,0,0,0,0,0,0,0,0,0,0,0,0,0,0,0,0,0,0,0,0,0,0,0,0,0,0,0,0,0,0,0,0,0,0,0,0,0,0,0
MPB:bin_000110,13.75,3.265,5.744,5.642,0,6.092,3.912,0,3.641,4.934,9.605,6.783,8.226,0,8.203,3.884,1.122,2.701,18.411,23.812,10.057,6.867,0,6.62,10.056,4.716,0,5.997,5.315,0,12.74,17.019,15.004,8.246,2.242,12.984,7.568,0,0,3.948,3.648,5.903,1.802,6.489,5.45,9.36,7.937,11.587,0,4.003,4.997,8.042,10.302,4.142,4.654,1.309,2.687,19.812,7.952,6.254,6.176,0,8.858,4.714,39.22,0,2.817,2.483,20.21,16.087,16.107,0,13.143,20.383,7.23,7.291,10.474,4.874,0,18.852,3.023,7.551,20.859,4.441
MPB:bin_000111,0,0,0,0,0,0,0,0,0,0,0,0,0,0,0,0,0,0,2.865,0,0,0,0,0,0,0,0,0,0,0,0,0,0,0,0,0,0,0,0,0,0,0,0,0,0,0,0,0,0,0,0,0,0,0,0,0,0,0,0,0,0,0,0,0,0,0,0,0,0,0,0,0,0,0,0,0,0,0,0,0,0,0,0,0
MPB:bin_000113,0,0,0,0,0,0,0,0,0,0,0,0,0,0,0,0,0,0,1.109,0,0,0,0,0,0,0,0,0,0,0,0,0,0,0,0,0,0,0,0,0,0,1.567,0,0,0,0,0,0,0,0,0,0,1.968,0,0,0,0,0,0,0,0,0,0,0,0,0,0,0,1.404,0,0,0,0,1.421,0,0,0,0,0,1.279,0,0,1.696,0
MPB:bin_000114,0,0,0,0,0,0,0,0,0,0,0,0,0,0,0,0,0,0,0,0,0,0,0,0,0,0,0,0,0,0,0,0,0,0,0,0,0,0,0,0,0,0,0,0,0,0,0,0,0,0,0,0,0,0,0,0,0,0,0,0,0,0,0,0,0,0,0,0,0,0,0,0,0,0,0,0,0,0,0,0,0,0,0,0
MPB:bin_000115,0,0,0,0,0,0,0,0,0,0,0,0,0,0,0,0,0,0,3.339,0,0,0,0,1.404,0,0,0,0,0,0,1.462,0,0,0,0,0,0,0,0,0,0,0,0,2.799,0,0,0,0,0,0,0,0,1.902,0,0,0,0,0,0,0,2.461,0,0,1.004,0,0,0,0,0,0,1.146,0,0,1.35,0,0,1.176,0,0,0,0,0,1.366,0
MPB:bin_000116,3.214,0,0,0,9.825,4.858,2.661,0,2.79,3.309,10.796,1.72,3.027,0,5.832,6.329,0,3.536,4.466,4.577,4.034,0,0,6.049,0,3.285,0,0,3.483,0,0,3.884,7.457,6.165,3.578,4.117,3.012,1.658,0,10.78,0,4.711,3.068,0,0,0,6.234,23.381,0,0,2.409,10.424,3.373,0,2.856,1.431,0,6.239,2.129,16.619,1.898,0,5.328,0,4.002,3.823,2.671,0,15.632,0,3.6,0,25.565,5.491,0,0,0,4.127,0,5.08,3.383,4.932,2.611,0
MPB:bin_000120,0,0,0,0,0,0,0,0,0,0,0,0,0,0,0,0,0,0,0,0,0,0,0,0,0,0,0,0,0,0,0,0,0,0,0,0,0,0,0,0,0,0,0,0,0,0,0,0,0,0,0,0,0,0,0,0,0,0,0,0,0,0,0,0,0,0,0,0,0,0,0,0,0,0,0,0,0,0,0,0,0,0,0,0
MPB:bin_000122,0,0,0,0,0,0,0,0,0,0,0,0,0,0,0,0,0,0,0,0,0,0,0,0,0,0,0,0,0,0,0,0,0,0,0,0,0,0,0,0,0,0,0,0,0,0,0,0,0,0,0,0,0,0,0,0,0,0,0,0,0,0,0,0,0,0,0,0,0,0,0,0,0,0,0,0,0,0,0,0,0,0,0,0
MPB:bin_000123,2.895,2.342,0,0,1.543,0,0,0,2.589,2.348,1.642,2.11,2.533,0,1.968,1.256,0.782,1.737,3.119,0,0,1.963,0,2.8,2.219,2.286,1.118,0,3.125,0,3.418,0,3.014,0,0,3.226,0,0,0,0,2.191,0,0,2.917,3.429,5.416,2.828,4.904,0,0,0,0,2.869,1.497,1.879,1.592,2.38,3.2,3.052,5.181,4.649,0,4.9,1.918,0,1.751,1.893,2.935,9.971,6.09,1.982,0,0,3.33,3.197,0,2.136,3.273,2.057,4.341,0,1.59,1.773,1.597
MPB:bin_000125,0,2.028,0,1.565,0,1.634,0,0,3.475,0,3.947,0,0,0,0,0,0,0,32.899,0,3.007,0,0,0,0,0,0,3.06,3.248,0,0,1.428,2.349,0,5.16,3.419,1.532,0,0,0,0,0,0,0,1.591,0,1.582,0,0,0,2.519,1.545,4.688,0,1.799,0,0,2.549,0,2.514,2.648,0,1.803,2.098,1.489,1.393,0,0,0,3.627,0,0,0,4.808,0,0,0,5.561,0,0,0,0,10.039,0
MPB:bin_000127,0,0,0,0,0,0,0,0,0,0,0,0,0,0,0,0,0,0,0,0,0,0,0,0,0,0,0,0,0,0,0,0,0,0,0,0,0,0,0,0,0,0,0,0,0,0,0,0,0,0,0,0,0,0,0,0,0,0,0,0,0,0,0,0,0,0,0,0,0,0,0,0,0,0,0,0,0,0,0,0,0,0,0,0
MPB:bin_000129,0,0,0,0,0,0,0,0,0,0,0,0,0,0,0,0,0,0,4.094,0,0,0,0,0,0,0,0,0,0,0,0,0,0,0,0,0,0,0,0,0,0,0,0,0,0,0,0,0,0,0,0,0,0,0,0,0,0,0,0,0,0,0,0,0,0,0,0,0,0,0,0,0,0,0,0,0,0,0,0,0,0,0,0,0
MPB:bin_000130,0,0,0,0,0,0,0,0,0,0,0,1.264,0,0,0,0,0,0,4.514,0,0,0,0,0,0,0,0,0,0,0,0,0,0,0,0,0,0,0,0,0,0,0,0,0,0,0,0,0,0,0,0,0,3.687,0,0,0,0,0,0,0,0,0,0,0,0,1.384,0,0,1.328,0,0,0,0,0,0,0,0,0,0,0,0,0,0,0
MPB:bin_000131,4.325,15.193,6.579,0,7.723,11.128,9.745,10.444,12.003,18.801,8.688,9.316,7.881,0,4.134,10.741,0.915,5.021,22.604,2.983,6.705,8.433,0,13.599,8.635,14.777,8.497,1.95,2.659,0,14.859,5.016,9.994,1.612,4.965,13.943,4.907,0,0,5.651,26.875,12.18,3.799,22.067,5.582,4.511,9.87,5.556,0,1.771,7.223,4.574,40.07,12.461,0,3.384,4.404,7.488,15.027,5.404,22.479,0,5.832,13.687,11.998,11.623,10.875,7.661,38.054,24.411,15.85,4.096,6.199,12.237,4.269,9.18,19.026,8.403,0,26.072,6.256,6.3,19.474,0
MPB:bin_000132,0,0,0,0,0,0,0,0,0,0,0,0,0,0,0,0,0,0,0,0,0,0,0,0,0,0,0,0,0,0,0,0,0,0,0,0,0,0,0,0,0,0,0,0,0,0,0,0,0,0,0,0,0,0,0,0,0,0,0,0,0,0,0,0,0,0,0,0,0,0,0,0,0,0,0,0,0,0,0,0,0,0,0,0
MPB:bin_000133,0,0,0,0,0,0,0,0,0,0,0,0,1.94,0,0,0,0,0,0,0,0,0,0,0,0,0,0,0,0,0,1.995,0,1.998,0,0,0,0,0,0,0,0,0,0,0,0,0,2.13,0,0,0,0,0,0,0,0,0,0,1.825,0,0,0,0,0,0,0,0,2.164,0,2.463,0,0,0,0,0,0,0,1.909,0,0,0,0,0,0,0
MPB:bin_000135,0,0,0,0,0,0,0,0,0,0,0,0,0,0,0,0,0,0,13.926,0,0,0,0,0,0,0,0,0,0,0,0,0,0,0,0,0,0,0,0,0,0,0,0,0,0,0,0,0,0,0,0,0,0,0,0,0,0,0,0,0,0,0,0,0,0,0,0,0,0,0,0,0,0,0,0,0,0,0,0,0,0,0,0,0
MPB:bin_000136,0,2.025,0,0,0,0,0,0,0,1.851,0,2.345,0,0,0,0,0,0,4.111,1.812,0,1.709,0,2.762,1.902,0,0,0,0,0,0,0,2.439,0,0,0,0,0,0,0,0,1.901,0,1.902,0,0,3.102,0,0,0,0,0,5.62,1.548,0,0,0,0,0,0,2.192,0,0,0,0,0,1.654,0,3.169,3.129,0,0,0,2.733,0,0,2.737,0,0,2.825,0,0,3.385,0
MPB:bin_000137,0,0,0,0,0,0,0,0,0,0,0,0,0,0,0,0,0,0,0,0,0,0,0,0,0,0,0,0,0,0,0,0,0,0,0,0,0,0,0,0,0,0,0,0,0,0,0,0,0,0,0,0,0,0,0,0,0,0,0,0,0,0,0,0,0,0,0,0,0,0,0,0,0,0,0,0,0,0,0,0,0,0,0,0
MPB:bin_000138,2.019,0,0,0,0,2.712,0,0,2.746,2.367,2.062,2.273,0,0,2.649,0,0,0,4.913,5.08,2.098,2.44,0,3.66,0,2.974,0,0,2.372,0,0,2.108,3.455,3.108,0,2.699,1.929,2.289,0,2.725,0,0,0,0,0,0,2.617,3.582,0,0,0,2.307,5.109,1.436,0,0,0,2.1,0,4.175,2.755,0,2.523,0,2.538,2.516,2.059,0,8.939,2.273,2.278,0,4.771,0,0,0,0,0,0,6.849,0,2.311,4.341,0
MPB:bin_000140,0,0,0,0,0,0,0,0,0,0,1.412,1.286,0,0,0,0,0,0,3.473,0,1.639,1.259,0,0,0,0,1.128,0,0,0,2.148,1.624,0,0,0,0,1.244,0,0,0,0,1.956,0,2.007,0,1.481,0,0,0,0,0,0,3.631,0,0,0,0,0,0,0,0,0,0,1.293,0,0,0,0,2.087,1.624,4.791,0,0,2.278,2.276,0,1.501,2.104,0,0,0,0,1.987,0
MPB:bin_000141,0,0,0,0,0,0,0,0,0,0,0,0,0,0,0,0,0,0,0,0,0,0,0,0,0,0,0,0,0,0,0,0,0,0,0,0,0,0,0,0,0,0,0,0,0,0,0,0,0,0,0,0,0,0,0,0,0,0,0,0,0,0,0,0,0,0,0,0,0,0,0,0,0,0,0,0,0,0,0,0,0,0,0,0
MPB:bin_000143,0,0,0,0,0,0,0,0,0,0,0,0,0,0,0,0,0,0,0,0,0,0,0,0,0,0,0,0,0,0,0,0,0,0,0,0,0,0,0,0,0,0,0,0,0,0,0,0,0,0,0,0,0,0,0,0,0,0,0,0,0,0,0,0,0,0,0,0,0,0,0,0,0,0,0,0,0,0,0,0,0,0,0,0
MPB:bin_000144,0,0,0,0,0,0,0,0,0,0,0,0,0,0,0,0,0,0,0,0,0,0,0,0,0,0,0,0,0,0,0,0,0,0,0,0,0,0,0,0,0,0,0,0,0,0,0,0,0,0,0,0,0,0,0,0,0,0,0,0,0,0,0,0,0,0,0,0,0,0,0,0,0,0,0,0,0,0,0,0,0,0,0,0
MPB:bin_000145,5.518,2.256,2.847,3.969,4.698,3.404,4.426,2.479,3.773,6.274,12.113,7.772,7.523,0,7.635,3.133,1.276,2.064,15.512,18.511,11.829,2.815,1.68,4.483,6.159,8.089,0,2.641,6.467,0,7.119,8.707,21.787,4.497,1.942,7.84,4.259,3.082,0,3.682,2.885,6.74,2.475,5.194,4.638,10.381,8.184,12.228,0,3.912,6.409,13.468,6.23,5.796,0,2.79,1.76,12.313,2.436,22.056,8.214,0,7.663,3.749,4.714,4.483,11.77,2.814,13.975,5.675,10.42,0,14.687,6.701,0,1.919,3.053,6.591,0,12.8,3.066,5.049,8.63,3.562
MPB:bin_000146,0,0,0,0,0,0,0,0,0,0,0,0,0,0,0,0,0,0,0,0,0,0,0,0,0,0,0,0,0,0,0,0,0,0,0,0,0,0,0,0,0,0,0,0,0,0,0,0,0,0,0,0,0,0,0,0,0,0,0,0,0,0,0,0,0,0,0,0,0,0,0,0,0,0,0,0,0,0,0,0,0,0,0,0
MPB:bin_000147,0,0,0,0,0,0,0,0,0,0,0,0,0,0,0,0,0,0,0,0,0,0,0,0,0,0,0,0,0,0,0,0,0,0,0,0,0,0,0,0,0,0,0,0,0,0,0,0,0,0,0,0,0,0,0,0,0,0,0,0,0,0,0,0,0,0,0,0,0,0,0,0,0,0,0,0,0,0,0,0,0,0,0,0
MPB:bin_000148,0,0,0,0,0,0,0,0,0,0,0,0,0,0,0,0,0,0,0,0,0,0,0,0,0,0,0,0,0,0,0,0,0,0,0,0,0,0,0,0,0,0,0,0,0,0,0,0,0,0,0,0,0,0,0,0,0,0,0,0,0,0,0,0,0,0,0,0,0,0,0,0,0,0,0,0,0,0,0,0,0,0,0,0
MPB:bin_000149,0,0,0,0,0,0,0,0,0,0,0,0,0,0,0,0,0,0,3.876,0,0,0,0,0,0,0,0,0,0,0,0,0,0,0,0,0,0,0,0,0,0,0,0,0,0,0,0,0,0,0,0,0,0,0,0,0,0,0,0,0,0,0,0,0,0,0,0,0,0,0,0,0,0,0,0,0,0,0,0,0,0,0,0,0
MPB:bin_000150,0,3.696,1.515,0,0,0,0,0,0,1.955,2.573,4.639,1.412,0,0,1.308,0,0,2.977,2.625,1.762,1.401,0,5.591,1.233,1.913,2.189,0,0,0,4.162,0,2.486,0,0,1.377,2.007,0,0,0,4.228,3.684,1.423,3.107,7.606,2.689,3.859,1.681,0,0,2.789,0,15.25,2.774,2.256,0,0,3.139,3.036,5.573,1.684,0,0,4.207,0,3.431,1.517,4.568,3.174,4.023,1.599,0,1.456,3.256,2.461,0,3.269,5.112,0,5.613,0,1.805,3.09,0
MPB:bin_000152,0,0,0,0,0,0,0,0,0,0,0,0,0,0,0,0,0,0,4.758,0,0,0,0,0,0,0,0,0,0,0,1.952,0,0,0,0,0,0,0,0,0,0,0,0,0,0,0,0,0,0,0,0,0,0,0,0,0,0,0,0,0,0,0,0,0,0,0,0,0,2.705,0,0,0,0,0,0,0,0,0,0,0,0,0,2.107,0
MPB:bin_000153,0,0,2.098,1.515,0,0,0,0,2.543,0,0,0,0,0,0,0,0,0,0,0,0,0,0,0,0,0,0,0,0,0,0,0,3.659,0,0,0,0,0,0,0,0,1.679,4.046,0,0,0,0,5.205,0,0,0,0,3.932,0,0,0,0,0,0,0,0,0,2.057,0,0,0,0,0,0,0,0,0,0,0,0,0,0,0,0,0,0,0,4.962,0
MPB:bin_000155,0,0,0,0,0,0,0,0,0,0,0,0,0,0,0,0,0,0,5.126,0,0,0,0,0,0,0,0,0,0,0,0,0,0,0,0,0,0,0,0,0,0,0,0,0,0,0,0,0,0,0,0,0,0,0,0,0,0,0,0,0,0,0,0,0,0,0,0,0,0,0,0,0,0,0,0,0,0,0,0,0,0,0,0,0
MPB:bin_000156,0,1.122,0,0,0,0,0,0,0,0,0,0,0,0,0,0,0,0,4.668,0,0,0,0,0,0,0,0,0,0,0,0,0,0,0,0,0,0,0,0,0,0,0,0,0,0,0,0,0,0,0,0,0,0,0,0,0,0,0,0,0,0,0,0,0,0,0,0,0,0,1.838,0,0,0,0,0,0,0,0,0,0,0,0,0,0
MPB:bin_000158,0,0,0,0,0,0,0,0,0,0,0,0,0,0,0,0,0,0,0,0,0,0,0,0,0,0,0,0,0,0,0,0,0,0,0,0,0,0,0,0,0,0,0,0,0,0,0,0,0,0,0,0,0,0,0,0,0,0,0,0,0,0,0,0,0,0,0,0,0,0,0,0,0,0,0,0,0,0,0,0,0,0,0,0
MPB:bin_000160,0,0,0,0,0,0,0,0,0,0,0,0,0,0,0,0,0,0,0,0,0,0,0,0,0,0,0,0,0,0,0,0,0,0,0,0,0,0,0,0,0,0,0,0,0,0,0,0,0,0,0,0,0,0,0,0,0,0,0,0,0,0,0,0,0,0,0,0,0,0,0,0,0,0,0,0,0,0,0,0,0,0,0,0
MPB:bin_000162,0,0,0,0,0,0,0,0,0,0,0,0,0,0,0,0,0,0,6.958,0,0,0,0,0,0,0,0,0,0,0,0,0,0,0,0,0,0,0,0,0,0,0,0,0,0,0,0,0,0,0,0,0,0,0,0,0,0,0,0,0,0,0,0,0,0,0,0,0,0,0,0,0,0,0,0,0,0,0,0,0,0,0,0,0
MPB:bin_000163,0,0,0,0,0,0,0,0,0,0,0,0,0,0,0,0,0,0,0,0,0,0,0,0,0,0,0,0,0,0,0,0,0,0,0,0,0,0,0,0,0,0,0,0,0,0,0,0,0,0,0,0,0,0,0,0,0,0,0,0,0,0,0,0,0,0,0,0,0,0,0,0,0,0,0,0,0,0,0,0,0,0,0,0
MPB:bin_000165,0,0,0,0,0,0,0,0,0,0,0,0,0,0,0,0,0,0,0,0,0,0,0,0,0,0,0,0,0,0,0,0,0,0,0,0,0,0,0,0,0,0,0,0,0,0,0,0,0,0,0,0,0,0,0,0,0,0,0,0,0,0,0,0,0,0,0,0,0,0,0,0,0,0,0,0,0,0,0,0,0,0,0,0
MPB:bin_000167,27.122,32.183,18.04,3.366,16.826,26.85,17.165,9.197,19.568,32.991,27.672,25.461,27.822,0,14.112,18.363,6.193,15.837,113.805,26.917,28.939,36.853,5.373,27.307,31.664,21.994,28.528,10.564,18.1,0,39.893,23.314,43.951,11.385,10.38,35.236,29.168,6.814,0,15.927,40.474,25.419,12.18,46.135,19.365,24.683,26.981,22.174,0,11.172,16.89,17.232,92.976,16.798,16.07,8.584,16.2,22.875,26.388,12.369,44.153,0,21.294,40.482,28.944,20.498,27.419,37.671,78.216,41.459,31.946,10.046,13.44,24.185,27.415,27.727,36.396,36.708,2.793,51.516,12.139,24.617,45.1,16.354
MPB:bin_000168,0,0,0,0,0,0,0,0,0,0,0,0,0,0,0,0,0,0,0,0,0,0,0,0,0,0,0,0,0,0,0,0,0,0,0,0,0,0,0,0,0,0,0,0,0,0,0,0,0,0,0,0,0,0,0,0,0,0,0,0,0,0,0,0,0,0,0,0,0,0,0,0,0,0,0,0,0,0,0,0,0,0,0,0
MPB:bin_000169,0,0,0,0,0,0,0,0,0,0,0,0,0,0,0,0,0,0,43.327,0,0,0,0,0,0,0,0,0,0,0,0,0,0,0,0,0,0,0,0,0,0,0,0,0,0,0,0,0,0,0,0,0,0,0,0,0,0,0,0,0,0,0,0,0,0,0,0,0,0,0,0,0,0,0,0,0,0,0,0,0,0,0,0,0
MPB:bin_000170,0,0,0,0,0,0,0,0,0,0,0,0,0,0,0,0,0,0,0,0,0,0,0,0,0,0,0,0,0,0,0,0,0,0,0,0,0,0,0,0,0,0,0,0,0,0,0,2.95,0,0,0,0,0,0,0,0,0,0,0,1.854,0,0,0,0,0,0,0,0,0,0,0,0,0,0,0,0,0,0,0,0,0,0,0,0
MPB:bin_000173,0,0,0,1.349,0,0,0,0,0,2.141,0,0,0,0,0,0,0,0,9.39,2.259,0,4.538,0,3.281,1.595,0,0,0,0,0,0,0,0,0,0,0,0,1.518,0,0,0,1.644,0,0,0,0,2.138,0,0,0,0,0,3.211,0,0,0,0,2.116,1.846,1.853,2.149,0,0,0,2.043,0,1.893,0,4.418,2.325,0,0,0,2.512,0,0,0,0,0,3.494,0,1.925,3.563,0
MPB:bin_000174,0,0,0,0,0,0,0,0,0,0,0,0,0,0,0,0,0,0,0,0,0,0,0,0,0,0,0,0,0,0,0,0,0,0,0,0,0,0,0,0,0,0,0,0,0,0,0,0,0,0,0,0,0,0,0,0,0,0,0,0,0,0,0,0,0,0,0,0,0,0,0,0,0,0,0,0,0,0,0,0,0,0,0,0
MPB:bin_000177,0,4.123,0,0,4.51,0,0,0,5.025,0,1.597,0,0,0,1.713,2.064,0,0,5.968,2.117,1.422,0,0,20.671,2.949,0,1.493,0,1.634,0,4.081,0,4.445,0,1.591,0,0,0,0,0,3.79,2.034,0,2.049,8.64,1.827,1.862,3.749,0,0,24.617,1.428,13.109,1.61,0,2.306,0,2.476,3.25,12.938,2.063,0,1.713,0,2.079,0,0,0,7.861,0,3.301,0,1.524,2.619,3.708,1.967,3.958,0,0,8.272,0,0,3.863,1.746
MPB:bin_000185,0,0,0,0,0,0,0,0,0,0,0,0,0,0,0,0,0,0,0,0,0,0,0,0,0,0,0,0,0,0,0,0,0,0,0,0,0,0,0,0,0,0,0,0,0,0,0,0,0,0,0,0,0,0,0,0,0,0,0,0,0,0,0,0,0,0,0,0,0,0,0,0,0,0,0,0,0,0,0,0,0,0,0,0
MPB:bin_000187,0,0,0,0,0,0,0,0,0,0,0,0,0,0,0,0,0,0,0,0,0,0,0,0,0,0,0,0,0,0,0,0,0,0,0,0,0,0,0,0,0,0,0,0,0,0,0,0,0,0,0,0,0,0,0,0,0,0,0,0,0,0,0,0,0,0,0,0,0,0,0,0,0,0,0,0,0,0,0,0,0,0,0,0
MPB:bin_000190,13.394,15.713,6.633,0,8.234,11.61,3.43,1.696,6.54,11.981,12.78,11.922,5.249,0,5.252,6.241,1.593,8.255,15.128,20.887,18.942,17.993,1.435,13.669,17.439,3.79,5.283,2.311,4.913,0,15.771,8.869,16.184,4.212,3.684,11.453,9.076,1.462,0,2.83,3.872,10.87,5.52,11.032,5.757,10.227,8.603,11.42,0,3.56,6.953,7.976,17.483,2.959,2.774,2.209,4.141,11.012,6.278,13.389,20.795,0,11.12,11.629,14.333,6.227,13.397,11.661,93.409,13.057,8.704,0,8.894,9.909,6.788,4.647,19.372,9.997,1.535,27.666,3.273,15.77,24.504,5.934
MPB:bin_000191,10.095,3.576,8.466,8.315,8.864,17.652,7.725,6.766,11.299,16.908,12.93,9.683,14.819,0,13.936,4.86,3.289,4.776,45.421,27.396,18.282,9.832,0,14.199,8.73,6.796,1.578,2.472,11.773,0,14.874,17.763,19.281,7.369,6.842,10.263,7.552,4.136,0,5.421,1.508,11.26,7.396,6.338,6.434,8.258,16.305,20.667,0,4.455,8.833,13.16,15.002,6.31,1.819,5.607,2.602,14.72,5.131,18.131,18.847,0,7.844,6.184,19.498,7.183,7.198,2.46,20.518,14.111,20.208,1.484,11.867,10.646,7.67,5.657,7.004,6.952,0,22.396,8.583,18.587,30.112,6.505
MPB:bin_000193,0,0,0,0,0,0,0,0,0,0,0,0,0,0,0,0,0,0,3.629,0,0,0,0,0,0,0,0,0,0,0,1.732,0,0,0,0,0,0,0,0,0,0,0,0,1.715,0,0,0,0,0,0,0,0,3.399,0,0,0,0,0,0,0,0,0,0,0,0,0,0,0,0,0,0,0,0,0,1.27,0,0,0,0,1.256,0,0,0,0
MPB:bin_000194,0,0,0,0,0,0,0,0,0,0,0,0,0,0,0,0,0,0,0,0,0,0,0,0,0,0,0,0,0,0,0,0,0,0,0,0,0,0,0,0,0,0,0,0,0,0,0,0,0,0,0,0,0,0,0,0,0,0,0,0,0,0,0,0,0,0,0,0,0,0,0,0,0,0,0,0,0,0,0,0,0,0,0,0
MPB:bin_000195,0,0,0,0,0,0,0,0,0,0,0,0,0,0,0,0,0,0,1.039,0,0,0,0,0,0,0,0,0,0,0,0,0,0,0,0,0,0,0,0,0,0,0,0,0,0,0,0,0,0,0,0,0,0,0,0,0,0,0,0,0,0,0,0,0,0,0,0,0,0,0,0,0,0,0,0,0,0,0,0,0,0,0,0,0
MPB:bin_000196,0,0,0,0,0,0,0,0,0,0,0,0,0,0,0,0,0,0,0,0,0,0,0,0,0,0,0,0,0,0,0,0,0,0,0,0,0,0,0,0,0,0,0,0,0,0,0,0,0,0,0,0,0,0,0,0,0,0,0,0,0,0,0,0,0,0,0,0,0,0,0,0,0,0,0,0,0,0,0,0,0,0,0,0
MPB:bin_000198,0,0,0,0,0,0,0,0,0,0,0,0,0,0,0,0,0,0,0,0,0,0,0,0,0,0,0,0,0,0,0,0,0,0,0,0,0,0,0,0,0,0,0,0,0,0,0,0,0,0,0,0,0,0,0,0,0,0,0,0,0,0,0,0,0,0,0,0,0,0,0,0,0,0,0,0,0,0,0,0,0,0,0,0
MPB:bin_000201,0,0,0,0,0,0,0,0,0,0,0,0,0,0,0,0,0,0,0,0,0,0,0,0,0,0,0,0,0,0,0,0,0,0,0,0,0,0,0,0,0,0,0,0,0,0,0,0,0,0,0,0,0,0,0,0,0,0,0,0,0,0,0,0,0,0,0,0,0,0,0,0,0,0,0,0,0,0,0,0,0,0,0,0
MPB:bin_000203,0,0,0,0,0,0,0,0,0,0,0,0,0,0,0,0,0,0,0,0,0,0,0,0,0,0,0,0,0,0,0,0,0,0,0,0,0,0,0,0,0,0,0,0,0,0,0,0,0,0,0,0,0,0,0,0,0,0,0,0,0,0,0,0,0,0,0,0,0,0,0,0,0,0,0,0,0,0,0,0,0,0,0,0
MPB:bin_000204,0,0,0,0,0,0,0,0,0,0,0,0,0,0,0,0,0,0,0,0,0,0,0,0,0,0,0,0,0,0,0,0,0,0,0,0,0,0,0,0,0,0,0,0,0,0,0,0,0,0,0,0,0,0,0,0,0,0,0,0,0,0,0,0,0,0,0,0,0,0,0,0,0,0,0,0,0,0,0,0,0,0,0,0
MPB:bin_000209,0,0,0,0,0,0,0,0,0,0,0,0,0,0,0,0,0,0,0,0,0,0,0,0,0,0,0,0,0,0,0,0,0,0,0,0,0,0,0,0,0,0,0,0,0,0,0,0,0,0,0,0,0,0,0,0,0,0,0,0,0,0,0,0,0,0,0,0,0,0,0,0,0,0,0,0,0,0,0,0,0,0,0,0
MPB:bin_000212,0,0,0,2.183,3.875,0,2.859,0,0,2.446,5.516,1.972,0,0,0,0,0,0,4.239,5.537,2.876,2.004,0,3.138,1.754,1.701,0,1.452,0,0,0,0,2.395,0,0,1.796,0,0,0,2.35,0,1.725,0,0,0,0,0,5.344,0,2.066,2.351,0,4.061,1.579,0,0,0,2.731,0,8.253,0,0,2.622,0,3.292,0,2.015,0,9.04,2.143,3.637,0,3.14,2.961,0,0,0,0,0,4.087,2.841,3.438,0,1.547
MPB:bin_000213,0,0,0,0,0,0,0,0,0,0,0,0,0,0,0,0,0,0,6.106,0,0,0,0,0,0,0,0,0,0,0,0,0,0,0,0,0,0,0,0,0,0,0,0,0,0,0,0,0,0,0,0,0,5.114,0,0,0,0,0,0,0,0,0,0,0,0,0,0,0,0,0,0,0,0,0,0,0,0,0,0,0,0,0,0,0
MPB:bin_000214,0,0,0,0,0,0,0,0,0,0,0,0,0,0,0,0,0,0,0,0,0,0,0,0,0,0,0,0,0,0,0,0,0,0,0,0,0,0,0,0,0,0,0,0,0,0,0,0,0,0,0,0,0,0,0,0,0,0,0,0,0,0,0,0,0,0,0,0,0,0,0,0,0,0,0,0,0,0,0,0,0,0,0,0
MPB:bin_000216,0,0,0,0,0,0,0,0,0,0,0,0,0,0,0,0,0,0,0.994,0,0,0,0,0,0,0,0,0,0,0,0,0,0,0,0,0,0,0,0,0,0,0,0,0,0,0,0,0,0,0,0,0,0,0,0,0,0,0,0,0,0,0,0,0,0,0,0,0,0,0,0,0,0,0,0,0,0,0,0,0,0,0,0,0
MPB:bin_000217,0,0,0,0,0,0,0,0,0,0,0,0,0,0,0,0,0,0,0,0,0,0,0,0,0,0,0,0,0,0,0,0,0,0,0,0,0,0,0,0,0,0,0,0,0,0,0,0,0,0,0,0,0,0,0,0,0,0,0,0,0,0,0,0,0,0,0,0,0,0,0,0,0,0,0,0,0,0,0,0,0,0,0,0
MPB:bin_000220,0,0,0,0,0,0,0,0,0,0,0,0,0,0,0,0,0,0,0,0,0,0,0,0,0,0,0,0,0,0,0,0,0,0,0,0,0,0,0,0,0,0,0,0,0,0,0,0,0,0,0,0,0,0,0,0,0,0,0,0,0,0,0,0,0,0,0,0,0,0,0,0,0,0,0,0,0,0,0,0,0,0,0,0
MPB:bin_000221,0,0,0,0,0,0,0,0,0,0,0,0,0,0,0,0,0,0,0,0,0,0,0,0,0,0,0,0,0,0,0,0,0,0,0,0,0,0,0,0,0,0,0,0,0,0,0,0,0,0,0,0,0,0,0,0,0,0,0,0,0,0,0,0,0,0,0,0,0,0,0,0,0,0,0,0,0,0,0,0,0,0,0,0
MPB:bin_000223,0,2.263,2.111,0,0,0,0,0,0,3.621,0,0,2.386,0,2.583,0,0,0,5.683,0,2.73,3.25,0,2.771,0,0,0,0,0,0,3.302,0,0,0,0,3.443,0,0,0,0,2.265,3.716,0,3.284,0,2.093,0,0,0,0,2.179,2.16,7.348,1.793,0,1.904,0,0,0,0,0,0,0,0,2.929,2.785,0,0,5.005,0,2.446,0,2.867,2.432,0,0,0,0,0,4.474,0,0,3.967,2.464
MPB:bin_000225,0,0,0,0,0,0,0,0,0,0,0,0,0,0,0,0,0,0,5.957,0,0,0,0,0,0,0,0,0,0,0,0,0,0,0,0,0,0,0,0,0,0,0,0,0,0,0,0,0,0,0,0,0,0,0,0,0,0,0,0,0,0,0,0,0,0,0,0,0,0,0,0,0,0,0,0,0,0,0,0,0,0,0,0,0
MPB:bin_000227,0,0,0,0,0,0,0,0,0,0,0,0,0,0,0,0,0,0,0,0,0,0,0,0,0,0,0,0,0,0,0,0,0,0,0,0,0,0,0,0,0,0,0,0,0,0,0,0,0,0,0,0,0,0,0,0,0,0,0,0,0,0,0,0,0,0,0,0,0,0,0,0,0,0,0,0,0,0,0,0,0,0,0,0
MPB:bin_000228,1.783,3.072,0,0,0,0,0,0,0,1.514,0,1.451,0,0,0,0,0,0,1.26,1.708,2.362,0,0,0,1.75,0,1.177,0,1.263,0,1.941,0,0,0,0,1.896,0,0,0,0,0,0,1.228,5.009,0,1.714,3.234,0,0,0,0,0,3.937,0,0,0,2.04,0,0,4.408,2.075,0,1.37,1.566,1.261,1.93,1.362,0,10.969,1.647,0,0,0,2.015,0,2.008,2.456,1.145,0,3.792,0,0,1.804,1.841
MPB:bin_000230,0,0,0,0,0,0,0,0,0,0,0,0,0,0,0,0,0,0,0,0,0,0,0,0,0,0,0,0,0,0,0,0,0,0,0,0,0,0,0,0,0,0,0,0,0,0,0,0,0,0,0,0,0,0,0,0,0,0,0,0,0,0,0,0,0,0,0,0,0,0,0,0,0,0,0,0,0,0,0,0,0,0,0,0
MPB:bin_000231,4.068,1.851,3.093,3.356,2.975,3.344,2.632,0,1.472,6.065,5.079,5.929,4.698,0,2.387,4.632,1.723,2.018,19.939,11.715,9.002,5.996,1.383,6.833,4.39,7.783,0,3.883,3.926,0,6.047,2.781,11.317,5.593,1.833,4.677,2.444,2.299,0,5.242,0,2.368,3.411,0,3.24,4.007,2.719,4.967,0,4.195,2.696,5.357,8.512,2.596,3.882,2.158,0,4.228,4.381,5.64,5.601,0,4.299,4.045,9.196,5.964,3.893,1.736,10.341,8.824,2.971,0,5.371,4.013,0,3.97,1.511,2.844,0,16.586,2.488,14.627,9.119,5.663
MPB:bin_000232,0,0,0,0,0,0,0,0,0,0,0,0,0,0,0,0,0,0,0,0,0,0,0,0,0,0,0,0,0,0,0,0,0,0,0,0,0,0,0,0,0,0,0,0,0,0,0,0,0,0,0,0,0,0,0,0,0,0,0,0,0,0,0,0,0,0,0,0,0,0,0,0,0,0,0,0,0,0,0,0,0,0,0,0
MPB:bin_000233,0,0,0,0,0,0,0,0,0,0,0,0,0,0,0,0,0,0,0,0,0,0,0,0,0,0,0,0,0,0,0,0,0,0,0,0,0,0,0,0,0,0,0,0,0,0,0,0,0,0,0,0,0,0,0,0,0,0,0,0,0,0,0,0,0,0,0,0,0,0,0,0,0,0,0,0,0,0,0,0,0,0,0,0
MPB:bin_000236,0,0,0,0,0,0,0,0,0,0,0,0,0,0,0,0,0,0,166.355,0,0,0,0,0,0,0,0,0,0,0,0,0,0,0,0,0,0,0,0,0,0,0,0,0,0,0,0,0,0,0,0,0,0,0,0,0,0,0,0,0,0,0,0,0,0,0,0,0,0,0,0,0,0,0,0,0,1.813,0,0,0,0,0,0,0
MPB:bin_000237,9.344,0,0,3.175,14.629,7.41,5.025,1.494,6.536,15.332,7.979,8.83,6.822,0,16.471,12.485,1.923,4.809,17.293,20.417,15.13,22.338,2.529,16.539,4.109,14.739,0,6.447,7.069,0,5.458,7.452,18.807,11.417,9.202,11.719,9.259,6.578,0,11.713,0,8.328,4.644,1.67,2.84,2.47,13.4,12.84,0,2.748,5.397,12.682,11.928,4.35,0,0,0,8.992,3.992,9.9,9.258,0,9.924,2.28,7.399,7.576,9.114,0,26.994,4.127,16.438,1.642,20.21,7.91,3.572,2.589,0,6.985,0,25.403,7.342,24.518,5.224,3.387
MPB:bin_000238,11.698,2.662,3.569,7.835,13.836,7.489,16.315,3.599,14.599,26.381,14.557,20.267,12.187,0,22.424,22.307,5.514,6.903,44.051,34.738,14.684,30.406,4.908,26.227,11.403,28.691,0,10.699,12.634,0,13.992,10.017,28.911,15.331,13.045,17.809,10.99,8.583,0,21.644,2.55,16.528,7.305,5.88,3.393,10.843,23.603,26.443,0,5.825,10.536,16.204,27.497,12.881,2.715,4.077,4.627,19.697,8.318,16.796,28.274,0,13.624,6.193,10.67,30.559,13.909,2.234,42.394,9.049,15.681,3.291,20.157,18.353,12.366,3.085,1.323,21.516,0,33.929,7.696,30.011,21.61,7.826
MPB:bin_000243,0,0,0,0,0,0,0,0,0,0,0,0,0,0,0,0,0,0,2.637,0,0,0,0,0,0,0,0,0,0,0,0,0,0,0,0,0,0,0,0,0,0,0,0,0,0,0,0,0,0,0,0,0,0,0,0,0,0,0,0,0,0,0,0,0,0,0,0,0,0,0,0,0,0,0,0,0,0,0,0,0,0,0,0,0
MPB:bin_000246,0,0,0,0,1.523,0,3.257,0,2.601,4.409,2.05,2.147,2.694,0,3.235,3.928,0,0,4.737,3.182,0,3.75,0,4.589,0,3.21,0,0,1.812,0,2.31,1.793,4.056,1.434,1.456,2.187,1.485,0,0,2.289,0,2.875,0,0,0,0,2.508,3.311,0,0,1.836,2.598,7.382,2.138,0,0,0,3.946,0,3.655,5.248,0,2.216,1.645,1.725,5.349,3.799,0,7.97,1.753,3.868,0,2.201,3.829,0,0,0,4.004,0,3.512,0,3.964,3.951,0
MPB:bin_000248,0,0,0,0,0,0,0,0,0,0,0,1.363,0,0,0,1.487,0,0,2.515,2.295,1.975,0,0,2.581,0,0,0,0,0,0,3.149,0,0,0,0,2.752,0,0,0,0,2.276,0,0,0,0,2.249,0,0,0,0,0,0,3.656,0,0,0,0,0,0,0,0,0,2.055,0,0,1.77,1.967,1.783,3.931,0,0,0,0,0,0,0,0,0,0,2.042,0,1.999,3.679,0
MPB:bin_000254,0,0,0,0,0,0,0,0,0,0,0,0,0,0,0,0,0,0,0,0,0,0,0,0,0,0,0,0,0,0,0,0,0,0,0,0,0,0,0,0,0,0,0,0,0,0,0,0,0,0,0,0,0,0,0,0,0,0,0,0,0,0,0,0,0,0,0,0,0,0,0,0,0,0,0,0,0,0,0,0,0,0,0,0
MPB:bin_000264,0,0,0,0,0,0,0,0,0,0,0,0,0,0,0,0,0,0,0,0,0,0,0,0,0,0,0,0,0,0,0,0,0,0,0,0,0,0,0,0,0,0,0,0,0,0,0,0,0,0,0,0,0,0,0,0,0,0,0,0,0,0,0,0,0,0,0,0,0,0,0,0,0,0,0,0,0,0,0,0,0,0,0,0
MPB:bin_000266,4.89,0,4.007,0,2.983,0,2.417,0,0,3.549,4.379,4.668,3.091,0,3.465,3.502,0,0,15.64,3.254,4.862,0,0,6.462,0,3.198,0,0,3.267,0,7.605,0,4.15,2.655,0,2.981,0,0,0,0,3.918,12.841,0,6.934,4.044,0,3.269,3.253,0,0,4.91,3.004,15.367,3.373,0,0,0,5.307,0,6.058,6.715,0,3.344,4.711,5.922,0,3.872,0,6.273,7.818,4.057,0,8.141,6.246,0,4.058,5.097,6.441,0,9.572,3.357,0,8.532,2.482
MPB:bin_000268,0,3.149,0,0,0,0,2.383,0,1.524,2.734,1.5,2.696,3.869,0,0,4.117,0,0,10.557,2.475,2.183,2.061,0,2.63,3.188,1.962,1.268,1.265,2.545,0,2.807,0,2.944,0,1.514,2.774,0,0,0,0,3.556,1.177,0,1.692,2.107,1.966,2.071,1.481,0,0,1.94,1.977,3.504,0,0,0,0,1.897,3.18,0,2.715,0,3.369,1.754,2.983,1.62,1.674,2.959,4.523,3.826,0,0,0,3.324,1.678,0,2.582,1.754,0,3.809,0,1.745,5.745,1.335
MPB:bin_000269,0,3.281,0,0,0,0,0,0,0,0,0,0,0,0,0,0,0,0,6.217,0,0,0,0,0,0,0,0,0,0,0,0,0,0,0,0,0,0,0,0,0,0,0,0,2.341,0,0,0,0,0,0,0,0,0,0,0,0,0,0,0,0,3.047,0,0,0,2.444,0,0,0,0,0,0,0,0,0,0,0,0,0,0,0,0,0,0,0
MPB:bin_000271,1.85,3.378,1.964,0,3.755,2.428,0,0,2.112,3.069,2.137,1.982,2.224,0,1.777,1.542,0,1.399,8.109,5.641,0,0,0,6.953,2.154,0,2.481,0,2.734,0,6.164,2.738,2.593,0,0,3.902,1.548,0,0,0,4.569,1.996,0,3.532,14.004,2.211,5.22,7.626,0,0,4.241,0,17.655,1.986,1.764,1.918,0,0,2.17,4.276,3.915,0,2.56,2.496,2.711,2.679,1.987,5.275,10.85,3.304,5.695,0,2.042,0,2.455,1.557,5.614,0,0,6.275,0,0,6.32,1.934
MPB:bin_000272,0,0,0,0,0,0,0,0,0,2.988,0,1.234,0,0,0,0,0,0,2.576,1.365,0,2.042,0,5.879,1.17,0,1.912,0,2.923,0,6.905,0,0,0,0,2.108,0,0,0,0,18.617,1.619,0,0,0,1.335,2.307,0,0,0,0,0,5.804,0,0,1.39,0,0,0,2.489,1.941,0,0,2.359,0,0,0,0,2.343,2.584,1.973,0,0,0,0,0,1.552,9.058,0,8.86,0,0,0,0
MPB:bin_000275,0,0,0,0,0,0,0,0,0,0,0,0,0,0,0,0,0,0,0,0,0,0,0,0,0,0,0,0,0,0,0,0,0,0,0,0,0,0,0,0,0,0,0,0,0,0,0,0,0,0,0,0,0,0,0,0,0,0,0,0,0,0,0,0,0,0,0,0,0,0,0,0,0,0,0,0,0,0,0,0,0,0,0,0
MPB:bin_000279,0,0,0,0,0,0,0,0,0,0,0,0,0,0,0,0,0,0,2.851,0,0,0,0,0,0,0,0,0,0,0,0,0,0,0,0,0,0,0,0,1.852,0,0,0,0,0,0,0,2.236,0,0,0,0,0,0,0,0,0,0,0,0,0,0,0,0,0,0,0,0,2.681,0,0,0,2.441,0,0,0,0,0,0,0,0,0,0,0
MPB:bin_000284,0,0,0,0,0,0,0,0,0,0,0,0,0,0,0,0,0,0,5.699,0,0,0,0,0,0,0,0,0,0,0,0,0,0,0,0,0,0,0,0,0,0,0,0,0,0,0,0,0,0,0,0,0,0,0,0,0,0,0,0,0,0,0,0,0,0,0,0,0,0,0,0,0,0,0,0,0,0,0,0,0,0,0,0,0
MPB:bin_000288,0,0,0,0,0,0,0,0,0,0,0,0,0,0,0,0,0,0,1.269,0,0,0,0,0,0,0,0,0,0,0,0,0,0,0,0,0,0,0,0,0,0,0,0,0,0,0,0,0,0,0,0,0,0,0,0,0,0,0,0,0,0,0,0,0,0,0,0,0,0,0,0,0,0,0,0,0,0,0,0,0,0,0,0,0
MPB:bin_000289,0,0,0,0,0,0,0,0,0,0,0,0,0,0,0,0,0,0,5.003,0,0,0,0,0,0,0,0,0,0,0,0,0,0,0,0,0,0,0,0,0,0,0,0,0,0,0,0,0,0,0,0,0,0,0,0,0,0,0,0,0,0,0,0,0,2.515,0,0,0,0,2.304,0,0,0,0,0,0,0,0,0,0,0,0,0,0
MPB:bin_000292,5.286,8.003,4.403,1.375,4.385,5.445,4.349,4.805,9.302,6.774,7.057,5.58,12.217,0,4.051,5.116,2.536,1.856,42.488,11.816,6.757,4.904,1.803,7.16,10.286,7.854,3.921,3.347,7.096,0,15.279,7.245,9.905,4.563,3.851,10.963,8.77,0,0,5.803,9.225,6.822,4.317,13.264,16.337,8.395,12.958,9.753,0,2.378,5.78,5.83,23.094,5.332,3.356,2.573,3.266,11.748,8.841,3.338,11.353,0,7.679,9.448,6.373,7.169,8.746,7.54,18.041,15.024,8.765,2.261,4.984,8.36,5.294,8.636,13.507,9.419,0,21.327,2.991,9.372,13.376,7.769
MPB:bin_000298,0,0,0,0,0,0,0,0,0,0,0,0,0,0,0,0,0,0,4.825,0,0,0,0,0,0,0,0,0,0,0,0,0,0,0,0,0,0,0,0,0,0,0,0,0,0,0,0,0,0,0,0,0,0,0,0,0,0,0,0,0,0,0,0,0,0,0,0,0,0,0,0,0,0,0,0,0,0,0,0,0,0,0,0,0
MPB:bin_000303,0,0,0,0,0,0,0,0,0,0,0,0,0,0,0,0,0,0,0,0,0,0,0,0,0,0,0,0,0,0,0,0,0,0,0,0,0,0,0,0,0,0,0,0,0,0,0,0,0,0,0,0,0,0,0,0,0,0,0,0,0,0,0,0,0,0,0,0,0,0,0,0,0,0,0,0,0,0,0,0,0,0,0,0
MPB:bin_000307,2.039,0,0,0,0,3.702,0,0,1.451,2.328,0,0,1.563,0,0,0,0,0,3.514,3.225,0,1.589,0,6.144,0,2.343,1.259,0,1.571,0,2.031,0,2.505,0,1.723,2.758,0,0,0,0,2.103,2.242,0,2.582,3.683,0,4.351,1.802,0,0,2.438,0,8.644,1.392,0,0,0,0,0,4.306,4.365,0,0,1.787,2.47,0,0,1.935,3.345,5.042,2.785,0,1.94,3.503,1.82,0,4.077,5.273,0,3.487,0,2.808,2.493,1.788
MPB:bin_000310,0,3.588,1.526,0,0,0,0,0,0,2.102,0,2.805,0,0,0,1.672,0,0,4.094,0,0,0,0,1.411,0,0,1.503,0,0,0,3.037,0,0,0,0,1.925,0,0,0,0,3.267,4.807,0,4.607,1.241,2.485,0,0,0,0,2.349,0,7.182,1.398,0,0,0,2.026,3.083,0,3.31,0,0,2.854,2.701,2.194,0,1.623,1.373,3.077,1.178,0,0,1.573,1.772,0,3.99,2.466,0,2.039,0,0,1.765,1.547
MPB:bin_000314,0,0,0,0,0,0,0,0,0,0,0,0,0,0,0,0,0,0,1.797,0,0,0,0,0,1.224,0,0,0,0,0,1.581,0,0,0,0,1.435,0,0,0,0,0,0,0,1.678,0,0,0,0,0,0,0,0,3.924,0,0,0,0,0,0,0,0,0,0,1.371,1.729,0,0,0,2.948,0,0,0,0,0,0,0,2.888,1.674,0,0,0,0,0,0
MPB:bin_000315,0,0,0,0,0,0,0,0,0,0,0,0,0,0,0,0,0,0,0,0,0,0,0,0,0,0,0,0,0,0,0,0,0,0,0,0,0,0,0,0,0,0,0,0,0,0,0,0,0,0,0,0,0,0,0,0,0,0,0,0,0,0,0,0,0,0,0,0,0,0,0,0,0,0,0,0,0,0,0,0,0,0,0,0
MPB:bin_000316,2.232,3.895,2.354,0,1.349,1.628,2.675,1.766,4.211,3.208,1.738,8.537,2.881,0,1.401,0,0,1.254,12.978,2.997,1.964,3.468,0,7.04,3.883,2.447,3.197,0,1.62,0,10.86,1.685,2.876,0,1.174,6.229,2.153,0,0,1.243,9.844,4.143,0,7.089,3.59,6.945,1.826,1.454,0,0,4.267,1.312,16.842,2.247,1.31,1.125,0,2.72,1.927,3.38,12.62,0,1.541,5.979,5.185,3.272,1.551,4.338,7.113,6.451,4.743,0,1.446,6.051,9.106,2.533,5.675,6.895,0,4.115,0,2.439,5.333,2.18
MPB:bin_000319,0,0,0,0,0,0,0,0,0,0,0,0,0,0,0,0,0,0,0,0,0,0,0,0,0,0,0,0,0,0,0,0,0,0,0,0,0,0,0,0,0,0,0,0,0,0,0,0,0,0,0,0,0,0,0,0,0,0,0,0,0,0,0,0,0,0,0,0,0,0,0,0,0,0,0,0,0,0,0,0,0,0,0,0
MPB:bin_000322,7.044,2.329,6.715,4.834,15.218,12.274,6.465,3.429,9.547,13.399,12.346,9.901,12.786,0,18.624,4.058,3.106,7.12,17.678,22.119,17.503,15.718,0,9.714,6.305,7.874,0,2.445,8.146,0,6.974,15.233,21.705,10.574,2.958,8.25,8.511,7.702,0,5.823,3.283,12.659,5.326,5.803,6.142,7.475,16.682,21.296,0,6.416,5.902,16.314,15.054,4.762,2.56,1.949,0,17.683,5.446,29.4,7.911,0,9.268,5.306,16.204,2.5,11.254,3.023,31.642,6.432,26.114,2.204,17.263,6.953,6.099,3.251,10.769,6.334,0,25.272,11.081,22.904,19.669,4.975
MPB:bin_000324,0,0,0,0,0,0,0,0,0,0,0,0,0,0,0,0,0,0,4.152,0,0,0,0,0,0,0,0,0,0,0,0,0,0,0,0,0,0,0,0,0,0,0,0,0,0,0,0,0,0,0,0,0,5.253,0,0,0,0,0,0,0,0,0,0,0,0,0,0,0,0,0,0,0,0,0,0,0,0,0,0,0,0,0,0,0
MPB:bin_000325,9.568,28.714,8.073,2.151,4.706,14.242,11.4,3.431,8.687,17.632,16.218,16.494,10.258,0,6.399,14.007,3.928,6.352,23.554,13.713,8.624,11.042,1.779,46.88,9.54,7.985,22.043,2.45,9.474,0,39.411,5.953,14.742,4.099,10.75,17.301,14.3,4.31,0,7.674,76.925,12.665,8.375,17.506,149.988,8.932,58.092,32.866,0,5.848,35.391,11.373,164.824,8.252,8.908,10.471,7.347,14.727,11.565,34.873,19.22,0,11.373,38.566,12.938,17.382,20.604,18.834,45.309,30.621,18.072,2.875,14.683,21.175,15.005,9.073,44.553,15.606,0,55.715,4.003,9.817,22.765,7.507
MPB:bin_000328,0,0,0,0,0,0,0,0,0,0,0,0,0,0,0,0,0,0,1.442,0,0,0,0,0,0,0,0,0,0,0,0,0,0,0,0,0,0,0,0,0,0,0,0,0,0,0,0,0,0,0,0,0,0,0,0,0,0,0,0,0,0,0,0,0,0,0,0,0,0,0,0,0,0,0,0,0,0,0,0,0,0,0,0,0
MPB:bin_000330,0,0,0,0,0,0,0,0,0,0,0,0,0,0,0,0,0,0,0,0,0,0,0,0,0,0,0,0,0,0,0,0,0,0,0,0,0,0,0,0,0,0,0,0,0,0,0,0,0,0,0,0,0,0,0,0,0,0,0,0,0,0,0,0,0,0,0,0,0,0,0,0,0,0,0,0,0,0,0,0,0,0,0,0
MPB:bin_000332,0,0,0,0,0,0,0,0,0,0,0,0,0,0,0,0,0,0,0,0,0,0,0,0,0,0,0,0,0,0,0,0,0,0,0,0,0,0,0,0,0,0,0,0,0,0,0,0,0,0,0,0,0,0,0,0,0,0,0,0,0,0,0,0,0,0,0,0,0,0,0,0,0,0,0,0,0,0,0,0,0,0,0,0
MPB:bin_000336,0,0,0,0,0,0,0,0,0,0,0,0,0,0,0,0,0,0,0,0,0,0,0,0,0,0,0,0,0,0,0,0,0,0,0,0,0,0,0,0,0,0,0,0,0,0,0,0,0,0,0,0,0,0,0,0,0,0,0,0,0,0,0,0,0,0,0,0,0,1.62,0,0,0,0,0,0,0,0,0,0,0,0,0,0
MPB:bin_000340,0,3.823,2.65,0,0,0,0,0,2.601,2.726,2.468,0,2.341,0,2.255,0,0,0,10.34,3.065,0,3.281,0,6.13,0,4.333,2.194,0,0,0,7.56,0,3.628,0,1.705,3.514,2.108,0,0,0,3.662,3.714,2.266,4.937,0,4.231,0,2.9,0,0,0,0,10.076,1.714,3.421,0,0,3.247,0,3.526,5.905,0,2.351,3.4,3.967,2.295,2.537,3.799,9.347,0,0,0,0,2.704,2.446,0,5.027,3.123,0,7.27,0,0,7.682,2.095
MPB:bin_000341,0,0,0,0,0,0,0,0,0,0,0,0,0,0,0,0,0,0,0,0,0,0,0,0,0,0,0,0,0,0,0,0,0,0,0,0,0,0,0,0,0,0,0,0,0,0,0,0,0,0,0,0,0,0,0,0,0,0,0,0,0,0,0,0,0,0,0,0,0,0,0,0,0,0,0,0,0,0,0,0,0,0,0,0
MPB:bin_000347,0,0,0,0,0,0,0,0,0,0,0,0,0,0,0,0,0,0,0,0,0,0,0,0,0,0,0,0,0,0,0,0,0,0,0,0,0,0,0,0,0,0,0,0,0,0,0,0,0,0,0,0,0,0,0,0,0,0,0,0,0,0,0,0,0,0,0,0,0,0,0,0,0,0,0,0,0,0,0,0,0,0,0,0
MPB:bin_000350,0,0,0,0,0,0,0,0,0,0,0,0,0,0,0,0,0,0,0,0,0,0,0,0,0,0,0,0,0,0,0,0,0,0,0,0,0,0,0,0,0,0,0,0,0,0,0,0,0,0,0,0,0,0,0,0,0,0,0,0,0,0,0,0,0,0,0,0,0,0,0,0,0,0,0,0,0,0,0,0,0,0,0,0
MPB:bin_000354,0,3.22,0,0,2.144,0,0,0,0,0,1.913,3.152,0,0,0,0,0,0,13.256,2.455,2.229,2.693,0,2.884,2.487,3.399,3.064,0,0,0,6.478,0,3.23,0,0,2.855,2.144,0,0,1.855,5.148,2.606,0,3.05,0,2.181,2.551,0,0,0,4.432,0,7.184,1.772,0,1.715,0,3.464,3.187,0,3.656,0,1.872,0,3.494,2.812,0,2.833,5.94,4.198,2.369,0,0,3.192,2.672,0,4.16,2.799,0,6.228,0,0,5.985,2.878
MPB:bin_000358,0,0,0,0,0,0,0,0,0,0,0,0,0,0,0,0,0,0,0,0,0,0,0,0,0,0,0,0,0,0,0,0,0,0,0,0,0,0,0,0,0,0,0,0,0,0,0,0,0,0,0,0,3.267,0,0,0,0,0,0,0,0,0,0,0,0,0,0,0,0,0,0,0,0,2.775,0,0,0,0,0,2.415,0,0,2.594,0
MPB:bin_000364,0,0,0,0,0,0,0,0,0,0,0,0,0,0,0,0,0,0,0,0,0,0,0,0,0,0,0,0,0,0,0,0,0,0,0,0,0,0,0,0,0,0,0,0,0,0,0,0,0,0,0,0,0,0,0,0,0,0,0,0,0,0,0,0,0,0,0,0,0,0,0,0,0,0,0,0,0,0,0,0,0,0,0,0
MPB:bin_000365,0,0,0,0,0,0,0,0,0,0,0,0,0,0,0,0,0,0,0,0,0,0,0,0,0,0,0,0,0,0,0,0,0,0,0,0,0,0,0,0,0,0,0,0,0,0,0,0,0,0,0,0,0,0,0,0,0,0,0,0,0,0,0,0,0,0,0,0,0,0,0,0,0,0,0,0,0,0,0,0,0,0,0,0
MPB:bin_000373,0,0,0,0,0,0,0,0,0,0,0,0,0,0,0,0,0,0,0,0,0,0,0,0,0,0,0,0,0,0,0,0,0,0,0,0,0,0,0,0,0,0,0,0,0,0,0,0,0,0,0,0,0,0,0,0,0,0,0,0,0,0,0,0,0,0,0,0,0,0,0,0,0,0,0,0,0,0,0,0,0,0,0,0
MPB:bin_000375,0,0,0,0,0,0,0,0,0,0,0,0,0,0,0,0,0,0,0,0,0,0,0,0,0,0,0,0,0,0,0,0,0,0,0,0,0,0,0,0,0,0,0,0,0,0,0,0,0,0,0,0,0,0,0,0,0,0,0,0,0,0,0,0,0,0,0,0,0,0,0,0,0,0,0,0,0,0,0,0,0,0,0,0
MPB:bin_000378,0,0,0,0,0,0,0,0,0,0,0,0,0,0,0,0,0,0,0,0,0,0,0,0,0,0,0,0,0,0,0,0,0,0,0,0,0,0,0,0,0,0,0,0,0,0,0,0,0,0,0,0,0,0,0,0,0,0,0,0,0,0,0,0,0,0,0,0,0,0,0,0,0,0,0,0,0,0,0,0,0,0,0,0
MPB:bin_000379,0,0,0,0,0,0,0,0,0,0,0,0,0,0,0,0,0,0,0,0,0,0,0,0,0,0,0,0,0,0,0,0,0,0,0,0,0,0,0,0,0,0,0,0,0,0,0,0,0,0,0,0,0,0,0,0,0,0,0,0,0,0,0,0,0,0,0,0,0,0,0,0,0,0,0,0,0,0,0,0,0,0,0,0
MPB:bin_000380,0,0,0,0,0,0,0,0,0,0,0,0,0,0,0,0,0,0,0,0,0,0,0,0,0,0,0,0,0,0,0,0,0,0,0,0,0,0,0,0,0,0,0,0,0,0,0,0,0,0,0,0,0,0,0,0,0,0,0,0,0,0,0,0,0,0,0,0,0,0,0,0,0,0,0,0,0,0,0,0,0,0,0,0
MPB:bin_000382,0,0,0,0,0,0,0,0,0,0,0,0,0,0,0,0,0,0,0,0,0,0,0,0,0,0,0,0,0,0,0,0,0,3.663,0,0,0,0,0,0,0,0,0,0,0,0,0,0,0,0,0,0,0,0,0,0,0,0,0,0,0,0,0,0,0,1.763,0,0,0,0,0,0,0,0,0,0,0,0,0,0,0,0,0,0
MPB:bin_000383,0,0,0,0,0,0,0,0,0,0,0,0,0,0,0,0,0,0,0,0,0,0,0,0,0,0,0,0,0,0,0,0,0,0,0,0,0,0,0,0,0,0,0,0,0,0,0,0,0,0,0,0,0,0,0,0,0,0,0,0,0,0,0,0,0,0,0,0,0,0,0,0,0,0,0,0,0,0,0,0,0,0,0,0
MPB:bin_000385,0,0,0,0,0,0,0,0,0,0,0,0,0,0,0,0,0,0,0,0,0,0,0,0,0,0,0,0,0,0,0,0,0,0,0,0,0,0,0,0,0,0,0,0,0,0,0,0,0,0,0,0,0,0,0,0,0,0,0,0,0,0,0,0,0,0,0,0,0,0,0,0,0,0,0,0,0,0,0,0,0,0,0,0
MPB:bin_000387,1.998,0,2.227,0,0,0,0,0,0,2.149,0,0,3.31,0,2.348,0,0,0,146.153,4.158,3.545,18.183,0,0,2.871,1.836,1.216,0,0,0,3.043,0,6.724,2.245,0,0,0,0,0,0,3.13,0,0,0,0,0,2.432,2.197,0,0,1.524,0,3.879,0,3.142,0,0,2.346,0,0,0,0,0,0,3.245,0,2.554,0,0,0,2.739,0,2.376,0,2.15,0,2.381,0,0,7.262,0,2.083,5.718,0
MPB:bin_000390,0,0,0,0,0,0,0,0,0,0,0,0,0,0,0,0,0,0,0,0,0,0,0,0,0,0,0,0,0,0,0,0,0,0,0,0,0,0,0,0,0,0,0,0,0,0,0,0,0,0,0,0,0,0,0,0,0,0,0,0,0,0,0,0,0,0,0,0,0,0,0,0,0,0,0,0,0,0,0,0,0,0,0,0
MPB:bin_000393,0,0,0,0,0,0,0,0,0,0,0,0,0,0,0,0,0,0,0,0,0,0,0,0,0,0,0.999,0,0,0,0,0,0,0,0,0,0,0,0,0,0,0,0,0,0,0,0,0,0,0,0,0,0,0,0,0,0,0,0,0,0,0,0,0,0,0,0,0,0,0,0,0,0,0,0,0,1.206,1.815,0,1.904,0,0,1.919,0
MPB:bin_000394,0,0,0,0,0,0,0,0,0,0,0,0,0,0,0,0,0,0,0,0,0,0,0,0,0,0,0,0,0,0,0,0,0,0,0,0,0,0,0,0,0,0,0,0,0,0,0,0,0,0,0,0,0,0,0,0,0,0,0,0,0,0,0,0,0,0,0,0,0,0,0,0,0,0,0,0,0,0,0,0,0,0,0,0
MPB:bin_000395,0,0,0,0,0,0,0,0,0,0,0,0,0,0,0,0,0,0,0,0,0,0,0,0,0,0,0,0,0,0,0,0,0,0,0,0,0,0,0,0,0,0,0,0,0,0,0,0,0,0,0,0,0,0,0,0,0,0,0,0,0,0,0,0,0,0,0,0,0,0,0,0,0,0,0,0,0,0,0,0,0,0,0,0
MPB:bin_000396,0,0,0,0,0,0,0,0,0,0,0,0,0,0,0,0,0,0,0,0,0,0,0,0,0,0,0,0,0,0,0,0,0,0,0,0,0,0,0,0,0,0,0,0,0,0,0,0,0,0,0,0,0,0,0,0,0,0,0,0,0,0,0,0,0,0,0,0,0,0,0,0,0,0,0,0,0,0,0,0,0,0,0,0
MPB:bin_000397,0,0,0,0,0,0,0,0,0,0,0,0,0,0,0,0,0,0,1.517,0,0,0,0,0,0,0,0,0,0,0,0,0,0,0,0,0,0,0,0,0,0,0,0,0,0,0,0,0,0,0,0,0,1.914,0,0,0,0,0,0,1.418,0,0,0,0,0,0,0,0,0,0,0,0,0,0,0,0,0,0,0,0,0,0,0,0
MPB:bin_000398,0,0,0,0,0,0,0,0,0,0,0,0,0,0,0,0,0,0,0,0,0,0,0,0,0,0,0,0,0,0,0,0,0,0,0,0,0,0,0,0,0,0,0,0,0,0,0,0,0,0,0,0,0,0,0,0,0,0,0,0,0,0,0,0,0,0,0,0,0,0,0,0,0,0,0,0,0,0,0,0,0,0,0,0
MPB:bin_000399,0,0,0,0,0,0,0,0,0,0,0,0,0,0,0,0,0,0,0,0,0,0,0,0,0,0,0,0,0,0,0,0,0,0,0,0,0,0,0,0,0,0,0,0,0,0,0,0,0,0,0,0,0,0,0,0,0,0,0,0,0,0,0,0,0,0,0,0,0,0,0,0,0,0,0,0,0,0,0,0,0,0,0,0
MPB:bin_000400,0,0,0,0,0,0,0,0,0,1.511,0,0,0,0,0,0,0,0,0,0,0,0,0,0,0,0,0,0,0,0,0,0,0,0,0,1.384,0,0,0,0,0,1.078,0,1.687,0,0,0,0,0,0,0,0,1.773,0,0,0,0,0,0,0,0,0,0,0,0,0,0,0,0,1.526,0,0,0,0,0,0,0,0,0,0,0,0,0,0
MPB:bin_000402,0,0,0,0,0,0,0,0,0,0,0,5.066,1.795,0,0,1.386,0,2.671,0,1.727,0,0,0,0,0,3.448,0,0,0,0,2.956,1.633,0,0,0,2.468,3.202,0,0,0,1.935,0,0,0,0,0,0,1.694,0,0,0,0,0,0,0,1.725,0,0,2.654,5.408,0,0,2.216,0,0,0,0,0,5.884,0,0,0,0,2.555,0,0,1.723,0,0,0,1.847,0,0,1.725
MPB:bin_000403,0,0,0,0,0,0,0,0,0,0,0,0,0,0,0,0,0,0,0,0,0,0,0,0,0,0,0,0,0,0,0,0,0,0,0,0,0,0,0,0,0,0,0,0,0,0,0,0,0,0,0,0,0,0,0,0,0,0,0,0,0,0,0,0,0,0,0,0,0,0,0,0,0,0,0,0,0,0,0,0,0,0,0,0
MPB:bin_000405,0,0,0,0,0,0,0,0,0,0,0,0,0,0,0,0,0,0,0,0,0,0,0,0,0,0,0,0,0,0,0,0,0,0,0,0,0,0,0,0,0,0,0,0,0,0,0,0,0,0,0,0,0,0,0,0,0,0,0,0,0,0,0,0,0,0,0,0,0,0,0,0,0,0,0,0,0,0,0,0,0,0,0,0
MPB:bin_000407,0,0,0,0,0,0,0,0,0,0,0,0,0,0,0,0,0,0,2.795,0,0,0,0,0,0,0,0,0,0,0,0,0,0,0,0,0,0,0,0,0,0,0,0,0,0,0,0,0,0,0,0,0,0,0,0,0,0,0,0,0,0,0,0,0,0,0,0,0,0,0,0,0,0,0,0,0,0,0,0,0,0,0,0,0
MPB:bin_000408,0,0,0,0,0,0,0,0,0,0,0,0,0,0,0,0,0,0,2.455,0,0,0,0,0,0,0,0,0,0,0,0,0,0,0,0,0,0,0,0,0,0,0,0,0,0,0,0,0,0,0,0,0,0,0,0,0,0,0,0,0,0,0,0,0,0,0,0,0,0,0,0,0,0,1.761,0,0,0,0,0,0,0,0,0,0
MPB:bin_000409,0,0,0,0,0,0,0,0,0,0,0,0,0,0,0,0,0,0,0,0,0,0,0,0,0,0,0,0,0,0,0,0,0,0,0,0,0,0,0,0,0,0,0,0,0,0,0,0,0,0,0,0,0,0,0,0,0,0,0,0,0,0,0,0,0,0,0,0,0,0,0,0,0,0,0,0,0,0,0,0,0,0,0,0
MPB:bin_000410,0,0,0,0,0,0,0,0,0,0,0,0,0,0,0,0,0,0,0,0,0,0,0,0,0,0,0,0,0,0,0,0,0,0,0,0,0,0,0,0,0,0,0,0,0,0,0,0,0,0,0,0,0,0,0,0,0,0,0,0,0,0,0,0,0,0,0,0,0,0,0,0,0,0,0,0,0,0,0,0,0,0,0,0
MPB:bin_000411,0,0,0,0,0,0,0,0,0,0,0,0,0,0,0,0,0,0,0,0,0,0,0,0,0,0,0,0,0,0,0,0,0,0,0,0,0,0,0,0,0,0,0,0,0,0,0,0,0,0,0,0,0,0,0,0,0,0,0,0,0,0,0,0,0,0,0,0,0,0,0,0,0,0,0,0,0,0,0,0,0,0,0,0
MPB:bin_000413,0,0,0,0,0,0,0,0,0,0,0,0,0,0,0,0,0,0,0,0,0,0,0,0,0,0,0,0,0,0,0,0,0,0,0,0,0,0,0,0,0,0,0,0,0,0,0,0,0,0,0,0,0,0,0,0,0,0,0,0,0,0,0,0,0,0,0,0,0,0,0,0,0,0,0,0,0,0,0,0,0,0,0,0
MPB:bin_000414,0,0,0,0,0,0,0,0,0,0,0,0,0,0,0,0,0,0,0,0,0,0,0,0,0,0,0,0,0,0,0,0,0,0,0,0,0,0,0,0,0,0,0,0,0,0,0,0,0,0,0,0,0,0,0,0,0,0,0,0,0,0,0,0,0,0,0,0,0,0,0,0,0,0,0,0,0,0,0,0,0,0,0,0
MPB:bin_000416,0,0,0,0,0,0,0,0,0,0,0,0,0,0,0,0,0,0,2.393,0,0,0,0,0,0,0,0,0,0,0,0,0,0,0,0,0,0,0,0,0,0,0,0,0,0,0,0,0,0,0,0,0,0,0,0,0,0,0,0,0,0,0,0,0,0,0,0,0,0,0,0,0,0,0,0,0,0,0,0,0,0,0,0,0
MPB:bin_000418,0,0,0,0,2.411,2.572,0,0,1.562,3.469,2.25,1.686,0,0,0,0,0,0,1.522,3.638,1.655,0,0,0,1.814,0,0,0,0,0,1.886,4.257,2.305,3.041,0,2.688,5.037,0,0,0,0,1.728,0,0,0,0,0,3.437,0,0,0.999,2.881,1.874,1.457,0,0,0,0,1.533,4.41,0,0,1.909,0,0,0,0,0,2.63,4.464,1.957,0,2.27,0,0,0,1.475,0,0,3.971,0,0,3.555,1.512
MPB:bin_000419,0,0,0,0,0,0,0,0,0,0,0,0,0,0,0,0,0,0,1.555,0,0,0,0,0,0,0,0,0,0,0,0,0,0,0,0,0,0,0,0,0,0,0,0,0,0,0,0,0,0,0,0,0,0,0,0,0,0,0,0,0,0,0,0,0,0,0,0,0,0,0,0,0,0,0,0,0,0,0,0,0,0,0,0,0
MPB:bin_000421,0,0,0,0,0,0,0,0,0,0,1.987,0,0,0,0,1.602,0,0,0,1.478,0,0,0,0,0,0,0,0,0,0,0,0,0,0,0,4.435,0,0,0,0,0,0,0,0,0,0,0,0,0,0,1.679,0,0,0,0,0,0,0,0,0,0,0,0,0,0,0,0,0,0,0,1.859,0,0,0,0,0,0,0,0,0,0,0,0,0
MPB:bin_000424,0,0,0,0,0,0,0,0,0,1.824,0,0,0,0,0,0,0,0,6.514,3.261,0,0,0,0,0,0,0,0,1.685,0,2.852,2.029,0,0,0,0,0,0,0,0,0,0,0,0,0,0,0,2.454,0,0,0,0,0,0,0,0,0,0,0,0,0,0,0,0,2.203,0,0,0,3.579,3.897,0,0,0,0,0,0,0,0,0,3.479,0,0,2.959,0
MPB:bin_000425,0,0,0,0,0,0,0,0,0,0,0,0,0,0,0,0,0,0,0,0,0,0,0,0,0,0,0,0,0,0,0,0,0,0,0,0,0,0,0,0,0,0,0,0,0,0,0,0,0,0,0,0,0,0,0,0,0,0,0,0,0,0,0,0,0,0,0,0,0,0,0,0,0,0,0,0,0,0,0,0,0,0,0,0
MPB:bin_000426,0,0,0,0,0,0,0,0,0,0,0,0,0,0,0,0,0,0,0,2.158,0,0,0,0,0,0,0,0,0,0,0,0,3.988,0,0,0,0,0,0,0,0,0,0,0,0,0,0,0,0,0,0,0,2.414,0,0,0,0,0,1.73,0,0,0,0,0,0,0,0,0,0,0,0,0,0,0,0,0,0,0,0,2.719,0,0,0,0
MPB:bin_000427,0,0,0,0,0,0,0,0,0,0,0,0,0,0,0,0,0,0,0,0,0,0,0,0,0,0,0,0,0,0,0,0,0,0,0,0,0,0,0,0,0,0,0,0,0,0,0,0,0,0,0,0,0,0,0,0,0,0,0,0,0,0,0,0,0,0,0,0,0,0,0,0,0,0,0,0,0,0,0,0,0,0,0,0
MPB:bin_000430,0,0,0,0,0,0,0,0,0,0,0,0,0,0,0,0,0,0,0,0,0,0,0,0,0,0,0,0,0,0,0,0,0,0,0,0,0,0,0,0,0,0,0,0,0,0,0,0,0,0,0,0,0,0,0,0,0,0,0,0,0,0,0,0,0,0,0,0,0,0,0,0,0,0,0,0,0,0,0,0,0,0,0,0
MPB:bin_000433,0,0,0,0,0,0,0,0,0,0,0,0,0,0,0,0,0,0,0,0,0,0,0,0,0,0,0,0,0,0,0,0,0,0,0,0,0,0,0,0,0,0,0,0,0,0,0,0,0,0,0,0,0,0,0,0,0,0,0,0,0,0,0,0,0,0,0,0,0,0,0,0,0,0,0,0,0,0,0,0,0,0,0,0
MPB:bin_000435,3.163,0,6.174,0,3.692,0,0,0,6.143,4.011,2.325,5.648,2.974,0,0,0,0,0,7.136,4.455,2.003,2.576,0,4.81,1.932,0,1.379,2.118,0,0,3.742,0,2.355,1.807,0,4.444,0,0,0,1.421,0,4.216,1.791,5.582,2.281,0,3.464,4.22,0,0,4.144,2.914,4.574,0,0,1.538,0,2.178,0,2.652,5.157,0,3.921,3.109,3.957,1.824,2.537,3.019,4.272,3.552,0,0,3.545,0,0,0,2.707,0,0,5.766,0,8.606,13.544,6.606
MPB:bin_000437,0,0,0,0,0,0,0,0,0,0,0,0,0,0,0,0,0,0,3.478,0,0,0,0,0,0,0,0,0,0,0,0,0,0,0,0,0,0,0,0,0,0,0,0,0,0,0,0,0,0,0,0,0,0,0,0,0,0,0,0,0,0,0,0,0,0,0,0,0,0,0,0,0,0,0,0,0,0,0,0,0,0,0,0,0
MPB:bin_000438,0,0,0,0,0,0,0,0,0,0,0,0,0,0,0,0,0,0,0,0,0,0,0,0,0,0,0,0,0,0,0,0,0,0,0,0,0,0,0,0,0,0,0,0,0,0,0,0,0,0,0,0,0,0,0,0,0,0,0,0,0,0,0,0,0,0,0,0,0,0,0,0,0,0,0,0,0,0,0,0,0,0,0,0
MPB:bin_000440,0,3.44,0,0,0,0,0,0,0,0,0,2.471,0,0,0,2.312,0,0,8.526,0,0,0,0,0,0,0,0,0,0,0,4.796,0,0,1.535,0,0,0,0,0,2.025,2.719,2.904,0,4.907,0,0,2.233,0,0,0,0,1.756,6.98,0,0,1.638,0,2.564,2.653,3.307,5.078,0,0,0,0,2.424,0,0,0,0,0,0,0,0,0,0,0,2.785,0,0,0,0,3.605,0
MPB:bin_000442,0,3.028,0,0,0,0,0,0,1.574,3.364,1.55,3.53,2.339,0,0,1.424,0,0,4.109,2.486,2.022,3.226,0,4.43,2.292,2.434,2.922,1.597,0,0,5.325,1.762,2.579,1.564,1.727,2.403,1.927,0,0,1.726,2.252,1.783,0,3.071,1.904,2.863,0,1.942,0,1.54,2.857,1.62,5.968,1.46,0,0,1.558,2.18,2.265,2.118,3.021,0,1.98,2.616,1.771,1.607,2.488,5.759,8.025,4.721,2.514,0,2.359,4.9,1.681,0,3.579,2.399,0,5.014,0,2.193,2.439,0
MPB:bin_000445,0,0,0,0,0,0,0,0,0,0,0,0,0,0,0,0,0,0,5.522,0,0,0,0,0,0,0,0,0,0,0,0,0,0,0,0,0,0,0,0,0,0,0,0,0,0,0,0,0,0,0,0,0,0,0,0,0,0,0,0,0,0,0,0,0,0,0,0,0,0,0,0,0,0,0,0,0,0,0,0,0,0,0,0,0
MPB:bin_000446,0,1.556,0,0,0,0,0,0,0,0,0,0,0,0,0,0,0,0,5.08,0,0,1.714,0,0,1.451,0,0,0,0,0,1.922,0,0,0,0,0,0,0,0,0,0,1.604,0,2.921,0,0,0,0,0,0,0,0,2.64,0,0,0,0,0,0,0,0,0,0,0,1.614,0,0,1.606,0,0,1.637,0,0,0,0,0,0,0,0,2.076,0,0,2.615,0
MPB:bin_000447,0,0,0,0,0,0,0,0,0,0,0,0,0,0,0,0,0,0,0,0,0,0,0,0,0,0,0,0,0,0,0,0,0,0,0,0,0,0,0,0,0,0,0,0,0,0,0,0,0,0,0,0,0,0,0,0,0,0,0,0,0,0,0,0,0,0,0,0,0,0,0,0,0,0,0,0,0,0,0,0,0,0,0,0
MPB:bin_000449,0,0,0,0,0,0,0,0,0,0,0,0,0,0,0,0,0,0,0,0,0,0,0,0,0,0,0,0,0,0,0,0,0,0,0,0,0,0,0,0,0,0,0,0,0,0,0,0,0,0,0,0,0,0,0,0,0,0,0,0,0,0,0,1.099,0,0,0,0,0,0,0,0,0,0,0,0,0,0,0,0,0,0,0,0
MPB:bin_000450,0,0,0,0,3.216,0,0,2.217,0,0,0,0,0,0,0,0,0,2.274,2.468,0,0,1.675,0,2.711,3.513,0,2.356,0,0,0,0,0,1.512,0,0,2.31,0,0,0,0,2.716,0,0,4.398,1.347,0,0,0,0,0,0,0,5.132,2.556,0,1.375,0,2.033,0,0,3.038,0,2.151,0,1.626,1.853,2.106,0,6.227,1.991,0,0,0,0,0,0,3.951,0,0,2.194,0,0,2.181,4.267
MPB:bin_000451,0,0,0,0,0,0,0,0,0,0,0,0,0,0,0,0,0,0,4.694,0,0,0,0,0,0,0,0,0,0,0,0,0,0,0,0,0,0,0,0,0,0,0,0,0,0,0,0,0,0,0,0,0,0,0,0,0,2.512,0,0,3.126,0,0,0,0,0,0,0,0,4.04,0,0,0,0,0,0,0,0,0,0,3.707,0,0,0,0
MPB:bin_000452,0,0,0,0,0,0,0,0,0,0,0,0,0,0,0,0,0,0,0,0,0,0,0,0,0,0,0,0,0,0,0,0,0,0,0,0,0,0,0,0,0,0,0,0,0,0,0,0,0,0,0,0,0,0,0,0,0,0,0,0,0,0,0,0,0,0,0,0,0,0,0,0,0,0,0,0,0,0,0,0,0,0,0,0
MPB:bin_000453,0,0,0,0,0,0,0,0,0,0,0,0,0,0,0,0,0,0,0,0,0,0,0,0,0,0,0,0,0,0,0,0,0,0,0,0,0,0,0,0,0,0,0,0,0,0,0,0,0,0,0,0,2.181,0,0,0,0,0,0,0,0,0,0,0,0,0,0,0,0,0,0,0,0,0,0,0,0,0,0,0,0,0,0,0
MPB:bin_000455,0,0,0,0,0,0,0,0,0,0,0,0,0,0,0,0,0,0,0,0,0,0,0,0,0,0,0,0,0,0,0,0,0,0,0,0,0,0,0,0,0,0,0,0,0,0,0,0,0,0,0,0,0,0,0,0,0,0,0,0,0,0,0,0,0,0,0,0,0,0,0,0,0,0,0,0,0,0,0,0,0,0,0,0
MPB:bin_000456,0,0,0,0,0,0,0,0,0,0,0,0,0,0,0,0,0,0,0,0,0,0,0,0,0,0,0,0,0,0,0,0,0,0,0,0,0,0,0,0,0,0,0,0,0,0,0,0,0,0,0,0,0,0,0,0,0,0,0,0,0,0,0,0,0,0,0,0,0,0,0,0,0,0,0,0,0,0,0,0,0,0,0,0
MPB:bin_000457,1.937,1.604,1.294,0,2.338,0,1.379,0,0,2.183,1.429,1.331,1.999,0,1.936,1.447,0,0,1.984,3.178,0,5.121,0,2.624,1.328,2.748,1.012,0,3.288,0,1.795,0,2.511,0,0,3.044,0,0,0,2.234,1.854,1.281,0,3.931,0,1.76,1.968,0,0,0,2.201,1.575,4.836,1.691,0,1.136,0,1.649,2.115,2.14,2.304,0,2.726,4.213,2.095,1.86,1.405,2.547,5.59,2.315,4.566,0,0,3.239,3.72,1.468,2.919,1.509,0,4.597,1.456,1.738,3.272,1.693
MPB:bin_000458,6.175,3.58,1.898,1.764,2.525,0,2.818,1.218,3.034,3.855,2.045,6.423,4.722,0,2.254,4.658,0,0,6.369,5.445,2.912,2.508,0,4.89,3.024,4.067,5.418,1.607,1.61,0,10.55,3.021,3.694,0,2.45,4.592,1.956,0,0,2.721,3.566,7.357,0,6.542,1.971,3.17,1.688,0,0,0,2.667,2.254,15.136,2.701,1.64,1.13,0,2.65,4.742,2.016,8.786,0,2.952,6.205,3.826,5.431,2.655,5.012,9.115,7.282,5.158,0,2.075,4.924,5.028,2.963,5.232,6.17,0,7.911,0,2.583,7.722,2.105
MPB:bin_000459,0,0,0,0,0,0,0,0,0,0,0,0,0,0,0,0,0,0,0,0,0,0,0,0,0,0,0,0,0,0,0,0,0,0,0,0,0,0,0,0,0,0,0,0,0,0,0,0,0,0,0,0,0,0,0,0,0,0,0,0,0,0,0,0,0,0,0,0,0,0,0,0,0,0,0,0,0,0,0,0,0,0,0,0
MPB:bin_000460,0,0,0,0,0,0,0,0,0,0,0,0,0,0,0,0,0,0,1.68,0,0,0,0,0,0,0,0,0,0,0,0,0,0,0,0,0,0,0,0,0,0,0,0,0,0,0,0,0,0,0,0,0,0,0,0,0,0,0,0,0,0,0,0,0,0,0,0,0,0,0,0,0,0,0,0,0,0,0,0,0,0,0,0,0
MPB:bin_000461,0,0,0,0,0,0,0,0,0,0,0,0,0,0,0,0,0,0,0,0,0,0,0,0,0,0,0,0,0,0,0,0,0,0,0,0,0,0,0,0,0,0,0,0,0,0,0,0,0,0,0,0,0,0,0,0,0,0,0,0,0,0,0,0,0,0,0,0,0,0,0,0,0,0,0,0,0,0,0,0,0,0,0,0
MPB:bin_000465,0,0,0,0,0,0,0,0,0,0,0,0,0,0,0,0,0,0,0,0,0,0,0,0,0,0,0,0,0,0,0,0,0,0,0,0,0,0,0,0,0,0,0,0,0,0,0,0,0,0,0,0,0,0,0,0,0,0,0,0,0,0,0,0,0,0,0,0,0,0,0,0,0,0,0,0,0,0,0,0,0,0,0,0
MPB:bin_000466,0,0,0,0,0,0,0,0,0,0,0,0,0,0,0,0,0,0,0,0,0,0,0,0,0,0,0,0,0,0,0,0,0,0,0,0,0,0,0,0,0,0,0,0,0,0,0,0,0,0,0,0,0,0,0,0,0,0,0,0,0,0,0,0,0,0,0,0,0,0,0,0,0,0,0,0,0,0,0,0,0,0,0,0
MPB:bin_000470,0,0,0,0,0,0,0,0,0,0,0,0,0,0,0,0,0,0,0,0,0,0,0,0,0,0,0,0,0,0,0,0,0,0,0,0,0,0,0,0,0,0,0,0,0,0,0,0,0,0,0,0,0,0,0,0,0,0,0,0,0,0,0,0,0,0,0,0,0,0,0,0,0,0,0,0,0,0,0,0,0,0,0,0
MPB:bin_000472,0,0,0,0,0,0,0,0,0,0,0,0,0,0,0,0,0,0,0,0,0,0,0,0,0,0,0,0,0,0,0,0,0,0,0,0,0,0,0,0,0,0,0,0,0,0,0,0,0,0,0,0,0,0,0,0,0,0,0,0,0,0,0,0,0,0,0,0,0,0,0,0,0,0,0,0,0,0,0,0,0,0,0,0
MPB:bin_000473,0,0,1.729,0,0,0,0,0,0,0,0,0,0,0,0,0,0,0,0,0,0,0,0,0,0,0,0,0,0,0,0,0,0,0,0,0,0,0,0,0,0,0,0,0,0,0,0,0,0,0,0,0,0,0,0,0,0,0,0,0,0,0,0,0,0,0,0,0,0,0,0,0,0,0,0,0,0,0,0,0,0,0,3.258,0
MPB:bin_000476,0,0,0,0,0,0,0,0,0,0,0,0,0,0,0,0,0,0,0,0,0,0,0,0,0,0,0,0,0,0,0,0,0,0,0,0,0,0,0,0,0,0,0,0,0,0,0,0,0,0,0,0,1.601,0,0,0,0,0,0,0,0,0,0,0,0,0,0,0,0,0,0,0,0,0,0,0,0,0,0,0,0,0,0,0
MPB:bin_000477,0,0,0,0,0,0,0,0,1.675,0,0,2.067,1.71,0,0,0,0,0,0,0,0,1.461,0,3.576,1.979,0,0,0,0,0,0,0,4.265,0,0,1.618,0,0,0,0,0,0,0,0,0,0,1.702,2.589,0,0,0,0,3.196,1.95,0,0,0,2.017,0,1.96,4.147,0,0,0,2.005,1.57,0,1.919,2.839,2.216,0,0,0,0,0,0,2.797,0,0,0,0,0,0,0
MPB:bin_000479,0,0,0,0,0,0,0,0,0,0,2.085,0,0,0,0,0,0,0,0,0,0,0,0,0,0,0,0,0,0,0,1.874,0,0,0,0,0,0,0,0,0,0,0,0,0,0,0,0,0,0,0,0,0,0,0,0,0,0,2.243,0,0,0,0,0,0,0,0,0,0,0,0,0,0,0,0,0,0,0,0,0,0,0,0,0,0
MPB:bin_000491,0,1.393,0,0,0,0,0,0,0,0,0,0,0,0,0,0,0,0,2.183,0,0,0,0,1.845,1.523,0,0,0,0,0,0,0,0,0,0,0,0,0,0,0,0,0,0,0,0,0,0,0,0,0,0,0,0,0,0,0,0,0,0,2.948,1.971,0,0,0,0,0,1.544,1.242,1.445,0,0,0,0,0,0,0,1.968,1.177,0,2.563,0,0,1.721,0
MPB:bin_000499,2.468,4.775,3.152,1.432,2.447,0,3.005,2.009,3.521,10.385,2.226,6.049,4.634,0,0,0,1.298,1.842,15.522,4.402,3.559,2.289,1.251,5.046,8.968,0,0,3.542,2.406,0,10.751,6.31,6.034,3.856,1.764,8.683,3.236,0,0,3.738,4.894,3.338,0,7.773,9.407,9.471,4.234,2.966,0,0,4.548,3.495,16.62,3.148,0,0,3.259,9.686,8.09,3.726,7.016,0,2.302,3.875,3.853,5.192,7.25,5.59,12.979,14.264,3.599,0,2.784,10.127,3.903,0,8.817,4.889,0,7.595,2.233,5.79,8.245,2.495
MPB:bin_000538,0,0,0,0,0,0,0,0,0,0,0,0,0,0,0,0,0,0,0,0,0,0,0,0,0,0,0,0,0,0,0,0,0,0,0,0,0,0,0,0,0,0,0,0,0,0,0,0,0,0,0,0,0,0,0,0,0,0,0,0,0,0,0,0,0,0,0,0,0,0,0,0,0,0,0,0,0,0,0,0,0,0,0,0
MPB:bin_000554,0,2.394,2.821,0,0,2.021,1.889,0,0,2.706,0,2.928,3.786,0,1.942,1.955,0,0,18.696,3.879,3.556,4.228,0,3.664,3.577,2.599,2.595,1.419,2.049,0,4.402,1.819,4.051,0,1.863,3.967,1.995,0,0,3.179,2.601,2.457,0,4.372,2.383,0,2.562,0,0,0,1.967,1.729,7.618,1.893,1.782,1.273,0,3.131,3.742,3.653,4.373,0,0,2.256,3.489,2.055,2.507,3.435,9.733,4.272,2.038,0,1.979,4.84,1.996,2.96,2.944,1.845,0,4.659,0,2.355,7.911,3.635
MPB:bin_000559,0,0,0,0,0,0,0,0,0,0,0,0,0,0,0,0,0,0,1.108,0,0,0,0,0,0,0,0,0,0,0,0,0,0,0,0,0,0,0,0,0,2.684,0,0,0,0,0,0,0,0,0,0,0,0,0,0,0,0,0,0,0,0,0,0,0,0,0,1.281,0,0,0,0,0,0,0,0,0,0,0,0,0,0,0,2.728,0
MPB:bin_000571,0,0,0,0,0,0,0,0,0,0,0,0,0,0,0,0,0,0,0,0,0,0,0,0,0,0,0,0,0,0,0,0,0,0,0,0,0,0,0,0,0,0,0,0,0,0,0,0,0,0,0,0,0,0,0,0,0,0,0,0,0,0,0,0,0,0,0,0,0,0,0,0,0,0,0,0,0,0,0,0,0,0,0,0
MPB:bin_000576,0,0,0,0,0,0,0,0,0,0,0,0,0,0,0,0,0,0,0,0,0,0,0,0,0,0,0,0,0,0,0,0,0,0,0,0,0,0,0,0,0,0,0,0,0,0,0,0,0,0,0,0,0,0,0,0,0,0,0,0,0,0,0,0,0,0,0,0,0,0,0,0,0,0,0,0,0,0,0,0,0,0,0,0
MPB:bin_000579,0,0,0,0,0,0,0,0,0,0,0,0,0,0,0,0,0,0,0,0,0,0,0,0,0,0,0,0,0,0,0,0,0,0,0,0,0,0,0,0,0,0,0,0,0,0,0,0,0,0,0,0,0,0,0,0,0,0,0,0,0,0,0,0,0,0,0,0,0,0,0,0,0,0,0,0,0,0,0,0,0,0,0,0
MPB:bin_000581,17.721,0,0,0,0,47.235,0,0,0,30.251,29.089,53.12,29.363,0,3.173,0,2.117,0,65.233,12.937,6.554,8.45,0,0,0,0,0,0,0,0,0,23.548,0,0,0,0,18.881,0,0,6.557,0,0,4.027,2.013,1.62,0,0,0,0,0,22.853,0,5.965,0,0,0,0,21.003,13.975,10.962,0,0,11.005,10.98,25.757,0,2.243,3.297,9.402,3.537,26.002,0,10.505,15.502,0,0,14.275,0,0,15.611,0,0,7.117,0
MPB:bin_000584,0,0,0,0,0,0,0,0,0,0,0,0,0,0,0,0,0,0,0,0,0,0,0,0,0,0,0,0,0,0,0,0,0,0,0,0,0,0,0,0,0,0,0,0,0,0,0,0,0,0,0,0,0,0,0,0,0,0,0,0,0,0,0,0,0,0,0,0,0,0,0,0,0,0,0,0,0,0,0,0,0,0,0,0
MPB:bin_000588,0,0,0,0,0,0,0,0,0,0,0,0,0,0,0,0,0,0,0,0,0,0,0,0,0,0,0,0,0,0,0,0,0,0,0,0,0,0,0,0,0,0,0,0,0,0,0,0,0,0,0,0,0,0,0,0,0,0,0,0,0,0,0,0,0,0,0,0,0,0,0,0,0,0,0,0,0,0,0,0,0,0,0,0
MPB:bin_000590,0,0,0,0,0,0,0,0,0,0,0,0,0,0,0,0,0,0,0,0,0,0,0,0,0,0,0,0,0,0,0,0,0,0,0,0,0,0,0,0,0,0,0,0,0,0,0,0,0,0,0,0,0,0,0,0,0,0,0,0,0,0,0,0,0,0,0,0,0,0,0,0,0,0,0,0,0,0,0,0,0,0,0,0
MPB:bin_000593,0,0,0,0,0,0,0,0,0,0,0,0,0,0,0,0,0,0,0,0,0,0,0,0,0,0,0,0,0,0,0,0,0,0,0,0,0,0,0,0,0,0,0,0,0,0,0,0,0,0,0,0,0,0,0,0,0,0,0,0,0,0,0,0,0,0,0,0,0,0,0,0,0,0,0,0,0,0,0,4.952,0,0,0,0
MPB:bin_000594,0,0,0,0,0,0,0,0,0,0,0,0,0,0,0,0,0,0,0,0,0,0,0,0,0,0,0,0,0,0,0,0,0,0,0,0,0,0,0,0,0,0,0,0,0,0,0,0,0,0,0,0,0,0,0,0,0,0,0,0,0,0,0,0,0,0,0,0,0,0,0,0,0,0,0,0,0,0,0,0,0,0,0,0
MPB:bin_000596,0,1.819,0,0,0,0,0,0,3.052,0,1.659,1.257,0,0,0,0,0,0,4.934,0,0,1.877,0,2.117,1.962,0,2.184,0,0,0,5.113,0,2.487,0,1.311,2.425,0,0,0,0,2.338,0,0,2.668,0,1.595,0,0,0,0,1.473,0,5.746,1.159,0,0,0,1.842,0,0,3.464,0,0,1.678,1.781,1.775,0,0,2.786,1.957,0,0,0,2.052,1.615,0,1.783,3.946,0,3.024,0,1.725,2.385,0
MPB:bin_000597,0,0,0,0,0,0,0,0,0,0,0,0,0,0,0,1.335,0,0,2.734,0,0,0,0,0,0,0,0,0,0,0,0,0,0,0,0,0,0,0,0,0,0,0,0,0,0,0,0,0,0,0,1.354,0,3.143,0,0,0,0,0,1.782,0,0,0,0,0,0,0,0,0,3.473,0,0,0,0,0,0,0,0,0,0,0,0,0,0,0
MPB:bin_000598,0,0,0,0,0,0,0,0,0,0,0,0,0,0,0,0,0,0,1.646,0,0,0,0,0,0,0,0,0,0,0,0,0,0,0,0,0,0,0,0,0,0,0,0,0,0,0,0,0,0,0,0,0,0,0,0,0,0,0,0,0,0,0,0,0,0,0,0,0,0,0,0,0,0,0,0,0,0,0,0,0,0,0,0,0
MPB:bin_000599,0,0,0,0,0,0,0,0,0,0,0,0,0,0,0,0,0,0,0,0,0,0,0,0,0,0,0,0,0,0,0,0,0,0,0,0,0,0,0,0,0,0,0,0,0,0,0,0,0,0,0,0,2.814,0,0,1.627,0,0,0,0,0,0,0,1.847,0,0,0,0,0,0,0,0,0,2.766,0,0,0,0,0,3.145,0,0,0,0
MPB:bin_000600,1.889,3.211,2.489,0,0,0,0,3.354,0,2.455,0,0,2.263,0,0,1.781,0,0,7.38,0,0,2.887,0,2.929,2.248,0,2.093,0,1.78,0,4.768,0,2.664,0,0,2.519,0,0,0,1.547,3.139,4.298,0,2.584,0,0,2.867,2.121,0,0,2.907,0,7.707,1.714,0,0,0,0,3.224,0,4.259,0,0,2.058,3.171,0,0,2.749,5.862,3.382,0,0,2.467,2.479,0,2.133,0,4.166,0,4.521,0,0,8.17,0
MPB:bin_000601,0,0,0,0,0,0,0,0,0,0,0,0,0,0,0,0,0,0,0,0,0,0,0,0,0,0,0,0,0,0,0,0,0,0,0,0,0,0,0,0,0,0,0,0,0,0,0,0,0,0,0,0,0,0,0,0,0,0,0,0,0,0,0,0,0,0,0,0,0,0,0,0,0,0,0,0,0,0,0,0,0,0,0,0
MPB:bin_000604,0,0,0,0,0,0,0,0,0,0,0,0,0,0,0,0,0,0,1.727,0,0,0,0,0,1.724,0,0,0,0,0,0,0,0,0,0,0,0,0,0,0,1.277,0,0,0,0,0,0,0,0,0,0,0,0,0,0,0,0,0,0,0,1.377,0,0,0,0,0,0,0,1.247,2.661,0,0,0,2.176,0,0,0,0,0,0,0,1.49,0,0
MPB:bin_000605,0,0,0,0,0,0,0,0,0,0,0,0,0,0,0,0,0,0,0,0,0,0,0,0,0,0,0,0,0,0,0,0,0,0,0,0,0,0,0,0,0,0,0,0,0,0,0,0,0,0,0,0,0,0,0,0,0,0,0,0,0,0,0,0,0,0,0,0,0,0,0,0,0,0,0,0,0,0,0,0,0,0,0,0
MPB:bin_000606,2.793,6.028,2.066,0,1.524,2.999,1.639,2.537,3.459,5.147,3.96,8.037,3.396,0,2.216,2.726,0.842,0,17.452,3.964,3.108,2.703,0,5.896,4.785,2.2,2.777,1.418,1.546,0,7.388,2.749,4.415,0,1.417,5.21,3.974,0,0,2.104,7.361,6.226,1.969,5.659,4.011,2.741,3.862,2.377,0,0,3.358,1.511,18.468,5.915,1.593,1.527,0,6.026,0,3.038,8.359,0,2.107,3.002,3.945,3.635,3.945,4.367,9.465,8.307,4.647,0,2.621,6.907,3.999,3.999,5.958,6.737,0,9.324,1.435,6.117,6.797,2.393
MPB:bin_000609,0,0,0,0,0,0,0,0,0,0,0,0,0,0,0,0,0,0,0,0,0,0,0,0,0,0,0,0,0,0,0,0,0,0,0,0,0,0,0,0,0,0,0,0,0,0,0,0,0,0,0,0,0,0,0,0,0,0,0,0,0,0,0,0,0,0,0,0,0,0,0,0,0,0,0,0,0,0,0,0,0,0,0,0
MPB:bin_000615,0,0,0,0,0,0,0,0,0,0,0,0,0,0,0,0,0,0,7.226,0,0,0,0,0,0,0,0,0,0,0,0,0,0,0,0,0,0,0,0,0,0,0,0,0,0,0,0,0,0,0,0,0,0,0,0,0,0,0,0,0,0,0,0,0,0,0,0,0,0,0,0,0,0,0,0,0,0,0,0,0,0,0,0,0
MPB:bin_000617,0,0,0,0,0,0,0,0,0,0,0,0,0,0,0,0,0,0,0,0,0,0,0,0,0,0,0,0,1.642,0,0,0,0,0,0,0,0,0,0,0,0,0,0,0,0,0,0,0,0,0,0,0,3.502,0,0,0,0,0,0,0,2.382,0,0,0,0,0,0,2.051,3.346,0,0,0,0,0,0,0,1.931,0,0,0,0,0,2.609,0
MPB:bin_000618,0,0,0,0,0,0,0,0,0,0,0,0,0,0,0,0,0,0,0,0,0,0,0,0,0,0,0,0,0,0,0,0,0,0,0,0,0,0,0,0,0,0,0,0,0,0,0,0,0,0,0,0,0,0,0,0,0,0,0,0,0,0,0,0,0,0,0,0,0,0,0,0,0,0,0,0,0,0,0,0,0,0,0,0
MPB:bin_000619,3.068,4.702,2.196,0,0,1.441,2.75,0,3.022,5.108,3.075,6.085,6.412,0,0,4.479,0,1.24,6.674,1.975,2.798,2.585,1.522,1.933,5.145,4.631,3.246,2.366,2.972,0,13.884,2.116,3.519,0,1.406,5.256,0,0,0,2.416,6.529,0,1.917,6.96,2.198,3.76,5.452,0,0,1.376,1.727,1.362,13.319,3.165,0,1.36,1.928,4.213,2.474,1.964,6.331,0,3.227,5.069,5.523,8.998,3.55,3.914,8.813,9.131,3.66,0,0,5.068,3.614,2.265,2.289,4.646,0,8.36,2.161,3.981,7.527,5.848
MPB:bin_000622,0,0,0,0,0,0,0,0,0,0,0,0,0,0,0,0,0,0,0,0,0,0,0,0,0,0,0,0,0,0,0,0,0,0,0,0,0,0,0,0,0,0,0,0,0,0,0,0,0,0,0,0,0,0,0,0,0,0,0,0,0,0,0,0,0,0,0,0,0,0,0,0,0,0,0,0,0,0,0,0,0,0,0,0
TM1:bin_000010,0,0,0,0,0,0,0,0,0,0,0,0,0,0,0,0,0,0,0,0,0,0,0,0,0,0,0,0,0,0,1.315,0,0,0,0,0,0,0,0,0,0,0,0,0,0,0,0,0,0,0,0,0,0,0,0,0,0,0,0,0,0,0,0,0,0,0,0,0,0,0,0,0,0,0,0,0,0,0,0,0,0,0,0,0
TM1:bin_000024,0,0,0,0,0,0,0,0,0,0,0,0,0,0,0,0,0,0,0,0,0,0,0,0,0,0,0,0,0,0,0,0,0,0,0,0,0,0,0,0,0,0,0,0,0,0,0,0,0,0,0,0,0,0,0,0,0,0,0,0,0,0,0,0,0,0,0,0,0,0,0,0,0,0,0,0,0,0,0,0,0,0,0,0
TM1:bin_000025,0,10.095,7.623,0,3.541,3.207,2.563,1.614,2.643,4.648,3.068,10.418,5.342,0,6.674,2.612,2.125,2.005,11.845,9.276,3.212,4.23,0,4.862,5.527,5.134,6.077,1.24,4.738,0,18.949,2.051,8.757,3.623,2.33,7.646,4.456,1.913,0,2.891,11.082,10.602,1.398,11.682,7.192,4.768,4.925,5.988,0,3.247,5.686,4.017,29.025,2.708,5.479,1.509,2.122,5.785,3.827,12.089,9.191,0,4.141,7.55,13.663,3.292,4.212,11.033,11.496,7.819,5.934,0,2.321,8.676,10.713,3.305,11.22,5.719,0,8.303,4.977,3.357,17.038,4.841
TM1:bin_000027,0,0,0,0,0,0,0,0,0,0,0,0,0,0,0,0,0,0,0,0,0,0,0,0,0,0,0,0,0,0,0,0,0,0,0,0,0,0,0,0,0,0,0,0,0,0,0,0,0,0,0,0,0,0,0,0,0,0,0,0,0,0,0,0,0,0,0,0,0,0,0,0,0,0,0,0,0,0,0,0,0,0,0,0
TM1:bin_000031,6.092,15.721,7.658,2.232,9.627,5.202,6.558,5.598,12.941,10.013,7.765,15.686,10.228,0,7.237,7.098,1.956,2.197,49.317,11.144,7.912,8.257,1.233,15.202,9.29,5.133,6.053,2.927,3.609,0,21.069,7.655,14.5,3.647,3.868,9.904,13.87,1.414,0,4.657,10.919,14.897,6.261,15.796,9.388,8.056,11.098,8.388,0,4.179,13.689,8.971,52.29,3.242,3.929,5.955,8.677,13.674,9.894,9.198,12.766,0,8.865,22.286,13.594,3.676,13.496,18.035,28.693,16.436,14.665,1.578,5.58,17.898,8.985,8.878,14.815,18.342,0,31.308,4.608,8.566,28.672,7.182
TM1:bin_000049,0,0,1.829,0,0,0,0,1.359,0,0,0,0,0,0,0,0,0,0,10.751,2.106,0,2.919,0,0,1.352,0,0,1.073,0,0,1.85,1.242,1.665,0,0,2.208,2.173,0,0,0,0,0,0,1.778,0,0,0,0,0,0,0,0,3.97,0,2.068,0,0,0,0,1.69,1.56,0,0,1.08,0,1.407,0,0,2.397,0,0,0,0,2.663,0,0,0,0,0,2.238,0,0,2.12,0
TM1:bin_000080,1.293,4.041,1.99,0,1.902,0,2.038,1.173,1.808,4.241,1.684,1.944,2.904,0,3.451,1.065,0.846,0,3.354,2.21,1.459,3.859,0,5.556,3.469,3.387,1.392,1.076,0,0,5.022,0,5.596,0,2.17,3.536,1.648,0,0,0,3.191,2.289,1.988,5.486,2.509,2.867,3.857,0,0,0,0,0,7.1,4.036,0,1.28,0,3.782,4.696,2.009,3.905,0,2.318,2.106,3.99,2.713,2.356,3.738,5.521,6.163,4.027,0,1.922,5.641,2.78,0,6.243,4.665,0,5.382,0,2.26,2.389,0
TM1:bin_000119,0,0,0,0,0,0,0,0,0,0,0,1.124,0,0,0,0,0,0,0,0,0,0,0,0,0,0,0,0,0,0,0,0,0,0,0,0,0,0,0,0,0,1.061,0,0,0,0,0,0,0,0,0,0,0,0,0,0,0,0,0,0,0,0,0,0,0,0,0,0,0,0,0,0,0,0,0,0,0,0,0,0,0,0,0,0
TM1:bin_000126,2.437,4.632,4.292,0,2.321,2.817,2.452,2.213,4.689,4.933,2.571,3.393,4.176,0,4.621,2.847,1.486,1.498,8.81,6.613,4.257,5.413,0,6.489,5.355,6.1,3.266,2.986,3.019,0,6.891,2.854,6.954,2.519,2.17,5.727,4.123,0,0,3.831,3.814,5.065,1.996,6.028,3.275,4.262,3.964,4.737,0,1.591,2.424,2.753,15.214,3.564,2.697,1.398,1.794,5.391,8.748,0,9.205,0,3.685,4.192,6.928,5.303,4.135,10.438,10.792,10.672,3.238,0,2.928,3.945,7.477,3.074,12.119,2.991,0,6.288,2.076,5.78,13.03,3.571
TM1:bin_000144,0,0,0,0,0,0,0,0,0,0,0,0,0,0,0,0,0,0,2.426,0,0,0,0,0,2.36,0,0,0,0,0,0,0,0,0,0,0,0,0,0,0,0,0,0,0,0,0,0,0,0,0,0,1.366,1.929,0,0,0,0,0,0,0,0,0,1.87,0,0,0,0,0,1.394,0,0,0,0,0,0,0,0,0,0,1.461,0,0,0,0
TM1:bin_000152,0,0,1.671,2.073,0,5.958,0,0,1.646,2.666,3.719,1.321,0,0,1.798,2.057,0,0,3.431,3.845,3.462,0,0,2.112,1.317,0,0,0,2.643,0,2.912,0,7.445,2.018,0,2.04,0,0,0,0,0,2.603,0,1.859,0,4.153,2.004,3.469,0,0,0,0,0,1.24,0,0,0,2.641,0,3.303,1.959,0,3.509,1.523,0,2.39,3.157,0,3.833,2.594,1.543,0,2.878,1.523,0,0,0,0,0,2.007,0,5.265,1.518,0
TM1:bin_000153,2.279,2.58,0,0,0,0,0,0,1.273,1.894,0,3.658,2.154,0,1.673,4.957,0,0,8.654,1.958,1.571,0,0,2.178,4.474,1.458,2.99,0,1.516,0,6.566,1.616,2.562,0,1.413,3.274,1.331,0,0,0,4.158,2.378,0,6.073,0,2.852,1.448,0,0,0,0.955,1.315,6.576,2.61,1.792,0,0,2.047,1.713,0,5.771,0,1.583,1.972,2.018,2.306,2.077,4.379,5.792,2.304,1.17,0,0,3.008,2.081,0,3.032,4.336,0,3.78,0,2.629,3.83,1.681
TM1:bin_000177,0,0,0,0,0,0,0,0,0,0,0,1.18,0,0,0,0,0,0,1.093,0,0,0,0,0,0,0,0,0,0,0,0,0,0,0,0,0,0,0,0,0,0,0,0,0,0,0,0,0,0,0,0,0,0,0,0,0,0,0,0,2.01,0,0,0,0,0,0,0,0,0,0,0,0,0,0,0,0,0,0,0,0,0,0,0,0
TM2:bin_000005,0,0,0,0,0,0,0,0,0,0,0,0,0,0,0,0,0,0,0,0,0,0,0,0,0,0,0,0,0,0,0,0,0,0,0,0,0,0,0,0,0,0,0,0,0,0,0,0,0,0,0,0,0,0,0,0,0,0,0,0,0,0,0,0,0,0,0,0,0,0,0,0,0,0,0,0,0,0,0,0,0,0,0,0
TM2:bin_000013,0,0,0,0,0,0,0,0,0,0,0,0,0,0,0,0,0,0,0,0,0,0,0,0,0,0,0,0,0,0,0,0,0,0,0,0,0,0,0,0,0,0,0,0,0,0,0,2.876,0,0,0,0,0,0,0,0,0,0,0,0,0,0,0,0,0,0,0,0,0,0,1.643,0,0,0,0,0,0,0,0,0,0,0,2.105,0
TM2:bin_000090,0,0,0,0,0,0,0,0,0,0,0,0,0,0,0,0,0,0,0,0,0,0,0,0,0,0,0,0,0,0,0,0,0,0,0,0,0,0,0,0,0,0,0,0,0,0,0,0,0,0,0,0,0,0,0,0,0,0,0,0,0,0,0,0,0,0,0,0,0,0,0,0,0,0,0,0,0,0,0,0,0,0,0,0
TM2:bin_000114,0,0,0,0,0,0,0,0,0,0,0,0,0,0,0,0,0,0,0,0,0,0,0,0,0,0,0,0,0,0,0,0,0,0,0,0,0,0,0,0,0,0,0,0,0,0,0,0,0,0,0,0,0,0,0,0,0,0,0,0,0,0,0,0,0,0,0,0,0,0,0,0,0,0,0,0,0,0,0,0,0,0,0,0
TM2:bin_000116,0,0,0,0,0,0,0,0,0,0,0,0,0,0,0,0,0,0,0,0,0,0,0,0,0,0,0,0,0,0,0,0,0,0,0,0,0,0,0,0,2.435,0,0,0,0,0,1.913,0,0,0,0,0,2.367,1.132,0,0,0,0,0,0,0,0,0,0,0,0,0,0,0,2.03,0,0,0,0,0,0,1.587,0,0,1.573,0,0,2.033,0
TM2:bin_000124,4.139,1.501,2.405,0,0,1.78,0,0,2.216,3.176,5.992,0,0,0,2.548,2.137,0,0,2.287,3.217,2.904,1.387,2.188,0,5.023,0,0,0,2.998,0,4.297,1.649,3.669,2.552,1.985,2.531,0,0,0,0,0,1.339,2.609,0,2.6,0,3.707,6.214,0,1.731,1.023,1.647,5.325,0,0,0,1.544,5.942,0,2.443,2.03,0,1.573,0,2.643,0,2.586,0,4.153,6.053,10.013,0,4.803,4.684,0,1.733,0,0,0,5.748,2.521,3.641,1.421,0
TM2:bin_000127,2.252,2.367,2.013,0,0,2.026,0,0,0,2.455,2.822,2.304,1.621,0,1.966,0,0.8,0,12.79,1.508,1.826,1.539,0,0,1.49,2.851,0,1.519,1.955,0,2.915,0,3.405,0,0,4.322,0,0,0,0,0,0,0,4.432,3.991,2.618,0,1.781,0,0,1.515,1.411,3.639,2.462,0,0,0,0,0,0,2.412,0,2.758,0,0,1.585,1.818,0,4.079,3.322,0,0,0,4.738,1.798,0,4.897,0,0,3.318,0,0,3.451,0
TM2:bin_000155,0,0,0,0,0,0,0,0,0,0,0,0,0,0,0,0,0,0,0,0,0,0,0,2.553,0,0,0,0,0,0,0,0,0,0,0,1.661,0,0,0,0,0,0,0,0,0,0,0,0,0,0,2.821,0,0,0,0,0,0,0,0,0,0,0,0,0,0,0,0,0,0,0,0,0,0,0,0,0,0,0,0,0,0,0,0,0
TM2:bin_000157,0,0,0,0,0,0,0,0,0,0,0,0,0,0,0,0,0,0,0,0,0,0,0,0,0,0,0,0,0,0,0,0,0,0,0,0,0,0,0,0,0,0,0,0,0,0,0,0,0,0,0,0,0,0,0,0,0,0,0,0,0,0,0,0,0,0,0,0,0,0,0,0,0,0,0,0,0,0,0,0,0,0,0,0
TM2:bin_000186,0,0,0,0,3.949,0,0,0,0,0,0,0,0,0,0,0,0,0,2.768,0,0,0,0,0,0,0,0,0,0,0,2.767,0,0,0,0,0,0,0,0,0,0,0,0,0,0,0,0,0,0,0,0,0,0,0,0,0,0,0,0,0,0,0,0,2.053,0,0,0,0,1.752,0,0,0,0,0,0,0,0,4.191,0,0,0,0,2.551,0
TM2:bin_000188,0,0,0,0,0,0,0,0,0,0,0,0,0,0,0,0,0,0,0,0,0,0,0,0,0,0,0,0,0,0,0,0,0,0,0,0,0,0,0,0,0,0,0,0,0,0,0,0,0,0,0,0,0,0,0,0,0,0,0,0,0,0,0,0,0,0,0,0,0,0,0,0,0,0,0,0,0,0,0,0,0,0,0,0
TM2:bin_000219,0,0,0,0,0,0,0,0,0,0,0,0,0,0,0,0,0,0,0,0,0,0,0,0,0,0,0,0,0,0,0,0,0,0,0,0,0,0,0,0,0,0,0,0,0,0,0,0,0,0,0,0,0,0,0,0,0,0,0,0,0,0,0,0,0,2.918,0,0,0,0,0,0,0,0,0,0,0,0,0,0,0,0,3.074,0
TM2:bin_000235,0,0,0,0,0,0,0,0,0,0,0,0,0,0,0,0,0,0,3.831,0,0,0,0,0,0,0,0,0,0,0,1.891,0,0,0,0,1.323,0,0,0,0,0,0,0,0,0,0,0,0,0,0,0,0,1.459,0,0,0,0,0,0,0,0,0,0,0,0,0,0,0,1.881,0,0,0,0,1.464,0,0,0,0,0,0,0,0,2.526,0
TM3:bin_000033,0,0,0,0,0,0,0,0,0,0,0,0,0,0,0,0,0,0,0,0,0,0,0,0,0,0,0,0,0,0,0,0,0,0,0,0,0,0,0,0,0,0,0,0,0,0,0,0,0,0,0,0,0,0,0,0,0,0,0,0,0,0,0,0,0,0,0,0,0,0,0,0,0,0,0,0,0,0,0,0,0,0,0,0
TM3:bin_000088,0,0,0,0,0,0,0,0,0,0,0,0,0,0,0,0,0,0,0,0,0,0,0,0,0,0,0,0,0,0,0,0,0,0,0,0,0,0,0,0,0,0,0,0,0,0,0,0,0,0,0,0,0,0,0,0,0,0,0,0,0,0,0,0,0,0,0,0,0,0,0,0,0,0,0,0,0,0,0,0,0,0,0,0
TM3:bin_000108,0,1.904,0,0,0,0,0,0,0,0,0,0,0,0,0,0,0,0,11.884,0,0,1.39,0,0,0,0,0,0,0,0,0,0,0,0,0,0,0,0,0,0,0,0,0,0,0,0,0,0,0,0,0,1.409,0,0,0,0,0,0,0,0,0,0,0,0,0,0,0,0,3.575,0,0,0,0,0,0,0,0,0,0,0,0,0,0,0
TM4:bin_000013,0,0,0,0,0,0,0,0,0,0,0,0,0,0,0,0,0,0,0,0,0,0,0,0,0,0,0,0,0,0,0,0,0,0,0,0,0,0,0,0,0,0,0,0,0,0,0,0,0,0,0,0,0,0,0,0,0,0,0,0,2.627,0,0,0,0,0,0,0,0,0,0,0,0,0,0,0,0,0,0,0,0,0,0,0
TM4:bin_000021,0,0,0,0,0,0,0,0,0,0,0,0,0,0,0,0,0,0,141.62,0,0,0,0,0,0,0,0,0,0,0,0,0,0,0,0,0,0,0,0,0,0,0,0,0,0,0,0,0,0,0,0,0,0,0,0,0,0,0,0,0,0,0,0,0,0,0,0,0,0,0,0,0,0,0,0,0,0,0,0,0,0,0,0,0
TM4:bin_000025,0,0,0,0,0,0,0,0,0,0,0,0,0,0,0,0,0,0,0,0,0,0,0,0,0,0,0,0,0,0,0,0,0,0,0,0,0,0,0,0,0,0,0,0,0,0,0,0,0,0,0,0,0,0,0,0,0,0,0,0,0,0,0,0,0,0,0,0,0,0,0,0,0,0,0,0,0,0,0,0,0,0,0,0
TM4:bin_000031,0,0,0,0,0,0,0,0,0,0,0,0,0,0,0,0,0,0,0,0,0,0,0,0,0,0,0,0,0,0,0,0,0,0,0,0,0,0,0,0,0,0,0,0,0,0,0,0,0,0,0,0,0,0,0,0,0,0,0,0,0,0,0,0,0,0,0,0,0,0,0,0,0,0,0,0,0,0,0,0,0,0,0,0
TM4:bin_000034,0,0,0,0,0,0,0,0,0,0,0,0,0,0,0,0,0,0,0,0,0,0,0,0,0,0,0,0,0,0,0,0,0,0,0,0,0,0,0,0,0,0,0,0,0,0,0,1.519,0,0,0,0,0,0,0,0,0,0,0,0,0,0,0,0,0,0,0,0,0,0,0,0,0,0,0,0,0,0,0,0,0,0,0,0
TM4:bin_000036,0,0,0,0,0,0,0,0,0,0,0,0,0,0,0,0,0,0,0,0,0,0,0,0,0,0,0,0,0,0,0,0,0,0,0,0,0,0,0,0,0,0,0,0,0,0,0,0,0,0,0,0,0,0,0,0,0,0,0,0,0,0,0,0,0,0,0,0,0,0,0,0,0,0,0,0,0,0,0,0,0,0,0,0
TM4:bin_000037,0,1.499,0,0,0,0,0,0,0,2.008,0,2.006,0,0,0,0,0,0,3.001,0,0,1.239,0,1.722,2.09,0,0,0,1.227,0,0,0,0,0,0,3.298,0,0,0,0,0,1.555,0,3.367,1.631,1.378,3.019,0,0,0,2.375,0,5.428,0,1.312,0,0,2.215,0,0,2.002,0,0,1.317,2.111,2.781,0,1.604,2.717,4.229,0,5.351,0,1.802,1.879,0,1.859,3.635,0,1.964,0,1.867,1.683,1.706
TM4:bin_000038,0,0,0,0,1.719,0,0,0,0,0,0,1.789,0,0,0,0,0,0,3.242,0,1.462,0,0,1.349,1.744,0,0,0,0,0,0,0,0,0,0,0,0,0,0,0,0,0,0,0,1.523,0,0,0,0,0,0,0,2.246,1.267,0,0,0,0,0,0,0,0,0,0,3.001,1.653,0,2.145,1.432,0,0,0,0,1.767,0,0,1.771,0,0,0,0,0,1.737,0
TM4:bin_000039,0,0,0,0,0,0,0,0,0,0,0,0,0,0,0,0,0,0,2.165,0,0,0,0,0,0,0,0,0,0,0,0,0,0,0,0,0,0,0,0,0,0,0,0,0,0,0,0,0,0,0,0,0,0,0,0,0,0,0,0,0,0,0,0,0,0,0,0,0,0,0,0,0,0,0,0,0,0,0,0,0,0,0,0,0
TM4:bin_000041,0,0,0,0,0,0,0,0,0,0,0,0,0,0,0,0,0,0,1.14,0,0,0,0,0,0,0,0,0,0,0,0,0,0,0,0,0,0,0,0,0,0,0,0,0,0,0,0,0,0,0,0,0,0,0,0,0,0,0,0,0,0,0,0,0,0,0,0,0,0,0,0,0,0,0,0,0,0,0,0,0,0,0,0,0
TM4:bin_000045,0,0,0,0,0,0,0,0,0,0,0,0,0,0,0,0,0,0,0,0,0,0,0,0,0,0,0,0,0,0,0,0,0,0,0,0,0,0,0,0,0,0,0,0,0,0,0,0,0,0,0,0,0,0,0,0,0,0,0,0,0,0,0,0,0,0,0,0,0,0,0,0,0,0,0,0,0,0,0,0,0,0,0,0
TM4:bin_000048,0,0,0,0,0,0,0,0,0,0,0,0,0,0,0,0,0,0,1.701,0,0,0,0,0,0,0,0,0,0,0,0,0,0,0,0,0,0,0,0,0,1.64,0,0,0,0,0,1.563,0,0,0,0,0,3.726,0,0,0,0,0,0,0,0,0,0,0,0,0,0,0,0,0,0,0,0,0,0,0,0,0,0,0,0,0,0,0
TM4:bin_000064,3.704,5.352,2.99,0,0,1.509,0,0,3.033,2.338,0,3.333,0,0,2.783,2.079,0,0,2.087,3.484,2.847,3.761,0,3.556,2.566,3.344,0,1.413,0,0,5.711,0,2.041,0,1.39,4.82,1.38,0,0,3.158,3.601,1.968,0,2.927,1.741,2.198,2.366,0,0,1.812,2.775,0,6.391,3.452,1.855,0,0,0,2.292,1.819,3.95,0,1.937,4.689,3.312,2.979,2.088,4.924,5.902,3.271,1.946,0,1.753,2.93,2.952,0,4.318,2.863,0,4.124,0,1.634,3.979,1.447
TM4:bin_000079,0,0,0,0,0,0,0,0,0,0,0,0,0,0,0,0,0,0,2.845,0,0,0,0,0,0,0,1.83,0,0,0,0,0,0,0,0,0,1.39,0,0,0,0,0,0,0,0,0,0,0,0,0,0,0,4.405,0,0,0,0,0,0,0,0,0,0,0,0,1.869,0,2.298,2.467,3.087,0,0,0,0,1.433,0,0,0,0,0,0,0,0,0
TM4:bin_000088,0,0,0,0,0,0,0,0,0,0,0,0,0,0,0,0,0,0,0,0,0,0,0,0,0,0,0,0,0,0,0,0,0,0,0,0,0,0,0,0,0,0,0,0,0,0,0,0,0,0,0,0,0,0,0,0,0,0,0,0,0,0,0,0,0,0,0,0,0,0,0,0,0,0,0,0,0,0,0,0,0,0,0,0
TM4:bin_000093,0,0,1.365,0,0,0,0,0,0,0,0,0,1.453,0,0,0,0,0,3.13,0,0,0,0,1.866,0,0,0,0,0,0,1.635,0,0,0,0,0,0,0,0,0,1.784,0,0,0,0,0,0,0,0,0,0,0,2.642,0,0,0,0,0,1.46,0,1.727,0,0,0,1.671,1.815,0,0,0,0,0,0,0,1.308,0,0,0,0,0,0,0,0,2.375,0
TM4:bin_000095,0,0,0,0,0,0,0,0,0,0,0,0,0,0,0,0,0,0,0,0,0,0,0,0,0,0,0,0,0,0,0,0,0,0,0,0,0,0,0,0,0,0,0,0,0,0,0,0,0,0,0,0,0,0,0,0,0,0,0,0,0,0,0,0,0,0,0,0,0,0,0,0,0,0,0,0,0,0,0,0,0,0,0,0
TM4:bin_000097,0,0,0,0,0,0,0,0,0,0,0,0,0,0,0,1.18,0,0,1.506,1.4,0,0,0,0,0,0,0,0,0,0,2.586,0,0,0,0,1.474,0,0,0,0,0,0,0,0,0,0,0,0,0,0,0,0,2.439,1.245,0,0,0,0,0,0,0,0,0,1.946,0,0,0,0,0,0,0,0,0,0,0,0,0,0,0,0,0,0,0,0
TM4:bin_000099,0,0,0,0,0,0,0,0,0,0,0,0,0,0,0,0,0,0,0,0,0,0,0,0,0,0,0,0,0,0,0,0,0,0,0,0,0,0,0,0,0,0,0,0,0,0,0,0,0,0,0,0,0,0,0,0,0,0,0,0,0,0,0,0,0,0,0,0,0,0,0,0,0,0,0,0,0,0,0,0,0,0,0,0
TM4:bin_000106,0,0,0,0,0,0,0,0,0,0,0,0,0,0,0,0,0,0,0,0,0,0,0,0,0,0,0,0,0,0,0,0,0,0,0,0,0,0,0,0,0,0,0,0,0,0,0,0,0,0,0,0,0,0,0,0,0,0,0,0,0,0,0,0,0,0,0,0,0,0,0,0,0,0,0,0,0,0,0,0,0,0,0,0
TM4:bin_000115,0,0,0,0,0,0,0,0,0,0,0,0,0,0,0,0,0,0,0,0,0,0,0,0,0,0,0,0,0,0,0,0,0,0,0,0,0,0,0,0,0,0,0,0,0,0,0,0,0,0,0,0,0,0,0,0,0,0,0,0,0,0,0,0,0,0,0,0,0,0,0,0,0,0,0,0,0,0,0,0,0,0,0,0
TM4:bin_000133,0,0,0,0,0,0,0,0,0,0,0,0,0,0,0,0,0,0,0,0,0,0,0,0,0,0,0,0,0,0,0,0,0,0,0,0,0,0,0,0,0,0,0,0,0,0,0,0,0,0,0,0,0,0,0,0,0,0,0,0,0,0,0,0,0,0,0,0,0,0,0,0,0,0,0,0,0,0,0,0,0,0,0,0
TM4:bin_000144,0,0,0,0,0,0,0,0,0,0,0,0,0,0,0,0,0,0,0,0,0,0,0,0,0,0,0,0,0,0,0,0,0,0,0,0,0,0,0,0,0,0,0,0,0,0,0,0,0,0,0,0,0,0,0,0,0,0,0,0,0,0,0,0,0,0,0,0,0,0,0,0,0,0,0,0,0,0,0,0,0,0,0,0
TM4:bin_000166,0,0,0,0,0,0,0,0,0,0,0,2.088,0,0,0,0,0,0,7.849,0,0,0,0,0,0,0,0,0,1.358,0,0,0,0,0,0,0,0,0,0,0,0,0,2.37,1.729,0,0,0,0,0,0,0,0,0,0,0,0,0,0,0,0,0,0,0,0,0,0,0,0,0,0,0,0,0,0,0,0,0,0,0,0,0,1.893,0,0
TM4:bin_000184,0,0,0,0,0,0,0,0,0,0,0,0,0,0,0,0,0,0,0,0,0,0,0,0,0,0,0,0,0,0,0,0,0,0,0,0,0,0,0,0,0,0,0,0,0,0,0,0,0,0,0,0,0,0,0,0,0,0,0,0,0,0,0,0,0,0,0,0,0,0,0,0,0,0,0,0,0,0,0,0,0,0,0,0
TM4:bin_000189,0,0,0,0,0,0,0,0,0,0,0,0,0,0,0,0,0,0,0,0,0,0,0,0,0,0,0,0,0,0,0,0,0,0,0,0,0,0,0,0,0,0,0,0,0,0,0,0,0,0,0,0,0,0,0,0,0,0,0,0,0,0,0,0,0,0,0,0,0,0,0,0,0,0,0,0,0,0,0,0,0,0,0,0
TM4:bin_000200,0,0,0,0,0,0,0,0,0,0,0,0,0,0,0,0,0,0,0,0,0,0,0,0,0,0,0,0,0,0,0,0,0,0,0,0,0,0,0,0,0,0,0,0,0,0,0,0,0,0,0,0,0,0,0,0,0,0,0,0,0,0,0,0,0,0,0,0,0,0,0,0,0,0,0,0,0,0,0,0,0,0,0,0
TM4:bin_000204,0,1.826,0,0,0,0,0,0,2.27,0,0,0,0,0,0,0,0,0,7.269,2.315,0,2.166,0,2.369,0,0,1.49,0,0,0,2.8,0,2.579,0,0,2.613,0,0,0,0,2.832,0,0,1.788,2.378,1.792,0,0,0,0,1.767,1.552,5.593,0,0,0,0,0,0,0,3.38,0,0,0,1.696,0,0,0,5.416,0,4.355,0,0,3.611,1.877,0,2.12,1.78,0,1.678,0,2.543,5.051,0
TM4:bin_000209,0,0,0,0,0,0,0,0,0,0,0,0,0,0,0,0,0,0,1.593,0,0,0,0,0,0,0,0,0,0,0,0,0,0,0,0,0,0,0,0,0,0,0,0,0,0,0,0,0,0,0,0,0,1.453,0,0,0,0,0,0,0,0,0,0,0,0,0,0,0,0,0,0,0,0,0,0,0,0,0,0,0,0,0,0,0
TM4:bin_000211,0,0,0,0,0,0,0,0,0,0,0,0,0,0,0,0,0,0,0,0,0,0,0,0,0,0,0,0,0,0,0,0,0,0,0,0,0,0,0,0,0,0,0,0,0,0,0,0,0,0,0,0,0,0,0,0,0,0,0,0,0,0,0,0,0,0,0,0,0,0,0,0,0,0,0,0,0,0,0,0,0,0,0,0
TM4:bin_000216,0,0,0,0,0,0,0,0,0,0,0,0,0,0,0,0,0,0,0,0,0,0,0,0,0,0,0,0,0,0,0,0,0,0,0,0,0,0,0,0,0,0,0,0,0,0,0,0,0,0,0,0,0,0,0,0,0,0,0,0,0,0,0,0,0,0,0,0,0,0,0,0,0,0,0,0,0,0,0,0,0,0,0,0
TM4:bin_000248,0,0,0,0,0,0,0,0,0,0,0,0,0,0,0,0,0,0,16.261,0,0,0,0,0,0,0,0,0,0,0,0,0,0,0,0,0,0,0,0,0,0,0,0,0,0,0,0,0,0,0,0,0,0,0,0,0,0,0,0,0,0,0,0,0,0,0,0,0,0,0,0,0,0,0,0,0,1.651,0,0,0,0,0,0,0
TM4:bin_000249,7.279,6.805,3.026,0,5.555,5.813,3.469,5.666,2.859,2.832,7.394,3.161,10.82,0,1.443,1.201,0,3.198,4.993,4.708,2.458,4.08,0,2.607,8.034,0,16.045,1.467,6.319,0,11.137,3.422,5.308,1.478,1.736,1.547,1.971,3.789,0,4.954,2.608,14.353,5.021,10.976,1.824,4.363,7.443,5.544,0,1.451,6.18,6.009,20.34,2.456,0,1.687,0,12.192,4.957,2.238,6.096,0,2.658,3.054,6.18,9.216,7.316,0,6.138,6.206,8.371,3.702,3.134,8.443,1.857,3.575,9.711,14.142,0,11.682,2.172,3.53,7,6.629
TM4:bin_000259,0,0,0,0,0,0,0,0,0,0,0,0,0,0,0,0,0,0,1.346,0,0,0,0,0,0,0,0,0,0,0,0,0,0,0,0,0,0,0,0,0,0,0,0,0,0,0,0,0,0,0,0,0,0,0,0,0,0,0,0,0,0,0,0,0,0,0,0,0,0,0,0,0,0,0,0,0,0,0,0,0,0,0,0,0
TM4:bin_000261,0,0,0,0,0,0,0,0,0,0,0,0,0,0,0,0,0,0,0,0,0,0,0,0,0,0,0,0,0,0,0,0,0,0,0,0,0,0,0,0,0,0,0,0,0,0,0,0,0,0,0,0,0,0,0,0,0,0,0,0,0,0,0,0,0,0,0,0,0,0,0,0,0,0,0,0,0,0,0,0,0,0,0,0
TM4:bin_000267,0,0,0,0,0,0,0,0,0,0,0,0,0,0,0,0,0,0,1.818,0,0,0,0,0,0,0,0,0,0,0,0,0,0,0,0,0,0,0,0,0,0,0,0,0,0,0,0,0,0,0,0,0,0,0,0,0,0,0,0,0,0,0,0,0,0,0,0,0,0,0,0,0,0,0,0,0,0,0,0,0,0,0,0,0
TM4:bin_000275,0,0,0,0,0,0,0,0,0,0,0,0,0,0,0,0,0,0,2.244,0,0,0,0,0,0,0,0,0,0,0,0,0,0,0,0,0,0,0,0,0,0,0,0,0,0,0,0,0,0,0,0,0,0,0,0,0,0,0,0,0,0,0,0,0,0,0,0,0,0,0,0,0,0,0,0,0,0,0,0,0,0,0,0,0
TM4:bin_000278,0,0,0,0,0,0,0,0,0,0,0,0,0,0,0,0,0,0,0,0,0,0,0,0,0,0,0,0,0,0,0,0,0,0,0,0,0,0,0,0,0,0,0,0,0,0,0,0,0,0,0,0,0,0,0,0,0,0,0,0,0,0,0,0,0,0,0,0,0,0,0,0,0,0,0,0,0,0,0,0,0,0,0,0
TM4:bin_000285,0,0,0,0,0,0,0,0,0,0,0,0,0,0,0,0,0,0,2.091,0,0,0,0,0,0,0,0,0,0,0,0,0,0,0,0,0,0,0,0,0,0,0,0,0,0,0,0,0,0,0,0,0,0,0,0,0,0,0,0,0,0,0,0,0,0,0,0,0,0,0,0,0,0,0,0,0,0,0,0,0,0,0,0,0
TM4:bin_000286,0,0,0,0,0,0,0,0,0,0,0,0,0,0,0,0,0,0,0,0,0,0,0,0,0,0,0,0,0,0,0,0,0,0,0,0,0,0,0,0,0,0,0,0,0,0,0,0,0,0,0,0,0,0,0,0,0,0,0,0,0,0,0,0,0,0,0,0,0,0,0,0,0,0,0,0,0,0,0,0,0,0,0,0
TM4:bin_000287,0,0,0,0,0,0,0,0,0,0,0,0,0,0,0,0,0,0,0,0,0,0,0,0,0,0,0,0,0,0,0,0,0,0,0,0,0,0,0,0,0,0,0,0,0,0,0,0,0,0,0,0,0,0,0,0,0,0,0,0,0,0,0,0,0,0,0,0,0,0,0,0,0,0,0,0,0,0,0,0,0,0,0,0
TM4:bin_000305,0,0,0,0,0,0,0,0,0,0,0,0,0,0,0,0,0,0,0,0,0,0,0,0,0,0,0,0,0,0,0,0,0,0,0,0,0,0,0,0,0,0,0,0,0,0,0,0,0,0,0,0,0,0,0,0,0,0,0,0,0,0,0,0,0,0,0,0,0,0,0,0,0,0,0,0,0,0,0,0,0,0,0,0
TM4:bin_000312,0,0,0,0,0,0,0,0,0,0,0,0,0,0,0,0,0,0,0,0,0,0,0,0,0,0,0,0,0,0,0,0,0,0,0,0,0,0,0,0,0,0,0,0,0,0,0,0,0,0,0,0,0,0,0,0,0,0,0,0,0,0,0,0,0,0,0,0,0,0,0,0,0,0,0,0,0,0,0,0,0,0,0,0
TM4:bin_000316,0,0,0,0,0,0,0,0,0,0,0,0,0,0,0,0,0,0,4.942,0,0,0,0,0,0,0,0,0,0,0,0,0,0,0,0,0,0,0,0,0,0,0,0,0,0,0,0,0,0,0,0,0,2.432,0,0,0,0,0,0,0,0,0,0,0,0,0,0,0,0,0,0,0,0,0,0,0,0,0,0,0,0,0,0,0
