genome,M304182,M304167,M304283,M304263,M304301,M304277,M304202,M304273,M304271,M304207,M304306,M304204,M304164,M304294,M304280,M304300,M304298,M304206,M304305,M304299,M304276,M304184,M304183,M304170,M304179,M304177,M304265,M304191,M304193,M304210,M304198,M304292,M304194,M304275,M304267,M304259,M304185,M304205,M304188,M304196,M304295,M304261,M304304,M304163,M304197,M304262,M304284,M304302,M304200,M304168,M304173,M304175,M304208,M304172,M304260,M304290,M304186,M304286,M304281,M304187,M304181,M304288,M304166,M304266,M304270,M304297,M304190,M304274,M304176,M304195,M304291,M304282,M304171,M304285,M304272,M304203,M304178,M304169,M304287,M304201,M304279,M304269,M304189,M304296
00:bin_000002,0,3.359,6.111,0,14.6,7.324,4.492,12.412,0,0,0,7.819,0,2.837,0,0,8.293,0,0,5.33,0,0,30.407,0,0,0,0,7.997,28.804,0,0,0,0,0,0,0,0,0,0,0,0,0,0,13.262,0,0,0,16.186,0,0,0,0,0,0,0,0,4.326,8.629,0,0,0,0,0,2.176,5.849,0,0,0,2.498,0,0,7.298,0,0,11.167,0,0,0,0,0,0,0,2.098,5.249
00:bin_000004,21.811,5.993,7.788,3.134,10.224,14.989,6.448,9.007,0,14.753,15.086,16.351,43.048,2.037,16.679,15.289,13.739,0,16.146,7.762,18.718,9.346,0,3.109,0,14.122,0,0,5.082,0,7.283,66.615,0,0,0,0,10.153,4.893,15.33,11.195,0,5.321,12.524,6.77,0,7.831,11.626,5.738,8.409,0,0,0,0,0,0,0,5.957,0,6.375,11.815,0,0,1.04,19.144,3.368,6.991,0,5.199,12.921,12.607,0,9.403,8.004,10.504,19.706,0,0,0,20.116,0,0,0,1.755,16.357
00:bin_000007,0,0,0,0,0,0,0,0,0,0,0,0,0,0,0,0,0,0,0,0,0,0,0,0,0,0,0,0,0,0,0,0,0,0,0,0,0,0,0,0,0,0,0,0,0,0,0,0,0,0,0,0,0,0,0,0,0,0,0,0,0,0,0,0,0,0,0,0,0,0,0,0,0,0,0,0,0,0,0,0,0,0,0,0
00:bin_000010,0,0,0,0,0,0,0,0,0,0,0,0,0,0,0,0,0,0,0,0,0,0,0,0,0,0,0,0,0,0,0,0,0,0,0,0,0,0,0,0,0,0,0,0,0,0,0,0,0,0,0,0,0,0,0,0,0,0,0,0,0,0,0,0,0,0,0,0,0,0,0,0,0,0,0,0,0,0,0,0,0,0,0,0
00:bin_000015,24.303,12.589,12.551,7.031,11.562,19.302,8.887,14.444,0,14.382,18.787,10.627,0,2.967,16.404,20.492,21.727,0,6.633,13.58,7.303,9.671,6.393,8.467,0,14.574,0,8.647,13.251,8.048,6.118,0,0,7.668,4.202,11.461,16.56,8.999,15.67,16.243,0,8.086,8.694,9.435,0,9.039,24.981,0,11.303,0,0,0,0,0,7.795,0,15.498,14.043,20.366,32.927,12.194,11.302,1.205,14.945,6.063,21.642,0,9.618,5.079,15.653,0,7.903,14.22,9.356,15.382,0,0,6.731,12.961,0,0,5.616,4.331,19.208
00:bin_000024,0,4.781,0,0,0,2.644,0,0,0,4.798,0,0,0,0,2.49,0,0,0,0,0,0,0,4.341,4.916,0,7.284,0,0,2.955,4.176,0,0,0,0,0,0,8.466,0,0,3.081,0,0,0,0,0,0,0,0,0,0,0,0,0,0,0,0,2.698,0,0,0,0,0,0,1.183,3.873,0,0,0,0,0,0,0,0,0,7.412,0,0,0,4.246,0,0,0,0,0
00:bin_000030,0,0,0,0,0,0,0,0,0,0,0,0,0,0,0,0,0,0,0,0,0,0,0,0,0,0,0,0,0,0,0,0,0,0,0,0,0,0,0,0,0,0,0,0,0,0,0,0,0,0,0,0,0,0,0,0,0,0,0,0,0,0,0,0,0,0,0,0,0,0,0,0,0,0,0,0,0,0,0,0,0,0,0,0
00:bin_000037,0,0,0,0,9.082,7.073,0,0,0,0,0,0,0,1.464,0,0,0,0,0,0,0,0,0,0,0,0,0,0,1.626,0,2.702,0,0,0,2.199,0,0,0,0,2.287,0,0,0,0,0,0,0,4.856,0,0,0,0,0,0,0,0,0,0,3.634,0,0,0,0,0,0,0,0,0,0,0,0,0,0,0,0,0,0,0,0,0,0,0,0,0
00:bin_000040,0,2.092,0,3.035,0,0,0,4.521,0,0,6.383,0,0,0,0,0,5.856,0,0,0,0,0,0,2.237,0,0,0,0,3.103,0,2.507,0,0,0,1.453,20.104,0,0,0,0,0,7.429,0,0,0,0,0,0,0,0,0,0,0,0,0,0,0,0,0,0,0,0,0,0,0,0,0,0,0,0,0,0,0,0,0,0,0,0,0,0,0,0,0,2.081
00:bin_000043,0,0,0,0,0,0,0,0,0,0,0,0,0,0,0,0,0,0,0,0,0,0,0,0,0,0,0,0,0,0,0,0,0,0,0,0,0,0,0,0,0,0,0,0,0,0,0,0,0,0,0,0,0,0,0,0,0,0,0,0,0,0,0,0,0,0,0,0,0,0,0,0,0,0,0,0,0,0,0,0,0,0,0,0
00:bin_000048,0,0,0,0,0,0,0,0,0,0,0,0,0,0,0,0,0,0,0,0,0,0,0,0,0,0,0,0,0,0,0,0,0,0,0,0,0,0,0,0,0,0,0,0,0,0,0,0,0,0,0,0,0,0,0,0,0,0,0,0,0,0,0,0,0,0,0,0,0,0,0,0,0,0,0,0,0,0,0,0,0,0,0,0
00:bin_000049,0,0,0,0,0,0,0,0,0,0,0,0,0,0,0,0,0,0,0,0,0,0,0,0,0,0,0,0,0,0,0,0,0,0,0,0,0,0,0,0,0,0,0,0,0,0,0,0,0,0,0,0,0,0,0,0,0,0,0,0,0,0,0,0,0,0,0,0,0,0,0,0,0,0,0,0,0,0,0,0,0,0,0,0
00:bin_000052,0,0,0,0,0,0,0,0,0,0,0,0,0,0,0,0,0,0,0,0,0,0,0,0,0,0,0,0,1.301,0,0,0,0,0,0,0,0,0,0,0,0,0,0,0,0,0,0,0,0,0,0,0,0,0,0,0,0,0,0,0,0,0,0,0,0,0,0,0,0,0,0,0,0,0,0,0,0,0,0,0,0,0,0,0
00:bin_000054,0,0,0,0,0,0,0,0,0,0,0,0,0,0,0,0,0,0,0,0,0,0,0,0,0,0,0,0,0,0,0,0,0,0,0,0,0,0,0,0,0,0,0,0,0,0,0,0,0,0,0,0,0,0,0,0,0,0,0,0,0,0,0,0,0,0,0,0,0,0,0,0,0,0,0,0,0,0,0,0,0,0,0,0
00:bin_000057,0,0,0,0,0,0,0,0,0,0,0,0,0,0,0,0,0,0,0,0,0,0,0,2.664,0,0,0,0,1.081,0,0,0,0,0,0,0,0,0,0,0,0,0,0,0,0,0,0,0,0,0,0,0,0,0,0,0,0,0,0,0,0,0,0,0,0,0,0,0,3.053,0,0,0,0,0,0,0,0,0,0,0,0,0,0,0
00:bin_000065,0,0,0,0,0,0,0,0,0,0,0,0,0,0,0,0,0,0,0,0,0,0,0,0,0,0,0,0,0,0,0,0,0,0,0,0,0,0,0,0,0,0,0,0,0,0,0,0,0,0,0,0,0,0,0,0,0,0,0,0,0,0,0,0,0,0,0,0,0,0,0,0,0,0,0,0,0,0,0,0,0,0,0,0
00:bin_000067,0,0,0,0,0,0,0,0,0,0,0,0,0,0,0,0,0,0,0,0,0,0,0,0,0,0,0,0,0,0,0,0,0,0,0,0,0,0,0,0,0,0,0,0,0,0,0,0,0,0,0,0,0,0,0,0,0,0,0,0,0,0,0,0,0,0,0,0,0,0,0,0,0,0,3.047,0,0,0,0,0,0,0,0,2.976
00:bin_000077,0,0,0,0,0,0,0,0,0,0,0,0,0,0,0,0,0,0,0,0,0,0,0,0,0,0,0,0,0,0,0,0,0,0,0,0,0,0,0,0,0,0,0,0,0,0,0,0,0,0,0,0,0,0,0,0,0,0,0,0,0,0,0,0,0,0,0,0,0,0,0,0,0,0,0,0,0,0,0,0,0,0,0,0
00:bin_000098,0,0,0,0,0,0,0,0,0,0,0,0,0,0,0,0,0,0,0,0,0,0,0,0,0,0,0,0,0,0,0,0,0,0,0,0,0,0,0,0,0,0,0,0,0,0,0,0,0,0,0,0,0,0,0,0,0,0,0,0,0,0,0,0,0,0,0,0,0,0,0,0,0,0,0,0,0,0,0,0,0,0,0,0
00:bin_000105,0,0,0,0,0,0,0,0,0,0,0,0,0,0,0,0,0,0,0,0,0,0,0,0,0,0,0,0,0,0,0,0,0,0,0,0,0,0,0,0,0,0,0,0,0,0,0,0,0,0,0,0,0,0,0,0,0,0,0,0,0,0,0,0,0,0,0,0,0,0,0,0,0,0,0,0,0,0,0,0,0,0,0,0
00:bin_000114,0,0,0,0,0,0,0,0,0,0,0,0,0,0,0,0,0,0,0,0,0,0,0,0,0,0,0,0,0,0,0,0,0,0,0,0,0,0,0,0,0,0,0,0,0,0,0,0,0,0,0,0,0,0,0,0,0,0,0,0,0,0,0,0,0,0,0,0,0,0,0,0,0,0,0,0,0,0,0,0,0,0,0,0
00:bin_000122,0,0,0,0,0,2.784,0,0,0,3.486,0,0,0,0,0,0,0,0,0,0,0,4.898,0,0,0,0,0,0,0,0,0,0,0,0,0,0,0,0,0,1.827,0,0,0,0,0,0,0,0,0,0,0,0,0,0,0,0,0,0,0,0,0,0,0,0,0,0,0,0,0,0,0,0,0,0,0,0,0,0,0,0,0,0,0,0
00:bin_000123,0,0,0,0,0,0,0,0,0,0,0,0,0,0,0,0,0,0,0,0,0,0,0,0,0,0,0,0,0,0,0,0,0,0,0,0,0,0,0,0,0,0,0,0,0,0,0,0,0,0,0,0,0,0,0,0,0,0,0,0,0,0,0,0,0,0,0,0,0,0,0,0,0,0,0,0,0,0,0,0,0,0,0,0
00:bin_000129,0,0,0,0,0,0,0,3.109,0,0,0,0,0,0,0,0,0,0,0,0,0,0,0,0,0,0,0,0,1.164,0,0,0,0,0,1.286,0,0,0,0,0,0,0,0,0,0,0,0,0,0,0,0,0,0,0,0,0,0,0,4.221,0,0,0,0,1.382,0,0,0,0,0,0,0,0,0,0,0,0,0,0,0,0,0,0,0,0
00:bin_000144,0,0,0,0,0,0,0,0,0,0,0,0,0,0,0,0,0,0,0,0,0,0,0,0,0,0,0,0,0,0,0,0,0,0,0,0,0,0,0,0,0,0,0,0,0,0,0,0,0,0,0,0,0,0,0,0,0,0,0,0,0,0,0,0,0,0,0,0,0,0,0,0,0,0,0,0,0,0,0,0,0,0,0,0
00:bin_000146,0,0,0,0,0,0,0,0,0,0,0,0,0,0,0,0,0,0,0,0,0,0,0,0,0,0,0,0,0,0,0,0,0,0,0,0,0,0,0,0,0,0,0,0,0,0,0,0,0,0,0,0,0,0,0,0,0,0,0,0,0,0,0,0,0,0,0,0,0,0,0,0,0,0,0,0,0,0,0,0,0,0,0,0
00:bin_000151,0,0,0,0,0,0,0,0,0,0,0,0,0,0,0,0,0,0,0,0,0,0,0,0,0,0,0,0,0,0,0,0,0,0,0,0,0,0,0,0,0,0,0,0,0,0,0,0,0,0,0,0,0,0,0,0,0,0,0,0,0,0,0,0,0,0,0,0,0,0,0,0,0,0,0,0,0,0,0,0,0,0,0,0
00:bin_000159,0,0,0,0,0,0,0,0,0,0,0,0,0,0,0,0,0,0,0,0,0,0,0,0,0,0,0,0,0,0,0,0,0,0,0,0,0,0,0,0,0,0,0,0,0,0,0,0,0,0,0,0,0,0,0,0,0,0,0,0,0,0,0,0,0,0,0,0,0,0,0,0,0,0,0,0,0,0,0,0,0,0,0,0
00:bin_000162,0,3.269,18.862,0,5.317,4.686,4.052,6.26,0,0,0,0,0,0,2.78,0,0,0,0,12.812,0,0,6.997,2.225,0,0,0,0,10.507,0,10.579,0,0,0,3.414,0,5.741,0,5.104,1.839,0,0,0,0,0,0,5.623,0,18.115,0,0,0,0,0,0,0,3.714,0,3.575,0,0,0,0,8.515,5.374,0,0,0,2.855,0,0,4.067,0,0,10.356,8.641,0,0,13.462,0,0,2.854,2.107,2.565
00:bin_000163,0,0,0,0,0,0,0,0,0,0,0,0,0,2.608,0,0,0,0,0,0,0,0,0,2.093,0,0,0,0,0,0,0,0,0,0,0,0,0,0,0,0,0,0,0,0,0,0,0,0,0,0,0,0,0,0,0,0,0,0,0,0,0,0,0,0,0,0,0,0,0,0,0,0,0,0,0,0,0,0,0,0,0,0,0,0
00:bin_000167,0,0,0,0,0,0,0,0,0,0,0,0,0,0,0,0,0,0,0,0,0,0,0,0,0,0,0,0,0,0,0,0,0,0,0,0,0,0,0,0,0,0,0,0,0,0,0,0,0,0,0,0,0,0,0,0,0,0,0,0,0,0,0,0,0,0,0,0,0,0,0,0,0,0,0,0,0,0,0,0,0,0,0,0
00:bin_000171,0,0,0,0,0,0,0,2.466,0,5.008,0,0,0,1.287,0,0,0,0,0,0,0,4.616,0,0,0,0,0,0,2.852,0,0,0,0,8.596,0,0,0,0,0,0,0,0,0,0,0,0,0,0,0,0,0,0,0,0,0,0,0,0,0,0,0,0,0,7.789,0,0,0,0,3.488,0,0,0,0,0,0,0,0,0,0,0,0,0,0,0
00:bin_000175,0,0,0,0,0,0,0,0,0,0,0,0,0,0,0,0,0,0,0,0,0,0,0,0,0,0,0,0,0,0,0,0,0,0,0,0,0,0,0,0,0,0,0,0,0,0,0,0,0,0,0,0,0,0,0,0,0,0,0,0,0,0,0,0,0,0,0,0,0,0,0,0,0,0,0,0,0,0,0,0,0,0,0,0
00:bin_000181,0,0,0,0,0,0,0,0,0,0,0,0,0,0,0,0,0,0,0,0,0,0,0,0,0,0,0,0,0,0,0,0,0,0,0,0,0,0,0,0,0,0,0,0,0,0,0,0,0,0,0,0,0,0,0,0,0,0,0,0,0,0,0,0,0,0,0,0,0,0,0,0,0,0,0,0,0,0,0,0,0,0,0,0
00:bin_000184,0,0,0,0,0,0,0,0,0,0,0,0,0,0,0,0,0,0,0,0,0,0,0,0,0,0,0,0,0,0,0,0,0,0,0,0,0,0,0,0,0,0,0,0,0,0,0,0,0,0,0,0,0,0,0,0,0,0,0,0,0,0,0,0,0,0,0,0,0,0,0,0,0,0,0,0,0,0,0,0,0,0,0,0
00:bin_000194,0,0,0,0,0,0,0,0,0,0,0,0,0,0,0,0,0,0,0,0,0,0,0,0,0,0,0,0,0,0,0,0,0,0,0,0,0,0,0,0,0,0,0,0,0,0,0,0,0,0,0,0,0,0,0,0,0,0,0,0,0,0,0,0,0,0,0,0,0,0,0,0,0,0,0,0,0,0,0,0,0,0,0,0
00:bin_000198,0,0,0,3.551,6.479,0,0,0,0,0,0,0,0,0,0,6.353,0,0,0,0,11.976,0,0,2.742,0,0,0,0,0,0,0,4.15,0,0,0,0,0,0,0,0,0,0,0,0,0,0,0,0,0,0,0,0,0,0,0,0,0,0,5.306,0,0,0,1.87,0,0,0,0,0,0,6.712,0,3.663,0,0,5.293,0,0,0,0,0,0,0,0,0
00:bin_000200,6.842,0,0,0,0,0,7.072,4.589,0,8.344,0,13.944,17.119,1.397,3.728,10.083,8.545,0,0,4.632,11.73,0,4.674,0,0,9.501,0,0,3.37,0,0,29.227,0,0,1.388,0,5.117,0,5.694,7.913,0,0,0,0,0,3.033,6.253,5.607,0,0,0,0,0,0,0,0,3.86,0,11.816,15.332,0,0,0,19.768,2.977,3.696,0,0,0,4.416,0,0,0,0,10.469,0,0,3.619,9.078,0,0,0,1.009,6.475
00:bin_000204,7.654,7.9,0,0,0,3.016,0,0,0,5.746,5.806,12.04,0,0,2.947,0,0,0,0,5.413,0,4.914,8.293,5.457,0,0,0,0,4.698,0,0,0,14.327,0,0,0,14.581,0,0,2.153,0,5.372,0,13.155,0,7.996,0,0,0,0,0,0,0,0,2.596,0,0,0,3.681,31.129,0,12.45,0,0,45.971,0,0,0,0,0,0,4.849,0,0,0,0,0,0,24.548,0,0,3.328,2.75,0
00:bin_000205,0,0,0,0,0,4.567,0,0,0,0,4.479,0,0,0,3.015,0,0,0,0,0,0,7.429,0,0,0,0,0,0,1.372,0,6.572,0,0,0,1.107,0,0,0,0,0,0,0,0,0,0,4.315,0,0,0,0,0,0,0,0,0,0,0,0,0,0,0,0,0,2.424,0,9.417,0,0,0,0,0,0,0,0,0,0,0,0,0,0,0,0,1.437,2.673
00:bin_000212,0,8.189,0,0,6.526,6.015,6.774,4.532,0,0,0,0,0,0,0,0,11.506,0,0,8.298,0,15.702,0,0,0,0,0,0,8.109,4.755,3.499,0,0,0,4.012,0,0,0,5.718,9.031,0,0,0,0,0,12.963,0,6.165,0,0,0,0,0,0,2.627,0,10.126,0,4.004,0,0,0,0,2.536,5.587,4.953,0,0,5.326,0,0,0,0,0,7.14,0,0,4.533,23.544,0,0,0,4.378,14.038
00:bin_000217,0,2.51,4.549,0,5.926,0,5.316,0,0,0,0,0,0,1.649,0,0,0,0,0,0,0,0,0,0,0,0,0,0,0,7.783,0,0,0,0,0,0,0,0,3.792,0,0,0,0,6.334,0,0,0,0,0,0,0,0,0,0,0,0,0,0,0,0,0,0,0,0,0,0,0,0,0,0,0,0,0,0,0,0,0,0,0,0,0,13.489,0,0
00:bin_000221,0,0,0,0,0,0,0,0,0,0,0,0,0,0,0,0,0,0,0,0,0,0,0,0,0,0,0,0,0,0,0,0,0,0,0,0,0,0,0,0,0,0,0,0,0,0,0,0,0,0,0,0,0,0,0,0,0,0,0,0,0,0,0,0,0,0,0,0,0,0,0,0,0,0,0,0,0,0,0,0,0,0,0,0
00:bin_000228,0,0,0,0,0,0,0,0,0,0,0,0,0,0,0,0,0,0,0,0,0,0,0,0,0,0,0,0,0,0,0,4.721,0,0,0,0,0,0,0,0,0,6.642,0,0,0,0,0,0,0,0,0,0,0,0,0,0,0,0,0,0,0,0,0,0,0,0,0,0,0,0,0,0,0,0,0,0,0,0,0,0,0,0,0,0
00:bin_000232,0,2.614,0,0,0,6.49,0,0,0,0,0,0,0,0,0,0,0,0,0,0,0,6.456,0,0,0,0,0,0,1.862,4.094,0,0,0,0,0,0,0,0,0,0,0,0,0,0,0,0,0,0,0,0,0,0,0,0,0,0,0,0,0,0,0,0,0,0,4.023,0,0,0,0,0,0,0,0,0,0,0,0,5.464,0,0,0,0,0,7.046
00:bin_000238,0,0,0,0,0,0,0,0,0,0,0,0,0,0,5.642,0,0,0,0,0,0,0,0,0,0,0,0,0,0,0,0,0,0,0,0,0,0,0,0,0,0,0,0,0,0,3.256,0,0,0,0,0,0,0,0,0,0,0,0,0,0,0,0,0,0,0,0,0,0,0,0,0,0,0,0,0,0,0,0,0,0,0,0,0,0
00:bin_000241,0,0,0,0,0,0,0,0,0,0,0,0,0,1.434,0,0,0,0,0,0,0,0,0,0,0,0,0,0,0,0,0,0,0,0,0,0,0,0,0,0,0,0,0,0,0,0,0,0,0,0,0,0,0,0,0,0,0,0,0,0,0,0,0,0,0,0,0,0,0,0,0,0,0,0,0,0,0,0,0,0,0,0,0,0
00:bin_000243,0,0,5.838,0,0,3.036,0,15.585,0,0,0,5.687,0,0,0,0,0,0,0,4.567,0,0,0,0,0,0,0,13.922,10.276,0,3.59,0,0,0,1.666,0,0,0,3.227,8.637,0,0,0,0,0,2.713,0,7.482,0,0,0,0,0,0,1.856,0,4.43,0,0,0,0,0,1.517,0,4.863,4.826,0,0,8.703,0,0,0,0,0,0,0,0,4.235,0,0,0,2.793,1.495,2.888
00:bin_000285,0,0,0,0,0,0,0,0,0,0,0,0,0,0,0,0,0,0,0,0,0,0,0,0,0,0,0,0,0,0,0,0,0,0,0,0,0,0,0,0,0,0,0,0,0,0,0,0,0,0,0,0,0,0,0,0,0,0,0,0,0,0,0,0,0,0,0,0,0,0,0,0,0,0,0,0,0,0,0,0,0,0,0,0
00:bin_000287,6.426,2.137,4.999,0,5.328,4.573,7.917,4.917,0,5.994,13.627,6.25,0,0,4.102,0,6.334,0,0,5.415,3.576,0,0,3.41,0,0,0,0,4.587,0,14.314,0,0,0,2.269,0,4.458,0,7.029,5.266,0,12.529,5.407,0,0,3.361,11.657,0,6.135,0,0,0,0,0,1.625,0,2.782,0,5.07,11.319,0,0,0,5.982,0,11.918,0,0,0,6.114,0,0,6.144,0,4.656,0,0,3.782,5.324,3.607,0,0,3.178,5.064
00-TM1:bin_000014,0,0,0,0,0,0,0,0,0,0,0,0,0,0,0,0,0,0,0,0,3.652,0,0,0,0,0,0,0,0,0,0,0,0,0,0,0,0,0,0,0,0,0,0,0,0,2.869,0,0,0,0,0,0,0,0,1.791,0,0,0,0,0,0,0,0,0,0,0,0,0,3.631,0,0,0,0,0,0,0,0,0,0,0,0,0,0,0
00-TM1:bin_000022,8.493,4.678,5.396,0,4.47,7.513,0,4.363,0,5.291,0,0,0,2.555,5.245,0,0,0,0,6.843,5.687,4.917,6.08,4.377,0,0,0,0,4.99,0,4.704,0,0,0,2.372,0,0,0,5.096,3.41,0,0,0,0,0,4.483,7.612,6.265,0,0,0,0,0,0,0,0,5.708,0,0,0,0,0,0,5.669,0,5.462,0,11.326,0,9.873,0,0,5.996,0,6.448,0,0,5.774,7.247,0,0,5.731,1.101,4.111
00-TM1:bin_000047,0,0,0,0,0,0,0,0,0,0,0,0,0,0,0,0,0,0,0,0,0,0,0,0,0,0,0,0,0,0,0,0,0,0,0,0,0,0,0,0,0,0,0,0,0,0,0,0,0,0,0,0,0,0,0,0,0,0,0,0,0,0,0,0,0,0,0,0,0,0,0,0,0,0,0,0,0,0,0,0,0,0,0,0
00-TM1:bin_000048,0,0,0,0,0,0,0,0,0,0,0,0,0,0,0,0,0,0,0,0,0,0,0,0,0,0,0,0,0,0,0,0,0,0,0,0,0,0,0,0,0,0,0,0,0,0,0,0,0,0,0,0,0,0,0,0,0,0,0,0,0,0,0,0,0,0,0,0,0,0,0,0,0,0,0,0,0,0,0,0,0,0,0,0
00-TM1:bin_000056,0,0,0,0,0,0,0,0,0,0,0,0,0,0,0,0,0,0,0,0,0,0,0,0,0,0,0,0,0,0,0,0,0,0,0,0,0,0,0,0,0,0,0,0,0,0,0,0,0,0,0,0,0,0,0,0,0,0,0,0,0,0,0,0,0,0,0,0,0,0,0,0,0,0,0,0,0,0,0,0,0,0,0,0
00-TM1:bin_000074,0,0,0,0,0,0,0,0,0,0,0,0,0,0,0,0,0,0,0,0,0,0,0,0,0,0,0,0,0,0,0,0,0,0,0,0,0,0,0,0,0,0,0,0,0,0,0,0,0,0,0,0,0,0,0,0,0,0,0,0,0,0,0,0,0,0,0,0,0,0,0,0,0,0,0,0,0,0,0,0,0,0,0,0
00-TM1:bin_000078,0,0,0,0,0,0,0,0,0,0,0,0,0,0,0,0,0,0,0,0,0,0,0,0,0,0,0,0,1.332,3.65,0,0,0,0,0,0,0,0,0,0,0,0,0,0,0,0,0,0,0,0,0,0,0,0,0,0,3.044,7.833,0,0,0,0,0,0,0,0,0,0,0,0,0,0,0,0,0,0,0,0,0,0,0,0,0,0
00-TM1:bin_000084,0,0,0,0,0,0,0,0,0,0,0,0,0,0,0,0,0,0,0,4.843,0,0,0,0,0,0,0,0,0,0,0,0,0,0,0,0,0,0,0,0,0,8.142,0,11.126,0,0,0,0,0,0,0,0,0,0,0,0,0,0,0,0,0,0,0,0,0,0,0,0,0,0,0,0,0,0,0,0,0,0,0,0,0,3.875,0,0
00-TM1:bin_000088,0,0,3.67,0,0,0,0,0,0,0,0,0,0,0,3.824,0,0,0,0,0,0,0,0,0,0,0,0,0,0,0,0,0,0,0,0,0,0,0,0,0,0,0,0,0,0,0,0,0,0,0,0,0,0,0,0,0,0,7.407,0,0,0,0,0,0,0,0,0,0,0,0,0,0,9.548,11.186,0,0,0,0,0,0,0,3.05,0,0
00-TM1:bin_000099,0,0,0,0,0,0,0,0,0,0,0,0,0,0,0,0,0,0,0,0,0,0,0,0,0,0,0,0,0,0,0,0,0,0,0,0,0,0,0,0,0,0,0,0,0,0,0,0,0,0,0,0,0,0,0,0,0,0,0,0,0,0,0,0,0,0,0,0,0,0,0,0,0,0,0,0,0,0,0,0,0,0,0,0
00-TM1:bin_000117,0,0,0,0,0,0,0,0,0,0,0,0,0,0,0,0,0,0,0,0,0,0,0,0,0,0,0,0,1.878,0,0,0,0,0,0,0,0,0,0,0,0,0,0,0,0,0,0,0,0,0,0,0,0,0,0,0,0,0,0,0,0,0,0,1.508,0,0,0,0,0,0,0,0,0,0,0,0,0,0,0,0,0,0,0,0
00-TM1:bin_000135,0,2.576,0,0,0,0,0,3.027,0,0,0,0,0,0,0,0,0,0,0,3.877,0,0,0,0,0,0,0,0,3.937,3.152,1.787,0,0,0,0,0,0,0,0,0,0,0,0,3.734,0,0,0,0,0,0,0,0,0,0,0,0,2.575,0,0,0,0,0,0,1.865,0,0,0,0,0,0,0,0,0,0,0,0,0,0,2.619,0,0,1.65,0,1.793
00-TM2:bin_000005,0,0,0,0,0,0,0,0,0,0,0,0,0,0,0,0,0,0,0,0,0,0,0,0,0,0,0,0,0,0,0,0,0,0,0,0,0,0,0,0,0,0,0,0,0,0,0,0,0,0,0,0,0,0,0,0,0,0,0,0,0,0,0,0,0,0,0,0,0,0,0,0,0,0,0,0,0,0,0,0,0,0,0,0
00-TM2:bin_000007,0,1.802,0,2.738,0,8.762,0,4.903,0,8.437,4.334,0,0,1.736,3.202,9.026,0,0,0,3.613,0,6.021,5.738,3.29,0,0,0,0,3.671,0,2.395,12.335,0,0,0,0,0,0,5.098,3.522,0,0,0,6.16,0,0,23.444,0,0,0,0,0,0,0,0,0,0,5.978,0,0,0,0,0,3.198,2.991,5.584,0,0,0,12.598,0,4.377,5.743,0,0,0,0,0,3.062,0,0,0,0,4.149
00-TM2:bin_000016,0,5.226,0,0,0,4.316,0,3.687,0,0,0,5.643,0,0,3.65,0,0,0,0,6.699,0,0,10.617,0,0,0,0,0,6.787,0,3.45,0,0,0,2.52,0,0,0,2.946,3.179,0,0,4.026,9.518,0,0,0,0,0,0,0,0,0,0,0,0,10.37,0,6.328,0,0,0,0,2.215,0,0,0,0,3.591,0,0,0,0,0,0,0,0,4.857,7.864,0,0,2.827,2.33,2.375
00-TM2:bin_000034,0,2.392,0,0,0,0,0,0,0,0,0,0,0,0,0,0,0,0,0,0,0,0,0,2.46,0,0,0,0,0,0,0,0,0,0,0,0,0,0,0,0,0,0,0,0,0,0,0,0,0,0,0,0,0,0,0,0,0,0,0,0,0,0,0,0,0,0,0,0,0,0,0,0,4.563,0,0,0,0,0,0,0,0,0,0,0
00-TM2:bin_000054,0,0,0,0,0,3.174,0,0,0,0,0,0,0,0,3.262,0,0,0,0,0,0,0,0,0,0,0,0,0,0,0,0,0,0,0,0,0,0,0,0,0,0,5.262,0,0,0,0,0,0,0,0,0,0,0,0,0,0,0,0,6.866,0,0,0,0,1.967,0,5.98,0,0,0,0,0,0,0,0,0,0,0,0,9.048,0,0,0,0,3.389
00-TM2:bin_000080,0,4.623,0,2.559,9.018,0,0,8.94,0,0,0,0,0,1.886,0,0,11.517,0,0,4.617,5.141,0,0,7.083,0,0,0,0,10.752,4.075,3.924,0,0,0,4.337,0,5.95,0,3.587,3.931,0,0,0,9.813,0,4.409,0,0,8.131,0,0,0,0,0,2.19,0,0,6.354,0,0,0,0,1.563,1.971,3.317,0,0,0,6.684,0,0,0,0,0,7.587,0,0,5.167,13.565,0,0,0,1.367,4.305
00-TM2:bin_000086,0,0,0,0,0,0,0,0,0,0,0,0,0,0,0,0,0,0,0,0,0,0,0,0,0,0,0,0,0,0,0,0,0,0,0,0,0,0,0,0,0,0,0,0,0,0,0,0,0,0,0,0,0,0,0,0,0,0,0,0,0,0,0,0,0,0,0,0,0,0,0,0,0,0,0,0,0,0,0,0,0,0,0,0
00-TM2:bin_000116,0,0,0,0,0,0,0,0,0,0,0,0,0,0,0,0,0,0,0,0,0,0,0,0,0,0,0,0,0,0,0,10.863,0,0,0,0,0,0,0,0,0,0,0,0,0,0,0,0,0,0,0,0,0,0,0,0,0,0,0,0,0,0,0,0,0,0,0,0,0,0,0,0,0,0,0,0,0,0,0,0,0,0,0,0
00-TM3:bin_000043,0,0,0,0,6.241,5.928,0,7.602,0,0,0,7.019,0,1.927,5.568,0,7.064,0,0,5.884,8.692,0,10.419,0,0,0,0,0,6.624,7.866,6.797,0,0,10.031,1.392,0,0,0,6.281,0,0,0,0,6.806,0,5.076,6.308,0,0,0,0,0,0,0,0,0,3.721,0,7.536,9.717,0,0,0,5.302,3.448,3.768,0,0,3.149,0,0,3.725,0,0,3.969,0,0,0,8.158,0,0,3.847,1.555,4.127
00-TM3:bin_000053,0,0,0,0,0,0,0,0,0,0,0,0,0,0,0,0,0,0,0,0,0,0,0,0,0,0,0,0,0,0,0,0,0,0,0,0,0,0,0,0,0,0,0,0,0,0,0,0,0,0,0,0,0,0,0,0,0,0,0,0,0,0,0,0,0,0,0,0,0,0,0,0,0,0,0,0,0,0,0,0,0,0,0,0
00-TM3:bin_000079,0,0,0,0,0,3.484,12.177,0,0,0,0,0,0,0,4.758,0,0,0,0,6.101,0,0,0,0,0,0,0,0,4.383,0,21.385,0,31.651,34.791,0,0,0,0,0,0,0,0,0,0,0,0,0,0,32.671,0,0,0,0,0,0,0,0,16.546,0,0,0,0,0,2.635,0,8.345,0,5.338,0,0,0,0,0,0,0,0,0,0,0,0,0,0,0,12.11
00-TM4:bin_000006,0,0,0,0,0,0,0,0,0,0,0,0,0,0,0,0,0,0,0,0,0,0,0,0,0,0,0,0,0,0,0,0,0,0,0,0,0,0,0,0,0,0,0,0,0,0,0,5.268,0,0,0,0,0,0,0,0,0,0,0,0,0,0,0,0,0,0,0,0,0,0,0,0,0,0,0,0,0,0,0,0,0,0,0,0
00-TM4:bin_000010,54.726,11.651,17.314,5.909,13.94,41.996,42.64,18.333,0,49.09,30.753,28.463,23.753,8.065,28.344,30.397,29.068,49.349,8.633,9.506,19.928,25.541,13.276,31.398,0,15.416,0,9.378,19.028,11.685,11.546,11.365,39.172,0,7.754,57.208,8.637,9.463,22.557,19.608,0,41.446,15.471,26.45,0,12.343,41.341,24.372,10.807,0,17.322,0,0,0,7.212,0,10.044,26.577,60.723,19.345,18.765,18.558,1.587,38.489,16.731,21.511,0,24.007,18.468,61.988,0,29.46,58.696,56.204,15.177,13.275,0,13.897,14.421,6.727,0,5.801,3.27,22.523
00-TM4:bin_000018,0,0,0,0,0,0,0,0,0,0,0,0,0,0,0,0,0,0,0,0,0,0,0,0,0,0,0,0,0,0,0,0,0,0,0,0,0,0,0,0,0,0,0,0,0,0,0,0,0,0,0,0,0,0,0,0,3.4,0,0,0,0,0,0,0,0,0,0,0,0,0,0,0,0,0,0,0,0,0,0,0,0,0,0,0
00-TM4:bin_000030,28.414,10.513,7.842,5.845,5.048,16.249,8.972,6.649,0,14.156,15.013,7.017,9.031,2.817,10.166,10.831,6.718,12.222,7.493,6.255,4.855,8.237,5.283,5.863,0,29.301,0,0,8.101,4.59,8.178,0,0,0,2.577,18.166,6.136,8.96,10.722,9.659,16.448,20.46,11.463,10.037,0,4.748,15.749,3.893,10.745,0,0,0,0,0,3.641,0,4.71,16.145,16.853,11.701,15.802,8.076,0.957,7.76,6.954,18.388,0,7.273,7.335,27.493,0,12.589,24.722,8.15,0,10.931,0,3.177,10.447,4.877,0,5.245,1.565,12.649
00-TM4:bin_000036,0,7.378,10.886,0,13.891,9.948,12.408,15.812,0,3.324,8.274,10.083,0,6.547,3.966,17.016,44.693,0,7.97,3.848,4.458,4.243,40.8,6.563,0,0,0,0,25.314,8.38,13.778,4.759,0,10.656,14.514,0,0,0,0,3.603,8.134,0,0,6.727,0,5.419,0,7.768,0,0,0,0,0,0,0,0,4.381,0,0,0,0,0,1.232,4.763,14.262,0,14.896,5.652,36.289,3.805,0,5.081,10.769,0,11.02,10.178,0,6.597,8.393,0,0,2.335,3.691,21.63
07:bin_000036,0,12.856,5.906,0,0,0,0,2.509,0,0,0,6.343,0,16.206,0,0,0,0,0,0,0,5.732,23.543,14.296,0,9.725,0,0,2.15,0,3.757,0,0,11.932,4.164,18.779,12.713,7.41,0,0,20.265,0,0,5.409,0,8.228,0,0,0,0,0,0,0,0,3.73,0,0,0,0,0,0,0,7.26,0,0,0,19.037,0,0,0,0,5.891,9.181,0,0,9.471,0,0,5.73,0,0,12.92,1.234,0
07:bin_000056,0,0,0,0,0,0,0,0,0,0,0,0,0,0,0,0,0,0,0,0,0,0,0,0,0,0,0,0,0,0,0,0,0,0,0,0,0,0,0,0,0,0,0,0,0,0,0,0,0,0,0,0,0,0,0,0,0,0,0,0,0,0,0,0,0,0,0,0,0,0,0,0,0,0,0,0,0,0,0,0,0,0,0,0
07:bin_000064,0,0,0,0,0,0,0,0,0,0,0,0,0,0,0,0,0,0,0,0,0,0,0,0,0,0,0,0,0,0,0,0,0,0,0,0,0,0,0,0,0,0,0,0,0,2.964,0,0,0,0,0,0,0,0,0,0,0,0,0,0,0,0,0,0,0,0,0,0,0,0,0,0,0,0,0,0,0,0,0,0,0,0,0,0
07:bin_000080,0,0,0,0,0,0,0,0,0,0,0,0,0,0,0,0,0,0,0,0,0,0,0,0,0,0,0,0,0,0,0,0,0,0,0,0,0,0,0,0,0,0,0,0,0,0,0,0,0,0,0,0,0,0,0,0,0,0,0,0,0,0,0,0,0,0,0,0,0,0,0,0,0,0,0,0,0,0,0,0,0,0,0,0
07:bin_000086,0,0,6.45,0,0,4.509,0,0,0,0,0,0,0,0,0,0,0,0,0,4.874,0,0,0,0,0,0,0,0,2.924,0,4.01,0,0,0,0,0,0,0,4.848,2.394,0,0,0,0,0,0,7.622,0,0,0,0,0,0,0,0,0,0,0,0,0,0,0,0,3.386,0,0,0,0,0,0,0,4.455,0,0,0,0,0,0,4.707,0,0,5.833,0.888,4.715
07:bin_000111,0,0,0,0,0,0,0,0,0,0,0,0,0,0,0,0,0,0,0,0,0,0,0,0,0,0,0,0,0,0,0,0,0,0,0,0,0,0,0,0,0,0,0,0,0,0,0,0,0,0,0,0,0,0,0,0,0,0,0,0,0,0,0,0,0,0,0,0,0,0,0,0,0,0,0,0,0,0,0,0,0,0,0,0
07:bin_000158,0,0,0,0,0,0,0,0,0,0,0,0,0,0,0,0,0,0,0,0,0,0,0,0,0,0,0,0,0,0,0,0,0,0,0,0,0,0,0,0,0,0,0,0,0,0,0,0,0,0,0,0,0,0,0,0,0,0,0,0,0,0,0,0,0,0,0,0,0,0,0,0,0,0,0,0,0,0,0,0,0,0,0,0
07:bin_000176,0,0,0,0,0,0,0,0,0,0,0,0,0,0,0,0,0,0,0,0,0,0,0,0,0,0,0,0,0,0,0,0,0,0,0,0,0,0,0,0,0,0,0,0,0,0,0,0,0,0,0,0,0,0,0,0,0,0,0,0,0,0,0,0,0,0,0,0,0,0,0,0,0,0,0,0,0,0,0,0,0,0,0,0
07-TM1:bin_000001,0,0,0,0,0,0,0,0,0,0,0,0,0,0,0,0,0,0,0,0,0,0,0,0,0,0,0,0,0,0,0,0,0,0,0,0,0,0,0,0,0,0,0,0,0,0,0,0,0,0,0,0,0,0,0,0,0,0,0,0,0,0,0,0,0,0,0,0,0,0,0,0,0,0,0,0,0,0,0,0,0,0,0,0
07-TM2:bin_000008,0,0,0,0,0,0,0,0,0,0,0,0,0,0,0,0,0,0,0,0,0,0,0,0,0,0,0,0,0,0,0,0,0,0,0,0,0,0,0,0,0,0,0,0,0,0,0,0,0,0,0,0,0,0,0,0,0,0,0,0,0,0,0,0,0,0,0,0,0,0,0,0,0,0,0,0,0,0,0,0,0,0,0,0
07-TM2:bin_000021,0,0,0,0,0,4.12,0,0,0,0,0,0,0,0,0,0,0,0,0,0,0,0,0,0,0,0,0,0,1.142,0,0,0,0,0,2.372,0,0,0,0,0,0,0,0,0,0,0,0,7.214,0,0,0,0,0,0,0,0,0,0,0,0,0,0,0,1.865,0,0,0,0,0,0,0,0,0,0,0,0,0,0,0,0,0,0,0,0
07-TM4:bin_000002,0,0,0,0,0,0,0,0,0,0,0,0,0,0,0,0,0,0,0,0,0,0,0,0,0,0,0,0,0,0,0,0,0,0,0,0,0,0,0,0,0,0,0,0,0,0,0,0,0,0,0,0,0,0,0,0,0,0,0,0,0,0,0,0,0,0,0,0,0,0,0,0,0,0,0,0,0,0,0,0,0,0,0,0
07-TM4:bin_000027,0,0,0,0,0,0,0,0,0,0,0,0,0,0,0,0,0,0,0,0,0,0,0,0,0,0,0,0,0,0,0,0,0,0,0,0,0,0,0,0,0,0,0,0,0,0,0,0,0,0,0,0,0,0,0,0,0,0,0,0,0,0,0,0,0,0,0,0,0,0,0,0,0,0,0,0,0,0,0,0,0,0,0,0
07-TM4:bin_000032,0,0,0,0,0,0,0,0,0,0,0,0,0,0,0,0,0,0,0,0,0,0,0,0,0,0,0,0,0,0,0,0,0,0,0,0,0,0,0,0,0,0,0,0,0,0,0,0,0,0,0,0,0,0,0,0,0,0,0,0,0,0,0,0,0,0,0,0,0,0,0,0,0,0,0,0,0,0,0,0,0,0,0,0
07-TM4:bin_000058,0,0,0,0,0,0,0,0,0,0,0,0,0,0,0,0,0,0,0,0,0,0,0,0,0,0,0,0,0,0,0,0,0,0,0,0,0,0,0,0,0,0,0,0,0,0,0,0,0,0,0,0,0,0,0,0,0,0,0,0,0,0,0,0,0,0,0,0,0,0,0,0,0,0,0,0,0,0,0,0,0,0,0,0
07-TM4:bin_000059,0,0,0,0,0,0,0,0,0,0,0,0,0,0,0,0,0,0,0,0,0,0,0,0,0,0,0,0,0,0,0,0,0,0,0,0,0,0,0,0,0,0,0,0,0,0,0,0,0,0,0,0,0,0,0,0,0,0,0,0,0,0,0,0,0,0,0,0,0,0,0,0,0,0,0,0,0,0,0,0,0,0,0,0
07-TM4:bin_000064,0,0,0,0,0,0,0,0,0,0,0,0,0,0,0,0,0,0,0,0,0,0,0,0,0,0,0,0,0,0,0,0,0,0,0,10.749,0,0,0,0,0,0,0,0,0,0,0,0,0,0,0,0,0,0,0,0,0,0,0,0,0,0,0,0,0,0,0,0,0,0,0,0,0,0,0,0,0,0,0,0,0,0,0,0
14:bin_000004,0,0,3.576,0,0,0,0,0,0,0,0,0,0,0,0,0,0,0,0,0,0,0,0,2.167,0,0,0,0,0,0,0,0,0,0,0,0,0,0,0,3.342,0,0,0,0,0,2.202,0,4.582,0,0,0,0,0,0,0,0,0,0,0,0,0,0,0,1.404,0,0,0,0,0,0,0,0,0,0,3.418,0,0,0,0,0,0,0,0,2.716
14:bin_000010,0,0,0,0,0,0,0,0,0,0,0,0,0,0,0,0,0,0,0,0,0,0,0,0,0,0,0,0,0,0,0,0,0,0,0,0,0,0,0,0,0,0,0,0,0,0,0,0,0,0,0,0,0,0,0,0,0,0,0,0,0,0,0,1.408,0,0,0,0,0,0,0,0,0,0,0,0,0,0,0,0,0,0,0,0
14:bin_000014,0,0,0,0,0,0,0,0,0,0,0,0,0,1.569,0,0,0,0,0,0,0,0,0,2.294,0,0,0,0,0,0,0,0,0,0,0,0,0,0,0,0,0,0,0,0,0,0,0,0,0,0,0,0,0,0,1.811,0,0,0,0,0,0,0,0.968,1.459,0,0,0,0,0,0,0,0,0,0,0,0,0,0,5.248,0,0,0,0,0
14:bin_000062,0,0,0,0,0,0,0,0,0,0,0,0,0,0,2.16,0,0,0,0,0,0,0,0,0,0,0,0,0,1.805,0,0,0,0,0,1.108,0,0,0,0,0,0,5.339,0,0,0,0,0,0,0,0,0,0,0,0,0,0,0,0,2.654,0,0,0,0,0,0,0,0,0,0,0,0,0,0,0,0,0,0,0,0,0,0,0,0,3.404
14:bin_000091,0,0,0,0,0,0,0,0,0,0,0,0,0,0,0,0,0,0,0,0,0,0,0,0,0,0,0,0,0,0,0,0,0,0,0,0,0,0,0,0,0,0,0,0,0,0,0,0,0,0,0,0,0,0,0,0,0,0,0,0,0,0,0,0,0,0,0,0,0,0,0,0,0,0,0,0,0,0,0,0,0,0,0,0
14:bin_000192,0,1.753,0,0,0,0,0,2.45,0,0,0,0,0,0,0,0,0,0,0,2.645,0,0,0,0,0,0,0,0,3.191,0,1.338,0,0,0,0,0,0,0,0,0,0,0,0,0,0,0,0,0,0,0,0,0,0,0,0,0,0,0,0,0,0,0,0,1.492,0,0,0,0,0,0,0,0,0,0,0,0,0,0,2.321,0,0,0,0,0
14-TM1:bin_000012,0,0,0,0,0,0,0,0,0,0,0,0,0,0,0,0,0,0,0,0,0,0,0,0,0,0,0,0,0,0,0,0,0,0,0,0,0,0,0,0,0,0,0,0,0,0,0,0,0,0,0,0,0,0,0,0,0,0,0,0,0,0,0,0,0,0,0,0,0,0,0,0,0,0,0,0,0,0,0,0,0,0,0,0
14-TM1:bin_000017,0,2.114,0,0,0,2.971,0,0,0,0,0,0,0,0,0,0,0,0,0,0,0,0,0,0,0,0,0,0,4.251,0,3.021,0,0,0,1.369,0,0,0,0,0,0,0,0,0,0,0,0,0,0,0,0,0,0,0,0,0,0,0,0,0,0,0,0,0,0,0,0,0,4.92,0,0,0,0,0,0,0,0,0,0,0,0,0,0,2.618
14-TM2:bin_000049,0,0,0,0,0,0,0,0,0,0,0,0,0,1.858,0,0,0,0,0,0,0,0,0,0,0,0,0,0,2.082,0,0,0,0,0,3.198,0,0,0,0,0,0,0,0,0,0,0,0,0,0,0,0,0,0,0,0,0,0,0,0,0,0,0,0,0,0,0,0,0,0,0,0,0,0,0,0,0,0,0,9.297,0,0,0,0,0
14-TM4:bin_000004,305.913,96.942,108.689,37.344,73.261,212.872,191.897,106.714,0,186.477,238.155,191.197,916.417,31.853,219.836,273.133,176.432,239.044,81.385,78.722,165.853,136.985,114.188,109.384,14.514,237.249,44.649,77.364,121.88,96.981,90.953,1029.853,147.989,215.875,44.482,128.742,185.23,54.362,191.08,141.385,0,46.769,188.594,109.755,0,135.852,235.028,60.287,149.041,35.575,93.826,2.037,0,31.116,44.41,0,98.096,199.885,310.672,150.197,137.894,140.11,8.486,145.651,87.654,264.887,113.063,149.2,123.593,348.779,50.399,240.718,355.389,215.736,139.11,102.183,0,66.347,169.051,57.475,6.339,45.926,21.006,194.778
14-TM4:bin_000010,0,0,0,0,0,0,0,0,0,0,0,0,0,0,0,0,0,0,0,0,0,0,0,0,0,0,0,0,0,0,0,0,0,0,0,0,0,0,0,0,0,0,0,0,0,0,0,0,0,0,0,0,0,0,0,0,0,0,0,0,0,0,0,0,0,0,0,0,0,0,0,0,0,0,0,0,0,0,0,0,0,0,0,0
14-TM4:bin_000035,0,0,0,0,0,2.313,0,0,0,4.232,0,0,0,0,0,0,0,0,0,0,0,0,0,2.025,0,0,0,0,1.857,0,0,0,0,0,0,0,0,0,0,0,0,0,0,0,0,0,0,0,0,0,0,0,0,0,0,0,0,0,3.378,0,0,0,0,1.221,0,0,0,0,0,0,0,0,0,0,0,0,0,0,3.85,0,0,0,0,0
14-TM4:bin_000089,0,0,0,0,0,0,0,0,0,0,0,0,0,0,0,0,0,0,0,0,0,0,0,0,0,0,0,0,0,0,0,0,0,0,0,0,0,0,0,0,0,0,0,0,0,0,0,0,0,0,0,0,0,0,0,0,0,0,0,0,0,0,0,0,0,0,0,0,0,0,0,0,0,0,0,0,0,0,0,0,0,0,0,0
14-TM4:bin_000109,0,0,0,0,0,0,0,0,0,0,0,0,0,0,0,0,0,0,0,0,0,0,0,0,0,0,0,0,0,0,0,0,0,0,0,0,0,0,0,0,0,0,0,0,0,0,0,0,0,0,0,0,0,0,0,0,0,0,0,0,0,0,0,0,0,0,0,0,0,0,0,0,0,0,0,0,0,0,0,0,0,0,0,0
21:bin_000024,0,0,0,0,0,2.841,3.89,5.309,0,0,0,0,7.914,0,0,0,0,0,0,3.953,0,0,0,0,0,0,0,0,8.662,0,2.266,6.618,0,0,3.886,0,0,0,2.757,0,0,0,4.116,0,0,0,0,0,0,0,0,0,0,0,0,0,3.226,0,5.022,0,0,0,0,1.689,12.316,3.699,0,0,2.533,0,0,3.416,0,0,3.072,0,0,0,0,0,0,0,0.85,0
21:bin_000052,0,0,0,0,0,6.696,0,0,0,0,16.817,0,0,0,0,6.303,0,0,0,0,0,0,0,0,0,0,0,0,8.007,0,0,0,0,0,0,0,0,0,0,0,0,0,0,0,0,0,0,0,0,0,0,0,0,0,0,0,0,0,0,0,0,0,0,2.866,7.997,0,0,0,5.402,0,0,0,0,0,5.263,0,0,0,0,0,0,2.361,0,0
21:bin_000073,0,0,0,0,0,0,0,0,0,0,0,0,0,0,0,0,0,0,0,0,0,0,0,0,0,0,0,0,0,0,0,0,0,0,0,0,0,0,0,0,0,0,0,0,0,0,0,0,0,0,0,0,0,0,0,0,0,0,0,0,0,0,0,0,0,0,0,0,0,0,0,0,0,0,0,0,0,0,0,0,0,0,0,0
21:bin_000107,0,0,0,0,0,0,0,0,0,0,0,0,0,0,0,6.09,0,0,0,0,0,0,0,0,0,0,0,0,0,0,0,0,0,0,0,0,0,0,0,0,0,0,0,0,0,0,0,0,0,0,0,0,0,0,0,0,0,0,0,0,0,0,0,0,0,0,0,0,5.809,0,0,0,0,0,0,0,0,0,0,0,0,0,0,0
21:bin_000125,0,0,0,0,0,0,0,0,0,0,0,0,0,0,0,0,0,0,0,0,0,0,0,0,0,0,0,0,0,0,0,0,0,0,0,0,0,0,0,0,0,0,0,0,0,0,0,0,0,0,0,0,0,0,0,0,0,0,0,0,0,0,0,0,0,0,0,0,0,0,0,0,0,0,0,0,0,0,0,0,0,0,0,0
21:bin_000160,0,0,0,0,0,0,0,0,0,0,0,0,0,0,0,0,0,0,0,0,0,0,0,0,0,0,0,0,0,0,0,0,0,0,0,0,0,0,0,0,0,0,0,0,0,0,0,0,0,0,0,0,0,0,0,0,0,0,0,0,0,0,0,0,0,0,0,0,0,0,0,0,0,0,0,0,0,0,0,0,0,0,0,0
21:bin_000224,0,0,0,0,0,0,0,0,0,0,0,0,0,0,0,0,0,0,0,0,0,0,0,0,0,0,0,0,0,0,0,0,0,0,0,0,0,0,0,0,0,0,0,0,0,0,0,0,0,0,0,0,0,0,0,0,0,0,0,0,0,0,0,1.816,0,0,0,0,0,0,0,0,0,0,0,0,0,0,0,0,0,0,0,0
21-TM1:bin_000011,0,0,0,0,0,0,0,0,0,0,0,0,0,0,0,0,0,0,0,0,0,0,0,0,0,0,0,0,0,0,0,0,0,0,0,0,0,0,0,0,0,0,0,0,0,0,0,0,0,0,0,0,0,0,0,0,0,0,0,0,0,0,0,0,0,0,0,0,0,0,0,0,0,0,0,0,0,0,0,0,0,0,0,0
21-TM1:bin_000014,0,52.118,0,0,0,0,0,11.961,0,0,0,6.949,0,0,0,0,0,0,0,44.149,0,0,0,11.86,0,0,0,0,15.022,0,15.043,0,0,0,21.325,0,0,0,35.563,3.835,0,0,0,0,0,0,0,28.084,0,0,0,0,0,0,0,0,0,51.354,0,24.319,0,0,0,56.395,0,0,0,0,0,25.95,0,0,0,0,0,0,0,0,0,0,0,0,0,0
21-TM1:bin_000060,0,0,0,0,0,0,0,0,0,0,0,0,0,0,0,0,0,0,0,0,0,0,0,0,0,0,0,0,0,0,0,0,0,0,0,0,0,0,0,0,0,0,0,0,0,0,0,0,0,0,0,0,0,0,0,0,0,0,0,0,0,0,0,1.217,0,0,0,0,0,0,0,0,0,0,0,0,0,0,0,0,0,0,0,0
21-TM1:bin_000073,17.926,9.914,12.993,3.933,18.137,17.612,7.833,34.532,0,15.153,9.699,7.606,7.16,6.228,19.017,10.786,18.772,12.184,31.923,25.591,10.583,24.659,25.271,12.232,0,0,0,16.097,22.598,37.318,15.314,10.601,0,0,7.564,17.956,11.373,5.003,16.973,19.799,0,10.936,6.683,26.664,0,19.243,17.431,41.033,23.179,0,0,0,0,0,2.909,0,23.543,8.459,9.855,16.741,0,5.295,5.527,7.811,15.743,10.992,16.266,9.185,38.573,13.669,0,10.024,12.512,8.951,11.826,15.546,0,23.751,37.151,4.083,0,5.159,4.561,16.53
21-TM3:bin_000002,0,0,0,0,0,0,0,0,0,0,0,0,0,0,0,0,0,0,0,0,0,0,0,0,0,0,0,0,2.562,0,2.295,0,0,0,0,0,0,0,0,0,0,0,0,0,0,0,0,0,0,0,0,0,0,0,0,0,0,0,0,0,0,0,0,1.665,0,0,0,0,0,0,0,0,0,0,0,0,0,0,0,0,0,0,0,0
21-TM3:bin_000011,0,0,0,0,0,0,0,0,0,0,0,0,0,0,0,0,0,0,0,0,0,0,0,0,0,0,0,0,0,0,0,0,0,0,0,0,0,0,0,0,0,0,0,0,0,0,0,0,0,0,0,0,0,0,0,0,0,0,0,0,0,0,0,0,0,0,0,0,0,0,0,0,0,0,0,0,0,0,0,0,0,0,0,0
21-TM3:bin_000020,0,0,0,0,0,0,0,0,0,0,0,0,0,0,0,0,0,0,0,0,0,0,0,0,0,0,0,0,0,0,0,0,0,0,0,0,0,0,0,0,0,0,0,0,0,0,0,0,0,0,0,0,0,0,0,0,0,0,0,0,0,0,0,0,0,0,0,0,0,0,0,0,0,0,0,0,0,0,0,0,0,0,0,0
21-TM4:bin_000004,0,0,0,0,0,0,0,0,0,0,0,0,0,0,0,0,0,0,0,0,0,0,0,0,0,0,0,0,0,0,0,0,0,0,0,0,0,0,0,0,0,0,0,0,0,0,0,0,0,0,0,0,0,0,0,0,0,0,0,0,0,0,0,0,0,0,0,0,0,0,0,0,0,0,0,0,0,0,0,0,0,0,0,0
21-TM4:bin_000017,0,0,0,0,0,0,0,0,0,0,0,0,0,0,0,0,0,0,0,0,0,0,0,4.606,0,0,0,0,0,0,0,6.816,0,0,0,0,0,0,0,0,0,0,0,0,0,0,0,0,0,0,0,0,0,0,0,0,0,0,0,0,0,0,0,0,0,0,0,0,0,0,0,5.539,0,0,0,0,0,0,0,0,0,0,0,0
21-TM4:bin_000041,0,0,0,0,4.956,2.706,0,2.961,0,0,0,0,0,0,2.747,0,0,0,0,4.386,0,0,0,5.907,0,0,0,0,3.396,0,0,0,0,0,0,0,0,0,0,2.832,0,0,0,0,0,0,0,0,0,0,0,0,0,0,0,0,3.133,0,0,0,0,0,0,0,0,5.514,0,0,3.426,0,0,0,0,0,3.449,0,0,0,4.432,0,0,1.973,1.142,0
21-TM4:bin_000042,0,0,0,0,0,0,0,0,0,0,0,0,0,0,0,0,0,0,0,0,0,0,0,0,0,0,0,0,0,0,0,0,0,0,0,0,0,0,0,0,0,0,0,0,0,0,0,0,0,0,0,0,0,0,0,0,0,0,0,0,0,0,0,0,0,0,0,0,0,0,0,0,0,0,0,0,0,0,0,0,0,0,0,0
21-TM4:bin_000052,0,0,0,0,0,3.131,0,0,0,0,0,0,0,0,0,0,0,0,0,0,0,0,0,0,0,0,0,0,1.283,0,0,0,0,0,0,0,0,0,0,0,0,0,0,0,0,0,0,0,0,0,0,0,0,0,0,0,0,0,0,0,0,0,0,0,0,0,0,0,0,0,0,0,0,0,0,0,0,0,0,0,0,0,0,0
21-TM4:bin_000053,0,0,0,0,0,0,0,0,0,0,0,0,0,0,0,0,0,0,0,0,0,0,0,0,0,0,0,0,0,0,0,0,0,0,0,0,0,0,0,0,0,0,0,0,0,0,0,0,0,0,0,0,0,0,0,0,0,0,0,0,0,0,0,0,0,0,0,0,0,0,0,0,0,0,0,0,0,0,0,0,0,0,0,0
D300693:bin_000003,0,6.514,8.396,0,10.427,6.341,3.817,8.958,0,4.373,0,10.331,0,5.256,5.473,36.363,7.616,0,0,9.828,0,0,12.032,5.873,0,0,0,0,8.335,24.7,7.155,0,0,9.103,4.501,0,7.517,0,5.986,5.048,0,0,0,12.527,0,4.257,10.188,0,0,0,0,0,0,0,2.236,0,11.137,0,5.537,0,0,0,0.985,6.631,4.185,0,0,5.666,6.494,6.388,0,0,5.054,0,9.263,7.65,0,3.57,4.651,0,0,0,1.872,4.799
D300693:bin_000006,7.716,0,3.724,0,0,6.08,0,0,0,0,4.459,0,0,0,7.034,0,0,0,0,0,0,0,0,0,0,0,0,0,1.359,0,1.89,0,0,0,0,0,0,0,0,2.307,0,0,0,0,0,0,4.951,0,0,0,0,0,0,0,0,0,0,0,5.092,0,0,0,0,3.359,0,0,0,0,0,5.368,0,4.738,0,0,0,0,0,0,3.226,0,0,0,0,2.625
D300693:bin_000013,0,3.222,0,0,6.802,0,0,6.093,0,12.353,0,9.938,0,2.001,0,0,0,0,0,0,14.053,0,0,9.919,0,0,0,0,4.544,9.652,0,0,0,0,0,0,0,0,0,0,0,0,0,0,0,0,0,7.913,0,0,0,0,0,0,0,0,6.267,0,0,0,0,0,0,6.229,0,6.681,0,0,7.749,0,0,0,0,0,6.067,0,0,0,0,0,0,0,0,0
D300696:bin_000035,0,2.184,5.486,0,3.279,2.158,2.756,4.933,0,2.794,0,0,0,0,0,0,0,0,0,5.126,9.854,0,0,1.845,0,0,0,0,5.515,3.832,2.433,0,0,0,1.575,0,3.276,0,2.435,1.835,0,0,0,0,0,2.069,0,2.909,0,0,0,0,0,0,0,0,4.439,0,3.194,0,0,0,0,2.65,0,0,0,0,3.165,0,0,0,0,0,2.254,0,0,2.873,3.777,0,0,1.722,0.924,2.919
D300699:bin_000001,0,0,0,0,0,0,0,0,0,0,0,0,0,0,0,0,0,0,0,0,0,0,0,0,0,0,0,0,0,0,0,0,0,0,0,0,0,0,0,0,0,0,0,0,0,0,0,0,0,0,0,0,0,0,0,0,0,0,0,0,0,0,0,0,0,0,0,0,0,0,0,0,0,0,0,0,0,0,0,0,0,0,0,0
D300700:bin_000001,0,0,0,0,0,3.423,0,0,0,0,0,0,0,0,3.618,0,0,0,0,0,0,0,0,0,0,0,0,0,2.135,0,0,0,0,0,0,0,0,0,0,0,0,0,0,0,0,0,0,0,0,0,0,0,0,0,0,0,0,0,3.927,0,0,0,0,0,5.536,0,0,0,0,0,0,0,0,0,0,0,0,0,0,0,0,0,0,3.288
D300706:bin_000006,8.342,0,18.919,0,10.496,23.644,15.349,4.582,0,6.744,13.862,18.755,13.818,2.008,9.986,0,0,0,0,4.922,8.213,13.907,0,9.622,0,0,0,0,13.607,0,41.432,0,16.947,14.876,4.618,0,14.305,0,7.755,2.373,0,49.272,11.164,9.334,0,4.681,15.367,6.197,23.041,0,21.366,0,0,0,6.447,0,7.495,0,8.936,28.355,17.161,7.579,2.257,20.931,4.634,51.349,9.308,16.333,9.117,20.381,0,17.856,4.29,0,11.771,0,0,0,3.634,0,0,10.736,13.513,13.299
D300708:bin_000028,0,9.346,93.188,11.175,85.82,59.696,111.473,28.759,0,0,39.376,27.993,12.757,10.991,58.734,9.443,16.699,0,16.494,50.778,40.694,70.692,14.284,16.286,0,0,0,21.156,148.529,33.554,260.567,8.276,40.301,114.695,21.743,0,24.041,0,25.515,8.644,54.537,14.838,59.568,62.701,0,42.87,18.985,55.14,148.636,0,27.735,0,0,5.195,1.861,0,31.421,26.382,17.198,19.455,5.586,0,10.113,101.312,8.729,213.138,13.753,27.141,93.654,16.485,8.457,73.197,5.417,0,46.578,130.783,0,25.803,14.442,69.43,0,8.972,45.614,67.795
D300709:bin_000042,0,13.343,12.933,0,11.806,8.403,9.788,11.521,0,4.911,0,7.94,0,10.758,4.928,6.762,15.673,0,0,11.838,10.38,9.005,18.888,14.826,0,0,0,8.116,26.403,17.145,10.312,3.878,0,11.964,9.406,0,10.253,6.078,11.418,6.205,16.208,0,0,11.778,0,10.459,0,12.715,12.703,0,0,0,0,0,0,0,10.387,5.988,4.893,0,0,0,3.264,9.803,8.939,7.673,21.779,6.73,13.546,8.259,0,9.915,6.266,0,15.301,15.72,0,12.299,11.318,0,0,6.469,4.053,8.133
D300710:bin_000020,0,15.05,16.788,0,10.223,18.705,22.793,11.333,0,8.746,20.15,40.81,0,6.398,11.461,14.859,7.964,0,0,11.464,20.807,9.046,43.686,7.099,0,0,0,11.877,15.161,11.177,32.893,3.999,12.245,16.285,14.023,0,12.543,7.318,15.798,7.189,0,16.384,10.6,8.394,0,9.226,0,21.221,11.097,0,0,0,0,0,3.564,0,6.742,24.522,21.339,12.019,0,0,3.947,20.179,6.253,17.395,18.784,7.85,25.014,7.981,0,15.293,0,11.371,27.108,27.429,0,3.891,7.489,0,0,5.603,4.052,10.805
D300711:bin_000012,0,0,0,0,0,0,0,0,0,0,0,0,0,1.746,0,0,0,0,0,0,0,0,0,3.038,0,0,0,0,0,0,0,0,0,0,0,0,0,0,0,0,0,0,0,0,0,0,0,0,0,0,0,0,0,0,0,0,0,0,0,0,0,0,0,0,0,0,0,0,0,0,0,0,5.087,0,0,0,0,0,0,0,0,2.34,0,0
D300711:bin_000013,0,5.823,0,0,0,0,0,0,0,0,0,0,0,2.111,0,0,0,0,0,0,0,0,0,2.419,0,0,0,0,0,0,0,0,0,0,1.734,0,4.141,0,0,0,0,0,0,0,0,0,0,0,0,0,0,0,0,0,0,0,0,0,0,0,0,0,1.908,0,0,0,0,0,0,0,0,0,0,0,0,0,0,0,0,0,0,3.964,0,0
D300711:bin_000023,13.427,6.36,28.616,11.101,19.298,31.455,17.064,37.156,0,16.705,25.799,30.355,19.783,18.172,44.524,8.366,42.456,10.621,11.143,14.397,20.237,23.705,25.151,23.102,0,44.893,0,18.573,51.285,23.517,21.017,6.346,10.1,23.305,13.991,23.477,23.351,11.994,22.207,15.419,15.093,17.771,13.636,24.558,0,19.247,35.869,34.021,18.775,0,0,0,0,0,6.675,0,36.052,24.263,24.338,14.823,0,10.124,9.088,19.807,23.243,18.546,19.176,14.726,52.782,20.712,9.034,20.11,9.643,21.962,23.919,15.311,0,37.356,33.069,0,0,7.363,8.924,26.179
D300712:bin_000004,0,3.458,3.777,0,0,4.674,0,3.949,0,6.268,7.227,0,0,0,5.009,0,0,0,0,0,0,11.094,0,2.1,0,9.348,0,0,0,0,0,0,0,0,4.821,12.357,6.913,0,0,2.006,0,0,0,0,0,0,0,25.697,0,0,0,0,0,0,0,0,0,0,5.968,0,0,0,0,2.063,0,6.469,0,0,0,7.159,0,0,0,0,4.291,0,0,0,8.882,0,0,0,0,3.911
D300712:bin_000006,11.428,33.97,40.25,0,63.781,59.267,30.917,77.114,0,16.731,21.188,28.999,24.241,5.922,26.454,35.43,62.022,0,63.975,68.657,51.236,42.437,47.23,44.559,0,23.663,0,44.036,71.496,106.17,27.863,7.528,16.22,12.857,20.103,14.926,28.082,20.988,42.434,28.787,23.012,13.26,33.525,43.792,0,31.34,18.153,93.628,22.272,0,0,0,0,3.705,2.204,0,70.529,37.598,31.886,34.877,11.972,8.79,8.718,42.911,27.93,28.937,30.639,14.548,51.323,18.749,8.561,36.748,14.029,9.678,42.009,26.162,0,65.017,60.946,6.314,0,28.981,15.35,56.558
D300712:bin_000007,12.312,6.55,8.066,0,6.373,7.861,7.372,6.856,0,8.136,0,8.068,0,6.304,9.018,12.534,25.04,0,0,5.399,4.96,8.409,12.257,9.275,0,13.586,0,12.775,6.774,10.966,5.218,0,0,0,4.63,0,12.478,0,10.612,6.607,11.346,0,5.359,8.791,0,5.77,9.737,7.142,9.819,0,0,0,0,0,2.221,0,11.341,9.96,8.875,0,0,10.565,2.65,7.367,4.762,5.96,0,10.362,14.404,15.377,0,12.13,13.379,21.855,15.207,0,0,10.258,15.868,0,0,3.714,2.432,4.517
D300712:bin_000016,0,0,0,0,0,0,0,0,0,0,0,0,0,0,0,0,0,0,0,0,0,0,0,0,0,0,0,0,0,0,0,0,0,0,0,0,0,0,0,0,0,0,0,0,0,0,0,0,0,0,0,0,0,0,0,0,0,0,0,0,0,0,0,0,0,0,0,0,0,0,0,0,0,0,0,0,0,0,0,0,0,0,0,0
D300713:bin_000003,14.441,4.611,5.032,2.946,0,6.724,0,5.866,0,5.446,12.499,9.329,9.637,2.755,11.445,7.109,0,0,0,0,7.965,10.782,9.157,4.659,0,16.321,0,0,5.8,0,4.688,20.185,0,10.939,2.188,0,9.491,0,8.037,3.777,0,10.735,0,0,0,4.517,8.39,6.93,0,0,0,0,0,0,2.484,0,6.566,11.718,12.982,0,0,0,0,5.637,5.594,11.712,0,0,0,7.307,0,0,7.077,0,6.105,0,0,4.595,8.348,0,0,0,0,7.446
D300713:bin_000009,19.765,3.724,7.761,3.543,0,13.534,11.785,3.643,0,8.507,9.999,7.621,0,0,12.071,10.371,8.821,25.781,0,6.606,0,17.435,6.272,6.91,0,9.204,0,0,8.984,4.746,7.795,0,0,12.363,3.807,0,9.784,6.208,7.82,8.138,0,0,4.984,5.64,0,10.543,15.272,0,7.306,0,0,0,0,0,5.633,0,4.067,7.934,21.13,12.228,16.53,7.758,0,8.697,3.876,15.474,0,12.995,5.469,14.748,0,12.028,14.038,0,5.465,0,0,0,10.336,4.634,0,4.371,1.906,8.719
D300714:bin_000008,0,8.63,6.528,0,25.091,4.228,7.855,8.908,0,0,0,5.472,0,0,5.398,0,11.723,0,17.05,18.327,0,9.394,11.016,6.558,0,0,0,0,4.087,10.802,4.814,0,0,0,2.606,0,6.515,0,23.167,11.437,0,0,0,6.69,0,4.635,0,8.314,0,0,0,0,0,0,1.874,0,10.121,0,6.122,10.919,0,0,0,9.53,8.348,0,24.281,0,12.714,4.693,0,11.042,0,0,4.767,0,0,10.515,11.714,0,0,0,2.151,6.868
D300719:bin_000003,23.586,2.354,5.687,4.639,4.745,1.953,3.916,3.875,0,4.644,0,11.138,31.717,2.366,5.179,0,0,0,0,3.55,8.102,4.775,7.097,5.52,0,0,0,0,3.318,0,2.339,22.536,0,33.226,0,0,0,0,4.875,0,0,9.185,0,5.362,0,3.527,7.891,0,10.859,0,0,0,0,0,0,0,2.981,0,14.495,0,0,0,0,8.706,2.958,4.852,0,10.91,3.561,14.635,8.376,13.819,10.744,0,3.273,21.696,0,0,5.635,0,0,0,0,0
D300719:bin_000008,0,0,0,0,0,0,0,0,0,0,0,0,0,0,0,0,0,0,0,0,0,0,0,0,0,0,0,0,0,0,0,0,0,0,0,0,0,0,0,0,0,0,0,0,0,0,0,0,0,0,0,0,0,0,0,0,0,0,0,0,0,0,0,0,0,0,0,0,0,0,0,0,0,0,0,0,0,0,0,0,0,0,0,0
D300720:bin_000001,0,0,0,0,0,0,0,0,0,0,0,0,0,0,0,0,0,0,0,0,0,0,0,0,0,0,0,0,0,0,0,0,0,0,0,0,0,0,0,0,0,0,0,0,0,0,0,0,0,0,0,0,0,0,0,0,0,0,0,0,0,0,0,0,0,0,0,0,0,0,0,0,0,0,0,0,0,0,0,0,0,0,0,0
D300723:bin_000001,0,3.179,0,0,0,0,0,0,0,0,0,0,0,0,0,0,0,0,0,3.831,0,0,0,0,0,0,0,0,0,0,0,0,0,0,0,0,15.388,0,0,0,0,0,0,0,0,6.164,0,0,0,0,0,0,0,0,1.958,0,6.237,0,0,0,0,0,0,0,0,0,0,0,0,0,0,0,0,0,0,0,0,5.839,21.034,0,0,3.304,2.274,0
D300723:bin_000008,0,0,0,0,0,7,4.742,0,0,0,0,7.088,0,0,0,8.28,7.467,0,0,0,0,0,0,0,0,14.654,0,0,7.75,0,0,4.327,0,0,0,0,0,0,4.979,2.289,0,6.592,0,0,0,4.599,7.176,0,0,0,0,0,0,0,0,0,6.408,0,13.275,0,0,0,0,2.893,4.562,6.798,0,0,6.14,0,0,0,0,0,0,0,0,5.09,0,0,0,0,1.252,3.1
D300729:bin_000019,0,4.221,5.713,0,6.906,7.933,6.766,7.775,0,4.682,5.906,6.471,0,1.973,5.819,7.092,10.682,0,0,5.577,5.305,5.697,9.236,4.8,0,0,0,0,11.384,6.865,7.987,0,0,0,4.007,0,4.611,0,5.904,4.466,0,0,0,5.514,0,4.253,0,0,0,0,0,0,0,0,0,0,6.004,0,7.049,0,0,0,0,6.978,5.473,7.355,0,0,9.622,5.375,0,5.042,5.239,0,6.326,0,0,4.911,6.356,0,0,2.413,2.136,8.246
D300742:bin_000002,11.358,4.325,11.107,0,0,7.824,0,3.553,0,7.293,0,0,0,2.548,2.707,0,7.387,0,0,0,0,9.114,5.682,5.093,0,0,0,0,1.699,0,4.784,0,0,0,2.395,12.916,8.148,0,0,3.458,0,8.15,0,13.186,0,6.204,6.179,0,0,0,0,0,0,0,1.829,0,5.355,0,5.181,0,19.906,0,0,4.402,0,0,0,0,3.677,4.909,0,5.385,20.018,12.974,0,0,0,3.513,4.031,0,0,0,1.028,6.859
D300748:bin_000014,0,0,0,0,0,0,0,0,0,4.489,0,10.941,0,0,2.853,0,0,0,0,0,10.136,0,0,0,0,0,0,0,0,0,0,0,0,0,0,0,0,0,0,0,0,0,6.899,0,0,0,0,0,0,0,0,0,0,0,0,0,0,0,5.391,0,0,0,0,63.454,0,0,0,0,0,5.079,0,4.431,0,0,4.554,0,0,0,0,0,0,0,0,0
D300750:bin_000009,0,0,0,0,0,0,0,0,0,0,0,0,0,0,0,0,0,0,0,0,0,0,0,0,0,0,0,0,0,0,0,0,0,0,0,0,0,0,0,0,0,0,0,0,0,0,0,0,0,0,0,0,0,0,0,0,0,0,0,0,0,0,0,0,0,0,0,0,0,0,0,0,0,0,0,0,0,0,0,0,0,0,0,0
D300751:bin_000024,0,0,0,0,0,0,0,0,0,0,0,0,0,0,0,0,0,0,0,0,0,0,0,0,0,0,0,0,0,0,0,0,0,0,0,0,0,0,0,0,0,0,0,0,0,0,0,0,0,0,0,0,0,0,0,0,0,0,0,0,0,0,0,0,0,0,0,0,0,0,0,0,0,0,0,0,0,0,0,0,0,0,0,0
D300751:bin_000031,0,0,0,0,0,0,0,0,0,0,0,0,0,0,0,0,0,0,0,0,0,0,0,0,0,0,0,0,0,0,0,0,0,0,0,0,0,0,0,0,0,0,0,0,0,0,0,0,0,0,0,0,0,0,0,0,0,0,0,0,0,0,0,0,0,0,0,0,0,0,0,0,0,0,0,0,0,0,0,0,0,0,0,0
D300754:bin_000002,0,4.789,3.98,0,0,6.616,0,2.806,0,6.677,0,7.186,0,0,4.764,6.216,8.114,0,0,5.6,0,6.899,0,2.564,0,0,0,0,3.467,0,2.299,0,0,0,1.346,0,16.969,0,7.256,4.296,0,0,0,8.007,0,3.637,8.707,0,0,0,0,0,0,0,0,0,4.953,0,8.792,0,0,0,0,3.85,18.623,4.733,0,6.183,4.137,0,0,3.779,0,9.324,3.329,0,0,0,17.402,0,0,6.4,3.534,2.687
D300754:bin_000004,0,0,0,0,0,0,0,0,0,0,0,0,0,0,0,0,0,0,0,0,0,0,0,0,0,0,0,0,0,0,0,0,0,0,0,0,0,0,0,0,0,0,0,0,0,0,0,0,0,0,0,0,0,0,0,0,0,0,0,0,0,0,0,0,0,0,0,0,0,0,0,0,0,0,0,0,0,0,0,0,0,0,0,0
D300755:bin_000017,0,0,0,0,0,0,0,0,0,0,0,0,0,0,0,0,0,0,0,3.396,0,0,0,0,0,0,0,0,0,0,0,0,0,0,0,0,0,0,0,0,0,0,0,0,0,0,0,0,0,0,0,0,0,0,0,0,0,0,0,0,0,0,0,0,0,0,0,0,0,0,0,0,0,0,0,0,0,0,0,0,0,0,0,2.346
D300757:bin_000005,0,0,0,0,0,8.123,34.745,5.835,0,21.174,14.694,26.107,9.493,0,54.862,0,0,0,0,23.699,0,0,0,11.127,0,0,0,0,13.83,0,31.038,3.823,0,0,9.712,0,0,0,35.971,0,0,8.401,0,0,0,9.215,10.32,5.021,0,0,0,0,0,0,0,0,8.176,6.168,66.894,0,0,0,0,10.711,0,73.231,70.159,0,0,15.233,0,0,0,0,0,0,0,0,4.713,0,0,0,1.928,9.221
D300759:bin_000011,0,0,0,0,0,0,0,0,0,0,0,0,0,0,0,0,0,0,0,0,0,0,0,0,0,0,0,0,2.095,0,0,0,0,0,0,0,0,0,0,0,0,0,0,0,0,0,0,0,0,0,0,0,0,0,0,0,0,0,0,0,0,0,0,1.247,0,0,0,0,0,0,0,0,0,0,0,0,0,0,0,0,0,0,0,0
D300759:bin_000036,0,0,0,0,0,0,0,0,0,0,0,0,0,0,0,0,0,0,0,0,0,0,0,0,0,0,0,0,0,0,0,0,0,0,0,0,0,0,0,0,0,0,0,0,0,0,0,0,0,0,0,0,0,0,0,0,0,0,0,0,0,0,0,0,0,0,0,0,0,0,0,0,0,0,0,0,0,0,0,0,0,0,0,0
D300760:bin_000013,0,0,0,0,0,0,0,0,0,0,0,0,0,0,0,0,0,0,0,0,0,0,0,0,0,0,0,0,0,0,0,0,0,0,0,0,0,0,0,0,0,0,0,0,0,0,0,0,0,0,0,0,0,0,0,0,0,0,0,0,0,0,0,0,0,0,0,0,0,0,0,0,0,0,0,0,0,0,0,0,0,0,0,0
D300763:bin_000009,0,0,0,0,0,0,0,0,0,0,0,0,0,0,0,0,0,0,0,0,0,0,0,0,0,0,0,0,0,0,0,0,0,0,0,0,0,0,0,0,0,0,0,0,0,0,0,0,0,0,0,0,0,0,0,0,0,0,0,0,0,0,0,0,0,0,0,0,0,0,0,0,0,0,0,0,0,0,0,0,0,0,0,0
D300763:bin_000013,0,0,0,0,0,0,0,0,0,0,0,0,0,0,0,0,0,0,0,0,0,0,0,0,0,0,0,0,0,0,0,0,0,0,0,0,0,0,0,0,0,0,0,0,0,0,0,0,0,0,0,0,0,0,0,0,0,0,0,0,0,0,0,0,0,0,0,0,0,0,0,0,0,0,0,0,0,0,0,0,0,0,0,0
D300763:bin_000022,36.028,23.357,32.622,10.344,21.589,47.384,50.799,39.689,0,46.109,33.575,38.472,27.324,3.385,38.451,28.081,31.497,63.089,10.613,10.351,41.681,32.719,34.452,27.026,0,28.294,0,30.21,42.307,20.647,25.349,5.371,41.133,12.5,12.858,17.46,16.955,18.308,28.406,40.68,21.546,27.708,26.424,19.963,0,44.094,58.568,24.812,23.928,0,18.959,0,0,3.581,22.566,0,15.942,36.396,78.719,33.217,29.128,28.894,4.409,52.295,32.335,31.634,19.881,31.709,38.778,67.974,11.14,52.752,67.869,43.05,35.536,13.497,0,12.032,46.933,16.545,0,7.668,3.496,41.555
D300763:bin_000032,0,0,0,0,0,0,0,0,0,0,0,0,0,0,0,0,0,0,0,0,0,0,0,0,0,0,0,0,0,0,0,0,0,0,0,0,0,0,0,0,0,0,0,0,0,0,0,0,0,0,0,0,0,0,0,0,0,0,0,0,0,0,0,0,0,0,0,0,0,0,0,0,0,0,0,0,0,0,0,0,0,0,0,0
D300764:bin_000008,0,0,6.285,0,0,7.941,9.356,0,0,7.144,0,8.065,0,0,4.284,0,0,11.929,0,0,7.081,8.665,7.182,3.332,0,0,0,0,5.322,0,7.007,0,0,0,0,0,0,0,0,3.909,0,0,0,6.143,0,4.346,7.475,0,0,0,0,0,0,0,4.666,0,0,0,9.071,0,0,0,0,7.508,0,0,0,0,5.53,7.497,0,5.894,6.288,0,0,0,0,0,0,0,0,2.527,0,0
D300764:bin_000013,0,0,0,0,0,0,0,0,0,0,0,0,0,0,0,0,0,0,0,0,0,0,0,0,0,0,0,0,0,0,0,0,0,0,0,0,0,0,0,0,0,0,0,0,0,0,0,0,0,0,0,0,0,0,0,0,0,0,0,0,0,0,0,0,0,0,0,0,0,0,0,0,0,0,0,0,0,0,0,0,0,0,0,0
D300766:bin_000008,0,0,0,0,0,0,0,0,0,0,0,0,0,0,0,0,0,0,0,0,0,0,0,0,0,0,0,0,0,0,0,0,0,0,0,0,0,0,0,0,0,0,0,0,0,0,0,0,0,0,0,0,0,0,0,0,0,0,0,0,0,0,0,0,0,0,0,0,0,0,0,0,0,0,0,0,0,0,0,0,0,0,0,0
D300766:bin_000009,0,10.297,0,3.443,0,0,0,0,0,0,0,0,0,3.164,0,0,0,0,0,0,0,0,11.927,4.82,0,0,0,0,0,0,2.335,0,0,0,1.584,12.04,13.918,7.149,0,0,0,0,0,0,0,4.145,0,0,0,0,0,0,0,0,2.313,0,0,0,0,0,0,8.291,1.508,0,2.76,0,0,0,0,0,0,0,5.409,0,0,0,0,0,5.737,0,0,9.808,0,0
MPB:bin_000002,0,0,0,0,0,0,0,0,0,0,0,0,0,0,0,0,0,0,0,0,0,0,0,0,0,0,0,0,0,0,0,0,0,0,0,0,0,0,0,0,0,0,0,0,0,0,0,0,0,0,0,0,0,0,0,0,0,0,3.742,0,0,0,0,1.212,0,0,0,0,0,0,0,0,0,0,0,0,0,0,2.818,0,0,0,0,0
MPB:bin_000004,0,2.375,0,0,6.242,2.432,0,5.494,0,0,0,0,0,2.159,0,0,0,0,0,0,0,0,0,0,0,0,0,6.995,4.156,4.244,0,0,0,0,2.415,0,0,0,3.046,0,0,0,0,0,0,2.224,0,0,0,0,0,0,0,0,0,0,0,0,0,0,0,0,0,1.496,0,0,0,0,0,0,0,0,0,0,3.667,0,0,0,0,0,0,0,0,0
MPB:bin_000005,0,2.874,6.302,0,11.556,15.969,4.512,10.342,0,4.146,6.18,0,0,9.712,3.215,0,12.867,0,0,3.505,8.329,0,4.408,4.723,0,0,0,0,4.305,10.476,2.653,0,0,0,1.838,0,0,0,6.228,0,0,0,0,4.691,0,3.538,0,8.419,6.82,0,0,0,0,0,0,0,6.08,7.51,7.141,0,0,0,1.723,13.079,6.925,0,0,0,20.507,5.4,0,11.731,0,0,6.766,10.279,0,6.87,9.027,0,0,3.523,3.659,5.513
MPB:bin_000006,0,0,0,0,0,0,0,0,0,0,0,0,0,0,0,0,0,0,0,0,0,0,0,0,0,0,0,0,0,0,0,0,0,0,0,0,0,0,0,0,0,0,0,0,0,0,0,0,0,0,0,0,0,0,0,0,0,0,0,0,0,0,0,0,0,0,0,0,0,0,0,0,0,0,0,0,0,0,0,0,0,0,0,0
MPB:bin_000007,0,0,0,0,0,0,0,0,0,0,0,0,0,0,0,0,0,0,0,0,0,0,0,0,0,0,0,0,0,0,0,0,0,0,0,0,0,0,0,0,0,0,0,0,0,0,0,0,0,0,0,0,0,0,0,0,0,0,0,0,0,0,0,0,0,0,0,0,0,0,0,0,0,0,0,0,0,0,0,0,0,0,0,0
MPB:bin_000009,0,0,0,0,0,0,0,0,0,0,0,0,0,0,0,0,0,0,0,0,0,0,0,0,0,0,0,0,0,0,0,0,0,0,0,0,0,0,0,0,0,0,0,0,0,0,0,0,0,0,0,0,0,0,0,0,0,0,0,0,0,0,0,0,0,0,0,0,0,0,0,0,0,0,0,0,0,0,0,0,0,0,0,0
MPB:bin_000010,0,0,0,0,0,0,0,0,0,0,0,0,0,0,0,0,0,0,0,0,0,0,0,0,0,0,0,0,0,0,0,0,0,0,0,0,0,0,0,0,0,0,0,0,0,0,0,0,0,0,0,0,0,0,0,0,0,0,0,0,0,0,0,0,0,0,0,0,0,0,0,0,0,0,0,0,0,0,0,0,0,0,0,0
MPB:bin_000011,0,0,0,0,0,0,0,0,0,0,0,0,0,0,0,0,0,0,0,0,0,0,0,0,0,0,0,0,0,0,0,0,0,0,0,0,0,0,0,0,0,0,0,0,0,0,0,0,0,0,0,0,0,0,0,0,0,0,0,0,0,0,0,0,0,0,0,0,0,0,0,0,0,0,0,0,0,0,0,0,0,0,0,0
MPB:bin_000016,71.715,49.019,62.603,10.926,34.907,104.347,76.651,48.646,0,62.376,96.279,59.632,105.505,24.611,63.021,130.838,99.193,88.605,27.022,27.581,72.549,62.472,45.781,53.121,0,38.622,12.161,49.91,61.196,52.561,49.41,96.878,27.095,55.18,30.906,31.828,47.412,44.562,72.075,63.573,11.582,14.483,63.928,42.099,0,57.855,36.35,77.902,30.716,0,13.656,0,0,7.299,12.597,0,29.834,65.317,62.247,67.321,43.202,83.999,7.886,94.493,47.3,127.387,28.633,26.152,37.821,74.103,15.639,49.717,132.258,109.736,80.848,46.151,0,19.164,62.977,25.043,0,14.512,7.643,104.421
MPB:bin_000017,0,0,0,0,0,0,0,0,0,0,0,0,0,0,0,0,0,0,0,0,0,0,0,0,0,0,0,0,0,0,0,0,0,0,0,0,0,0,0,0,0,0,0,0,0,0,0,0,0,0,0,0,0,0,0,0,0,0,0,0,0,0,0,0,0,0,0,0,0,0,0,0,0,0,0,0,0,0,0,0,0,0,0,0
MPB:bin_000019,0,0,0,0,0,0,0,0,0,0,0,0,0,0,0,0,0,0,0,0,0,0,0,0,0,0,0,0,0,0,0,0,0,0,0,0,0,0,0,0,0,0,0,0,0,0,0,0,0,0,0,0,0,0,0,0,0,0,0,0,0,0,0,0,0,0,0,0,0,0,0,0,0,0,0,0,0,0,0,0,0,0,0,0
MPB:bin_000021,0,0,0,0,0,0,0,0,0,0,0,0,0,0,0,0,0,0,0,0,0,0,0,0,0,0,0,0,0,0,0,0,0,0,0,0,0,0,0,0,0,0,0,0,0,0,0,0,0,0,0,0,0,0,0,0,0,0,0,0,0,0,0,0,0,0,0,0,0,0,0,0,0,0,0,0,0,0,0,0,0,0,0,0
MPB:bin_000022,0,0,0,0,0,0,0,0,0,0,0,0,0,0,0,0,0,0,0,0,0,0,0,0,0,0,0,0,0,0,0,0,0,0,0,0,0,0,0,0,0,0,0,0,0,0,0,0,0,0,0,0,0,0,0,0,0,0,0,0,0,0,0,0,0,0,0,0,0,0,0,0,0,0,0,0,0,0,0,0,0,0,0,0
MPB:bin_000023,0,0,0,0,0,0,0,0,0,0,0,0,0,0,0,0,0,0,0,0,0,0,0,0,0,0,0,0,0,0,0,0,0,0,0,0,0,0,0,0,0,0,0,0,0,0,0,0,0,0,0,0,0,0,0,0,0,0,0,0,0,0,0,0,0,0,0,0,0,0,0,0,0,0,0,0,0,0,0,0,0,0,0,0
MPB:bin_000026,0,0,0,0,0,0,0,0,0,0,0,0,0,0,0,0,0,0,0,0,0,0,0,0,0,0,0,0,0,0,0,0,0,0,0,0,0,0,0,0,0,0,0,0,0,0,0,0,0,0,0,0,0,0,0,0,0,0,0,0,0,0,0,0,0,0,0,0,0,0,0,0,0,0,0,0,0,0,0,0,0,0,0,0
MPB:bin_000030,0,0,0,0,0,0,0,0,0,0,0,0,0,0,0,0,0,0,0,0,0,0,0,0,0,0,0,0,0,0,0,0,0,0,0,0,0,0,0,0,0,0,0,0,0,0,0,0,0,0,0,0,0,0,0,0,0,0,0,0,0,0,0,0,0,0,0,0,0,0,0,0,0,0,0,0,0,0,0,0,0,0,0,0
MPB:bin_000034,0,0,0,0,0,0,0,0,0,0,0,0,0,0,0,0,0,0,0,0,0,0,0,0,0,0,0,0,0,0,0,0,0,0,0,0,0,0,0,0,0,0,0,0,0,0,0,0,0,0,0,0,0,0,0,0,0,0,0,0,0,0,0,0,0,0,0,0,0,0,0,0,0,0,0,0,0,0,0,0,0,0,0,0
MPB:bin_000035,0,0,0,0,0,0,0,0,0,0,0,0,0,0,0,0,0,0,0,0,0,0,0,0,0,0,0,0,0,0,0,0,0,0,0,0,0,0,0,0,0,0,0,0,0,0,0,0,0,0,0,0,0,0,0,0,0,0,0,0,0,0,0,0,0,0,0,0,0,0,0,0,0,0,0,0,0,0,0,0,0,0,0,0
MPB:bin_000037,0,0,0,0,0,0,0,0,0,0,0,0,0,0,0,0,0,0,0,0,0,0,0,0,0,0,0,0,0,0,0,0,0,0,0,0,0,0,0,0,0,0,0,0,0,0,0,0,0,0,0,0,0,0,0,0,0,0,0,0,0,0,0,0,0,0,0,0,0,0,0,0,0,0,0,0,0,0,0,0,0,0,0,0
MPB:bin_000040,0,0,0,0,0,0,0,0,0,0,0,0,0,0,0,0,0,0,0,0,0,0,0,0,0,0,0,0,0,0,0,0,0,0,0,0,0,0,0,0,0,0,0,0,0,0,0,0,0,0,0,0,0,0,0,0,0,0,0,0,0,0,0,0,0,0,0,0,0,0,0,0,0,0,0,0,0,0,0,0,0,0,0,0
MPB:bin_000041,0,0,0,0,0,0,0,0,0,0,0,0,0,0,0,0,0,0,0,0,0,0,0,0,0,0,0,0,1.232,0,0,0,0,0,0,0,0,0,0,0,0,0,0,0,0,0,0,0,0,0,0,0,0,0,0,0,0,0,0,0,0,0,0,0,0,0,0,0,0,0,0,0,0,0,0,0,0,0,0,0,0,0,0,0
MPB:bin_000042,6.048,28.989,14.537,3.909,11.832,16.238,13.68,27.713,0,16.791,11.44,24.496,11.604,3.094,10.024,19.53,21.511,0,10.386,13.363,14.433,13.071,37.741,16.125,0,7.376,0,29.545,30.333,20.45,12.379,8.003,9.779,12.745,12.485,0,14.214,6.922,13.823,7.365,19.479,6.563,17.753,20.215,0,17.523,8.899,19.19,19.801,0,0,0,0,0,0,0,23.703,8.979,9.167,0,0,0,4.487,11.767,11.832,13.047,16.561,12.619,38.023,19.526,0,9.98,12.039,9.617,22.759,22.978,0,21.739,18.085,4.258,0,8.499,5.295,19.896
MPB:bin_000044,0,0,0,0,0,0,0,0,0,0,0,0,0,0,0,0,0,0,0,0,0,0,0,0,0,0,0,0,0,0,0,0,0,0,0,0,0,0,0,0,0,0,0,0,0,0,0,0,0,0,0,0,0,0,0,0,0,0,0,0,0,0,0,0,0,0,0,0,0,0,0,0,0,0,0,0,0,0,0,0,0,0,0,0
MPB:bin_000047,0,0,0,0,0,0,0,0,0,0,0,0,0,0,0,0,0,0,0,0,0,0,0,0,0,0,0,0,0,0,0,0,0,0,0,0,0,0,0,0,0,0,0,0,0,0,0,0,0,0,0,0,0,0,0,0,0,0,0,0,0,0,0,0,0,0,0,0,0,0,0,0,0,0,0,0,0,0,0,0,0,0,0,0
MPB:bin_000048,0,0,0,0,0,0,0,0,0,0,0,0,0,0,0,0,0,0,0,0,0,0,0,0,0,0,0,0,0,0,0,0,0,0,1.417,0,0,0,0,0,0,0,0,0,0,0,0,0,0,0,0,0,0,0,0,0,0,0,0,0,0,0,1.291,0,0,0,0,0,0,0,0,0,0,0,0,0,0,0,0,0,0,0,0,0
MPB:bin_000049,0,0,0,0,0,0,0,0,0,0,0,0,0,0,0,0,0,0,0,0,0,0,0,0,0,0,0,0,0,0,0,0,0,0,0,0,0,0,0,0,0,0,0,0,0,0,0,0,0,0,0,0,0,0,0,0,0,0,0,0,0,0,0,0,0,0,0,0,0,0,0,0,0,0,0,0,0,0,0,0,0,0,0,0
MPB:bin_000050,0,0,0,0,0,3.919,0,0,0,0,0,0,0,0,0,0,0,0,0,0,0,0,0,0,0,0,0,0,23.119,0,0,0,0,0,0,0,0,0,0,0,0,0,0,0,0,0,0,0,0,0,0,0,0,0,0,0,0,0,29.766,0,0,0,0,0,0,0,0,0,0,0,0,6.012,0,0,0,0,0,0,0,0,0,0,0,0
MPB:bin_000051,0,0,0,0,0,0,0,0,0,0,0,0,0,0,0,0,0,0,0,0,0,0,0,0,0,0,0,0,0,0,0,0,0,0,0,0,0,0,0,0,0,0,0,0,0,0,0,0,0,0,0,0,0,0,0,0,0,0,0,0,0,0,0,0,0,0,0,0,0,0,0,0,0,0,0,0,0,0,0,0,0,0,0,0
MPB:bin_000052,0,0,0,0,0,0,0,0,0,0,0,0,0,0,0,0,0,0,0,0,0,0,0,0,0,0,0,0,0,0,0,0,0,0,0,0,0,0,0,0,0,0,0,0,0,0,0,0,0,0,0,0,0,0,0,0,0,0,0,0,0,0,0,0,0,0,0,0,0,0,0,0,0,0,0,0,0,0,0,0,0,0,0,0
MPB:bin_000053,0,0,0,0,0,0,0,0,0,0,0,0,0,0,0,0,0,0,0,0,0,0,0,0,0,0,0,0,0,0,0,0,0,0,0,0,0,0,0,0,0,0,0,0,0,0,0,0,0,0,0,0,0,0,0,0,0,0,0,0,0,0,0,0,0,0,0,0,0,0,0,0,0,0,0,0,0,0,0,0,0,0,0,0
MPB:bin_000055,10.104,4.577,4.76,0,0,13.024,6.629,3.803,0,9.134,0,0,0,0,4.774,0,9.276,0,0,0,3.819,0,4.488,2.801,0,8.703,0,0,4.11,4.843,0,0,0,0,1.653,0,4.998,0,6.537,4.386,0,7.427,4.334,0,0,0,0,0,0,0,0,0,0,0,0,0,4.154,0,6.407,0,0,0,0,2.793,0,5.48,0,0,0,5.581,0,0,14.533,0,0,0,0,0,0,3.929,0,0,0,9.629
MPB:bin_000057,0,0,0,0,0,0,0,0,0,0,0,0,0,0,0,0,0,0,0,0,0,0,0,0,0,0,0,0,0,0,0,0,0,0,0,0,0,0,0,0,0,0,0,0,0,0,0,0,0,0,0,0,0,0,0,0,0,0,0,0,0,0,0,0,0,0,0,0,0,0,0,0,0,0,0,0,0,0,0,0,0,0,0,0
MPB:bin_000059,0,0,0,0,0,0,0,0,0,0,0,0,0,0,0,0,0,0,0,0,0,0,0,0,0,0,0,0,0,0,0,0,0,0,0,0,0,0,0,0,0,0,0,0,0,0,0,0,0,0,0,0,0,0,0,0,0,0,0,0,0,0,0,0,0,0,0,0,0,0,0,0,0,0,0,0,0,0,0,0,0,0,0,0
MPB:bin_000061,0,0,0,0,0,0,0,0,0,0,0,0,0,0,0,0,0,0,0,0,0,0,0,0,0,0,0,0,0,0,0,0,0,0,0,0,0,0,0,0,0,0,0,0,0,0,0,0,0,0,0,0,0,0,0,0,0,0,0,0,0,0,0,0,0,0,0,0,0,0,0,0,0,0,0,0,0,0,0,0,0,0,0,0
MPB:bin_000062,0,0,0,0,0,0,0,0,0,0,0,0,0,0,0,0,0,0,0,0,0,0,0,0,0,0,0,0,0,0,0,0,0,0,0,0,0,0,0,0,0,0,0,0,0,0,0,0,0,0,0,0,0,0,0,0,0,0,0,0,0,0,0,0,0,0,0,0,0,0,0,0,0,0,0,0,0,0,0,0,0,0,0,0
MPB:bin_000063,0,1.924,0,0,0,0,0,4.939,0,0,0,0,0,0,0,0,0,0,0,7.393,0,0,0,0,0,0,0,7.741,5.51,0,0,0,0,0,0,0,0,0,3.093,2.114,0,0,0,0,0,0,0,0,0,0,0,0,0,0,0,0,0,0,0,0,0,0,0,1.993,0,0,0,0,0,0,0,0,0,0,0,0,0,0,0,0,0,0,1.849,2.768
MPB:bin_000064,0,0,0,0,0,0,0,0,0,0,0,0,0,0,0,0,0,0,0,0,3.93,0,0,0,0,0,0,0,4.26,0,0,0,0,0,0,0,0,0,0,0,0,0,0,0,0,0,0,0,0,0,0,0,0,0,0,0,2.879,0,0,0,0,0,0.956,0,0,0,0,0,0,0,0,0,0,0,4.541,0,0,0,0,0,0,0,0,0
MPB:bin_000065,0,0,0,0,0,0,0,0,0,0,0,0,0,0,0,0,0,0,0,0,0,0,0,0,0,0,0,0,0,0,0,3.764,0,0,0,0,0,0,0,0,0,0,0,0,0,0,0,0,0,0,0,0,0,0,0,0,0,0,0,0,0,0,0,2.894,0,0,0,0,0,0,0,0,0,0,0,0,0,0,0,0,0,0,0,0
MPB:bin_000066,17.046,2.302,7.056,0,3.873,4.775,0,7.433,0,8.766,4.758,20.347,82.922,3.412,5.827,6.002,0,0,0,0,6.446,8.346,10.16,6.018,0,0,0,0,3.162,5.219,0,46.769,11.325,0,0,0,10.623,4.524,2.363,5.067,0,0,0,18.661,0,3.095,0,0,0,0,13.343,0,0,0,3.59,0,0,0,12.076,21.321,0,6.038,0,6.493,6.957,7.683,18.273,9.651,5.257,13.739,0,15.601,32.73,0,15.216,12.058,0,0,2.945,3.535,0,0,0.974,5.054
MPB:bin_000069,0,3.95,0,0,4.758,3.396,7.219,11.52,0,5.115,4.639,0,0,3.05,4.437,0,0,0,6.828,7.139,7.538,5.332,3.823,4.69,0,0,0,0,12.059,4.974,4.488,0,0,0,3.144,0,5.164,0,8.64,4.338,0,0,0,6.7,0,0,0,0,0,0,0,0,0,0,0,0,5.603,0,0,0,0,0,0,5.633,3.615,0,0,0,5.665,5.372,0,5.037,0,0,5.757,0,0,4.566,7.9,0,0,2.511,2.191,3.247
MPB:bin_000070,0,0,0,0,0,0,0,0,0,0,0,0,0,0,0,0,0,0,0,0,0,0,0,0,0,0,0,0,0,0,0,0,0,0,0,0,0,0,0,0,0,0,0,0,0,0,0,0,0,0,0,0,0,0,0,0,0,0,0,0,0,0,0,0,0,0,0,0,0,0,0,0,0,0,0,0,0,0,0,0,0,0,0,0
MPB:bin_000072,0,0,0,0,0,0,0,0,0,0,0,0,0,0,0,0,0,0,0,0,0,0,0,0,0,0,0,0,0,0,0,0,0,0,0,0,0,0,0,0,0,0,0,0,0,0,0,0,0,0,0,0,0,0,0,0,0,0,0,0,0,0,0,0,0,0,0,0,0,0,0,0,0,0,0,0,0,0,0,0,0,0,0,0
MPB:bin_000073,0,0,0,0,0,0,0,0,0,0,0,0,0,0,0,0,0,0,0,0,0,0,0,0,0,0,0,0,0,0,0,0,0,0,0,0,0,0,0,0,0,0,0,0,0,0,0,0,0,0,0,0,0,0,0,0,0,0,0,0,0,0,0,0,0,0,0,0,0,0,0,0,0,0,0,0,0,0,0,0,0,0,0,0
MPB:bin_000074,0,0,0,0,0,0,0,0,0,0,0,0,0,0,0,0,0,0,0,0,0,0,0,0,0,0,0,0,0,0,0,0,0,0,0,0,0,0,0,0,0,0,0,0,0,0,5.99,0,0,0,0,0,0,0,0,0,0,0,0,0,0,0,0,0,0,0,0,0,0,0,0,0,7.713,0,0,0,0,0,0,0,0,0,0,2.374
MPB:bin_000075,0,0,0,0,0,0,0,0,0,0,0,0,0,0,0,0,0,0,0,0,0,0,0,0,0,0,0,0,0,0,0,0,0,0,0,0,0,0,0,0,0,0,0,0,0,0,0,0,0,0,0,0,0,0,0,0,0,0,0,0,0,0,0,0,0,0,0,0,0,0,0,0,0,0,0,0,0,0,0,0,0,0,0,0
MPB:bin_000076,0,0,0,0,0,3.31,0,0,0,0,0,0,0,0,3.421,0,0,0,0,0,0,0,0,0,0,0,0,0,0,0,0,0,0,0,0,0,0,0,0,0,0,0,0,0,0,0,0,0,0,0,0,0,0,0,0,0,0,0,0,0,0,0,0,0,0,0,0,0,0,0,0,0,0,0,0,0,0,0,0,0,0,0,0,0
MPB:bin_000079,0,0,0,0,0,0,0,0,0,0,0,0,0,0,0,0,0,0,0,0,0,0,0,0,0,0,0,0,0,0,0,0,0,0,0,0,0,0,0,0,0,0,0,0,0,0,0,0,0,0,0,0,0,0,0,0,0,0,0,0,0,0,0,0,0,0,0,0,0,0,0,0,0,0,0,0,0,0,0,0,0,0,0,0
MPB:bin_000080,0,0,0,0,0,0,0,0,0,0,0,0,0,0,0,0,0,0,0,0,0,0,0,0,0,0,0,0,0,0,0,0,0,0,0,0,0,0,0,0,0,0,0,0,0,0,0,0,0,0,0,0,0,0,0,0,0,0,0,0,0,0,0,0,0,0,0,0,0,0,0,0,0,0,0,0,0,0,0,0,0,0,0,0
MPB:bin_000081,0,0,0,0,0,0,0,0,0,0,0,0,0,0,0,0,0,0,0,0,0,0,0,0,0,0,0,0,0,0,0,0,0,0,0,0,0,0,0,0,0,0,0,0,0,0,0,0,0,0,0,0,0,0,0,0,0,0,0,0,0,0,0,0,0,0,0,0,0,0,0,0,0,0,0,0,0,0,0,0,0,0,0,0
MPB:bin_000082,0,0,0,0,0,0,0,0,0,0,0,0,0,0,0,0,0,0,0,0,0,0,0,0,0,0,0,0,0,0,0,0,0,0,0,0,0,0,0,0,0,0,0,0,0,0,0,0,0,0,0,0,0,0,0,0,0,0,0,0,0,0,0,0,0,0,0,0,0,0,0,0,0,0,0,0,0,0,0,0,0,0,0,0
MPB:bin_000083,0,0,0,0,0,0,0,0,0,0,0,0,0,0,0,0,0,0,0,0,0,0,0,0,0,0,0,0,0,0,0,0,0,0,0,0,0,0,0,0,0,0,0,0,0,0,0,0,0,0,0,0,0,0,0,0,0,0,0,0,0,0,0,0,0,0,0,0,0,0,0,0,0,0,0,0,0,0,0,0,0,0,0,0
MPB:bin_000085,0,0,0,0,0,0,0,0,0,0,0,0,0,0,0,0,0,0,0,0,0,0,0,0,0,0,0,0,0,0,0,0,0,0,0,0,0,0,0,0,0,0,0,0,0,0,0,0,0,0,0,0,0,0,0,0,0,0,0,0,0,0,0,0,0,0,0,0,0,0,0,0,0,0,0,0,0,0,0,0,0,0,0,0
MPB:bin_000087,0,0,0,0,0,0,0,0,0,0,0,0,0,0,0,0,0,0,0,0,0,0,0,0,0,0,0,0,0,0,0,0,0,0,0,0,0,0,0,0,0,0,0,0,0,0,0,0,0,0,0,0,0,0,0,0,0,0,0,0,0,0,0,0,0,0,0,0,0,0,0,0,0,0,0,0,0,0,0,0,0,0,0,0
MPB:bin_000088,0,0,0,0,0,0,0,0,0,0,0,0,0,0,0,0,0,0,0,0,0,0,0,0,0,0,0,0,0,0,0,0,0,0,0,0,0,0,0,0,0,0,0,0,0,0,0,0,0,0,0,0,0,0,0,0,0,0,0,0,0,0,0,0,0,0,0,0,0,0,0,0,0,0,0,0,0,0,0,0,0,0,0,0
MPB:bin_000090,0,0,0,0,0,0,0,0,0,0,0,0,0,0,0,0,0,0,0,0,0,0,0,0,0,0,0,0,0,0,0,0,0,0,0,0,0,0,0,0,0,0,0,0,0,0,0,0,0,0,0,0,0,0,0,0,0,0,0,0,0,0,0,0,0,0,0,0,0,0,0,0,0,0,0,0,0,0,0,0,0,0,0,0
MPB:bin_000091,0,0,0,0,0,0,0,0,0,0,0,0,0,0,0,0,0,0,0,0,0,0,0,0,0,0,0,0,0,0,0,0,0,0,0,0,0,0,0,0,0,0,0,0,0,0,0,0,0,0,0,0,0,0,0,0,0,0,0,0,0,0,0,0,0,0,0,0,0,0,0,0,0,0,0,0,0,0,0,0,0,0,0,0
MPB:bin_000092,0,0,0,0,0,0,0,0,0,0,0,0,0,0,0,0,0,0,0,0,0,0,0,0,0,0,0,0,0,0,0,0,0,0,0,0,0,0,0,0,0,0,0,0,0,0,0,0,0,0,0,0,0,0,0,0,0,0,0,0,0,0,0,0,0,0,0,0,0,0,0,0,0,0,0,0,0,0,0,0,0,0,0,0
MPB:bin_000093,0,0,0,0,0,0,0,0,0,0,0,0,0,2.072,0,0,0,0,0,0,0,0,0,3.477,0,0,0,0,1.736,0,2.149,0,0,0,0,0,0,0,0,0,0,0,0,0,0,4.774,0,0,0,0,0,0,0,0,0,0,0,0,0,0,0,0,0,0,0,0,0,0,2.8,0,0,0,0,0,0,0,0,0,0,0,0,0,0,0
MPB:bin_000094,0,0,0,0,0,0,5.317,0,0,0,0,0,0,0,0,0,0,0,0,0,0,0,5.254,0,0,0,0,0,3.747,0,0,0,0,0,1.979,0,0,0,0,0,0,0,0,0,0,0,0,0,0,0,0,0,0,0,0,0,0,0,0,0,0,0,0,0,0,0,0,0,0,0,0,0,0,0,0,0,0,0,0,0,0,0,0,0
MPB:bin_000095,0,0,0,0,0,0,0,0,0,0,0,0,0,0,0,0,0,0,0,0,0,0,0,0,0,0,0,0,0,0,0,0,0,0,0,0,0,0,0,0,0,0,0,0,0,0,0,0,0,0,0,0,0,0,0,0,0,0,0,0,0,0,0,0,0,0,0,0,0,0,0,0,0,0,0,0,0,0,0,0,0,0,0,0
MPB:bin_000097,0,0,0,0,0,0,0,0,0,0,0,14.406,0,1.886,0,0,0,0,0,0,0,0,0,2.994,0,10.092,0,0,0,0,0,0,0,0,2.065,0,34.272,0,0,0,0,0,0,8.065,0,8.64,0,0,0,0,0,0,0,0,0,0,0,0,0,11.934,0,0,0,0,6.44,0,0,0,0,0,0,0,0,0,0,0,0,9.344,10.383,0,0,5.582,0.968,0
MPB:bin_000100,0,5.781,7.66,0,0,9.955,0,10.933,0,0,8.286,9.283,0,3.314,6.389,0,0,0,0,7.884,6.274,0,8.728,0,0,0,0,0,25.385,7.444,11.094,0,0,0,3.193,0,7.853,0,5.409,4.627,0,0,0,9.143,0,0,0,9.904,0,0,0,0,0,0,0,0,12.94,0,6.399,0,0,0,0,6.764,6.383,10.698,0,0,8.6,9.021,0,6.334,8.965,0,0,0,0,0,11.096,0,0,3.499,2.624,8.039
MPB:bin_000103,0,0,0,0,0,0,0,0,0,0,0,0,0,0,0,0,0,0,0,0,0,0,0,0,0,0,0,0,0,0,0,0,0,0,0,0,0,0,0,0,0,0,0,0,0,0,0,0,0,0,0,0,0,0,0,0,0,0,0,0,0,0,0,0,0,0,0,0,0,0,0,0,0,0,0,0,0,0,0,0,0,0,0,0
MPB:bin_000105,6.448,0,0,0,0,0,4.054,0,0,0,0,0,0,0,3.108,0,0,0,0,0,0,0,0,0,0,9.108,0,0,1.88,0,0,8.767,0,0,0,0,0,0,0,3.274,0,0,0,0,0,0,0,0,0,0,0,0,0,0,0,0,0,0,0,0,0,0,0,4.821,0,5.124,0,0,0,5.158,0,0,0,0,0,0,0,0,0,0,0,0,0,3.05
MPB:bin_000106,0,0,0,0,0,0,0,0,0,0,0,0,0,0,0,0,0,0,0,0,0,0,0,0,0,0,0,0,0,0,0,0,0,0,0,0,0,0,0,0,0,0,0,0,0,0,0,0,0,0,0,0,0,0,0,0,0,0,0,0,0,0,0,0,0,0,0,0,0,0,0,0,0,0,0,0,0,0,0,0,0,0,0,0
MPB:bin_000107,0,0,0,0,0,0,0,0,0,0,0,0,0,0,0,0,0,0,0,0,0,0,0,0,0,0,0,0,0,0,0,3.704,0,0,1.726,0,0,0,0,0,0,0,0,0,0,0,0,0,0,0,0,0,0,0,2.716,0,0,0,0,0,0,0,0,0,0,0,0,0,0,0,0,0,0,0,0,0,0,0,0,0,0,0,0,0
MPB:bin_000108,0,0,0,0,0,0,0,0,0,0,0,0,0,0,0,0,0,0,0,0,0,0,0,0,0,0,0,0,0,0,0,0,0,0,0,0,0,0,0,0,0,0,0,0,0,0,0,0,0,0,0,0,0,0,0,0,0,0,0,0,0,0,0,0,0,0,0,0,0,0,0,0,0,0,0,0,0,0,0,0,0,0,0,0
MPB:bin_000109,0,2.977,0,0,6.798,4.128,3.717,2.773,0,0,5.507,0,0,0,0,0,24.329,0,7.65,13.069,0,0,0,3.419,0,0,0,0,7.617,3.449,5.122,0,0,0,0,0,0,0,0,3.191,0,0,0,0,0,3.064,0,0,8.794,0,0,0,0,0,0,0,4.104,0,3.684,0,0,0,0,4.177,3.159,3.655,0,0,5.587,0,0,4.158,0,0,0,0,0,0,5.102,0,0,0,0,3.106
MPB:bin_000110,0,0,0,0,0,0,0,0,0,0,0,0,0,0,0,0,0,0,0,0,0,0,0,2.534,0,0,0,0,0,0,0,0,0,0,0,0,0,0,0,0,0,0,0,0,0,0,0,0,0,0,0,0,0,0,0,0,0,0,0,0,0,0,0,0,0,0,0,0,0,0,0,0,0,0,0,0,0,0,0,0,0,0,0,0
MPB:bin_000111,0,0,0,0,0,0,0,0,0,0,0,0,0,0,0,0,0,0,0,0,0,0,0,0,0,0,0,0,0,0,0,0,0,0,0,0,0,0,0,0,0,0,0,0,0,0,0,0,0,0,0,0,0,0,0,0,0,0,0,0,0,0,0,0,0,0,0,0,0,0,0,0,0,0,0,0,0,0,0,0,0,0,0,0
MPB:bin_000113,0,0,0,0,0,0,0,0,0,0,0,0,0,0,0,0,0,0,0,0,0,0,0,0,0,0,0,0,1.732,0,0,0,0,0,0,0,0,0,0,0,0,0,0,4.957,0,0,0,0,0,0,0,0,0,0,0,0,0,0,0,0,0,0,0,0,0,0,0,0,0,0,0,0,0,0,0,0,0,0,0,0,0,0,0,0
MPB:bin_000114,0,0,0,0,0,0,0,0,0,0,0,0,0,0,0,0,0,0,0,0,0,0,0,0,0,0,0,0,0,0,0,0,0,0,0,0,0,0,0,0,0,0,0,0,0,0,0,0,0,0,0,0,0,0,0,0,0,0,0,0,0,0,0,0,0,0,0,0,0,0,0,0,0,0,0,0,0,0,0,0,0,0,0,0
MPB:bin_000115,0,0,0,0,0,0,0,0,0,0,0,0,0,0,0,0,0,0,0,0,0,0,0,0,0,0,0,0,0,0,0,0,0,0,0,0,0,0,0,0,0,0,0,0,0,0,0,0,0,0,0,0,0,0,0,0,0,0,0,0,0,0,0,0,0,0,0,0,0,0,0,0,0,0,0,0,0,0,0,0,0,0,0,0
MPB:bin_000116,0,0,0,0,0,0,0,0,0,0,0,0,0,0,0,0,0,0,0,0,0,0,0,0,0,0,0,0,0,0,0,0,0,0,0,0,0,0,0,0,0,0,0,0,0,0,0,0,0,0,0,0,0,0,0,0,0,0,0,0,0,0,0,0,0,0,0,0,0,0,0,0,0,0,0,0,0,0,0,0,0,0,0,0
MPB:bin_000120,0,0,0,0,0,0,0,0,0,0,0,0,0,0,0,0,0,0,0,0,0,0,0,0,0,0,0,0,0,0,0,0,0,0,0,0,0,0,0,0,0,0,0,0,0,0,0,0,0,0,0,0,0,0,0,0,0,0,0,0,0,0,0,0,0,0,0,0,0,0,0,4.729,0,0,0,0,0,0,0,0,0,0,0,0
MPB:bin_000122,0,0,0,0,0,0,0,0,0,0,0,0,0,0,0,0,0,0,0,0,0,0,0,0,0,0,0,0,0,0,0,0,0,0,0,0,0,0,0,0,0,0,0,0,0,0,0,0,0,0,0,0,0,0,0,0,0,0,0,0,0,0,0,0,0,0,0,0,0,0,0,0,0,0,0,0,0,0,0,0,0,0,0,0
MPB:bin_000123,0,0,0,0,0,0,0,0,0,0,0,6.277,0,0,0,0,0,0,0,0,0,0,0,0,0,0,0,0,0,0,0,0,0,0,0,0,0,0,0,0,0,0,0,0,0,0,0,0,0,0,0,0,0,0,0,0,0,0,0,0,0,0,0,0,0,0,0,0,0,0,0,0,0,0,0,0,0,0,0,0,0,0,0,0
MPB:bin_000125,0,9.295,16.043,0,20.06,13.394,34.52,18.388,0,0,5.051,7.443,0,5.879,2.46,11.59,20.939,0,8.824,16.385,10.29,16.865,28.2,9.8,0,0,0,21.12,18.681,19.847,12.244,0,0,7.254,2.063,0,9.988,0,6.793,12.598,17.654,0,0,20.315,0,17.702,6.612,27.213,10.717,0,0,0,0,0,0,0,20.942,0,8.877,0,0,0,2.754,16.854,8.811,6.206,0,8.895,17.706,4.942,0,4.343,0,0,24.287,9.244,0,14.904,4.767,0,0,13.465,5.656,11.789
MPB:bin_000127,0,0,0,0,0,0,0,0,0,0,0,0,0,0,0,0,0,0,0,0,0,0,0,0,0,0,0,0,0,0,0,0,0,0,0,0,0,0,0,0,0,0,0,0,0,0,0,0,0,0,0,0,0,0,0,0,0,0,0,0,0,0,0,0,0,0,0,0,0,0,0,0,0,0,0,0,0,0,0,0,0,0,0,0
MPB:bin_000129,0,0,0,0,0,0,0,0,0,0,0,0,0,0,0,0,0,0,0,0,0,0,0,0,0,0,0,0,1.011,0,0,0,0,0,0,0,0,0,0,0,0,0,0,0,0,0,0,0,0,0,0,0,0,0,0,0,0,0,0,0,0,0,0,0,0,0,0,0,0,0,0,0,0,0,0,0,0,0,0,0,0,0,0,0
MPB:bin_000130,0,0,0,0,0,0,0,0,0,0,0,0,0,0,0,0,0,0,0,0,0,0,0,0,0,0,0,0,0,0,0,0,0,0,0,0,0,0,0,0,0,0,0,0,0,0,0,0,0,0,0,0,0,0,0,0,0,0,0,0,0,0,0,0,0,0,0,0,0,0,0,0,0,0,0,0,0,0,0,0,0,0,0,0
MPB:bin_000131,0,0,4.334,0,0,0,6.297,0,0,0,0,0,9.055,1.64,0,0,0,0,0,0,0,0,0,11.727,0,0,0,0,1.721,8.12,3.754,0,0,0,0,0,0,0,7.348,4.412,0,0,0,0,0,0,0,0,0,0,0,0,0,0,0,0,0,0,0,0,0,0,0,0,0,0,0,0,3.165,0,0,0,0,0,0,0,0,3.319,5.248,0,0,0,0,0
MPB:bin_000132,0,6.77,3.761,0,0,0,0,0,0,0,0,0,0,6.434,0,0,0,0,0,0,0,0,18.715,6.628,0,0,0,0,0,0,0,0,0,0,4.163,19.353,9.399,0,0,0,22.259,0,0,7.882,0,5.587,0,0,0,0,0,0,0,0,0,0,0,0,0,0,0,0,3.094,0,0,0,0,0,0,0,0,3.739,4.874,0,0,0,0,0,4.081,0,0,9.141,0,0
MPB:bin_000133,0,0,0,0,0,0,0,0,0,0,0,0,0,0,0,0,0,0,0,0,0,0,0,0,0,0,0,0,0,0,0,0,0,0,3.674,0,0,0,0,0,0,0,0,0,0,0,0,0,0,0,0,0,0,0,0,0,0,0,0,0,0,0,0,0,0,0,0,0,0,0,0,0,0,0,0,0,0,0,0,0,0,0,0,0
MPB:bin_000135,0,0,0,0,0,0,0,0,0,0,0,0,0,0,0,0,0,0,0,0,0,0,0,0,0,0,0,0,0,0,0,0,0,0,0,0,0,0,0,0,0,0,0,0,0,0,0,0,0,0,0,0,0,0,0,0,0,0,0,0,0,0,0,0,0,0,0,0,0,0,0,0,0,0,0,0,0,0,0,0,0,0,0,0
MPB:bin_000136,0,0,0,0,0,0,0,0,0,0,0,0,0,0,0,0,0,0,0,0,0,0,0,0,0,0,0,0,0,0,0,0,0,0,0,0,0,0,0,0,0,0,0,0,0,0,0,0,0,0,0,0,0,0,0,0,0,0,0,0,0,0,0,0,0,0,0,0,0,0,0,0,0,0,0,0,0,0,0,0,0,0,0,0
MPB:bin_000137,0,0,0,0,0,0,0,0,0,0,0,0,0,0,0,0,0,0,0,0,0,0,0,0,0,0,0,0,0,0,0,0,0,0,0,0,0,0,0,0,0,0,0,0,0,0,0,0,0,0,0,0,0,0,0,0,0,0,0,0,0,0,0,0,0,0,0,0,0,0,0,0,0,0,0,0,0,0,0,0,0,0,0,0
MPB:bin_000138,0,2.965,0,0,9.183,0,0,5.357,0,5.464,0,0,0,0,0,0,0,0,0,7.58,0,0,5.808,0,0,0,0,0,4.99,0,3.336,0,0,0,3.836,0,5.758,0,3.772,3.266,0,0,0,15.032,0,2.442,0,0,6.349,0,0,0,0,0,0,0,7.861,0,3.022,9.865,0,0,0,2.015,0,0,0,0,9.034,0,0,4.615,0,0,6.539,0,0,5.925,4.875,0,0,6.239,2.475,2.784
MPB:bin_000140,0,0,0,0,0,0,0,0,0,0,0,0,0,0,0,0,0,0,0,0,0,0,0,0,0,0,0,0,0,0,0,0,0,0,0,0,0,0,0,0,0,0,0,0,0,0,0,0,0,0,0,0,0,0,0,0,0,0,0,0,0,0,0,0,0,0,0,0,0,0,0,0,0,0,0,0,0,0,0,0,0,0,0,0
MPB:bin_000141,0,0,0,0,0,0,0,0,0,0,0,0,0,0,0,0,0,0,0,0,0,0,0,0,0,0,0,0,0,0,0,0,0,0,0,0,0,0,0,0,0,0,0,0,0,0,0,0,0,0,0,0,0,0,0,0,0,0,0,0,0,0,0,0,0,0,0,0,0,0,0,0,0,0,0,0,0,0,0,0,0,0,0,0
MPB:bin_000143,0,0,0,0,0,0,0,0,0,4.982,0,0,0,0,0,0,0,0,0,0,0,0,0,0,0,0,0,0,0,0,0,0,0,0,0,0,0,0,0,0,0,0,0,0,0,0,0,0,0,0,0,0,0,0,0,0,0,0,4.589,0,0,0,0,0,0,0,0,0,0,0,0,0,4.76,0,0,0,0,0,0,0,0,0,0,2.551
MPB:bin_000144,0,0,0,0,0,22.099,23.513,3.666,0,0,0,0,9.175,17.908,6.361,0,0,0,0,16.65,0,65.838,0,0,0,0,0,0,7.675,4.258,32.048,0,0,0,2.035,0,0,0,0,0,0,37.66,0,0,0,0,0,0,0,0,0,0,0,0,2.089,0,0,0,0,7.782,0,0,0,19.188,0,0,0,0,0,0,0,0,23.382,0,6.981,0,0,0,0,40.143,0,2.366,22.923,14.292
MPB:bin_000145,0,0,0,0,0,0,0,0,0,0,0,0,0,0,0,0,0,0,0,0,0,0,0,0,0,0,0,0,0,0,0,0,0,0,0,0,0,0,0,0,0,0,0,0,0,0,0,0,0,0,0,0,0,0,0,0,0,0,0,0,0,0,0,0,0,0,0,0,0,0,0,0,0,0,0,0,0,0,0,0,0,0,0,0
MPB:bin_000146,0,0,0,0,0,0,0,0,0,0,0,0,0,0,0,0,0,0,0,0,0,0,0,0,0,0,0,0,0,0,0,0,0,0,0,0,0,0,0,0,0,0,0,0,0,0,0,0,0,0,0,0,0,0,0,0,0,0,0,0,0,0,0,0,0,0,0,0,0,0,0,0,0,0,0,0,0,0,0,0,0,0,0,0
MPB:bin_000147,0,0,0,0,0,0,0,0,0,0,0,0,0,0,0,0,0,0,0,0,0,0,0,0,0,0,0,0,0,0,0,0,0,0,0,0,0,0,0,0,0,0,0,0,0,0,0,0,0,0,0,0,0,0,0,0,0,0,0,0,0,0,0,0,0,0,0,0,0,0,0,0,0,0,0,0,0,0,0,0,0,0,0,0
MPB:bin_000148,0,0,0,0,0,0,0,0,0,0,0,0,0,0,0,0,0,0,0,0,0,0,0,0,0,0,0,0,0,0,0,0,0,0,0,0,0,0,0,0,0,0,0,0,0,0,0,0,0,0,0,0,0,0,0,0,0,0,0,0,0,0,0,0,0,0,0,0,0,0,0,0,0,0,0,0,0,0,0,0,0,0,0,0
MPB:bin_000149,0,0,0,0,0,0,0,0,0,0,0,0,0,0,0,0,0,0,0,0,0,0,0,0,0,0,0,0,0,0,0,0,0,0,0,0,0,0,0,0,0,0,0,0,0,0,0,0,0,0,0,0,0,0,0,0,0,0,0,0,0,0,0,0,0,0,0,0,0,0,0,0,0,0,0,0,0,0,0,0,0,0,0,0
MPB:bin_000150,0,0,0,0,0,0,0,0,0,0,0,0,0,0,0,0,0,0,0,0,0,0,0,0,0,0,0,0,0,0,0,0,0,0,0,0,0,0,0,0,0,0,0,0,0,0,0,0,0,0,0,0,0,0,0,0,0,0,0,0,0,0,0,0,0,0,0,0,0,0,0,0,0,0,0,0,0,0,0,0,0,0,0,0
MPB:bin_000152,0,4.138,3.616,0,8.488,4.612,0,6.948,0,0,0,0,0,1.945,2.936,0,7.234,0,8.504,5.86,5.17,0,7.766,2.187,0,0,0,8.873,6.523,5.504,4.368,0,0,0,3.094,0,3.745,0,4.077,6.13,0,0,0,9.778,0,3.234,0,0,0,0,0,0,0,0,0,0,3.543,0,4.865,7.588,0,0,0,3.202,3.407,4.383,0,0,4.059,0,0,4.201,0,0,6.317,0,0,2.999,9.381,0,0,3.749,2.254,4.063
MPB:bin_000153,0,6.985,0,0,12.249,0,0,10.504,0,0,0,0,0,35.83,0,0,0,0,0,9.342,5.612,0,0,0,0,0,0,22.227,7.948,23.379,0,0,0,0,3.092,0,0,0,5.303,0,0,0,0,8.878,0,2.419,0,23.184,0,0,0,0,0,0,0,0,7.26,5.685,4.287,0,0,0,1.691,2.071,0,0,0,0,0,0,0,0,0,0,11.692,0,0,9.828,0,0,0,0,1.364,0
MPB:bin_000155,0,0,0,0,0,0,0,0,0,0,0,0,0,0,0,0,0,0,0,0,0,0,0,0,0,0,0,0,0,0,0,0,0,0,0,0,0,0,0,0,0,0,0,0,0,0,0,0,0,0,0,0,0,0,0,0,0,0,0,0,0,0,0,0,0,0,0,0,0,0,0,0,0,0,0,0,0,0,0,0,0,0,0,0
MPB:bin_000156,0,0,0,0,0,0,0,0,0,0,0,0,0,0,0,0,0,0,0,0,0,0,0,0,0,0,0,0,0,0,0,0,0,0,0,0,0,0,0,0,0,0,0,0,0,0,0,0,0,0,0,0,0,0,0,0,0,0,0,0,0,0,0,0,0,0,0,0,0,0,0,0,0,0,0,0,0,0,0,0,0,0,0,0
MPB:bin_000158,0,0,0,0,0,0,0,0,0,0,0,0,0,0,0,0,0,0,0,0,0,0,0,0,0,0,0,0,0,0,0,0,0,0,0,0,0,0,0,0,0,0,0,0,0,0,0,0,0,0,0,0,0,0,0,0,0,0,0,0,0,0,0,0,0,0,0,0,0,0,0,0,0,0,0,0,0,0,0,0,0,0,0,0
MPB:bin_000160,0,0,0,0,0,0,0,0,0,0,0,0,0,0,0,0,0,0,0,0,0,0,0,0,0,0,0,0,0,0,0,0,0,0,0,0,0,0,0,0,0,0,0,0,0,0,0,0,0,0,0,0,0,0,0,0,0,0,0,0,0,0,0.993,0,0,0,0,0,0,0,0,0,0,0,0,0,0,0,0,0,0,0,0,0
MPB:bin_000162,46.348,15.723,24.718,3.401,11.719,8.431,15.015,3.395,0,38.52,23.986,6.516,0,3.629,9.206,17.315,10.423,25.333,0,10.737,6.37,16.388,13.328,14.208,0,21.502,0,13.933,3.42,12.715,8.684,0,13.098,18.814,11.46,29.219,25.772,12.362,14.484,8.542,8.877,17.268,10.036,22.277,0,12.844,22.401,16.753,6.608,0,0,0,0,0,8.385,0,18.578,22.125,19.662,42.696,20.131,9.348,1.625,5.973,5.998,4.895,0,13.052,9.436,15.06,10.818,15.559,26.836,10.997,9.049,15.099,0,9.041,26.884,7.865,0,10.093,4.746,8.659
MPB:bin_000163,0,0,0,0,0,0,0,0,0,0,0,0,0,0,0,0,0,0,0,0,0,0,0,0,0,0,0,0,0,0,0,0,0,0,0,0,0,0,0,0,0,0,0,0,0,0,0,0,0,0,0,0,0,0,0,0,0,0,0,0,0,0,0,0,0,0,0,0,0,0,0,0,0,0,0,0,0,0,0,0,0,0,0,0
MPB:bin_000165,0,0,0,0,0,0,0,0,0,0,0,0,0,0,0,0,0,0,0,0,0,0,0,0,0,0,0,0,0,0,0,0,0,0,0,0,0,0,0,0,0,0,0,0,0,0,0,0,0,0,0,0,0,0,0,0,0,0,0,0,0,0,0,0,0,0,0,0,0,0,0,0,0,0,0,0,0,0,0,0,0,0,0,0
MPB:bin_000167,0,0,0,0,0,0,0,0,0,0,0,0,0,0,0,0,0,0,0,0,0,0,0,0,0,0,0,0,0,0,0,0,0,0,0,0,0,0,0,0,0,0,0,0,0,0,0,0,0,0,0,0,0,0,0,0,0,0,0,0,0,0,0,0,0,0,0,0,0,0,0,0,0,0,0,0,0,0,0,0,0,0,0,0
MPB:bin_000168,0,0,0,0,0,0,0,0,0,0,0,0,0,0,0,0,0,0,0,0,0,0,0,0,0,0,0,0,0,0,0,0,0,0,0,0,0,0,0,0,0,0,0,0,0,0,0,0,0,0,0,0,0,0,0,0,0,0,0,0,0,0,0,0,0,0,0,0,0,0,0,0,0,0,0,0,0,0,0,0,0,0,0,0
MPB:bin_000169,0,0,0,0,0,0,0,0,0,0,0,0,0,8.118,0,0,0,0,0,0,0,0,0,0,0,0,0,0,0,0,0,0,0,0,5.223,0,0,0,7.779,0,0,0,0,0,0,0,0,0,0,0,0,0,0,0,0,0,0,0,0,0,0,0,0,0,0,0,0,0,0,0,0,0,0,0,0,0,0,0,0,0,0,0,0,0
MPB:bin_000170,0,0,0,0,0,0,0,0,0,0,0,0,0,0,0,0,0,0,0,0,0,0,0,0,0,0,0,0,0,0,0,0,0,0,0,0,0,0,0,0,0,0,0,0,0,0,0,0,0,0,0,0,0,0,0,0,0,0,0,0,0,0,0,0,0,0,0,0,0,0,0,0,0,0,0,0,0,0,0,0,0,0,0,0
MPB:bin_000173,0,2.762,12.882,0,5.849,4.398,7.704,3.596,0,3.872,0,0,0,1.363,0,0,5.405,0,0,6.161,4.017,0,7.671,4.39,0,0,0,0,7.428,8.63,3.038,0,0,0,2.898,0,6.742,0,2.875,2.59,0,0,0,4.114,0,4.507,0,6.345,5.525,0,0,0,0,0,2.158,0,2.776,5.497,5.183,0,0,0,0,3.784,4.088,0,0,4.661,4.879,5.501,0,5.217,0,0,3.32,0,0,7.298,5.428,3.31,0,3.988,1.277,3.78
MPB:bin_000174,0,0,0,0,0,0,0,0,0,0,0,0,0,0,0,0,0,0,0,0,0,0,0,0,0,0,0,0,0,0,0,0,0,0,0,0,0,0,0,0,0,0,0,0,0,0,0,0,0,0,0,0,0,0,0,0,0,0,0,0,0,0,0,0,0,0,0,0,0,0,0,0,0,0,0,0,0,0,0,0,0,0,0,0
MPB:bin_000177,20.9,5.204,9.663,9.272,14.648,19.231,11.438,3.577,0,6.093,28.45,10.175,0,1.476,12.689,12.284,17.673,10.007,0,21.126,9.534,29.291,0,5.911,0,0,0,7.758,10.381,0,58.804,0,0,0,3.725,0,0,7.938,17.791,7.368,0,17.829,7.951,7.298,0,24.417,22.039,8.766,13.779,0,0,0,0,0,2.875,0,0,25.043,5.91,21.214,0,7.529,0,25.977,0,50.297,0,7.262,12.305,10.524,0,8.717,0,0,9.066,0,0,0,6.399,6.739,0,2.583,13.004,20.672
MPB:bin_000185,0,0,0,0,0,0,0,0,0,0,0,0,0,0,0,0,0,0,0,0,0,0,0,0,0,0,0,0,0,0,0,0,0,0,0,0,0,0,0,0,0,0,0,0,0,0,0,0,0,0,0,0,0,0,0,0,0,0,0,0,0,0,0,0,0,0,0,0,0,0,0,0,0,0,0,0,0,0,0,0,0,0,0,0
MPB:bin_000187,0,0,0,0,0,0,0,0,0,0,0,0,0,0,0,0,0,0,0,0,0,0,0,0,0,0,0,0,0,0,0,0,0,0,0,0,0,0,0,0,0,0,0,0,0,0,0,0,0,0,0,0,0,0,0,0,0,0,0,0,0,0,0,0,0,0,0,0,0,0,0,0,0,0,0,0,0,0,0,0,0,0,0,0
MPB:bin_000190,0,3.839,5.196,0,6.182,0,0,6.868,0,6,0,0,0,0,0,0,0,0,8.304,5.343,8.979,0,0,0,0,0,0,0,6.49,7.283,7.09,0,0,0,2.672,0,7.805,0,0,0,0,0,0,0,0,5.412,0,19.909,0,0,0,0,0,0,0,0,7.671,0,0,0,0,0,0,4.223,6.879,0,0,0,8.793,0,0,0,0,0,6.07,0,0,5.893,0,0,0,2.952,2.214,6.807
MPB:bin_000191,0,62.315,68.779,4.946,85.103,40.955,53.859,86.956,0,26.786,29.955,51.45,24.527,48.084,32.831,36.267,90.095,0,38.937,71.842,53.516,47.911,90.241,61.197,0,6.322,0,46.259,136.583,123.51,55.327,11.859,20.817,78.748,37.005,28.576,62.566,25.08,49.691,39.991,90.118,14.957,26.435,70.889,0,57.953,13.184,65.433,36.866,0,20.144,0,0,3.166,11.449,0,71.395,33.597,25.137,50.634,16.893,0,17.667,38.764,33.873,33.185,93.852,26.284,84.213,27.206,17.252,55.072,18.59,27.73,95.206,70.874,0,86.466,74.998,11.624,0,42.679,21.853,52.544
MPB:bin_000193,0,0,0,0,0,0,0,0,0,0,0,0,0,0,0,0,0,0,0,0,0,0,0,0,0,0,0,0,0,0,0,0,0,0,0,0,0,0,0,0,0,0,0,0,0,0,0,0,0,0,0,0,0,0,0,0,0,0,0,0,0,0,0,0,0,0,0,0,0,0,0,0,0,0,0,0,0,0,0,0,0,0,0,0
MPB:bin_000194,0,0,0,0,0,0,0,0,0,0,0,0,0,0,0,0,0,0,0,0,0,0,0,0,0,0,0,0,0,0,0,0,0,0,0,0,0,0,0,0,0,0,0,0,0,0,0,0,0,0,0,0,0,0,0,0,0,0,0,0,0,0,0,0,0,0,0,0,0,0,0,0,0,0,0,0,0,0,0,0,0,0,0,0
MPB:bin_000195,0,0,0,0,0,0,0,0,0,0,0,0,0,0,0,0,0,0,0,0,0,0,0,0,0,0,0,0,0,0,0,0,0,0,0,0,0,0,0,0,0,0,0,0,0,0,0,0,0,0,0,0,0,0,0,0,0,0,0,0,0,0,0,0,0,0,0,0,0,0,0,0,0,0,0,0,0,0,0,0,0,0,0,0
MPB:bin_000196,0,0,0,0,0,0,0,0,0,0,0,0,0,0,0,0,0,0,0,0,0,0,0,0,0,0,0,0,0,0,0,0,0,0,0,0,0,0,0,0,0,0,0,0,0,0,0,0,0,0,0,0,0,0,0,0,0,0,0,0,0,0,0,0,0,0,0,0,0,0,0,0,0,0,0,0,0,0,0,0,0,0,0,0
MPB:bin_000198,0,0,0,0,0,0,0,0,0,0,0,0,0,0,0,0,0,0,0,0,0,0,0,0,0,0,0,0,0,0,0,0,0,0,0,0,0,0,0,0,0,0,0,0,0,0,0,0,0,0,0,0,0,0,0,0,0,0,0,0,0,0,0,0,0,0,0,0,0,0,0,0,0,0,0,0,0,0,0,0,0,0,0,0
MPB:bin_000201,0,0,0,0,0,0,0,0,0,0,0,0,0,0,0,0,0,0,0,0,0,0,0,0,0,0,0,0,0,0,0,0,0,0,0,0,0,0,0,0,0,0,0,0,0,0,0,0,0,0,0,0,0,0,0,0,0,0,0,0,0,0,0,0,0,0,0,0,0,0,0,0,0,0,0,0,0,0,0,0,0,0,0,0
MPB:bin_000203,0,0,0,0,0,0,0,0,0,0,0,0,0,0,0,0,0,0,0,0,0,0,0,0,0,0,0,0,0,0,0,0,0,0,0,0,0,0,0,0,0,0,0,0,0,0,0,0,0,0,0,0,0,0,0,0,0,0,0,0,0,0,0,0,0,0,0,0,0,0,0,0,0,0,0,0,0,0,0,0,0,0,0,0
MPB:bin_000204,0,0,0,0,0,0,0,0,0,0,0,0,0,0,0,0,0,0,0,0,0,0,0,0,0,0,0,0,0,0,0,0,0,0,0,0,0,0,0,0,0,0,0,0,0,0,0,0,0,0,0,0,0,0,0,0,0,0,0,0,0,0,0,0,0,0,0,0,0,0,0,0,0,0,0,0,0,0,0,0,0,0,0,0
MPB:bin_000209,0,0,0,0,0,0,0,0,0,0,0,0,0,0,0,0,0,0,0,0,0,0,0,0,0,0,0,0,0,0,0,0,0,0,0,0,0,0,0,0,0,0,0,0,0,0,0,0,0,0,0,0,0,0,0,0,0,0,0,0,0,0,0,0,0,0,0,0,0,0,0,0,0,0,0,0,0,0,0,0,0,0,0,0
MPB:bin_000212,0,0,0,0,0,0,0,0,0,0,0,0,0,0,0,0,0,0,0,0,0,0,0,0,0,0,0,0,0,0,0,0,0,0,0,0,0,0,0,0,0,0,0,0,0,0,0,0,0,0,0,0,0,0,0,0,0,0,0,0,0,0,0,0,0,0,0,0,0,0,0,0,0,0,0,0,0,0,0,0,0,0,0,0
MPB:bin_000213,0,0,0,0,0,0,0,6.188,0,0,0,0,0,3.002,0,0,0,0,0,0,0,0,0,0,0,0,0,0,6.784,0,0,0,0,0,2.614,0,0,0,10.165,0,0,0,0,0,0,0,0,0,0,0,0,0,0,0,0,0,6.612,0,0,0,0,0,0,3.404,0,0,0,0,0,0,0,0,0,0,0,0,0,5.921,0,0,0,0,1.993,0
MPB:bin_000214,0,0,0,0,0,0,0,0,0,0,0,0,0,0,0,0,0,0,0,0,0,0,0,0,0,0,0,0,0,0,0,0,0,0,0,0,0,0,0,0,0,0,0,0,0,0,0,0,0,0,0,0,0,0,0,0,0,0,0,0,0,0,0,0,0,0,0,0,0,0,0,0,0,0,0,0,0,0,0,0,0,0,0,0
MPB:bin_000216,0,0,0,0,0,0,0,0,0,0,0,0,0,0,0,0,0,0,0,0,0,0,0,0,0,0,0,0,0,0,0,0,0,0,0,0,0,0,0,0,0,0,0,0,0,0,0,0,0,0,0,0,0,0,0,0,0,0,0,0,0,0,0,0,0,0,0,0,0,0,0,0,0,0,0,0,0,0,0,0,0,0,0,0
MPB:bin_000217,0,0,0,0,0,0,0,0,0,0,0,0,0,0,0,0,0,0,0,0,0,0,0,0,0,0,0,0,0,0,0,0,0,0,0,0,0,0,0,0,0,0,0,0,0,0,0,0,0,0,0,0,0,0,0,0,0,0,0,0,0,0,0,0,0,0,0,0,0,0,0,0,0,0,0,0,0,0,0,0,0,0,0,0
MPB:bin_000220,0,2.837,0,0,0,0,0,0,0,0,0,0,0,2.078,0,0,0,0,0,0,0,0,0,4.461,0,10.466,0,0,0,0,0,0,0,0,0,0,0,0,0,0,0,0,0,0,0,0,0,0,0,0,0,0,0,0,0,0,0,0,0,0,0,0,0,0,0,0,0,0,0,0,0,0,6.589,0,0,0,0,0,0,0,0,3.67,0,0
MPB:bin_000221,0,0,0,0,0,0,0,0,0,0,0,0,0,0,0,0,0,0,0,0,0,0,0,0,0,0,0,0,0,0,0,0,0,0,0,0,0,0,0,0,0,0,0,0,0,0,0,0,0,0,0,0,0,0,0,0,0,0,0,0,0,0,0,0,0,0,0,0,0,0,0,0,0,0,0,0,0,0,0,0,0,0,0,0
MPB:bin_000223,10.005,3.202,0,0,0,0,5.161,0,0,0,0,5.562,0,0,0,0,0,0,0,0,4.609,4.974,0,0,0,7.029,0,0,3.713,0,0,0,0,0,1.327,0,7.336,0,3.225,0,0,0,4.533,0,0,6.202,0,0,0,0,0,0,0,0,2.215,0,0,0,0,0,0,0,0,0,36.591,4.281,0,0,0,5.152,0,0,5.796,0,5.821,0,0,0,10.241,0,0,4.676,1.634,4.949
MPB:bin_000225,0,0,0,0,0,0,0,0,0,0,0,0,0,0,0,0,0,0,0,0,0,0,0,0,0,0,0,0,0,0,0,0,0,0,0,0,0,0,0,0,0,0,0,0,0,0,0,0,0,0,0,0,0,0,0,0,0,0,0,0,0,0,0,0,0,0,0,0,0,0,0,0,0,0,0,0,0,0,0,0,0,0,0,0
MPB:bin_000227,0,2.112,0,0,0,3.277,0,0,0,0,0,0,0,0,0,0,0,0,0,3.582,0,0,0,0,0,0,0,0,1.925,4.479,0,0,0,0,0,0,0,0,0,0,0,0,0,0,0,0,6.348,0,0,0,0,0,0,0,0,0,0,0,0,0,0,0,0,0,0,0,0,0,0,0,0,0,0,0,0,0,0,0,0,0,0,0,0,0
MPB:bin_000228,0,0,0,0,0,0,0,0,0,0,0,0,0,0,0,0,0,0,0,0,0,0,0,0,0,0,0,0,0,0,0,0,0,0,0,0,0,0,0,0,0,0,0,0,0,0,0,0,0,0,0,0,0,0,0,0,0,0,0,0,0,0,0,0,0,0,0,0,0,0,0,0,0,0,0,0,0,0,0,0,0,0,0,0
MPB:bin_000230,0,0,0,0,0,0,0,0,0,0,0,0,0,0,0,0,0,0,0,0,0,0,0,0,0,0,0,0,0,0,0,0,0,0,0,0,0,0,0,0,0,0,0,0,0,0,0,0,0,0,0,0,0,0,0,0,0,0,0,0,0,0,0,0,0,0,0,0,0,0,0,0,0,0,0,0,0,0,0,0,0,0,0,0
MPB:bin_000231,0,2.088,0,0,0,2.818,5.516,0,0,6.315,5.797,0,0,0,2.762,6.828,0,0,0,0,3.95,6.98,0,3.01,0,0,0,14.912,4.378,5.258,2.128,0,0,0,0,0,0,0,0,1.984,0,0,0,0,0,3.475,0,9.706,0,0,0,0,0,0,0,0,4.123,0,3.798,0,0,0,0,4.793,4.735,0,0,0,3.849,0,0,5.343,0,0,0,0,0,4.192,6.655,0,0,0,1.138,0
MPB:bin_000232,0,62.133,33.026,0,30.03,14.663,16.478,33.566,0,16.772,12.479,74.245,23.578,12.069,18.54,24.177,36.612,17.683,22.88,170.702,20.46,18.072,82.452,45.845,0,8.481,0,23.558,33.153,68,41.009,11.638,9.71,81.819,23.899,18.723,68.738,18.42,36.129,33.957,54.794,14.914,19.882,206.906,0,27.171,10.726,36.038,21.603,0,12.67,0,0,3.394,4.205,0,208.058,21.346,22.73,30.083,13,4.964,7.636,20.322,27.806,7.825,28.07,21.554,24.857,17.94,5.957,19.738,12.228,24.822,34.104,31.09,1.345,58.68,121.642,6.593,0,73.143,25.563,18.935
MPB:bin_000233,0,0,0,0,0,0,0,0,0,0,0,0,0,0,0,0,0,0,0,0,0,0,0,0,0,0,0,0,0,0,0,0,0,0,0,0,0,0,0,0,0,0,0,0,0,0,0,0,0,0,0,0,0,0,0,0,0,0,0,0,0,0,0,0,0,0,0,0,0,0,0,0,0,0,0,0,0,0,0,0,0,0,0,0
MPB:bin_000236,0,0,0,0,0,0,0,0,0,0,0,0,0,0,0,0,0,0,0,0,0,0,0,0,0,0,0,0,0,0,0,0,0,0,0,0,0,0,0,0,0,0,0,0,0,0,0,0,0,0,0,0,0,0,0,0,0,0,0,0,0,0,0,0,0,0,0,0,0,0,0,0,0,0,0,0,0,0,0,0,0,0,0,0
MPB:bin_000237,55.852,39.647,37.42,11.486,24.626,23.879,30.002,35.027,0,63,35.881,44.667,16.359,20.038,28.56,44.272,32.385,59.223,22.479,30.278,26.414,53.794,25.732,35.671,0,96.138,0,28.941,26.253,18.383,30.583,15.243,27.123,32.086,21.594,59.891,79.111,28.187,38.355,27.501,26.778,54.729,30.947,79.053,0,33.215,60.088,17.969,34.38,0,34.366,0,0,2.471,27.548,0,33.935,34.757,45.29,85.783,48.16,38.038,8.023,32.811,18.798,41.262,29.546,37.192,30.937,70.833,23.938,30.72,49.323,34.502,18.161,27.31,0,27.283,70.26,29.796,0,31.798,11.302,46.545
MPB:bin_000238,0,0,0,0,0,0,0,0,0,0,0,0,0,0,0,0,0,0,0,0,0,0,0,0,0,0,0,0,0,0,0,0,0,0,0,0,0,0,0,0,0,0,0,0,0,0,0,0,0,0,0,0,0,0,0,0,0,0,0,0,0,0,0,0,0,0,0,0,0,0,0,0,0,0,0,0,0,0,0,0,0,0,0,0
MPB:bin_000243,0,0,0,0,0,0,0,0,0,0,0,0,0,0,0,0,0,0,0,0,0,0,0,0,0,0,0,0,0,0,0,0,0,0,0,0,0,0,0,0,0,0,0,0,0,0,0,0,0,0,0,0,0,0,0,0,0,0,0,0,0,0,0,0,0,0,0,0,0,0,0,0,0,0,0,0,0,0,0,0,0,0,0,0
MPB:bin_000246,0,0,0,0,0,0,0,0,0,0,0,0,0,0,0,0,0,0,0,0,0,0,0,0,0,0,0,0,0,0,0,0,0,0,0,0,0,0,0,0,0,0,0,0,0,0,0,0,0,0,0,0,0,0,0,0,0,0,0,0,0,0,0,0,0,0,0,0,0,0,0,0,0,0,0,0,0,0,0,0,0,0,0,0
MPB:bin_000248,0,0,0,0,0,0,0,0,0,0,0,0,0,0,0,0,0,0,0,0,0,0,0,0,0,0,0,0,0,0,0,0,0,0,0,0,0,0,0,0,0,0,0,0,0,0,0,0,0,0,0,0,0,0,0,0,0,0,0,0,0,0,0,0,0,0,0,0,0,0,0,0,0,0,0,0,0,0,0,0,0,0,0,0
MPB:bin_000254,0,0,0,0,0,0,0,0,0,0,0,0,0,0,0,0,0,0,0,0,0,0,0,0,0,0,0,0,0,0,0,0,0,0,0,0,0,0,0,0,0,0,0,0,0,0,0,0,0,0,0,0,0,0,0,0,0,0,0,0,0,0,0,0,0,0,0,0,0,0,0,0,0,0,0,0,0,0,0,0,0,0,0,0
MPB:bin_000264,0,0,0,0,0,0,0,0,0,0,0,0,0,0,0,0,0,0,0,0,0,0,0,0,0,0,0,0,0,0,0,0,0,0,0,0,0,0,0,0,0,0,0,0,0,0,0,0,0,0,0,0,0,0,0,0,0,0,0,0,0,0,0,0,0,0,0,0,0,0,0,0,0,0,0,0,0,0,0,0,0,0,0,0
MPB:bin_000266,0,9.799,0,0,12.408,11.261,0,9.641,0,0,0,0,0,0,7.773,0,0,0,0,7.374,0,0,9.509,0,0,0,0,0,12.963,0,9.088,0,0,0,2.416,0,0,0,7.962,4.245,0,0,0,0,0,5.701,0,6.626,0,0,0,0,0,0,0,0,0,0,0,0,0,0,0,0,7.401,11.925,0,0,6.413,0,0,0,0,0,0,0,0,7.589,11.07,0,0,0,0,6.096
MPB:bin_000268,0,0,0,0,0,0,0,3.607,0,0,0,0,0,0,0,0,0,0,0,0,0,0,0,0,0,0,0,0,2.627,0,2.154,0,0,0,1.16,0,0,0,0,0,0,0,0,0,0,0,0,6.04,0,0,0,0,0,0,0,0,0,0,0,0,0,0,0,1.713,0,0,0,0,0,0,0,0,0,0,0,0,0,0,0,0,0,0,0,0
MPB:bin_000269,0,0,0,0,0,0,0,0,0,0,0,0,0,0,0,0,0,0,0,0,0,0,0,0,0,0,0,0,0,0,0,0,0,0,0,0,0,0,0,0,0,0,0,0,0,0,0,0,0,0,0,0,0,0,0,0,0,0,0,0,0,0,0,0,0,0,0,0,0,0,0,0,0,0,0,0,0,0,0,0,0,0,0,0
MPB:bin_000271,27.165,5.256,12.023,0,4.109,17.126,21.223,11.107,0,14.093,20.461,15.161,6.774,3.483,20.236,21.782,6.657,11.464,0,8.101,8.261,14.15,4.617,10.76,0,32.719,13.442,7.606,13.895,9.656,11.852,4.488,19.261,13.645,4.639,15.553,10.078,5.395,11.238,12.236,0,31.315,13,7.96,0,9.625,26.101,8.892,23.413,0,11.015,0,0,2.713,5.257,0,7.669,13.164,32.551,18.787,23.826,9.261,0,11.583,7.617,38.39,0,16.994,12.303,31.053,0,16.3,17.075,15.868,7.73,0,0,4.903,6.074,7.589,0,0,2.931,20.841
MPB:bin_000272,0,0,0,0,0,0,0,0,0,0,0,0,0,0,0,0,0,0,0,0,0,0,0,0,0,0,0,0,0,0,0,0,0,0,0,0,0,0,0,0,0,0,0,0,0,0,0,0,0,0,0,0,0,0,0,0,0,0,0,0,0,0,0,0,0,0,0,0,0,0,0,0,0,0,0,0,0,0,0,0,0,0,0,0
MPB:bin_000275,0,0,0,0,0,0,0,0,0,0,0,0,0,0,0,0,0,0,0,0,0,0,0,0,0,0,0,0,0,0,0,0,0,0,0,0,0,0,0,0,0,0,0,0,0,0,0,0,0,0,0,0,0,0,0,0,0,0,0,0,0,0,0,0,0,0,0,0,0,0,0,0,0,0,0,0,0,0,0,0,0,0,0,0
MPB:bin_000279,12.475,2.969,0,0,0,0,0,0,0,8.158,0,0,0,0,0,0,0,0,0,0,0,0,0,0,0,0,0,0,0,0,0,0,0,0,2.378,0,4.452,0,0,0,0,5.217,0,8.934,0,0,0,0,0,0,0,0,0,0,0,0,4.124,0,4.666,8.24,0,0,0,1.902,0,0,0,0,0,0,0,0,7.037,8.753,0,0,0,0,7.158,0,0,0,0,0
MPB:bin_000284,0,0,0,0,0,0,0,0,0,0,0,0,0,0,0,0,0,0,0,0,0,0,0,0,0,0,0,0,0,0,0,0,0,0,0,0,0,0,0,0,0,0,0,0,0,0,0,0,0,0,0,0,0,0,0,0,0,0,0,0,0,0,0,0,0,0,0,0,0,0,0,0,0,0,0,0,0,0,0,0,0,0,0,0
MPB:bin_000288,0,0,0,0,0,0,0,0,0,0,0,0,0,0,0,0,0,0,0,0,0,0,0,0,0,0,0,0,0,0,0,0,0,0,0,0,0,0,0,0,0,0,0,0,0,0,0,0,0,0,0,0,0,0,0,0,0,0,0,0,0,0,0,0,0,0,0,0,0,0,0,0,0,0,0,0,0,0,0,0,0,0,0,0
MPB:bin_000289,0,4.763,0,0,0,0,0,0,0,0,0,0,0,0,0,0,0,0,0,5.398,0,0,0,0,0,0,0,0,6.207,0,3.348,0,0,0,0,0,0,0,0,0,0,0,0,7.669,0,3.509,0,0,0,0,0,0,0,0,0,0,3.408,0,0,0,0,0,0,1.996,0,0,0,0,0,0,0,0,0,0,0,0,0,4.485,4.801,0,0,3.059,1.034,0
MPB:bin_000292,14.583,4.351,17.169,0,4.785,7.927,10.958,11.177,0,10.932,11.517,11.337,13.573,2.083,11.405,12.353,12.104,0,0,6.861,9.543,8.498,9.756,5.761,0,16.452,0,0,10.775,10.243,10.02,16.029,10.104,0,5.814,0,6.892,0,6.942,7.226,0,11.015,9.494,8.197,0,6.993,12.047,0,7.242,0,0,0,0,0,0,0,6.988,0,14.793,11.446,0,0,0,4.97,6.733,11.66,0,4.977,8.901,10.935,0,9.178,6.159,0,5.418,11.005,0,3.07,12.376,3.329,0,2.193,1.756,9.776
MPB:bin_000298,0,0,0,0,0,0,0,0,0,0,0,0,0,0,0,0,0,0,0,0,0,0,0,0,0,0,0,0,0,0,0,0,0,0,0,0,0,0,0,0,0,0,0,0,0,0,0,0,0,0,0,0,0,0,0,0,0,0,0,0,0,0,0,0,0,0,0,0,0,0,0,0,0,0,0,0,0,0,0,0,0,0,0,0
MPB:bin_000303,0,0,0,0,0,0,0,0,0,0,0,0,0,0,0,0,0,0,0,0,0,0,0,0,0,0,0,0,0,0,0,0,0,0,0,0,0,0,0,0,0,0,0,0,0,0,0,0,0,0,0,0,0,0,0,0,0,0,0,0,0,0,0,0,0,0,0,0,0,0,0,0,0,0,0,0,0,0,0,0,0,0,0,0
MPB:bin_000307,0,0,0,0,0,0,0,0,0,0,0,0,0,0,0,0,0,0,0,0,0,0,0,0,0,0,0,0,0,0,0,0,0,0,0,0,0,0,0,0,0,0,0,0,0,0,0,0,0,0,0,0,0,0,0,0,0,0,0,0,0,0,0,0,0,0,0,0,0,0,0,0,0,0,0,0,0,0,0,0,0,0,0,0
MPB:bin_000310,0,0,0,0,0,0,0,0,0,0,0,0,0,0,0,0,0,0,0,0,0,0,0,0,0,0,0,0,0,0,0,0,0,0,0,0,0,0,0,0,0,0,0,0,0,0,0,0,0,0,0,0,0,0,0,0,0,0,0,0,0,0,0,0,0,0,0,0,0,0,0,0,0,0,0,0,0,0,0,0,0,0,0,0
MPB:bin_000314,0,0,0,0,0,0,0,0,0,0,0,0,0,0,0,0,0,0,0,0,0,0,0,0,0,0,0,0,0,0,0,0,0,0,0,0,0,0,0,0,0,0,0,0,0,0,0,0,0,0,0,0,0,0,0,0,0,0,0,0,0,0,0,0,0,0,0,0,0,0,0,0,0,0,0,0,0,0,0,0,0,0,0,0
MPB:bin_000315,0,0,0,0,0,0,0,0,0,0,0,0,0,0,0,0,0,0,0,0,0,0,0,0,0,0,0,0,0,0,0,0,0,0,0,0,0,0,0,0,0,0,0,0,0,0,0,0,0,0,0,0,0,0,0,0,0,0,0,0,0,0,0,0,0,0,0,0,0,0,0,0,0,0,0,0,0,0,0,0,0,0,0,0
MPB:bin_000316,0,0,0,0,0,0,0,0,0,0,0,0,0,0,2.935,0,0,0,0,0,0,0,0,0,0,0,0,0,0,0,0,0,0,0,0,0,0,0,0,0,0,0,0,0,0,0,0,0,0,0,0,0,0,0,0,0,0,0,0,0,0,0,0,0,0,0,0,0,0,0,0,0,0,0,0,0,0,0,0,0,0,0,0,0
MPB:bin_000319,28.515,7.106,6.163,5.069,0,3.073,0,0,0,11.722,4.191,29.284,6.63,2.447,0,12.407,0,0,0,7.476,3.117,6.301,8.525,5.91,0,14.525,0,0,2.394,4.578,4.23,0,13.33,9.373,3.548,0,41.455,9.798,4.91,2.632,0,13.295,5.82,17.698,0,14.001,4.834,0,0,0,0,0,0,0,10.25,0,7.76,0,5.223,11.917,0,13.354,0,3.363,17.798,0,0,4.999,0,8.016,0,0,19.22,12.354,0,12.85,0,3.184,23.588,6.926,0,14.323,1.63,0
MPB:bin_000322,0,13.45,14.568,0,10.55,8.619,9.603,9.25,0,4.739,0,0,0,11.865,3.896,0,15.868,0,0,12.075,7.95,8.774,20.106,17.306,0,0,0,0,29.016,13.225,9.954,0,0,11.132,6.551,0,10.012,8.117,6.257,6.483,16.957,0,0,10.32,0,8.057,0,12.109,12.432,0,0,0,0,0,0,0,8.805,0,0,0,0,0,3.457,9.357,8.858,8.306,22.31,7.183,14.425,8.438,0,9.185,6.1,0,14.348,14.495,0,11.951,11.276,0,0,4.805,4.319,5.901
MPB:bin_000324,0,0,0,0,0,0,0,0,0,0,0,0,0,0,0,0,0,0,0,0,0,0,0,0,0,0,0,0,0,0,0,0,0,0,0,0,0,0,0,0,0,0,0,0,0,0,0,0,0,0,0,0,0,0,0,0,0,0,0,0,0,0,0,0,0,0,0,0,0,0,0,0,0,0,0,0,0,0,0,0,0,0,0,0
MPB:bin_000325,7.317,3.301,4.923,0,5.044,15.91,9.927,6.751,0,5.53,5.942,12.731,0,0,10.095,10.455,0,11.066,0,5.207,5.613,13.21,0,8.498,0,0,0,6.679,8.974,7.652,14.395,6.566,0,9.715,4.267,0,0,0,6.454,9.147,0,0,5.786,0,0,15.45,10.762,0,6.891,0,0,0,0,0,1.772,0,7.441,7.838,6.094,0,0,5.138,0,9.039,6.03,25.128,0,0,0,10.845,0,0,10.396,0,7.561,0,0,4.06,4.564,0,0,0,1.913,10.552
MPB:bin_000328,0,0,0,0,0,0,0,0,0,0,0,0,0,0,0,0,0,0,0,0,0,0,0,0,0,0,0,0,0,0,0,0,0,0,0,0,0,0,0,0,0,0,0,0,0,0,0,0,0,0,0,0,0,0,0,0,0,0,0,0,0,0,0,0,0,0,0,0,0,0,0,0,0,0,0,0,0,0,0,0,0,0,0,0
MPB:bin_000330,0,0,0,0,0,0,0,0,0,0,0,0,0,0,0,0,0,0,0,0,0,0,0,0,0,0,0,0,0,0,0,0,0,0,0,0,0,0,0,0,0,0,0,0,0,0,0,0,0,0,0,0,0,0,0,0,0,0,0,0,0,0,0,0,0,0,0,0,0,0,0,0,0,0,0,0,0,0,0,0,0,0,0,0
MPB:bin_000332,0,0,0,0,0,0,0,0,0,0,0,0,0,0,0,0,0,0,0,0,0,0,0,0,0,0,0,0,0,0,0,0,0,0,0,0,0,0,0,0,0,0,0,0,0,0,0,0,0,0,0,0,0,0,0,0,0,0,0,0,0,0,0,0,0,0,0,0,0,0,0,0,0,0,0,0,0,0,0,0,0,0,0,0
MPB:bin_000336,0,0,0,0,0,0,0,0,0,0,0,0,0,0,0,0,0,0,0,0,0,0,0,0,0,0,0,0,0,0,0,0,0,0,0,0,0,0,0,0,0,0,0,0,0,0,0,0,0,0,0,0,0,0,0,0,0,0,0,0,0,0,0,0,0,0,0,0,0,0,0,0,0,0,0,0,0,0,0,0,0,0,0,0
MPB:bin_000340,0,0,0,0,0,0,0,0,0,0,0,0,0,0,0,0,0,0,0,0,0,0,0,0,0,0,0,0,7.664,0,0,0,0,0,0,0,0,0,0,0,0,0,0,0,0,0,0,0,0,0,0,0,0,0,0,0,0,0,0,0,0,0,0,0,0,0,0,0,0,0,0,0,0,0,0,9.714,0,0,6.805,0,0,0,0,5.78
MPB:bin_000341,0,0,0,0,0,0,0,0,0,0,0,0,0,0,0,0,0,0,0,0,0,0,0,0,0,0,0,0,0,0,0,0,0,0,0,0,0,0,0,0,0,0,0,0,0,0,0,0,0,0,0,0,0,0,0,0,0,0,0,0,0,0,0,0,0,0,0,0,0,0,0,0,0,0,0,0,0,0,0,0,0,0,0,0
MPB:bin_000347,0,0,0,0,0,0,0,0,0,0,0,0,0,0,0,0,0,0,0,0,0,0,0,0,0,0,0,0,0,0,0,0,0,0,0,0,0,0,0,0,0,0,0,0,0,0,0,0,0,0,0,0,0,0,0,0,0,0,0,0,0,0,0,0,0,0,0,0,0,0,0,0,0,0,0,0,0,0,0,0,0,0,0,0
MPB:bin_000350,0,0,0,0,0,0,0,0,0,0,0,0,0,0,0,0,0,0,0,0,0,0,0,0,0,0,0,0,0,0,0,0,0,0,0,0,0,0,0,0,0,0,0,0,0,0,0,0,0,0,0,0,0,0,0,0,0,0,0,0,0,0,0,0,0,0,0,0,0,0,0,0,0,0,0,0,0,0,0,0,0,0,0,0
MPB:bin_000354,0,0,0,0,0,0,0,0,0,0,0,0,0,0,0,0,0,0,0,0,0,0,0,0,0,0,0,0,0,0,0,0,0,0,0,0,0,0,0,0,0,0,0,0,0,0,0,0,0,0,0,0,0,0,0,0,0,0,0,0,0,0,0,0,0,0,0,0,0,0,0,0,0,0,0,0,0,0,0,0,0,0,0,0
MPB:bin_000358,0,0,0,0,0,0,0,0,0,0,0,0,0,0,0,0,0,0,0,0,0,0,0,0,0,0,0,0,0,0,0,0,0,0,0,0,0,0,0,0,0,0,0,0,0,0,0,0,0,0,0,0,0,0,0,0,0,0,0,0,0,0,0,0,0,0,0,0,0,0,0,0,0,0,0,0,0,0,0,0,0,0,0,0
MPB:bin_000364,0,0,0,0,0,0,0,0,0,0,0,0,0,0,0,0,0,0,0,0,0,0,0,0,0,0,0,0,0,0,0,0,0,0,0,0,0,0,0,0,0,0,0,0,0,0,0,0,0,0,0,0,0,0,0,0,0,0,0,0,0,0,0,0,0,0,0,0,0,0,0,0,0,0,0,0,0,0,0,0,0,0,0,0
MPB:bin_000365,0,0,0,0,0,0,0,0,0,0,0,0,0,0,0,0,0,0,0,0,0,0,0,0,0,0,0,0,0,0,0,0,0,0,0,0,0,0,0,0,0,0,0,0,0,0,0,0,0,0,0,0,0,0,0,0,0,0,0,0,0,0,0,0,0,0,0,0,0,0,0,0,0,0,0,0,0,0,0,0,0,0,0,0
MPB:bin_000373,0,0,0,0,0,0,0,0,0,0,0,0,0,0,0,0,0,0,0,0,0,0,0,0,0,0,0,0,0,0,0,0,0,0,0,0,0,0,0,0,0,0,0,0,0,0,0,0,0,0,0,0,0,0,0,0,0,0,0,0,0,0,0,0,0,0,0,0,0,0,0,0,0,0,0,0,0,0,0,0,0,0,0,0
MPB:bin_000375,0,0,0,0,0,0,0,0,0,0,0,0,0,0,0,0,0,0,0,0,0,0,0,0,0,0,0,0,0,0,0,0,0,0,0,0,0,0,0,0,0,0,0,0,0,0,0,0,0,0,0,0,0,0,0,0,0,0,0,0,0,0,0,0,0,0,0,0,0,0,0,0,0,0,0,0,0,0,0,0,0,0,0,0
MPB:bin_000378,0,0,0,0,0,0,0,0,0,0,0,0,0,0,0,0,0,0,0,0,0,0,0,0,0,0,0,0,0,0,0,0,0,0,0,0,0,0,0,0,0,0,0,0,0,0,0,0,0,0,0,0,0,0,0,0,0,0,0,0,0,0,0,0,0,0,0,0,0,0,0,0,0,0,0,0,0,0,0,0,0,0,0,0
MPB:bin_000379,0,0,0,0,0,0,0,0,0,0,0,0,0,0,0,0,0,0,0,0,0,0,0,0,0,0,0,0,0,0,0,0,0,0,0,0,0,0,0,0,0,0,0,0,0,0,0,0,0,0,0,0,0,0,0,0,0,0,0,0,0,0,0,0,0,0,0,0,0,0,0,0,0,0,0,0,0,0,0,0,0,0,0,0
MPB:bin_000380,0,0,0,0,0,0,0,0,0,0,0,0,0,0,0,0,0,0,0,0,0,0,0,0,0,0,0,0,0,0,0,0,0,0,0,0,0,0,0,0,0,0,0,0,0,0,0,0,0,0,0,0,0,0,0,0,0,0,0,0,0,0,0,0,0,0,0,0,0,0,0,0,0,0,0,0,0,0,0,0,0,0,0,0
MPB:bin_000382,0,0,0,0,0,0,0,0,0,0,0,0,0,0,0,0,0,0,0,0,0,0,0,2.318,0,0,0,0,0,0,0,0,0,0,0,0,4.583,0,0,0,0,0,0,0,0,0,0,0,0,0,0,0,0,0,0,0,0,0,0,0,0,0,0,0,4.557,0,0,0,0,0,0,0,0,0,0,0,0,0,0,0,0,0,0,0
MPB:bin_000383,0,0,0,0,0,0,0,0,0,0,0,0,0,0,0,0,0,0,0,0,0,0,0,0,0,0,0,0,0,0,0,0,0,0,0,0,0,0,0,0,0,0,0,0,0,0,0,0,0,0,0,0,0,0,0,0,0,0,0,0,0,0,0,0,0,0,0,0,0,0,0,0,0,0,0,0,0,0,0,0,0,0,0,0
MPB:bin_000385,0,0,0,0,0,0,0,0,0,0,0,0,0,0,0,0,0,0,0,0,0,0,0,0,0,0,0,0,0,0,0,0,0,0,0,0,0,0,0,0,0,0,0,0,0,0,0,0,0,0,0,0,0,0,0,0,0,0,0,0,0,0,0,0,0,0,0,0,0,0,0,0,0,0,0,0,0,0,0,0,0,0,0,0
MPB:bin_000387,0,6.295,3.851,0,7.537,4.478,6.648,5.732,0,0,0,5.811,7.494,3.981,4.229,7.923,7.792,0,0,4.832,9.36,6.709,8.498,5.373,0,0,0,0,10.002,11.314,6.315,5.004,0,0,10.506,0,6.596,0,15.198,2.26,0,0,0,7.188,0,7.838,5.148,8.42,10.827,0,0,0,0,0,0,0,6.635,8.581,5.142,0,0,0,0.98,9.185,7.018,4.389,0,4.692,3.748,6.413,0,7.846,5.781,0,5.582,9.668,0,3.736,6.037,0,0,4.799,1.745,6.484
MPB:bin_000390,0,0,0,0,0,0,0,0,0,0,0,0,0,0,0,0,0,0,0,0,0,0,0,0,0,0,0,0,0,0,0,0,0,0,0,0,0,0,0,0,0,0,0,0,0,0,0,0,0,0,0,0,0,0,0,0,0,0,0,0,0,0,0,0,0,0,0,0,0,0,0,0,0,0,0,0,0,0,0,0,0,0,0,0
MPB:bin_000393,0,0,0,0,0,0,0,0,0,0,0,0,0,0,0,0,0,0,0,0,0,0,0,0,0,0,0,0,1.677,0,0,0,0,0,0,0,0,0,0,0,0,0,0,0,0,0,0,0,0,0,0,0,0,0,0,0,0,0,0,0,0,0,0,0,0,0,0,0,0,0,0,0,0,0,0,0,0,0,0,0,0,0,0,2.777
MPB:bin_000394,0,0,0,0,0,0,0,0,0,0,0,0,0,0,0,0,0,0,0,0,0,0,0,0,0,0,0,0,0,0,0,0,0,0,0,0,0,0,0,0,0,0,0,0,0,0,0,0,0,0,0,0,0,0,0,0,0,0,0,0,0,0,0,0,0,0,0,0,0,0,0,0,0,0,0,0,0,0,0,0,0,0,0,0
MPB:bin_000395,0,0,0,0,0,0,0,0,0,0,0,0,0,0,0,0,0,0,0,0,0,0,0,0,0,0,0,0,0,0,0,0,0,0,0,0,0,0,0,0,0,0,0,0,0,0,0,0,0,0,0,0,0,0,0,0,0,0,0,0,0,0,0,0,0,0,0,0,0,0,0,0,0,0,0,0,0,0,0,0,0,0,0,0
MPB:bin_000396,0,0,0,0,0,0,0,0,0,0,0,0,0,0,0,0,0,0,0,0,0,0,0,0,0,0,0,0,0,0,0,0,0,0,0,0,0,0,0,0,0,0,0,0,0,0,0,0,0,0,0,0,0,0,0,0,0,0,0,0,0,0,0,0,0,0,0,0,0,0,0,0,0,0,0,0,0,0,0,0,0,0,0,0
MPB:bin_000397,0,0,0,0,0,0,0,0,0,0,0,0,0,0,0,0,0,0,0,0,0,0,0,0,0,0,0,0,0,0,0,0,0,0,0,0,0,0,0,0,0,0,0,0,0,0,0,0,0,0,0,0,0,0,0,0,0,0,0,0,0,0,0,0,0,0,0,0,0,0,0,0,0,0,0,0,0,0,0,0,0,0,0,0
MPB:bin_000398,0,0,0,0,0,0,0,0,0,0,0,0,0,0,0,0,0,0,0,0,0,0,0,0,0,0,0,0,0,0,0,0,0,0,0,0,0,0,0,0,0,0,0,0,0,0,0,0,0,0,0,0,0,0,0,0,0,0,0,0,0,0,0,0,0,0,0,0,0,0,0,0,0,0,0,0,0,0,0,0,0,0,0,0
MPB:bin_000399,0,0,0,0,0,0,0,0,0,0,0,0,0,0,0,0,0,0,0,0,0,0,0,0,0,0,0,0,0,0,0,0,0,0,0,0,0,0,0,0,0,0,0,0,0,0,0,0,0,0,0,0,0,0,0,0,0,0,0,0,0,0,0,0,0,0,0,0,0,0,0,0,0,0,0,0,0,0,0,0,0,0,0,0
MPB:bin_000400,0,0,0,0,0,0,0,2.497,0,0,0,0,0,0,0,0,0,0,0,0,0,0,0,0,0,0,0,0,0,0,0,0,0,0,0,0,0,0,0,0,0,0,0,0,0,0,0,0,0,0,0,0,0,0,0,0,0,0,0,0,0,0,0,0,0,0,0,0,0,0,0,0,0,0,0,0,0,0,0,0,0,0,0,0
MPB:bin_000402,0,0,0,0,0,0,0,0,0,0,0,0,0,0,0,15.622,0,0,0,0,0,0,0,0,0,0,0,0,0,0,0,0,0,0,0,0,0,0,0,0,0,0,0,0,0,0,0,0,0,0,0,0,0,0,0,0,0,0,0,0,0,0,0,0,0,0,0,0,0,0,0,0,0,0,0,0,0,0,0,0,0,0,0,0
MPB:bin_000403,0,0,0,0,0,0,0,0,0,0,0,0,0,0,0,0,0,0,0,0,0,0,0,0,0,0,0,0,0,0,0,0,0,0,0,0,0,0,0,0,0,0,0,0,0,0,0,0,0,0,0,0,0,0,0,0,0,0,0,0,0,0,0,0,0,0,0,0,0,0,0,0,0,0,0,0,0,0,0,0,0,0,0,0
MPB:bin_000405,0,0,0,0,0,0,0,0,0,0,0,0,0,0,0,0,0,0,0,0,0,0,0,0,0,0,0,0,0,0,0,0,0,0,0,0,0,0,0,0,0,0,0,0,0,0,0,0,0,0,0,0,0,0,0,0,0,0,0,0,0,0,0,0,0,0,0,0,0,0,0,0,0,0,0,0,0,0,0,0,0,0,0,0
MPB:bin_000407,0,0,0,0,0,0,0,0,0,0,0,0,0,0,0,0,0,0,0,0,0,0,0,0,0,0,0,0,0,0,0,0,0,0,0,0,0,0,0,0,0,0,0,0,0,0,0,0,0,0,0,0,0,0,0,0,0,0,0,0,0,0,0,0,0,0,0,0,0,0,0,0,0,0,0,0,0,0,0,0,0,0,0,0
MPB:bin_000408,0,0,0,0,0,0,0,0,0,0,0,0,0,0,0,0,0,0,0,0,0,0,0,0,0,0,0,0,0,0,0,0,0,0,0,0,0,0,0,0,0,0,0,0,0,0,0,0,0,0,0,0,0,0,0,0,0,0,0,0,0,0,0,0,0,0,0,0,0,0,0,0,0,0,0,0,0,0,0,0,0,0,0,0
MPB:bin_000409,0,0,0,0,0,0,0,0,0,0,0,0,0,0,0,0,0,0,0,0,0,0,0,0,0,0,0,0,0,0,0,0,0,0,0,0,0,0,0,0,0,0,0,0,0,0,0,0,0,0,0,0,0,0,0,0,0,0,0,0,0,0,0,0,0,0,0,0,0,0,0,0,0,0,0,0,0,0,0,0,0,0,0,0
MPB:bin_000410,0,0,0,0,0,0,0,0,0,0,0,0,0,0,0,0,0,0,0,0,0,0,0,0,0,0,0,0,0,0,0,0,0,0,0,0,0,0,0,0,0,0,0,0,0,0,0,0,0,0,0,0,0,0,0,0,0,0,0,0,0,0,0,0,0,0,0,0,0,0,0,0,0,0,0,0,0,0,0,0,0,0,0,0
MPB:bin_000411,0,0,0,0,0,0,0,0,0,0,0,0,0,0,0,0,0,0,0,0,0,0,0,0,0,0,0,0,0,0,0,0,0,0,0,0,0,0,0,0,0,0,0,0,0,0,0,0,0,0,0,0,0,0,0,0,0,0,0,0,0,0,0,0,0,0,0,0,0,0,0,0,0,0,0,0,0,0,0,0,0,0,0,0
MPB:bin_000413,0,0,0,0,0,0,0,0,0,0,0,0,0,0,0,0,0,0,0,0,0,0,0,0,0,0,0,0,0,0,0,0,0,0,0,0,0,0,0,0,0,0,0,0,0,0,0,0,0,0,0,0,0,0,0,0,0,0,0,0,0,0,0,0,0,0,0,0,0,0,0,0,0,0,0,0,0,0,0,0,0,0,0,0
MPB:bin_000414,0,0,0,0,0,0,0,0,0,0,0,0,0,0,0,0,0,0,0,0,0,0,0,0,0,0,0,0,0,0,0,0,0,0,0,0,0,0,0,0,0,0,0,0,0,0,0,0,0,0,0,0,0,0,0,0,0,0,0,0,0,0,0,0,0,0,0,0,0,0,0,0,0,0,0,0,0,0,0,0,0,0,0,0
MPB:bin_000416,0,0,0,0,0,0,0,0,0,0,0,0,0,0,0,0,0,0,0,0,0,0,0,0,0,0,0,0,0,0,0,0,0,0,0,0,0,0,0,0,0,0,0,0,0,0,0,0,0,0,0,0,0,0,0,0,0,0,0,0,0,0,0,0,0,0,0,0,0,0,0,0,0,0,0,0,0,0,0,0,0,0,0,0
MPB:bin_000418,0,0,0,0,0,0,0,0,0,0,0,0,0,0,0,0,0,0,0,0,0,0,0,0,0,0,0,0,0,0,0,0,0,0,0,0,0,0,0,0,0,0,0,0,0,0,0,0,0,0,0,0,0,0,0,0,0,0,0,0,0,0,0,0,0,0,0,0,0,0,0,0,0,0,0,0,0,0,0,0,0,0,0,0
MPB:bin_000419,0,0,0,0,0,0,0,0,0,0,0,0,0,0,0,0,0,0,0,0,0,0,0,0,0,0,0,0,0,0,0,0,0,0,0,0,0,0,0,0,0,0,0,0,0,0,0,0,0,0,0,0,0,0,0,0,0,0,0,0,0,0,0,0,0,0,0,0,0,0,0,0,0,0,0,0,0,0,0,0,0,0,0,0
MPB:bin_000421,0,0,0,0,0,0,0,2.427,0,0,0,0,0,0,0,0,0,0,0,0,0,0,0,0,0,0,0,0,0,0,0,0,0,0,0,0,0,0,0,0,0,0,0,0,0,0,0,0,0,0,0,0,0,0,0,0,0,0,0,0,0,0,0,0,0,0,0,0,0,0,0,0,0,0,0,0,0,0,0,0,0,0,0,0
MPB:bin_000424,0,0,0,0,0,0,0,0,0,0,0,0,0,0,0,0,0,0,0,0,0,0,0,0,0,0,0,0,0,0,0,0,0,0,0,0,0,0,0,0,0,0,0,0,0,0,0,0,0,0,0,0,0,0,0,0,0,0,0,0,0,0,0,0,0,0,0,0,0,0,0,0,0,0,0,0,0,0,0,0,0,0,0,0
MPB:bin_000425,0,0,0,0,0,0,0,0,0,0,0,0,0,0,0,0,0,0,0,0,0,0,0,0,0,0,0,0,0,0,0,0,0,0,0,0,0,0,0,0,0,0,0,0,0,0,0,0,0,0,0,0,0,0,0,0,0,0,0,0,0,0,0,0,0,0,0,0,0,0,0,0,0,0,0,0,0,0,0,0,0,0,0,0
MPB:bin_000426,0,0,0,0,0,0,0,0,0,0,0,0,0,0,0,0,0,0,0,0,0,0,0,0,0,0,0,0,0,0,0,0,0,0,0,0,0,0,0,0,0,0,0,0,0,0,0,0,0,0,0,0,0,0,0,0,0,0,0,0,0,0,0,0,0,0,0,0,0,0,0,0,0,0,0,0,0,0,0,0,0,0,0,0
MPB:bin_000427,0,0,0,0,0,0,0,0,0,0,0,0,0,0,0,0,0,0,0,0,0,0,0,0,0,0,0,0,0,0,0,0,0,0,0,0,0,0,0,0,0,0,0,0,0,0,0,0,0,0,0,0,0,0,0,0,0,0,0,0,0,0,0,0,0,0,0,0,0,0,0,0,0,0,0,0,0,0,0,0,0,0,0,0
MPB:bin_000430,0,0,0,0,0,0,0,0,0,0,0,0,0,0,0,0,0,0,0,0,0,0,0,0,0,0,0,0,0,0,0,0,0,0,0,0,0,0,0,0,0,0,0,0,0,0,0,0,0,0,0,0,0,0,0,0,0,0,0,0,0,0,0,0,0,0,0,0,0,0,0,0,0,0,0,0,0,0,0,0,0,0,0,0
MPB:bin_000433,0,0,0,0,0,0,0,0,0,0,0,0,0,0,0,0,0,0,0,0,0,0,0,0,0,0,0,0,0,0,0,0,0,0,0,0,0,0,0,0,0,0,0,0,0,0,0,0,0,0,0,0,0,0,0,0,0,0,0,0,0,0,0,0,0,0,0,0,0,0,0,0,0,0,0,0,0,0,0,0,0,0,0,0
MPB:bin_000435,0,0,0,0,0,0,0,5.65,0,4.176,0,0,0,0,0,0,0,0,0,0,0,0,0,0,0,0,0,0,2.974,0,0,0,0,0,0,0,0,0,0,0,0,0,0,0,0,0,0,0,0,0,0,0,0,0,0,0,0,0,0,0,0,0,0,0,0,0,0,0,0,0,0,0,0,0,0,0,0,0,0,0,0,2.243,0,3.438
MPB:bin_000437,0,0,0,0,0,0,0,0,0,0,0,0,0,0,0,0,0,0,0,0,0,0,0,0,0,0,0,0,0,0,0,0,0,0,0,0,0,0,0,0,0,0,0,0,0,0,0,0,0,0,0,0,0,0,0,0,0,0,0,0,0,0,0,0,0,0,0,0,0,0,0,0,0,0,0,0,0,0,0,0,0,0,0,0
MPB:bin_000438,0,0,0,0,0,0,0,0,0,0,0,0,0,0,0,0,0,0,0,0,0,0,0,0,0,0,0,0,0,0,0,0,0,0,0,0,0,0,0,0,0,0,0,0,0,0,0,0,0,0,0,0,0,0,0,0,0,0,0,0,0,0,0,0,0,0,0,0,0,0,0,0,0,0,0,0,0,0,0,0,0,0,0,0
MPB:bin_000440,0,0,0,0,0,0,0,0,0,0,0,0,0,0,0,0,0,0,0,0,0,0,0,0,0,0,0,0,0,0,0,0,0,0,0,0,0,0,0,0,0,0,0,0,0,0,0,0,0,0,0,0,0,0,0,0,0,0,0,0,0,0,0,0,0,0,0,0,0,0,0,0,0,0,0,0,0,0,0,0,0,0,0,0
MPB:bin_000442,0,0,0,0,0,0,0,0,0,0,0,0,0,0,0,0,0,0,0,0,0,0,0,0,0,0,0,0,0,0,0,0,0,0,0,0,0,0,0,0,0,0,0,0,0,0,0,0,0,0,0,0,0,0,0,0,0,0,0,0,0,0,0,0,0,0,0,0,0,0,0,0,0,0,0,0,0,0,0,0,0,0,0,0
MPB:bin_000445,7.995,4.204,0,0,5.807,3.479,5.314,4.503,0,0,5.405,0,0,2.146,4.011,0,0,0,0,0,0,5.425,0,3.053,0,0,0,0,4.804,5.322,3.252,5.269,0,0,1.712,0,16.83,0,0,2.529,0,5.735,0,6.626,0,5.858,7.632,0,0,0,0,0,0,0,0,0,0,0,0,16.856,0,0,0,3.5,10.299,6.26,0,0,0,4.644,0,0,5.507,0,5.725,0,0,0,10.231,0,0,4.249,1.521,5.025
MPB:bin_000446,0,0,0,0,0,0,0,0,0,0,0,0,0,0,0,0,0,0,0,0,0,0,0,0,0,0,0,0,0,0,0,0,0,0,0,0,0,0,0,0,0,0,0,0,0,0,0,0,0,0,0,0,0,0,0,0,0,0,0,0,0,0,0,0,0,0,0,0,0,0,0,0,0,0,0,0,0,0,0,0,0,0,0,0
MPB:bin_000447,0,0,0,0,0,0,0,0,0,0,0,0,0,0,0,0,0,0,0,0,0,0,0,0,0,0,0,0,0,0,0,0,0,0,0,0,0,0,0,0,0,0,0,0,0,0,0,0,0,0,0,0,0,0,0,0,0,0,0,0,0,0,0,0,0,0,0,0,0,0,0,0,0,0,0,0,0,0,0,0,0,0,0,0
MPB:bin_000449,0,0,0,0,0,0,0,0,0,0,0,0,0,0,0,0,0,0,0,0,0,0,0,0,0,0,0,0,0,0,0,0,0,0,0,0,0,0,0,0,0,0,0,0,0,0,0,0,0,0,0,0,0,0,0,0,0,0,0,0,0,0,0,0,0,0,0,0,0,0,0,0,0,0,0,0,0,0,0,0,0,0,0,0
MPB:bin_000450,0,2.634,0,0,0,0,0,0,0,0,0,5.584,27.652,0,0,12.66,0,0,11.791,0,6.661,8.23,0,3.602,0,13.736,0,0,2.183,0,2.825,35.924,0,0,1.838,0,0,0,0,11.423,0,0,0,0,0,2.94,7.854,11.447,0,0,0,0,0,0,0,0,3.067,0,0,16.01,0,8.199,1.83,10.097,8.644,8.296,0,0,0,5.268,0,0,8.191,0,0,0,0,0,0,0,0,0,0.877,3.682
MPB:bin_000451,0,0,0,0,0,0,0,0,0,0,0,0,0,0,0,0,0,0,0,0,0,0,0,0,0,0,0,0,3.311,0,3.579,0,0,0,0,0,0,0,0,0,0,0,0,0,0,0,0,0,0,0,0,0,0,0,0,0,0,0,0,0,0,0,0,0,0,0,0,0,0,0,0,0,0,0,0,0,0,0,0,0,0,0,0,0
MPB:bin_000452,0,0,0,0,0,0,0,0,0,0,0,0,0,0,0,0,0,0,0,0,0,0,0,0,0,0,0,0,0,0,0,0,0,0,0,0,0,0,0,0,0,0,0,0,0,0,0,0,0,0,0,0,0,0,0,0,0,0,0,0,0,0,0,0,0,0,0,0,0,0,0,0,0,0,0,0,0,0,0,0,0,0,0,0
MPB:bin_000453,0,0,0,0,0,0,0,0,0,0,0,0,0,0,0,0,0,0,0,0,0,0,0,0,0,0,0,0,0,0,0,0,0,0,0,0,0,0,0,0,0,0,0,0,0,0,0,0,0,0,0,0,0,0,0,0,0,0,0,0,0,0,0,0,0,0,0,0,0,0,0,0,0,0,0,0,0,0,0,0,0,0,0,0
MPB:bin_000455,0,0,0,0,0,0,0,0,0,0,0,0,0,0,0,0,0,0,0,0,0,0,0,0,0,0,0,0,0,0,0,0,0,0,0,0,0,0,0,0,0,0,0,0,0,0,0,0,0,0,0,0,0,0,0,0,0,0,0,0,0,0,0,0,0,0,0,0,0,0,0,0,0,0,0,0,0,0,0,0,0,0,0,0
MPB:bin_000456,0,0,0,0,0,0,0,0,0,0,0,0,0,0,0,0,0,0,0,0,0,0,0,0,0,0,0,0,0,0,0,0,0,0,0,0,0,0,0,0,0,0,0,0,0,0,0,0,0,0,0,0,0,0,0,0,0,0,0,0,0,0,0,0,0,0,0,0,0,0,0,0,0,0,0,0,0,0,0,0,0,0,0,0
MPB:bin_000457,0,0,0,0,0,0,0,0,0,0,0,0,0,0,0,0,0,0,0,0,0,0,0,0,0,0,0,0,0,0,0,0,0,0,0,0,0,0,0,0,0,0,0,0,0,0,0,0,0,0,0,0,0,0,0,0,0,0,0,0,0,0,0,0,0,0,0,0,0,0,0,0,0,0,0,0,0,0,0,0,0,0,0,0
MPB:bin_000458,0,0,0,0,0,0,0,0,0,0,0,0,0,0,0,0,0,0,0,0,0,0,0,0,0,0,0,0,0,0,0,0,0,0,0,0,0,0,0,0,0,0,0,0,0,0,0,0,0,0,0,0,0,0,0,0,0,0,0,0,0,0,0,1.15,0,0,0,0,0,0,0,0,0,0,0,0,0,0,0,0,0,0,0,0
MPB:bin_000459,0,0,0,0,0,0,0,0,0,0,0,0,0,0,0,0,0,0,0,0,0,0,0,0,0,0,0,0,0,0,0,0,0,0,0,0,0,0,0,0,0,0,0,0,0,0,0,0,0,0,0,0,0,0,0,0,0,0,0,0,0,0,0,0,0,0,0,0,0,0,0,0,0,0,0,0,0,0,0,0,0,0,0,0
MPB:bin_000460,0,0,0,0,0,0,0,0,0,0,0,0,0,0,0,0,0,0,0,0,0,0,0,0,0,0,0,0,0,0,0,0,0,0,0,0,0,0,0,0,0,0,0,0,0,0,0,0,0,0,0,0,0,0,0,0,0,0,0,0,0,0,0,0,0,0,0,0,0,0,0,0,0,0,0,0,0,0,0,0,0,0,0,0
MPB:bin_000461,0,0,0,0,0,0,0,0,0,0,0,0,0,0,0,0,0,0,0,0,0,0,0,0,0,0,0,0,0,0,0,0,0,0,0,0,0,0,0,0,0,0,0,0,0,0,0,0,0,0,0,0,0,0,0,0,0,0,0,0,0,0,0,0,0,0,0,0,0,0,0,0,0,0,0,0,0,0,0,0,0,0,0,0
MPB:bin_000465,0,0,0,0,0,0,0,0,0,0,0,0,0,0,0,0,0,0,0,0,0,0,0,0,0,0,0,0,0,0,0,0,0,0,0,0,0,0,0,0,0,0,0,0,0,0,0,0,0,0,0,0,0,0,0,0,0,0,0,0,0,0,0,0,0,0,0,0,0,0,0,0,0,0,0,0,0,0,0,0,0,0,0,0
MPB:bin_000466,0,0,0,0,0,0,0,0,0,0,0,0,0,0,0,0,0,0,0,0,0,0,0,0,0,0,0,0,0,0,0,0,0,0,0,0,0,0,0,0,0,0,0,0,0,0,0,0,0,0,0,0,0,0,0,0,0,0,0,0,0,0,0,0,0,0,0,0,0,0,0,0,0,0,0,0,0,0,0,0,0,0,0,0
MPB:bin_000470,0,0,0,0,0,0,0,0,0,0,0,0,0,0,0,0,0,0,0,0,0,0,0,0,0,0,0,0,0,0,0,0,0,0,0,0,0,0,0,0,0,0,0,0,0,0,0,0,0,0,0,0,0,0,0,0,0,0,0,0,0,0,0,0,0,0,0,0,0,0,0,0,0,0,0,0,0,0,0,0,0,0,0,0
MPB:bin_000472,0,0,0,0,0,0,0,0,0,0,0,0,0,0,0,0,0,0,0,0,0,0,0,0,0,0,0,0,0,0,0,0,0,0,0,0,0,0,0,0,0,0,0,0,0,0,0,0,0,0,0,0,0,0,0,0,0,0,0,0,0,0,0,0,0,0,0,0,0,0,0,0,0,0,0,0,0,0,0,0,0,0,0,0
MPB:bin_000473,0,0,0,0,0,0,0,0,0,0,0,0,0,0,0,0,0,0,0,0,0,0,0,0,0,0,0,0,0,0,0,0,0,0,0,0,0,0,0,0,0,0,0,0,0,0,0,0,0,0,0,0,0,0,0,0,0,0,0,0,0,0,0,0,0,0,0,0,0,0,0,0,0,0,0,0,0,0,0,0,0,0,0,0
MPB:bin_000476,0,0,0,0,0,0,0,0,0,0,0,0,0,0,0,0,0,0,0,0,0,0,0,0,0,0,0,0,0,0,0,0,0,0,0,0,0,0,0,0,0,0,0,0,0,0,0,0,0,0,0,0,0,0,0,0,0,0,0,0,0,0,0,0,0,0,0,0,0,0,0,0,0,0,0,0,0,0,0,0,0,0,0,0
MPB:bin_000477,0,3.351,0,5.029,4.433,0,0,0,0,0,9.329,6.451,0,1.613,0,0,6.083,0,0,0,0,0,12.023,4.608,0,0,0,0,2.111,5.478,2.511,0,0,0,1.294,14.876,0,0,4.546,2.602,0,0,0,9.767,0,4.73,5.508,8.404,0,0,0,0,0,0,2.605,0,0,0,0,0,0,0,0,3.811,0,0,15.579,16.564,4.386,11.059,0,5.598,11.755,12.595,0,0,0,0,0,0,0,4.861,0,4.021
MPB:bin_000479,0,0,0,0,0,0,0,0,0,0,0,0,0,0,0,0,0,0,0,0,0,0,0,0,0,0,0,0,0,0,0,0,0,0,0,0,0,0,0,0,0,0,0,0,0,0,0,0,0,0,0,0,0,0,0,0,0,0,0,0,0,0,0,0,0,0,0,0,0,0,0,0,0,0,0,0,0,0,0,0,0,0,0,0
MPB:bin_000491,0,0,0,0,0,0,0,0,0,0,0,0,0,0,0,0,0,0,0,0,0,0,0,0,0,0,0,0,0,0,0,0,0,0,0,0,0,0,0,0,0,0,0,0,0,0,0,0,0,0,0,0,0,0,0,0,0,0,0,0,0,0,0,0,0,0,0,0,0,0,0,0,0,0,0,0,0,0,0,0,0,0,0,0
MPB:bin_000499,0,0,4.628,0,0,7.952,7.68,4.285,0,0,0,7.533,8.046,0,6.963,0,0,10.995,0,0,0,0,0,5.717,0,16.661,0,0,9.34,0,12.087,0,0,0,0,0,0,0,6.185,3.948,0,7.891,0,0,0,0,0,0,0,0,0,0,0,0,0,0,0,0,0,8.295,0,8.407,0,6.745,0,9.184,0,0,5.906,5.391,0,0,9.582,10.113,0,0,0,0,11.244,0,0,0,1.724,7.227
MPB:bin_000538,0,0,0,0,0,0,0,0,0,0,0,0,0,0,0,0,0,0,0,0,0,0,0,0,0,0,0,0,0,0,0,0,0,0,0,0,0,0,0,0,0,0,0,0,0,0,0,0,0,0,0,0,0,0,0,0,0,0,0,0,0,0,0,0,0,0,0,0,0,0,0,0,0,0,0,0,0,0,0,0,0,0,0,0
MPB:bin_000554,0,0,0,0,0,0,0,0,0,0,0,0,0,0,0,0,0,0,0,0,0,0,0,0,0,0,0,0,0,0,0,0,0,0,0,0,0,0,0,0,0,0,0,0,0,0,0,0,0,0,0,0,0,0,0,0,0,0,0,0,0,0,0,0,0,0,0,0,0,0,0,0,0,0,0,0,0,0,0,0,0,0,0,0
MPB:bin_000559,0,0,0,0,0,0,0,0,0,0,0,0,0,0,0,0,0,0,0,0,0,0,0,0,0,0,0,0,0,0,0,0,0,0,0,0,0,0,0,0,0,0,0,0,0,0,0,0,0,0,0,0,0,0,0,0,0,0,0,0,0,0,0,0,0,0,0,0,0,0,0,0,0,0,0,0,0,0,0,0,0,0,0,0
MPB:bin_000571,0,0,0,0,0,0,0,0,0,0,0,0,0,0,0,0,0,0,0,0,0,0,0,0,0,0,0,0,0,0,0,0,0,0,0,0,0,0,0,0,0,0,0,0,0,0,0,0,0,0,0,0,0,0,0,0,0,0,0,0,0,0,0,0,0,0,0,0,0,0,0,0,0,0,0,0,0,0,0,0,0,0,0,0
MPB:bin_000576,0,0,0,0,0,0,0,0,0,0,0,0,0,0,0,0,0,0,0,0,0,0,0,0,0,0,0,0,0,0,0,0,0,0,0,0,0,0,0,0,0,0,0,0,0,0,0,0,0,0,0,0,0,0,0,0,0,0,0,0,0,0,0,0,0,0,0,0,0,0,0,0,0,0,0,0,0,0,0,0,0,0,0,0
MPB:bin_000579,0,0,0,0,0,0,0,0,0,0,0,0,0,0,0,0,0,0,0,0,0,0,0,0,0,0,0,0,0,0,0,0,0,0,0,0,0,0,0,0,0,0,0,0,0,0,0,0,0,0,0,0,0,0,0,0,0,0,0,0,0,0,0,0,0,0,0,0,0,0,0,0,0,0,0,0,0,0,0,0,0,0,0,0
MPB:bin_000581,0,0,0,0,0,0,0,0,0,0,0,0,8.136,0,7.786,0,0,0,0,0,0,0,0,5.186,0,0,0,0,3.914,8.607,0,0,0,0,0,0,0,31.405,3.787,0,0,0,0,0,0,0,0,7.019,0,0,0,0,0,0,0,0,5.367,12.404,5.15,0,0,0,0,13.378,0,0,0,0,0,0,0,28.005,0,0,12.208,0,0,0,3.879,0,0,0,0,0
MPB:bin_000584,0,0,0,0,0,0,0,0,0,0,0,0,0,0,0,0,0,0,0,0,0,0,0,0,0,0,0,0,0,0,0,0,0,0,0,0,0,0,0,0,0,0,0,0,0,0,0,0,0,0,0,0,0,0,0,0,0,0,0,0,0,0,0,0,0,0,0,0,0,0,0,0,0,0,0,0,0,0,0,0,0,0,0,0
MPB:bin_000588,0,0,0,0,0,0,0,0,0,0,0,0,0,0,0,0,0,0,0,0,0,0,0,0,0,0,0,0,1.517,0,0,0,0,0,0,0,0,0,0,0,0,0,0,0,0,2.55,0,0,0,0,0,0,0,0,0,0,3.089,0,0,0,0,0,0,2.023,0,0,0,0,0,0,0,3.424,0,0,0,0,0,0,0,0,0,0,0,0
MPB:bin_000590,0,0,0,0,0,0,0,0,0,0,0,0,0,0,0,0,0,0,0,0,0,0,0,0,0,0,0,0,0,0,0,0,0,0,0,0,0,0,0,0,0,0,0,0,0,0,0,0,0,0,0,0,0,0,0,0,0,0,0,0,0,0,0,0,0,0,0,0,0,0,0,0,0,0,0,0,0,0,0,0,0,0,0,0
MPB:bin_000593,0,0,0,0,0,0,0,0,0,0,0,0,0,0,0,0,0,0,0,0,0,0,0,0,0,0,0,0,0,0,0,0,0,0,0,0,0,0,0,0,0,0,0,0,0,0,0,0,0,0,0,0,0,0,0,0,5.773,0,0,0,0,0,0,0,0,0,0,0,5.953,0,0,0,0,0,0,0,0,0,0,0,0,0,0,0
MPB:bin_000594,0,0,0,0,0,0,0,0,0,0,0,0,0,0,0,0,0,0,0,0,0,0,0,0,0,0,0,0,0,0,0,0,0,0,0,0,0,0,0,0,0,0,0,0,0,0,0,0,0,0,0,0,0,0,0,0,0,0,0,0,0,0,0,0,0,0,0,0,0,0,0,0,0,0,0,0,0,0,0,0,0,0,0,0
MPB:bin_000596,0,0,0,0,0,0,0,0,0,0,0,0,0,0,0,0,0,0,0,0,0,0,0,0,0,0,0,0,0,0,0,0,0,0,0,0,0,0,0,0,0,0,0,0,0,0,0,0,0,0,0,0,0,0,0,0,0,0,0,0,0,0,0,0,0,0,0,0,0,0,0,0,0,0,0,0,0,0,0,0,0,0,0,0
MPB:bin_000597,0,0,0,0,0,2.334,0,0,0,0,0,0,0,0,0,0,0,0,0,0,0,0,0,0,0,0,0,0,0,0,0,0,0,0,0,0,0,0,0,0,0,0,0,0,0,0,0,0,0,0,0,0,0,0,0,0,0,0,0,0,0,0,0,0,0,0,0,0,0,0,0,0,0,0,0,0,0,0,0,0,0,0,0,0
MPB:bin_000598,0,0,0,0,0,0,0,0,0,0,0,0,0,0,0,0,0,0,0,0,0,0,0,0,0,0,0,0,0,0,0,0,0,0,0,0,0,0,0,0,0,0,0,0,0,0,0,0,0,0,0,0,0,0,0,0,0,0,0,0,0,0,0,0,0,0,0,0,0,0,0,0,0,0,0,0,0,0,0,0,0,0,0,0
MPB:bin_000599,0,7.274,0,0,0,6.944,6.212,2.851,0,5.425,0,20.469,0,0,4.72,6.448,0,0,0,13.231,0,8.267,4.496,3.69,0,11.065,0,0,2.956,4.095,2.34,0,0,0,2.37,0,127.289,0,5.86,5.366,0,0,5.635,7.646,0,46.406,5.784,0,0,0,0,0,0,0,0,0,14.401,0,7.523,7.92,0,6.667,0,2.983,52.663,0,20.783,7.108,3.502,6.03,0,8.353,6.364,0,0,7.618,0,74.161,27.313,4.51,0,9.669,4.443,3.943
MPB:bin_000600,0,0,0,0,0,0,0,0,0,0,0,0,0,0,3.686,0,0,0,0,0,0,0,0,0,0,0,0,0,5.628,0,0,0,0,0,0,0,0,0,0,0,0,0,0,0,0,0,0,0,0,0,0,0,0,0,0,0,0,0,0,0,0,0,0,0,0,0,0,0,0,0,0,0,0,0,0,0,0,0,0,0,0,0,0,0
MPB:bin_000601,0,0,0,0,0,0,0,0,0,0,0,0,0,0,0,0,0,0,0,0,0,0,0,0,0,0,0,0,0,0,0,0,0,0,0,0,0,0,0,0,0,0,0,0,0,0,0,0,0,0,0,0,0,0,0,0,0,0,0,0,0,0,0,0,0,0,0,0,0,0,0,0,0,0,0,0,0,0,0,0,0,0,0,0
MPB:bin_000604,0,0,0,0,0,0,0,0,0,0,0,0,0,0,1.999,0,0,0,0,0,0,0,0,0,0,0,0,0,1.43,0,0,0,0,0,0,0,0,0,0,0,0,4.666,0,0,0,0,0,0,0,0,0,0,0,0,0,0,0,0,0,0,0,0,0,0,0,0,0,0,0,0,0,0,0,0,0,0,0,0,0,0,0,0,0,2.539
MPB:bin_000605,0,0,0,0,0,2.558,0,0,0,0,0,0,0,0,0,0,0,0,0,0,0,0,0,0,0,0,0,0,0,0,0,0,0,0,0,0,0,0,0,0,0,0,0,0,0,0,0,0,0,0,0,0,0,0,0,0,0,0,0,0,0,0,0,1.228,0,0,0,0,0,0,0,0,0,0,0,0,0,0,0,0,0,0,0,0
MPB:bin_000606,0,2.668,0,0,6.201,5.201,0,3.452,0,0,4.872,0,0,0,3.269,0,8.555,0,0,0,0,0,0,4.796,0,0,0,0,1.958,0,3.471,0,0,0,2.204,0,0,0,4.939,3.77,0,0,0,6.826,0,4.373,0,0,0,0,0,0,0,0,0,0,0,0,8.658,0,0,0,0,2.784,2.699,3.906,0,0,3.409,4.391,0,3.668,0,0,0,0,0,3.585,9.56,0,0,1.932,1.503,2.681
MPB:bin_000609,0,0,0,0,0,0,0,0,0,0,0,0,0,0,0,0,0,0,0,0,0,0,0,0,0,0,0,0,0,0,0,0,0,0,0,0,0,0,0,0,0,0,0,0,0,0,0,0,0,0,0,0,0,0,0,0,0,0,0,0,0,0,0,0,0,0,0,0,0,0,0,0,0,0,0,0,0,0,0,0,0,0,0,0
MPB:bin_000615,0,0,0,0,0,0,0,0,0,0,0,0,0,0,0,0,0,0,0,0,0,0,0,0,0,0,0,0,0,0,0,0,0,0,0,0,0,0,0,0,0,0,0,0,0,0,0,0,0,0,0,0,0,0,0,0,0,0,0,0,0,0,0,0,0,0,0,0,0,0,0,0,0,0,0,0,0,0,0,0,0,0,0,0
MPB:bin_000617,0,0,0,0,0,0,0,0,0,0,0,0,0,0,0,0,0,0,0,0,0,0,0,0,0,0,0,0,0,0,0,0,0,0,0,0,0,0,0,0,0,0,0,0,0,0,0,0,0,0,0,0,0,0,0,0,0,0,0,0,0,0,0,0,0,0,0,0,0,0,0,0,0,0,0,0,0,0,0,0,0,0,0,0
MPB:bin_000618,0,0,0,0,0,0,0,0,0,0,0,0,0,0,0,0,0,0,0,0,0,0,0,0,0,0,0,0,0,0,0,0,0,0,0,0,0,0,0,0,0,0,0,0,0,0,0,0,0,0,0,0,0,0,0,0,0,0,0,0,0,0,0,0,0,0,0,0,0,0,0,0,0,0,0,0,0,0,0,0,0,0,0,0
MPB:bin_000619,0,3.031,0,0,0,2.982,0,0,0,0,6.447,0,0,0,4.494,0,0,0,0,0,0,0,0,0,0,14.413,0,0,1.288,0,0,4.571,0,0,0,0,7.312,0,0,3.499,0,0,0,0,0,2.68,18.898,0,0,0,0,0,0,0,0,0,0,0,5.654,0,0,0,0,1.424,3.687,4.172,0,0,2.77,6.65,0,3.614,0,0,0,0,0,0,3.148,0,0,0,0,4.51
MPB:bin_000622,0,0,0,0,0,0,0,0,0,0,0,0,0,0,0,0,0,0,0,0,0,0,0,0,0,0,0,0,0,0,0,0,0,0,0,0,0,0,0,0,0,0,0,0,0,0,0,0,0,0,0,0,0,0,0,0,0,0,0,0,0,0,0,0,0,0,0,0,0,0,0,0,0,0,0,0,0,0,0,0,0,0,0,0
TM1:bin_000010,0,0,0,0,0,0,0,0,0,0,0,0,0,0,0,0,0,0,0,0,0,0,0,0,0,0,0,0,0,0,0,0,0,0,0,0,0,0,0,0,0,0,0,0,0,0,0,0,0,0,0,0,0,0,0,0,0,0,0,0,0,0,0,0,0,0,0,0,0,0,0,0,0,0,0,0,0,0,0,0,0,0,0,0
TM1:bin_000024,0,0,0,0,0,0,0,0,0,0,0,0,0,0,0,0,0,0,0,0,0,0,0,0,0,0,0,0,0,0,0,0,0,0,0,0,0,0,0,0,0,0,0,0,0,0,0,0,0,0,0,0,0,0,0,0,0,0,0,0,0,0,0,0,0,0,0,0,0,0,0,0,0,0,0,0,0,0,0,0,0,0,0,0
TM1:bin_000025,0,0,0,0,0,4.683,0,0,0,0,0,0,0,1.903,0,0,7.094,0,0,0,0,0,0,2.335,0,0,0,0,0,0,0,0,0,0,0,0,0,0,0,0,0,0,0,0,0,0,0,0,0,0,0,0,0,0,0,0,0,0,0,0,0,0,0,1.848,0,0,0,0,0,6.396,0,0,6.941,0,0,0,0,0,0,0,0,0,0,0
TM1:bin_000027,0,0,0,0,0,0,25.695,0,0,0,0,0,0,0,0,0,0,0,0,0,0,0,0,0,0,0,0,0,2.061,38.173,0,0,0,0,0,0,5.019,0,0,3.519,0,0,0,0,0,0,0,0,0,0,0,0,0,0,0,0,0,7.636,0,0,0,0,0,3.945,34.279,0,0,0,15.205,7.844,0,0,0,0,5.677,0,0,0,0,0,0,0,0,6.588
TM1:bin_000031,0,3.612,0,0,0,6.999,0,4.132,0,6.929,0,9.451,0,0,3.738,0,6.194,0,0,7.287,5.484,0,6.49,3.789,0,0,0,0,7.258,0,5.351,4.314,0,0,5.65,0,6.045,0,3.909,4.691,10.809,0,0,0,0,2.611,0,0,0,0,0,0,0,0,0,0,6.642,6.484,9.402,0,0,0,2.15,3.42,3.202,0,0,0,5.796,0,0,0,0,0,3.216,0,0,0,8.685,0,0,3.318,1.991,4.176
TM1:bin_000049,0,1.89,5.478,0,0,0,0,0,0,0,0,0,0,0,0,0,5.784,0,0,0,0,0,0,2.296,0,0,0,0,2.16,0,0,0,0,0,0,0,0,0,3.214,0,0,0,0,0,0,0,0,0,0,0,0,0,0,0,0,0,2.98,0,0,0,0,0,0,0,0,0,0,0,4.832,0,0,0,0,0,0,0,0,0,0,0,0,0,0,3.712
TM1:bin_000080,0,0,0,0,0,3.3,0,2.983,0,0,0,0,0,0,0,0,10.826,0,0,4.727,4.558,0,0,0,0,0,0,0,7.248,0,0,0,0,0,2.33,0,0,0,4.166,3.439,0,0,0,0,0,2.405,0,0,0,0,0,0,0,0,0,0,5.905,0,0,0,0,0,0,0,2.993,0,0,0,0,0,0,0,0,0,0,0,0,4.037,4.983,0,0,3.305,0.953,2.887
TM1:bin_000119,0,0,0,0,0,0,0,0,0,0,0,0,0,0,0,0,0,0,0,0,0,0,4.197,0,0,0,0,0,0,0,0,0,0,0,0,0,0,0,0,0,0,0,0,0,0,0,0,0,0,0,0,0,0,0,0,0,0,0,0,0,0,0,0,0,0,0,0,0,0,0,0,0,0,0,0,0,0,0,0,0,0,0,0,0
TM1:bin_000126,0,0,0,0,0,5.886,0,5.401,0,5.626,0,9.784,0,0,3.673,8.904,0,0,0,0,0,0,0,0,0,0,0,0,3.762,4.211,2.233,0,0,0,1.229,0,4.998,0,3.17,2.583,0,0,6.717,0,0,3.763,10.437,5.71,0,0,0,0,0,0,0,0,0,6.555,6.59,0,0,0,0,4.721,0,6.876,0,0,3.394,0,0,4.672,6.27,0,3.251,8.645,0,0,5.147,0,0,0,0,6.85
TM1:bin_000144,0,0,0,0,0,0,0,0,0,0,0,0,0,0,0,0,0,0,0,0,0,0,0,0,0,0,0,0,0,0,0,0,0,0,0,0,0,0,0,0,0,0,0,0,0,0,0,0,0,0,0,0,0,0,0,0,0,0,0,0,0,0,0,3.937,0,0,0,0,0,0,0,0,0,0,0,0,0,0,0,0,0,0,0,0
TM1:bin_000152,0,4.474,8.093,0,7.216,0,5.196,13.814,0,0,0,0,0,4.712,0,0,0,0,0,7.305,0,0,0,5.579,0,0,0,12.016,9.841,5.646,1.926,0,0,0,2.796,0,0,0,5.332,2.126,0,0,0,8.162,0,0,0,12.488,0,0,0,0,0,0,0,0,4.216,0,0,0,0,0,0,0,2.758,0,0,0,0,0,0,0,0,0,8.875,0,0,0,5.873,0,0,1.991,3.078,3.112
TM1:bin_000153,0,0,0,0,0,0,0,0,0,0,0,0,0,0,0,0,0,0,0,0,0,0,0,0,0,0,0,0,0,0,0,0,0,0,0,0,0,0,0,0,0,0,0,0,0,0,0,0,0,0,0,0,0,0,0,0,0,0,0,0,0,0,0,0,0,0,0,0,0,0,0,0,0,0,0,0,0,0,0,0,0,0,0,0
TM1:bin_000177,0,0,0,0,0,0,0,0,0,0,0,0,0,0,0,0,0,0,0,0,0,0,0,0,0,0,0,0,0,0,0,0,0,0,1.517,0,0,0,0,0,0,0,0,0,0,0,0,0,0,0,0,0,0,0,0,0,0,0,0,0,0,0,0,0,0,0,0,0,0,0,0,0,0,0,0,0,0,0,0,0,0,0,0,0
TM2:bin_000005,0,0,0,0,0,0,0,0,0,0,0,0,0,0,0,0,0,0,0,0,0,0,0,0,0,0,0,0,0,0,0,0,0,0,0,0,0,0,0,0,0,0,0,0,0,0,0,0,0,0,0,0,0,0,0,0,0,0,0,0,0,0,0,0,0,0,0,0,0,0,0,0,0,0,0,0,0,0,0,0,0,0,0,0
TM2:bin_000013,0,4.319,0,0,6.757,2.779,0,2.774,0,0,0,0,0,0,3.007,0,5.628,0,0,0,0,0,0,6.707,0,0,0,0,2.88,0,2.475,0,0,0,1.537,0,0,0,3.062,3.15,0,0,0,0,0,0,0,0,0,0,0,0,0,0,0,0,5.373,6.502,4.865,0,0,0,1.804,3.676,0,0,0,0,3.211,0,0,0,0,0,5.527,0,0,3.468,0,0,0,0,0,0
TM2:bin_000090,0,0,0,0,0,0,0,0,0,0,0,0,0,0,0,0,0,0,0,0,0,0,0,0,0,0,0,0,0,0,0,0,0,0,0,0,0,0,0,0,0,0,0,0,0,0,0,0,0,0,0,0,0,0,0,0,0,0,0,0,0,0,0,0,0,0,0,0,0,0,0,0,0,0,0,0,0,0,0,0,0,0,0,0
TM2:bin_000114,0,0,0,0,0,0,0,0,0,0,0,0,0,0,0,0,0,0,0,0,0,0,0,0,0,0,0,0,0,0,0,0,0,0,0,0,0,0,0,0,0,0,0,0,0,0,0,0,0,0,0,0,0,0,0,0,0,0,0,0,0,0,0,0,0,0,0,0,0,0,0,0,0,0,0,0,0,0,0,0,0,0,0,0
TM2:bin_000116,6.866,0,0,0,0,0,4.318,3.657,0,3.879,0,0,0,0,4.225,0,0,0,0,3.321,0,0,0,0,0,8.154,0,0,1.537,0,0,0,0,0,0,0,0,0,0,2.201,0,0,0,0,0,2.674,6.496,0,0,0,0,0,0,0,0,0,3.156,0,0,0,0,0,0,1.184,4.13,0,0,0,0,0,0,0,0,0,0,0,0,3.227,0,0,0,0,0,0
TM2:bin_000124,0,0,0,0,28.398,0,0,0,0,0,0,0,0,0,4.491,0,0,0,7.206,0,0,0,0,5.576,0,0,0,0,3.318,15.666,5.149,0,0,0,2.87,0,0,0,5.186,2.046,12.016,0,0,0,0,0,0,0,0,0,0,0,0,0,0,0,4.424,0,4.249,0,0,0,0,2.296,0,0,0,0,0,0,0,0,0,0,3.495,0,0,3.375,6.012,0,0,10.556,1.217,0
TM2:bin_000127,0,0,0,0,0,0,0,0,0,0,0,0,0,0,0,0,0,0,0,0,0,0,0,0,0,0,0,0,0,0,0,0,0,0,0,0,0,0,0,0,0,0,0,0,0,0,0,0,0,0,0,0,0,0,0,0,0,0,0,0,0,0,0,0,0,0,0,0,0,0,0,0,0,0,0,0,0,0,0,0,0,0,0,0
TM2:bin_000155,0,0,4.176,0,6.254,8.829,5.953,5.808,0,4.788,14.96,0,0,0,5.653,12.955,0,0,0,0,0,0,0,3.255,0,0,0,32.199,6.428,3.959,13.005,0,0,0,1.326,0,0,0,25.386,1.874,0,7.342,0,0,0,2.343,6.225,16.825,0,0,0,0,0,0,0,0,3.457,0,7.469,0,0,0,0,7.519,0,14.514,0,0,0,4.361,0,0,0,0,0,0,0,0,0,0,0,0,4.546,6.22
TM2:bin_000157,0,0,0,0,0,0,0,0,0,0,0,0,0,0,0,0,0,0,0,0,0,0,0,0,0,0,0,0,0,0,0,0,0,0,0,0,0,0,0,0,0,0,0,0,0,0,0,0,0,0,0,0,0,0,0,0,0,0,0,0,0,0,0,0,0,0,0,0,0,0,0,0,0,0,0,0,0,0,0,0,0,0,0,0
TM2:bin_000186,0,0,0,0,0,0,0,0,0,0,0,0,0,0,0,0,0,0,0,0,0,0,0,0,0,0,0,0,0,0,0,0,0,0,0,0,15.338,0,0,0,0,0,0,0,0,0,0,0,0,0,0,0,0,0,0,0,0,0,0,0,0,0,0,0,0,0,0,0,0,0,0,0,0,0,0,0,0,0,0,0,0,0,0,0
TM2:bin_000188,0,0,0,0,0,0,0,0,0,0,0,0,0,0,0,0,0,0,0,0,0,0,0,0,0,0,0,0,0,0,0,0,0,0,0,0,0,0,0,0,0,0,0,0,0,0,0,0,0,0,0,0,0,0,0,0,0,0,0,0,0,0,0,0,0,0,0,0,0,0,0,0,0,0,0,0,0,0,0,0,0,0,0,0
TM2:bin_000219,0,0,0,0,0,0,0,0,0,0,0,0,0,0,0,0,0,0,0,0,0,0,0,0,0,0,0,0,0,0,0,0,0,0,0,0,0,0,0,0,0,0,0,0,0,0,0,0,0,0,0,0,0,0,0,0,0,0,0,0,0,0,0,0,0,0,0,0,0,0,0,0,0,0,0,0,0,0,0,0,0,0,0,0
TM2:bin_000235,0,1.918,0,0,0,0,0,3.161,0,0,0,0,0,0,0,0,0,0,0,3.247,0,0,0,0,0,0,0,0,4.194,0,2.166,0,0,0,0,0,0,0,0,0,0,0,0,0,0,0,0,0,0,0,0,0,0,0,0,0,0,0,0,0,0,0,0,2.002,0,0,0,0,0,0,0,0,0,0,0,0,0,0,2.439,0,0,0,0,2.166
TM3:bin_000033,0,0,0,0,0,0,0,0,0,0,0,0,0,0,0,0,0,0,0,0,0,0,0,0,0,0,0,0,0,0,0,0,0,0,0,0,0,0,0,0,0,0,0,0,0,0,0,0,0,0,0,0,0,0,0,0,0,0,0,0,0,0,0,0,0,0,0,0,0,0,0,0,0,0,0,0,0,0,0,0,0,0,0,0
TM3:bin_000088,0,0,0,0,0,0,0,0,0,0,0,0,0,0,0,0,0,0,0,0,0,0,0,0,0,0,0,0,0,0,0,0,0,0,0,0,0,0,0,0,0,0,0,0,0,0,0,0,0,0,0,0,0,0,0,0,0,0,0,0,0,0,0,0,0,0,0,0,0,0,0,0,0,0,0,0,0,0,0,0,0,0,0,0
TM3:bin_000108,0,5.05,7.255,0,4.536,4.873,0,5.509,0,0,0,7.284,0,0,7.779,0,0,0,0,0,13.416,0,0,4.754,0,0,0,0,7.033,4.52,4.347,0,0,0,3.885,0,0,0,6.114,3.702,0,0,5.239,5.421,0,10.001,0,5.926,0,0,0,0,0,0,0,0,5.414,22.078,0,0,0,0,0,8.72,0,8.044,0,0,5.159,8.3,0,10.913,10.007,0,10.638,0,0,3.352,4.846,0,0,3.398,2.762,5.92
TM4:bin_000013,0,0,0,0,0,0,0,2.542,0,0,0,0,0,0,0,0,0,0,0,0,0,0,0,0,0,0,0,0,80.049,0,0,0,0,0,0,0,0,0,0,0,0,0,0,0,0,0,0,0,0,0,0,0,0,0,0,0,0,0,4.921,0,0,0,0,0,0,0,0,0,0,0,0,0,0,0,0,0,0,0,0,0,0,0,0,0
TM4:bin_000021,0,0,0,0,0,0,0,0,0,0,0,0,0,0,0,0,0,0,0,0,0,0,0,0,0,0,0,0,0,0,0,0,0,0,0,0,0,0,0,0,0,0,0,0,0,0,0,0,0,0,0,0,0,0,0,0,0,0,0,0,0,0,0,0,0,0,0,0,0,0,0,0,0,0,0,0,0,0,0,0,0,0,0,0
TM4:bin_000025,0,0,0,0,0,0,0,0,0,0,0,0,0,0,0,0,0,0,0,0,0,0,0,0,0,0,0,0,0,0,0,0,0,0,0,0,0,0,0,0,0,0,0,0,0,0,0,0,0,0,0,0,0,0,0,0,0,0,0,0,0,0,0,0,0,0,0,0,0,0,0,0,0,0,0,0,0,0,0,0,0,0,0,0
TM4:bin_000031,0,0,0,0,0,0,0,0,0,0,0,0,0,0,0,0,0,0,0,0,0,0,0,0,0,0,0,0,0,0,0,0,0,0,0,0,0,0,0,0,0,0,0,0,0,0,0,0,0,0,0,0,0,0,0,0,0,0,0,0,0,0,0,0,0,0,0,0,0,0,0,0,0,0,0,0,0,0,0,0,0,0,0,0
TM4:bin_000034,0,3.276,0,0,0,0,0,0,0,0,0,0,0,0,0,7.607,5.757,0,0,4.396,5.819,0,0,7.989,0,0,0,0,1.399,0,0,0,0,0,0,0,7.438,0,0,1.983,0,0,0,0,0,3.444,0,0,0,0,0,0,0,0,0,0,7.845,0,0,0,0,0,1.167,0,0,0,0,0,0,0,0,0,0,0,0,0,0,5.459,21.858,0,0,2.59,0,0
TM4:bin_000036,0,0,0,0,0,0,0,0,0,0,0,0,0,0,0,0,0,0,0,0,0,0,0,0,0,0,0,0,0,0,0,0,0,0,0,0,0,0,0,0,0,0,0,0,0,0,0,0,0,0,0,0,0,0,0,0,0,0,0,0,0,0,0,0,0,0,0,0,0,0,0,0,0,0,0,0,0,0,0,0,0,0,0,0
TM4:bin_000037,0,0,0,0,0,0,0,0,0,0,0,0,0,0,0,0,0,0,0,0,0,0,0,0,0,0,0,0,0,0,0,0,0,0,0,0,0,0,0,0,0,0,0,0,0,0,0,0,0,0,0,0,0,0,0,0,0,0,0,0,0,0,0,0,0,0,0,0,0,0,0,0,0,0,0,0,0,0,0,0,0,0,0,0
TM4:bin_000038,0,0,0,0,0,0,0,0,0,0,0,0,0,0,0,0,0,0,0,0,0,0,0,0,0,0,0,0,0,0,0,0,0,0,0,0,0,0,0,0,0,0,0,0,0,0,0,0,0,0,0,0,0,0,0,0,0,0,0,0,0,0,0,0,0,0,0,0,0,0,0,0,0,0,0,0,0,0,0,0,0,0,0,0
TM4:bin_000039,0,0,0,0,0,0,0,0,0,0,0,0,0,0,0,0,0,0,0,0,0,0,0,0,0,0,0,0,0,0,0,0,0,0,0,0,0,0,0,0,0,0,0,0,0,2.924,0,0,0,0,0,0,0,0,0,0,0,0,0,0,0,0,0,1.704,0,0,0,0,0,0,0,6,0,0,0,0,0,0,0,0,0,0,0,0
TM4:bin_000041,0,0,0,0,0,0,0,0,0,0,0,0,0,0,0,0,0,0,0,0,0,0,0,0,0,0,0,0,0,0,0,0,0,0,0,0,0,0,0,0,0,0,0,0,0,0,0,0,0,0,0,0,0,0,0,0,0,0,0,0,0,0,0,0,0,0,0,0,0,0,0,0,0,0,0,0,0,0,0,0,0,0,0,0
TM4:bin_000045,0,0,0,0,0,0,0,0,0,0,0,0,0,0,0,0,0,0,0,0,0,0,0,0,0,0,0,0,0,0,0,0,0,0,0,0,0,0,0,0,0,0,0,0,0,0,0,0,0,0,0,0,0,0,0,0,0,0,0,0,0,0,0,0,0,0,0,0,0,0,0,0,0,0,0,0,0,0,0,0,0,0,0,0
TM4:bin_000048,0,0,0,0,0,0,0,0,0,0,0,0,0,0,0,0,0,0,0,0,0,0,0,0,0,0,0,0,0,0,0,0,0,0,0,0,0,0,0,0,0,0,0,0,0,0,0,0,0,0,0,0,0,0,0,0,0,0,0,0,0,0,0,0,0,0,0,0,0,0,0,0,0,0,0,0,0,0,0,0,0,0,0,0
TM4:bin_000064,0,0,0,0,0,0,0,0,0,0,0,0,0,0,0,0,0,0,0,0,0,0,0,0,0,0,0,0,0,0,0,0,0,0,0,0,0,0,0,0,0,0,0,0,0,0,0,0,0,0,0,0,0,0,0,0,0,0,0,0,0,0,0,0,0,0,0,0,0,0,0,0,0,0,0,0,0,0,0,0,0,0,0,0
TM4:bin_000079,0,0,0,0,0,2.961,0,0,0,4.141,0,0,0,0,0,0,0,0,0,0,0,5.076,0,1.897,0,0,0,0,2.545,0,0,0,0,0,0,0,0,6.739,0,0,0,0,0,0,0,0,0,0,0,0,0,0,0,0,0,0,0,0,3.485,0,0,0,0,3.595,0,0,0,0,0,0,0,0,0,0,0,0,0,0,0,0,0,0,0,2.771
TM4:bin_000088,0,0,0,0,0,0,0,0,0,0,0,0,0,0,0,0,0,0,0,0,0,0,0,0,0,0,0,0,0,0,0,0,0,0,0,0,0,0,0,0,0,0,0,0,0,0,0,0,0,0,0,0,0,0,0,0,0,0,0,0,0,0,0,0,0,0,0,0,0,0,0,0,0,0,0,0,0,0,0,0,0,0,0,0
TM4:bin_000093,0,0,0,0,0,0,0,0,0,0,0,0,0,0,0,0,0,0,0,0,0,0,0,0,0,0,0,0,0,0,0,0,0,0,0,0,0,0,0,0,0,0,0,0,0,0,0,0,0,0,0,0,0,0,0,0,0,0,0,0,0,0,0,0,0,0,0,0,0,0,0,0,0,0,0,0,0,0,0,0,0,0,0,0
TM4:bin_000095,0,0,0,0,0,0,0,0,0,0,0,0,0,0,0,0,0,0,0,0,0,0,0,0,0,0,0,0,0,0,0,0,0,0,0,0,0,0,0,0,0,0,0,0,0,0,0,0,0,0,0,0,0,0,0,0,0,0,0,0,0,0,0,0,0,0,0,0,0,0,0,0,0,0,0,0,0,0,0,0,0,0,0,0
TM4:bin_000097,0,0,0,0,0,0,0,0,0,0,0,0,0,0,0,0,0,0,0,0,0,0,0,0,0,0,0,0,0,0,0,0,0,0,0,0,0,0,0,0,0,0,0,0,0,0,0,0,0,0,0,0,0,0,0,0,0,0,0,0,0,0,0,0,0,0,0,0,0,0,0,0,0,0,0,0,0,0,0,0,0,0,0,0
TM4:bin_000099,0,0,0,0,0,0,0,0,0,0,0,0,0,0,0,0,0,0,0,0,0,0,0,0,0,0,0,0,0,0,0,0,0,0,0,0,0,0,0,0,0,0,0,0,0,0,0,0,0,0,0,0,0,0,0,0,0,0,0,0,0,0,0,0,0,0,0,0,0,0,0,0,0,0,0,0,0,0,0,0,0,0,0,0
TM4:bin_000106,0,0,0,0,0,0,0,0,0,0,0,0,0,0,0,0,0,0,0,0,0,0,0,0,0,0,0,0,0,0,0,0,0,0,0,0,0,0,0,0,0,0,0,0,0,0,0,0,0,0,0,0,0,0,0,0,0,0,0,0,0,0,0,0,0,0,0,0,0,0,0,0,0,0,0,0,0,0,0,0,0,0,0,0
TM4:bin_000115,0,0,0,0,0,0,0,0,0,0,0,0,0,0,0,0,0,0,0,0,0,0,0,0,0,0,0,0,0,0,0,0,0,0,0,0,0,0,0,0,0,0,0,0,0,0,0,0,0,0,0,0,0,0,0,0,0,0,0,0,0,0,0,0,0,0,0,0,0,0,0,0,0,0,0,0,0,0,0,0,0,0,0,0
TM4:bin_000133,0,0,0,0,0,0,0,0,0,0,0,0,0,0,0,0,0,0,0,0,0,0,0,0,0,0,0,0,0,0,0,0,0,0,0,0,0,0,0,0,0,0,0,0,0,0,0,0,0,0,0,0,0,0,0,0,0,0,0,0,0,0,0,0,0,0,0,0,0,0,0,0,0,0,0,0,0,0,0,0,0,0,0,0
TM4:bin_000144,0,0,0,0,0,0,0,0,0,0,0,0,0,0,0,0,0,0,0,0,0,0,0,0,0,0,0,0,0,0,0,0,0,0,0,0,0,0,0,0,0,0,0,0,0,0,0,0,0,0,0,0,0,0,0,0,0,0,0,0,0,0,0,0,0,0,0,0,0,0,0,0,0,0,0,0,0,0,0,0,0,0,0,0
TM4:bin_000166,0,0,0,0,0,0,0,0,0,0,0,6.319,0,0,0,0,0,0,0,0,0,0,0,0,0,0,0,0,0,0,0,0,0,0,0,0,0,0,0,0,0,0,0,0,0,0,0,0,0,0,0,0,0,0,0,0,0,0,0,0,0,0,0,2.402,0,0,0,0,0,0,0,0,0,0,0,0,0,0,0,0,0,0,0,0
TM4:bin_000184,0,0,0,0,0,0,0,0,0,0,0,0,0,0,0,0,0,0,0,0,0,0,0,0,0,0,0,0,0,0,0,0,0,0,0,0,0,0,0,0,0,0,0,0,0,0,0,0,0,0,0,0,0,0,0,0,0,0,0,0,0,0,0,0,0,0,0,0,0,0,0,0,0,0,0,0,0,0,0,0,0,0,0,0
TM4:bin_000189,0,0,0,0,0,0,0,0,0,0,0,0,0,0,0,0,0,0,0,0,0,0,0,0,0,0,0,0,0,0,0,0,0,0,0,0,0,0,0,0,0,0,0,0,0,0,0,0,0,0,0,0,0,0,0,0,0,0,0,0,0,0,0,0,0,0,0,0,0,0,0,0,0,0,0,0,0,0,0,0,0,0,0,0
TM4:bin_000200,0,0,0,0,0,0,0,0,0,0,0,0,0,0,0,0,0,0,0,0,0,0,0,0,0,0,0,0,0,0,0,0,0,0,0,0,0,0,0,0,0,0,0,0,0,0,0,0,0,0,0,0,0,0,0,0,0,0,0,0,0,0,0,0,0,0,0,0,0,0,0,0,0,0,0,0,0,0,0,0,0,0,0,0
TM4:bin_000204,7.052,3.138,0,0,0,5.345,8.389,5.069,0,5.918,0,7.217,0,0,4.64,7.297,0,0,0,5.846,0,0,3.772,3.142,0,11.773,0,0,4.303,0,2.419,4.886,0,0,2.118,14.246,8.54,0,6.444,6.896,0,0,0,6.029,0,4.075,0,0,0,0,0,0,0,0,2.799,0,3.89,0,9.389,0,0,0,0,4.993,3.341,4.279,0,8.565,3.115,8.007,0,6.184,10.215,0,5.071,0,0,0,7.294,0,0,2.385,0.801,4.618
TM4:bin_000209,0,0,0,0,0,0,0,0,0,0,0,0,0,0,0,0,0,0,0,0,0,0,0,0,0,0,0,0,0,0,0,0,0,0,0,0,0,0,0,0,0,0,0,0,0,0,0,0,0,0,0,0,0,0,0,0,0,0,0,0,0,0,0,0,0,0,0,0,0,0,0,0,0,0,0,0,0,0,0,0,0,0,0,0
TM4:bin_000211,0,0,0,0,0,0,0,0,0,0,0,0,0,0,0,0,0,0,0,0,0,0,0,0,0,0,0,0,0,0,0,0,0,0,0,0,0,0,0,0,0,0,0,0,0,0,0,0,0,0,0,0,0,0,0,0,0,0,0,0,0,0,0,0,0,0,0,0,0,0,0,0,0,0,0,0,0,0,0,0,0,0,0,0
TM4:bin_000216,0,0,0,0,0,0,0,0,0,0,0,0,0,0,0,0,0,0,0,0,0,0,0,0,0,0,0,0,0,0,0,0,0,0,0,0,0,0,0,0,0,0,0,0,0,0,0,0,0,0,0,0,0,0,0,0,0,0,0,0,0,0,0,0,0,0,0,0,0,0,0,0,0,0,0,0,0,0,0,0,0,0,0,0
TM4:bin_000248,0,0,0,0,0,19.418,0,0,0,0,0,0,0,0,0,40.121,0,0,0,0,0,0,0,0,0,0,0,0,3.651,0,0,0,0,0,0,0,0,0,0,0,0,0,0,0,0,0,0,0,0,0,0,0,0,0,0,0,0,0,0,0,0,0,0,0,24.563,0,0,0,0,0,0,0,0,0,0,0,0,0,35.792,0,0,0,0,0
TM4:bin_000249,0,0,6.965,0,22.406,28.259,0,14.882,0,10.446,5.146,18.654,0,0,0,0,13.881,0,0,0,8.824,14.728,0,17.855,0,0,0,0,194.373,0,3.268,0,0,0,2.46,0,13.101,0,4.518,2.316,0,0,4.754,0,0,0,25.454,5.236,6.571,0,0,0,0,0,0,0,0,0,11.734,0,0,0,1.326,15.025,8.901,0,0,0,5.975,0,0,0,14.426,0,36.787,7.864,0,11.184,8.038,0,0,2.513,1.357,7.246
TM4:bin_000259,0,0,0,0,0,0,0,0,0,0,0,0,0,0,0,0,0,0,0,0,0,0,0,0,0,0,0,0,0,0,0,0,0,0,0,0,0,0,0,0,0,0,0,0,0,0,0,0,0,0,0,0,0,0,0,0,0,0,0,0,0,0,0,0,0,0,0,0,0,0,0,0,0,0,0,0,0,0,0,0,0,0,0,0
TM4:bin_000261,0,0,0,0,0,0,0,0,0,0,0,0,0,0,0,0,0,0,0,0,0,0,0,0,0,0,0,0,0,0,0,0,0,0,0,0,0,0,0,0,0,0,0,0,0,0,0,0,0,0,0,0,0,0,0,0,0,0,0,0,0,0,0,0,0,0,0,0,0,0,0,0,0,0,0,0,0,0,0,0,0,0,0,0
TM4:bin_000267,0,0,0,0,0,0,0,0,0,0,0,0,0,0,0,0,0,0,0,0,0,0,0,0,0,0,0,0,0,0,0,0,0,0,0,0,0,0,0,0,0,0,0,0,0,0,0,0,0,0,0,0,0,0,0,0,0,0,0,0,0,0,0,0,0,0,0,0,0,0,0,0,0,0,0,0,0,0,0,0,0,0,0,0
TM4:bin_000275,0,0,0,0,0,0,0,0,0,0,0,0,0,0,0,0,0,0,0,0,0,0,0,0,0,0,0,0,0,0,0,0,0,0,0,0,0,0,0,0,0,0,0,0,0,0,0,0,0,0,0,0,0,0,0,0,0,0,0,0,0,0,0,0,0,0,0,0,0,0,0,0,0,0,0,0,0,0,0,0,0,0,0,0
TM4:bin_000278,0,0,0,0,0,0,0,0,0,0,0,0,0,0,0,0,0,0,0,0,0,0,0,0,0,0,0,0,0,0,0,0,0,0,0,0,0,0,0,0,0,0,0,0,0,0,0,0,0,0,0,0,0,0,0,0,0,0,0,0,0,0,0,0,0,0,0,0,0,0,0,0,0,0,0,0,0,0,0,0,0,0,0,0
TM4:bin_000285,0,0,0,0,0,0,0,0,0,0,0,0,0,0,0,0,0,0,0,0,0,0,0,0,0,0,0,0,0,0,0,0,0,0,0,0,0,0,0,0,0,0,0,0,0,0,0,0,0,0,0,0,0,0,0,0,0,0,0,0,0,0,0,0,0,0,0,0,0,0,0,0,0,0,0,0,0,0,0,0,0,0,0,0
TM4:bin_000286,0,0,0,0,0,0,0,0,0,0,0,0,0,0,0,0,0,0,0,0,0,0,0,0,0,0,0,0,0,0,0,0,0,0,0,0,0,0,0,0,0,0,0,0,0,0,0,0,0,0,0,0,0,0,0,0,0,0,0,0,0,0,0,0,0,0,0,0,0,0,0,0,0,0,0,0,0,0,0,0,0,0,0,0
TM4:bin_000287,0,0,0,0,0,0,0,0,0,0,0,0,0,0,0,0,0,0,0,0,0,0,0,0,0,0,0,0,0,0,0,0,0,0,0,0,0,0,0,0,0,0,0,0,0,0,0,0,0,0,0,0,0,0,0,0,0,0,0,0,0,0,0,0,0,0,0,0,0,0,0,0,0,0,0,0,0,0,0,0,0,0,0,0
TM4:bin_000305,0,0,0,0,0,0,0,0,0,0,0,0,0,0,0,0,0,0,0,0,0,0,0,0,0,0,0,0,0,0,0,0,0,0,0,0,0,0,0,0,0,0,0,0,0,0,0,0,0,0,0,0,0,0,0,0,0,0,0,0,0,0,0,0,0,0,0,0,0,0,0,0,0,0,0,0,0,0,0,0,0,0,0,0
TM4:bin_000312,0,0,0,0,0,0,0,0,0,0,0,0,0,0,0,0,0,0,0,0,0,0,0,0,0,0,0,0,0,0,0,0,0,0,0,0,0,0,0,0,0,0,0,0,0,0,0,0,0,0,0,0,0,0,0,0,0,0,0,0,0,0,0,0,0,0,0,0,0,0,0,0,0,0,0,0,0,0,0,0,0,0,0,0
TM4:bin_000316,0,2.15,0,0,0,4.997,3.612,0,0,0,0,0,0,0,2.348,0,0,0,0,0,0,0,4.301,0,0,0,0,0,3.885,0,0,0,0,0,0,0,0,0,4.435,0,0,0,0,0,0,0,0,0,0,0,0,0,0,0,0,0,3.877,0,0,0,0,0,1.384,2.047,0,0,0,0,4.028,0,0,0,0,0,0,0,0,0,0,0,0,0,0,2.331
