genome,M305077,M305107,M304998,M305006,M305016,M305102,M305085,M304997,M304986,M305090,M305014,M305027,M304990,M305003,M305089,M304996,M305000,M304989,M305004,M304991,M305095,M305010,M304985,M305087,M304995,M305120,M305081,M305123,M305117,M305099,M305079,M305098,M305105,M304999,M305018,M305113,M304987,M305076,M304980,M304983,M305122,M305093,M305022,M305020,M305007,M305094,M305025,M305021,M305091,M305101,M305078,M305104,M305009,M305111,M305002,M305023,M305012,M305115,M305114,M305119,M305017,M305116,M304984,M305100,M305110,M305026,M305080,M304988,M305088,M304993,M305011,M305019,M305013,M305121,M305096,M304981,M305108,M305092,M305082,M305008,M305109,M305103,M304992,M305084
00:bin_000002,2.419,2.805,0,0,3.128,3.949,2.293,0,3.326,4.102,3.008,2.613,2.997,2.674,4.452,0,2.21,5.587,0,0,3.789,0,0,0,2.936,1.547,3.643,0,0,0,2.425,0,2.737,0,0,2.327,0,2.006,13.089,3.534,3.082,2.828,3.259,2.881,4.261,2.67,3.05,4.559,0,0,0,6.294,2.318,2.18,0,0,12.466,1.707,2.459,2.644,0,2.915,0,4.848,2.25,0,4.828,3.057,0,2.783,0,0,2.624,0,2.002,2.223,0,5.066,4.152,2.968,0,3.498,3.369,0
00:bin_000004,6.958,7.704,14.223,4.647,42.501,13.319,9.609,6.255,10.426,3.742,11.669,7.954,8.411,6.52,4.226,9.179,5.081,6.314,10.855,4.368,21.923,6.754,9.763,7.358,11.437,8.614,10.216,0,4.91,3.215,13.612,0.974,16.389,5.503,8.564,7.218,12.646,6.436,42.884,4.563,8.342,2.318,8.672,6.761,6.621,7.35,10.994,16.967,9.158,0,0,12.126,10.35,6.184,4.149,7.745,14.087,4.183,6.133,7.78,0,17.484,0,12.249,4.426,6.156,10.095,11.841,1.723,7.715,0,9.149,7.389,0,8.145,10.429,5.443,9.667,22.026,7.423,4.528,7.496,14.08,2.338
00:bin_000007,0,0,0,0,0,0,0,0,0,0,0,0,0,0,0,0,0,0,0,0,0,0,0,0,0,0,0,0,0,0,0,0,0,0,0,0,0,0,0,0,0,0,0,0,0,0,0,0,0,0,0,0,0,0,0,0,0,0,0,0,0,0,0,0,0,0,0,0,0,0,0,0,0,0,0,0,0,0,0,0,0,0,0,0
00:bin_000010,0,0,0,0,0,0,0,0,0,0,0,0,0,0,0,0,0,0,0,0,0,0,0,0,0,0,0,0,0,0,0,0,0,0,0,0,0,0,0,0,0,0,0,0,0,0,0,0,0,0,0,0,0,0,0,0,0,0,0,0,0,0,0,0,0,0,0,0,0,0,0,0,0,0,0,0,0,0,0,0,0,0,0,0
00:bin_000015,0,0,0,1.899,0,3.199,0,0,3.793,0,15.63,0,2.88,0,1.761,0,2.335,2.722,0,0,2.952,2.725,2.184,0,3.751,4.476,0,0,0,0,0,0,1.559,0,0,2.144,2.71,0,9.078,0,0,1.897,0,0,0,1.865,2.828,2.443,1.608,0,0,3.216,2.149,0,0,0,0,0,2.725,0,0,2.344,0,4.06,2.05,2.178,0,0,0,0,0,0,4.704,0,1.692,0,1.661,3.601,2.308,0,3.935,1.514,0,1.842
00:bin_000024,0,0,0,0,0,4.399,1.693,0,0,0,2.899,0,0,0,3.039,0,0,0,0,0,0,0,0,2.307,0,1.53,1.842,0,0,0,0,0,2.089,0,0,0,0,1.891,2.861,0,0,0,0,0,0,0,0,0,1.82,0,0,2.149,0,0,0,0,0,0,0,0,0,2.627,0,2.745,0,0,1.925,0,0,2.561,0,0,0,0,0,2.233,0,3.202,2.316,0,0,0,0,0
00:bin_000030,0,0,0,0,0,0,0,0,0,0,0,0,0,0,0,0,0,0,0,0,0,0,0,0,0,0,0,0,0,0,0,0,0,0,0,0,0,0,0,0,0,0,0,0,0,0,0,0,0,0,0,0,0,0,0,0,0,0,0,0,0,0,0,0,0,0,0,0,0,0,0,0,0,0,0,0,0,0,0,0,0,0,0,0
00:bin_000037,0,0,0,0,0,0,0,0,0,3.473,0,0,0,0,0,0,0,0,0,0,2.363,0,0,0,0,0,0,0,0,0,0,0,1.495,0,0,0,0,0,3.167,0,0,0,0,0,0,0,0,0,0,0,0,1.763,0,0,0,0,0,0,0,0,0,0,0,0,0,0,0,0,0,0,0,0,0,0,0,0,0,0,1.722,0,0,0,0,0
00:bin_000040,0,0,0,0,0,0,0,0,0,0,0,0,0,0,0,0,0,0,0,0,0,0,0,0,0,0,0,0,0,0,0,0,0,0,0,0,0,0,2.615,0,0,0,0,0,2.088,0,0,0,0,0,0,0,0,0,0,0,0,0,0,0,0,0,0,0,0,0,1.812,0,0,0,0,0,0,0,0,0,0,0,0,0,0,0,0,0
00:bin_000043,0,0,0,0,0,2.509,0,0,0,0,0,0,0,0,0,0,0,0,0,0,0,0,0,0,0,0,0,0,0,0,0,0,0,0,0,0,0,0,0,0,0,0,0,0,0,0,0,0,0,0,0,0,0,0,0,0,0,0,0,0,0,0,0,0,0,0,0,0,0,0,0,0,0,0,0,0,0,0,0,0,0,0,0,0
00:bin_000048,0,0,0,0,0,0,0,0,0,0,0,0,0,0,0,0,0,0,0,0,0,0,0,0,0,0,0,0,0,0,0,0,0,0,0,0,0,0,0,0,0,0,0,0,0,0,0,0,0,0,0,0,0,0,0,0,0,0,0,0,0,0,0,0,0,0,0,0,0,0,0,0,0,0,0,0,0,0,0,0,0,0,0,0
00:bin_000049,0,0,0,0,0,0,0,0,0,0,0,0,0,0,0,0,0,0,0,0,0,0,0,0,0,0,0,0,0,0,0,0,0,0,0,0,0,0,0,0,0,0,0,0,0,0,0,0,0,0,0,0,0,0,0,0,0,0,0,0,0,0,0,0,0,0,0,0,0,0,0,0,0,0,0,0,0,0,0,0,0,0,0,0
00:bin_000052,0,0,0,0,0,0,0,0,0,0,0,0,0,0,0,0,0,0,0,0,0,0,0,0,0,0,0,0,0,0,0,0,0,0,0,0,0,0,0,0,0,0,0,0,0,0,0,0,0,0,0,0,0,0,0,0,0,0,2.248,0,0,0,0,0,0,0,0,0,0,0,0,0,0,0,0,0,0,0,0,0,0,0,0,0
00:bin_000054,0,0,0,0,0,0,0,0,0,0,0,0,0,0,0,0,0,0,0,0,0,0,0,0,0,0,0,0,0,0,0,0,0,0,0,0,0,0,0,0,0,0,0,0,0,0,0,0,0,0,0,0,0,0,0,0,0,0,0,0,0,0,0,0,0,0,0,0,0,0,0,0,0,0,0,0,0,0,0,0,0,0,0,0
00:bin_000057,0,0,0,0,0,0,0,0,0,0,0,0,0,0,0,0,0,0,0,0,0,0,0,0,0,0,0,0,0,0,0,0,0,0,0,0,0,0,0,0,0,0,0,0,0,0,0,0,0,0,0,0,0,0,0,0,0,0,0,0,0,0,0,0,0,0,0,0,0,0,0,0,0,0,0,0,0,0,0,0,0,0,0,0
00:bin_000065,0,0,0,0,0,0,0,0,0,0,0,0,0,0,0,0,0,0,0,0,0,0,0,0,0,0,0,0,0,0,0,0,0,0,0,0,0,0,0,0,0,0,0,0,0,0,0,0,0,0,0,0,0,0,0,0,0,0,0,0,0,0,0,0,0,0,0,0,0,0,0,0,0,0,0,0,0,0,0,0,0,0,0,0
00:bin_000067,0,0,0,0,0,2.442,0,0,0,0,0,0,0,0,1.637,0,0,0,0,0,1.674,0,0,0,0,0,0,0,0,0,0,0,1.931,0,0,0,0,0,3.101,0,0,0,0,0,0,0,0,2.73,0,0,0,2.412,0,0,0,0,0,0,0,0,0,0,0,0,0,0,0,0,0,0,0,0,0,0,0,0,0,0,2.297,0,0,0,0,0
00:bin_000077,0,0,0,0,0,0,0,0,0,0,0,0,0,0,0,0,0,0,0,0,0,0,0,0,0,0,0,0,0,0,0,0,0,0,0,0,0,0,0,0,0,0,0,0,0,0,0,0,0,0,0,0,0,0,0,0,0,0,0,0,0,0,0,0,0,0,0,0,0,0,0,0,0,0,0,0,0,0,0,0,0,0,0,0
00:bin_000098,0,0,0,0,0,0,0,0,0,0,0,0,0,0,0,0,0,0,0,0,0,0,0,0,0,0,0,0,0,0,0,0,0,0,0,0,0,0,0,0,0,0,0,0,0,0,0,0,0,0,0,0,0,0,0,0,0,0,0,0,0,0,0,0,0,0,0,0,0,0,0,0,0,0,0,0,0,0,0,0,0,0,0,0
00:bin_000105,0,0,0,0,0,0,0,0,0,0,0,0,0,0,0,0,0,0,0,0,0,0,0,0,0,0,0,0,0,0,0,0,0,0,0,0,0,0,0,0,0,0,0,0,0,0,0,0,0,0,0,0,0,0,0,0,0,0,0,0,0,0,0,0,0,0,0,0,0,0,0,0,0,0,0,0,0,0,0,0,0,0,0,0
00:bin_000114,0,0,0,0,0,0,0,0,0,0,0,0,0,0,0,0,0,0,0,0,0,0,0,0,0,0,0,0,0,0,0,0,0,0,0,0,0,0,0,0,0,0,0,0,0,0,0,0,0,0,0,0,0,0,0,0,0,0,0,0,0,0,0,0,0,0,0,0,0,0,0,0,0,0,0,0,0,0,0,0,0,0,0,0
00:bin_000122,0,0,0,0,0,0,0,0,0,0,0,0,0,0,0,0,0,0,0,0,0,0,0,0,0,0,0,0,0,0,0,0,0,0,0,0,0,0,0,0,0,0,0,0,0,0,0,0,0,0,0,0,0,0,0,0,0,0,0,0,0,0,0,0,0,0,0,0,0,0,0,0,0,0,0,0,0,0,0,0,0,0,0,0
00:bin_000123,0,0,0,0,0,0,0,0,0,0,0,0,0,0,0,0,0,0,0,0,0,0,0,0,0,0,0,0,0,0,0,0,0,0,0,0,0,0,0,0,0,0,0,0,0,0,0,0,0,0,0,0,0,0,0,0,0,0,0,0,0,0,0,0,0,0,0,0,0,0,0,0,0,0,0,0,0,0,0,0,0,0,0,0
00:bin_000129,0,0,0,0,0,0,0,0,0,0,0,0,0,0,0,0,0,0,0,0,0,0,0,0,0,0,0,0,0,0,0,0,0,0,0,0,0,0,0,0,0,0,0,0,0,0,0,0,0,0,0,0,0,0,0,0,0,0,0,0,0,0,0,0,0,0,0,0,0,0,0,0,0,0,0,0,0,0,0,0,0,0,0,0
00:bin_000144,0,0,0,0,0,0,0,0,0,0,0,0,0,0,0,0,0,0,0,0,0,0,0,0,0,0,0,0,0,0,0,0,0,0,0,0,0,0,0,0,0,0,0,0,0,0,0,0,0,0,0,0,0,0,0,0,0,0,0,0,0,0,0,0,0,0,0,0,0,0,0,0,0,0,0,0,0,0,0,0,0,0,0,0
00:bin_000146,0,0,0,0,0,0,0,0,0,0,0,0,0,0,0,0,0,0,0,0,0,0,0,0,0,0,0,0,0,0,0,0,0,0,0,0,0,0,0,0,0,0,0,0,0,0,0,0,0,0,0,0,0,0,0,0,0,0,0,0,0,0,0,0,0,0,0,0,0,0,0,0,0,0,0,0,0,0,0,0,0,0,0,0
00:bin_000151,0,0,0,0,0,0,0,0,0,0,0,0,0,0,0,0,0,0,0,0,0,0,0,0,0,0,0,0,0,0,0,0,0,0,0,0,0,0,0,0,0,0,0,0,0,0,0,0,0,0,0,0,0,0,0,0,0,0,0,0,0,0,0,0,0,0,0,0,0,0,0,0,0,0,0,0,0,0,0,0,0,0,0,0
00:bin_000159,0,0,0,0,0,1.585,0,0,0,0,0,0,0,0,0,0,0,0,0,0,0,0,0,0,0,0,0,0,0,0,0,0,0,0,0,0,0,0,0,0,2.172,0,0,0,0,0,0,0,0,0,0,0,0,0,0,0,0,0,0,0,0,0,0,0,0,0,0,0,0,0,0,0,0,0,0,0,0,0,0,0,0,0,0,0
00:bin_000162,0,0,0,0,0,0,0,0,0,0,0,0,0,0,0,0,0,0,0,0,0,0,0,0,0,0,0,0,0,0,0,0,0,0,0,0,0,0,0,0,0,0,0,0,0,0,0,0,0,0,0,0,0,0,0,0,0,0,0,0,0,0,0,0,0,0,0,0,0,0,0,0,0,0,0,0,0,0,0,0,0,0,0,0
00:bin_000163,0,0,0,0,0,0,0,0,0,0,0,0,0,0,0,0,0,0,0,0,0,0,0,0,0,0,0,0,0,0,0,0,0,0,0,0,0,0,0,0,0,0,0,0,0,0,0,0,0,0,0,0,0,0,0,0,0,0,0,0,0,0,0,0,0,0,0,0,0,0,0,0,0,0,0,0,0,0,0,0,0,0,0,0
00:bin_000167,0,0,0,0,0,1.563,0,0,0,0,0,0,0,0,0,0,0,0,0,0,0,0,0,0,0,0,0,0,0,0,0,0,0,0,0,0,0,0,0,0,0,0,0,0,0,0,0,0,0,0,0,0,0,0,0,0,0,0,0,0,0,0,0,1.868,0,0,0,0,0,0,0,0,0,0,0,0,0,0,0,0,0,0,0,0
00:bin_000171,0,0,0,0,0,0,0,0,0,0,0,0,0,0,0,0,0,0,0,0,0,0,0,0,0,0,0,0,0,0,0,0,0,0,0,0,0,0,0,0,0,0,0,0,0,0,0,0,0,0,0,0,0,0,0,0,0,0,0,0,0,0,0,0,0,0,0,0,0,0,0,0,0,0,0,0,0,0,0,0,0,0,0,0
00:bin_000175,0,0,0,0,0,0,0,0,0,0,0,0,0,0,0,0,0,0,0,0,0,0,0,0,0,0,0,0,0,0,0,0,0,0,0,0,0,0,0,0,0,0,0,0,0,0,0,0,0,0,0,0,0,0,0,0,0,0,0,0,0,0,0,0,0,0,0,0,0,0,0,0,0,0,0,0,0,0,0,0,0,0,0,0
00:bin_000181,0,0,0,0,0,0,0,0,0,0,0,0,0,0,0,0,0,0,0,0,0,0,0,0,0,0,0,0,0,0,0,0,0,0,0,0,0,0,0,0,0,0,0,0,0,0,0,0,0,0,0,0,0,0,0,0,0,0,0,0,0,0,0,0,0,0,0,0,0,0,0,0,0,0,0,0,0,0,0,0,0,0,0,0
00:bin_000184,0,0,0,0,0,0,0,0,0,0,0,0,0,0,0,0,0,0,0,0,0,0,0,0,0,0,0,0,0,0,0,0,0,0,0,0,0,0,0,0,0,0,0,0,0,0,0,0,0,0,0,0,0,0,0,0,0,0,0,0,0,0,0,0,0,0,0,0,0,0,0,0,0,0,0,0,0,0,0,0,0,0,0,0
00:bin_000194,0,0,0,0,0,0,0,0,0,0,0,0,0,0,0,0,0,0,0,0,0,0,0,0,0,0,0,0,0,0,0,0,0,0,0,0,0,0,0,0,0,0,0,0,0,0,0,0,0,0,0,0,0,0,0,0,0,0,0,0,0,0,0,0,0,0,0,0,0,0,0,0,0,0,0,0,0,0,0,0,0,0,0,0
00:bin_000198,0,0,0,0,0,0,0,0,0,0,0,0,0,0,0,0,0,0,0,0,0,0,0,0,0,0,0,0,0,0,0,0,0,0,0,0,0,0,0,0,0,0,0,0,0,0,0,0,0,0,0,0,0,0,0,0,0,0,0,0,0,0,0,0,0,0,0,0,0,0,0,0,0,0,0,0,0,0,0,0,0,0,0,0
00:bin_000200,2.806,3.1,6.397,2.334,17.731,6.09,3.655,2.878,3.196,0,5.537,4.998,6.23,2.531,0,4.263,3.019,3.864,3.016,0,13.529,0,0,3.93,5.783,3.638,6.959,0,3.011,0,5,0,7.383,2.513,0,0,8.275,2.865,31.982,3.57,6.928,0,4.037,2.701,0,3.499,4.365,5.081,0,0,0,5.268,7.139,2.043,0,2.723,6.861,3.184,2.878,4.086,0,10.117,0,6.615,0,4.088,5.531,4.82,1.575,3.796,0,4.643,0,0,4.799,3.576,1.794,2.498,7.394,0,0,2.302,3.412,0
00:bin_000204,0,0,0,0,0,0,0,0,0,0,0,0,0,0,0,0,0,0,0,0,0,0,0,0,0,0,0,0,0,0,0,0,0,0,0,0,0,0,0,0,0,0,0,0,0,0,0,0,0,0,0,0,0,0,0,0,0,0,0,0,0,0,0,0,0,0,0,0,0,0,0,0,0,0,0,0,0,0,0,0,0,0,0,0
00:bin_000205,0,0,0,0,0,0,0,0,0,0,0,0,0,0,0,0,0,0,0,0,0,0,0,0,0,0,0,0,0,0,0,0,0,0,0,0,0,0,0,0,0,0,0,0,0,0,0,0,0,0,0,0,0,0,0,0,0,0,0,0,0,0,0,0,0,0,0,0,0,0,0,0,0,0,0,0,0,0,0,0,0,0,0,0
00:bin_000212,4.897,0,4.356,0,4.01,10.47,3.066,2.364,5.044,0,16.259,3.68,8.151,0,3.985,4.727,1.977,3.913,0,8.567,3.737,2.408,0,2.565,0,2.654,6.36,0,4.739,0,7.706,0.725,13.231,2.679,3.867,6.638,0,2.939,9.04,0,4.252,3.863,8.33,0,4.258,2.68,5.945,4.054,3.366,0,0,14.183,3.877,5.135,2.882,0,6.446,2.938,5.919,6.806,0,13.173,0,7.307,9.522,5.336,1.933,3.058,5.134,10.359,0,4.919,9.679,0,2.513,5.126,3.557,14.602,9.657,3.545,9.843,4.625,5.08,2.95
00:bin_000217,0,0,0,0,0,0,0,0,0,0,0,0,0,0,0,0,0,0,0,0,0,0,0,0,0,0,0,0,0,0,0,0,0,0,0,0,0,0,0,0,0,0,0,0,0,0,0,0,0,0,0,0,0,0,0,0,0,0,0,0,0,1.3,0,0,0,0,0,0,0,0,0,0,0,0,0,0,0,0,0,0,0,0,0,0
00:bin_000221,0,0,0,0,0,0,0,0,0,0,0,0,0,0,0,0,0,0,0,0,0,0,0,0,0,0,0,0,0,0,0,0,0,0,0,0,0,0,0,0,0,0,0,0,0,0,0,0,0,0,0,0,0,0,0,0,0,0,0,0,0,0,0,0,0,0,0,0,0,0,0,0,0,0,0,0,0,0,0,0,0,0,0,0
00:bin_000228,10.318,0,0,0,0,1.528,1.893,0,5.529,2.05,4.867,4.698,4,0,4.738,4.055,0,2.618,0,0,2.932,0,0,0,0,2.159,0,0,0,0,0,0,1.971,0,0,2.112,0,2.456,15.294,0,0,2.171,0,2.251,4.827,0,0,2.78,2.18,0,0,3.67,0,0,0,0,0,2.343,3.444,0,0,6.229,0,8.715,3.411,1.76,2.829,3.67,0,3.114,0,2.853,0,0,2.659,0,0,3.229,3.267,3.108,4.442,1.499,2.519,0
00:bin_000232,0,0,0,0,0,0,0,0,0,0,0,0,0,0,0,0,0,0,0,0,0,0,0,0,0,0,0,0,0,0,0,0,0,0,0,0,0,0,0,0,0,0,0,0,0,0,0,0,0,0,0,0,0,0,0,0,0,0,0,0,0,0,0,0,0,0,0,0,0,0,0,0,0,0,0,0,0,0,0,0,0,0,0,0
00:bin_000238,0,0,0,0,0,0,0,0,0,0,0,0,0,0,0,0,0,0,0,0,0,0,0,0,0,0,0,0,0,0,0,0,0,0,0,0,0,0,0,0,0,0,0,0,0,0,0,0,0,0,0,0,0,0,0,0,0,0,0,0,0,0,0,0,0,0,0,0,0,0,0,0,0,0,0,0,0,0,0,0,0,0,0,0
00:bin_000241,0,0,0,0,0,0,0,0,0,0,0,0,0,0,0,0,0,0,0,0,0,0,0,0,0,0,0,0,0,0,0,0,0,0,0,0,0,0,0,0,0,0,0,0,0,0,0,0,0,0,0,0,0,0,0,0,0,0,0,0,0,5.635,0,0,0,0,0,0,0,0,0,0,0,0,0,0,0,0,0,0,0,0,0,0
00:bin_000243,0,0,0,0,0,0,0,0,0,0,0,0,0,0,0,0,0,0,0,0,0,0,0,0,0,0,0,0,0,0,0,0,0,0,0,0,0,0,0,0,0,0,0,0,0,0,0,0,0,0,0,0,0,0,0,0,0,0,0,0,0,0,0,0,0,0,0,0,0,0,0,0,0,0,0,0,0,0,0,0,0,0,0,0
00:bin_000285,0,0,0,0,0,0,0,0,0,0,0,0,0,0,0,0,0,0,0,0,0,0,0,0,0,0,0,0,0,0,0,0,0,0,0,0,0,0,0,0,0,0,0,0,0,0,0,0,0,0,0,0,0,0,0,0,0,0,0,0,0,0,0,0,0,0,0,0,0,0,0,0,0,0,0,0,0,0,0,0,0,0,0,0
00:bin_000287,0,0,0,0,0,0,0,0,0,0,0,0,0,0,0,0,0,0,0,0,0,0,0,0,0,0,0,0,0,0,0,0,0,0,0,0,0,0,0,0,0,0,0,0,0,0,0,0,0,0,0,0,0,0,0,0,0,0,0,0,0,0,0,0,0,0,0,0,0,0,0,0,0,0,0,0,0,0,0,0,0,0,0,0
00-TM1:bin_000014,0,0,0,0,0,0,0,0,0,0,0,0,0,0,0,0,0,0,0,0,0,0,0,0,0,0,0,0,0,0,0,0,0,0,0,0,0,0,0,0,0,0,0,0,0,0,0,0,0,0,0,0,0,0,0,0,3.52,0,0,0,0,0,0,0,0,0,0,0,0,0,0,0,0,0,0,0,0,0,0,0,0,0,0,0
00-TM1:bin_000022,17.954,12.72,11.613,9.056,16.895,44.187,11.244,10.707,23.354,23.284,57.776,19.839,21.022,11.959,26.492,8.109,12.506,19.134,12.769,14.223,22.949,11.381,16.714,10.367,24.922,10.88,24.595,0,10.253,5.256,20.835,3.124,35.517,10.148,19.127,16.162,13.606,13.649,69.791,29.411,20.754,14.828,19.799,9.954,29.089,17.584,17.129,37.982,20.163,4.554,2.202,26.152,24.695,16.57,11.032,12.698,30.55,12.584,8.245,15.177,0,21.552,0,28.229,14.997,12.8,26.55,26.576,14.414,15.775,0,17.617,23.213,0,16.943,15.414,6.817,34.5,28.192,14.792,10.889,14.952,22.852,8.983
00-TM1:bin_000047,0,0,0,0,0,0,0,0,0,0,0,0,0,0,0,0,0,0,0,0,0,0,0,0,0,0,0,0,0,0,0,0,0,0,0,0,0,0,0,0,0,0,0,0,0,0,0,0,0,0,0,0,0,0,0,0,0,0,0,0,0,0,0,0,0,0,0,0,0,0,0,0,0,0,0,0,0,0,0,0,0,0,0,0
00-TM1:bin_000048,0,0,0,0,0,0,0,0,0,0,0,0,0,0,0,0,0,0,0,0,0,0,0,0,0,0,0,0,0,0,0,0,0,0,0,0,0,0,0,0,0,0,0,0,0,0,0,0,0,0,0,0,0,0,0,0,0,0,0,0,0,0,0,0,0,0,0,0,0,0,0,0,0,0,0,0,0,0,0,0,0,0,0,0
00-TM1:bin_000056,0,0,0,0,0,0,0,0,0,0,0,0,0,0,0,0,0,0,0,0,0,0,0,0,0,0,0,0,0,0,0,0,0,0,0,0,0,0,0,0,0,0,0,0,0,0,0,0,0,0,0,0,0,0,0,0,0,0,0,0,0,0,0,0,0,0,0,0,0,0,0,0,0,0,0,0,0,0,0,0,0,0,0,0
00-TM1:bin_000074,0,0,0,0,0,0,0,0,0,0,0,0,0,0,0,0,0,0,0,0,0,0,0,0,0,0,0,0,0,0,0,0,0,0,0,0,0,0,0,0,0,0,0,0,0,0,0,0,0,0,0,0,0,0,0,0,0,0,0,0,0,0,0,0,0,0,0,0,0,0,0,0,0,0,0,0,0,0,0,0,0,0,0,0
00-TM1:bin_000078,0,0,0,0,0,2.137,0,0,0,0,0,0,0,0,0,0,0,0,0,0,0,0,0,0,0,0,1.783,0,0,0,0,0,0,0,0,0,0,0,0,0,0,0,0,0,0,0,0,0,0,0,0,0,0,0,0,0,0,0,0,0,0,0,0,0,0,0,0,0,0,0,0,0,0,0,0,0,0,0,0,0,0,0,0,0
00-TM1:bin_000084,0,0,0,0,0,0,0,0,0,0,0,0,0,0,0,0,0,0,0,0,0,0,0,0,0,0,0,0,0,0,0,0,0,0,0,0,0,0,0,0,0,0,0,0,0,0,0,0,0,0,0,0,0,0,0,0,0,0,0,0,0,0,0,0,0,0,0,0,0,0,0,0,0,0,0,0,0,0,0,0,0,0,0,0
00-TM1:bin_000088,0,0,0,0,0,0,0,0,0,0,0,0,0,0,0,0,0,0,0,0,0,0,0,0,0,0,0,0,0,0,0,0,0,0,0,0,0,0,0,0,0,0,0,0,0,0,0,0,0,0,0,0,0,0,0,0,0,0,0,0,0,0,0,0,0,0,0,0,0,0,0,0,0,0,0,0,0,0,0,0,0,0,0,0
00-TM1:bin_000099,0,0,0,0,0,0,0,0,0,0,0,0,0,0,0,0,0,0,0,0,0,0,0,0,0,0,0,0,0,0,0,0,0,0,0,0,0,0,0,0,0,0,0,0,0,0,0,0,0,0,0,0,0,0,0,0,0,0,0,0,0,0,0,0,0,0,0,0,0,0,0,0,0,0,0,0,0,0,0,0,0,0,0,0
00-TM1:bin_000117,0,0,0,0,0,0,0,0,0,0,0,0,0,0,0,0,0,0,0,0,0,0,0,0,0,0,0,0,0,0,0,0,0,0,0,0,0,0,0,0,0,0,0,0,0,0,0,0,0,0,0,0,0,0,0,0,0,0,0,0,0,1.312,0,0,0,0,0,0,0,0,0,0,0,0,0,0,0,0,0,0,0,0,0,0
00-TM1:bin_000135,0,0,0,0,0,2.952,0,0,0,0,0,0,0,0,0,0,0,0,0,0,0,0,0,0,0,0,0,0,0,0,0,0,2.114,0,0,0,0,0,0,0,0,0,0,0,0,0,0,0,0,0,0,0,0,0,0,0,0,0,0,0,0,2.881,0,2.521,0,0,0,0,0,0,0,0,0,0,0,0,0,0,0,0,0,0,0,0
00-TM2:bin_000005,0,0,0,0,0,0,0,0,0,0,0,0,0,0,0,0,0,0,0,0,0,0,0,0,0,0,0,0,0,0,0,0,0,0,0,0,0,0,0,0,0,0,0,0,0,0,0,0,0,0,0,0,0,0,0,0,0,0,0,0,0,0,0,0,0,0,0,0,0,0,0,0,0,0,0,0,0,0,0,0,0,0,0,0
00-TM2:bin_000007,17.525,13.831,14.152,8.664,20.501,34.654,10.247,6.165,26.888,20.342,39.796,18.381,21.203,10.244,23.631,7.933,12.822,21.389,12.012,14.575,33.828,13.557,15.794,13.257,19.784,10.563,22.049,0,9.946,5.422,15.706,2.382,35.299,11.703,11.583,16.048,14.676,14.912,74.194,21.706,21.617,13.666,24.513,14.887,21.201,13.979,16.642,31.88,17.517,3.271,0,29.323,20.303,15.905,11.157,11.762,28.662,13.798,9.226,9.373,0,28.362,0,33.782,11.442,10.655,29.066,22.529,16.246,18.497,0,19.54,16.319,0,17.494,27.117,7.629,22.647,35.008,14.301,11.668,12.16,25.189,5.924
00-TM2:bin_000016,40.404,26.993,21.641,17.409,38.996,75.019,24.35,21.367,47.085,45.811,88.481,38.325,48.197,23.561,38.517,28.696,28.308,37.675,33.292,21.747,61.186,42.934,37.066,25.974,44.751,21.401,50.733,0,21.982,7.68,36.128,6.086,64.056,21.465,28.558,40.424,31.101,34.438,142.626,53.792,45.193,39.827,48.63,30.428,61.307,24.308,37.663,77.349,39.232,8.926,4.929,60.789,39.408,31.272,19.423,32.145,63.514,30.06,19.767,32.238,2.534,55.834,2.694,67.434,39.588,34.29,53.996,41.056,32.809,40.977,0,39.315,36.279,0,36.967,42.019,18.825,63.465,76.689,44.075,31.115,32.844,43.215,13.841
00-TM2:bin_000034,0,0,0,0,0,0,0,0,0,0,0,0,0,0,0,0,0,0,0,0,0,0,0,0,0,0,0,0,0,0,0,0,0,0,0,0,0,0,0,0,0,0,0,0,0,0,0,0,0,0,0,0,0,0,0,0,0,0,0,0,0,0,0,0,0,0,0,0,0,0,0,0,0,0,0,0,0,0,0,0,0,0,0,0
00-TM2:bin_000054,0,0,0,0,0,0,0,0,0,0,0,0,0,0,0,0,0,0,0,0,0,0,0,0,0,0,0,0,0,0,0,0,0,0,0,0,0,0,0,0,0,0,0,0,0,0,0,0,0,0,0,0,0,0,0,0,0,0,0,0,0,0,0,0,0,0,0,0,0,0,0,0,0,0,0,0,0,0,0,0,0,0,0,0
00-TM2:bin_000080,11.567,6.798,0,0,6.002,15.084,5.215,3.125,7.917,16.168,11.732,2.514,5.615,0,5.382,4.921,2.793,4.122,2.966,0,4.147,0,3.145,5.874,5.428,3.562,10.677,0,2.788,0,4.103,0.89,9.815,2.767,6.347,6.726,6.469,7.462,15.512,4.049,5.271,8.513,7.558,0,10.919,4.655,8.057,6.761,8.658,0,0,11.629,5.474,3.117,2.409,5.03,5.627,7.132,7.354,2.46,0,6.488,0,10.358,17.208,4.558,7.512,0,0,9.044,0,4.631,5.427,0,5.228,3.755,5.929,5.201,12.641,2.827,12.057,11.555,5.774,8.174
00-TM2:bin_000086,0,0,0,0,0,0,0,0,0,0,0,0,0,0,0,0,0,0,0,0,0,0,0,0,0,0,0,0,0,0,0,0,0,0,0,0,0,0,0,0,0,0,0,0,0,0,0,0,0,0,0,0,0,0,0,0,0,0,0,0,0,0,0,0,0,0,0,0,0,0,0,0,0,0,0,0,0,0,0,0,0,0,0,0
00-TM2:bin_000116,0,0,0,0,0,0,0,0,0,0,0,0,0,0,0,0,0,0,0,0,0,0,0,0,0,0,0,0,0,0,0,0,0,0,0,0,0,0,0,0,0,0,0,0,0,0,0,0,0,0,0,0,0,0,0,0,0,0,0,0,0,0,0,0,0,0,0,0,0,0,0,0,0,0,0,0,0,0,0,0,0,0,0,0
00-TM3:bin_000043,0,0,0,0,0,0,0,0,0,0,0,0,0,0,0,0,0,0,0,0,0,0,0,0,0,0,0,0,0,0,0,0,0,0,0,0,0,0,0,0,0,0,0,0,0,0,0,0,0,0,0,0,0,0,0,0,0,0,0,0,0,0,0,0,0,0,0,0,0,0,0,0,0,0,0,0,0,0,0,0,0,0,0,0
00-TM3:bin_000053,0,0,0,0,0,0,0,0,0,0,0,0,0,0,0,0,0,0,0,0,0,0,0,0,0,0,0,0,0,0,0,0,0,0,0,0,0,0,0,0,0,0,0,0,0,0,0,0,0,0,0,0,0,0,0,0,0,0,0,0,0,0,0,0,0,0,0,0,0,0,0,0,0,0,0,0,0,0,0,0,0,0,0,0
00-TM3:bin_000079,0,0,0,0,0,0,0,0,0,0,0,0,0,0,0,0,0,0,0,0,0,0,0,0,0,0,0,0,0,0,0,0,0,0,0,0,0,0,0,0,0,0,0,0,0,0,0,0,0,0,0,0,0,0,0,0,0,0,0,0,0,0,0,0,0,0,0,0,0,0,0,0,0,0,0,0,0,0,0,0,0,0,0,0
00-TM4:bin_000006,11.059,4.143,2.929,2.258,8.091,14.768,13.55,3.047,7.628,4.177,13.881,5.764,9.908,3.102,12.906,5.809,6.379,9.125,6.017,4.554,8.579,4.626,5.954,4.485,7.939,6.613,9.582,0,4.097,1.708,5.534,2.413,13.038,6.137,5.612,5.485,6.868,5.943,28.72,7.843,6.388,5.755,9.491,3.434,7.556,4.451,6.31,14.221,17.214,1.578,0,12.945,16.34,5.572,3.663,3.578,14.113,3.484,4.286,5.447,0,18.346,0,9.757,6.273,5.562,13.173,9.065,4.449,7.855,0,26.032,6.841,0,5.401,8.376,3.963,12.551,11.526,6.798,4.333,5.834,6.926,0
00-TM4:bin_000010,23.106,17.509,14.589,10.597,18.345,68.191,12.778,14.329,23.906,23.799,48.133,22.349,28.175,14.715,27.906,12.591,12.786,18.419,20.975,18.152,29.936,15.038,26.152,15.352,20.896,12.631,32.53,0,13.725,5.013,17.929,3.374,35.048,15.35,17.173,18.349,21.87,17.971,84.988,30.055,29.26,15.083,27.724,21.272,31.104,23.35,22.753,46.314,21.938,4.594,1.878,33.824,22.062,19.349,12.744,15.129,38.706,20.964,10.197,19.567,0,30.363,0,43.24,23.649,14.788,36.166,28.646,15.765,24.435,0,23.949,25.581,0,23.93,25.134,8.126,33.555,40.315,22.785,11.499,15.372,24.627,10.947
00-TM4:bin_000018,0,0,0,0,0,0,0,0,0,0,0,0,0,0,0,0,0,0,0,0,0,0,0,0,0,0,0,0,0,0,0,0,0,0,0,0,0,0,0,0,0,0,0,0,0,0,0,0,0,0,0,0,0,0,0,0,0,0,0,0,0,0,0,0,0,0,0,0,0,0,0,0,0,0,0,0,0,0,0,0,0,0,0,0
00-TM4:bin_000030,14.073,12.034,11.69,9.41,16.541,38.073,10.483,9.545,16.662,13.955,36.737,19.151,18.681,9.532,21.103,9.254,8.88,13.181,16.018,10.64,24.733,13.112,19.162,9.572,19.943,8.397,23,0,9.559,4.079,22.642,2.566,32.636,11.042,12.88,18.549,12.971,15.785,53.793,21.532,25.183,16.626,22.318,11.51,28.4,19.246,10.844,33.417,19.743,4.099,1.597,31.577,13.86,14.788,8.765,17.318,26.737,13.717,7.362,13.819,0,19.19,0,29.194,14.231,15.105,28.226,14.542,11.414,17.056,0,14.86,19.293,0,19.763,18.711,7.357,27.199,30.439,13.629,12.062,15.923,17.469,8.881
00-TM4:bin_000036,3.359,0,0,0,3.567,1.689,0,0,0,1.527,2.94,0,3.272,0,0,3.049,0,0,4.858,0,0,0,0,0,2.83,72.236,71.149,0,0,5.597,2.069,0,0,0,0,0,0,5.312,5.491,0,0,0,0,2.568,3.052,1.745,0,0,0,2.103,0,6.245,2.011,2.017,0,0,4.014,2.962,0,0,0,7.64,0,15.784,3.839,2.319,0,0,0,3.424,0,0,0,0,3.069,3.137,0,0,2.609,0,0,0,0,0
07:bin_000036,0,0,0,0,0,0,0,0,0,0,0,0,0,0,0,0,0,0,0,0,0,0,0,0,0,0,0,0,0,0,0,0,0,0,0,0,0,0,0,0,0,0,0,0,0,0,0,0,0,0,0,0,0,0,0,0,0,0,0,0,0,0,0,0,0,0,0,0,0,0,0,0,0,0,0,0,0,0,0,0,0,0,0,0
07:bin_000056,0,0,0,0,0,2.337,2.205,0,0,2.502,0,0,0,0,0,0,0,0,0,0,0,0,0,0,0,0,0,0,0,0,0,0,0,0,0,0,0,0,0,0,0,0,0,0,0,0,0,0,0,0,0,0,0,0,0,0,0,0,0,0,0,2.422,0,0,0,0,0,0,0,0,0,0,0,0,0,0,0,1.98,0,0,0,0,0,0
07:bin_000064,2.4,0,0,0,0,4.075,0,1.965,2.493,3.971,7.531,0,2.97,2.482,0,0,0,3.658,0,0,3.195,0,0,2.136,0,0,3.259,0,0,0,2.119,0,3.981,0,0,1.644,0,1.632,6.859,3.696,2.499,0,0,0,0,1.978,0,0,2.431,0,0,3.575,3.456,1.756,2.133,0,3.958,0,0,2.029,0,0,0,3.286,1.672,1.9,3.603,5.452,3.213,0,0,0,2.713,0,1.766,2.109,1.835,4.626,4.256,0,1.502,5.615,4.748,0
07:bin_000080,0,0,0,0,0,0,0,0,0,0,0,0,0,0,0,0,0,0,0,0,0,0,0,0,0,0,0,0,0,0,0,0,0,0,0,0,0,0,0,0,0,0,0,0,0,0,0,0,0,0,0,0,0,0,0,0,0,0,0,0,0,0,0,0,0,0,0,0,0,0,0,0,0,0,0,0,0,0,0,0,0,0,0,0
07:bin_000086,0,0,0,0,0,2.01,0,0,0,0,0,0,0,0,0,0,0,0,0,0,0,0,0,0,0,0,0,0,0,0,0,0,1.838,0,0,0,0,0,0,0,0,0,0,0,0,0,0,0,0,0,0,0,0,0,0,0,0,0,0,0,0,2.692,0,0,0,0,0,0,0,0,0,0,0,0,0,0,0,0,0,0,0,0,0,0
07:bin_000111,0,0,0,0,0,0,0,0,0,0,0,0,0,0,0,0,0,0,0,0,0,0,0,0,0,0,0,0,0,0,0,0,0,0,0,0,0,0,0,0,0,0,0,0,0,0,0,0,0,0,0,0,0,0,0,0,0,0,0,0,0,0,0,0,0,0,0,0,0,0,0,0,0,0,0,0,0,0,0,0,0,0,0,0
07:bin_000158,7.662,7.854,15.257,4.751,76.973,8.627,10.802,2.495,9.897,2.564,9.952,10.302,16.678,3.419,6.874,11.978,8.218,8.341,8.966,2.449,27.211,9.364,6.419,7.51,8.767,12.004,15.082,0,6.509,0,7.569,1.382,18.16,6.185,6.717,4.911,9.75,5.158,111.629,3.545,9.752,3.567,13.238,6.623,5.548,6.795,14.379,11.754,5.826,1.672,1.691,14.347,11.516,9.549,3.436,0,15.772,7.513,12.057,3.004,0,27.734,0,17.772,6.026,10.666,11.506,5.081,4.076,11.03,0,11.012,6.929,0,5.566,9.902,1.905,15.035,20.293,5.593,4.662,8.507,5.783,2.399
07:bin_000176,2.15,0,0,0,0,4.328,0,0,0,0,0,0,0,0,0,2.603,0,0,0,0,0,0,0,0,0,0,0,0,0,0,0,0,0,0,0,0,0,1.593,0,0,0,0,0,0,0,0,0,0,0,0,0,0,0,0,0,0,0,0,26.154,0,0,4.117,0,0,0,0,0,0,0,0,0,0,0,0,0,0,3.9,0,0,0,1.571,0,0,0
07-TM1:bin_000001,0,0,0,0,0,0,0,0,0,0,0,0,0,0,0,0,0,0,0,0,0,0,0,0,0,0,0,0,0,0,0,0,0,0,0,0,0,0,0,0,0,0,0,0,0,0,0,0,0,0,0,0,0,0,0,0,0,0,0,0,0,0,0,0,0,0,0,0,0,0,0,0,0,0,0,0,0,0,0,0,0,0,0,0
07-TM2:bin_000008,14.179,7.177,0,7.266,6.978,27.505,14.565,2.568,0,17.217,19.094,5.257,3.454,9.413,8.796,9.066,3.039,0,3.209,0,5.746,0,4.558,10.303,5.663,8.29,2.499,0,9.225,0,2.596,0.903,17.906,0,3.571,8.145,0,13.323,3.363,4.57,4.939,3.131,5.04,2.927,17.902,4.66,0,3.527,10.912,3.752,0,10.913,0,7.009,2.869,9.57,25.992,9.27,4.58,7.518,0,25.448,0,13.241,11.521,0,3.169,5.927,10.722,7.448,0,3.639,8.788,0,5.026,4.895,6.345,17.551,2.774,0,6.148,8.067,2.43,5.849
07-TM2:bin_000021,1.953,0,0,0,0,2.413,0,0,0,0,0,0,0,0,1.727,0,0,0,0,0,0,0,0,1.84,0,0,0,0,2.075,0,0,0,2.1,0,0,1.646,0,1.74,0,0,1.775,0,0,0,2.351,0,0,0,0,0,0,2.426,0,0,0,0,0,0,0,0,0,8.515,0,1.811,3.051,0,0,0,1.779,0,0,0,0,0,0,0,1.751,2,0,0,2.034,0,0,0
07-TM4:bin_000002,0,0,0,0,0,0,0,0,0,0,0,0,0,0,0,0,0,0,0,0,0,0,0,0,0,0,0,0,0,0,0,0,0,0,0,0,0,0,0,0,0,0,0,0,0,0,0,0,0,0,0,0,0,0,0,0,0,0,0,0,0,0,0,0,0,0,0,0,0,0,0,0,0,0,0,0,0,0,0,0,0,0,0,0
07-TM4:bin_000027,0,0,0,0,0,0,0,0,0,0,0,0,0,0,0,0,0,0,0,0,0,0,0,0,0,0,0,0,0,0,0,0,0,0,0,0,0,0,0,0,0,0,0,0,0,0,0,0,0,0,0,0,0,0,0,0,0,0,0,0,0,0,0,0,0,0,0,0,0,0,0,0,0,0,0,0,0,0,0,0,0,0,0,0
07-TM4:bin_000032,0,0,0,0,0,0,0,0,0,0,0,0,0,0,0,0,0,0,0,0,0,0,0,0,0,0,0,0,0,0,0,0,0,0,0,0,0,0,0,0,0,0,0,0,0,0,0,0,0,0,0,0,0,0,0,0,0,0,0,0,0,0,0,0,0,0,0,0,0,0,0,0,0,0,0,0,0,0,0,0,0,0,0,0
07-TM4:bin_000058,0,0,0,0,0,0,0,0,0,0,0,0,0,0,0,0,0,0,0,0,0,0,0,0,0,0,0,0,0,0,0,0,0,0,0,0,0,0,0,0,0,0,0,0,0,0,0,0,0,0,0,0,0,0,0,0,0,0,0,0,0,0,0,0,0,0,0,0,0,0,0,0,0,0,0,0,0,0,0,0,0,0,0,0
07-TM4:bin_000059,0,0,0,0,0,0,0,0,0,0,0,0,0,0,0,0,0,0,0,0,0,0,0,0,0,0,0,0,0,0,0,0,0,0,0,0,0,0,0,0,0,0,0,0,0,0,0,0,0,0,0,0,0,0,0,0,0,0,0,0,0,0,0,0,0,0,0,0,0,0,0,0,0,0,0,0,0,0,0,0,0,0,0,0
07-TM4:bin_000064,0,0,0,0,0,0,0,0,0,0,0,0,0,0,0,0,0,0,0,0,0,0,0,0,0,0,0,0,0,0,0,0,0,0,0,0,0,0,0,0,0,0,0,0,0,0,0,0,0,0,0,0,0,0,0,0,0,0,0,0,0,0,0,0,0,0,0,0,0,0,0,0,0,0,0,0,0,0,0,0,0,0,0,0
14:bin_000004,1.603,0,0,0,13.115,0,0,0,0,4.647,7.766,0,0,0,7.603,0,0,0,0,14.313,0,0,0,10.213,0,3.166,4.08,0,2.646,0,0,0,9.285,5.757,0,0,0,0,0,37.768,4.307,0,8.478,0,0,2.869,2.419,243.652,2.513,0,0,2.104,5.274,27.57,2.476,0,21.255,0,0,2.838,0,1.741,0,90.299,0,4.423,2.008,11.315,0,0,0,0,0,0,0,7.302,0,0,48.698,2.123,0,0,0,0
14:bin_000010,0,0,0,0,0,2.369,0,0,0,0,3.66,0,2.285,0,1.633,0,0,0,0,0,2.116,0,0,0,2.536,0,2.584,0,0,0,0,0,1.648,0,0,2.006,0,0,7.037,0,1.643,0,2.26,0,0,0,0,2.97,0,0,0,2.653,0,0,0,0,0,1.714,0,0,0,0,0,2.284,0,1.795,2.896,0,0,0,0,0,0,0,0,2.374,0,1.716,2.739,2.445,0,0,0,0
14:bin_000014,0,0,0,0,0,0,0,0,0,0,0,0,0,0,0,0,0,0,0,0,0,0,0,0,0,0,0,0,0,0,0,0,0,0,0,0,0,0,0,0,0,0,0,0,0,0,0,0,0,0,0,0,0,0,0,0,0,0,0,0,0,0,0,0,0,0,0,0,0,0,0,0,0,0,0,0,0,0,0,0,0,0,0,0
14:bin_000062,3.907,0,0,0,4.208,2.417,1.422,1.736,4.359,2.13,6.698,2.616,5.436,0,3.352,3.795,2.429,2.955,2.515,0,1.698,0,0,1.607,0,3.614,0,0,3.22,0,1.833,0,4.229,0,0,2.553,0,1.726,7.704,0,2.986,3.301,0,0,1.975,0,6.9,3.352,1.525,0,0,3.378,0,1.876,0,0,3.3,2.054,2.594,2.217,0,12.758,0,6.243,3.898,1.947,2.564,2.07,1.344,3.292,0,2.451,2.336,0,0,2.968,3.356,2.421,4.026,0,3.867,1.425,0,1.663
14:bin_000091,0,0,0,0,0,0,0,0,0,0,0,0,0,0,0,0,0,0,0,0,0,0,0,0,0,0,0,0,0,0,0,0,0,0,0,0,0,0,0,0,0,0,0,0,0,0,0,0,0,0,0,0,0,0,0,0,0,0,0,0,0,0,0,0,0,0,0,0,0,0,0,0,0,0,0,0,0,0,0,0,0,0,0,0
14:bin_000192,2.133,0,0,0,0,5.227,0,0,0,0,3.139,0,0,0,0,0,0,0,0,0,2.165,0,0,0,0,0,2.178,0,0,0,0,0,3.932,0,0,2.046,0,2.459,3.31,0,2.085,0,0,0,3.144,0,0,0,0,0,0,2.629,0,2.362,0,0,3.53,2.052,0,0,0,4.704,0,3.848,2.263,0,1.998,0,0,0,0,0,0,0,0,0,0,2.931,3.069,0,1.862,1.99,0,0
14-TM1:bin_000012,1.939,0,0,0,0,2.848,2.243,0,0,2.73,4.064,0,0,0,2.456,0,0,0,0,0,0,0,2.797,0,0,0,0,0,3.312,0,0,0,3.068,0,0,0,0,0,0,0,0,3.188,0,0,3.247,0,0,0,0,0,0,0,0,0,0,0,0,0,0,0,0,3.674,0,0,0,0,0,0,1.793,0,0,0,0,0,0,0,1.911,0,0,0,0,0,0,0
14-TM1:bin_000017,1.817,0,0,0,0,0,0,0,0,0,0,0,0,0,0,0,0,0,0,0,0,0,0,0,0,0,0,0,0,0,0,0,0,0,0,0,0,0,0,0,0,0,0,0,0,0,2.764,0,0,0,0,0,0,0,0,0,0,0,0,0,0,0,0,2.362,0,0,0,0,0,0,0,0,0,0,0,0,0,0,0,0,0,0,0,0
14-TM2:bin_000049,4.699,0,0,2.017,7.02,6.12,2.643,2.8,4.837,2.763,7.797,4.914,7.014,0,5.78,3.015,0,7.967,3.21,0,6.684,6.388,2.976,2.219,4.954,5.603,6.498,0,2.205,0,3.4,1.02,10.64,2.376,0,0,6.141,4.66,12.021,2.744,2.82,3.307,8.24,2.232,3.206,2.503,5.053,3.536,0,0,0,6.095,28.447,4.843,0,6.453,4.434,2.949,7.431,4.48,0,8.513,0,10.08,4.378,5.167,1.938,4.867,4.396,4.07,0,0,5.581,0,3.245,2.996,4.592,5.394,5.197,0,5.52,3.918,3.032,2.075
14-TM4:bin_000004,47.355,38,30.262,21.19,120.257,64.883,36.326,21.854,48.507,34.005,81.124,40.427,55.476,27.283,39.123,33.172,33.056,36.967,39.475,19.756,75.559,26.914,30.13,22.583,53.767,31.84,66.5,0,25.336,7.917,38.638,5.855,82.582,30,34.744,38.942,42.94,27.039,218.673,51.381,42.243,24.003,54.764,34.693,49.502,36.178,49.626,105.04,33.842,11.099,5.408,72.568,39.537,29.9,28.421,35.285,73.747,26.335,19.722,24.724,2.671,55.91,1.829,74.415,41.476,36.898,64.687,54.428,30.983,41.466,0,41.169,48.177,0,44.677,47.764,11.589,54.029,88.871,40.165,23.397,33.711,53.534,9.436
14-TM4:bin_000010,0,0,0,0,0,1.977,0,0,0,0,0,0,0,0,0,0,0,0,0,0,0,0,0,0,0,0,0,0,0,0,0,0,0,0,0,0,0,0,0,0,0,0,0,0,0,0,0,0,0,0,0,0,0,0,0,0,3.321,0,0,0,0,2.574,0,2.696,0,0,0,0,0,0,0,0,0,0,0,0,0,0,0,0,0,0,0,0
14-TM4:bin_000035,0,0,0,0,2.734,5.877,1.737,0,0,2.52,0,0,0,0,1.911,0,0,0,0,0,2.282,0,0,1.613,0,1.969,1.712,0,0,0,2.177,0,4.696,0,0,0,0,2.97,4.973,0,2.792,1.866,0,0,4.524,0,0,0,0,0,0,2.306,0,1.597,0,0,3.906,2.661,0,1.963,0,2.399,0,1.809,0,0,1.639,0,0,0,0,0,0,0,2.488,3.282,1.943,4.241,2.879,0,0,0,0,0
14-TM4:bin_000089,0,0,0,0,0,0,0,0,0,0,0,0,0,0,0,0,0,0,0,0,0,0,0,0,0,0,0,0,0,0,0,0,0,0,0,0,0,0,0,0,0,0,0,0,0,0,0,0,0,0,0,0,0,0,0,0,0,0,0,0,0,0,0,0,0,0,0,0,0,0,0,0,0,0,0,0,0,0,0,0,0,0,0,0
14-TM4:bin_000109,0,0,0,0,0,0,0,0,0,0,0,0,0,0,0,0,0,0,0,0,0,0,0,0,0,0,0,0,0,0,0,0,0,0,0,0,0,0,0,0,0,0,0,0,0,0,0,0,0,0,0,0,0,0,0,0,0,0,0,0,0,0,0,0,0,0,0,0,0,0,0,0,0,0,0,0,0,0,0,0,0,0,0,0
21:bin_000024,27.249,23.36,17.975,8.388,30.209,39.602,20.41,16.423,36.316,26.955,47.85,20.252,34.684,16.698,27.624,19.202,16.793,29.563,25.965,15.987,55.523,23.263,30.471,17.456,32.849,16.204,40.292,0,17.817,6.138,25.433,5.254,56.77,17.155,28.993,24.982,26.199,15.352,120.024,31.983,40.472,19.398,41.483,22.583,29.449,17.993,33.061,73.273,27.7,6.671,4.825,43.857,40.666,28.02,14.624,19.981,50.874,14.401,13.28,18.863,3.164,27.026,1.739,43.533,19.614,20.1,46.045,35.964,23.02,36.41,0,21.484,26.216,0,28.006,33.147,5.387,27.459,55.418,26.261,9.98,22.898,42.193,8.619
21:bin_000052,0,0,7.764,0,0,0,0,0,0,0,9.126,2.456,4.751,0,0,0,2.093,0,0,0,9.617,0,0,0,0,0,1.819,0,0,0,0,0.751,4.377,0,0,2.002,0,0,8.416,0,0,0,5.506,0,0,0,0,0,0,0,0,3.812,0,0,0,0,0,0,0,0,0,0,0,0,0,0,10.17,0,0,0,0,15.113,0,0,0,0,0,2.215,4.738,0,0,0,0,2.308
21:bin_000073,0,0,0,0,0,0,0,0,0,0,0,0,0,0,0,0,0,0,0,0,0,0,0,0,0,0,0,0,0,0,0,0,0,0,0,0,0,0,0,0,0,0,0,0,0,0,0,0,0,0,0,0,0,0,0,0,0,0,2.364,0,0,7.481,0,0,0,0,0,0,0,0,0,0,0,0,0,0,2.02,0,0,0,2.239,0,0,0
21:bin_000107,0,0,0,0,0,1.88,0,0,0,0,3.195,8.053,0,0,0,0,0,0,0,4.449,0,0,0,2.033,0,0,0,0,0,0,2.881,0,0,0,0,0,0,0,0,0,0,0,0,0,0,0,3.185,0,0,0,0,2.047,0,0,0,0,0,0,0,0,0,0,0,0,4.778,0,0,0,0,0,0,0,0,0,7.364,0,0,0,0,0,0,0,0,0
21:bin_000125,0,0,0,0,0,0,0,0,0,0,0,0,0,0,0,0,0,0,0,0,0,0,0,0,0,0,0,0,0,0,0,0,0,0,0,0,0,0,0,0,0,0,0,0,0,0,0,0,0,0,0,0,0,0,0,0,0,0,0,0,0,0,0,0,0,0,0,0,0,0,0,0,0,0,0,0,0,0,0,0,0,0,0,0
21:bin_000160,0,0,0,0,0,0,0,0,0,0,0,0,0,0,0,0,0,0,0,0,0,0,0,0,0,0,0,0,0,0,0,0,0,0,0,0,0,0,0,0,0,0,0,0,0,0,0,0,0,0,0,0,0,0,0,0,0,0,0,0,0,0,0,0,0,0,0,0,0,0,0,0,0,0,0,0,0,0,0,0,0,0,0,0
21:bin_000224,0,0,0,0,0,0,0,0,0,0,0,0,0,0,0,0,0,0,0,0,0,0,0,0,0,0,0,0,0,0,0,0,0,0,0,0,0,0,0,0,0,0,0,0,0,0,0,0,0,0,0,0,0,0,0,0,0,0,0,0,0,0,0,0,0,0,0,0,0,0,0,0,0,0,0,0,0,0,0,0,0,0,0,0
21-TM1:bin_000011,0,0,0,0,0,0,0,0,0,0,0,0,0,0,0,0,0,0,0,0,0,0,0,0,0,0,0,0,0,0,0,0,0,0,0,0,0,0,0,0,0,0,0,0,0,0,0,0,0,0,0,0,0,0,0,0,0,0,0,0,0,0,0,0,0,0,0,0,0,0,0,0,0,0,0,0,0,0,0,0,0,0,0,0
21-TM1:bin_000014,0,0,0,0,4.704,3.09,0,0,0,19.488,0,0,0,0,9.432,0,0,0,0,0,3.202,0,0,0,0,0,0,0,0,0,0,0,5.934,0,0,0,0,0,0,9.798,0,5.293,0,0,0,0,0,0,9.655,0,0,0,118.324,0,0,12.817,0,0,0,0,0,0,0,0,0,2.255,0,22.578,0,0,0,0,0,2.233,0,0,0,0,0,2.944,0,0,0,0
21-TM1:bin_000060,0,0,0,0,0,0,0,0,0,0,0,0,0,0,0,0,0,0,0,0,0,0,0,0,0,0,0,0,0,0,0,0,0,0,0,0,0,0,0,0,0,0,0,0,0,0,0,0,0,0,0,0,0,0,0,0,0,0,0,0,0,0,0,0,0,0,0,0,0,0,0,0,0,0,0,0,0,0,0,0,0,0,0,0
21-TM1:bin_000073,2.342,2.184,0,0,0,5.302,1.982,0,4.455,3.586,6.179,3.453,2.673,0,2.92,0,2.47,2.606,0,0,4.292,4.883,4.105,0,3.325,0,3.881,0,0,2.83,2.598,0,4.293,0,0,2.799,3.091,0,5.719,2.875,2.733,0,2.937,0,2.83,2.011,2.831,12.881,2.207,0,0,2.428,2.852,2.705,0,2.605,4.366,0,0,4.913,0,2.552,0,4.616,2.974,0,3.951,0,0,2.86,0,3.278,0,0,1.839,6.101,0,4.387,4.681,2.244,2.205,2.325,2.679,0
21-TM3:bin_000002,0,0,0,0,0,0,0,0,0,0,0,0,0,0,0,0,0,0,0,0,0,0,0,0,0,0,0,0,0,0,0,0,0,0,0,0,0,0,0,0,0,0,0,0,0,0,0,0,0,0,0,0,0,0,0,0,0,0,0,0,0,0,0,0,0,0,0,0,0,0,0,0,0,0,0,0,0,0,0,0,0,0,0,0
21-TM3:bin_000011,0,0,0,0,0,0,0,0,0,0,0,0,0,0,0,0,0,0,0,0,0,0,0,0,0,0,0,0,0,0,0,0,0,0,0,0,0,0,0,0,0,0,0,0,0,0,0,0,0,0,0,0,0,0,0,0,0,0,0,0,0,0,0,0,0,0,0,0,0,0,0,0,0,0,0,0,0,0,0,0,0,0,0,0
21-TM3:bin_000020,0,0,0,0,0,0,0,0,0,0,0,0,0,0,0,0,0,0,0,0,0,0,0,0,0,0,0,0,0,0,0,0,0,0,0,0,0,0,0,0,0,0,0,0,0,0,0,0,0,0,0,0,0,0,0,0,0,0,0,0,0,0,0,0,0,0,0,0,0,0,0,0,0,0,0,0,0,0,0,0,0,0,0,0
21-TM4:bin_000004,0,0,0,0,0,0,0,0,0,0,0,0,0,0,0,0,0,0,0,0,0,0,0,0,0,0,0,0,0,0,0,0,0,0,0,0,0,0,0,0,0,0,0,0,0,0,0,0,0,0,0,0,0,0,0,0,0,0,0,0,0,0,0,0,0,0,0,0,0,0,0,0,0,0,0,0,0,0,0,0,0,0,0,0
21-TM4:bin_000017,0,0,0,0,0,0,0,0,0,0,0,0,0,0,0,0,0,0,0,0,0,0,0,0,0,0,0,0,0,0,0,0,0,0,0,0,0,0,0,0,0,0,0,0,0,0,0,0,0,0,0,0,0,0,0,0,0,0,0,0,0,2.836,0,0,0,0,0,0,0,0,0,0,0,0,0,2.285,0,0,0,0,0,0,0,0
21-TM4:bin_000041,13.033,7.832,3.669,4.101,16.814,20.733,2.756,4.408,10.594,5.429,16.353,7.945,17.927,2.639,19.928,2.368,2.91,0,5.727,5.357,18.045,6.092,5.869,3.947,5.491,8.526,18.814,0,10.84,0,13.12,1.651,9.726,8.886,10.433,9.536,19.221,9.158,25.672,14.267,20.101,17.474,12.099,3.243,10.269,3.233,17.205,7.409,13.558,1.701,0,23.495,10.154,20.244,3.055,9.918,18.435,3.891,8.272,16.719,0,22.4,0,19.151,14.709,14.846,14.844,4.961,22.587,15.481,0,10.894,12.898,0,14.696,10.552,13.32,24.222,14.497,10.531,31.303,8.449,7.59,10.995
21-TM4:bin_000042,0,0,0,0,0,0,0,0,0,0,0,0,0,0,0,0,0,0,0,0,0,0,0,0,0,0,0,0,0,0,0,0,0,0,0,0,0,0,0,0,0,0,0,0,0,0,0,0,0,0,0,0,0,0,0,0,0,0,0,0,0,0,0,0,0,0,0,0,0,0,0,0,0,0,0,0,0,0,0,0,0,0,0,0
21-TM4:bin_000052,0,0,0,0,0,0,0,0,0,0,0,0,0,0,0,0,0,0,0,0,0,0,0,0,0,0,0,0,0,0,0,0,0,0,0,0,0,0,0,0,0,0,0,0,0,0,0,0,0,0,0,0,0,0,0,0,0,0,0,0,0,0,0,0,0,0,0,0,0,0,0,0,0,0,0,0,0,0,0,0,0,0,0,0
21-TM4:bin_000053,0,0,0,0,0,0,0,0,0,0,0,0,0,0,0,0,0,0,0,0,0,0,0,0,0,0,0,0,0,0,0,0,0,0,0,0,0,0,0,0,0,0,0,0,0,0,0,0,0,0,0,0,0,0,0,0,0,0,0,0,0,0,0,0,0,0,0,0,0,0,0,0,0,0,0,0,0,0,0,0,0,0,0,0
D300693:bin_000003,0,0,0,0,0,2.939,0,0,0,0,0,0,0,0,0,0,0,0,0,0,0,0,0,0,0,0,0,0,0,0,0,0,0,0,0,0,0,0,0,0,0,0,0,0,0,0,0,0,0,0,0,0,0,0,0,0,0,0,2.223,0,0,9.156,0,2.17,2.274,0,0,0,0,0,0,0,0,0,0,0,2.18,2.062,0,0,2.494,0,0,0
D300693:bin_000006,0,0,0,0,0,0,0,0,0,0,0,0,0,0,0,0,0,0,0,0,0,0,0,0,0,0,0,0,0,0,0,0,0,0,0,0,0,0,3.135,0,0,0,0,0,0,0,0,0,0,0,0,0,0,0,0,0,0,0,0,0,0,0,0,0,0,0,0,0,0,0,0,0,0,0,0,0,0,0,0,0,0,0,0,0
D300693:bin_000013,0,0,0,0,4.556,8.482,0,0,0,4.677,4.816,0,7.103,0,0,0,0,6.083,0,0,0,0,4.422,9.471,0,0,3.511,0,0,0,0,0,5.076,0,0,0,0,0,0,4.77,2.538,0,0,0,0,2.664,0,0,0,0,0,0,0,0,3.245,0,0,0,0,2.676,0,2.069,0,5.353,0,0,0,4.993,2.827,0,0,0,0,0,0,0,0,0,2.391,0,3.009,0,2.862,1.735
D300696:bin_000035,1.66,0,0,0,0,4.376,0,0,0,0,3.348,1.862,1.91,0,1.41,0,0,0,0,0,0,0,0,0,0,0,1.988,0,0,0,0,0,2.999,0,0,1.9,0,1.949,2.992,0,1.62,0,1.961,0,2.512,0,0,2.812,1.546,0,0,2.055,0,1.865,0,0,3.581,1.704,1.334,0,0,3.844,0,3.394,2.377,0,1.635,0,0,0,0,0,2.207,0,1.315,2.053,2.198,3.273,2.144,0,1.808,1.59,0,0
D300699:bin_000001,7.1,4.664,0,2.423,2.787,13.485,6.354,0,0,8.19,9.612,2.578,0,2.788,4.726,3.944,0,0,0,0,2.898,0,2.85,3.287,0,3.293,0,0,3.596,0,0,0,11.591,0,0,3.755,0,7.582,0,3.003,3.038,0,2.971,0,8.232,2.444,0,0,6.778,2.334,0,6.89,0,3.885,2.409,3.44,10.264,5.568,1.954,3.653,0,12.777,0,6.953,7.457,0,0,3.119,5.469,3.765,0,0,4.313,0,2.945,4.869,5.164,9.009,1.756,0,4.175,3.27,0,4.34
D300700:bin_000001,0,0,0,0,0,0,0,0,0,0,0,0,0,0,0,0,0,0,0,0,0,0,0,0,0,0,0,0,0,0,0,0,0,0,0,0,0,0,0,0,0,0,0,0,0,0,0,0,0,0,0,0,0,0,0,0,0,0,0,0,0,0,0,0,0,0,0,0,0,0,0,0,0,0,0,0,0,0,0,0,0,0,0,0
D300706:bin_000006,0,0,0,0,0,0,0,0,0,0,0,0,0,0,0,0,0,0,0,0,0,3.911,0,0,0,0,0,0,0,0,0,0,0,0,0,0,0,0,0,0,0,0,0,0,0,0,0,0,0,0,0,0,0,0,0,0,3.147,0,0,1.839,0,0,0,2.71,0,0,0,0,0,0,0,0,0,0,0,0,1.971,3.57,0,0,0,0,0,0
D300708:bin_000028,35.111,20.086,12.849,9.269,66.982,52.87,30.709,24.847,38.562,8.094,60.777,15.011,36.711,4.321,36.429,13.307,6.457,22.635,15.267,7.984,55.78,27.267,18.536,6.424,17.822,17.15,38.826,4.09,17.682,8.37,19.413,5.441,26.932,21.096,31.989,14.583,26.009,30.204,37.824,26.598,28.579,23.326,24.255,4.142,82.659,17.654,28.023,24.124,14.024,4.673,5.112,46.048,14.707,57.189,25.798,11.438,48.343,25.589,22.982,20.186,3.183,52.969,0,48.553,9.825,37.892,37.017,28.367,23.405,17.758,0,29.223,17.502,0,39.235,8.792,18.612,77.403,46.145,23.129,25.141,28.593,11.781,29.3
D300709:bin_000042,23.96,8.525,4.916,10.568,21.167,37.677,14.972,5.702,15.314,12.829,39.664,19.109,28.357,4.578,25.117,21.972,10.31,14.104,15.172,4.412,15.978,9.354,12.071,13.146,12.588,23.404,16.043,0,17.342,0,11.389,3.085,22.947,11.335,7.763,16.105,12.33,27.811,27.138,16.145,14.314,18.023,24.855,5.433,23.71,11.517,19.184,14.811,15.062,3.831,2.464,28.149,11.002,19.227,5.5,7.299,44.327,16.967,28.968,11.992,0,57.99,0,37.549,30.9,14.615,14.295,8.985,14.932,21.041,0,17.655,17.229,0,8.492,9.957,35.103,39.202,18.479,11.178,34.782,18.414,7.121,11.052
D300710:bin_000020,0,0,0,0,0,0,0,0,0,0,0,0,0,0,0,0,0,0,0,0,0,0,0,0,0,0,0,0,0,0,0,0,0,0,0,0,0,0,0,0,0,0,0,0,0,0,0,0,0,0,0,0,0,0,0,0,0,0,0,0,0,0,0,0,0,0,0,0,0,0,0,0,0,0,0,0,0,0,0,0,0,0,0,0
D300711:bin_000012,0,0,0,0,0,0,0,0,0,0,0,0,0,0,0,0,0,0,0,0,0,0,0,0,0,0,0,0,0,0,0,0,0,0,0,0,0,0,0,0,0,0,0,0,0,0,0,0,0,0,0,0,0,0,0,0,0,0,0,0,0,0,0,0,0,0,0,0,0,0,0,0,0,0,0,0,0,0,0,0,0,0,0,0
D300711:bin_000013,0,0,0,0,0,0,0,0,0,0,0,0,0,0,0,0,0,0,0,0,0,0,0,0,0,0,0,0,0,0,0,0,0,0,0,0,0,0,0,0,0,0,0,0,0,0,0,0,0,0,0,0,0,0,0,0,0,0,0,0,0,0,0,0,0,0,0,0,0,0,0,0,0,0,0,0,0,0,0,0,0,0,0,0
D300711:bin_000023,0,0,0,0,0,0,0,0,0,0,0,0,0,0,0,0,0,0,0,0,0,0,0,0,0,0,0,0,0,0,0,0,0,0,0,0,0,0,0,0,0,0,0,0,0,0,0,0,0,0,0,0,0,0,0,0,0,0,0,0,0,0,0,0,0,0,0,0,0,0,0,0,0,0,0,0,0,0,0,0,0,0,0,0
D300712:bin_000004,1.557,0,0,0,2.423,2.734,0,0,0,2.261,0,0,0,0,1.782,3.655,0,0,0,0,0,0,0,1.811,0,2.287,0,0,2.158,0,0,0,1.886,0,0,0,0,1.833,3.246,0,0,0,0,0,0,0,2.603,0,0,0,0,2.842,0,0,0,0,3.048,2.171,0,2.059,0,16.706,0,2.809,1.982,0,0,0,0,0,0,0,0,0,0,0,5.302,0,1.953,0,4.483,1.69,0,0
D300712:bin_000006,0,0,0,0,0,0,0,0,0,0,0,0,0,0,0,0,0,0,0,0,0,0,0,0,0,0,0,0,0,0,0,0,0,0,0,0,0,0,0,0,0,0,0,0,0,0,0,0,0,0,0,0,0,0,0,0,0,0,0,0,0,0,0,0,0,0,0,0,0,0,0,0,0,0,0,0,0,0,0,0,0,0,0,0
D300712:bin_000007,10.692,6.156,3.665,8.251,9.615,22.845,13.07,5.487,13.776,4.944,18.011,10.035,12.739,3.444,11.528,9.821,7.411,14.121,15.174,4.943,4.223,10.593,17.598,6.445,13.417,9.819,13.894,0,7.604,0,6.1,2.854,15.736,8.468,15.713,11.879,15.61,13.988,24.365,12.429,8.004,8.276,19.037,5.842,15.28,7.846,16.911,11.959,10.492,1.643,0,14.806,9.493,10.27,6.367,5.298,7.313,7.607,9.441,7.529,0,21.68,0,23.246,14.259,12.428,11.813,8.928,3.085,12.019,0,7.931,12.202,0,8.49,6.311,16.101,6.685,13.664,9.552,12.431,17.153,2.36,7.369
D300712:bin_000016,2.549,0,0,0,0,0,0,0,0,0,4.119,0,0,0,0,0,0,0,0,0,1.925,0,0,4.827,0,0,2.225,0,0,0,0,0,0,0,0,0,3.043,0,0,5.737,0,0,0,0,0,0,0,0,0,0,0,2.653,0,0,0,0,0,0,0,0,0,2.924,0,5.386,0,0,0,0,0,0,0,0,0,0,0,0,0,0,0,0,0,0,0,0
D300713:bin_000003,0,0,0,0,0,0,0,0,0,0,0,0,0,0,0,0,0,0,0,0,0,0,0,0,0,0,0,0,0,0,0,0,0,0,0,0,0,0,0,0,0,0,0,0,0,0,0,0,0,0,0,0,0,0,0,0,0,0,0,0,0,0,0,0,0,0,0,0,0,0,0,0,0,0,0,0,0,0,0,0,0,0,0,0
D300713:bin_000009,5.776,4.688,4.438,3.576,7.037,14.523,6.659,3.094,8.568,6.651,15.484,5.271,8.544,6.191,7.637,4.666,5.035,5.721,6.009,4.253,9.01,3.922,7.082,4.86,6.555,3.883,9.952,0,5.23,1.957,7.431,1.086,11.465,4.064,6.586,7.732,4.89,5.426,17.292,7.819,10.355,5.61,9.199,4.015,8.203,4.763,7.007,13.097,6.54,1.741,0,12.195,11.355,5.86,3.609,5.613,8.871,5.205,3.525,5.667,0,11.965,0,10.725,7.285,5.924,11.205,9.307,6.597,10.336,0,6.156,7.776,0,5.045,10.276,2.726,11.337,13.196,6.694,5.256,7.454,9.177,2.028
D300714:bin_000008,0,0,0,0,0,1.828,0,0,0,0,0,0,0,0,0,0,0,0,0,0,0,0,0,0,0,0,0,0,0,0,0,0,0,0,0,0,0,0,0,0,0,0,0,0,0,0,0,0,0,0,0,0,0,0,0,0,0,0,0,0,0,1.592,0,0,0,0,0,0,0,0,0,0,0,0,0,0,0,0,0,0,0,0,0,0
D300719:bin_000003,9.52,9.197,4.747,8.787,13.372,10.983,7.347,7.041,15.897,12.782,16.127,6.803,8.775,6.148,11.62,6.105,5.48,9.851,15.316,3.951,13.419,4.48,11.066,8.382,9.427,8.415,15.997,0,6.919,1.987,9.087,0.761,18.087,3.418,6.727,7.722,8.717,6.802,32.753,6.961,8.848,6.441,10.754,6.695,10.986,7.553,8.91,25.132,6.522,9.653,6.951,12.272,9.033,13.835,5.877,12.878,43.483,5.093,12.547,7.337,4.123,14.472,5.305,18.494,11.163,5.362,16.497,8.561,8.703,6.964,0,9.039,9.477,0,12.271,10.344,4.91,10.562,12.585,9.526,5.707,8.363,6.701,3.605
D300719:bin_000008,0,0,0,0,0,0,0,0,0,0,0,0,0,0,0,0,0,0,0,0,0,0,0,0,0,0,0,0,0,0,0,0,0,0,0,0,0,0,0,0,0,0,0,0,0,0,0,0,0,0,0,0,0,0,0,0,0,0,0,0,0,0,0,0,0,0,0,0,0,0,0,0,0,0,0,0,0,0,0,0,0,0,0,0
D300720:bin_000001,45.718,16.096,0,10.332,7.823,116.3,71.86,3.454,0,57.336,15.631,6.567,6.104,14.215,22.129,34.402,3.186,0,3.92,2.935,7.776,0,8.464,34.015,4.18,17.14,4.069,0,20.474,0,3.113,1.99,47.582,0,4.143,19.941,0,47.876,4.589,4.923,6.428,6.3,6.601,0,46.228,5.823,0,3.806,33.347,13.191,4.191,23.312,0,18.072,6.928,15.607,76.091,28.347,21.382,16.285,0,115.352,0,23.285,52.267,2.932,3.434,8.469,29.424,7.679,0,4.149,17.854,0,7.891,8.811,41.15,64.199,6.146,0,28.987,12.303,2.447,10.478
D300723:bin_000001,0,0,0,0,0,0,0,0,0,0,0,0,0,0,0,0,0,0,0,0,0,0,0,0,0,0,0,0,0,0,0,0,0,0,0,0,0,0,0,0,0,0,0,0,0,0,0,0,0,0,0,0,0,0,0,0,0,0,0,0,0,0,0,0,0,0,0,0,0,0,0,0,0,0,0,0,0,0,0,0,0,0,0,0
D300723:bin_000008,0,0,0,0,0,0,0,0,0,0,0,0,0,0,0,0,0,0,0,0,0,3.775,0,0,0,0,0,0,0,0,0,0,0,0,0,0,0,0,0,0,0,0,0,0,0,0,0,0,2.988,0,0,0,0,0,0,0,0,0,0,0,0,0,0,0,0,0,0,0,0,0,0,0,0,0,0,0,0,0,0,0,0,0,0,0
D300729:bin_000019,3.452,0,0,0,0,5.497,0,0,0,0,7.288,0,4.251,0,0,0,0,0,0,0,5.014,0,0,0,0,10.235,11.853,0,0,0,0,0,5.144,0,0,0,0,2.693,10.774,0,0,0,0,0,0,0,0,0,0,0,0,5.397,0,0,0,0,0,0,0,0,0,5.2,0,7.338,3.111,0,0,0,0,0,0,0,0,0,3.151,0,0,4.103,5.59,0,0,0,0,0
D300742:bin_000002,7.046,3.856,2.996,4.54,4.694,16.196,5.619,2.698,3.167,10.129,11.01,5.169,6.638,3.619,4.976,4.358,3.058,5.704,4.257,3.117,9.219,4.267,3.972,5.818,4.882,4.762,9.153,0,4.224,0,6.912,0.935,10.292,0,4.822,6.278,5.083,7.233,9.23,5.289,5.298,5.129,7.314,2.323,9.151,5.535,4.288,11.161,6.715,2.433,0,9.604,3.579,6.055,2.391,7.792,9.389,4.45,0,5.84,0,9.692,0,13.519,4.111,2.463,8.609,8.619,7.105,5.489,0,0,5.04,0,4.219,4.761,3.277,9.864,8.487,4.51,4.497,5.521,6.993,5.117
D300748:bin_000014,4.322,2.428,0,2.619,4.034,9.889,0,0,6.024,2.504,17.424,4.652,11.017,0,3.172,2.296,0,7.705,3.407,3.118,4.898,0,2.925,0,0,3.035,6.384,0,2.186,0,5.856,0.897,5.083,2.83,0,4.024,3.11,3.14,9.795,3.752,3.18,3.026,4.109,0,3.882,2.268,2.801,0,3.158,0,0,5.651,11.978,2.484,3.36,3.906,10.178,2.94,1.636,3.166,0,5.349,0,9.595,4.832,2.926,5.504,3.822,4.639,4.44,0,4.119,6.162,0,5.199,1.925,3.83,6.555,4.521,3.549,4.394,2.583,2.569,2.41
D300750:bin_000009,0,0,0,0,0,0,0,0,0,0,0,0,0,0,0,0,0,0,0,0,0,0,0,0,0,0,0,0,0,0,0,0,0,0,0,0,0,0,0,0,0,0,0,0,0,0,0,0,0,0,0,0,0,0,0,0,0,0,0,0,0,0,0,0,0,0,0,0,0,0,0,0,0,0,0,0,0,0,0,0,0,0,0,0
D300751:bin_000024,37.226,22.539,13.395,14.26,32.222,42.467,22.156,10.049,23.831,12.728,56.258,19.249,27.303,9.488,26.649,34.189,24.462,20.141,19.987,10.865,29.803,7.976,31.002,28.534,21.889,27.515,31.298,0,38.697,6.29,21.349,3.21,37.82,17.166,21.74,22.526,18.586,22.078,39.052,25.926,32.672,18.359,27.524,7.936,21.181,14.215,30.487,33.653,20.925,10.539,5.432,38.532,27.131,12.422,10.545,17.011,36.448,23.877,14.447,25.354,0,77.64,1.625,37.494,49.657,17.751,24.438,40.217,21.211,31.734,0,31.208,24.451,0,23.898,34.063,22.092,36.364,31.122,21.852,38.994,29.122,19.732,18.192
D300751:bin_000031,0,0,0,0,0,0,0,0,0,0,0,0,0,0,0,0,0,0,0,0,0,0,0,0,0,0,0,0,0,0,0,0,0,0,0,0,0,0,0,0,0,0,0,0,0,0,0,0,0,0,0,0,0,0,0,0,0,0,0,0,0,0,0,0,0,0,0,0,0,0,0,0,0,0,0,0,0,0,0,0,0,0,0,0
D300754:bin_000002,13.15,2.625,0,0,0,12.934,14.563,3.097,4.707,4.846,4.047,0,6.593,2.365,5.493,39.816,4.642,20.841,4.228,4.296,0,0,21.531,6.126,0,12.035,0,0,5.594,0,0,0,18.039,0,0,32.557,0,6.516,7.413,0,0,2.832,11.96,0,3.115,0,23.762,0,2.33,1.94,0,7.99,0,4.688,0,4.601,8.715,7.426,178.802,5.75,0,29.15,0,16.692,14.709,0,0,0,3.424,3.015,0,4.28,3.186,0,0,3.741,15.147,7.795,0,0,5.043,6.654,0,3.366
D300754:bin_000004,0,0,0,0,0,0,0,0,0,0,0,0,0,0,0,0,0,0,0,0,0,0,0,0,0,0,0,0,0,0,0,0,0,0,0,0,0,0,0,0,0,0,0,0,0,0,0,0,0,0,0,0,0,0,0,0,0,0,0,0,0,0,0,0,0,0,0,0,0,0,0,0,0,0,0,0,0,0,0,0,0,0,0,0
D300755:bin_000017,0,0,0,0,0,0,0,0,0,0,0,0,0,0,0,0,0,0,0,0,0,0,0,0,0,0,0,0,0,0,0,0,0,0,0,0,0,0,0,0,0,0,0,0,0,0,0,0,0,0,0,0,0,0,0,0,0,0,0,0,0,0,0,0,0,0,0,0,0,0,0,0,0,0,0,0,0,0,0,0,0,0,0,0
D300757:bin_000005,11.505,0,0,6.737,26.148,0,0,0,2.612,98.34,73.177,0,24.928,4.915,21.62,0,0,41.807,0,69.835,0,0,0,2.516,0,0,0,0,0,0,0,0,27.711,13.248,0,4.342,0,0,29.505,19.374,2.103,3.82,7.141,0,0,7.499,0,0,1.994,0,4.645,8.271,45.371,0,17.772,0,44.571,6.054,0,0,0,0,0,32.797,0,22.68,23.994,41.249,6.017,12.568,0,11.449,0,0,1.761,10.928,0,0,27.337,0,0,12.043,0,1.753
D300759:bin_000011,8.804,0,0,0,19.963,0,0,0,11.353,153.183,27.299,0,22.203,3.029,14.119,0,7.479,35.61,8.707,73.064,0,0,0,0,0,0,2.197,0,4.633,0,0,0,25.093,15.97,0,6.256,2.652,0,43.579,75.109,10.495,3.716,14.868,0,0,19.68,6.688,3.758,0,0,0,6.327,0,1.621,1.638,0,18.626,3.862,0,0,0,0,0,64.759,0,5.376,14.6,16.385,2.61,11.875,0,10.244,0,0,2.465,46.451,0,1.958,21.768,6.884,0,10.847,0,1.904
D300759:bin_000036,0,0,0,0,0,0,0,0,0,0,0,0,0,0,0,0,0,0,0,0,0,0,0,0,0,0,0,0,0,0,0,0,0,0,0,0,0,0,0,0,0,0,0,0,0,0,0,0,0,0,0,0,0,0,0,0,0,0,0,0,0,0,0,0,0,0,0,0,0,0,0,0,0,0,0,0,0,0,0,0,0,0,0,0
D300760:bin_000013,0,0,0,0,0,0,0,0,0,0,0,0,0,0,0,0,0,0,0,0,0,0,0,0,0,0,0,0,0,0,0,0,0,0,0,0,0,0,0,0,0,0,0,0,0,0,0,0,0,0,0,0,0,0,0,0,0,0,0,0,0,0,0,0,0,0,0,0,0,0,0,0,0,0,0,0,0,0,0,0,0,0,0,0
D300763:bin_000009,0,0,0,0,0,0,0,0,0,0,0,0,0,0,0,0,0,0,0,0,0,0,0,0,0,0,0,0,0,0,0,0,0,0,0,0,0,0,0,0,0,0,0,0,0,0,0,0,0,0,0,0,0,0,0,0,0,0,0,0,0,0,0,0,0,0,0,0,0,0,0,0,0,0,0,0,0,0,0,0,0,0,0,0
D300763:bin_000013,0,0,0,0,0,0,0,0,0,0,0,0,0,0,0,0,0,0,0,0,0,0,0,0,0,0,0,0,0,0,0,0,0,0,0,0,0,0,0,0,0,0,0,0,0,0,0,0,0,0,0,0,0,0,0,0,0,0,0,0,0,0,0,0,0,0,0,0,0,0,0,0,0,0,0,0,0,0,0,0,0,0,0,0
D300763:bin_000022,0,0,0,0,0,0,0,0,0,0,0,0,0,0,0,0,0,0,0,0,0,0,0,0,0,0,0,0,0,0,0,0,0,0,0,0,0,0,0,0,0,0,0,0,0,0,0,0,0,0,0,0,0,0,0,0,0,0,0,0,0,0,0,0,0,0,0,0,0,0,0,0,0,0,0,0,0,0,0,0,0,0,0,0
D300763:bin_000032,0,0,0,0,0,0,0,0,0,0,0,0,0,0,0,0,0,0,0,0,0,0,0,0,0,0,0,0,0,0,0,0,0,0,0,0,0,0,0,0,0,0,0,0,0,0,0,0,0,0,0,0,0,0,0,0,0,0,0,0,0,0,0,0,0,0,0,0,0,0,0,0,0,0,0,0,0,0,0,0,0,0,0,0
D300764:bin_000008,0,0,0,0,0,0,0,0,0,0,0,0,0,0,0,0,0,0,0,0,0,0,0,0,0,0,0,0,0,0,0,0,0,0,0,0,0,0,0,0,0,0,0,0,0,0,0,0,0,0,0,0,0,0,0,0,0,0,0,0,0,0,0,0,0,0,0,0,0,0,0,0,0,0,0,0,0,0,0,0,0,0,0,0
D300764:bin_000013,0,0,0,0,0,0,0,0,0,0,0,0,0,0,0,0,0,0,0,0,0,0,0,0,0,0,0,0,0,0,0,0,0,0,0,0,0,0,0,0,0,0,0,0,0,0,0,0,0,0,0,0,0,0,0,0,0,0,0,0,0,0,0,0,0,0,0,0,0,0,0,0,0,0,0,0,0,0,0,0,0,0,0,0
D300766:bin_000008,0,0,0,0,0,0,0,0,0,0,0,0,0,0,0,0,0,0,0,0,0,0,0,0,0,0,0,0,0,0,0,0,0,0,0,0,0,0,0,0,0,0,0,0,0,0,0,0,0,0,0,0,0,0,0,0,0,0,0,0,0,0,0,0,0,0,0,0,0,0,0,0,0,0,0,0,0,0,0,0,0,0,0,0
D300766:bin_000009,0,0,0,0,0,2.123,0,0,0,0,0,0,0,0,0,0,0,0,0,0,0,0,0,0,0,0,0,0,0,0,0,0,0,0,0,0,0,0,0,0,0,0,0,0,0,0,0,0,0,0,0,0,0,0,0,0,0,0,0,0,0,2.388,0,0,0,0,0,0,0,0,0,0,0,0,0,0,0,0,0,0,0,0,0,0
MPB:bin_000002,0,0,0,0,0,2.154,1.666,0,0,0,3.954,0,0,0,2.877,0,0,0,0,0,0,0,0,0,0,0,0,0,1.568,0,0,0,1.804,0,0,0,0,0,0,0,3.213,0,0,0,0,0,0,0,0,0,0,1.542,6.847,0,0,0,0,0,0,1.777,0,2.907,0,5.048,2.036,0,0,0,0,0,0,0,0,0,0,1.876,0,2.443,2.376,0,0,0,0,0
MPB:bin_000004,0,0,0,0,0,0,0,0,0,0,0,0,0,0,0,0,0,0,0,0,0,0,0,0,0,0,0,0,0,0,0,0,0,0,0,0,0,0,0,0,0,0,0,0,0,0,0,0,0,0,0,0,0,0,0,0,0,0,0,0,0,0,0,0,0,0,0,0,0,0,0,0,0,0,0,0,0,0,0,0,0,0,0,0
MPB:bin_000005,4.815,0,0,2.59,9.775,23.213,3.212,2.156,2.481,5.371,13.615,11.628,2.734,2.144,4.616,0,0,0,2.689,0,6.273,0,7.908,25.206,0,2.224,6.452,0,1.94,0,5.884,0,7.05,5.798,0,7.45,3.556,6.48,8.014,4.288,3.315,4.002,4.251,0,5.392,5.991,2.823,5.045,3.273,1.969,0,7.176,4.493,3.09,2.286,2.695,7.613,3.515,1.755,4.132,0,8.392,0,6.646,2.523,4.473,3.666,0,3.498,3.219,0,7.007,5.469,0,2.587,0,3.51,4.714,5.778,4.46,2.148,2.602,0,5.846
MPB:bin_000006,0,0,0,0,0,0,0,0,0,0,0,0,0,0,0,0,0,0,0,0,0,0,0,0,0,0,0,0,0,0,0,0,0,0,0,0,0,0,0,0,0,0,0,0,0,0,0,0,0,0,0,0,0,0,0,0,0,0,0,0,0,0,0,0,0,0,0,0,0,0,0,0,0,0,0,0,0,0,0,0,0,0,0,0
MPB:bin_000007,0,0,0,0,0,0,0,0,0,0,0,0,0,0,0,0,0,0,0,0,0,0,0,0,0,0,0,0,0,0,0,0,0,0,0,0,0,0,0,0,0,0,0,0,0,0,0,0,0,0,0,0,0,0,0,0,0,0,0,0,0,0,0,0,0,0,0,0,0,0,0,0,0,0,0,0,0,0,0,0,0,0,0,0
MPB:bin_000009,0,0,0,0,0,0,0,0,0,0,0,0,0,0,0,0,0,0,0,0,0,0,0,0,0,0,0,0,0,0,0,0,0,0,0,0,0,0,0,0,0,0,0,0,0,0,0,0,0,0,0,0,0,0,0,0,0,0,0,0,0,0,0,0,0,0,0,0,0,0,0,0,0,0,0,0,0,0,0,0,0,0,0,0
MPB:bin_000010,0,0,0,0,0,0,0,0,0,0,0,0,0,0,0,0,0,0,0,0,0,0,0,0,0,0,0,0,0,0,0,0,0,0,0,0,0,0,0,0,0,0,0,0,0,0,0,0,0,0,0,0,0,0,0,0,0,0,0,0,0,0,0,0,0,0,0,0,0,0,0,0,0,0,0,0,0,0,0,0,0,0,0,0
MPB:bin_000011,0,0,0,0,0,0,0,0,0,0,0,0,0,0,0,0,0,0,0,0,0,0,0,0,0,0,0,0,0,0,0,0,0,0,0,0,0,0,0,0,0,0,0,0,0,0,0,0,0,0,0,0,0,0,0,0,0,0,0,0,0,0,0,0,0,0,0,0,0,0,0,0,0,0,0,0,0,0,0,0,0,0,0,0
MPB:bin_000016,0,0,0,0,3.807,0,0,0,0,0,4.889,0,0,0,0,0,0,0,0,0,5.573,0,0,0,0,0,0,0,0,0,0,0,0,0,0,0,0,0,38.021,0,0,0,0,0,0,0,0,0,0,0,0,0,0,3.009,0,0,0,0,1.969,0,0,0,0,0,0,0,0,0,0,0,0,0,0,0,0,0,0,0,0,3.326,0,0,0,0
MPB:bin_000017,0,0,0,0,0,0,0,0,0,0,0,0,0,0,0,0,0,0,0,0,0,0,0,0,0,0,0,0,0,0,0,0,0,0,0,0,0,0,0,0,0,0,0,0,0,0,0,0,0,0,0,0,0,0,0,0,0,0,0,0,0,0,0,0,0,0,0,0,0,0,0,0,0,0,0,0,0,0,0,0,0,0,0,0
MPB:bin_000019,0,0,0,0,0,0,0,0,0,0,0,0,0,0,0,0,0,0,0,0,0,0,0,0,0,0,0,0,0,0,0,0,0,0,0,0,0,0,4.783,0,0,0,0,0,0,0,0,0,0,0,0,0,0,0,0,0,0,0,0,0,0,0,0,0,0,0,0,0,0,0,0,0,0,0,0,0,0,0,0,0,0,0,0,0
MPB:bin_000021,0,0,0,0,0,0,0,0,0,0,0,0,0,0,0,0,0,0,0,0,0,0,0,0,0,0,0,0,0,0,0,0,0,0,0,0,0,0,0,0,0,0,0,0,0,0,0,0,0,0,0,0,0,0,0,0,0,0,0,0,0,0,0,0,0,0,0,0,0,0,0,0,0,0,0,0,0,0,0,0,0,0,0,0
MPB:bin_000022,0,0,0,0,0,0,0,0,0,0,0,0,0,0,0,0,0,0,0,0,0,0,0,0,0,0,0,0,0,0,0,0,0,0,0,0,0,0,0,0,0,0,0,0,0,0,0,0,0,0,0,0,0,0,0,0,0,0,0,0,0,0,0,0,0,0,0,0,0,0,0,0,0,0,0,0,0,0,0,0,0,0,0,0
MPB:bin_000023,0,0,0,0,0,0,0,0,0,0,0,0,0,0,0,0,0,0,0,0,0,0,0,0,0,0,0,0,0,0,0,0,0,0,0,0,0,0,0,0,0,0,0,0,0,0,0,0,0,0,0,0,0,0,0,0,0,0,0,0,0,0,0,0,0,0,0,0,0,0,0,0,0,0,0,0,0,0,0,0,0,0,0,0
MPB:bin_000026,0,0,0,0,0,0,0,0,0,0,0,0,0,0,0,0,0,0,0,0,0,0,0,0,0,0,0,0,0,0,0,0,0,0,0,0,0,0,0,0,0,0,0,0,0,0,0,0,0,0,0,0,0,0,0,0,0,0,0,0,0,0,0,0,0,0,0,0,0,0,0,0,0,0,0,0,0,0,0,0,0,0,0,0
MPB:bin_000030,0,0,0,0,0,0,0,0,0,0,0,0,0,0,0,0,0,0,0,0,0,0,0,0,0,0,0,0,0,0,0,0,0,0,0,0,0,0,0,0,0,0,0,0,0,0,0,0,0,0,0,0,0,0,0,0,0,0,0,0,0,1.685,0,0,0,0,0,0,0,0,0,0,0,0,0,0,0,0,0,0,0,0,0,0
MPB:bin_000034,0,0,0,0,0,0,0,0,0,0,0,0,0,0,0,0,0,0,0,0,0,0,0,0,0,0,0,0,0,0,0,0,0,0,0,0,0,0,0,0,0,0,0,0,0,0,0,0,0,0,0,0,0,0,0,0,0,0,0,0,0,0,0,0,0,0,0,0,0,0,0,0,0,0,0,0,0,0,0,0,0,0,0,0
MPB:bin_000035,6.493,3.701,0,2.911,5.043,16.508,4.057,4.517,3.896,5.81,16.705,6.011,4.114,3.887,6.819,0,2.239,0,3.291,3.452,9.422,3.319,4.002,3.205,5.91,4.887,6.841,0,3.258,2.34,5.112,1.109,9.497,2.836,3.271,4.572,2.942,4.262,5.807,7.327,7.352,4.51,8.822,3.665,9.09,6.972,3.699,7.267,4.12,2.045,0,7.976,3.39,5.154,2.563,5.995,9.387,4.86,1.822,5.814,0,8.055,0,10.842,2.148,2.449,9.216,7.618,4.786,4.878,0,3.851,3.324,0,7.651,7.179,3.983,7.821,8.823,3.651,2.323,4.781,5.715,2.952
MPB:bin_000037,0,0,0,0,0,0,0,0,0,0,0,0,0,0,0,0,0,0,0,0,0,0,0,0,0,0,0,0,0,0,0,0,0,0,0,0,0,0,0,0,0,0,0,0,0,0,0,0,0,0,0,0,0,0,0,0,0,0,0,0,0,0,0,0,0,0,0,0,0,0,0,0,0,0,0,0,0,0,0,0,0,0,0,0
MPB:bin_000040,0,0,0,0,0,0,0,0,0,0,0,0,0,0,0,0,0,0,0,0,0,0,0,0,0,0,0,0,0,0,0,0,0,0,0,0,0,0,0,0,0,0,0,0,0,0,0,0,0,0,0,0,0,0,0,0,0,0,0,0,0,0,0,0,0,0,0,0,0,0,0,0,0,0,0,0,0,0,0,0,0,0,0,0
MPB:bin_000041,0,0,0,0,0,0,0,0,0,0,0,0,0,0,0,0,0,0,0,0,0,0,0,0,0,0,0,0,0,0,0,0,0,0,0,0,0,0,0,0,0,0,0,0,0,0,0,0,0,0,0,0,0,0,0,0,0,0,0,0,0,0,0,0,0,0,0,0,0,0,0,0,0,0,0,0,0,0,0,0,0,0,0,0
MPB:bin_000042,3.992,0,0,0,3.481,3.596,2.779,0,0,0,12.055,0,4.928,0,6.529,3.064,2.898,0,0,0,4.547,0,0,1.681,3.293,2.214,2.107,0,0,0,1.934,0,3.453,0,2.909,2.109,0,0,11.264,2.964,2.954,1.673,4.116,2.842,2.494,0,2.689,4.433,4.854,0,0,3.18,26.356,1.847,1.567,2.612,2.815,2.301,2.094,0,0,9.461,0,5.408,2.66,2.284,2.959,0,1.801,5.442,0,9.544,0,0,1.984,3.64,0,3.674,2.847,0,2.617,2.197,0,0
MPB:bin_000044,0,0,0,0,0,0,0,0,0,0,0,0,0,0,0,0,0,0,0,0,0,0,0,0,0,0,0,0,0,0,0,0,0,0,0,0,0,0,0,0,0,0,0,0,0,0,0,0,0,0,0,0,0,0,0,0,0,0,0,0,0,0,0,0,0,0,0,0,0,0,0,0,0,0,0,0,0,0,0,0,0,0,0,0
MPB:bin_000047,0,0,0,0,0,0,0,0,0,0,0,0,0,0,0,0,0,0,0,0,0,0,0,0,0,0,0,0,0,0,0,0,0,0,0,0,0,0,0,0,0,0,0,0,0,0,0,0,0,0,0,0,0,0,0,0,0,0,0,0,0,0,0,0,0,0,0,0,0,0,0,0,0,0,0,0,0,0,0,0,0,0,0,0
MPB:bin_000048,0,0,0,0,0,0,0,0,0,0,0,0,0,0,0,0,0,0,0,0,0,0,0,0,0,0,0,0,0,0,0,0,0,0,0,0,0,0,0,0,0,0,0,0,0,0,0,0,0,0,0,0,0,0,0,0,0,0,0,0,0,0,0,0,0,0,0,0,0,0,0,0,0,0,0,0,0,0,0,0,0,0,0,0
MPB:bin_000049,0,0,0,0,0,0,0,0,0,0,0,0,0,0,0,0,0,0,0,0,0,0,0,0,0,0,0,0,0,0,0,0,0,0,0,0,0,0,0,0,0,0,0,0,0,0,0,0,0,0,0,0,0,0,0,0,0,0,0,0,0,0,0,0,0,0,0,0,0,0,0,0,0,0,0,0,0,0,0,0,0,0,0,0
MPB:bin_000050,0,0,0,0,0,2.26,0,0,0,0,0,0,0,0,0,0,0,0,0,0,0,0,0,0,0,0,0,0,0,0,0,0,0,0,0,0,0,0,0,0,0,0,0,0,0,0,0,0,0,0,0,0,0,0,0,0,0,0,0,0,0,2.238,0,0,0,0,0,0,0,0,0,0,0,0,0,0,0,0,1.978,0,0,0,0,0
MPB:bin_000051,0,0,0,0,0,0,0,0,0,0,0,0,0,0,0,0,0,0,0,0,0,0,0,0,0,0,0,0,0,0,0,0,0,0,0,0,0,0,0,0,0,0,0,0,0,0,0,0,0,0,0,0,0,0,0,0,0,0,0,0,0,0,0,0,0,0,0,0,0,0,0,0,0,0,0,0,0,0,0,0,0,0,0,0
MPB:bin_000052,6.107,0,0,0,0,0,0,0,0,0,4.072,0,0,0,0,3.287,0,0,0,0,3.015,0,0,0,0,0,2.639,0,0,0,0,0,2.461,0,0,3.961,0,0,4.728,0,0,0,0,0,0,0,3.284,0,3.468,0,0,0,0,0,0,0,0,2.282,0,0,0,0,0,2.718,0,0,0,3.234,0,0,0,0,0,0,0,0,0,2.99,4.946,0,0,0,0,0
MPB:bin_000053,0,0,0,0,0,0,0,0,0,0,0,0,0,0,0,0,0,0,0,0,0,0,0,0,0,0,0,0,0,0,0,0,0,0,0,0,0,0,0,0,0,0,0,0,0,0,0,0,0,0,0,0,0,0,0,0,0,0,0,0,0,0,0,0,0,0,0,0,0,0,0,0,0,0,0,0,0,0,0,0,0,0,0,0
MPB:bin_000055,7.566,5.647,5.551,4.633,6.461,21.723,4.083,3.581,8.969,9.7,18.052,12.158,7.911,5.339,6.02,4.625,3.493,5.14,7.842,6.352,13.712,6.265,5.202,4.701,6.48,3.331,9.486,0,3.613,1.812,8.793,1.119,11.068,5.781,6.952,9.319,8.184,8.632,22.928,11.422,10.841,5.492,12.376,5.066,9.903,7.663,7.285,16.96,7.678,1.752,0,13.624,7.687,7.164,3.219,6.046,15.835,7.344,4.379,7.781,0,10.748,0,13.975,5.936,6.339,12.004,5.072,4.116,10.168,0,7.934,9.943,0,5.756,9.811,4.69,11.358,16.766,7.954,4.618,6.265,8.283,3.23
MPB:bin_000057,0,0,0,0,0,0,0,0,0,0,0,0,0,0,0,0,0,0,0,0,0,0,0,0,0,0,0,0,0,0,0,0,0,0,0,0,0,0,0,0,0,0,0,0,0,0,0,0,0,0,0,0,0,0,0,0,0,0,0,0,0,0,0,0,0,0,0,0,0,0,0,0,0,0,0,0,0,0,0,0,0,0,0,0
MPB:bin_000059,0,0,0,0,0,3.047,2.173,0,0,3.849,0,0,0,0,0,0,0,0,0,0,0,0,0,0,0,0,0,0,0,0,0,0,0,0,0,0,0,0,0,0,0,0,0,0,0,0,0,0,0,0,0,0,0,0,0,0,0,0,0,0,0,1.681,0,0,1.893,0,0,0,2.162,0,0,0,0,0,0,0,0,0,0,0,0,0,0,0
MPB:bin_000061,0,0,0,0,0,0,0,0,0,0,0,0,0,0,0,0,0,0,0,0,0,0,0,0,0,0,0,0,0,0,0,0,0,0,0,0,0,0,0,0,0,0,0,0,0,0,0,0,0,0,0,0,0,0,0,0,0,0,0,0,0,0,0,0,0,0,0,0,0,0,0,0,0,0,0,0,0,0,0,0,0,0,0,0
MPB:bin_000062,0,0,0,0,0,0,0,0,0,0,0,0,0,0,0,0,0,0,0,0,0,0,0,0,0,0,0,0,0,0,0,0,0,0,0,0,0,0,0,0,0,0,0,0,0,0,0,0,0,0,0,0,0,0,0,0,0,0,0,0,0,0,0,0,0,0,0,0,0,0,0,0,0,0,0,0,0,0,0,0,0,0,0,0
MPB:bin_000063,0,0,0,0,0,0,0,0,0,0,0,0,0,0,0,0,0,0,0,0,0,0,0,0,0,0,0,0,0,0,0,0,0,0,0,0,0,0,0,0,0,0,2.926,0,0,0,0,0,0,0,0,0,0,0,0,0,0,0,0,0,0,2.148,0,0,0,0,0,0,0,0,0,0,0,0,0,0,0,2.455,0,0,0,0,0,0
MPB:bin_000064,5.57,0,0,2.132,3.725,15.204,12.073,0,2.909,3.433,0,0,3.328,0,2.689,10.118,0,0,0,0,3.079,0,2.593,5.397,0,8.158,2.082,0,5.529,0,2.745,0,3.785,0,0,0,0,6.851,4.673,0,3.817,4.64,2.52,0,4.481,0,2.625,0,3.994,0,0,6.257,0,2.405,1.83,0,6.439,5.85,21.113,3.151,0,76.674,0,6.274,6.455,0,1.923,0,1.78,0,0,2.721,2.653,0,1.887,0,32.541,5.835,4.425,0,15.465,2.813,0,4.353
MPB:bin_000065,0,0,0,0,0,0,0,0,0,0,0,0,0,0,0,0,0,0,0,0,0,0,0,0,0,0,0,0,0,0,0,0,0,0,0,0,0,0,0,0,0,0,0,0,0,0,0,0,0,0,0,0,0,0,0,0,0,0,0,0,0,0,0,0,0,0,0,0,0,0,0,0,0,0,0,0,0,0,0,0,0,0,0,0
MPB:bin_000066,5.725,5.509,2.551,2.9,10.531,11.287,5.727,2.04,5.429,8.077,10.633,5.518,7.482,2.54,8.568,6.204,3.441,5.268,8.369,3.949,10.325,3.553,5.532,4.436,6.299,2.748,8.676,0,2.663,0,4.872,0.758,12.212,4.5,3.186,4.097,5.033,4.618,20.22,6.301,3.972,5.624,9.444,2.479,3.923,5.038,5.659,19.178,3.673,3.122,2.552,8.083,5.886,6.146,2.402,4.057,13.174,3.017,3.262,3.817,2.54,4.998,1.526,7.529,8.424,4.162,9.951,7.775,4.999,4.991,0,4.968,8.45,0,8.216,9.61,3.015,7.411,10.95,4.595,5.34,3.704,6.904,1.942
MPB:bin_000069,2.356,0,0,3.066,0,7.059,2.709,0,0,0,3.53,3.131,2.724,0,2.214,2.482,0,0,2.711,0,2.876,2.436,0,0,2.794,2.026,3.7,0,3.036,0,3.203,0,5.677,2.457,2.85,2.349,0,3.536,4.373,2.787,3.438,5.284,3.48,0,0,2.623,0,2.791,2.755,0,1.771,5.964,0,2.453,0,3.899,4.444,2.152,2.784,2.614,0,3.7,0,7.847,3.358,2.259,3.313,0,0,0,0,0,0,0,2.011,3.184,2.498,4.448,5.584,2.396,2.258,2.875,2.684,2.373
MPB:bin_000070,0,0,0,0,0,0,0,0,0,0,0,0,0,0,0,0,0,0,0,0,0,0,0,0,0,0,0,0,0,0,0,0,0,0,0,0,0,0,0,0,0,0,0,0,0,0,0,0,0,0,0,0,0,0,0,0,0,0,0,0,0,0,0,0,0,0,0,0,0,0,0,0,0,0,0,0,0,0,0,0,0,0,0,0
MPB:bin_000072,0,0,0,0,0,0,0,0,0,0,0,0,0,0,0,0,0,0,0,0,0,0,0,0,0,0,0,0,0,0,0,0,0,0,0,0,0,0,0,0,0,0,0,0,0,0,0,0,0,0,0,0,0,0,0,0,0,0,0,0,0,0,0,0,0,0,0,0,0,0,0,0,0,0,0,0,0,0,0,0,0,0,0,0
MPB:bin_000073,0,0,0,0,0,0,0,0,0,0,0,0,0,0,0,0,0,0,0,0,0,0,0,0,0,0,0,0,0,0,0,0,0,0,0,0,0,0,0,0,0,0,0,0,0,0,0,0,0,0,0,0,0,0,0,0,0,0,0,0,0,0,0,0,0,0,0,0,0,0,0,0,0,0,0,0,0,0,0,0,0,0,0,0
MPB:bin_000074,0,0,0,0,0,0,0,0,0,0,0,0,0,0,0,0,0,0,0,0,0,0,0,0,0,0,0,0,0,0,0,0,0,0,0,0,0,0,0,0,0,0,0,0,0,0,0,0,0,0,0,0,0,0,0,0,0,0,0,0,0,0,0,0,0,0,0,0,0,0,0,0,0,0,0,0,0,0,0,0,0,0,0,0
MPB:bin_000075,0,0,0,0,0,0,0,0,0,0,0,0,0,0,0,0,0,0,0,0,0,0,0,0,0,0,0,0,0,0,0,0,0,0,0,0,0,0,0,0,0,0,0,0,0,0,0,0,0,0,0,0,0,0,0,0,0,0,0,0,0,0,0,0,0,0,0,0,0,0,0,0,0,0,0,0,0,0,0,0,0,0,0,0
MPB:bin_000076,0,0,0,0,0,0,0,0,0,0,0,0,0,0,0,0,0,0,0,0,0,0,0,0,0,0,0,0,0,0,0,0,0,0,0,0,0,0,0,0,0,0,0,0,0,0,0,0,0,0,0,0,0,0,0,0,0,0,0,0,0,0,0,0,0,0,0,0,0,0,0,0,0,0,0,0,0,0,0,0,0,0,0,0
MPB:bin_000079,0,0,0,0,0,0,0,0,0,0,0,0,0,0,0,0,0,0,0,0,0,0,0,0,0,0,0,0,0,0,0,0,0,0,0,0,0,0,0,0,0,0,0,0,0,0,0,0,0,0,0,0,0,0,0,0,0,0,0,0,0,0,0,0,0,0,0,0,0,0,0,0,0,0,0,0,0,0,0,0,0,0,0,0
MPB:bin_000080,0,0,0,0,0,0,0,0,0,0,0,0,0,0,0,0,0,0,0,0,0,0,0,0,0,0,0,0,0,0,0,0,0,0,0,0,0,0,0,0,0,0,0,0,0,0,0,0,0,0,0,0,0,0,0,0,0,0,0,0,0,0,0,0,0,0,0,0,0,0,0,0,0,0,0,0,0,0,0,0,0,0,0,0
MPB:bin_000081,0,0,0,0,0,0,0,0,0,0,0,0,0,0,0,0,0,0,0,0,0,0,0,0,0,0,0,0,0,0,0,0,0,0,0,0,0,0,0,0,0,0,0,0,0,0,0,0,0,0,0,0,0,0,0,0,0,0,0,0,0,0,0,0,0,0,0,0,0,0,0,0,0,0,0,0,0,0,0,0,0,0,0,0
MPB:bin_000082,0,0,0,0,0,0,0,0,0,0,0,0,0,0,0,0,0,0,0,0,0,0,0,0,0,0,0,0,0,0,0,0,0,0,0,0,0,0,0,0,0,0,0,0,0,0,0,0,0,0,0,0,0,0,0,0,0,0,0,0,0,0,0,0,0,0,0,0,0,0,0,0,0,0,0,0,0,0,0,0,0,0,0,0
MPB:bin_000083,0,0,0,0,0,0,0,0,0,0,0,0,0,0,0,0,0,0,0,0,0,0,0,0,0,0,0,0,0,0,0,0,0,0,0,0,0,0,0,0,0,0,0,0,0,0,0,0,0,0,0,0,0,0,0,0,0,0,0,0,0,0,0,0,0,0,0,0,0,0,0,0,0,0,0,0,0,0,0,0,0,0,0,0
MPB:bin_000085,0,0,0,0,0,0,0,0,0,0,0,0,0,0,0,0,0,0,0,0,0,0,0,0,0,0,0,0,0,0,0,0,0,0,0,0,0,0,0,0,0,0,0,0,0,0,0,0,0,0,0,0,0,0,0,0,0,0,0,0,0,2.905,0,0,1.618,0,0,0,0,0,0,0,0,0,0,0,0,0,0,0,0,0,0,0
MPB:bin_000087,0,0,0,0,0,0,0,0,0,0,0,0,0,0,0,0,0,0,0,0,0,0,0,0,0,0,0,0,0,0,0,0,0,0,0,0,0,0,0,0,0,0,0,0,0,0,0,0,0,0,0,0,0,0,0,0,0,0,0,0,0,0,0,0,0,0,0,0,0,0,0,0,0,0,0,0,0,0,0,0,0,0,0,0
MPB:bin_000088,0,0,0,0,0,0,0,0,0,0,0,0,0,0,0,0,0,0,0,0,0,0,0,0,0,0,0,0,0,0,0,0,0,0,0,0,0,0,0,0,0,0,0,0,0,0,0,0,0,0,0,0,0,0,0,0,0,0,0,0,0,0,0,0,0,0,0,0,0,0,0,0,0,0,0,0,0,0,0,0,0,0,0,0
MPB:bin_000090,0,0,3.917,0,12.369,4.022,2.362,0,0,0,0,0,0,0,1.909,0,0,0,0,0,3.151,2.581,0,0,0,0,5.159,0,0,0,3.443,0,4.55,2.39,0,0,0,0,14.464,0,2.555,0,0,0,4.166,2.135,0,3.639,2.651,0,0,2.088,2.592,0,0,2.961,0,0,0,1.849,0,2.288,0,2.676,2.231,0,0,0,0,2.849,0,0,0,0,2.612,0,0,2.211,8.573,0,0,1.987,4.209,0
MPB:bin_000091,0,0,0,0,0,0,0,0,0,0,0,0,0,0,0,0,0,0,0,0,0,0,0,0,0,0,0,0,0,0,0,0,0,0,0,0,0,0,0,0,0,0,0,0,0,0,0,0,0,0,0,0,0,0,0,0,0,0,0,0,0,0,0,0,0,0,0,0,0,0,0,0,0,0,0,0,0,0,0,0,0,0,0,0
MPB:bin_000092,0,0,0,0,0,0,0,0,0,0,0,0,0,0,0,0,0,0,0,0,0,0,0,0,0,0,0,0,0,0,0,0,0,0,0,0,0,0,0,0,0,0,0,0,0,0,0,0,0,0,0,0,0,0,0,0,0,0,0,0,0,3.346,0,0,0,0,0,0,0,0,0,0,0,0,0,0,0,0,0,0,0,0,0,0
MPB:bin_000093,2.302,2.08,0,0,4.012,8.194,3.198,0,0,3.806,9.483,3.583,0,0,4.981,0,0,0,0,0,0,0,0,2.199,0,2.011,3.234,0,0,0,0,0,5.957,0,0,2.423,0,3.672,6.228,3.927,3.202,3.761,3.392,0,5.293,0,0,0,2.642,0,0,3.644,0,0,0,0,5.135,2.065,0,2.088,0,6.331,0,3.511,2.396,0,2.694,3.682,2.373,2.973,0,0,0,0,0,0,0,3.319,2.84,0,0,0,0,2.459
MPB:bin_000094,0,0,0,0,0,0,0,0,0,0,0,0,0,0,0,0,0,0,0,0,0,0,0,0,0,0,0,0,0,0,0,0,0,0,0,0,0,0,0,0,0,0,0,0,0,0,0,0,0,0,0,0,0,0,0,0,0,0,0,0,0,0,0,0,0,0,0,0,0,0,0,0,0,0,0,0,0,0,0,0,0,0,0,0
MPB:bin_000095,0,0,0,0,0,0,0,0,0,0,0,0,0,0,0,0,0,0,0,0,0,0,0,0,0,0,0,0,0,0,0,0,0,0,0,0,0,0,0,0,0,0,0,0,0,0,0,0,0,0,0,0,0,0,0,0,0,0,0,0,0,0,0,0,0,0,0,0,0,0,0,0,0,0,0,0,0,0,0,0,0,0,0,0
MPB:bin_000097,0,0,0,0,0,0,0,0,0,0,0,0,0,0,0,0,0,0,0,0,0,0,0,0,0,0,0,0,0,0,0,0,0,0,0,0,0,0,0,0,0,0,0,0,0,0,0,0,0,0,0,0,0,0,0,0,0,0,0,0,0,4.14,0,0,0,0,0,0,0,0,0,0,0,0,0,0,2.285,0,0,0,0,0,0,0
MPB:bin_000100,0,0,0,0,0,0,0,0,0,0,0,0,0,0,0,0,0,0,0,0,0,0,0,0,0,0,0,0,0,0,0,0,0,0,0,0,0,0,0,0,0,0,0,0,0,0,0,0,0,0,0,0,0,0,0,0,0,0,0,0,0,0,0,0,0,0,0,0,0,0,0,0,0,0,0,0,0,0,0,0,0,0,0,0
MPB:bin_000103,0,0,0,0,0,0,0,0,0,0,0,0,0,0,0,0,0,0,0,0,0,0,0,0,0,0,0,0,0,0,0,0,0,0,0,0,0,0,0,0,0,0,0,0,0,0,0,0,0,0,0,0,0,0,0,0,0,0,0,0,0,0,0,0,0,0,0,0,0,0,0,0,0,0,0,0,0,0,0,0,0,0,0,0
MPB:bin_000105,8.499,8.806,11.464,6.349,51.904,15.279,8.575,6.902,12.45,4.497,12.937,11.29,13.141,5.791,5.506,12.137,5.759,11.818,10.987,3.038,21.044,9.194,9.619,10.141,11.071,8.691,17.548,0,6.698,3.136,16.026,1.511,22.733,5.599,9.181,7.535,16.397,7.4,74.085,9.229,11.293,4.482,15.117,7.7,10.353,9.818,15.856,15.214,10.972,3.066,1.564,17.131,13.952,6.726,6.587,9.84,18.999,6.109,6.848,6.272,0,21.387,0,17.583,7.573,7.698,14.292,9.901,3.509,11.715,0,9.402,10.067,0,11.266,15.292,2.084,9.142,26.585,8.142,7.101,5.685,12.238,2.223
MPB:bin_000106,0,0,0,0,0,1.614,0,0,0,0,0,0,0,0,0,0,0,0,0,0,0,0,0,0,0,0,0,0,0,0,0,0,0,0,0,0,0,0,2.611,0,0,0,0,0,0,0,0,0,0,0,0,0,0,0,0,0,0,0,0,0,0,1.394,0,0,0,0,0,0,0,0,0,0,0,0,0,0,0,0,0,0,0,0,0,0
MPB:bin_000107,0,0,0,0,0,0,0,0,0,0,0,0,0,0,0,0,0,0,0,0,0,0,0,0,0,0,0,0,0,0,0,0,0,0,0,0,0,0,0,0,0,0,0,0,0,0,0,0,0,0,0,0,0,0,0,0,0,0,0,0,0,0,0,0,0,0,0,0,0,0,0,0,0,0,0,0,0,0,0,0,0,0,0,0
MPB:bin_000108,0,0,0,0,0,0,0,0,0,0,0,0,0,0,0,0,0,0,0,0,0,0,0,0,0,0,0,0,0,0,0,0,0,0,0,0,0,0,0,0,0,0,0,0,0,0,0,0,0,0,0,0,0,0,0,0,0,0,0,0,0,0,0,0,0,0,0,0,0,0,0,0,0,0,0,0,0,0,0,0,0,0,0,0
MPB:bin_000109,19.941,7.945,7.014,9.59,12.622,25.089,10.34,7.357,17.302,10.494,34.26,15.592,13.625,6.61,12.594,10.734,15.151,26.77,12.284,6.932,11.298,10.032,9.234,7.385,12.091,13.912,20.719,0,8.808,1.656,13.813,1.754,20.589,14.835,8.536,15.059,26.6,12.164,50.311,17.384,13.25,8.386,16.493,8.536,30.578,11.087,18.656,17.156,17.363,2.967,2.077,18.225,92.535,10.203,7.349,13.033,21.3,9.691,14.686,10.539,0,24.948,0,22.88,12.12,11.901,18.563,15.202,5.258,13.272,0,7.423,17.478,0,10.36,18.992,10.731,22.854,16.976,10.664,18.738,11.668,7.423,8.503
MPB:bin_000110,0,0,0,0,0,0,0,0,0,0,0,0,0,0,0,0,0,0,0,0,0,0,0,0,0,0,0,0,0,0,0,0,0,0,0,0,0,0,0,0,0,0,0,0,0,0,0,0,0,0,0,0,0,0,0,0,0,0,0,0,0,0,0,0,0,0,0,0,0,0,0,0,0,0,0,0,0,0,0,0,0,0,0,0
MPB:bin_000111,0,0,0,0,0,0,0,0,0,0,0,0,0,0,0,0,0,0,0,0,0,0,0,0,0,0,0,0,0,0,0,0,0,0,0,0,0,0,0,0,0,0,0,0,0,0,0,0,0,0,0,0,0,0,0,0,0,0,0,0,0,0,0,0,0,0,0,0,0,0,0,0,0,0,0,0,0,0,0,0,0,0,0,0
MPB:bin_000113,0,0,0,0,0,0,0,0,0,0,0,0,0,0,0,0,0,0,0,0,0,0,0,0,0,0,0,0,0,0,0,0,0,0,0,0,0,0,0,0,0,0,0,0,0,0,0,0,0,0,0,0,0,0,0,0,0,0,0,0,0,2.581,0,0,0,0,0,0,0,0,0,0,0,0,0,0,0,0,0,0,0,0,0,0
MPB:bin_000114,0,0,0,0,0,0,0,0,0,0,0,0,0,0,0,0,0,0,0,0,0,0,0,0,0,0,0,0,0,0,0,0,0,0,0,0,0,0,0,0,0,0,0,0,0,0,0,0,0,0,0,0,0,0,0,0,0,0,0,0,0,0,0,0,0,0,0,0,0,0,0,0,0,0,0,0,0,0,0,0,0,0,0,0
MPB:bin_000115,2.054,1.706,0,0,0,2.908,1.878,0,0,1.606,0,0,0,0,1.871,0,0,0,0,0,2.457,0,0,0,0,1.493,3.202,0,1.968,0,1.912,0,2.253,0,0,2.028,0,1.682,5.145,0,3.066,0,0,0,2.115,0,0,2.795,2.302,0,0,3.673,3.749,1.684,0,0,0,1.798,0,1.635,0,5.972,0,1.882,2.094,0,2.709,2.592,0,0,0,0,0,0,1.458,2.871,0,3.094,3.452,0,1.403,1.656,3.337,0
MPB:bin_000116,0,0,0,0,0,0,0,0,0,0,0,0,0,0,0,0,0,0,0,0,0,0,0,0,0,0,0,0,0,0,0,0,0,0,0,0,0,0,0,0,0,0,0,0,0,0,0,0,0,0,0,0,0,0,0,0,3.277,0,0,0,0,5.674,0,0,0,0,0,0,5.116,0,0,0,0,0,0,0,0,0,0,0,0,0,0,0
MPB:bin_000120,0,0,0,0,0,0,0,0,0,0,0,0,0,0,0,0,0,0,0,0,0,0,0,0,0,0,0,0,0,0,0,0,0,0,0,0,0,0,0,0,0,0,0,0,0,0,0,0,0,0,0,0,0,0,0,0,0,0,0,0,0,0,0,0,0,0,0,0,0,0,0,0,0,0,0,0,0,0,0,0,0,0,0,0
MPB:bin_000122,0,0,0,0,0,0,0,0,0,0,0,0,0,0,0,0,0,0,0,0,0,0,0,0,0,0,0,0,0,0,0,0,0,0,0,0,0,0,0,0,0,0,0,0,0,0,0,0,0,0,0,0,0,0,0,0,0,0,0,0,0,0,0,0,0,0,0,0,0,0,0,0,0,0,0,0,0,0,0,0,0,0,0,0
MPB:bin_000123,0,0,0,0,2.856,0,0,0,0,1.636,0,0,0,0,0,0,0,0,0,0,0,0,0,0,0,0,0,0,0,0,0,0,0,0,0,0,0,0,0,0,0,0,0,0,0,0,0,0,0,0,0,0,0,0,0,0,0,0,0,0,0,0,0,0,0,0,0,0,0,0,0,0,0,0,0,0,0,0,2.527,0,0,0,0,0
MPB:bin_000125,1.822,0,0,2.671,5.378,6.078,2.484,0,3.045,0,8.255,4.066,9.017,0,3.864,0,2.632,2.735,0,0,3.349,0,3.477,4.112,0,3.412,2.92,0,3.586,0,5.217,0,3.804,0,0,0,11.424,0,6.806,0,2.342,1.916,5.167,0,0,0,3.089,4.74,0,0,0,4.219,0,2.832,0,0,8.534,2.23,2.652,2.795,0,5.907,0,6.919,2.266,3.309,2.091,0,0,0,0,0,3.208,0,2.305,0,2.924,7.278,7.201,0,4.877,0,2.729,1.68
MPB:bin_000127,0,0,0,0,0,0,0,0,0,2.014,0,0,0,0,0,0,0,0,0,0,0,0,0,0,0,0,0,0,0,0,0,0,0,0,0,0,0,0,0,0,0,0,0,0,0,0,0,0,0,0,0,0,0,0,0,0,0,0,0,0,0,1.795,0,0,0,0,0,0,0,0,0,0,0,0,0,0,0,0,0,0,0,0,0,0
MPB:bin_000129,1.461,0,0,0,0,2.08,0,0,0,0,0,0,0,0,0,0,0,0,0,0,0,0,0,0,0,0,0,0,0,0,0,0,1.854,0,0,0,0,0,0,0,3.551,0,0,0,0,0,0,0,0,0,0,1.884,0,0,0,0,0,0,0,0,0,4.009,0,2.173,1.696,0,0,0,0,0,0,0,0,0,0,0,0,0,0,0,0,0,0,0
MPB:bin_000130,0,0,0,0,0,0,0,0,0,0,0,0,0,0,0,0,0,0,0,0,0,0,0,0,0,0,0,0,0,0,0,0,0,0,0,0,0,0,0,0,0,0,0,0,0,0,0,0,0,0,0,0,0,0,0,0,0,0,0,0,0,0,0,0,1.836,0,0,0,0,0,0,0,0,0,0,0,0,0,0,0,0,0,0,0
MPB:bin_000131,72.591,66.032,43.97,32.34,77.785,111.689,54.125,34.826,78.697,65.579,93.199,60.58,77.923,43.593,60.35,36.408,39.901,63.955,58.455,38.474,95.171,36.744,62.3,33.829,76.304,41.88,106.308,0,27.327,14.633,63.626,10.265,126.391,35.46,49.407,51.684,48.202,34.754,208.046,71.187,77.79,52.382,97.685,57.479,83.202,54.564,62.856,118.874,65.524,10.335,7.174,109.29,73.27,56.549,28.407,39.828,91.97,45.289,22.288,40.313,0,74.626,2.916,97.517,59.438,42.882,105.494,80.157,53.453,59.943,0,71.101,72.992,0,60.861,86.287,22.344,78.373,118.343,69.829,40.129,42.112,88.364,17.736
MPB:bin_000132,0,0,0,0,0,0,0,0,0,0,0,0,0,0,0,0,0,0,0,0,0,0,0,0,0,0,0,0,0,0,0,0,0,0,0,0,0,0,0,0,0,0,0,0,0,0,0,0,0,0,0,0,0,0,0,0,0,0,0,0,0,0,0,0,0,0,0,0,0,0,0,0,0,0,0,0,0,0,0,0,0,0,0,0
MPB:bin_000133,0,0,0,0,0,0,0,0,0,0,0,0,0,0,0,0,0,0,0,0,0,0,0,0,0,0,0,0,0,0,0,0,0,0,0,0,0,0,0,0,0,0,0,0,0,0,0,0,0,0,0,0,0,0,0,0,0,0,0,0,0,0,0,0,0,0,0,0,0,0,0,0,0,0,0,0,0,0,0,0,0,0,0,0
MPB:bin_000135,0,0,0,0,0,0,0,0,0,0,0,0,0,0,0,0,0,0,0,0,0,0,0,0,0,0,0,0,0,0,0,0,0,0,0,0,0,0,0,0,0,0,0,0,0,0,0,0,0,0,0,0,0,0,0,0,0,0,0,0,0,0,0,0,0,0,0,0,0,0,0,0,0,0,0,0,0,0,0,0,0,0,0,0
MPB:bin_000136,6.591,4.343,4.582,3.71,5.545,11.697,3.295,1.974,5.832,7.727,13.014,4.55,5.599,3.16,6.266,2.257,4.589,4.495,3.495,0,6.169,3.634,7.408,3.226,6.261,2.357,6.76,0,4.035,0,6.188,0,9.928,4.401,4.362,4.235,5.974,3.98,18.179,10.792,4.62,3.639,6.728,2.496,7.393,5.763,3.877,15.366,3.246,0,0,7.895,8.052,4.792,3.524,5.385,11.826,2.922,2.102,4.489,0,7.794,0,9.465,4.244,3.506,9.896,8.591,6.296,7.503,0,5.476,5.381,0,5.519,5.226,0,8.666,7.784,8.038,3.035,4.074,5.632,3.107
MPB:bin_000137,0,0,0,0,0,0,0,0,0,0,0,0,0,0,0,0,0,0,0,0,0,0,0,0,0,0,0,0,0,0,0,0,0,0,0,0,0,0,0,0,0,0,0,0,0,0,0,0,0,0,0,0,0,0,0,0,0,0,0,0,0,0,0,0,0,0,0,0,0,0,0,0,0,0,0,0,0,0,0,0,0,0,0,0
MPB:bin_000138,0,0,0,0,0,0,0,0,0,0,0,0,0,0,0,0,0,0,0,0,0,0,0,0,0,0,0,0,0,0,0,0,0,0,0,0,0,0,0,0,0,0,0,0,0,0,0,0,0,0,0,1.975,0,0,0,0,0,0,0,0,0,3.647,0,3.109,0,0,0,0,0,0,0,0,0,0,0,0,0,0,2.355,0,0,0,0,0
MPB:bin_000140,0,0,0,0,0,0,0,0,0,0,0,0,0,0,0,0,0,0,0,0,0,0,0,0,0,0,0,0,0,0,0,0,0,0,0,0,0,0,0,0,0,0,0,0,0,0,0,0,0,0,0,0,0,0,0,0,0,0,0,0,0,0,0,0,0,0,0,0,0,0,0,0,0,0,0,0,0,0,0,0,0,0,0,0
MPB:bin_000141,0,0,0,0,0,0,0,0,0,0,0,0,0,0,0,0,0,0,0,0,0,0,0,0,0,0,0,0,0,0,0,0,0,0,0,0,0,0,0,0,0,0,0,0,0,0,0,0,0,0,0,0,0,0,0,0,0,0,0,0,0,0,0,0,0,0,0,0,0,0,0,0,0,0,0,0,0,0,0,0,0,0,0,0
MPB:bin_000143,0,0,0,0,0,0,0,0,0,0,0,0,0,0,0,0,0,0,0,0,0,0,0,0,0,0,0,0,0,0,0,0,0,0,0,0,0,0,0,0,0,0,0,0,0,0,0,0,0,0,0,0,0,0,0,0,0,0,0,0,0,0,0,0,0,0,0,0,0,0,0,0,0,0,0,0,0,0,0,0,0,0,0,0
MPB:bin_000144,0,0,0,0,0,0,0,0,0,0,0,0,0,0,0,0,0,0,0,0,0,0,0,0,0,0,0,0,0,0,0,0,0,0,0,0,0,0,0,0,0,0,0,0,0,0,0,0,0,0,0,0,0,0,0,0,0,0,0,0,0,0,0,0,0,0,0,0,0,0,0,0,0,0,0,0,0,0,0,0,0,0,0,0
MPB:bin_000145,2.186,0,0,0,0,3.5,0,0,0,0,5.252,0,3.129,0,0,0,0,0,0,0,0,0,0,0,0,0,2.488,0,0,0,0,0,3.393,0,0,0,0,2.153,4.705,0,0,2.268,0,0,3.174,0,0,0,0,0,0,0,0,0,0,0,0,0,2.241,0,0,9.036,0,0,3.188,0,0,0,0,0,0,0,0,0,2.108,0,2.309,3.215,0,0,2.271,0,0,0
MPB:bin_000146,0,0,0,0,0,0,0,0,0,0,0,0,0,0,0,0,0,0,0,0,0,0,0,0,0,0,0,0,0,0,0,0,0,0,0,0,0,0,0,0,0,0,0,0,0,0,0,0,0,0,0,0,0,0,0,0,0,0,0,0,0,1.476,0,0,0,0,0,0,0,0,0,0,0,0,0,0,0,0,0,0,0,0,0,0
MPB:bin_000147,0,0,0,0,0,0,0,0,0,0,0,0,0,0,0,0,0,0,0,0,0,0,0,0,0,0,0,0,0,0,0,0,0,0,0,0,0,0,0,0,0,0,0,0,0,0,0,0,0,0,0,0,0,0,0,0,0,0,0,0,0,0,0,0,0,0,0,0,0,0,0,0,0,0,0,0,0,0,0,0,0,0,0,0
MPB:bin_000148,0,0,0,0,0,0,0,0,0,0,0,0,0,0,0,0,0,0,0,0,0,0,0,0,0,0,0,0,0,0,0,0,0,0,0,0,0,0,0,0,0,0,0,0,0,0,0,0,0,0,0,0,0,0,0,0,0,0,0,0,0,0,0,0,0,0,0,0,0,0,0,0,0,0,0,0,0,0,0,0,0,0,0,0
MPB:bin_000149,0,0,0,0,0,0,0,0,0,0,0,0,0,0,0,0,0,0,0,0,0,0,0,0,0,0,0,0,0,0,0,0,0,0,0,0,0,0,0,0,0,0,0,0,0,0,0,0,0,0,0,0,0,0,0,0,0,0,0,0,0,0,0,0,0,0,0,0,0,0,0,0,0,0,0,0,0,0,0,0,0,0,0,0
MPB:bin_000150,2.144,0,0,0,2.584,2.853,2.059,0,0,1.728,15.424,0,4.926,0,0,0,0,4.417,0,0,2.151,0,0,1.812,2.601,0,2.768,0,0,0,0,0,5.512,0,0,1.704,0,0,0,0,3.413,0,3.462,0,0,0,0,0,0,0,0,2.353,7.97,0,4.809,0,4.671,2.137,0,0,0,2.533,0,3.071,1.488,0,5.339,5.357,7.639,0,0,0,0,0,0,0,1.802,7.32,3.52,0,1.527,2.144,0,0
MPB:bin_000152,4.105,0,0,0,0,6.566,2.471,0,0,0,3.574,2.277,3.172,0,1.817,0,0,0,0,0,2.563,0,3.036,0,0,1.756,3.05,0,0,0,0,0,4.469,0,0,2.111,0,2.377,4.508,0,2.341,2.332,0,0,3.804,0,0,4.948,2.011,0,0,4.441,0,3.594,0,2.263,5.421,0,0,1.979,0,4.096,0,4.32,4.35,0,0,0,1.867,0,0,0,2.315,0,2.379,0,2.307,2.76,3.719,0,3.836,2.182,0,2.613
MPB:bin_000153,0,0,0,0,0,0,0,0,0,0,0,0,0,0,0,0,0,0,0,0,0,0,0,0,0,0,0,0,0,0,0,0,0,0,0,0,0,0,0,0,0,0,0,0,0,0,0,0,0,0,0,0,0,0,0,0,0,0,0,0,0,0,0,0,0,0,0,0,0,0,0,0,0,0,0,0,0,0,0,0,0,0,0,0
MPB:bin_000155,0,0,0,0,0,0,0,0,0,0,0,0,0,0,0,0,0,0,0,0,0,0,0,0,0,0,0,0,0,0,0,0,0,0,0,0,0,0,0,0,0,0,0,0,0,0,0,0,0,0,0,0,0,0,0,0,0,0,0,0,0,0,0,0,0,0,0,0,0,0,0,0,0,0,0,0,0,0,0,0,0,0,0,0
MPB:bin_000156,6.794,4.666,3.254,3.295,7.714,12.838,6.177,4.275,7.55,8.57,16.055,6.081,10.047,4.534,7.47,3.907,4.838,11.636,5.125,6.002,10.499,5.361,7.857,5.566,8.67,5.763,6.927,0,2.963,2.114,6.628,0.988,13.681,2.973,3.916,6.19,3.21,4.911,21.27,10.887,7.663,6.901,12.503,4.723,7.355,5.156,5.008,23.039,5.271,1.421,1.748,10.161,7.696,6.458,4.536,6.304,11.339,4.687,3.437,5.633,0,10.745,0,13.119,6.337,4.069,9.253,9.232,4.971,5.826,0,6.388,7.783,0,8.519,6.354,1.692,7.77,12.291,5.327,4.222,4.978,6.347,3.025
MPB:bin_000158,0,0,0,0,0,0,0,0,0,0,0,0,0,0,0,0,0,0,0,0,0,0,0,0,0,0,0,0,0,0,0,0,0,0,0,0,0,0,0,0,0,0,0,0,0,0,0,0,0,0,0,0,0,0,0,0,0,0,0,0,0,0,0,0,0,0,0,0,0,0,0,0,0,0,0,0,0,0,0,0,0,0,0,0
MPB:bin_000160,0,0,0,0,0,0,0,0,0,0,0,0,0,0,0,0,0,0,0,0,0,0,0,0,0,0,0,0,0,0,0,0,0,0,0,0,0,0,0,0,0,0,0,0,0,0,0,0,0,0,0,0,0,0,0,0,0,0,0,0,0,0,0,0,0,0,0,0,0,0,0,0,0,0,0,0,0,0,0,0,0,0,0,0
MPB:bin_000162,4.058,0,0,0,3.239,13.954,5.028,0,0,5.605,0,0,0,0,0,4.466,0,0,0,0,2.091,0,0,2.104,0,2.862,0,0,2.952,0,0,0,6.965,0,0,2.779,0,8.402,0,0,3.387,4.199,0,0,6.977,1.97,0,0,3.233,0,0,6.427,0,2.916,0,0,5.431,4.668,2.787,1.647,0,8.884,0,5.419,4.779,0,2.028,0,4.048,2.225,0,0,0,0,0,2.499,2.716,8.443,1.756,0,1.772,3.356,0,2.429
MPB:bin_000163,0,0,0,0,0,0,0,0,0,0,0,0,0,0,0,0,0,0,0,0,0,0,0,0,0,0,0,0,0,0,0,0,0,0,0,0,0,0,0,0,0,0,0,0,0,0,0,0,0,0,0,0,0,0,0,0,0,0,0,0,0,0,0,0,0,0,0,0,0,0,0,0,0,0,0,0,0,0,0,0,0,0,0,0
MPB:bin_000165,0,0,0,0,0,0,0,0,0,0,0,0,0,0,0,0,0,0,0,0,0,0,0,0,0,0,0,0,0,0,0,0,0,0,0,0,0,0,0,0,0,0,0,0,0,0,0,0,0,0,0,0,0,0,0,0,0,0,0,0,0,0,0,0,0,0,0,0,0,0,0,0,0,0,0,0,0,0,0,0,0,0,0,0
MPB:bin_000167,8.227,5.851,4.103,3.176,13.56,10.184,6.686,3.294,11.791,4.737,17.799,6.36,18.243,3.277,15.906,11.425,10.629,19.103,9.731,2.337,23.875,7.072,15.281,3.181,7.4,9.134,13.328,0,6.347,0,10.471,1.346,19.817,5.229,5.765,8.306,9.273,8.388,45.801,13.973,9.642,8.121,19.611,8.969,17.501,4.864,25.004,19.247,7.597,0,2.029,12.217,6.525,14.681,3.167,3.223,14.614,7.436,8.497,4.657,0,16.69,0,20.622,8.686,5.89,10.947,8.539,3.427,12.294,0,16.121,15.288,0,7.358,10.627,8.17,10.197,12.402,7.026,13.451,9.79,3.838,6.818
MPB:bin_000168,0,0,0,0,0,0,0,0,0,0,0,0,0,0,0,0,0,0,0,0,0,0,0,0,0,0,0,0,0,0,0,0,0,0,0,0,0,0,0,0,0,0,0,0,0,0,0,0,0,0,0,0,0,0,0,0,0,0,0,0,0,0,0,0,0,0,0,0,0,0,0,0,0,0,0,0,0,0,0,0,0,0,0,0
MPB:bin_000169,0,0,0,0,0,0,0,0,0,0,0,0,0,0,0,0,0,0,0,0,0,0,0,0,0,0,0,0,0,0,0,0,0,0,0,0,0,0,0,0,0,0,0,0,0,0,0,0,0,0,0,0,0,0,0,0,0,0,0,0,0,0,0,0,0,0,0,0,0,0,0,0,0,0,0,0,0,0,0,0,0,0,0,0
MPB:bin_000170,0,0,0,0,0,0,0,0,0,0,0,0,0,0,0,0,0,0,0,0,0,0,0,0,0,0,0,0,0,0,0,0,0,0,0,0,0,0,0,0,0,0,0,0,0,0,0,0,0,0,0,0,0,0,0,0,0,0,0,0,0,0,0,0,0,0,0,0,0,0,0,0,0,0,0,0,0,0,0,0,0,0,0,0
MPB:bin_000173,3.022,2.134,0,0,3.382,6.72,1.988,0,0,3.102,8.412,4.256,4.604,0,3.325,0,0,3.402,0,0,1.944,0,4.381,0,0,2.243,3.516,0,2.368,0,2.382,0,4.717,3.073,0,4.172,3.263,2.837,6.604,4.353,2.833,2.771,3.923,0,3.786,2.305,2.689,7.373,3.913,0,0,3.048,0,2.856,0,0,7.598,3.026,4.137,1.722,0,9.5,0,7.206,5.472,1.704,3.203,2.894,0,3.413,0,2.273,4.66,0,2.753,6.959,6.094,8.063,2.863,0,4.242,2.648,0,2.723
MPB:bin_000174,0,0,0,0,0,0,0,0,0,0,0,0,0,0,0,0,0,0,0,0,0,0,0,0,0,0,0,0,0,0,0,0,0,0,0,0,0,0,0,0,0,0,0,0,0,0,0,0,0,0,0,0,0,0,0,0,0,0,0,0,0,0,0,0,0,0,0,0,0,0,0,0,0,0,0,0,0,0,0,0,0,0,0,0
MPB:bin_000177,0,0,0,0,0,0,0,0,0,0,0,0,0,0,0,0,0,0,0,0,0,0,0,0,0,0,0,0,0,0,0,0,0,0,0,0,0,0,0,0,0,0,0,0,0,0,0,0,0,0,0,0,0,0,0,0,0,0,0,0,0,0,0,0,0,0,0,0,0,0,0,0,0,0,0,0,0,0,0,0,0,4.692,0,0
MPB:bin_000185,0,0,0,0,0,0,0,0,0,0,0,0,0,0,0,0,0,0,0,0,0,0,0,0,0,0,0,0,0,0,0,0,0,0,0,0,0,0,0,0,0,0,0,0,0,0,0,0,0,0,0,0,0,0,0,0,0,0,0,0,0,0,0,0,0,0,0,0,0,0,0,0,0,0,0,0,0,0,0,0,0,0,0,0
MPB:bin_000187,0,0,0,0,0,0,0,0,0,0,0,0,0,0,0,0,0,0,0,0,0,0,0,0,0,0,0,0,0,0,0,0,0,0,0,0,0,0,0,0,0,0,0,0,0,0,0,0,0,0,0,0,0,0,0,0,0,0,0,0,0,0,0,0,0,0,0,0,0,0,0,0,0,0,0,0,0,0,0,0,0,0,0,0
MPB:bin_000190,0,0,0,0,0,6.844,0,4.276,0,6.546,0,6.979,0,0,0,0,0,0,0,0,6.045,0,8.035,13.513,0,0,0,0,2.317,0,5.176,0,13.326,0,0,3.176,0,0,0,0,0,0,0,9.607,0,0,0,0,0,0,0,4.189,0,0,0,0,0,0,0,2.688,0,0,0,0,0,0,0,0,0,0,0,0,0,0,0,0,0,0,0,0,0,0,0,0
MPB:bin_000191,43.455,14.726,8.262,20.099,37.302,67.209,24.896,15.027,22.748,18.214,65.321,30.175,42.717,9.85,37.55,32.861,17.475,24.366,27.771,7.107,27.33,18.485,24.05,19.41,22.612,43.666,28.312,0,29.975,3.557,27.82,5.886,45.487,20.803,18.012,25.143,21.224,51.938,43.386,27.828,26.944,30.707,44.551,9.35,43.644,22.609,32.384,29.002,32.044,4.891,3.467,57.208,20.84,38.777,10.984,14.265,67.496,29.88,45.724,28.546,0,87.231,1.57,60.232,47.891,24.291,20.493,18.104,21.76,25.962,0,28.858,30.044,0,13.926,22.423,53.633,62.863,34.131,19.915,55.587,32.849,16.652,23.424
MPB:bin_000193,0,0,0,0,0,0,0,0,0,0,0,0,0,0,0,0,0,0,0,0,0,0,0,0,0,0,0,0,0,0,0,0,0,0,0,0,0,0,0,0,0,0,0,0,0,0,0,0,0,0,0,0,0,0,0,0,0,0,0,0,0,0,0,0,0,0,0,0,0,0,0,0,0,0,0,0,0,0,0,0,0,0,0,0
MPB:bin_000194,0,0,0,0,0,0,0,0,0,0,0,0,0,0,0,0,0,0,0,0,0,0,0,0,0,0,0,0,0,0,0,0,0,0,0,0,0,0,0,0,0,0,0,0,0,0,0,0,0,0,0,0,0,0,0,0,0,0,0,0,0,0,0,0,0,0,0,0,0,0,0,0,0,0,0,0,0,0,0,0,0,0,0,0
MPB:bin_000195,0,0,0,0,0,0,0,0,0,0,0,0,0,0,0,0,0,0,0,0,0,0,0,0,0,0,0,0,0,0,0,0,0,0,0,0,0,0,0,0,0,0,0,0,0,0,0,0,0,0,0,0,0,0,0,0,0,0,0,0,0,1.409,0,0,0,0,0,0,0,0,0,0,0,0,0,0,0,0,0,0,0,0,0,0
MPB:bin_000196,0,0,0,0,0,0,0,0,0,0,0,0,0,0,0,0,0,0,0,0,0,0,0,0,0,0,0,0,0,0,0,0,0,0,0,0,0,0,0,0,0,0,0,0,0,0,0,0,0,0,0,0,0,0,0,0,0,0,0,0,0,0,0,0,0,0,0,0,0,0,0,0,0,0,0,0,0,0,0,0,0,0,0,0
MPB:bin_000198,0,0,0,0,0,0,0,0,0,0,0,0,0,0,0,0,0,0,0,0,0,0,0,0,0,0,0,0,0,0,0,0,0,0,0,0,0,0,0,0,0,0,0,0,0,0,0,0,0,0,0,0,0,0,0,0,0,0,0,0,0,0,0,0,0,0,0,0,0,0,0,0,0,0,0,0,0,0,0,0,0,0,0,0
MPB:bin_000201,0,0,0,0,0,0,0,0,0,0,0,0,0,0,0,0,0,0,0,0,0,0,0,0,0,0,0,0,0,0,0,0,0,0,0,0,0,0,0,0,0,0,0,0,0,0,0,0,0,0,0,0,0,0,0,0,0,0,0,0,0,0,0,0,0,0,0,0,0,0,0,0,0,0,0,0,0,0,0,0,0,0,0,0
MPB:bin_000203,0,0,0,0,0,0,0,0,0,0,0,0,0,0,0,0,0,0,0,0,0,0,0,0,0,0,0,0,0,0,0,0,0,0,0,0,0,0,0,0,0,0,0,0,0,0,0,0,0,0,0,0,0,0,0,0,0,0,0,0,0,0,0,0,0,0,0,0,0,0,0,0,0,0,0,0,0,0,0,0,0,0,0,0
MPB:bin_000204,0,0,0,0,0,0,0,0,0,0,0,0,0,0,0,0,0,0,0,0,0,0,0,0,0,0,0,0,0,0,0,0,0,0,0,0,0,0,0,0,0,0,0,0,0,0,0,0,0,0,0,0,0,0,0,0,0,0,0,0,0,0,0,0,0,0,0,0,0,0,0,0,0,0,0,0,0,0,0,0,0,0,0,0
MPB:bin_000209,0,0,0,0,0,0,0,0,0,0,0,0,0,0,0,0,0,0,0,0,0,0,0,0,0,0,0,0,0,0,0,0,0,0,0,0,0,0,0,0,0,0,0,0,0,0,0,0,0,0,0,0,0,0,0,0,0,0,0,0,0,0,0,0,0,0,0,0,0,0,0,0,0,0,0,0,0,0,0,0,0,0,0,0
MPB:bin_000212,0,0,0,0,0,0,0,0,0,0,0,0,0,0,0,0,0,0,0,0,0,0,0,0,0,0,0,0,0,0,0,0,0,0,0,0,0,0,0,0,0,0,0,0,0,0,0,0,0,0,0,0,0,0,0,0,0,0,0,0,0,0,0,0,0,0,0,0,0,0,0,0,0,0,0,0,0,0,0,0,0,0,0,0
MPB:bin_000213,0,0,0,0,0,6.336,0,0,0,4.705,0,0,0,0,0,0,0,0,0,0,0,0,0,0,0,0,0,0,0,0,0,0,0,0,0,0,0,0,0,0,0,0,0,0,0,0,0,0,0,0,0,0,0,0,0,0,0,0,0,0,0,0,0,6.384,0,0,0,0,0,0,0,0,0,0,0,0,0,0,0,0,0,0,0,0
MPB:bin_000214,0,0,0,0,0,1.887,0,0,0,0,0,0,0,0,0,0,0,0,0,0,0,0,0,0,0,0,0,0,0,0,0,0,0,0,0,0,0,0,0,0,0,0,0,0,0,0,0,0,0,0,0,0,0,0,0,0,0,0,0,0,0,1.659,0,0,0,0,0,0,0,0,0,0,0,0,0,0,0,0,0,0,0,0,0,0
MPB:bin_000216,0,0,0,0,0,0,0,0,0,0,0,0,0,0,0,0,0,0,0,0,0,0,0,0,0,0,0,0,0,0,0,0,0,0,0,0,0,0,0,0,0,0,0,0,0,0,0,0,0,0,0,0,0,0,0,0,0,0,0,0,0,0,0,0,0,0,0,0,0,0,0,0,0,0,0,0,0,0,0,0,0,0,0,0
MPB:bin_000217,0,0,0,0,0,0,0,0,0,0,0,0,0,0,0,0,0,0,0,0,0,0,0,0,0,0,0,0,0,0,0,0,0,0,0,0,0,0,0,0,0,0,0,0,0,0,0,0,0,0,0,0,0,0,0,0,0,0,0,0,0,0,0,0,0,0,0,0,0,0,0,0,0,0,0,0,0,0,0,0,0,0,0,0
MPB:bin_000220,0,0,0,0,0,0,0,0,0,0,0,0,0,0,0,0,0,0,0,0,0,0,0,0,0,0,0,0,0,0,0,0,0,0,0,0,0,0,0,0,0,0,0,0,0,0,0,0,0,0,0,0,0,0,0,0,0,0,0,0,0,0,0,0,0,0,0,0,0,0,0,0,0,0,0,0,0,0,0,0,0,0,0,0
MPB:bin_000221,0,0,0,0,0,0,0,0,0,0,0,0,0,0,0,0,0,0,0,0,0,0,0,0,0,0,0,0,0,0,0,0,0,0,0,0,0,0,0,0,0,0,0,0,0,0,0,0,0,0,0,0,0,0,0,0,0,0,0,0,0,0,0,0,0,0,0,0,0,0,0,0,0,0,0,0,0,0,0,0,0,0,0,0
MPB:bin_000223,0,0,0,0,0,0,0,0,0,0,0,0,0,0,0,0,0,0,0,0,0,0,0,0,0,0,0,0,0,0,0,0,0,0,0,0,0,0,0,0,0,0,0,0,0,0,0,0,0,0,0,0,0,0,0,0,0,0,0,0,0,0,0,0,0,0,0,0,0,0,0,0,0,0,0,0,0,0,0,0,0,0,0,0
MPB:bin_000225,2.317,0,0,0,0,4.194,2.238,0,0,0,5.161,0,5.523,0,2.951,0,0,0,0,0,0,0,0,0,0,0,0,0,0,0,0,0,3.106,0,3.906,2.712,0,2.901,7.768,0,0,0,0,0,3.471,0,0,0,2.404,0,0,0,0,2.392,0,0,0,2.271,0,2.75,0,4.919,0,4.361,3.946,0,0,0,3.435,0,0,0,0,0,0,0,4.835,3.845,3.459,0,3.43,0,0,0
MPB:bin_000227,0,0,0,0,0,0,0,0,0,0,0,0,0,0,0,0,0,0,0,0,0,0,0,0,0,0,0,0,0,0,0,0,0,0,0,0,0,0,0,0,0,0,0,0,0,0,0,0,0,0,0,0,0,0,0,0,0,0,0,0,0,0,0,0,0,0,0,0,0,0,0,0,0,0,0,0,0,0,0,0,0,0,0,0
MPB:bin_000228,0,0,0,0,0,0,0,0,0,0,0,0,0,0,0,0,0,0,0,0,0,0,0,0,0,0,0,0,0,0,0,0,0,0,0,0,0,0,0,0,0,0,0,0,0,0,0,0,0,0,0,0,0,0,0,0,0,0,0,0,0,0,0,0,0,0,0,0,0,0,0,0,0,0,0,0,0,0,0,0,0,0,0,0
MPB:bin_000230,0,0,0,0,0,0,0,0,0,0,0,0,0,0,0,0,0,0,0,0,0,0,0,0,0,0,0,0,0,0,0,0,0,0,0,0,0,0,0,0,0,0,0,0,0,0,0,0,0,0,0,0,0,0,0,0,0,0,0,0,0,0,0,0,0,0,0,0,0,0,0,0,0,0,0,0,0,0,0,0,0,0,0,0
MPB:bin_000231,2.005,0,0,0,0,6.822,2.62,0,0,2.339,2.519,0,0,0,1.68,0,0,0,0,0,3.853,0,0,0,0,2.005,2.137,0,2.898,0,0,0,3.986,0,0,0,0,2.884,3.801,0,2.648,2.257,2.853,0,2.57,0,0,2.925,2.284,0,0,3.744,0,0,0,0,4.757,1.951,2.284,0,0,7.134,0,3.704,2.102,0,0,0,0,0,0,0,0,0,1.927,2.317,1.883,3.218,3.5,0,1.828,1.833,0,0
MPB:bin_000232,0,0,0,0,0,0,0,0,0,0,0,0,0,0,0,0,0,0,0,0,0,0,0,0,0,0,0,0,0,0,0,0,0,0,0,0,0,0,0,0,0,0,0,0,0,0,0,0,0,0,0,0,0,0,0,0,0,0,0,0,0,0,0,0,0,0,0,0,0,0,0,0,0,0,0,0,0,0,0,0,0,0,0,0
MPB:bin_000233,0,0,0,0,0,0,0,0,0,0,0,0,0,0,0,0,0,0,0,0,0,0,0,0,0,0,0,0,0,0,0,0,0,0,0,0,0,0,0,0,0,0,0,0,0,0,0,0,0,0,0,0,0,0,0,0,0,0,0,0,0,0,0,0,0,0,0,0,0,0,0,0,0,0,0,0,0,0,0,0,0,0,0,0
MPB:bin_000236,0,0,0,0,0,0,0,0,0,0,0,0,0,0,0,0,0,0,0,0,0,0,0,0,0,0,0,0,0,0,0,0,0,0,0,0,0,0,0,0,0,0,0,0,0,0,0,0,0,0,0,0,0,0,0,0,0,0,0,0,0,0,0,0,0,0,0,0,0,0,0,0,0,0,0,0,0,0,0,0,0,0,0,0
MPB:bin_000237,86.588,37.254,4.086,43.081,45.769,191.236,74.842,16.925,8.59,127.381,106.773,39.835,36.295,41.226,58.705,61.471,10.601,21.975,28.803,29.021,36.239,14.652,33.623,56.694,30.207,47.211,25.833,0,59.938,7.65,26.688,6.847,119.864,10.191,22.535,65.78,6.682,89.528,22.551,30.313,43.899,16.914,49.127,16.79,107.228,40.713,14.958,31.49,75.371,18.185,16.227,71.985,12.323,56.166,20.594,48.596,145.408,54.929,41.768,59.455,3.435,164.76,2.17,94.591,99.171,13.704,27.244,32.905,68.869,49.485,0,16.027,59.472,0,34.196,44.349,82.043,107.657,41.948,13.961,92.029,48.089,27.697,30.517
MPB:bin_000238,105.36,56.887,0,47.254,39.115,209.994,92.09,13.104,10.668,120.94,107.634,42.171,30.524,60.757,62.387,67.383,19.652,12.576,22.866,13.912,26.643,12.48,38.166,63.129,34.803,52.907,16.66,0,50.429,6.559,21.926,6.462,130.408,9.899,18.091,60.41,2.782,92.047,23.278,38.679,41.232,24.532,34.933,15.826,129.245,30.895,9.554,25.575,85.313,24.158,11.526,88.393,11.597,51.788,26.435,76.142,199.595,76.845,37.287,50.741,3.877,179.835,4.803,85.945,87.006,14.452,18.342,38.081,76.744,46.704,0,25.468,59.897,0,32.436,44.171,77.94,134.43,34.311,17.978,58.744,47.914,19.647,42.33
MPB:bin_000243,0,0,0,0,0,0,0,0,0,0,0,0,0,0,0,0,0,0,0,0,0,0,0,0,0,0,0,0,0,0,0,0,0,0,0,0,0,0,0,0,0,0,0,0,0,0,0,0,0,0,0,0,0,0,0,0,0,0,0,0,0,0,0,0,0,0,0,0,0,0,0,0,0,0,0,0,0,0,0,0,0,0,0,0
MPB:bin_000246,19.548,10.138,0,10.428,9.548,41.942,20.427,3.085,3.182,20.484,20.615,10.315,4.996,12.783,14.026,12.884,4.539,0,5.295,0,6.522,0,6.203,13.3,7.354,12.456,5.656,0,13.257,0,5.536,1.672,26.914,0,3.86,13.747,0,17.922,5.194,6.478,10.667,6.594,9.49,4.684,26.829,6.74,0,4.709,15.228,5.429,3.563,18.108,0,11.808,4.567,14.914,33.758,16.142,7.877,10.546,0,38.473,0,18.234,14.23,2.663,4.88,7.894,14.941,10.257,0,7.093,12.699,0,7.942,9.999,7.632,22.797,7.58,3.243,9.6,11.047,4.154,9.924
MPB:bin_000248,3.191,2.462,0,0,2.797,8.206,1.981,0,3.557,4.891,8.957,5.28,2.994,0,2.772,0,0,0,0,0,4.831,2.604,3.245,2.14,4.46,1.679,5.08,0,2.692,0,3.023,0,7.635,2.654,0,2.483,0,0,8.944,4.067,2.946,3.482,4.648,0,4.414,3.104,0,4.718,3.717,0,0,6.744,0,2.966,2.333,0,4.988,2.904,0,0,0,3.976,0,5.554,2.936,2.22,4.852,0,2.497,2.723,0,3.672,2.957,0,4.05,3.874,0,3.125,5.952,3.464,0,1.856,4.81,1.899
MPB:bin_000254,0,0,0,0,0,0,0,0,0,0,0,0,0,0,0,0,0,0,0,0,0,0,0,0,0,0,0,0,0,0,0,0,0,0,0,0,0,0,0,0,0,0,0,0,0,0,0,0,0,0,0,0,0,0,0,0,0,0,0,0,0,0,0,0,0,0,0,0,0,0,0,0,0,0,0,0,0,0,0,0,0,0,0,0
MPB:bin_000264,0,0,0,0,0,0,0,0,0,0,0,0,0,0,0,0,0,0,0,0,0,0,0,0,0,0,0,0,0,0,0,0,0,0,0,0,0,0,0,0,0,0,0,0,0,0,0,0,0,0,0,0,0,0,0,0,0,0,0,0,0,0,0,0,0,0,0,0,0,0,0,0,0,0,0,0,0,0,0,0,0,0,0,0
MPB:bin_000266,0,2.58,0,0,0,5.645,0,0,0,0,8.112,0,0,0,5.087,0,0,0,0,0,0,0,0,0,0,0,4.112,0,0,0,0,0,0,0,0,0,0,0,0,0,0,0,0,0,0,0,0,0,0,0,0,0,16.311,0,0,0,0,0,0,3.829,0,5.556,0,14.367,0,0,0,0,0,0,0,0,0,0,3.602,4.119,0,0,5.87,0,0,0,0,0
MPB:bin_000268,12.421,10.021,7.382,8.106,9.413,28.697,10.582,7.167,10.683,14.717,23.855,12.031,12.369,7.222,14.355,9.538,6.722,9.241,8.455,7.17,21.004,10.141,12.84,8.415,14.15,11.617,18.571,0,11.253,2.469,13.842,2.065,24.029,6.489,12.164,14.71,13.474,10.337,35.519,14.334,12.916,9.813,14.982,10.09,15.109,10.398,15.302,21.897,11.01,4.363,2.52,16.729,10.646,11.647,6.666,8.893,24.581,7.817,6.957,12.943,0,23.705,0,19.828,10.08,7.193,18.052,11.453,12.992,14.284,0,9.133,14.448,0,11.591,11.129,8.265,16.1,19.665,8.508,8.273,10.919,13.541,7
MPB:bin_000269,0,0,0,0,0,4.37,0,0,0,0,0,0,0,0,0,0,0,0,0,0,2.881,0,0,2.546,0,0,0,0,0,0,0,0,3.241,0,0,0,0,0,0,0,0,0,0,0,0,0,0,0,0,0,0,0,0,0,0,0,0,0,0,2.254,0,4.366,0,0,0,0,0,0,0,0,0,0,0,0,0,0,0,0,0,0,0,0,0,0
MPB:bin_000271,3.571,1.884,0,0,4.675,5.186,0,0,3.905,14.411,8.309,0,4.691,0,4.129,0,0,5.573,0,0,3.46,0,0,0,0,0,3.842,0,0,0,2.481,0,5.207,0,0,3.195,3.549,0,11.374,8.575,3.141,0,4.013,0,5.073,3.198,4.396,5.783,0,0,0,3.738,5.105,0,0,0,5.806,0,0,0,0,3.575,0,9.036,2.494,0,4.441,4.647,2.729,3.629,0,0,0,0,3.28,6.309,0,3.903,5.88,0,3.115,2.652,0,0
MPB:bin_000272,0,0,0,0,0,0,0,0,0,0,0,0,0,0,0,0,0,0,0,0,0,0,0,0,0,0,0,0,0,0,0,0,0,0,0,0,0,0,0,0,0,0,0,0,0,0,0,0,0,0,0,0,0,0,0,0,0,0,0,0,0,0,0,19.14,0,0,0,0,0,0,0,0,0,0,0,0,0,0,0,0,0,0,0,0
MPB:bin_000275,0,0,0,0,0,0,0,0,0,0,0,0,0,0,0,0,0,0,0,0,0,0,0,0,0,0,0,0,0,0,0,0,0,0,0,0,0,0,0,0,0,0,0,0,0,0,0,0,0,0,0,0,0,0,0,0,0,0,0,0,0,1.99,0,0,0,0,0,0,0,0,0,0,0,0,0,0,0,0,0,0,0,0,0,0
MPB:bin_000279,0,0,0,0,0,2.273,0,0,0,0,0,0,0,0,0,0,0,0,0,0,0,0,0,0,0,0,0,0,0,0,0,0,0,0,0,0,0,0,0,0,0,0,0,0,0,0,0,0,0,0,0,0,0,0,0,0,0,0,0,0,0,2.863,0,0,0,0,0,0,0,0,0,0,0,0,0,0,0,0,0,0,0,0,0,0
MPB:bin_000284,0,0,0,0,0,0,0,0,0,0,0,0,0,0,0,0,0,0,0,0,0,0,0,0,0,0,0,0,0,0,0,0,0,0,0,0,0,0,0,0,0,0,0,0,0,0,0,0,0,0,0,0,0,0,0,0,0,0,0,0,0,0,0,0,0,0,0,0,0,0,0,0,0,0,0,0,0,0,0,0,0,0,0,0
MPB:bin_000288,0,0,0,0,0,0,0,0,0,0,0,0,0,0,0,0,0,0,0,0,0,0,0,0,0,0,0,0,0,0,0,0,0,0,0,0,0,0,0,0,0,0,0,0,0,0,0,0,0,0,0,0,0,0,0,0,0,0,0,0,0,0,0,0,0,0,0,0,0,0,0,0,0,0,0,0,0,0,0,0,0,0,0,0
MPB:bin_000289,0,0,0,0,0,0,0,0,0,0,0,0,0,0,0,0,0,0,0,0,0,0,0,0,0,0,0,0,0,0,0,0,0,0,0,0,0,0,0,0,0,0,0,0,0,0,0,0,0,0,0,0,0,0,0,0,0,0,0,0,0,0,0,0,0,0,0,0,0,0,0,0,0,0,0,0,0,0,0,0,0,0,0,0
MPB:bin_000292,20.857,10.827,7.888,6.926,25.062,15.266,10.245,6.289,20.305,7.871,23.208,8.86,24.731,4.38,23.379,16.712,11.001,22.555,12.915,5.104,25.435,16.895,20.434,10.69,15.27,18.02,16.144,0,10.866,2.574,12.676,1.699,26.395,7.25,14.673,14.228,12.738,15.642,68.707,16.848,21.251,17.385,22.293,6.414,15.233,8.943,35.343,27.137,14.922,3.501,4.234,25.119,17.5,17.221,6.843,7.75,21.458,10.696,18.366,13.815,0,47.289,0,30.663,15.726,9.617,22.617,12.198,8.84,18.874,0,15.403,20.475,0,9.388,11.39,15.181,15.481,25.273,8.56,18.315,14.621,12.056,8.411
MPB:bin_000298,0,0,0,0,0,0,0,0,0,0,0,0,0,0,0,0,0,0,0,0,0,0,0,0,0,0,0,0,0,0,0,0,0,0,0,0,0,0,0,0,0,0,0,0,0,0,0,0,0,0,0,0,0,0,0,0,0,0,0,0,0,0,0,0,0,0,0,0,0,0,0,0,0,0,0,0,0,0,0,0,0,0,0,0
MPB:bin_000303,0,0,0,0,0,0,0,0,0,0,0,2.757,0,0,2.854,0,0,0,0,0,0,0,0,0,0,0,0,0,0,0,0,0,0,0,0,0,0,1.976,5.598,0,0,0,0,0,0,0,0,0,0,0,0,0,0,0,0,0,0,2.399,0,0,0,3.602,0,0,0,0,0,0,0,0,0,0,0,0,0,0,0,0,0,0,2.885,0,0,0
MPB:bin_000307,7.026,0,9.007,0,9.409,5.883,0,2.879,4.227,16.064,5.66,3.633,3.487,0,10.816,0,0,4.596,5.357,10.125,9.3,7.252,0,2.46,0,4.159,3.737,0,2.405,2.207,3.302,0,14.07,5.09,0,0,5.539,0,19.489,19.354,5.637,3.703,6.481,0,2.458,3.742,6.529,99.259,5.765,0,0,5.675,60.322,14.131,3.364,4.066,33.724,2.365,1.813,6.904,0,4.759,0,119.823,2.178,6.519,3.186,5.879,2.824,3.128,0,0,2.602,0,2.478,5.105,5.618,5.583,32.793,3.286,8.516,2.051,8.676,3.532
MPB:bin_000310,0,0,0,0,0,0,0,0,0,0,0,0,0,0,0,0,0,0,0,0,0,0,0,0,0,0,0,0,0,0,0,0,0,0,0,0,0,0,0,0,0,0,0,0,0,0,0,0,0,0,0,0,0,0,0,0,0,0,0,0,0,0,0,0,0,0,0,0,0,0,0,0,0,0,0,0,0,0,0,0,0,0,0,0
MPB:bin_000314,0,0,0,0,0,0,0,0,0,0,0,0,0,0,0,0,0,0,0,0,0,0,0,0,0,0,0,0,0,0,0,0,0,0,0,0,0,0,0,0,0,0,0,0,0,0,0,0,0,0,0,0,0,0,0,0,0,0,0,0,0,0,0,0,0,0,0,0,0,0,0,0,0,0,0,0,0,0,0,0,0,0,0,0
MPB:bin_000315,0,0,0,0,0,0,0,0,0,0,0,0,0,0,0,0,0,0,0,0,0,0,0,0,0,0,0,0,0,0,0,0,0,0,0,0,0,0,0,0,0,0,0,0,0,0,0,0,0,0,0,0,0,0,0,0,0,0,0,0,0,0,0,0,0,0,0,0,0,0,0,0,0,0,0,0,0,0,0,0,0,0,0,0
MPB:bin_000316,0,0,0,0,0,0,0,0,0,0,0,0,0,0,0,0,0,0,0,0,0,0,0,0,0,0,0,0,0,0,0,0,0,0,0,0,0,0,0,0,0,0,0,0,0,0,0,0,0,0,0,0,0,0,0,0,0,0,0,0,0,0,0,0,0,0,0,0,0,0,0,0,0,0,0,0,0,0,0,0,0,0,0,0
MPB:bin_000319,0,0,0,0,0,0,0,0,0,0,0,0,0,0,0,0,0,0,0,0,0,0,0,0,0,0,0,0,0,0,0,0,0,0,0,0,0,0,0,0,0,0,0,0,0,0,0,0,0,0,0,0,0,0,0,0,0,0,0,0,0,0,0,0,0,0,0,0,0,0,0,0,0,0,0,0,0,0,0,0,0,0,0,0
MPB:bin_000322,35.253,12.991,5.683,15.738,31.73,55.764,23.641,8.381,23.073,19.821,60.093,28.097,38.927,6.828,38.615,33.98,13.697,21.695,23.625,5.939,20.221,14.687,18.169,20.7,19.034,35.608,24.563,0,24.702,2.599,16.811,4.557,33.868,15.902,10.843,23.283,18.793,42.463,36.94,24.457,21.193,25.59,37.073,8.721,34.988,16.128,29.176,21.791,22.725,5.244,3.434,41.836,17.198,29.138,7.857,11.07,65.171,25.98,44.773,17.764,0,85.015,0,53.302,47.865,22.428,21.017,13.47,23.481,26.955,0,26.765,26.719,0,12.697,15.165,54.43,60.151,25.878,16.153,48.14,27.672,10.696,16.215
MPB:bin_000324,0,0,0,0,0,0,0,0,0,0,0,0,0,0,0,0,0,0,0,0,0,0,0,0,0,0,0,0,0,0,0,0,0,0,0,0,0,0,0,0,0,0,0,0,0,0,0,0,0,0,0,0,0,0,0,0,0,0,0,0,0,0,0,0,0,0,0,0,0,0,0,0,0,0,0,0,0,0,0,0,0,0,0,0
MPB:bin_000325,2.965,0,3.142,3.265,7.028,11.454,0,0,4.23,11.701,163.214,4.065,40.237,0,6.546,0,4.03,40.777,3.319,5.874,0,0,0,2.429,8.869,0,7.271,0,0,0,0,2.81,30.405,0,3.376,3.731,9.9,0,17.392,23.433,3.433,0,40.301,0,0,6.852,0,5.901,3.2,0,0,7.934,202.864,0,49.147,0,32.962,9.001,0,0,0,0,0,28.449,4.133,6.362,53.055,35.283,69.03,0,0,6.054,0,0,0,0,0,35.59,11.206,5.241,3.502,8.356,0,2.713
MPB:bin_000328,0,0,0,0,0,0,0,0,0,0,0,0,0,0,0,0,0,0,0,0,0,0,0,0,0,0,0,0,0,0,0,0,0,0,0,0,0,0,0,0,0,0,0,0,0,0,0,0,0,0,0,0,0,0,0,0,0,0,0,0,0,0,0,0,0,0,0,0,0,0,0,0,0,0,0,0,0,0,0,0,0,0,0,0
MPB:bin_000330,0,0,0,0,0,0,0,0,0,0,0,0,0,0,0,0,0,0,0,0,0,0,0,0,0,0,0,0,0,0,0,0,0,0,0,0,0,0,0,0,0,0,0,0,0,0,0,0,0,0,0,0,0,0,0,0,0,0,0,0,0,0,0,0,0,0,0,0,0,0,0,0,0,0,0,0,0,0,0,0,0,0,0,0
MPB:bin_000332,0,0,0,0,0,0,0,0,0,0,0,0,0,0,0,0,0,0,0,0,0,0,0,0,0,0,0,0,0,0,0,0,0,0,0,0,0,0,0,0,0,0,0,0,0,0,0,0,0,0,0,0,0,0,0,0,0,0,0,0,0,0,0,0,0,0,0,0,0,0,0,0,0,0,0,0,0,0,0,0,0,0,0,0
MPB:bin_000336,0,0,0,0,0,0,0,0,0,0,0,0,0,0,0,0,0,0,0,0,0,0,0,0,0,0,0,0,0,0,0,0,0,0,0,0,0,0,0,0,0,0,0,0,0,0,0,0,0,0,0,0,0,0,0,0,0,0,0,0,0,0,0,0,0,0,0,0,0,0,0,0,0,0,0,0,0,0,0,0,0,0,0,0
MPB:bin_000340,0,2.201,0,0,0,7.241,0,0,4.111,3.474,6.927,0,0,0,0,0,0,3.977,0,0,4.972,0,0,0,0,2.313,4.295,0,0,0,0,0,4.337,0,0,0,0,0,8.209,0,3.202,0,4.361,0,3.816,0,0,0,0,0,0,4.905,0,0,0,0,8.175,0,0,3.564,0,5.23,0,5.818,0,0,0,0,0,4.012,0,5.03,5.827,0,0,0,0,3.912,0,0,2.822,0,0,0
MPB:bin_000341,0,0,0,0,0,0,0,0,0,0,0,0,0,0,0,0,0,0,0,0,0,0,0,0,0,0,0,0,0,0,0,0,0,0,0,0,0,0,0,0,0,0,0,0,0,0,0,0,0,0,0,0,0,0,0,0,0,0,0,0,0,0,0,0,0,0,0,0,0,0,0,0,0,0,0,0,0,0,0,0,0,0,0,0
MPB:bin_000347,0,0,0,0,0,0,0,0,0,0,0,0,0,0,0,0,0,0,0,0,0,0,0,0,0,0,0,0,0,0,0,0,0,0,0,0,0,0,0,0,0,0,0,0,0,0,0,0,0,0,0,0,0,0,0,0,0,0,0,0,0,0,0,0,0,0,0,0,0,0,0,0,0,0,0,0,0,0,0,0,0,0,0,0
MPB:bin_000350,0,0,0,0,0,3.798,1.674,0,2.751,3.525,0,0,0,0,1.927,0,0,0,0,0,2.917,0,0,0,0,0,2.699,0,0,0,2.059,0,2.481,0,0,2.002,0,0,0,0,0,1.769,0,0,0,0,0,3.83,2.021,0,0,2.607,2.888,0,0,0,0,0,0,0,0,2.201,0,0,0,0,2.48,0,0,0,0,0,0,0,2.751,0,0,2.55,2.196,0,0,1.782,2.566,0
MPB:bin_000354,4.608,3.172,0,2.53,4.153,8.675,3.518,0,3.472,5.107,8.373,0,5.964,3.132,4.909,0,0,3.892,0,0,5.889,0,0,3.297,3.788,2.086,5.317,0,2.637,0,2.841,0,7.415,0,3.359,5.109,0,3.636,5.832,3.751,4.705,3.928,4.264,0,5.627,2.95,0,6.34,3.658,0,0,7.32,5.639,5.983,3.177,4.445,7.295,2.651,0,3.011,0,9.1,0,8.784,4.102,3.083,6.067,3.84,5.239,4.595,0,4.168,0,0,4.006,2.617,0,6.317,5.446,4.481,2.749,3.736,5.086,3.11
MPB:bin_000358,0,0,0,0,3.115,2.577,0,0,0,142.938,5.163,0,0,0,0,0,0,4.434,0,0,0,0,0,0,0,0,0,0,0,0,0,0,0,0,0,0,0,0,0,3.685,2.64,0,0,0,0,0,0,0,0,0,0,2.326,0,0,0,0,0,0,0,0,0,0,0,5.556,0,0,0,0,0,0,0,0,0,0,0,0,0,0,0,0,0,32.345,0,0
MPB:bin_000364,0,0,0,0,0,0,0,0,0,0,0,0,0,0,0,0,0,0,0,0,0,0,0,0,0,0,0,0,0,0,0,0,0,0,0,0,0,0,0,0,0,0,0,0,0,0,0,0,0,0,0,0,0,0,0,0,0,0,0,0,0,0,0,0,0,0,0,0,0,0,0,0,0,0,0,0,0,0,0,0,0,0,0,0
MPB:bin_000365,0,0,0,0,0,0,0,0,0,0,0,0,0,0,0,0,0,0,0,0,0,0,0,0,0,0,0,0,0,0,0,0,0,0,0,0,0,0,0,0,0,0,0,0,0,0,0,0,0,0,0,0,0,0,0,0,0,0,0,0,0,0,0,0,0,0,0,0,0,0,0,0,0,0,0,0,0,0,0,0,0,0,0,0
MPB:bin_000373,0,0,0,0,0,0,0,0,0,0,0,0,0,0,0,0,0,0,0,0,0,0,0,0,0,0,0,0,0,0,0,0,0,0,0,0,0,0,0,0,0,0,0,0,0,0,0,0,0,0,0,0,0,0,0,0,0,0,0,0,0,0,0,0,0,0,0,0,0,0,0,0,0,0,0,0,0,0,0,0,0,0,0,0
MPB:bin_000375,0,0,0,0,0,1.595,0,0,0,1.985,0,0,0,0,0,0,0,0,0,0,0,0,0,0,0,0,0,0,0,0,0,0,0,0,0,0,0,0,0,0,0,0,0,0,0,0,0,0,0,0,0,0,0,0,0,0,0,0,0,0,0,0,0,0,0,0,0,0,0,0,0,0,0,0,0,0,0,0,0,0,0,0,0,0
MPB:bin_000378,0,0,0,0,0,0,0,0,0,0,0,0,0,0,0,0,0,0,0,0,0,0,0,0,0,0,0,0,0,0,0,0,0,0,0,0,0,0,0,0,0,0,0,0,0,0,0,0,0,0,0,0,0,0,0,0,0,0,0,0,0,0,0,0,0,0,0,0,0,0,0,0,0,0,0,0,0,0,0,0,0,0,0,0
MPB:bin_000379,0,0,0,0,0,0,0,0,0,0,0,0,0,0,0,0,0,0,0,0,0,0,0,0,0,0,0,0,0,0,0,0,0,0,0,0,0,0,0,0,0,0,0,0,0,0,0,0,0,0,0,0,0,0,0,0,0,0,0,0,0,0,0,0,0,0,0,0,0,0,0,0,0,0,0,0,0,0,0,0,0,0,0,0
MPB:bin_000380,0,0,0,0,0,0,0,0,0,0,0,0,0,0,0,0,0,0,0,0,0,0,0,0,0,0,0,0,0,0,0,0,0,0,0,0,0,0,0,0,0,0,0,0,0,0,0,0,0,0,0,0,0,0,0,0,0,0,0,0,0,0,0,0,0,0,0,0,0,0,0,0,0,0,0,0,0,0,0,0,0,0,0,0
MPB:bin_000382,0,0,0,0,0,0,0,0,0,0,0,0,0,0,0,0,0,0,0,0,0,0,0,0,0,0,0,0,0,0,0,0,0,0,0,0,0,0,0,0,0,0,0,0,0,0,0,0,0,0,0,0,0,0,0,0,0,0,3.799,0,0,1.739,0,0,0,0,0,0,0,0,0,0,0,0,0,0,2.371,0,0,0,0,0,0,0
MPB:bin_000383,0,0,0,0,0,0,0,0,0,0,0,0,0,0,0,0,0,0,0,0,0,0,0,0,0,0,0,0,0,0,0,0,0,0,0,0,0,0,0,0,0,0,0,0,0,0,0,0,0,0,0,0,0,0,0,0,0,0,0,0,0,0,0,0,0,0,0,0,0,0,0,0,0,0,0,0,0,0,0,0,0,0,0,0
MPB:bin_000385,0,0,0,0,0,0,0,0,0,0,0,0,0,0,0,0,0,0,0,0,0,0,0,0,0,0,0,0,0,0,0,0,0,0,0,0,0,0,0,0,0,0,0,0,0,0,0,0,0,0,0,0,0,0,0,0,0,0,0,0,0,0,0,0,0,0,0,0,0,0,0,0,0,0,0,0,0,0,0,0,0,0,0,0
MPB:bin_000387,2.014,0,2.566,0,0,3.926,0,0,0,0,3.515,0,5.801,0,0,0,2.015,0,0,0,5.174,0,0,0,0,0,0,0,2.292,0,0,0,2.413,0,0,2.464,0,0,6.964,0,1.797,2.665,2.717,0,2.342,0,0,0,0,0,0,2.219,0,0,0,0,3.944,0,0,0,0,6.069,0,6.133,0,0,2.129,0,0,6.5,0,0,0,0,0,0,0,0,3.543,0,5.88,0,0,0
MPB:bin_000390,0,0,0,0,0,0,0,0,0,0,0,0,0,0,0,0,0,0,0,0,0,0,0,0,0,0,0,0,0,0,0,0,0,0,0,0,0,0,0,0,0,0,0,0,0,0,0,0,0,0,0,0,0,0,0,0,0,0,0,0,0,0,0,0,0,0,0,0,0,0,0,0,0,0,0,0,0,0,0,0,0,0,0,0
MPB:bin_000393,2.731,0,0,0,0,4.77,2.077,0,0,1.906,7.48,2.524,4.548,0,1.623,0,0,3.204,0,0,2.305,0,2.413,0,0,2.174,2.678,0,0,0,0,0,2.496,0,0,0,0,0,6.594,0,2.916,0,0,0,5.04,1.852,0,3.098,2.282,0,0,1.741,0,0,0,0,3.279,0,0,1.959,0,2.951,0,2.572,2.653,0,2.982,2.764,0,3.707,0,0,0,0,1.731,2.434,0,5.1,3.506,0,1.566,0,2.481,0
MPB:bin_000394,0,0,0,0,0,0,0,0,0,0,0,0,0,0,0,0,0,0,0,0,0,0,0,0,0,0,0,0,0,0,0,0,0,0,0,0,0,0,0,0,0,0,0,0,0,0,0,0,0,0,0,0,0,0,0,0,0,0,0,0,0,0,0,0,0,0,0,0,0,0,0,0,0,0,0,0,0,0,0,0,0,0,0,0
MPB:bin_000395,0,0,0,0,0,0,0,0,0,0,0,0,0,0,0,0,0,0,0,0,0,0,0,0,0,0,0,0,0,0,0,0,0,0,0,0,0,0,0,0,0,0,0,0,0,0,0,0,0,0,0,0,0,0,0,0,0,0,0,0,0,0,0,0,0,0,0,0,0,0,0,0,0,0,0,0,0,0,0,0,0,0,0,0
MPB:bin_000396,0,0,0,0,0,0,0,0,0,0,0,0,0,0,0,0,0,0,0,0,0,0,0,0,0,0,0,0,0,0,0,0,0,0,0,0,0,0,0,0,0,0,0,0,0,0,0,0,0,0,0,0,0,0,0,0,0,0,0,0,0,0,0,0,0,0,0,0,0,0,0,0,0,0,0,0,0,0,0,0,0,0,0,0
MPB:bin_000397,0,0,0,0,0,0,0,0,0,0,0,0,0,0,0,0,0,0,0,0,0,0,0,0,0,0,0,0,0,0,0,0,0,0,0,0,0,0,0,0,0,0,0,0,0,0,0,0,0,0,0,0,0,0,0,0,0,0,0,0,0,0,0,0,0,0,0,0,0,0,0,0,0,0,0,0,0,0,0,0,0,0,0,0
MPB:bin_000398,0,0,0,0,0,0,0,0,0,0,0,0,0,0,0,0,0,0,0,0,0,0,0,0,0,0,0,0,0,0,0,0,0,0,0,0,0,0,0,0,0,0,0,0,0,0,0,0,0,0,0,0,0,0,0,0,0,0,0,0,0,0,0,0,0,0,2.104,0,0,0,0,0,0,0,0,0,0,0,0,0,0,0,0,0
MPB:bin_000399,0,0,0,0,0,0,0,0,0,0,0,0,0,0,0,0,0,0,0,0,0,0,0,0,0,0,0,0,0,0,0,0,0,0,0,0,0,0,0,0,0,0,0,0,0,0,0,0,0,0,0,0,0,0,0,0,0,0,0,0,0,0,0,0,0,0,0,0,0,0,0,0,0,0,0,0,0,0,0,0,0,0,0,0
MPB:bin_000400,4.044,2.556,3.853,2.185,6.529,9.624,2.744,3.607,4.126,5.407,5.104,4.804,10.238,2.501,6.165,3.978,3.871,7.4,3.745,5.033,10.314,2.676,4.463,4.037,6.865,3.768,6.446,0,4.253,1.614,3.942,0.951,13.983,3.609,4.268,5.17,4.288,4.479,23.741,6.092,4.446,3.403,5.409,4.741,10.234,4.108,6.475,21.983,4.326,1.557,0,5.736,29.547,5.785,4.4,3.177,12.026,4.743,2.943,4.34,0,8.567,0,13.862,3.279,3.05,5.802,5.519,3.355,6.699,0,3.442,5.635,0,5.309,5.839,3.008,5.346,9.345,3.787,3.068,3.495,6.792,2.67
MPB:bin_000402,0,0,0,0,0,0,0,0,0,0,0,0,0,0,0,0,0,0,0,0,0,0,0,0,0,0,0,0,0,0,0,0,0,0,0,0,0,0,0,0,0,0,0,0,0,0,0,0,0,0,0,0,0,0,0,0,0,0,0,0,0,0,0,0,0,0,0,0,0,0,0,0,0,0,0,0,0,0,0,0,0,0,0,0
MPB:bin_000403,0,0,0,0,0,0,0,0,0,0,0,0,0,0,0,0,0,0,0,0,0,0,0,0,0,0,0,0,0,0,0,0,0,0,0,0,0,0,0,0,0,0,0,0,0,0,0,0,0,0,0,0,0,0,0,0,0,0,0,0,0,0,0,0,0,0,0,0,0,0,0,0,0,0,0,0,0,0,0,0,0,0,0,0
MPB:bin_000405,0,0,0,0,0,0,0,0,0,0,0,0,0,0,0,0,0,0,0,0,0,0,0,0,0,0,0,0,0,0,0,0,0,0,0,0,0,0,0,0,0,0,0,0,0,0,0,0,0,0,0,0,0,0,0,0,0,0,0,0,0,0,0,0,0,0,0,0,0,0,0,0,0,0,0,0,0,0,0,0,0,0,0,0
MPB:bin_000407,0,0,0,0,0,0,0,0,0,0,0,0,0,0,0,0,0,0,0,0,0,0,0,0,0,0,0,0,0,0,0,0,0,0,0,0,0,0,0,0,0,0,0,0,0,0,0,0,0,0,0,0,0,0,0,0,0,0,0,0,0,0,0,0,0,0,0,0,0,0,0,0,0,0,0,0,0,0,0,0,0,0,0,0
MPB:bin_000408,0,0,0,0,0,4.293,0,0,0,0,0,0,0,0,0,0,0,0,0,0,0,0,0,0,0,0,0,0,0,0,0,0,3.022,0,0,0,0,2.39,4.311,3.063,2.338,1.764,0,0,2.955,0,0,0,0,0,0,1.825,0,1.703,0,0,3.917,2.254,0,0,0,2.124,0,2.907,2.758,0,0,0,0,0,0,0,0,0,0,1.973,0,3.152,2.411,2.897,0,2.141,0,0
MPB:bin_000409,0,0,0,0,0,0,0,0,0,0,0,0,0,0,0,0,0,0,0,0,0,0,0,0,0,0,0,0,0,0,0,0,0,0,0,0,0,0,0,0,0,0,0,0,0,0,0,0,0,0,0,0,0,0,0,0,0,0,0,0,0,0,0,0,0,0,0,0,0,0,0,0,0,0,0,0,0,0,0,0,0,0,0,0
MPB:bin_000410,0,0,0,0,0,0,0,0,0,0,0,0,0,0,0,0,0,0,0,0,0,0,0,0,0,0,0,0,0,0,0,0,0,0,0,0,0,0,0,0,0,0,0,0,0,0,0,0,0,0,0,0,0,0,0,0,0,0,0,0,0,0,0,0,0,0,0,0,0,0,0,0,0,0,0,0,0,0,0,0,0,0,0,0
MPB:bin_000411,0,0,0,0,0,0,0,0,0,0,0,0,0,0,0,0,0,0,0,0,0,0,0,0,0,0,0,0,0,0,0,0,0,0,0,0,0,0,0,0,0,0,0,0,0,0,0,0,0,0,0,0,0,0,0,0,0,0,0,0,0,0,0,0,0,0,0,0,0,0,0,0,0,0,0,0,0,0,0,0,0,0,0,0
MPB:bin_000413,0,0,0,0,0,0,0,0,0,0,0,0,0,0,0,0,0,0,0,0,0,0,0,0,0,0,0,0,0,0,0,0,0,0,0,0,0,0,0,0,0,0,0,0,0,0,0,0,0,0,0,0,0,0,0,0,0,0,0,0,0,0,0,0,0,0,0,0,0,0,0,0,0,0,0,0,0,0,0,0,0,0,0,0
MPB:bin_000414,0,0,0,0,0,0,0,0,0,0,0,0,0,0,0,0,0,0,0,0,0,0,0,0,0,0,0,0,0,0,0,0,0,0,0,0,0,0,0,0,0,0,0,0,0,0,0,0,0,0,0,0,0,0,0,0,0,0,0,0,0,1.745,0,0,0,0,0,0,0,0,0,0,0,0,0,0,0,0,0,0,0,0,0,0
MPB:bin_000416,0,0,0,0,0,0,0,0,0,0,0,0,0,0,0,0,0,0,0,0,0,0,0,0,0,0,0,0,0,0,0,0,0,0,0,0,0,0,0,0,0,0,0,0,0,0,0,0,0,0,0,0,0,0,0,0,0,0,0,0,0,0,0,0,0,0,0,0,0,0,0,0,0,0,0,0,0,0,0,0,0,0,0,0
MPB:bin_000418,0,0,0,0,0,0,0,0,0,0,0,0,0,0,0,0,0,0,0,0,0,0,0,0,0,0,0,0,0,0,0,0,0,0,0,0,0,0,0,0,0,0,0,0,0,0,0,0,0,0,0,0,0,0,0,0,0,0,0,0,0,0,0,0,0,0,0,0,0,0,0,0,0,0,0,0,0,0,0,0,0,0,0,0
MPB:bin_000419,0,0,0,0,0,0,0,0,0,0,0,0,0,0,0,0,0,0,0,0,0,0,0,0,0,0,0,0,0,0,0,0,0,0,0,0,0,0,0,0,0,0,0,0,0,0,0,0,0,0,0,0,0,0,0,0,0,0,0,0,0,0,0,0,0,0,0,0,0,0,0,0,0,0,0,0,0,0,0,0,0,0,0,0
MPB:bin_000421,0,0,0,0,0,0,0,0,0,0,2.787,0,0,0,0,0,0,0,0,0,0,0,0,0,0,0,0,0,0,0,0,0,3.272,0,0,0,0,2.298,0,0,2.068,0,0,0,0,0,0,0,0,0,0,0,0,0,0,0,0,0,0,0,0,2.56,0,0,0,0,0,0,0,0,0,0,0,0,0,0,0,0,0,0,0,0,0,0
MPB:bin_000424,0,0,0,0,0,0,0,0,0,0,0,0,0,0,0,0,0,0,0,0,0,0,0,0,0,0,0,0,0,0,0,0,0,0,0,0,0,0,0,0,0,0,0,0,0,0,0,0,0,0,0,0,0,0,0,0,0,0,0,0,0,0,0,0,0,0,0,0,0,0,0,0,0,0,0,0,0,0,0,0,0,0,0,0
MPB:bin_000425,0,0,0,0,0,0,0,0,0,0,3.305,0,0,0,0,0,0,0,0,0,0,0,0,0,0,0,0,0,0,0,0,0,0,0,0,0,0,0,3.277,0,0,0,0,0,0,0,0,0,0,0,0,0,0,0,0,0,0,0,0,0,0,0,0,0,0,0,0,0,0,0,0,0,0,0,0,0,0,0,0,0,0,0,0,0
MPB:bin_000426,0,0,0,0,0,0,0,0,0,0,0,0,0,0,0,0,0,0,0,0,0,0,0,0,0,0,0,0,0,0,0,0,0,0,0,0,0,0,0,0,0,0,0,0,0,0,0,0,0,0,0,0,0,0,0,0,0,0,0,0,0,0,0,0,0,0,0,0,0,0,0,0,0,0,0,0,0,0,0,0,0,0,0,0
MPB:bin_000427,0,0,0,0,0,0,0,0,0,0,0,0,0,0,0,0,0,0,0,0,0,0,0,0,0,0,0,0,0,0,0,0,0,0,0,0,0,0,0,0,0,0,0,0,0,0,0,0,0,0,0,0,0,0,0,0,0,0,0,0,0,0,0,0,0,0,0,0,0,0,0,0,0,0,0,0,0,0,0,0,0,0,0,0
MPB:bin_000430,0,0,0,0,0,0,0,0,0,6.214,0,0,0,0,0,0,0,0,0,6.277,0,0,0,0,0,0,0,0,0,0,0,0,0,0,0,0,0,0,0,3.966,0,0,0,0,0,0,0,0,0,0,0,0,0,0,0,0,6.193,0,0,0,0,0,0,4.005,0,0,0,0,0,0,0,0,0,0,0,2.838,0,0,2.58,0,0,5.722,0,0
MPB:bin_000433,0,0,0,0,0,0,0,0,0,0,0,0,0,0,0,0,0,0,0,0,0,0,0,0,0,0,0,0,0,0,0,0,0,0,0,0,0,0,0,0,0,0,0,0,0,0,0,0,0,0,0,0,0,0,0,0,0,0,0,0,0,0,0,0,0,0,0,0,0,0,0,0,0,0,0,0,0,0,0,0,0,0,0,0
MPB:bin_000435,0,0,0,0,0,0,0,0,0,0,0,0,0,0,0,0,0,0,0,0,0,0,0,0,0,0,0,0,0,0,0,0,0,0,0,0,0,0,0,0,0,0,0,0,0,0,0,0,0,0,0,0,0,0,0,0,0,0,0,0,0,0,0,0,0,0,0,0,0,0,0,0,0,0,0,0,0,0,0,0,0,0,0,0
MPB:bin_000437,0,0,0,0,0,0,0,0,0,0,0,0,0,0,0,0,0,0,0,0,0,0,0,0,0,0,0,0,0,0,0,0,0,0,0,0,0,0,0,0,0,0,0,0,0,0,0,0,0,0,0,0,0,0,0,0,0,0,0,0,0,1.785,0,0,0,0,0,0,0,0,0,0,0,0,0,0,0,0,0,0,0,0,0,0
MPB:bin_000438,0,0,0,0,0,0,0,0,0,0,0,0,0,0,0,0,0,0,0,0,0,0,0,0,0,0,0,0,0,0,0,0,0,0,0,0,0,0,0,0,0,0,0,0,0,0,0,0,0,0,0,0,0,0,0,0,0,0,0,0,0,0,0,0,0,0,0,0,0,0,0,0,0,0,0,0,0,0,0,0,0,0,0,0
MPB:bin_000440,7.971,6.001,4.442,3.922,9.184,20.649,4.423,4.923,9.766,10.781,21.419,8.575,11.858,5.966,12.752,3.581,5.677,9.766,8.251,6.51,12.41,6.126,8.939,6.147,9.508,4.357,9.408,0,3.433,2.838,9.998,1.317,19.035,5.796,6.022,8.146,7.12,6.855,28.546,13.006,8.702,7.756,14.71,5.762,12.447,6.655,7.3,16.608,7.986,2.098,0,12.546,8.394,5.974,5.989,6.93,10.178,4.317,2.721,5.065,0,10.438,0,16.161,6.775,5.345,11.182,12.73,6.378,9.315,0,10.3,8.569,0,10.323,10.748,3.426,13.462,13.774,6.727,3.85,5.237,11.975,3.278
MPB:bin_000442,0,0,0,0,0,0,0,0,0,0,0,0,2.304,0,0,0,0,0,0,0,0,0,0,0,0,0,0,0,0,0,0,0,2.179,0,0,0,0,0,0,0,0,0,0,0,0,0,0,0,0,0,0,0,0,0,0,0,0,0,0,0,0,1.469,0,0,0,0,0,0,0,0,0,0,0,0,0,0,0,0,0,0,0,0,0,0
MPB:bin_000445,0,0,0,0,0,0,0,0,0,0,0,0,0,0,0,0,0,0,0,0,0,0,0,0,0,0,0,0,0,0,0,0,0,0,0,0,0,0,0,0,0,0,0,0,0,0,0,0,0,0,0,0,0,0,0,0,0,0,0,0,0,0,0,0,0,0,0,0,0,0,0,0,0,0,0,0,0,0,0,0,0,0,0,0
MPB:bin_000446,0,0,0,0,0,0,0,0,0,0,0,0,0,0,0,0,0,0,0,0,0,0,0,0,0,0,0,0,0,0,0,0,0,0,0,0,0,0,0,0,0,0,0,0,0,0,0,0,0,0,0,0,0,0,0,0,0,0,0,0,0,0,0,0,0,0,0,0,0,0,0,0,0,0,0,0,0,0,0,0,0,0,0,0
MPB:bin_000447,0,0,0,0,0,0,0,0,0,0,0,0,0,0,0,0,0,0,0,0,0,0,0,0,0,0,0,0,0,0,0,0,0,0,0,0,0,0,0,0,0,0,0,0,0,0,0,0,0,0,0,0,0,0,0,0,0,0,0,0,0,0,0,0,0,0,0,0,0,0,0,0,0,0,0,0,0,0,0,0,0,0,0,0
MPB:bin_000449,0,0,0,0,0,0,0,0,0,0,0,0,0,0,0,0,0,0,0,0,0,0,0,0,0,0,0,0,0,0,0,0,0,0,0,0,0,0,0,0,0,0,0,0,0,0,0,0,0,0,0,0,0,0,0,0,0,0,0,0,0,0,0,0,0,0,0,0,0,0,0,0,0,0,0,0,0,0,0,0,0,0,0,0
MPB:bin_000450,0,0,0,0,0,0,0,0,0,0,0,0,0,0,0,0,0,0,0,0,0,0,0,0,0,0,0,0,0,0,0,0,0,0,0,0,0,0,0,0,0,0,0,0,0,0,0,0,0,0,0,0,0,0,0,0,0,0,0,0,0,0,0,0,0,0,0,0,0,0,0,0,0,0,0,0,0,0,0,0,0,0,0,0
MPB:bin_000451,0,0,0,0,4.912,2.864,0,0,0,2.71,0,0,3.692,0,0,0,2.037,0,0,0,0,0,0,0,0,0,0,0,0,0,0,0,0,0,0,0,0,0,10.28,0,0,2.628,3.97,0,0,0,5.105,0,2.335,0,0,3.103,0,2.603,0,0,5.857,0,0,0,0,0,0,8.534,0,0,0,0,0,0,0,3.811,0,0,0,0,0,0,5.072,0,0,2.561,0,0
MPB:bin_000452,0,0,0,0,0,0,0,0,0,0,0,0,0,0,0,0,0,0,0,0,0,0,0,0,0,0,0,0,0,0,0,0,0,0,0,0,0,0,0,0,0,0,0,0,0,0,0,0,0,0,0,0,0,0,0,0,0,0,0,0,0,0,0,0,0,0,0,0,0,0,0,0,0,0,0,0,0,0,0,0,0,0,0,0
MPB:bin_000453,0,0,0,0,0,0,0,0,0,0,0,0,0,0,0,0,0,0,0,0,0,0,0,0,0,0,0,0,0,0,0,0,0,0,0,0,0,0,0,0,0,0,0,0,0,0,0,0,0,0,0,0,0,0,0,0,0,0,0,0,0,0,0,0,0,0,0,0,0,0,0,0,0,0,0,0,0,0,0,0,0,0,0,0
MPB:bin_000455,0,0,0,0,0,0,0,0,0,0,0,0,0,0,0,0,0,0,0,0,0,0,0,0,0,0,0,0,0,0,0,0,0,0,0,0,0,0,0,0,0,0,0,0,0,0,0,0,0,0,0,0,0,0,0,0,0,0,0,0,0,0,0,0,0,0,0,0,0,0,0,0,0,0,0,0,0,0,0,0,0,0,0,0
MPB:bin_000456,0,0,0,0,0,0,0,0,0,0,0,0,0,0,0,0,0,0,0,0,0,0,0,0,0,0,0,0,0,0,0,0,0,0,0,0,0,0,0,0,0,0,0,0,0,0,0,0,0,0,0,0,0,0,0,0,0,0,0,0,0,0,0,0,0,0,0,0,0,0,0,0,0,0,0,0,0,0,0,0,0,0,0,0
MPB:bin_000457,2.129,0,0,0,2.128,3.49,2.068,1.992,3.75,0,3.184,0,2.539,0,0,4.249,0,0,3.825,0,0,0,3.317,0,0,2.105,1.946,0,2.881,0,0,0,1.787,0,0,2.358,0,0,3.842,0,2.388,2.532,0,2.634,2.315,0,9.61,0,2.09,0,0,3.126,0,2.135,0,0,0,2.33,2.224,0,0,3.356,0,3.231,1.465,1.589,0,0,1.507,2.789,0,2.585,3.061,0,0,0,0,1.737,3.365,0,0,0,2.421,2.326
MPB:bin_000458,0,0,0,0,0,0,0,0,0,0,0,0,0,0,0,0,0,0,0,0,0,0,0,0,0,0,0,0,0,0,0,0,0,0,0,0,0,0,0,0,0,0,0,0,0,0,0,0,0,0,0,0,0,0,0,0,0,0,0,0,0,2.081,0,0,0,0,0,0,0,0,0,0,0,0,0,0,0,0,0,0,0,0,0,0
MPB:bin_000459,0,0,0,0,0,0,0,0,0,0,0,0,0,0,0,0,0,0,0,0,0,0,0,0,0,0,0,0,0,0,0,0,0,0,0,0,0,0,0,0,0,0,0,0,0,0,0,0,0,0,0,0,0,0,0,0,0,0,0,0,0,0,0,0,0,0,0,0,0,0,0,0,0,0,0,0,0,0,0,0,0,0,0,0
MPB:bin_000460,0,0,0,0,0,0,0,0,0,0,0,0,0,0,0,0,0,0,0,0,0,0,0,0,0,0,0,0,0,0,0,0,0,0,0,0,0,0,0,0,0,0,0,0,0,0,0,0,0,0,0,0,0,0,0,0,0,0,0,0,0,0,0,0,0,0,0,0,0,0,0,0,0,0,0,0,0,0,0,0,0,0,0,0
MPB:bin_000461,0,0,0,0,0,0,0,0,0,0,0,0,0,0,0,0,0,0,0,0,0,0,0,0,0,0,0,0,0,0,0,0,0,0,0,0,0,0,0,0,0,0,0,0,0,0,0,0,0,0,0,0,0,0,0,0,0,0,0,0,0,0,0,0,0,0,0,0,0,0,0,0,0,0,0,0,0,0,0,0,0,0,0,0
MPB:bin_000465,0,0,0,0,0,0,0,0,0,0,0,0,0,0,0,0,0,0,0,0,0,0,0,0,0,0,0,0,0,0,0,0,0,0,0,0,0,0,0,0,0,0,0,0,0,0,0,0,0,0,0,0,0,0,0,0,0,0,0,0,0,0,0,0,0,0,0,0,0,0,0,0,0,0,0,0,0,0,0,0,0,0,0,0
MPB:bin_000466,0,0,0,0,0,0,0,0,0,0,0,0,0,0,0,0,0,0,0,0,0,0,0,0,0,0,0,0,0,0,0,0,0,0,0,0,0,0,0,0,0,0,0,0,0,0,0,0,0,0,0,0,0,0,0,0,0,0,0,0,0,0,0,0,0,0,0,0,0,0,0,0,0,0,0,0,0,0,0,0,0,0,0,0
MPB:bin_000470,0,0,0,0,0,0,0,0,0,0,0,0,0,0,0,0,0,0,0,0,0,0,0,0,0,0,0,0,0,0,0,0,0,0,0,0,0,0,0,0,0,0,0,0,0,0,0,0,0,0,0,0,0,0,0,0,0,0,0,0,0,0,0,0,0,0,0,0,0,0,0,0,0,0,0,0,0,0,0,0,0,0,0,0
MPB:bin_000472,0,0,0,0,0,0,0,0,0,0,0,0,0,0,0,0,0,0,0,0,0,0,0,0,0,0,0,0,0,0,0,0,0,0,0,0,0,0,0,0,0,0,0,0,0,0,0,0,0,0,0,0,0,0,0,0,0,0,0,0,0,0,0,0,0,0,0,0,0,0,0,0,0,0,0,0,0,0,0,0,0,0,0,0
MPB:bin_000473,0,0,0,0,0,0,0,0,0,0,0,0,0,0,0,0,0,0,0,0,0,0,0,0,0,0,0,0,0,0,0,0,0,0,0,0,0,0,0,0,0,0,0,0,0,0,0,0,0,0,0,0,0,0,0,0,0,0,0,0,0,0,0,0,0,0,0,0,0,0,0,0,0,0,0,0,0,0,0,0,0,0,0,0
MPB:bin_000476,0,0,0,0,0,0,0,0,0,0,0,0,0,0,0,0,0,0,0,0,0,0,0,0,0,0,0,0,0,0,0,0,0,0,0,0,0,0,0,0,0,0,0,0,0,0,0,0,0,0,0,0,0,0,0,0,0,0,0,0,0,0,0,0,0,0,0,0,0,0,0,0,0,0,0,0,0,0,0,0,0,0,0,0
MPB:bin_000477,0,0,0,0,0,3.411,0,0,0,0,0,0,0,0,0,0,0,0,0,0,0,0,0,0,0,0,2.376,0,0,0,0,0,3.051,0,0,0,0,2.227,0,0,0,0,0,0,0,0,0,0,2.406,0,0,0,0,0,0,0,3.567,0,0,0,0,0,0,0,0,0,2.412,0,2.397,0,0,0,0,0,0,0,0,2.958,0,0,0,0,0,0
MPB:bin_000479,0,0,0,0,0,0,0,0,0,0,0,0,0,0,0,0,0,0,0,0,0,0,0,0,0,0,0,0,0,0,0,0,0,0,0,0,0,0,0,0,0,0,0,0,0,0,0,0,0,0,0,0,0,0,0,0,0,0,0,0,0,0,0,0,0,0,0,0,0,0,0,0,0,0,0,0,0,0,0,0,0,0,0,0
MPB:bin_000491,0,0,0,0,0,0,0,0,0,0,0,0,0,0,0,0,0,0,0,0,0,0,0,0,0,0,0,0,0,0,0,0,0,0,0,0,0,0,0,0,0,0,0,0,0,0,0,0,0,0,0,0,0,0,0,0,0,0,0,0,0,0,0,0,0,0,0,0,0,0,0,0,0,0,0,0,0,0,0,0,0,0,0,0
MPB:bin_000499,4.321,0,0,0,0,4.844,0,2.584,0,0,0,0,0,0,3.671,0,0,0,0,0,4.267,0,0,0,0,0,0,0,0,0,0,0,0,0,0,0,0,0,8.842,0,0,3.913,0,0,0,0,0,0,0,0,0,4.436,0,0,0,0,6.233,0,0,0,0,5.012,0,6.105,0,0,0,4.226,0,4.008,0,0,0,0,0,0,0,4.092,4.484,0,0,0,0,0
MPB:bin_000538,0,0,0,0,0,0,0,0,0,0,0,0,0,0,0,0,0,0,0,0,0,0,0,0,0,0,0,0,0,0,0,0,0,0,0,0,0,0,0,0,0,0,0,0,0,0,0,0,0,0,0,0,0,0,0,0,0,0,0,0,0,0,0,0,0,0,0,0,0,0,0,0,0,0,0,0,0,0,0,0,0,0,0,0
MPB:bin_000554,0,0,0,0,0,4.055,0,0,0,0,0,0,0,0,0,0,0,0,0,0,0,0,0,0,0,0,0,0,0,0,0,0,0,0,0,0,0,2.228,0,0,0,0,0,0,0,0,0,0,0,0,0,2.931,0,0,0,0,4.29,0,0,0,0,4.626,0,4.086,0,0,0,0,0,0,0,0,0,0,2.384,0,0,3.035,0,0,2.41,0,0,0
MPB:bin_000559,3.281,1.768,0,0,3.475,5.319,2.562,2.585,3.365,4.448,5.541,2.855,3.748,2.84,3.64,2.086,0,0,0,0,2.424,0,4.87,0,4.489,0,3.644,0,0,0,2.842,0,4.603,0,2.695,3.351,3.378,2.471,8.043,5.323,3.31,2.65,2.325,0,3.038,2.818,0,4.391,0,0,0,4.58,4.425,0,1.495,0,3.652,0,0,2.157,0,3.397,0,3.891,2.837,1.961,4.676,6.091,2.159,3.125,0,3.868,2.754,0,1.917,2.055,0,4.858,3.907,2.331,3.16,2.06,2.705,0
MPB:bin_000571,0,0,0,0,0,0,0,0,0,0,0,0,0,0,0,0,0,0,0,0,0,0,0,0,0,0,0,0,0,0,0,0,0,0,0,0,0,0,0,0,0,0,0,0,0,0,0,0,0,0,0,0,0,0,0,0,0,0,0,0,0,0,0,0,0,0,0,0,0,0,0,0,0,0,0,0,0,0,0,0,0,0,0,0
MPB:bin_000576,0,0,0,0,0,0,0,0,0,0,0,0,0,0,0,0,0,0,0,0,0,0,0,0,0,0,0,0,0,0,0,0,0,0,0,0,0,0,0,0,0,0,0,0,0,0,0,0,0,0,0,0,0,0,0,0,0,0,0,0,0,1.657,0,0,0,0,0,0,0,0,0,0,0,0,0,0,0,0,0,0,0,0,0,0
MPB:bin_000579,0,0,0,0,0,0,0,0,0,0,0,0,0,0,0,0,0,0,0,0,0,0,0,0,0,0,0,0,0,0,0,0,0,0,0,0,0,0,0,0,0,0,0,0,0,0,0,0,0,0,0,0,0,0,0,0,0,0,0,0,0,0,0,1.959,0,0,0,0,0,0,0,0,0,0,0,0,0,0,0,0,0,0,0,0
MPB:bin_000581,3.386,0,3.535,5.235,0,11.531,0,8.05,6.441,0,0,3.097,10.437,3.001,7.302,6.969,6.04,3.039,5.61,5.99,10.681,5.828,3.236,0,11.627,0,0,0,0,0,5.32,1.255,9.779,0,0,3.036,21.603,3.03,13.089,9.405,12.467,6.482,4.591,0,0,9.471,0,0,3.762,0,0,7.53,0,2.753,6.782,0,0,11.218,2.685,8.115,0,5.286,0,9.981,3.473,5.335,0,3.536,0,10.976,0,13.233,0,0,0,3.153,6.849,7.829,26.971,3.942,7.302,8.209,7.677,0
MPB:bin_000584,0,0,0,0,0,0,0,0,0,0,0,0,0,0,0,0,0,0,0,0,0,0,0,0,0,0,0,0,0,0,0,0,0,0,0,0,0,0,0,0,0,0,0,0,0,0,0,0,0,0,0,0,0,0,0,0,0,0,0,0,0,0,0,0,0,0,0,0,0,0,0,0,0,0,0,0,0,0,0,0,0,0,0,0
MPB:bin_000588,0,0,0,0,0,0,0,0,0,0,0,0,0,0,0,0,0,0,0,0,0,0,0,0,0,0,0,0,0,0,0,0,0,0,0,0,0,0,0,0,0,0,0,0,0,0,0,0,0,0,0,0,0,0,0,0,0,0,0,0,0,0,0,0,0,0,0,0,0,0,0,0,0,0,0,0,0,0,0,0,0,0,0,0
MPB:bin_000590,0,0,0,0,0,0,0,0,0,0,0,0,0,0,0,0,0,0,0,0,0,0,0,0,0,0,0,0,0,0,0,0,0,0,0,0,0,0,0,0,0,0,0,0,0,0,0,0,0,0,0,0,0,0,0,0,0,0,0,0,0,0,0,0,0,0,0,0,0,0,0,0,0,0,0,0,0,0,0,0,0,0,0,0
MPB:bin_000593,0,0,0,0,0,0,0,0,0,0,0,0,0,0,0,0,0,0,0,0,0,0,0,0,0,0,0,0,0,0,0,0,0,0,0,0,0,0,0,0,0,0,0,0,0,0,0,0,0,0,0,0,0,0,0,0,0,0,0,0,0,0,0,0,0,0,0,0,0,0,0,0,0,0,0,0,0,0,0,0,0,0,0,0
MPB:bin_000594,0,0,0,0,0,0,0,0,0,0,0,0,0,0,0,0,0,0,0,0,0,0,0,0,0,0,0,0,0,0,0,0,0,0,0,0,0,0,0,0,0,0,0,0,0,0,0,0,0,0,0,0,0,0,0,0,0,0,0,0,0,0,0,0,0,0,0,0,0,0,0,0,0,0,0,0,0,0,0,0,0,0,0,0
MPB:bin_000596,2.216,0,0,0,2.77,6.214,1.899,2.603,6.812,2.744,7.225,0,3.746,2.909,4.513,0,6.497,4.644,4.259,0,4.43,0,0,0,4.85,1.415,3.799,0,0,0,3.964,0,4.232,0,3.368,2.583,3.574,3.197,25.438,8.852,5.04,11.584,5.831,0,5.271,2.304,7.628,10.89,2.013,0,0,12.769,0,1.742,1.883,0,2.909,2.767,6.933,4.295,0,1.906,0,3.947,2.079,3.069,2.525,2.53,2.436,4.638,0,4.361,3.076,0,2.46,2.568,0,2.025,2.972,2.654,1.588,1.887,2.805,0
MPB:bin_000597,0,0,0,0,0,3.218,0,0,0,0,3.09,0,0,0,0,0,0,0,0,0,0,0,0,0,0,0,0,0,0,0,0,0,0,0,0,0,0,0,0,0,0,0,0,0,0,0,0,0,0,0,0,0,0,0,0,0,0,0,0,0,0,0,0,0,0,0,2.554,0,0,0,0,0,0,0,0,0,0,0,0,0,0,0,0,0
MPB:bin_000598,0,0,0,0,0,0,0,0,0,0,0,0,0,0,0,0,0,0,0,0,0,0,0,0,0,0,0,0,0,0,0,0,0,0,0,0,0,0,0,0,0,0,0,0,0,0,0,0,0,0,0,0,0,0,0,0,0,0,0,0,0,0,0,0,0,0,0,0,0,0,0,0,0,0,0,0,0,0,0,0,0,0,0,0
MPB:bin_000599,0,0,0,0,0,0,0,0,0,0,0,0,0,0,0,0,0,0,0,0,0,0,0,0,0,0,0,0,0,0,0,0,0,0,0,0,0,0,0,0,0,0,0,0,0,0,0,0,0,0,0,0,0,0,0,0,0,0,0,0,0,0,0,0,0,0,0,0,0,0,0,0,0,0,0,0,0,0,0,0,0,0,0,0
MPB:bin_000600,4.01,0,0,0,0,0,12.089,0,3.921,0,0,0,0,0,7.09,0,0,8.161,0,0,0,0,0,0,0,0,0,0,4.183,0,0,0,4.304,3.363,0,0,0,0,0,0,0,2.632,0,0,0,0,0,8.682,0,0,0,8.727,0,0,0,0,0,0,2.192,0,0,6.95,0,0,2.459,0,0,0,0,3.351,0,24.207,0,0,0,0,0,0,3.551,0,0,0,0,0
MPB:bin_000601,0,0,0,0,0,0,0,0,0,0,0,0,0,0,0,0,0,0,0,0,0,0,0,0,0,0,0,0,0,0,0,0,0,0,0,0,0,0,0,0,0,0,0,0,0,0,0,0,0,0,0,0,0,0,0,0,0,0,0,0,0,0,0,0,0,0,0,0,0,0,0,0,0,0,0,0,0,0,0,0,0,0,0,0
MPB:bin_000604,0,0,0,0,0,0,0,0,0,0,0,0,0,0,0,0,0,0,0,0,0,0,0,0,0,0,0,0,0,0,0,0,0,0,0,0,0,0,0,0,0,0,0,0,0,0,0,0,0,0,0,0,0,0,0,0,0,0,0,0,0,0,0,0,0,0,0,0,0,0,0,0,0,0,0,0,0,0,0,0,0,0,0,0
MPB:bin_000605,0,0,0,0,0,0,0,0,0,0,0,0,0,0,0,0,0,0,0,0,0,0,0,0,0,0,0,0,0,0,0,0,0,0,0,0,0,0,0,0,0,0,0,0,0,0,0,0,0,0,0,0,0,0,0,0,0,0,0,0,0,0,0,0,0,0,0,0,0,0,0,0,0,0,0,0,0,0,0,0,0,0,0,0
MPB:bin_000606,3.805,0,0,2.257,5.249,4.781,2.843,0,3.711,5.979,5.098,4.466,2.766,0,2.862,4.774,0,4.083,0,0,3.081,0,2.48,2.803,2.639,3.148,4.242,0,1.852,0,3.309,0,4.646,0,2.481,1.682,2.545,1.959,11.18,3.543,3.324,2.158,2.98,2.202,3.45,2.317,4.24,6.879,3.902,0,0,6.665,0,3.038,0,4.623,0,1.552,1.685,2.014,0,6.804,0,7.221,2.489,1.859,4.243,5.626,1.698,3.192,0,2.787,3.813,0,1.914,2.884,0,5.195,5.565,0,2.346,0,2.304,1.63
MPB:bin_000609,0,0,0,0,0,0,0,0,0,0,0,0,0,0,0,0,0,0,0,0,0,0,0,0,0,0,0,0,0,0,0,0,0,0,0,0,0,0,0,0,0,0,0,0,0,0,0,0,0,0,0,0,0,0,0,0,0,0,0,0,0,0,0,0,0,0,0,0,0,0,0,0,0,0,0,0,0,0,0,0,0,0,0,0
MPB:bin_000615,0,0,0,0,0,2.535,0,0,0,0,0,0,0,0,0,0,0,0,0,0,0,0,0,0,0,0,0,0,0,0,0,0,0,0,0,0,0,0,0,0,0,0,0,0,0,0,0,0,0,0,0,0,0,0,0,0,0,0,0,0,0,0,0,0,0,0,0,0,0,0,0,0,0,0,0,0,0,0,0,0,0,0,0,0
MPB:bin_000617,0,0,0,0,3.531,4.731,0,0,2.946,2.213,5.014,0,0,0,2.807,0,0,0,0,0,3.085,0,0,0,0,0,2.941,0,0,0,0,0,3.638,0,0,3.047,0,2.205,5.55,3.972,0,3.111,0,0,0,0,0,0,0,0,0,3.732,0,2.58,0,0,5.143,0,0,0,0,5.022,0,4.893,0,0,3.142,0,0,0,0,0,0,0,2.768,0,0,4.739,3.169,0,0,2.132,0,0
MPB:bin_000618,0,0,0,0,0,0,0,0,0,0,0,0,0,0,0,0,0,0,0,0,0,0,0,0,0,0,0,0,0,0,0,0,0,0,0,0,0,0,0,0,0,0,0,0,0,0,0,0,0,0,0,0,0,0,0,0,0,0,0,0,0,0,0,0,0,0,0,0,0,0,0,0,0,0,0,0,0,0,0,0,0,0,0,0
MPB:bin_000619,0,0,0,0,0,1.639,0,0,0,0,0,0,0,0,0,0,0,0,0,0,0,0,0,0,0,0,0,0,0,0,0,0,0,2.208,0,0,0,0,0,0,0,0,0,0,0,0,0,2.723,0,0,0,0,0,0,1.633,0,0,0,0,0,0,0,0,0,0,0,1.682,0,0,0,0,0,0,0,0,2.163,0,0,1.906,0,0,0,0,0
MPB:bin_000622,0,0,0,0,0,0,0,0,0,0,0,0,0,0,0,0,0,0,0,0,0,0,0,0,0,0,0,0,0,0,0,0,0,0,0,0,0,0,0,0,0,0,0,0,0,0,0,0,0,0,0,0,0,0,0,0,0,0,0,0,0,0,0,0,0,0,0,0,0,0,0,0,0,0,0,0,0,0,0,0,0,0,0,0
TM1:bin_000010,0,0,0,0,0,0,0,0,0,0,0,0,0,0,0,0,0,0,0,0,0,0,0,0,0,0,0,0,0,0,0,0,0,0,0,0,0,0,0,0,0,0,0,0,0,0,0,0,0,0,0,0,0,0,0,0,0,0,0,0,0,0,0,0,0,0,0,0,0,0,0,0,0,0,0,0,0,0,0,0,0,0,0,0
TM1:bin_000024,0,0,0,0,0,0,0,0,0,0,0,0,0,0,0,0,0,0,0,0,0,0,0,0,0,0,0,0,0,0,0,0,0,0,0,0,0,0,0,0,0,0,0,0,0,0,0,0,0,0,0,0,0,0,0,0,0,0,0,0,0,5.055,0,0,0,0,0,0,0,0,0,0,0,0,0,0,0,0,0,0,0,0,0,0
TM1:bin_000025,2.947,1.801,0,0,4.201,6.443,1.839,2.097,3.37,3.551,6.335,3.109,5.312,3.348,3.931,0,0,3.622,3.284,0,7.374,2.696,3.392,0,4.69,4.241,4.335,0,0,0,2.221,0,6.528,0,0,2.139,0,2.459,11.93,2.821,2.148,2.153,4.566,2.694,3.196,1.877,0,10.113,3.179,0,0,7.722,3.842,3.319,0,0,3.279,2.083,0,2.327,0,5.884,0,3.741,0,2.964,3.732,3.006,4.854,5.327,0,2.659,2.351,0,2.499,3.356,0,2.956,3.947,2.962,0,2.373,5.096,0
TM1:bin_000027,0,0,0,0,0,0,0,0,0,0,0,0,0,0,0,0,0,0,0,0,0,0,0,0,0,0,0,0,0,0,0,0,0,0,0,0,0,0,0,0,0,0,0,0,0,0,0,0,0,0,0,0,0,0,0,0,0,0,0,0,0,0,0,0,0,0,0,0,0,0,0,0,0,0,0,0,0,0,0,0,0,0,0,0
TM1:bin_000031,3.558,2.032,2.555,2.384,3.877,4.753,3.174,2.843,3.472,0,5.631,2.168,4.491,0,5.983,3.628,3.482,3.848,2.984,0,0,0,3.9,0,5.229,3.483,3.31,0,3.188,0,0,1.033,6.231,2.543,0,1.68,4.02,3.129,11.684,3.721,3.101,2.503,4.778,2.252,4.146,1.764,3.483,5.927,1.654,0,0,7.081,2.468,2.325,3.864,0,9.379,1.925,5.258,2.436,0,5.873,0,7.572,4.615,2.779,3.772,2.858,0,3.409,0,2.948,0,0,2.012,3.141,3.376,5.052,5.097,7.563,3.792,3.341,2.365,0
TM1:bin_000049,0,0,0,0,0,3.349,0,0,0,0,2.608,2.879,0,0,0,0,0,0,0,0,0,0,0,0,0,0,1.877,0,0,0,0,0,0,0,0,0,0,0,0,0,0,0,0,0,0,0,0,0,0,0,0,1.856,0,0,0,0,0,0,0,0,0,0,0,1.763,0,0,0,0,0,0,0,0,0,0,0,0,0,0,0,0,0,0,0,0
TM1:bin_000080,14.531,15.001,13.22,10.087,16.967,35.09,12.011,9.337,14.027,24.763,43.11,18.847,14.755,13.397,20.995,7.907,7.28,10.182,11.491,12.071,24.42,12.349,14.903,8.156,19.926,11.166,29.816,0,8.175,5.492,15.768,2.507,24.337,10.961,13.728,16.322,14.069,14.729,63.709,19.909,15.663,10.885,25.542,10.829,26.928,15.409,18.958,30.194,15.386,3.861,2.698,25.258,14.088,17.415,8.744,16.275,32.075,8.109,5.023,13.214,0,18.024,0,27.826,11.633,11.288,27.932,15.138,15.308,16.9,0,14.01,16.088,0,21.63,16.259,11.453,20.992,29.69,19.078,9.157,15.281,16.846,7.903
TM1:bin_000119,0,0,0,0,0,0,0,0,0,0,0,0,0,0,0,0,0,0,0,0,0,0,0,0,0,0,0,0,0,0,0,0,0,0,0,0,0,0,0,0,0,0,0,0,0,0,0,0,0,0,0,0,0,0,0,0,0,0,0,0,0,0,0,0,0,0,0,0,0,0,0,0,0,0,0,0,0,0,0,0,0,0,0,0
TM1:bin_000126,0,0,4.674,0,0,0,0,0,0,0,2.81,0,0,0,0,0,0,0,0,0,0,0,0,0,0,0,0,0,0,0,0,0,0,0,0,0,0,0,5.883,0,0,0,0,0,0,0,0,0,0,0,0,0,0,0,0,0,0,0,0,0,0,0,0,0,0,0,0,0,0,0,0,0,0,0,0,0,0,0,0,0,0,0,0,0
TM1:bin_000144,0,0,0,0,0,1.605,0,0,0,0,0,0,0,0,0,0,0,0,0,0,0,0,0,0,0,0,0,0,0,0,0,0,0,0,0,0,0,0,0,0,0,0,0,0,0,0,0,0,0,0,0,0,0,0,0,0,0,0,0,0,0,0,0,0,0,0,0,0,0,0,0,0,0,0,0,0,0,0,0,0,0,0,0,0
TM1:bin_000152,0,0,0,0,0,0,0,0,0,0,0,0,0,0,0,0,0,0,0,0,0,0,0,0,0,0,0,0,0,0,0,0,0,0,0,0,0,0,0,0,0,0,0,0,0,0,0,0,0,0,0,0,0,0,0,0,0,0,0,0,0,0,0,0,0,0,0,0,0,0,0,0,0,0,0,0,0,0,0,0,0,0,0,0
TM1:bin_000153,4.192,4.111,10.384,3.002,20.935,6.349,7.384,2.579,7.022,2.47,6.377,5.904,5.638,5.568,1.485,6.118,3.912,4.755,5.887,2.497,11.761,4.497,5.378,5.434,7.599,4.589,8.989,0,3.598,1.728,9.337,0,12.456,0,4.55,5.635,9.508,1.522,25.986,3.433,7.393,0,6.497,5.678,6.056,4.108,8.008,10.097,5.232,0,0,8.497,7.052,2.645,2.539,5.743,6.538,4.521,3.681,3.382,0,13.395,0,7.218,2.884,3.529,6.317,6.728,2.19,6.627,0,3.395,4.038,0,7.01,5.737,1.884,3.883,13.586,3.746,2.053,4.907,9.704,2.003
TM1:bin_000177,0,0,0,0,0,0,0,0,0,0,0,0,0,0,0,0,0,0,0,0,0,0,0,0,0,0,0,0,0,0,0,0,0,0,0,0,0,0,0,0,0,0,0,0,0,0,0,0,0,0,0,0,0,0,0,0,0,0,0,0,0,0,0,0,0,0,0,0,0,0,0,0,0,0,0,0,0,0,0,0,0,0,0,0
TM2:bin_000005,0,0,0,0,0,0,0,0,0,0,0,0,0,0,0,0,0,0,0,0,0,0,0,0,0,0,0,0,0,0,0,0,0,0,0,0,0,0,0,0,0,0,0,0,0,0,0,0,0,0,0,0,0,0,0,0,0,0,0,0,0,6.789,0,0,0,0,0,0,0,0,0,0,0,0,0,0,0,0,0,0,0,0,0,0
TM2:bin_000013,0,0,0,0,0,0,0,0,0,0,0,0,0,0,0,0,0,0,0,0,0,0,0,0,0,0,0,0,0,0,0,0,0,0,0,0,0,0,0,0,0,0,0,0,0,0,0,0,0,0,0,0,0,0,0,0,0,0,0,0,0,0,0,0,0,0,0,0,0,0,0,0,0,0,0,0,0,0,0,0,0,0,0,0
TM2:bin_000090,0,0,0,0,0,0,0,0,0,0,0,0,0,0,0,0,0,0,0,0,0,0,0,0,0,0,0,0,0,0,0,0,0,0,0,0,0,0,0,0,0,0,0,0,0,0,0,0,0,0,0,0,0,0,0,0,0,0,0,0,0,0,0,0,0,0,0,0,0,0,0,0,0,0,0,0,0,0,0,0,0,0,0,0
TM2:bin_000114,0,0,0,0,0,0,0,0,0,0,0,0,0,0,0,0,0,0,0,0,0,0,0,0,0,0,0,0,0,0,0,0,0,0,0,0,0,0,0,0,0,0,0,0,0,0,0,0,0,0,0,0,0,0,0,0,0,0,0,0,0,0,0,0,0,0,0,0,0,0,0,0,0,0,0,0,0,0,0,0,0,0,0,0
TM2:bin_000116,0,0,0,0,0,0,0,0,0,0,0,0,0,0,0,0,0,0,0,0,0,0,0,0,0,0,0,0,0,0,0,0,0,0,0,0,0,0,0,0,0,0,0,0,0,0,0,0,0,0,0,0,0,0,0,0,0,0,0,0,0,0,0,0,0,0,0,0,0,0,0,0,0,0,0,0,0,0,0,0,0,0,0,0
TM2:bin_000124,0,0,0,0,0,0,0,0,0,0,0,0,0,0,0,0,0,0,0,0,0,0,0,0,0,0,0,0,0,0,0,0,0,0,0,0,0,0,0,0,0,0,0,0,0,0,0,0,0,0,0,0,0,0,0,0,0,0,0,0,0,0,0,0,0,0,0,0,0,0,0,0,0,0,0,0,0,0,0,0,0,0,0,0
TM2:bin_000127,3.321,2.878,3.355,2.672,4.746,7.779,3.497,0,3.045,5.97,12.02,4.088,6.496,2.306,5.217,2.915,0,4.154,0,3.667,5.822,2.945,5.121,2.227,4.562,3.407,4.919,0,3.055,0,5.635,0.706,7.633,0,4.188,5.95,3.497,4.146,8.4,2.686,4.648,3.788,3.839,2.848,3.46,2.996,3.25,7.17,3.985,0,0,5.769,4.269,2.871,1.892,4.356,6.882,2.915,2.432,2.299,0,6.424,0,4.18,3.595,2.459,5.749,4.219,2.567,3.696,0,3.231,3.355,0,4.945,4.803,0,4.195,6.669,4.225,2.347,3.404,6.117,2.13
TM2:bin_000155,0,0,0,0,0,0,0,0,0,0,0,0,0,0,0,0,0,0,0,0,0,0,0,0,0,0,0,0,0,0,0,0,0,0,0,0,0,0,0,0,0,0,0,0,0,0,0,0,0,0,0,0,0,0,0,0,0,0,0,0,0,0,0,0,0,0,0,0,0,0,0,0,0,0,0,0,0,0,0,0,0,0,0,0
TM2:bin_000157,0,0,0,0,0,1.559,0,0,0,0,0,0,0,0,0,0,0,0,0,0,0,0,0,0,0,0,0,0,0,0,0,0,0,0,0,0,0,0,0,0,0,0,0,0,0,0,0,0,0,0,0,0,0,0,0,0,0,0,0,0,0,0,0,0,0,0,0,0,0,0,0,0,0,0,0,0,0,0,0,0,0,0,0,0
TM2:bin_000186,18.732,3.033,18.365,12.636,36.512,68.741,11.611,15.109,26.973,3.804,65.177,11.604,49.535,8.911,46.133,11.646,12.292,36.49,13.609,33.175,56.812,35.168,8.239,12.176,11.811,25.932,31.986,0,59.103,22.088,19.842,5.379,27.501,17.947,33.066,31.593,12.872,19.282,54.285,55.451,13.042,68.909,57.239,15.33,42.791,29.725,30.04,53.782,23.349,14.782,11.427,47.038,19.844,35.295,8.216,13.677,65.77,18.008,14.147,25.892,2.297,43.701,2.366,61.443,31.895,21.658,35.466,45.652,48.268,34.855,0,32.377,32.054,0,34.783,23.645,28.419,71.556,48.016,13.857,81.961,12.119,13.405,24.162
TM2:bin_000188,0,0,0,0,0,0,0,0,0,0,0,0,0,0,0,0,0,0,0,0,0,0,0,0,0,0,0,0,0,0,0,0,0,0,0,0,0,0,0,0,0,0,0,0,0,0,0,0,0,0,0,0,0,0,0,0,0,0,0,0,0,0,0,0,0,0,0,0,0,0,0,0,0,0,0,0,0,0,0,0,0,0,0,0
TM2:bin_000219,47.333,17.839,21.624,31.027,48.427,69.99,29.105,17.836,57.414,36.032,113.192,46.418,108.984,14.859,61.955,60.759,31.959,57.179,50.668,11.109,70.926,18.773,34.679,38.706,48.434,37.289,43.945,0,28.805,3.299,33.227,6.634,88.163,27.188,24.347,37.053,48.193,39.378,192.005,53.729,62.402,52.912,59.225,16.373,58.236,22.138,73.928,72.232,47.005,4.73,5.086,81.086,34.024,47.948,17.727,17.581,66.864,31.042,46.323,30.824,0,127.383,1.451,112.347,63.4,56.134,52.515,43.942,31.68,62.122,0,42.219,45.573,0,27.786,39.646,44.503,42.341,63.674,23.473,42.833,56.647,30.275,17.893
TM2:bin_000235,4.443,2.968,0,3.153,3.798,12.065,3.781,0,2.821,2.695,6.568,3.469,4.621,0,3.492,2.967,0,2.844,2.948,0,5.119,2.8,3.395,2.254,5.194,3.734,5.222,0,2.891,0,4.07,0,8.769,0,3.539,4.66,3.963,5.59,6.89,2.864,4.383,2.712,5.043,0,7.277,4.326,2.941,5.096,3.176,0,0,5.839,2.489,5.313,2.016,3.573,8.716,4.48,2.996,4.38,0,9.482,0,8.435,4.724,2.055,4.566,0,3.783,3.384,0,2.902,3.005,0,2.961,3.139,3.758,6.777,6.883,2.88,3.7,4.655,3.905,3.336
TM3:bin_000033,1.667,0,0,0,0,1.737,0,0,0,0,0,0,0,0,0,0,0,0,0,0,0,0,0,0,0,0,0,0,0,0,0,0,0,0,0,0,0,0,0,0,1.581,0,0,0,0,0,0,0,0,0,0,0,0,0,0,0,0,0,0,0,0,3.514,0,0,0,0,0,0,0,0,0,0,0,0,0,0,0,0,0,0,0,0,0,0
TM3:bin_000088,0,0,0,0,0,0,0,0,0,0,0,0,0,0,0,0,0,0,0,0,0,0,0,0,0,0,0,0,0,0,0,0,0,0,0,0,0,0,0,0,0,0,0,0,0,0,0,0,0,0,0,0,0,0,0,0,0,0,0,0,0,0,0,0,0,0,0,0,0,0,0,0,0,0,0,0,0,0,0,0,0,0,0,0
TM3:bin_000108,0,0,0,0,0,0,0,0,0,0,0,0,0,0,0,0,0,0,0,0,0,0,0,0,0,0,0,0,0,0,0,0,0,0,0,0,0,0,0,0,0,0,0,0,0,0,0,0,0,0,0,0,0,0,0,0,0,0,0,0,0,0,0,0,0,0,0,0,0,0,0,0,0,0,0,0,0,0,0,0,0,0,0,0
TM4:bin_000013,0,0,0,0,0,2.352,0,0,0,0,0,0,0,0,0,0,0,0,0,0,0,0,0,0,0,0,2.29,0,0,0,0,0,2.041,0,0,0,0,1.753,0,0,0,0,0,0,2.683,0,0,0,0,0,0,0,0,0,0,0,0,0,0,2.627,0,3.341,0,2.644,0,3.317,0,0,0,0,0,0,2.395,0,0,0,0,0,1.891,0,1.903,1.878,0,0
TM4:bin_000021,0,0,0,0,0,0,0,0,0,0,0,0,0,0,0,0,0,0,0,0,0,0,0,0,0,0,0,0,0,0,0,0,0,0,0,0,0,0,0,0,0,0,0,0,0,0,0,0,0,0,0,0,0,0,0,0,0,0,0,0,0,0,0,0,0,0,0,0,0,0,0,0,0,0,0,0,0,0,0,0,0,0,0,0
TM4:bin_000025,0,0,0,0,0,0,0,0,0,0,0,0,0,0,0,0,0,0,0,0,0,0,0,0,0,0,0,0,0,0,0,0,0,0,0,0,0,0,0,0,0,0,0,0,0,0,0,0,0,0,0,0,0,0,0,0,0,0,0,0,0,0,0,0,0,0,0,0,0,0,0,0,0,0,0,0,0,0,0,0,0,0,0,0
TM4:bin_000031,0,0,0,0,0,0,0,0,0,0,0,0,0,0,0,0,0,0,0,0,0,0,0,0,0,0,0,0,0,0,0,0,0,0,0,0,0,0,0,0,0,0,0,0,0,0,0,0,0,0,0,0,0,0,0,0,0,0,0,0,0,0,0,0,0,0,0,0,0,0,0,0,0,0,0,0,0,0,0,0,0,0,0,0
TM4:bin_000034,0,0,0,0,0,0,0,0,0,0,0,0,0,0,0,0,0,0,0,0,0,0,0,0,0,0,0,0,0,0,0,0,0,0,0,0,0,0,0,0,0,0,0,0,0,0,0,0,0,0,0,0,0,0,0,0,0,0,0,0,0,0,0,0,0,0,0,0,0,0,0,0,0,0,0,0,0,0,0,0,0,0,0,0
TM4:bin_000036,0,0,0,0,0,0,0,0,0,0,0,0,0,0,0,0,0,0,0,0,0,0,0,0,0,0,0,0,0,0,0,0,0,0,0,0,0,0,0,0,0,0,0,0,0,0,0,0,0,0,0,0,0,0,0,0,0,0,0,0,0,0,0,0,0,0,0,0,0,0,0,0,0,0,0,0,0,0,0,0,0,0,0,0
TM4:bin_000037,0,0,0,0,0,1.745,0,0,0,0,0,0,0,0,0,0,0,0,0,0,0,0,0,0,0,0,0,0,0,0,0,0,0,0,0,0,0,0,0,0,0,0,0,0,0,0,0,0,0,0,0,0,0,0,0,0,0,0,0,0,0,1.216,0,0,0,0,1.73,0,0,0,0,0,0,0,0,0,0,0,0,0,0,0,0,0
TM4:bin_000038,1.543,0,0,0,0,2.671,0,0,2.312,1.542,3.471,0,3.191,0,1.875,2.135,0,0,0,0,2.239,0,0,0,0,0,0,0,0,0,0,0,2.769,0,0,0,0,0,8.218,0,0,0,3.052,0,0,0,0,2.661,0,0,0,3.362,2.732,0,0,0,0,0,0,0,0,2.213,0,2.436,0,0,2.014,0,0,2.238,0,0,0,0,0,0,0,2.595,2.526,0,0,2.608,0,0
TM4:bin_000039,0,0,0,0,0,0,0,0,0,1.657,0,0,0,0,0,0,0,0,0,0,0,0,0,0,0,0,0,0,0,0,0,0,2.309,0,0,0,0,0,0,0,0,0,0,0,0,0,0,0,0,0,0,0,0,0,0,0,0,0,0,0,0,0,0,0,0,0,0,0,0,0,0,0,0,0,0,0,0,0,0,0,0,0,0,0
TM4:bin_000041,0,0,0,0,0,0,0,0,0,0,0,0,0,0,0,0,0,0,0,0,0,0,0,0,0,0,0,0,0,0,0,0,0,0,0,0,0,0,0,0,0,0,0,0,0,0,0,0,0,0,0,0,0,0,0,0,0,0,0,0,0,0,0,0,0,0,0,0,0,0,0,0,0,0,0,0,0,0,0,0,0,0,0,0
TM4:bin_000045,0,0,0,0,0,3.192,0,0,0,1.613,3.799,0,0,0,1.686,0,0,0,0,0,1.985,0,0,0,0,0,2.368,0,0,0,2.274,0,2.454,0,0,0,0,0,5.984,0,0,0,0,0,3.612,0,0,0,0,0,0,0,0,0,0,0,3.559,1.92,0,0,0,0,0,2.274,0,0,1.806,0,1.77,0,0,0,0,0,1.884,0,0,2.734,2.233,0,0,0,2.716,0
TM4:bin_000048,0,0,0,0,0,0,0,0,0,0,0,0,0,0,0,0,0,0,0,0,0,0,0,0,0,0,0,0,0,0,0,0,0,0,0,0,0,0,0,0,0,0,0,0,0,0,0,0,0,0,0,0,0,0,0,0,0,0,0,0,0,0,0,0,0,0,0,0,0,0,0,0,0,0,0,0,0,0,0,0,0,0,0,0
TM4:bin_000064,0,1.69,0,0,10.569,4.355,1.941,0,0,0,0,3.394,0,0,0,0,0,0,3.056,0,7.078,0,0,0,0,2.739,3.854,0,0,0,3.247,0,3.294,0,2.791,1.607,3.893,2.29,13.078,0,1.936,0,0,0,0,2.022,0,3.956,1.925,0,0,4.029,0,0,0,0,2.888,2.415,0,2.095,0,3.504,0,3.031,0,0,3.198,0,1.604,0,0,0,2.514,0,2.255,2.533,0,0,4.688,2.839,0,0,3.008,0
TM4:bin_000079,4.563,4.439,4.864,2.352,3.08,12.168,4.099,0,7.977,3.744,6.529,4.089,5.936,3.512,5.322,4.392,3.54,5.663,4.201,4.088,11.452,3.217,5.776,4.679,4.232,4.121,7.332,0,3.679,0,6.435,0.815,11.029,3.044,4.395,6.909,4.563,4.065,24.132,6.601,5.817,3.662,5.472,2.788,4.439,4.709,5.306,7.471,4.807,1.865,0,7.735,3.683,4.892,2.432,4.302,8.431,3.12,0,4.457,0,8.708,0,8.842,4.37,3.238,6.294,6.1,3.523,5.926,0,4.868,5.06,0,4.706,6.283,1.984,8.003,10.173,3.739,4.142,3.459,5.858,2.087
TM4:bin_000088,0,0,0,0,0,0,0,0,0,0,0,0,0,0,0,0,0,0,0,0,0,0,0,0,0,0,0,0,0,0,0,0,0,0,0,0,0,0,0,0,0,0,0,0,0,0,0,0,0,0,0,0,0,0,0,0,0,0,0,0,0,0,0,0,0,0,0,0,0,0,0,0,0,0,0,0,0,0,0,0,0,0,0,0
TM4:bin_000093,0,0,0,0,0,0,0,0,0,0,5.722,0,0,0,0,0,0,2.819,0,0,0,0,0,1.665,0,1.65,0,0,4.978,0,0,0,0,0,0,0,0,0,0,0,4.452,0,0,0,0,0,0,0,0,0,0,0,0,0,0,0,0,1.793,0,0,0,0,0,1.87,0,0,0,0,1.603,0,0,0,0,0,0,0,3.403,0,0,0,3.48,0,0,0
TM4:bin_000095,0,0,0,0,0,0,0,0,0,0,0,0,0,0,0,0,0,0,0,0,0,0,0,0,0,0,0,0,0,0,0,0,0,0,0,0,0,0,0,0,0,0,0,0,0,0,0,0,0,0,0,0,0,0,0,0,0,0,0,0,0,0,0,0,0,0,0,0,0,0,0,0,0,0,0,0,0,0,0,0,0,0,0,0
TM4:bin_000097,0,0,0,0,0,0,0,0,0,0,0,0,0,0,0,0,0,0,0,0,0,0,0,0,0,0,0,0,0,0,0,0,0,0,0,0,0,0,0,0,0,0,0,0,0,0,0,0,0,0,0,0,0,0,0,0,0,0,0,0,0,0,0,0,0,0,0,0,0,0,0,0,0,0,0,0,0,0,0,0,0,0,0,0
TM4:bin_000099,0,0,0,0,0,0,0,0,0,0,0,0,0,0,0,0,0,0,0,0,0,0,0,0,0,0,0,0,0,0,0,0,0,0,0,0,0,0,0,0,0,0,0,0,0,0,0,0,0,0,0,0,0,0,0,0,0,0,0,0,0,0,0,0,0,0,0,0,0,0,0,0,0,0,0,0,0,0,0,0,0,0,0,0
TM4:bin_000106,0,0,0,0,0,0,0,0,0,0,0,0,0,0,0,0,0,0,0,0,0,0,0,0,0,0,0,0,0,0,0,0,0,0,0,0,0,0,0,0,0,0,0,0,0,0,0,0,0,0,0,0,0,0,0,0,0,0,0,0,0,0,0,0,0,0,0,0,0,0,0,0,0,0,0,0,0,0,0,0,0,0,0,0
TM4:bin_000115,0,0,0,0,0,0,0,0,0,0,0,0,0,0,0,0,0,0,0,0,0,0,0,0,0,0,0,0,0,0,0,0,0,0,0,0,0,0,0,0,0,0,0,0,0,0,0,0,0,0,0,0,0,0,0,0,0,0,0,0,0,1.439,0,0,0,0,0,0,0,0,0,0,0,0,0,0,0,0,0,0,0,0,0,0
TM4:bin_000133,0,0,0,0,0,0,0,0,0,0,0,0,0,0,0,0,0,0,0,0,0,0,0,0,0,0,0,0,0,0,0,0,0,0,0,0,0,0,0,0,0,0,0,0,0,0,0,0,0,0,0,0,0,0,0,0,0,0,0,0,0,0,0,0,0,0,0,0,0,0,0,0,0,0,0,0,0,0,0,0,0,0,0,0
TM4:bin_000144,0,0,0,0,0,0,0,0,0,0,0,0,0,0,0,0,0,0,0,0,0,0,0,0,0,0,0,0,0,0,0,0,0,0,0,0,0,0,0,0,0,0,0,0,0,0,0,0,0,0,0,0,0,0,0,0,0,0,0,0,0,0,0,0,0,0,0,0,0,0,0,0,0,0,0,0,0,0,0,0,0,0,0,0
TM4:bin_000166,3.136,1.878,0,0,2.573,7.033,1.732,0,3.49,2.334,4.022,3.561,3.044,2.298,1.707,2.464,2.073,0,3.502,0,4.503,0,0,2.374,3.057,0,6.26,0,0,0,3.494,0,5.268,3.033,3.331,2.456,0,3.364,11.434,0,3.775,0,6.843,0,0,3.632,0,5.288,2.412,0,0,4.895,0,3.09,0,0,6.269,2.712,1.942,3.43,0,2.851,0,6.812,3.751,2.676,4.142,4.095,2.844,3.352,0,0,3.618,0,3.228,3.481,0,4.9,4.573,2.304,0,2.715,3.534,0
TM4:bin_000184,0,0,0,0,0,0,0,0,0,0,0,0,0,0,0,0,0,0,0,0,0,0,0,0,0,0,0,0,0,0,0,0,0,0,0,0,0,0,0,0,0,0,0,0,0,0,0,0,0,0,0,0,0,0,0,0,0,0,0,0,0,0,0,0,0,0,0,0,0,0,0,0,0,0,0,0,0,0,0,0,0,0,0,0
TM4:bin_000189,0,0,0,0,0,0,0,0,0,0,0,0,0,0,0,0,0,0,0,0,0,0,0,0,0,0,0,0,0,0,0,0,0,0,0,0,0,0,0,0,0,0,0,0,0,0,0,0,0,0,0,0,0,0,0,0,0,0,0,0,0,0,0,0,0,0,0,0,0,0,0,0,0,0,0,0,0,0,0,0,0,0,0,0
TM4:bin_000200,0,0,0,0,0,0,0,0,0,0,0,0,0,0,0,0,0,0,0,0,0,0,0,0,0,0,0,0,0,0,0,0,0,0,0,0,0,0,0,0,0,0,0,0,0,0,0,0,0,0,0,0,0,0,0,0,0,0,0,0,0,1.355,0,0,0,0,0,0,0,0,0,0,0,0,0,0,0,0,0,0,0,0,0,0
TM4:bin_000204,0,0,0,0,0,1.64,0,0,0,0,0,0,0,0,0,0,0,0,0,0,0,0,0,0,0,0,0,0,0,0,0,0,0,0,0,0,0,0,3.833,0,0,0,0,0,0,0,0,0,0,0,0,0,0,0,0,0,0,0,0,0,0,0,0,0,0,0,0,0,0,0,0,0,0,0,0,0,0,0,1.581,0,0,0,0,0
TM4:bin_000209,0,0,0,0,0,0,0,0,0,0,0,0,0,0,0,0,0,0,0,0,0,0,0,0,0,0,0,0,0,0,0,0,0,0,0,0,0,0,0,0,0,0,0,0,0,0,0,0,0,0,0,0,0,0,0,0,0,0,0,0,0,0,0,0,0,0,0,0,0,0,0,0,0,0,0,0,0,0,0,0,0,0,0,0
TM4:bin_000211,0,0,0,0,0,0,0,0,0,0,0,0,0,0,0,0,0,0,0,0,0,0,0,0,0,0,0,0,0,0,0,0,0,0,0,0,0,0,0,0,0,0,0,0,0,0,0,0,0,0,0,0,0,0,0,0,0,0,0,0,0,0,0,0,0,0,0,0,0,0,0,0,0,0,0,0,0,0,0,0,0,0,0,0
TM4:bin_000216,0,0,0,0,0,0,0,0,0,0,0,0,0,0,0,0,0,0,0,0,0,0,0,0,0,0,0,0,0,0,0,0,0,0,0,0,0,0,0,0,0,0,0,0,0,0,0,0,0,0,0,0,0,0,0,0,0,0,0,0,0,0,0,0,0,0,0,0,0,0,0,0,0,0,0,0,0,0,0,0,0,0,0,0
TM4:bin_000248,0,0,3.634,0,2.681,2.516,0,0,0,0,18.495,0,0,0,9.548,0,0,0,0,0,0,0,0,0,0,0,0,0,0,0,0,0,0,0,0,0,0,0,0,0,0,0,0,0,0,2.273,0,0,0,0,0,0,115.385,3.041,0,0,0,0,0,3.485,0,0,0,46.705,0,5.421,0,0,0,0,0,0,0,0,0,6.611,0,2.872,8.949,0,5.579,0,0,2.547
TM4:bin_000249,4.489,3.895,0,0,5.683,1.818,2.134,3.644,9.426,2.064,8.915,0,6.414,0,11.683,2.409,4.242,3.868,4.133,0,2.736,0,0,6.612,0,4.595,10.153,0,3.507,0,2.595,0,9.883,3.43,5.791,0,4.183,5.277,25.256,0,4.037,2.873,10.637,0,0,2.194,5.236,0,2.276,0,0,13.171,19.213,4.523,0,5.383,15.488,9.271,4.44,1.558,0,18.777,0,9.171,4.426,2.23,9.163,4.187,4.779,7.183,0,4.761,8.788,0,2.529,5.384,1.925,3.246,10.051,3.019,2.936,2.58,0,2.354
TM4:bin_000259,0,0,0,0,0,0,0,0,0,0,0,0,0,0,0,0,0,0,0,0,0,0,0,0,0,0,0,0,0,0,0,0,0,0,0,0,0,0,0,0,0,0,0,0,0,0,0,0,0,0,0,0,0,0,0,0,0,0,0,0,0,2.198,0,0,0,0,0,0,0,0,0,0,0,0,0,0,0,0,0,0,0,0,0,0
TM4:bin_000261,0,0,0,0,0,0,0,0,0,0,0,0,0,0,0,0,0,0,0,0,0,0,0,0,0,0,0,0,0,0,0,0,0,0,0,0,0,0,0,0,0,0,0,0,0,0,0,0,0,0,0,0,0,0,0,0,0,0,0,0,0,0,0,0,0,0,0,0,0,0,0,0,0,0,0,0,0,0,0,0,0,0,0,0
TM4:bin_000267,0,0,0,0,0,0,0,0,0,0,0,0,0,0,0,0,0,0,0,0,0,0,0,0,0,0,0,0,0,0,0,0,0,0,0,0,0,0,0,0,0,0,0,0,0,0,0,0,0,0,0,0,0,0,0,0,0,0,0,0,0,0,0,0,0,0,0,0,0,0,0,0,0,0,0,0,0,0,0,0,0,0,0,0
TM4:bin_000275,0,0,0,0,0,0,0,0,0,0,0,0,0,0,0,0,0,0,0,0,0,0,0,0,0,0,0,0,0,0,0,0,0,0,0,0,0,0,0,0,0,0,0,0,0,0,0,0,0,0,0,0,0,0,0,0,0,0,0,0,0,0,0,0,0,0,0,0,0,0,0,0,0,0,0,0,0,0,0,0,0,0,0,0
TM4:bin_000278,0,0,0,0,0,0,0,0,0,0,0,0,0,0,0,0,0,0,0,0,0,0,0,0,0,0,0,0,0,0,0,0,0,0,0,0,0,0,0,0,0,0,0,0,0,0,0,0,0,0,0,0,0,0,0,0,0,0,0,0,0,0,0,0,0,0,0,0,0,0,0,0,0,0,0,0,0,0,0,0,0,0,0,0
TM4:bin_000285,0,0,0,0,0,0,0,0,0,0,0,0,0,0,0,0,0,0,0,0,0,0,0,0,0,0,0,0,0,0,0,0,0,0,0,0,0,0,0,0,0,0,0,0,0,0,0,0,0,0,0,0,0,0,0,0,0,0,0,0,0,0,0,0,0,0,0,0,0,0,0,0,0,0,0,0,0,0,0,0,0,0,0,0
TM4:bin_000286,0,0,0,0,0,0,0,0,0,0,0,0,0,0,0,0,0,0,0,0,0,0,0,0,0,0,0,0,0,0,0,0,0,0,0,0,0,0,0,0,0,0,0,0,0,0,0,0,0,0,0,0,0,0,0,0,0,0,0,0,0,0,0,0,0,0,0,0,0,0,0,0,0,0,0,0,0,0,0,0,0,0,0,0
TM4:bin_000287,0,0,0,0,0,0,0,0,0,0,0,0,0,0,0,0,0,0,0,0,0,0,0,0,0,0,0,0,0,0,0,0,0,0,0,0,0,0,0,0,0,0,0,0,0,0,0,0,0,0,0,0,0,0,0,0,0,0,0,0,0,0,0,0,0,0,0,0,0,0,0,0,0,0,0,0,0,0,0,0,0,0,0,0
TM4:bin_000305,0,0,0,0,0,0,0,0,0,0,0,0,0,0,0,0,0,0,0,0,0,0,0,0,0,0,0,0,0,0,0,0,0,0,0,0,0,0,0,0,0,0,0,0,0,0,0,0,0,0,0,0,0,0,0,0,0,0,0,0,0,0,0,0,0,0,0,0,0,0,0,0,0,0,0,0,0,0,0,0,0,0,0,0
TM4:bin_000312,0,0,0,0,0,0,0,0,0,0,0,0,0,0,0,0,0,0,0,0,0,0,0,0,0,0,0,0,0,0,0,0,0,0,0,0,0,0,0,0,0,0,0,0,0,0,0,0,0,0,0,0,0,0,0,0,0,0,0,0,0,0,0,0,0,0,0,0,0,0,0,0,0,0,0,0,0,0,0,0,0,0,0,0
TM4:bin_000316,14.367,3.42,3.422,3.893,5.625,11.921,5.424,0,13.025,6.598,19.03,5.806,14.627,0,10.249,7.237,4.765,9.334,13.604,0,5.543,2.987,4.73,6.634,4.797,9.308,8.384,0,5.807,0,3.824,1.686,11.952,3.393,3.829,6.008,9.111,9.374,26.848,5.73,13.278,7.147,10.157,2.875,13.876,3.681,12.854,16.989,5.193,1.939,1.724,16.549,9.272,9.808,4.162,2.701,9.181,6.954,13.668,4.693,0,20.741,0,14.297,8.964,11.314,8.629,4.743,1.662,7.214,0,9.516,5.926,0,7.496,6.151,8.023,11.259,9.606,8.288,9.613,8.773,4.653,4.45
