genome,M304956,M304944,M305029,M305061,M305067,M304940,M305030,M305046,M305038,M305068,M304959,M305047,M304961,M305071,M305075,M305055,M304943,M305032,M305058,M305054,M304974,M304955,M304965,M304979,M304972,M305041,M305028,M304978,M304936,M304966,M304941,M305074,M305036,M304938,M304977,M304937,M305053,M305063,M305066,M305064,M304947,M304950,M305049,M304960,M304949,M304953,M305059,M304967,M305031,M304948,M304957,M305069,M305033,M304935,M304932,M305051,M304934,M305060,M305035,M304968,M305040,M304954,M305073,M305056,M304975,M305048,M304970,M305043,M305037,M305042,M304973,M305065,M304963,M304964,M304971,M304952,M305044,M304939,M304942,M305050,M305052,M305070,M304962,M304945
00:bin_000002,0,0,2.093,2.025,0,0,0,0,2.359,2.627,3.593,0,7.47,1.695,6.268,0,0,1.673,0,2.146,3.415,0,3.05,3.845,6.474,2.482,3.347,0,0,0,2.512,4.681,5.661,2.477,3.361,4.989,3.135,7.863,2.148,0,4.441,5.1,3.223,3.036,6.421,2.543,4.747,4.099,4.232,2.595,3.947,2.321,6.813,0,0,2.479,0,2.166,0,0,0,4.507,0,4.651,0,0,5.115,0,0,7.237,64.965,3.069,0,0,3.043,15.981,0,0,3.267,6.107,0,3.13,7.472,14.65
00:bin_000004,0,1.786,4.084,0,0,0,0,0,2.601,0,0,2.784,4.373,1.714,2.005,0,0,0,0,0,0,0,1.992,0,3.957,0,0,0,0,0,0,2.833,0,0,2.31,4.594,0,0,0,0,10.247,0,0,4.131,2.541,0,0,0,0,3.846,0,0,0,3.285,0,0,0,0,0,0,4.491,4.857,0,1.681,0,0,4.646,0,0,1.981,0,0,0,4.738,0,0,0,0,0,2.039,0,0,3.033,6.631
00:bin_000007,0,0,0,0,0,0,0,0,0,0,0,0,0,0,0,0,0,0,0,0,0,0,0,0,0,0,0,0,0,0,0,0,0,0,0,0,0,0,0,0,0,0,0,0,0,0,0,0,0,0,0,0,0,0,0,0,0,0,0,0,0,0,0,0,0,0,0,0,0,0,0,0,0,0,0,0,0,0,0,0,0,0,0,0
00:bin_000010,0,0,0,0,0,0,0,0,0,0,0,0,0,0,0,0,0,0,0,0,0,0,0,0,0,0,0,0,0,0,0,0,0,0,0,0,0,0,0,0,0,0,0,0,0,0,0,0,0,0,0,0,0,0,0,0,0,0,0,0,0,0,0,0,0,0,0,0,0,0,0,0,0,0,0,0,0,0,0,0,0,0,0,0
00:bin_000015,5.618,2.684,8.135,10.284,6.747,13.704,7.298,6.041,6.608,13.107,28.878,8.268,22.675,9.938,3.969,3.063,6.49,5.488,0,10.009,6.937,6.398,15.282,9.049,18.907,4.358,2.724,4.131,0,0,7.736,21.181,11.982,8.764,13.273,13.702,12.806,9.123,8.631,5.78,20.456,24.539,21.358,13.995,26.28,17.677,9.647,10.507,11.71,34.506,22.134,7.827,8.243,11.505,0,10.539,8.283,6.453,6.344,0,2.621,30.617,0,10.981,7.433,6.796,18.805,0,7.925,7.113,22.69,5.553,15.831,13.518,2.961,25.742,5.966,5.651,7.504,33.379,0,14.142,18.287,42.225
00:bin_000024,2.741,0,0,2.657,1.896,0,2.524,0,2.244,3.774,7.169,2.54,6.312,2.711,1.964,1.749,2.678,2.031,0,2.938,2.087,1.901,3.397,3.785,2.597,1.722,7.056,0,0,0,2.944,7.943,2.111,2.992,0,6.985,0,4.952,2.384,3.064,6.537,3.993,2.968,3.882,4.338,3.014,7.012,4.119,4.609,0,3.668,2.712,1.68,5.283,0,2.913,0,0,0,0,0,6.163,0,2.78,0,2.47,8.673,0,3.95,2.613,0,0,3.957,4.445,0,4.628,4.204,2.556,2.935,5.917,0,3.598,4.225,12.172
00:bin_000030,0,0,0,0,0,0,0,0,0,0,0,0,0,0,0,0,0,0,0,0,0,0,0,0,0,0,0,0,0,0,0,0,0,0,0,0,0,0,0,0,0,0,0,0,0,0,0,0,0,0,0,0,0,0,0,0,0,0,0,0,0,0,0,0,0,0,0,0,0,0,0,0,0,0,0,0,0,0,0,0,0,0,0,0
00:bin_000037,0,0,0,0,0,0,0,0,0,0,0,0,0,0,0,0,0,0,0,0,0,0,0,0,0,0,0,0,0,0,0,0,0,0,0,0,0,0,0,0,0,0,0,0,0,0,0,0,0,0,0,0,0,0,0,0,0,0,0,0,0,0,0,0,0,0,0,0,0,0,0,0,0,0,0,0,0,0,0,0,0,0,0,0
00:bin_000040,0,0,1.894,0,0,3.039,0,0,0,0,0,0,0,0,0,0,0,0,0,0,0,0,0,0,0,0,0,0,0,0,0,0,0,0,0,0,0,0,0,0,0,0,0,0,0,0,0,0,0,0,0,0,0,0,0,0,0,0,0,0,0,0,0,0,0,0,0,0,0,0,0,0,0,0,0,0,0,0,0,0,0,0,0,0
00:bin_000043,0,0,0,0,0,0,0,0,0,0,0,0,0,0,0,0,0,0,0,0,0,0,0,0,0,0,0,0,0,0,0,0,0,0,0,0,0,0,0,0,0,0,0,0,0,0,0,0,0,0,0,0,0,0,0,0,0,0,0,0,0,0,0,0,0,0,0,0,0,0,0,0,0,0,0,0,0,0,0,0,0,0,0,0
00:bin_000048,0,0,0,0,0,0,0,0,0,0,0,0,0,0,0,0,0,0,0,0,0,0,0,0,0,0,0,0,0,0,0,0,0,0,0,0,0,0,0,0,0,0,0,0,0,0,0,0,0,0,0,0,0,0,0,0,0,0,0,0,0,0,0,0,0,0,0,0,0,0,0,0,0,0,0,0,0,0,0,0,0,0,0,0
00:bin_000049,0,0,2.684,0,0,0,0,0,0,2.736,0,0,0,0,0,0,0,0,0,0,0,0,0,0,0,0,0,0,0,0,0,1.488,0,0,0,0,1.915,0,0,0,0,0,0,2.31,0,0,0,0,0,0,0,0,0,0,0,0,0,0,0,0,0,0,0,0,0,0,0,0,0,2.345,0,0,0,0,0,0,0,0,0,0,0,0,0,0
00:bin_000052,0,0,0,0,0,0,0,0,0,0,0,0,0,0,0,0,0,0,0,0,0,0,0,0,0,0,0,0,0,0,0,0,0,0,0,0,0,0,0,0,0,0,0,0,0,0,0,0,0,0,0,0,0,0,0,0,0,0,0,0,0,0,0,0,0,0,0,0,0,0,0,0,0,0,0,0,0,0,0,0,0,0,0,0
00:bin_000054,0,0,0,0,0,0,0,0,0,0,0,0,0,0,0,0,0,0,0,0,0,0,0,0,0,0,0,0,0,0,0,0,0,0,0,0,0,0,0,0,0,0,0,0,0,0,0,0,0,0,0,0,0,0,0,0,0,0,0,0,0,0,0,0,0,0,0,0,0,0,0,0,0,0,0,0,0,0,0,0,0,0,0,0
00:bin_000057,0,0,0,0,0,0,0,0,0,0,0,0,0,0,0,0,0,0,0,0,0,0,0,0,0,0,0,0,0,0,0,0,0,0,0,0,0,0,0,0,0,0,0,0,0,0,0,0,0,0,0,0,0,0,0,0,0,0,0,0,0,0,0,0,0,0,0,0,0,0,0,0,0,0,0,0,0,0,0,0,0,0,0,0
00:bin_000065,0,0,0,0,0,0,0,0,0,0,0,0,0,0,0,0,0,0,0,0,0,0,0,0,0,0,0,0,0,0,0,0,0,0,0,0,0,0,0,0,0,0,0,0,0,0,0,0,0,0,0,0,0,0,0,0,0,0,0,0,0,0,0,0,0,0,0,0,0,0,0,0,0,0,0,0,0,0,0,0,0,0,0,0
00:bin_000067,0,0,0,0,1.571,0,2.213,0,0,2.687,3.516,0,4.027,0,0,0,0,1.526,0,0,0,0,2.883,3.592,0,0,2.406,0,0,0,0,2.193,2.797,0,3.145,0,1.667,2.082,0,0,2.309,0,0,2.274,0,0,1.549,2.529,0,2.246,0,0,2.051,0,0,0,0,2.137,0,0,0,0,0,0,0,0,3.91,0,1.62,1.994,2.651,0,0,0,0,3.006,0,0,0,2.997,0,0,2.955,4.031
00:bin_000077,0,0,0,0,0,0,0,0,0,0,0,0,0,0,0,0,0,0,0,0,0,0,0,0,0,0,0,0,0,0,0,0,0,0,0,0,0,0,0,0,0,0,0,0,0,0,0,0,0,0,0,0,0,0,0,0,0,0,0,0,0,0,0,0,0,0,0,0,0,0,0,0,0,0,0,0,0,0,0,0,0,0,0,0
00:bin_000098,0,0,0,0,0,0,0,0,0,0,0,0,0,0,0,0,0,0,0,0,0,0,0,0,0,0,0,0,0,0,0,0,0,0,0,0,0,0,0,0,0,0,0,0,0,0,0,0,0,0,0,0,0,0,0,0,0,0,0,0,0,0,0,0,0,0,0,0,0,0,0,0,0,0,0,0,0,0,0,0,0,0,0,0
00:bin_000105,0,0,0,0,0,0,0,0,0,0,0,0,0,0,0,0,0,0,0,0,0,0,0,0,0,0,0,0,0,0,0,0,0,0,0,0,0,0,0,0,0,0,0,0,0,0,0,0,0,0,0,0,0,0,0,0,0,0,0,0,0,0,0,0,0,0,0,0,0,0,0,0,0,0,0,0,0,0,0,0,0,0,0,0
00:bin_000114,0,0,0,0,0,0,0,0,0,0,0,0,0,0,0,0,0,0,0,0,0,0,0,0,0,0,0,0,0,0,0,0,0,0,0,0,0,0,0,0,0,0,0,0,0,0,0,0,0,0,0,0,0,0,0,0,0,0,0,0,0,0,0,0,0,0,0,0,0,0,0,0,0,0,0,0,0,0,0,0,0,0,0,0
00:bin_000122,0,0,0,0,0,0,0,0,0,0,0,0,0,0,0,0,0,0,0,0,0,0,0,0,0,0,0,0,0,0,0,0,0,0,0,0,0,0,0,0,0,0,0,0,0,0,0,0,0,0,0,0,0,0,0,0,0,0,0,0,0,0,0,0,0,0,0,0,0,0,0,0,0,0,0,0,0,0,0,0,0,0,0,0
00:bin_000123,0,0,0,0,0,0,0,0,0,0,0,0,0,0,0,0,0,0,0,0,0,0,0,0,0,0,0,0,0,0,0,0,0,0,0,0,0,2.64,0,0,0,0,0,0,0,0,0,0,0,0,0,0,0,0,0,2.95,0,0,0,0,0,0,0,0,0,0,0,0,0,0,0,0,0,0,0,0,0,0,0,0,0,2.688,0,0
00:bin_000129,0,0,0,0,0,0,0,0,0,0,0,0,0,0,0,0,0,0,0,0,0,0,0,0,0,0,0,0,0,0,0,0,0,0,0,0,0,0,0,0,0,0,0,0,0,0,0,0,0,0,0,0,0,0,0,0,0,0,0,0,0,0,0,0,0,0,0,0,0,0,0,0,0,0,0,0,0,0,0,0,0,0,0,0
00:bin_000144,0,0,0,0,0,0,0,0,0,0,0,0,0,0,0,0,0,0,0,0,0,0,0,0,0,0,0,0,0,0,0,0,0,0,0,0,0,0,0,0,0,0,0,0,0,0,0,0,0,0,0,0,0,0,0,0,0,0,0,0,0,0,0,0,0,0,0,0,0,0,0,0,0,0,0,0,0,0,0,0,0,0,0,0
00:bin_000146,0,0,0,0,0,0,0,0,0,0,0,0,0,0,0,0,0,0,0,0,0,0,0,0,0,0,0,0,0,0,0,1.515,0,0,0,0,0,0,0,0,0,0,0,0,0,0,0,0,0,0,0,0,0,0,0,0,0,0,0,0,0,0,0,0,0,0,0,0,0,0,0,0,0,0,0,0,0,0,0,0,0,0,0,0
00:bin_000151,0,0,0,0,0,0,0,0,0,0,0,0,0,0,0,0,0,0,0,0,0,0,0,0,0,0,0,0,0,0,0,0,0,0,0,0,0,0,0,0,0,0,0,0,0,0,0,0,0,0,0,0,0,0,0,0,0,0,0,0,0,0,0,0,0,0,0,0,0,0,0,0,0,0,0,0,0,0,0,0,0,0,0,0
00:bin_000159,0,0,0,0,0,0,0,0,0,0,0,0,0,0,0,0,0,0,0,0,0,0,0,0,0,0,0,0,0,0,0,0,0,0,0,0,0,0,0,0,0,0,0,0,0,0,0,0,0,0,0,0,0,0,0,0,0,0,0,0,0,0,0,0,0,0,0,0,0,0,0,0,0,0,0,0,0,0,0,0,0,0,0,0
00:bin_000162,0,0,2.787,0,0,0,0,0,0,0,0,0,0,0,0,0,0,0,0,0,0,0,0,0,0,0,0,0,0,0,0,0,0,0,0,0,0,0,0,0,4.938,0,0,0,0,0,0,0,0,0,0,0,0,0,0,0,0,0,0,0,0,0,0,0,0,0,0,0,0,5.475,0,0,0,0,0,0,4.256,0,0,0,0,0,0,0
00:bin_000163,0,0,0,0,0,0,0,0,0,0,0,0,0,0,0,0,0,0,0,0,0,0,0,0,0,0,0,0,0,0,0,0,0,0,0,0,0,0,0,0,0,0,0,0,0,0,0,0,0,0,0,0,0,0,0,0,0,0,0,0,0,0,0,0,0,0,0,0,0,0,0,0,0,0,0,0,0,0,0,0,0,0,0,0
00:bin_000167,0,0,0,0,0,0,2.054,0,0,0,3.642,0,3.713,0,0,0,0,0,0,0,0,0,0,0,0,0,0,0,0,0,0,0,0,0,0,0,0,0,0,0,0,0,1.556,0,0,0,1.888,0,0,0,0,0,0,0,0,0,0,0,0,0,0,0,0,0,0,0,0,0,0,1.942,0,0,0,0,0,3.081,0,0,0,0,0,0,0,3.029
00:bin_000171,0,0,0,0,0,0,0,0,0,0,0,0,0,0,0,0,0,0,0,0,0,0,0,0,0,0,0,0,0,0,0,0,0,0,0,0,0,0,0,0,0,0,0,0,0,0,0,0,0,0,0,0,0,0,0,0,0,0,0,0,0,0,0,0,0,0,0,0,0,0,0,0,0,0,0,0,0,0,0,0,0,0,0,0
00:bin_000175,0,0,0,0,0,0,0,0,0,0,0,0,0,0,0,0,0,0,0,0,0,0,0,0,0,0,0,0,0,0,0,0,0,0,0,0,0,0,0,0,0,0,0,0,0,0,0,0,0,0,0,0,0,0,0,0,0,0,0,0,0,0,0,0,0,0,0,0,0,0,0,0,0,0,0,0,0,0,0,0,0,0,0,0
00:bin_000181,0,0,0,0,0,0,0,0,0,0,0,0,0,0,0,0,0,0,0,0,0,0,0,0,0,0,0,0,0,0,0,0,0,0,0,0,0,0,0,0,0,0,0,0,0,0,0,0,0,0,0,0,0,0,0,0,0,0,0,0,0,0,0,0,0,0,0,0,0,0,0,0,0,0,0,0,0,0,0,0,0,0,0,0
00:bin_000184,0,0,0,0,0,0,0,0,0,0,0,0,0,0,0,0,0,0,0,0,0,0,0,0,0,0,0,0,0,0,0,0,0,0,0,0,0,0,0,0,0,0,0,0,0,0,0,0,0,0,0,0,0,0,0,0,0,0,0,0,0,0,0,0,0,0,0,0,0,0,0,0,0,0,0,0,0,0,0,0,0,0,0,0
00:bin_000194,0,0,0,0,0,0,0,0,0,0,0,0,0,0,0,0,0,0,0,0,0,0,0,0,0,0,0,0,0,0,0,0,0,0,0,0,0,0,0,0,0,0,0,0,0,0,0,0,0,0,0,0,0,0,0,0,0,0,0,0,0,0,0,0,0,0,0,0,0,0,0,0,0,0,0,0,0,0,0,0,0,0,0,0
00:bin_000198,0,0,0,0,0,0,0,0,0,0,0,0,0,0,0,0,0,0,0,0,0,0,0,0,0,0,0,0,0,0,0,0,0,0,0,0,0,0,0,0,0,0,0,0,0,0,0,0,0,0,0,0,0,0,0,0,0,0,0,0,0,0,0,0,0,0,0,0,0,0,0,0,0,0,0,0,0,0,0,0,0,0,0,0
00:bin_000200,0,2.276,5.468,0,0,3.131,1.706,0,3.409,2.314,0,5.541,5.088,6.682,3.439,0,0,0,0,0,0,1.932,3.512,0,0,1.459,0,0,0,0,5.317,3.992,0,5.172,0,14.493,1.665,2.603,0,0,18.75,4.915,1.547,4.473,0,2.408,1.812,5.046,1.982,4.394,0,0,0,6.278,0,0,2.956,3.973,1.586,0,10.109,0,0,3.764,0,0,10.57,0,2.442,3.578,7.257,0,2.91,5.844,0,5.015,2.109,0,2.808,3.984,0,0,0,11.508
00:bin_000204,0,0,0,0,0,0,0,0,0,0,0,0,0,0,0,0,0,0,0,0,0,0,0,0,0,0,0,0,0,0,0,0,0,0,0,0,0,0,0,0,0,0,0,0,0,0,0,0,0,0,0,0,0,0,0,0,0,0,0,0,0,0,0,0,0,0,0,0,0,0,0,0,0,0,0,0,0,0,0,0,0,0,0,0
00:bin_000205,0,0,0,0,0,0,0,0,0,0,0,0,0,0,0,0,0,0,0,0,0,0,0,0,0,0,0,0,0,0,0,0,0,0,0,0,0,0,0,0,0,0,0,0,0,0,0,0,0,0,0,0,0,0,0,0,0,0,0,0,0,0,0,0,0,0,0,0,0,0,0,0,0,0,0,0,0,0,0,0,0,0,0,0
00:bin_000212,5.112,4.251,10.324,8.889,4.869,9.481,11.075,9.651,11.895,13.231,32.571,8.324,32.303,14.996,5.291,5.045,6.909,5.104,1.866,5.159,7.791,6.208,21.767,14.744,18.197,9.5,3.214,4.19,0,0,7.405,22.765,15.073,10.797,18.506,21.437,10.264,8.937,8.849,3.393,32.237,35.231,15.149,21.712,32.486,15.912,13.418,14.332,9.205,15.385,23.92,15.773,13.403,15.515,0,8.171,11.788,7.018,5.186,2.238,5.359,29.074,0,13.752,7.68,12.706,23.644,0,14.605,24.612,15.929,10.656,20.541,14.502,7.317,40.493,9.063,10.142,5.338,37.294,0,17.765,26.93,56.573
00:bin_000217,0,0,0,0,0,0,0,1.824,0,0,0,0,0,0,0,0,0,0,0,0,0,0,0,0,0,0,0,0,0,0,0,0,0,0,0,0,0,0,0,0,0,0,0,0,0,0,0,0,2.177,0,0,0,0,0,0,0,0,0,0,0,0,0,0,0,0,0,0,0,0,0,0,0,3.6,0,0,0,0,0,0,0,0,0,0,0
00:bin_000221,0,0,0,0,0,0,0,0,0,0,0,0,0,0,0,0,0,0,0,0,0,0,0,0,0,0,0,0,0,0,0,0,0,0,0,0,0,0,0,0,0,0,0,0,0,0,0,0,0,0,0,0,0,0,0,0,0,0,0,0,0,0,0,0,0,0,0,0,0,0,0,0,0,0,0,0,0,0,0,0,0,0,0,0
00:bin_000228,0,0,0,0,0,0,0,0,0,0,0,0,0,0,0,0,0,0,0,0,0,0,0,0,0,0,0,0,0,0,0,0,0,0,0,0,0,0,0,0,0,0,0,0,0,0,0,0,0,0,0,0,0,0,0,0,0,0,0,0,0,0,0,0,0,0,0,0,0,0,0,0,0,0,0,0,0,0,0,0,0,0,0,0
00:bin_000232,0,0,0,0,0,0,0,0,0,0,0,0,0,0,0,0,0,0,0,0,0,0,0,0,0,0,0,0,0,0,0,0,0,0,0,4.004,0,0,0,0,0,0,0,0,0,0,0,0,0,0,0,0,0,0,0,0,0,0,0,0,0,0,0,0,0,0,0,0,0,0,0,0,0,0,0,0,0,0,0,0,0,0,0,0
00:bin_000238,0,0,0,0,0,0,0,0,0,0,0,0,0,0,0,0,0,0,0,0,0,0,0,0,0,0,0,0,0,0,0,0,0,0,0,0,0,0,0,0,0,0,0,0,0,0,0,0,0,0,0,0,0,0,0,0,0,0,0,0,0,0,0,0,0,0,0,0,0,0,0,0,0,0,0,0,0,0,0,0,0,0,0,0
00:bin_000241,0,0,0,0,0,0,0,0,0,0,0,0,0,0,0,0,0,0,0,0,0,0,0,0,0,0,0,0,0,0,0,0,0,2.673,0,0,0,0,0,0,0,0,3.173,0,0,0,0,0,0,0,0,0,0,0,0,0,0,0,0,0,0,0,0,0,0,0,0,0,0,0,0,0,0,0,0,0,0,0,0,0,0,0,3.096,0
00:bin_000243,9.609,7.912,17.991,20.652,9.916,17.925,27.664,13.452,17.812,29.125,54.914,10.129,43.285,19.297,10.748,9.186,9.298,6.336,4.347,18.16,19.13,9.386,24.126,28.076,22.075,9.907,16.294,5.616,3.623,0,19.912,43.769,14.114,20.773,28.823,35.067,25.058,18.04,15.792,7.74,46.326,48.722,16.212,22.033,32.824,28.222,25.983,20.473,17.384,35.027,25.215,16.058,23.545,33.651,0,10.947,21.424,14.17,12.346,3.415,5.519,36.346,0,20.203,13.995,10,28.188,0,20.388,20.847,34.448,18.234,35.157,21.333,13.122,61.305,14.69,11.991,12.406,67.236,0,22.908,28.736,64.4
00:bin_000285,0,0,0,0,0,0,0,0,0,0,0,0,0,0,0,0,0,0,0,0,0,0,0,0,0,0,0,0,0,0,0,0,0,0,0,0,0,0,0,0,0,0,0,0,0,0,0,0,0,0,0,0,0,0,0,0,0,0,0,0,0,0,0,0,0,0,0,0,0,0,0,0,0,0,0,0,0,0,0,0,0,0,0,0
00:bin_000287,0,0,0,0,0,0,0,0,0,0,0,0,0,0,0,0,0,0,0,0,0,0,0,0,0,0,0,0,0,0,0,0,0,0,0,0,0,0,0,0,0,0,0,0,0,0,0,0,0,0,0,0,0,0,0,0,0,0,0,0,0,0,0,0,0,0,0,0,0,0,0,0,0,0,0,0,0,0,0,0,0,0,0,0
00-TM1:bin_000014,0,0,0,0,0,0,0,0,0,0,0,0,0,0,0,0,0,0,0,0,4.761,0,0,0,0,0,0,0,0,0,0,2.097,0,0,0,0,0,0,0,0,0,0,0,2.16,2.405,0,0,0,0,0,0,0,0,0,0,0,0,0,0,0,1.615,0,0,0,0,1.52,0,0,0,0,0,0,0,0,2.905,0,0,0,2.769,0,0,0,0,0
00-TM1:bin_000022,4.239,4.871,10.632,12.207,7.123,11.446,9.448,6.09,11.072,17.839,27.267,11.42,23.602,10.606,5.495,5.378,3.762,6.135,3.311,11.372,7.96,7.054,12.037,15.758,12.789,7.31,3.687,3.48,0,0,10.217,18.508,8.944,16.024,19.045,17.698,11.463,10.985,6.756,5.616,17.433,15.195,11.504,17.178,10.771,9.811,13.606,12.234,8.391,9.839,17.07,5.676,13.493,13.196,0,7.939,15.6,10.677,10.229,0,3.632,28.048,0,11.095,7.045,8.336,19.821,0,12.433,13.797,12.438,10.006,16.652,14.853,4.5,19.803,8.392,12.577,7.847,30.526,0,15.38,25.015,29.762
00-TM1:bin_000047,0,0,4.893,3.882,2.356,3.767,5.387,4.188,7.165,5.978,9.125,4.306,12.809,7.123,3.165,3.659,0,2.134,0,3.912,2.622,2.31,5.02,7.969,7.619,2.619,3.418,2.41,0,0,2.362,9.766,5.134,9.276,7.944,8.659,3.907,5.959,3.958,2.612,13.233,10.673,7.705,6.439,10.429,8.44,5.584,4.435,3.62,7.127,7.508,6.216,4.64,5.324,0,5.349,3.594,4.261,2.074,0,1.977,8.124,0,4.452,3.603,4.009,9.392,0,7.19,5.325,5.203,4.472,8.972,6.895,2.663,15.048,4.533,2.356,3.03,16.945,0,5.505,5.678,16.661
00-TM1:bin_000048,0,0,0,0,0,0,0,0,0,0,0,0,0,0,0,0,0,0,0,0,0,0,0,0,0,0,0,0,0,0,0,0,0,0,0,0,0,0,0,0,0,0,0,0,0,0,0,0,0,0,0,0,0,0,0,0,0,0,0,0,0,0,0,0,0,0,0,0,0,0,0,0,0,0,0,0,0,0,0,0,0,0,0,0
00-TM1:bin_000056,0,0,0,0,0,0,0,0,0,0,0,0,0,0,0,0,0,0,0,0,0,0,0,0,0,0,0,0,0,0,0,0,0,0,0,0,0,0,0,0,0,0,0,0,0,0,0,0,0,0,0,0,0,0,0,0,0,0,0,0,0,0,0,0,0,0,0,0,0,0,0,0,0,0,0,0,0,0,0,0,0,0,0,0
00-TM1:bin_000074,0,0,0,0,0,0,0,0,0,0,0,0,0,0,0,0,0,0,0,0,0,0,0,0,0,0,0,0,0,0,0,0,0,0,0,0,0,0,0,0,0,0,0,0,0,0,0,0,0,0,0,0,0,0,0,0,0,0,0,0,0,0,0,0,0,0,0,0,0,0,0,0,0,0,0,0,0,0,0,0,0,0,0,0
00-TM1:bin_000078,0,0,0,0,0,0,0,0,0,0,0,0,0,0,0,0,0,0,0,0,3.137,0,0,0,0,0,0,0,0,0,0,0,0,0,0,0,0,0,0,0,0,0,0,0,0,0,0,0,3.983,0,0,0,0,0,0,0,0,0,0,0,0,0,0,0,0,0,0,0,0,0,0,0,0,0,0,0,0,0,0,0,0,0,0,0
00-TM1:bin_000084,0,0,0,0,0,0,0,0,0,5.919,12.132,0,13.314,0,0,0,0,0,0,0,0,0,6.915,0,0,0,0,0,0,0,4.05,0,0,0,6.761,0,0,0,0,0,5.512,0,4.042,0,0,0,0,0,0,0,0,0,3.686,0,0,0,0,0,4.359,0,0,7.506,0,0,0,0,0,0,0,0,0,0,8.68,0,0,0,0,0,0,9.702,0,0,0,8.003
00-TM1:bin_000088,0,0,4.439,4.082,2.341,6.735,0,2.045,5.884,4.904,6.893,0,14.115,2.689,1.859,2.248,0,0,0,4.041,0,2.33,5.265,5.195,3.621,1.39,2.794,2.723,0,0,2.82,5.029,0,3.231,7.731,3.949,5.205,3.892,0,4.751,6.208,0,2.027,5.362,8.871,4.89,6.547,4.326,8.11,5.958,2.908,4.446,7.295,3.821,0,2.395,0,3.353,2.929,0,1.873,6.334,0,3.67,0,2.617,12.526,0,2.876,2.582,6.739,2.888,3.556,0,0,9.516,0,0,5.33,8.313,0,1.593,2.464,17.591
00-TM1:bin_000099,0,0,0,0,0,0,0,0,0,0,0,0,0,0,0,0,0,0,0,0,0,0,0,0,0,0,0,0,0,0,0,0,0,0,0,0,0,0,0,0,0,0,0,0,0,0,0,0,0,0,0,0,0,0,0,0,0,0,0,0,0,0,0,0,0,0,0,0,0,0,0,0,0,0,0,0,0,0,0,0,0,0,0,0
00-TM1:bin_000117,0,0,0,3.102,0,0,0,0,0,3.839,0,2.076,4.235,0,1.549,0,2.405,0,0,2.108,2.518,0,2.457,0,0,0,0,2.236,0,0,2.529,5.639,2.292,5.871,0,4.804,0,1.602,0,1.515,3.595,3.183,0,0,0,4.233,2.192,6.03,2.191,2.714,0,0,1.575,2.29,0,0,0,0,0,0,0,0,0,2.086,0,0,6.091,0,2.729,3.992,0,0,2.992,0,0,3.448,0,0,0,2.196,0,1.954,0,6.289
00-TM1:bin_000135,0,0,2.111,2.012,0,2.477,1.995,0,2.31,3.504,6.55,1.941,5.65,2.617,0,0,0,1.488,0,1.639,0,0,2.919,3.129,4.091,1.601,0,0,0,0,2.358,4.649,2.488,2.489,5.911,4.083,2.669,2.688,0,0,4.737,4.414,2.576,3.051,2.853,3.07,2.907,2.363,2.182,0,2.508,0,2.491,2.688,0,1.994,0,2.947,0,0,0,5.751,0,2.964,0,0,4.766,0,2.164,3.499,3.349,1.824,3.979,3.546,0,3.808,2.493,0,2.402,5.7,0,2.197,3.606,8.213
00-TM2:bin_000005,0,0,0,0,0,0,0,0,0,0,0,0,0,0,0,0,0,0,0,0,0,0,0,0,0,0,0,0,0,0,0,0,0,0,0,0,0,0,0,0,0,0,0,0,0,0,0,0,0,0,0,0,0,0,0,0,0,0,0,0,0,0,0,0,0,0,0,0,0,0,0,0,0,0,0,0,0,0,0,0,0,0,0,0
00-TM2:bin_000007,6.7,3.183,4.82,5.297,4.912,40.164,8.669,5.724,6.898,13.08,13.14,4.579,13.987,8.809,5.646,2.268,0,3.768,1.633,7.345,5.513,5.485,15.501,13.167,20.067,3.192,5.731,3.111,0,0,6.275,19.531,11.987,8.795,11.681,13.021,8.958,8.843,13.833,5.238,16.672,18.08,10.294,11.832,10.241,4.316,11.3,8.297,11.648,33.108,12.876,4.992,6.481,17.437,0,6.058,4.194,12.099,3.158,2.675,2.758,13.782,0,11.505,8.252,7.949,20.966,0,14.959,11.529,6.089,10.675,8.541,10.156,8.081,19.243,6.941,6.439,7.121,24.08,0,7.154,16.58,27.147
00-TM2:bin_000016,0,0,1.947,0,1.693,4.975,2.848,1.543,2.093,4.775,6.602,2.792,3.467,3.962,4.083,1.592,0,0,0,2.059,2.048,2.374,2.871,3.135,5.347,1.954,2.63,2.529,0,0,3.991,6.659,2.218,5.115,10.102,7.631,3.144,2.82,2.307,1.812,4.862,2.952,2.623,1.98,4.682,3.655,3.073,0,1.819,3.012,4.029,3.918,2.401,3.264,0,3.909,0,2.496,0,0,0,8.188,0,3.923,4.234,2.946,4.727,0,2.42,2.36,5.546,3.719,3.524,0,2.301,10.149,2.405,2.708,4.299,9.023,0,3.762,4.021,11.021
00-TM2:bin_000034,0,0,0,0,0,0,0,0,0,0,0,0,0,0,0,0,0,0,0,0,0,0,0,0,0,0,1.746,0,0,0,0,0,0,0,0,0,0,0,0,0,0,0,0,0,0,0,0,0,0,0,0,0,0,0,0,0,0,0,0,0,0,0,0,0,0,0,0,0,0,0,0,0,0,0,0,0,0,0,0,0,0,0,0,0
00-TM2:bin_000054,0,0,0,0,0,0,0,0,0,0,0,0,0,0,0,0,0,0,0,0,0,0,0,0,0,0,0,0,0,0,0,0,0,0,0,0,0,0,0,0,0,0,0,0,0,0,0,0,0,0,0,0,0,0,0,0,0,0,0,0,0,0,0,0,0,0,0,0,0,0,0,0,0,0,0,0,0,0,0,0,0,0,0,0
00-TM2:bin_000080,4.711,0,1.796,2.31,2.921,0,0,0,2.61,2.795,7.189,2.543,7.166,2.301,0,0,0,0,0,0,2.489,0,3.901,5.704,4.978,0,0,0,0,0,0,3.399,4.183,3.9,7.07,0,2.465,2.356,0,2.392,0,4.599,1.73,3.003,2.837,0,0,3.608,3.576,3.594,0,2.909,3.419,3.49,0,3.695,0,2.269,0,0,0,4.556,0,2.978,0,2.294,4.105,0,0,3.09,5.258,2.616,4.466,3.706,0,0,0,0,3.059,5.151,0,3.069,2.822,8.329
00-TM2:bin_000086,0,0,0,0,0,0,0,0,0,0,0,0,0,0,0,0,0,0,0,0,0,0,0,0,0,0,0,0,0,0,0,0,0,0,0,0,0,0,0,0,0,0,0,0,0,0,0,0,0,0,0,0,0,0,0,0,0,0,0,0,0,0,0,0,0,0,0,0,0,0,0,0,0,0,0,0,0,0,0,0,0,0,0,0
00-TM2:bin_000116,0,0,0,0,0,0,0,0,0,0,0,0,0,0,0,0,0,0,0,0,0,0,0,0,0,0,0,0,0,0,0,0,0,0,0,0,0,0,0,0,0,0,0,0,0,0,0,0,0,0,0,0,0,0,0,0,0,0,0,0,0,0,0,0,0,0,0,0,0,0,0,0,0,0,0,0,0,0,0,0,0,0,0,0
00-TM3:bin_000043,0,0,0,0,0,0,0,0,0,0,0,0,0,0,0,0,0,0,0,0,0,0,0,0,0,0,0,0,0,0,0,0,0,0,0,0,0,0,0,0,0,0,0,0,0,0,0,0,0,0,0,0,0,0,0,0,0,0,0,0,0,0,0,0,0,0,0,0,0,0,0,0,0,0,0,0,0,0,0,0,0,0,0,0
00-TM3:bin_000053,0,0,0,0,0,0,0,0,0,0,0,0,0,0,0,0,0,0,0,0,0,0,0,0,0,0,0,0,0,0,0,0,0,0,0,0,0,0,0,0,0,0,0,0,0,0,0,0,0,0,0,0,0,0,0,0,0,0,0,0,0,0,0,0,0,0,0,0,0,0,0,0,0,0,0,0,0,0,0,0,0,0,0,0
00-TM3:bin_000079,0,0,0,0,0,0,0,0,0,0,0,0,0,0,0,0,0,0,0,0,0,0,0,0,0,0,0,0,0,0,0,0,0,0,0,0,0,0,0,0,0,0,0,0,0,0,0,0,0,0,0,0,0,0,0,0,0,0,0,0,0,0,0,0,0,0,0,0,0,0,0,0,0,0,0,0,0,0,0,0,0,0,0,0
00-TM4:bin_000006,0,0,1.833,0,0,0,0,0,0,4.367,0,0,0,0,0,0,0,0,0,0,0,0,0,0,0,0,2.59,0,0,0,0,2.084,0,0,0,0,0,1.951,0,0,0,4.324,0,0,2.694,0,0,0,0,0,0,0,0,3.454,0,0,0,0,0,0,1.251,0,0,0,0,0,2.688,0,0,0,0,0,0,0,0,0,0,0,0,3.764,0,0,9.894,3.551
00-TM4:bin_000010,12.521,6.833,21.85,16.197,11.943,15.23,18.537,9.311,28.073,20.519,31.622,16.387,39.151,18.992,15.493,10.825,8.914,9.97,2.7,12.207,13.33,8.251,24.301,32.447,23.052,7.572,11.134,9.323,0,0,31.484,47.476,31.478,29.632,26.556,90.24,10.507,19.507,17.667,8.404,124.215,32.379,18.231,47.488,26.703,13.518,31.562,30.791,19.365,24.045,37.644,19.439,24.536,30.079,0,7.283,18.503,17.619,10.534,3.897,44.418,46.219,0,8.312,9.756,16.134,51.426,0,26.546,22.006,20.064,16.607,40.834,31.217,17.866,51.209,15.674,10.817,15.883,64.901,0,53.828,26.179,59.547
00-TM4:bin_000018,0,0,0,0,0,0,0,0,0,0,0,0,0,0,0,0,0,0,0,0,0,0,0,0,0,0,0,0,0,0,0,0,0,0,0,0,0,0,0,0,0,0,0,0,0,0,0,0,0,0,0,0,0,0,0,0,0,0,0,0,0,0,0,0,0,0,0,0,0,0,0,0,0,0,0,0,0,0,0,0,0,0,0,0
00-TM4:bin_000030,41.961,14.803,34.25,32.846,23.432,47.528,23.657,14.127,33.48,44.135,85.055,38.555,82.752,28.326,24.726,19.569,26.032,31.086,6.18,24.643,31.484,15.451,75.711,45.319,33.078,23.289,65.106,19.795,3.745,0,33.97,99.137,42.059,43.271,61.185,69.907,33.834,51.33,25.468,19.306,59.476,30.634,28.844,43.674,45.095,35.78,48.231,58.614,43.273,30.85,36.206,33.945,29.153,46.272,0,18.509,28.22,35.666,13.362,6.771,8.081,46.021,0,36.814,20.754,27.026,103.809,0,41.615,46.386,40.595,26.303,67.797,62.251,42.079,60.767,27.794,28.761,27.468,76.388,0,41.765,75.176,134.827
00-TM4:bin_000036,18.016,12.909,29.499,34.648,13.927,24.796,60.75,15.488,37.055,35.165,63.14,22.382,61.661,83.635,14.813,58.078,17.956,15.285,9.16,22.427,14.849,16.006,42.444,41.141,81.502,21.501,21.588,18.794,7.531,2.229,19.866,101.835,30.223,25.178,113.745,75.059,24.111,30.289,40.216,9.933,113.589,112.728,30.156,71.661,100.272,25.611,34.438,24.86,34.528,29.787,54.217,33.307,30.62,64.313,0,39.317,41.87,27.833,18.637,8.5,19.777,63.251,0,55.126,21.789,48.159,55.155,1.528,35.832,54.918,31.696,42.867,38.768,35.221,19.181,130.74,25.753,50.056,24.351,168.05,0,32.742,48.456,144.302
07:bin_000036,0,0,0,0,0,0,0,0,0,0,0,0,0,0,0,0,0,0,0,0,0,0,0,0,0,0,0,0,0,0,0,0,0,0,0,0,0,0,0,0,0,0,0,0,0,0,0,0,0,0,0,0,0,0,0,0,0,0,0,0,0,0,0,0,0,0,0,0,0,0,0,0,0,0,0,0,0,0,0,0,0,0,0,0
07:bin_000056,0,0,0,0,0,0,0,0,0,0,0,0,0,0,0,0,0,0,0,0,0,0,0,0,0,0,0,0,0,0,0,0,1.769,0,0,0,0,1.735,0,0,0,0,0,0,0,0,0,0,0,0,0,0,0,0,0,0,0,0,0,0,0,0,0,0,0,0,0,0,0,0,0,0,0,0,0,0,0,0,0,2.497,0,0,0,2.887
07:bin_000064,0,0,0,0,0,0,0,0,0,0,0,0,0,0,0,0,0,0,0,0,0,0,0,0,0,0,0,0,0,0,0,0,0,0,0,4.581,0,0,0,0,0,0,0,0,0,0,0,0,0,0,0,0,0,0,0,0,0,0,0,0,0,0,0,0,0,0,0,0,0,0,0,0,0,0,0,0,0,0,0,0,0,0,0,0
07:bin_000080,0,0,0,0,0,0,0,0,0,0,0,0,0,0,0,0,0,0,0,0,0,0,0,0,0,0,0,0,0,0,0,0,0,0,0,0,0,0,0,0,0,0,0,0,0,0,0,0,0,0,0,0,0,0,0,0,0,0,0,0,0,0,0,0,0,0,0,0,0,0,0,0,0,0,0,0,0,0,0,0,0,0,0,0
07:bin_000086,0,0,0,0,0,0,0,0,0,0,0,0,0,0,0,0,0,0,0,0,0,0,0,0,0,0,0,0,0,0,0,0,0,0,0,0,0,0,0,0,0,0,0,0,0,0,0,0,0,0,0,0,0,0,0,0,0,0,0,0,0,0,0,0,0,0,0,0,0,0,0,0,0,0,0,0,0,0,0,0,0,0,0,0
07:bin_000111,0,0,0,0,0,0,0,0,0,0,0,0,0,0,0,0,0,0,0,0,0,0,0,0,0,0,0,0,0,0,0,0,0,0,0,0,0,0,0,0,0,0,0,0,0,0,0,0,0,0,0,0,0,0,0,0,0,0,0,0,0,0,0,0,0,0,0,0,0,0,0,0,0,0,0,0,0,0,0,0,0,0,0,0
07:bin_000158,0,0,0,0,0,0,0,0,0,0,0,0,0,0,0,0,0,0,0,0,0,0,0,0,0,0,0,0,0,0,0,0,0,0,3.423,0,0,0,0,0,0,2.437,0,0,0,0,0,0,0,0,0,0,0,0,0,0,0,0,0,0,0,0,0,0,0,0,0,0,0,0,0,0,0,0,0,0,0,0,0,2.348,0,0,0,0
07:bin_000176,0,0,0,0,0,0,0,0,0,0,3.135,0,0,0,0,0,0,1.548,0,0,0,0,2.03,0,0,0,0,0,0,0,0,4.822,0,0,0,0,0,0,0,0,0,0,0,0,0,0,0,0,0,0,0,0,0,0,0,0,0,0,0,0,0,0,0,0,0,0,0,0,1.806,2.083,0,0,0,0,0,0,0,0,0,0,0,0,0,3.502
07-TM1:bin_000001,0,0,0,0,0,0,0,0,0,0,0,0,0,0,0,0,0,0,0,0,0,0,0,0,0,0,0,0,0,0,0,0,0,0,0,0,0,0,0,0,0,0,0,0,0,0,0,0,0,0,0,0,0,0,0,0,0,0,0,0,0,0,0,0,0,0,0,0,0,0,0,0,0,0,0,0,0,0,0,0,0,0,0,0
07-TM2:bin_000008,0,0,0,0,0,4.964,0,0,2.064,5.403,3.922,0,3.189,0,2.081,0,0,0,0,0,0,0,0,0,4.926,0,0,0,0,0,0,4.89,0,2.465,3.745,3.754,0,0,0,0,2.686,0,0,0,2.426,0,1.584,0,2.455,0,3.19,2.544,0,0,0,2.663,2.622,0,0,0,0,4.778,0,0,0,0,5.465,0,2.61,0,4.142,3.365,0,0,2.603,0,2.31,0,0,3.6,0,0,4,4.649
07-TM2:bin_000021,0,0,0,0,0,0,0,0,0,0,0,0,0,0,0,0,0,0,0,0,0,0,0,0,0,0,0,0,0,0,0,0,0,0,0,0,0,0,0,0,0,0,0,0,0,0,0,0,0,0,0,0,0,0,0,0,0,0,0,0,0,0,0,0,0,0,0,0,0,0,0,0,0,0,0,0,0,0,0,0,0,0,0,0
07-TM4:bin_000002,0,0,0,0,0,0,0,0,0,0,0,0,0,0,0,0,0,0,0,0,0,0,0,0,0,0,0,0,0,0,0,0,0,0,0,0,0,0,0,0,0,0,0,0,0,0,0,0,0,0,0,0,0,0,0,0,0,0,0,0,0,0,0,0,0,0,0,0,0,0,0,0,0,0,0,0,0,0,0,0,0,0,0,0
07-TM4:bin_000027,0,0,0,0,0,0,0,0,0,0,0,0,0,0,0,0,0,0,0,0,0,0,0,0,0,0,0,0,0,0,0,2.313,0,0,0,0,0,0,0,0,0,0,0,0,0,0,0,0,0,0,0,0,0,0,0,0,0,0,0,0,0,0,0,0,0,0,0,0,0,0,0,0,0,0,0,0,0,0,0,2.639,0,0,0,0
07-TM4:bin_000032,0,0,0,0,0,0,0,0,0,0,0,0,0,0,0,0,0,0,0,0,0,0,0,0,0,0,0,0,0,0,0,0,0,0,0,0,0,0,0,0,0,0,0,0,0,0,0,0,0,0,0,0,0,0,0,0,0,0,0,0,0,0,0,0,0,0,0,0,0,0,0,0,0,0,0,0,0,0,0,0,0,0,0,0
07-TM4:bin_000058,0,0,0,0,0,0,0,0,0,0,0,0,0,0,0,0,0,0,0,0,0,0,0,0,0,0,0,0,0,0,0,0,0,0,0,0,0,0,0,0,0,0,0,0,0,0,0,0,0,0,0,0,0,0,0,0,0,0,0,0,0,0,0,0,0,0,0,0,0,0,0,0,0,0,0,0,0,0,0,0,0,0,0,0
07-TM4:bin_000059,0,0,0,0,0,0,0,0,0,0,0,0,0,0,0,0,0,0,0,0,0,0,0,0,0,0,0,0,0,0,0,0,0,0,0,0,0,0,0,0,0,0,0,0,0,0,0,0,0,0,0,0,0,0,0,0,0,0,0,0,0,0,0,0,0,0,0,0,0,0,0,0,0,0,0,0,0,0,0,0,0,0,0,0
07-TM4:bin_000064,0,0,0,0,0,0,0,0,0,0,0,0,0,0,0,0,0,0,0,0,0,0,0,0,0,0,0,0,0,0,0,0,0,0,0,0,0,0,0,0,0,0,0,0,0,0,0,0,0,0,0,0,0,0,0,0,0,0,0,0,0,0,0,0,0,0,0,0,0,0,0,0,0,0,0,0,0,0,0,0,0,0,0,0
14:bin_000004,0,1.766,4.081,3.45,1.998,8.684,5.301,3.348,6.261,5.073,11.4,4.332,11.026,5.766,3.703,2.184,2.986,3.97,0,3.133,3.168,2.606,6.611,6.857,5.832,3.194,4.25,2.021,0,0,4.411,12.561,4.733,6.039,11.831,10.354,5.892,8.211,3.699,2.621,11.67,8.709,3.993,6.996,9.055,4.79,6.567,6.77,4.192,6.074,6.624,3.53,3.988,5.142,0,2.637,5.587,6.716,2.509,0,1.504,8.304,0,2.274,4.161,2.693,14.04,0,6.249,4.873,7.803,6.101,9.369,6.513,4.662,10.72,3.699,3.527,4.361,11.634,0,6.291,8.424,21.097
14:bin_000010,0,0,0,0,0,0,0,0,0,0,0,0,0,0,0,0,0,0,0,0,0,0,0,0,0,0,0,0,0,0,0,0,0,0,0,0,0,0,0,0,0,0,0,0,0,0,0,0,0,0,0,0,0,0,0,0,0,0,0,0,0,0,0,0,0,0,0,0,0,0,0,0,0,0,0,0,0,0,0,0,0,0,0,2.581
14:bin_000014,0,0,0,0,0,0,0,0,0,0,0,0,0,0,0,0,0,0,0,0,0,0,0,0,0,0,0,0,0,0,0,1.41,0,0,0,0,0,0,0,0,0,0,0,0,0,0,0,2.292,0,0,0,0,0,0,0,0,0,0,0,0,0,0,0,0,0,0,0,0,0,0,0,0,0,0,0,0,0,0,0,0,0,1.753,2.812,0
14:bin_000062,0,2.399,0,3.651,0,2.776,4.853,1.508,3.644,4.78,9.757,2.16,7.052,4.28,2.479,0,2.181,0,0,2.901,0,2.295,3.773,3.31,4.301,1.896,0,0,0,0,1.97,3.704,0,5.245,5.188,5.655,5.86,4.371,0,0,9.397,4.262,3.529,2.526,5.666,2.953,2.555,0,2.591,3.154,3.287,2.946,1.452,3.88,0,2.695,8.252,3.602,1.483,0,1.092,4.141,0,6.113,0,0,5.755,0,3.867,5.648,3.316,1.866,2.759,2.437,4.472,0,3.351,0,0,5.526,0,5.328,9.336,16.447
14:bin_000091,0,0,0,0,0,0,0,0,0,0,0,0,0,0,0,0,0,0,0,0,0,0,0,0,0,0,0,0,0,0,0,0,0,0,0,0,0,0,0,0,0,0,0,0,0,0,0,0,0,0,0,0,0,0,0,0,0,0,0,0,0,0,0,0,0,0,0,0,0,0,0,0,0,0,0,0,0,0,0,0,0,0,0,0
14:bin_000192,0,0,1.475,0,0,0,0,0,0,2.295,3.462,0,3.04,1.609,0,0,0,0,0,0,0,0,2.194,0,3.037,0,0,0,0,0,1.732,2.419,0,0,3.404,3.256,2.041,1.746,0,0,3.244,1.988,1.443,0,0,0,1.54,0,0,0,0,0,1.348,0,0,0,0,0,0,0,0,2.704,0,1.781,0,0,2.735,0,1.525,1.864,0,0,2.634,2.407,0,2.469,1.51,0,0,2.819,0,0,2.303,4.563
14-TM1:bin_000012,7.384,2.397,4.551,7.924,4.561,10.394,5.455,4.103,5.717,8.85,13.075,5.811,11.4,5.924,7.653,3.889,4.89,4.379,0,6.358,7.287,2.306,12.049,9.633,5.583,4.435,7.38,3.412,0,0,8.94,14.26,4.474,8.407,9.758,14.693,4.302,9.681,5.221,4.385,10.222,7.32,5.485,7.817,7.881,6.175,11.964,8.517,7.955,8.249,6.463,5.374,4.268,8.328,0,4.22,5.009,7.311,2.412,0,1.715,7.351,0,5.064,4.595,2.622,15.758,0,6.057,6.772,9.803,5.93,12.445,9.744,8.281,7.068,6.035,4.767,4.639,10.591,0,10.177,13.088,20.258
14-TM1:bin_000017,0,0,0,0,0,0,0,0,0,0,0,0,0,0,0,0,0,0,0,0,0,0,0,0,0,0,0,0,0,0,0,0,0,0,0,0,0,0,0,0,0,0,0,0,0,2.102,0,0,0,0,0,0,0,0,0,0,0,0,0,0,0,0,0,0,0,0,0,0,0,0,0,0,0,0,0,0,0,0,0,0,0,0,0,0
14-TM2:bin_000049,0,0,2.477,0,1.634,0,0,0,1.699,2.41,7.122,4.11,6.06,4.237,7.619,0,5.195,0,0,3.261,0,0,2.673,0,7.611,1.722,2.909,3.935,0,0,2.901,13.523,0,0,0,3.52,3.494,3.534,0,0,8.677,3.861,0,0,9.627,3.065,2.63,2.532,5.725,0,5.178,0,3.399,6.169,0,1.791,0,2.105,0,0,0,11.093,0,1.601,0,1.639,5.373,0,6.494,3.71,8.697,2.795,5.729,4.94,0,8.132,0,0,0,6.978,0,0,5.136,16.148
14-TM4:bin_000004,111.193,33.087,67.768,77.878,57.895,119.136,95.334,33.636,103.917,82.489,222.466,104.651,228.273,100.916,64.8,54.645,49.8,54.75,27.912,54.477,78.254,46.786,232.239,137.246,127.865,60.083,173.131,58.48,16.056,11.258,84.407,254.634,86.417,165.497,175.469,266.639,70.645,118.935,107.335,48.736,236.912,127.293,70.258,156.521,179.159,133.165,136.702,157.039,84.025,106.878,114.078,104.015,94.259,145.996,0,82.329,99.175,80.232,30.549,29.66,45.571,134.876,0,110.637,63.978,84.443,304.139,7.67,125.737,154.214,118.475,76.618,168.701,176.644,127.095,259.102,71.513,94.626,92.052,221.786,3.244,137.804,225.023,470.545
14-TM4:bin_000010,0,0,0,0,0,0,0,0,0,3.536,2.971,1.701,0,0,2.038,0,0,0,0,0,3.082,0,0,0,0,0,4.6,0,0,0,0,2.195,2.805,0,0,6.298,1.762,0,2.213,0,0,0,0,0,0,0,0,2.332,2.353,0,2.654,0,0,0,0,0,0,0,0,0,0,0,0,1.759,0,1.976,5.011,0,1.693,0,5.299,0,0,0,0,0,2.493,0,2.87,3.793,0,0,0,4.514
14-TM4:bin_000035,0,0,1.686,0,0,0,0,0,1.911,0,0,0,2.738,0,0,0,0,1.947,0,0,0,0,0,0,0,0,1.656,0,0,0,0,3.906,0,2.397,0,3.211,0,2.203,0,0,4.779,0,0,0,0,0,2.157,3.772,2.297,0,0,0,0,0,0,0,0,2.021,0,0,0,0,0,0,0,0,0,0,2.907,2.06,0,0,0,0,0,2.732,0,0,0,2.333,0,1.638,3.011,5.136
14-TM4:bin_000089,0,0,0,0,0,0,0,0,0,0,0,0,0,0,0,0,0,0,0,0,0,0,0,0,0,0,0,0,0,0,0,0,0,0,0,0,0,0,0,0,0,0,0,0,0,0,0,0,0,0,0,0,0,0,0,0,0,0,0,0,0,0,0,0,0,0,0,0,0,0,0,0,0,0,0,0,0,0,0,0,0,0,0,0
14-TM4:bin_000109,0,0,0,0,0,0,0,0,0,0,0,0,0,0,0,0,0,0,0,0,0,0,0,0,0,0,0,0,0,0,0,0,0,0,0,0,0,0,0,0,0,0,0,0,0,0,0,0,0,0,0,0,0,0,0,0,0,0,0,0,0,0,0,0,0,0,0,0,0,0,0,0,0,0,0,0,0,0,0,0,0,0,0,0
21:bin_000024,6.532,3.229,3.503,4.474,3.511,8.61,4.57,2.468,7.615,6.655,9.897,5.273,12.646,7.091,6.446,1.665,2.667,2.966,1.777,2.41,4.246,3.517,9.077,3.921,5.85,3.164,7.497,3.066,0,0,4.759,12.898,5.941,10.821,8.594,16.126,3.935,5.901,5.394,2.369,11.447,6.268,3.335,4.3,6.798,4.921,5.687,7.533,6.22,7.554,9.243,7.456,3.451,7.753,0,4.292,4.459,3.595,2.975,2.317,1.303,10.026,0,9.367,4.605,4.87,12.901,0,7.524,9.445,5.808,8.817,9.788,6.369,3.245,13.749,4.808,5.224,6.848,15.94,0,7.717,11.802,22.595
21:bin_000052,0,0,4.592,4.767,0,5.267,4.182,0,8.777,7.132,4.496,0,4.964,3.621,0,1.6,0,1.801,0,2.919,2.78,0,3.338,7.398,0,0,6.173,3.63,0,0,0,7.156,1.741,2.746,4.384,5.868,3.766,2.876,5.543,0,10.285,5.359,2.828,8.846,5.053,0,4.325,2.485,2.312,0,0,4.424,1.633,3.728,0,1.613,0,5.256,0,0,0,0,0,0,0,2.803,4.328,0,6.187,5.175,0,2.502,4.265,4.98,0,0,2.207,2.908,3.599,7.655,0,2.524,5.121,9.605
21:bin_000073,22.829,6.503,17.537,18.517,7.587,19.142,21.795,13.005,17.237,17.735,48.228,13.082,43.698,14.867,11.477,10.734,20.872,6.42,2.996,11.735,16.244,7.594,27.585,34.813,25.705,9.311,9.413,6.716,2.979,0,14.175,39.639,24.662,17.888,48.014,25.975,15.711,19.518,17.238,10.102,34.822,35.213,20.209,22.143,29.14,12.551,22.994,17.826,20.432,17.397,23.501,8.961,27.78,20.362,0,16.552,16.055,12.919,8.861,3.392,5.415,42.494,0,16.78,8.429,9.805,33.641,0,17.895,34.592,17.818,15.02,30.715,20.119,6.558,50.497,14.665,16.146,12.277,45.246,0,25.001,17.453,56.607
21:bin_000107,0,0,2.974,3.049,0,0,0,0,0,2.754,2.984,1.924,0,0,4.589,0,0,0,0,1.789,0,0,2.884,3.212,0,0,1.805,0,0,0,0,3.097,2.166,0,4.601,0,0,0,0,0,3.779,0,0,0,0,3.334,0,0,1.705,0,0,0,2.238,0,0,1.473,0,0,0,0,0,3.571,0,1.643,0,0,2.819,0,1.909,0,4.571,0,0,0,0,4.309,0,0,0,3.222,0,0,0,3.028
21:bin_000125,0,0,0,0,0,0,0,0,0,0,0,0,0,0,0,0,0,0,0,0,0,0,0,0,0,0,0,0,0,0,0,0,0,0,0,0,0,0,0,0,0,0,0,0,0,0,0,0,0,0,0,0,0,0,0,0,0,0,0,0,0,0,0,0,0,0,0,0,0,0,0,0,0,0,0,0,0,0,0,0,0,0,0,0
21:bin_000160,0,0,0,0,0,0,2.094,0,0,3.046,0,0,0,2.314,0,0,0,0,0,0,0,0,0,0,0,0,0,0,0,0,0,2.184,0,0,0,0,0,0,0,0,2.679,0,0,0,0,2.608,0,0,0,0,0,1.822,2.53,0,0,0,0,0,0,0,0,0,0,0,0,0,0,0,0,0,0,0,0,0,0,0,0,0,0,0,0,0,0,3.273
21:bin_000224,0,0,0,0,0,0,1.9,0,0,0,7.549,0,7.299,0,0,0,0,0,0,0,0,0,0,0,0,0,0,0,0,0,0,1.597,0,2.237,4.544,0,0,0,0,1.699,0,0,1.634,0,0,0,0,4.711,0,0,0,0,2.464,0,0,0,0,0,0,0,0,4.227,0,0,0,0,2.537,0,0,0,2.994,0,0,0,0,4.388,0,0,0,2.171,0,2.218,2.565,0
21-TM1:bin_000011,0,0,0,0,0,0,0,0,0,0,0,0,0,0,0,0,0,0,0,0,0,0,0,0,0,0,0,0,0,0,0,0,0,0,0,0,0,0,0,0,0,0,0,0,0,0,0,0,0,0,0,0,0,0,0,0,0,0,0,0,0,0,0,0,0,0,0,0,0,0,0,0,0,0,0,0,0,0,0,0,0,0,0,0
21-TM1:bin_000014,0,0,0,0,1.817,4.875,9.38,0,0,0,9.412,0,6.457,0,0,0,0,0,0,0,0,0,23.147,0,0,5.62,0,0,0,0,0,4.401,0,0,0,0,0,0,0,0,0,0,0,8.382,2.812,0,106.128,0,0,0,6.329,0,0,4.666,0,0,5.679,0,0,0,0,8.867,0,0,0,0,0,0,0,0,0,0,4.113,0,0,9.777,0,3.06,5.44,0,0,2.35,22.901,53.987
21-TM1:bin_000060,0,0,0,0,0,0,0,0,0,1.739,0,0,0,0,0,0,0,0,0,0,0,0,0,0,0,0,0,0,0,0,0,0,0,0,0,0,0,0,0,0,0,0,0,0,0,0,0,0,0,0,0,0,0,0,0,0,0,0,0,0,0,0,0,0,0,0,0,0,0,0,0,0,0,0,0,0,0,0,0,0,0,0,0,0
21-TM1:bin_000073,5.262,3.873,8.972,6.147,5.138,8.63,7.039,4.27,7.746,9.524,16.959,4.284,13.297,10.699,4.529,3.026,3.957,3.965,0,7.16,8.764,3.087,13.666,11.371,6.101,2.776,6.239,2.596,0,0,5.126,14.727,7.386,12.362,16.704,13.304,7.907,7.898,5.191,3.804,12.217,13.547,8.362,11.715,12.719,4.293,13.924,9.792,7.633,7.52,5.158,5.858,6.141,8.51,0,5.093,5.189,5.775,3.32,0,3.959,11.909,0,5.183,0,3.835,16.767,0,6.457,9.058,10.494,4.565,29.205,10.793,6.111,17.299,8.646,5.182,6.716,17.98,0,7.379,13.1,28.297
21-TM3:bin_000002,0,0,0,1.966,0,0,0,0,0,0,0,0,4.325,0,0,0,0,0,0,0,0,0,2.667,3.294,0,0,7.348,0,0,0,0,4.265,0,0,0,4.304,0,0,0,0,0,0,0,0,0,2.633,4.604,3.097,2.031,0,0,0,0,0,0,1.592,0,0,0,0,0,3.375,0,2.278,0,0,3.442,0,0,4.335,0,0,0,0,0,3.697,0,0,0,0,0,0,0,6.701
21-TM3:bin_000011,0,0,0,0,0,0,0,0,0,0,0,0,0,0,0,0,0,0,0,0,0,0,0,0,0,0,0,0,0,0,0,0,0,0,0,0,0,0,0,0,0,0,0,0,0,0,0,0,0,0,0,0,0,0,0,0,0,0,0,0,0,0,0,0,0,0,0,0,0,0,0,0,0,0,0,0,0,0,0,0,0,0,0,0
21-TM3:bin_000020,0,0,0,0,0,0,0,0,0,0,0,0,0,0,0,0,0,0,0,0,0,0,0,0,0,0,0,0,0,0,0,0,0,0,0,0,0,0,0,0,0,0,0,0,0,0,0,0,0,0,0,0,0,0,0,0,0,0,0,0,0,0,0,0,0,0,0,0,0,0,0,0,0,0,0,0,0,0,0,0,0,0,0,0
21-TM4:bin_000004,0,0,0,0,0,0,0,0,0,0,0,0,0,0,0,0,0,0,0,0,0,0,0,0,0,0,0,0,0,0,0,0,0,0,0,0,0,0,0,0,0,0,0,0,0,0,0,0,0,0,0,0,0,0,0,0,0,0,0,0,0,0,0,0,0,0,0,0,0,0,0,0,0,0,0,0,0,0,0,0,0,0,0,0
21-TM4:bin_000017,0,0,0,0,0,0,0,0,0,0,0,0,0,0,0,0,0,0,0,0,0,0,0,0,0,0,0,0,0,0,0,0,0,0,0,0,0,0,0,0,0,0,0,0,0,4.867,0,0,0,0,0,0,0,0,0,0,0,0,0,0,0,0,0,0,0,0,0,0,2.109,0,0,0,0,0,0,0,0,0,0,0,0,0,0,0
21-TM4:bin_000041,4.097,2.396,4.135,6.707,2.837,11.403,4.579,3.771,4.415,7.868,14.176,3.686,21.494,6.43,6.044,2.553,3.354,5.502,0,4.72,5.014,2.559,4.128,11.661,5.214,3.427,4.613,3.465,0,0,3.338,10.504,5.455,8.436,8.15,8.733,9.007,4.51,3.947,2.08,14.381,13.767,4.264,9.45,7.016,7.895,6.889,7.724,7.189,10.465,5.692,4.679,4.979,5.739,0,5.836,3.17,5.184,5.449,0,1.384,8.631,0,4.862,4.064,4.903,13.704,0,6.289,7.367,8.678,5.49,7.297,3.795,3.142,10.524,6.381,4.349,4.799,12.144,0,4.234,9.438,18.112
21-TM4:bin_000042,0,0,0,0,0,0,0,0,0,0,0,0,0,0,0,0,0,0,0,0,0,0,0,0,0,0,0,0,0,0,0,0,0,0,0,0,0,0,0,0,0,0,0,0,0,0,0,0,0,0,0,0,0,0,0,0,0,0,0,0,0,0,0,0,0,0,0,0,0,0,0,0,0,0,0,0,0,0,0,0,0,0,0,0
21-TM4:bin_000052,0,0,0,0,0,0,0,0,0,0,0,0,0,0,0,0,0,0,0,0,0,0,0,0,0,0,0,0,0,0,0,0,0,0,0,0,0,0,0,0,0,0,0,0,0,0,0,0,0,0,0,0,0,0,0,0,0,0,0,0,0,0,0,0,0,0,0,0,0,0,0,0,0,0,0,0,0,0,0,0,0,0,0,0
21-TM4:bin_000053,0,0,0,0,0,0,0,0,0,0,0,0,0,0,0,0,0,0,0,0,0,0,0,0,0,0,0,0,0,0,0,0,0,0,0,0,0,0,0,0,0,0,0,0,0,0,0,0,0,0,0,0,0,0,0,0,0,0,0,0,0,0,0,0,0,0,0,0,0,0,0,0,0,0,0,0,0,0,0,0,0,0,0,0
D300693:bin_000003,7.355,4.886,16.619,14.088,8.64,15.782,13.408,14.497,19.036,28.816,49.709,10.983,54.75,20.221,11.817,13.431,10.175,7.654,5.591,10.485,19.791,6.617,23.389,22.805,29.842,11.605,12.566,11.299,3.11,0,11.297,36.755,17.146,22.283,46.918,23.01,25.781,24.657,9.827,8.156,44.704,46.804,23.141,29.287,22.154,28.859,25.682,17.435,17.06,28.042,24.424,18.438,13.844,18.389,0,25.621,10.84,20.879,12.769,4.427,4.512,50.452,0,35.289,11.433,14.673,33.271,0,15.453,36.146,27.31,12.875,31.121,21.83,12.94,31.717,11.923,13.041,13.396,51.241,0,15.768,29.581,59.761
D300693:bin_000006,3.078,0,2.171,2.594,1.741,2.427,0,0,2.043,2.445,5.512,2.465,7.674,0,0,0,0,0,0,0,0,0,4.162,2.932,2.965,2.128,4.146,0,0,0,0,7.151,3.221,4.25,4.189,5.121,2.059,2.573,2.003,0,6.863,3.345,2.59,2.541,3.37,6.249,3.089,3.66,2.196,2.414,0,2.738,1.539,3.555,0,2.612,0,1.624,0,0,0,0,0,1.672,0,0,6.554,0,3.504,2.055,3.792,0,4.666,4.533,0,5.305,0,0,2.944,3.97,0,2.132,5.196,11.083
D300693:bin_000013,7.308,5.006,13.167,5.276,3.834,9.22,5.134,3.492,15.214,10.297,15.161,9.032,15.07,10.674,14.71,3.46,3.854,2.566,0,4.523,4,4.983,12.037,7.011,10.703,5.823,5.039,2.78,0,0,11.523,18.222,6.671,16.757,13.938,23.254,7.202,6.205,5.229,4.647,38.609,19.555,6.029,17.36,8.813,5.247,8.69,6.134,6.651,11.2,8.487,2.79,9.01,19.883,0,6.216,5.239,8.952,3.416,2.391,20.1,26.666,0,7.218,0,5.929,28.374,0,6.876,6.956,10.626,3.829,9.103,19.474,3.621,14.28,6.986,3.229,9.946,21.196,0,8.395,9.444,39.887
D300696:bin_000035,0,0,1.957,1.671,1.226,2.029,2.105,1.445,2.25,3.671,7.315,2.088,4.912,2.806,1.241,1.397,0,1.273,0,1.666,0,0,2.81,3.476,4.912,1.895,1.748,0,0,0,2.966,4.767,2.432,2.116,5.339,4.006,2.173,2.734,1.702,1.171,4.088,2.669,2.483,2.954,2.88,2.96,3.05,2.391,1.806,1.951,1.665,0,3.127,2.587,0,1.369,0,3.047,1.399,0,0,5.117,0,1.729,0,1.352,4.34,0,2.134,2.672,3.421,1.544,3.348,3.717,2.168,3.831,3.954,0,3.378,4.558,0,2.088,3.129,8.568
D300699:bin_000001,0,0,0,0,0,0,0,0,0,0,0,0,3.23,0,0,0,0,0,0,0,0,0,0,0,3.237,0,0,0,0,0,0,2.57,0,0,3.585,0,0,0,0,0,3.098,0,0,0,0,0,1.849,0,0,0,0,0,1.585,0,0,0,0,0,0,0,0,0,0,0,0,0,3.026,0,0,0,0,0,0,0,0,0,0,0,0,4.053,0,0,0,3.637
D300700:bin_000001,0,0,0,0,0,0,0,0,0,0,0,0,0,0,0,0,0,0,0,0,0,0,0,0,0,0,0,0,0,0,0,0,0,0,0,0,0,0,0,0,0,0,0,0,0,0,0,0,0,0,0,0,0,0,0,0,0,0,0,0,0,0,0,0,0,0,0,0,0,0,0,0,0,0,0,0,0,0,0,0,0,0,0,0
D300706:bin_000006,25.023,13.282,49.756,39.422,26.675,45.881,58.246,36.561,48.553,60.666,178.428,34.494,107.738,74.517,27.23,45.129,26.196,28.729,10.479,34.678,51.837,18.263,42.204,71.29,86.213,30.697,36.015,27.095,9.6,2.851,53.473,104.909,47.377,54.689,84.785,65.229,71.346,64.257,34.015,22.918,102.949,100.507,76.044,62.471,69.998,101.585,62.336,59.068,43.011,73.465,49.785,39.602,33.099,78.147,0,45.96,22.778,46.76,35.997,9.903,11.7,113.27,0,95.907,26.961,41.726,104.258,2.044,65.188,58.212,68.097,49.13,86.681,57.893,32.974,67.545,41.062,29.516,37.528,149.953,0,39.583,89.785,127.258
D300708:bin_000028,10.44,11.198,33.486,24.174,10.514,16.775,29.25,50.958,43.36,49.222,69.702,16.896,110.172,49.533,22.025,25.125,5.841,32.797,10.367,8.909,16.949,13.716,35.35,46.868,62.204,26.435,17.696,24.209,5.903,3.075,23.898,65.673,60.795,85.495,67.853,86.496,18.328,24.504,23.323,15.446,124.468,84.089,40.744,65.54,83.772,50.971,37.753,47.307,26.051,31.859,58.898,45.78,31.112,25.045,0,54.105,10.828,36.991,14.471,6.225,4.198,87.351,0,17.529,20.992,19.192,71.398,0,52.923,63.953,76.145,32.023,48.671,38.212,4.145,87.271,14.706,10.541,15.828,177.589,0,17.069,33.712,177.437
D300709:bin_000042,8.699,3.023,8.202,14.137,7.447,18.039,12.279,7.975,13.583,23.196,37.096,8.509,32.956,19.463,9.052,7.2,8.116,5.046,2.718,10.675,10.612,6.806,18.424,24.266,24.843,8.142,10.877,7.55,0,0,11.937,26.448,11.666,15.43,33.018,24.759,16.1,16.151,9.72,9.195,30.67,31.119,18.855,21.692,22.83,19.342,18.026,10.58,12.745,14.25,18.268,12.012,14.158,19.735,0,9.982,13.08,12.665,6.508,2.553,3.303,33.433,0,16.768,9.952,12.264,30.533,0,13.212,17.089,18.503,14.716,25.607,20.804,6.285,27.273,8.241,12.105,13.416,38.878,0,18.095,24.888,39.68
D300710:bin_000020,0,0,5.141,0,3.632,4.77,5.615,0,5.773,5.371,10.552,6.141,9.283,7.688,3.619,3.983,0,0,0,0,0,0,7.12,9.463,0,4.577,3.139,0,0,0,4.825,11.267,6.096,0,0,17.626,5.126,6.545,4.256,0,18.099,10.392,4.095,8.503,11.191,4.073,4.787,5.376,4.464,0,6.241,6.764,5.565,16.142,0,0,0,5.528,3.51,0,9.962,10.415,0,0,0,3.749,11.36,0,6.315,9.786,12.671,5.525,9.87,0,4.1,12.642,0,0,0,16.447,0,5.614,7.249,21.015
D300711:bin_000012,0,0,0,0,0,0,0,0,0,0,0,0,0,0,0,0,0,0,0,0,0,0,0,0,0,0,0,0,0,0,0,0,0,0,0,0,0,0,0,0,0,0,0,0,0,0,0,0,0,0,0,0,0,0,0,0,0,0,0,0,0,0,0,0,0,0,0,0,0,0,0,0,0,0,0,0,0,0,0,0,0,0,0,0
D300711:bin_000013,0,0,0,0,0,0,0,0,0,0,0,0,0,0,0,0,0,0,0,0,0,0,0,0,0,0,0,0,0,0,0,0,0,0,0,0,0,0,0,0,0,0,0,0,0,0,0,0,0,0,0,0,0,0,0,0,0,0,0,0,0,0,0,0,0,0,0,0,0,0,0,0,0,0,0,0,0,0,0,0,0,0,0,0
D300711:bin_000023,0,0,0,0,0,0,0,0,0,0,0,0,0,0,0,0,0,0,0,0,0,0,0,0,0,0,0,0,0,0,0,0,0,0,0,0,0,0,0,0,0,0,0,0,0,0,0,0,0,0,0,0,0,0,0,0,0,0,0,0,0,0,0,0,0,0,0,0,0,0,0,0,0,0,0,0,0,0,0,0,0,0,0,0
D300712:bin_000004,0,0,0,0,2.09,4.31,0,2.231,0,3.639,3.166,0,0,0,0,0,0,0,0,2.21,0,0,0,0,2.995,0,2.543,0,0,0,0,3.937,0,2.59,7.059,7.007,3.197,3.393,0,0,5.3,3.5,0,2.718,0,0,3.074,0,3.306,0,0,0,2.441,2.423,0,3.297,2.881,2.015,0,0,0,0,0,2.411,0,0,2.73,0,0,2.439,5.022,2.627,0,0,0,5.43,1.808,2.547,0,4.876,0,2.57,3.009,5.435
D300712:bin_000006,8.496,0,0,0,0,0,0,0,0,0,7.27,0,0,0,3.438,0,0,0,0,0,0,0,0,0,0,0,0,0,0,0,0,4.447,3.493,0,0,0,0,0,0,0,0,0,0,0,4.348,0,0,0,2.394,3.102,0,0,0,0,0,0,0,0,0,0,0,0,0,0,0,0,0,0,0,0,0,0,0,0,0,6.399,0,0,0,0,0,0,0,8.385
D300712:bin_000007,3.546,2.074,2.922,4.747,0,5.794,5.348,5.444,4.929,12.685,11.768,8.151,8.169,3.824,1.85,1.978,5.152,1.959,0,7.723,5.716,2.258,6.87,7.032,4.7,3.046,0,0,0,0,10.37,12.196,9.5,6.863,7.455,10.681,2.477,4.45,6.826,0,6.683,10.737,5.004,6.748,9.38,2.735,3.103,3.319,4.041,6.32,6.033,2.17,4.946,13.734,0,4.659,3.52,3.801,0,0,2.606,11.365,0,2.348,2.879,4.398,6.61,0,3.065,6.662,0,3.149,6.577,7.475,2.636,8.496,14.812,0,3.087,9.201,0,5.502,10.6,15.291
D300712:bin_000016,0,2.017,0,0,0,0,0,0,0,0,0,0,0,0,0,0,0,0,0,0,0,0,0,0,0,0,0,0,0,0,0,2.218,0,0,0,0,0,0,0,0,0,5.021,0,0,0,0,0,0,0,0,0,0,2.021,0,0,0,0,0,0,0,0,0,0,0,0,0,0,0,0,0,0,0,0,0,0,2.792,0,0,0,0,0,0,0,0
D300713:bin_000003,0,0,0,0,0,0,0,0,0,0,0,0,0,0,0,0,0,0,0,0,0,0,0,0,0,0,0,0,0,0,0,0,0,0,0,0,0,0,0,0,0,0,0,0,0,0,0,0,0,0,0,0,0,0,0,0,0,0,0,0,0,0,0,0,0,0,0,0,0,0,0,0,0,0,0,0,0,0,0,0,0,0,0,0
D300713:bin_000009,4.084,2.417,4.921,4.991,2.849,8.137,6.207,3.437,5.957,5.527,16.116,6.193,15.446,6.522,3.992,3.56,3.129,3.276,0,3.341,5.868,3.537,13.828,8.206,8.626,4.306,5.851,3.58,0,0,5.457,13.108,7.241,7.325,12.687,13.726,4.319,7.353,5.661,2.697,13.655,12.106,5.4,9.55,13.701,8.127,8.443,8.761,5.526,9.443,10.274,7.165,6.029,9.952,0,4.61,5.255,3.569,2.25,0,2.336,10.737,0,8.133,4.14,5.883,14.582,0,9.847,10.296,7.405,6.826,10.394,9.695,6.405,17.921,4.451,4.469,0,16.914,0,8.023,13.876,27.546
D300714:bin_000008,5.291,0,18.187,6.866,3.599,10.297,9.525,3.748,3.694,15.372,22.972,12.607,32.444,9.66,6.494,5.011,8.627,2.63,3.23,7.735,4.418,3.45,11.387,9.943,10.041,4.361,5.036,2.957,0,0,7.338,22.253,6.047,6.68,14.868,11.344,4.976,13.277,8.334,8.634,16.276,9.278,3.016,9.47,9.609,13.6,10.642,5.565,8.182,16.279,14.495,3.358,11.47,6.187,0,5.782,5.696,6.219,3.925,0,1.965,34.805,0,9.9,5.046,3.915,22.534,0,7.073,7.391,8.574,8.878,16.982,5.469,3.625,20.44,8.989,6.21,15.808,16.65,0,12.676,10.746,26.515
D300719:bin_000003,22.772,9.086,15.178,17.672,10.037,23.078,16.585,2.544,27.785,22.759,34.296,19.474,31.049,15.553,23.138,13.405,8.251,10.702,14.735,7.304,10.713,9.342,35.483,35.745,16.639,16.178,25.461,11.208,7.896,4.831,15.609,58.657,25.91,24.26,22.798,47.569,16.243,29.288,18.054,9.381,34.437,26.235,12.022,21.386,19.197,14.163,44.208,19.005,24.913,27.198,21.721,19.372,17.396,28.686,0,8.807,19.015,15.051,4.469,17.683,14.097,26.368,0,30.47,15.029,19.942,38.18,2.914,33.88,32.836,18.496,8.403,23.913,38.967,26.434,48.151,20.422,16.274,23.259,43.038,0,28.791,27.638,107.208
D300719:bin_000008,0,0,0,0,0,0,0,0,0,0,0,0,0,0,0,0,0,0,0,0,0,0,0,0,0,0,0,0,0,0,0,0,0,0,0,0,0,0,0,0,0,0,0,0,0,0,0,0,0,0,0,0,0,0,0,0,0,0,0,0,0,0,0,0,0,0,0,0,0,0,0,0,0,0,0,0,0,0,0,0,0,0,0,0
D300720:bin_000001,35.063,18.121,37.687,43.05,26.366,61.306,39.227,18.395,42.328,64.138,96.598,57.573,67.48,28.872,35.563,23.248,25.458,38.257,8.778,27.368,39.781,16.093,67.131,55.704,53.708,23.793,80.691,16.745,3.221,2.326,32.808,97.258,54.782,36.381,56.583,91.219,25.011,45.708,38.584,24.519,56.533,35.763,26.431,37.931,21.354,29.789,57.69,64.636,57.538,36.063,42.157,41.538,27.46,48.008,0,31.387,27.895,38.707,12.999,8.493,12.03,51.593,0,37.21,29.427,26.353,110.543,0,60.595,52.29,47.213,36.86,51.579,63.353,38.508,26.693,40.563,21.02,37.646,85.173,0,41.759,59.436,127.775
D300723:bin_000001,0,0,0,0,0,0,0,0,0,0,0,0,0,0,0,0,0,0,0,0,0,0,0,0,0,0,0,0,0,0,0,0,0,0,0,0,0,0,0,0,0,0,0,0,0,0,0,0,0,0,0,0,0,0,0,0,0,0,0,0,0,0,0,0,0,0,0,0,0,0,0,0,0,0,0,0,0,0,0,0,0,0,0,0
D300723:bin_000008,0,0,0,0,0,0,0,0,0,0,0,0,0,0,0,0,0,0,0,0,0,0,0,0,0,0,0,0,0,0,7.931,0,0,0,0,0,0,0,0,0,0,6.715,2.468,0,0,0,0,0,0,0,0,0,2.723,0,0,0,0,0,0,0,0,0,0,0,0,0,0,0,0,0,0,0,0,0,0,0,0,0,0,0,0,0,0,0
D300729:bin_000019,4.164,2.585,6.735,6.858,3.455,6.437,10.29,3.792,7.962,8.664,15.018,5.728,14.78,13.27,4.095,8.283,3.842,3.395,0,5.016,4.098,3.513,9.51,8.775,14.637,4.384,4.994,3.469,0,0,5.396,19.218,7.186,7.234,18.23,16.26,5.976,6.936,7.351,2.693,21.875,19.836,7.002,12.821,17.644,7.025,7.841,7.228,7.22,8.834,11.164,7.035,6.654,12.012,0,7.297,7.37,6.091,3.789,0,4.785,14.657,0,9.322,4.561,7.728,13.302,0,7.943,10.453,8.726,7.803,10.115,8.406,4.338,23.423,5.637,7.646,5.572,29.52,0,7.844,10.707,29.083
D300742:bin_000002,4.905,0,3.23,4.159,3.744,6.673,7.453,3.548,7.374,9.861,15.471,6.628,10.982,5.244,7.088,2.984,5.641,3.669,0,5.504,6.612,3.123,7.342,8.301,6.751,3.55,7.996,3.473,0,0,5.326,13.774,6.641,5.908,12.636,11.859,3.79,4.862,9.127,3.431,8.275,7.961,5.903,3.719,8.754,6.679,8.113,10.345,7.853,8.04,6.699,5.315,5.692,5.104,0,5.283,3.784,5.617,2.8,0,1.427,9.977,0,4.645,5.277,5.937,14.523,0,4.937,7.637,8.975,5.563,9.095,7.034,5.133,11.298,5.836,3.701,6.396,18.116,0,7.369,9.785,19.248
D300748:bin_000014,0,2.886,6.758,0,0,2.609,0,0,5.553,3.417,7.096,8.071,3.091,3.896,4.868,0,0,0,0,0,0,0,2.654,3.261,4.349,2.041,0,0,0,0,0,5.24,2,18.432,3.309,7.812,0,3.591,0,0,54.445,3.148,0,4.108,2.88,3.44,2.477,3.293,1.665,3.093,2.444,0,0,10.944,0,0,0,1.768,0,0,11.069,12.521,0,3.15,0,0,5.404,0,2.431,4.119,0,2.003,2.739,8.377,0,0,0,0,4.001,7.566,0,2.695,0,16.812
D300750:bin_000009,0,0,0,0,0,0,0,0,0,0,0,0,0,0,0,0,0,0,0,0,0,0,0,0,0,0,0,0,0,0,0,0,0,0,0,0,0,0,0,0,0,0,0,0,0,0,0,0,0,0,0,0,0,0,0,0,0,0,0,0,0,0,0,0,0,0,0,0,0,0,0,0,0,0,0,0,0,0,0,0,0,0,0,0
D300751:bin_000024,0,0,0,0,0,0,0,0,0,0,0,0,0,0,0,0,0,0,0,0,0,0,0,0,0,0,0,0,0,0,0,0,0,0,0,0,0,0,0,0,0,0,0,0,0,0,0,0,0,0,0,0,0,0,0,0,0,0,0,0,0,0,0,0,0,0,0,0,0,0,0,0,0,0,0,0,0,0,0,0,0,0,0,0
D300751:bin_000031,0,0,0,0,0,0,0,0,0,0,0,0,0,0,0,0,0,0,0,0,0,0,0,0,0,0,0,0,0,0,0,0,0,0,0,0,0,0,0,0,0,0,0,0,0,0,0,0,0,0,0,0,0,0,0,0,0,0,0,0,0,0,0,0,0,0,0,0,0,0,0,0,0,0,0,0,0,0,0,0,0,0,0,0
D300754:bin_000002,0,0,0,0,0,0,0,0,0,0,0,0,0,0,0,0,0,0,0,0,0,0,0,0,0,0,0,0,0,0,0,0,0,0,0,0,0,0,0,0,0,0,0,0,0,0,0,0,0,0,0,0,0,0,0,0,0,0,0,0,0,0,0,0,0,0,0,0,0,0,0,0,0,0,0,0,0,0,0,0,0,0,0,0
D300754:bin_000004,0,0,0,0,0,0,0,0,0,0,0,0,0,0,0,0,0,0,0,0,0,0,0,0,0,0,0,0,0,0,0,0,0,0,0,0,0,0,0,0,0,0,0,0,0,0,0,0,0,0,0,0,0,0,0,0,0,0,0,0,0,0,0,0,0,0,0,0,0,0,0,0,0,0,0,0,0,0,0,0,0,0,0,0
D300755:bin_000017,0,0,0,0,0,0,0,0,0,0,0,0,0,0,0,0,0,0,0,0,0,0,0,0,0,0,0,0,0,0,0,0,0,0,0,0,0,0,0,0,0,0,0,0,0,0,0,0,0,0,0,0,0,0,0,0,0,0,0,0,0,0,0,0,0,0,0,0,0,0,0,0,0,0,0,0,0,0,0,0,0,0,0,0
D300757:bin_000005,0,4.382,31.772,10.018,6.963,0,23.409,20.894,58.395,5.639,35.514,65.461,8.966,27.851,22.337,49.015,4.36,0,0,11.098,4.424,4.611,40.161,6.771,87.33,14.407,2.281,0,0,0,19.999,74.238,12.298,11.827,5.87,149.986,9.856,17.635,43.982,2.288,27.897,65.575,7.527,4.406,63.166,3.903,24.638,37.198,5.173,0,23.528,94.99,17.729,47.256,0,10.66,9.1,55.965,7.844,4.473,11.224,0,0,5.386,0,9.98,6.942,0,29.435,38.153,5.106,4.362,15.123,82.485,47.586,30.76,32.377,0,11.027,39.269,0,6.606,3.103,27.384
D300759:bin_000011,0,5.371,15.182,4.367,0,8.334,0,0,25.88,0,3.303,27.013,8.858,14.405,4.833,28.289,0,0,0,8.48,3.147,0,2.305,11.16,54.187,2.697,0,0,0,0,4.695,17.44,1.611,3.558,0,53.36,0,5.006,0,2.699,2.67,12.415,2.013,0,11.255,0,5.326,13.702,0,7.879,9.765,56.165,3.109,35.131,0,0,8.162,97.106,13.784,0,0,0,0,0,0,3.203,9.794,0,14.783,20.651,0,8.079,0,82.878,0,9.069,22.446,0,9.513,28.657,0,4.38,2.464,18.428
D300759:bin_000036,0,0,0,0,0,0,0,0,0,0,0,0,0,0,0,0,0,0,0,0,0,0,0,0,0,0,0,0,0,0,0,0,0,0,0,0,0,0,0,0,0,0,0,0,0,0,0,0,0,0,0,0,0,0,0,0,0,0,0,0,0,0,0,0,0,0,0,0,0,0,0,0,0,0,0,0,0,0,0,0,0,0,0,0
D300760:bin_000013,0,0,0,0,0,0,0,0,0,0,0,0,0,0,0,0,0,0,0,0,0,0,0,0,0,0,0,0,0,0,0,0,0,0,0,0,0,0,0,0,0,0,0,0,0,0,0,0,0,0,0,0,0,0,0,0,0,0,0,0,0,0,0,0,0,0,0,0,0,0,0,0,0,0,0,0,0,0,0,0,0,0,0,0
D300763:bin_000009,0,0,0,0,0,0,0,0,0,0,0,0,0,0,0,0,0,0,0,0,0,0,0,0,0,0,0,0,0,0,0,0,0,0,0,0,0,0,0,0,0,0,0,0,0,0,0,0,0,0,0,0,0,0,0,0,0,0,0,0,0,0,0,0,0,0,0,0,0,0,0,0,0,0,0,0,0,0,0,0,0,0,0,0
D300763:bin_000013,0,0,0,0,0,0,0,0,0,0,0,0,0,0,0,0,0,0,0,0,0,0,0,0,0,0,0,0,0,0,0,0,0,0,0,0,0,0,0,0,0,0,0,0,0,0,0,0,0,0,0,0,0,0,0,0,0,0,0,0,0,0,0,0,0,0,0,0,0,0,0,0,0,0,0,0,0,0,0,0,0,0,0,0
D300763:bin_000022,0,0,0,0,0,0,0,0,0,0,0,0,0,0,0,0,0,0,0,0,0,0,0,0,0,0,0,0,0,0,0,0,0,0,0,0,0,0,0,0,0,0,0,0,0,0,0,0,0,0,0,0,0,0,0,0,0,0,0,0,0,0,0,0,0,0,0,0,0,0,0,0,0,0,0,25.241,0,0,0,0,0,12.177,0,34.304
D300763:bin_000032,0,0,0,0,0,3.147,0,0,0,3.075,4.092,0,3.191,0,1.823,0,0,0,0,0,0,0,0,0,4.417,0,0,0,0,0,2.28,3.995,0,0,2.903,3.84,0,2.033,0,0,3.265,0,0,0,0,0,2.128,0,1.806,0,0,0,0,0,0,0,0,3.174,0,0,0,0,0,0,0,0,3.298,0,0,0,0,0,0,0,0,0,1.772,0,0,3.13,0,1.956,0,4.532
D300764:bin_000008,5.949,4.188,14.368,4.133,0,6.183,6.009,2.464,26.947,6.65,11.965,29.654,12.606,18.907,10.382,0,0,2.923,0,0,0,3.104,8.748,0,9.532,11.685,6.97,0,0,0,12.104,14.743,4.978,15.328,7.624,26.166,5.846,10.02,3.809,2.523,53.396,14.897,3.493,23.085,15.199,0,5.411,15.079,0,9.583,0,6.508,6.157,24.185,0,4.333,6.347,5.692,3.355,0,136.624,23.277,0,9.728,0,0,21.413,0,6.974,20.43,8.402,0,17.869,15.747,8.102,12.825,9.048,0,6.747,17.156,0,6.578,8.911,52.659
D300764:bin_000013,0,0,0,0,0,0,0,0,0,0,0,0,0,0,0,0,0,0,0,0,0,0,0,0,0,0,0,0,0,0,0,0,0,0,0,0,0,0,0,0,0,0,0,0,0,0,0,0,0,0,0,0,0,0,0,0,0,0,0,0,0,0,0,0,0,0,0,0,0,0,0,0,0,0,0,0,0,0,0,0,0,0,0,0
D300766:bin_000008,0,0,0,0,0,0,0,0,0,0,0,0,0,0,0,0,0,0,0,0,0,0,0,0,0,0,0,0,0,0,0,1.73,0,0,0,0,0,0,0,0,0,0,0,0,0,0,0,0,0,0,0,0,0,0,0,0,0,0,0,0,0,0,0,0,0,0,0,0,0,0,0,0,0,0,0,0,0,0,0,2.886,0,0,0,4.675
D300766:bin_000009,0,0,0,0,0,0,0,0,1.694,0,0,0,0,0,0,0,0,0,0,0,0,0,0,0,0,0,3.025,0,0,0,0,1.718,0,0,0,0,0,0,0,0,0,0,0,0,0,0,0,0,0,0,0,0,0,0,0,0,0,0,0,0,0,0,0,0,0,0,0,0,0,0,0,0,0,0,0,0,0,0,0,0,0,0,0,0
MPB:bin_000002,0,0,2.383,0,0,0,1.496,0,3.607,1.638,0,2.829,0,0,0,2.661,0,0,0,2.258,0,0,0,0,0,0,0,0,0,0,2.035,1.451,0,0,0,0,0,0,0,0,0,0,0,0,0,0,1.356,0,0,0,0,0,0,0,0,1.23,0,0,0,0,0,0,0,0,0,0,0,0,1.875,2.1,0,0,3.071,0,0,0,0,0,0,1.862,0,2.372,0,6.802
MPB:bin_000004,0,0,0,0,0,0,0,0,0,0,0,0,0,0,0,0,0,0,0,0,0,0,0,0,0,0,0,0,0,0,0,0,0,0,0,0,0,0,0,0,0,0,0,0,0,0,0,0,0,0,0,0,0,0,0,0,0,0,0,0,0,0,0,0,0,0,0,0,0,0,0,0,0,0,0,0,0,0,0,0,0,0,0,0
MPB:bin_000005,0,0,2.714,0,0,3.648,0,1.79,2.481,2.923,4.576,2.691,4.031,4.157,3.051,0,0,1.611,0,0,0,0,0,3.377,4.463,1.669,2.611,0,0,0,0,5.847,2.761,4.692,7.585,5.809,2.323,2.507,0,1.696,6.492,0,0,0,4.012,0,0,0,0,5.119,3.311,2.322,2.606,4.433,0,2.176,3.219,2.461,0,0,0,7.444,0,2.271,0,0,6.458,0,0,0,4.132,3.216,0,0,0,6.288,2.033,0,0,9.334,0,0,4.231,6.456
MPB:bin_000006,0,0,0,0,0,0,0,0,0,0,0,0,0,0,0,0,0,0,0,0,0,0,0,0,0,0,0,0,0,0,0,0,0,0,0,0,0,0,0,0,0,0,0,0,0,0,0,0,0,0,0,0,0,0,0,0,0,0,0,0,0,0,0,0,0,0,0,0,0,0,0,0,0,0,0,0,0,0,0,0,0,0,0,0
MPB:bin_000007,0,0,0,0,0,0,0,0,0,0,0,0,0,0,0,0,0,0,0,0,0,0,0,0,0,0,0,0,0,0,0,0,0,0,0,0,0,0,0,0,0,0,0,0,0,0,0,0,0,0,0,0,0,0,0,0,0,0,0,0,0,0,0,0,0,0,0,0,0,0,0,0,0,0,0,0,0,0,0,0,0,0,0,0
MPB:bin_000009,0,0,0,0,0,0,0,0,0,0,0,0,0,0,0,0,0,0,0,0,0,0,0,0,0,0,0,0,0,0,0,0,0,0,0,0,0,0,0,0,0,0,0,0,0,0,0,0,0,0,0,0,0,0,0,0,0,0,0,0,0,0,0,0,0,0,0,0,0,0,0,0,0,0,0,0,0,0,0,0,0,0,0,0
MPB:bin_000010,0,0,0,0,0,0,0,0,0,0,0,0,0,0,0,0,0,0,0,0,0,0,0,0,0,0,0,0,0,0,0,0,0,0,0,0,0,0,0,0,0,0,0,0,0,0,0,0,0,0,0,0,0,0,0,0,0,0,0,0,0,0,0,0,0,0,0,0,0,0,0,0,0,0,0,0,0,0,0,0,0,0,0,0
MPB:bin_000011,0,0,0,0,0,0,0,0,0,0,0,0,0,0,0,0,0,0,0,0,0,0,0,0,0,0,0,0,0,0,0,0,0,0,0,0,0,0,0,0,0,0,0,0,0,0,0,0,0,0,0,0,0,0,0,0,0,0,0,0,0,0,0,0,0,0,0,0,0,0,0,0,0,0,0,0,0,0,0,0,0,0,0,0
MPB:bin_000016,34.496,13.436,27.999,39.381,19.902,54.824,33.481,11.369,38.423,26.731,68.574,40.66,69.957,40.692,20.282,27.64,16.322,25.392,9.289,17.221,25.606,17.752,63.289,47.442,40.684,22.137,42.991,25.066,4.667,2.85,35.413,89.738,41.647,43.726,59.231,84.899,19.756,48.793,51.33,13.497,83.826,44.857,18.961,53.317,71.977,49.723,43.764,46.932,49.44,39.105,57.03,37.453,33.873,52.289,0,20.207,43.266,30.266,8.954,8.494,13.132,36.461,0,33.652,24.432,39.437,99.135,2.611,42.226,44.938,26.254,35.14,69.666,55.272,49.881,106.52,22.803,32.536,27.163,95.849,0,47.573,73.982,160.635
MPB:bin_000017,0,0,0,0,0,0,0,0,0,0,0,0,0,0,0,0,0,0,0,0,0,0,0,0,0,0,0,0,0,0,0,0,0,0,0,0,0,0,0,0,0,0,0,0,0,0,0,0,0,0,0,0,0,0,0,0,0,0,0,0,0,0,0,0,0,0,0,0,0,0,0,0,0,0,0,0,0,0,0,0,0,0,0,0
MPB:bin_000019,8.224,3.727,3.662,6.194,2.732,2.601,5.122,0,12.437,7.755,8.501,5.886,29.961,12.986,4.523,4.995,3.617,3.446,3.405,4.985,6.369,2.181,9.637,7.694,10.558,2.831,14.856,4.861,0,0,8.326,15.023,4.863,6.272,6.105,18.568,5.649,5.952,7.668,2.688,18.656,11.419,3.52,7.559,13.563,4.579,8.726,7.846,4.394,5.756,14.858,9.466,6.108,9.269,0,3.236,16.663,6.961,4.385,3.324,7.067,5.799,0,5.264,5.727,6.147,20.015,0,7.886,12.395,5.448,6.834,8.912,8.245,6.921,26.493,4.642,6.147,9.472,18.132,0,6.16,14.883,41.669
MPB:bin_000021,0,0,0,0,0,0,0,0,0,0,0,0,0,0,0,0,0,0,0,0,0,0,0,0,0,0,0,0,0,0,0,0,0,0,0,0,0,0,0,0,0,0,0,0,0,0,0,0,0,0,0,0,0,0,0,0,0,0,0,0,0,0,0,0,0,0,0,0,0,0,0,0,0,0,0,0,0,0,0,0,0,0,0,0
MPB:bin_000022,0,0,0,0,0,0,0,0,0,0,0,0,0,0,0,0,0,0,0,0,0,0,0,0,0,0,0,0,0,0,0,0,0,0,0,0,0,0,0,0,0,0,0,0,0,0,0,0,0,0,0,0,0,0,0,0,0,0,0,0,0,0,0,0,0,0,0,0,0,0,0,0,0,0,0,0,0,0,0,0,0,0,0,0
MPB:bin_000023,0,0,0,0,0,0,0,0,0,0,0,0,0,0,0,0,0,0,0,0,0,0,0,0,0,0,0,0,0,0,0,0,0,0,0,0,0,0,0,0,0,0,0,0,0,0,0,0,0,0,0,0,0,0,0,0,0,0,0,0,0,0,0,0,0,0,0,0,0,0,0,0,0,0,0,0,0,0,0,0,0,0,0,0
MPB:bin_000026,0,0,0,0,0,0,0,0,0,0,0,0,0,0,0,0,0,0,0,0,0,0,0,0,0,0,0,0,0,0,0,0,0,0,0,0,0,0,0,0,0,0,0,0,0,0,0,0,0,0,0,0,0,0,0,0,0,0,0,0,0,0,0,0,0,0,0,0,0,0,0,0,0,0,0,0,0,0,0,0,0,0,0,0
MPB:bin_000030,0,0,0,0,0,0,0,0,0,0,0,0,0,0,0,0,0,0,0,0,0,0,0,0,0,0,0,0,0,0,0,0,0,0,0,0,0,0,0,0,0,0,0,0,0,0,0,0,0,0,0,0,0,0,0,0,0,0,0,0,0,0,0,0,0,0,0,0,0,0,0,0,0,0,0,0,0,0,0,0,0,0,0,0
MPB:bin_000034,0,0,0,0,0,0,0,0,0,0,0,0,0,0,0,0,0,0,0,0,0,0,0,0,0,0,0,0,0,0,0,0,0,0,0,0,0,0,0,0,0,0,0,0,0,0,0,0,0,0,0,0,0,0,0,0,0,0,0,0,0,0,0,0,0,0,0,0,0,0,0,0,0,0,0,0,0,0,0,0,0,0,0,0
MPB:bin_000035,0,0,0,0,0,0,0,0,0,0,0,0,0,0,0,0,0,0,0,0,0,0,0,0,0,0,0,0,0,0,0,0,0,0,0,0,0,0,0,0,0,0,0,0,0,0,0,0,0,0,0,0,0,0,0,0,0,0,0,0,0,0,0,0,0,0,0,0,0,0,0,0,0,0,0,0,0,0,0,0,0,0,0,0
MPB:bin_000037,0,0,0,0,0,0,0,0,0,0,0,0,0,0,0,0,0,0,0,0,0,0,0,0,0,0,0,0,0,0,0,0,0,0,0,0,0,0,0,0,0,0,0,0,0,0,0,0,0,0,0,0,0,0,0,0,0,0,0,0,0,0,0,0,0,0,0,0,0,0,0,0,0,0,0,0,0,0,0,0,0,0,0,0
MPB:bin_000040,0,0,0,0,0,0,0,0,0,0,0,0,0,0,0,0,0,0,0,0,0,0,0,0,0,0,0,0,0,0,0,0,0,0,0,0,0,0,0,0,0,0,0,0,0,0,0,0,0,0,0,0,0,0,0,0,0,0,0,0,0,0,0,0,0,0,0,0,0,0,0,0,0,0,0,0,0,0,0,0,0,0,0,0
MPB:bin_000041,0,0,0,0,0,0,0,0,0,0,0,0,0,0,0,0,0,0,0,0,0,0,0,0,3.167,0,0,0,0,0,0,0,0,0,0,0,0,0,0,0,0,0,0,0,0,0,0,0,0,0,0,0,0,0,0,0,0,0,0,0,0,0,0,0,0,0,0,0,0,0,0,0,3.169,0,0,0,0,0,0,0,0,0,0,0
MPB:bin_000042,3.308,0,11.999,12.709,5.249,35.555,9.833,5.071,11.49,27.155,12.058,3.768,44.032,69.037,7.468,10.35,3.815,2.075,2.36,4.296,6.577,3.813,10.133,16.944,75.451,8.097,31.88,2.388,3.592,0,8.626,23.87,5.533,5.665,57.043,41.113,6.936,7.972,11.626,3.66,11.708,17.948,5.97,12.868,18.835,5.671,4.553,56.532,15.981,6.63,11.23,8.319,7.536,24.422,0,3.905,7.202,6.747,6.517,0,1.586,25.037,0,12.413,5.024,8.043,15.385,0,5.075,5.701,3.794,36.496,37.321,7.057,3.579,21.895,5.972,6.862,8.327,20.537,0,6.489,52.171,28.55
MPB:bin_000044,0,0,0,0,0,0,0,0,0,0,0,0,0,0,0,0,0,0,0,0,0,0,0,0,0,0,0,0,0,0,0,0,0,0,0,0,0,0,0,0,0,0,0,0,0,0,0,0,0,0,0,0,0,0,0,0,0,0,0,0,0,0,0,0,0,0,0,0,0,0,0,0,0,0,0,0,0,0,0,0,0,0,0,0
MPB:bin_000047,0,0,0,0,0,0,0,0,0,0,0,0,0,0,0,0,0,0,0,0,0,0,0,0,0,0,0,0,0,0,0,0,0,0,0,0,0,0,0,0,0,0,0,0,0,0,0,0,0,0,0,0,0,0,0,0,0,0,0,0,0,0,0,0,0,0,0,0,0,0,0,0,0,0,0,0,0,0,0,0,0,0,0,0
MPB:bin_000048,0,0,0,0,0,0,0,0,0,0,0,0,0,0,0,0,0,0,0,0,0,0,0,0,0,0,0,0,0,0,0,0,0,0,0,0,0,0,0,0,0,0,0,0,0,0,0,0,0,0,0,0,0,0,0,0,0,0,0,0,0,0,0,0,0,0,0,0,0,0,0,0,0,0,0,0,0,0,0,0,0,0,0,0
MPB:bin_000049,5.305,3.046,4.891,5.955,4.005,19.37,7.909,3.131,7.248,11.581,11.395,5.244,14.055,6.279,3.818,3.947,3.22,3.293,1.879,7.492,6.116,4.046,11.414,10.947,9.683,3.573,5.619,3.414,0,0,4.457,15.643,9.688,6.989,13.917,10.921,6.749,10.249,9.274,3.765,11.892,9.893,8.96,7.727,10.719,11.405,8.911,7.055,6.807,11.816,8.513,4.706,5.557,9.952,0,6.801,5.156,8.84,2.926,0,2.358,11.639,0,7.435,4.886,8.186,17.637,0,8.56,7.485,4.601,5.689,12.387,7.358,7.126,15.62,7.08,5.112,6.901,19.98,0,5.874,13.937,17.431
MPB:bin_000050,0,0,0,0,0,0,0,0,0,0,0,0,0,3.319,0,0,0,0,0,0,3.039,0,0,0,0,0,0,0,0,0,0,2.733,0,0,0,5.67,0,0,0,0,0,3.651,0,0,0,0,0,0,0,0,0,0,0,0,0,0,0,0,0,0,0,0,0,0,0,0,0,0,0,0,3.284,0,0,0,0,0,0,0,0,4.846,0,0,0,0
MPB:bin_000051,0,0,0,0,0,0,0,0,0,0,0,0,0,0,0,0,0,0,0,0,0,0,0,0,0,0,0,0,0,0,0,2.015,1.523,0,0,0,0,0,0,0,0,0,0,0,0,0,2.373,0,0,0,0,0,0,0,0,0,0,0,0,0,0,0,0,0,0,0,0,0,1.231,0,0,0,0,0,0,0,0,0,0,2.225,0,0,0,0
MPB:bin_000052,0,0,0,0,0,0,0,0,0,0,0,0,0,0,0,0,0,0,0,0,0,0,0,0,0,0,0,0,0,0,0,0,0,0,0,0,0,0,0,0,0,0,0,0,0,0,0,0,0,0,0,0,0,0,0,0,0,0,0,0,0,0,0,0,0,0,0,0,0,0,0,0,0,0,0,0,0,0,0,0,0,0,0,0
MPB:bin_000053,0,0,0,0,0,0,0,0,0,0,0,0,0,0,0,0,0,0,0,0,0,0,0,0,0,0,0,0,0,0,0,0,0,0,0,0,0,0,0,0,0,0,0,0,0,0,0,0,0,0,0,0,0,0,0,0,0,0,0,0,0,0,0,0,0,0,0,0,0,0,0,0,0,0,0,0,0,0,0,0,0,0,0,0
MPB:bin_000055,0,0,0,0,0,0,0,0,0,0,0,0,0,0,0,0,0,0,0,0,0,0,0,0,0,0,0,0,0,0,0,0,0,0,0,0,0,0,0,0,0,0,0,0,0,0,0,0,0,0,0,0,0,0,0,0,0,0,0,0,0,0,0,0,0,0,0,0,0,0,0,0,0,0,0,0,0,0,0,0,0,0,0,0
MPB:bin_000057,0,0,0,0,0,0,0,0,0,0,0,0,0,0,0,0,0,0,0,0,0,0,0,0,0,0,0,0,0,0,0,0,0,0,0,0,0,0,0,0,2.759,0,0,0,0,0,0,0,0,0,0,0,0,0,0,0,0,0,0,0,0,0,0,0,0,0,0,0,0,0,0,0,0,0,0,0,0,0,0,0,0,0,0,0
MPB:bin_000059,0,0,0,0,0,0,0,0,0,0,0,0,0,0,0,0,0,0,0,0,0,0,0,0,0,0,0,0,0,0,0,0,0,0,0,0,0,0,0,0,0,0,0,0,0,0,0,0,0,0,0,0,0,0,0,0,0,0,0,0,0,0,0,0,0,0,0,0,0,0,0,0,0,0,0,0,0,0,0,0,0,0,0,0
MPB:bin_000061,0,0,0,0,0,0,0,0,0,0,0,0,0,0,0,0,0,0,0,0,0,0,0,0,0,0,0,0,0,0,0,0,0,0,0,0,0,0,0,0,0,0,0,0,0,0,0,0,0,0,0,0,0,0,0,0,0,0,0,0,0,0,0,0,0,0,0,0,0,0,0,0,0,0,0,0,0,0,0,0,0,0,0,0
MPB:bin_000062,0,0,0,0,0,0,0,0,0,0,0,0,0,0,0,0,0,0,0,0,0,0,0,0,0,0,0,0,0,0,0,0,0,0,0,0,0,0,0,0,0,0,0,0,0,0,0,0,0,0,0,0,0,0,0,0,0,0,0,0,0,0,0,0,0,0,0,0,0,0,0,0,0,0,0,0,0,0,0,0,0,0,0,0
MPB:bin_000063,0,0,3.452,0,0,0,2.729,0,2.285,2.119,0,0,0,0,0,0,0,0,0,2.259,0,0,2.263,0,0,0,0,0,0,0,2.451,2.624,0,0,3.596,3.201,0,0,0,1.986,0,0,2.129,0,0,0,4.698,0,0,0,0,0,0,0,0,0,0,0,0,0,0,3.124,0,0,0,2.268,7.76,0,2.085,2.396,0,4.755,0,0,0,0,0,0,0,2.625,0,0,0,3.691
MPB:bin_000064,0,0,3.803,2.965,2.229,5.559,2.756,0,2.238,7.102,6.968,2.42,4.488,4.41,4.2,3.226,0,2.179,0,3.415,3.677,0,2.768,5.268,0,0,2.085,0,0,0,3.472,7.223,0,4.342,0,6.455,2.611,5.028,0,0,8.377,7.593,5.885,7.491,4.67,3.577,3.013,0,2.972,4.831,3.078,3.233,2.841,4.566,0,0,0,3.015,0,0,1.28,6.103,0,2.667,2.765,2.6,8.274,0,3.1,5.508,5.392,0,6.213,7.42,0,6.962,0,0,2.911,8.529,0,5.177,6.501,9.398
MPB:bin_000065,0,0,0,0,0,0,0,0,0,0,0,0,0,0,0,0,0,0,0,0,0,0,0,0,0,0,0,0,0,0,0,0,0,0,0,0,0,0,0,0,0,0,0,0,0,0,0,0,0,0,0,0,0,0,0,0,0,0,0,0,0,0,0,0,0,0,0,0,0,0,0,0,0,0,0,0,0,0,0,0,0,0,0,0
MPB:bin_000066,10.718,0,5.068,5.282,4.009,7.103,8.189,2.586,10.977,10.268,16.956,5.325,10.685,6.396,7.252,4.564,4.103,2.671,6.268,5.099,3.446,4.715,12.172,12.612,6.209,6.329,9.269,4.079,0,0,4.038,16.531,18.061,12.633,7.235,23.116,4.731,8.916,7.923,2.589,11.93,8.233,2.214,10.699,6.647,2.797,15.941,6.53,8.951,14.274,10.211,6.98,4.043,16.214,0,4.585,7.797,6.702,2.656,3.256,6.924,12.721,0,5.146,6.83,6.431,9.374,0,12.898,9.497,6.453,3.509,11.52,16.601,5.768,13.883,6.343,5.194,6.022,15.042,0,7.475,14.746,30.742
MPB:bin_000069,0,0,4.502,3.608,1.795,4.893,3.006,1.829,3.568,6.067,8.615,3.009,8.002,5.444,2.924,3.813,0,4.201,0,1.948,4.16,2.128,4.814,4.007,4.575,2.306,3.422,0,0,0,2.515,6.598,5.454,5.724,5.801,5.412,2.167,4.605,3.94,1.936,6.293,5.973,3.59,3.743,2.8,4.562,4.049,6.905,4.367,4.735,3.638,4.067,3.793,4.864,0,5.145,0,3.105,2.023,0,0,9.197,0,4.971,2.941,3.185,8.347,0,5.498,7.401,6.201,3.668,6.515,5.816,0,3.19,2.992,2.257,3.587,9.275,0,2.595,4.768,10.383
MPB:bin_000070,0,0,0,0,0,0,0,0,0,0,0,0,0,0,0,0,0,0,0,0,0,0,0,0,0,0,0,0,0,0,0,0,0,0,0,0,0,0,0,0,0,0,0,0,0,0,0,0,0,0,0,0,0,0,0,0,0,0,0,0,0,0,0,0,0,0,0,0,0,0,0,0,0,0,0,0,0,0,0,0,0,0,0,0
MPB:bin_000072,0,0,0,0,0,0,0,0,0,0,0,0,0,0,0,0,0,0,0,0,0,0,0,0,0,0,0,0,0,0,0,0,0,0,0,0,0,0,0,0,0,0,0,0,0,0,0,0,0,0,0,0,0,0,0,0,0,0,0,0,0,0,0,0,0,0,0,0,0,0,0,0,0,0,0,0,0,0,0,0,0,0,0,0
MPB:bin_000073,0,0,0,0,0,0,0,0,0,0,0,0,0,0,0,0,0,0,0,0,0,0,0,0,0,0,0,0,0,0,0,0,0,0,0,0,0,0,0,0,0,0,0,0,0,0,0,0,0,0,0,0,0,0,0,0,0,0,0,0,0,0,0,0,0,0,0,0,0,0,0,0,0,0,0,0,0,0,0,0,0,0,0,0
MPB:bin_000074,0,0,0,0,0,0,0,0,0,0,0,0,0,0,0,0,0,0,0,0,0,0,0,0,0,0,0,0,0,0,0,0,0,0,0,0,0,0,0,0,0,0,0,0,0,0,0,0,0,0,0,0,0,0,0,0,0,0,0,0,0,0,0,0,0,0,0,0,0,0,0,0,0,0,0,0,0,0,0,0,0,0,0,0
MPB:bin_000075,0,0,0,0,0,0,0,0,0,0,0,0,0,0,0,0,0,0,0,0,0,0,0,0,0,0,0,0,0,0,0,0,0,0,0,0,0,0,0,0,0,0,0,0,0,0,0,0,0,0,0,0,0,0,0,0,0,0,0,0,0,0,0,0,0,0,0,0,0,0,0,0,0,0,0,0,0,0,0,0,0,0,0,0
MPB:bin_000076,0,0,0,0,0,0,0,0,0,0,0,0,0,0,0,0,0,0,0,0,0,0,0,0,0,0,0,0,0,0,0,0,0,0,0,0,0,0,0,0,0,0,0,0,0,0,0,0,0,0,0,0,0,0,0,0,0,0,0,0,0,0,0,0,0,0,0,0,0,0,0,0,0,0,0,0,0,0,0,0,0,0,0,0
MPB:bin_000079,0,0,0,0,0,0,0,0,0,0,0,0,0,0,0,0,0,0,0,0,0,0,0,0,0,0,0,0,0,0,0,0,0,0,0,0,0,0,0,0,0,0,0,0,0,0,0,0,0,0,0,0,0,0,0,0,0,0,0,0,0,0,0,0,0,0,0,0,0,0,0,0,0,0,0,0,0,0,0,0,0,0,0,0
MPB:bin_000080,0,0,0,0,0,0,0,0,0,0,0,0,0,0,0,0,0,0,0,0,0,0,0,0,0,0,0,0,0,0,0,0,0,0,0,0,0,0,0,0,0,0,0,0,0,0,0,0,0,0,0,0,0,0,0,0,0,0,0,0,0,0,0,0,0,0,0,0,0,0,0,0,0,0,0,0,0,0,0,0,0,0,0,0
MPB:bin_000081,0,0,0,0,0,0,0,0,0,0,0,0,0,0,0,0,0,0,0,0,0,0,0,0,0,0,0,0,0,0,0,0,0,0,0,0,0,0,0,0,0,0,0,0,0,0,0,0,0,0,0,0,0,0,0,0,0,0,0,0,0,0,0,0,0,0,0,0,0,0,0,0,0,0,0,0,0,0,0,0,0,0,0,0
MPB:bin_000082,0,0,0,0,0,0,0,0,0,0,0,0,0,0,0,0,0,0,0,0,0,0,0,0,0,0,0,0,0,0,0,0,0,0,0,0,0,0,0,0,0,0,0,0,0,0,0,0,0,0,0,0,0,0,0,0,0,0,0,0,0,0,0,0,0,0,0,0,0,0,0,0,0,0,0,0,0,0,0,0,0,0,0,0
MPB:bin_000083,0,0,0,0,0,0,0,0,0,0,0,0,0,0,0,0,0,0,0,0,0,0,0,0,0,0,0,0,0,0,0,0,0,0,0,0,0,0,0,0,0,0,0,0,0,0,0,0,0,0,0,0,0,0,0,0,0,0,0,0,0,0,0,0,0,0,0,0,0,0,0,0,0,0,0,0,0,0,0,0,0,0,0,0
MPB:bin_000085,0,0,0,0,0,0,0,0,0,0,0,0,0,0,0,0,0,0,0,0,0,0,0,0,0,0,0,0,0,0,0,0,0,0,0,0,0,0,0,0,0,0,0,0,0,0,0,0,0,0,0,0,0,0,0,0,0,0,0,0,0,0,0,0,0,0,0,0,0,0,0,0,0,0,0,0,0,0,0,0,0,0,0,0
MPB:bin_000087,0,0,0,0,0,0,0,0,0,0,0,0,0,0,0,0,0,0,0,0,0,0,0,0,0,0,0,0,0,0,0,0,0,0,0,0,0,0,0,0,0,0,0,0,0,0,0,0,0,0,0,0,0,0,0,0,0,0,0,0,0,0,0,0,0,0,0,0,0,0,0,0,0,0,0,0,0,0,0,3.274,0,1.827,0,0
MPB:bin_000088,0,0,0,0,0,0,0,0,0,0,0,0,0,0,0,0,0,0,0,0,0,0,0,0,0,0,0,0,0,0,0,0,0,0,0,0,0,0,0,0,0,0,0,0,0,0,0,0,0,0,0,0,0,0,0,0,0,0,0,0,0,0,0,0,0,0,0,0,0,0,0,0,0,0,0,0,0,0,0,0,0,0,0,0
MPB:bin_000090,32.966,10.289,21.54,26.554,13.125,38.057,27.412,9.263,21.508,26.199,41.699,21.205,56.842,20.477,16.305,11.874,12.726,13.31,6.511,14.624,20.636,9.556,40.66,25.03,26.303,12.691,30.346,9.238,2.439,1.964,21.247,58.098,19.752,35.106,33.176,70.134,12.516,24.291,30.178,14.163,63.242,34.846,16.481,31.401,42.341,31.042,30.106,37.569,22.321,34.925,28.239,22.704,20.766,44.489,0,14.673,32.643,21.567,6.99,4.326,15.842,32.914,0,22.459,16.913,17.201,57.48,0,29.901,34.083,26.566,17.575,48.259,46.777,25.342,42.606,19.257,18.396,24.058,54.717,0,27.216,60.677,97.43
MPB:bin_000091,0,0,0,0,0,0,0,0,0,0,0,0,0,0,0,0,0,0,0,0,0,0,0,0,0,0,0,0,0,0,0,0,0,0,0,0,0,0,0,0,0,0,0,0,0,0,0,0,0,0,0,0,0,0,0,0,0,0,0,0,0,0,0,0,0,0,0,0,0,0,0,0,0,0,0,0,0,0,0,0,0,0,0,0
MPB:bin_000092,0,0,0,0,0,0,0,0,0,0,0,0,0,0,0,0,0,0,0,0,0,0,0,0,0,0,0,0,0,0,0,0,0,0,0,0,0,0,0,0,0,0,0,0,0,0,0,0,0,0,0,0,0,0,0,0,0,0,0,0,0,0,0,0,0,0,0,0,0,0,0,0,0,0,0,0,0,0,0,0,0,0,0,0
MPB:bin_000093,0,0,0,0,0,0,0,0,0,0,0,0,0,0,0,0,0,0,0,0,0,0,0,0,0,0,0,0,0,0,0,0,0,0,0,0,0,0,0,0,0,0,0,0,0,0,2.504,0,0,0,0,0,0,0,0,0,0,0,0,0,0,0,0,0,0,0,0,0,0,0,0,0,0,0,0,0,0,0,0,4.269,0,0,0,0
MPB:bin_000094,0,0,6.555,0,0,0,3.839,0,0,0,7.425,0,7.58,0,0,0,0,0,0,2.743,0,0,0,6.59,0,2.449,0,0,0,0,0,6.786,0,0,0,0,2.979,0,0,0,0,14.903,2.942,0,0,3.682,0,4.908,0,0,6.304,0,0,0,0,0,0,0,0,0,0,16.626,0,0,0,0,7.79,0,3.035,0,0,3.404,0,0,0,0,2.653,3.055,0,6.371,0,0,5.727,0
MPB:bin_000095,0,0,0,0,0,0,0,0,0,0,0,0,0,0,0,0,0,0,0,0,0,0,0,0,0,0,0,0,0,0,0,0,0,0,0,0,0,0,0,0,0,0,0,0,0,0,0,0,0,0,0,0,0,0,0,0,0,0,0,0,0,0,0,0,0,0,0,0,0,0,0,0,0,0,0,0,0,0,0,0,0,0,0,0
MPB:bin_000097,0,0,0,2.638,1.936,5.93,3.399,1.811,3.119,5.256,4.727,3.37,6.049,2.646,2.779,0,2.733,0,0,0,2.775,1.87,3.334,0,4.771,0,2.924,0,0,0,0,5.952,2.891,2.645,5.876,5.231,2.187,0,2.159,0,5.569,4.492,0,0,0,2.455,0,0,0,0,0,2.484,0,0,0,3.225,0,0,2.08,0,0,6.333,0,2.837,0,2.166,5.789,0,0,3.049,5.692,3.979,0,0,0,3.279,0,2.255,0,8.959,0,3.377,0,7.619
MPB:bin_000100,0,0,0,0,0,0,0,0,0,0,0,0,0,0,0,0,0,0,0,0,0,0,0,0,0,0,0,0,0,0,0,0,0,0,0,0,0,0,0,0,0,0,0,0,0,0,0,0,0,0,0,0,0,0,0,0,0,0,0,0,0,0,0,0,0,0,0,0,0,0,0,0,0,0,0,0,0,0,0,0,0,0,0,0
MPB:bin_000103,0,0,0,0,0,0,0,0,0,0,0,0,0,0,0,0,0,0,0,0,0,0,0,0,0,0,0,0,0,0,0,0,0,0,0,0,0,0,0,0,0,0,0,0,0,0,0,0,0,0,0,0,0,0,0,0,0,0,0,0,0,0,0,0,0,0,0,0,0,0,0,0,0,0,0,0,0,0,0,0,0,0,0,0
MPB:bin_000105,2.558,0,2.671,0,0,2.28,0,0,4.1,2.047,4.01,3.216,2.965,2.712,2.343,0,2.338,0,0,0,1.93,0,3.945,0,4.036,1.442,4.311,0,0,0,3.806,6.515,1.619,4.183,2.863,7.689,1.717,2.391,0,1.773,10.765,3.116,0,4.339,3.178,2.692,1.978,2.017,1.797,3.403,2.588,0,1.355,4.787,0,2.265,2.853,2.51,1.307,0,3.904,4.325,0,3.775,0,0,5.712,0,3.185,2.227,6.811,2.987,3.276,5.73,0,2.691,1.692,2.599,0,8.403,0,2.975,3.5,17.61
MPB:bin_000106,0,0,0,0,0,0,0,0,0,0,0,0,0,0,0,0,0,0,0,0,0,0,0,0,0,0,0,0,0,0,0,0,0,0,0,0,0,0,0,0,0,0,0,0,0,0,0,3.127,0,0,0,0,0,0,0,0,0,0,0,0,0,0,0,0,0,0,0,0,0,0,0,0,0,0,0,0,0,0,0,0,0,0,2.336,0
MPB:bin_000107,0,0,0,0,0,0,0,0,0,0,0,0,0,0,0,0,0,0,0,0,0,0,0,0,0,0,0,0,0,0,0,0,0,0,0,0,0,0,0,0,0,0,0,0,0,0,0,0,0,0,0,0,0,0,0,0,0,0,0,0,0,0,0,0,0,0,0,0,0,0,0,0,0,0,0,0,0,0,0,0,0,0,0,0
MPB:bin_000108,0,0,0,0,0,0,0,0,0,0,0,0,0,0,0,0,0,0,0,0,0,0,0,0,0,0,0,0,0,0,0,0,0,0,0,0,0,0,0,0,0,0,0,0,0,0,0,0,0,0,0,0,0,0,0,0,0,0,0,0,0,0,0,0,0,0,0,0,0,0,0,0,0,0,0,0,0,0,0,0,0,0,0,0
MPB:bin_000109,0,0,0,4.644,0,0,2.629,0,0,2.82,4.381,0,0,0,0,2.701,0,0,0,0,0,0,0,0,35.663,0,1.925,0,0,0,0,4.379,0,0,0,0,0,0,0,0,0,0,0,3.59,3.398,0,0,0,0,0,0,0,0,0,0,0,0,0,0,0,0,0,0,0,0,0,0,0,3.581,0,0,0,3.773,0,0,4.275,0,0,0,0,0,0,0,5.357
MPB:bin_000110,16.075,8.68,22.073,27.645,13.108,28.005,26.607,16.638,17.218,60.259,87.397,14.831,51.511,20.554,18.975,13.122,16.15,19.983,7.349,24.399,21.032,24.476,40.291,43.33,55.797,16.157,14.032,6.859,4.033,0,29.535,66.508,17.79,33.119,79.872,40.35,16.643,20.416,12.405,9.653,38.388,63.342,46.104,25.121,21.209,24.129,46.871,14.14,51.334,88.649,16.69,9.664,25.644,25.527,0,12.363,26.092,14.644,14.29,5.931,3.805,82.385,0,18.316,24.081,11.955,43.258,0,47.087,36.981,46.406,11.831,25.665,65.119,36.981,63.224,23.866,27.651,12.548,65.912,0,48.143,55.561,90.308
MPB:bin_000111,0,0,0,0,0,0,0,0,0,0,0,0,0,0,0,0,0,0,0,0,0,0,0,0,0,0,0,0,0,0,0,0,0,0,0,0,0,0,0,0,0,0,0,0,0,0,0,0,0,0,0,0,0,0,0,0,0,0,0,0,0,0,0,0,0,0,0,0,0,0,0,0,0,0,0,0,0,0,0,0,0,0,0,0
MPB:bin_000113,0,0,0,0,0,0,0,0,0,0,0,0,0,0,0,0,0,0,0,0,0,0,0,0,0,0,0,0,0,0,0,0,0,0,0,0,0,0,0,0,0,0,0,0,0,0,0,0,0,0,0,0,0,0,0,0,0,0,0,0,0,0,0,0,0,0,0,0,0,0,0,0,0,0,0,0,0,0,0,0,0,0,0,0
MPB:bin_000114,0,0,0,0,0,0,0,0,0,0,0,0,0,0,0,0,0,0,0,0,0,0,0,0,0,0,0,0,0,0,0,0,0,0,0,0,0,0,0,0,0,0,0,0,0,0,0,0,0,0,0,0,0,0,0,0,0,0,0,0,0,0,0,0,0,0,0,0,0,0,0,0,0,0,0,0,0,0,0,0,0,0,0,0
MPB:bin_000115,0,0,0,0,0,0,0,0,0,0,0,0,0,0,0,1.431,0,0,0,0,0,0,0,0,0,0,1.656,0,0,0,0,0,0,0,0,0,0,0,0,0,0,0,0,0,0,0,0,0,0,0,0,0,0,0,0,0,0,0,0,0,0,0,0,0,0,0,3.173,0,0,0,0,1.849,0,0,0,0,0,0,0,0,0,0,0,0
MPB:bin_000116,0,0,4.085,5.155,2.726,2.953,2.95,0,7.316,8.405,10.363,7.472,6.047,4.447,3.63,3.62,3.084,4.578,3.111,2.203,10.998,2.719,7.305,11.797,8.025,8.303,0,0,0,0,0,12.591,10.574,3.182,4.091,6.044,2.483,6.886,2.919,2.338,9.281,7.415,9.226,3.97,0,3.415,5.212,5.833,10.22,6.077,15.026,3.568,5.592,4.952,0,3.643,4.178,6.327,3.848,0,1.519,11.282,0,5.591,8.472,3.164,17.42,0,5.784,19.142,8.731,3.357,8.787,3.655,0,4.849,6.739,2.19,0,17.128,0,8.779,7.2,12.908
MPB:bin_000120,0,0,0,0,0,0,0,0,0,0,0,0,0,0,0,0,0,0,0,0,0,0,0,0,0,0,0,0,0,0,0,0,0,0,0,0,0,0,0,0,0,0,0,0,0,0,0,0,0,0,0,0,0,0,0,0,0,0,0,0,0,0,0,0,0,0,0,0,0,0,0,0,0,0,0,0,0,0,0,0,0,0,0,0
MPB:bin_000122,0,0,0,0,0,0,0,0,0,0,0,0,0,0,0,0,0,0,0,0,0,0,0,0,0,0,0,0,0,0,0,0,0,0,0,0,0,0,0,0,0,0,0,0,0,0,0,0,0,0,0,0,0,0,0,0,0,0,0,0,0,0,0,0,0,0,0,0,0,0,0,0,0,0,0,0,0,0,0,0,0,0,0,0
MPB:bin_000123,3.253,0,1.774,0,0,0,0,0,0,0,0,4.766,0,2.217,3.411,0,0,0,0,0,0,0,3.07,3.405,2.696,0,0,0,0,0,0,2.534,0,2.348,0,4.079,1.607,0,0,0,9.48,0,0,0,0,0,3.763,0,2.621,0,0,0,0,5.6,0,0,0,0,0,0,2.005,0,0,3.175,0,0,3.23,0,2.767,3.031,0,0,0,0,0,0,1.655,0,2.535,2.867,0,0,0,6.095
MPB:bin_000125,0,0,0,0,0,0,0,0,0,0,0,1.71,3.176,0,0,0,0,0,0,0,0,2.94,0,0,4.847,0,0,0,0,0,0,0,0,0,3.704,3.694,0,0,0,0,5.468,0,0,0,0,0,0,3.395,6.026,0,0,0,0,0,0,0,0,0,0,0,0,0,0,0,0,0,0,0,0,0,0,0,0,0,0,0,0,0,0,3.398,0,0,0,0
MPB:bin_000127,0,0,0,0,0,0,0,0,0,0,0,0,0,0,0,0,0,0,0,0,0,0,0,0,0,0,0,0,0,0,0,0,0,0,0,0,0,0,0,0,0,0,0,0,0,0,0,0,0,0,0,0,0,0,0,0,0,0,0,0,0,0,0,0,0,0,0,0,0,0,0,0,0,0,0,0,0,0,0,0,0,0,0,0
MPB:bin_000129,0,0,0,0,0,0,0,0,0,0,0,0,0,0,0,0,0,0,0,0,0,0,0,0,0,0,0,0,0,0,0,0,0,0,0,0,0,0,0,0,0,0,0,0,0,0,0,0,0,0,0,0,0,0,0,0,0,0,0,0,0,0,0,0,0,0,0,0,0,0,0,0,0,0,0,0,0,0,0,0,0,0,0,0
MPB:bin_000130,0,0,0,0,0,0,0,0,0,0,0,0,0,0,0,0,0,0,0,0,0,0,0,0,0,0,0,0,0,0,0,0,0,0,0,0,0,0,0,0,0,0,0,0,0,0,0,0,0,0,0,0,0,0,0,0,0,0,0,0,0,0,0,0,0,0,0,0,0,0,0,0,0,0,0,0,0,0,0,0,0,0,0,0
MPB:bin_000131,35.718,13.37,25.548,24.877,14.777,28.139,17.479,11.185,33.454,20.568,74.186,36.352,64.968,26.882,19.607,11.868,17.287,20.153,8.569,22.845,23.313,11.229,56.454,41.3,33.414,18.019,52.655,15.06,3.664,1.92,27.353,62.111,37.581,50.908,44.623,60.518,16.351,41.891,36.309,13.67,73.949,43.152,15.165,31.822,61.003,34.846,37.14,45.448,36.032,24.814,31.845,38.248,25.102,42.367,0,15.263,34.067,24.694,17.988,7.183,10.608,28.366,0,27.026,19.134,21.467,73.381,0,28.92,46.365,32.69,33.862,52.254,53.756,39.87,95.64,25.693,35.51,20.129,72.966,0,36.857,56.403,138.005
MPB:bin_000132,0,0,0,0,0,0,0,0,0,0,0,0,0,0,0,0,0,0,0,0,0,0,0,0,0,0,2.572,0,0,0,0,0,2.525,0,0,0,0,0,0,0,0,0,0,0,0,0,0,0,0,0,0,0,0,0,0,0,0,0,0,0,0,0,0,0,0,0,3.43,0,0,0,0,0,0,0,0,0,0,0,0,0,0,0,0,0
MPB:bin_000133,0,0,0,0,0,0,0,0,0,0,0,0,0,0,0,0,0,0,0,0,0,0,0,0,0,0,0,0,0,0,0,0,0,0,0,0,0,0,0,0,0,0,0,0,0,0,0,0,0,0,0,0,0,0,0,0,0,0,0,0,0,0,0,0,0,0,0,0,0,0,0,0,0,0,0,0,0,0,0,0,0,0,0,0
MPB:bin_000135,0,0,0,0,0,0,0,0,0,0,0,0,0,0,0,0,0,0,0,0,0,0,0,0,0,0,0,0,0,0,0,0,0,0,0,0,0,0,0,0,0,0,0,0,0,0,0,0,0,0,0,0,0,0,0,0,0,0,0,0,0,0,0,0,0,0,0,0,0,0,0,0,0,0,0,0,0,0,0,0,0,0,0,0
MPB:bin_000136,0,0,0,2.832,0,0,2.181,0,2.054,0,3.385,0,3.553,2.072,0,1.805,0,0,0,0,0,1.655,0,0,0,0,0,0,0,0,0,4.629,2.332,0,3.05,3.363,0,0,0,0,3.301,0,1.956,2.505,3.5,0,0,0,0,3.705,0,0,0,3.378,0,0,0,2.213,0,0,0,0,0,0,0,0,0,0,0,2.496,0,1.918,4.237,2.888,0,3.665,0,0,0,0,0,2.076,3.214,5.645
MPB:bin_000137,0,0,0,0,0,0,0,0,0,0,0,0,0,0,0,0,0,0,0,0,0,0,0,0,0,0,0,0,0,0,0,0,0,0,0,0,0,0,0,0,0,0,0,0,0,0,0,0,0,0,0,0,0,0,0,0,0,0,0,0,0,0,0,0,0,0,0,0,0,0,0,0,0,0,0,0,0,0,0,0,0,0,0,0
MPB:bin_000138,0,0,4.981,3.821,1.806,3.877,3.629,4.361,4.173,5.478,12.947,4.751,12.686,5.588,2.174,2.431,0,5.873,0,2.654,3.622,3.187,5.796,6.98,5.662,2.002,4.421,2.922,0,0,5.168,10.924,5.01,5.924,12.448,11.222,4.649,4.655,3.633,3.385,7.316,8.748,4.412,6.447,6.655,6.612,3.621,4.928,5.997,5.059,4.665,5.385,3.505,7.964,0,3.458,3.354,7.278,4.194,0,0,10.26,0,6.515,0,3.643,13.875,0,5.039,7.665,3.576,4.941,8.537,6.373,0,5.53,3.454,3.755,5.718,13.454,0,3.849,10.449,11.248
MPB:bin_000140,0,0,0,0,0,0,0,0,0,0,0,0,0,0,0,0,0,0,0,0,0,0,0,0,0,0,0,0,0,0,0,0,0,0,0,0,0,0,0,0,0,0,0,0,0,0,0,0,0,0,0,0,0,0,0,0,0,0,0,0,0,0,0,0,0,0,0,0,0,0,0,0,0,0,0,0,0,0,0,0,0,0,0,0
MPB:bin_000141,0,0,0,0,0,0,0,0,0,0,0,0,0,0,0,0,0,0,0,0,0,0,0,0,0,0,0,0,0,0,0,0,0,0,0,0,0,0,0,0,0,0,0,0,0,0,0,0,0,0,0,0,0,0,0,0,0,0,0,0,0,0,0,0,0,0,0,0,0,0,0,0,0,0,0,0,0,0,0,0,0,0,0,0
MPB:bin_000143,0,0,0,0,0,0,0,0,0,0,0,0,0,0,0,0,0,0,0,0,0,0,0,0,0,0,0,0,0,0,0,0,0,0,0,0,0,0,0,0,0,0,0,0,0,0,0,0,0,0,0,0,0,0,0,0,0,0,0,0,0,0,0,0,0,0,0,0,0,0,0,0,0,0,0,0,0,0,0,0,0,0,0,0
MPB:bin_000144,0,0,0,0,0,0,0,0,4.859,0,0,0,0,0,0,0,0,0,0,0,0,0,0,0,0,0,0,0,0,0,0,0,0,0,0,0,0,0,0,0,0,0,0,0,0,0,0,0,0,0,0,0,0,0,0,0,0,0,0,0,0,0,0,0,0,0,0,0,0,0,0,0,0,0,0,0,0,0,0,0,0,0,0,0
MPB:bin_000145,3.176,3.357,8.105,7.602,10.083,18.632,9.18,8.69,14.261,23.844,27.111,5.963,20.594,16.781,9.934,6.809,5.569,4.704,2.415,7.414,10.211,6.975,6.468,17.771,16.747,8.94,5.794,4.182,0,0,8.707,22.379,10.717,20.484,28.356,21.346,11.896,11.024,5.131,5.756,26.865,16.385,9.987,15.482,12.807,16.306,11.235,8.845,9.94,10.569,13.148,12.27,16.72,11.723,0,14.104,7.386,12.642,6.387,3.006,4.085,37.921,0,12.855,10.034,8.059,22.313,0,12.927,12.23,21.527,12.112,12.702,11.973,4.537,18.356,6.811,12.109,9.453,24.592,0,12.205,16.917,25.927
MPB:bin_000146,0,0,0,0,0,0,0,0,1.931,0,0,0,0,0,0,0,0,0,0,0,0,0,0,0,0,0,0,0,0,0,0,0,0,0,0,0,0,0,0,0,0,0,0,0,0,0,0,0,0,0,0,0,0,0,0,0,0,0,0,0,0,0,0,0,0,0,0,0,0,0,0,0,0,0,0,0,0,0,0,0,0,0,0,0
MPB:bin_000147,0,0,0,0,0,0,0,0,0,0,0,0,0,0,0,0,0,0,0,0,0,0,0,0,0,0,0,0,0,0,0,0,0,0,0,0,0,0,0,0,0,0,0,0,0,0,0,0,0,0,0,0,0,0,0,0,0,0,0,0,0,0,0,0,0,0,0,0,0,0,0,0,0,0,0,0,0,0,0,0,0,0,0,0
MPB:bin_000148,0,0,0,0,0,0,0,0,0,0,0,0,0,0,0,0,0,0,0,0,0,0,0,0,0,0,0,0,0,0,0,0,0,0,0,0,0,0,0,0,0,0,0,0,0,0,0,0,0,0,0,0,0,0,0,0,0,0,0,0,0,0,0,0,0,0,0,0,0,0,0,0,0,0,0,0,0,0,0,0,0,0,0,0
MPB:bin_000149,0,0,0,0,0,0,0,0,0,0,0,0,0,0,0,0,0,0,0,0,0,0,0,0,0,0,0,0,0,0,0,0,0,0,0,0,0,0,0,0,0,0,0,0,0,0,0,0,0,0,0,0,0,0,0,0,0,0,0,0,0,0,0,0,0,0,0,0,0,0,0,0,0,0,0,0,0,0,0,0,0,0,0,0
MPB:bin_000150,0,0,0,0,0,0,0,0,0,0,0,0,0,0,0,0,0,0,0,0,0,0,0,0,0,0,0,0,0,0,0,0,0,0,0,0,0,0,0,0,0,0,0,0,0,0,0,0,0,0,0,0,0,0,0,0,0,0,0,0,0,0,0,0,0,0,0,0,0,0,0,0,0,0,0,0,0,0,0,0,0,0,0,0
MPB:bin_000152,5.44,0,8.435,7.895,4.519,7.621,4.589,5.507,8.771,16.787,16.598,4.596,20.092,8.705,5.081,5.391,5.236,2.651,0,7.285,7.332,2.575,9.651,13.994,16.867,3.995,2.729,2.317,0,0,7.349,14.605,5.033,8.232,13.493,9.55,11.233,9.871,6.858,5.516,16.832,11.273,8.433,8.113,11.294,7.507,9.502,6.809,9.351,5.606,7.97,4.499,9.672,7.373,0,5.744,3.032,4.735,4.97,0,1.81,21.443,0,9.962,6.669,5.641,11.36,0,5.707,8.762,7.753,5.741,17.897,8.345,4.39,13.784,6.747,6.812,7.753,17.267,0,6.575,12.142,17.071
MPB:bin_000153,0,0,0,0,0,0,0,0,0,0,0,0,0,0,0,0,0,0,0,0,0,0,0,0,0,0,0,0,0,0,0,0,0,0,0,0,0,0,0,0,0,0,0,0,0,0,0,0,0,0,0,0,0,0,0,0,0,0,0,0,0,0,0,0,0,0,0,0,0,0,0,0,0,0,0,0,0,0,0,0,0,0,0,0
MPB:bin_000155,0,0,0,0,0,0,0,0,0,0,0,0,0,0,0,0,0,0,0,0,0,0,0,0,0,0,0,0,0,0,0,0,0,0,0,0,0,0,0,0,0,0,0,0,0,0,0,0,0,0,0,0,0,0,0,0,0,0,0,0,0,0,0,0,0,0,0,0,0,0,0,0,0,0,0,0,0,0,0,0,0,0,0,0
MPB:bin_000156,0,0,0,0,0,0,0,0,0,0,0,0,0,0,0,0,0,0,0,0,0,0,0,0,0,0,0,0,0,0,0,4.262,0,0,0,3.212,0,0,0,0,2.641,0,0,0,0,0,0,0,0,0,0,0,0,0,0,0,0,0,0,0,0,0,0,0,0,0,2.612,0,0,0,0,0,0,0,0,0,0,0,0,0,0,1.735,0,3.923
MPB:bin_000158,0,0,0,0,0,0,0,0,0,0,0,0,0,0,0,0,0,0,0,0,0,0,0,0,0,0,0,0,0,0,0,0,0,0,0,0,0,0,0,0,0,0,0,0,0,0,0,0,0,0,0,0,0,0,0,0,0,0,0,0,0,0,0,0,0,0,0,0,0,0,0,0,0,0,0,0,0,0,0,0,0,0,0,0
MPB:bin_000160,0,0,0,0,0,0,0,0,0,0,0,0,0,0,0,0,0,0,0,0,0,0,0,0,0,0,0,0,0,0,0,0,0,0,0,0,0,0,0,0,0,0,0,0,0,0,0,0,0,0,0,0,0,0,0,0,0,0,0,0,0,0,0,0,0,0,0,0,0,0,0,0,0,0,0,0,0,0,0,0,0,0,0,0
MPB:bin_000162,3.804,0,4.748,3.683,3.918,9.99,5.92,2.5,5.35,9.753,13.074,4.453,8.269,6.276,7.435,2.025,0,4.957,0,4.429,7.415,3.423,3.826,6.949,11.222,3.798,4.964,2.997,0,0,5.683,14.066,5.525,5.528,14.243,12.013,4.016,5.878,3.908,2.344,10.787,6.959,6.263,4.979,3.074,5.2,8.652,4.854,5.578,6.813,4.232,4.371,5.399,7.921,0,4.805,0,6.651,3.74,0,1.356,9.636,0,5.444,6.473,3.866,13.071,0,4.519,6.742,8.639,5.164,8.498,5.14,5.054,6.268,4.45,3.421,6.872,11.299,0,5.911,7.266,17.204
MPB:bin_000163,0,0,0,0,0,0,0,0,0,0,0,0,0,0,0,0,0,0,0,0,0,0,0,0,0,0,0,0,0,0,0,0,0,0,0,0,0,0,0,0,0,0,0,0,0,0,0,0,0,0,0,0,0,0,0,0,0,0,0,0,0,0,0,0,0,0,0,0,0,0,0,0,0,0,0,0,0,0,0,0,0,0,0,0
MPB:bin_000165,0,0,0,0,0,0,0,0,0,0,0,0,0,0,0,0,0,0,0,0,0,0,0,0,0,0,0,0,0,0,0,0,0,0,0,0,0,0,0,0,0,0,0,0,0,0,0,0,0,0,0,0,0,0,0,0,0,0,0,0,0,0,0,0,0,0,0,0,0,0,0,0,0,0,0,0,0,0,0,0,0,0,0,0
MPB:bin_000167,39.733,17.102,52.318,63.968,35.604,161.921,67.039,44.479,57.67,84.216,172.397,45.6,174.594,80.588,42.256,28.588,41.988,51.686,16.043,52.356,35.868,51.705,106.427,113.318,125.463,39.082,58.634,38.788,15.412,5.765,54.283,119.905,74.843,77.921,123.919,126.439,69.267,96.499,34.77,32.678,158.442,170.919,81.144,80.626,150.103,83.63,81.091,64.092,70.179,86.159,79.609,53.51,84.823,98.356,0,64.982,63.699,64.43,25.031,18.589,16.288,168.422,0,45.524,56.018,45.153,130.189,4.867,50.07,103.83,68.071,57.879,126.063,104.962,52.811,186.693,52.162,61.023,88.542,151.903,1.967,94.464,116.629,243.716
MPB:bin_000168,0,0,0,0,0,0,0,0,0,0,0,0,0,0,0,0,0,0,0,0,0,0,0,0,0,0,0,0,0,0,0,0,0,0,0,0,0,0,0,0,0,0,0,0,0,0,0,0,0,0,0,0,0,0,0,0,0,0,0,0,0,0,0,0,0,0,0,0,0,0,0,0,0,0,0,0,0,0,0,0,0,0,0,0
MPB:bin_000169,0,0,0,0,0,11.036,0,0,0,0,0,0,0,0,0,3.781,0,0,0,0,0,0,0,0,0,0,0,0,0,0,0,15.525,0,0,0,0,0,9.398,0,0,0,18.864,0,0,0,0,0,0,0,0,0,0,0,0,0,0,0,0,0,0,0,0,0,7.224,0,0,0,0,7.211,0,0,0,0,0,0,0,0,0,0,21.013,0,0,0,23.249
MPB:bin_000170,0,0,0,0,0,0,0,0,0,0,0,0,0,0,0,0,0,0,0,0,0,0,0,0,0,0,0,0,0,0,0,0,0,0,0,0,0,0,0,0,0,0,0,0,0,0,0,0,0,0,0,9.163,0,0,0,0,0,0,0,0,0,0,0,0,0,0,0,0,0,0,0,0,0,0,0,0,0,0,0,0,0,0,0,0
MPB:bin_000173,3.084,0,3.621,3.893,2.94,4.26,5.932,3.017,7.549,9.372,23.351,5.923,12.191,7.253,2.585,4.009,3.834,2.073,0,4.576,3.107,2.553,5.932,9.826,11.293,5.1,6.914,2.538,0,0,5.897,14.127,6.371,5.597,11.504,7.532,4.351,7.062,2.461,2.854,9.323,6.779,7.236,6.354,8.48,9.768,8.569,5.795,4.322,5.428,4.172,3.849,9.188,7.793,0,3.529,3.564,9.919,3.937,0,1.271,14.34,0,3.543,3.155,3.226,11.993,0,5.534,6.741,10.667,4.76,6.754,9.273,4.651,9.087,6.75,2.348,9.437,12.594,0,6.331,8.155,29.428
MPB:bin_000174,0,0,0,0,0,0,0,0,0,0,0,0,0,0,0,0,0,0,0,0,0,0,0,0,0,0,0,0,0,0,0,0,0,0,0,0,0,0,0,0,0,0,0,0,0,0,0,0,0,0,0,0,0,0,0,0,0,0,0,0,0,0,0,0,0,0,0,0,0,0,0,0,0,0,0,0,0,0,0,3.431,0,0,0,0
MPB:bin_000177,0,0,0,0,0,0,3.754,0,1.668,0,5.813,1.692,5.9,0,0,0,0,0,0,0,0,0,3.072,3.286,3.124,0,0,0,0,0,0,4.342,1.976,0,5.302,5.823,0,0,0,0,3.946,8.355,0,3.164,8.545,2.394,5.998,2.583,0,3.16,4.833,0,0,3.345,0,3.428,0,0,0,0,0,3.786,0,2.81,0,0,0,0,2.193,3.255,0,2.669,0,0,0,8.086,1.862,0,0,8.21,0,0,3.841,5.868
MPB:bin_000185,0,0,0,0,0,0,0,0,0,0,0,0,0,0,0,0,0,0,0,0,0,0,0,0,0,0,0,0,0,0,0,0,0,0,0,0,0,0,0,0,0,0,0,0,0,0,0,0,0,0,0,0,0,0,0,0,0,0,0,0,0,0,0,0,0,0,0,0,0,0,0,0,0,0,0,0,0,0,0,0,0,0,0,0
MPB:bin_000187,0,0,0,0,0,0,0,0,0,0,0,0,0,0,0,0,0,0,0,0,0,0,0,0,0,0,0,0,0,0,0,0,0,0,0,0,0,0,0,0,0,0,0,0,0,0,0,0,0,0,0,0,0,0,0,0,0,0,0,0,0,0,0,0,0,0,0,0,0,0,0,0,0,0,0,0,0,0,0,0,0,0,0,0
MPB:bin_000190,12.37,13.733,22.03,22.266,13.121,21.089,26.381,12.044,42.507,29.072,35.363,33.497,44.921,44.741,40.042,14.909,14.469,17.797,4.357,14.486,14.735,10.543,26.781,25.508,37.005,14.15,7.437,5.038,2.22,0,23.912,54.008,19.095,52.801,44.175,70.743,29.941,25.615,19.545,13.022,95.758,29.173,20.415,51.412,41.231,25.557,29.514,27.636,15.37,32.795,38.312,13.577,19.524,51.062,0,21.187,25.07,16.005,9.542,4.464,43.581,61.677,0,20.269,11.097,24.288,63.61,0,38.812,39.609,39.275,15.036,46.665,47.553,18.768,49.373,12.472,11.424,27.92,61.905,0,27.63,39.057,114.009
MPB:bin_000191,28.488,9.988,37.495,46.207,28.147,64.568,46.228,29.04,45.721,67.881,131.039,36.732,112.103,61.158,36.882,22.641,35.022,21.964,12.512,55.041,26.95,33.536,64.072,72.416,83.82,29.935,28.499,21.021,5.842,2.422,40.198,113.055,27.652,61.64,101.548,73.977,68.545,70.106,41.025,24.32,103.412,105.794,69.379,77.936,80.265,53.062,60.636,37.011,38.047,44.402,52.426,29.297,58.212,53.915,0,42.489,40.195,52.21,24.205,10.8,10.238,104.639,0,52.209,34.799,37.351,93.554,0,49.616,53.907,58.126,45.594,73.777,49.546,26.909,110.249,34.992,41.241,46.958,153.067,0,61.134,72.243,171.728
MPB:bin_000193,0,0,0,0,0,0,0,0,0,0,0,0,0,0,0,0,0,0,0,0,0,0,0,0,0,0,0,0,0,0,0,0,0,0,0,0,0,0,0,0,0,0,0,0,0,0,0,0,0,0,0,0,0,0,0,0,0,0,0,0,0,0,0,0,0,0,0,0,0,0,0,0,0,0,0,0,0,0,0,0,0,0,0,0
MPB:bin_000194,0,0,0,0,0,0,0,0,0,0,0,0,0,0,0,0,0,0,0,0,0,0,0,0,0,0,0,0,0,0,0,0,0,0,0,0,0,0,0,0,0,0,0,0,0,0,0,0,0,0,0,0,0,0,0,0,0,0,0,0,0,0,0,0,0,0,0,0,0,0,0,0,0,0,0,0,0,0,0,0,0,0,0,0
MPB:bin_000195,0,0,0,0,0,0,0,0,0,0,0,0,0,0,0,0,0,0,0,0,0,0,0,0,0,0,0,0,0,0,0,0,0,0,0,0,0,0,0,0,0,0,0,0,0,0,0,0,0,0,0,0,0,0,0,0,0,0,0,0,0,0,0,0,0,0,0,0,0,0,0,0,0,0,0,0,0,0,0,0,0,0,0,0
MPB:bin_000196,0,0,0,0,0,0,0,0,0,0,0,0,0,0,0,0,0,0,0,0,0,0,0,0,0,0,0,0,0,0,0,0,0,0,0,0,0,0,0,0,0,0,0,0,0,0,0,0,0,0,0,0,0,0,0,0,0,0,0,0,0,0,0,0,0,0,0,0,0,0,0,0,0,0,0,0,0,0,0,0,0,0,0,0
MPB:bin_000198,0,0,0,0,0,0,0,0,0,0,0,0,0,0,0,0,0,0,0,0,0,0,0,0,0,0,0,0,0,0,0,0,0,0,0,0,0,0,0,0,0,0,0,0,0,0,0,0,0,0,0,0,0,0,0,0,0,0,0,0,0,0,0,0,0,0,0,0,0,0,0,0,0,0,0,0,0,0,0,0,0,0,0,0
MPB:bin_000201,0,0,0,0,0,0,0,0,0,0,0,0,0,0,0,0,0,0,0,0,0,0,0,0,0,0,0,0,0,0,0,0,0,0,0,0,0,0,0,0,0,0,0,0,0,0,0,0,0,0,0,0,0,0,0,0,0,0,0,0,0,0,0,0,0,0,0,0,0,0,0,0,0,0,0,0,0,0,0,0,0,0,0,0
MPB:bin_000203,0,0,0,0,0,0,0,0,0,0,0,0,0,0,0,0,0,0,0,0,0,0,0,0,0,0,0,0,0,0,0,0,0,0,0,0,0,0,0,0,0,0,0,0,0,0,0,0,0,0,0,0,0,0,0,0,0,0,0,0,0,0,0,0,0,0,0,0,0,0,0,0,0,0,0,0,0,0,0,0,0,0,0,0
MPB:bin_000204,0,0,0,0,0,0,0,0,0,0,0,0,0,0,0,0,0,0,0,0,0,0,0,0,0,0,0,0,0,0,0,0,0,0,0,0,0,0,0,0,0,0,0,0,0,0,0,0,0,0,0,0,0,0,0,0,0,0,0,0,0,0,0,0,0,0,0,0,0,0,0,0,0,0,0,0,0,0,0,0,0,0,0,0
MPB:bin_000209,0,0,0,0,0,0,0,0,0,0,0,0,0,0,0,0,0,0,0,0,0,0,0,0,0,0,0,0,0,0,0,0,0,0,0,0,0,0,0,0,0,0,0,0,0,0,0,0,0,0,0,0,0,0,0,0,0,0,0,0,0,0,0,0,0,0,0,0,0,0,0,0,0,0,0,0,0,0,0,0,0,0,0,0
MPB:bin_000212,0,0,4.094,3.683,2.398,3.732,2.835,2.532,3.742,5.681,9.438,3.889,13.875,0,0,0,2.828,2.745,0,2.749,3.757,2.353,4.778,0,4.324,4.104,0,0,0,0,2.793,7.632,4.436,3.706,6.621,0,5.715,5.421,0,1.768,4.235,6.856,3.525,5.814,4.561,5.316,5.24,0,5.339,0,4.082,2.596,2.936,0,0,2.171,0,2.975,1.794,0,1.265,14.025,0,3.961,0,3.724,11.454,0,5.329,5.557,7.361,0,5.899,3.89,0,4.782,0,0,3.12,8.231,0,4.465,5.359,10.591
MPB:bin_000213,0,0,0,0,0,0,0,0,4.427,0,0,0,0,0,0,0,0,0,0,0,0,0,0,0,0,0,0,0,0,0,0,0,0,0,0,0,0,0,0,0,0,0,0,0,0,0,0,0,0,0,0,0,0,0,0,0,0,0,0,0,0,0,0,0,0,0,0,0,0,0,0,0,0,0,0,0,0,0,0,0,0,0,0,0
MPB:bin_000214,0,0,0,0,0,0,0,0,0,0,0,0,0,0,0,0,0,0,0,0,0,0,0,0,0,0,0,0,0,0,0,0,0,0,0,0,0,0,0,0,0,0,0,0,0,0,0,0,0,0,0,0,0,0,0,0,0,0,0,0,0,0,0,0,0,0,0,0,0,0,0,0,0,0,0,0,0,0,0,0,0,0,0,0
MPB:bin_000216,0,0,0,0,0,0,0,0,0,0,0,0,0,0,0,0,0,0,0,0,0,0,0,0,0,0,0,0,0,0,0,0,0,0,0,0,0,0,0,0,0,0,0,0,0,0,0,0,0,0,0,0,0,0,0,0,0,0,0,0,0,0,0,0,0,0,0,0,0,0,0,0,0,0,0,0,0,0,0,0,0,0,0,0
MPB:bin_000217,0,0,0,0,0,0,0,0,0,0,0,0,0,0,0,0,0,0,0,0,0,0,0,0,0,0,0,0,0,0,0,0,0,0,0,0,0,0,0,0,0,0,0,0,0,0,0,0,0,0,0,0,0,0,0,0,0,0,0,0,0,0,0,0,0,0,0,0,0,0,0,0,0,0,0,0,0,0,0,0,0,0,0,0
MPB:bin_000220,0,0,0,0,0,0,0,0,1.668,2.094,3.13,0,2.97,0,0,0,0,0,0,0,0,0,0,0,0,0,0,0,0,0,0,2.455,0,0,0,0,0,0,0,0,0,0,0,0,0,0,1.722,0,0,0,0,0,0,0,0,0,0,0,0,0,0,0,0,0,0,0,0,0,0,0,0,0,0,0,0,0,0,0,0,2.272,0,1.705,0,3.243
MPB:bin_000221,0,0,0,0,0,0,0,0,0,0,0,0,0,0,0,0,0,0,0,0,0,0,0,0,0,0,0,0,0,0,0,0,0,0,0,0,0,0,0,0,0,0,0,0,0,0,0,0,0,0,0,0,0,0,0,0,0,0,0,0,0,0,0,0,0,0,0,0,0,0,0,0,0,0,0,0,0,0,0,0,0,0,0,0
MPB:bin_000223,0,0,0,0,0,0,0,0,0,0,0,0,0,0,0,0,0,0,0,0,0,0,0,0,0,0,0,0,0,0,0,0,0,0,0,0,0,0,0,0,0,0,0,0,0,0,0,0,0,0,0,0,0,0,0,0,0,0,0,0,0,0,0,0,0,0,0,0,0,0,0,0,0,0,0,0,0,0,0,0,0,0,0,0
MPB:bin_000225,0,0,0,2.464,2.897,0,4.036,2.219,4.343,6.384,13.955,3.074,7.283,4.538,3.536,0,0,2.175,0,0,2.852,3.168,6.552,0,4.13,2.535,2.433,0,0,0,3.989,9.999,4.343,4.997,9.412,8.471,4.862,3.937,2.776,0,9.237,6.678,3.649,3.399,5.554,6.505,4.73,3.567,3.645,0,3.62,3.29,2.5,4.637,0,4.967,0,3.314,2.398,0,0,6.999,0,4.651,3.669,2.047,8.751,0,3.13,4.643,7.017,3.075,0,0,0,8.043,2.812,3.302,4.191,10.43,0,3.721,5.523,10.294
MPB:bin_000227,0,0,0,0,0,0,0,0,0,0,0,0,0,0,0,0,0,0,0,0,0,0,0,0,0,0,0,0,0,0,0,0,0,0,0,0,0,0,0,0,0,0,0,0,0,0,0,0,0,0,0,0,0,0,0,0,0,0,0,0,0,0,0,0,0,0,0,0,0,0,0,0,0,0,0,0,0,0,0,0,0,0,0,0
MPB:bin_000228,0,0,0,0,0,0,0,0,0,0,0,0,0,0,0,0,0,0,0,0,0,0,0,0,0,0,0,0,0,0,0,0,0,0,0,0,0,0,0,0,3.293,0,0,0,0,0,0,0,0,0,0,0,0,0,0,0,0,0,0,0,1.238,0,0,0,0,0,3.522,0,0,0,0,0,0,0,0,0,0,0,0,0,0,0,0,6.218
MPB:bin_000230,0,0,0,0,0,0,0,0,0,0,0,0,0,0,0,0,0,0,0,0,0,0,0,0,0,0,0,0,0,0,0,0,0,0,0,0,0,0,0,0,0,0,0,0,0,0,0,0,0,0,0,0,0,0,0,0,0,0,0,0,0,0,0,0,0,0,0,0,0,0,0,0,0,0,0,0,0,0,0,0,0,0,0,0
MPB:bin_000231,6.036,0,4.376,7.298,3.529,9.411,7.547,5.921,8.18,10.902,14.036,3.485,12.923,7.051,4.419,2.661,5.877,13.34,0,6.836,6.308,2.229,7.084,11.334,13.154,6.344,6.128,4.398,0,0,4.983,11.236,8.781,9.882,11.234,16.516,4.157,7.201,4.67,2.421,13.574,20.32,7.584,6.727,8.316,9.784,6.387,7.281,10.475,8.824,7.367,4.592,12.723,8.831,0,3.993,0,4.895,3.142,0,1.469,11.927,0,7.009,9.212,3.796,8.542,0,6.333,9.28,6.176,3.062,8.914,9.887,5.832,13.671,6.193,6.135,7.626,13.469,0,5.661,18.882,18.602
MPB:bin_000232,0,0,0,0,0,0,0,0,0,0,0,0,0,0,0,0,0,0,0,0,0,0,0,0,0,0,0,0,0,0,0,0,0,0,0,0,0,0,0,0,0,0,0,0,0,0,0,0,0,0,0,0,0,0,0,0,0,0,0,0,0,0,0,0,0,0,0,0,0,0,0,0,0,0,0,0,0,0,0,0,0,0,0,0
MPB:bin_000233,0,0,0,0,0,0,0,0,0,0,0,0,0,0,0,0,0,0,0,0,0,0,0,0,0,0,0,0,0,0,0,0,0,0,0,0,0,0,0,0,0,0,0,0,0,0,0,0,0,0,0,0,0,0,0,0,0,0,0,0,0,0,0,0,0,0,0,0,0,0,0,0,0,0,0,0,0,0,0,0,0,0,0,0
MPB:bin_000236,0,0,0,0,0,0,0,0,0,0,0,0,0,0,0,0,0,0,0,0,0,0,0,0,0,0,0,0,0,0,0,4.142,0,0,0,55.324,0,0,0,0,0,0,0,0,0,0,0,0,0,3.68,0,0,0,0,0,0,0,0,0,0,0,0,0,0,0,0,0,0,0,0,0,0,0,18.924,0,4.728,0,0,0,6.757,0,0,0,7.499
MPB:bin_000237,7.565,4.104,12.401,7.101,11.795,32.911,9.305,5.879,9.586,21.58,27.281,11.771,25.851,16.465,16.547,5.378,6.754,5.763,2.773,6.931,13.332,6.975,13.441,13.764,21.029,8.607,12.889,6.852,0,0,13.214,24.394,12.941,18.892,29.643,24.414,10.199,13.411,11.142,6.56,28.71,16.677,13.822,9.791,9.569,11.874,14.57,9.816,13.234,14.575,15.105,13.248,13.847,13.702,0,13.682,10.56,9.366,7.314,2.383,3.124,29.899,0,14.977,16.813,7.34,27.294,0,12.166,11.487,29.656,18.594,13.6,12.15,11.38,19.455,12.295,7.315,17.057,28.607,0,14.383,23.872,34.469
MPB:bin_000238,26.821,11.641,23.772,25.605,19.415,50.334,25.377,11.725,29.129,39.725,58.26,31.812,52.908,26.117,27.901,16.887,25.443,24.295,6.536,17.107,27.744,13.119,44.374,36.284,31.73,17.883,60.532,11.179,2.147,2.615,24.28,62.249,29.08,35.716,59.97,62.093,21.401,35.313,24.563,18.523,45.423,32.266,18.326,25.843,21.142,27.381,33.148,30.593,35.145,30.641,29.448,25.746,20.72,39.391,0,19.482,21.218,26.089,11.691,5.849,6.837,42.016,0,28.917,22.472,21.561,65.065,0,29.867,32.299,35.936,25.914,33.671,41.968,22.268,27.964,24.284,20.164,26.562,56.216,0,26.575,40.932,81.427
MPB:bin_000243,0,0,0,0,0,0,0,0,0,0,0,0,0,0,0,0,0,0,0,0,0,0,0,0,0,0,0,0,0,0,0,0,0,0,0,0,0,0,0,0,0,0,0,0,0,0,0,0,0,0,0,0,0,0,0,0,0,0,0,0,0,0,0,0,0,0,0,0,0,0,0,0,0,0,0,0,0,0,0,0,0,0,0,0
MPB:bin_000246,0,0,4.356,2.806,3.114,6.468,2.944,2.269,2.833,9.21,8.57,5.395,5.985,3.436,4.471,0,0,2.723,0,2.854,5.474,2.671,3.658,3.255,7.061,3.402,4.253,2.256,0,0,3.451,7.465,6.815,6.309,11.032,9.751,3.692,4.562,2.288,2.059,6.193,4.643,4.285,2.882,4.476,5.023,4.283,6.088,4.56,9.155,5.074,3.385,2.789,2.708,0,4.918,2.622,4.889,2.081,0,1.282,8.104,0,5.626,4.589,2.719,6.857,0,4.185,4.533,8.146,5.392,6.117,2.833,2.677,9.788,3.314,0,5.868,9.346,0,3.242,8.082,11.014
MPB:bin_000248,0,0,2.216,0,1.746,3.965,0,0,2.687,0,4.516,2.394,4.14,0,2.288,0,0,0,0,2.414,0,0,3.116,0,4.767,1.787,0,0,0,0,2.683,5.854,3.394,4.108,3.897,6.85,2.967,2.814,2.604,0,6.057,0,1.755,3.823,2.96,2.433,2.924,0,3.172,2.994,0,2.701,2.623,2.604,0,2.611,0,0,0,0,1.681,5.796,0,1.899,0,1.707,4.223,0,3.001,4.177,0,0,3.336,5.898,2.746,3.429,0,0,0,5.805,0,0,0,6.904
MPB:bin_000254,0,0,0,0,0,0,0,0,0,0,0,0,0,0,0,0,0,0,0,0,0,0,0,0,0,0,0,0,0,0,0,0,0,0,0,0,0,0,0,0,0,0,0,0,0,0,0,0,0,0,0,0,0,0,0,0,0,0,0,0,0,0,0,0,0,0,0,0,0,0,0,0,0,0,0,0,0,0,0,0,0,0,0,0
MPB:bin_000264,0,0,0,0,0,0,0,0,0,0,0,0,0,0,0,0,0,0,0,0,0,0,0,0,0,0,0,0,0,0,0,0,0,0,0,0,0,0,0,0,0,0,0,0,0,0,0,0,0,0,0,0,0,0,0,0,0,0,0,0,0,0,0,0,0,0,0,0,0,0,0,0,0,0,0,0,0,0,0,0,0,0,0,0
MPB:bin_000266,0,0,0,5.753,2.741,0,7.33,3.641,6.386,7.57,11.748,0,0,0,4.622,8.918,3.994,4.132,0,7.249,11.898,0,8.886,11.137,0,8.894,5.919,3.937,0,0,0,13.43,0,0,11.469,11.101,5.899,0,6.534,0,11.713,10.787,4.978,20.311,8.38,0,9.754,6.241,9.072,0,8.503,6.789,0,0,0,0,6.928,11.592,4.763,0,14.059,10.909,0,7.624,0,4.229,8.806,0,11.466,9.11,9.971,7.671,10.374,0,11.593,29.713,8.67,0,8.115,30.036,0,9.652,7.858,15.73
MPB:bin_000268,3.317,0,4.887,5.144,3.583,5.545,5.141,2.378,4.304,6.777,10.315,3.992,6.449,5.58,3.047,4.84,0,2.178,0,3.568,6.074,1.976,8.183,5.795,5.889,2.698,5.323,3.618,0,0,3.696,12.176,5.966,9.183,9.331,8.222,3.719,4.985,4.64,3.522,9.168,5.391,4.661,5.632,7.144,6.447,5.25,5.776,4.84,8.318,5.093,4.724,4.124,7.185,0,2.689,3.604,4.442,1.866,0,0,11.784,0,2.64,3.389,2.559,10.413,0,5.421,6.214,6.67,3.889,9.497,5.293,5.633,9.459,3.095,3.357,5.246,9.401,0,4.362,8.34,14.734
MPB:bin_000269,0,2.665,3.844,7.316,3.017,6.406,5.368,3.127,6.464,8.844,16.557,4.044,13.21,4.582,4.567,3.176,4.087,3.449,0,5.535,8.261,5.147,6.22,10.386,11.882,3.9,5.586,0,0,0,5.955,11.585,3.815,10.422,11.802,9.397,6.61,7.636,3.516,4.758,17.751,20.074,5.679,5.704,8.89,6.433,7.034,5.596,8.566,9.181,7.175,4.619,5.795,6.544,0,5.72,5.33,7.591,4.406,0,3.545,13.062,0,4.967,3.622,4.276,14.364,0,3.952,8.081,9.633,3.539,15.76,7.401,0,10.789,6.768,5.27,6.899,16.671,0,10.177,11.952,15.036
MPB:bin_000271,0,0,0,0,0,0,3.441,0,5.211,0,0,0,4.744,0,0,6.403,0,0,0,0,0,0,0,0,8.461,0,0,0,0,0,4.344,5.639,0,0,0,8.207,2.876,0,0,0,0,0,0,2.96,4.272,0,0,0,0,0,3.487,0,0,0,0,1.822,0,8.402,0,0,0,0,0,0,0,0,0,0,4.529,0,0,0,0,0,0,0,0,0,0,9.585,0,0,0,5.736
MPB:bin_000272,0,0,0,0,0,0,0,0,0,0,0,0,0,0,0,0,0,0,0,0,0,0,0,0,0,0,0,0,0,0,0,0,0,0,0,0,0,0,0,0,0,2.715,0,0,0,0,0,0,0,0,0,0,0,0,0,0,0,0,0,0,0,0,0,0,0,0,0,0,0,0,0,0,0,0,0,0,0,0,0,0,0,0,0,0
MPB:bin_000275,0,0,0,0,0,0,0,0,0,0,0,0,0,0,0,0,0,0,0,0,0,0,0,0,0,0,0,0,0,0,0,0,0,0,0,0,0,0,0,0,0,0,0,0,0,0,0,0,0,0,0,0,0,0,0,0,0,0,0,0,0,0,0,0,0,0,0,0,0,0,0,0,0,0,0,0,0,0,0,0,0,0,0,0
MPB:bin_000279,0,0,0,0,0,0,0,0,0,0,0,0,0,0,2.066,0,0,0,0,0,0,0,0,0,0,0,0,0,0,0,0,0,0,0,0,0,0,0,0,0,0,0,0,0,0,0,0,0,0,0,0,0,0,0,0,0,0,0,0,0,0,0,0,0,0,0,0,0,0,0,0,0,0,0,0,0,0,0,0,3.103,0,0,0,0
MPB:bin_000284,0,0,0,0,0,0,0,0,0,0,0,0,0,0,0,0,0,0,0,0,0,0,0,0,0,0,0,0,0,0,0,0,0,0,0,0,0,0,0,0,0,0,0,0,0,0,0,0,0,0,0,0,0,0,0,0,0,0,0,0,0,0,0,0,0,0,0,0,0,0,0,0,0,0,0,0,0,0,0,0,0,0,0,0
MPB:bin_000288,0,0,0,0,0,0,0,0,0,0,0,0,0,0,0,0,0,0,0,0,0,0,0,0,0,0,0,0,0,0,0,0,0,0,0,0,0,0,0,0,0,0,0,0,0,0,0,0,0,0,0,0,0,0,0,0,0,0,0,0,0,0,0,0,0,0,0,0,0,0,0,0,0,0,0,0,0,0,0,0,0,0,0,0
MPB:bin_000289,0,0,0,0,0,0,0,0,0,0,5.525,1.96,3.896,0,0,0,0,1.662,0,0,0,0,0,0,0,0,0,0,0,0,0,3.374,2.649,0,6.367,3.473,2.214,0,0,0,3.916,4.155,0,0,0,0,0,0,0,0,0,0,0,0,0,0,0,0,0,0,0,4.833,0,2.616,0,0,4.443,0,0,2.762,0,0,3.828,0,0,0,1.893,0,0,4.823,0,0,3.235,6.84
MPB:bin_000292,7.049,1.791,9.27,8.091,5.401,6.955,7.172,3.898,8.649,14.615,16.994,6.287,16.736,7.589,5.471,3.22,4.377,4.142,1.848,9.298,6.644,4.675,16.396,10.992,15.544,5.888,6.049,6.271,2.013,0,7.129,20.388,4.589,12.956,12.557,24.036,8.799,5.858,8.751,5.742,19.375,18.724,10.185,11.974,20.322,15.121,9.217,9.753,10.638,13.854,10.587,7.361,4.954,22.882,0,5.791,9.638,6.183,3.51,2.456,2.071,30.853,0,10.39,8.151,7.232,22.157,0,14.133,8.122,8.427,10.087,12.583,9.238,3.758,24.86,7.052,6.471,9.66,23.412,0,7.828,17.282,40.179
MPB:bin_000298,0,0,0,0,0,0,0,0,0,0,0,0,0,0,0,0,0,0,0,0,0,0,0,0,0,0,0,0,0,0,0,0,0,0,0,0,0,0,0,0,0,0,0,0,0,0,0,0,0,2.529,0,0,0,0,0,0,0,0,0,0,0,0,0,0,0,0,0,0,0,0,0,0,0,0,0,0,0,0,0,0,0,0,0,0
MPB:bin_000303,0,0,0,0,0,0,0,0,0,0,0,0,0,0,0,0,0,0,0,0,0,0,0,0,0,0,0,0,0,0,0,0,0,0,0,0,0,0,0,0,0,0,0,0,0,0,0,0,0,0,0,0,0,0,0,0,0,0,0,0,0,0,0,0,0,0,0,0,0,0,0,0,0,0,0,0,0,0,0,0,0,0,0,0
MPB:bin_000307,6.251,0,6.729,2.124,2.176,5.2,6.569,6.137,9.39,7.747,10.304,0,10.25,5.577,2.437,3.173,5.086,0,0,4.352,3.839,2.193,3.731,4.851,21.307,4.338,3.594,2.872,0,0,8.075,8.512,2.495,5.704,7.059,21.153,3.413,4.774,5.538,3.795,7.964,8.217,3.658,7.156,4.971,7.121,4.745,0,2.761,4.583,2.587,10.981,4.016,5.629,0,5.131,0,15.973,6.403,0,1.392,4.367,0,1.783,0,3.518,7.324,0,4.736,3.208,6.507,2.728,4.894,8.49,0,3.928,9.713,3.6,4.211,14.315,0,2.221,3.263,36.6
MPB:bin_000310,0,0,0,0,0,0,0,0,0,0,0,0,0,0,0,0,0,0,0,0,0,0,0,0,0,0,0,0,0,0,0,0,0,0,0,0,0,0,0,0,0,0,0,0,0,0,0,0,0,0,0,0,0,0,0,0,0,0,0,0,0,0,0,0,0,0,0,0,0,0,0,0,0,0,0,0,0,0,0,0,0,0,0,0
MPB:bin_000314,0,0,0,0,0,0,0,0,0,0,0,0,0,0,0,0,0,0,0,0,0,0,0,0,0,0,0,0,0,0,0,0,0,0,0,0,0,0,0,0,0,0,0,0,0,0,2.987,0,0,0,0,0,0,0,0,0,0,0,0,0,0,0,0,0,0,0,0,0,0,0,0,0,0,0,0,0,0,0,0,0,0,0,0,0
MPB:bin_000315,0,0,0,0,0,0,0,0,0,0,0,0,0,0,0,0,0,0,0,0,0,0,0,0,0,0,0,0,0,0,0,0,0,0,4.676,0,0,0,0,0,0,0,0,0,0,0,0,0,0,0,0,0,0,0,0,0,0,0,0,0,0,0,0,0,0,0,0,0,0,0,0,0,0,0,0,0,0,0,0,0,0,0,0,0
MPB:bin_000316,0,0,0,0,0,0,0,0,0,0,0,0,0,0,0,0,0,0,0,0,0,0,0,0,0,0,0,0,0,0,0,0,0,0,0,0,0,0,0,0,0,0,0,0,0,0,0,0,0,0,0,0,0,0,0,0,0,0,0,0,0,0,0,0,0,0,0,0,0,0,0,0,0,0,0,0,0,0,0,0,0,0,0,0
MPB:bin_000319,0,0,0,0,0,0,0,0,0,0,0,0,0,0,0,0,0,0,0,0,0,0,0,0,0,0,0,0,0,0,0,0,0,0,0,0,0,0,0,0,0,0,0,0,0,0,0,0,0,0,0,0,0,0,0,0,0,0,0,0,0,0,0,0,0,0,0,0,0,0,0,0,0,0,0,0,0,0,0,0,0,0,0,0
MPB:bin_000322,7.936,3.943,7.446,13.42,7.026,11.267,8.316,7.755,10.501,21.711,30.354,9.09,23.549,18.859,7.472,5.622,6.512,3.588,2.89,10.152,8.295,7.255,15.461,17.056,19.809,8.277,7.017,9.004,0,0,9.045,21.935,7.51,13.326,30.462,21.45,13.725,12.707,10.424,6.003,24.613,31.122,14.917,24.306,19.963,16.115,13.553,7.06,12.446,13.666,12.808,11.255,11.842,15.444,0,10.366,8.964,10.492,6.912,0,3.086,28.048,0,14.038,8.256,11.994,22.946,0,12.61,13.492,15.906,15.605,19.027,12.533,6.843,23.628,8.433,7.641,12.332,35.931,0,12.991,19.36,38.717
MPB:bin_000324,0,0,0,0,0,3.409,0,0,0,0,0,0,0,3.62,0,0,0,0,0,0,0,0,0,0,0,0,0,0,0,0,0,3.834,0,0,0,0,0,0,0,0,0,0,0,0,0,0,0,0,0,0,0,0,0,0,0,0,0,0,0,0,0,0,0,0,0,0,0,0,2.371,0,0,0,0,0,0,0,0,0,0,0,0,0,0,0
MPB:bin_000325,0,0,0,0,0,0,0,0,0,0,0,0,0,0,0,0,0,0,0,0,0,0,0,0,0,0,0,0,0,0,0,0,0,0,0,64.879,0,0,0,0,0,0,0,0,0,0,0,0,0,4.258,0,0,0,0,0,0,0,0,0,0,0,0,0,0,0,0,0,0,0,0,0,0,0,14.669,0,0,0,0,0,0,0,0,0,0
MPB:bin_000328,0,0,0,0,0,0,0,0,0,0,0,0,0,0,0,0,0,0,0,0,0,0,0,0,0,0,0,0,0,0,0,0,0,0,0,0,0,0,0,0,0,0,0,0,0,0,0,0,0,0,0,0,0,0,0,0,0,0,0,0,0,0,0,0,0,0,0,0,0,0,0,0,0,0,0,0,0,0,0,0,0,0,0,0
MPB:bin_000330,0,0,0,0,0,0,0,0,0,0,0,0,0,0,0,0,0,0,0,0,0,0,0,0,0,0,0,0,0,0,0,0,0,0,0,0,0,0,0,0,0,0,0,0,0,0,0,0,0,0,0,0,0,0,0,0,0,0,0,0,0,0,0,0,0,0,0,0,0,0,0,0,0,0,0,0,0,0,0,0,0,0,0,0
MPB:bin_000332,0,0,0,0,0,0,0,0,0,0,0,0,0,0,0,0,0,0,0,0,0,0,0,0,0,0,0,0,0,0,0,0,0,0,0,0,0,0,0,0,0,0,0,0,0,0,0,0,0,0,0,0,0,0,0,0,0,0,0,0,0,0,0,0,0,0,0,0,0,0,0,0,0,0,0,0,0,0,0,0,0,0,0,2.566
MPB:bin_000336,0,0,0,0,0,0,0,0,0,0,0,0,0,0,0,0,0,0,0,0,0,0,0,0,0,0,0,0,0,0,0,0,0,0,0,0,0,0,0,0,0,0,0,0,0,0,0,0,0,0,0,0,0,0,0,0,0,0,0,0,0,0,0,0,0,0,0,0,0,0,0,0,0,0,0,0,0,0,0,0,0,0,0,0
MPB:bin_000340,0,0,0,0,0,0,0,0,0,0,0,0,0,0,0,0,0,0,0,0,0,0,0,0,0,0,0,0,0,0,0,0,0,0,0,0,0,0,0,0,0,0,0,0,0,0,0,0,0,0,5.572,0,0,0,0,4.351,0,0,0,0,0,0,0,0,0,0,0,0,0,0,0,0,0,0,0,0,0,0,0,0,0,0,0,0
MPB:bin_000341,0,0,0,0,0,0,0,0,0,0,0,0,0,0,0,0,0,0,0,0,0,0,0,0,0,0,0,0,0,0,0,0,0,0,0,0,0,0,0,0,0,0,0,0,0,0,0,0,0,0,0,0,0,0,0,0,0,0,0,0,0,0,0,0,0,0,0,0,0,0,0,0,0,0,0,0,0,0,0,0,0,0,0,0
MPB:bin_000347,0,0,0,0,0,0,0,0,0,0,0,0,0,0,0,0,0,0,0,0,0,0,0,0,0,0,0,0,0,0,0,0,0,0,0,0,0,0,0,0,0,0,0,0,0,0,0,0,0,0,0,0,0,0,0,0,0,0,0,0,0,0,0,0,0,0,0,0,0,0,0,0,0,0,0,0,0,0,0,0,0,0,0,0
MPB:bin_000350,0,0,0,0,0,0,0,0,0,0,0,0,0,0,0,0,0,0,0,0,0,0,0,0,0,0,0,0,0,0,0,3.434,2.38,0,2.917,0,1.791,0,0,0,0,0,0,0,0,0,0,0,0,0,0,0,0,0,0,0,0,0,0,0,0,0,0,0,0,0,0,0,0,0,0,0,0,0,0,0,0,0,0,4.231,0,0,3.533,5.288
MPB:bin_000354,0,0,3.553,0,0,0,0,0,0,0,0,0,0,0,0,0,0,0,0,0,0,0,0,0,0,0,0,0,0,0,0,6.799,0,0,0,0,0,0,0,0,0,0,0,0,0,0,4.331,0,0,0,0,0,0,0,0,0,0,0,0,0,0,0,0,0,0,0,0,0,0,0,0,0,6.643,0,0,0,0,0,0,0,0,0,0,0
MPB:bin_000358,0,0,0,0,0,0,0,0,0,0,0,0,0,2.915,0,0,0,0,0,0,0,0,2.963,0,0,0,2.439,0,0,0,0,4.692,2.555,0,0,0,0,0,0,0,0,0,0,0,6.216,0,0,0,2.504,0,0,0,0,0,0,0,0,0,0,0,0,4.486,0,0,0,0,5.142,0,0,0,0,0,4.976,0,0,5.09,0,0,0,6.54,0,0,0,9.054
MPB:bin_000364,0,0,0,0,0,0,0,0,0,0,0,0,0,0,0,0,0,0,0,0,0,0,0,0,0,0,0,0,0,0,0,0,0,0,0,0,0,0,0,0,0,0,0,0,0,0,0,0,0,0,0,0,0,0,0,0,0,0,0,0,0,0,0,0,0,0,0,0,0,0,0,0,0,0,0,0,0,0,0,0,0,0,0,0
MPB:bin_000365,0,0,0,0,0,0,0,0,0,0,4.309,0,0,0,0,0,0,0,0,0,0,0,0,0,0,0,0,0,0,0,0,3.596,0,0,0,0,0,0,0,0,0,0,0,0,0,0,0,0,0,0,0,0,0,0,0,0,0,0,0,0,0,0,0,0,0,0,0,0,0,0,0,0,0,0,0,0,0,0,0,3.939,0,0,0,0
MPB:bin_000373,0,0,0,0,0,0,0,0,0,0,0,0,0,0,0,0,0,0,0,0,0,0,0,0,0,0,0,0,0,0,0,3.313,0,0,0,0,0,0,0,0,0,0,0,0,0,0,0,0,0,0,0,0,0,0,0,0,0,0,0,0,0,0,0,0,0,0,0,0,0,0,0,0,0,0,0,0,0,0,0,0,0,0,0,0
MPB:bin_000375,0,0,0,0,0,0,0,0,0,0,0,0,0,0,0,0,0,0,0,0,0,0,0,0,0,0,0,0,0,0,0,0,0,0,0,0,0,0,0,0,0,0,0,0,0,0,0,0,0,0,0,0,0,0,0,0,0,0,0,0,0,0,0,0,0,0,0,0,0,0,0,0,0,0,0,0,0,0,0,0,0,0,0,0
MPB:bin_000378,0,0,0,0,0,0,0,0,0,0,0,0,0,0,0,0,0,0,0,0,0,0,0,0,0,0,0,0,0,0,0,0,0,0,0,0,0,0,0,0,0,0,0,0,0,0,0,0,0,0,0,0,0,0,0,0,0,0,0,0,0,0,0,0,0,0,0,0,0,0,0,0,0,0,0,0,0,0,0,0,0,0,0,0
MPB:bin_000379,0,0,0,0,0,0,0,0,0,0,0,0,0,0,0,0,0,0,0,0,0,0,0,0,0,0,0,0,0,0,0,0,0,0,0,0,0,0,0,0,0,0,0,0,0,0,0,0,0,0,0,0,0,0,0,0,0,0,0,0,0,0,0,0,0,0,0,0,0,0,0,0,0,0,0,0,0,0,0,0,0,0,0,0
MPB:bin_000380,0,0,0,0,0,0,0,0,0,0,0,0,0,0,0,0,0,0,0,0,0,0,0,0,0,0,0,0,0,0,0,0,0,0,0,0,0,0,0,0,0,0,0,0,0,0,0,0,0,0,0,0,0,0,0,0,0,0,0,0,0,0,0,0,0,0,0,0,0,0,0,0,0,0,0,0,0,0,0,0,0,0,0,0
MPB:bin_000382,0,0,0,0,0,0,0,0,0,0,0,0,0,0,0,0,0,0,0,0,0,0,0,0,0,0,0,0,0,0,0,0,0,0,0,0,0,0,0,0,0,0,0,0,0,0,0,0,0,0,0,0,0,0,0,0,0,0,0,0,0,0,0,0,0,0,0,0,0,0,0,0,0,0,0,0,0,0,0,0,0,0,0,0
MPB:bin_000383,0,0,0,0,0,0,0,0,0,0,0,0,0,0,0,0,0,0,0,0,0,0,0,0,0,0,0,0,0,0,0,0,0,0,0,0,0,0,0,0,0,0,0,0,0,0,0,0,0,0,0,0,0,0,0,0,0,0,0,0,0,0,0,0,0,0,0,0,0,0,0,0,0,0,0,0,0,0,0,0,0,0,0,0
MPB:bin_000385,0,0,0,0,0,0,0,0,0,0,0,0,0,0,0,0,0,0,0,0,0,0,0,0,0,0,0,0,0,0,0,0,0,0,0,0,0,0,0,0,0,0,0,0,0,0,0,0,0,0,0,0,0,0,0,0,0,0,0,0,0,0,0,0,0,0,0,0,0,0,0,0,0,0,0,0,0,0,0,0,0,0,0,0
MPB:bin_000387,4.399,0,4.043,7.343,3.491,12.242,8.099,3.858,8.984,11.749,22.965,3.196,20.993,9.251,5.62,5.156,4.917,3.799,0,4.445,8.02,1.989,9.934,17.91,15.699,3.311,8.496,3.275,0,0,7.958,14.079,12.396,8.204,15.75,20.047,8.144,9.136,2.904,7.382,20.258,14.194,11.867,6.966,12.904,12.906,11.711,8.013,5.578,8.294,13.742,7.2,7.79,16.359,0,4.101,9.308,8.964,2.705,0,3.439,20.355,0,10.016,5.573,5.793,21.786,0,6.392,11.903,12.678,6.666,18.877,25.851,0,13.98,3.17,9.078,7.482,18.358,0,12.141,16.826,16.418
MPB:bin_000390,0,0,0,0,0,0,0,0,0,0,0,0,0,0,0,0,0,0,0,0,0,0,0,0,0,0,0,0,0,0,0,0,0,0,0,0,0,0,0,0,0,0,0,0,0,0,0,0,0,0,0,0,0,0,0,0,0,0,0,0,0,0,0,0,0,0,0,0,0,0,0,0,0,0,0,0,0,0,0,0,0,0,0,0
MPB:bin_000393,0,0,0,0,0,0,0,0,0,0,3.373,0,2.469,0,0,0,0,0,0,0,0,0,0,0,0,0,0,0,0,0,0,2.117,0,0,0,0,0,0,0,0,0,0,0,0,0,1.981,0,0,0,0,2.335,0,0,0,0,0,0,0,0,0,0,0,0,0,0,0,2.885,0,0,2.692,0,0,0,0,0,0,0,0,0,2.588,0,0,0,4.726
MPB:bin_000394,0,0,0,0,0,0,0,0,0,0,0,0,0,0,0,0,0,0,0,0,0,0,0,0,0,0,0,0,0,0,0,0,0,0,0,0,0,0,0,0,0,0,0,0,0,0,0,0,0,0,0,0,0,0,0,0,0,0,0,0,0,0,0,0,0,0,0,0,0,0,0,0,0,0,0,0,0,0,0,0,0,0,0,0
MPB:bin_000395,0,0,0,0,0,0,0,0,0,0,0,0,0,0,0,0,0,0,0,0,0,0,0,0,0,0,0,0,0,0,0,0,0,0,0,0,0,0,0,0,0,0,0,0,0,0,0,0,0,0,0,0,0,0,0,0,0,0,0,0,0,0,0,0,0,0,0,0,0,0,0,0,0,0,0,0,0,0,0,0,0,0,0,0
MPB:bin_000396,0,0,0,0,0,0,0,0,0,0,0,0,0,0,0,0,0,0,0,0,0,0,0,0,0,0,0,0,0,0,0,0,0,0,0,0,0,0,0,0,0,0,0,0,0,0,0,0,0,0,0,0,0,0,0,0,0,0,0,0,0,0,0,0,0,0,0,0,0,0,0,0,0,0,0,0,0,0,0,0,0,0,0,0
MPB:bin_000397,0,0,0,0,0,0,0,0,0,0,0,0,0,0,0,0,0,0,0,0,0,0,0,0,0,0,0,0,0,0,0,0,0,0,0,0,0,0,0,0,0,0,0,0,0,0,0,0,0,0,0,0,0,0,0,0,0,0,0,0,0,0,0,0,0,0,0,0,0,0,0,0,0,0,0,0,0,0,0,0,0,0,0,0
MPB:bin_000398,0,0,0,0,0,0,0,0,0,0,0,0,0,0,0,0,0,0,0,0,0,0,0,0,0,0,0,0,0,0,0,0,0,0,0,0,0,0,0,0,0,0,0,0,0,0,0,0,0,0,0,0,0,0,0,0,0,0,0,0,0,0,0,0,0,0,0,0,0,0,0,0,0,0,0,0,0,0,0,0,0,0,0,0
MPB:bin_000399,0,0,0,0,0,0,0,0,0,0,0,0,0,0,0,0,0,0,0,0,0,0,0,0,0,0,0,0,0,0,0,0,0,0,0,0,0,0,0,0,0,0,0,0,0,0,0,0,0,0,0,0,0,0,0,0,0,0,0,0,0,0,0,0,0,0,0,0,0,0,0,0,0,0,0,0,0,0,0,0,0,0,0,0
MPB:bin_000400,0,0,1.893,0,0,0,2.074,0,0,0,6.504,2.376,3.531,0,1.825,0,0,0,0,0,0,0,2.887,2.531,0,1.727,0,0,0,0,0,7.001,0,3.649,2.519,6.028,0,2.322,2.362,0,4.879,2.999,1.647,0,2.369,0,2.657,3.804,2.627,0,0,1.914,4.059,5.088,0,0,0,1.801,0,0,0,4.365,0,1.368,0,1.806,4.458,0,3.701,1.879,3.375,0,3.603,0,0,5.781,0,2.226,2.639,6.219,0,3.178,4.206,7.188
MPB:bin_000402,0,0,0,0,0,0,0,0,0,0,0,0,0,0,0,0,0,0,0,0,0,0,0,0,0,0,0,0,0,0,0,0,0,0,0,0,0,0,0,0,0,0,0,0,0,0,0,0,0,0,0,0,0,0,0,0,0,0,0,0,0,0,0,3.425,0,0,0,0,0,0,0,0,0,0,0,0,0,0,0,0,0,0,0,5.681
MPB:bin_000403,0,0,0,0,0,0,0,0,0,0,0,0,0,0,0,0,0,0,0,0,0,0,0,0,0,0,0,0,0,0,0,0,0,0,0,0,0,0,0,0,0,0,0,0,0,0,0,0,0,0,0,0,0,0,0,0,0,0,0,0,0,0,0,0,0,0,0,0,0,0,0,0,0,0,0,0,0,0,0,0,0,0,0,0
MPB:bin_000405,0,0,0,0,0,0,0,0,0,0,0,0,0,0,0,0,0,0,0,0,0,0,0,0,0,0,0,0,0,0,0,0,0,0,0,0,0,0,0,0,0,0,0,0,0,0,0,0,0,0,0,0,0,0,0,0,0,0,0,0,0,0,0,0,0,0,0,0,0,0,0,0,0,0,0,0,0,0,0,0,0,0,0,0
MPB:bin_000407,0,0,0,0,0,0,0,0,0,0,0,0,0,0,0,0,0,0,0,0,0,0,0,0,0,0,0,0,0,0,0,0,0,0,0,0,0,0,0,0,0,0,0,0,0,0,0,0,0,0,0,0,0,0,0,0,0,0,0,0,0,0,0,0,0,0,0,0,0,0,0,0,0,0,0,0,0,0,0,0,0,0,0,0
MPB:bin_000408,0,0,0,0,0,0,0,0,0,2.218,3.612,0,3.18,2.199,0,0,0,0,0,0,0,0,2.365,0,0,0,0,0,0,0,0,3.023,0,0,4.244,3.039,0,0,0,0,2.836,0,0,0,0,0,0,0,0,0,0,0,0,0,0,0,0,0,0,0,0,0,0,0,0,0,0,0,0,0,0,0,0,0,0,0,0,0,0,2.219,0,0,0,0
MPB:bin_000409,0,0,0,0,0,0,0,0,0,0,0,0,0,0,0,0,0,0,0,0,0,0,0,0,0,0,0,0,0,0,0,0,0,0,0,0,0,0,0,0,0,0,0,0,0,0,0,0,0,0,0,0,0,0,0,0,0,0,0,0,0,0,0,0,0,0,0,0,0,0,0,0,0,0,0,0,0,0,0,0,0,0,0,0
MPB:bin_000410,0,0,0,0,0,0,0,0,0,0,0,0,0,0,0,0,0,0,0,0,0,0,0,0,0,0,0,0,0,0,0,0,0,0,0,0,0,0,0,0,0,0,0,0,0,0,0,0,0,0,0,0,0,0,0,0,0,0,0,0,0,0,0,0,0,0,0,0,0,0,0,0,0,0,0,0,0,0,0,0,0,0,0,0
MPB:bin_000411,0,0,0,0,0,0,0,0,0,0,0,0,0,0,0,0,0,0,0,0,0,0,0,0,0,0,0,0,0,0,0,0,0,0,0,0,0,0,0,0,0,0,0,0,0,0,0,0,0,0,0,0,0,0,0,0,0,0,0,0,0,0,0,0,0,0,0,0,0,0,0,0,0,0,0,0,0,0,0,0,0,0,0,0
MPB:bin_000413,0,0,0,0,0,0,0,0,0,0,0,0,0,0,0,0,0,0,0,0,0,0,0,0,0,0,0,0,0,0,0,0,0,0,0,0,0,0,0,0,0,0,0,0,0,0,0,0,0,0,0,0,0,0,0,0,0,0,0,0,0,0,0,0,0,0,0,0,0,0,0,0,0,0,0,0,0,0,0,0,0,0,0,0
MPB:bin_000414,0,0,0,0,0,0,0,0,0,0,0,0,0,0,0,0,0,0,0,0,0,0,0,0,0,0,0,0,0,0,0,0,0,0,0,0,0,0,0,0,0,0,0,0,0,0,0,0,0,0,0,0,0,0,0,0,0,0,0,0,0,0,0,0,0,0,0,0,0,0,0,0,0,0,0,0,0,0,0,0,0,0,0,0
MPB:bin_000416,0,0,0,0,0,0,0,0,0,0,0,0,11.123,0,0,0,0,0,0,0,0,0,0,0,0,0,0,0,0,0,0,2.995,0,0,0,0,0,0,0,0,0,0,0,0,0,0,0,0,0,0,0,0,0,0,0,0,0,0,0,0,0,0,0,0,0,0,0,0,0,0,0,0,0,0,0,0,0,0,0,0,0,0,0,0
MPB:bin_000418,4.971,3.816,12.693,15.865,10.196,37.796,7.686,11.659,12.577,22.846,38.999,11.052,91.189,19.96,8.835,8.825,14.412,7.357,1.711,13.644,9.649,6.607,14.184,15.798,26.805,10.718,7.144,2.479,0,0,53.094,33.14,12.58,22.308,46.95,20.412,13.147,12.946,9.68,5.198,21.753,26.39,12.972,16.36,16.534,23.38,19.531,16.283,19.776,36.907,9.297,30.264,9.207,28.014,0,22.18,21.014,7.89,5.786,3.121,4.207,31.372,0,13.592,9.523,13.758,34.995,0,23.463,14.626,23.96,12.03,18.153,10.872,4.25,15.807,14.407,6.76,11.917,36.328,0,15.708,29.35,26.889
MPB:bin_000419,0,0,0,0,0,0,0,0,0,0,0,0,0,0,0,0,0,0,0,0,0,0,0,0,0,0,0,0,0,0,0,0,0,0,0,0,0,0,0,0,0,0,0,0,0,0,0,0,0,0,0,0,0,0,0,0,0,0,0,0,0,0,0,0,0,0,0,0,0,0,0,0,0,0,0,0,0,0,0,0,0,0,0,0
MPB:bin_000421,0,0,0,0,0,0,0,0,0,4.512,0,0,0,0,0,0,0,0,0,0,0,0,0,0,0,0,0,0,0,0,0,2.813,0,0,0,0,0,0,0,0,0,0,0,0,0,0,0,0,0,0,0,0,0,0,0,0,0,0,0,0,0,0,0,0,0,0,0,0,0,0,0,0,0,0,0,0,0,0,0,2.028,0,1.605,0,0
MPB:bin_000424,0,0,0,0,0,0,0,0,0,0,0,0,0,0,0,0,0,0,0,0,0,0,0,0,0,0,0,0,0,0,0,0,0,0,0,0,0,0,0,0,0,0,0,0,0,0,0,0,0,0,0,0,0,0,0,0,0,0,0,0,0,0,0,0,0,0,0,0,0,0,0,0,0,0,0,0,0,0,0,0,0,0,0,0
MPB:bin_000425,0,0,0,0,0,0,0,0,0,0,0,0,0,0,0,0,0,0,0,0,0,0,0,0,0,0,0,0,0,0,0,2.187,0,0,0,0,0,0,0,0,0,0,0,0,0,0,0,0,0,3.086,0,0,0,0,0,0,0,0,0,0,0,0,0,0,0,0,0,0,0,0,0,0,0,0,0,0,0,0,0,0,0,0,0,0
MPB:bin_000426,0,0,0,0,0,0,0,0,0,0,0,0,0,0,0,0,0,1.584,0,0,0,0,0,0,0,0,0,0,0,0,0,0,0,0,0,0,0,0,0,0,0,0,0,0,0,0,0,0,0,0,0,2.546,0,0,0,0,0,0,0,0,0,0,0,0,0,0,0,0,0,0,0,0,0,0,0,0,0,0,0,0,0,0,0,0
MPB:bin_000427,0,0,0,0,0,0,0,0,0,0,0,0,0,0,0,0,0,0,0,0,0,0,0,0,0,0,0,0,0,0,0,0,0,0,0,0,0,0,0,0,0,0,0,0,0,0,0,0,0,0,0,0,0,0,0,0,0,0,0,0,0,0,0,0,0,0,0,0,0,0,0,0,0,0,0,0,0,0,0,0,0,0,0,0
MPB:bin_000430,0,0,0,0,0,0,0,0,0,0,0,0,0,0,0,0,0,0,0,0,0,0,0,0,0,0,0,0,0,0,0,0,0,0,0,0,0,0,0,0,0,0,0,0,0,0,0,0,0,0,0,0,0,0,0,0,0,0,0,0,0,0,0,0,0,0,0,0,0,0,0,0,0,0,0,0,0,0,0,0,0,0,0,0
MPB:bin_000433,0,0,0,0,0,0,0,0,0,0,0,0,0,0,0,0,0,0,0,0,0,0,0,0,0,0,0,0,0,0,0,0,0,0,0,0,0,0,0,0,0,0,0,0,0,0,0,0,0,0,0,0,0,0,0,0,0,0,0,0,0,0,0,0,0,0,0,0,0,0,0,0,0,0,0,0,0,0,0,0,0,0,0,0
MPB:bin_000435,0,0,0,0,0,0,0,0,2.969,0,7.717,2.33,0,0,0,0,0,1.779,0,0,0,0,0,0,0,0,0,0,0,0,0,0,0,0,5.484,0,0,0,3.513,0,0,0,0,0,0,0,0,0,0,5.315,0,0,0,0,0,0,0,0,0,0,0,0,0,0,0,0,7.935,0,0,0,0,0,0,5.144,0,5.506,0,0,0,0,0,0,0,5.404
MPB:bin_000437,0,0,0,0,0,0,0,0,0,0,0,0,0,0,0,0,0,0,0,0,0,0,0,0,0,0,0,0,0,0,0,0,0,0,0,0,0,0,0,0,0,0,0,0,0,0,0,0,0,0,0,0,0,0,0,0,0,0,0,0,0,0,0,0,0,0,0,0,0,0,0,0,0,0,0,0,0,0,0,0,0,0,0,0
MPB:bin_000438,0,0,0,0,0,0,0,0,0,0,0,0,0,0,0,0,0,0,0,0,0,0,0,0,0,0,0,0,0,0,0,0,0,0,0,0,0,0,0,0,0,0,0,0,0,0,0,0,0,0,0,0,0,0,0,0,0,0,0,0,0,0,0,0,0,0,0,0,0,0,0,0,0,0,0,0,0,0,0,0,0,0,0,0
MPB:bin_000440,3.049,0,2.445,2.311,0,0,0,0,2.645,0,6.255,2.98,4.593,0,1.993,0,0,0,0,0,0,0,3.378,0,0,1.925,2.481,0,0,0,0,6.437,4.191,0,0,4.879,0,2.664,0,1.918,5.62,0,0,0,4.407,3.468,3.099,0,3.347,0,0,3.345,2.414,0,0,0,0,0,0,0,0,0,0,0,0,0,6.043,0,2.55,0,0,2.587,0,0,0,7.112,2.272,0,0,7.243,0,2.769,5.02,8.075
MPB:bin_000442,0,0,4.966,0,0,0,2.11,0,1.848,3.791,3.343,0,3.858,4.056,0,1.961,0,0,0,0,0,2.552,3.196,0,4.784,13.013,2.428,0,0,0,0,5.479,1.815,0,6.864,3.906,2.443,8.291,3.156,0,30.974,5.779,2.846,3.171,4.246,4.55,3.244,3.783,1.951,0,3.76,0,2.138,0,0,0,0,0,0,0,0,7.162,0,3.365,0,2.023,5.104,0,1.73,6.862,4.889,0,0,3.492,0,4.55,0,5.357,0,7.071,0,2.492,3.659,4.424
MPB:bin_000445,0,0,0,0,0,0,0,0,0,0,0,0,0,0,0,0,0,0,0,0,0,0,0,0,0,0,0,0,0,0,0,0,0,0,0,0,0,0,0,0,0,0,0,0,0,0,0,0,0,0,0,0,0,0,0,0,0,0,0,0,0,0,0,0,0,0,0,0,0,0,0,0,0,0,0,0,0,0,0,0,0,0,0,0
MPB:bin_000446,0,0,0,2.144,0,0,0,0,2.541,0,3.758,0,0,0,0,0,0,0,0,0,0,0,2.543,0,0,0,1.846,0,0,0,0,3.653,0,0,3.691,4.904,1.894,0,0,0,0,0,0,2.749,0,0,2.796,0,0,2.626,0,0,0,0,0,0,0,0,0,0,0,5.017,0,0,0,0,0,0,0,0,0,0,0,0,0,0,0,0,0,3.987,0,2.48,3.556,4.584
MPB:bin_000447,0,0,0,0,0,0,0,0,0,0,0,0,0,0,0,0,0,0,0,0,0,0,0,0,0,0,0,0,0,0,0,0,0,0,0,0,0,0,0,0,0,0,0,0,0,0,0,0,0,0,0,0,0,0,0,0,0,0,0,0,0,0,0,0,0,0,0,0,0,0,0,0,0,0,0,0,0,0,0,0,0,0,0,0
MPB:bin_000449,0,0,0,0,0,0,0,0,0,0,0,0,0,0,0,0,0,0,0,0,0,0,0,0,0,0,0,0,0,0,0,0,0,0,0,0,0,0,0,0,0,0,0,0,0,0,0,0,0,0,0,0,0,0,0,0,0,0,0,0,0,0,0,0,0,0,0,0,0,0,0,0,0,0,0,0,0,0,0,0,0,0,0,0
MPB:bin_000450,0,0,0,0,0,0,0,0,0,0,0,0,0,0,0,0,0,0,0,0,0,0,0,0,0,0,0,0,0,0,0,0,0,0,0,0,0,0,0,0,0,0,0,0,0,0,0,0,0,0,0,0,0,0,0,0,0,0,0,0,0,0,0,0,0,0,0,0,0,0,0,0,0,0,0,0,0,0,0,2.437,0,0,0,0
MPB:bin_000451,0,0,0,0,0,0,0,0,0,0,0,0,0,0,0,0,0,0,0,0,0,0,0,0,0,0,0,0,0,0,0,0,0,0,0,0,0,0,0,0,0,0,0,0,0,0,0,0,0,0,0,0,0,0,0,0,0,0,0,0,0,0,0,0,0,0,0,0,0,0,0,0,0,0,0,0,0,0,0,4.313,0,0,0,0
MPB:bin_000452,0,0,0,0,0,0,0,0,0,0,0,0,0,0,0,0,0,0,0,0,0,0,0,0,0,0,0,0,0,0,0,0,0,0,0,0,0,0,0,0,0,0,0,0,0,0,0,0,0,0,0,0,0,0,0,0,0,0,0,0,0,0,0,0,0,0,0,0,0,0,0,0,0,0,0,0,0,0,0,0,0,0,0,0
MPB:bin_000453,0,0,0,0,0,0,0,0,0,0,0,0,0,0,0,0,0,0,0,0,0,0,0,0,0,0,0,0,0,0,0,0,0,0,0,0,0,0,0,0,0,0,0,0,0,0,0,0,0,0,0,0,0,0,0,0,0,0,0,0,0,0,0,0,0,0,0,0,0,0,0,0,0,0,0,0,0,0,0,0,0,0,0,0
MPB:bin_000455,0,0,0,0,0,0,0,0,0,0,0,0,0,0,0,0,0,0,0,0,0,0,0,0,0,0,0,0,0,0,0,0,0,0,0,0,0,0,0,0,0,0,0,0,0,0,0,0,0,0,0,0,0,0,0,0,0,0,0,0,0,0,0,0,0,0,0,0,0,0,0,0,0,0,0,0,0,0,0,0,0,0,0,0
MPB:bin_000456,0,0,0,0,0,0,0,0,0,0,0,0,0,0,0,0,0,0,0,0,0,0,0,0,0,0,0,0,0,0,0,0,0,0,0,0,0,0,0,0,0,0,0,0,0,0,0,0,0,0,0,0,0,0,0,0,0,0,0,0,0,0,0,0,0,0,0,0,0,0,0,0,0,0,0,0,0,0,0,0,0,0,0,0
MPB:bin_000457,43.723,12.525,40.347,52.01,25.225,58.357,45.692,25.907,45.145,66.113,107.452,26.376,118.88,56.769,29.322,33.198,24.305,23.313,9.701,35.051,38.909,28.057,72.915,92.966,91.882,38.829,37.106,22.365,5.392,3.138,39.381,95.715,40.776,81.628,95.001,117.282,45.296,42.987,34.66,30.523,130.33,133.12,65.12,73.631,114.547,63.2,64.785,34.885,50.989,61.773,59.06,37.873,35.567,79.822,0,44.547,51.806,50.555,19.054,10.83,16.08,118.232,0,53.932,39.119,35.522,103.975,3.202,47.569,67.043,42.878,53.044,85.754,66.042,34.404,130.231,38.458,30.468,44.959,128.832,0,56.302,110.497,234.243
MPB:bin_000458,0,0,0,0,0,0,0,0,0,0,0,2.373,0,0,0,0,0,0,0,0,0,0,0,0,0,0,0,0,0,0,0,1.979,0,0,2.58,3.204,0,0,0,0,0,0,0,0,0,0,0,0,0,0,0,0,0,0,0,0,0,0,0,0,0,0,0,0,0,0,0,0,1.61,0,0,0,0,0,0,3.186,1.841,0,0,1.695,0,0,0,2.667
MPB:bin_000459,0,0,0,0,0,0,0,0,0,0,0,0,0,0,0,0,0,0,0,0,0,0,0,0,0,0,0,0,0,0,0,0,0,0,0,0,0,0,0,0,0,0,0,0,0,0,0,0,0,0,0,0,0,0,0,0,0,0,0,0,0,0,0,0,0,0,0,0,0,0,0,0,0,0,0,0,0,0,0,0,0,0,0,0
MPB:bin_000460,0,0,0,0,0,0,0,0,0,0,0,0,0,0,0,0,0,0,0,0,0,0,0,0,0,0,0,0,0,0,0,0,0,0,0,0,0,0,0,0,0,0,0,0,0,0,0,0,0,0,0,0,0,0,0,0,0,0,0,0,0,0,0,0,0,0,0,0,0,0,0,0,0,0,0,0,0,0,0,0,0,0,0,0
MPB:bin_000461,0,0,0,0,0,0,0,0,0,0,0,0,0,0,0,0,0,0,0,0,0,0,0,0,0,0,0,0,0,0,0,0,0,0,0,0,0,0,0,0,0,0,0,0,0,0,0,0,0,0,0,0,0,0,0,0,0,0,0,0,0,0,0,0,0,0,0,0,0,0,0,0,0,0,0,0,0,0,0,0,0,0,0,0
MPB:bin_000465,0,0,0,0,0,0,0,0,0,0,0,0,0,0,0,0,0,0,0,0,0,0,0,0,0,0,0,0,0,0,0,0,0,0,0,0,0,0,0,0,0,0,0,0,0,0,0,0,0,0,0,0,0,0,0,0,0,0,0,0,0,0,0,0,0,0,0,0,0,0,0,0,0,0,0,0,0,0,0,0,0,0,0,0
MPB:bin_000466,0,0,0,0,0,0,0,0,0,0,0,0,0,0,0,0,0,0,0,0,0,0,0,0,0,0,0,0,0,0,0,0,0,0,0,0,0,0,0,0,0,0,0,0,0,0,0,0,0,0,0,0,0,0,0,0,0,0,0,0,0,0,0,0,0,0,0,0,0,0,0,0,0,0,0,0,0,0,0,0,0,0,0,0
MPB:bin_000470,0,0,0,0,0,0,0,0,0,0,0,0,0,0,0,0,0,0,0,0,0,0,0,0,0,0,0,0,0,0,0,0,0,0,0,0,0,0,0,0,0,0,0,0,0,0,0,0,0,0,0,0,0,0,0,0,0,0,0,0,0,0,0,0,0,0,0,0,0,0,0,0,0,0,0,0,0,0,0,0,0,0,0,0
MPB:bin_000472,0,0,0,0,0,0,0,0,0,0,0,0,0,0,0,0,0,0,0,0,0,0,0,0,0,0,0,0,0,0,0,0,0,0,0,0,0,0,0,0,0,0,0,0,0,0,0,0,0,0,0,0,0,0,0,0,0,0,0,0,0,0,0,0,0,0,0,0,0,0,0,0,0,0,0,0,0,0,0,0,0,0,0,0
MPB:bin_000473,0,0,0,0,0,0,0,0,0,0,0,0,0,0,0,0,0,0,0,0,0,0,0,0,0,0,0,0,0,0,0,2.181,0,0,0,0,0,0,0,0,0,0,0,0,0,0,0,0,0,0,0,0,0,0,0,0,0,0,0,0,0,0,0,0,0,0,0,0,0,0,0,0,0,0,0,0,0,0,0,0,0,0,0,0
MPB:bin_000476,0,0,0,0,0,0,0,0,0,0,0,0,0,0,0,0,0,0,0,0,0,0,0,0,0,0,0,0,0,0,0,0,0,0,0,0,0,0,0,0,0,0,0,0,0,0,0,0,0,0,0,0,0,0,0,0,0,0,0,0,0,0,0,0,0,0,0,0,0,0,0,0,0,0,0,0,0,0,0,0,0,0,0,0
MPB:bin_000477,0,0,0,0,2.527,0,2.648,0,0,3.98,5.354,3,0,0,0,0,0,0,0,0,0,0,3.212,0,0,0,0,0,0,0,0,5.274,0,0,0,4.252,0,3.295,0,0,0,0,2.048,0,3.667,2.663,4.903,0,3.177,0,0,3.783,3.321,0,0,0,0,0,0,0,0,5.878,0,2.664,0,0,6.24,0,4.093,3.204,0,0,3.94,0,0,5.663,0,0,0,7.054,0,0,6.553,6.857
MPB:bin_000479,0,0,0,0,0,0,0,0,0,2.462,4.922,0,0,0,0,0,0,0,0,0,0,0,0,0,0,0,0,0,0,0,0,0,0,0,0,0,0,4.616,0,0,0,0,0,0,0,2.544,0,5.556,0,0,0,0,0,0,0,0,0,0,0,0,0,0,0,0,0,0,4.779,0,0,0,0,0,0,3.235,0,3.872,0,0,0,0,0,0,0,0
MPB:bin_000491,0,0,0,0,0,0,0,0,1.605,0,0,0,0,0,0,0,0,0,0,0,0,0,0,0,0,0,0,0,0,0,0,0,0,0,0,0,0,0,0,0,0,0,0,0,0,0,0,0,0,0,0,0,0,0,0,0,0,0,0,0,0,0,0,0,0,0,0,0,0,0,0,0,0,0,0,0,0,0,0,0,0,0,0,0
MPB:bin_000499,7.381,3.585,19.248,10.983,12.863,11.522,16.653,8.399,20.86,27.038,36.986,31.677,66.111,17.834,28.891,7.655,21.535,4.764,2.894,18.994,18.04,3.702,15.461,15.036,33.376,11.253,8.654,4.757,2.298,0,10.148,35.086,10.815,22.147,96.874,38.247,30.325,32.904,13.153,8.688,44.641,70.633,21.529,66.502,63.632,39.554,29.717,14.388,25.838,32.621,45.941,47.757,11.288,40.954,0,12.68,6.013,15.745,9.077,9.433,10.523,58.911,0,22.137,13.296,10.957,44.451,0,19.244,31.398,12.868,27.357,36.562,25.184,10.366,52.826,10.215,23.358,21.927,42.501,0,22.331,30.374,59.858
MPB:bin_000538,0,0,0,3.023,0,0,0,0,0,0,0,0,0,0,0,0,0,0,0,0,0,0,0,0,0,0,0,0,0,0,0,0,0,0,0,0,0,0,0,0,0,0,0,0,0,0,0,0,0,0,0,0,0,0,0,0,0,0,0,0,0,0,0,0,0,0,0,0,0,0,0,0,0,0,0,0,0,0,0,0,0,0,0,0
MPB:bin_000554,3.765,0,6.459,5.386,2.655,7.348,5.046,0,5.266,8.608,12.472,6.022,14.065,3.396,3.324,3.281,0,3.794,0,3.753,4.972,1.975,8.458,6.204,7.888,3.159,3.801,2.425,0,0,4.508,12.293,7.125,6.495,11.424,11.499,6.371,5.584,4.138,2.961,9.425,5.988,4.905,4.732,7.16,9.659,8.056,7.517,7.45,6.123,6.358,5.93,3.388,6.834,0,4.008,3.962,4.811,0,0,0,10.885,0,5.118,0,3.931,12.007,0,4.118,6.402,8.033,3.4,11.097,9.619,6.647,11.002,2.859,4.215,4.824,10.336,0,6.893,9.095,18.706
MPB:bin_000559,0,0,0,0,0,0,0,0,0,0,0,0,0,0,0,0,0,0,0,0,0,0,0,0,0,0,0,0,0,0,0,0,0,0,0,0,0,0,0,0,0,0,0,0,0,0,0,0,0,0,0,0,0,0,0,0,0,0,0,0,0,0,0,0,0,0,0,0,0,0,0,0,0,0,0,0,0,0,0,2.363,0,0,0,0
MPB:bin_000571,0,0,0,0,0,0,0,0,0,0,0,0,0,0,0,0,0,0,0,0,0,0,0,0,0,0,0,0,0,0,0,0,0,0,0,0,0,0,0,0,0,0,0,0,0,0,0,0,0,0,0,0,0,0,0,0,0,0,0,0,0,0,0,0,0,0,0,0,0,0,0,0,0,0,0,0,0,0,0,0,0,0,0,0
MPB:bin_000576,0,0,0,0,0,0,0,0,0,0,0,0,0,0,0,0,0,0,0,0,0,0,0,0,0,0,0,0,0,0,0,0,0,0,0,0,0,0,0,0,0,0,0,0,0,0,0,0,0,0,0,0,0,0,0,0,0,0,0,0,0,0,0,0,0,0,0,0,0,0,0,0,0,0,0,0,0,0,0,0,0,0,0,0
MPB:bin_000579,0,0,0,0,0,0,0,0,0,0,0,0,0,0,0,0,0,0,0,0,0,0,0,0,0,0,0,0,0,0,0,0,0,0,0,0,0,0,0,0,0,0,0,0,0,0,0,0,0,0,0,0,0,0,0,0,0,0,0,0,0,0,0,0,0,0,0,0,0,0,0,0,0,0,0,0,0,0,0,0,0,0,0,0
MPB:bin_000581,0,7.845,3.792,0,0,2.952,0,0,0,4.688,0,0,0,0,0,0,0,0,0,0,4.107,2.93,15.229,0,0,0,0,0,0,0,3.676,0,2.36,0,10.405,0,9.286,14.376,0,13.6,0,0,4.236,0,0,0,0,8.387,0,0,0,23.079,3.384,0,0,0,0,0,0,0,0,0,0,0,0,0,0,0,0,11.333,0,0,0,11.925,0,6.768,0,9.031,0,4.878,0,18.511,4.018,63.232
MPB:bin_000584,0,0,0,0,0,0,0,0,0,0,0,0,0,0,0,0,0,0,0,0,0,0,0,0,0,0,0,0,0,0,0,0,0,0,0,0,0,0,0,0,0,0,0,0,0,0,0,0,0,0,0,0,0,0,0,0,0,0,0,0,0,0,0,0,0,0,0,0,0,0,0,0,0,0,0,0,0,0,0,0,0,0,0,0
MPB:bin_000588,0,0,0,0,0,0,0,0,0,0,0,0,0,0,0,0,0,0,0,0,0,0,0,0,0,0,0,0,0,0,0,0,0,0,0,0,0,0,0,0,0,0,0,0,0,0,0,0,0,0,0,0,0,0,0,0,0,0,0,0,0,0,0,0,0,0,0,0,0,0,0,0,0,0,0,0,0,0,0,0,0,0,0,0
MPB:bin_000590,0,0,0,0,0,0,0,0,0,0,0,0,0,0,0,0,0,0,0,0,0,0,0,0,0,0,0,0,0,0,0,0,0,0,0,0,0,0,0,0,0,0,0,0,0,0,0,0,0,0,0,0,0,0,0,0,0,0,0,0,0,0,0,0,0,0,0,0,0,0,0,0,0,0,0,0,0,0,0,0,0,0,0,0
MPB:bin_000593,0,0,0,0,0,0,0,0,0,0,0,0,0,0,0,0,0,0,0,0,0,0,0,0,0,0,0,0,0,0,0,0,0,0,0,0,0,0,0,0,0,0,0,0,0,0,0,0,0,0,0,0,0,0,0,0,0,0,0,0,0,0,0,0,0,0,0,0,0,0,0,0,0,0,0,0,0,0,0,0,0,0,0,0
MPB:bin_000594,0,0,0,0,0,0,0,0,0,0,0,0,0,0,0,0,0,0,0,0,0,0,0,0,0,0,0,0,0,0,0,0,0,0,0,0,0,0,0,0,0,0,0,0,0,0,0,0,0,0,0,0,0,0,0,0,0,0,0,0,0,0,0,0,0,0,0,0,0,0,0,0,0,0,0,0,0,0,0,0,0,0,0,0
MPB:bin_000596,0,0,0,0,0,0,0,0,0,0,3.056,0,0,0,0,0,0,0,0,0,0,0,0,3.225,0,0,0,0,0,0,0,0,0,0,0,0,0,0,0,0,0,3.288,0,0,0,0,0,0,0,2.224,0,0,0,0,0,3.68,0,0,0,0,0,0,0,0,0,0,2.884,0,0,0,0,0,0,0,0,0,0,0,0,0,0,0,0,0
MPB:bin_000597,0,0,0,0,0,0,0,0,0,0,0,0,3.79,0,0,0,0,0,0,0,0,0,0,0,0,0,0,0,0,0,0,2.962,0,0,0,0,0,0,0,0,0,0,0,0,0,0,0,0,0,0,0,0,0,0,0,0,0,0,0,0,0,0,0,0,0,0,0,0,0,0,0,0,0,0,0,3.298,0,0,0,0,0,0,0,4.37
MPB:bin_000598,0,0,0,0,0,0,0,0,0,0,0,0,0,0,0,0,0,0,0,0,0,0,0,0,0,0,0,0,0,0,0,0,0,0,0,0,0,0,0,0,0,0,0,0,0,0,0,0,0,0,0,0,0,0,0,0,0,0,0,0,0,0,0,0,0,0,0,0,0,0,0,0,0,0,0,0,0,0,0,0,0,0,0,0
MPB:bin_000599,0,0,0,0,0,0,0,0,0,0,0,0,0,0,0,0,0,0,0,0,0,0,2.891,0,0,0,0,0,0,0,0,0,0,0,0,0,0,0,0,0,0,0,0,0,0,0,0,0,0,0,0,0,0,0,0,0,0,0,0,0,0,0,0,0,0,0,0,0,0,3.038,0,0,0,0,0,0,0,0,0,0,0,0,0,0
MPB:bin_000600,0,3.382,0,0,0,0,0,0,6.143,12.971,0,0,17.551,7.844,0,0,0,0,0,2.244,0,2.448,0,0,4.003,0,4.268,0,0,0,2.861,7.835,0,0,0,8.863,0,0,0,0,0,0,0,0,0,0,0,4.758,0,0,0,0,4.817,4.676,0,0,32.86,2.443,6.68,0,4.443,0,0,0,0,4.512,5.176,0,0,4.012,0,6.082,6.027,0,0,8.96,2.065,0,0,7.118,0,0,19.044,9.45
MPB:bin_000601,0,0,0,0,0,0,0,0,0,0,0,0,0,0,0,0,0,0,0,0,0,0,0,0,0,0,0,0,0,0,0,0,0,0,0,0,0,0,0,0,0,0,0,0,0,0,0,0,0,0,0,0,0,0,0,0,0,0,0,0,0,0,0,0,0,0,0,0,0,0,0,0,0,0,0,0,0,0,0,0,0,0,0,0
MPB:bin_000604,0,0,0,0,0,0,0,0,0,0,0,0,0,0,0,0,0,0,0,0,0,0,0,0,0,0,0,0,0,0,0,0,0,0,0,0,0,0,0,0,0,0,0,0,0,0,0,0,0,0,0,0,0,0,0,0,0,0,0,0,0,0,0,0,0,0,0,0,0,0,0,0,0,0,0,0,0,0,0,0,0,0,0,0
MPB:bin_000605,0,0,0,0,0,0,0,0,0,0,0,0,0,0,0,0,0,0,0,0,0,0,0,0,0,0,0,0,0,0,0,0,0,0,0,0,0,0,0,0,0,0,0,0,0,0,0,0,0,0,0,0,0,0,0,0,0,0,0,0,0,0,0,0,0,0,0,0,0,0,0,0,0,0,0,0,0,0,0,0,0,0,0,0
MPB:bin_000606,5.242,1.783,2.49,3.542,2.26,6.663,3.05,0,3.992,5.585,9.385,2.576,9.011,5.294,2.212,2.599,2.709,3.202,0,2.504,3.74,1.82,7.439,6.501,3.682,1.873,4.862,0,0,0,4.133,10.437,3.547,3.719,6.267,10.234,3.025,6.403,4.703,1.861,8.854,7.265,3.109,3.369,6.482,4.288,5.384,6.193,3.374,4.928,3.288,4.093,3.132,4.722,0,2.532,4.017,3.531,1.972,0,1.152,7.115,0,2.274,2.746,1.702,7.454,0,7.033,6.213,7.04,3.721,8.576,6.161,6.113,11.402,2.455,4.224,3.231,9.977,0,5.309,9.865,20.856
MPB:bin_000609,0,0,0,0,0,0,0,0,0,0,0,0,0,0,0,0,0,0,0,0,0,0,0,0,0,0,0,0,0,0,0,0,0,0,0,0,0,0,0,0,0,0,0,0,0,0,0,0,0,0,0,0,0,0,0,0,0,0,0,0,0,0,0,0,0,0,0,0,0,0,0,0,0,0,0,0,0,0,0,0,0,0,0,0
MPB:bin_000615,0,0,0,0,0,0,0,0,0,0,0,0,0,0,0,0,0,0,0,0,0,0,0,0,0,0,0,0,0,0,0,0,0,0,0,0,0,0,0,0,0,0,0,0,0,0,0,0,0,0,0,0,0,0,0,0,0,0,0,0,0,0,0,0,0,0,0,0,0,0,0,0,0,0,0,0,0,0,0,0,0,0,0,0
MPB:bin_000617,0,0,0,0,0,0,0,0,2.709,0,0,0,0,0,1.961,0,0,0,0,0,0,0,0,0,0,0,0,0,0,0,0,4.996,0,0,0,3.858,0,0,0,0,0,3.778,0,0,0,0,0,0,0,0,0,0,0,3.147,0,0,0,0,0,0,0,4.698,0,0,0,0,0,0,0,0,3.137,0,0,0,0,0,0,0,0,0,0,3.077,0,4.989
MPB:bin_000618,0,0,0,0,0,0,0,0,0,0,0,0,0,0,0,0,0,0,0,0,0,0,0,0,0,0,0,0,0,0,0,0,0,0,0,0,0,0,0,0,0,0,0,0,0,0,0,0,0,0,0,0,0,0,0,0,0,0,0,0,0,0,0,0,0,0,0,0,0,0,0,0,0,0,0,0,0,0,0,0,0,0,0,0
MPB:bin_000619,0,0,0,0,0,0,0,0,0,0,0,0,0,0,0,0,0,0,0,0,0,0,0,0,0,0,0,0,0,0,0,0,0,0,0,0,0,0,0,0,0,0,0,0,0,0,0,0,0,0,0,0,0,0,0,0,0,0,0,0,0,0,0,0,0,0,2.591,0,0,0,0,0,0,0,0,0,0,0,0,0,0,0,0,0
MPB:bin_000622,0,0,0,0,0,0,0,0,0,0,0,0,0,0,0,0,0,0,0,0,0,0,0,0,0,0,0,0,0,0,0,0,0,0,0,0,0,0,0,0,0,0,0,0,0,0,0,0,0,0,0,0,0,0,0,0,0,0,0,0,0,0,0,0,0,0,0,0,0,0,0,0,0,0,0,0,0,0,0,0,0,0,0,0
TM1:bin_000010,0,0,0,0,0,0,0,0,0,0,0,0,0,0,0,0,0,0,0,0,0,0,0,0,0,0,0,0,0,0,0,0,0,0,0,0,0,0,0,0,0,0,0,0,0,0,0,0,0,0,0,0,0,0,0,0,0,0,0,0,0,0,0,0,0,0,0,0,0,0,0,0,0,0,0,0,0,0,0,0,0,0,0,0
TM1:bin_000024,0,0,0,0,0,0,0,0,0,0,0,0,0,0,0,0,0,0,0,0,0,0,2.067,0,0,0,2.139,0,0,0,0,2.027,0,0,0,2.867,0,0,0,0,0,0,0,0,0,0,0,0,0,0,0,0,0,0,0,0,0,0,0,0,0,0,0,0,0,0,0,0,0,1.862,0,0,0,0,0,0,0,0,0,2.458,0,0,0,0
TM1:bin_000025,10.627,4.908,8.932,10.11,8.241,18.106,11.868,4.847,10.178,11.518,20.965,11.863,29.338,9.701,5.824,7.806,4.336,8.692,3.404,3.718,8.575,4.255,18.785,12.694,11.585,7.069,13.086,10.844,0,0,6.48,30.694,14.539,15.895,15.591,28.232,7.762,13.402,10.446,5.779,23.547,15.815,6.322,12.491,18.156,8.451,13.69,14.733,12.308,9.634,19.112,8.015,10.471,15.295,0,6.995,9.158,12.626,1.577,3.582,3.589,14.149,0,9.493,5.228,11.947,32.578,0,12.691,19.637,6.718,7.63,18.579,18.756,16.221,22.034,8.502,6.719,7.085,37.809,0,16.008,19.68,41.778
TM1:bin_000027,0,0,0,0,0,0,0,0,0,0,0,0,0,0,0,0,0,0,0,0,0,0,0,0,0,0,0,0,0,0,0,0,0,0,0,0,0,0,0,0,0,0,0,0,0,0,0,0,0,0,0,0,0,0,0,0,0,0,0,0,0,0,0,0,0,0,0,0,0,0,0,0,0,0,0,0,0,0,0,0,0,0,0,0
TM1:bin_000031,7.75,2.722,7.824,12.379,5.695,6.791,13.126,4.733,9.614,12.008,32.659,5.429,21.13,7.27,8.251,4.376,6.709,4.159,1.671,7.634,4.882,8.905,15.092,14.411,24.414,7.331,8.94,4.946,0,0,11.097,27.576,16.262,11.503,18.525,14.049,9.405,9.743,7.04,4.585,21.089,36.854,11.969,13.495,38.686,12.976,13.071,9.484,11.695,15.854,12.425,11.304,7.695,16.605,0,10.714,5.537,6.945,3.012,2.904,3.025,31.787,0,11.874,9.223,5.099,20.573,0,11.369,14.555,14.352,12.522,17.093,12.615,7.012,32.866,5.754,8.891,9.315,26.597,0,13.71,22.453,36.081
TM1:bin_000049,3.446,0,4.549,2.613,2.658,9.396,2.44,0,3.141,5.073,8.954,3.686,7.891,2.539,1.881,2.577,2.543,3.502,0,2.538,2.967,0,5.11,4.831,3.28,3.406,6.005,0,0,0,2.619,9.325,4.192,3.383,4.182,3.475,3.392,6.131,2.332,2.315,3.862,0,4.525,3.189,6.72,0,7.075,3.338,3.201,0,4.604,1.913,2.281,2.976,0,2.014,0,3.865,0,0,0,5.517,0,3.683,0,2.312,10.959,0,4.455,4.873,0,1.818,3.978,4.943,3.407,3.692,2.548,3.598,3.774,4.728,0,5.261,6.64,9.225
TM1:bin_000080,0,0,0,1.669,0,2.999,0,1.989,0,0,9.703,0,0,2.737,1.734,3.006,0,0,0,0,0,0,2.278,0,0,0,2.618,0,0,0,2.283,3.638,0,3.458,4.061,4.022,1.945,1.588,0,0,3.679,3.007,2.332,2.419,0,0,2.033,0,2.693,2.094,0,0,6.206,2.075,0,1.511,0,5.95,0,0,0,0,0,1.793,0,1.801,4.192,0,1.762,0,0,0,0,0,0,4.101,0,0,0,6.679,0,0,3.616,13.483
TM1:bin_000119,0,0,0,0,0,0,0,0,0,0,0,0,0,0,0,0,0,0,0,0,0,0,0,0,0,0,0,0,0,0,0,0,0,0,0,0,0,0,0,0,0,0,0,0,0,0,0,0,0,0,0,0,0,0,0,0,0,0,0,0,0,0,0,0,0,0,0,0,0,0,0,0,0,0,0,0,0,0,0,0,0,0,0,0
TM1:bin_000126,0,0,4.274,0,0,6.897,4.866,1.639,9.09,5.021,0,1.73,6.876,0,0,0,0,0,0,0,0,0,0,0,0,0,0,4.081,0,0,0,3.174,0,0,4.927,0,1.581,0,2.28,0,3.847,2.551,0,14.883,0,0,0,0,0,0,0,0,0,3.411,0,1.51,0,3.47,0,0,0,3.626,0,0,0,0,3.18,0,2.16,5.442,0,0,5.548,4.571,0,0,0,0,0,4.63,0,4.5,0,9.331
TM1:bin_000144,0,0,0,0,0,0,0,0,1.574,0,0,0,0,0,0,0,0,0,0,0,0,0,0,0,0,0,2.283,0,0,0,0,1.96,0,2.253,0,0,0,0,0,0,0,0,1.559,0,0,0,1.751,2.556,1.52,0,0,0,0,2.409,0,0,0,0,0,0,0,0,0,0,0,0,2.865,0,2.596,0,0,0,0,0,0,0,0,0,0,0,0,0,0,4.859
TM1:bin_000152,0,0,0,0,0,0,0,0,0,0,0,0,0,0,0,0,0,0,0,0,0,0,0,0,0,0,0,0,0,0,0,0,0,0,0,0,0,0,0,0,0,0,0,0,0,0,0,0,0,0,0,0,0,0,0,0,0,0,0,0,0,0,0,0,0,0,0,0,0,0,0,0,0,0,0,0,0,0,0,0,0,0,0,0
TM1:bin_000153,0,0,0,0,0,0,0,0,0,0,0,0,0,0,0,0,0,0,0,0,0,0,0,0,0,0,0,0,0,0,0,0,0,0,0,0,0,0,0,0,0,0,0,0,0,0,0,0,0,0,0,0,0,0,0,0,0,0,0,0,0,0,0,0,0,0,0,0,0,0,0,0,0,0,0,0,0,0,0,0,0,0,0,0
TM1:bin_000177,0,0,0,0,0,0,0,0,0,0,0,0,0,0,0,0,0,0,0,0,0,0,0,0,0,0,0,0,0,0,0,0,0,0,0,0,0,0,0,0,0,0,0,0,0,0,0,0,0,0,0,0,0,0,0,0,0,0,0,0,0,0,0,0,0,0,0,0,0,0,0,0,0,0,0,0,0,0,0,0,0,0,0,0
TM2:bin_000005,3.797,4.33,11.383,13.622,8.648,23.106,15.259,12.745,17.246,27.71,39.806,13.009,21.264,17.687,20.396,5.987,5.667,7.848,4.144,8.489,12.751,9.433,9.901,18.482,25.899,7.78,13.751,4.189,0,0,15.834,33.134,17.257,22.489,11.67,28.267,14.504,13.619,6.517,8.784,24.723,22.019,14.852,17.751,5.413,10.169,17.356,9.952,23.408,11.794,24.827,14.149,13.175,19.527,0,17.073,11.512,12.691,8.74,2.825,5.363,41.158,0,15.307,15.964,12.441,22.986,0,21.709,16.383,31.12,20.053,17.254,12.139,5.429,5.517,13.737,6.721,21.686,47.4,0,18.725,12.767,42.905
TM2:bin_000013,0,0,0,0,0,0,0,0,1.57,0,0,0,0,2.521,1.633,0,0,0,0,0,0,0,2.78,7.322,0,0,0,0,0,0,0,2.336,0,0,0,0,6.17,3.736,0,1.781,0,6.057,0,0,0,4.149,2.174,0,0,3.899,0,0,0,0,0,1.795,0,1.993,0,0,0,0,0,4.419,0,0,0,0,0,3.973,0,0,0,0,0,4.86,0,0,0,0,0,0,0,4.074
TM2:bin_000090,0,0,0,0,0,0,0,0,0,0,0,0,0,0,0,0,0,0,0,0,0,0,0,0,0,0,0,0,0,0,0,0,0,0,0,0,0,0,0,0,0,0,0,0,0,0,0,0,0,0,0,0,0,0,0,0,0,0,0,0,0,0,0,0,0,0,0,0,0,0,0,0,0,0,0,0,0,0,0,0,0,0,0,0
TM2:bin_000114,0,0,0,0,0,0,0,0,0,0,0,0,0,0,0,0,0,0,0,0,0,0,0,0,0,0,0,0,0,0,0,0,0,0,0,0,0,0,0,0,0,0,0,0,0,0,0,0,0,0,0,0,0,0,0,0,0,0,0,0,0,0,0,0,0,0,0,0,0,0,0,0,0,0,0,0,0,0,0,0,0,0,0,0
TM2:bin_000116,0,0,0,0,0,0,0,0,0,0,0,0,0,0,0,0,0,0,0,0,0,0,0,0,0,0,0,0,0,0,0,0,0,0,0,0,0,0,0,0,0,0,0,0,0,0,0,0,0,0,0,0,0,0,0,0,0,0,0,0,0,0,0,0,0,0,0,0,0,0,0,0,0,0,0,0,0,0,0,0,0,0,0,0
TM2:bin_000124,0,0,0,1.711,0,0,0,0,2.317,2.548,2.588,0,0,1.947,2.26,0,0,0,0,2.369,0,0,4.155,2.9,0,0,0,0,0,0,0,4.314,2.741,0,0,4.46,0,0,0,0,2.442,2.639,2.398,0,2.466,3.355,0,2.602,2.338,2.361,3.491,0,1.584,0,0,0,0,0,0,0,0,5.382,0,2.887,0,0,3.423,0,1.334,2.241,0,0,2.827,0,0,0,0,0,0,2.547,0,3.431,4.086,2.788
TM2:bin_000127,4.198,1.817,5.515,6.917,2.593,7.753,4.164,1.844,6.673,5.468,10.998,5.607,9.954,5.46,5.171,3.381,2.754,2.285,0,3.592,4.748,2.774,12.864,8.218,6.039,2.772,5.569,2.795,0,0,4.892,14.321,6.232,8.014,9.528,12.204,4.679,6.811,4.793,3.558,8.085,7.129,4.49,8.708,8.971,9.068,6.134,7.359,7.771,5.661,8.576,4.744,4.923,6.524,0,5.129,3.087,4.152,2.22,0,1.027,12.52,0,3.928,4.182,4.049,16.267,0,5.15,7.401,8.774,5.448,5.497,7.747,7.184,8.236,5.39,6.811,3.933,12.309,0,5.44,12.184,21.582
TM2:bin_000155,0,0,0,0,0,0,0,0,0,3.596,0,0,3.253,0,0,0,0,0,0,0,0,0,0,0,0,0,0,0,0,0,0,0,0,0,0,0,0,1.869,0,0,6.227,3.496,0,4.071,0,0,0,0,0,0,0,0,0,2.416,0,1.767,0,0,0,0,0,0,0,0,0,0,0,0,1.836,0,0,0,0,0,0,0,0,0,0,3.833,0,0,0,4.394
TM2:bin_000157,0,0,0,0,0,0,0,0,0,0,0,0,0,0,0,0,0,0,0,0,0,0,0,0,0,0,0,0,0,0,0,0,0,0,0,0,0,0,0,0,0,0,0,0,0,0,0,0,0,0,0,0,0,0,0,0,0,0,0,0,0,0,0,0,0,0,0,0,0,0,0,0,0,0,0,0,0,0,0,0,0,0,0,0
TM2:bin_000186,5.936,5.569,9.038,10.208,8.453,17.77,12.878,6.951,14.751,11.261,36.837,5.196,35.788,12.337,6.727,8.684,7.339,3.339,2.898,9.646,8.926,9.901,12.955,19.394,15.283,10.672,6.998,5.315,0,0,6.463,32.36,9.214,13.64,17.026,12.59,27.489,15.334,7.19,4.85,31.952,25.502,15.66,15.521,20.435,15.497,12.16,10.454,10.16,14.028,23.779,10.002,8.741,11.63,0,14.194,4.218,8.71,7.395,5.401,2.476,40.013,0,16.165,8.813,8.706,27.038,1.647,13.795,102.741,18.908,6.61,12.323,19.483,14.418,28.121,14.617,14.587,10.345,35.023,0,8.573,28.95,53.628
TM2:bin_000188,0,0,0,0,0,0,0,0,0,0,0,0,0,0,0,0,0,0,0,0,0,0,0,0,0,0,0,0,0,0,0,0,0,0,0,0,0,0,0,0,0,0,0,0,0,0,0,0,0,0,0,0,0,0,0,0,0,0,0,0,0,0,0,0,0,0,0,0,0,0,0,0,0,0,0,0,0,0,0,0,0,0,0,0
TM2:bin_000219,55.752,26.145,55.672,81.054,52.031,41.479,95.821,34.512,89.132,89.493,186.768,49.784,163.075,79.211,42.744,45.181,46.126,44.766,16.616,52.33,67.764,40.306,116.869,137.714,134.307,56.454,39.788,27.104,11.804,4.059,63.754,181.544,62.072,115.414,142.805,137.154,62.704,76.904,54.532,31.573,194.647,192.853,62.121,112.279,195.966,45.334,79.823,88.083,77.797,82.669,99.815,67.765,99.37,116.827,0,68.468,77.471,68.898,42.083,14.191,34.417,150.298,0,58.866,60.554,56.381,156.657,0,72.131,128.996,92.921,90.025,134.864,87.62,50.039,238.402,58.967,57.991,78.133,246.334,0,104.641,138.588,328.485
TM2:bin_000235,0,0,1.932,1.734,0,0,1.525,0,1.441,2.826,4.072,1.586,3.852,1.979,1.418,0,0,0,0,0,0,0,2.961,0,3.909,1.311,0,0,0,0,2.099,3.17,0,0,4.25,4.274,2.298,2.129,1.797,0,4.187,2.365,1.882,1.905,2.349,0,2.333,0,1.721,2.025,0,0,1.748,1.956,0,0,0,1.774,0,0,0,3.296,0,2.179,0,0,3.66,0,1.979,2.308,2.193,0,3.298,3.552,0,3.238,1.887,0,0,3.671,0,1.462,2.714,5.706
TM3:bin_000033,0,0,0,0,0,0,0,0,0,0,0,0,0,0,0,0,0,0,0,0,0,0,0,0,0,0,0,0,0,0,0,0,0,0,0,0,0,0,0,0,0,0,0,0,0,0,0,0,0,0,0,0,0,0,0,0,0,0,0,0,0,0,0,0,0,0,0,0,0,0,0,0,0,0,0,0,0,0,0,0,0,0,0,0
TM3:bin_000088,0,0,0,0,0,0,0,0,0,0,0,0,0,0,0,0,0,0,0,0,0,0,0,0,0,0,0,0,0,0,0,0,0,0,0,0,0,0,0,0,0,0,0,0,0,0,0,0,0,0,0,0,0,0,0,0,0,0,0,0,0,0,0,0,0,0,0,0,0,0,0,0,0,0,0,0,0,0,0,0,0,0,0,0
TM3:bin_000108,0,0,0,0,0,0,0,0,0,0,0,0,0,0,0,0,0,0,0,0,0,0,0,0,0,0,0,0,0,0,8.642,0,0,0,0,16.864,0,0,0,0,25.286,0,0,0,0,0,0,0,0,0,0,0,0,0,0,0,0,0,0,0,0,0,0,0,0,0,0,0,0,0,0,0,0,0,0,0,0,0,0,0,0,0,0,0
TM4:bin_000013,0,0,0,0,0,0,0,0,0,0,0,0,0,0,0,0,0,0,0,0,0,0,0,0,0,0,0,0,0,0,0,0,0,0,2.782,0,0,0,0,0,0,10.196,0,0,0,0,0,0,0,2.606,0,0,0,0,0,0,0,0,0,0,0,0,0,0,0,0,0,0,0,0,0,0,0,0,0,0,0,0,0,2.841,0,0,0,3.731
TM4:bin_000021,0,0,0,0,0,0,0,0,0,0,0,0,0,0,0,0,0,0,0,0,0,0,0,0,0,0,0,0,0,0,0,0,0,0,0,0,0,0,0,0,0,0,0,0,0,0,0,0,0,0,0,0,0,0,0,0,0,0,0,0,0,0,0,0,0,0,0,0,0,0,0,0,0,0,0,0,0,0,0,0,0,0,0,0
TM4:bin_000025,0,0,0,0,0,0,0,0,0,0,0,0,0,0,0,0,0,0,0,0,0,0,0,0,0,0,0,0,0,0,0,0,0,0,0,0,0,0,0,0,0,0,0,0,0,0,0,0,0,0,0,0,0,0,0,0,0,0,0,0,0,0,0,0,0,0,0,0,0,0,0,0,0,0,0,0,0,0,0,0,0,0,0,0
TM4:bin_000031,0,0,0,0,0,0,0,0,0,0,0,0,0,0,0,0,0,0,0,0,0,0,0,0,0,0,0,0,0,0,0,0,0,0,0,0,0,0,0,0,0,0,0,0,0,0,0,0,0,0,0,0,0,0,0,0,0,0,0,0,0,0,0,0,0,0,0,0,0,0,0,0,0,0,0,0,0,0,0,0,0,0,0,0
TM4:bin_000034,0,0,0,2.292,0,0,0,0,2.495,0,6.474,0,0,0,0,2.008,0,1.495,0,0,0,0,0,7.033,0,0,0,0,0,0,0,3.76,0,0,0,0,0,0,3.239,2.399,0,0,0,0,0,0,1.858,0,3.13,0,0,0,2.197,0,0,0,0,0,0,0,0,5.486,0,0,0,0,0,0,4.999,1.747,0,0,3.577,0,0,0,2.166,0,0,2.383,0,3.091,2.511,4.461
TM4:bin_000036,0,0,0,0,0,0,0,0,0,0,0,0,0,0,0,0,0,0,0,0,0,0,0,0,0,0,0,0,0,0,0,0,0,0,0,0,0,0,0,0,0,0,0,0,0,0,0,0,0,0,0,0,0,0,0,0,0,0,0,0,0,0,0,0,0,0,0,0,0,0,0,0,0,0,0,0,0,0,0,0,0,0,0,0
TM4:bin_000037,0,0,0,0,0,0,0,0,0,0,0,0,0,0,0,0,0,0,0,0,0,0,0,0,0,0,2.102,0,0,0,0,0,0,0,0,0,0,0,0,0,0,0,0,0,2.575,0,1.696,0,0,0,0,0,0,2.051,0,0,0,0,0,0,0,0,0,0,0,0,0,0,0,0,0,0,0,0,0,0,0,0,0,1.852,0,1.672,0,4.079
TM4:bin_000038,0,0,0,0,0,0,0,0,0,0,0,0,0,0,0,0,0,0,0,0,0,0,0,0,0,0,0,0,0,0,0,2.056,0,2.474,0,0,0,0,0,0,0,0,0,0,0,0,0,0,0,0,0,0,0,2.343,0,0,0,0,0,0,0,0,0,0,0,0,3.559,0,0,0,0,0,0,0,0,0,0,0,0,2.31,0,0,0,2.939
TM4:bin_000039,0,0,0,0,0,3.488,0,0,0,0,2.884,0,0,0,0,0,0,0,0,0,0,0,0,0,0,0,0,0,0,0,0,0,0,0,0,2.807,0,0,0,0,0,0,0,0,0,0,0,0,0,0,0,0,0,0,0,0,0,0,0,0,0,0,0,0,0,0,0,0,0,0,0,0,0,0,0,0,0,0,0,1.904,0,0,0,2.94
TM4:bin_000041,0,0,1.765,1.598,0,0,0,0,2.232,0,0,0,2.898,0,0,0,0,0,0,0,0,0,0,0,0,0,0,0,0,0,17.22,3.946,0,2.206,5.977,2.976,0,0,0,0,0,3.921,1.713,0,2.799,0,0,0,0,2.701,0,0,0,0,0,0,0,0,0,0,0,0,0,1.839,0,0,5.657,0,0,0,0,0,0,0,0,0,0,0,0,1.97,0,0,0,2.284
TM4:bin_000045,0,0,0,0,0,0,2.079,0,0,2.007,0,1.702,2.958,0,1.519,0,0,0,0,0,0,0,2.043,0,3.926,0,2.085,0,0,0,0,0,0,0,5.539,4.38,0,1.705,0,1.537,0,2.783,0,0,0,2.796,1.979,0,0,0,0,1.8,0,0,0,1.742,0,2.005,0,0,0,0,0,1.694,0,0,2.831,0,1.624,0,0,1.623,0,0,2.839,3.404,2.268,0,0,3.701,0,0,2.373,5.697
TM4:bin_000048,0,0,0,0,0,0,0,0,0,0,0,0,0,0,0,0,0,0,0,0,0,0,0,0,0,0,0,0,0,0,0,0,0,0,0,0,0,0,0,0,0,0,0,0,0,0,0,0,0,0,0,0,0,0,0,0,0,0,0,0,0,0,0,0,0,0,0,0,0,0,0,0,0,0,0,0,0,0,0,0,0,0,0,0
TM4:bin_000064,0,0,0,0,0,0,0,0,2.27,0,0,0,3.208,0,0,0,0,0,0,0,0,0,2.337,0,0,0,0,0,0,0,0,3.041,0,0,0,4.701,0,0,0,0,5.303,0,0,0,0,0,0,0,0,2.908,0,0,0,2.301,0,0,0,0,0,0,0,2.773,0,0,0,1.572,0,0,0,2.233,0,0,0,0,0,4.958,0,0,0,0,0,0,0,4.39
TM4:bin_000079,0,0,0,0,0,0,0,0,0,0,0,0,0,0,0,0,0,0,0,0,0,0,0,0,0,0,0,0,0,0,0,2.158,0,0,0,0,0,0,0,0,0,0,0,0,0,0,0,0,1.953,0,0,0,0,0,0,0,0,0,0,0,0,0,0,0,0,0,0,0,0,2.319,0,0,0,0,0,3.352,0,0,0,0,0,0,0,3.843
TM4:bin_000088,0,0,0,0,0,0,0,0,0,0,0,0,0,0,0,0,0,0,0,0,0,0,0,0,0,0,0,0,0,0,0,0,0,0,0,0,0,0,0,0,0,0,0,0,0,0,0,0,0,0,0,0,0,0,0,0,0,0,0,0,0,0,0,0,0,0,0,0,0,0,0,0,0,0,0,0,0,0,0,0,0,0,0,0
TM4:bin_000093,0,0,0,0,0,0,0,0,0,6.465,2.507,0,0,0,0,0,0,0,0,0,0,0,0,0,0,0,0,0,0,0,0,0,0,0,0,0,0,0,0,0,0,3.836,0,0,0,0,0,4.456,0,0,0,0,0,0,0,0,0,0,0,0,0,0,0,0,0,0,2.509,0,0,0,0,0,0,0,0,0,0,0,0,0,0,0,0,0
TM4:bin_000095,0,0,0,0,0,0,0,0,0,0,0,0,0,0,0,0,0,0,0,0,0,0,0,0,0,0,0,0,0,0,0,0,0,0,0,0,0,0,0,0,0,0,0,0,0,0,0,0,0,0,0,0,0,0,0,0,0,0,0,0,0,0,0,0,0,0,0,0,0,0,0,0,0,0,0,0,0,0,0,0,0,0,0,0
TM4:bin_000097,0,0,0,0,0,0,0,0,0,0,3.814,0,0,0,0,0,0,0,0,0,0,0,0,0,0,0,0,0,0,0,0,2.51,0,0,0,0,0,0,0,0,0,0,0,0,0,2.626,0,0,0,0,0,0,0,0,0,0,0,0,0,0,0,0,0,0,0,0,0,0,0,0,0,0,0,0,0,0,0,0,0,0,0,0,0,2.72
TM4:bin_000099,0,0,0,0,0,0,0,0,0,0,0,0,0,0,0,0,0,0,0,0,0,0,0,0,0,0,0,0,0,0,0,0,0,0,0,0,0,0,0,0,0,0,0,0,0,0,0,0,0,0,0,0,0,0,0,0,0,0,0,0,0,0,0,0,0,0,0,0,0,0,0,0,0,0,0,0,0,0,0,0,0,0,0,0
TM4:bin_000106,0,0,0,0,0,0,0,0,0,0,0,0,0,0,0,0,0,0,0,0,0,0,0,0,0,0,0,0,0,0,0,0,0,0,0,0,0,0,0,0,0,0,0,0,0,0,0,0,0,0,0,0,0,0,0,0,0,0,0,0,0,0,0,0,0,0,0,0,0,0,0,0,0,0,0,0,0,0,0,0,0,0,0,0
TM4:bin_000115,0,0,0,0,0,0,0,0,0,0,0,0,0,0,0,0,0,0,0,0,0,0,0,0,0,0,0,0,0,0,0,0,0,0,0,0,0,0,0,0,0,0,0,0,0,0,0,0,0,0,0,0,0,0,0,0,0,0,0,0,0,0,0,0,0,0,0,0,0,0,0,0,0,0,0,0,0,0,0,0,0,0,0,0
TM4:bin_000133,0,0,0,0,0,0,0,0,0,0,0,0,0,0,0,0,0,0,0,0,0,0,0,0,0,0,0,0,0,0,0,0,0,0,0,0,0,0,0,0,0,0,0,0,0,0,0,0,0,0,0,0,0,0,0,0,0,0,0,0,0,0,0,0,0,0,0,0,0,0,0,0,0,0,0,0,0,0,0,0,0,0,0,0
TM4:bin_000144,0,0,0,0,0,0,0,0,0,0,0,0,0,0,0,0,0,0,0,0,0,0,0,0,0,0,0,0,0,0,0,0,0,0,0,0,0,0,0,0,0,0,0,0,0,0,0,0,0,0,0,0,0,0,0,0,0,0,0,0,0,0,0,0,0,0,0,0,0,0,0,0,0,0,0,0,0,0,0,0,0,0,0,0
TM4:bin_000166,0,0,0,0,0,0,0,0,0,0,0,0,0,0,0,0,0,0,0,0,0,0,0,0,0,0,0,0,0,0,0,0,0,0,0,0,0,0,0,0,0,0,0,0,0,0,0,0,0,0,0,0,0,0,0,0,0,0,0,0,0,0,0,0,0,0,0,0,0,0,0,0,0,0,0,0,0,0,0,0,0,0,0,0
TM4:bin_000184,0,0,0,0,0,0,0,0,0,0,0,0,0,0,0,0,0,0,0,0,0,0,0,0,0,0,0,0,0,0,0,0,0,0,0,0,0,0,0,0,0,0,0,0,0,0,0,0,0,0,0,0,0,0,0,0,0,0,0,0,0,0,0,0,0,0,0,0,0,0,0,0,0,0,0,0,0,0,0,0,0,0,0,0
TM4:bin_000189,0,0,0,0,0,0,0,0,0,0,0,0,0,0,0,0,0,0,0,0,0,0,0,0,0,0,0,0,0,0,0,0,0,0,0,0,0,0,0,0,0,0,0,0,0,0,0,0,0,0,0,0,0,0,0,0,0,0,0,0,0,0,0,0,0,0,0,0,0,0,0,0,0,0,0,0,0,0,0,0,0,0,0,0
TM4:bin_000200,0,0,0,0,0,0,0,0,0,0,0,0,0,0,0,0,0,0,0,0,0,0,0,0,0,0,0,0,0,0,0,0,0,0,0,0,0,0,0,0,0,0,0,0,0,0,0,0,0,0,0,0,0,0,0,0,0,0,0,0,0,0,0,0,0,0,0,0,0,0,0,0,0,0,0,0,0,0,0,0,0,0,0,0
TM4:bin_000204,0,0,0,0,0,0,0,0,0,0,0,0,0,0,0,0,0,0,0,0,0,0,0,0,0,0,0,0,0,0,0,0,0,0,0,0,0,0,0,0,0,0,0,0,0,0,0,0,0,0,0,0,0,0,0,0,0,0,0,0,0,0,0,0,0,0,0,0,0,0,0,0,0,0,0,0,0,0,0,0,0,0,0,0
TM4:bin_000209,0,0,0,0,0,0,0,0,0,0,0,0,0,0,0,0,0,0,0,0,0,0,0,0,0,0,0,0,0,0,0,0,0,0,0,0,0,0,0,0,0,0,0,0,0,0,0,0,0,0,0,0,0,0,0,0,0,0,0,0,0,0,0,0,0,0,0,0,0,0,0,0,0,0,0,0,0,0,0,0,0,0,0,0
TM4:bin_000211,0,0,0,0,0,0,0,0,0,0,0,0,0,0,0,0,0,0,0,0,0,0,0,0,0,0,0,0,0,0,0,0,0,0,0,0,0,0,0,0,0,0,0,0,0,0,0,0,0,0,0,0,0,0,0,0,0,0,0,0,0,0,0,0,0,0,0,0,0,0,0,0,0,0,0,0,0,0,0,0,0,0,0,0
TM4:bin_000216,0,0,0,0,0,0,0,0,0,0,0,0,0,0,0,0,0,0,0,0,0,0,0,0,0,0,0,0,0,0,0,0,0,0,0,0,0,0,0,0,0,0,0,0,0,0,0,0,0,0,0,0,0,0,0,0,0,0,0,0,0,0,0,0,0,0,0,0,0,0,0,0,0,0,0,0,0,0,0,0,0,0,0,0
TM4:bin_000248,0,0,15.656,0,0,0,3.527,0,5.811,0,0,1.688,0,0,0,7.038,0,0,0,2.954,0,0,0,0,6.351,0,0,0,0,0,6.163,3.4,0,0,0,0,0,0,0,1.82,0,0,0,5.141,0,0,0,0,0,0,0,0,0,0,0,0,0,2.048,0,0,0,0,0,0,0,0,0,0,8.737,4.511,0,0,2.93,0,0,0,0,0,0,2.13,0,1.665,0,11.812
TM4:bin_000249,0,17.816,4.056,6.158,6.601,5.938,22.617,5.42,7.549,56.426,25.371,12.552,18.784,4.359,1.681,2.635,10.389,8.679,0,7.55,4.18,2.707,18.91,15.788,15.815,8.66,7.199,0,0,0,14.417,36.784,7.175,16.675,23.467,19.862,20.833,11.201,3.445,2.127,17.187,22.177,5.679,8.652,28.036,10.816,10.482,18.286,12.74,10.328,9.426,5.704,3.355,28.233,0,48.951,8.488,3.269,3.33,2.703,1.923,16.389,0,9.498,5.282,4.245,58.436,0,13.028,5.372,9.41,15.187,11.005,8.896,10.954,21.595,11.907,6.304,0,14.096,0,4.516,15.248,40.947
TM4:bin_000259,0,0,0,0,0,0,0,0,0,0,0,0,0,0,0,0,0,0,0,0,0,0,0,0,0,0,0,0,0,0,0,0,0,0,0,0,0,0,0,0,0,0,0,0,0,0,0,0,0,0,0,0,0,0,0,0,0,0,0,0,0,0,0,0,0,0,0,0,0,0,0,0,0,0,0,0,0,0,0,0,0,0,0,0
TM4:bin_000261,0,0,0,0,0,0,0,0,0,0,0,0,0,0,0,0,0,0,0,0,0,0,0,0,0,0,0,0,0,0,0,0,0,0,0,0,0,0,0,0,0,0,0,0,0,0,0,0,0,0,0,0,0,0,0,0,0,0,0,0,0,0,0,0,0,0,0,0,0,0,0,0,0,0,0,0,0,0,0,0,0,0,0,0
TM4:bin_000267,0,0,0,0,0,0,0,0,0,0,0,0,0,0,0,0,0,0,0,0,0,0,0,0,0,0,0,0,0,0,0,0,0,0,0,0,0,0,0,0,0,0,0,0,0,0,0,0,0,0,0,0,0,0,0,0,0,0,0,0,0,0,0,0,0,0,0,0,0,0,0,0,0,0,0,0,0,0,0,0,0,0,0,0
TM4:bin_000275,0,0,0,0,0,0,0,0,0,0,0,0,0,0,0,0,0,0,0,0,0,0,0,0,0,0,0,0,0,0,0,0,0,0,0,0,0,0,0,0,0,0,0,0,0,0,0,0,0,0,0,0,0,0,0,0,0,0,0,0,0,0,0,0,0,0,0,0,0,0,0,0,0,0,0,0,0,0,0,0,0,0,0,0
TM4:bin_000278,0,0,0,0,0,0,0,0,0,0,0,0,0,0,0,0,0,0,0,0,0,0,0,0,0,0,0,0,0,0,0,0,0,0,0,0,0,0,0,0,0,0,0,0,0,0,0,0,0,0,0,0,0,0,0,0,0,0,0,0,0,0,0,0,0,0,0,0,0,0,0,0,0,0,0,0,0,0,0,0,0,0,0,0
TM4:bin_000285,0,0,0,0,0,0,0,0,0,0,0,0,0,0,0,0,0,0,0,0,0,0,0,0,0,0,0,0,0,0,0,0,0,0,0,0,0,0,0,0,0,0,0,0,0,0,0,0,0,0,0,0,0,0,0,0,0,0,0,0,0,0,0,0,0,0,0,0,0,0,0,0,0,0,0,0,0,0,0,0,0,0,0,0
TM4:bin_000286,0,0,0,0,0,0,0,0,0,0,0,0,0,0,0,0,0,0,0,0,0,0,0,0,0,0,0,0,0,0,0,0,0,0,0,0,0,0,0,0,0,0,0,0,0,0,0,0,0,0,0,0,0,0,0,0,0,0,0,0,0,0,0,0,0,0,0,0,0,0,0,0,0,0,0,0,0,0,0,0,0,0,0,0
TM4:bin_000287,0,0,0,0,0,0,0,0,0,0,0,0,0,0,0,0,0,0,0,0,0,0,0,0,0,0,0,0,0,0,0,0,0,0,0,0,0,0,0,0,0,0,0,0,0,0,0,0,0,0,0,0,0,0,0,0,0,0,0,0,0,0,0,0,0,0,0,0,0,0,0,0,0,0,0,0,0,0,0,0,0,0,0,0
TM4:bin_000305,0,0,0,0,0,0,0,0,0,0,0,0,0,0,0,0,0,0,0,0,0,0,0,0,0,0,0,0,0,0,0,0,0,0,0,0,0,0,0,0,0,0,0,0,0,0,0,0,0,0,0,0,0,0,0,0,0,0,0,0,0,0,0,0,0,0,0,0,0,0,0,0,0,0,0,0,0,0,0,0,0,0,0,0
TM4:bin_000312,0,0,0,0,0,0,0,0,0,0,0,0,0,0,0,0,0,0,0,0,0,0,0,0,0,0,0,0,0,0,0,0,0,0,0,0,0,0,0,0,0,0,0,0,0,0,0,0,0,0,0,0,0,0,0,0,0,0,0,0,0,0,0,0,0,0,0,0,0,0,0,0,0,0,0,0,0,0,0,0,0,0,0,0
TM4:bin_000316,0,0,0,2.368,0,0,4.842,0,3.843,2.699,8.224,0,0,2.454,0,2.424,0,0,0,3.216,2.79,0,5.308,3.253,0,2.763,0,2.38,0,0,2.964,7.092,0,0,5.185,5.422,2.458,1.721,1.881,0,5.921,2.564,0,6.069,4.301,0,3.348,3.706,2.675,0,3.307,1.739,0,7.832,0,2.886,2.812,4.787,0,0,4.831,4.857,0,0,0,0,2.869,0,3.027,3.778,0,1.972,0,0,2.895,11.568,4.764,4.591,4.636,6.104,0,2.513,2.499,5.272
