genome,M304225,M304234,M304345,M304338,M304343,M304319,M304248,M304220,M304228,M304308,M304226,M304232,M304324,M304346,M304307,M304242,M304224,M304333,M304330,M304320,M304256,M304352,M304331,M304231,M304309,M304342,M304238,M304215,M304353,M304258,M304254,M304327,M304318,M304217,M304219,M304328,M304314,M304221,M304336,M304230,M304344,M304321,M304310,M304351,M304257,M304347,M304245,M304337,M304350,M304235,M304313,M304218,M304249,M304255,M304240,M304349,M304213,M304315,M304341,M304236,M304323,M304244,M304233,M304239,M304246,M304253,M304326,M304223,M304252,M304216,M304348,M304335,M304325,M304214,M304243,M304311,M304339,M304250,M304322,M304316,M304237,M304211,M304227,M304332
00:bin_000002,6.976,14.292,19.626,10.093,16.924,7.902,5.186,7.251,1.026,2.731,15.302,12.005,12.588,12.126,9.599,0,21.545,5.751,8.656,10.909,0,7.213,12.542,8.664,3.217,6.812,7.021,8.795,15.679,27.763,4.348,6.612,5.401,9.497,9.644,5.304,4.702,6.518,10.788,7.425,9.2,7.647,2.709,0,10.038,25.202,6.935,4.514,0,20.792,5.964,2.478,12.106,10.186,6.613,13.19,16.262,6.499,7.213,11.026,9.518,8.632,10.766,14.995,6.223,9.526,7.952,9.318,14.325,26.621,4.829,14.916,13.663,9.296,0,18.246,8.203,9.137,8.129,9.399,16.117,9.434,9.216,7.579
00:bin_000004,5.708,4.708,13.156,8.627,3.753,11.579,5.593,2.837,0,3.584,4.074,2.412,7.362,3.067,1.892,0,5.696,1.195,6.515,3.024,0,1.154,3.853,1.201,0.791,1.472,0,4.86,8.513,3.74,1.602,1.013,4.626,15.753,7.816,1.971,0,2.68,11.234,1.769,7.519,1.019,0,0,6.92,22.287,0,13.027,0,2,1.088,1.528,2.296,3.496,3.898,5.409,0,2.997,2.502,2.699,2.827,1.819,5.437,5.498,7.591,1.989,2.508,7.381,2.18,9.172,5.845,3.031,4.616,4.578,0,2.68,5.003,2.972,2.316,4.484,3.309,14.35,2.918,2.211
00:bin_000007,1.402,2.955,5.938,2.74,2.515,2.343,2.543,2.172,0,3.17,1.64,3.552,2.692,2.953,0.924,0,2.685,1.02,3.902,2.521,0,2.33,1.848,1.651,0.657,1.06,0,2.448,2.921,2.778,2.073,1.401,1.482,3.665,3.721,1.285,0,1.567,3.509,0,2.888,1.915,0,0,1.987,5.459,0,1.784,0,2.395,1.646,0.931,1.43,2.155,2.751,2.597,0,3.341,1.473,3.786,3.466,2.207,1.86,4.366,3.568,2.612,1.448,3.548,3.173,5.057,2.135,3.549,1.729,0,0,0,2.122,1.772,3.394,2.367,2.303,5.387,1.884,0
00:bin_000010,0,0,0,0,0,0,0,0,0,0,0,0,0,0,0,0,0,0,0,0,0,0,0,0,0,0,0,0,0,0,0,0,0,0,0,0,0,0,0,0,0,0,0,0,0,0,0,0,0,0,0,0,0,0,0,0,0,0,0,0,0,0,0,0,0,0,0,0,0,0,0,0,0,0,0,0,0,0,0,0,0,0,0,0
00:bin_000015,28.699,36.781,123.794,50.55,59.215,44.168,37.066,50.843,3.927,44.573,29.292,35.024,53.434,45.648,18.614,0,72.922,25.437,38.378,48.877,0,32.895,27.699,24.544,20.841,28.512,32.005,50.962,62.591,83.86,32.693,30.474,48.305,50.772,41.578,24.682,6.11,32.219,78.4,18.804,29.246,34.715,8.977,0,63.986,79.696,14.865,54.638,0,32.428,32.141,16.053,34.483,39.06,31.62,41.595,10.516,48.272,32.265,38.919,59.439,38.777,44.384,54.906,65.99,45.62,44.632,45.321,37.32,79.344,25.733,48.022,48.631,39.261,27.529,19.322,43.263,42.261,63.288,53.285,40.695,64.659,39.169,23.515
00:bin_000024,1.981,2.6,5.42,2.097,3.866,3.585,2.584,2.018,0,3.235,3.994,5.795,3.828,4.555,1.281,0,4.252,2.744,4.93,6.385,0,2.11,3.627,3.279,1.421,3.583,1.756,5,4.666,8.722,3.853,2.63,4.006,3.635,5.682,2.038,4.886,1.944,8.151,2.083,2.178,2.524,0,0,7.159,5.634,2.97,5.441,0,2.221,2.729,0.947,4.388,3.979,1.892,1.803,0,2.383,6.92,5.159,3.126,6.691,2.666,5.175,5.178,4.481,1.637,6.223,4.633,5.816,1.419,4.292,3.428,2.846,0,7.377,3.035,3.06,3.203,4.976,3.044,12.418,5.439,4.192
00:bin_000030,5.142,7.713,16.237,6.981,8.863,5.902,4.062,3.796,0.752,4.659,5.575,4.778,6.961,9.273,1.729,0,9.775,5.455,6.23,9.748,0,5.517,5.402,5.341,3.19,4.274,2.89,7.327,10.404,13.497,3.871,4.954,7.145,6.256,10.808,3.237,7.836,4.163,15.729,3.005,5.782,7.978,0,0,9.818,10.96,4.321,5.601,0,5.296,6.721,2.028,8.092,7.006,3.762,6.243,4.889,6.044,4.482,7.597,9.747,4.642,5.234,12.52,5.818,4.276,5.317,8.144,9.644,12.524,4.473,9.148,6.41,4.983,0,7.216,4.223,8.251,10.803,8.451,5.21,8.015,9.247,4.721
00:bin_000037,1.627,2.814,7.046,2.755,2.129,1.038,2.826,1.775,0,1.52,1.093,1.813,3.85,2.105,0.58,0,3.662,1.604,5.257,2.084,0,1.175,1.022,2.674,0.876,1.924,1.682,1.868,4.223,3.212,1.437,1.589,2.91,2.316,3.114,1.423,0,1.443,2.484,0,0,1.746,0,0,2.185,2.419,1.476,1.444,0,0,2.299,0,4.755,1.919,1.504,1.663,0,2.241,1.39,1.458,4.006,1.299,2.448,2.526,1.857,1.904,1.145,4.347,0,3.752,0,2.323,0,0,0,0,1.976,3.059,1.779,2.219,1.544,3.625,1.763,0
00:bin_000040,0,0,2.596,0,0,0,0,0,0,0,0,0,0,0,0,0,0,0,0,0,0,0.705,0,0,0,0.961,0,0,0,1.209,0,0,0,0,0,0,0,0,0,0,0,0,0,0,1.286,0,0,0,0,0,0,0,0,0,0,0,0,0,0,0,0,0,0,0,0,0,0,1.293,0,1.294,0,0,0,0,0,0,0,0,0,0,1.494,0,0,0
00:bin_000043,0,0,0,0,0,0,0,0,0,0,0,0,0,0,0,0,0,0,0,0,0,0,0,0,0,0,0,0,0,0,0,0,0,0,0,0,0,0,0,0,0,0,0,0,0,0,0,0,0,0,0,0,0,0,0,0,0,0,0,0,0,0,0,0,0,0,0,0,0,0,0,0,0,0,0,0,0,0,0,0,0,0,0,0
00:bin_000048,0,0,0,0,0,0,0,0,0,0,0,0,0,0,0,0,0,0,0,0,0,0,0,0,0,0,0,0,0,0,0,0,0,0,0,0,0,0,0,0,0,0,0,0,0,0,0,0,0,0,0,0,0,0,0,0,0,0,0,0,0,0,0,0,0,0,0,0,0,0,0,0,0,0,0,0,0,0,0,0,0,0,0,0
00:bin_000049,0,0,0,0,0,0,0,0,0,0,0,0,0,0,0,0,0,0,1.641,0,0,0,0,0,0,0,0,0,0,0,0,0,0,0,0,0,0,0,0,0,0,0,0,0,1.434,0,0,0,0,0,0,0,0,0,0,0,0,0,0,0,0,0,0,0,0,0,0,0,0,0,0,0,0,0,0,0,0,0,0,0,0,0,0,0
00:bin_000052,0,0,0,2.706,0,0,0,0,0,1.857,0,0,0,0,0,0,0,0,0,0,0,0,0,0,0,0,0,0,0,0,0,0,0,0,0,0,0,0,1.019,0,0,0,0,0,0,0.845,0,0,0,0,0,0,0,0,0,0,0,0,0,0,0,0,0,0,0,0,0,0,0,0,0,0,0,0,0,0,0,0,0,2.147,0,0,0,0
00:bin_000054,0,0,0,0,0,0,0,0,0,0,0,0,0,0,0,0,0,0,0,0,0,0,0,0,0,0,0,0,0,0,0,0,0,0,0,0,0,0,0,0,0,0,0,0,0,0,0,0,0,0,0,0,0,0,0,0,0,0,0,0,0,0,0,1.098,0,0,0,0,0,0,0,0,0,0,0,0,0,0,0,0,0,0,0,0
00:bin_000057,0,0,1.127,0,0,1.282,1.094,0,0,0,0.982,0,0,0,0,0,0,0,0,0.749,0,0,1.328,0,0,0,0,0,0.737,1.295,0,0,0,0,0,0,0,0,1.453,0,0,0,0,0,1.844,0.907,0,0,0,7.504,0,0,0,0.986,0,0.957,0,0,0,0,0,0,0,0,0,0,0,0,0,1.458,0,0,0,1.184,0,0,0,0,0,0,0,0,0,0
00:bin_000065,0,0,0,0,0,0,0,0,0,0,0,0,0,0,0,0,0,0,0,0,0,0,0,0,0,0,0,0,0,0,0,0,0,0,0,0,0,0,0,0,0,0,0,0,0,0,0,0,0,0,0,0,0,0,0,0,0,0,0,0,0,0,0,0,0,0,0,0,0,0,0,0,0,0,0,0,0,0,0,0,0,0,0,0
00:bin_000067,1.96,3.528,8.259,1.795,6.339,4.006,4.554,3.344,0,0.961,5.786,6.353,4.691,3.492,0.78,0,5.146,2.314,4.84,6.388,0,2.552,2.03,4.128,0.959,2.659,1.931,5.238,4.607,7.452,2.492,4.558,4.736,5.008,3.708,2.268,0,2.198,6.591,2.469,2.027,2.1,3.897,0,8.182,8.621,2.444,4.451,0,2.806,1.123,1.486,5.654,3.788,4.334,4.281,5.763,1.472,5.517,3.092,2.64,4.178,4.55,5.343,4.256,4.598,1.978,5.786,4.531,9.419,2.788,5.059,3.267,2.089,0,4.565,4.931,3.688,2.921,5.766,4.511,4.857,3.106,3.495
00:bin_000077,0,0,0,0,0,0,0,0,0,0,0,0,0,0,0,0,0,0,0,0,0,0,0,0,0,0,0,0,0,0,0,0,0,0,0,0,0,0,0,0,0,0,0,0,0,0,0,0,0,0,0,0,0,0,0,0,0,0,0,0,0,0,0,0,0,0,0,0,0,0,0,0,0,0,0,0,0,0,0,0,0,0,0,0
00:bin_000098,0,0,0,0,0,0,0,0,0,0,0,0,0,0,0,0,0,0,0,0,0,0,0,0,0,0,0,0,0,0,0,0,0,0,0,0,0,0,0,0,0,0,0,0,0,0,0,0,0,0,0,0,0,0,0,0,0,0,0,0,0,0,0,0,0,0,0,0,0,0,0,0,0,0,0,0,0,0,0,0,0,0,0,0
00:bin_000105,0,0,0,0,0,0,0,0,0,0,0,0,0,0,0,0,0,0,0,0,0,0,0,0,0,0,0,0,0,0,0,0,0,0,0,0,0,0,0,0,0,0,0,0,0,0,0,0,0,0,0,0,0,0,0,0,0,0,0,0,0,0,0,0,0,0,0,0,0,0,0,0,0,0,0,0,0,0,0,0,0,0,0,0
00:bin_000114,0,0,1.162,0,0,0,0,0,0,0,0,0,0,0,0,0,0,0,0,0,0,0,0,0,0,0,0,0,0,0,0,0,0,0,0,0,0,0,0,0,0,0,0,0,0,0,0,0,0,0,0,0,0,0,0,0,0,0,0,0,0,0,0,0,0,0,0,0,0,0,0,0,0,0,0,0,0,0,0,0,0,0,0,0
00:bin_000122,3.906,8.065,10.951,5.105,9.337,5.544,4.528,5.54,0.576,8.612,3.833,5.062,6.836,6.188,2.127,0,8.346,2.459,6.535,6.426,0,4.265,3.818,3.912,2.276,3.721,3.586,5.458,8.986,12.172,3.587,3.129,3.701,5.883,4.779,3.143,0,3.371,11.143,2.871,3.292,3.989,0,0,5.906,10.075,4.121,2.635,0,5.643,4.03,1.715,7.253,5.41,6.278,4.424,9.126,4.521,5.698,4.92,6.314,5.896,5.584,8.384,9.774,4.673,3.544,6.338,7.055,9.953,4.644,6.727,5.159,5.526,0,5.814,7.473,7.233,7.351,4.95,6.296,5.706,5.53,2.924
00:bin_000123,0.732,0,1.948,1.442,1.23,0,1.811,0,0,0,1.035,1.114,1.643,0,0,0,0,0,1.052,1.008,0,0.537,0.699,0,0,0,0,0,1.229,1.599,0,0.787,1.169,0,1.127,0,0,0,1.911,0,0,0.645,0,0,1.12,2.535,0,0,0,0,0,0,0,0.865,0,0,0,0,0,1.642,1.126,0,0,1.136,0,0,1.03,0,0,1.447,0,0.768,0,0,0,0,0,1.231,1.516,1.466,0,2.498,0,0
00:bin_000129,0,0,1.206,0,0,0,0,0,0,0,0,0,0,0,0,0,0,0,0,0,0,0,0,0,0,0,0,0,0,0,0,0,0,0,0,0,0,0,1.142,0,0,0,0,0,0,0,0,0,0,0,0,0,0,0,0,0,0,0,0,0,0,0,0,0.966,0,0,0,0,0,0,0,0,0,0,0,0,0,0,0,0,0,0,0,0
00:bin_000144,4.725,7.831,19.432,8.134,10.407,6.07,6.966,6.778,0.685,5.364,6.732,8.322,7.958,8.841,2.047,0,13.06,4.117,8.769,8.094,0,4.944,3.866,4.692,3.527,6.921,5.018,8.83,13.617,19.131,4.952,5.004,7.522,7.881,9.534,4.457,4.384,5.763,14.179,3.73,5.683,6.034,0,0,10.837,15.343,4.893,6.949,0,6.904,7.163,3.027,7.335,7.752,5.657,8.719,5.439,7.174,6.021,8.347,11.954,6.264,8.024,9.817,11.556,5.973,7.65,10.315,6.182,14.639,5.46,9.57,7.444,8.127,5.821,8.008,6.423,6.495,10.426,8.848,7.582,11.77,8.462,7.305
00:bin_000146,0,0,0,0,0,0,0,0,0,0,0,0,0,0,0,0,0,0,0,0,0,0,0,0,0,0,0,0,0,0,0,0,0,0,0,0,0,0,0,0,0,0,0,0,0,0,0,0,0,0,0,0,0,0,0,0,0,0,0,0,0,0,0,0,0,0,0,0,0,0,0,0,0,0,0,0,0,0,0,0,0,0,0,0
00:bin_000151,0,0,0,0,0,0,0,0,0,0,0,0,0,0,0,0,0,0,0,0,0,0,0,0,0,0,0,0,0,0,0,0,0,0,0,0,0,0,0,0,0,0,0,0,0,0,0,0,0,0,0,0,0,0,0,0,0,0,0,0,0,0,0,0,0,0,0,0,0,0,0,0,0,0,0,0,0,0,0,0,0,0,0,0
00:bin_000159,0,1.856,4.757,1.824,3.167,0,1.005,1.424,0,0,1.917,2.199,3.481,2.587,0.546,0,0,0.999,0,2.201,0,1.003,0,1.318,1.427,1.749,1.517,1.536,2.813,4.399,0,0,2.824,1.473,3.718,0.655,0,2.19,3.653,0,0,1.159,0,0,3.106,3.6,0,0,0,0,0,0,0,1.788,0,1.465,0,2.047,0,1.982,1.675,1.045,1.63,2.276,0,0,1.626,1.79,0,4.603,0,1.429,0,0,0,0,0,1.518,0,2.229,0,1.646,1.49,0
00:bin_000162,1.838,5.889,3.836,1.278,2.716,1.563,1.699,2.179,0,1.184,2.66,3.351,3.713,1.838,0,0,2.715,1.471,2.324,2.963,0,1.425,1.015,1.955,1.276,1.933,1.878,2.309,3.465,4.958,0,1.012,3,0,3.457,1.356,0,1.459,2.266,2.302,0,1.128,0,0,3.528,4.563,0,1.98,0,1.175,1.16,2.068,0,1.112,2.069,7.592,0,1.65,3.525,1.736,2.121,1.803,1.621,5.118,1.39,1.396,1.783,4.094,3.7,4.884,0.974,2.944,1.821,1.845,0,0,1.149,1.755,2.693,1.694,3.956,2.327,1.332,0
00:bin_000163,0,0,0,0,0,0,0,0,0,0,0,0,0,0,0,0,0,0,0,0,0,0,0,0,0,0,0,0,0,0,0,0,0,0,0,0,0,0,0,0,0,0,0,0,0,0,0,0,0,0,0,0,0,0,0,0,0,0,0,0,0,0,0,0,0,0,0,0,0,0,0,0,0,0,0,0,0,0,0,0,0,0,0,0
00:bin_000167,1.489,1.996,5.517,2.679,3.667,1.399,4.297,0,0,0,1.862,2.389,1.703,4.225,0.505,0,2.493,2.165,0,2.025,0,1.36,1.429,1.279,1.003,1.337,1.466,2.719,4.974,3.608,1.194,2.058,0,0,1.067,0.892,13.176,0,3.938,2.209,0,0.743,2.388,0,1.976,5.385,0,1.79,0,2.187,0.701,0.612,3.16,2.574,3.24,1.659,0,1.074,1.949,2.759,1.185,1.105,2.489,1.863,1.693,1.969,1.272,2.133,1.221,2.72,0,2.427,0,0,0,0,0,1.535,2.925,0,1.025,1.156,2.258,2.057
00:bin_000171,6.829,8.969,24.094,5.681,18.808,9.056,12.87,7.732,0.732,8.094,12.35,19.313,13.895,12.268,2.429,0,18.178,11.038,9.949,14.746,0,5.517,8.582,12.626,2.998,6.606,5.285,14.034,15.816,28.765,8.305,8.527,11.213,12.739,14.757,4.702,5.016,7.315,16.934,5.36,4.172,6.048,3.076,0,21.961,17.739,3.462,12.191,0,7.72,3.066,2.775,9.036,10.777,6.141,12,0,6.18,9.222,10.829,6.919,15.486,11.892,11.645,13.293,12.656,6.288,19.138,11.082,19.451,7.06,15.205,7.15,8.623,10.818,5.104,10.988,11.562,7.825,9.427,9.58,13.465,8.123,2.62
00:bin_000175,1.091,1.792,3.835,1.403,2.108,1.595,0,2.111,0,0,1.87,1.449,1.783,1.671,0.601,0,3.553,1.197,1.264,1.511,0,1.2,0.959,1.08,0,1.237,0,1.656,2.788,2.341,1.484,1.035,1.822,1.719,1.846,0.99,0,1.696,2.634,0,0,1.101,0,0,2.505,2.798,0,0,0,1.86,1.21,0,1.534,1.477,1.905,1.459,0,1.271,1.169,1.186,1.519,1.579,1.35,1.815,1.837,0,1.359,1.809,0,3.686,1.065,1.514,2.092,0,0,0,1.263,1.388,0,1.566,1.581,1.787,1.3,0
00:bin_000181,0.895,0,2.311,1.413,1.979,1.732,0,1.388,0,1.355,1.62,1.162,2.479,0,0,0,1.52,0.93,1.596,2.115,0,0.586,0.883,0,0,0,0,1.037,1.781,1.762,0,1.1,0,0,2.015,1.072,0,1.33,1.229,0,0,1.254,0,0,1.88,2.1,0,1.545,0,1.136,0,0,0,1.771,1.797,1.003,0,1.297,0.93,0,2.147,0.983,0,0.925,1.529,0,0,2.06,1.499,3.311,0,1.893,2.821,0,0,0,0,2.27,2.164,0.89,1.082,1.561,0,0
00:bin_000184,0,0,0,0,0,0,0,0,0,0,0,0,0,0,0,0,0,0,0,0,0,0,0,0,0,0,0,0,0,0,0,0,0,0,0,0,0,0,0,0,0,0,0,0,0,0,0,0,0,0,0,0,0,0,0,0,0,0,0,0,0,0,0,0,0,0,0,0,0,0,0,0,0,0,0,0,0,0,0,0,0,0,0,0
00:bin_000194,0,0,0,0,0,0,0,0,0,0,0,0,0,0,0,0,0,0,0,0,0,0,0,0,0,0,0,0,0,0,0,0,0,0,0,0,0,0,0,0,0,0,0,0,0,0,0,0,0,0,0,0,0,0,0,0,0,0,0,0,0,0,0,0,0,0,0,0,0,0,0,0,0,0,0,0,0,0,0,0,0,0,0,0
00:bin_000198,0,0,0,0,0,0,0,0,0,0,0,0,0,0,0,0,0,0,0,0,0,0,0,0,0,0,0,0,0,0,0,0,0,0,0,0,0,0,0,0,0,0,0,0,0,0,0,0,0,0,0,0,0,0,0,0.996,0,0,0,0,0,0,0,0,0,0,0,0,0,0,0,0,0,0,0,0,0,0,0,0,0,0,0,0
00:bin_000200,5.581,4.198,14.566,4.964,2.89,8.893,5.806,4.889,0,3.75,5.198,2.986,6.728,2.395,1.25,0,3.618,0.832,6.766,3.121,0,1.34,3.604,1.503,0.804,1.836,1.532,6.85,6.634,3.557,0,1.254,2.36,17.05,5.997,2.942,0,0,11.958,1.748,9.537,0.938,3.139,0,6.904,25.564,0,12.879,0,1.298,1.28,1.545,3.024,3.791,2.704,5.887,0,1.962,1.364,2.406,2.13,0.991,5.063,4.453,7.372,1.62,2.956,7.602,2.716,8.753,6.535,3.083,2.607,3.149,0,2.973,5.509,1.744,2.431,5.334,3.253,15.138,2.559,3.548
00:bin_000204,0,0,0,0,0,0,0,0,0,0,0,0,0,0,0,0,0,0,0,0,0,0,0,0,0,0,0,0,0,0,0,0,0,0,0,0,0,0,0,0,0,0,0,0,0,0,0,0,0,0,0,0,0,0,0,0,0,0,0,0,0,0,0,0,0,0,0,0,0,0,0,0,0,0,0,0,0,0,0,0,0,0,0,0
00:bin_000205,3.951,2.669,8.441,4.195,5.069,3.684,2.843,4.563,0,3.236,3.184,4.331,4.468,4.579,1.04,0,5.502,2.167,3.395,4.179,0,2.361,1.815,3.803,1.479,1.929,2.337,3.274,6.708,8.014,3.756,1.803,3.706,3.509,4.664,2.346,0,2.739,5.191,5.123,2.903,2.201,0,0,5.535,6.862,2.488,3.991,0,2.951,2.068,1.217,4.773,3.171,4.298,3.898,0,3.104,2.711,3.831,4.505,3.75,3.389,4.167,4.132,2.769,3.569,3.559,2.619,8.292,2.057,3.183,4.473,2.318,0,0,2.389,2.888,4.523,3.837,3.232,6.781,2.687,2.275
00:bin_000212,1.732,3.769,7.271,3.241,2.379,1.06,0,0,0,1.807,3.401,5.158,1.731,4.837,0.561,0,3.727,0.835,2.951,1.166,0,2.742,0,1.018,1.31,2.239,1.61,2.058,2.135,3.082,1.443,2.217,2.13,2.657,1.189,1.228,0,0,2.087,0,0,1.167,0,0,3.37,2.781,0,0,0,1.313,1.26,0,0,0,0,2.411,0,2.679,1.679,1.57,2.16,0,1.88,4.433,1.16,0,4.401,1.804,0,3.131,1.081,1.954,8.799,1.555,0,0,2.362,1.65,1.75,4.025,2.574,1.557,1.449,0
00:bin_000217,0,0,0,0,0,0,0,0,0,0,0,0,0,0,0,0,0,0,0,0,0,0,0,0,0,0,0,0,0,0,0,0,0,0,0,0,0,0,0,0,0,0,0,0,0,0,0,0,0,0,0,0,0,0,0,0,0,0,0,0,0,0,0,0,0,0,0,0,0,0,0,0,0,0,0,0,0,0,0,0,0,0,0,0
00:bin_000221,0,0,0,0,0,0,0,0,0,0,0,0,0,0,0,0,0,0,0,0,0,0,0,0,0,0,0,0,0,0,0,0,0,0,0,0,0,0,0,0,0,0,0,0,0,0,0,0,0,0,0,0,0,0,0,0,0,0,0,0,0,0,0,0,0,0,0,0,0,0,0,0,0,0,0,0,0,0,0,0,0,0,0,0
00:bin_000228,2.483,7.078,16.984,3.066,3.436,2.464,3.653,1.407,0,2.745,9.202,5.723,7.896,7.486,1.574,0,5.618,4.585,1.697,5.701,0,3.526,1.399,3.82,1.279,5.848,0,4.789,9.766,10.138,1.499,2.479,4.723,2.735,7.223,2.917,0,6.399,4.219,0,3.903,4.161,2.928,0,8.87,8.906,0,6.116,0,5.917,2.42,1.244,3.534,5.957,2.998,7.648,0,1.61,2.218,3.176,7.033,4.992,6.004,4.241,3.082,2.733,3.549,5.819,2.739,9.892,1.642,5.555,8.214,4.282,6.29,2.586,2.419,3.159,6.449,3.343,5.554,4.131,4.69,3.267
00:bin_000232,1.529,2.672,6.863,0,3.041,1.297,2.561,0,0,0,3.193,3.637,2.204,3.849,0.682,0,6.677,1.723,1.659,3.07,0,1.795,1.929,2.587,0,1.959,0,1.563,2.803,5.385,0,0,3.132,1.499,2.153,0.84,0,0,2.207,0,0,1.462,0,0,6.778,4.625,0,0,0,0,1.572,0,2.465,0,0,3.89,0,0,3.439,0,1.597,2.859,2.675,2.774,0,0,2.736,2.101,0,3.563,0,1.335,3.077,1.843,0,0,0,2.599,2.111,2.353,2.428,2.146,0,0
00:bin_000238,0,0,0,0,0,0,0,0,0,0,0,0,0,0,0,0,0,0,0,0,0,0,0,0,0,0,0,0,0,0,0,0,0,0,0,0,0,0,0,0,0,0,0,0,0,0,0,0,0,0,0,0,0,0,0,0,0,0,0,0,0,0,0,0,0,0,0,0,0,0,0,0,0,0,0,0,0,0,0,0,0,0,0,0
00:bin_000241,0,0,1.329,0,0,0,0,0,0,0,0,0,1.238,0,0,0,0,0,0,0,0,0,0,0,0,0,0,0,2.729,1.193,0,0,1.346,0,0,0,0,0,1.636,0,0,0.92,0,0,0,0,0,0,0,0,0,0,0,0,0,0,0,0,0,1.068,0,0,0,1.416,0,0,0,0,0,0,0,0,0,0,0,0,0,0,0,1.291,0,0,0,0
00:bin_000243,1.245,2.76,4.263,2.821,3.587,2.255,2.15,3.575,0,0,2.845,3.507,3.049,4.471,0,0,2.285,2.76,2.432,3.336,0,1.871,1.472,1.519,1.104,1.733,2.001,2.936,5.026,6.102,0,2.625,2.241,1.772,3.112,1.452,0,1.617,4.533,0,0,1.688,0,0,3.507,6.185,0,4.211,0,0,2.072,1.264,3.455,2.036,2.536,5.264,0,1.971,1.857,2.702,2.997,3.167,1.658,5.61,2.451,3.861,0,4.617,1.999,7.437,1.798,3.979,2.053,1.552,0,0,2.023,0,3.666,3.458,2.592,2.921,1.759,4.043
00:bin_000285,0,0,1.961,0,2.829,0,3.122,0,0,0,0.901,0,0.955,1.726,0,0,0,0,0,1.056,0,0,0,0,0,0,0,1.186,1.112,4.004,0,0,0,0,0,0.618,0,0,2.28,0,0,0.936,0,0,0,1.479,0,0,0,0,0,0,0,0,0,0.898,0,0,1.049,0,1.134,0,1.15,1.478,1.304,0,0,1.214,0,1.588,0,1.006,0,0,0,0,0,0,1.674,1.22,1.394,1.557,0,0
00:bin_000287,0,1.413,2.717,1.559,2.49,0,0,0,0,0,1.463,0,0,1.435,0,0,0,1.079,0,2.044,0,0.751,1.392,1.414,0,0,0,0,1.552,2.706,0,0,0,0,0,0,0,0,1.158,0,0,1.071,0,0,1.128,4.575,0,0,0,0,0,0,0,0,0,2.213,0,0,0,1.161,1.656,0,0,1.383,0,0,0,1.524,0,2.333,0,1.73,0,0,0,0,0,0,0,1.522,0,0,0,0
00-TM1:bin_000014,0,0,2.614,0,1.372,0,4.025,0,0,2.003,1.78,1.166,0,0,0,0,0,0.958,0,1.011,0,0,0.798,0,0,0,0,0.953,3.06,0,0,0.783,4.05,0,0.995,0.782,0,0,2.328,0,0,0.845,0,0,2.377,4.633,0,0,0,2.731,0,0,0,0,1.653,1.955,0,1.517,0,0,0,0,0,1.727,0,0,0,2.405,0,2.924,2.799,2.088,0,0,0,0,1.394,0,0,1.433,2.984,0,0,0
00-TM1:bin_000022,4.364,6.395,7.264,7.847,4.872,12.601,7.253,4.06,0,3.542,9.631,4.099,2.766,3.078,1.277,0,6.353,1.562,5.838,6.262,0,1.805,11.345,3.037,1.244,2.891,1.816,4.516,7.77,6.135,1.986,3.661,3.438,2.826,5.616,2.087,0,1.451,18.302,0,9.509,2.01,0,0,5.395,21.816,3.435,6.5,0,1.552,2.19,4.627,2.04,4.784,4.579,4.963,4.512,3.444,5.065,3.245,2.665,2.538,5.678,7.223,3.778,2.791,1.252,8.401,4.978,6.673,2.352,5.417,2.403,2.322,0,5.032,2.918,3.308,2.165,7.135,3.111,31.401,4.935,3.313
00-TM1:bin_000047,0,0,0,0,0,0,0,0,0,0,0,0,0,0,0,0,0,0,0,0,0,0,0,0,0,0,0,0,0,0,0,0,0,0,0,0,0,0,0,0,0,0,0,0,0,0,0,0,0,0,0,0,0,0,0,0,0,0,0,0,0,0,0,0,0,0,0,0,0,0,0,0,0,0,0,0,0,0,0,0,0,0,0,0
00-TM1:bin_000048,0,0,0,0,0,0,0,0,0,0,0,0,0,0,0,0,0,0,0,0,0,0,0,0,0,0,0,0,0,0,0,0,0,0,0,0,0,0,0,0,0,0,0,0,0,0,0,0,0,0,0,0,0,0,0,0,0,0,0,0,0,0,0,0,0,0,0,0,0,0,0,0,0,0,0,0,0,0,0,0,0,0,0,0
00-TM1:bin_000056,0,0,0,0,0,0,0,0,0,0,0,0,0,0,0,0,0,0,0,0,0,0,0,0,0,0,0,0,0,0,0,0,0,0,0,0,0,0,0,0,0,0,0,0,0,0,0,0,0,0,0,0,0,0,0,0,0,0,0,0,0,0,0,0,0,0,0,0,0,0,0,0,0,0,0,0,0,0,0,0,0,0,0,0
00-TM1:bin_000074,0,0,0,0,0,0,0,0,0,0,0,0,0,0,0,0,0,0,0,0,0,0,0,0,0,0,0,0,0,0,0,0,0,0,0,0,0,0,0,0,0,0,0,0,0,0,0,0,0,0,0,0,0,0,0,0,0,0,0,0,0,0,0,0,0,0,0,0,0,0,0,0,0,0,0,0,0,0,0,0,0,0,0,0
00-TM1:bin_000078,2.424,2.041,5.034,0,2.007,0,0,1.589,0,0,1.551,0,3.545,3.484,0,0,0,1.249,0,2.837,0,1.209,0,1.397,0.79,0,0,1.459,3.436,10.223,1.771,0.894,1.978,1.401,2.502,0.768,0,2.44,1.055,0,9.182,0.841,0,0,3.037,6.961,2.303,0,0,2.156,1.468,0.769,1.757,1.958,2.337,0,0,2.366,1.431,2.176,1.579,2.577,1.186,2.653,0,1.351,1.151,2.024,3.504,3.336,1.52,1.208,0,0,0,0,0,0,4.998,3.039,0,8.333,3.75,0
00-TM1:bin_000084,0,0,3.509,0,0,0,1.804,0,0,0,0,0,1.382,0,0,0,0,0,0,0,0,0,0,0,0,1.106,0,0,0,0,0,0,0,0,0,0,0,0,0,0,0,1.702,0,0,0,3.188,0,0,0,1.339,1.582,0,0,1.438,1.688,0,0,1.239,0,0,1.303,0,0,2.61,0,0,0,0,0,0,0,0,0,1.854,0,0,0,0,0,1.671,0,1.354,0,0
00-TM1:bin_000088,0,0,2.796,1.044,0,1.077,0,0,0,1.05,0,0,1.391,0,0,0,0,0,0,1.235,0,0,0,0,0,0,0,0,0,0,0,0,0,0,0,0,0,0,1.744,0,0,0,0,0,0,2.391,0,0,0,0,0,0,0,0,0,1.184,0,1.939,0,1.504,1.038,0,0,1.209,0,1.474,0,0,0,0,0,1.055,0,0,0,0,0,0,1.71,1.461,0,1.481,0.879,0
00-TM1:bin_000099,0,0,0,0,0,0,0,0,0,0,0,0,0,0,0,0,0,0,0,0,0,0,0,0,0,0,0,0,0,0,0,0,0,0,0,0,0,0,0,0,0,0,0,0,0,0,0,0,0,0,0,0,0,0,0,0,0,0,0,0,0,0,0,0,0,0,0,0,0,0,0,0,0,0,0,0,0,0,0,0,0,0,0,0
00-TM1:bin_000117,0,1.603,9.331,1.781,2.957,2.111,2.187,0,0,1.722,1.859,1.216,2.961,2.046,0,0,4.707,1.428,1.766,2.169,0,1.358,1.816,2.442,0.749,0,1.896,2.678,3.681,2.542,1.983,1.304,0,2.094,2.726,1.046,0,0,3.001,0,0,1.15,2.006,0,3.35,5.625,2.608,1.907,0,1.774,1.424,0,3.424,1.819,0,1.874,0,2.139,2.793,2.097,1.943,2.243,2.142,2.395,1.918,1.58,2.03,2.478,2.288,4.761,1.694,1.823,0,1.612,0,0,1.877,1.688,2.362,2.097,1.719,2.979,1.775,0
00-TM1:bin_000135,1.65,2.296,7.457,2.748,3.437,1.724,2.05,1.964,0,1.73,1.806,2.241,2.762,3.238,0,0,3.547,1.687,2.614,3.61,0,1.731,1.773,2.462,1.109,2.126,1.986,2.719,3.721,4.893,2.254,1.777,2.489,1.729,2.75,1.205,0,1.96,3.485,2.202,2.008,1.932,0,0,3.627,4.689,0,1.999,0,2.537,2.007,1.1,2.542,2.61,2.121,2.247,0,2.435,2.098,2.604,3.058,1.869,1.536,4.475,1.892,2.271,1.842,3.38,2.814,5.547,1.779,2.992,2.702,1.7,0,0,1.622,4.048,3.243,3.863,1.818,3.477,2.595,2.25
00-TM2:bin_000005,0,0,0,0,0,0,0,0,0,0,0,0,0,0,0,0,0,0,0,0,0,0,0,0,0,0,0,0,0,0,0,0,0,0,0,0,0,0,0,0,0,0,0,0,0,0,0,0,0,0,0,0,0,0,0,0,0,0,0,0,0,0,0,0,0,0,0,0,0,0,0,0,0,0,0,0,0,0,0,0,0,0,0,0
00-TM2:bin_000007,0,0,0,0,0,0,0,0,0,0,0,0,0,0,0,0,0,0,0,0,0,0,0,0,0,0,0,0,0,0,0,0,0,0,0,0,0,0,0,0,0,0,0,0,0,0,0,0,0,0,0,0,0,0,0,0,0,0,0,0,0,0,0,0,0,0,0,0,0,0,0,0,0,0,0,0,0,0,0,0,0,0,0,0
00-TM2:bin_000016,4.928,6.634,30,8.482,11.898,7.147,7.005,7.167,0.956,6.277,10.321,8.578,8.183,12.385,1.854,0,15.767,6.082,8.8,11.578,0,6.876,3.664,4.457,3.248,6.569,3.476,8.241,15.204,15.272,8.1,5.256,7.701,9.205,9.887,5.384,26.989,7.927,13.958,1.994,5.419,6.653,8.551,0,13.925,14.214,3.415,8.962,0,4.141,7.625,3.829,6.269,7.314,8.123,7.771,0,9.559,8.137,9.531,14.775,7.533,7.971,6.846,8.188,4.695,7.112,10.701,8.85,18,6.141,9.716,7.672,5.173,8.027,6.531,7.109,7.831,8.473,10.875,7.767,13.269,8.836,4.42
00-TM2:bin_000034,0,0,0,0,0,0,0,0,0,0,0,0,0,0,0,0,0,0,0,0,0,0,0,0,0,0,0,0,0,0,0,0,0,0,0,0,0,0,0,0,0,0,0,0,0,0,0,0,0,0,0,0,0,0,0,0,0,0,0,0,0,0,0,0,0,0,0,0,0,0,0,0,0,0,0,0,0,0,0,0,0,0,0,0
00-TM2:bin_000054,0,0,0,0,0,0,0,0,0,0,0,0,0,0,0,0,0,0,0,0,0,0,0,0,0,0,0,0,0,0,0,0,0,0,0,0,0,0,0,0,0,0,0,0,0,0,0,0,0,0,0,0,0,0,0,0,0,0,0,0,0,0,0,0,0,0,0,0,0,0,0,0,0,0,0,0,0,0,0,0,0,0,0,0
00-TM2:bin_000080,7.586,11.679,29.403,14.271,15.241,7.155,13.756,7.949,1.703,10.528,13.018,11.247,14.137,18.28,3.632,0,12.966,5.496,12.038,11.074,0,7.866,7.038,5.616,6.919,8.227,4.704,13.271,22.733,27.031,5.965,9.057,10.948,7.61,15.735,5.978,12.298,10.452,17.865,2.363,7.368,10.002,5.04,0,14.862,23.797,9.204,3.175,0,9.25,9.322,4.546,10.276,11.585,11.033,6.929,6.509,14.722,10.118,15.102,13.713,10.576,11.06,18.286,9.701,10.024,9.174,12.255,14.516,22.855,7.464,21.247,12.965,7.308,7.061,4.037,6.776,12.489,11.526,16.642,7.863,8.916,14.98,11.386
00-TM2:bin_000086,0,0,0,0,0,0,0,0,0,0,0,0,0,0,0,0,0,0,0,0,0,0,0,0,0,0,0,0,0,0,0,0,0,0,0,0,0,0,0,0,0,0,0,0,0,0,0,0,0,0,0,0,0,0,0,0,0,0,0,0,0,0,0,0,0,0,0,0,0,0,0,0,0,0,0,0,0,0,0,0,0,0,0,0
00-TM2:bin_000116,0,0,0,0,0,0,0,0,0,0,0,0,0,0,0,0,0,0,0,0,0,0,0,0,0,0,0,0,0,0,0,0,0,0,0,0,0,0,0,0,0,0,0,0,0,0,0,0,0,0,0,0,0,0,0,0,0,0,0,0,0,0,0,0,0,0,0,0,0,0,0,0,0,0,0,0,0,0,0,0,0,0,0,0
00-TM3:bin_000043,0,0,0,0,0,0,0,0,0,0,0,0,0,0,0,0,0,0,0,0,0,0,0,0,0,0,0,0,0,0,0,0,0,0,0,0,0,0,0,0,0,0,0,0,0,0,0,0,0,0,0,0,0,0,0,0,0,0,0,0,0,0,0,0,0,0,0,0,0,0,0,0,0,0,0,0,0,0,0,0,0,0,0,0
00-TM3:bin_000053,0,0,1.263,0,0,0,0,0,0,0,0,0,0,0.9,0,0,0,0,0,0,0,0,0,0,0,0,0,0,0.827,1.055,0,0,0,0,0,0,0,0,1.105,0,0,0,0,0,0.789,0.785,0,0,0,0,0,0,0,0,0,0,0,0,0,0,0,0,0,0,0,0,0,0,0,1.045,0,0,0,0,0,0,0,0,0,0,0,1.002,0,0
00-TM3:bin_000079,8.922,8.216,34.195,2.948,17.855,6.891,3.05,13.518,1.565,2.066,13.841,8.903,15.341,5.132,1.791,0,12.624,4.303,8.179,16.043,0,16.099,3.179,4.207,4.06,6.81,17.352,9.856,20.07,24.688,3.219,10.29,16.895,14.696,13.677,5.957,4.823,18.75,16.354,6.836,2.486,2.223,4.997,0,17.715,15.928,2.83,4.363,0,10.82,5.028,2.645,11.514,29.916,6.206,9.207,3.326,18.027,7.119,14.608,17.723,4.877,4.018,17.856,8.678,3.632,15.439,24.706,10.733,30.375,7.862,15.571,12.283,7.523,0,14.558,11.986,8.846,12.377,12.609,3.711,21.095,8.782,9.817
00-TM4:bin_000006,17.837,27.181,78.95,35.022,55.469,24.074,19.134,24.99,2.485,17.419,25.707,26.174,22.69,24.57,9.486,0,47.277,24.374,21.168,30.033,0,18.193,17.667,20.848,10.542,19.407,12.732,27.897,37.496,46.894,19.622,15.612,22.052,21.053,23.966,14.976,14.036,30.074,32.942,17.383,15.574,24.204,11.911,25.927,37.976,79.72,15.089,19.621,0,16.647,18.585,10.594,22.608,24.218,13.721,46.112,11.717,27.859,14.58,26.299,33.877,19.84,23.671,24.862,35.544,25.246,21.009,26.585,25.999,49.109,22.16,30.909,23.671,22.455,15.481,12.668,21.668,30.766,32.676,27.831,20.588,32.337,21.529,21.216
00-TM4:bin_000010,10.378,11.169,35.751,26.304,25.891,9.154,10.765,9.293,1.093,16.773,13.149,11.37,15.331,11.32,3.706,0,23.171,9.453,10.104,14.436,0,10.087,14.181,6.93,5.762,13.342,8.197,11.446,21.799,26.201,11.174,9.105,9.953,14.126,11.322,6.759,3.862,10.699,26.508,6.966,10.031,11.736,3.573,0,18.605,48.122,10.194,15.286,0,12.363,10.061,4.298,13.749,14.01,7.805,22.639,9.639,12.557,7.854,9.455,14.997,8.77,11.866,21.024,17.626,9.41,9.955,15.694,13.727,26.78,7.622,12.55,16.543,8.957,12.584,9.863,12.919,13.238,19.399,13.213,11.847,19.125,12.983,3.869
00-TM4:bin_000018,5.28,7.912,15.136,8.235,8.59,4.258,5.683,4.781,0.541,7.484,5.815,9.966,8.522,7.139,1.795,0,8.015,3.814,8.415,8.748,0,4.325,4.189,4.26,2.943,5.605,3.625,7.971,8.237,14.236,4.5,4.274,6.979,6.275,8.051,3.297,0,2.807,14.918,3.599,4.312,4.322,0,0,9.281,9.786,4.483,7.087,0,6.675,3.384,2.16,5.881,5.896,5.806,4.447,8.99,5.45,7.633,5.401,6.743,7.611,5.103,11.225,6.063,5.558,4.541,9.274,6.613,10.199,4.243,8.944,6.72,3.64,12.23,8.532,6.071,7.252,10.118,8.362,4.281,9.033,7.024,2.96
00-TM4:bin_000030,10.949,20.705,33.816,17.361,23.636,16.791,15.571,11.679,1.65,18.855,13.783,17.339,18.764,24.025,4.739,0,26.439,10.411,16.951,20.264,0,9.73,9.719,11.69,7.316,9.81,10.487,21.276,25.969,37.094,15.655,13.134,15.787,15.054,21.616,9.11,21.755,12.712,27.414,12.979,13.129,10.775,21.95,0,25.123,26.448,20.134,15.187,0,14.46,13.319,6.892,18.361,15.624,12.14,14.584,10.095,15.348,17.484,17.3,20.966,11.905,13.094,25.274,16.323,13.068,11.511,20.14,18.391,34.441,10.814,21.539,17.455,10.922,16.669,14.335,13.716,16.593,18.596,17.611,14.594,26.547,17.477,11.151
00-TM4:bin_000036,22.875,20.535,46.922,15.945,30.457,10.719,15.035,18.415,2.02,18.343,23.782,19.53,18.594,27.537,5.798,0,22.353,13.196,13.172,48.82,0,21.197,11.173,28.022,4.833,16.654,11.199,18.843,46.799,123.945,54.658,9.217,14.337,7.528,26.314,10.1,3.347,10.456,23.361,54.138,12.79,10.686,7.55,0,30.173,39.571,3.48,11.022,0,16.078,13.307,3.402,11.84,16.841,11.239,28.051,0,15.979,21.602,8.054,15.423,11.279,16.77,24.961,9.246,25.517,13.819,25.454,15.408,68.693,16.464,18.181,23.333,8.996,5.108,4.032,7.518,43.243,23.275,16.267,16.565,28.524,19.52,9.119
07:bin_000036,0,0,0,0,0,0,0,0,0,0,0,0,0,0,0,0,0,0,0,0,0,0,0,0,0,0,0,0,0,0,0,0,0,0,0,0,0,0,0,0,0,0,0,0,0,0,0,0,0,0,0,0,0,0,0,0,0,0,0,0,0,0,0,0,0,0,0,0,0,0,0,0,0,0,0,0,0,0,0,0,0,0,0,0
07:bin_000056,0,0,0,0,0,0,0,0,0,0,0,0,0,0,0,0,0,0,0,0,0,0,0,0,0,0,0,0,0,0,0,0,0,0,0,0,0,0,0,0,0,0,0,0,0,0,0,0,0,0,0,0,0,0,0,0,0,0,0,0,0,0,0,0,0,0,0,0,0,0,0,0,0,0,0,0,0,0,0,0,0,0,0,0
07:bin_000064,19.117,11.853,23.68,10.368,18.647,3.845,7.084,9.603,0.787,14.771,10.238,9.6,5.453,12.17,3.779,0,19.304,4.114,5.563,38.859,0,15.303,2.383,34.493,1.209,3.039,3.701,16.353,25.711,107.16,38.132,2.646,4.256,2.592,8.184,1.804,0,3.411,6.769,51.098,8.414,5.383,4.068,0,15.981,12.826,17.544,2.109,0,3.772,10.902,0.937,4.04,13.893,3.213,2.309,13.938,7.343,17.905,4.607,6.81,1.996,6.404,12.549,2.448,13.122,4.693,7.314,3.574,49.942,9.212,5.029,16.409,2.042,0,0,4.549,17.213,3.702,7.003,7.033,19.962,17.536,5.22
07:bin_000080,0,0,0,0,0,0,0,0,0,0,0,0,0,0,0,0,0,0,0,0,0,0,0,0,0,0,0,0,0,1.089,0,0,0,0,0,0,0,0,0,0,0,0,0,0,0,0,0,0,0,0,0,0,0,0,0,0,0,0,0,0,0,0,0,0,0,0,0,0,0,0,0,0,0,0,0,0,0,0,0,1.685,0,1.184,0,0
07:bin_000086,1.961,4.006,5.332,2.707,2.601,2.036,2.23,2.629,0,0,2.74,2.211,3.707,2.759,0.874,0,3.513,1.397,2.167,3.106,0,1.653,1.242,1.777,1.017,1.538,2.164,2.303,4.334,4.527,1.723,1.441,3.01,3.008,2.721,1.551,0,0,5,0,0,1.619,0,0,4.081,5.233,3.15,2.569,0,2.485,1.626,0,1.986,1.702,2.552,2.368,0,2.536,2.437,2,2.475,2.376,2.109,3.066,4.353,0,2.617,3.224,0,4.825,1.496,2.758,2.793,2.487,0,0,2.883,2.454,3.733,2.774,2.91,3.282,1.885,0
07:bin_000111,0,0,2.116,0,0,1.481,0,0,0,1.333,1.509,0,1.133,0,0,0,0,0,0,1.307,0,0,0.882,0,0,0,0,0,1.556,1.475,0,0,0,1.515,1.388,0,0,0,1.729,0,0,0,0,0,0,3.104,0,0,0,0,0,0,0,1.14,0,0,0,0,0,0,1.182,0,0,1.359,0,0,0,0,0,1.762,0,0,0,1.347,0,0,0,0,0,2.018,0,6.177,1.152,0
07:bin_000158,0,1.12,2.19,0.961,0,0,0,0,0,0,1.204,1.288,1.166,1.059,0,0,0,0,0,0.752,0,0.728,0,0,0,0.949,1.358,0,1.496,1.157,0,0,0,0,0.996,0,0,0,0.921,0,0,0,0,0,1.255,1.232,0,0,0,0,0,0,0,0,0,1.415,0,0,0.88,0,0,1.063,1.047,1.181,1.167,0,0,1.215,0,3.38,0,0.971,0,0,0,0,0,0,1.941,0,1.105,0,0,0
07:bin_000176,0,0,0,0,0,0,0,0,0,0,0,0,0,0,0,0,0,0,0,0,0,0,0,0,0,0,0,0,0,0,0,0,0,0,0,0,0,0,0,0,0,0,0,0,0,0,0,0,0,0,0,0,0,0,0,0,0,0,0,0,0,0,0,0,0,0,0,0,0,0,0,0,0,0,0,0,0,0,0,0,0,0,0,0
07-TM1:bin_000001,0,0,0,0,0,0,0,0,0,0,0,0,0,0,0,0,0,0,0,0,0,0,0,0,0,0,0,0,0,0,0,0,0,0,0,0,0,0,0,0,0,0,0,0,0,0,0,0,0,0,0,0,0,0,0,0,0,0,0,0,0,0,0,0,0,0,0,0,0,0,0,0,0,0,0,0,0,0,0,0,0,0,0,0
07-TM2:bin_000008,0,0,0,0,0,0,0,0,0,0,0,0,0,0,0,0,0,0,0,0,0,0,0,0,0,0,0,0,0,0,0,0,0,0,0,0,0,0,0,0,0,0,0,0,0,0,0,0,0,0,0,0,0,0,0,0,0,0,0,0,0,0,0,0,0,0,0,0,0,0,0,0,0,0,0,0,0,0,0,0,0,0,0,0
07-TM2:bin_000021,0,0,0,0,0,0,0,0,0,0,0,0,0,0,0,0,0,0,0,0,0,0,0,0,0,0,0,0,0,0,0,0,0,0,0,0,0,0,0,0,0,0,0,0,0,0,0,0,0,0,0,0,0,0,0,0,0,0,0,0,0,0,0,0,0,0,0,0,0,0,0,0,0,0,0,0,0,0,0,0,0,0,0,0
07-TM4:bin_000002,16.093,22.101,55.566,19.555,36.539,23.021,18.981,19.31,2.616,13.532,31.718,30.471,30.062,28.516,5.204,0,39.185,18.146,21.161,26.911,0,17.493,11.115,20.132,9.368,17.435,18.565,22.771,41.343,47.192,14.391,16.934,21.505,20.397,33.852,15.121,4.086,25.395,33.482,21.816,17.451,12.828,7.402,0,38.803,45.699,30.167,16.465,0,20.409,13.29,10.01,20.381,21.101,21.128,26.838,28.919,18.615,24.444,21.808,19.997,20.581,23.093,32.052,22.138,15.811,17.43,32.856,21.227,68.647,17.238,25.695,23.46,26.397,6.673,25.867,17.485,24.649,28.119,28.686,25.998,29.635,19.77,15.824
07-TM4:bin_000027,0,0,0,0,0,0,0,0,0,0,0,0,0,0,0,0,0,0,0,0,0,0,0,0,0,0,0,0,0,0,0,0,0,0,0,0,0,0,0,0,0,0,0,0,0,0,0,0,0,0,0,0,0,0,0,0,0,0,0,0,0,0,0,0,0,0,0,0,0,0,0,0,0,0,0,0,0,0,0,0,0,0,0,0
07-TM4:bin_000032,0,0,0,0,0,0,0,0,0,0,0,0,0,0,0,0,0,0,0,0,0,0,0,0,0,0,0,0,0,0,0,0,0,0,0,0,0,0,0,0,0,0,0,0,0,0,0,0,0,0,0,0,0,0,0,0,0,0,0,0,0,0,0,0,0,0,0,0,0,0,0,0,0,0,0,0,0,0,0,0,0,0,0,0
07-TM4:bin_000058,0,0,0,0,0,0,0,0,0,0,0,0,0,0,0,0,0,0,0,0,0,0,0,0,0,0,0,0,0,0,0,0,0,0,0,0,0,0,0,0,0,0,0,0,0,0,0,0,0,0,0,0,0,0,0,0,0,0,0,0,0,0,0,0,0,0,0,0,0,0,0,0,0,0,0,0,0,0,0,0,0,0,0,0
07-TM4:bin_000059,0,0,0,0,0,0,0,0,0,0,0,0,0,0,0,0,0,0,0,0,0,0,0,0,0,0,0,0,0,0,0,0,0,0,0,0,0,0,0,0,0,0,0,0,0,0,0,0,0,0,0,0,0,0,0,0,0,0,0,0,0,0,0,0,0,0,0,0,0,0,0,0,0,0,0,0,0,0,0,0,0,0,0,0
07-TM4:bin_000064,0.995,1.298,3.021,1.538,1.957,1.249,1.309,1.809,0,0,0.926,1.625,1.749,1.299,0,0,2.495,1.224,0.988,1.819,0,0.719,1.051,1.179,0.724,0,1.198,1.588,2.66,1.753,1.04,1.082,2.032,1.514,1.345,0.687,0,0,1.829,0,0,0.978,2.759,0,1.863,2.596,1.406,1.646,0,0,1.17,0,1.371,1.345,1.507,1.022,0,1.449,1.271,1.556,1.674,1.73,1.18,1.292,1.883,0,1.364,1.312,0,3.029,0.92,1.393,1.49,1.795,0,0,0,1.362,3.056,1.918,1.181,2.954,1.002,0
14:bin_000004,0,0,0.935,0,0,0,0,0,0,0,0,0,0,0,0,0,0,0,0,0,0,0,0,0,0,0,0,0,0,0,0,0,0,0,0,0,0,0,0,0,0,0,0,0,0,1.167,0,0,0,0,0,0,0,0,0,0,0,0,0,0,0,0,0,0,0,0,0,0,0,1.287,0,0,0,0,0,0,0,0,0,0,0,0,0,0
14:bin_000010,1.322,2.076,4.725,1.098,3.017,1.81,2.519,1.363,0,1.312,2.149,2.777,1.705,2.639,0.606,0,2.897,0.97,1.604,2.028,0,0.95,1.173,1.199,0.723,1.075,0,1.683,2.239,3.79,1.774,0.847,2.169,2.381,1.945,1.206,0,0,4.496,0,0,1.087,2.532,0,3.047,2.856,1.491,2.582,0,1.129,0.795,0.696,0,1.462,0,2.524,3.882,1.887,1.599,1.644,1.228,2.648,1.695,2.308,1.733,2.605,1.043,3.57,2.499,3.783,1.696,2.428,1.436,1.259,0,0,1.707,2.449,0,1.956,1.641,3.306,1.568,0
14:bin_000014,0,0,4.496,0,1.577,0,1.325,0,0,2.589,0,1.213,1.236,1.349,0,0,0,0,0,1.048,0,0,1.252,0,0,0,0,0,0,0,2.74,1.089,0,0,0,0,0,0,0,0,0,1.791,0,0,0,2.869,0,0,0,0,2.134,0,0,0,0,0,0,1.239,1.152,1.293,0,0,0,4.223,0,0,0,0,2.406,0,1.836,0,0,0,0,0,0,0,0,2.649,0,2.282,0,0
14:bin_000062,2.068,2.849,9.12,3.801,3.515,2.881,3.375,2.581,0,3.889,1.959,2.92,4.801,2.863,0.887,0,3.989,2.886,3.615,2.525,0,2.352,1.459,2.309,1.047,2.121,3.035,3.829,5.107,7.319,2.84,2.182,3.068,3.525,3.562,2.462,3.309,3.748,5.171,2.916,1.64,3.085,1.78,0,5.033,5.338,3.045,2.755,0,2.306,1.749,0.881,3.247,4.934,3.122,3.225,0,2.398,2.231,2.724,3.363,2.453,4.58,3.685,3.636,3.422,2.461,3.934,4.098,8.333,3.407,2.749,5.217,1.266,0,5.164,4.259,3.614,3.399,4.767,4.459,6.364,2.213,0
14:bin_000091,0,0,0,0,0,0,0,0,0,0,0,0,0,0,0,0,0,0,0,0,0,0,0,0,0,0,0,0,0,0,0,0,0,0,0,0,0,0,0,0,0,0,0,0,0,0,0,0,0,0,0,0,0,0,0,0,0,0,0,0,0,0,0,0,0,0,0,0,0,0,0,0,0,0,0,0,0,0,0,0,0,0,0,0
14:bin_000192,1.25,1.771,5.543,2.217,2.483,1.25,1.573,1.522,0,1.339,1.277,1.281,2.191,2.323,0,0,2.601,1.29,1.857,2.731,0,1.291,1.327,1.297,0.814,1.659,1.671,2.091,3.036,3.603,1.706,1.38,1.886,0,1.784,0.912,0,1.3,2.55,0,1.545,1.463,0,0,2.233,3.279,0,1.423,0,1.642,1.439,0.823,2.167,1.974,1.616,1.596,0,1.92,1.25,2.063,2.259,1.525,1.269,3.081,1.287,1.875,1.298,2.638,1.953,3.784,1.342,2.276,2.629,1.209,0,0,1.342,2.893,2.805,2.741,1.374,2.374,1.7,0
14-TM1:bin_000012,1.874,3.477,7.444,4.54,5.579,4.417,3.661,3.59,0,3.883,2.834,3.684,3.198,4.222,0.857,0,3.877,1.886,1.743,4.214,0,2.263,2.804,1.699,1.09,2.248,1.617,3.501,4.311,6.533,3.458,2.867,3.577,3.055,2.883,2.162,0,0,6.45,2.462,0,2.606,0,0,6.396,3.932,3.691,2.498,0,2.622,1.953,1.229,3.057,3.316,2.174,2.534,0,3.374,4.194,3.089,5.156,2.678,2.747,4.397,2.938,1.956,2.88,2.891,4.304,5.525,2.126,2.707,3.86,2.673,0,0,4.101,3.584,3.776,4.705,2.461,4.359,3.629,0
14-TM1:bin_000017,0,0,0,0,0,0,0,0,0,0,0,0,0,0,0,0,0,0,0,0,0,0,0,0,0,0,0,0,0,0,0,0,0,0,0,0,0,0,0,0,0,0,0,0,0,0,0,0,0,0,0,0,0,0,0,0,0,0,0,0,0,0,0,0,0,0,0,0,0,0,0,0,0,0,0,0,0,0,0,0,0,0,0,0
14-TM2:bin_000049,3.218,2.21,6.738,5.318,4.628,2.036,2.91,1.504,0,4.501,2.582,2.099,4.035,2.028,0.877,0,2.383,2.497,5.353,4.257,0,2.443,1.026,2.007,1.198,2.421,2.762,2.863,5.159,6.337,3.922,3.28,1.386,4.201,3.075,1.559,0,1.542,8.662,2.349,0,3.05,0,0,10.861,4.071,2.274,6.874,0,6.095,2.431,0.809,2.979,6.315,1.943,3.578,5.274,3.247,4.493,2.304,4.505,3.429,4.734,3.99,4.494,1.536,2.177,4.93,2.465,5.652,4.068,2.742,3.983,2.123,0,3.656,2.08,2.904,3.539,10.469,11.94,2.844,4.911,2.924
14-TM4:bin_000004,18.66,26.349,62.375,38.158,46.872,27.894,28.385,43.72,2.721,25.653,23.586,26.56,32.573,32.81,10.84,0,37.671,22.715,21.911,28.047,0,17.525,13.829,16.704,9.612,20.864,25.631,25.146,40.027,60.442,28.111,14.763,22.667,30.747,29.536,23.286,11.504,32.653,43.654,11.104,29.087,19.944,10.271,16.586,54.195,49.341,10.038,33.224,11.013,23.901,14.087,8.447,30.996,25.676,21.088,25.24,10.531,32.596,19.024,23.988,44.613,30.007,33.691,35.61,33.405,24.189,26.26,35.872,30.346,60.457,16.109,28.672,41.263,21.452,18.683,17.44,24.061,24.713,32.847,33.403,37.042,52.909,19.451,16.057
14-TM4:bin_000010,0,0,0,0,0,0,0,0,0,0,0,0,0,0,0,0,0,0,0,0,0,0,0,0,0,0,0,0,0,0,0,0,0,0,0,0,0,0,0,0,0,0,0,0,0,0,0,0,0,0,0,0,0,0,0,0,0,0,0,0,0,0,0,0,0,0,0,0,0,0,0,0,0,0,0,0,0,0,0,0,0,0,0,0
14-TM4:bin_000035,3.826,7.175,15.547,12.178,7.832,4.663,25.062,7.246,0.676,4.281,7.203,7.044,6.798,5.73,1.791,0,9.503,3.366,6.07,7.95,0,4.147,3.579,4.284,2.111,3.668,3.649,8.156,9.922,9.429,4.015,4.973,4.807,6.118,9.385,3.089,6.188,5.621,14.451,2.902,3.462,4.117,0,0,9.202,12.336,6.361,4.092,0,3.897,4.788,2.16,4.717,6.661,4.481,3.224,6.419,4.399,5.172,9.8,6.243,6.417,5.608,8.088,7.033,4.942,4.79,10.092,7.212,11.306,3.872,7.875,2.275,4.955,0,7.332,6.556,5.607,5.152,7.12,4.968,10.341,5.478,4.458
14-TM4:bin_000089,0,0,0,0,0,0,0,0,0,0,0,0,0,0,0,0,0,0,0,0,0,0,0,0,0,0,0,0,0,0,0,0,0,0,0,0,0,0,0,0,0,0,0,0,0,0,0,0,0,0,0,0,0,0,0,0,0,0,0,0,0,0,0,0,0,0,0,0,0,0,0,0,0,0,0,0,0,0,0,0,0,0,0,0
14-TM4:bin_000109,1.854,0,4.43,2.485,2.954,2.436,1.741,0,0,2.666,2.132,3.075,1.995,1.968,0,0,0,0,1.182,2.685,0,1.373,0.915,1.396,0.732,2.193,0,1.525,3.933,4.217,0,0,2.157,0,2.314,1.015,0,2.04,3.247,1.896,0,1.569,0,0,3.226,3.659,0,0,0,1.468,0,0.9,0,1.486,0,3.597,0,1.259,1.943,2.523,2.28,1.577,2.144,2.118,2.119,2.452,1.678,2.389,2.674,3.513,1.575,2.005,0,0,0,4.655,0,2.078,1.977,2.105,2.333,0,1.569,0
21:bin_000024,8.202,9.905,28.056,16.193,10.672,11.709,13.641,11.277,1.322,7.72,11.61,15.592,10.369,11.52,3.252,0,14.53,6.317,7.999,12.776,0,8.054,5.106,8.944,2.685,6.772,7.9,8.927,16.964,21.63,6.707,7.249,5.142,8.652,11.682,7.154,4.661,9.872,19.81,4.713,6.501,7.905,4.506,0,14.994,15.296,8.797,6.513,0,7.491,3.721,1.939,13.347,8.934,10.434,7.289,11.561,7.799,6.785,7.716,9.74,11.338,11.393,12.122,13.379,10.083,5.769,14.173,9.112,24.745,7.582,10.639,8.305,6.377,11.033,8.335,13.971,11.499,8.381,8.116,9.127,8.585,6.602,4.328
21:bin_000052,0,1.722,4.323,1.637,0,0,1.708,0,0,0,0,0,2.242,0,0,0,0,0,0,0,0,0,0,0,0,0,0,0,1.862,3.42,0,0,0,0,0,0,0,0,0,0,0,1.57,0,0,0,2.983,0,0,0,0,0,0,0,0,0,0,0,0,0,0,2.449,0,0,0,0,0,0,0,0,2.43,0,1.96,0,0,0,0,0,0,2.664,2.02,0,0,0,0
21:bin_000073,0,0,2.233,0,0,0,0,0,0,0,0,0,0,0,0,0,0,0,1.231,0,0,0.949,0,0,0,0,0,1.277,0,0,0,0,0,0,0,0,0,0,0,0,0,0,0,0,0,1.814,0,0,0,0,1.228,0,0,0,0,0,0,0,0,0,0,0,0,2.321,0,0,0,0,1.876,0,0,0,0,0,0,0,0,0,0,2.182,0,0,0,0
21:bin_000107,1.155,2.095,4.245,1.544,3.32,1.179,1.324,1.908,0,0,1.852,3.217,1.65,2.141,0.548,0,0,0.864,1.67,3.163,0,0.718,0.946,1.5,0.811,2.039,1.23,2.715,2.436,3.265,1,1.276,1.544,1.825,1.97,1.193,0,0,3.271,0,1.884,1.054,0,0,3.236,3.994,0,1.509,0,1.138,0.815,0.775,1.573,2.872,2.377,1.9,0,1.283,1.402,2.227,2.457,2.187,1.307,3.544,1.644,0,2.524,2.142,0,3.807,0,1.756,0,2.802,0,0,1.13,1.597,2.955,1.84,0,2.42,1.793,0
21:bin_000125,0,0,0,0,0,0,0,0,0,0,0,0,0,0,0,0,0,0,0,0,0,0,0,0,0,0,0,0,0,0,0,0,0,0,0,0,0,0,0,0,0,0,0,0,0,0,0,0,0,0,0,0,0,0,0,0,0,0,0,0,0,0,0,0,0,0,0,0,0,0,0,0,0,0,0,0,0,0,0,0,0,0,0,0
21:bin_000160,0,0,3.874,0,2.07,1.996,1.262,0,0,0,2.234,0,0,1.954,0.659,0,0,0.933,0,1.168,0,1.228,0,0,0.697,0,0,1.972,2.129,4.32,0,0,0,0,2.745,0,0,0,1.885,0,2.49,0.845,0,0,1.284,3.564,0,0,0,0,0,0,0,1.848,0,0,0,0,2.185,0,3.674,1.231,0,3.613,1.7,0,0,2.91,0,1.701,1.406,0,0,0,0,0,0,0,0,1.295,1.418,1.565,0,0
21:bin_000224,0,0,1.732,0,0,0,0,0,0,0,0,0,0,1.542,0,0,0,0,0,0,0,0.701,0,0,0,0,0,0,0,1.514,0,0,1.168,0,0,0,0,0,0.925,0,0,0,0,0,1.318,1.408,0,0,0,0,0,0,0,0,0,0,0,1.168,0,0,0,0,0,0,0,0,0,0,0,0,0,1.271,0,0,0,0,0,0,2.285,0,0,0,0,0
21-TM1:bin_000011,0,0,0,0,0,0,0,0,0,0,0,0,0,0,0,0,0,0,0,0,0,0,0,0,0,0,0,0,0,0,0,0,0,0,0,0,0,0,0,0,0,0,0,0,0,0,0,0,0,0,0,0,0,0,0,0,0,0,0,0,0,0,0,0,0,0,0,0,0,0,0,0,0,0,0,0,0,0,0,0,0,0,0,0
21-TM1:bin_000014,14.932,2.852,26.278,14.698,0,0,3.827,0,0.59,0,15.87,70.418,4.755,22.936,1.449,0,9.712,4.971,0,12.362,0,4.785,5.291,14.591,3.092,0,2.593,5.705,13.812,6.532,14.33,5.901,2.088,7.061,12.213,0,0,5.325,15.349,16.01,0,12.725,5.631,0,2.037,0,9.09,0,0,7.928,4.688,3.824,2.078,3.198,0,6.059,0,1.367,4.974,1.928,7.555,4.423,5.961,1.235,11.839,22.671,1.787,18.25,0,20.511,3.911,3.645,0,38.139,0,0,11.103,0,0,1.398,1.255,0,12.636,0
21-TM1:bin_000060,0,0,1.88,1.13,1.215,1.148,0,0,0,0,0.748,1.001,0.856,0,0,0,1.727,0,0,1.012,0,0.565,0,0,0,0,0,0,0.752,1.388,0,0.887,0,0,1.247,0,0,0,1.543,0,0,0,0,0,1.178,1.624,0,0,0,0,1.005,0,0,0,0,0,0,0,0,0,0,0,0,1.445,0,0,0,0,0,1.325,0,0.779,0,0,0,0,0,0,0,1.269,0,0,0,0
21-TM1:bin_000073,10.595,17.826,30.399,12.832,27.148,14.773,12.205,12.269,1.716,6.807,25.616,13.071,20.508,15.422,13.649,0,25.452,11.173,11.464,13.877,0,17.293,8.93,7.272,10.77,12.118,13.005,11.061,14.479,38.165,5.539,15.276,10.068,18.687,17.148,11.632,14.334,5.998,20.435,5.76,23.586,10.392,7.224,47.866,25.384,42.242,19.172,9.137,0,11.347,9.209,4.521,15.97,10.395,10.072,10.862,8.042,10.37,12.533,16.669,13.097,13.634,18.486,21.189,14.643,12.289,10.154,16.924,15.83,43.556,8.161,25.078,20.892,7.109,0,20.733,10.869,14.487,25.478,15.993,27.75,20.307,12.297,22.35
21-TM3:bin_000002,5.276,8.654,23.917,13.129,14.649,9.157,7.803,10.407,1.036,11.205,8.098,10.014,11.219,9.836,3.749,0,14.175,5.389,8.302,14.909,0,7.222,4.96,6.866,3.408,7.112,7.338,12.541,13.693,23.172,8.558,6.688,7.418,8.896,11.547,6.128,16.458,6.264,17.305,6.207,6.192,7.596,23.571,0,15.205,16.208,8.241,12.257,0,6.807,5.237,3.837,9.442,10.789,7.39,7.911,13.133,7.891,6.562,8.424,12.956,9.568,10.389,10.047,16.946,10.725,8.24,11.629,12.359,20.088,5.215,12.041,11.496,6.781,13.817,10.598,10.657,11.694,11.188,13.112,9.338,11.282,8.336,10.299
21-TM3:bin_000011,0,0,0,0,0,0,0,0,0,0,0,0,0,0,0,0,0,0,0,0,0,0,0,0,0,0,0,0,0,0,0,0,0,0,0,0,0,0,0,0,0,0,0,0,0,0,0,0,0,0,0,0,0,0,0,0,0,0,0,0,0,0,0,0,0,0,0,0,0,0,0,0,0,0,0,0,0,0,0,0,0,0,0,0
21-TM3:bin_000020,0,0,0,0,0,0,0,0,0,0,0,0,0,0,0,0,0,0,0,0,0,0,0,0,0,0,0,0,0,0,0,0,0,0,0,0,0,0,0,0,0,0,0,0,0,0,0,0,0,0,0,0,0,0,0,0,0,0,0,0,0,0,0,0,0,0,0,0,0,0,0,0,0,0,0,0,0,0,0,0,0,0,0,0
21-TM4:bin_000004,0,0,0,0,0,0,0,0,0,0,0,0,0,0,0,0,0,0,0,0,0,0,0,0,0,0,0,0,0,0,0,0,0,0,0,0,0,0,0,0,0,0,0,0,0,0,0,0,0,0,0,0,0,0,0,0,0,0,0,0,0,0,0,0,0,0,0,0,0,0,0,0,0,0,0,0,0,0,0,0,0,0,0,0
21-TM4:bin_000017,0,0,0,0,0,0,0,0,0,0,0,0,0,0,0,0,0,0,0,0,0,0,0,0,0,0,0,0,0,0,0,0,0,0,0,0,0,0,0,0,0,0,0,0,0,0,0,0,0,0,0,0,0,0,0,0,0,0,0,0,0,0,0,0,0,0,0,0,0,0,0,0,0,0,0,0,0,0,0,0,0,0,0,0
21-TM4:bin_000041,5.282,10.742,23.582,8.366,16.047,8.384,10.401,8.742,1.408,4.345,12.463,9.924,10.65,17.551,2.426,0,14.864,7.618,11.764,15.159,0,6.706,6.728,11.14,5.734,6.756,6.639,12.69,19.087,23.293,7.421,10.262,8.847,10.497,12.794,5.723,14.569,8.232,18.387,10.015,4.662,7.111,8.371,0,15.355,20.223,10.881,8.878,0,7.594,9.01,5.02,11.466,10.957,10.886,8.919,9.182,9.421,10.902,10.902,11.794,7.254,10.038,22.614,12.24,8.988,10.809,13.927,9.545,31.239,6.844,14.163,13.405,9.489,8.271,8.586,5.958,16.017,7.127,14.243,6.565,9.461,14.503,6.859
21-TM4:bin_000042,0,0,5.864,2.564,5.205,2.027,2.621,0,0,0,2.152,2.707,0,0,0,0,0,2.309,0,2.645,0,0,1.469,0,0,0,0,2.442,3.004,4.678,0,0,0,0,2.293,0,0,3.61,3.763,0,0,1.664,2.524,0,3.01,3.868,0,0,0,0,0,0,0,0,0,0,0,0,0,0,0,2.318,0,0,0,0,0,0,0,3.738,0,2.84,0,0,0,0,2.077,0,2.786,2.459,2.655,0,0,0
21-TM4:bin_000052,0,0,0,0,0,0,0,0,0,0,0,0,0,0,0,0,0,0,0,0,0,0,0,0,0,0,0,0,0,0,0,0,0,0,0,0,0,0,0,0,0,0,0,0,0,0,0,0,0,0,0,0,0,0,0,0,0,0,0,0,0,0,0,0,0,0,0,0,0,0,0,0,0,0,0,0,0,0,0,0,0,0,0,0
21-TM4:bin_000053,0,0,0,0,0,0,0,0,0,0,0,0,0,0,0,0,0,0,0,0,0,0,0,0,0,0,0,0,0,0,0,0,0,0,0,0,0,0,0,0,0,0,0,0,0,0,0,0,0,0,0,0,0,0,0,0,0,0,0,0,0,0,0,0,0,0,0,0,0,0,0,0,0,0,0,0,0,0,0,0,0,0,0,0
D300693:bin_000003,8.978,10.086,40.475,9.34,17.032,12.413,12.251,9.592,1.056,8.835,8.734,11.109,13.317,14.004,3.297,0,18.036,8.728,14.453,17.864,0,7.855,8.285,21.746,5.484,9.379,7.646,13.557,16.741,23.208,8.347,7.058,12.193,9.16,17.273,6.037,5.099,16.2,19.251,24.235,9.809,7.743,3.791,9.922,23.412,22.991,7.847,9.836,0,14.846,9.565,5.67,10.065,13.008,13.099,11.906,4.471,8.068,14.293,12.501,16.456,7.071,9.973,23.811,9.631,11.385,12.74,14.421,12.798,36.711,7.939,14.764,10.426,10.309,8.238,6.996,8.928,13.052,10.774,16.207,9.904,20.387,12.092,12.245
D300693:bin_000006,0.84,1.719,5.105,1.74,2.886,1.491,1.067,0,0,2.066,1.061,1.695,1.376,2.182,0,0,3.161,0.872,1.073,2.938,0,1.208,1.722,0.902,1.054,1.055,0,1.447,2.658,2.877,1.174,1.301,2.51,2.511,1.705,1.055,7.583,0,3.384,0,0,1.162,3.199,0,2.074,2.191,3.098,2.473,0,2.256,0.994,0,2.188,1.172,0,2.493,0,1.04,1.744,1.028,3.006,0.938,1.667,2.264,1.966,1.414,0,1.549,1.221,3.92,1.156,1.444,0,1.409,0,0,1.86,0,3.272,2.007,1.183,3.191,1.829,0
D300693:bin_000013,6.431,10.968,16.952,8.144,7.793,9.877,10.183,4.746,0.787,7.741,8.885,6.332,12.108,12.19,2.106,0,9.125,3.44,7.838,9.913,0,5.375,7.335,3.352,3.284,5.272,2.623,9.264,13.775,15.598,5.375,3.58,4.113,15.989,14.077,3.989,16.803,0,20.716,4.659,7.173,3.689,4.819,0,8.733,23.582,5.752,9.013,0,3.929,5.699,3.378,6.468,7.724,0,4.959,0,6.731,5.759,5.66,6.185,3.962,5.737,13.831,7.293,3.323,4.183,9.709,11.419,15.662,6.305,5.009,5.074,4.897,0,5.684,8.2,8.469,4.726,13.236,6.704,21.009,7.512,7.384
D300696:bin_000035,1.584,2.112,6.048,1.868,3.368,1.399,1.836,1.466,0,0.992,1.827,1.952,2.454,3.396,0,0,3.993,1.67,2.106,3.906,0,1.563,1.383,2.227,0.938,2.166,1.789,2.654,3.581,4.406,2.079,1.765,2.018,1.684,2.512,1,3.662,1.553,3.505,2.025,1.909,1.588,0,0,3.109,4.265,1.4,1.56,0,3.293,1.78,1.092,2.742,2.436,2.053,2.19,0,2.051,1.586,2.159,2.392,1.748,1.631,3.911,1.712,2.256,1.853,3.186,2.62,5.88,1.568,2.666,3.164,1.396,0,0,1.322,3.554,3.599,3.016,1.72,3.052,2.142,0
D300699:bin_000001,0,0,0,0,0,0,0,0,0,0,0,0,0,0,0,0,0,0,0,0,0,0,0,0,0,0,0,0,0,0,0,0,0,0,0,0,0,0,0,0,0,0,0,0,0,0,0,0,0,0,0,0,0,0,0,0,0,0,0,0,0,0,0,0,0,0,0,0,0,0,0,0,0,0,0,0,0,0,0,0,0,0,0,0
D300700:bin_000001,0,0,0,0,0,0,0,0,0,0,0,0,0,0,0,0,0,0,0,0,0,0,0,0,0,0,0,0,0,0,0,0,0,0,0,0,0,0,0,0,0,0,0,0,0,0,0,0,0,0,0,0,0,0,0,0,0,0,0,0,0,0,0,0,0,0,0,0,0,0,0,0,0,0,0,0,0,0,0,0,0,0,0,0
D300706:bin_000006,0,0,0,0,0,0,0,0,0,0,0,0,0,0,0,0,0,0,0,0,0,0,0,0,0,0,0,0,0,0,0,0,0,0,0,0,0,0,0,0,0,0,0,0,0,0,0,0,0,0,0,0,0,0,0,0,0,0,0,0,0,0,0,0,0,0,0,0,0,0,0,0,0,0,0,0,0,0,0,0,0,0,0,0
D300708:bin_000028,58.202,69.276,158.021,47.24,105.511,90.157,39.379,61.706,10.776,29.367,88.489,126.538,74.345,103.118,21.567,9.07,85.453,62.529,42.374,97.922,0,44.41,22.172,126.947,42.06,82.306,120.605,116.125,159.813,139.424,28.198,70.763,94.84,84.998,141.152,44.903,49.33,99.82,117.655,126.373,26.75,45.151,76.283,15.49,157.608,98.825,18.512,40.74,13.198,60.544,39.971,58.413,51.673,61.855,161.681,101.171,19.479,55.012,87.258,99.288,76.092,41.457,172.524,174.327,78.375,105.39,143.774,82.54,115.307,256.623,39.661,70.869,52.788,106.819,7.739,80.31,87.764,79.269,72.414,100.415,58.758,55.335,42.601,21.065
D300709:bin_000042,14.427,23.194,48.826,20.802,31.786,14.142,17.387,13.55,2.557,19.37,18.56,19.446,26.558,27.904,5.479,0,25.919,12.39,15.364,21.186,0,13.013,11.655,13.265,7.429,17.036,13.828,20.994,31.38,45.941,15.127,12.601,17.155,15.602,23.91,11.63,22.715,14.067,34.918,7.287,14.179,15.844,9.413,0,32.47,37.834,16.908,11.405,0,14.092,10.681,7.044,21.241,20.198,12.687,19.444,17.363,20.04,16.809,17.062,24.251,18.687,16.508,31.634,19.858,11.733,14.618,28.471,24.117,38.544,14.313,24.782,21.102,14.627,23.051,19.505,16.337,25.476,22.273,22.688,17.742,18.818,18.587,10.704
D300710:bin_000020,0,0,7.597,3.882,4.55,0,0,3.236,0,2.829,2.885,3.817,3.792,3.723,0,0,8.058,0,0,3.675,0,2.257,0,5.729,0,2.315,0,0,5.3,0,0,2.219,2.666,0,5.421,1.904,0,0,4.617,9.331,0,0,0,0,4.973,6.546,0,0,0,0,0,0,3.252,2.949,2.858,3.831,0,0,0,0,3.332,0,3.304,4.713,4.45,0,0,3.78,3.602,8.065,2.742,4.485,0,0,0,0,2.801,0,3.626,3.592,0,3.818,2.738,0
D300711:bin_000012,0,0,0,0,0,0,0,0,0,0,0,0,0,0,0,0,0,0,0,0,0,0,0,0,0,0,0,0,0,0,0,0,0,0,0,0,0,0,0,0,0,0,0,0,0,0,0,0,0,0,0,0,0,0,0,0,0,0,0,0,0,0,0,0,0,0,0,0,0,0,0,0,0,0,0,0,0,0,0,0,0,0,0,0
D300711:bin_000013,0,0,0,0,0,0,0,0,0,0,0,0,0,0,0,0,0,0,0,0,0,0,0,0,0,0,0,0,0,0,0,0,0,0,0,0,0,0,0,0,0,0,0,0,0,0,0,0,0,0,0,0,0,0,0,0,0,0,0,0,0,0,0,0,0,0,0,0,0,0,0,0,0,0,0,0,0,0,0,0,0,0,0,0
D300711:bin_000023,31.61,56.673,133.285,59.414,79.261,41.952,66.008,49.792,6.372,45.996,53.47,55.578,72.805,45.008,18.155,0,60.385,32.787,44.868,80.097,0,44.936,45.054,21.022,14.782,27.794,35.516,47.54,73.048,97.451,25.915,36.58,21.347,79.669,68.439,30.469,18.214,36.119,114.61,23.063,37.918,32.41,22.857,16.505,54.078,138.732,8.997,17.916,0,66.057,21.767,15.684,82.572,66.878,57.921,38.74,32.254,49.135,27.116,34.301,49.85,67.067,35.878,120.713,37.109,23.683,46.985,80.408,33.361,106.113,40.163,65.935,28.139,28.397,8.409,16.715,38.293,55.998,62.039,43.588,36.676,34.163,60.077,30.768
D300712:bin_000004,2.534,5.076,18.034,11.635,8.086,5.115,5.033,4.068,0,9.421,3.23,4.613,6.489,6.65,1.858,0,5.769,3.057,6.358,6.675,0,3.829,4.528,2.269,2.882,5.109,6.202,7.506,7.657,9.681,6.437,4.113,5.886,2.977,2.145,3.004,0,3.454,6.799,1.942,2.265,7.2,0,0,6.122,9.061,5.975,5.444,0,4.33,4.847,1.785,6.077,6.692,5.332,5.107,4.245,7.704,5.081,4.985,9.694,3.917,2.564,13.094,8.109,5.072,4.474,6.304,8.613,7.225,4.793,6.343,8.757,4.892,10.669,8.572,7.84,5.252,6.248,10.587,5.548,8.644,6.485,6.866
D300712:bin_000006,8.854,10.676,40.355,21.713,17.204,11.693,11.714,12.253,1.082,13.269,7.881,17.556,15.537,15.552,5.38,0,19.534,8.5,16.881,14.632,0,11.05,8.458,7.797,13.707,12.378,7.911,16.118,16.525,26.932,10.77,11.471,12.759,12.375,11.474,8.966,8.922,11.07,21.432,6.095,11.033,12.283,6.017,0,20.105,24.187,5.563,16.286,0,10.704,14.676,6.083,10.347,14.269,10.793,14.1,3.539,18.738,7.812,22.493,24.124,15.121,8.379,21.014,15.433,10.945,11.622,12.876,18.893,21.449,8.205,13.509,13.48,10.358,0,5.071,11.187,11.683,15.73,16.128,12.682,24.407,12.011,12.396
D300712:bin_000007,6.119,22.667,26.701,18.354,20.522,12.406,19.668,13.247,2.086,17.674,19.043,15.365,17.916,18.05,5.372,0,11.071,4.61,18.467,18.835,0,12.658,11.651,3.493,6.196,6.821,9.602,16.3,19.231,29.581,10.512,7.978,8.694,17.016,26.519,8.21,13.812,8.106,27.305,3.227,6.439,10.394,8.184,0,23.307,27.854,15.314,2.889,0,16.725,8.521,5.362,15.54,17.708,17.939,9.559,6.752,12.142,13.748,14.031,15.834,15.371,8.355,31.268,9.945,5.205,11.74,20.324,15.591,31.579,10.518,19.786,7.526,6.986,0,9.828,7.358,20.741,20.815,16.418,12.486,18.79,22.801,19.998
D300712:bin_000016,0,0,0,0,1.866,0,0,0,0,0,0,0,0,0,0,0,0,0,0,0,0,0,0,0,0,0,0,0,0,0,0,0,0,0,0,0,0,0,0,0,0,0,0,0,0,0,0,0,0,0,0,0,0,0,0,0,0,0,0,0,0,0,0,0,0,0,0,0,0,0,0,0,0,0,0,0,0,0,0,0,0,0,0,0
D300713:bin_000003,22.928,26.819,97.075,32.584,45.295,37.847,31.137,31.176,3.06,29.393,31.322,34.997,44.361,48.015,11.955,0,58.01,27.008,46.76,39.254,0,27.078,17.811,19.321,12.565,19.977,22.165,34.065,53.955,88.022,25.665,30.797,25.606,33.172,32.959,19.585,14.208,24.415,60.959,19.064,25.916,29.121,20.733,0,40.638,72.483,19.554,37.6,0,27.672,19.969,11.575,36.084,33.423,27.034,32.619,24.453,28.155,41.971,30.865,35.131,36.673,29.659,49.416,46.915,30.721,32.339,45.057,41.5,68.388,21.336,32.899,38.404,35.082,29.653,22.476,36.478,33.455,40.129,26.656,29.375,41.054,31.063,19.937
D300713:bin_000009,5.777,7.12,15.839,9.953,13.487,7.649,6.33,8.65,0.735,9.666,6.988,10.826,7.815,7.989,3.303,0,12.036,4.853,7.81,10.617,0,4.947,5.716,7.869,3.414,4.734,4.874,8.384,9.413,14.248,3.767,4.179,8.614,7.451,10.762,4.943,13.792,5.031,13.509,14.44,8.071,5.746,15.025,0,9.415,11.729,5.355,5.905,0,7.595,3.75,2.23,6.96,7.499,7.205,6.325,5.834,9.39,5.823,5.207,7.798,10.253,10.245,9.514,11.992,8.698,7.462,7.427,6.754,22.904,5.644,7.173,10.264,6.886,13.199,0,8.474,8.138,11.08,7.461,8.612,8.878,5.384,3.89
D300714:bin_000008,9.873,15.247,44.266,13.774,19.239,10.35,16.86,15.757,2.121,21.061,16.892,18.709,26.091,18.536,6.398,0,35.761,11.375,22.16,26.305,0,13.068,13.847,11.141,7.509,11.229,10.06,15.904,24.835,31.511,6.003,10.365,13.544,14.936,18.49,10.329,21.849,12.021,34.863,5.508,19.262,12.461,8.024,0,23.763,35.964,9.494,9.437,0,18.247,14.116,8.898,12.11,17.276,11.643,14.161,9.47,16.876,10.136,18.055,19.497,16.289,9.524,32.998,14.549,12.656,12.404,21.924,16.833,27.264,11.964,19.785,14.604,13.187,7.61,5.678,11.655,13.442,22.215,17.409,14.183,20.689,24.043,16.35
D300719:bin_000003,5.162,7.222,19.102,11.895,9.36,6.592,10.661,10.782,0.651,10.216,6.317,11.791,9.381,7.068,2.751,0,7.972,4.695,9.133,8.538,0,4.76,4.217,4.285,2.083,5.811,6.389,7.721,12.443,14.226,7.857,4.099,7.997,9.438,5.966,6.28,3.933,4.268,12.737,4.827,9.24,6.124,7.306,0,13.421,23.017,3.011,8.689,15.061,6.767,4.184,1.98,11.885,4.763,8.209,17.077,6.601,9.806,5.392,6.187,11.821,9.342,10.041,8.855,13.947,8.101,5.254,10.229,10.475,17.343,5.047,7.115,14.061,5.957,0,15.736,14.415,8.99,5.686,9.325,12.398,14.47,4.495,5.92
D300719:bin_000008,0,0,0,0,0,0,0,0,0,0,0,0,0,0,0,0,0,0,0,0,0,0,0,0,0,0,0,0,0,0,0,0,0,0,0,0,0,0,0,0,0,0,0,0,0,0,0,0,0,0,0,0,0,0,0,0,0,0,0,0,0,0,0,0,0,0,0,0,0,0,0,0,0,0,0,0,0,0,0,0,0,0,0,0
D300720:bin_000001,0,0,0,0,0,0,0,0,0,0,0,0,0,0,0,0,0,0,0,0,0,0,0,0,0,0,0,0,0,0,0,0,0,0,0,0,0,0,0,0,0,0,0,0,0,0,0,0,0,0,0,0,0,0,0,0,0,0,0,0,0,0,0,0,0,0,0,0,0,0,0,0,0,0,0,0,0,0,0,0,0,0,0,0
D300723:bin_000001,0,0,0,0,0,0,0,0,0,0,0,0,0,0,0,0,0,0,0,0,0,0,0,0,0,0,0,0,0,0,0,0,0,0,0,0,0,0,0,0,0,0,0,0,0,0,0,0,0,0,0,0,0,0,0,0,0,0,0,0,0,0,0,0,0,0,0,0,0,0,0,0,0,0,0,0,0,0,0,0,0,0,0,0
D300723:bin_000008,5.878,7.037,19.193,7.5,8.973,9.684,14.692,3.766,0,4.406,6.203,8.217,8.39,4.501,2.766,0,6.376,5.877,7.619,10.614,0,6.793,9.783,5.101,1.777,1.926,4.724,4.178,9.231,8.298,3.496,4.029,0,6.542,10.09,5.206,0,5.448,10.97,0,6.606,3.178,0,0,13.009,22.43,0,3.794,0,8.334,3.181,1.995,7.136,8.791,5.996,5.867,0,6.314,2.433,2.92,11.697,10.825,5.334,12.763,6.653,5.309,7.033,9.576,4.318,10.638,4.36,8.771,4.488,3.609,7.346,0,5.503,4.883,9.614,3.768,2.963,9.5,8.057,8.2
D300729:bin_000019,8.392,9.826,27.018,11.073,14.641,9.097,9.208,9.986,1.076,9.276,10.384,10.552,12.089,12.331,3.817,0,15.863,6.644,8.854,16.2,0,9.039,6.326,9.763,4.347,7.385,7.396,10.595,17.624,31.29,11.802,7.103,9.119,9.683,12.392,5.982,5.148,7.364,16.889,11.609,7.525,7.486,4.256,0,15.062,21.054,4.276,9.128,0,8.603,7.102,3.386,9.272,9.973,8.075,11.19,3.757,9.677,8.63,8.886,11.78,8.341,9.923,14.849,10.979,10.081,8.978,12.486,9.701,25.252,7.114,11.036,11.28,7.692,5.113,4.809,8.268,12.888,12.604,11.345,9.491,14.285,9.829,6.683
D300742:bin_000002,0,0,2.379,0,0,0,0,0,0,0,0,0,1.392,0,0,0,0,0,0,0,0,0,0,0,0,0,0,0,1.343,1.865,0,0,0,0,0,0,0,0,0,0,0,0,0,0,1.36,2.568,0,0,0,0,0,0,0,0,0,0,0,1.47,0,0,1.426,0,0,0,0,0,0,0,0,0,0,0,0,0,0,0,0,0,0,1.283,0,0,0,0
D300748:bin_000014,1.041,1.75,6.573,6.112,1.9,1.775,4.012,0,0,2.294,2.142,0,2.358,2.834,0,0,4.153,1.13,3.141,1.934,0,1.43,3.493,1.902,0.843,0,0,12.803,2.395,4.898,1.1,0,1.864,2.549,1.916,1.278,0,0,3.81,0,0,1.199,0,0,3.845,5.596,0,1.719,0,0,1.157,0.903,1.674,1.472,1.558,1.663,0,1.898,2.3,2.185,3.161,1.416,1.867,3.757,2.523,0,1.976,3.38,3.491,4.383,1.224,2.193,1.682,1.635,0,0,1.314,1.902,3.347,6.676,1.788,11.747,2.821,0
D300750:bin_000009,0,0,0,0,0,0,0,0,0,0,0,0,0,0,0,0,0,0,0,0,0,0,0,0,0,0,0,0,0,0,0,0,0,0,0,0,0,0,0,0,0,0,0,0,0,0,0,0,0,0,0,0,0,0,0,0,0,0,0,0,0,0,0,0,0,0,0,0,0,0,0,0,0,0,0,0,0,0,0,0,0,0,0,0
D300751:bin_000024,3.348,3.421,13.047,8.939,6.743,4.001,3.448,6.294,0,2.683,5.104,6.635,6.298,6.346,1.167,0,7.817,4.303,4.408,5.514,0,2.452,2.238,2.249,2.426,3.524,3.934,3.467,8.208,7.716,3.327,3.743,6.367,4.563,6.111,3.395,6.722,3.549,5.324,2.991,2.756,3.558,5.19,0,8.858,9.545,3.097,6.565,0,3.756,3.204,1.508,6.787,4.28,4.36,4.031,0,5.106,3.796,3.249,4.432,4.49,4.688,4.711,6.223,4.755,3.232,9.233,3.144,15.26,4.144,7.853,4.895,3.837,0,0,3.845,3.104,7.179,4.715,6.057,6.13,2.428,3.567
D300751:bin_000031,0,0,2.639,0,2.608,1.452,1.034,1.687,0,1.156,1.219,1.867,1.541,1.625,0,0,2.344,1.029,1.265,1.343,0,0.667,0.913,0,0,0,0,1.081,2.258,1.848,0,0,1.925,0,1.587,0.824,0,1.23,2.019,0,0,0,2.082,0,2.151,1.79,0,1.569,0,0,0.932,0,1.513,1.182,0,1.058,0,1.168,1.095,0,1.071,1.275,1.383,2.074,1.491,0,0,1.602,0,3.381,0,1.736,0,0,0,0,1.067,1.42,1.706,1.332,1.622,1.751,1.049,0
D300754:bin_000002,0,0,1.79,31.5,1.641,0,0,0,0,21.714,0,0,0,0,0,0,0,0,1.444,0,0,1.508,0,0,0.909,0,0,0,0,0,14.623,0,0,0,0,1.009,4.296,0,1.479,0,0,25.632,0,0,0,0,0,29.147,0,0,42.632,0.882,0,3.961,0,0,0,1.299,0,0,20.338,0,0,0,0,0,0,0,15.001,0,0,0,0,0,11.31,0,0,19.074,0,49.541,0,0,4.112,7.638
D300754:bin_000004,0,0,0,0,0,0,0,0,0,0,0,0,0,0,0,0,0,0,0,0,0,0,0,0,0,0,0,0,0,0,0,0,0,0,0,0,0,0,0,0,0,0,0,0,0,0,0,0,0,0,0,0,0,0,0,0,0,0,0,0,0,0,0,0,0,0,0,0,0,0,0,0,0,0,0,0,0,0,0,0,0,0,0,0
D300755:bin_000017,0,0,0,0,0,0,0,0,0,0,0,0,0,0,0,0,0,0,0,0,0,0,0,0,0,0,0,0,0,0,0,0,0,0,0,0,0,0,0,0,0,0,0,0,0,0,0,0,0,0,0,0,0,0,0,0,0,0,0,0,0,0,0,0,0,0,0,0,0,0,0,0,0,0,0,0,0,0,0,0,0,0,0,0
D300757:bin_000005,104.548,18.129,70.08,10.995,85.667,26.959,20.723,10.798,1.301,17.775,51.523,51.702,17.966,36.692,4.08,0,236.103,11.617,16.798,78.833,0,32.735,7.231,193.729,1.886,11.806,7.417,14.443,80.58,248.222,43.71,22.462,25.568,7.872,10.743,17.956,0,26.854,13.447,71.507,10.612,29.857,0,0,36.408,45.245,6.07,47.509,0,19.741,1.997,0.886,94.152,59.165,5.797,61.258,24.923,16.552,11.053,4.744,19.903,13.095,31.746,8.461,29.674,7.872,19.358,28.921,11.449,134.015,34.251,6.276,124.016,6.402,0,0,32.376,17.177,3.071,18.933,35.32,10.872,35.856,0
D300759:bin_000011,1.635,3.295,6.22,2.751,6.089,2.807,3.265,1.453,0,2.626,4.712,5.134,3.865,3.332,0.865,0,7.117,1.965,3.717,6.331,0,1.881,1.584,8.728,1.06,2.23,1.545,4.804,5.178,9.563,4.086,2.932,4.199,6.388,4.154,2.221,0,1.4,7.816,2.355,2.165,2.312,3.441,0,6.209,5.802,3.706,4.797,0,2.242,0.897,0.902,3.505,4.001,3.083,2.222,0,2.194,4.593,3.642,2.821,2.913,2.791,3.679,5.01,5.904,1.625,5.167,1.811,8.136,3.159,4.742,3.358,2.733,0,8.987,4.685,3.473,2.424,5.059,2.927,7.665,3.686,2.995
D300759:bin_000036,0,0,0,0,0,0,0,0,0,0,0,0,0,0,0,0,0,0,0,0,0,0,0,0,0,0,0,0,0,0,0,0,0,0,0,0,0,0,0,0,0,0,0,0,0,0,0,0,0,0,0,0,0,0,0,0,0,0,0,0,0,0,0,0,0,0,0,0,0,0,0,0,0,0,0,0,0,0,0,0,0,0,0,0
D300760:bin_000013,0,0,0,0,0,0,0,0,0,0,0,0,0,0,0,0,0,0,0,0,0,0,0,0,0,0,0,0,0,0,0,0,0,0,0,0,0,0,0,0,0,0,0,0,0,0,0,0,0,0,0,0,0,0,0,0,0,0,0,0,0,0,0,0,0,0,0,0,0,0,0,0,0,0,0,0,0,0,0,0,0,0,0,0
D300763:bin_000009,0,0,0,0,0,0,0,0,0,0,0,0,0,0,0,0,0,0,0,0,0,0,0,0,0,0,0,0,0,0,0,0,0,0,0,0,0,0,0,0,0,0,0,0,0,0,0,0,0,0,0,0,0,0,0,0,0,0,0,0,0,0,0,0,0,0,0,0,0,0,0,0,0,0,0,0,0,0,0,0,0,0,0,0
D300763:bin_000013,0,0,0,0,0,0,0,0,0,0,0,0,0,0,0,0,0,0,0,0,0,0,0,0,0,0,0,0,0,0,0,0,0,0,0,0,0,0,0,0,0,0,0,0,0,0,0,0,0,0,0,0,0,0,0,0,0,0,0,0,0,0,0,0,0,0,0,0,0,0,0,0,0,0,0,0,0,0,0,0,0,0,0,0
D300763:bin_000022,29.577,39.755,111.1,48.387,64.449,33.612,39.089,45.3,4.58,40.977,35.542,41.123,51.096,44.839,17.033,0,63.571,28.303,34.226,45.048,0,31.1,27.893,25.783,19.136,32.397,30.602,40.095,70.576,117.561,33.214,30.053,37.772,40.883,53.382,28.443,31.813,26.754,78.179,24.253,31.274,40.311,15.658,0,62.148,79.818,20.233,38.381,20.083,36.416,22.482,14.677,45.298,44.428,33.9,47.931,45.589,44.889,34.105,33.847,54.55,45.689,41.271,61.479,76.325,40.715,42.687,52.151,51.284,77.369,39.367,55.118,53.734,33.919,30.376,32.477,43.865,44.942,49.087,41.877,40.655,56.908,38.063,25.563
D300763:bin_000032,1.415,2.281,7.481,3.108,3.024,1.941,3.443,0,0,2.6,0,2.232,3.785,3.074,0,0,2.907,1.856,3.844,4.072,0,1.703,2.727,1.732,1.187,2.221,2.359,2.732,2.509,2.597,2.993,1.75,2.046,0,1.896,0.846,0,2.5,3.449,0,0,3.093,0,0,2.14,5.932,2.113,0,0,2.78,3.705,0,2.674,3.66,2.066,2.072,0,3.284,2.022,2.866,4.794,0,0,6.691,2.566,1.895,1.653,3.266,4.308,2.863,2.447,2.309,3.131,1.85,0,0,1.543,3.519,4.186,5.06,2.322,2.77,2.427,3.283
D300764:bin_000008,0,0,0,0,0,0,0,0,0,0,0,0,0,0,0,0,0,0,0,0,0,0,0,0,0,0,0,0,0,0,0,0,0,0,0,0,0,0,0,0,0,0,0,0,0,0,0,0,0,0,0,0,0,0,0,0,0,0,0,0,0,0,0,0,0,0,0,0,0,0,0,0,0,0,0,0,0,0,0,0,0,0,0,0
D300764:bin_000013,0,0,0,0,0,0,0,0,0,0,0,0,0,0,0,0,0,0,0,0,0,0,0,0,0,0,0,0,0,0,0,0,0,0,0,0,0,0,0,0,0,0,0,0,0,0,0,0,0,0,0,0,0,0,0,0,0,0,0,0,0,0,0,0,0,0,0,0,0,0,0,0,0,0,0,0,0,0,0,0,0,0,0,0
D300766:bin_000008,0,0,0,0,0,0,0,0,0,0,0,0,0,0,0,0,0,0,0,0,0,0,0,0,0,0,0,0,0,0,0,0,0,0,0,0,0,0,0,0,0,0,0,0,0,0,0,0,0,0,0,0,0,0,0,0,0,0,0,0,0,0,0,0,0,0,0,0,0,0,0,0,0,0,0,0,0,0,0,0,0,0,0,0
D300766:bin_000009,0,0,0,0,0,0,0,0,0,0,0,0,0,0,0,0,0,0,0,0,0,0,0,0,0,0,0,0,0,0,0,0,0,0,0,0,0,0,0,0,0,0,0,0,0,0,0,0,0,0,0,0,0,0,0,0,0,0,0,0,0,0,0,0,0,0,0,0,0,0,0,0,0,0,0,0,0,0,0,0,0,0,0,0
MPB:bin_000002,0,0,1.091,0,0,0,0,0,0,0,0,0,0,0,0,0,0,0,0,0,0,0,0,0,0,0,0,0,0,0,0,0,0,0,0,0,0,0,0,0,0,0,0,0,0,0,0,0,0,0,0,0,0,0,0,0,0,0,0,0,0,0,0,0,0,0,0,0,0,0,0,0,0,0,0,0,0,0,0,0,0,1.141,0,0
MPB:bin_000004,0,0,0,0,0,0,0,0,0,0,0,0,0,0,0,0,0,0,0,0,0,0,0,0,0,0,0,0,0,0,0,0,0,0,0,0,0,0,0,0,0,0,0,0,0,0,0,0,0,0,0,0,0,0,0,0,0,0,0,0,0,0,0,0,0,0,0,0,0,0,0,0,0,0,0,0,0,0,0,0,0,0,0,0
MPB:bin_000005,6.767,9.424,29.982,10.111,12.838,10.94,8.447,6.466,1.017,9.714,10.196,9.524,12.139,11.958,2.617,0,23.89,8.006,9.971,12.214,0,5.983,7.712,6.524,5.508,8.464,5.724,8.07,17.138,20.578,6.671,6.341,10.558,10.215,15.339,6.323,4.218,8.155,16.07,5.983,13.828,6.238,4.898,0,15.427,31.076,11.359,4.178,0,7.262,6.86,3.729,7.962,13.109,11.31,8.956,12.925,11.204,8.861,6.949,13.581,11.575,7.745,13.528,8.856,7.615,8.219,12.541,7.301,19.658,5.46,14.537,8.096,7.033,0,8.929,6.266,9.489,7.684,12.702,9.635,17.627,9.563,10.683
MPB:bin_000006,0,0,0.957,0,0,0,0,0,0,0,0,0,0,0,0,0,0,0,0,0,0,0,0,0,0,0,0,0,0,0,0,0,0,0,0,0,0,0,0,0,0,0,0,0,0.846,0,0,0,0,0,0,0,0,0,0,0,0,0,0,0,0,0,0,0,0,0,0,0,0,1.404,0,0,0,0,0,0,0,0,0,0.847,0,0,0,0
MPB:bin_000007,0.758,0,3.38,0,1.722,1.214,0.917,0,0,1.113,0.736,0,1.1,0.95,0,0,1.959,0.958,0,1.083,0,0.528,0,0,0,0,0,0,1.486,1.989,0.868,0,0,1.357,1.026,0.662,0,0,1.436,0,0,0.755,0,0,1.913,2.192,0,1.814,0,0,0.673,0,0,0.927,0,1.051,0,1.178,0,0,0.986,0,0,1.145,1.388,0,0.971,1.258,0,1.966,0,1.075,1.575,0,0,0,0,0,0,0.93,0,1.669,0,0
MPB:bin_000009,0,0,0,0,0,0,0,0,0,0,0,0,0,0,0,0,0,0,0,0,0,0,0,0,0,0,0,0,0,0,0,0,0,0,0,0,0,0,0,0,0,0,0,0,0,0,0,0,0,0,0,0,0,0,0,0,0,0,0,0,0,0,0,0,0,0,0,0,0,0,0,0,0,0,0,0,0,0,0,0,0,0,0,0
MPB:bin_000010,0,0,1.374,0,0,0,1.089,0,0,0,0,1.031,0.876,0,0,0,0,0,0,0,0,0.569,0.904,0,0,0,0,0,0.965,0,0,0,0,0,0,0,0,0,1.218,0,0,0,0,0,0,1.057,0,0,0,1.156,0,0,0,0,0,0,0,0,0,0,0,0,1.285,0,0,0,0,0,0,1.428,0,0,0,0,0,0,0,0,0,0,0,0,0,0
MPB:bin_000011,0,0,1.527,0.972,0,0,0,0,0,0,0,0,0.838,0,0,0,0,0,0,0.735,0,0,0,0,0,0,0,0,0.793,0,0,0,0,0,0,0,0,0,0.904,0,0,0,0,0,0,1.302,0,0,0,0,0,0,0,0,0,0,0,0,0,0,0,0,0,0,0,0,0,0,0,0.911,0,0,0,0,0,0,0,0,0,0.817,0,1.482,0,0
MPB:bin_000016,9.221,16.411,47.671,17.972,29.381,15.649,14.077,17.94,1.548,17.461,20.428,14.587,16.136,12.867,4.165,0,23.233,10.724,15.444,16.671,0,10.855,8.04,11.302,4.981,14.883,8.691,13.08,26.131,40.3,13.284,9.96,15.215,13.377,21.346,13.347,0,9.948,16.628,3.163,10.05,12.717,6.497,0,26.349,30.055,4.856,13.154,0,12.072,10.502,5.317,13.806,16.872,13.803,16.322,13.048,10.762,12.038,14.654,13.54,17.158,19.32,21.376,18.844,12.208,12.835,19.054,16.78,30.262,13.155,16.408,13.567,9.545,14.201,17.136,12.089,15.423,27.675,16.791,13.637,18.781,10.796,16.451
MPB:bin_000017,0,0,0,0,0,0,0,0,0,0,0,0,0,0,0,0,0,0,0,0,0,0,0,0,0,0,0,0,0,0,0,0,0,0,0,0,0,0,0,0,0,0,0,0,0,0,0,0,0,0,0,0,0,0,0,0,0,0,0,0,0,0,0,0,0,0,0,0,0,0,0,0,0,0,0,0,0,0,0,0,0,0,0,0
MPB:bin_000019,1.403,1.514,3.301,0,0,0,2.89,4.935,0,0,0.948,0,0.974,0,0,0,0,0,3.345,0,0,0.635,0,0,0,0,1.888,1,1.691,3.039,0,0,0,0,0,0.77,0,0,0.958,0,0,0,0,0,0.865,3.401,0,0,0,1.752,0,0.648,2.142,0,0,1.424,0,0,0,0,1.336,0,1.308,0,0,0,0,0,0,1.756,0.9,1.242,1.873,0,0,0,0,0,0,1.775,0,0,0.787,0
MPB:bin_000021,0,0,0,0,0,0,0,0,0,0,0,0,0,0,0,0,0,0,0,0,0,0,0,0,0,0,0,0,0,0,0,0,0,0,0,0,0,0,0,0,0,0,0,0,0,0,0,0,0,0,0,0,0,0,0,0,0,0,0,0,0,0,0,0,0,0,0,0,0,0,0,0,0,0,0,0,0,0,0,0,0,0,0,0
MPB:bin_000022,0,0,0,0,0,0,0,0,0,0,0,0,0,0,0,0,0,0,0,0,0,0,0,0,0,0,0,0,0,0,0,0,0,0,0,0,0,0,0,0,0,0,0,0,0,0,0,0,0,0,0,0,0,0,0,0,0,0,0,0,0,0,0,0,0,0,0,0,0,0,0,0,0,0,0,0,0,0,0,0,0,0,0,0
MPB:bin_000023,0,0,0,0,0,0,0,0,0,0,0,0,0,0,0,0,0,0,0,0,0,0,0,0,0,0,0,0,0,0,0,0,0,0,0,0,0,0,0,0,0,0,0,0,0,0,0,0,0,0,0,0,0,0,0,0,0,0,0,0,0,0,0,0,0,0,0,0,0,0,0,0,0,0,0,0,0,0,0,0,0,0,0,0
MPB:bin_000026,0,0,0,0,0,0,0,0,0,0,0,0,0,0,0,0,0,0,0,0,0,0,0,0,0,0,0,0,0,0,0,0,0,0,0,0,0,0,0,0,0,0,0,0,0,0,0,0,0,0,0,0,0,0,0,0,0,0,0,0,0,0,0,0,0,0,0,0,0,0,0,0,0,0,0,0,0,0,0,0,0,0,0,0
MPB:bin_000030,0,0,0,0,0,0,0,0,0,0,0,0,0,0,0,0,0,0,0,0,0,0,0,0,0,0,0,0,0,0,0,0,0,0,0,0,0,0,0,0,0,0,0,0,0,0,0,0,0,0,0,0,0,0,0,0,0,0,0,0,0,0,0,0,0,0,0,0,0,0,0,0,0,0,0,0,0,0,0,0,0,0,0,0
MPB:bin_000034,0,0,0,0,0,0,0,0,0,0,0,0,0,0,0,0,0,0,0,0,0,0,0,0,0,0,0,0,0,0,0,0,0,0,0,0,0,0,0,0,0,0,0,0,0,0,0,0,0,0,0,0,0,0,0,0,0,0,0,0,0,0,0,0,0,0,0,0,0,0,0,0,0,0,0,0,0,0,0,0,0,0,0,0
MPB:bin_000035,0,2.06,6.541,4.48,2.505,2.178,2.754,2.968,0,1.767,1.249,2.748,3.521,3.365,0.874,0,4.157,1.785,2.853,2.86,0,1.455,2.061,2.625,1.194,1.427,1.542,3.148,2.753,4.379,2.786,2.244,2.549,0,2.566,1.409,0,0,7.287,0,0,2.346,0,0,3.712,4.45,2.372,1.662,0,0,2.281,1.117,2.911,2.259,1.512,1.882,0,3.313,1.91,3.223,3.557,2.565,2.159,4.95,4.328,2.73,2.071,1.854,2.753,3.954,1.858,2.611,2.631,0,0,0,2.915,2.317,3.456,2.357,2.594,4.002,2.669,2.791
MPB:bin_000037,0,0,0,0,0,0,0,0,0,0,0,0,0,0,0,0,0,0,0,0,0,0,0,0,0,0,0,0,0,0,0,0,0,0,0,0,0,0,0,0,0,0,0,0,0,0,0,0,0,0,0,0,0,0,0,0,0,0,0,0,0,0,0,0,0,0,0,0,0,0,0,0,0,0,0,0,0,0,0,0,0,0,0,0
MPB:bin_000040,0,0,0,0,0,0,0,0,0,0,0,0,0,0,0,0,0,0,0,0,0,0,0,0,0,0,0,0,0,0,0,0,0,0,0,0,0,0,0,0,0,0,0,0,0,0,0,0,0,0,0,0,0,0,0,0,0,0,0,0,0,0,0,0,0,0,0,0,0,0,0,0,0,0,0,0,0,0,0,0,0,0,0,0
MPB:bin_000041,0,0,0,0,0,0,0,0,0,0,0,0,0,0,0,0,0,0,0,0,0,0,0,0,0,0,0,0,0,0,0,0,0,0,0,0,0,0,0,0,0,0,0,0,0,0,0,0,0,0,0,0,0,0,0,0,0,0,0,0,0,0,0,0,0,0,0,0,0,0,0,0,0,0,0,0,0,0,0,0,0,0,0,0
MPB:bin_000042,12.835,32.519,50.97,23.964,47.837,38.925,33.581,23.998,2.932,15.38,38.446,43.184,34.142,47.705,6.771,0,35.32,12.914,39.551,33.073,0,14.497,17.735,16.249,6.496,23.825,19.205,37.668,39.053,54.728,24.533,22.258,24.94,23.341,27.49,16.524,64.851,19.389,49.812,8.007,15.874,18.075,21.995,0,55.034,37.165,15.138,31.228,0,26.535,13.921,7.619,37.963,22.557,14.922,24.639,24.731,15.382,22.385,25.452,27.241,33.86,22.606,57.386,24.511,25.091,12.823,50.486,36.039,49.181,20.521,33.946,27.609,15.025,23.02,32.534,21.059,26.966,24.543,46.844,27.764,29.686,34.009,24.188
MPB:bin_000044,0,0,0,0,0,0,0,0,0,0,0,0,0,0,0,0,0,0,0,0,0,0,0,0,0,0,0,0,0,0,0,0,0,0,0,0,0,0,0,0,0,0,0,0,0,0,0,0,0,0,0,0,0,0,0,0,0,0,0,0,0,0,0,0,0,0,0,0,0,0,0,0,0,0,0,0,0,0,0,0,0,0,0,0
MPB:bin_000047,0,0,0,0,0,0,0,0,0,0,0,0,0,0,0,0,0,0,0,0,0,0,0,0,0,0,0,0,0,0,0,0,0,0,0,0,0,0,0,0,0,0,0,0,0,0,0,0,0,0,0,0,0,0,0,0,0,0,0,0,0,0,0,0,0,0,0,0,0,0,0,0,0,0,0,0,0,0,0,0,0,0,0,0
MPB:bin_000048,0,0,0,0,0,0,0,0,0,0,0,0,0,0,0,0,0,0,0,0,0,0,0,0,0,0,0,0,0,0,0,0,0,0,0,0,0,0,0,0,0,0,0,0,0,0,0,0,0,0,0,0,0,0,0,0,0,0,0,0,0,0,0,0,0,0,0,0,0,0,0,0,0,0,0,0,0,0,0,0,0,0,0,0
MPB:bin_000049,5.537,6.193,21.569,10.422,12.244,9.699,9.232,8.548,0.887,5.944,7.768,8.408,10.399,7.559,2.235,0,15.159,5.693,8.646,8.015,0,5.107,4.837,3.994,2.968,6.664,5.885,7.495,11.587,10.497,5.614,4.904,9.172,8.569,8.803,4.351,16.558,8.239,10.819,4.055,4.614,7.22,4.017,16.651,10.079,16.791,3.619,7.251,0,9.396,6.574,2.366,6.853,7.045,8.094,11.033,0,8.595,6.089,10.24,9.307,5.913,5.798,8.905,10.52,6.636,8.075,9.916,5.471,15.443,7.311,8.45,10.577,7.157,0,0,7.663,7.987,8.611,7.338,10.775,11.601,5.899,7.906
MPB:bin_000050,0,0,0,0,0,0,0,0,0,0,0,0,0,0,0,0,0,0,0,0,0,0,0,0,0,0,0,0,0,0,0,0,0,0,0,0,0,0,0,0,0,0,0,0,0,0,0,0,0,0,0,0,0,0,0,0,0,0,0,0,0,0,0,0,0,0,0,0,0,0,0,0,0,0,0,0,0,0,0,0,0,0,0,0
MPB:bin_000051,0,0,0.972,0,0,0,0,0,0,0,0,0,0,0,0,0,0,0,0,0,0,0,0,0,0,0,0,0,0,0,0,0,0,0,0,0,0,0,0,0,0,0,0,0,0,0,0,0,0,0,0,0,0,0,0,0,0,0,0,0,0,0,0,0,0,0,0,0,0,0,0,0,0,0,0,0,0,0,0,0,0,0,0,0
MPB:bin_000052,4.002,5.626,12.456,6.225,8.397,4.753,7.174,7.16,0.81,4.449,4.906,8.385,7.453,7.949,2.228,0,10.542,2.913,7.793,8.175,0,3.692,3.334,4.452,2.836,3.755,3.651,5.959,8.127,10.806,3.685,5.909,3.407,6.156,7.664,2.745,0,3.553,20.085,3.193,3.761,5.733,2.356,0,9.221,11.688,6.43,3.217,0,4.272,5.258,1.769,4.78,6.579,6.571,5.008,10.734,5.44,5.625,4.341,7.871,5.344,5.556,9.066,6.271,4.033,4.029,4.606,5.116,12.879,3.349,8.692,3.514,4.821,0,4.738,5.606,5.66,9.391,7.574,5.418,4.377,7.079,6.199
MPB:bin_000053,0,0,0,0,0,0,0,0,0,0,0,0,0,0,0,0,0,0,0,0,0,0,0,0,0,0,0,0,0,0,0,0,0,0,0,0,0,0,0,0,0,0,0,0,0,0,0,0,0,0,0,0,0,0,0,0,0,0,0,0,0,0,0,0,0,0,0,0,0,0,0,0,0,0,0,0,0,0,0,0,0,0,0,0
MPB:bin_000055,2.217,3.146,8.371,3.009,3.941,2.139,2.944,0,0,3.37,2.559,2.859,3.501,3.958,0.958,0,3.86,1.566,3.077,3.19,0,2.082,1.474,1.807,1.071,2.474,1.796,2.908,4.58,8.201,1.637,2.313,2.784,3.253,3.804,1.501,4.842,2.805,5.275,2.357,0,2.781,0,0,3.987,5.648,2.726,2.623,0,2.634,1.69,0.943,2.949,2.391,0,2.102,4.746,3.228,2.064,2.901,3.63,2.855,2.851,5.339,3.218,2.073,2.057,2.9,4.537,6.397,1.703,4.327,2.482,1.655,0,3.358,1.936,3.354,4.26,3.31,2.25,2.358,2.704,0
MPB:bin_000057,0,0,0,0,0,0,0,0,0,0,0,0,0,0,0,0,0,0,0,0,0,0,0,0,0,0,0,0,0,0,0,0,0,0,0,0,0,0,0,0,0,0,0,0,0,0,0,0,0,0,0,0,0,0,0,0,0,0,0,0,0,0,0,0,0,0,0,0,0,0,0,0,0,0,0,0,0,0,0,0,0,0,0,0
MPB:bin_000059,0,0,0,0,0,0,0,0,0,0,0,0,0,0,0,0,0,0,0,0,0,0,0,0,0,0,0,0,0,0,0,0,0,0,0,0,0,0,0,0,0,0,0,0,0,0,0,0,0,0,0,0,0,0,0,0,0,0,0,0,0,0,0,0,0,0,0,0,0,0,0,0,0,0,0,0,0,0,0,0,0,0,0,0
MPB:bin_000061,0,0,0,0,0,0,0,0,0,0,0,0,0,0,0,0,0,0,0,0,0,0,0,0,0,0,0,0,0,0,0,0,0,0,0,0,0,0,0,0,0,0,0,0,0,0,0,0,0,0,0,0,0,0,0,0,0,0,0,0,0,0,0,0,0,0,0,0,0,0,0,0,0,0,0,0,0,0,0,0,0,0,0,0
MPB:bin_000062,0,0,0,0,0,0,0,0,0,0,0,0,0,0,0,0,0,0,0,0,0,0,0,0,0,0,0,0,0,0,0,0,0,0,0,0,0,0,0,0,0,0,0,0,0,0,0,0,0,0,0,0,0,0,0,0,0,0,0,0,0,0,0,0,0,0,0,0,0,0,0,0,0,0,0,0,0,0,0,0,0,0,0,0
MPB:bin_000063,1.582,2.652,7.227,2.593,7.15,1.576,1.412,0,0,1.903,3.161,2.514,3.169,3.918,0.694,0,2.345,0,2.31,4.55,0,1.616,2.223,2.529,1.4,3.206,2.646,2.649,4.515,5.616,2.177,2.062,2.104,0,2.458,1.908,0,5.163,2.936,2.32,0,2.063,2.021,0,3.21,5.073,0,2.302,0,0,2.341,1.354,2.73,2.675,3.352,1.603,0,2.611,1.624,2.067,2.741,1.356,1.534,4.141,2.096,3.744,2.34,2.712,2.49,7.125,1.772,4.217,3.94,2.717,0,0,0,2.156,2.083,3.336,1.462,4.467,3.761,0
MPB:bin_000064,1.71,6.486,11.464,3.957,4.286,1.526,3.183,0,0,4.309,1.798,4.119,5.225,7.43,1.061,0,4.369,1.398,3.086,5.022,0,2.942,2.238,2.394,1.384,4.682,3.583,4.233,3.547,6.876,3.156,1.833,6.136,0,3.496,1.177,0,2.607,5.739,0,2.112,3.26,0,0,4.314,10.316,0,0,0,4.2,4.905,1.213,10.523,3.547,3.592,3.271,0,5.698,2.712,4.845,5.947,2.774,0,17.903,2.646,2.236,1.855,5.966,6.831,3.744,3.036,3.441,6.19,0,0,2.777,2.724,6.322,3.844,7.027,3.194,2.837,5.915,2.71
MPB:bin_000065,0,0,0,0,0,0,0,0,0,0,0,0,0,0,0,0,0,0,0,0,0,0,0,0,0,0,0,0,0,0,0,0,0,0,0,0,0,0,0,0,0,0,0,0,0,0,0,0,0,0,0,0,0,0,0,0,0,0,0,0,0,0,0,0,0,0,0,0,0,0,0,0,0,0,0,0,0,0,0,0,0,0,0,0
MPB:bin_000066,6.083,6.459,15.599,6.386,8.32,10.365,6.347,12.108,0.564,7.393,5.793,7.643,6.398,7.559,3.135,0,15.285,4.553,8.969,6.056,0,3.337,4.645,5.177,2.761,7.6,6.478,6.342,11.595,18.623,5.748,3.645,6.69,7.615,5.23,6.456,3.229,4.205,13.877,5.134,9.917,5.66,5.037,0,11.963,11.798,1.939,8.423,0,6.761,2.986,2.32,11.415,5.426,5.334,10.402,10.199,8.522,6.531,3.914,9.144,6.831,12.99,8.461,13.964,7.052,5.783,8.621,9.635,14.193,3.263,6.689,4.491,3.904,0,14.803,9.534,4.843,7.338,9.543,12.247,11.206,5.711,8.191
MPB:bin_000069,10.103,14.108,37.859,10.994,18.093,14.426,11.011,9.961,1.691,9.39,14.208,14.146,17.029,17.714,4.423,0,17.023,12.299,15.75,24.415,0,9.852,12.834,15.137,8.895,14.044,12.357,16,26.612,32.346,7.568,9.713,18.235,18.859,21.061,7.311,10.209,15.512,23.506,23.743,12.428,11.07,6.756,0,28.34,28.968,15.509,19.646,0,14.164,8.915,8.321,15.49,14.897,15.545,14.637,0,11.531,15.054,20.237,17.636,13.7,13.704,31.397,11.757,13.83,16.474,19.22,17.749,42.247,8.739,20.621,15.44,14.945,5.247,9.505,10.79,17.053,14.509,28.453,13.192,21.339,17.239,7.273
MPB:bin_000070,0,0,0,0,0,0,0,0,0,0,0,0,0,0,0,0,0,0,0,0,0,0,0,0,0,0,0,0,0,0,0,0,0,0,0,0,0,0,0,0,0,0,0,0,0,0,0,0,0,0,0,0,0,0,0,0,0,0,0,0,0,0,0,0,0,0,0,0,0,0,0,0,0,0,0,0,0,0,0,0,0,0,0,0
MPB:bin_000072,0,0,0,0,0,0,0,0,0,0,0,0,0,0,0,0,0,0,0,0,0,0,0,0,0,0,0,0,0,0,0,0,0,0,0,0,0,0,0,0,0,0,0,0,0,0,0,0,0,0,0,0,0,0,0,0,0,0,0,0,0,0,0,0,0,0,0,0,0,0,0,0,0,0,0,0,0,0,0,0,0,0,0,0
MPB:bin_000073,0,0,1.033,0,0,0,0,0,0,0,0,0,0,0,0,0,0,0,0,0,0,0,0,0,0,0,0,0,0,0,0,0,0,0,0,0,0,0,0,0,0,0,0,0,0,0,0,0,0,0,0,0,0,0,0,0,0,0,0,0,0,0,0,0,0,0,0,0,0,0,0,0,0,0,0,0,0,0,0,0,0,0,0,0
MPB:bin_000074,0,0,0,0,0,0,0,0,0,0,0,0,0,0,0,0,0,0,0,0,0,0,0,0,0,0,0,0,0,0,0,0,0,0,0,0,0,0,0,0,0,0,0,0,0,0,0,0,0,0,0,0,0,0,0,0,0,0,0,0,0,0,0,0,0,0,0,0,0,0,0,0,0,0,0,0,0,0,0,0,0,0,0,0
MPB:bin_000075,0,0,0,0,0,0,0,0,0,0,0,0,0,0,0,0,0,0,0,0,0,0,0,0,0,0,0,0,0,0,0,0,0,0,0,0,0,0,0,0,0,0,0,0,0,0,0,0,0,0,0,0,0,0,0,0,0,0,0,0,0,0,0,0,0,0,0,0,0,0,0,0,0,0,0,0,0,0,0,0,0,0,0,0
MPB:bin_000076,3.387,3.312,10.439,2.377,3.906,2.657,3.22,2.544,0,2.806,2.919,3.179,3.309,3.767,0.984,0,6.768,1.606,3.206,4.065,0,2.077,2.213,2.444,1.041,2.506,2.431,4.353,4.528,10.987,2.658,2.15,3.338,3.368,4.296,1.86,0,1.849,4.586,2.252,2.69,3.301,3.966,0,4.669,4.979,5.138,3.41,0,2.013,1.66,1.504,3,3.04,2.223,2.757,0,2.962,2.966,2.953,3.789,2.584,2.76,3.653,4.499,4.35,2.532,4.437,3.67,7.057,1.529,2.943,3.689,2.904,0,3.546,2.511,3.956,2.936,4.399,4.704,4.974,2.873,0
MPB:bin_000079,0,0,0,0,0,0,0,0,0,0,0,0,0,0,0,0,0,0,0,0,0,0,0,0,0,0,0,0,0.89,0,0,0,0,0,0,0,0,0,0,0,0,0,0,0,0,0,0,0,0,0,0,0,0,0,0,0,0,0,0,0,0,0,0,0,0,0,0,0,0,0,0,0,0,0,0,0,0,0,0,1.126,0,0,0,0
MPB:bin_000080,0,0,0,0,0,0,0,0,0,0,0,0,0,0,0,0,0,0,0,0,0,0,0,0,0,0,0,0,0,0,0,0,0,0,0,0,0,0,0,0,0,0,0,0,0,0,0,0,0,0,0,0,0,0,0,0,0,0,0,0,0,0,0,0,0,0,0,0,0,0,0,0,0,0,0,0,0,0,0,0,0,0,0,0
MPB:bin_000081,0,0,0,0,0,0,0,0,0,0,0,0,0,0,0,0,0,0,0,0,0,0,0,0,0,0,0,0,0,0,0,0,0,0,0,0,0,0,0,0,0,0,0,0,0,0,0,0,0,0,0,0,0,0,0,0,0,0,0,0,0,0,0,0,0,0,0,0,0,0,0,0,0,0,0,0,0,0,0,0,0,0,0,0
MPB:bin_000082,0,0,0,0,0,0,0,0,0,0,0,0,0,0,0,0,0,0,0,0,0,0,0,0,0,0,0,0,0,0,0,0,0,0,0,0,0,0,0,0,0,0,0,0,0,0,0,0,0,0,0,0,0,0,0,0,0,0,0,0,0,0,0,0,0,0,0,0,0,0,0,0,0,0,0,0,0,0,0,0,0,0,0,0
MPB:bin_000083,0,0,0,0,0,0,0,0,0,0,0,0,0,0,0,0,0,0,0,0,0,0,0,0,0,0,0,0,0,0,0,0,0,0,0,0,0,0,0,0,0,0,0,0,0,0,0,0,0,0,0,0,0,0,0,0,0,0,0,0,0,0,0,0,0,0,0,0,0,0,0,0,0,0,0,0,0,0,0,0,0,0,0,0
MPB:bin_000085,0,0,0,0,0,0,0,0,0,0,0,0,0,0,0,0,0,0,0,0,0,0,0,0,0,0,0,0,0,0,0,0,0,0,0,0,0,0,0,0,0,0,0,0,0,0,0,0,0,0,0,0,0,0,0,0,0,0,0,0,0,0,0,0,0,0,0,0,0,0,0,0,0,0,0,0,0,0,0,0,0,0,0,0
MPB:bin_000087,0,0,0,0,0,0,0,0,0,0,0,0,0,0,0,0,0,0,0,0,0,0,0,0,0,0,0,0,0,0,0,0,0,0,0,0,0,0,0,0,0,0,0,0,0,0,0,0,0,0,0,0,0,0,0,0,0,0,0,0,0,0,0,0,0,0,0,0,0,0,0,0,0,0,0,0,0,0,0,0,0,0,0,0
MPB:bin_000088,0,0,0,0,0,0,0,0,0,0,0,0,0,0,0,0,0,0,0,0,0,0,0,0,0,0,0,0,0,0,0,0,0,0,0,0,0,0,0,0,0,0,0,0,0,0,0,0,0,0,0,0,0,0,0,0,0,0,0,0,0,0,0,0,0,0,0,0,0,0,0,0,0,0,0,0,0,0,0,0,0,0,0,0
MPB:bin_000090,0,0,0,0,0,0,0,0,0,0,0,0,0,0,0,0,0,0,0,0,0,0,0,0,0,0,0,0,0,0,0,0,0,0,0,0,0,0,0,0,0,0,0,0,0,0,0,0,0,0,0,0,0,0,0,0,0,0,0,0,0,0,0,0,0,0,0,0,0,0,0,0,0,0,0,0,0,0,0,0,0,0,0,0
MPB:bin_000091,0,0,1.155,0,0,0,0,0,0,0,0,0,0,0,0,0,0,0,0,0,0,0,0,0,0,0,0,0,0,0,0,0,0,0,0,0,0,0,0,0,0,0,0,0,0,0,0,0,0,0,0,0,0,0,0,0,0,0,0,0,0,0,0,0,0,0,0,0,0,0,0,0,0,0,0,0,0,0,0,0,0,0,0,0
MPB:bin_000092,0,0,0,0,0,0,0,0,0,0,0,0,0,0,0,0,0,0,0,0,0,0,0,0,0,0,0,0,0,0,0,0,0,0,0,0,0,0,0,0,0,0,0,0,0,0,0,0,0,0,0,0,0,0,0,0,0,0,0,0,0,0,0,0,0,0,0,0,0,0,0,0,0,0,0,0,0,0,0,0,0,0,0,0
MPB:bin_000093,5.386,5.181,12.293,5.758,5.383,3.303,4.378,2.916,0,8.771,5.756,4.693,7.185,9.39,2.12,0,12.816,3.912,7.292,5.914,0,4.741,3.598,3.735,3.077,3.106,1.636,4.166,10.998,15.957,2.423,6.042,2.516,4.404,9.417,4.447,0,3.902,8.67,2.55,8.356,6.897,3.141,0,5.569,14.747,6.696,2.193,0,8.113,2.765,1.794,9.781,5.95,3.039,4.262,0,4.096,6.144,9.995,4.86,4.367,3.312,9.097,4.255,2.423,6.078,9.056,7.633,14.559,3.293,7.985,6.232,1.84,7.073,6.436,4.685,7.914,8.777,9.851,3.582,7.7,7.479,2.897
MPB:bin_000094,3.196,3.84,14.101,0,5.234,0,0,0,0,0,0,0,0,0,0,0,0,0,0,0,0,2.198,0,0,1.469,0,3.029,3.278,4.404,8.826,0,2.495,3.397,0,3.768,1.754,0,0,9.511,0,0,0,2.723,0,4.923,6.887,0,3.902,0,0,0,0,0,0,0,4.304,0,0,2.6,2.972,0,3.564,0,6.338,0,0,0,0,0,5.621,0,3.976,4.199,0,0,0,0,0,0,6.609,2.764,6.205,3.486,0
MPB:bin_000095,0,0,0,0,0,0,0,0,0,0,0,0,0,0,0,0,0,0,0,0,0,0,0,0,0,0,0,0,0,0,0,0,0,0,0,0,0,0,0,0,0,0,0,0,0,0,0,0,0,0,0,0,0,0,0,0,0,0,0,0,0,0,0,0,0,0,0,0,0,0,0,0,0,0,0,0,0,0,0,0,0,0,0,0
MPB:bin_000097,0,0,4.7,4.753,0,0,1.476,0,0,3.374,0,0,0,0,0,0,0,0,1.643,0,0,0,0,0,0,0,0,0,0,0,5.525,0,0,0,0,0,0,0,0,0,0,3.028,0,0,0,3.016,0,0,0,0,3.715,0,1.846,0,0,0,0,1.885,0,0,3.307,0,0,2.981,1.682,0,0,0,5.257,0,0,0,0,0,0,0,0,0,0,7.061,0,0,0,5.084
MPB:bin_000100,7.038,12.33,32.556,14.981,16.649,9.906,10.001,10.986,1.364,7.989,15.288,15.438,15.093,14.633,3.539,0,19.409,8.408,11.304,17.051,0,10.293,5.795,10.266,5.376,8.475,12.64,10.876,22.557,27.157,9.283,9.495,12.813,12.292,18.414,7.368,9.371,9.691,20.598,9.237,8.552,9.629,5.459,0,19.661,23.898,13.34,9.657,0,15.377,7.831,4.837,11.702,13.057,11.152,11.938,9.523,11.214,10.616,11.142,17.348,10.624,15.228,18.341,13.487,10.603,9.861,13.577,11.017,30.078,8.594,13.144,13.677,9.079,7.21,10.025,10.381,13.801,12.596,15.297,10.427,45.524,10.228,11.524
MPB:bin_000103,0,0,0,0,0,0,0,0,0,0,0,0,0,0,0,0,0,0,0,0,0,0,0,0,0,0,0,0,0,0,0,0,0,0,0,0,0,0,0,0,0,0,0,0,0,0,0,0,0,0,0,0,0,0,0,0,0,0,0,0,0,0,0,0,0,0,0,0,0,0,0,0,0,0,0,0,0,0,0,0,0,0,0,0
MPB:bin_000105,3.56,3.172,8.684,5.166,5.403,5.346,4.715,6.408,0,3.5,5.022,3.118,6.063,4.065,1.923,0,5.088,1.864,3.298,4.222,0,2.417,2.427,1.883,2.004,2.168,2.375,4.582,8.255,7.62,2.276,3.402,5.856,8.049,4.548,1.856,0,2.649,9.113,2.383,2.722,2.004,2.701,0,5.213,14.915,2.525,5.892,0,3.244,1.355,1.615,4.079,3.791,4.096,4.675,3.9,2.306,3.928,4.07,4.354,2.973,4.832,5.03,8.104,5.799,4.771,5.58,2.982,9.802,4.106,4.25,5.436,4.525,0,0,5.36,6.691,2.702,2.883,4.365,7.248,3.867,0
MPB:bin_000106,0,0,0,0,0,0,0,0,0,0,0,0,0,0,0,0,0,0,0,0,0,0,0,0,0,0,0,0,0,0,0,0,0,0,0,0,0,0,0,0,0,0,0,0,0,0,0,0,0,0,0,0,0,0,0,0,0,0,0,0,0,0,0,0,0,0,0,0,0,0,0,0,0,0,0,0,0,0,0,0,0,0,0,0
MPB:bin_000107,0,0,2.692,0,0,0,0,0,0,0,0,0,0,0,0,0,0,0,0,1.89,0,0,0,0,0,0,0,1.671,0,0,0,0,0,0,0,0,0,0,0,0,0,0,0,0,0,2.382,0,0,0,0,1.113,0,0,0,0,1.491,0,0,0,0,0,0,0,2.542,0,0,0,0,0,0,0,0,0,0,0,0,1.625,0,0,1.808,0,0,0,0
MPB:bin_000108,0,0,0,0,0,0,0,0,0,0,0,0,0,0,0,0,0,0,0,0,0,0,0,0,0,0,0,0,0,0,0,0,0,0,0,0,0,0,0,0,0,0,0,0,0,0,0,0,0,0,0,0,0,0,0,0,0,0,0,0,0,0,0,0,0,0,0,0,0,0,0,0,0,0,0,0,0,0,0,0,0,0,0,0
MPB:bin_000109,22.914,14.681,45.963,8.243,24.101,18.219,11.982,19.531,1.94,12.037,29.776,24.578,20.09,20.728,5.227,0,41.02,15.238,15.206,39.198,0,14.225,8.663,35.288,7.817,11.028,9.813,25.413,33.443,77.216,24.439,11.871,26.26,13.698,22.499,10.708,15.346,14.263,25.643,34.687,10.451,15.266,17.116,0,28.359,36.402,40.124,8.554,0,16.691,14.011,6.899,25.757,24.609,20.152,12.99,14.624,19.091,20.82,20.317,19.484,9.652,16.68,22.132,18.901,19.888,16.118,17.216,15.906,64.973,9.263,18.519,28.63,12.933,9.359,24.538,11.528,21.065,15.084,23.3,18.034,18.667,21.843,11.358
MPB:bin_000110,1.763,0,4.058,0,2.433,0,0,0,0,0,0,0,0,0,0,0,0,0,0,0,0,0,0,0,0,0,0,0,0,3.605,0,0,0,0,0,0,0,0,3.172,0,0,0,0,0,0,0,0,0,0,0,0,0,0,2.171,0,0,0,0,0,1.887,0,0,0,0,0,1.864,0,0,0,0,0,0,0,0,0,0,0,0,0,0,0,0,0,0
MPB:bin_000111,4.642,5.88,13.992,7.063,10.669,7.926,4.236,4.339,0.537,4.455,6.735,8.546,6.21,7.388,1.499,0,9.825,4.364,4.759,6.436,0,3.184,4.354,3.867,2.392,3.474,4.264,3.36,9.228,9.941,3.266,4.028,5.405,7.165,5.824,3.902,8.748,3.728,11.195,2.57,4.687,4.203,5.558,9.68,6.307,7.868,2.523,4.13,0,4.846,3.393,1.43,7.112,4.514,6.104,8.46,0,6.233,4.098,4.748,7.074,5.536,4.16,8.625,4.702,3.247,4.958,8.619,3.134,13.359,3.677,7.013,5.191,4.348,0,0,3.724,4.041,6.486,6.859,6.228,9.813,4.82,5.245
MPB:bin_000113,0,0,0,0,0,0,0,0,0,0,0,0,0,0,0,0,0,0,0,0,0,0,0,0,0,0,0,0,0,0,0,0,0,0,0,0,0,0,0,0,0,0,0,0,0,0,0,0,0,0,0,0,0,0,0,0,0,0,0,0,0,0,0,0,0,0,0,0,0,0,0,0,0,0,0,0,0,0,0,0,0,0,0,0
MPB:bin_000114,0,0,0,0,0,0,0,0,0,0,0,0,0,0,0,0,0,0,0,0,0,0,0,0,0,0,0,0,0,0,0,0,0,0,0,0,0,0,0,0,0,0,0,0,0,0,0,0,0,0,0,0,0,0,0,0,0,0,0,0,0,0,0,0,0,0,0,0,0,0,0,0,0,0,0,0,0,0,0,0,0,0,0,0
MPB:bin_000115,1.837,2.132,6.427,2.441,3.635,2.24,1.96,2.038,0,2.43,2.282,2.275,2.586,1.985,0.783,0,6.099,1.557,2.298,3.013,0,1.711,1.181,1.5,1.019,1.124,1.517,2.476,3.89,3.636,1.448,0.921,1.873,1.743,2.347,1.747,5.761,2.321,4.285,1.662,0,1.695,2.846,0,3.781,6.599,0,2.438,0,2.004,1.53,0.78,1.527,2.436,3.011,1.689,0,2.451,1.417,2.437,3.924,3.241,2.654,3.767,2.197,1.796,2.484,2.734,1.982,6.185,1.085,2.268,2.733,2.638,0,0,2.107,2.416,2.343,2.233,2.157,5.598,1.853,0
MPB:bin_000116,0,0,0,0,0,0,0,0,0,0,0,0,0,0,0,0,0,0,0,0,0,0,0,0,0,0,0,0,0,0,0,0,0,0,0,0,0,0,0,0,0,0,0,0,0,0,0,0,0,0,0,0,0,0,0,0,0,0,0,0,0,0,0,0,0,0,0,0,0,0,0,0,0,0,0,0,0,0,0,0,0,0,0,0
MPB:bin_000120,0,0,1.608,0.98,2.309,1.237,0,0,0,0,1.202,0,1.06,2.081,0,0,0,0.95,1.066,0.888,0,0.644,0,0,0,0,0,0,2.042,1.305,0,0,1.443,0,1.946,0.772,0,0,2.323,0,0,0.626,0,0,1.97,1.493,0,0,0,0,0.724,0,1.871,1.227,0,0.942,0,1.044,0.887,0,0.894,0.882,1.146,1.589,0,0,0,1.099,0,2.25,0,1.52,0,2.091,0,0,1.006,0,0,0.885,0,2.291,0.93,0
MPB:bin_000122,0,0,0,0,0,0,0,0,0,0,0,0,0,0,0,0,0,0,0,0,0,0,0,0,0,0,0,0,0,0,0,0,0,0,0,0,0,0,0,0,0,0,0,0,0,0,0,0,0,0,0,0,0,0,0,0,0,0,0,0,0,0,0,0,0,0,0,0,0,0,0,0,0,0,0,0,0,0,0,0,0,0,0,0
MPB:bin_000123,0,0,0,0,0,0,0,0,0,0,0,0,0,0,0,0,0,0,0,0,0,0,0,0,0,0,0,0,0.902,0,0,0,0,0,0,0,0,0,0,0,0,0,0,0,0,0,0,0,0,0,0,0,0,0,0,0,0,0,0,0,0,0,0,0,0,0,0,0,0,0,0,0,0,0,0,0,0,0,0,0,0,0,0,0
MPB:bin_000125,4.26,3.331,11.007,10.786,4.474,2.244,5.139,0,0,0,5.04,2.353,5.411,6.138,0.79,0,6.839,2.261,2.474,3.758,0,2.939,2.98,3.835,2.194,3.266,4.064,4.491,8.44,4.127,2.688,3.464,1.71,2.909,4.792,2.921,0,4.079,6.322,0,2.447,2.041,2.606,0,6.984,5.778,0,0,0,2.944,3.326,2.284,3.214,4.647,1.707,3.643,0,4.205,4.163,3.637,4.297,2.751,2.74,8.493,2.924,1.89,1.88,3.506,0,6.746,1.915,4.113,7.044,1.556,0,3.042,4.997,1.795,5.764,4.624,2.715,4.708,2.241,0
MPB:bin_000127,0,0,0,0,0,0,0,0,0,0,0,0,0,0,0,0,0,0,0,0,0,0,0,0,0,0,0,0,0,0,0,0,0,0,0,0,0,0,0,0,0,0,0,0,0,0,0,0,0,0,0,0,0,0,0,0,0,0,0,0,0,0,0,0,0,0,0,0,0,0,0,0,0,0,0,0,0,0,0,0,0,0,0,0
MPB:bin_000129,2.625,2.34,8.694,4.115,7.144,3.488,2.845,2.976,0,3.409,3.268,4.861,4.218,6.331,1.17,0,5.429,1.967,3.67,4.94,0,1.768,2.435,2.158,1.704,2.198,2.157,3.273,4.307,4.953,1.45,2.254,3.719,3.034,4.463,2.174,6.437,2.718,6.038,4.083,2.144,2.721,7.044,14.361,4.814,5.685,3.869,3.136,0,3.361,3.6,1.119,4.464,2.698,2.664,3.11,0,3.591,3.518,3.508,3.376,2.409,2.475,6.036,3.581,4.319,3.175,3.539,2.893,8.455,2.779,3.762,4.669,2.847,0,0,4.288,3.024,3.843,5.337,3.972,5.254,3.635,3.006
MPB:bin_000130,0,0,0,0,0,0,0,0,0,0,0,0,0,0,0,0,0,0,0,0,0,0,0,0,0,0,0,0,0,0,0,0,0,0,0,0,0,0,0,0,0,0,0,0,0,0,0,0,0,0,0,0,0,0,0,0,0,0,0,0,0,0,0,0,0,0,0,0,0,0,0,0,0,0,0,0,0,0,0,0,0,0,0,0
MPB:bin_000131,7.08,7.118,32.508,12.105,12.658,5.972,6.491,3.869,1.29,4.166,10.237,6.44,9.209,3.751,2.921,0,11.755,11.479,10.889,10.063,0,4.969,7.903,5.54,2.822,2.814,6.439,4.171,18.099,20.297,2.871,1.709,7.062,9.812,1.416,5.022,0,22.074,4.491,3.896,7.729,4.487,0,0,12.486,19.402,2.268,12.513,0,10.404,7.357,4.514,3.037,7.843,6.264,7.541,7.14,5.796,5.095,7.809,8.163,1.252,5.389,10.925,9.573,4.104,6.711,14.393,3.562,18.486,1.198,10.778,5.974,7.921,0,6.079,9.037,6.738,0,12.839,10.698,10.122,4.099,4.824
MPB:bin_000132,0,0,4.519,1.373,2.152,0,2.252,0,0,1.515,0,0,0,1.861,0,0,0,0,1.844,1.588,0,0,0,0,0,0,0,0,1.616,1.914,1.856,0,0,0,0,0,0,0,1.858,0,0,1.549,0,0,1.664,5.165,0,0,0,0,1.81,0,0,0,0,0,0,1.396,2.219,0,0,0,0,4.382,2.15,0,0,0,1.994,2.534,0,0,0,0,0,0,2.096,0,0,2.581,2.242,1.808,0,2.814
MPB:bin_000133,0,0,0,0,0,0,0,0,0,0,0,0,0,0,0,0,0,0,0,0,0,0,0,0,0,0,0,0,0,0,0,0,0,0,0,0,0,0,0,0,0,0,0,0,0,0,0,0,0,0,0,0,0,0,0,0,0,0,0,0,0,0,0,0,0,0,0,0,0,0,0,0,0,0,0,0,0,0,0,0,0,0,0,0
MPB:bin_000135,0,0,0,0,0,0,0,0,0,0,0,0,0,0,0,0,0,0,0,0,0,0,0,0,0,0,0,0,0,0,0,0,0,0,0,0,0,0,0,0,0,0,0,0,0,0,0,0,0,0,0,0,0,0,0,0,0,0,0,0,0,0,0,0,0,0,0,0,0,0,0,0,0,0,0,0,0,0,0,0,0,0,0,0
MPB:bin_000136,1.888,2.568,6.486,0,3.492,2.86,2.141,2.927,0,1.922,2.915,2.734,3.274,2.604,0,0,3.119,2.022,2.896,3.236,0,1.629,1.835,1.582,1.098,0,2.258,2.538,4.279,5.466,0,0,2.939,2.176,3.495,1.785,0,0,3.509,2.87,2.725,2.059,0,0,2.952,6.362,0,3.226,0,2.508,1.903,1.029,2.202,2.193,2.334,2.713,0,2.456,2.228,2.77,3.78,2.256,2.41,3.839,4.7,2.516,2.782,3.526,2.443,7.174,1.462,2.845,3.496,2.452,0,0,1.832,2.547,2.896,3.93,2.427,2.743,2.477,0
MPB:bin_000137,0,0,0,0,0,0,0,0,0,0,0,0,0,0,0,0,0,0,0,0,0,0,0,0,0,0,0,0,0,0,0,0,0,0,0,0,0,0,0,0,0,0,0,0,0,0,0,0,0,0,0,0,0,0,0,0,0,0,0,0,0,0,0,0,0,0,0,0,0,0,0,0,0,0,0,0,0,0,0,0,0,0,0,0
MPB:bin_000138,1.441,3.482,11.279,2.59,3.276,0,2.434,0,0,2.172,1.631,2.245,2.917,2.419,0,0,0,1.379,2.605,3.095,0,1.656,2.815,0,0,2.149,2.471,2.58,2.827,3.897,2.648,1.775,1.956,0,0,0,0,2.436,7.738,0,0,3.115,0,0,2.637,7.405,0,0,0,3.092,3.214,0,2.227,2.554,2.862,1.683,0,2.969,2.235,2.91,3.508,0,0,4.016,0,0,0,3.889,2.897,3.202,3.153,2.303,3.411,0,0,0,0,3.308,3.071,4.427,2.435,2.956,2.716,8.835
MPB:bin_000140,2.087,2.642,9.087,3.084,4.837,5.138,3.1,3.138,0,3.968,3.196,4.267,4.949,2.725,0.95,0,4.554,1.992,2.722,4.032,0,1.835,1.766,1.786,1.43,2.202,3.428,2.65,4.955,6.332,1.588,1.971,3.203,3.893,3.609,1.938,0,3.193,5.436,0,2.337,2.08,2.488,0,4.193,6.06,2.175,3.54,0,3.973,2.015,0.916,4.139,3.276,2.721,3.66,0,2.726,2.232,3.047,3.156,3.183,2.616,4.815,4.631,2.895,3.044,3.66,1.738,7.194,2.323,3.376,3.366,3.653,0,0,3.164,2.026,3.263,3.379,3.256,6.098,2.309,0
MPB:bin_000141,0,0,0.843,0,0,0,0,0,0,0,0,0,0,0,0,0,0,0,0,0,0,0,0,0,0,0,0,0,0,0,0,0,0,0,0,0,0,0,0,0,0,0,0,0,0,0,0,0,0,0,0,0,0,0,0,0,0,0,0,0,0,0,0,0,0,0,0,0,0,0,0,0,0,0,0,0,0,0,0,0,0,0,0,0
MPB:bin_000143,2.343,2.387,13.058,4.127,5.625,3.597,5.618,2.597,0,3.9,1.452,3.46,4.237,5.933,1.526,0,4.574,1.6,4.735,3.764,0,2.485,3.618,1.357,0.965,3.556,3.145,6.624,5.34,2.489,2.325,2.35,3.257,0,1.746,1.187,0,3.186,4.877,0,0,3.728,0,0,2.39,8.581,0,2.291,0,2.494,3.828,1.004,4.718,3.622,2.578,5.153,0,4.618,2.884,3.765,4.768,2.291,0,9.34,6.577,2.786,3.38,3.4,4.479,3.098,4.159,6.145,4.672,2.713,0,0,5.479,4.084,4.511,4.846,3.368,4.202,2.935,5.294
MPB:bin_000144,0,11.285,53.233,0,0,5.666,0,0,0,0,5.75,58.836,0,0,2.686,0,0,0,0,53.216,0,0,2.306,0,0,10.72,0,0,0,7.062,0,0,0,0,7.657,0,0,0,0,0,3.433,0,0,0,5.466,0,0,0,0,0,0,0,3.961,0,0,0,0,0,3.435,0,0,0,4.13,4.756,0,0,23.639,0,30.406,7.587,0,0,0,0,0,0,0,0,0,0,0,58.77,0,0
MPB:bin_000145,0,0,0,0,0,0,0,0,0,0,0,2.457,0,0,0,0,0,0,0,0,0,0,0,0,0,0,0,0,0,0,0,0,0,0,0,0,0,0,0,0,0,0,0,0,0,0,0,0,0,0,0,0,0,0,0,0,0,0,0,0,0,0,0,0,0,0,0,0,0,0,0,0,0,0,0,0,0,0,3.323,0,0,0,0,0
MPB:bin_000146,0,0,0,0,0,0,0,0,0,0,0,0,0,0,0,0,0,0,0,0,0,0,0,0,0,0,0,0,0,0,0,0,0,0,0,0,0,0,0,0,0,0,0,0,0,0,0,0,0,0,0,0,0,0,0,0,0,0,0,0,0,0,0,0,0,0,0,0,0,0,0,0,0,0,0,0,0,0,0,0,0,0,0,0
MPB:bin_000147,0,0,0,0,0,0,0,0,0,0,0,0,0,0,0,0,0,0,0,0,0,0,0,0,0,0,0,0,0,0,0,0,0,0,0,0,0,0,0,0,0,0,0,0,0,0,0,0,0,0,0,0,0,0,0,0,0,0,0,0,0,0,0,0,0,0,0,0,0,0,0,0,0,0,0,0,0,0,0,0,0,0,0,0
MPB:bin_000148,0,1.33,5.518,1.836,1.737,1.36,0,0,0,0,1.513,1.838,2.23,1.798,0,0,0,0.858,1.643,1.309,0,0.848,1.065,1.118,0.723,1.439,1.452,0,2.685,1.968,0,1.009,1.563,1.395,1.351,0.684,0,0,2.111,0,0,1.142,0,0,1.508,2.085,0,0,0,2.181,1.493,0,0,1.044,0,1.648,0,1.562,1.178,1.92,2.224,1.064,1.15,1.795,1.78,1.442,1.178,1.476,0,2.14,1.342,1.128,0,0,0,0,1.24,1.96,1.983,2.224,1.285,2.413,1.337,0
MPB:bin_000149,0,0,1.501,0,0,0,0,0,0,0,0,0,0,0,0,0,0,0,0,0,0,0,0,0,0,0,0,0,0,0,0,0,0,0,0,0,0,0,0,0,0,0,0,0,0,0,0,0,0,0,0,0,0,0,0,0,0,0,0,0,0,0,0,0,0,0,0,0,0,0,0,0,0,0,0,0,0,0,0,0,0,0,0,0
MPB:bin_000150,0,0,0,0,0,0,0,0,0,0,0,0,0,0,0,0,0,0,0,0,0,0,0,0,0,0,0,0,0.839,0,0,0,0,0,0,0,0,0,0,0,0,0,0,0,0,0,0,0,0,0,0,0,0,0,0,0,0,0,0,0,0,0,0,0,0,0,0,0,0,0,0,0,0,0,0,0,0,0,0,0,0,0,0,0
MPB:bin_000152,1.777,2.883,8.23,2.652,3.695,2.137,2.396,2.268,0,1.863,2.314,1.97,2.878,4.14,0.791,0,3.617,1.955,2.312,4.765,0,1.851,1.801,2.099,1.172,2.369,2.307,3.169,4.307,6.313,2.383,1.928,2.707,1.908,2.749,1.317,0,0,4.493,2.163,2.337,1.914,0,0,3.323,5.09,0,2.085,0,2.675,2.181,1.338,3.132,2.953,2.188,2.144,0,2.97,1.729,2.785,3.171,2.246,1.941,4.193,1.909,2.362,5.369,3.723,2.821,5.973,1.903,3.461,3.213,2.218,0,0,1.75,3.835,4.913,4.077,1.953,3.07,2.992,0
MPB:bin_000153,0,0,9.049,1.978,0,1.621,1.514,0,0,0,1.579,0,0,0,0.811,0,3.545,1.13,0,2.422,0,1.192,1.544,0,0.883,0,0,2.404,2.325,4.855,0,0,2.742,0,0,0,0,0,2.329,0,0,0,0,0,2.791,4.572,0,0,0,0,0,0,0,2.461,0,0,0,1.962,3.678,0,1.936,0,1.796,2.024,0,0,0,0,2.202,0,0,1.768,0,0,0,0,0,0,2.076,4.068,0,1.977,3.794,0
MPB:bin_000155,6.954,9.158,29.163,12.663,18.964,10.856,9.543,8.725,1.187,10.404,10.304,13.447,13.895,12.929,3.24,0,16.623,7.789,12.162,13.219,0,6.387,7.623,5.078,5.501,7.107,7.625,8.777,16.293,18.395,7.163,7.11,12.297,9.7,12.025,7.228,18.154,9.375,20.23,4.424,6.966,9.343,10.414,13.202,14.689,17.34,6.085,11.23,0,10.989,7.821,3.865,11.089,8.442,8.506,10.301,4.602,11.834,7.503,10.191,14.709,11.393,8.336,13.131,12.696,8.354,9.988,14.972,6.663,21.155,7.398,13.216,9.89,10.435,13.057,4.105,8.951,11.317,11.473,14.762,10.286,18.802,9.075,9.9
MPB:bin_000156,0,0,0,0,0,0,0,0,0,0,0,0,0,0,0,0,0,0,0,0,0,0,0,0,0,0,0,0,0,0,0,0,0,0,0,0,0,0,0,0,0,0,0,0,0,0,0,0,0,0,0,0,0,0,0,0,0,0,0,0,0,0,0,0,0,0,0,0,0,0,0,0,0,0,0,0,0,0,0,0,0,0,0,0
MPB:bin_000158,0,0,0,0,0,0,0,0,0,0,0,0,0,0,0,0,0,0,0,0,0,0,0,0,0,0,0,0,0,0,0,0,0,0,0,0,0,0,0,0,0,0,0,0,0,0,0,0,0,0,0,0,0,0,0,0,0,0,0,0,0,0,0,0,0,0,0,0,0,0,0,0,0,0,0,0,0,0,0,0,0,0,0,0
MPB:bin_000160,0,0,0,0,0,0,0,0,0,0,0,0,0,0,0,0,0,0,0,0,0,0,0,0,0,0,0,0,0,0,0,0,0,0,0,0,0,0,0,0,0,0,0,0,0,0,0,0,0,0,0,0,0,0,0,0,0,0,0,0,0,0,0,0,0,0,0,0,0,0,0,0,0,0,0,0,0,0,0,0,0,0,0,0
MPB:bin_000162,4.221,7.228,38.091,15.144,10.335,6.659,12.801,3.765,0.803,17.694,1.852,7.246,14.204,9.323,2.113,0,5.762,6.516,14.686,13.113,0,7.667,12.172,3.518,3.526,7.793,9.219,9.972,5.434,4.918,15.042,5.972,6.182,0,3.648,2.371,4.812,9.621,13.843,4.19,3.886,20.071,2.299,0,4.557,28.327,6.593,3.186,0,9.847,20.57,2.549,11.351,15.724,6.263,8.045,4.672,18.369,6.337,10.428,23.491,2.892,1.794,30.822,9.02,10.019,5.52,10.955,25.54,5.032,11.192,7.761,12.556,6.051,15.866,5.562,8.025,13.317,18.968,23.864,9.432,9.721,8.815,18.086
MPB:bin_000163,0,0,0,0,0,0,0,0,0,0,0,0,0,0,0,0,0,0,0,0,0,0,0,0,0,0,0,0,0,0,0,0,0,0,0,0,0,0,0,0,0,0,0,0,0,0,0,0,0,0,0,0,0,0,0,0,0,0,0,0,0,0,0,0,0,0,0,0,0,0,0,0,0,0,0,0,0,0,0,0,0,0,0,0
MPB:bin_000165,0,0,0,0,0,0,0,0,0,0,0,0,0,0,0,0,0,0,0,0,0,0,0,0,0,0,0,0,0,0,0,0,0,0,0,0,0,0,0,0,0,0,0,0,0,0,0,0,0,0,0,0,0,0,0,0,0,0,0,0,0,0,0,0,0,0,0,0,0,0,0,0,0,0,0,0,0,0,0,0,0,0,0,0
MPB:bin_000167,0,0,0,0,0,0,0,0,0,0,0,0,0,0,0,0,0,0,0,0,0,0,0,0,0,0,0,0,0,0,0,0,0,0,0,0,0,0,0,0,0,0,0,0,0,0,0,0,0,0,0,0,0,0,0,0,0,0,0,0,0,0,0,0,0,0,0,0,0,0,0,0,0,0,0,0,0,0,0,0,0,0,0,0
MPB:bin_000168,0,0,0,0,0,0,0,0,0,0,0,0,0,0,0,0,0,0,0,0,0,0,0,0,0,0,0,0,0,0,0,0,0,0,0,0,0,0,0,0,0,0,0,0,0,0,0,0,0,0,0,0,0,0,0,0,0,0,0,0,0,0,0,0,0,0,0,0,0,0,0,0,0,0,0,0,0,0,0,0,0,0,0,0
MPB:bin_000169,20.798,42.413,78.967,28.75,43.792,22.918,37.462,18.688,4.465,25.12,31.991,29.386,38.122,50.754,9.698,0,33.949,22.163,24.295,41.376,0,19.026,33.207,18.288,9.647,30.267,20.844,29.773,51.597,77.054,23.268,20.653,26.482,16.704,49.58,20.211,18.996,18.413,59.174,11.106,22.081,22.412,10.814,0,61.127,73.288,13.517,13.791,0,25.861,18.321,9.502,42.934,31.062,24.012,27.368,8.723,40.868,24.789,27.328,34.987,26.868,21.952,66.991,24.417,16.932,23.852,45.426,45.156,51.537,23.293,40.265,38.394,25.997,22.896,15.589,22.998,42.945,49.841,37.747,25.886,25.213,39.286,22.122
MPB:bin_000170,0,0,0,0,0,0,0,0,0,0,0,0,0,0,0,0,0,0,0,0,0,0,0,0,0,0,0,0,0,0,0,0,0,0,0,0,0,0,0,0,0,0,0,0,0,0,0,0,0,0,0,0,0,0,0,0,0,0,0,0,0,0,0,0,0,0,0,0,0,0,0,0,0,0,0,0,0,0,0,0,0,0,0,0
MPB:bin_000173,3.122,4.262,11.136,4.492,6.807,2.958,2.721,2.393,0,2.294,3.907,5.186,4.941,7.302,1.034,0,9.52,3.456,4.865,8.055,0,3.35,2.514,5.425,1.636,3.427,3.24,5.13,6.83,8.538,4.36,3.299,3.846,4.073,5.135,2.086,9.32,3.7,6.945,4.915,3.807,3.402,2.471,0,7.27,9.398,3.274,2.761,0,4.391,3.59,2.355,5.595,5.729,4.364,5.399,0,3.972,3.826,3.656,5.295,2.935,3.612,8.361,4.166,4.354,3.959,6.198,6.389,13.009,3.322,4.314,6.891,2.607,0,0,2.697,5.64,6.669,6.275,3.024,6.681,4.686,3.027
MPB:bin_000174,0,0,0,0,0,0,0,0,0,0,0,0,0,0,0,0,0,0,0,0,0,0,0,0,0,0,0,0,0,0,0,0,0,0,0,0,0,0,0,0,0,0,0,0,0,0,0,0,0,0,0,0,0,0,0,0,0,0,0,0,0,0,0,0,0,0,0,0,0,0,0,0,0,0,0,0,0,0,0,0,0,0,0,0
MPB:bin_000177,3.96,2.339,6.703,3.937,5.206,1.7,1.409,2.646,0,2.495,3.73,4.304,2.118,3.609,0.94,0,7.846,1.282,2.391,7.472,0,3.689,1.038,7.748,0,0,0,2.745,5.983,18.708,3.669,1.198,2.775,1.706,5.29,1.079,0,0,2.416,17.604,2.359,1.587,2.158,0,2.408,1.921,2.099,0,0,2.288,2.1,0,0,3.038,0,0,0,2.178,2.571,2.156,2.274,0,2.045,2.792,2.422,2.669,1.907,1.881,0,13.378,2.53,1.997,4.514,0,0,0,0,6.838,1.99,1.737,1.766,3.942,2.804,0
MPB:bin_000185,0,0,0,0,0,0,0,0,0,0,0,0,0,0,0,0,0,0,0,0,0,0,0,0,0,0,0,0,0,0,0,0,0,0,0,0,0,0,0,0,0,0,0,0,0,0,0,0,0,0,0,0,0,0,0,0,0,0,0,0,0,0,0,0,0,0,0,0,0,0,0,0,0,0,0,0,0,0,0,0,0,0,0,0
MPB:bin_000187,0,0,0,0,0,0,0,0,0,0,0,0,0,0,0,0,0,0,0,0,0,0,0,0,0,0,0,0,0,0,0,0,0,0,0,0,0,0,0,0,0,0,0,0,0,0,0,0,0,0,0,0,0,0,0,0,0,0,0,0,0,0,0,0,0,0,0,0,0,0,0,0,0,0,0,0,0,0,0,0,0,0,0,0
MPB:bin_000190,4.224,0,0,0,0,0,0,0,0,0,0,0,0,0,0,0,0,0,0,0,0,0,0,0,0,0,0,0,0,0,0,0,0,0,0,0,0,0,7.68,0,0,0,0,0,5.59,0,0,0,0,0,0,0,0,0,0,0,0,0,0,0,0,0,0,0,0,0,0,0,0,0,0,0,0,0,0,0,0,0,0,0,0,0,0,0
MPB:bin_000191,35.869,71.819,127.949,41.469,68.677,34.887,56.263,32.459,8.33,38.023,51.826,61.994,72.115,87.789,14.574,0,58.673,29.182,27.272,53.144,0,36.368,40.596,38.663,12.782,49.147,34.849,52.404,87.684,132.525,33.977,40.156,44.854,26.625,88.803,29.944,57.714,22.11,89.634,22.732,31.122,37.223,23.229,9.88,85.563,99.911,21.65,13.841,17.246,36.017,21.311,12.008,70.69,46.919,29.985,41.144,14.272,56.736,46.333,40.967,53.131,47.025,34.461,110.243,36.306,20.793,32.78,85.922,70.329,95.432,39.632,72.193,56.103,32.508,23.655,15.885,33.431,79.513,71.895,54.201,44.738,31.137,44.918,27.583
MPB:bin_000193,0,0,1.285,0,0,0,0,0,0,0,0,0,0,0,0,0,0,0,0,0,0,0,0,0,0,0,0,0,0,0,0,0,0,0,0,0,0,0,0,0,0,0,0,0,0,0,0,0,0,0,0,0,0,0,0,0,0,0,0,0,0,0,0,0,0,0,0,0,0,0,0,0,0,0,0,0,0,0,0,0,0,0,0,0
MPB:bin_000194,0,0,0,0,0,0,0,0,0,0,0,0,0,0,0,0,0,0,0,0,0,0,0,0,0,0,0,0,0,0,0,0,0,0,0,0,0,0,0,0,0,0,0,0,0,0,0,0,0,0,0,0,0,0,0,0,0,0,0,0,0,0,0,0,0,0,0,0,0,0,0,0,0,0,0,0,0,0,0,0,0,0,0,0
MPB:bin_000195,0,0,0,0,0,0,0,0,0,0,0,0,0,0,0,0,0,0,0,0,0,0,0,0,0,0,0,0,0,0,0,0,0,0,0,0,0,0,0,0,0,0,0,0,0,0,0,0,0,0,0,0,0,0,0,0,0,0,0,0,0,0,0,0,0,0,0,0,0,0,0,0,0,0,0,0,0,0,0,0,0,0,0,0
MPB:bin_000196,0,0,0,0,0,0,0,0,0,0,0,0,0,0,0,0,0,0,0,0,0,0,0,0,0,0,0,0,0,0,0,0,0,0,0,0,0,0,0,0,0,0,0,0,0,0,0,0,0,0,0,0,0,0,0,0,0,0,0,0,0,0,0,0,0,0,0,0,0,0,0,0,0,0,0,0,0,0,0,0,0,0,0,0
MPB:bin_000198,0,0,0,0,0,0,0,0,0,0,0,0,0,0,0,0,0,0,0,0,0,0,0,0,0,0,0,0,0,0,0,0,0,0,0,0,0,0,0,0,0,0,0,0,0,0,0,0,0,0,0,0,0,0,0,0,0,0,0,0,0,0,0,0,0,0,0,0,0,0,0,0,0,0,0,0,0,0,0,0,0,0,0,0
MPB:bin_000201,0,0,0,0,0,0,0,0,0,0,0,0,0,0,0,0,0,0,0,0,0,0,0,0,0,0,0,0,0,0,0,0,0,0,0,0,0,0,0,0,0,0,0,0,0,0,0,0,0,0,0,0,0,0,0,0,0,0,0,0,0,0,0,0,0,0,0,0,0,0,0,0,0,0,0,0,0,0,0,0,0,0,0,0
MPB:bin_000203,0,0,0,0,0,0,0,0,0,0,0,0,0,0,0,0,0,0,0,0,0,0,0,0,0,0,0,0,0,0,0,0,0,0,0,0,0,0,0,0,0,0,0,0,0,0,0,0,0,0,0,0,0,0,0,0,0,0,0,0,0,0,0,0,0,0,0,0,0,0,0,0,0,0,0,0,0,0,0,0,0,0,0,0
MPB:bin_000204,0,0,0,0,0,0,0,0,0,0,0,0,0,0,0,0,0,0,0,0,0,0,0,0,0,0,0,0,0,0,0,0,0,0,0,0,0,0,0,0,0,0,0,0,0,0,0,0,0,0,0,0,0,0,0,0,0,0,0,0,0,0,0,0,0,0,0,0,0,0,0,0,0,0,0,0,0,0,0,0,0,0,0,0
MPB:bin_000209,0,0,0,0,0,0,0,0,0,0,0,0,0,0,0,0,0,0,0,0,0,0,0,0,0,0,0,0,0,0,0,0,0,0,0,0,0,0,0,0,0,0,0,0,0,0,0,0,0,0,0,0,0,0,0,0,0,0,0,0,0,0,0,0,0,0,0,0,0,0,0,0,0,0,0,0,0,0,0,0,0,0,0,0
MPB:bin_000212,0,0,0,0,0,0,0,0,0,0,0,0,0,0,0,0,0,0,0,0,0,0,0,0,0,0,0,0,0,0,0,0,0,0,0,0,0,0,0,0,0,0,0,0,0,0,0,0,0,0,0,0,0,0,0,0,0,0,0,0,0,0,0,0,0,0,0,0,0,0,0,0,0,0,0,0,0,0,0,0,0,0,0,0
MPB:bin_000213,0,0,22.947,0,0,6.998,0,0,0,0,10.674,11.678,11.39,18.158,0,0,0,0,9.948,12.504,0,0,0,0,0,0,0,0,12.139,21.36,0,0,0,0,12.667,0,0,0,0,0,0,0,0,0,0,0,0,0,0,0,0,0,0,9.966,0,0,0,0,0,0,0,0,0,0,0,0,0,0,0,0,0,0,0,0,0,0,8.378,0,0,0,0,5.999,0,0
MPB:bin_000214,0,0,2.806,0,0,1.254,0,0,0,1.309,0,0,1.547,0,0,0,0,0,0,0,0,0,2.29,0,0,0,0,0,0,0,0,0,0,0,0,0,0,0,1.695,0,0,1.151,0,0,0,2.131,0,0,0,0,0,0,0,0,0,0,0,0,0,0,0,0,0,2.031,0,0,0,0,0,0,0,0,0,0,0,0,0,0,2.154,2.02,0,1.602,0,0
MPB:bin_000216,0,0,0,0,0,0,0,0,0,0,0,0,0,0,0,0,0,0,0,0,0,0,0,0,0,0,0,0,0,0,0,0,0,0,0,0,0,0,0,0,0,0,0,0,0,0,0,0,0,0,0,0,0,0,0,0,0,0,0,0,0,0,0,0,0,0,0,0,0,0,0,0,0,0,0,0,0,0,0,0,0,0,0,0
MPB:bin_000217,0,0,0,0,0,0,0,0,0,0,0,0,0,0,0,0,0,0,0,0,0,0,0,0,0,0,0,0,0,0,0,0,0,0,0,0,0,0,0,0,0,0,0,0,0,0,0,0,0,0,0,0,0,0,0,0,0,0,0,0,0,0,0,0,0,0,0,0,0,0,0,0,0,0,0,0,0,0,0,0,0,0,0,0
MPB:bin_000220,0,0,0,0,0,0,0,0,0,0,0,0,0,0,0,0,0,0,0,0,0,0,0,0,0,0,0,0,0,0,0,0,0,0,0,0,0,0,0,0,0,0,0,0,0,0,0,0,0,0,0,0,0,0,0,0,0,0,0,0,0,0,0,0,0,0,0,0,0,0,0,0,0,0,0,0,0,0,0,0,0,0,0,0
MPB:bin_000221,0,0,3.35,2.782,0,0,0,0,0,2.668,0,0,0,0,0,0,0,0,2.5,0,0,0.97,0,0,0,0,0,0,0,0,3.56,0,0,0,0,0.826,0,0,1.148,0,0,3.284,0,0,2.092,4.147,0,0,0,0,4.752,0,0,0,0,0,0,2.563,0,0,2.18,0,0,2.622,0,0,0,0,2.65,0,0,0,0,0,0,0,0,0,0,5.288,0,2.693,0,10.542
MPB:bin_000223,0,0,0,0,0,0,0,0,0,0,0,0,0,0,0,0,0,0,0,0,0,0,0,0,0,0,0,0,0,0,0,0,0,0,0,0,0,0,0,0,0,0,0,0,0,0,0,0,0,0,0,0,0,0,0,0,0,0,0,0,0,0,0,0,0,0,0,2.558,0,0,0,0,0,0,0,0,0,0,0,0,0,0,0,0
MPB:bin_000225,0,2.157,4.832,2.482,3.093,2.541,1.839,0,0,0,2.258,1.944,2.54,2.611,0,0,0,1.501,2.147,3.474,0,1.293,1.849,2.784,0,0,0,2.034,2.772,4.538,0,1.855,0,0,3.461,1.365,0,0,3.911,4.78,0,1.763,0,0,3.359,3.854,2.423,0,0,1.841,0,0,0,2.045,1.851,0,0,1.76,1.748,2.579,0,0,0,3.118,1.968,2.052,2.193,2.591,2.209,6.191,0,3.049,2.985,0,0,0,0,2.525,2.318,3.01,2.536,2.43,2.818,0
MPB:bin_000227,0,0,1.646,1.034,0,0,1.066,0,0,0,0,0,0,0,0,0,0,0,0,0,0,0,0,0,0,0,0,0.95,1.157,0,0,0,0,0,0,0,4.018,0,2.473,0,0,0,0,0,1.38,2.46,0,0,0,0,0,0,0,0,0,0.926,0,0,0,0,0,0,0,0,0,0,0,0,0,0.863,0,0,0,0,0,0,0,0,0,0.731,0,0,0,0
MPB:bin_000228,0,0,0,0,0,0,0,0,0,0,0,0,0,0,0,0,0,0,0,0,0,0,0,0,0,0,0,0,0,0,0,0,0,0,0,0,0,0,0,0,0,0,0,0,0,0,0,0,0,0,0,0,0,0,0,0,0,0,0,0,0,0,0,0,0,0,0,0,0,0,0,0,0,0,0,0,0,0,0,0,0,0,0,0
MPB:bin_000230,0,0,0,0,0,0,0,0,0,0,0,0,0,0,0,0,0,0,0,0,0,0,0,0,0,0,0,0,0,0,0,0,0,0,0,0,0,0,0,0,0,0,0,0,0,0,0,0,0,0,0,0,0,0,0,0,0,0,0,0,0,0,0,0,0,0,0,0,0,0,0,0,0,0,0,0,0,0,0,0,0,0,0,0
MPB:bin_000231,2.661,5.65,16.341,4.64,7.832,4.091,5.389,3.682,0,3.652,3.668,4.901,5.049,6.561,1.789,0,6.348,5.207,4.934,7.363,0,3.429,4.15,3.468,2.844,6.01,3.799,5.574,6.134,7.13,3.484,3.525,4.412,4.762,4.057,2.481,0,3.074,8.497,2.54,2.886,3.797,0,0,6.689,11.237,3.441,4.065,0,4.537,4.183,2.174,4.467,4.681,3.025,3.752,0,4.568,3.38,6.162,6.959,2.767,3.554,13.053,5.714,3.822,4.22,7.432,6.122,7.583,3.853,5.984,6.295,3.683,0,3.395,4.437,5.16,7.295,7.679,5.708,7.843,5.915,6.856
MPB:bin_000232,5.406,5.852,85.226,25.727,13.066,8.295,20.177,4.459,1.304,18.809,3.229,10.15,20.719,13.212,2.987,0,8.986,9.915,17.566,18.431,0,11.826,7.778,3.653,3.594,11.326,12.795,14.469,8.555,7.786,26.384,9.45,7.02,3.399,4.943,3.313,10.869,14.007,14.357,3.134,6.604,36.945,3.895,0,5.751,52.592,5.625,5.254,0,12.879,47.553,3.338,16.099,20.891,8.314,13.348,6.65,35.758,7.45,13.969,30.8,4.775,3.366,43.426,13.135,14.53,7.751,10.511,41.567,7.345,17.659,11.417,19.593,6.611,11.299,5.089,12.802,22.793,20.354,41.397,14.502,17.129,12.477,62.696
MPB:bin_000233,0,0,0,0,0,0,0,0,0,0,0,0,0,0,0,0,0,0,0,0,0,0,0,0,0,0,0,0,0,0,0,0,0,0,0,0,0,0,0,0,0,0,0,0,0,0,0,0,0,0,0,0,0,0,0,0,0,0,0,0,0,0,0,0,0,0,0,0,0,0,0,0,0,0,0,0,0,0,0,0,0,0,0,0
MPB:bin_000236,20.372,10.102,34.736,14.752,17.764,9.973,8.945,11.54,0.943,10.158,12.829,9.313,14.418,10.108,5.408,0,40.887,7.136,8.296,24.046,0,9.574,10.313,41.371,4.255,7.606,7.128,13.427,28.797,18.976,9.725,7.698,12.537,10.196,20.728,7.015,5.963,15.246,20.464,49.103,7.563,10.656,5.093,0,19.848,21.756,13.577,15.465,0,11.536,7.392,4.202,14.092,18.516,9.174,15.506,17.353,12.999,8.749,9.57,16.181,10.312,10.426,13.912,17.944,11.808,11.391,11.869,15.929,49.384,9.464,12.988,31.673,10.314,12.064,11.258,10.811,12.793,14.227,14.73,10.175,14.267,15.229,9.158
MPB:bin_000237,34.751,21.22,123.86,118.736,106.738,65.515,76.133,45.053,7.712,139.512,16.805,60.977,102.606,61.732,25.027,10.953,54.895,25.522,68.408,21.773,0,39.287,37.415,26.121,43.53,68.785,66.458,92.248,94.525,147.081,127.308,53.029,94.663,21.133,17.551,42.389,64.139,40.5,51.439,18.444,28.226,106.345,23.149,17.661,105.48,196.544,88.635,46.907,29.371,71.53,107.815,26.133,71.449,72.668,75.507,70.71,33.481,180.583,65.863,78.752,184.972,52.491,23.592,178.337,91.596,68.69,67.591,20.787,165.306,54.364,76.477,42.229,102.863,48.212,158.505,70.714,78.312,71.579,31.6,193.817,72.465,103.697,105.801,87.606
MPB:bin_000238,0,0,0,0,0,0,0,0,0,0,0,0,0,0,0,0,0,0,0,0,0,0,0,0,0,0,0,0,0,0,0,0,0,0,0,0,0,0,0,0,0,0,0,0,0,0,0,0,0,0,0,0,0,0,0,0,0,0,0,0,0,0,0,0,0,0,0,0,0,0,0,0,0,0,0,0,0,0,0,0,0,0,0,0
MPB:bin_000243,0,0,0,0,0,0,0,0,0,0,0,0,0,0,0,0,0,0,0,0,0,0,0,0,0,0,0,0,0,0,0,0,0,0,0,0,0,0,0,0,0,0,0,0,0,0,0,0,0,0,0,0,0,0,0,0,0,0,0,0,0,0,0,0,0,0,0,0,0,0,0,0,0,0,0,0,0,0,0,0,0,0,0,0
MPB:bin_000246,0,0,0,0,0,0,0,0,0,0,0,0,0,0,0,0,0,0,0,0,0,0,0,0,0,0,0,0,0,0,0,0,0,0,0,0,0,0,0,0,0,0,0,0,0,0,0,0,0,0,0,0,0,0,0,0,0,0,0,0,0,0,0,0,0,0,0,0,0,0,0,0,0,0,0,0,0,0,0,0,0,0,0,0
MPB:bin_000248,0,0,0,0,0,0,0,0,0,0,0,0,0,0,0,0,0,0,1.501,0,0,0,0,0,0,0,0,0,1.978,2.836,0,0,0,0,0,0,0,0,2.401,0,0,0,0,0,0,0,0,0,0,0,0,0.835,0,0,0,0,0,0,0,0,0,0,0,0,0,0,0,0,0,0,0,0,0,0,0,0,0,0,0,0,0,2.683,0,0
MPB:bin_000254,0,0,0,0,0,0,0,0,0,0,0,0,0,0,0,0,0,0,0,0,0,0,0,0,0,0,0,0,0,0,0,0,0,0,0,0,0,0,0,0,0,0,0,0,0,0,0,0,0,0,0,0,0,0,0,0,0,0,0,0,0,0,0,0,0,0,0,0,0,0,0,0,0,0,0,0,0,0,0,0,0,0,0,0
MPB:bin_000264,0.887,0,1.877,0,0,0,0,0,0,1.067,0.662,0,0.922,0.979,0,0,1.365,0,0,1.362,0,0.593,0,1.163,0,0,0,0.838,1.026,2.687,1.112,0,0,0,0,0,0,0,0.988,0,0,0,0,0,0,1.383,0,0,0,0,0,0,0,0,0,0,0,0,0.845,0,0,0,0,0,0,0,0,0,0,1.418,0,0,1.605,0,0,0,0,0,0,0.883,0,1.165,0.82,0
MPB:bin_000266,4.736,6.398,15.11,5.816,9.209,5.92,5.225,5.724,0,4.556,7.039,7.396,5.58,8.348,2.924,0,8.887,6.923,0,7.929,0,5.352,3.516,6.264,3.393,8.956,0,5.988,9.031,12.59,4.55,5.685,0,0,6.759,4.481,0,5.543,10.3,0,6.997,4.343,0,0,11.103,14.097,3.679,0,0,0,2.796,2.258,6.121,5.332,5.192,7.302,0,6.123,4.209,5.252,8.509,6.122,6.568,12.822,7.283,4.151,4.931,7.451,6.342,12.442,5.038,8.393,12.435,0,0,0,4.86,0,9.294,7.286,7.29,9.574,7.069,8.338
MPB:bin_000268,2.288,3.537,8.182,4.112,5.326,3.075,2.421,0,0,4.28,2.631,2.782,3.44,3.38,0,0,5.179,2.686,2.75,3.438,0,2.061,1.513,2.395,0.966,2.705,2.372,4.015,4.805,7.9,2.543,2.377,2.597,2.836,3.875,2.032,4.76,1.819,6.642,2.111,2.981,2.575,0,0,6.071,5.878,3.205,2.947,0,2.455,1.82,1.378,3.461,3.254,3.626,2.703,0,3.038,2.759,2.725,3.182,2.869,2.673,4.017,3.865,2.449,2.799,3.775,3.493,7.772,2.655,3.46,2.344,0,0,4.874,2.625,3.444,3.453,3.392,2.769,5.301,2.576,0
MPB:bin_000269,0,3.384,8.246,4.622,4.741,3.023,0,0,0,0,3.909,0,3.587,3.542,1.724,0,5.133,2.541,3.753,4.071,0,2.197,0,0,1.538,2.785,3.325,0,5.673,6.594,0,0,0,0,3.772,1.904,0,0,4.861,0,0,2.706,0,0,4.817,6.943,0,0,0,0,0,0,0,0,3.304,0,0,3.169,0,3.101,4.101,0,3.027,5.355,0,2.899,0,3.736,3.411,6.484,0,4.101,0,0,0,0,0,0,0,3.635,3.22,0,4.196,0
MPB:bin_000271,15.376,17.129,48.027,21.102,30.402,17.038,14.348,9.831,1.484,22.122,17.115,17.254,22.665,18.794,4.304,0,31.712,10.355,17.205,23.125,0,12.837,10.477,15.746,5.949,13.746,12.24,20.005,29.214,46.287,16.519,11.971,19.359,18.03,22.411,12.023,13.111,13.206,35.3,10.853,11.866,14.963,22.858,11.051,33.527,30.161,23.907,22.7,0,14.888,11.139,7.145,21.113,18.916,13.945,20.644,29.065,18.578,18.853,16.741,23.283,19.308,19.709,20.301,26.466,17.724,13.615,20.043,20.838,40.229,12.207,16.644,22.536,15.448,30.26,30.247,18.965,21.652,18.359,21.827,18.761,28.653,15.555,10.966
MPB:bin_000272,1.834,1.914,5.433,4.401,4.022,0,3.679,0,0,0,3.332,2.991,1.892,6.445,0,0,2.336,2.384,0,5.505,0,1.857,3.171,6.119,1.106,0,1.258,1.689,3.539,1.763,1.972,3.611,0,4.22,5.319,1.194,0,0,3.429,4.838,0,0.9,0,0,2.455,11.586,0,2.89,0,5.936,1.118,1.373,6.768,1.376,0,4.008,0,1.956,1.155,1.112,1.129,0,1.75,4.845,3.154,2.35,1.392,2.3,2.75,5.819,0,2.332,1.618,0,0,0,1.152,8.435,0,2.746,1.645,1.555,1.437,2.522
MPB:bin_000275,0,0,0,0,0,0,0,0,0,0,0,0,0,0,0,0,0,0,0,0,0,0,0,0,0,0,0,0,0,0,0,0,0,0,0,0,0,0,0,0,0,0,0,0,0,0,0,0,0,0,0,0,0,0,0,0,0,0,0,0,0,0,0,0,0,0,0,0,0,0,0,0,0,0,0,0,0,0,0,0,0,0,0,0
MPB:bin_000279,1.432,1.725,9.988,4.245,2.295,2.137,1.996,0,0,4.417,0,4.257,3.299,2.304,0,0,0,1.642,3.981,3.179,0,2.084,1.883,1.738,0.923,1.838,0,2.709,2.503,4.415,4.683,1.651,2.267,0,0,1.301,0,1.849,3.905,0,2.397,4.907,0,0,2.704,5.334,0,3.337,0,2.73,4.631,1.367,2.334,3.958,1.843,2.079,0,4.927,2.703,2.453,5.403,1.574,0,7.407,2.554,2.966,2.159,1.985,11.578,0,3.157,2.119,4.055,1.89,0,0,2.375,4.297,4.197,10.293,2.145,7.11,2.644,4.71
MPB:bin_000284,2.102,3.321,8.064,0,0,0,0,0,0,2.881,3.101,3.03,0,3.367,0,0,0,0,2.788,0,0,2.017,0,0,0,0,0,0,4.659,0,0,2.583,0,0,3.746,1.723,0,0,5.034,0,0,0,0,0,4.588,5.741,0,0,0,0,0,0,3.08,0,0,3.06,0,0,0,0,0,2.856,0,5.175,0,0,2.397,0,0,5.557,0,0,0,0,0,0,0,0,0,3.698,2.605,4.007,0,0
MPB:bin_000288,1.45,1.827,6.705,2.147,2.57,2.545,1.505,1.942,0,1.311,2.314,2.514,2.862,2.521,0.756,0,3.408,1.667,2.274,2.33,0,1.461,1.528,1.629,1.179,1.016,1.747,2.242,4.183,2.582,1.611,2.148,2.452,2.512,2.774,1.526,0,2.216,4.265,0,2.001,1.902,0,0,3.761,3.507,2.329,1.929,0,2.622,1.537,0.59,2.036,2.21,2.256,1.765,0,3.046,2.116,2.236,1.386,3.06,1.884,2.765,2.114,2.219,2.148,3.373,1.01,5.71,2.043,2.818,2.123,2.127,0,0,1.39,3.683,2.633,2.773,2.224,3.668,1.516,2.386
MPB:bin_000289,3.218,3.825,14.002,6.761,5.497,2.935,3.507,3.243,0,3.045,2.509,3.2,5.39,4.802,1.209,0,5.353,2.831,6.016,5.378,0,3.086,3.21,2.763,2.023,3.312,3.87,4.07,6.435,7.618,3.167,3.037,4.545,2.535,3.974,2.188,0,2.24,4.992,1.721,3.13,3.318,0,0,5.301,7.85,0,2.644,0,4.437,2.959,1.523,5.148,4.605,3.446,4.613,0,5.247,3.371,4.515,4.818,3.524,1.959,8.078,2.433,3.327,2.124,6.773,4.628,5.686,2.977,4.994,5.854,2.788,0,0,3.845,9.112,6.107,6.944,2.999,4.895,4.169,6.177
MPB:bin_000292,9.142,11.602,30.119,18.112,17.7,8.58,11.194,8.596,0.953,10.079,11.858,12.825,14.314,8.834,4.012,0,17.402,7.23,11.73,11.462,0,7.032,8.211,7.181,4.016,8.798,8.427,12.006,18.898,29.668,15.404,7.317,10.236,16.813,14.288,9.393,0,7.667,21.551,6.251,9.925,8.609,13.457,0,19.773,25.292,6.562,14.537,0,8.562,4.584,3.546,12.385,10.968,10.415,14.521,8.911,9.075,7.571,8.533,15.866,12.989,13.662,12.679,15.877,11.536,7.367,11.916,19.462,21.811,9.222,12.378,14.555,7.41,11.089,14.835,13.538,12.628,11.157,18.791,11.712,22.621,9.39,5.625
MPB:bin_000298,0,0,3.876,0,0,1.46,0,0,0,0,0,0,0,0,0,0,0,0,1.748,0,0,0,0,0,0,0,0,0,2.134,0,0,0,0,0,0,0,0,0,0,0,0,0,0,0,2.042,2.584,0,0,0,0,0,0,0,0,0,0,0,0,0,0,0,0,0,2.6,0,0,0,0,0,0,0,2.064,0,0,0,0,0,0,0,2.076,0,1.971,0,0
MPB:bin_000303,0,0,0,0,0,0,0,0,0,0,0,0,0,0,0,0,0,0,0,0,0,0,0,0,0,0,0,0,0,0,0,0,0,0,0,0,0,0,0,0,0,0,0,0,0,0,0,0,0,0,0,0,0,0,0,0,0,0,0,0,0,0,0,0,0,0,0,0,0,0,0,0,0,0,0,0,0,0,0,0,0,0,0,0
MPB:bin_000307,3.185,5.157,7.084,4.1,9.021,2.792,6.808,3.102,0,2.159,6.438,5.472,4.159,7.939,1.379,0,7.241,2.902,1.756,13.224,0,3.099,4.843,9.223,1.578,1.589,1.632,5.126,9.338,5.15,3.523,6.44,2.707,3.367,8.671,2.808,0,1.755,5.945,8.105,2.625,2.978,0,0,3.916,18.726,3.871,9.737,0,5.129,2.874,1.894,5.456,4.566,0,4.776,0,3.333,3.895,5.181,2.986,3.243,2.147,8.644,8.807,4.159,2.025,4.144,4.549,18.356,2.402,5.2,8.401,1.883,0,0,2.389,8.721,3.789,5.427,2.866,4.353,6.697,5.932
MPB:bin_000310,0,0,1.695,1.271,1.276,0.96,0,0,0,1.124,0.819,1.053,0.984,1.359,0,0,0,0.712,0.98,1.156,0,0.665,0,0,0,0.838,0,0,1.353,2.057,0,0,1.784,1.546,1.199,0.563,0,1.208,2.174,0,0,0.751,0,0,1.41,1.426,0,0,0,1.149,0,0,0,0,0,0,0,0.882,1.106,0.961,1.713,0.873,0.907,0.916,1.298,1.081,0.851,1.046,0,1.772,0.772,1.756,0,1.123,0,0,1.254,0,0,0.877,1.396,1.525,1.022,0
MPB:bin_000314,0,0,2.789,0,0,1.242,1.208,0,0,0,1.42,2.03,1.573,1.23,0,0,2.295,0,0,2.188,0,0.831,0,0,0,0,0,1.563,2.451,2.932,2.301,0,0,1.553,1.388,0.786,0,0,2.181,0,0,0,0,0,2.306,3.173,0,0,0,0,0,0,0,1.217,1.565,1.451,0,0,0,0,0,1.175,0,1.991,0,0,1.225,1.661,1.431,2.947,1.105,1.532,0,1.42,0,0,0,1.647,0,0,0,0,0,0
MPB:bin_000315,5.076,6.471,16.151,6.468,5.543,6.273,7.895,0,0,10.671,5.678,4.111,6.005,5.186,1.878,0,5.855,3.199,11.217,6.498,0,2.696,4.451,3.03,1.433,3.074,0,6.766,10.677,7.534,3.303,2.445,3.998,9.374,8.099,2.717,0,0,12.943,0,12.176,2.219,4.594,0,7.146,22.762,2.727,13.788,0,0,2.807,1.914,0,6.03,0,6.946,0,4.792,3.19,3.461,5.008,3.047,5.222,6.994,6.293,0,0,8.088,4.88,10.131,6.164,4.075,5.444,3.424,0,0,4.634,4.467,0,5.749,4.673,12.21,5.396,3.591
MPB:bin_000316,0,0,0,0,0,0,0,0,0,0,0,0,0,0,0,0,0,0,0,0,0,0,0,0,0,0,0,0,0,0,0,0,0,0,0,0,0,0,0,0,0,0,0,0,0,0,0,0,0,0,0,0,0,0,0,0,0,0,0,0,0,0,0,0,0,0,0,0,0,0,0,0,0,0,0,0,0,0,0,0,0,0,0,0
MPB:bin_000319,0,0,0,0,0,0,0,0,0,0,0,0,0,0,0,0,0,0,0,0,0,0,0,0,0,0,0,0,0,0,0,0,0,0,0,0,0,0,0,0,0,0,0,0,0,0,0,0,0,0,0,0,0,0,0,0,0,0,0,0,0,0,0,0,0,0,0,0,0,0,0,0,0,0,0,0,0,0,0,0,0,0,0,0
MPB:bin_000322,3.094,6.086,10.77,3.806,6.221,0,4.783,0,0,3.512,4.108,5.263,6.051,7.648,0,0,0,2.587,0,4.798,0,3.143,3.77,0,0,4.264,3.258,4.311,7.329,11.089,3.232,0,3.794,0,7.126,2.541,0,0,7.884,0,0,3.169,0,0,7.451,8.595,0,0,0,3.606,0,0,5.931,4.296,0,0,0,5.01,4.082,0,4.441,4.136,0,8.737,0,0,0,6.699,6.333,7.839,3.292,5.881,5.015,0,0,0,3.116,6.706,6.035,4.758,3.906,3.472,3.89,0
MPB:bin_000324,0,0,0,0,0,0,0,0,0,0,0,0,0,0,0,0,0,0,0,0,0,0,0,0,0,0,0,0,0,0,0,0,0,0,0,0,0,0,0,0,0,0,0,0,0,0,0,0,0,0,0,0,0,0,0,0,0,0,0,0,0,0,2.264,0,0,0,0,0,0,0,0,0,0,0,0,0,0,0,0,0,0,0,0,0
MPB:bin_000325,38.794,6.724,30.218,8.409,9.776,4.075,5.846,5.545,0.863,11.193,27.228,6.6,6.524,4.292,1.593,0,154.383,3.86,0,19.918,0,9.62,3.497,20.873,2.129,7.842,3.641,4.607,45.269,10.756,3.241,5.015,6.253,5.5,7.084,4.115,0,23.29,10.026,2.744,3.856,4.174,2.998,0,10.419,12.881,2.879,3.781,0,5.887,3.121,2.454,7.052,29.604,4.556,52.086,5.894,9.866,3.893,5.287,6.497,5.395,6.445,8.156,7.277,4.848,4.322,8.237,9.843,16.313,3.184,7.981,98.98,4.813,0,0,5.174,5.873,5.692,6.698,7.13,5.848,17.718,0
MPB:bin_000328,0.86,0,2.728,0.951,0,0,1.1,1.816,0,0.986,1.239,1.293,2.918,1.464,0,0,1.509,0.945,1.708,1.137,0,0.554,0.841,0,0,0,0,0.988,1.964,2.96,0,0,0,1.699,1.353,0.684,0,0,1.921,0,0,0.719,0,0,1.575,2.736,0,0,0,1.322,0.702,0.7,0,1.242,1.643,0.955,0,1.626,0.916,1.349,1.24,1.214,0,0,1.232,1.221,1.08,1.771,0,2.639,1.15,1.171,0,1.619,0,0,0,1.741,1.955,1.576,1.479,2.086,1.009,0
MPB:bin_000330,0,0,0,0,0,0,0,0,0,0,0,0,0,0,0,0,0,0,0,0,0,0,0,0,0,0,0,0,0,0,0,0,0,0,0,0,0,0,0,0,0,0,0,0,0,0,0,0,0,0,0,0,0,0,0,0,0,0,0,0,0,0,0,0,0,0,0,0,0,0,0,0,0,0,0,0,0,0,0,0,0,0,0,0
MPB:bin_000332,0,0,0,0,0,0,0,0,0,0,0,0,0,0,0,0,0,0,0,0,0,0,0,0,0,0,0,0,0,0,0,0,0,0,0,0,0,0,0,0,0,0,0,0,0,0,0,0,0,0,0,0,0,0,0,0,0,0,0,0,0,0,0,0,0,0,0,0,0,0,0,0,0,0,0,0,0,0,0,0,0,0,0,0
MPB:bin_000336,0,0,5.733,0,0,0,0,0,0,0,0,0,0,0,0,0,0,0,0,0,0,0,0,0,0,0,0,0,0,0,1.09,0,0,0,0,0,0,0,0,0,0,0.824,0,0,0,0,0,0,0,0,0,0,0,0,0,0,0,0,0,0,0,0,0,1.136,0,0,0,0,0,1.081,0,0,0,0,0,0,0,0,1.781,2.269,0,1.334,0,0
MPB:bin_000340,4.314,5.222,15.307,5.825,8.521,6.003,0,0,0,4.693,5.582,0,0,0,1.971,0,9.959,4.333,0,7.539,0,4.338,3.611,4.594,2.298,3.943,0,5.755,8.283,12.294,3.976,3.968,4.252,6.077,7.075,3.255,0,0,10.312,0,4.598,3.895,0,0,8.217,11.81,0,0,0,0,2.969,0,6.554,5.589,0,6.182,0,5.108,4.103,5.329,0,5.651,4.969,7.844,6.435,4.987,5.353,7.022,0,11.881,4.095,6.539,0,4.236,0,0,4.704,0,6.571,5.819,4.96,5.9,5.547,0
MPB:bin_000341,0,0,0,0,0,0,0,0,0,0,0,0,0,0,0,0,0,0,0,0,0,0,0,0,0,0,0,0,0,0,0,0,0,0,0,0,0,0,0,0,0,0,0,0,0,0,0,0,0,0,0,0,0,0,0,0,0,0,0,0,0,0,0,0,0,0,0,0,0,0,0,0,0,0,0,0,0,0,0,0,0,0,0,0
MPB:bin_000347,0,0,0,0,0,0,0,0,0,0,0,0,0,0,0,0,0,0,0,0,0,0,0,0,0,0,0,0,0,0,0,0,0,0,0,0,0,0,0,0,0,0,0,0,0,0,0,0,0,0,0,0,0,0,0,0,0,0,0,0,0,0,0,0,0,0,0,0,0,0,0,0,0,0,0,0,0,0,0,0,0,0,0,0
MPB:bin_000350,0,0,0,0,0,0,0,0,0,0,0,0,0,0,0,0,0,0,0,0,0,0,0,0,0,0,0,0,0,0,0,0,0,0,0,0,0,0,0,0,0,0,0,0,0,0,0,0,0,0,0,0,0,0,0,0,0,0,0,0,0,0,0,0,0,0,0,0,0,0,0,0,0,0,0,0,0,0,0,0,0,0,0,0
MPB:bin_000354,0,0,0,0,0,0,0,0,0,0,0,0,0,0,0,0,0,0,0,0,0,0,0,0,0,0,0,0,0,0,0,0,0,0,0,0,0,0,0,0,0,0,0,0,0,0,0,0,0,0,0,0,0,0,0,0,0,0,0,0,0,0,0,0,0,0,0,0,0,0,0,0,0,0,0,0,0,0,0,0,0,0,0,0
MPB:bin_000358,6.85,8.444,26.794,5.885,13.507,7.571,7.801,6.596,0.966,8.697,11.986,11.628,10.594,7.971,1.722,0,12.916,6.143,7.903,17.489,0,6.262,7.508,5.323,3.119,4.722,5.207,8.914,12.382,22.306,5.152,5.789,7.18,10.842,10.137,6.228,4.894,5.102,16.119,4.938,6.585,6.553,5.513,0,16.339,18.832,7.542,8.483,0,7.702,4.794,3.466,8.796,9.176,10.21,21.881,4.914,6.166,6.977,10.435,10.569,9.514,11.473,6.207,10.996,7.656,6.723,13.725,7.881,18.363,5.374,11.123,10.3,7.721,0,0,8.106,8.565,7.945,9.573,11.23,11.87,7.145,5.706
MPB:bin_000364,0,0,0,0,0,0,0,0,0,0,0,0,0,0,0,0,0,0,0,0,0,0,0,0,0,0,0,0,0,0,0,0,0,0,0,0,0,0,0,0,0,0,0,0,0,0,0,0,0,0,0,0,0,0,0,0,0,0,0,0,0,0,0,0,0,0,0,0,0,0,0,0,0,0,0,0,0,0,0,0,0,0,0,0
MPB:bin_000365,0,0,4.592,4.345,2.538,1.801,0,0,0,0,0,1.921,3.061,2.691,0,0,0,1.616,0,2.829,0,0,7.267,0,0,0,1.72,0,2.763,0,2.1,1.429,0,0,0,0,0,0,3.664,0,0,1.687,0,0,2.31,3.885,0,0,0,0,1.455,0,0,2.895,0,1.903,0,1.97,0,0,3.612,0,0,3.598,2.143,0,1.611,0,2.479,0,0,2.069,0,0,0,0,0,0,0,4.252,2.063,0,2.158,3.724
MPB:bin_000373,0,0,0,0,0,0,0,0,0,0,0,0,0,0,0,0,0,0,0,0,0,0,0,0,0,0,0,0,0,0,0,0,0,0,0,0,0,0,0,0,0,0,0,0,0,0,0,0,0,0,0,0,0,0,0,0,0,0,0,0,0,0,0,0,0,0,0,0,0,0,0,0,0,0,0,0,0,0,0,0,0,0,0,0
MPB:bin_000375,0,0,0,0,0,0,0,0,0,0,0,0,0,0,0,0,0,0,0,0,0,0,0,0,0,0,0,0,0,0,0,0,0,0,0,0,0,0,0,0,0,0,0,0,0,0,0,0,0,0,0,0,0,0,0,0,0,0,0,0,0,0,0,0,0,0,0,0,0,0,0,0,0,0,0,0,0,0,0,0,0,0,0,0
MPB:bin_000378,0,0,0,0,0,0,0,0,0,0,0,0,0,0,0,0,0,0,0,0,0,0,0,0,0,0,0,0,0,0,0,0,0,0,0,0,0,0,0,0,0,0,0,0,0,0,0,0,0,0,0,0,0,0,0,0,0,0,0,0,0,0,0,0,0,0,0,0,0,0,0,0,0,0,0,0,0,0,0,0,0,0,0,0
MPB:bin_000379,0,0,1.591,0,0,0,0,0,0,0,0,0,0,0,0,0,0,0,0,0,0,0,0,0,0,0,0,0,0.769,0,0,0,0,0,0,0,0,0,1.459,0,0,0,0,0,0,0,0,0,0,0,0,0,0,0,0,0,0,0,0,0,0,0,0,0,0,0,0,0,0,0,0,0,0,0,0,0,0,0,0,0,0,1.35,0,0
MPB:bin_000380,0,0,0,0,0,0,0,0,0,0,0,0,0,0,0,0,0,0,0,0,0,0,0,0,0,0,0,0,0,0,0,0,0,0,0,0,0,0,0,0,0,0,0,0,0,0,0,0,0,0,0,0,0,0,0,0,0,0.913,0,0,0,0,0,0,0,0,0,0,0,1.21,0,0,0,0,0,0,0,0,0,0,0,0,0,0
MPB:bin_000382,0,0,4.413,39.371,0,0,0,0,0,12.02,0,0,0,0,0,0,0,0,2.897,0,0,1.568,0,0,0,1.207,0,1.312,0,0,23.874,0,0,0,0,2.148,10.936,0,0,0,0,13.464,0,0,0,2.018,0,5.17,0,0,11.523,0.824,0,2.388,0,0,0,2.43,0,0,8.654,0,0,1.851,0,0,0,0,17.629,0,0,0,0,0,0,0,0,5.388,0,25.089,0,0,6.185,6.973
MPB:bin_000383,0,0,0,0,0,0,0,0,0,0,0,0,0,0,0,0,0,0,0,0,0,0,0,0,0,0,0,0,0,0,0,0,0,0,0,0,0,0,0,0,0,0,0,0,0,0,0,0,0,0,0,0,0,0,0,0,0,0,0,0,0,0,0,0,0,0,0,0,0,0,0,0,0,0,0,0,0,0,0,0,0,0,0,0
MPB:bin_000385,0,0,0,0,0,0,0,0,0,0,0,0,0,0,0,0,0,0,0,0,0,0,0,0,0,0,0,0,0,0,0,0,0,0,0,0,0,0,0,0,0,0,0,0,0,0,0,0,0,0,0,0,0,0,0,0,0,0,0,0,0,0,0,0,0,0,0,0,0,0,0,0,0,0,0,0,0,0,0,0,0,0,0,0
MPB:bin_000387,30.501,45.428,101.848,46.236,68.182,30.047,33.774,29.268,4.706,42.69,37.718,37.617,54.458,52.29,11.277,0,55.88,26.278,35.449,44.588,0,26.667,21.022,26.496,16.867,34.08,28.821,43.575,63.553,91.139,33.512,24.733,35.134,35.582,43.011,24.113,46.102,32.781,72.123,13.938,30.773,33.911,18.588,12.362,65.458,77.555,41.978,27.263,0,29.377,23.93,15.803,40.91,42.972,27.652,43.502,43.03,40.371,33.537,36.283,52.364,39.001,35.425,59.798,45.225,27.204,31.473,55.924,47.481,81.653,28.574,49.126,42.697,32.222,57.434,47.47,36.039,48.863,42.785,48.783,36.938,43.351,39.022,22.222
MPB:bin_000390,0,0,0,0,0,0,0,0,0,0,0,0,0,0,0,0,0,0,0,0,0,0,0,0,0,0,0,0,0,0,0,0,0,0,0,0,0,0,0,0,0,0,0,0,0,0,0,0,0,0,0,0,0,0,0,0,0,0,0,0,0,0,0,0,0,0,0,0,0,0,0,0,0,0,0,0,0,0,0,0,0,0,0,0
MPB:bin_000393,1.593,2.036,4.873,1.457,3.932,1.631,2.085,2.249,0,1.378,2.272,2.444,2.196,1.902,0,0,4.794,1.794,2.112,2.421,0,1.474,1.167,1.952,0.819,1.261,0,2.931,3.426,4.756,2.144,1.818,1.973,2.406,2.239,1.666,0,0,4.243,0,0,2.022,0,0,2.843,4.439,2.315,2.016,0,1.302,1.167,0.875,3.088,2.028,2.344,2.75,0,0,1.512,1.544,2.675,1.885,1.875,2.426,3.664,0,1.586,3.015,1.997,3.753,1.62,2.687,0,1.783,0,0,2.213,2.242,1.93,1.963,2.157,2.328,1.593,0
MPB:bin_000394,0,0,1.62,0,0,1.244,0,0,0,1.463,0,0,0,0,0,0,0,0,0,0,0,0,0,0,0,0,0,0,0,0,0,0,0,0,0,0,0,0,0,0,0,0,0,0,0,0,0,0,0,0,0,0,0,0,0,0,0,1.28,0,0,1.373,0,0,1.467,0,0,0,0,0,7.478,0,6.804,0,0,0,0,0,4.019,0,0,0,1.46,0,0
MPB:bin_000395,0,0,0,0,0,0,0,0,0,0,0,0,0,0,0,0,0,0,0,0,0,0,0,0,0,0,0,0,0,0,0,0,0,0,0,0,0,0,0,0,0,0,0,0,0,0,0,0,0,0,0,0,0,0,0,0,0,0,0,0,0,0,0,0,0,0,0,0,0,0,0,0,0,0,0,0,0,0,0,0,0,0,0,0
MPB:bin_000396,0,0,0,0,0,0,0,0,0,0,0,0,0,0,0,0,0,0,0,0,0,0,0,0,0,0,0,0,0,0,0,0,0,0,0,0,0,0,0,0,0,0,0,0,0,0,0,0,0,0,0,0,0,0,0,0,0,0,0,0,0,0,0,0,0,0,0,0,0,0,0,0,0,0,0,0,0,0,0,0,0,0,0,0
MPB:bin_000397,0,0,0,0,0,0,0,0,0,0,0,0,0,0,0,0,0,0,0,0,0,0,0,0,0,0,0,0,0,0,0,0,0,0,0,0,0,0,0,0,0,0,0,0,0,0,0,0,0,0,0,0,0,0,0,0,0,0,0,0,0,0,0,0,0,0,0,0,0,0,0,0,0,0,0,0,0,0,0,0,0,0,0,0
MPB:bin_000398,0,0,2.965,0,0,0,0,0,0,0,0,0,0,0,0,0,0,0,0,1.909,0,0,0,0,0,0,0,0,0,0,0,0,0,0,1.716,0,0,0,0,0,0,0,0,0,2.443,2.654,0,0,0,0,0,0,0,0,0,0,0,0,0,0,0,0,0,0,0,0,0,0,0,0,0,0,0,0,0,0,0,0,0,0,0,0,0,0
MPB:bin_000399,0,0,0,0,0,0,0,0,0,0,0,0,0,0,0,0,0,0,0,0,0,0,0,0,0,0,0,0,0,0,0,0,0,0,0,0,0,0,0,0,0,0,0,0,0,0,0,0,0,0,0,0,0,0,0,0,0,0,0,0,0,0,0,0,0,0,0,0,0,0,0,0,0,0,0,0,0,0,0,0,0,0,0,0
MPB:bin_000400,1.134,1.443,4.622,1.013,2.933,0,2.426,2.009,0,1.656,1.718,1.84,1.727,1.602,0,0,3.484,1.402,1.89,1.935,0,1.295,1.051,1.528,1.078,1.248,1.078,1.391,1.884,3.562,1.34,0.828,1.882,1.786,2.412,0.768,0,0,3.155,0,0,1.18,0,0,2.195,4.193,0,2.105,0,1.593,0.761,0,3.38,1.477,2.339,1.582,0,1.323,1.831,0,2.065,1.58,1.27,1.599,1.948,1.504,1.206,2.26,0,3.563,0.794,1.47,1.913,0,0,2.676,1.015,2.975,1.347,2.347,2.331,2.096,1.042,0
MPB:bin_000402,0,2.397,7.825,0,0,0,2.156,0,0,0,1.863,2.042,2.415,0,0,0,0,0,13.386,0,0,1.348,0,0,0,2.898,0,0,3.212,15.427,3.007,0,2.98,0,2.318,1.691,0,0,3.264,0,0,1.546,0,0,2.875,5.364,0,0,0,0,1.346,0,0,0,0,2.139,0,0,2.252,0,0,0,0,0,3.845,0,0,4.42,0,0,1.698,2.172,0,0,0,10.792,0,0,0,0,0,0,2.493,0
MPB:bin_000403,1,1.622,4.107,2.303,2.055,1.373,1.41,2.79,0,1.038,2.383,2.277,2.212,2.435,0,0,3.817,1.401,2.476,2.164,0,1.044,1.093,1.424,0.863,1.009,1.94,1.675,3.009,2.578,0.966,1.185,2.644,1.91,2.543,1.068,4.484,1.576,3.254,0,0,1.119,0,0,1.991,2.639,0,1.756,0,2.081,1.517,0,1.79,1.757,2.163,1.437,0,1.685,1.228,1.554,2.833,1.95,1.842,2.304,1.714,0,1.578,1.933,0,3.85,0,1.812,2.636,1.391,0,0,1.119,1.965,1.562,2.219,2.154,2.174,1.268,0
MPB:bin_000405,0,0,0,0,0,0,0,0,0,0,0,0,0,0,0,0,0,0,0,0,0,0,0,0,0,0,0,0,0,0,0,0,0,0,0,0,0,0,0,0,0,0,0,0,0,0,0,0,0,0,0,0,0,0,0,0,0,0,0,0,0,0,0,0,0,0,0,0,0,0,0,0,0,0,0,0,0,0,0,0,0,0,0,0
MPB:bin_000407,1.166,1.434,2.643,1.248,1.955,1.109,1.493,0,0,1.583,2.462,2.436,1.619,0.923,0,0,2.046,0,1.426,3.763,0,0.762,1.083,0,0.902,0,0,1.155,2.52,2.996,0,0,2.156,1.408,1.099,0.745,0,0,2.121,1.394,1.895,0.866,0,0,1.665,2.268,0,1.808,0,0,1.055,0,0,0,2.041,6.99,0,1.408,1.121,1.317,2.031,1.203,1.43,1.219,1.76,0,1.916,1.583,0,2.349,0,1.659,2.264,1.227,0,0,1.172,1.376,1.504,1.345,1.711,3.118,0,0
MPB:bin_000408,0,0,3.518,0,0,0,1.386,0,0,0,1.814,1.577,1.588,0,0,0,0,0,0,1.493,0,0.889,0.986,0,0,1.199,0,1.684,1.621,2.181,0,0,0,0,1.953,0,0,0,2.174,0,0,0,0,0,1.983,0,0,0,0,1.557,0,0,0,0,1.519,0,0,0,0,1.893,1.649,1.706,0,2.364,0,0,0,0,0,2.021,1.056,0,0,0,0,0,0,0,0,1.687,0,2.195,0,0
MPB:bin_000409,0,0,0,0,0,0,0,0,0,0,0,0,0,0,0,0,0,0,0,0,0,0,0,0,0,0,0,0,0,0,0,0,0,0,0,0,0,0,0,0,0,0,0,0,0,0,0,0,0,0,0,0,0,0,0,0,0,0,0,0,0,0,0,0,0,0,0,0,0,0,0,0,0,0,0,0,0,0,0,0,0,0,0,0
MPB:bin_000410,0,0,3.406,0,0,0,1.969,0,0,0,0,0,0,2.457,0,0,0,0,0,2.286,0,1.301,1.372,0,0,0,0,1.823,2.782,0,0,0,0,0,0,0,0,0,0,0,0,0,0,0,0,4.63,0,0,0,1.941,1.756,0,0,0,0,0,0,0,0,2.311,3.078,0,0,3.003,0,0,0,0,0,3.015,0,2.109,3.636,1.759,0,0,0,0,0,0,2.202,0,0,0
MPB:bin_000411,0,0,0,0,0,0,0,0,0,0,0,0,0,0,0,0,0,0,0,0,0,0,0,0,0,0,0,0,0,0,0,0,0,0,0,0,0,0,0,0,0,0,0,0,0,0,0,0,0,0,0,0,0,0,0,0,0,0,0,0,0,0,0,0,0,0,0,0,0,0,0,0,0,0,0,0,0,0,0,0,0,0,0,0
MPB:bin_000413,0,0,0,0,0,0,0,0,0,0,0,0,0,0,0,0,0,0,0,0,0,0,0,0,0,0,0,0,0,0,0,0,0,0,0,0,0,0,0,0,0,0,0,0,0,0,0,0,0,0,0,0,0,0,0,0,0,0,0,0,0,0,0,0,0,0,0,0,0,0,0,0,0,0,0,0,0,0,0,0,0,0,0,0
MPB:bin_000414,0,0,1.915,0,0,0,0,0,0,0,0,0,0,1.589,0,0,2.181,0,0,0,0,0,0,0,0,0,0,0,0,1.171,0,0,0,0,0,0,0,0,0,0,0,0,0,0,0,0,0,0,0,0,0,0,0,0,0,0,0,0,0,0,0,0,0,1.13,0,0,0,0,0,0,0,0,0,0,0,0,0,0,0,0,0,0,0,0
MPB:bin_000416,0,0,0,0,0,0,0,0,0,0,0,0,0,0,0,0,0,0,0,0,0,0,0,0,0,0,0,0,0,0,0,0,0,0,0,0,0,0,0,0,0,0,0,0,0,0,0,0,0,0,0,0,0,0,0,0,0,0,0,0,0,0,0,0,0,0,0,0,0,0,0,0,0,0,0,0,0,0,0,0,0,0,0,0
MPB:bin_000418,0,0,0,0,0,0,0,0,0,0,0,0,0,0,0,0,0,0,0,0,0,0,0,0,0,0,0,0,0,0,0,0,0,0,0,0,0,0,0,0,0,0,0,0,0,0,0,0,0,0,0,0,0,0,0,0,0,0,0,0,0,0,0,0,0,0,0,0,0,0,0,0,0,0,0,0,0,0,0,0,0,0,0,0
MPB:bin_000419,0,0,1.418,0,0,0,0,0,0,0,0.744,0.987,1.262,0.964,0,0,0,0,0,0,0,0,0,0,0,0,0,0,1.125,0.878,0,0,0,0,0,0,0,0,0.823,0,0,0.786,0,0,0,0.924,0,0,0,0,0.812,0,0,0,0,0.968,0,0,0,0,1.003,0,0,1.294,0,0,0,0,0,0,0,0,0,0,0,0,0,0,0,0,0,0,0,0
MPB:bin_000421,0.969,0,1.882,0,2.62,0,0,0,0,0,1.108,0,0,1.123,0,0,0,0,0,1.688,0,0,0,1.079,0,0,0,0,1.862,0,0,1.337,1.362,1.493,0,0,0,0,1.703,0,0,0,0,0,1.39,3.266,0,0,0,0,0,0,0,1.52,0,0,0,1.994,0,0,0,0,0,1.421,0,0,0,0,0,1.451,0,1.24,0,1.573,0,0,0,0,0,1.77,0,0,1.258,0
MPB:bin_000424,0,2.834,6.765,0,0,0,3.082,0,0,2.875,2.713,3.033,3.348,2.928,0,0,0,2.161,0,4.162,0,0,0,0,0,0,0,3.243,4.178,6.758,2.861,0,0,0,3.255,0,0,0,4.321,0,0,2.318,0,0,4.39,5.36,0,0,0,0,0,0,0,2.69,0,0,0,0,0,2.757,0,0,0,4.233,0,0,2.335,0,3.156,5.429,0,3.069,0,0,0,0,0,0,3.566,3.415,0,3.782,2.611,0
MPB:bin_000425,0,0,0,0,0,0,0,0,0,0,0,0,0,0,0,0,0,0,0,0,0,0,0,0,0,0,0,0,0,0,0,0,0,0,0,0,0,0,0,0,0,0,0,0,0,0,0,0,0,0,0,0,0,0,0,0,0,0,0,0,0,0,0,0,0,0,0,0,0,0,0,0,0,0,0,0,0,0,0,0,0,0,0,0
MPB:bin_000426,0,2.313,5.022,2.35,3.212,0,0,1.978,0,0,1.723,3.585,0,0,0,0,0,0,3.205,2.812,0,1.336,0,0,0,0,0,0,2.83,4.374,0,0,1.867,2.045,0,0,0,0,2.538,0,0,1.323,0,0,2.302,3.367,0,0,0,0,0,1.097,0,0,0,0,0,2.988,1.705,0,2.748,1.638,0,2.864,0,0,2.207,3.564,0,2.881,0,2.705,0,0,0,3.668,3.201,2.565,2.678,2.098,1.989,2.921,0,0
MPB:bin_000427,2.222,6.748,8.212,4.127,7.563,3.585,4.768,0,0.652,5.805,3.548,4.816,5.569,5.809,1.818,0,9.422,2.269,7.295,6.283,0,2.976,4.331,2.695,2.02,3.076,2.12,4.424,7.254,10.793,2.833,2.641,3.453,2.812,6.605,2.588,0,5.459,11.019,2.17,3.15,3.105,0,0,6.003,10.491,3.766,0,0,4.329,3.217,1.513,3.89,4.164,5.45,3.011,0,5.306,2.666,5.654,5.491,3.077,2.402,8.634,3.789,3.085,2.884,6.074,4.54,8.937,3.2,6.378,5.222,2.865,0,0,2.737,4.444,4.868,5.536,3.594,5.789,6.346,0
MPB:bin_000430,0,0,0,2.289,0,0,0,0,0,0,0,0,0,0,0,0,0,0,0,0,0,0,0,0,0,0,0,0,0,0,0,0,0,0,0,0,0,0,0,0,0,0,0,0,0,0,0,0,0,0,0,0,0,0,0,0,0,0,0,0,0,0,0,0,0,0,0,0,0,0,0,0,0,0,0,0,0,0,0,0,0,0,0,0
MPB:bin_000433,0,0,0,0,0,0,0,0,0,0,0,0,0,0,0,0,0,0,0,0,0,0,0,0,0,0,1.544,0,0,0,0,0,0,0,0,0,0,0,0,0,0,0,0,0,0,0,0,0,0,0,0,0,0,0,0,0,0,0,0,0,0,0,0,0,0,0,0,0,0,0,0,0,0,0,0,0,0,0,0,0,0,0,0,0
MPB:bin_000435,0,0,0,0,0,0,0,0,0,0,0,0,0,0,0,0,0,0,0,0,0,0,0,0,0,0,0,0,0,0,0,0,0,0,0,0,0,0,0,0,0,0,0,0,0,0,0,0,0,0,0,0,0,0,0,0,0,0,0,0,0,0,0,0,0,0,0,0,0,0,0,0,0,0,0,0,0,0,0,0,0,0,0,0
MPB:bin_000437,0,0,3.458,0,0,0,0,0,0,0,0,0,0,0,0,0,0,0,0,0,0,0,0,0,0,0,0,0,0,0,0,0,0,0,0,0,0,0,0,0,0,1.401,0,0,0,2.535,0,0,0,0,0,0,0,0,0,0,0,0,0,0,0,0,0,2.648,0,0,0,0,0,0,0,0,0,0,0,0,0,0,0,2.262,0,0,0,0
MPB:bin_000438,0,0,0,0,0,0,0,0,0,0,0,0,0,0,0,0,0,0,0,0,0,0,0,0,0,0,0,0,0,0,0,0,0,0,0,0,0,0,0,0,0,0,0,0,0,0,0,0,0,0,0,0,0,0,0,0,0,0,0,0,0,0,0,0,0,0,0,0,0,0,0,0,0,0,0,0,0,0,0,0,0,0,0,0
MPB:bin_000440,0,0,5.407,0,3.325,1.959,0,0,0,0,0,0,2.303,0,0,0,3.412,0,0,2.701,0,1.492,0,0,0,0,0,0,2.894,6.112,0,0,2.041,0,0,0,0,0,4.044,0,0,1.755,0,0,0,4.671,0,0,0,0,0,0,0,2.1,0,0,0,2.213,1.832,0,2.547,0,0,0,2.782,0,0,0,0,3.754,0,2.37,0,0,0,0,0,0,0,0,0,2.84,0,0
MPB:bin_000442,6.087,7.271,18.03,8.255,10.878,4.628,9.948,6.83,0.557,5.992,6.148,7.352,9.166,7.273,2.573,0,10.567,4.198,5.83,7.027,0,4.543,3.561,4.817,2.91,5.544,4.085,6.812,11.851,20.924,3.527,4.437,7.134,5.573,9.804,4.906,9.361,5.033,10.81,1.984,5.803,5.628,10.122,0,9.838,12.852,9.279,4.262,0,5.891,4.953,2.41,9.077,5.224,5.634,5.903,13.485,7.132,5.012,4.774,7.886,7.588,7.117,9.552,8.556,5.159,5.132,11.356,7.943,15.653,5.786,7.593,6.766,8.02,10.37,13.369,7.561,5.591,10.043,7.78,8.316,7.541,4.582,3.083
MPB:bin_000445,0,0,7.136,8.823,3.975,0,0,0,0,5.047,0,0,3.142,0,0,0,0,0,2.571,0,0,2.333,1.811,0,0,0,0,0,3.705,0,10.392,0,0,0,0,1.722,0,0,4.655,0,0,5.339,0,0,3.935,0,0,3.248,0,0,3.576,0,0,2.729,0,2.42,0,2.544,0,2.679,5.566,0,0,4.935,0,0,2.141,0,6.953,0,0,3.101,0,0,0,0,0,3.686,0,11.483,0,0,4.398,5.776
MPB:bin_000446,0,2.287,4.072,0,3.358,0,1.794,2.719,0.611,1.655,2.307,2.168,2.098,2.681,0,0,0,0,2.663,2.749,0,1.175,1.236,1.783,0,1.349,0,2.231,3.296,4.464,0,1.763,1.619,1.746,2.028,0,0,0,3.739,0,0,1.316,0,0,2.36,4.064,0,8.724,0,0,1.528,1.136,2.471,1.854,0,0,0,0,1.747,1.822,2.995,1.596,2.181,2.88,2.061,0,1.725,2.557,0,3.501,0,2.267,2.279,0,0,0,1.906,0,0,1.946,0,3.164,2.028,2.457
MPB:bin_000447,0,0,0,0,0,0,0,0,0,0,0,0,0,0,0,0,0,0,0,0,0,0,0,0,0,0,0,0,0,0,0,0,0,0,0,0,0,0,0,0,0,0,0,0,0,0,0,0,0,0,0,0,0,0,0,0,0,0,0,0,0,0,0,0,0,0,0,0,0,0,0,0,0,0,0,0,0,0,0,0,0,0,0,0
MPB:bin_000449,0,0,0,0,0,0,0,0,0,0,0,0,0,0,0,0,0,0,0,0,0,0,0,0,0,0,0,0,0,0,0,0,0,0,0,0,0,0,0,0,0,0,0,0,0,0,0,0,0,0,0,0,0,0,0,0,0,0,0,0,0,0,0,0,0,0,0,0,0,0,0,0,0,0,0,0,0,0,0,0,0,0,0,0
MPB:bin_000450,2.564,3.041,9.643,7.141,3.462,3.439,2.22,1.838,0,3.199,2.758,2.991,2.255,4.034,0.631,0,0,1.431,2.751,2.552,0,0.88,0,1.778,1.383,1.429,3.893,2.881,5.288,4.211,3.416,1.758,2.784,1.357,2.348,2.188,0,1.898,6.138,0,1.704,1.152,0,0,6.162,6.838,0,3.412,0,2.181,1.806,1.382,3.862,1.924,2.772,4.421,0,5.043,3.201,1.881,2.076,2.243,1.64,3.848,4.465,1.963,1.349,3.389,3.627,6.425,4.453,0,2.874,4.595,0,3.099,1.482,3.076,1.364,3.946,2.813,5.454,1.569,0
MPB:bin_000451,0,0,0,0,3.418,0,0,0,0,0,0,0,0,0,0,0,0,0,0,0,0,0,0,0,0,0,0,0,0,3.993,0,0,0,0,0,0,0,0,0,0,0,0,0,0,0,0,0,0,0,0,0,0,0,0,0,0,0,0,0,0,0,0,0,0,0,0,0,0,0,0,0,0,0,0,0,0,0,0,0,0,0,0,0,0
MPB:bin_000452,0,0,0,0,0,0,0,0,0,0,0,0,0,0,0,0,0,0,0,0,0,0,0,0,0,0,0,0,0,0,0,0,0,0,0,0,0,0,0,0,0,0,0,0,0,0,0,0,0,0,0,0,0,0,0,0,0,0,0,0,0,0,0,0,0,0,0,0,0,0,0,0,0,0,0,0,0,0,0,0,0,0,0,0
MPB:bin_000453,0,0,0,0,0,0,0,0,0,0,0,0,0,0,0,0,0,0,0,0,0,0,0,0,0,0,0,0,0,0,0,0,0,0,0,0,0,0,0,0,0,0,0,0,1.229,0,0,0,0,0,0,0,0,0,0,0,0,0,0,0,0,0,0,0,0,0,0,0,0,0,0,0,0,0,0,0,0,0,0,0,0,0,0,0
MPB:bin_000455,0,0,0,0,0,0,0,0,0,0,0,0,0,0,0,0,0,0,0,0,0,0,0,0,0,0,0,0,0,0,0,0,0,0,0,0,0,0,0,0,0,0,0,0,0,0,0,0,0,0,0,0,0,0,0,0,0,0,0,0,0,0,0,0,0,0,0,0,0,0,0,0,0,0,0,0,0,0,0,0,0,0,0,0
MPB:bin_000456,0,0,0,0,0,0,0,0,0,0,0,0,0,0,0,0,0,0,0,0,0,0,0,0,0,0,0,0,0,0,0,0,0,0,0,0,0,0,0,0,0,0,0,0,0,0,0,0,0,0,0,0,0,0,0,0,0,0,0,0,0,0,0,0,0,0,0,0,0,0,0,0,0,0,0,0,0,0,0,0,0,0,0,0
MPB:bin_000457,0,0,0,0,0,0,0,0,0,0,0,0,0,0,0,0,0,0,0,0,0,0,0,0,0,0,0,0,0,0,0,0,0,0,0,0,0,0,0,0,0,0,0,0,0,0,0,0,0,0,0,0,0,0,0,0,0,0,0,0,0,0,0,0,0,0,0,0,0,0,0,0,0,0,0,0,0,0,0,0,0,0,0,0
MPB:bin_000458,0,0,0.811,0,0,0,0,0,0,0,0,0,0,0,0,0,0,0,0,0,0,0,0,0,0,0,0,0,0,0,0,0,0,0,0,0,0,0,0,0,0,0,0,0,0,0,0,0,0,0,0,0,0,0,0,0,0,0,0,0,0,0,0,0,0,0,0,0,0,0,0,0,0,0,0,0,0,0,0,0,0,0,0,0
MPB:bin_000459,0,0,0,0,0,0,0,0,0,0,0,0,0,0,0,0,0,0,0,0,0,0,0,0,0,0,0,0,0,0,0,0,0,0,0,0,0,0,0,0,0,0,0,0,0,0,0,0,0,0,0,0,0,0,0,0,0,0,0,0,0,0,0,0,0,0,0,0,0,0,0,0,0,0,0,0,0,0,0,0,0,0,0,0
MPB:bin_000460,0,0,2.309,0,1.949,0,0,0,0,0,1.064,0,0,0,0,0,2.081,0,1.431,0,0,0,0,0,0,0,0,0,1.714,2.421,0,0,0,0,0,0,0,0,1.714,0,0,0,0,0,2.035,2.138,0,0,0,0,0,0,0,0,0,0,0,0,0,0,0,1.617,0,0,0,0,0,0,0,1.632,0,1.168,0,0,0,0,0,0,1.861,1.831,0,0,1.42,0
MPB:bin_000461,0,0,0,0,0,0,0,0,0,0,0,0,0,0,0,0,0,0,0,0,0,0,0,0,0,0,0,0,0,0,0,0,0,0,0,0,0,0,0,0,0,0,0,0,0,0,0,0,0,0,0,0,0,0,0,0,0,0,0,0,0,0,0,0,0,0,0,0,0,0,0,0,0,0,0,0,0,0,0,0,0,0,0,0
MPB:bin_000465,0,0,2.044,1.189,1.345,1.166,1.259,0,0,0,1.081,0.976,0,0,0,0,0,0,0,1.243,0,0,0,0,0,0,0,1.263,2.161,1.829,0,0,1.053,0,0,0,0,0,1.956,0,0,0,2.091,0,1.105,1.217,0,0,0,1.854,0,0,0,1.13,0,0,0,0.917,0,0,0,0,0,0,0,0,0,0,0,1.77,0,0,0,0,0,0,0,0,1.568,1.187,0,0,0,0
MPB:bin_000466,0,0,0,0,0,0,0,0,0,0,0,0,0,0,0,0,0,0,0,0,0,0,0,0,0,0,0,0,0,0,0,0,0,0,0,0,0,0,0,0,0,0,0,0,0,0,0,0,0,0,0,0,0,0,0,0,0,0,0,0,0,0,0,0,0,0,0,0,0,0,0,0,0,0,0,0,0,0,0,0,0,0,0,0
MPB:bin_000470,0,0,0,0,0,0,0,0,0,0,0,0,0,0,0,0,0,0,0,0,0,0,0,0,0,0,0,0,0,0,0,0,0,0,0,0,0,0,0,0,0,0,0,0,0,0,0,0,0,0,0,0,0,0,0,0,0,0,0,0,0,0,0,0,0,0,0,0,0,0,0,0,0,0,0,0,0,0,0,0,0,0,0,0
MPB:bin_000472,0,0,0,0,0,0,0,0,0,0,0,0,0,1.251,0,0,0,0,0,0,0,0,0,0,0,0,0,1.139,0,0,0,0,0,0,0,0,0,0,0,0,0,0,0,0,0.977,0,0,0,0,0,0,0,0,0,0,0,0,0,0,0.991,0,0,0,0,1.166,0,0,0,0,0.895,0,0,0,0,0,0,0,0,0,0,0,0,0,0
MPB:bin_000473,0,0,0,0,0,1.846,0,0,0,0,0,0,0,0,0,0,0,0,0,0,0,0,0,0,0,0,0,0,0,0,0,0,0,0,0,0,0,0,0,0,0,0,0,0,0,0,0,0,0,0,0,0,0,0,0,0,0,0,0,0,0,0,0,0,0,0,0,0,0,0,0,1.743,0,0,0,0,0,0,0,0,0,0,0,0
MPB:bin_000476,0,0,0,0,0,0,0,0,0,0,0,0,0,0,0,0,0,0,0,0,0,0,0,0,0,0,0,0,0,0,0,0,0,0,0,0,0,0,0,0,0,0,0,0,0,0,0,0,0,0,0,0,0,0,0,0,0,0,0,0,0,0,0,0,0,0,0,0,0,0,0,0,0,0,0,0,0,0,0,0,0,0,0,0
MPB:bin_000477,1.56,2.686,6.194,2.014,5.645,2.133,12.095,0,0,4.604,2.005,2.811,2.429,6.244,0.904,0,3.762,1.472,1.874,3.808,0,1.802,1.669,1.803,1.687,1.914,0,9.599,3.439,25.984,1.722,1.792,2.8,3.547,2.651,1.579,0,2.236,4.928,0,0,3.52,0,0,3.032,5.031,0,0,0,0,1.478,0.949,2.38,2.251,2.576,0,0,1.835,6.888,1.899,2.349,1.873,2.759,5.141,0,0,2.611,3.201,3.923,5.299,1.944,4.695,0,2.387,0,0,2.425,2.943,3.088,2.212,1.988,5.247,1.806,0
MPB:bin_000479,0,0,2.87,4.975,2.036,0,0,0,0,0,0,0,0,0,0,0,0,0,0,0,0,0,0,0,0,0,0,0,0,2.656,0,0,0,0,0,0,0,0,2.131,0,0,0,0,0,0,0,0,0,0,0,1.052,0,0,0,0,0,0,0,0,0,0,0,0,0,0,0,0,0,0,0,0,0,0,0,0,0,0,0,1.935,0,0,0,0,0
MPB:bin_000491,1.313,2.373,4.41,2.539,3.826,2.527,2.169,2.208,0,2.649,2.316,1.889,2.592,3.265,0.912,0,3.807,1.028,2.981,2.021,0,1.523,1.244,1.102,1.308,1.956,1.968,3.26,3.438,4.933,2.286,1.787,2.585,2.764,3.146,1.129,0,2.072,5.917,0,0,2.435,0,0,3.429,5.03,2.977,2.583,0,2.275,1.019,1.132,2.002,3.023,1.421,1.752,0,1.203,2.068,2.644,3.547,2.584,3.793,3.768,3.121,2.469,1.972,2.778,2.455,5.098,1.674,4.324,2.053,2.478,0,0,1.828,3.169,2.866,2.964,2.225,2.999,2.859,0
MPB:bin_000499,8.084,6.696,17.699,10.343,11.319,7.347,8.17,4.772,0.738,6.266,12.652,8.392,12.331,8.963,2.264,0,13.002,3.361,4.306,26.455,0,6.108,6.001,6.072,2.995,5.466,7.169,8.086,12.728,22.003,4.537,6.249,7.097,10.472,13.461,5.571,5.069,3.631,12.739,4.098,4.786,5.165,5.525,0,11.362,22.423,3.917,7.412,0,12.438,3.496,2.481,17.518,6.068,11.752,37.093,0,8.118,5.191,7.935,11.618,11.69,5.363,10.526,7.981,4.983,9.562,7.11,8.242,17.523,4.608,10.615,8.211,6.105,0,0,5.676,6.596,8.207,11.812,5.746,10.277,5.843,0
MPB:bin_000538,0,1.487,2.724,0,2.243,1.341,1.507,0,0,0,1.327,2.171,0,1.693,0,0,0,0,1.676,1.906,0,0,0,0,0,0,0,1.965,2.01,1.955,1.455,1.411,0,0,2.337,0,0,0,1.853,0,0,0,0,0,0,0,0,2.485,0,0,0,0.77,0,0,0,0,0,0,1.705,1.636,1.412,1.27,0,1.929,0,0,0,2.177,0,2.038,0,2.277,0,0,0,0,1.637,0,0,2.029,1.379,4.402,1.845,0
MPB:bin_000554,3.393,4.978,17.937,7.297,9.112,5.753,5.611,4.807,0,5.37,3.721,4.984,6.991,7.651,2.031,0,7.815,3.609,7.229,8.722,0,4.068,4.607,3.917,2.494,3.293,3.101,6.366,8.051,15.199,5.032,4.207,4.03,4.314,4.6,3.303,0,4.383,9.776,3.805,3.918,5.953,0,0,8.683,11.839,3.518,5.439,0,5.528,4.91,2.356,7.08,5.255,4.339,5.024,0,5.529,4.796,6.515,6.535,6.272,3.442,10.064,7.103,4.867,4.513,6.206,6.105,9.269,4.5,6.887,6.647,4.216,7.714,4.356,5.88,6.156,9.475,7.21,5.281,10.031,5.701,5.24
MPB:bin_000559,0,0,1.929,0,0,0,0,0,0,0,0.951,0,1.288,1.08,0,0,1.993,0,2.055,0,0,0,0,0,0,0,0,0,1.117,0,0,0.739,0,0,0,0,0,0,0,0,0,0,0,0,1.35,1.49,0,0,0,1.199,0,0,0,0,0,1.12,0,0,0,0,1.037,0,0,1.06,0,0,0,0,1.906,1.644,0,0,0,0,0,0,0,0,0,1.087,0,1.121,0,0
MPB:bin_000571,0,0,0,0,0,0,0,0,0,0,0,0,0,0,0,0,0,0,0,0,0,0,0,0,0,0,0,0,0,0,0,0,0,0,0,0,0,0,0,0,0,0,0,0,0,0,0,0,0,0,0,0,0,0,0,0,0,0,0,0,0,0,0,0,0,0,0,0,0,0,0,0,0,0,0,0,0,0,0,0,0,0,0,0
MPB:bin_000576,0,0,0,0,0,0,0,0,0,0,0,0,0,0,0,0,0,0,0,0,0,0,0,0,0,0,0,0,0,0,0,0,0,0,0,0,0,0,0,0,0,0,0,0,0,0,0,0,0,0,0,0,0,0,0,0,0,0,0,0,0,0,0,0,0,0,0,0,0,0,0,0,0,0,0,0,0,0,0,0,0,0,0,0
MPB:bin_000579,0,0,0,0,0,0,0,0,0,0,0,0,0,0,0,0,0,0,0,0,0,0,0,0,0,0,0,0,0,0,0,0,0,0,0,0,0,0,0,0,0,0,0,0,0,0,0,0,0,0,0,0,0,0,0,0,0,0,0,0,0,0,0,0,0,0,0,0,0,0,0,0,0,0,0,0,0,0,0,0,0,0,0,0
MPB:bin_000581,3.21,4.933,9.763,2.492,26.878,13.037,3.841,21.921,0,5.31,9.139,2.704,13.22,26.533,2.303,0,11.457,3.457,2.971,5.587,0,6.529,2.287,0,4.371,7.15,8.775,3.917,12.13,6.593,16.21,4.124,5.166,7.969,14.753,4.979,10.335,4.153,16.799,0,4.505,3.01,2.179,0,11.059,10.5,3.27,6.95,0,6.684,11.319,0,10.223,5.418,3.99,7.371,5.223,21.577,12.871,2.246,12.723,3.499,3.058,10.319,4.992,4.148,2.849,4.666,13.944,15.156,2.909,17.612,36.05,13.739,0,3.356,0,9.499,11.717,7.99,3.544,13.898,10.356,5.539
MPB:bin_000584,0,0,0,0,1.307,0,0,0,0,1.179,0,0,0,0,0,0,0,0,0,0,0,0,0,0,0,0,0,0,0,0,0,0,0,0,0,0,0,0,0,0,0,0,0,0,0,0.95,0,0,0,0,0,0,0,0,0,0,0,1.002,1.044,0,1.012,0,0,0,0,0,0,0,0,0,0,0.86,0,0,0,0,0,0,0,0,0,0,0,0
MPB:bin_000588,0,0,0,0,0,0,0,0,0,0,0,0,0,0,0,0,0,0,0,0,0,0,0,0,0,0,0,0,0,0,0,0,0,0,0,0,0,0,0,0,0,0,0,0,0,0.794,0,0,0,0,0,0,0,0,0,0,0,0,0,0,0,0,0,0,0,0,0,0,0,0,0,0,0,0,0,0,0,0,0,0,0,0,0,0
MPB:bin_000590,0,0,0,0,0,0,0,0,0,0,0,0,0,0,0,0,0,0,0,0,0,0,0,0,0,0,0,0,0,0,0,0,0,0,0,0,0,0,0,0,0,0,0,0,0,0,0,0,0,0,0,0,0,0,0,0,0,0,0,0,0,0,0,0,0,0,0,0,0,0,0,0,0,0,0,0,0,0,0,0,0,0,0,0
MPB:bin_000593,0,0,11.224,5.242,0,0,0,0,0,3.933,0,0,5.733,0,0,0,0,0,0,5.958,0,3.435,0,0,0,0,0,0,7.231,0,0,0,4.262,0,0,0,0,0,0,0,0,0,0,0,0,9.698,0,0,0,0,0,0,0,0,0,5.066,0,4.825,0,0,0,0,0,7.4,0,0,0,0,4.815,0,0,0,0,0,0,0,0,0,0,5.234,0,0,4.522,0
MPB:bin_000594,0,0,0,0,0,0,0,0,0,0,0,0,0,0,0,0,0,0,0,0,0,0,0,0,0,0,0,0,0,0,0,0,0,0,0,0,0,0,0,0,0,0,0,0,0,0,0,0,0,0,0,0,0,0,0,0,0,0,0,0,0,0,0,0,0,0,0,0,0,0,0,0,0,0,0,0,0,0,0,0,0,0,0,0
MPB:bin_000596,1.499,2.636,5.983,2.354,3.496,2.438,1.936,2.367,0,2.72,2.027,2.201,2.964,2.232,0,0,5.061,1.553,2.066,2.287,0,1.715,1.276,1.607,0.789,1.128,1.553,2.387,3.352,7.396,2.554,1.661,1.844,1.983,2.618,2.041,0,0,5.681,0,0,1.52,0,0,5.512,3.427,2.216,1.974,0,1.699,1.276,0,1.913,2.086,1.684,2.294,0,2.152,1.616,1.706,3.382,2.218,2.38,2.593,2.962,1.935,1.676,2.49,1.359,5.441,1.778,2.242,2.55,1.524,0,0,2.55,2.06,2.613,3.327,1.963,5.012,1.814,0
MPB:bin_000597,0,1.859,4.122,2.094,2.861,1.543,1.459,0,0,1.971,1.49,1.556,0,2.198,0,0,2.628,0,0,2.164,0,1.202,1.175,0,0,0,0,2.974,2.47,4.137,0,1.581,2.114,0,0,0.913,3.952,0,3.211,0,0,1.446,0,0,2.858,3.22,0,2.019,0,0,0,0,0,1.655,0,0,0,1.844,2.316,0,2.164,1.721,0,2.506,1.644,0,0,2.001,0,3.421,0,1.705,0,2.372,0,0,1.567,2.193,2.161,2.757,2.14,2.41,1.907,0
MPB:bin_000598,0,0,0,0,0,0,0,0,0,0,0,0,0,0,0,0,0,0,0,0,0,0,0,0,0,0,0,0,0,0,0,0,0,0,0,0,0,0,0,0,0,0,0,0,0,0,0,0,0,0,0,0,0,0,0,0,0,0,0,0,0,0,0,0,0,0,0,0,0,0,0,0,0,0,0,0,0,0,0,0,0,0,0,0
MPB:bin_000599,0,0,2.382,1.52,2.526,1.252,0,0,0,3.054,1.117,0,1.69,1.927,0,0,2.519,0,1.356,1.519,0,0.937,0.942,0,0,0,0,1.692,1.811,2.721,0,1.035,0,1.78,1.69,0,0,0,1.956,0,0,1.114,0,0,1.544,3.161,0,0,0,1.492,1.049,0,0,0,1.758,1.909,0,1.808,1.545,0,2,1.315,0,2.116,0,3.223,0,0,1.851,2.421,1.077,0,0,0,0,0,2.027,0,3.435,1.689,0,1.492,1.523,0
MPB:bin_000600,0,0,9.823,0,0,0,0,0,0,0,3.602,0,0,0,0,0,0,0,0,0,0,0,0,0,2.432,0,11.389,0,6.943,10.605,0,0,0,0,0,0,0,0,0,0,0,0,0,0,5.288,0,0,0,0,0,0,6.059,0,0,0,0,0,0,0,0,0,0,0,0,0,0,0,0,0,8.174,0,0,0,0,0,0,0,0,0,0,3.638,4.978,0,0
MPB:bin_000601,0,0,0,0,0,0,0,0,0,0,0,0,0,0,0,0,0,0,0,0.967,0,0,0,0,0,0,0,0,0,0,0,0,0,0,0,0,0,0,0,0,0,0,0,0,0,0,0,0,0,0,0,0,0,0,0,0,0,0,0,0,0,0,0,0,0,0,0,0,0,0,0,0,0,0,0,0,0,0,0,0,0,0,0,0
MPB:bin_000604,0,0,0,0,0,0,0,0,0,0,0,0,0,0,0,0,0,0,0,0,0,0,0,0,0,0,0,0,0,0,0,0,0,0,0,0,0,0,0,0,0,0,0,0,0,0,0,0,0,0,0,0,0,0,0,0,0,0,0,0,0,0,0,0,0,0,0,0,0,0,0,0,0,0,0,0,0,0,0,0,0,0,0,0
MPB:bin_000605,0,0,0,0,0,0,0,0,0,0,0,0,0,0,0,0,0,0,0,1.424,0,0,0,0,0,0,0,0,0,0,0,0,0,0,0,0,0,0,0,0,0,0,0,0,0,0,0,0,0,0,0,0,0,0,0,0,0,0,0,0,0,0,0,0,0,0,0,0,0,0,0,0,0,0,0,0,0,0,0,0,0,0,0,0
MPB:bin_000606,3.284,4.511,13.788,7.406,7.759,5.131,6.861,4.497,0.574,7.352,6.629,8.011,8.269,6.967,1.468,0,6.563,4.501,6.374,6.584,0,3.603,2.678,2.86,2.888,3.639,4.068,5.185,10.059,12.269,4.482,3.221,4.341,5.573,6.582,3.878,3.646,5.759,9.882,2.007,3.373,3.772,6.158,0,8.12,10.281,2.619,6.103,0,5.351,4.815,2.289,5.569,4.714,6.257,6.38,4.79,4.845,4.949,5.125,6.012,6.35,7.231,7.509,6.764,5.228,5.06,9.208,5.379,11.608,4.113,5.583,3.633,6.891,0,4.878,4.262,5.13,4.833,6.912,6.861,7.77,4.69,3.234
MPB:bin_000609,0,0,0,0,0,0,0,0,0,0,0,0,0,0,0,0,0,0,0,0,0,0,0,0,0,0,0,0,0,0,0,0,0,0,0,0,0,0,0,0,0,0,0,0,0,0,0,0,0,0,0,0,0,0,0,0,0,0,0,0,0,0,0,0,0,0,0,0,0,0,0,0,0,0,0,0,0,0,0,0,0,0,0,0
MPB:bin_000615,0,2.293,5.022,0,0,0,0,0,0,0,0,0,2.277,2.316,0,0,0,0,2.28,2.485,0,1.486,0,0,0,0,0,2.239,2.905,4.23,1.83,0,0,0,0,0,0,0,3.926,0,0,0,0,0,3.15,4.191,0,0,0,0,1.678,0,0,2.133,0,0,0,0,0,0,2.298,0,0,0,2.037,0,0,0,0,4.735,0,2.115,0,0,0,0,2.134,0,0,2.555,0,2.737,0,0
MPB:bin_000617,5.609,4.397,20.442,5.871,8.249,5.962,6.449,4.813,0.629,6.08,6.163,5.348,5.914,6.826,1.324,0,9.12,5.255,6.992,7.53,0,5.111,3.587,4.333,2.868,4.419,3.7,6.888,10.443,14.136,7.151,3.798,6.245,6.218,5.746,4.753,0,5.604,12.319,3.438,3.269,5.684,0,0,10.464,13.266,5.928,6.777,0,3.475,5.611,2.331,7.342,5.665,5.308,5.339,6.598,8.683,5.594,4.903,11.859,8.639,7.11,6.324,5.786,5.851,5.06,6.54,8.965,15.257,4.339,6.913,7.312,3.772,7.235,3.586,4.714,8.15,5.414,10.395,5.688,13.883,5.982,4.876
MPB:bin_000618,1.261,1.113,2.215,1.112,2.488,0,0,0,0,0,1.255,1.609,1.201,1.463,0,0,1.478,1.012,0,2.165,0,0.789,0.95,1.002,0,0,1.833,1.106,2.635,2.314,0.933,1.183,0,2.657,1.026,0.564,0,0,1.685,1.505,0,1.051,0,0,1.628,2.155,0,0,0,1.056,1.213,0,2.724,1.099,0,1.326,0,1.168,0,0,0,1.56,1.052,1.011,1.805,0,1.624,1.053,1.086,3.353,0,1.236,0,1.312,0,0,0,0,0,1.466,1.115,1.109,0.925,0
MPB:bin_000619,3.904,3.901,9.891,7.519,6.938,2.713,3.353,4.154,0,4.511,4.314,1.661,6.155,4.032,1.496,0,4.336,3.085,2.87,4.606,0,3.585,2.384,2.718,1.474,2.649,4.544,5.898,5.024,10.358,3.096,2.294,3.202,7.487,4.436,4.137,0,5.125,7.304,0,5.323,2.807,0,0,8.457,9.86,1.433,7.177,0,4.915,2.16,1.498,3.681,4.431,3.064,4.288,0,4.945,3.76,3.673,4.279,3.113,7.252,6.211,7.095,2.905,2.21,6.303,6.178,10.333,2.709,5.325,4.137,3.054,6.932,3.493,3.27,5.381,4.246,3.899,3.872,6.931,3.153,2.936
MPB:bin_000622,0,0,0,0,0,0,0,0,0,0,0,0,0,0,0,0,0,0,0,0,0,0,0,0,0,0,0,0,0,0,1.88,0,0,0,0,0,0,0,0,0,0,1.475,0,0,0,0,0,0,0,0,0,0,0,0,0,0,0,0,0,0,0,0,0,0,0,0,0,0,2.796,0,0,0,0,0,0,0,0,0,0,3.705,0,0,0,0
TM1:bin_000010,0,0,0,0,0,0,0,0,0,0,0,0,0,0,0,0,0,0,0,0,0,0,0,0,0,0,0,0,0,0,0,0,0,0,0,0,0,0,0,0,0,0,0,0,0,0,0,0,0,0,0,0,0,0,0,0,0,0,0,0,0,0,0,0,0,0,0,0,0,0,0,0,0,0,0,0,0,0,0,0,0,0,0,0
TM1:bin_000024,0,0,0,0,0,0,0,0,0,0,0,0,0,0,0,0,0,0,0,0,0,0,0,0,0,0,0,0,0,0,0,0,0,0,0,0,0,0,0,0,0,0,0,0,0,0,0,0,0,0,0,0,0,0,0,0,0,0,0,0,0,0,0,0,0,0,0,0,0,0,0,0,0,0,0,0,0,0,0,0,0,0,0,0
TM1:bin_000025,1.463,2.559,5.578,1.017,4.812,2.369,4.396,0,0.599,1.649,3.362,5.608,3.454,2.78,0.672,0,2.566,2.176,2.205,4.433,0,1.773,1.244,3.179,0.912,2.313,1.585,3.363,4.931,5.829,2.998,3.542,3.013,4.532,3.538,2.078,0,1.999,3.768,0,2.159,1.306,0,0,4.631,3.218,0,2.968,0,2.222,1.073,1.042,3.647,2.217,2.351,1.808,0,0,3.359,2.895,2.318,1.561,3.41,2.857,4.216,5.265,1.904,3.467,2.405,6.967,2.376,4.635,2.871,2.113,0,0,3.134,2.401,1.784,5.172,1.786,3.258,2.919,0
TM1:bin_000027,0,0,0,0,0,3.53,0,0,0,1.768,0,0,0,0,0,0,0,0,0,0,0,0,0,0,1.339,1.17,0,0,0,0,0,0,0,0,0,0,0,0,0,0,0,1.027,0,0,0,0,0,0,0,0,0,0,0,0,0,0,0,0,1.762,0,0,0,0,4.431,0,0,0,0,0,0,0,0,0,0,0,0,0,5.029,0,0,0,0,0,0
TM1:bin_000031,6.902,11.242,25.537,17.176,15.829,12.693,8.581,14.532,1.266,6.895,14.898,12.199,13.703,14.739,6.211,0,14.242,9.736,4.337,14.564,0,8.972,8.376,8.822,4.62,10.339,9.329,8.918,13.336,26.847,4.74,6.317,7.174,8.373,8.792,9.275,0,5.398,16.377,1.637,12.746,5.733,3.617,0,23.712,24.321,8.955,9.431,0,8.487,4.466,3.287,11.524,7.798,5.015,9.212,8.143,14.502,7.254,8.72,17.14,8.781,11.498,15.343,13.485,6.991,8.349,13.62,10.112,21.41,9.494,14.36,24.702,7.902,0,8.377,10.243,10.705,9.877,11.5,16.14,14.722,9.363,9.948
TM1:bin_000049,0,1.722,2.839,1.632,1.367,0,0,0,0,0,1.026,1.34,2.416,2.175,0,0,0,0,0,2.195,0,1.05,0.974,0,0,0.933,0,1.613,2.04,1.229,0.971,0,0,2.107,2.583,0,0,0,2.392,0,0,1.455,0,0,1.341,3.831,3.026,0,0,1.213,1.215,0,0,0.962,2.265,1.286,0,2.142,0.992,0,0,0,0.963,1.893,0,0,0,2.056,0,2.427,1.509,2.239,1.783,0,0,0,0,0,1.883,1.94,0,2.486,3.637,0
TM1:bin_000080,5.958,9.177,21.974,7.88,11.413,11.444,9.407,7.937,0.928,7.691,9.089,10.68,11.257,11.822,3.156,0,20.451,3.741,9.016,20.429,0,5.958,5.11,12.396,4.21,6.633,5.288,13.196,15.291,21.243,9.135,7.881,12.951,7.705,13.71,5.927,4.236,8.076,16.646,8.638,6.046,6.999,4.228,0,12.454,16.152,14.843,8.365,0,6.237,5.862,4.381,12.042,11.1,5.594,6.544,16.823,8.699,11.71,9.568,10.991,6.349,8.498,11.034,17.013,11.215,8.059,8.462,9.7,22.908,5.475,12.269,11.64,6.487,14.586,10.205,8.157,7.196,13.529,9.063,8.171,16.77,10.554,3.969
TM1:bin_000119,0,0,0,0,0,0,0,0,0,0,0,0,1.437,0,0,0,0,0,0,0,0,0,0,0,0,0,0,0,1.193,2.178,0,0,0,0,0,0,0,0,2.126,0,0,0,0,0,0,0,0,0,0,0,0,0,0,0,0,0,0,0,0,0,0,0,0,0,0,0,0,0,0,0,0,0,0,0,0,0,0,0,0,0,0,0,0,0
TM1:bin_000126,0,0,0,0,0,0,0,0,0,0,0,0,0,0,0,0,0,0,0,1.458,0,0,0,0,0,0,0,0,1.248,1.695,0.855,0,0,0,0,0,0,0,1,0,0,0,0,0,0.943,0,0,0,0,0,0,0,0,0.922,0,3.205,0,0,0,0,0,0,0,0,0,0,0,0,0,1.463,0,0,0,0,0,0,0,0,0,0,0,0,0,0
TM1:bin_000144,0,1.96,4.547,1.921,1.92,0,2.515,1.678,0,0,1.214,0,1.128,1.581,0.563,0,0,0.757,1.416,1.957,0,0,4.885,0,0,0,0,0,1.542,3.529,1.169,0.874,1.267,0,1.053,1.086,0,0,4.297,1.549,1.954,0.879,0,0,1.747,2.186,0,2.083,0,0,0,1.049,0,1.097,1.337,0,0,0,1.014,1.579,1.24,1.07,1.086,2.43,2.574,0,1.242,1.571,1.91,3.328,0,1.724,0,1.56,0,0,1.628,0,2.613,1.589,1.309,2.039,0.882,0
TM1:bin_000152,0,0,0,0,0,1.21,0,0,0,0,0,0,0,1.353,0,0,0,0,0,0,0,0,0,0,0,1.579,0,0,1.015,0,0,0,0,0,0,0,0,0,0,0,0,1.129,0,0,1.159,0,0,0,0,0,0,0,0,0,0,0,0,2.124,0,0,0,0,0,0,0,0,0,0,0,0,0,0,0,1.324,0,0,0,0,0,1.56,0,0,0,0
TM1:bin_000153,1.414,0,2.553,1.337,1.547,1.799,0,0,0,1.394,0.993,0,1.443,1.215,0,0,0,0,0,0.744,0,0,0.836,0,0,0,0,0,1.382,1.43,0,0,0,2.092,0,0,0,0,2.271,0,0,0,0,0,1.445,4.719,0,1.844,0,0,0,0,0,0.909,0,1.999,0,0,0,0,1.057,0,1.144,0,1.854,0,0,1.424,0,1.91,0,0,0,0,0,0,1.096,0,0,0,0,2.115,0.787,0
TM1:bin_000177,0,0,0,0,0,0,0,0,0,0,0,0,0,0,0,0,0,0,0,0,0,0,0,0,0,0,0,0,0,0,0,0,0,0,0,0,0,0,0,0,0,0,0,0,0,0,0,0,0,0,0,0,0,0,0,0,0,0,0,0,0,0,0,0,0,0,0,0,0,0,0,0,0,0,0,0,0,0,0,0,0,0,0,0
TM2:bin_000005,0,0,0,0,0,0,0,0,0,0,0,0,0,0,0,0,0,0,0,0,0,0,0,0,0,0,0,0,0,0,0,0,0,0,0,0,0,0,0,0,0,0,0,0,0,0,0,0,0,0,0,0,0,0,0,0,0,0,0,0,0,0,0,0,0,0,0,0,0,0,0,0,0,0,0,0,0,0,0,0,0,0,0,0
TM2:bin_000013,0,0,2.386,0,0,0,1.391,0,0,0,0,0,0,1.518,0,0,0,0,3.208,0,0,0.76,0,0,0,0,0,1.392,0,0,0,0,1.686,0,0,0,0,0,0,0,0,0.852,0,0,0,4.225,0,0,0,3.772,1.527,0,0,1.725,0,0,0,1.42,1.206,1.287,1.328,0,0,2.511,0,0,0,0,1.813,0,0,1.23,0,0,0,0,0,0,0,1.64,0,0,0,0
TM2:bin_000090,0,0,0,0,0,0,0,0,0,0,0,0,0,0,0,0,0,0,0,0,0,0,0,0,0,0,0,0,0,0,0,0,0,0,0,0,0,0,0,0,0,0,0,0,0,0,0,0,0,0,0,0,0,0,0,0,0,0,0,0,0,0,0,0,0,0,0,0,0,0,0,0,0,0,0,0,0,0,0,0,0,0,0,0
TM2:bin_000114,0,0,0,0,0,0,0,0,0,0,0,0,0,0,0,0,0,0,0,0,0,0,0,0,0,0,0,0,0,0,0,0,0,0,0,0,0,0,0,0,0,0,0,0,0,0,0,0,0,0,0,0,0,0,0,0,0,0,0,0,0,0,0,0,0,0,0,0,0,0,0,0,0,0,0,0,0,0,0,0,0,0,0,0
TM2:bin_000116,0,0,2.346,1.815,1.465,0,0,0,0,1.035,0,1.225,1,0.961,0,0,0,0,1.144,1.355,0,0.917,0,0,0,0,0,1.675,1.098,1.372,0,0.869,0,0,0.985,1.006,0,0,2.352,0,0,0,0,0,1.526,1.576,1.497,1.548,0,1.597,1.025,0,0,0.929,1.537,1.3,0,0,1.188,1.336,1.17,1.218,0,1.865,2.172,1.354,1.03,0,0,1.95,0,1.004,1.718,0,0,0,1.13,0,0,1.628,0,2.938,1.325,0
TM2:bin_000124,7.764,7.644,24.622,12.668,17.266,5.904,11.439,5.35,0.983,7.83,8.216,11.074,14.28,11.813,3.563,0,16.343,4.221,9.012,13.454,0,7.038,7.922,4.949,6.001,4.433,3.921,9.441,7.079,18.111,2.165,6.175,7.265,7.364,14.836,5.817,3.506,4.324,17.757,2.453,8.192,7.008,2.82,0,13.562,15.539,9.154,7.938,0,8.254,10.57,2.682,6.194,14.413,7.043,6.132,5.66,9.479,5.097,9.283,6.208,8.778,5.176,19.949,7.611,5.051,4.03,14.948,11.118,16.724,7.41,12.448,9.605,6.764,0,4.972,6.336,7.089,17.451,12.128,6,18.008,10.379,5.172
TM2:bin_000127,0,0,0,0,0,0,0,0,0,0,0,0,0.955,0,0,0,0,0,0,0,0,0,0,0,0,0,0,0,0,1.658,0,0,0,0,1.027,0,0,0,0,0,0,0,0,0,0,0,0,0,0,0,0,0,0,0,0,0,0,0,0,1.739,0,1.153,0,0,0,0,0,0,1.412,1.55,0,0,0,0,0,0,0,0,0,0.906,0,0,0,0
TM2:bin_000155,3.088,5.175,9.392,2.442,6.051,1.156,5.371,4.693,0,4.007,5.688,2.741,8.537,2.248,0.84,0,3.502,3.05,2.554,17.285,0,3.386,2.505,22.163,3.687,0,1.844,2.952,10.565,9.535,6.834,4.155,1.585,7.044,17.586,5.286,0,1.415,2.927,31.302,0,3.956,0,0,3.034,7.139,2.403,8.114,0,2.463,2.853,2.482,5.529,4.508,0,7.578,0,2.234,3.034,4.726,4.61,0,1.401,5.813,5.587,5.066,1.943,1.84,2.787,24.696,4.218,3.722,0,2.317,0,0,1.825,1.7,3.991,3.435,1.92,4.572,3.833,0
TM2:bin_000157,0,0,0,0,0,0,0,0,0,0,0,0,0,0,0,0,0,0,0,0,0,0,0,0,0,0,0,0,0,0,0,0,0,0,0,0,0,0,0,0,0,0,0,0,0,0.933,0,0,0,0,0,0,0,0,0,0,0,0,0,0,0,0,0,0,0,0,0,0,0,0,0,0,0,0,0,0,0,0,0,0,0,0,0,0
TM2:bin_000186,0,0,1.637,0,0,0,0,0,0,0,0,0,0,0,0,0,0,0,0,0,0,0,0,0,0,0,0,0,0,0,0,0,0,0,0,0,0,0,0,0,0,0,0,0,0,0,0,0,0,0,0,0,0,0,0,0,0,0,0,0,0,0,0,0,0,0,0,0,0,0,0,0,0,0,0,0,0,0,0,0,0,0,0,0
TM2:bin_000188,0,0,0,1.063,0,0,0,0,0,0,0,0,0,0,0,0,0,0,0,0,0,0,0,0,0,0,0,0,0,0,0,0,0,0,0,0,0,0,0,0,0,0,0,0,0,0,0,0,0,0,0,0,0,0,0,0,0,0,0,0,0,0,0,0,0,0,0,0,0,0,0,0,0,0,0,0,0,0,0,0,0,0,0,0
TM2:bin_000219,0,0,0,0,0,0,0,0,0,0,0,0,0,0,0,0,0,0,0,0,0,0,0,0,0,0,0,0,0,0,0,0,0,0,0,0,0,0,0,0,0,0,0,0,0,0,0,0,0,0,0,0,0,0,0,0,0,0,0,0,0,0,0,0,0,0,0,0,0,0,0,0,0,0,0,0,0,0,0,0,0,0,0,0
TM2:bin_000235,1.336,1.899,5.529,2.139,2.648,1.326,1.727,1.643,0,1.29,1.576,1.513,2.184,2.512,0,0,2.796,1.319,1.66,2.929,0,1.325,1.269,1.593,0.857,1.849,1.882,2.325,3.317,3.882,1.886,1.527,1.963,0,2.093,0.989,0,1.493,2.794,0,0,1.511,0,0,2.443,3.222,0,1.495,0,1.67,1.593,0.942,2.177,1.974,1.872,1.625,0,1.829,1.333,2.169,2.259,1.526,1.625,3.138,1.443,2.085,1.603,2.54,2.188,4.522,1.371,2.424,2.404,1.402,0,0,1.355,2.613,2.845,2.956,1.482,2.386,1.724,0
TM3:bin_000033,0.831,0,3.246,2.038,2.124,1.963,1.117,1.35,0,1.06,0.888,1.54,1.818,1.23,0,0,0,0.89,1.3,1.48,0,0.814,0.661,0,0.555,0,0,1.157,1.814,2.291,1.282,0,1.192,1.282,1.356,0.557,0,0,1.381,0,0,0.833,0,0,1.751,2.174,0,1.764,0,1.237,0.821,0,1.274,0.967,0,0.986,0,1.478,1.133,0,1.81,0,1.457,1.352,1.636,1.323,1.074,1.404,1.228,2.006,0,1.027,1.569,1.455,0,0,1.14,1.69,0,1.731,1.364,3.015,1.182,0
TM3:bin_000088,0,0,0,0,0,0,0,0,0,0,0,0,0,0,0,0,0,0,0,0,0,0,0,0,0,0,0,0,0,0,0,0,0,0,0,0,0,0,0,0,0,0,0,0,0,0,0,0,0,0,0,0,0,0,0,0,0,0,0,0,0,0,0,0,0,0,0,0,0,0,0,0,0,0,0,0,0,0,0,0,0,0,0,0
TM3:bin_000108,4.995,7.688,19.814,6.272,7.854,8.057,8.977,5.295,1.014,5.546,8.159,9.303,10.96,9.555,2.524,0,10.186,5.159,5.768,7.349,0,4.968,7.172,4.812,3.105,4.659,4.672,6.045,12.402,15.761,5.689,4.931,6.647,4.766,10.855,4.351,7.552,4.323,12.675,3.236,5.917,5.671,0,0,11.918,18.772,4.269,6.52,0,4.925,4.127,3.277,7.489,6.387,5.422,7.545,0,5.835,3.315,5.557,6.751,5.763,8.693,10.166,7.842,3.973,7.083,9.902,6.536,16.294,7.497,9.768,8.305,5.255,10.679,0,4.379,8.425,8.641,7.177,5.524,8.206,6.177,6.295
TM4:bin_000013,0.948,2.016,4.21,2.009,1.819,1.281,3.635,0,0,1.947,1.105,1.471,1.145,1.491,0.7,0,3.146,1.011,1.605,1.841,0,0.992,0.919,1.064,0.836,0,0,1.726,2.377,2.008,2.535,0.924,1.689,1.513,1.969,0.789,0,0,2.981,0,0,1.639,0,0,2.771,2.878,0,1.367,0,0,1.562,0.873,1.573,2.224,1.667,1.632,0,1.049,1.634,2.456,2.24,1.291,1.128,3.24,1.969,0,0,1.517,2.051,2.674,1.279,2.001,1.669,0,0,0,1.189,2.877,0,1.821,1.917,1.238,1.658,0
TM4:bin_000021,0,0,0,0,0,0,0,0,0,0,0,0,0,0,0,0,0,0,0,0,0,0,0,0,0,0,0,0,0,0,0,0,0,0,0,0,0,0,0,0,0,0,0,0,0,0,0,0,0,0,0,0,0,0,0,0,0,0,0,0,0,0,0,0,0,0,0,0,0,0,0,0,0,0,0,0,0,0,0,0,0,0,0,0
TM4:bin_000025,0,0,0,0,0,0,0,0,0,0,0,0,0,0,0,0,0,0,0,0,0,0,0,0,0,0,0,0,0,0,0,0,0,0,0,0,0,0,0,0,0,0,0,0,0,0,0,0,0,0,0,0,0,0,0,0,0,0,0,0,0,0,0,0,0,0,0,0,0,0,0,0,0,0,0,0,0,0,0,0,0,0,0,0
TM4:bin_000031,0,2.608,5.47,2.934,3.055,3.781,1.44,0,0,3.224,1.084,1.873,3.186,3.001,0.605,0,2.685,1.59,3.091,2.183,0,1.395,1.883,0,1.361,2.902,2.342,2.722,3.26,4.294,3.132,1.576,1.674,0,1.682,0.938,0,0,4.539,0,2.962,3.232,0,0,3.352,5.191,0,1.722,0,1.299,2.557,1.163,2.517,3.381,1.501,1.49,0,4.701,1.937,1.937,3.473,1.061,0,13.252,1.492,1.77,1.289,2.848,2.675,1.799,1.505,2.691,2.092,0,0,0,1.264,6.186,3.263,3.337,1.363,2.285,2.89,6.511
TM4:bin_000034,0,0,1.756,0,0,0,0,0,0,0,0,0,0,0,0,0,0,0,0,0,0,0,0,0,0,0,0,0,0,0,0,0,0,0,0,0,0,0,0,0,0,0,0,0,0,2.386,0,0,0,0,0,0,0,0,0,0,0,0,0,0,0,0,0,1.963,0,0,0,0,0,0,0,0,0,0,0,0,0,0,0,0,0,0,0,2.664
TM4:bin_000036,0,0,0,0,0,0,0,0,0,0,0,0,0,0,0,0,0,0,0,0,0,0,0,0,0,0,0,0,0,0,0,0,0,0,0,0,0,0,0,0,0,0,0,0,0,0,0,0,0,0,0,0,0,0,0,0,0,0,0,0,0,0,0,0,0,0,0,0,0,0,0,0,0,0,0,0,0,0,0,0,0,0,0,0
TM4:bin_000037,0,0,1.181,0,1.956,0,0,0,0,0,0,0,1.456,0.957,0,0,0,0.921,1.669,0.971,0,0,0,0,0,0,0,1.158,1.28,1.389,0,0,0,0,0,0.749,0,0,0.835,0,0,0.787,0,0,1.947,1.086,0,0,0,0,0,0,0,0,0,0,0,0,0,0,1.166,1.013,0,0,0,0,0,1.204,0,0,0,0,0,0,0,0,0,0,0,0.864,0,1.572,0,0
TM4:bin_000038,0,1.503,3.459,1.086,1.332,1.339,1.087,0,0,1.672,1.186,0,0,1.901,0,0,2.076,1.05,1.313,1.471,0,1.073,0.722,0,0,0.908,0,1.547,2.319,3.143,0.901,0.998,1.873,1.336,2.399,0.968,0,0,2.807,0,0,1.395,0,0,2.314,2.067,0,0,0,0,0.855,0,0,1.416,0,1.143,0,2.019,1.005,1.219,1.723,1.506,1.62,0.961,0,2.346,1.271,1.683,1.605,2.756,0.955,1.016,0,1.5,0,0,0,1.933,2.874,1.595,0,1.388,1.601,0
TM4:bin_000039,0.863,1.91,4.764,1.042,2.287,1.659,2.289,0,0,0,1.665,2.154,1.629,2.627,0.542,0,1.773,0.878,1.576,1.779,0,1.021,0.719,1.615,1.075,0,0,1.225,2.873,2.865,0.971,2.331,1.777,0,1.539,0.835,0,0,3.747,0,0,1.728,0,0,2.384,1.68,0,0,0,0,1.324,0.778,1.531,2.335,1.534,1.102,0,0,0,1.35,1.564,1.975,1.527,2.637,1.408,1.848,0,2.464,2.379,2.357,1.661,1.722,1.699,0,0,0,2.038,2.015,2.098,2.324,2.101,3.913,1.32,0
TM4:bin_000041,0,0,1.677,0,0,0,0,0,0,0,0,0,1.14,1.181,0,0,0,0,0,0,0,0.771,0,0,0,0,0,0,1.08,1.477,0,0.806,0,0,0,0,0,0,1.285,0,0,0,0,0,0,0.927,0,0,0,0,0.835,0,0,0,0,0,0,0,0,0,1.408,0,0,0,0,0,0,0,0,1.048,0,0,0,0,0,0,0,0,0,1.735,0,0,0,0
TM4:bin_000045,1.452,2.159,10.055,6.709,4.056,2.809,2.158,2.957,0,1.888,2.114,4.021,10.058,2.625,1.371,0,2.389,1.648,3.801,3.004,0,2.899,1.493,1.316,1.631,2.64,2.504,3.239,2.711,7.366,2.509,1.41,3.155,3.944,3.545,2.087,0,1.302,6.079,0,1.953,2.357,0,0,3.292,3.773,1.499,2.543,0,1.467,2.217,0.762,5.405,2.677,2.305,2.913,0,2.82,2.027,2.705,3.862,2.158,2.432,2.599,6.794,7.42,2.799,2.497,2.859,5.094,1.749,3.391,1.853,2.343,0,0,4.807,3.53,3.862,2.783,3.031,3.528,2.467,0
TM4:bin_000048,5.652,9.042,23.989,10.166,16.667,8.509,8.75,9.187,0.791,5.993,8.718,8.418,8.547,9.846,3.521,0,10.709,6.726,6.076,8.843,0,7.708,5.898,5.855,3.297,7.206,5.914,10.315,12.08,16.226,6.752,5.085,8.446,7.988,9.83,5.529,0,7.374,17.272,4.69,5.322,8.238,6.961,0,15.122,17.55,7.002,9.751,0,5.618,4.496,3.054,7.988,10.235,5.497,11.702,8.887,8.3,5.494,7.405,10.199,8.098,8.654,8.558,11.862,5.845,6.506,9.047,10.481,16.257,6.417,11.165,10.988,6.153,7.056,4.548,10.22,10.869,12.024,7.805,9.225,6.641,9.975,5.546
TM4:bin_000064,0,0,1.1,0,0,0,0,0,0,0,0,0,0,0,0,0,0,0,0,0,0,0,0,0,0,0,0,0,0.982,1.178,0,0,0,0,0,0,0,0,0,0,0,0,0,0,0,0,0,1.424,0,0,0,0,0,0,0,0,0,0,0,0,0,0,0,0,0,0,0,0,0,0,0,0,0,0,0,0,0,0,0,0,0,0,0,0
TM4:bin_000079,4.676,5.607,15.298,4.704,8.138,4.573,6.664,4.998,0.75,3.933,6.785,8.15,9.98,6.643,2.051,0,6.153,6.557,6.779,6.951,0,4.7,2.722,6.67,1.9,3.542,5.086,4.585,11.476,13.567,4.243,4.797,6.491,5.571,8.065,4.124,21.194,5.064,8.992,2.812,4.784,4.988,9.896,0,10.223,12.889,3.516,5.037,0,4.826,3.463,1.628,5.81,4.669,7.7,5.995,0,5.305,4.889,6.544,7.658,6.951,6.981,6.706,5.087,3.209,6.366,10.008,8.297,12.801,4.996,6.804,4.886,3.918,0,4.169,5.971,9.31,4.543,6.509,9.76,6.202,3.611,4.47
TM4:bin_000088,0,0,0,0,0,0,0,0,0,0,0,0,0,0,0,0,0,0,0,0,0,0,0,0,0,0,0,0,0,0,0,0,0,0,0,0,0,0,0,0,0,0,0,0,0,0,0,0,0,0,0,0,0,0,0,0,0,0,0,0,0,0,0,0,0,0,0,0,0,0,0,0,0,0,0,0,0,0,0,0,0,0,0,0
TM4:bin_000093,0,0,2.122,1.08,0,0,0,0,0,0,0.766,0,0,1.137,0,0,0,0,0,1.393,0,0,0,0,0,0,0,0,0.834,2.203,0,0,0,0,0,0,0,0,1.603,0,0,0,0,0,0,0,0,0,0,1.258,0.935,0,0,0,0,0.953,0,0,0,0,1.257,0,0,1.711,0,0,0,0,1.425,0,0,1.137,1.985,0,0,0,0,0,0,0,0,1.424,0,0
TM4:bin_000095,0,0,0,0,0,0,0,0,0,0,0,0,0,0,0,0,0,0,0,0,0,0,0,0,0,0,0,0,0,0,0,0,0,0,0,0,0,0,0,0,0,0,0,0,0,0,0,0,0,0,0,0,0,0,0,0,0,0,0,0,0,0,0,0,0,0,0,0,0,0,0,0,0,0,0,0,0,0,0,0,0,0,0,0
TM4:bin_000097,0,0,0,0,0,0,0,0,0,0,0,0,0,0,0,0,0,0,0,1.579,0,0,0,0,0,0,0,0,0,0,0,0,0,0,0,0,0,0,0,0,0,0,0,0,0,1.045,0,0,0,0,0,0,0,0,0,0,0,0,0,0,0.937,0,0,0,0,0,0,0,0,0,0,0,0,0,0,0,0,0,0,0.986,0,1.678,1.382,0
TM4:bin_000099,0,0,0,0,0,0,0,0,0,0,0,0,0,0,0,0,0,0,0,0,0,0,0,0,0,0,0,0,0,0,0,0,0,0,0,0,0,0,0,0,0,0,0,0,0,0,0,0,0,0,0,0,0,0,0,0,0,0,0,0,0,0,0,0,0,0,0,0,0,0,0,0,0,0,0,0,0,0,0,0,0,0,0,0
TM4:bin_000106,0,0,0,0,0,0,0,0,0,0,0,0,0,0,0,0,0,0,0,0,0,0,0,0,0,0,0,0,0,0,0,0,0,0,0,0,0,0,0,0,0,0,0,0,0,0,0,0,0,0,0,0,0,0,0,0,0,0,0,0,0,0,0,0,0,0,0,0,0,0,0,0,0,0,0,0,0,0,0,0,0,0,0,0
TM4:bin_000115,0,0,0,0,0,0,0,0,0,0,0,0,0,0,0,0,0,0,0,0,0,0,0,0,0,0,0,0,0,0,0,0,0,0,0,0,0,0,0,0,0,0,0,0,0,0,0,0,0,0,0,0,0,0,0,0,0,0,0,0,0,0,0,0,0,0,0,0,0,0,0,0,0,0,0,0,0,0,0,0,0,0,0,0
TM4:bin_000133,0,0,0,0,0,0,0,0,0,0,0,0,0,0,0,0,0,0,0,0,0,0,0,0,0,0,0,0,0,0,0,0,0,0,0,0,0,0,0,0,0,0,0,0,0,0,0,0,0,0,0,0,0,0,0,0,0,0,0,0,0,0,0,0,0,0,0,0,0,0,0,0,0,0,0,0,0,0,0,0,0,0,0,0
TM4:bin_000144,0,0,0,0,0,0,0,0,0,0,0,0,0,0,0,0,0,0,0,0,0,0,0,0,0,0,0,0,0,0,0,0,0,0,0,0,0,0,0,0,0,0,0,0,0,0,0,0,0,0,0,0,0,0,0,0,0,0,0,0,0,0,0,0,0,0,0,0,0,0,0,0,0,0,0,0,0,0,0,0,0,0,0,0
TM4:bin_000166,0,0,3.383,0,2.063,1.407,1.491,0,0,0,1.344,2.028,0,0,0,0,2.196,0,0,1.196,0,0,0,0,0,0,0,1.187,1.761,2.01,0,0,1.578,3.107,1.765,0,0,0,2.381,1.697,0,0,0,0,0,16.769,0,2.012,0,0,0,0,0,1.613,0,0,0,0,0,0,0,0,0,1.68,3.275,0,0,1.581,0,2.164,0,1.674,0,2.134,0,0,0,1.606,0,0,0,18.447,0,0
TM4:bin_000184,0,0,0,0,0,0,0,0,0,0,0,0,0,0,0,0,0,0,0,0,0,0,0,0,0,0,0,0,0,0,0,0,0,0,0,0,0,0,0,0,0,0,0,0,0,0,0,0,0,0,0,0,0,0,0,0,0,0,0,0,0,0,0,0,0,0,0,0,0,0,0,0,0,0,0,0,0,0,0,0,0,0,0,0
TM4:bin_000189,0,0,0,0,0,0,0,0,0,0,0,0,0,0,0,0,0,0,0,0,0,0,0,0,0,0,0,0,0,0,0,0,0,0,0,0,0,0,0,0,0,0,0,0,0,0,0,0,0,0,0,0,0,0,0,0,0,0,0,0,0,0,0,0,0,0,0,0,0,0,0,0,0,0,0,0,0,0,0,0,0,0,0,0
TM4:bin_000200,0,0,0,0,0,0,0,0,0,0,0,0,0,0,0,0,0,0,0,0,0,0,0,0,0,0,0,0,0,0,0,0,0,0,0,0,0,0,0,0,0,0,0,0,0,0,0,0,0,0,0,0,0,0,0,0,0,0,0,0,0,0,0,0,0,0,0,0,0,0,0,0,0,0,0,0,0,0,0,0,0,0,0,0
TM4:bin_000204,8.668,9.749,32.577,10.213,21.26,8.603,9.7,10.322,1.046,10.164,10.284,7.569,13.336,10.312,3.364,0,13.319,5.831,9.841,12.347,0,7.854,5.718,8.015,5.072,9.757,7.249,13.385,19.992,24.413,10.951,6.937,9.819,9.896,15.222,6.331,9.853,6.99,16.95,3.608,9.277,8.09,6.29,0,18.87,18.994,12.972,12.412,0,7.994,7.781,5.392,12.312,9.528,8.378,11.244,6.891,11.35,10.251,10.171,14.795,12.199,10.416,14.936,12.451,9.118,9.266,13.709,14.817,22.331,6.921,11.787,9.63,8.019,8.483,9.752,8.88,11.118,16.657,14.4,11.566,15.666,9.452,6.342
TM4:bin_000209,0,0,0,0,0,0,0,0,0,0,0,0,0,0,0,0,0,0,0,0,0,0,0,0,0,0,0,0,0,0,0,0,0,0,0,0,0,0,0,0,0,0,0,0,0,0,0,0,0,0,0,0,0,0,0,0,0,0,0,0,0,0,0,0,0,0,0,0,0,0,0,0,0,0,0,0,0,0,0,0,0,0,0,0
TM4:bin_000211,0,0,0,0,0,0,0,0,0,0,0,0,0,0,0,0,0,0,0,0,0,0,0,0,0,0,0,0,0,0,0,0,0,0,0,0,0,0,0,0,0,0,0,0,0,0,0,0,0,0,0,0,0,0,0,0,0,0,0,0,0,0,0,0,0,0,0,0,0,0,0,0,0,0,0,0,0,0,0,0,0,0,0,0
TM4:bin_000216,0,1.333,1.427,0,0,0,1.203,0,0,1.103,0.904,1.078,0.855,0.886,0,0,0,0.814,0,1.451,0,0.931,0.715,0,0,0,0,1.559,1.2,2.438,0,0,0,0,2.581,0,0,0,3.454,0,0,1.14,0,0,1.288,1.992,0,0,0,0,1.007,0,0,1.152,0,0,0,0,1.054,0,1.2,0,1.153,1.498,1.87,0,0,0,0,1.676,0,2.355,0,0,0,0,2.522,1.289,2.006,0,0,0,1.399,2.223
TM4:bin_000248,1.653,5.503,2.484,0,1.653,5.733,3.839,0,0,0,0.989,1.898,0,0,0,0,2.011,3.757,5.121,3.801,0,0,0,0,0,0,0,0,2.541,2.682,7.166,0,5.43,0,0,0,0,4.101,10.68,0,0,0,0,0,0,2.902,0,2.428,0,0,0,0,2.427,0,0,7.815,0,1.421,1.022,0,1.343,2.372,1.272,1.997,2.891,1.272,0,3.135,0,1.667,3.649,0,4.894,0,0,0,0,0,0,1.929,0,2.73,0,0
TM4:bin_000249,6.4,15.519,41.247,16.183,13.215,14.15,5.784,5.525,0.692,2.329,13.848,11.246,15.162,11.29,3.729,0,6.499,9.656,9.014,33.576,0,6.406,3.799,1.773,4.689,14.059,5.232,12.848,9.605,31.771,8.6,9.823,15.458,18.474,13.113,6.326,8.503,2.875,5.972,2.218,6.529,3.55,4.25,0,19.602,46.355,9.909,3.92,0,13.071,2.275,5.732,12.303,7.803,17.027,9.233,13.561,5.406,8.645,11.13,40.744,8.058,11.26,11.834,11.613,7.398,3.811,12.617,6.856,33.645,9.871,10.367,12.909,8.128,24.484,7.489,3.406,5.489,15.704,13.957,2.215,18.786,3.342,19.476
TM4:bin_000259,0,0,0,0,0,0,0,0,0,0,0,0,0,0,0,0,0,0,0,0,0,0,0,0,0,0,0,0,0,0,0,0,0,0,0,0,0,0,0,0,0,0,0,0,0,0,0,0,0,0,0,0,0,0,0,0,0,0,0,0,0,0,0,0,0,0,0,0,0,0,0,0,0,0,0,0,0,0,0,0,0,0,0,0
TM4:bin_000261,0,0,0,0,0,0,0,0,0,0,0,0,0,0,0,0,0,0,0,0,0,0,0,0,0,0,0,0,0,0,0,0,0,0,0,0,0,0,0,0,0,0,0,0,0,0,0,0,0,0,0,0,0,0,0,0,0,0,0,0,0,0,0,0,0,0,0,0,0,0,0,0,0,0,0,0,0,0,0,0,0,0,0,0
TM4:bin_000267,0,0,5.219,0,1.355,2.529,0,7.193,0,0,3.017,0,0,45.759,0,0,2.293,0,0,0,0,0.777,0,0,0,0,0,0,0,0,0,0,0,5.113,2.21,1.321,0,0,1.741,0,0,0,0,0,12.572,0,0,9.998,0,0,0,0,0,0,0,1.647,0,11.807,6.305,0,0,0,0,0,0,0,0,1.455,0,1.926,0,5.106,11.559,2.035,0,0,0,0,0,0,2.533,0,6.923,0
TM4:bin_000275,0,0,0,0,0,0,0,0,0,0,0,0,0,0,0,0,0,0,0,0,0,0,0,0,0,0,0,0,0,0,0,0,0,0,0,0,0,0,0,0,0,0,0,0,0,0,0,0,0,0,0,0,0,0,0,0,0,0,0,0,0,0,0,0,0,0,0,0,0,0,0,0,0,0,0,0,0,0,0,0,0,0,0,0
TM4:bin_000278,0,0,0,0,0,0,0,0,0,0,0,0,0,0,0,0,0,0,0,0,0,0,0,0,0,0,0,0,0,0,0,0,0,0,0,0,0,0,0,0,0,0,0,0,0,0,0,0,0,0,0,0,0,0,0,0,0,0,0,0,0,0,0,0,0,0,0,0,0,0,0,0,0,0,0,0,0,0,0,0,0,0,0,0
TM4:bin_000285,1.031,0,2.451,2.051,1.386,0,0,0,0,0,1.051,0,0.9,0,0.534,0,3.651,0,1.23,1.335,0,0.671,0.734,0,0,0,0,0,2.331,0,0,0,1.115,0,0,0,0,0,2.686,0,0,0,0,0,0.944,1.139,0,0,0,1.225,1.572,0,1.642,1,1.754,1.089,0,1.105,1.02,0,1.357,0,1.381,1.225,0,1.679,0,1.478,0,1.519,0,0,0,0,0,0,2.979,0,2.002,1.823,0,0,0,0
TM4:bin_000286,0,1.125,1.774,0,1.788,0,0,0,0,0.966,0.929,0,0.866,1.908,0,0,0,0,0,0.837,0,0,0.751,0.912,0,0,0,0.97,1.482,1.569,0,1.002,1.077,0,0,0,0,0,2.571,0,0,0.71,0,0,1.807,1.818,0,0,0,0,0,0,0,0,0,0,0,0.98,0,1.088,0,0,0,1.914,0,0,0,0,0,1.01,0,1.123,0,0,0,0,0,0,0,1.222,0,1.42,1.29,0
TM4:bin_000287,0,0,0,0,0,0,0,0,0,0,0,0,0,0,0,0,0,0,0,0,0,0,0,0,0,0,0,0,0,0,0,0,0,0,0,0,0,0,0,0,0,0,0,0,0,0,0,0,0,0,0,0,0,0,0,0,0,0,0,0,0,0,0,0,0,0,0,0,0,0,0,0,0,0,0,0,0,0,0,0,0,0,0,0
TM4:bin_000305,0,0,0,0,0,0,0,0,0,0,0,0,0,0,0,0,0,0,0,0,0,0,0,0,0,0,0,0,0,0,0,0,0,0,0,0,0,0,0,0,0,0.661,0,0,0,1.218,0,0,0,0,0,0,0,0,0,0,0,0,0,0,0,0,0,0,0,0,0,0,0,0,0,0,0,0,0,0,0,0,0,0,0,0,0,0
TM4:bin_000312,0,0,0,0,0,0,0,0,0,0,0,0,0,0,0,0,0,0,0,0,0,0,0,0,0,0,0,0,0,0,0,0,0,0,0,0,0,0,0,0,0,0,0,0,0,0,0,0,0,0,0,0,0,0,0,0,0,0,0,0,0,0,0,0,0,0,0,0,0,0,0,0,0,0,0,0,0,0,0,0,0,0,0,0
TM4:bin_000316,7.416,12.461,34.449,11.067,16.203,10.744,8.377,12.119,1.304,9.198,12.736,12.859,19.019,15.53,4.925,0,8.893,13.546,4.112,10.931,0,9.589,4.584,8.349,5.087,9.391,4.541,11.495,12.8,27.939,4.095,5.916,10.481,6.707,9.005,7.58,22.501,8.149,14.798,2.4,11.849,9.113,18.04,0,21.263,25.463,5.016,8.429,0,8.219,4.766,3.112,12.764,4.898,5.713,8.556,5.541,13.676,7.812,7.004,20.153,11.351,12.269,13.562,16.527,9.926,9.267,11.373,12.274,20.65,6.939,16.026,19.215,6.336,5.472,4.233,7.536,9.151,11.938,12.037,16.7,9.74,9.453,13.082
