genome,M304413,M304514,M304423,M304540,M304537,M304516,M304531,M304515,M304524,M304522,M304440,M304449,M304445,M304512,M304532,M304545,M304422,M304535,M304525,M304519,M304526,M304414,M304428,M304420,M304513,M304448,M304538,M304544,M304446,M304409,M304447,M304417,M304430,M304444,M304403,M304436,M304501,M304435,M304511,M304528,M304431,M304521,M304508,M304542,M304419,M304536,M304443,M304426,M304502,M304408,M304404,M304437,M304546,M304504,M304434,M304427,M304407,M304529,M304416,M304439,M304518,M304442,M304411,M304543,M304506,M304507,M304421,M304415,M304534,M304517,M304499,M304523,M304418,M304429,M304503,M304410,M304406,M304500,M304441,M304541,M304432,M304530,M304510,M304425
00:bin_000002,0,3.024,3.998,1.106,2.987,5.097,2.843,2.62,2.04,4.089,0,3.881,5.38,2.273,3.023,2.655,0,0,5.627,7.013,4.452,4.896,3.781,3.278,2.032,1.865,1.591,1.449,3.312,4.237,5.718,2.336,5.437,6.674,0,0,2.204,0,2.969,4.422,0,1.586,0,3.384,4.868,2.333,4.125,3.84,1.521,2.08,7.172,0,2.559,2.106,3.401,2.61,0,2.655,0,46.864,5.091,5.097,5.636,1.166,2.662,5.027,7.787,5.156,0,2.165,5.008,3.793,3.065,2.651,1.09,2.706,3.249,2.643,2.576,0,7.258,3.59,3.446,2.758
00:bin_000004,0,11.197,21.985,6.042,5.573,12.205,7.306,9.821,4.899,7.605,6.495,9.617,11.982,18.134,5.416,3.596,0,0,4.982,9.891,4.024,20.749,12.558,8.177,2.836,10.941,3.713,4.616,9.615,10.596,13.576,9.801,6.763,6.362,8.897,0,5.687,8.227,7.747,1.928,0,2.708,0,5.849,10.005,16.773,19.432,7.434,3.244,5.911,18.299,0,7.505,3.072,8.038,5.012,0,3.818,5.387,318.653,2.264,8.517,9.757,1.827,4.53,22.423,7.784,4.616,15.368,7.484,9.057,12.057,6.528,6.064,3.634,18.708,9.939,6.923,1.856,0,5.95,12.821,6.412,4.797
00:bin_000007,0,3.765,3.003,1.114,1.878,1.965,1.796,2.486,1.361,4.541,5.888,3.583,3.019,2.284,2.109,1.371,0,0,1.3,5.415,3.289,4.916,3.151,2.963,2.126,3.61,2.168,2.112,3.646,3.334,4.674,3.095,2.868,4.198,0,0,2.303,0,3.129,3.654,0,2.094,0,2.011,3.046,2.275,4.033,4.522,1.195,2.084,4.984,0,2.06,2.987,2.729,3.499,3.688,2.752,3.406,60.103,1.676,3.284,3.266,1.231,2.095,3.918,2.714,2.416,0,2.377,2.512,2.488,3.984,4.32,1.774,2.077,2.393,2.036,2.104,0,5.832,5.355,1.664,2.551
00:bin_000010,0,1.109,0,0,0,0,0,0,0,0,0,0,0,0,0,0,0,0,0,0,0,0,0,0,0,0,0,0,0,0,0,0,0,0,0,0,0,0,0,0,0,0,0,0,0,0,0,0,0,0,0,0,0,0,0,0,0,0,0,0,0,0,0,0,0,0,0,0,0,0,0,0,0,0,0,0,0,0,0,0,0,0,0,0
00:bin_000015,0,1.443,0,0.773,1.232,0.906,0,0.965,0.611,0.843,0,1.403,0.865,0,0,0.838,0,0,0,1.32,0.894,1.158,1.755,1.165,0,1.484,1.545,0.707,0,1.263,1.206,1.331,1.175,2.173,2.492,0,1.394,0,1.557,0,0,0.776,0,0,1.296,0,2.034,1.51,0,0,1.475,0,0.941,1.81,1.73,0.68,0,1.527,0,18.886,0,1.284,0.751,0,1.078,1.463,0,1.273,0,0,1.923,0,1.587,1.3,1.189,1.089,0,0,0,0,1.768,1.369,0.755,0
00:bin_000024,0,4.865,0,1.989,3.025,1.095,1.513,2.085,0.887,1.011,0,0,1.831,1.966,1.931,0,0,0,0,1.866,1.766,2.239,1.088,2.447,1.437,2.299,1.042,0.84,1.587,3.033,0,1.297,2.255,1.972,1.796,0,1.913,6.429,2.103,1.34,0,2.116,0,1.077,1.126,1.856,1.695,1.828,0,0,3.671,0,0.949,1.282,2.099,1.747,0,0,0,83.338,0,2.985,1.574,1.082,1.292,1.789,0,3.504,0,2.249,1.145,0,3.252,1.389,1.1,1.872,3.715,0.859,1.383,0,1.595,7.859,1.627,1.397
00:bin_000030,0,0,0,0,0,0,0,0,0,0,0,0,0,0,0,0,0,0,0,0,0,0,0,0,0,0,0,0,0,0,0,0,0,0,0,0,0,0,0,0,0,0,0,0,0,0,0,0,0,0,0,0,0,0,0,0,0,0,0,0,0,0,0,0,0,0,0,0,0,0,0,0,0,0,0,0,0,0,0,0,0,0,0,0
00:bin_000037,0,0,1.41,0,0,0,0.861,0,0,1.427,0,1.599,1.528,0,0.977,0,0,0,0,1.379,1.255,1.302,1.218,1.249,0,2.855,0.944,0,0,1.815,0,2.234,1.175,2.479,0,0,0,0,0,0,0,0,0,0,0,0,1.014,1.931,0,0,1.253,0,0,0,1.374,1.179,0,0,0,24.529,1.212,1.522,1.294,0,0.786,1.257,0,1.134,0,0,0,0,1.852,1.089,0.853,0.787,0,0.82,1.151,0,1.63,1.886,0.694,0
00:bin_000040,0,0,0,0,0,0,0,0,0,0,0,0,0,0,0,0,0,0,0,0,0,0,0,15.886,0,0,0,0,0,0,0,0,0,0,0,0,0,0,0,0,0,0,0,0,0,0,0,0,0,0,0,0,0,0,0,0,0,0,0,0,0,0,0,0,0,0,0,0,0,0,0,0,0,0,0,0,0,0,0,0,0,0,0,0
00:bin_000043,0,0,0,0,0,0,1.081,0,0,0,0,0,0,0,0,0.903,0,0,0,0,0,0.895,0,1.442,0,0,0,0,0,0,0,0,0,0,0,0,0,0,0,0,0,0,0,0,0,0,0,0.83,0,0,0.959,0,0,0,0,0,0,0,0,0,0,0,0,0,0,0,0,0,0,0,0.938,0,0,0,0,0,0,0,0,0,0,0.717,0,0
00:bin_000048,0,0,0,0,0,0,0,0.899,0,1.068,0,2.065,0.901,0,0,0,0,0,0,1.385,0,1.399,0,1.157,0,0,0,0,1.242,0,1.425,0,1.071,1.279,0,0,0.92,0,0,0,0,0,0,0.742,1.075,0,1.203,1.386,0,0,1.039,0,0,0,0,0,0,0,0,21.916,0,1.441,0,0,0.751,0.856,0,1.375,0,0,1.401,0,1.218,0,1.047,0,0,0.72,0,0,1.483,0.979,0,0
00:bin_000049,0,1.216,0,0,0,0,0,0,0,0,0,0,0.828,0,0,0,0,0,0,0,0,0,0,0,0,0,0,0,0,0,0.946,0,0,0,1.622,0,0,0,0,0,0,0,0,0,0,0,0,0.874,0,0,0,0,0,0,0,0,0,0,0,0,0,1.664,0,0,0,0,0,0,0,0,0,0,0,0,0,0,0,0,0,0,1.408,0,0,0
00:bin_000052,0,0,0,0,0,0,0,0,0,0,0,0,0,0,0,0,0,0,0,0,0,0,0,0,0,0,0,0,0,0,0,0,0,0,0,0,0,0,0,0,0,0,0,0,0,0,0,0,0,0,0,0,0,0,0,0,0,0,0,0,0,0,0,0,0,0,0,0,0,0,0,0,0,0,0,0,0,0,0,0,0,0,0,0
00:bin_000054,0,0,0,0,0,0,0,0,0,0,0,0,0,0,0,0,0,0,0,0,0,0,0,0,0,0,0,0,0,0,0,0,0,0,0,0,0,0,0.922,0,0,0,0,0,0,0,0,0,0,0,0,0,0,0,0,0,0,0,0,0,0,0,0,0,0,0,0,0,0,0,0,0,0,0,0,0,0,0,0,0,0,0,0,0
00:bin_000057,0,2.555,1.101,0.935,1.191,0.831,0.704,1.332,0.733,0.744,0,0,1.725,1.447,0.788,0,0,0,0,1.21,1.07,1.048,0,0,0,1.844,0.828,0.622,0.899,1.708,2.985,0,1.373,1.645,0,0,1.266,0,1.168,1.063,0,0.758,0,0.854,0.866,1.256,1.213,1.212,0.706,0,2.275,0,1.012,0,2.36,0.655,0,7.778,0,35.56,0,1.022,1.714,0.604,0.843,1.832,1.217,1.397,0,0,1.389,0.888,1.27,1.594,0,1.219,1.104,1.055,1.08,0,2.511,1.781,1.085,1.345
00:bin_000065,0,0,0,0,0,0,0,0,0,0,0,0,0,0,0,0,0,0,0,0,0,0,0,0,0,0,0,0,0,0,0,0,0,0,0,0,0,0,0,0,0,0,0,0,0,0,0,0,0,0,0,0,0,0,0,0,0,0,0,0,0,0,0,0,0,0,0,0,0,0,0,0,0,0,0,0,0,0,0,0,0,0,0,0
00:bin_000067,0,0,0,0,0,0.881,0.681,0.826,0,0,0,0,0.989,0,0.688,0,0,0,0,1.278,0,1.046,0,0,0,0,0.808,0,0,0.863,1.2,1.321,0,0,0,0,0,0,0,0,0,0,0,0.783,1.127,0,1.656,1.003,0,0,1.149,0,0.836,0,2.008,1.044,0,0,0,25.865,0,1.599,0,0,0,0.672,1.537,0,0,1.04,0,0,1.186,1.498,0,0,0,0,0.763,0,1.366,1.29,0,0
00:bin_000077,0,0,0,0,0,0,0,0,0,0,0,0,0,0,0,0,0,0,0,0,0,0,0,0,0,0,0,0,0,0,0,0,0,0,0,0,0,0,0,0,0,0,0,0,0,0,0,0,0,0,0,0,0,0,0,0,0,0,0,0,0,0,0,0,0,0,0,0,0,0,0,0,0,0,0,0,0,0,0,0,0,0,0,0
00:bin_000098,0,0,0,0,0,0,0,0,0,0,0,0,0,0,0,0,0,0,0,0,0,0,0,0,0,0,0,0,0,0,0,0,0,0,0,0,0,0,0,0,0,0,0,0,0,0,0,0,0,0,0,0,0,0,0,0,0,0,0,0,0,0,0,0,0,0,0,0,0,0,0,0,0,0,0,0,0,0,0,0,0,0,0,0
00:bin_000105,0,0,0,0,0,0,0,0,0,0,0,0,0,0,0,0,0,0,0,0,0,0,0,0,0,0,0,0,0,0,0,0,0,0,0,0,0,0,0,0,0,0,0,0,0,0,0,0,0,0,0,0,0,0,0,0,0,0,0,0,0,0,0,0,0,0,0,0,0,0,0,0,0,0,0,0,0,0,0,0,0,0,0,0
00:bin_000114,0,0,0,0,0,0,0,0,0,0,0,0,0,0,0,0,0,0,0,0,0,0,0,0,0,0,0,0,0,0,0,0,0,0,0,0,0,0,0,0,0,0,0,0,0,0,0,0,0,0,1.45,0,0,0,0,0,0,0,0,0,0,0,0,0,0,0,0,0,0,0,0,0,0,0,0,0,0,0,0,0,0,0,0,0
00:bin_000122,0,2.831,2.933,1.294,2.022,2.31,1.572,2.474,1.904,2.699,0,3.029,3.654,2.473,2.087,2.782,0,0,2.045,4.193,1.686,3.612,3.468,3.899,2.245,3.485,2.23,1.545,2.375,3.82,3.013,3.425,2.799,4.523,1.626,0,1.763,0,2.922,2.663,0,1.789,0,1.808,2.657,2.214,3.547,4.604,1.071,3.059,5.479,0,1.706,1.046,3.041,2.939,0,2.178,0,71.083,1.363,5.704,3.383,1.184,2.109,4.468,2.107,3.401,0,2.195,2.656,2.537,3.861,3.8,2.681,1.658,3.44,1.594,2.652,0,4.397,2.062,1.731,2.565
00:bin_000123,0,0,0,0,0,0,0,0,0,0,0,0,0,0,0,0,0,0,0,0,0,0,0,0,0,0,0,0,0,0,0,0,0,0,0,0,0,0,0,0,0,0,0,0,0,0,0,0,0,0,0,0,0,0,0,0,0,0,0,0,0,0,0,0,0,0,0,0,0,0,0,0,0,0,0,0,0,0,0,0,0,0,0,0
00:bin_000129,0,0,0,0,0,0,0,0,0,0,0,0,0,0,0,0,0,0,0,0,0,0,0,0,0,0,0,0,0,0,0,0,0,0,0,0,0,0,0,0,0,0,0,0,0,0,0,0,0,0,0,0,0,0,0,0,0,0,0,0,0,0,0,0,0,0,0,0,0,0,0,0,0,0,0,0,0,0,0,0,0,0,0,0
00:bin_000144,23.013,24.545,27.544,24.508,29.612,22.416,19.616,24.89,14.448,27.329,43.226,29.37,37.178,26.716,13.879,17.76,0,25.706,19.628,37.332,22.232,38.506,32.941,29.617,21.289,25.212,16.977,13.31,23.706,43.247,22.508,28.455,30.783,49.639,19.951,14.376,30.627,16.208,27.157,23.336,7.51,13.902,11.182,21.857,44.25,25.072,40.774,46.494,16.43,30.662,58.365,18.223,19.753,18.368,30.004,17.598,15.091,27.152,27.187,579.548,18.571,32.748,31.156,13.467,25.865,47.686,22.751,42.124,0,19.432,35.607,17.439,35.947,31.21,24.307,16.098,23.393,15.239,29.101,10.893,43.845,34.728,19.01,24.841
00:bin_000146,0,0,0,0,0,0,0,0,0,0,0,0,0,0,0,0,0,0,0,0,0,0,0,0,0,0,0,0,0,0,0,0,0,0,0,0,0,0,0,0,0,0,0,0,0,0,0,0.87,0,0,0,0,0,0,0,0,0,0,0,0,0,0,0,0,0,0,0,0,0,0,0,0,0,0,0,0,0,0,0,0,0,0,0,0
00:bin_000151,0,0,0,0,0,0,0,0,0,0,0,0,0,0,0,0,0,0,0,0,0,0,0,0,0,0,0,0,0,0,0,0,0,0,0,0,0,0,0,0,0,0,0,0,0,0,0,0,0,0,0,0,0,0,0,0,0,0,0,0,0,0,0,0,0,0,0,0,0,0,0,0,0,0,0,0,0,0,0,0,0,0,0,0
00:bin_000159,0,0,0,0,0,0,0,0,0,0,0,0,0,0,0,0,0,0,0,0,0,0,0,0,0,0,0,0,0,0,0,0,0,0,0,0,0,0,0,0,0,0,0,0,0,0,0,0,0,0,0,0,0,0,0,0,0,0,0,0,0,0,0,0,0,0,0,0,0,0,0,0,0,0,0,0,0,0,0,0,0,0,0,0
00:bin_000162,0,2.992,6.008,0,1.25,2.776,1.079,1.403,1.815,1.536,0,1.668,2.563,1.375,2.122,2.012,0,0,2.089,3.164,0.922,2.749,1.363,0,0,1.361,0.843,0,2.07,1.392,0.973,1.814,3.223,5.411,0,0,0.996,0,1.318,1.216,0,1.172,0,1.047,2.174,0,1.986,2.548,0.716,0,2.323,0,0,0,1.635,1.664,0,1.882,0,36.339,1.642,3.296,1.906,0.894,0.911,3.067,9.904,2.654,0,1.03,2.245,0,1.375,2.34,0,0.798,0,1.294,1.552,0,2.751,1.803,0.841,1.769
00:bin_000163,0,0,0,0,0,0,0,0,0,0,0,0,0,0,0,0,0,0,0,0,0,0,0,0,0,0,0,0,0,0,0,0,0,0,0,0,0,0,0,0,0,0,0,0,0,0,0,0,0,0,0,0,0,0,0,0,0,0,0,0,0,0,0,0,0,0,0,0,0,0,0,0,0,0,0,0,0,0,0,0,0,0,0,0
00:bin_000167,0,1.026,0,0.751,1.027,0,1.228,1.246,0.935,0.71,0,0,2.029,0,0.983,0,0,0,1.262,1.92,1.859,1.311,1.882,2.101,0,1.989,1.879,0.945,0.901,1.052,1.855,1.913,1.713,1.806,0,0,0.794,0,0,2.822,0,0,0,1.283,1.089,1.376,1.748,2.256,0,2.371,0,0,1.558,1.283,1.545,2.27,0,1.41,0,58.463,1.252,1.422,0,0.913,0.796,1.746,1.098,1.039,0,1.732,1.421,0,2.362,0,0.964,0.894,1.421,0.757,1.062,0,2.359,1.981,0,0
00:bin_000171,0,0,0,0,0,0,0,1.886,0,0,0,0,0,0,0,0,0,0,0,0,0,0,0,0,0,0,0,0,0,0,0,0,0,0,0,0,0,0,0,0,0,0,0,0,0,0,0,0.753,0,0,0,0,0,0,0,0,0,0,0,0,0,0,0,0,0,0,0.95,0,0,0,0,0,0,0,0,0,0,0,0,0,0,0,0,0
00:bin_000175,0,0,0,0,0,0,0,0,0,0,0,0,0.855,0,0,0,0,0,0,1.013,0,0,0,0,0,0,0,0,0,0,0,0,0,0,0,0,0,0,0,0,0,0,0,0,0,0,1.019,1.035,0,0,0,0,0,0,0,0,0,0,0,0,0,0,0,0,0,0,0,0,0,0,0,0,1.228,0,0,0,0,0,0,0,1.083,0,0,0
00:bin_000181,0,0,0,0,0,0,0,0,0,0,0,0,0,0,0,0,0,0,0,0,0,1.297,0,1.086,0,0,0,0,0,0,0,0,0,0,0,0,0,0,0,0,0,0,0,0,0,0,1.189,0,0,0,0,0,0,0,0,0,0,0,0,16.368,0,0,0,0,0,0,0,0,0,0,0,0,0,0,0,0,0,0.962,0,0,0,0,0,0
00:bin_000184,0,0,0,0,0,0,0,0,0,0,0,0,0,0,0,0,0,0,0,0,0,0,0,0,0,0,0,0,0,0,0,0,0,0,0,0,0,0,0,0,0,0,0,0,0,0,0,0,0,0,0,0,0,0,0,0,0,0,0,0,0,0,0,0,0,0,0,0,0,0,0,0,0,0,0,0,0,0,0,0,0,0,0,0
00:bin_000194,0,0,0,0,1.94,1.073,2.708,1.556,1.191,0,0,0,0.876,0,1.574,0,0,0,1.413,1.553,1.552,1.09,0,0,0,0,1.518,0,1.435,0,1.185,0,0,1.81,0,0,0,0,0,0,0,0,0,0.723,0,0,0,0.815,0,0,1.411,0,0,0,0.933,1.991,0,1.045,0,57.76,2.08,3.712,0,0,0,0,0,0,0,1.021,0,1.815,0,0,0,0,1.891,1.133,0,0,0.89,1.107,0,0
00:bin_000198,0,4.224,2.524,3.243,2.652,4.138,2.121,5.73,2.05,3.401,0,4.462,4.718,2.684,3.384,1.71,0,0,2.911,6.216,4.088,6.749,4.421,6.571,2.855,2.698,4.027,2.836,3.514,3.119,4.182,3.738,3.106,7.184,4.192,0,5.532,5.502,3.796,5.648,4.598,2.117,0,3.111,3.728,2.538,5.258,3.009,2.424,4.588,4.001,0,3.175,2.675,6.911,3.301,0,2.332,0,73.154,3.373,4.106,2.698,1.702,3.523,3.688,2.921,3.366,0,2.886,3.858,3.056,5.275,3.461,3.308,2.935,3.165,2.376,3.202,10.763,7.616,4.263,1.917,3.24
00:bin_000200,0,0,2.315,0,0,0,0,1.141,0,0,0,1.214,0,1.986,0,0,0,0,0,0,0,1.42,0,0,0,0,0,0,0,0,0,0,0,0,0,0,0,0,0,0,0,0,0,0,0,0,1.618,0,0,0,1.101,0,0,0,0,0,0,0,0,22.516,0,0,0,0,0,1.406,0,0,0,0,1.235,0.871,0,0,0,1.38,1.08,0,0,0,0,0.956,0,0
00:bin_000204,0,0,0,0,0,0,0,0,0,0,0,0,0,0,0,0,0,0,0,0,0,0,0,0,0,0,0,0,0,0,0,0,0,0,0,0,0,0,0,0,0,0,0,0,0,0,0,0,0,0,0,0,0,0,0,0,0,0,0,0,0,0,0,0,0,0,0,0,0,0,0,0,0,0,0,0,0,0,0,0,0,0,0,0
00:bin_000205,0,0,0,0,0,0,0,0,0,0,0,0,0,0,0,0,0,0,0,0,0,0,0,0,0,0,0,0,0,0,0,0,0,0,0,0,0,0,0,0,0,0,0,0,0,0,0,0,0,0,0,0,0,0,0,0,0,0,0,0,0,0,0,0,0,0,0,0,0,0,0,0,0,0,0,0,0,0,0,0,0,0,0,0
00:bin_000212,0,5.284,7.046,3.137,6.382,9.06,5.553,4.022,4.425,7.213,15.122,10.982,10.646,6.709,5.042,4.043,0,0,7.641,9.813,8.553,10.3,8.942,5.536,5.24,6.975,3.304,1.638,5.642,7.944,4.76,4.231,5.251,10.442,0,0,3.248,0,7.792,7.957,35.253,4.897,0,3.941,5.982,5.723,12.142,7.327,3.407,12.412,19.015,0,3.965,2.619,6.81,6.391,14.556,6.274,0,176.974,2.599,11.871,7.269,2.161,6.877,10.199,9.325,5.539,0,4.657,8.038,7.278,6.677,5.481,4.762,4.113,2.202,5.04,8.964,0,11.501,9.278,3.817,5.569
00:bin_000217,0,2.589,1.54,2.491,4.332,2.394,1.073,1.157,1.245,2.814,0,3.338,3.439,2.001,2.1,1.34,0,0,1.614,3.658,4.131,4.11,4.497,1.204,2.061,2.169,3.524,1.762,1.957,2.796,1.687,2.404,2.629,5.592,0,0,2.273,0,1.649,2.872,0,0.936,0,2.453,2.401,5.776,5.147,6.133,2.508,6.133,5.907,0,2.874,3.641,3.766,3.707,0,3.515,0,103.125,3.575,5.386,1.224,1.119,2.756,3.687,1.735,1.828,0,1.714,3.731,2.91,4.94,4.73,1.622,1.125,1.729,2.125,2.183,0,4.925,2.689,2.367,2.051
00:bin_000221,0,0,0,0,0,0,0,0,0,0,0,0,0,0,0,0,0,0,0,0,0,0,0,0,0,0,0,0,0,0,0,0,0,0,0,0,0,0,0,0,0,0,0,0,0,0,0,0,0,0,0,0,0,0,0,0,0,0,0,0,0,0,0,0,0,0,0,0,0,0,0,0,0,0,0,0,0,0,0,0,0,0,0,0
00:bin_000228,0,0,0,0,0,0,0,0,0,0,0,0,0,0,0,0,0,0,0,0,0,0,0,0,0,0,0,0,0,0,0,0,0,0,0,0,0,0,0,0,0,0,0,0,0,0,0,0,0,0,0,0,0,0,0,0,0,0,0,0,0,0,0,0,0,0,0,0,0,0,0,0,0,0,0,0,0,0,0,0,0,0,0,0
00:bin_000232,0,0,0,0,0,0,0,0,0,0,0,0,0,0,0,0,0,0,0,0,0,0,0,0,0,0,0,0,0,0,0,0,0,0,0,0,0,0,0,0,0,0,0,0,0,0,0,0,0,0,0,0,0,0,0,0,0,0,0,0,0,0,0,0,0,0,0,0,0,0,0,0,0,0,0,0,0,0,0,0,0,0,0,0
00:bin_000238,0,0,0,0,0,0,0,0,0,0,0,0,0.867,0,0,0,0,0,0,0,0,0,0,0,0,0,0,0,0,0,0,0,0,0,0,0,0,0,0,0,0,0,0,0,0,0,0,0,0,0,0,0,0,0,0,0,0,0,0,0,0,0,0.932,0,0,0,0,0,0,0,0,0,0,0,0,0,0,0,0,0,0,0,0,0
00:bin_000241,0,0,0,0,0.919,0,0,0,0,0.844,0,0,0,0,0,0,0,0,0,1.731,0,0,0,0,0,0,0,0,0,1.156,0,0,2.124,0,0,0,0.934,0,0,0,0,0,0,0,0,0,0,1.041,0,0,1.031,0,0,0,0.996,0.682,0,0,0,19.091,0,4.7,0,0.639,0,0,0,1.352,0,1.084,0,0.954,0,0,0,0,0,0,1.346,0,0.838,0,0,0
00:bin_000243,0,0,0,0,0,0,0,0,0,0,0,0,1.283,0,0,0,0,0,0,0,0,0,0,0,0,0,0,0,0,0,0,0,0,0,0,0,0,0,0,0,0,0,0,0,0,0,0,0,0,0,0,0,0,0,0,0,0,0,0,0,0,0,0,0,0,0,0,0,0,0,0,0,0,0,0,0,0,0,0,0,0,0,0,0
00:bin_000285,0,0,0,0,0,0,0,0,0,0,0,0,0,0,0,0,0,0,0,0,0,0,0,0,0,0,0,0,0,0,0,0,0,0,0,0,0,0,0,0,0,0,0,0,0,0,0,0,0,0,0,0,0,0,0,0,0,0,0,0,0,0,0,0,0,0,0,0,0,0,0,0,0,0,0,0,0,0,0,0,0,0,0,0
00:bin_000287,0,0,0,0,0,0,0,0,0,0,0,0,0.803,0,0,0,0,0,0,0.917,0,0,0,0,0,0,0,0,0,2.117,1.693,0,0,0,0,0,0,0,1.044,0,0,0,0,0,0,0,0,1.338,0,0,0,0,0,2.677,0,0,0,2.153,0,0,0,0,0,0,0,0.951,0,0,0,0,0,0,1.108,0,0,0,0,0,0,0,0,0,0,0
00-TM1:bin_000014,0,0,0,0,0,0,0,0,0,1.58,0,0,0.889,0,0,0,0,0,0,0,0,0,0,0,0,0,0,0,0,0,0,0,1.49,0,0,0,0,0,0,0,0,0,0,0,0,0,0,0,0,0,0,0,1.057,0,0,0,0,0,0,0,0,0,0,0,0,0,0,0,0,0,0,0,0,0,0,0,0,0,0,0,1.028,0,0,0
00-TM1:bin_000022,0,3.701,5.61,3.35,6.027,5.058,3.461,4.604,2.751,4.494,0,3.953,4.492,3.712,3.748,1.869,0,0,2.399,4.211,3.731,7.478,4.485,3.427,2.293,3.389,3.243,1.366,4.636,3.606,3.334,2.876,4.828,6.817,5.474,0,3.358,4.745,4.617,2.022,0,2.395,0,3.752,3.961,3.07,5.222,7.595,2.549,5.83,7.449,0,4.521,2.348,4.934,2.964,0,3.25,0,112.288,2.365,4.109,4.497,2.184,4.079,5.943,5.142,3.735,0,2.701,4.652,4.118,6.531,4.915,2.298,7.097,4.039,2.956,2.918,0,6.539,4.319,2.701,3.512
00-TM1:bin_000047,0,0,0,0,0,0,0,0,0,0,0,0,0,0,0,0,0,0,0,0,0,0,0,0,0,0,0,0,0,0,0,0,0,0,0,0,0,0,0,0,0,0,0,0,0,0,0,0,0,0,0,0,0,0,0,0,0,0,0,0,0,0,0,0,0,0,0,0,0,0,0,0,0,0,0,0,0,0,0,0,0,0,0,0
00-TM1:bin_000048,0,0,0,0,0,0,0,0,0,0,0,0,0,0,0,0,0,0,0,0,0,0,0,0,0,0,0,0,0,0,0,0,0,0,0,0,0,0,0,0,0,0,0,0,0,0,0,0,0,0,0,0,0,0,0,0,0,0,0,0,0,0,0,0,0,0,0,0,0,0,0,0,0,0,0,0,0,0,0,0,0,0,0,0
00-TM1:bin_000056,0,0,0,0,0,0,0,0,0,0,0,0,0,0,0,0,0,0,0,0,0,0,0,0,0,0,0,0,0,0,0,0,0,0,0,0,0,0,0,0,0,0,0,0,0,0,0,0,0,0,0,0,0,0,0,0,0,0,0,0,0,0,0,0,0,0,0,0,0,0,0,0,0,0,0,0,0,0,0,0,0,0,0,0
00-TM1:bin_000074,0,0,0,0,0,0,0,0,0,0,0,0,0,0,0,0,0,0,0,0,0,0,0,0,0,0,0,0,0,0,0,0,0,0,0,0,0,0,0,0,0,0,0,0,0,0,0,0,0,0,0,0,0,0,0,0,0,0,0,0,0,0,0,0,0,0,0,0,0,0,0,0,0,0,0,0,0,0,0,0,0,0,0,0
00-TM1:bin_000078,0,1.204,0,0,0.988,0,0,0.93,0,1.676,0,0,0,0,1.008,0,0,0,0,0.979,0,1.083,0,0,0,0,0,0,0,0.945,0,0,1.626,1.525,0,0,0,0,0,1.044,0,0,0,0,0,0,0,2.8,0.85,0,1.079,0,0,0,0,0,0,0,0,0,0,0,0.835,0,0,0.95,0,0,0,0,0,0,0,0,0,0,0,0,0.813,0,1.797,0,0,0
00-TM1:bin_000084,0,1.83,2.993,2.175,3.385,1.825,2.94,1.37,1.197,5.503,0,1.359,2.531,0,2.366,1.051,0,0,1.961,3.538,3.041,5.207,0,1.526,2.036,0,1.337,1.127,1.433,6.601,5.161,2.156,2.684,3.838,0,0,4.562,0,2.004,4.435,0,3.331,0,5.062,2.231,1.645,3.867,4.279,1.575,3.083,3.828,0,0,2.007,9.352,1.617,0,1.92,0,32.199,1.636,8.094,2.435,0,0.981,2.79,1.063,2.646,0,0,3.406,1.665,2.934,2.462,1.694,1.199,1.514,0,3.35,0,2.571,1.246,3.903,3.408
00-TM1:bin_000088,0,0,0,0,1.213,0,0,0,0,0,0,0,0,0,0,0,0,0,0,1.208,0,1.115,0,0,0,0,0,0,0,2.288,0,2.745,0,0,0,0,0,0,0,0,0,0,0,0,0,0,0,0,1.022,0,0,0,0,0,0,0,0,0,0,0,0,0,0,0,0,1.58,0,0,0,0,1.194,0,0,0,0,0,0,0,0,0,0,0,0,0
00-TM1:bin_000099,0,0,0,0,0,0,0,0,0,0,0,0,0,0,0,0,0,0,0,0,0,0,0,0,0,0,0,0,0,0,0,0,0,0,0,0,0,0,0,0,0,0,0,0,0,0,0,0,0,0,0,0,0,0,0,0,0,0,0,0,0,0,0,0,0,0,0,0,0,0,0,0,0,0,0,0,0,0,0,0,0,0,0,0
00-TM1:bin_000117,0,0,0,0,0,0,0,0,0,0,0,0,0,0,0,0,0,0,0,0,0,1.047,0,0,0,0,0,0,0,0,0,0,0,0,0,0,0,0,0,0,0,0,0,0,0,0,0,0,0,0,1.553,0,0,0,0,0,0,0,0,0,0,0,0,0,0,0,0,0,0,0,0,0,0,0,0,0,0,0,0,0,0,0,0,0
00-TM1:bin_000135,0,2.055,1.911,1.416,2.1,1.734,1.76,1.708,1.171,1.946,0,1.836,2.438,1.534,1.684,1.657,0,0,1.353,2.657,1.741,3.218,2.04,1.681,1.237,2.407,1.419,0,1.778,3.022,2.487,1.716,2.081,3.619,1.91,0,1.345,0,1.933,1.504,0,1.123,0,1.664,2.22,1.6,2.392,2.746,1.293,2.565,3.63,0,1.285,1.318,2.269,1.691,0,1.975,0,44.723,1.543,2.485,1.875,0.914,1.754,2.747,1.923,2.509,0,1.903,2.063,1.425,2.916,2.227,1.222,1.692,1.711,1.377,1.696,0,3.247,2.009,1.563,1.614
00-TM2:bin_000005,0,0,0,0,0,0,0,0,0,0,0,0,0,0,0,0,0,0,0,0,0,0,0,0,0,0,0,0,0,0,0,0,0,0,0,0,0,0,0,0,0,0,0,0,0,0,0,0,0,0,0,0,0,0,0,0,0,0,0,0,0,0,0,0,0,0,0,0,0,0,0,0,0,0,0,0,0,0,0,0,0,0,0,0
00-TM2:bin_000007,0,0,0,0,0,0,0,0,0,0,0,0,0,0,0,0,0,0,0,0,0,0,0,0,0,0,0,0,0,0,0,0,0,0,0,0,0,0,0,0,0,0,0,0,0,0,0,0,0,0,1.325,0,0,0,0,0,0,0,0,0,0,0,0,0,0,0,0,0,0,0,0,0,0,0,0,0,0,0,0,0,0,0,0,0
00-TM2:bin_000016,0,0,0,0,0,0,0,0,0,0,0,0,0,0,0,0,0,0,0,0,0,0,0,0,0,0,0,0,0,0,0,0,0,1.325,0,0,0,0,0,0,0,0,0,0,0,0,0.727,0,0,0,0,0,0,0,0,0,0,0,0,0,0,0,0,0,0,0,0,0,0,0,0,0,0,0,0,0,0,0,0,0,0,0,0,0
00-TM2:bin_000034,0,0,0,0,0,0,0,0,0,0,0,0,0,0,0,0,0,0,0,0,0,0,0,0,0,0,0,0,0,0,0,0,0,0,0,0,0,0,0,0,0,0,0,0,0,0,0,0,0,0,0,0,0,0,0,0,0,0,0,0,0,0,0,0,0,0,0,0,0,0,0,0,0,0,0,0,0,0,0,0,0,0,0,0
00-TM2:bin_000054,0,0,0,0,0,0,0,0,0,0,0,0,0,0,0,0,0,0,0,0,0,0,0,0,0,0,0,0,0,0,0,0,0,0,0,0,0,0,0,0,0,0,0,0,0,0,0,0,0,0,0,0,0,0,0,0,0,0,0,0,0,0,0,0,0,0,0,0,0,0,0,0,0,0,0,0,0,0,0,0,0,0,0,0
00-TM2:bin_000080,0,4.1,3.799,4.293,4.169,4.635,3.807,3.168,3.419,6.613,6.321,5.224,7.482,3.013,3.075,2.307,0,0,2.152,5.493,4.044,6.913,5.859,5.732,2.243,3.97,2.796,1.68,3.389,6.394,4.244,3.198,5.447,9.419,5.759,0,4.547,0,2.75,4.116,0,2.483,0,3.409,6.615,3.668,6.576,8.052,3.4,7.313,9.043,0,4.233,2.454,9.682,3.054,0,5.828,0,132.66,2.861,5.439,4.397,2.157,4.447,9.504,3.391,8.505,0,4.81,7.168,2.293,5.274,4.646,2.76,3.071,3.98,2.773,3.809,0,8.974,5.768,3.118,3.918
00-TM2:bin_000086,0,0,0,0,0,0,0,0,0,0,0,0,0,0,0,0,0,0,0,0,0,0,0,0,0,0,0,0,0,0,0,0,0,0,0,0,0,0,0,0,0,0,0,0,0,0,0,0,0,0,0,0,0,0,0,0,0,0,0,0,0,0,0,0,0,0,0,0,0,0,0,0,0,0,0,0,0,0,0,0,0,0,0,0
00-TM2:bin_000116,0,0,0,0,0,0,0,0,0,0,0,0,0,0,0,0,0,0,0,0,0,0,0,0,0,0,0,0,0,0,0,0,0,0,0,0,0,0,0,0,0,0,0,0,0,0,0,0,0,0,0,0,0,0,0,0,0,0,0,0,0,0,0,0,0,0,0,0,0,0,0,0,0,0,0,0,0,0,0,0,0,0,0,0
00-TM3:bin_000043,0,0,0,0,0,0,0,0,0,0,0,0,0,0,0,0,0,0,0,0,0,0,0,0,0,0,0,0,0,0,0,0,0,0,0,0,0,0,0,0,0,0,0,0,0,0,0,0,0,0,0,0,0,0,0,0,0,0,0,0,0,0,0,0,0,0,0,0,0,0,0,0,0,0,0,0,0,0,0,0,0,0,0,0
00-TM3:bin_000053,0,0.806,1.514,1.637,0.957,0,0.851,0.919,0,0.708,0,0,0.974,1.376,1.163,0,0,0,0,1.278,0.798,1.543,1.751,0,0,0,0.772,0,0,1.213,1.252,1.297,0,1.932,2.028,0,0.715,0,1.888,0,0,0,0,0,1.766,1.211,1.206,1.067,0,0,1.549,0,0,0.949,1.654,0,0,0,0,24.303,0,1.151,0,0,0.78,1.442,0,1.14,0,0,0.727,0,1.352,1.177,1.141,0.772,0,0,0,0,1.854,0.921,0.942,0
00-TM3:bin_000079,0,15.826,38.015,4.696,6.313,16.738,5.739,4.03,6.629,4.838,0,9.406,15.207,6.479,8.197,0,0,0,12.008,9.061,20.009,13.675,5.964,5.358,4.985,9.259,6.355,1.684,12.459,15.077,3.089,6.476,12.644,36.511,5.643,0,2.017,0,15.725,8.526,4.026,10.61,6.095,4.863,6.427,1.22,11.798,12.654,3.732,9.201,26.788,9.034,5.229,2.361,2.058,5.78,8.081,6.228,5.054,100.327,11.741,8.869,4.033,5.317,1.705,5.24,47.898,10.845,0,9.094,4.825,3.292,14.203,19.959,0,4.368,1.513,4.553,5.769,7.761,11.501,6.991,5.483,7.982
00-TM4:bin_000006,0,5.22,2.895,2.678,1.949,2.617,2.738,4.999,2.015,3.453,6.601,3.847,3.548,3.241,3.23,2.612,0,0,1.563,3.355,3.929,4.776,3.211,3.631,2.437,4.28,1.787,1.465,2.205,4.181,10.432,3.557,4.99,8.153,5.855,0,3.155,0,5.09,3.37,4.907,2.899,0,2.36,5.514,2.409,3.487,5.441,3.979,5.693,6.74,8.885,3.274,2.564,3.416,1.832,0,16.296,3.677,61.519,2.725,5.001,3.742,1.446,1.872,6.534,2.584,3.325,0,1.538,4.637,2.809,5.011,3.062,3.034,2.209,3.458,1.359,2.577,0,5.933,3.759,2.319,3.233
00-TM4:bin_000010,9.198,12.811,14.475,13.344,9.863,10.862,10.093,13.562,5.619,9.545,13.799,11.775,15.667,13.387,7.312,8.773,0,6.651,10.643,14.155,8.59,18.961,18.884,14.32,10.187,14.763,9.152,6.796,8.446,18.006,16.058,14.869,19.598,18.773,27.744,0,13.487,24.903,14.558,9.863,4.62,7.165,0,8.642,14.883,14.119,15.055,17.079,6.642,11.714,27.037,14.935,9.793,6.4,14.735,9.934,10.617,9.964,16.373,366.542,8.108,10.597,10.303,4.963,8.61,17.331,10.816,14.071,0,11.339,15.452,10.611,17.423,14.271,12.702,12.402,12.54,7.157,7.816,7.314,17.879,13.011,11.202,10.937
00-TM4:bin_000018,0,0,0,0,0,0,0,0,0,0,0,0,0,0,0,0,0,0,0,0,0,0,0,0,0,0,0,0,0,0,0,0,0,1.21,0,0,0,0,0,0,0,0,0,0,0,0,0,0,0,0,0,0,0,0,0,0,0,0,0,0,0,0,0,0,0,0,0,0,0,0,0,0,0,0,0,0,0,0,0,0,0,0,0,0
00-TM4:bin_000030,0,8.967,7.772,6.494,8.613,6.902,7.226,8.236,5.434,7.08,7.575,9.051,12.352,8.21,5.71,4.402,0,0,6.43,11.709,7.264,12.325,9.504,11.11,7.147,10.815,5.09,3.491,9.49,15.081,9.559,10.645,11.118,13.373,7.462,0,7.712,12.922,10.499,7.757,10.465,5.559,0,5.645,12.047,5.157,12.85,15.826,5.435,6.464,18.194,10.016,6.847,4.625,10.031,6.021,11.634,9.303,8.227,197.872,6.144,10.19,7.094,3.207,6.241,10.51,10.073,7.881,0,7.741,10.258,5.495,14.646,8.227,9.252,7.815,8.565,6.165,10.089,0,14.416,8.784,6.387,8.634
00-TM4:bin_000036,9.518,10.701,9.124,5.034,10.597,11.546,11.978,7.279,6.237,12.933,23.072,14.161,17.579,10.581,7.926,3.986,0,6.471,14.014,18.555,16.097,17.956,11.715,14.132,7.747,10.176,5.967,2.64,10.831,14.497,8.746,10.144,9.43,15.413,3.563,15.927,8.793,0,11.073,16.449,37.75,7.127,10.005,9.345,10.799,10.029,21.205,21.338,6.378,15.266,32.164,7.436,8.381,6.274,17.827,9.649,18.946,13.638,5.615,361.461,5.617,21.274,11.747,4.802,11.057,18.996,10.578,9.536,0,8.908,12.027,6.101,18.914,14.248,9.971,8.091,8.962,5.79,13.608,0,27.415,17.915,6.315,9.828
07:bin_000036,0,0,0,0,0,0,0,0,0,0,0,0,0.993,0,0.889,0,0,0,0,0.978,0,0.914,0,0,0,0,0,0,0,0,1.154,0,0,0,0,0,0,0,0,0,0,0,0,0,0,0,2.058,1.421,0,2.639,0,0,0.848,0,1.619,0,0,0.864,0,18.47,0,0.994,0,0,0,0.91,1.294,1.065,0,0.995,0,0,1.401,1.152,0,0,0,0,0,0,1.858,0.865,0,0
07:bin_000056,0,0,0,0,0,0,0,0,0,0,0,0,0,0,0,0,0,0,0,0,0,0,0,0,0,0,0,0,0,0,0,0,0,0,0,0,0,0,0,0,0,0,0,0,0,0,0,0,0,0,0,0,0,0,0,0,0,0,0,0,0,0,0,0,0,0,0,0,0,0,0,0,0,0,0,0,0,0,0,0,0,0,0,0
07:bin_000064,0,0,0,0,0,1.144,0,0.73,0,0,0,0,0.838,0,0,0,0,0,0,0,0,1.02,1.686,0,0,0,0,0,0,0,0,0,1.218,0,0,0,0,0,0,0,0,0,0,0,0,0,0,0,0,0,0,0,0,0,0,0,0,0,0,29.448,0,0,0,0,0,0,0,0,0,0,0,0,0,0,0,0,0,0,0,0,2.245,0,0,0
07:bin_000080,0,0,0,0,0,0,0,0,0,0,0,0,0,0,0,0,0,0,0,0,0,0,0,0,0,0,0,0,0,0,0,0,0,0,0,0,0,0,0,0,0,0,0,0,0,0,0,0,0,0,0,0,0,0,0,0,0,0,0,0,0,0,0,0,0,0,0,0,0,0,0,0,0,0,0,0,0,0,0,0,0,0,0,0
07:bin_000086,0,0,0,0,0,0,0,0,0,0,0,1.955,1.893,0,0,0,0,0,0,2.043,0,3.173,0,0,0,0,0,0,1.745,0,0,0,0,4.076,0,0,0,0,2.153,0,0,0,0,0,2.3,0,1.959,2.027,0,0,2.436,0,0,0,1.865,0,0,0,0,0,0,0,0,0,0,2.611,0,0,0,0,1.958,0,1.985,0,0,0,0,0,0,0,2.363,1.874,0,0
07:bin_000111,0,0,0,0,0,0,0,0,0,0,0,0,0,0,0,0,0,0,0,0,0,0,0,0,0,0,0,0,0,0,0,0,0,0,0,0,0,0,0,0,0,0,0,0,0,0,0,0,0,0,0,0,0,0,0,0,0,0,0,0,0,0,0,0,0,0,0,0,0,0,0,0,0,0,0,0,0,0,0,0,0,0,0,0
07:bin_000158,0,0,0,0,0,0,0,0,0,0,0,0,0,0,0,0,0,0,0,0,0,0,0,0,0,0,0,0,0,0,0,0,0,0,0,0,0,0,0,0,0,0,0,0,0,0,0,0,0,0,0,0,0,0,0,0,0,0,0,0,0,0,0,0,0,0,0,0,0,0,0,0,0,0,0,0,0,0,0,0,0,0,0,0
07:bin_000176,0,0,0,0,0,0,0,0,0,0,0,0,0,0,0,0,0,0,0,0,0,0,0,0,0,0,0,0,0,0,0,0,0,0,0,0,0,0,0,0,0,0,0,0,0,0,0,0,0,0,0,0,0,0,0,0,0,0,0,0,0,0,0,0,0,0,0,0,0,0,0,0,0,0,0,0,0,0,0,0,0,0,0,0
07-TM1:bin_000001,0,0,0,0,0,0,0,0,0,0,0,0,0,0,0,0,0,0,0,0,0,0,0,0,0,0,0,0,0,0,0,0,0,0,0,0,0,0,0,0,0,0,0,0,0,0,0,0,0,0,0,0,0,0,0,0,0,0,0,0,0,0,0,0,0,0,0,0,0,0,0,0,0,0,0,0,0,0,0,0,0,0,0,0
07-TM2:bin_000008,0,0,0,0,0,0,0,0,0,0,0,0,0,0,0,0,0,0,0,0,0,0,0,0,0,0,0,0,0,0,0,0,0,0,0,0,0,0,0,0,0,0,0,0,0,0,0,0,0,0,0,0,0,0,0,0,0,0,0,0,0,0,0,0,0,0,0,0,0,0,0,0,0,0,0,0,0,0,0,0,0,0,0,0
07-TM2:bin_000021,0,1.636,2.511,1.729,1.725,1.292,0.75,1.814,1.356,1.964,0,1.79,2.343,1.375,1.421,1.037,0,0,1.338,4.446,1.465,3.305,3.527,1.721,1.413,2.798,1.347,0.816,1.759,2.459,2.004,2.054,1.449,3.37,2.199,0,1.781,0,1.68,3.194,0,0.873,0,1.132,1.839,1.923,3.366,2.711,0.683,7.249,2.812,0,1.269,0.959,3.644,1.542,0,1.786,0,46.295,1.218,3.917,2.525,0.696,1.386,1.675,1.32,1.808,0,0,1.73,1.206,1.709,2.347,0.993,1.15,0,0.677,1.42,0,3.417,2.817,0.86,0
07-TM4:bin_000002,0,0,0,0,0,0,0,0,0,0,0,0,0,0,0,0,0,0,0,0,0,0,0,0,0,0,0,0,0,0,0,0,0,0,0,0,0,0,0,0,0,0,0,0,0,0,0,0,0,0,0,0,0,0,0,0,0,0,0,0,0,0,0,0,0,0,0,0,0,0,0,0,0,0,0,0,0,0,0,0,0,0,0,0
07-TM4:bin_000027,0,0,0,0,0,0,0,0,0,0,0,0,0,0,0,0,0,0,0,0,0,0,0,0,0,0,0,0,0,0,0,0,0,0,0,0,0,0,0,0,0,0,0,0,0,0,0,0,0,0,0,0,0,0,0,0,0,0,0,0,0,0,0,0,0,0,0,0,0,0,0,0,0,0,0,0,0,0,0,0,0,0,0,0
07-TM4:bin_000032,0,0,0,0,0.905,0,1.121,1.155,0.763,0.788,0,0,0,0,0.987,0,0,0,0,0.773,2.438,1.071,0,0,0,1.437,1.034,0,1.486,0,0,0,0,1.016,0,0,0,0,0,1.062,0,0,0,0,0,0,0.982,1.766,0,0,1.693,0,1.223,0,0,0,0,0,0,38.146,1.38,1.209,0,0,0.737,0.894,0,0,0,0,0.997,0,1.89,1.057,0,0,1.291,0.717,0,0,0.895,1.227,0.825,0
07-TM4:bin_000058,0,0,0,0,0,0,0,0,0,0,0,0,0,0,0,0,0,0,0,0,0,0,0,0,0,0,0,0,0,0,0,0,0,0,0,0,0,0,0,0,0,0,0,0,0,0,0,0,0,0,0,0,0,0,0,0,0,0,0,0,0,0,0,0,0,0,0,0,0,0,0,0,0,0,0,0,0,0,0,0,0,0,0,0
07-TM4:bin_000059,0,0,0,0,0,0,0,0,0,0,0,0,0,0,0,0,0,0,0,0,0,0,0,0,0,0,0,0,0,0,0,0,0,0,0,0,0,0,0,0,0,0,0,0,0,0,0,0,0,0,0,0,0,0,0,0,0,0,0,0,0,0,0,0,0,0,0,0,0,0,0,0,0,0,0,0,0,0,0,0,0,0,0,0
07-TM4:bin_000064,0,1.711,2.062,1.58,1.522,1.647,1.026,1.321,1.024,2.211,0,1.85,2.191,1.694,1.396,1.029,0,0,2.07,2.243,2.256,2.305,2.775,1.7,1.787,2.327,1.127,0.82,1.525,2.065,2.94,1.74,1.651,2.414,1.754,0,1.511,0,2.364,0,3.599,1.328,0,1.303,2.481,1.263,2.11,1.554,1.037,2.938,2.502,0,1.564,0.743,1.76,1.064,0,1.76,3.019,23.121,1.059,1.954,2.531,0.84,1.051,2.341,1.592,2.521,0,1.105,1.455,1.411,1.379,2.127,2.113,1.174,0,0,1.919,0,2.74,2.832,0.682,1.354
14:bin_000004,0,1.249,1.156,0.92,2.082,0,0,2.127,1.897,0.766,0,2.536,1.76,1.126,1.309,0,0,7.484,1.072,2.691,1.389,2.05,1.249,1.413,0,1.508,2.708,0,1.058,2.701,1.469,1.86,0,3.518,3.228,0,1.152,0,1.347,1.44,0,0,0,1.249,0.86,0,1.179,0,0.815,0,2.751,0,0,1.396,2.407,1.707,0,1.096,0,29.668,1.18,1.399,1.117,0.821,0,1.45,1.004,1.587,0,0,2.17,1.463,1.518,2.775,0,0.9,1.84,1.151,0.994,0,2.306,3.333,1.095,2.254
14:bin_000010,0,0,1.144,0,0,0.952,0,0,0,0,0,0,0.671,0,0,0,0,0,0,0,0,0,0,0,0,0,0,0,0,0,0,0,0,0,0,0,0,0,0.952,0,4.036,0,0,0,0,0,0,0.879,0,0,1.351,0,0,0,0,0,0,0,0,22.504,0,0,0,0,0,0.711,0.879,0,0,0,0.768,0,0.921,0,0,0,0,0,0,0,0.978,0,0,0
14:bin_000014,0,0,0,0,1.111,0.952,0,1.516,0.744,0,0,0,0.815,0,0,0,0,0,0,1.44,0,1.193,1.402,0,0,1.185,0,0,0,1.465,1.109,0,0,1.359,1.766,0,0.994,0,1.166,0,0,0,0,0,1.277,0,0,0.938,0,2.305,1.343,0,1.018,0,0,0.86,0,1.032,0,35.109,0,1.892,0.877,0,0,0.885,0,0,0,1.039,0,0,1.013,0,1.259,0,0,0,0,0,1.58,0.908,1.151,0
14:bin_000062,0,2.189,0.963,1.26,0.905,1.219,1.199,1.474,0.866,0,3.585,1.672,1.261,0,1.671,1.089,0,0,0,2.03,1.104,2.728,1.988,1.615,0,1.474,0,0.803,1.507,1.242,2.971,2.294,2.476,1.802,0,0,1.543,0,1.598,1.09,0,1.057,0,1.427,1.317,1.332,1.994,2.277,0.739,0,6.769,0,1.854,0,1.454,0.898,4.3,0,0,30.298,1.188,1.991,1.017,0.92,1.587,1.957,1.693,0.89,0,0.996,1.776,0.835,1.513,1.492,0,1.274,1.758,1.349,1.037,0,1.957,1.854,1.127,1.193
14:bin_000091,0,0,0,0,0,0,0,0,0,0,0,0,0,0,0,0,0,0,0,0,0,0,0,0,0,0,0,0,0,0,0,0,0,0,0,0,0,0,0,0,0,0,0,0,0,0,0,0,0,0,0,0,0,0,0,0,0,0,0,0,0,0,0,0,0,0,0,0,0,0,0,0,0,0,0,0,0,0,0,0,0,0,0,0
14:bin_000192,0,1.665,1.196,0.934,1.556,1.226,1.701,0.968,0.976,1.505,0,1.82,1.868,0.945,1.508,1.247,0,0,0,2.209,1.098,2.528,1.493,1.161,0,2.097,1.186,0,1.309,2.233,2.034,1.387,1.316,3.057,0,0,1.006,0,1.152,1.062,0,0.957,0,1.276,1.936,1.379,1.884,2.337,1.093,2.252,2.96,0,0.924,0.998,1.529,1.073,0,1.444,0,36.379,1.208,2.023,1.59,0,1.288,2.522,1.382,1.546,0,1.252,1.584,0,2.22,1.437,0,1.297,1.229,0.966,1.504,0,2.662,1.675,1.111,0
14-TM1:bin_000012,0,0,0,0,0,0,0,0,0,0,0,0,0,0,0,0,0,0,0,0,0,0,0,0,0,0,0,0,0,0,0,0,0,0,0,0,0,0,0,0,0,0,0,0,0,0,0,0,0,0,0,0,0,0,0,0,0,0,0,0,0,0,0,0,0,0,0,0,0,0,0,0,0,0,0,0,0,0,0,0,0,0,0,0
14-TM1:bin_000017,0,0,0,0,0,0,0,0,0,0,0,0,0,0,0,0,0,0,0,0,0,0,0,0,0,0,0,0,0,0,0,0,0,0,0,0,0,0,0,0,0,0,0,0,0,0,0,0,0,0,0,0,0,0,0,0,0,0,0,0,0,0,0,0,0,0,0,0,0,0,0,0,0,0,0,0,0,0,0,0,0,0,0,0
14-TM2:bin_000049,0,0,0,0,0,0,0.915,0,0,0,0,0,0,0,0,0,0,0,0,0,0,0.92,0,0,0,0,0,0.76,0,0,0,0,0,0,0,0,0,0,0,0,0,0,0,0,0,0,0,0,0,0,0,0,0,0,0,0,0,0,0,0,0,0,0,0,0,0,0,0,0,0,0,0,0,0,0,0,0,0,0,0,0,0,0,0
14-TM4:bin_000004,37.707,37.821,42.458,50.465,33.126,31.661,23.661,39.916,20.659,32.436,47.106,39.086,50.51,44.801,26.748,17.183,6.151,14.842,32.722,47.364,29.553,52.471,44.518,57.386,29.822,55.589,24.073,15.685,33.606,57.207,40.385,44.867,62.989,76.15,79.95,9.841,48.831,99.514,68.163,26.286,22.988,23.728,13.383,23.775,51.8,38.792,52.81,57.126,21.71,25.485,66.134,65.242,37.404,26.989,53.697,29.32,35.304,38.092,107.293,869.277,22.147,38.923,42.987,20.054,22.411,47.571,42.584,44.194,10.282,28.712,49.809,30.566,48.878,45.645,40.365,41.714,46.289,20.261,26.153,23.524,62.145,43.453,36.387,40.698
14-TM4:bin_000010,0,0,0,0,0,0,0,0,0,0,0,0,0,0,0,0,0,0,0,0,0,0,0,0,0,0,0,0,0,0,0,0,0,0,0,0,0,0,0,0,0,0,0,0,0,0,0,0,0,0,0,0,0,0,0,0,0,0,0,0,0,0,0,0,0,0,0,0,0,0,0,0,0,0,0,0,0,0,0,0,0,0,0,0
14-TM4:bin_000035,0,1.857,1.671,1.505,2.028,1.965,1.676,1.219,1.439,1.69,0,2.384,2.61,1.655,1.056,2.144,0,0,1.549,3.078,2.154,2.282,2.253,2.827,1.929,2.206,0,0.859,2.41,2.241,1.857,2.293,2.803,4.157,2.548,0,1.12,0,2.107,1.651,0,1.341,0,1.062,2.693,1.192,2.571,2.028,1.022,3.099,3.449,0,1.53,1.321,2.362,1.507,0,1.861,0,37.754,2.167,2.781,1.072,0.892,1.454,3.105,1.57,2.422,0,1.676,2.491,1.285,2.804,2.49,1.54,1.369,1.664,1.191,1.047,0,4.251,2.031,1.578,3.582
14-TM4:bin_000089,0,0,0,0,0,0,0,0,0,0,0,0,0,0,0,0,0,0,0,0,0,0,0,0,0,0,0,0,0,0,0,0,0,0,0,0,0,0,0,0,0,0,0,0,0,0,0,0,0,0,0,0,0,0,0,0,0,0,0,0,0,0,0,0,0,0,0,0,0,0,0,0,0,0,0,0,0,0,0,0,0,0,0,0
14-TM4:bin_000109,0,2.531,2.189,2.325,2.508,2.496,1.382,1.591,1.368,1.938,0,1.318,2.548,2.128,1.253,1.589,0,0,1.544,2.222,2.354,3.675,2.233,1.889,1.388,2.078,1.725,1.175,1.591,3.286,1.922,3.495,3.092,3.346,2.604,0,2.123,0,2.576,1.484,0,1.612,0,1.429,2.949,2.341,2.373,2.208,1.362,0,3.1,0,2.194,6.973,2.834,1.713,0,1.546,0,55.663,1.411,2.034,2.544,0.743,1.371,2.964,1.825,3.838,0,1.31,2.425,1.368,3.876,2.444,2.366,1.895,1.388,1.102,1.88,0,3.756,3.231,1.801,2.107
21:bin_000024,9.607,14.046,15.325,8.237,14.489,12.727,9.889,11.29,7.99,17.955,21.306,19.489,21.031,11.221,9.238,8.561,0,10.617,12.484,20.044,12.159,20.603,21.007,16.617,10.305,21.212,8.275,5.724,12.122,17.347,18.824,16.372,17.076,22.459,6.437,11.087,11.451,6.541,12.318,14.48,17.878,8.469,9.604,9.076,18.27,11.789,20.761,21.257,6.442,9.101,25.84,13.99,10.288,5.877,17.537,12.524,19.454,14.896,8.089,264.989,10.218,17.164,13.816,6.068,11.2,16.625,13.901,13.526,9.584,11.103,14.544,8.798,18.349,17.494,7.955,8.779,10.488,8.336,14.722,11.287,31.384,20.018,7.668,16.59
21:bin_000052,0,1.799,0,0.903,1.188,1.055,0,1.225,0,1.499,0,2.037,2.002,1.145,0.906,0,0,0,0,2.008,1.426,1.736,0,0,1.087,1.83,0.876,0,1.359,1.599,0,1.415,1.826,2.494,3.776,0,2.279,0,2.368,0,0,0.826,0,0.786,2.109,0,2.568,1.471,0,0,3.328,0,0,0,2.552,1.052,0,1.176,0,38.169,0,1.877,0,0.717,1.097,1.447,0,1.53,0,1.308,1.761,1.067,2.076,2.641,0,0,0,0,0,0,2.03,1.251,1.096,0
21:bin_000073,0,0,0,0,1.137,0,0,0,0,0,0,0,0,0,0,0,0,0,1.227,0,0,0,0,0,0,0,0,0,0,0,0,0,0,0,0,0,0,0,0,0,0,0,0,0,0,0,0,0,0,0,0,0,0,0,0,0,0,0,0,0,0,0,1.801,0,0,0,0,0,0,0,1.014,0,0,0,0,0,0,0,0,0,0,0,0,0
21:bin_000107,0,0,0,0,0,0,0,0.9,0,0,0,0,0.753,0,0,0,0,0,0,0,0,0,0,0,0,0,0,0,0,0,0.88,0,0,1.358,0,0,0,0,0,0,0,0,0,0,0,0,0.839,0.776,0,0,0.957,0,0,0,0,0,0,0,0,0,0,0.942,0,0,0,0,0,0,0,1.497,0,0,1.289,0,0,0,0,0,0,0,0.914,0,0,0
21:bin_000125,0,0,0,0,0,0,0,0,0,0,0,0,0,0,0,0,0,0,0,0,0,0,0,0,0,0,0,0,0,0,0,0,0,0,0,0,0,0,0,0,0,0,0,0,0,0,0,0,0,0,0,0,0,0,0,0,0,0,0,0,0,0,0,0,0,0,0,0,0,0,0,0,0,0,0,0,0,0,0,0,0,0,0,0
21:bin_000160,0,0,0,0,0,0,0,0,0,0,0,0,0,0,0,0,0,0,0,0,0,0,0,0,0,0,0,0,0,0,0,0,0,0,0,0,0,0,0,0,0,0,0,0,0,0,0,0,0,0,0,0,0,0,0,0,0,0,0,0,0,0,0,0,0,0,0,0,0,0,0,0,0,0,0,0,0,0,0,0,0,0,0,0
21:bin_000224,0,0,0,0,0,0,0,0,0,0,0,0,0,0,0,0,0,0,0,0,0,0,0,0,0,0,0,0,0,0,0,0,0,0,0,0,0,0,0,0,0,0,0,0,0,0,0,0,0,0,0.961,0,0,0,0,0,0,0,0,0,0,0,0,0,0,0,0,0,0,0,0,0,0,0,0,0,0,0,0,0,0,0,0,0
21-TM1:bin_000011,0,1.036,0,0,1.398,0,0,0,0,0,0,0,0,0,0,0,0,0,0,1.336,0,0.845,0,0,0,0,0,0,0,0,0,0,0,0,0,0,0,0,0,0,0,0,0,0.883,1.027,0,1.311,0.789,0,0,0,0,0,0,0,0,0,0,0,16.708,0,0,0,0,0,0.82,1.195,0,0,0,1.035,0,1.544,0,1.03,0,0,0,0,0,1.352,1.301,0,0
21-TM1:bin_000014,0,0,0,0,0,2.324,0,1.552,4.749,0,0,0,0,3.195,0,0,0,0,0,0,2.13,3.317,0,0,0,5.353,0,0,6.082,5.227,9.008,0,9.046,16.273,0,0,0,0,0,5.539,0,3.737,0,0,1.349,0,0,0,0,0,6.707,0,0,0,0,0,0,0,0,0,0,0,0,0,0,0,5.139,2.501,0,0,5.092,0,0,0,0,4.805,0,8.005,8.416,0,0,0,1.164,0
21-TM1:bin_000060,0,0.929,0,0,1.248,0,0.706,0,0,0,0,0,1.296,0,0,0,0,0,0,0.937,0,1.151,0,0,0,0,0,0.729,0,0,0,0,0,1.018,0,0,0,0,0.796,0,0,0,0,0,0.921,0,0.939,0.906,0,0,1.335,0,0,0,0,0.701,0,0,0,0,0,0.888,0.841,0,0,0,1.609,0,0,0,0,0,0,0,0,0,0,0,0,0,0,0.721,0,0
21-TM1:bin_000073,11.282,12.17,14.275,12.679,15.915,17.467,11.624,13.34,12.125,18.169,18.983,17.427,23.69,18.949,14.112,10.196,5.931,12.904,21.029,19.466,14.364,29.388,20.268,17.964,11.829,22.992,9.292,7.987,15.548,86.945,13.662,22.359,22.193,36.638,13.72,24.662,10.798,9.779,18.905,13.191,17.98,11.287,8.83,15.307,19.561,9.355,22.977,33.204,10.859,13.685,35.057,18.041,9.847,9.585,16.105,14.92,14.987,14.748,15.943,397.915,10.274,18.01,16.178,7.459,14.877,22.671,20.65,16.955,0,26.439,18.216,11.186,19.84,18.522,13.395,12.273,12.475,10.37,15.496,8.708,27.891,27.767,9.901,14.325
21-TM3:bin_000002,0,5.438,2.876,2.689,3.479,2.689,2.092,2.905,1.674,2.871,0,5.629,4.061,2.206,2.088,1.644,0,6.621,2.293,4.491,4.279,9.808,3.255,2.328,2.922,2.928,2.197,2.153,2.435,3.758,3.997,3.765,3.766,4.438,6.183,0,2.374,5.194,4.417,2.691,6.735,2.266,0,2.322,4.222,2.031,2.972,4.839,2.432,3.276,6.265,0,2.927,1.989,4.636,2.544,8.966,4.44,6.279,113.585,2.591,3.292,3.306,1.661,2.587,4.956,3.51,2.165,0,2.918,3.398,2.375,4.801,4.327,2.892,2.777,3.956,1.616,2.09,0,5.624,4.019,2.486,3.848
21-TM3:bin_000011,0,0,0,0,0,0,0,0,0,0,0,0,0,0,0,0,0,0,0,0,0,0,0,0,0,0,0,0,0,0,0,0,0,0,0,0,0,0,0,0,0,0,0,0,0,0,0,0,0,0,0,0,0,0,0,0,0,0,0,0,0,0,0,0,0,0,0,0,0,0,0,0,0,0,0,0,0,0,0,0,0,0,0,0
21-TM3:bin_000020,0,0,0,0,0,0,0,0,0,0,0,0,0,0,0,0,0,0,0,0,0,0,0,0,0,0,0,0,0,0,0,0,0,0,0,0,0,0,0,0,0,0,0,0,0,0,0,0,0,0,0,0,0,0,0,0,0,0,0,0,0,0,0,0,0,0,0,0,0,0,0,0,0,0,0,0,0,0,0,0,0,0,0,0
21-TM4:bin_000004,0,0,0,0,0,0,0,0,0,0,0,0,0,0,0,0,0,0,0,0,0,0,0,0,0,0,0,0,0,0,0,0,0,0,0,0,0,0,0,0,0,0,0,0,0,0,0,0,0,0,0,0,0,0,0,0,0,0,0,0,0,0,0,0,0,0,0,0,0,0,0,0,0,0,0,0,0,0,0,0,0,0,0,0
21-TM4:bin_000017,0,0,0,0,0,0,0,0,0,0,0,0,0,0,0,0,0,0,0,0,0,0,0,0,0,0,0,0,0,0,0,0,0,0,0,0,0,0,0,0,0,0,0,0,0,0,0,0,0,0,0,0,0,0,0,0,0,0,0,0,0,0,0,0,0,0,0,0,0,0,0,0,0,0,0,0,0,0,0,0,0,0,0,0
21-TM4:bin_000041,0,6.449,4.519,4.481,7.734,5.808,3.968,6.679,3.749,6.147,5.689,6.441,7.649,4.663,5.466,3.764,0,0,3.881,9.755,5.712,8.918,7.607,6.704,5.828,7.594,4.685,2.754,5.512,10.628,7.56,6.986,7.044,14.131,7.829,0,5.313,7.372,5.936,7.806,0,3.988,0,5.12,8.53,4.61,6.635,8.451,4.174,7.616,10.536,0,5.235,4.153,8.627,6.638,6.158,4.112,5.177,163.642,4.478,6.558,5.932,2.975,4.268,8.955,8.405,6.179,0,6.207,8.351,4.249,8.29,8.396,5.388,4.423,5.54,5.366,5.21,0,10.395,8.504,5.701,6.215
21-TM4:bin_000042,0,0,0,0,0,0,0,0,0,0,0,0,0,0,0,0,0,0,0,0,0,0,0,0,0,0,0,0,0,0,0,0,0,0,0,0,0,0,0,0,0,0,0,0,0,0,0,0,0,0,0,0,0,0,0,0,0,0,0,0,0,0,0,0,0,0,0,0,0,0,0,0,0,0,0,0,0,0,0,0,0,0,0,0
21-TM4:bin_000052,0,0,0,0,0,0,0,0,0,0,0,0,0,0,0,0,0,0,0,0,0,0,0,0,0,0,0,0,0,0,0,0,0,0,0,0,0,0,0,0,0,0,0,0,0,0,0,0,0,0,0,0,0,0,0,0,0,0,0,0,0,0,0,0,0,0,0,0,0,0,0,0,0,0,0,0,0,0,0,0,0,0,0,0
21-TM4:bin_000053,0,0,0,0,0,0,0,0,0,0,0,1.951,0,0,0,0,0,0,0,0,0,0,0,0,0,0,0,0,0,0,0,0,0,0,0,0,0,0,0,0,0,0,0,0,0,0,0.777,0,0,0,0,0,0,0,0,0,0,0,0,0,0,0,0,0,0,0,0,0,0,0,0,0,0,0,0,0,0,0,0,0,0,0,0,0
D300693:bin_000003,0,4.655,6.891,5.448,5.23,4.839,3.232,4.508,3.474,6.962,3.972,4.544,7.424,4.068,4.052,4.627,0,0,3.914,6.815,6.444,8.268,6.871,4.498,2.265,5.109,2.846,2.364,4.851,6.6,8.163,4.72,8.321,9.725,5.84,0,4.112,9.067,5.233,4.269,0,3.495,0,3.536,5.005,3.551,5.611,6.311,2.759,5.905,10.369,0,3.452,2.689,6.089,3.894,0,4.142,5.607,93.191,3.56,6.381,4.753,2.364,3.622,6.402,6.756,4.713,0,3.955,5.583,4.453,7.952,5.945,4.465,5.09,4.508,3.515,4.519,0,6.149,4.753,3.697,4.554
D300693:bin_000006,0,3.242,2.322,2.486,2.433,1.653,1.247,2.629,0.977,1.709,0,2.858,2.695,1.655,1.527,1.452,0,0,2.053,2.12,1.813,3.49,2.329,2.72,1.247,2.461,2.492,1.022,2.081,3.183,2.637,6.43,2.222,2.309,6.611,0,3.11,6.791,4.16,1.721,3.927,1.515,0,0.908,3.008,1.407,2.859,3.042,0.743,0,2.836,0,1.359,1.658,2.581,1.667,0,1.14,3.802,67.088,1.256,2.203,1.733,0,1.205,2.75,1.607,2.466,0,1.049,2.831,1.795,3.1,2.35,3.049,2.724,1.152,0.724,1.539,0,3.732,2.647,1.846,1.855
D300693:bin_000013,0,6.995,8.433,4.171,5.4,7.608,5.786,7.942,3.833,8.271,7.622,8.715,10.051,5.609,5.561,4.209,0,0,5.91,10.011,5.716,12.7,9.67,7.584,4.784,10.058,5.571,5.768,8.399,8.79,9.953,8.74,9.99,15.449,8.039,0,5.318,0,6.883,5.003,5.391,4.314,0,7.617,6.383,5.889,14.362,7.414,3.642,8.967,14.299,0,7.402,5.454,6.785,4.961,4.053,6.62,6.053,199.164,3.807,9.44,7.454,3.034,4.983,11.381,7.242,6.573,0,4.882,9.903,6.644,7.808,9.577,4.152,7.09,6.438,5.178,5.992,0,11.381,10.376,4.843,7.943
D300696:bin_000035,0,1.278,1.884,0.8,1.522,1.75,1.203,1.623,0.877,1.493,0,1.092,1.604,1.326,1.271,1.404,0,0,1.177,1.916,1.411,2.693,1.546,1.147,1.076,1.458,1.034,0,1.249,2.017,1.897,1.27,1.391,2.263,0,0,0.932,0,1.579,1.32,2.391,0,0,1.244,1.557,0.916,1.855,2.095,0.95,2.151,2.798,0,0.924,0.982,1.716,1.473,0,1.452,0,34.69,1.33,1.754,1.348,0.699,1.132,2.079,1.606,2.053,0,1.721,1.345,0.888,2.118,1.877,1.133,1.018,1.313,1.223,1.209,0,2.091,1.322,1.227,1.053
D300699:bin_000001,0,0,0,0,0,0,0,0,0,0,0,0,0,0,0,0,0,0,0,0,0,0,0,0,0,0,0,0,0,0,0,0,0,0,0,0,0,0,0,0,0,0,0,0,0,0,0,0,0,0,0,0,0,0,0,0,0,0,0,0,0,0,0,0,0,0,0,0,0,0,0,0,0,0,0,0,0,0,0,0,0,0,0,0
D300700:bin_000001,0,0,0,0,0,0,0,0,0,0,0,0,0,0,0,0,0,0,0,0,0,0,0,0,0,0,0,0,0,0,0,0,0,0,0,0,0,0,0,0,0,0,0,0,0,0,0,0,0,0,0,0,0,0,0,0,0,0,0,0,0,0,0,0,0,0,0,0,0,0,0,0,0,0,0,0,0,0,0,0,0,0,0,0
D300706:bin_000006,0,0,0,0,0,0,0,0,0,0,0,0,0,0,0,0,0,0,0,0,0,0,0,0,0,0,0,0,0,0,0,0,0,0,0,0,0,0,0,0,0,0,0,0,0,0,0,0,0,0,0,0,0,0,0,0,0,0,0,0,0,0,0,0,0,0,0,0,0,0,0,0,0,0,0,0,0,0,0,0,0,0,0,0
D300708:bin_000028,0,3.451,6.812,6.355,5.472,4.466,2.862,3.235,1.735,0,0,3.198,6.216,3.136,7.955,0,0,0,3.476,5.021,16.078,3.306,4.227,4.795,1.775,4.861,2.197,1.47,4.341,5.174,2.515,2.706,0,13.535,0,0,0,0,2.609,2.829,4.432,2.215,6.692,4.441,2.239,4.302,3.428,4.506,4.269,5.787,15.221,0,4.684,1.622,0,5.71,10.221,4.231,0,82.708,9.049,2.605,3.793,2.595,1.894,3.036,10.714,3.951,0,5.145,2.385,2.346,4.199,3.975,1.651,2.016,2.072,2.091,2.122,0,7.167,5.112,2.233,4.215
D300709:bin_000042,12.365,13.004,12.806,9.035,11.435,10.723,8.375,9.925,6.433,10.705,16.497,12.316,14.924,11.205,9.23,8.12,0,8.475,9.242,15.723,11.4,18.338,11.657,11.757,9.025,14.117,7.281,4.827,10.994,14.378,11.447,12.484,14.152,19.774,11.524,10.842,8.68,6.707,12.202,10.746,22.183,6.412,6.141,9.263,10.892,9.207,14.177,15.447,7.537,14.01,26.144,0,9.814,6.735,13.513,9.584,12.36,11.246,8.402,282.029,9.987,15.945,11.985,5.484,9.362,15.594,11.804,11.833,0,11.011,11.982,9.054,17.877,14.418,9.689,10.048,12.252,7.832,10.774,0,21.098,13.258,8.803,9.909
D300710:bin_000020,0,9.592,15.947,6.187,7.157,8.444,8.793,11.796,8.077,5.095,18.174,10.07,18.846,4.458,8.945,4.724,0,0,12.451,17.485,11.377,9.439,9.565,8.32,8.331,6.492,6.452,1.923,12.698,8.663,11.149,6.787,9.829,33.55,5.328,10.953,9.977,0,8.329,10.224,0,4.459,0,6.594,8.35,8.652,9.09,11.958,4.253,12.801,16.48,0,7.635,32.004,28.824,7.442,0,7.877,4.96,152.393,6.32,18.532,9.07,3.752,12.178,10.161,5.256,5.29,0,19.509,10.964,6.78,11.152,10.256,4.375,7.411,11.713,5.593,6.053,8.243,17.806,13.201,8.781,9.628
D300711:bin_000012,0,1.499,0,0,2.105,0.993,1.158,1.096,0,1.414,0,2.326,1.57,0,0,0.892,0,0,0,1.508,1.236,0,1.474,1.433,0,0,1.046,0.797,0,0,1.045,0,1.617,2.485,3.487,0,1.37,5.283,1.127,0,0,0,0,1.022,1.755,0,2.945,2.282,0.833,5.207,1.137,0,1.269,0,2.451,1.336,0,1.468,0,36.025,1.212,1.747,1.366,0.814,1.209,1.133,1.139,0,0,0,2.251,1.244,1.903,2.061,1.238,0,0,0,0,0,2.774,2.327,0.818,0
D300711:bin_000013,0,0,0,0,0,0,0,0,0,0,0,0,0,0,0,0,0,0,0,0,0,0,0,0,0,0,0,0,0,0,0,0,0,0,0,0,0,0,0,0,0,0,0,0,0,0,0,0,0,0,0,0,0,0,0,0,0,0,0,0,0,0,0,0,0,0,0,0,0,0,0,0,0,0,0,0,0,0,0,0,0,0,0,0
D300711:bin_000023,0,4.412,4.762,2.046,6.003,2.507,2.298,6.997,1.621,4.748,0,7.549,10.034,3.388,3.979,3.959,0,0,1.775,6.106,3.475,9.355,11.095,5.819,3.501,7.924,0,1.026,5.742,1.8,6.433,6.572,7.542,6.821,0,15.571,3.129,0,4.437,3.778,0,3.719,0,2.585,9.141,1.249,2.793,2.979,2.416,7.045,7.141,0,2.386,1.153,6.676,4.349,0,8.268,5.006,79.927,2.403,5.287,3.773,0.927,2.976,5.79,5.47,5.193,0,3.492,4.546,3.147,5.518,11.647,2.694,2.91,6.841,3.032,8.43,0,6.935,7.394,2.938,1.667
D300712:bin_000004,0,3.683,3.349,2.298,3.316,2.632,1.57,3.41,2.103,3.107,0,3.07,4.147,2.975,2.542,3.934,0,0,3.105,3.937,2.82,7.385,2.94,4.289,3.322,3.889,1.95,2.686,2.64,4.057,4.106,3.836,4.43,7.802,5.879,0,2.711,4.525,4.065,1.823,0,1.528,0,2.071,3.694,2.544,4.029,4.179,2.649,2.534,5.801,0,2.44,2.229,3.979,2.087,0,3.306,0,71.93,1.955,3.388,3.574,1.983,2.549,4.187,3.288,3.625,0,3.637,4.232,2.847,5.534,4.165,3.396,2.377,3.944,2.283,2.783,0,6.037,4.862,3.143,3.581
D300712:bin_000006,8.688,19.717,21.41,18.903,21.265,31.723,13.6,21.151,11.752,20.411,22.179,35.892,39.954,21.167,16.334,16.841,0,53.847,19.552,29.066,19.66,47.21,29.329,25.433,19.474,28.352,15.169,130.127,31.29,30.113,21.92,27.647,29.478,56.798,15.011,14.963,16.934,25.135,25.697,26.859,9.107,14.769,12.163,19.675,23.06,14.716,34.26,45.114,11.496,23.463,48.963,12.098,16.05,15.653,22.545,17.2,17.217,16.341,23.374,454.906,11.502,26.627,22.959,12.117,21.173,41.658,29.404,28.835,14.098,24.796,28.152,27.743,29.439,58.49,18.77,16.602,17.848,13.821,21.241,8.729,32.745,23.911,14.661,22.132
D300712:bin_000007,0,6.66,3.71,2.489,4.179,4.654,3.195,3.045,2.986,5.181,6.475,6.233,7.983,3.814,2.893,3.046,0,0,4.158,6.595,4.546,7.814,6.364,6.728,3.027,2.07,2.171,1.949,5.716,4.601,6.165,3.086,4.616,7.015,1.938,0,2.882,3.754,4.037,5.7,0,2.034,0,3.802,4.267,2.602,7.843,4.273,2.966,6.737,9.969,0,5.07,1.952,5.154,4.458,0,4.694,4.929,86.051,2.593,8.742,6.157,2.583,2.937,6.049,3.884,5.261,0,3.434,5.115,3.224,7.188,8.117,2.858,2.972,5.398,4.395,5.334,0,6.5,6.814,3.282,5.884
D300712:bin_000016,0,1.422,0,0,1.143,2.032,2.103,0.962,0.732,1.841,0,2.177,2.426,0,1.112,0,0,0,0,2.165,1.911,1.899,2.448,1.471,0,0,0,0,1.556,2.487,1.476,1.437,1.56,1.85,0,0,0,0,0,1.452,3.987,0,0,1.028,1.708,1.026,1.739,2.501,1.064,2.114,6.794,0,0,0,2.684,2.213,0,1.293,0,41.114,1.536,2.025,1.312,0,1.154,2.663,1.282,2.671,0,1.857,2.369,1.288,1.676,0,0,0,1.372,1.004,0,0,3.273,1.91,1.603,0
D300713:bin_000003,0,6.283,5.953,4.76,4.344,4.722,4.188,5.962,2.991,4.399,8.448,4.746,6.433,4.608,2.925,3.114,0,0,3.979,8.249,4.91,8.399,6.869,5.165,5.991,6.055,3.188,2.402,5.392,6.996,4.096,7.851,6.245,9.944,7.265,0,6.113,11.795,6.592,3.806,0,3.484,0,4.349,9.294,5.603,6.552,6.403,3.331,5.277,10.542,0,4.813,4.066,8.02,4.768,4.8,4.496,8.538,123.586,3.914,6.666,5.621,2.816,4.313,6.491,5.084,7.203,0,3.576,7.06,3.994,7.884,6.905,5.794,5.004,4.015,5.026,4.556,0,9.582,7.613,3.579,5.536
D300713:bin_000009,0,0,0,0,0,0,0,0,0,0,0,0,0,0,0,0,0,0,0,0,0,0,0,0,0,0,0,2.509,0,2.004,3.926,0,0,2.726,0,0,0,0,0,0,0,0,0,0,0,0,0,0,0,0,0,0,0,0,0,0,0,0,0,0,0,0,0,0,0,0,0,0,0,0,0,0,0,0,0,0,0,0,0,0,0,0,0,0
D300714:bin_000008,0,0,0,0,0,0,0,1.526,0,0,0,0,0,0.944,1.119,0,0,0,2.972,1.904,15.226,1.585,0,0,0,1.037,3.153,0,0,1.979,0,0,0,7.206,0,0,0,0,1.775,1.555,0,1.843,0,0,1.604,0,0.887,5.531,0.699,0,0,0,0,26.495,0,0.787,0,0,0,28.952,0,0,0,0,0,4.02,0,1.133,0,0,1.101,0,0,0,0,0,0,0,1.723,0,1.64,1.187,1.21,0
D300719:bin_000003,45.325,21.398,19.687,9.961,17.176,17.383,8.891,16.195,6.644,19.092,21.117,25.082,24.718,12.287,11.581,9.914,0,21.308,9.961,19.209,16.025,12.433,24.8,25.577,9.749,20.69,8.618,6.212,8.83,18.902,9.466,21.003,24.642,31.989,46.849,24.346,31.449,62.128,14.677,10.287,20.821,8.169,23.496,9.607,19.475,12.91,32.507,33.235,9.132,27.641,18.154,59.741,17.702,8.159,22.673,18.193,25.564,20.628,20.396,402.101,17.652,14.233,17.083,9.582,17.093,16.119,14.941,10.165,9.633,15.067,35.196,13.99,24.919,20.605,16.33,9.82,24.312,11.991,12.097,22.017,27.356,31.469,14.801,16.075
D300719:bin_000008,0,0,0,0,0,0,0,0,0,0,0,0,0,0,0,0,0,0,0,0,0,0,0,0,0,0,0,0,0,0,0,0,0,0,0,0,0,0,0,0,0,0,0,0,0,0,0,0,0,0,0,0,0,0,0,0,0,0,0,0,0,0,0,0,0,0,0,0,0,0,0,0,0,0,0,0,0,0,0,0,0,0,0,0
D300720:bin_000001,0,0,0,0,0,0,0,0,0,0,0,0,0,0,0,0,0,0,0,0,0,0,0,0,0,0,0,0,0,0,0,0,0,0,0,0,0,0,0,0,0,0,0,0,0,0,0,0,0,0,0,0,0,0,0,0,0,0,0,0,0,0,0,0,0,0,0,0,0,0,0,0,0,0,0,0,0,0,0,0,0,0,0,0
D300723:bin_000001,0,0,0,0,0,0,0,0,0,0,0,0,0,0,0,0,0,0,0,0,0,0,0,0,0,0,0,0,0,0,0,0,0,0,0,0,0,0,0,0,0,0,0,0,0,0,0,0,0,0,0,0,0,0,0,0,0,0,0,0,0,0,0,0,0,0,0,0,0,0,0,0,0,0,0,0,0,0,0,0,0,0,0,0
D300723:bin_000008,0,0,0,0,0,0,1.664,1.931,1.049,0,0,2.351,2.429,0,0,0,0,0,0,1.569,0,1.936,0,0,2.393,0,0,0,0,2.82,2.269,2.204,0,3.791,0,0,1.55,0,1.595,2.245,0,0,0,0,2.115,0,2.79,4.446,1.091,2.662,3.286,0,0,0,0,1.256,0,0,0,45.122,0,0,1.462,0,1.585,3.21,0,2.576,0,0,2.118,0,2.409,2.463,1.68,1.419,0,0,0,0,2.256,1.947,0,0
D300729:bin_000019,0,4.324,4.772,2.842,4.164,4.525,3.613,3.869,2.648,4.693,6.357,5.591,6.838,3.944,3.319,2.23,0,0,4.554,6.237,5.195,7.063,5.576,5.12,3.195,5.147,3.004,3.608,4.611,8.329,4.375,4.83,4.789,9.006,3.396,0,3.688,0,4.746,4.996,6.688,2.844,0,3.382,4.953,3.487,7.029,7.674,2.411,5.66,9.856,0,3.275,3.86,6.35,3.74,4.839,4.42,3.531,114.266,2.653,6.359,4.464,1.984,4.022,6.597,5.499,4.558,0,4.337,5.176,3.171,6.008,6.129,3.264,3.334,3.333,2.635,4.275,0,8.815,6.644,2.798,4.142
D300742:bin_000002,0,0,0,0,0,0,0,0,0,0,0,0,0,0,0,0,0,0,0,1.189,0,1.235,0,0,0,0,0,0,0,0,0,0,0,1.546,0,0,0,0,0,1.194,0,0,0,0,0,0,0,1.328,0,0,0,0,0,0,0,0.957,0,0,0,0,0,0,0,0,0,0.953,0,1.138,0,0,0.901,0,0,1.279,1.223,0,0,0,0,0,1.055,1.005,0,0
D300748:bin_000014,0,1.821,4.067,1.503,2.839,5.498,0.984,5.024,1.011,5.918,0,1.655,2.479,7.252,1.582,0.88,0,0,0,1.896,0.931,8.547,4.862,2.164,0,8.496,0,1.576,1.968,3.291,1.381,1.507,1.943,2.24,2.504,0,2.394,0,1.569,1.098,0,0.922,0,1.553,2.322,1.57,9.64,1.11,1.07,2.701,7.964,0,0.95,1.441,2.635,1.21,0,1.466,0,254.057,0,3.886,1.86,0.902,2.633,8.118,1.277,2.658,19.81,2.367,3.175,0.97,1.714,1.924,1.822,4.857,3.562,2.394,0,0,2.834,3.284,1.297,0
D300750:bin_000009,0,0,0,0,0,0,0,0,0,0,0,0,0,0,0,0,0,0,0,0,0,0,0,0,0,0,0,0,0,0,0,0,0,0,0,0,0,0,0,0,0,0,0,0,0,0,0,0,0,0,0,0,0,0,0,0,0,0,0,0,0,0,0,0,0,0,0,0,0,0,0,0,0,0,0,0,0,0,0,0,0,0,0,0
D300751:bin_000024,0,0,0,0,0,0,0,0,0,0,0,0,0,0,0,0,0,0,0,0,0,0,0,0,0,0,0,0,0,0,0,0,0,0,0,0,0,0,0,0,0,0,0,0,0,0,0,0,0,0,0,0,0,0,0,0,0,0,0,0,0,0,0,0,0,0,0,0,0,0,0,0,0,0,0,0,0,0,0,0,0,0,0,0
D300751:bin_000031,0,0,0,0,1.207,0.936,0,0.86,1.199,0,0,1.533,1.101,0,0,0,0,0,0,1.407,0,1.384,1.054,1.387,1.005,1.504,0,0,0.75,1.056,1.504,0,0,5.051,0,0,0.792,0,0.972,1.11,0,0.741,0,0,0,0,1.077,1.22,0,0,2.116,0,0,0,1.017,0,0,1.727,0,0,0,1.692,0,0,0,1.763,0,1.053,0,0,0.841,1.726,0,1.15,0,0,0,0,1.368,0,1.122,1.08,0.792,0
D300754:bin_000002,0,0,0,0.928,0,0,0,0,0,0,0,0,0,0,0,0,0,0,0,0,0,0,0,0,0,0,0,0,0,0,0,0,0,1.388,0,0,0,0,0,0,0,0,0,0,0,0,0,0,0,0,0,0,0,0,0,0,0,0,0,0,0,1.842,0,0,0,0,0,0,0,0,0,0,0,0,0,0,0,0,0,0,0,0,0,0
D300754:bin_000004,0,0,0,0,0,0,0,0,0,0,0,0,0,0,0,0,0,0,0,0,0,0,0,0,0,0,0,0,0,0,0,0,0,0,0,0,0,0,0,0,0,0,0,0,0,0,0,0,0,0,0,0,0,0,0,0,0,0,0,0,0,0,0,0,0,0,0,0,0,0,0,0,0,0,0,0,0,0,0,0,0,0,0,0
D300755:bin_000017,0,0,0,0,0,0,0,0,0,0,0,0,1.082,0,0.638,0,0,0,0,0.806,0,1.674,0,0,0,0,0,0,0.815,0.857,0,1.162,0,1.132,0,0,0,0,0,0,0,0,0,0,0,0,1.31,0,0,0,1.024,0,0,0,0.99,0,0,0,0,35.883,0,0,0,0,0,0,0,0,0,0,0,0,0,0,0,0,0,0,0,0,1.188,0,0,0
D300757:bin_000005,0,0,0,0,0,6.862,0,1.43,0,0,0,5.689,0,6.155,0,0,0,0,0,1.506,0,0,7.005,13.013,0,0,2.603,0,0,2.539,0,0,1.316,0,0,0,0,0,3.01,9.277,0,0,0,0,1.146,0,0,0,3.6,6.088,2.092,0,0,1.003,0,2.479,0,0,9.568,0,0,0,0,0,0,2.813,1.236,0,0,3.752,0,0,0,1.29,0,2.637,0,3.496,1.082,0,16.876,0,4.481,0
D300759:bin_000011,0,4.134,3.889,1.68,4.642,3.502,2.941,5.666,2.44,2.543,4.368,1.917,4.488,2.803,3.584,1.741,0,5.442,2.039,4.405,3.652,5.471,3.506,4.093,2.99,3.221,4,1.61,4.845,3.065,4.088,5.19,5.432,7.342,3.585,0,1.648,3.405,3.334,2.69,8.241,2.584,0,2.665,2.93,2.659,4.456,5.067,2.168,3.428,9.417,0,4.15,2.734,3.256,4.91,0,2.523,0,168.149,3.764,6.087,3.96,1.867,3.589,3.63,2.865,3.513,0,4.8,4,2.76,4.146,4.575,2.795,2.835,6.14,4.037,2.122,0,9.214,3.653,3.768,8.453
D300759:bin_000036,0,0,0,0,0,0,0,0,0,0,0,0,0,0,0,0,0,0,0,0,0,0,0,0,0,0,0,0,0,0,0,0,0,0,0,0,0,0,0,0,0,0,0,0,0,0,0,0,0,0,0,0,0,0,0,0,0,0,0,0,0,0,0,0,0,0,0,0,0,0,0,0,0,0,0,0,0,0,0,0,0,0,0,0
D300760:bin_000013,0,0,0,0,0,0,0,0,0,0,0,0,0,0,0,0,0,0,0,0,0,0,0,0,0,0,0,0,0,0,0,0,0,0,0,0,0,0,0,0,0,0,0,0,0,0,0,0,0,0,0,0,0,0,0,0,0,0,0,0,0,0,0,0,0,0,0,0,0,0,0,0,0,0,0,0,0,0,0,0,0,0,0,0
D300763:bin_000009,0,0,0,0,0,0,0,0,0,0,0,0,0,0,0,0,0,0,0,0,0,0,0,0,0,0,0,0,0,0,0,0,0,0,0,0,0,0,0,0,0,0,0,0,0,0,0,0,0,0,0,0,0,0,0,0,0,0,0,0,0,0,0,0,0,0,0,0,0,0,0,0,0,0,0,0,0,0,0,0,0,0,0,0
D300763:bin_000013,0,0,0,0,0,0,0,0,0,0,0,0,0,0,0,0,0,0,0,0,0,0,0,0,0,0,0,0,0,0,0,0,0,0,0,0,0,0,0,0,0,0,0,0,0,0,0,0,0,0,0,0,0,0,0,0,0,0,0,0,0,0,0,0,0,0,0,0,0,0,0,0,0,0,0,0,0,0,0,0,0,0,0,0
D300763:bin_000022,27.777,45.78,44.571,50.624,36.799,33.97,28.521,42.646,23.145,42.095,50.323,45.729,46.143,35.015,30.978,27.159,0,20.394,30.883,56.338,28.733,61.019,64.13,57.068,36.034,54.968,31.071,20.975,35.721,66.504,41.361,56.173,63.624,62.346,96.534,39.58,60.41,72.104,56.362,29.795,18.361,23.808,19.345,35.047,50.607,36.567,56.58,57.319,25.011,50.75,75.662,43.756,35.896,27.853,67.522,36.025,38.083,33.674,73.802,820.224,30.072,45.764,43.719,18.776,31.748,56.577,41.679,60.432,19.622,33.106,65.646,33.753,71.64,54.877,50.823,39.749,39.585,20.789,34.598,14.923,71.669,54.67,36.804,43.537
D300763:bin_000032,0,6.324,6.883,3.219,5.623,5.13,4.679,4.431,3.524,4.763,6.285,5.286,6.407,5.271,4.349,4.655,0,0,4.588,7.369,6.254,10.028,7.268,5.482,5.39,5.261,3.146,2.522,6.126,6.839,8.64,7.342,5.703,10.977,2.963,0,3.15,3.814,5.056,6.235,0,3.175,0,4.861,6.541,3.107,7.538,7.773,3.325,6.863,11.524,0,5.542,4.213,5.891,4.275,0,6.41,4.611,106.647,4.305,7.143,6.013,3.696,4.538,9.534,7.35,6.867,0,4.171,6.344,3.886,8.233,6.033,4.363,4.39,4.654,3.998,4.949,0,9.996,6.307,4.483,4.894
D300764:bin_000008,0,0,0,0,0,0,0,3.111,0,0,0,0,0,0,0,0,0,0,0,0,0,0,0,0,0,0,0,0,0,0,0,0,0,0,0,0,0,0,0,0,0,0,0,0,0,0,0,3.98,0,0,5.091,0,0,0,0,0,0,0,0,0,0,0,0,0,0,0,0,0,0,0,0,0,0,0,0,0,0,0,0,0,4.77,0,0,0
D300764:bin_000013,0,0,0,0,0,0,0,0,0,0,0,0,0,0,0,0,0,0,0,0,0,0,0,0,0,0,0,0,0,0,0,0,0,0,0,0,0,0,0,0,0,0,0,0,0,0,0,0,0,0,0,0,0,0,0,0,0,0,0,0,0,0,0,0,0,0,0,0,0,0,0,0,0,0,0,0,0,0,0,0,0,0,0,0
D300766:bin_000008,0,0,0,0,0,0,0,0,0,0,0,0,0,0,0,0,0,0,0,0,0,0,0,0,0,0,0,0,0,0,0,0,0,0,0,0,0,0,0,0,0,0,0,0,0,0,0,0,0,0,0,0,0,0,0,0,0,0,0,0,0,0,0,0,0,0,0,0,0,0,0,0,0,0,0,0,0,0,0,0,0,0,0,0
D300766:bin_000009,8.168,11.696,7.282,6.489,14.311,8.313,11.153,16.765,8.932,8.233,10.65,10.704,12.968,5.616,11.449,6.171,0,11.074,7.338,14.209,14.565,12.134,8.623,11.131,6.109,8.08,17.07,7.138,15.82,8.582,33.479,10.797,12.022,25.244,11.662,33.549,8.614,22.215,7.861,10.355,0,5.278,0,11.21,8.863,8.002,13.765,14.735,7.403,23.467,16.842,0,12.814,8.448,14.709,11.701,5.414,11.831,8.896,404.386,12.14,30.221,7.408,5.283,9.043,10.881,9.963,10.51,0,13.732,16.177,9.538,17.79,12.223,9.449,6.041,11.383,9.809,7.753,24.553,21.588,12.881,10.048,17.575
MPB:bin_000002,0,0,0,0,0,0,0,0,0,0,0,0,0,0,0,0,0,0,0,0,0,0,0,0,0,0,0,0,0,0,0,0,0,0,0,0,0,0,0,0,0,0,0,0,0,0,0,0,0,0,0,0,0,0,0,0,0,0,0,23.203,0,0,0,0,0,0,0,0,0,0,0,0,0,0,0,0,0,0,0,0,0,0,0,0
MPB:bin_000004,0,0,0,0,0,0,0,0,0,0,0,0,0,0,0,0,0,0,0,0,0,0,0,0,0,0,0,0,0,0,0,0,0,0,0,0,0,0,0,0,0,0,0,0,0,0,0,0,0,0,0,0,0,0,0,0,0,0,0,0,0,0,0,0,0,0,0,0,0,0,0,0,0,0,0,0,0,0,0,0,0,0,0,0
MPB:bin_000005,0,1.457,1.436,0,0,1.619,0,0,1.125,0,0,1.474,1.716,0,0,0,0,0,0,1.72,0,2.651,0,1.858,0,0,0,0,0,2.224,3.089,1.645,1.934,3.073,0,0,0,0,0,1.401,0,0,0,2.155,1.432,1.203,1.522,1.775,1.275,0,3.384,0,4.058,0,2.462,0,0,2.808,0,0,0,1.58,1.351,0.978,0,1.719,1.26,1.283,0,1.437,1.63,1.258,0,1.696,0,0,1.57,1.606,1.698,0,1.626,3.34,1.107,0
MPB:bin_000006,0,0,0,0,0,0,0,0,0,0,0,0,0,0,0,0,0,0,0,0,0,0,0,0,0,0,0,0,0,0,0,0,0,0,0,0,0,0,0,0,0,0,0,0,0,0,0,0,0,0,0,0,0,0,0.8,0,0,0,0,20.28,0,0,0,0,0,0,0,0,0,0,0,0,0,0,0,0,0,0,0.716,0,0,0,0,0
MPB:bin_000007,0,0,0,0,0,0,0,0,0,0,0,0,0,0,0,0,0,0,0,0,0,0,0,0,0,0,0,0,0,0,0,0,0,0,0,0,0,0,0,0,0,0,0,0,0,0,0,0,0,0,0,0,0,0,0,0,0,0,0,0,0,0,0,0,0,0,0,0,0,0,0,0,0,0,0,0,0,0,0,0,0,0,0,0
MPB:bin_000009,0,0,0,0,0,3.218,0,0,0,0,0,0,0,0,0,0,0,0,0,0.757,0,0,0,0,0,0,0,0,0,0,0,0,0,0,0,0,0,0,0,0,0,0,0,0,0,0,0.689,0,0,0,0,0,0,0,0,0,0,0,0,19.59,0,0.867,0,0,0,0,0,0,0,0,0,0,0,0,0,0,0,0,0,0,0,0,0,0
MPB:bin_000010,0,0,0,0,0,0,0,0,0,0,0,0,0,0,0,0,0,0,0,0,0,0,0,0,0,0,0,0,0,0,0,0,0,0,0,0,0,0,0,0,0,0,0,0,0,0,0,0,0,0,0,0,0,0,0,0,0,0,0,0,0,0,0,0,0,0,0,0,0,0,0,0,0,0,0,0,0,0,0,0,0,0,0,0
MPB:bin_000011,0,0,0,0,0,0,0,0,0,0,0,0,0,0,0,0,0,0,0,0,0,0,0,0,0,0,0,0,0,0,0,0,0,0,0,0,0,0,0,0,0,0,0,0,0,0,0,0,0,0,0,0,0,0,0,0,0,0,0,0,0,0,0,0,0,0,0,0,0,0,0,0,0,0,0,0,0,0,0,0,0,0,0,0
MPB:bin_000016,43.147,42.227,53.421,57.022,44.654,31.109,34.464,61.695,19.625,38.108,62.504,68.768,67.583,62.581,30.642,28.186,8.212,16.12,25.518,55.51,35.901,63.409,52.935,88.056,28.007,86.25,32.221,17.245,41.909,73.592,43.758,45.848,60.147,61.838,155.386,45.558,75.991,119.436,97.435,38.354,18.961,41.964,24.812,36.111,56.162,49.399,46.98,71.055,26.428,51.306,84.389,65.919,36.411,24.009,91.659,43.983,57.605,39.314,126.361,1507.767,26.102,53.734,50.463,26.334,31.264,65.311,39.684,61.711,0,28.499,55.576,45.146,62.276,45.693,49.35,49.927,44.313,24.03,37.602,9.33,77.134,61.634,41.655,32.897
MPB:bin_000017,0,0,0,0,0,0,0,0,0,0,0,0,0,0,0,0,0,0,0,0,0,0,0,0,0,0,0,0,0,0,0,0,0,0,0,0,0,0,0,0,0,0,0,0,0,0,0,0,0,0,0,0,0,0,0,0,0,0,0,0,0,0,0,0,0,0,0,0,0,0,0,0,0,0,0,0,0,0,0,0,0,0,0,0
MPB:bin_000019,0,0,0,0,0,0,0,0,0,0,0,0,0,0,0,0,0,0,0,0,0,0,0,0,0,0,0,0,0,0,0,0,0,0,0,0,0,0,0,0,0,0,0,0,0,0,0,0,0,0,0,0,0,0,0,0,0,0,0,0,0,0,0,0,0,0,0,0,0,0,0,0,0,0,0,0,0,0,0,0,0,0,0,0
MPB:bin_000021,0,0,0,0,0,0,0,0,0,0,0,0,0,0,0,0,0,0,0,0,0,0,0,0,0,0,0,0,0,0,0,0,0,0,0,0,0,0,0,0,0,0,0,0,0,0,0,0,0,0,0,0,0,0,0,0,0,0,0,0,0,0,0,0,0,0,0,0,0,0,0,0,0,0,0,0,0,0,0,0,0,0,0,0
MPB:bin_000022,0,0,0,0,0,0,0,0,0,0,0,0,0,0,0,0,0,0,0,0,0,0,0,0,0,0,0,0,0,0,0,0,0,0,0,0,0,0,0,0,0,0,0,0,0,0,0,0,0,0,0,0,0,0,0,0,0,0,0,0,0,0,0,0,0,0,0,0,0,0,0,0,0,0,0,0,0,0,0,0,0,0,0,0
MPB:bin_000023,0,0,0,0,0,0,0,0,0,0,0,0,0,0,0,0,0,0,0,0,0,0,0,0,0,0,0,0,0,0,0,0,0,0,0,0,0,0,0,0,0,0,0,0,0,0,0,0,0,0,0,0,0,0,0,0,0,0,0,0,0,0,0,0,0,0,0,0,0,0,0,0,0,0,0,0,0,0,0,0,0,0,0,0
MPB:bin_000026,0,0,0,0,0,0,0,0,0,0,0,0,0,0,0,0,0,0,0,0,0,0,0,0,0,0,0,0,0,0,0,0,0,0,0,0,0,0,0,0,0,0,0,0,0,0,0,0,0,0,0,0,0,0,0,0,0,0,0,0,0,0,0,0,0,0,0,0,0,0,0,0,0,0,0,0,0,0,0,0,0,0,0,0
MPB:bin_000030,0,0,0,0,0,0,0,0,0,0,0,0,0,0,0,0,0,0,0,0,0,0,0,0,0,0,0,0,0,0,0,0,0,0,0,0,0,0,0,0,0,0,0,0,0,0,0,0,0,0,0,0,0,0,0,0,0,0,0,0,0,0,0,0,0,0,0,0,0,0,0,0,0,0,0,0,0,0,0,0,0,0,0,0
MPB:bin_000034,0,0,0,0,0,0,0,0,0,0,0,0,0,0,0,0,0,0,0,0,0,0,0,0,0,0,0,0,0,0,0,0,0,0,0,0,0,0,0,0,0,0,0,0,0,0,0,0,0,0,0,0,0,0,0,0,0,0,0,0,0,0,0,0,0,0,0,0,0,0,0,0,0,0,0,0,0,0,0,0,0,0,0,0
MPB:bin_000035,0,0,0,0,0,0,0,0,0,0,0,0,0,0,0,0,0,0,0,0,0,0,0,0,0,0,0,0,0,0,0,0,0,0,0,0,0,0,0,0,0,0,0,0,0,0,0,0,0,0,1.901,0,0,0,0,0,0,0,0,0,0,0,0,0,0,0,0,0,0,0,0,0,0,0,0,0,0,0,0,0,0,0,0,0
MPB:bin_000037,0,0,0,0,0,0,0,0,0,0,0,0,0,0,0,0,0,0,0,0,0,0,0,0,0,0,0,0,0,0,0,0,0,0,0,0,0,0,0,0,0,0,0,0,0,0,0,0,0,0,0,0,0,0,0,0,0,0,0,0,0,0,0,0,0,0,0,0,0,0,0,0,0,0,0,0,0,0,0,0,0,0,0,0
MPB:bin_000040,0,0,0,0,0,0,0,0,0,0,0,0,0,0,0,0,0,0,0,0,0,0,0,0,0,0,0,0,0,0,0,0,0,0,0,0,0,0,0,0,0,0,0,0,0,0,0,0,0,0,0,0,0,0,0,0,0,0,0,0,0,0,0,0,0,0,0,0,0,0,0,0,0,0,0,0,0,0,0,0,0,0,0,0
MPB:bin_000041,0,3.159,2.539,0,1.891,2.712,0.963,1.726,1.281,0,0,1.262,2.721,1.919,2.414,0,0,0,0,0.973,2.398,2.224,2.523,0,1.396,1.834,1.236,0,1.28,1.381,1.224,3.009,1.548,1.995,0,0,0.837,0,5.745,0,0,1.038,0,0.685,1.263,1.481,1.086,8.728,1,0,1.569,0,0,0,2.086,1.875,0,0,0,0,0,0,2.897,0,1.746,1.952,4.954,1.314,0,0,1.835,1.611,1.168,0,0.922,0.848,0,1.828,2.244,0,1.638,1.292,0.794,0
MPB:bin_000042,18.139,27.623,26.537,13.288,34.564,39.247,25.32,40.743,21.841,18.358,25.417,27.47,49.821,28.508,43.658,10.417,0,43.75,36.929,33.661,33.869,48.263,40.631,36.653,29.347,40.356,33.346,7.098,32.575,39.83,32.095,43.327,27.892,40.311,7.026,27.689,15.167,13.873,41.798,22.651,43.822,16.19,17.462,24.018,34.337,22.804,32.179,112.174,15.925,35.253,61.13,14.8,28.904,11.881,43.104,29.578,21.293,18.513,13.495,927.336,26.797,32.699,41.634,15.74,34.746,32.849,51.034,24.836,0,25.812,29.523,29.514,42.033,31.073,28.013,20.902,23.558,26.025,26.092,29.612,52.618,25.67,15.785,23.594
MPB:bin_000044,0,0,0,0,0,0,0,0,0,0,0,0,0,0,0,0,0,0,0,0,0,0,0,0,0,0,0,0,0,0,0,0,0,0,0,0,0,0,0,0,0,0,0,0,0,0,0,0,0,0,0,0,0,0,0,0,0,0,0,0,0,0,0,0,0,0,0,0,0,0,0,0,0,0,0,0,0,0,0,0,0,0,0,0
MPB:bin_000047,0,0,0,0,0,0,0,0,0,0,0,0,0,0,0,0,0,0,0,0,0,0,0,0,0,0,0,0,0,0,0,0,0,0,0,0,0,0,0,0,0,0,0,0,0,0,0,0,0,0,0,0,0,0,0,0,0,0,0,0,0,0,0,0,0,0,0,0,0,0,0,0,0,0,0,0,0,0,0,0,0,0,0,0
MPB:bin_000048,0,0,0,0,0,0,0,0,0,0,0,0,0,0,0,0,0,0,0,0,0,0,0,0,0,0,0,0,0,0,0,0,0,0,0,0,0,0,0,0,0,0,0,0,0,0,0,0,0,0,0,0,0,0,0,0,0,0,0,0,0,0,0,0,0,0,0,0,0,0,0,0,0,1.099,0,0,0,0,0,0,0,0.842,0,0
MPB:bin_000049,0,0,0,0,0,0,0,0,0,0,0,0,0,0,0,0,0,0,0,0,0,0,0,0,0,0,0,0,0,0,1.096,0,0,1.095,0,0,0,0,0.966,0.892,0,0,0,0,0.832,0,0,1.052,0,0,0.896,0,0,0,0,0,0,0.809,0,0,0,1.073,1.111,0,0,0,0,0,0,0,0,0,0,0,0,0,0,0,0,0,1.024,1.118,0,0
MPB:bin_000050,0,0,0,0,0,0,0,0,0,0,0,0,0,0,0,0,0,0,0,0,0,0,0,0,0,0,0,0,0,0,0,0,0,0,0,0,0,0,0,0,0,0,0,0,0,0,0,0,0,0,0,0,0,0,0,0,0,0,0,0,0,0,0,0,0,0,0,0,0,0,0,0,0,0,0,0,0,0,0,0,0,0,0,0
MPB:bin_000051,0,0,0,0,0,0,0,0,0,0,0,0,0,0,0,0,0,0,0,0,0,0,0,0,0,0,0,0,0,0,0,0,0,0,0,0,0,0,0,0,0,0,0,0,0,0,0,0,0,0,0,0,0,0,0,0,0,0,0,0,0,0,0,0,0,0,0,0,0,0,0,0,0,0,0,0,0,0,0,0,0,0,0,0
MPB:bin_000052,0,8.313,4.394,4.477,6.82,5.537,3.252,5.567,5.125,3.466,19.002,5.037,10.166,5.479,7.138,6.242,22.226,0,9.684,8.184,5.092,6.785,6.141,8.419,2.915,10.913,2.693,2.882,12.616,7.46,31.851,5.601,6.113,10.72,2.591,0,5.739,0,5.222,5.087,0,4.057,0,3.795,8.6,4.366,10.222,9.546,4.084,8.937,31.155,0,7.513,4.178,24.676,4.859,4.29,16.95,7.806,167.355,7.816,11.849,6.745,2.909,6.93,7.261,7.049,12.88,0,4.117,7.004,3.897,8.781,9.295,2.092,3.751,5.931,8.397,7.743,0,8.258,10.439,5.196,4.321
MPB:bin_000053,0,0,0,0,0,0,0,0,0,0,0,0,0,0,0,0,0,0,0,0,0,0,0,0,0,0,0,0,0,0,0,0,0,0,0,0,0,0,0,0,0,0,0,0,0,0,0,0,0,0,0,0,0,0,0,0,0,0,0,0,0,0,0,0,0,0,0,0,0,0,0,0,0,0,0,0,0,0,0,0,0,0,0,0
MPB:bin_000055,0,2.36,3.089,1.417,2.017,1.396,1.82,2.209,1.277,1.529,0,2.561,2.6,1.916,1.397,1.048,0,0,0,2.635,2.053,2.362,1.664,2.637,0,2.16,1.748,1.307,1.865,2.345,1.304,2.143,2.746,3.639,2.843,0,1.665,0,2.926,1.944,5.317,1.649,0,1.87,2.145,1.247,1.874,3.392,1.076,0,4.878,0,1.928,0.945,2.464,1.541,0,2.084,0,47.599,0,3.185,1.739,0.939,1.404,2.571,2.305,2.748,0,0,2.096,1.792,2.412,1.994,1.509,1.152,1.756,1.122,1.79,0,3.933,3.198,1.411,1.579
MPB:bin_000057,0,0,0,0,0,0,0,0,0,0,0,0,0,0,0,0,0,0,0,0,0,0,0,0,0,0,0,0,0,0,0,0,0,0,0,0,0,0,0,0,0,0,0,0,0,0,0,0,0,0,0,0,0,0,0,0,0,0,0,0,0,0,0,0,0,0,0,0,0,0,0,0,0,0,0,0,0,0,0,0,0,0,0,0
MPB:bin_000059,0,0,0,0,0,0,0,0,0,0,0,0,0,0,0,0,0,0,0,0,0,0,0,0,0,0,0,0,0,0,0,0,0,0,0,0,0,0,0,0,0,0,0,0,0,0,0,0,0,0,0,0,0,0,0,0,0,0,0,0,0,0,0,0,0,0,0,0,0,0,0,0,0,0,0,0,0,0,0,0,0,0,0,0
MPB:bin_000061,0,0,0,0,0,0,0,0,0,0,0,0,0,0,0,0,0,0,0,0,0,0,0,0,0,0,0,0,0,0,0,0,0,0,0,0,0,0,0,0,0,0,0,0,0,0,0,0,0,0,0,0,0,0,0,0,0,0,0,0,0,0,0,0,0,0,0,0,0,0,0,0,0,0,0,0,0,0,0,0,0,0,0,0
MPB:bin_000062,0,0,0,0,0,0,0,0,0,0,0,0,0,0,0,0,0,0,0,0,0,0,0,0,0,0,0,0,0,0,0,0,0,0,0,0,0,0,0,0,0,0,0,0,0,0,0.867,0,0,2.731,0,0,0,0,0,0,0,0,0,0,0,0,0,0,0,0,0,0,0,0,0,0,0,0,0,0,0,0,0,0,0,0.817,0,0
MPB:bin_000063,0,0,0,0,0,0,0,0,0,0,0,0,0,0,0,0,0,0,0,1.239,0,0,0,0,0,0,0.948,0,0,1.332,1.374,0,0,1.708,0,0,0,0,0,0,0,0,0,0,0,0,1.388,2.536,0.973,0,2.143,0,0,0,0,1.12,0,0,0,0,0,0,0,0,0,0,0,0,0,0,0,0,1.453,1.359,0,0,0,0,0,0,0,0,1.209,0
MPB:bin_000064,0,2.397,3.572,0,1.251,2.285,3.285,3.484,1.119,2.004,0,2.494,1.789,2.632,1.841,0,0,0,0,2.488,1.515,3.728,2.157,1.536,0,1.418,1.254,0,2.521,2.042,1.945,0,2.146,2.795,0,0,1.916,0,2.347,0,0,0.89,0,1.275,2.289,1.671,3.456,1.874,1.313,3.508,3.256,0,2.153,0.929,2.521,1.328,0,1.548,0,68.725,0,2.305,1.402,0.94,0.91,4.274,1.523,1.784,0,2.92,2.104,1.623,2.162,1.564,0,3.216,2.745,1.41,1.581,0,2.451,3.016,1.549,0
MPB:bin_000065,18.164,30.17,33.822,19.539,28.482,34.201,27.501,25.292,19.369,35.506,43.841,43.402,55.861,35.121,28.483,19.013,22.163,23.854,26.464,43.146,34.083,62.809,38.98,33.095,29.619,40.687,22.353,10.268,44.893,50.77,27.121,38.614,29.348,58.061,10.815,29.285,18.364,15.098,27.026,45.87,58.716,24.169,21.111,23.891,36.162,22.698,49.516,50.161,17.359,18.634,79.583,15.73,28.386,15.31,36.967,29.219,47.008,33.625,23.623,1028.882,19.992,41.91,31.106,12.154,25.498,38.031,48.593,41.866,0,34.689,30.944,23.843,35.672,40.045,20.72,25.539,29.164,25.796,35.43,16.404,68.824,58.821,19.466,33.88
MPB:bin_000066,11.47,6.136,10.438,3.552,8.433,11.292,4.61,8.778,4.08,6.488,9.658,7.763,12.321,4.674,7.459,2.589,0,0,4.156,4.867,7.758,7.579,12.238,9.57,5.694,7.377,9.477,1.347,5.259,8.889,3.645,9.398,8.354,9.11,9.249,0,11.296,24.554,9.134,2.573,7.755,3.971,7.061,5.29,7.734,6.255,13.533,27.687,5.3,14.241,5.159,11.558,7.077,2.174,14.463,8.602,14.811,4.586,3.506,117.336,5.248,2.813,6.136,3.962,9.482,4.548,10.429,3.338,0,6.191,10.02,7.732,9.624,6.446,5.779,3.568,7.629,5.693,8.051,0,11.682,9.856,3.927,5.023
MPB:bin_000069,0,2.455,3.833,2.153,2.753,2.603,1.985,2.261,1.774,2.797,0,2.29,3.706,3.784,1.642,4.412,0,0,1.968,4.65,2.179,4.709,4.078,1.718,0,4.124,1.968,1.474,2.839,3.831,5.37,2.751,3.301,6.276,2.239,0,2.152,0,3.493,1.629,0,1.223,0,2.559,2.192,2.397,4.28,3.14,1.854,3.812,6.838,0,2.212,1.814,3.834,1.526,0,2.148,0,158.153,2.597,3.067,2.537,1.197,2.717,3.811,4.434,3.3,0,3.215,3.295,4.449,4.406,3.837,2.365,2.121,2.207,1.547,2.197,0,4.174,3.072,2.744,1.687
MPB:bin_000070,0,1.136,1.828,0,1.593,0,2.121,2.419,1.092,0.975,0,0,1.483,0,1.672,1.072,0,0,0,1.662,1.768,1.803,1.317,0,0,1.191,1.354,0,1.486,0.898,2.903,0,1.058,1.905,0,0,0,0,0,1.877,0,0,0,1.263,1.138,0.93,1.781,1.629,0,2.803,2.798,0,1.2,0,0,2.215,0,1.144,0,54.177,1.766,2.506,1.256,0,1.451,1.083,0.974,0,0,1.947,1.39,0,0,1.514,0,0,1.242,1.314,0,0,2.461,1.71,1.392,2.172
MPB:bin_000072,0,0,0,0,0,0,0,0,0,0,0,0,0,0,0,0,0,0,0,0,0,0,0,0,0,0,0,0,0,0,0,0,0,0,0,0,0,0,0,0,0,0,0,0,0,0,0,0,0,0,0,0,0,0,0,0,0,0,0,0,0,0,0,0,0,0,0,0,0,0,0,0,0,0,0,0,0,0,0,0,0,0,0,0
MPB:bin_000073,0,0,0,0,0,0,0,0,0,0,0,0,0,0,0,0,0,0,0,0,0,0,0,0,0,0,0,0,0,0,0,0,0,0,0,0,0,0,0,0,0,0,0,0,0,0,0,0,0,0,0,0,0,0,0,0,0,0,0,0,0,0,0,0,0,0,0,0,0,0,0,0,0,0,0,0,0,0,0,0,0,0,0,0
MPB:bin_000074,0,0,0,0,0,0,0,0,0,0,0,0,0,0,0,0,0,0,0,0,0,0,0,0,0,0,0,0,0,0,0,0,0,0,0,0,0,0,0,0,0,0,0,0,0,0,0,0,0,0,0,0,0,0,0,0,0,0,0,0,0,0,0,0,0,0,0,0,0,0,0,0,0,0,0,0,0,0,0,0,0,0,0,0
MPB:bin_000075,0,0,0,0,0,0,0,0,0,0,0,0,0,0,0,0,0,0,0,0,0,0,0,0,0,0,0,0,0,0,0,0,0,0,0,0,0,0,0,0,0,0,0,0,0,0,0,0,0,0,0,0,0,0,0,0,0,0,0,0,0,0,0,0,0,0,0,0,0,0,0,0,0,0,0,0,0,0,0,0,0,0,0,0
MPB:bin_000076,0,0,0,0,0,0,0,0,0,0,0,0,0,0,0,0,0,0,0,0,0,0,0,0,0,0,0,0,0,0,0,0,0,0,0,0,0,0,0,0,0,0,0,0,0,0,0,0,0,0,0,0,0,0,0,0,0,0,0,0,0,0,0,0,0,0,0,0,0,0,0,0,0,0,0,0,0,0,0,0,0,0,0,0
MPB:bin_000079,0,0,0,0,0,0,0,0,0,0,0,0,0,0,0,0,0,0,0,0,0,0,0,0,0,0,0,0,0,0,0,0,0,0,0,0,0,0,0,0,0,0,0,0,0,0,0,0,0,0,0,0,0,0,0,0,0,0,0,0,0,0,0,0,0,0,0,0,0,0,0,0,0,0,0,0,0,0,0,0,0,0,0,0
MPB:bin_000080,0,0,0,0,0,0,0,0,0,0,0,0,0,0,0,0,0,0,0,0,0,0,0,0,0,0,0,0,0,0,0,0,0,0,0,0,0,0,0,0,0,0,0,0,0,0,0,0,0,0,0,0,0,0,0,0,0,0,0,0,0,0,0,0,0,0,0,0,0,0,0,0,0,0,0,0,0,0,0,0,0,0,0,0
MPB:bin_000081,0,0,0,0,0,0,0,0,0,0,0,0,0,0,0,0,0,0,0,0,0,0,0,0,0,0,0,0,0,0,0,0,0,0,0,0,0,0,0,0,0,0,0,0,0,0,0,0,0,0,0,0,0,0,0,0,0,0,0,0,0,0,0,0,0,0,0,0,0,0,0,0,0,0,0,0,0,0,0,0,0,0,0,0
MPB:bin_000082,0,0,0,0,0,0,0,0,0,0,0,0,0,0,0,0,0,0,0,0,0,0,0,0,0,0,0,0,0,0,0,0,0,0,0,0,0,0,0,0,0,0,0,0,0,0,0,0,0,0,0,0,0,0,0,1.304,0,0,0,0,0,0,0,0,0,0,0,0,0,0,0,0,0,0,0,0,0,0,0,0,0,0,0,0
MPB:bin_000083,0,0,0,0,0,0,0,0,0,0,0,0,0,0,0,0,0,0,0,0,0,0,0,0,0,0,0,0,0,0,0,0,0,0,0,0,0,0,0,0,0,0,0,0,0,0,0,0,0,0,0,0,0,0,0,0,0,0,0,0,0,0,0,0,0,0,0,0,0,0,0,0,0,0,0,0,0,0,0,0,0,0,0,0
MPB:bin_000085,0,0,0,0,0,0,0,0,0,0,0,0,0,0,0,0,0,0,0,0,0,0,0,0,0,0,0,0,0,0,0,0,0,0,0,0,0,0,0,0,0,0,0,0,0,0,0,0,0,0,0,0,0,0,0,0,0,0,0,0,0,0,0,0,0,0,0,0,0,0,0,0,0,0,0,0,0,0,0,0,0,0,0,0
MPB:bin_000087,0,0,0,0,0,0,0,0,0,0,0,0,0,0,0,0,0,0,0,0,0,0,0,0,0,0,0,0,0,0,0,0,0,0,0,0,0,0,0,0,0,0,0,0,0,0,0,0,0,0,0,0,0,0,0,0,0,0,0,0,0,0,0,0,0,0,0,0,0,0,0,0,0,0,0,0,0,0,0,0,0,0,0,0
MPB:bin_000088,0,0,0,0,0,0,0,0,0,0,0,0,0,0,0,0,0,0,0,0,0,0,0,0,0,0,0,0,0,0,0,0,0,0,0,0,0,0,0,0,0,0,0,0,0,0,0,0,0,0,0,0,0,0,0,0,0,0,0,0,0,0,0,0,0,0,0,0,0,0,0,0,0,0,0,0,0,0,0,0,0,0,0,0
MPB:bin_000090,0,0,0,0,0,0,0,0,0,0,0,0,0,0,0,0,0,0,0,0,0,0,0,0,0,0,0,0,0,0,0,0,0,0,0,0,0,0,0,0,0,0,0,0,0,0,0,0,0,0,0,0,0,0,0,0,0,0,0,0,0,0,0,0,0,0,0,0,0,0,0,0,0,0,0,0,0,0,0,0,0,0,0,0
MPB:bin_000091,0,0,0,0,0,0,0,0,0,0,0,0,0,0,0,0,0,0,0,0,0,0,0,0,0,0,0,0,0,0,0,0,0,0,0,0,0,0,0,0,0,0,0,0,0,0,0,0,0,0,0,0,0,0,0,0,0,0,0,0,0,0,0,0,0,0,0,0,0,0,0,0,0,0,0,0,0,0,0,0,0,0,0,0
MPB:bin_000092,0,0,0,0,0,0,0,0,0,0,0,0,0,0,0,0,0,0,0,0,0,0,0,0,0,0,0,0,0,0,0,0,0,0,0,0,0,0,0,0,0,0,0,0,0,0,0,0,0,0,0,0,0,0,0,0,0,0,0,0,0,0,0,0,0,0,0,0,0,0,0,0,0,0,0,0,0,0,0,0,0,0,0,0
MPB:bin_000093,10.319,3.836,3.775,2.899,4.997,6.864,3.096,4.34,3.665,5.44,8.47,5.365,7.215,5.613,4.289,3.477,0,0,2.686,7.622,4.028,10.335,6.29,5.474,4.895,10.219,4.966,2.187,3.694,9.555,5.977,8.237,5.307,8.98,4.312,0,4.598,0,5.204,5.251,0,2.013,0,6.26,3.907,5.118,6.103,6.465,3.036,6.472,12.719,8.86,5.067,4.437,4.205,4.872,3.419,6.638,3.873,199.6,6.906,7.588,4.618,2.456,4.617,7.903,4.444,8.915,0,6.37,6.273,2.551,11.073,8.151,3.158,5.182,4.545,3.511,3.01,0,11.583,8.071,4.71,4.267
MPB:bin_000094,0,0,0,0,0,0,0,1.833,0,0,0,0,0,0,0,0,0,0,1.778,0,0,0,0,0,0,0,0,0,0,0,1.784,0,0,0,0,0,0,0,0,0,0,0,0,0,2.178,1.514,0,0,0,0,7.695,0,0,0,0,0,0,1.909,0,28.492,0,0,0,0,0,0,0,0,0,0,0,0,0,0,0,0,0,0,0,0,0,0,0,0
MPB:bin_000095,0,0,0,0,0,0,0,0,0,0,0,0,0,0,0,0,0,0,0,0,0,0,0,0,0,0,0,0,0,0,0,0,0,0,0,0,0,0,0,0,0,0,0,0,0,0,0,0,0,0,0,0,0,0,0,0,0,0,0,0,0,0,0,0,0,0,0,0,0,0,0,0,0,0,0,0,0,0,0,0,0,0,0,0
MPB:bin_000097,0,2.489,1.246,2.044,2.119,1.291,1.397,2.243,1.121,1.171,0,1.986,2.304,2.586,1.143,1.789,0,0,1.258,2.797,1.095,2.284,3.039,2.405,1.66,2.211,1.969,1.275,1.888,2.472,3.883,2.65,2.418,2.634,3.974,0,2.632,3.917,3.555,1.22,0,1.386,0,1.391,1.622,2.179,3.63,2.695,1.467,2.667,3.688,0,2.015,1.692,2.389,1.022,0,1.863,4.141,39.711,1.372,2.695,1.373,0.957,1.816,3.24,2.441,2.998,0,1.665,2.193,1.706,2.816,2.082,2.244,2.018,2.414,0.883,1.317,0,2.663,1.56,2.257,2.123
MPB:bin_000100,0,3.662,4.236,0,3.748,0,0,3.324,2.454,3.767,0,0,5.692,3.73,2.912,0,0,0,3.477,5.148,3.768,5.915,4.397,4.352,0,0,0,0,3.812,8.502,0,0,0,9.047,0,0,3.471,0,3.922,0,0,2.747,0,2.912,4.724,2.992,5.016,5.908,0,0,8.367,0,3.153,0,4.655,3.113,0,0,0,82.267,0,4.848,3.96,0,3,5.352,4.942,4.59,0,3.823,4.356,0,5.521,4.878,3.505,2.801,3.46,0,3.48,0,6.945,5.473,0,0
MPB:bin_000103,0,0,0,0,0,0,0,0,0,0,0,0,0,0,0,0,0,0,0,0,0,0,0,0,0,0,0,0,0,0,0,0,0,0,0,0,0,0,0,0,0,0,0,0,0,0,0,0,0,0,0,0,0,0,0,0,0,0,0,0,0,0,0,0,0,0,0,0,0,0,0,0,0,0,0,0,0,0,0,0,0,0,0,0
MPB:bin_000105,0,1.543,1.793,1.278,0,0,0,1.021,0,1.067,0,1.254,1.088,1.12,0,0,0,0,1.168,0.799,0,2.241,1.32,1.931,1.431,1.105,0,1.015,1.212,1.351,0.775,1.634,1.232,0,0,0,0.803,0,1.749,0,0,0,0,0.644,1.281,0,1.99,1.641,0,0,1.28,0,0,0.842,0.925,0.691,0,0.916,0,34.177,0,0,0,0,0,2.341,1.701,1.333,0,0.981,1.602,1.25,1.516,1.178,1.097,2.144,1.536,0.798,0,0,1.644,0.768,1.054,0
MPB:bin_000106,0,0,0,0,0,0,0,0,0,0,0,0,0,0,0,0,0,0,0,0,0,0,0,0,0,0,0,0,0,0.819,0,0,0,0,0,0,0,0,1.536,0,0,0,0,0,0,0,0,0,0,0,0,0,0,0,0,0,0,0,0,0,0,0,0,0,0,0,0,0,0,0,0,0,0,0,0,0,0,0,0,0,0,0,0,0
MPB:bin_000107,0,0,0,0.842,0,0,0,0.966,0,0,0,0,0,0,0,0,0,0,0,0,0,0,0,0,0,0,0,0,0,1.731,1.67,0,0,0,2.958,0,0,5.868,1.642,0,0,0,0,0,1.373,0,1.217,0,0,0,1.469,0,0,1.22,0,0,0,0,2.835,0,0,0,0,0,0,0,0,0,0,0,0,0,0,0,0,0,0,0,0,0,1.31,1.124,0.823,0
MPB:bin_000108,0,0,0,0,0,0,0,0,0,0,0,0,0,0,0,0,0,0,0,0,0,0,0,0,0,0,0,0,0,0,0,0,0,1.112,0,0,0,0,0,0,0,0,0,0,0,0,1.014,0,0,0,0,0,0,0,0.958,0,0,0,0,0,0,0,0,0,0,0,0,0,0,0,0.937,0,0,0,0,0,0,0,0,0,0,1.062,0,0
MPB:bin_000109,0,0,0,0,0,0,0,0,0,0,0,0,0,0,0,0,0,0,0,0,0,0,0,0,0,0,0,0,0,0,0,0,0,0,0,0,0,0,0,0,0,0,0,0,0,0,0,0,0,0,0,0,0,0,0,0,0,0,0,11.836,0,0,0,0,0,0,0,0,0,0,0,0,0,0,0,0,0,0,0,0,0,0,0,0
MPB:bin_000110,0,2.037,0,0,2.539,1.549,1.263,1.076,0,0,3.972,1.598,2.655,0,1.713,0,0,0,0,2.102,1.474,3.028,1.984,2.505,0,0,0,0,0,2.411,1.52,2.394,0,5.654,0,0,0,0,0,1.66,0,1.612,0,1.069,3.95,0,3.22,3.762,0,0,0,0,1.192,0,0,2.092,0,0,0,42.167,1.594,2.836,1.526,1.205,2.557,2.822,1.612,1.418,0,1.517,3.729,0,2.205,1.56,3.805,1.291,0,1.115,0,0,2.551,3.047,0.947,1.758
MPB:bin_000111,0,1.09,1.035,1.399,0.811,1.195,0,1.495,0.863,1.045,0,1.33,1.924,1.236,1.597,0,0,0,0,2.137,1.388,1.873,1.802,0,1.308,1.457,0.778,0,1.953,1.782,1.174,0,1.178,2.17,2.142,0,0,0,1.691,1.497,3.478,0.812,0,0.85,0.942,1.063,1.153,1.517,0.716,3.658,2.454,0,1.044,0,1.136,1.254,0,1.623,0,29.296,0,1.617,1.637,0.592,0.982,1.961,1.551,1.103,0,0,0.876,0.971,1.014,1.231,0,0.848,0,0.826,0.975,0,1.875,1.366,1.21,0
MPB:bin_000113,0,0,0,0,0,0,0,0,0,0,0,0,0,0,0,0,0,0,0,0,0,0,0,0,0,0,0,0,0,0,0,0,0,0,0,0,0,0,0,0,0,0,0,0,0,0,0,0,0,0,0,0,0,0,0,0,0,0,0,0,0,0,0,0,0,0,0,0,0,0,0,0,0,0,0,0,0,0,0,0,0,0,0,0
MPB:bin_000114,0,0,0,0,0,0,0,0,0,0,0,0,0,0,0,0,0,0,0,0,0,0,0,0,0,0,0,0,0,0,0,0,0,0,0,0,0,0,0,0,0,0,0,0,0,0,0,0,0,0,0,0,0,0,0,0,0,0,0,0,0,0,0,0,0,0,0,0,0,0,0,0,0,0,0,0,0,0,0,0,0,0,0,0
MPB:bin_000115,0,0,0,0,0,0,0,0,0,0,0,0,0,0,0,0,0,0,0,0,0,0,0,0,0,0,0,0,0,0,0,0,0,0,0,0,0,0,0,0,0,0,0,0,0,0,0,0,0,0,0,0,0,0,0,0,0,0,0,0,0,0,0,0,0,0,0,0,0,0,0,0,0,0,0,0,0,0,0,0,0,0,0,0
MPB:bin_000116,0,0,0,0,0,0,0,0,0,0,0,0,0,0,0,0,0,0,0,0,0,0,0,0,0,0,0,0,0,0,0,0,0,0,0,0,0,0,0,0,0,0,0,0,0,0,0,0,0,0,0,0,0,0,0,0,0,0,0,0,0,0,0,0,0,0,0,0,0,0,0,0,0,0,0,0,0,0,0,0,0,0,0,0
MPB:bin_000120,0,0,0,1.427,0.994,0,0,2.025,1.374,0,0,1.432,1.259,0,1.422,0,0,0,0.998,1.111,1.443,1.569,1.548,1.393,2.872,0,0,0,0.862,0.831,1.298,0,0.857,2.978,0,0,0.898,0,1.228,0.975,3.34,0,0,0.777,1.186,0.889,1.043,1.212,0,0,1.988,0,1.074,1.549,1.161,0,4.122,1.682,0,31.732,0,1.429,1.036,0,1.218,2.091,0,2.951,0,0,1.066,1.159,1.592,2.28,0,1.021,0,0,0.925,0,1.642,0.784,0.753,0
MPB:bin_000122,0,5.036,4.376,1.603,6.807,3.858,4.875,6.995,3.278,3.444,4.887,6.021,4.823,2.374,4.801,6.878,0,6.069,3.364,6.964,5.777,5.743,3.996,4.175,3.419,3.426,6.91,2.713,6.193,5.399,8.043,5.481,6.688,13.735,1.577,20.179,2.142,0,1.988,5.029,0,2.398,0,4.192,3.404,2.977,5.673,7.515,3.164,10.252,8.501,0,5.45,3.443,5.444,6.529,0,4.275,2.954,164.227,5.707,12.474,4.091,2.019,3.948,4.775,5.715,4,0,8.448,8.079,3.542,6.359,5.516,2.133,1.955,4.866,4.811,3.368,9.935,8.988,6.085,4.182,7.605
MPB:bin_000123,0,1.607,0,0,0,1.753,0,0,0,1.231,0,2.221,0,0,0,0,0,0,0,2.161,0,1.311,0,0,0,1.414,0,0,0,0,0,0,2.664,2.905,0,0,2.306,0,0,0,0,0,0,0,1.193,0,1.267,0,0,0,4.067,0,1.054,0,0,0,0,0,0,0,0,1.051,1.158,0,0,1.174,0,0,0,1.359,2.149,1.703,1.604,0,0,0,0,0,0,0,2.261,1.451,0,0
MPB:bin_000125,0,5.051,2.664,4.543,4.395,7.759,6.751,4.254,4.817,6.742,9.483,10.75,6.499,4.48,5.264,2.873,0,0,4.735,7.584,7.349,9.785,8.643,9.846,8.822,4.269,2.883,1.593,7.546,7.161,2.439,4.574,5.571,14.166,3.947,9.247,2.803,0,6.404,7.45,13.292,3.797,0,3.535,8.417,6.965,9.057,12.285,2.905,6.457,9.667,0,2.003,2.212,6.899,4.657,9.998,5.905,3.254,182.8,2.437,7.59,7.473,3.002,4.693,11.48,4.497,9.466,0,4.992,9.283,3.382,7.686,6.317,2.08,4.839,3.438,6.35,5.376,0,15.946,9.271,4.856,5.203
MPB:bin_000127,0,0,0,0,0,0,0,0,0,0,0,0,0,0,0,0,0,0,0,0,0,0,0,0,0,0,0,0,0,0,0,0,0,0,0,0,0,0,0,0,0,0,0,0,0,0,0,0,0,0,0,0,0,0,0,0,0,0,0,0,0,0,0,0,0,0,0,0,0,0,0,0,0,0,0,0,0,0,0,0,0,0,0,0
MPB:bin_000129,0,0,0,0,0,0,0,0,0,0.847,0,0,0.737,0,0,0,0,0,0,0,0,1.022,1.921,0,0,0,0,0,1.249,0,0,0,0,0,0,0,0,0,0,0,0,0,0,0,1.07,0.787,0.77,0,0,0,0,0,0,0,0.995,0,0,0,0,0,0,0,0,0,0,0,0,0,0,0,0,0,0,1.053,0,0,0,0,0,0,0,1.083,0,0
MPB:bin_000130,0,0,0,0,0,0,0,0,0,0,0,0,0,0,0,0,0,0,0,0,0,0,0,0,0,0,0,0,0,0,0,0,0,0,0,0,0,0,0,0,0,0,0,0,0,0,0,0,0,0,0,0,0,0,0,0,0,0,0,20.202,0,0,0,0,0,0,0,0,0,0,0,0,0,0,0,0,0,0,0,0,0,0,0,0
MPB:bin_000131,7.9,7.138,16.526,20.677,13.837,9.834,9.445,16.859,5.037,9.831,12.012,15.924,12.868,12.154,8.784,6.963,0,0,9.238,16.995,9.93,26.921,15.317,19.16,9.173,14.884,11.197,5.158,12.588,23.528,14.967,16.728,19.994,18.927,40.715,7.612,17.513,24.008,27.635,6.248,8.513,7.727,0,7.717,19.495,11.301,21.36,16.123,6.39,9.959,24.431,0,9.01,13.005,24.584,8.045,7.934,9.025,32.751,408.898,6.482,16.772,11.704,6.758,10.386,18.087,9.422,17.77,0,14.741,21.652,15.707,24.915,14.774,21.546,14.762,13.984,7.194,5.94,12.562,21.938,20.733,8.564,6.656
MPB:bin_000132,14.1,21.232,18.992,10.704,22.073,24.988,14.61,18.157,11.783,20.769,15.655,24.111,28.756,14.003,14.94,20.472,0,10.561,16.314,22.306,24.746,29.849,27.183,17.435,12.997,17.119,11.749,12.434,14.561,15.445,23.949,18.926,22.191,40.884,20.092,0,14.725,25.335,15.896,19.455,0,12.165,5.174,19.328,17.252,13.944,25.424,23.57,14.359,44.859,31.205,19.529,20.759,12.034,25.062,15.419,11.181,17.49,25.311,447.206,29.444,31.117,14.993,10.575,18.169,24.192,29.542,17.425,10.197,19.421,32.677,15.462,29.468,30.33,16.254,12.355,12.435,16.441,18.419,9.133,35.834,26.73,18.444,14.461
MPB:bin_000133,0,1.727,1.546,1.302,1.439,1.365,0,1.106,0,1.191,0,0,2.17,1.492,0,0,0,0,1.447,1.674,0,1.859,3.646,0,0,1.688,0,0,1.601,2.646,0,0,1.672,2.051,0,0,1.576,0,1.564,0,0,1.042,0,0,2.017,0,1.745,2.08,1.07,0,2.839,0,0,0,1.763,1.063,0,0,0,0,0,1.848,1.313,0,0,2.11,0,1.557,0,0,1.576,0,0,0,1.327,0,1.445,0,0,0,2.782,1.959,1.008,0
MPB:bin_000135,0,1.365,0,1.186,2.115,0.932,0.884,1.275,0.804,1.631,0,1.593,2.112,1.692,0.726,0,0,0,0,1.956,1.776,2.351,1.63,1.009,0,1.854,1.11,0,1.634,2.066,1.039,1.329,1.509,5.142,0,0,1.218,0,1.385,1.619,0,0,0,0.932,1.198,1.187,2.804,1.96,0,4.912,2.153,0,1.122,1.105,2.007,1.592,0,1.595,0,32.788,0.97,2.563,1.326,0,1.284,1.624,1.041,1.909,0,1.29,1.426,0,1.921,2.039,1.383,0.941,0,0.824,1.799,0,3.11,1.842,0.948,0
MPB:bin_000136,0,0,0,0,0,0,0,0,0,0,0,0,0,0,0,0,0,0,0,0,0,0,0,0,0,0,0,0,0,0,0,0,0,0,0,0,0,0,0,0,0,0,0,0,0,0,0,0,0,0,0,0,0,0,0,0,0,0,0,0,0,0,0,0,0,0,0,0,0,0,0,0,0,0,0,0,0,0,0,0,0,0,0,0
MPB:bin_000137,0,0,0,0,0,0,0,0,0,0,0,0,0,0,0,0,0,0,0,0,0,0,0,0,0,0,0,0,0,0,0,0,0,0,0,0,0,0,0,0,0,0,0,0,0,0,0,0,0,0,0,0,0,0,0,0,0,0,0,0,0,0,0,0,0,0,0,0,0,0,0,0,0,0,0,0,0,0,0,0,0,0,0,0
MPB:bin_000138,0,2.416,1.773,2.197,3.203,2.536,2.632,2.928,1.243,1.774,0,2.133,3.299,2.257,1.725,1.942,0,0,1.342,3.45,2.011,4.353,3.337,2.57,2.684,2.231,1.974,0.856,2.063,3.374,2.67,3.391,5.099,5.145,4.739,0,2.416,4.211,3.378,1.709,0,1.635,0,1.782,3.588,3.15,3.973,3.845,2.063,4.194,5.225,0,1.654,1.844,3.897,1.511,0,2.757,3.938,53.737,2.879,2.902,3.016,1.136,1.87,4.043,2.297,2.703,0,2.778,3.431,1.811,4.181,3.398,4.26,2.71,2.153,2.26,2.006,0,4.023,2.445,1.686,2.898
MPB:bin_000140,0,0,0,0,0,0,0,0,0,0,0,0,0,0,0,0,0,0,0,0,0,0,0,0,0,0,0,0,0,0,0,0,0,0,0,0,0,0,0,0,0,0,0,0,0,0,0,0,0,0,0,0,0,0,0,0,0,0,0,0,0,0,0,0,0,0,0,0,0,0,0,0,0,0,0,0,0,0,0,0,0,0,0,0
MPB:bin_000141,0,0.978,1.229,0.94,0,0,0.91,0.911,0.729,0,0,1.185,1.355,1.378,0,0,0,0,0,1.032,0.873,1.343,0,1.149,1.462,0,0,0,0,1.551,0.876,1.596,1.158,2.104,2.094,0,1.199,0,1.352,0,0,0,0,0,1.045,0.976,1.132,1.037,0,2.454,2.133,0,0,0,1.477,0,0,0,0,20.866,0,1.049,0,0,0,1.369,0,1.216,0,0,0.82,1.047,1.247,1.667,0,0,0,0,0.857,0,1.589,1.217,0.772,0
MPB:bin_000143,0,1.622,2.225,1.918,1.285,1.087,1.475,1.82,0.891,1.098,0,2.053,1.524,1.581,1.051,1.484,0,0,0,2.151,2.18,2.522,2.405,1.897,2.022,1.596,1.07,1.334,1.576,2.826,2.044,2.478,2.819,2.222,4.362,0,1.602,3.293,3.22,0,0,1.5,0,1.456,2.03,1.573,2.251,2.736,0.971,3.451,1.95,0,1.312,1.005,2.333,1.675,0,1.825,3.212,42.044,1.242,1.961,1.763,0.986,1.591,2.957,1.244,2.152,0,1.855,2.221,1.448,2.178,2.233,2.218,2.12,1.711,0.876,0,0,3.002,1.548,1.418,0
MPB:bin_000144,0,0,0,0,0,0,0,0,0,0,0,0,0,0,0,0,0,0,0,0,0,0,0,0,0,0,0,0,0,0,0,0,0,0,0,0,0,0,0,0,0,0,0,0,0,0,0,0,0,0,3.829,0,0,0,0,0,0,0,0,0,0,0,0,0,0,0,0,0,0,0,0,0,0,0,0,0,0,2.321,0,0,0,0,0,0
MPB:bin_000145,0,0,0,0,0,0,0,0,0,0,0,0,0,0,0,0,0,0,0,0,0,0,0,0,0,0,0,0,0,0,0,0,0,0,0,0,0,0,0,0,0,0,0,0,0,0,0,0,0,0,0,0,0,0,0,0,0,0,0,0,0,0,0,0,0,0,0,0,0,0,0,0,0,0,0,0,0,0,0,0,0,0,0,0
MPB:bin_000146,0,0,0,0,0,0,0,0,0,0,0,0,0,0,0,0,0,0,0,0,0,0,0,0,0,0,0,0,0,0,0,0,0,0,0,0,0,0,0,0,0,0,0,0,0,0,0,0,0,0,0,0,0,0,0,0,0,0,0,0,0,0,0,0,0,0,0,0,0,0,0,0,0,0,0,0,0,0,0,0,0,0,0,0
MPB:bin_000147,0,0,0,0,0,0,0,0,0,0,0,0,0,0,0,0,0,0,0,0,0,0,0,0,0,0,0,0,0,0,0,0,0,0,0,0,0,0,0,0,0,0,0,0,0,0,0,0,0,0,0,0,0,0,0,0,0,0,0,0,0,0,0,0,0,0,0,0,0,0,0,0,0,0,0,0,0,0,0,0,0,0,0,0
MPB:bin_000148,0,0,0,0,0,0,0,0,0,0,0,0,0,0,0,0,0,0,0,0,0,0,0,0,0,0,0,0,0,0,0,0,0,0,0,0,0,0,0,0,0,0,0,0,0,0,0,0,0,0,0,0,0,0,0,0,0,0,0,0,0,0,0,0,0,0,0,0,0,0,0,0,0,0,0,0,0,0,0,0,0,0,0,0
MPB:bin_000149,0,0,0,0,0,0,0,0,0,0,0,0,0,0,0,0,0,0,0,1.29,0,1.233,0,0,0,0,0,0,0,0,0,1.383,0,1.427,0,0,0,0,0,0,0,0,0,0.83,0.968,0,0,0.855,0,0,1.844,0,0,0,0,0,0,0,0,19.08,0,0,0,0,0,1.627,1.119,1.31,0,0,0.945,0,1.038,0,0,0,0,0.769,0,0,1.231,1.009,0,0
MPB:bin_000150,0,0,0,0,0,0,0,0,0,0,0,0,0,0,0,0,0,0,0,0,0,0,0,0,0,0,0,0,0,0,0,0,0,0,0,0,0,0,0,0,0,0,0,0,0,0,0,0,0,0,0,0,0,0,0,0,0,0,0,0,0,0,0,0,0,0,0,0,0,0,0,0,0,0,0,0,0,0,0,0,0,0,0,0
MPB:bin_000152,0,1.63,1.766,0,1.6,1.345,1.549,1.086,0,1.364,0,1.534,1.852,1.165,1.791,0,0,0,0,1.712,1.226,2.327,1.478,1.567,0,1.597,1.044,0,1.339,2.036,1.747,0,1.384,2.971,0,0,0.999,0,0,1.143,0,0,0,1.381,1.873,0,1.875,1.986,1.135,2.051,3.014,0,0,1.015,1.798,1.193,0,1.304,0,30.285,0,1.618,1.298,0,1.396,2.154,1.717,1.86,0,1.286,1.494,0,2.107,0,0,0,0,1.111,1.483,0,2.391,1.637,1.105,0
MPB:bin_000153,0,0,2.196,0,1.815,1.856,1.403,0,2.236,4.722,0,0,2.755,2.218,4.635,2.346,0,0,1.887,2.88,6.894,6.571,3.295,1.469,1.909,6.561,0,0,4.319,3.574,0,4.25,0,5.594,0,9.078,0,0,1.217,4.266,0,0,0,0,4.66,0,3.958,0,4.04,0,0,0,0,1.363,1.715,0,0,1.229,0,45.407,1.302,1.773,1.561,1.399,4.205,2.038,1.139,1.378,0,1.323,2.569,2.608,1.576,2.968,0,2.612,1.403,0,0,0,4.366,10.042,1.433,2.315
MPB:bin_000155,0,0,0,0,0,0,0,0,0,0,0,0,0.684,0,0,0,0,0,0,0,0,0,0,0,0,0,0,0,0.774,0,0,0,0,0,0,0,0,0,1.401,0,0,0,0,0,0,0,0,2.634,0,0,0,0,0,0,0,0.685,0,0,0,0,0,0,0,0,0,0,0,0,0,0,0,0,0,0,0,0,0,0,0,0,0.847,0,0,0
MPB:bin_000156,0,0,0,0,0,0,0,0,0,0,0,0,0,0,0,0,0,0,0,0,0,0,0,0,0,0,0,0,0,0,0,0,0,0,0,0,0,0,0,0,0,0,0,0,0,0,0,0,0,0,0,0,0,0,0,0,0,0,0,0,0,0,0,0,0,0,0,0,0,0,0,0,0,0,0,0,0,0,0,0,0,0,0,0
MPB:bin_000158,0,0,0,0,0,0,0,0,0,0,0,0,0,0,0,0,0,0,0,0,0,0,0,0,0,0,0,0,0,0,0,0,0,0,0,0,0,0,0,0,0,0,0,0,0,0,0,0,0,0,0,0,0,0,0,0,0,0,0,0,0,0,0,0,0,0,0,0,0,0,0,0,0,0,0,0,0,0,0,0,0,0,0,0
MPB:bin_000160,0,1.465,0,0,1.216,1.012,0,1.017,0,1.48,0,1.123,1.181,0,0.841,1.017,0,0,0,1.165,0,1.034,1.133,0,0,0,0,0,0.904,0,3.739,0,0,2.469,0,0,0,0,0,1.395,0,0,0,1.024,0.997,0,1.791,1.164,0,2.129,1.38,0,0,0,1.798,1.03,0,1.05,0,0,1.211,1.742,1.049,0,0.868,0.987,1.144,0,0,0,1.232,0,2.143,1.339,0,0,0,0.841,1.226,0,2.093,1.958,0.866,1.298
MPB:bin_000162,0,7.95,8.39,4.082,6.828,6.496,5.883,5.548,4.401,5.942,8.151,6.817,7.975,6.788,5.511,6.33,0,0,5.762,9.373,7.845,12.73,8.87,6.969,6.89,6.545,3.781,3.064,7.66,8.628,10.82,9.245,6.953,13.657,4.256,0,3.799,4.51,6.258,7.712,0,3.944,0,6.109,8.478,3.864,9.856,9.868,4.159,8.945,14.411,0,7.008,5.316,7.112,5.222,0,7.958,5.784,133,5.389,8.621,7.401,4.603,5.661,11.792,9.541,8.282,0,5.222,8.029,4.834,10.314,7.293,5.27,5.474,5.833,4.966,6.126,0,12.594,7.823,5.495,6.07
MPB:bin_000163,0,0,0,0,0,0,0,0,0,0,0,0,0,0,0,0,0,0,0,0,0,0,0,0,0,0,0,0,0,0,0,0,0,0,0,0,0,0,0,0,0,0,0,0,0,0,0,0,0,0,0,0,0,0,0,0,0,0,0,0,0,0,0,0,0,0,0,0,0,0,0,0,0,0,0,0,0,0,0,0,0,0,0,0
MPB:bin_000165,0,0,0,0,0,0,0,0,0,0,0,0,0,0,0,0,0,0,0,0,0,0,0,0,0,0,0,0,0,0,0,0,0,0,0,0,0,0,0,0,0,0,0,0,0,0,0,0,0,0,0,0,0,0,0,0,0,0,0,0,0,0,0,0,0,0,0,0,0,0,0,0,0,0,0,0,0,0,0,0,0,0,0,0
MPB:bin_000167,0,0,0,0,0,0,0,0,0,0,0,0,0,0,0,0,0,0,0,0,0,0,0,0,0,0,0,0,0,0,0,0,0,0,0,0,0,0,0,0,0,0,0,0,0,0,0,0,0,0,0,0,0,0,0,0,0,0,0,0,0,0,0,0,0,0,0,0,0,0,0,0,0,0,0,0,0,0,0,0,0,0,0,0
MPB:bin_000168,0,0,0,0,0,0,0,0,0,0,0,0,0,0,0,0,0,0,0,0,0,0,0,0,0,0,0,0,0,0,0,0,0,0,0,0,0,0,0,0,0,0,0,0,0,0,0,0,0,0,0,0,0,0,0,0,0,0,0,0,0,0,0,0,0,0,0,0,0,0,0,0,0,0,0,0,0,0,0,0,0,0,0,0
MPB:bin_000169,0,0,0,0,0,6.608,0,0,0,0,0,0,8.546,0,0,0,0,0,0,8.671,0,9.017,0,0,0,7.87,0,0,0,7.572,0,0,7.489,11.923,0,0,4.488,0,0,6.043,0,0,0,5.353,5.787,0,8.717,0,0,0,15.111,0,0,3.654,7.214,5.412,0,6.909,0,165.157,0,9.253,0,0,6.071,9.244,0,0,0,0,0,0,0,0,0,0,0,4.412,0,0,12.208,8.141,4.369,0
MPB:bin_000170,0,1.837,1.326,0.849,1.353,1.221,1.455,1.397,0,0.75,0,1.99,2.297,1.211,1.2,0,0,0,0,2.151,1.236,1.622,1.685,1.597,0,0,1.025,1.17,1.242,1.494,4.946,1.413,1.253,2.456,1.689,0,0,0,1.026,1.157,0,0,0,1.521,1.284,0,2.08,1.486,0,3.797,1.604,0,1.219,1.256,2.562,1.142,0,0.915,0,45.402,2.18,2.903,1.055,0,1.213,1.986,1.265,1.164,0,1.488,1.973,1.442,1.551,2.55,1.268,0.867,0,1.3,1.151,0,3.429,1.682,1.217,0
MPB:bin_000173,0,3.048,5.345,2.27,4.057,5.259,2.458,6.148,2.249,4.474,3.573,2.323,4.04,3.732,3.34,4.784,0,0,3.12,5.485,4.031,7.256,4.419,3.262,2.663,4.152,2.469,1.227,3.788,5.591,5.063,3.438,3.988,4.893,3.1,0,2.347,4.572,5.627,3.92,6.815,2.071,0,3.375,3.802,2.663,4.562,6.153,2.08,5.462,8.093,0,2.583,2.341,5.024,4.345,3.635,4.123,4.577,99.175,3.867,4.882,3.123,2.085,3.073,5.221,4.809,6.316,0,5.094,3.339,2.382,5.154,6.178,3.425,2.705,3.409,3.043,2.58,0,6.13,3.599,3.525,2.777
MPB:bin_000174,0,0,0,0,0,0,0,0,0,0,0,0,0,0,0,0,0,0,0,0,0,0,0,0,0,0,0,0,0,0,0,0,0,0,0,0,0,0,0,0,0,0,0,0,0,0,0,0,0,0,0,0,0,0,0,0,0,0,0,0,0,0,0,0,0,0,0,0,0,0,0,0,0,0,0,0,0,0,0,0,0,0,0,0
MPB:bin_000177,0,0,0,0,0,0,0,0,0,0,0,0,0,0,0,0,0,0,0,0,0,0,0,0,0,0,0,0,0,0,0,0,0,0,0,0,0,0,0,0,0,0,0,0,0,0,0,0,0,0,0,0,0,0,0,0,0,0,0,0,0,0,0,0,0,0,0,0,0,0,0,0,0,0,0,0,0,0,0,0,0,0,0,0
MPB:bin_000185,0,0,0,0,0,0,0,0,0,0,0,0,0,0,0,0,0,0,0,0,0,0,0,0,0,0,0,0,0,0,0,0,0,0,0,0,0,0,0,0,0,0,0,0,0,0,0,0,0,0,0,0,0,0,0,0,0,0,0,0,0,0,0,0,0,0,0,0,0,0,0,0,0,0,0,0,0,0,0,0,0,0,0,0
MPB:bin_000187,0,0,0,0,0,0,0,0,0,0,0,0,0,0,0,0,0,0,0,0,0,0,0,0,0,0,0,0,0,0,0,0,0,0,0,0,0,0,0,0,0,0,0,0,0,0,0,0,0,0,0,0,0,0,0,0,0,0,0,0,0,0,0,0,0,0,0,0,0,0,0,0,0,0,0,0,0,0,0,0,0,0,0,0
MPB:bin_000190,0,6.335,8.965,4.616,9.2,7.751,6.06,5.22,5.497,11.944,7.795,8.757,10.724,7.926,7.284,6.079,0,0,4.232,8.948,5,9.96,11.324,10.13,4.082,10.542,3.965,2.614,9.229,12.075,6.349,7.676,12.641,16.362,5.414,0,5.472,0,5.488,10.95,16.174,5.118,5.539,5.854,13.167,6.082,10.145,12.015,3.245,8.916,13.765,0,9.66,5.286,9.065,4.644,5.411,9.048,6.697,119.176,4.294,12.601,7.813,2.803,6.513,16.568,5.392,8.243,0,6.906,7.73,4.628,6.298,8.152,6.15,5.575,5.995,8.358,8.517,0,15.171,14.633,6.058,8.026
MPB:bin_000191,69.829,65.723,69.512,39.408,60.953,66.17,47.562,49.259,41.884,61.755,106.719,71.18,87.104,60.953,53.94,45.191,11.11,36.319,53.968,91.922,70.582,99.341,64.285,66.909,53.083,84.388,36.012,26.692,65.452,81.039,60.327,61.751,74.53,124.193,30.255,52.426,43.104,23.351,55.416,60.946,121.418,31.973,29.899,57.932,57.633,53.858,86.009,93.011,41.733,92.964,154.798,32.413,55.819,37.83,72.811,56.005,61.34,69.164,37.894,1689.599,51.894,96.125,63.54,29.257,63.767,93.923,62.841,67.945,15.422,67.059,68.593,47.435,97.956,77.171,48.36,48.228,60.605,47.175,65.426,28.462,123.054,76.302,46.953,56.031
MPB:bin_000193,0,0,0,0,0,0,0,0,0,0,0,0,0,0,0,0,0,0,0,0,0,0,0,0,0,0,0,0,0,0,0,0,0,0,0,0,0,0,0,0,0,0,0,0,0,0,0,0,0,0,0,0,0,0,0,0,0,0,0,0,0,0,0,0,0,0,0,0,0,0,0,0,0,0,0,0,0,0,0,0,0,0,0,0
MPB:bin_000194,0,0,0,0,0,0,0,0,0,0,0,0,0,0,0,0,0,0,0,0,0,0,0,0,0,0,0,0,0,0,0,0,0,0,0,0,0,0,0,0,0,0,0,0,0,0,0,0,0,0,0,0,0,0,0,0,0,0,0,0,0,0,0,0,0,0,0,0,0,0,0,0,0,0,0,0,0,0,0,0,0,0,0,0
MPB:bin_000195,0,0,0,0,0,0,0,0,0,0,0,0,0,0,0,0,0,0,0,0,0,0,0,0,0,0,0,0,0,0,0,0,0,0,0,0,0,0,0,0,0,0,0,0,0,0,0,0,0,0,0,0,0,0,0,0,0,0,0,0,0,0,0,0,0,0,0,0,0,0,0,0,0,0,0,0,0,0,0,0,0,0,0,0
MPB:bin_000196,0,0,0,0,0,0,0,0,0,0,0,0,0,0,0,0,0,0,0,0,0,0,0,0,0,0,0,0,0,0,0,0,0,0,0,0,0,0,0,0,0,0,0,0,0,0,0,0,0,0,0,0,0,0,0,0,0,0,0,0,0,0,0,0,0,0,0,0,0,0,0,0,0,0,0,0,0,0,0,0,0,0,0,0
MPB:bin_000198,0,0,0,0,0,0,0,0,0,0,0,0,0,0,0,0,0,0,0,0,0,0,0,0,0,0,0,0,0,0,0,0,0,0,0,0,0,0,0,0,0,0,0,0,0,0,0,0,0,0,0,0,0,0,0,0,0,0,0,0,0,0,0,0,0,0,0,0,0,0,0,0,0,0,0,0,0,0,0,0,0,0,0,0
MPB:bin_000201,0,0,0,0,0,0,0,0,0,0,0,0,0,0,0,0,0,0,0,0,0,0,0,0,0,0,0,0,0,0,0,0,0,0,0,0,0,0,0,0,0,0,0,0,0,0,0,0,0,0,0,0,0,0,0,0,0,0,0,0,0,0,0,0,0,0,0,0,0,0,0,0,0,0,0,0,0,0,0,0,0,0,0,0
MPB:bin_000203,0,0,0,0,0,0,0,0,0,0,0,0,0,0,0,0,0,0,0,0,0,0,0,0,0,0,0,0,0,0,0,0,0,0,0,0,0,0,0,0,0,0,0,0,0,0,0,0,0,0,0,0,0,0,0,0,0,0,0,0,0,0,0,0,0,0,0,0,0,0,0,0,0,0,0,0,0,0,0,0,0,0,0,0
MPB:bin_000204,0,0,0,0,0,0,0,0,0,0,0,0,0,0,0,0,0,0,0,0,0,0,0,0,0,0,0,0,0,0,0,0,0,0,0,0,0,0,0,0,0,0,0,0,0,0,0,0,0,0,0,0,0,0,0,0,0,0,0,0,0,0,0,0,0,0,0,0,0,0,0,0,0,0,0,0,0,0,0,0,0,0,0,0
MPB:bin_000209,0,0,0,0,0,0,0,0,0,0,0,0,0,0,0,0,0,0,0,0,0,0,0,0,0,0,0,0,0,0,0,0,0,0,0,0,0,0,0,0,0,0,0,0,0,0,0,0,0,0,0,0,0,0,0,0,0,0,0,0,0,0,0,0,0,0,0,0,0,0,0,0,0,0,0,0,0,0,0,0,0,0,0,0
MPB:bin_000212,0,0,0,0,0,0,0,0,0,0,0,0,0,0,0,0,0,0,0,0,0,0,0,0,0,0,0,0,0,0,0,0,0,0,0,0,0,0,0,0,0,0,0,0,0,0,0,0,0,0,0,0,0,0,0,0,0,0,0,0,0,0,0,0,0,0,0,0,0,0,0,0,0,0,0,0,0,0,0,0,0,0,0,0
MPB:bin_000213,0,0,0,0,3.609,0,2.676,4.178,2.898,2.913,0,0,3.913,0,3.036,0,0,0,3.596,4.648,3.709,5.426,0,0,0,0,3.753,0,4.213,0,3.648,0,0,8.376,0,0,0,0,0,0,0,0,0,3.148,3.381,0,0,5.106,0,0,0,0,0,0,3.494,0,0,4.245,0,172.413,0,5.056,3.75,0,2.946,0,0,3.824,0,4.697,3.668,0,4.597,0,0,0,3.945,2.587,0,0,6.921,3.369,0,3.65
MPB:bin_000214,0,1.432,1.505,0.928,1.243,0,1.3,1.183,0.9,0.908,0,0,1.622,1.009,0,0,0,0,0,1.527,1.099,1.632,1.542,1.319,0,0,0,0,1.255,1.245,1.752,1.563,1.498,1.994,1.696,0,0,0,1.846,0,0,0,0,1.303,1.055,0,1.177,1.318,1.136,0,2.834,0,0,0.911,1.358,1.258,0,0,0,26.102,1.329,2.112,1.281,0.944,0.78,1.447,0,1.388,0,1.667,1.349,0,1.969,0,1.232,1.086,0,0.85,1.28,0,2.269,0,1.159,0
MPB:bin_000216,0,0,0,0,0,0,0,0,0,0,0,0,0,0,0,0,0,0,0,0,0,0,0,0,0,0,0,0,0,0,0,0,0,0,0,0,0,0,0,0,0,0,0,0,0,0,0,0,0,0,0,0,0,0,0,0,0,0,0,0,0,0,0,0,0,0,0,0,0,0,0,0,0,0,0,0,0,0,0,0,0,0,0,0
MPB:bin_000217,0,0,0,0,0,0,0,0,0,0,0,0,0,0,0,0,0,0,0,0,0,0,0,0,0,0,0,0,0,0,0,0,0,0,0,0,0,0,0,0,0,0,0,0,0,0,0,0,0,0,0,0,0,0,0,0,0,0,0,0,0,0,0,0,0,0,0,0,0,0,0,0,0,0,0,0,0,0,0,0,0,0,0,0
MPB:bin_000220,0,2.623,1.936,0,3.517,2.072,3.551,5.619,1.809,1.825,0,4.24,2.932,1.206,3.362,1.984,0,7.862,1.843,5.154,3.163,2.51,2.037,2.025,1.083,1.654,3.958,1.29,3.204,1.676,7.888,2.647,2.224,6.466,0,16.262,1.292,0,0.951,2.791,0,0.999,0,3.01,1.564,1.349,2.994,4.167,1.228,5.642,3.794,0,2.854,1.468,2.89,4.196,0,4.285,0,94.192,3.747,7.145,2.018,1.32,1.776,1.644,3.282,1.303,0,6.455,3.752,2.335,3.538,2.032,1.261,1.124,3.867,2.391,1.656,0,4.401,4.226,2.083,9.473
MPB:bin_000221,0,0,0,0,0,0,0,0,0,0,0,0,0,0,0,0,0,0,0,0,0,0,0,0,0,0,0,0,0,0,0,0,0,0,0,0,0,0,0,0,0,0,0,0,0,0,0,0,0,0,0,0,0,0,0,0,0,0,0,0,0,0,0,0,0,0,0,0,0,0,0,0,0,0,0,0,0,0,0,0,0,0,0,0
MPB:bin_000223,0,0,0,0,0,0,0,0,0,0,0,0,0,0,0,0,0,0,0,0,0,0,0,0,0,0,0,0,0,0,0,0,0,0,0,0,0,0,0,0,0,0,0,0,0,0,0,0,0,0,0,0,0,0,0,0,0,0,0,0,0,0,0,0,0,0,0,0,0,0,0,0,0,0,0,0,0,0,0,0,0,0,0,0
MPB:bin_000225,0,0,0,0,0,0,0,0,0,0,0,0,0,0,0,0,0,0,0,0,0,0,0,0,0,0,0,0,0,0,0,0,0,0,0,0,0,0,0,0,0,0,0,0,0,0,0,0,0,0,0,0,0,0,0,0,0,0,0,0,0,0,0,0,0,0,0,0,0,0,0,0,0,0,0,0,0,0,0,0,0,0,0,0
MPB:bin_000227,0,0,0,0,0,0,0,0,0,0,0,0,0,0,0,0,0,0,0,0,0,0,0,0,0,0,0,0,0,0,0,0,0,0,0,0,0,0,0,0,0,0,0,0,0,0,0,0,0,0,0,0,0,0,0,0,0,0,0,0,0,0,0,0,0,0,0,0,0,0,0,0,0,0,0,0,0,0,0,0,0,0,0,0
MPB:bin_000228,0,0,0,0,0,0,0,0,0,0,0,0,0,0,0,0,0,0,0,0,0,0,0,0,0,0,0,0,0,0,0,0,0,0,0,0,0,0,0,0,0,0,0,0,0,0,0,0,0,0,0,0,0,0,0,0,0,0,0,0,0,0,0,0,0,0,0,0,0,0,0,0,0,0,0,0,0,0,0,0,0,0,0,0
MPB:bin_000230,0,1.278,0,0,0,0,0,0,0,0,0,0,0,0,0,0,0,0,0,0,0,0,0,0,0,0,0,0,0,0,0,0,0,0,0,0,0,0,0,0,0,0,0,0,0,0,0,1.69,0,0,0,0,0,0,0,0,0,0,0,0,0,0,0,0,0,0,0,0,0,0,0,0,0,0,1.029,0,0,0,0,0,0,0,0,0
MPB:bin_000231,0,3.941,3.679,3.387,3.941,3.56,3.217,3.221,1.785,3.847,0,2.76,4.264,5.262,2.816,2.355,0,0,2.853,4.576,3.732,5.924,3.554,3.996,1.681,4.252,2.561,1.164,3.622,4.255,7.956,4.597,4.694,5.8,6.115,0,3.612,5.744,5.457,2.517,0,2.139,0,2.707,3.92,2.604,4.558,4.533,2.295,4.976,6.399,0,3.171,1.874,4.245,2.706,0,3.254,5.98,129.266,2.151,4.663,3.255,1.984,2.492,4.777,3.279,4.751,0,4.969,4.544,2.443,5.742,4.725,4.189,3.373,3.896,2.108,2.356,0,6.145,3.801,3.565,4.372
MPB:bin_000232,30.363,30.362,31.443,20.58,48.585,33.675,30.484,28.177,22.595,35.668,60.33,45.644,54.81,33.137,24.486,24.074,7.624,24.962,37.765,51.348,33.854,55.787,40.667,33.257,40.031,38.885,26.203,19.419,43.479,50.684,38.485,34.845,38.569,73.181,19.953,20.962,21.706,18.42,25.833,33.518,10.078,19.006,12.642,28.911,72.059,31.232,70.415,70.84,21.464,65.311,86.39,14.531,31.378,26.273,42.028,30.923,21.265,41.263,27.503,810.381,23.191,50.541,43.6,19.392,45.313,73.725,32.612,50.146,0,30.101,40.611,19.612,54.782,53.314,26.23,21.16,26.456,23.757,33.665,25.437,73.23,39.041,21.88,29.131
MPB:bin_000233,0,0,0,0,0,0,0,0,0,0,0,0,0,0,0,0,0,0,0,0,0,0,0,0,0,0,0,0,0,0,0,0,0,0,0,0,0,0,0,0,0,0,0,0,0,0,0,0,0,0,0,0,0,0,0,0,0,0,0,0,0,0,0,0,0,0,0,0,0,0,0,0,0,0,0,0,0,0,0,0,0,0,0,0
MPB:bin_000236,0,4.07,3.501,3.221,2.846,1.881,2.351,3.317,1.758,3.167,0,2.867,3.889,2.719,2.986,2.054,0,0,2.17,4.339,2.652,5.574,3.584,4.429,4.233,4.728,2.474,2.235,3.081,5.008,4.835,5.42,5.213,4.708,6.174,0,3.419,10.134,4.896,2.223,0,2.102,0,2.056,5.16,2.642,3.946,4.384,2.224,0,6.601,0,2.941,1.5,4.038,3.118,0,3.064,8.514,94.905,3.035,4.387,2.929,1.923,2.217,5.352,3.771,4.199,0,3.413,4.473,2.359,4.337,4.269,3.118,3.327,3.648,1.701,2.412,0,5.877,4.161,3.399,4.211
MPB:bin_000237,53.966,81.743,75.604,71.596,73.52,57.311,50.282,64.849,33.472,48.703,66.31,43.663,57.181,62.936,40.392,56.282,10.321,23.047,44.274,79.715,54.223,104.795,80.699,65.651,52.139,78.975,39.047,41.133,58.206,89.266,104.693,90.997,85.949,103.471,121.44,59.479,66.425,169.631,105.797,38.268,53.554,39.234,25.084,40.362,80.445,50.322,72.059,76.873,37.964,64.032,106.675,72.667,61.402,38.99,72.32,46.728,43.56,58.278,161.691,1339.582,53.58,76.326,67.401,33.72,45.337,92.372,75.44,75.155,15.982,56.118,77.965,51.682,94.024,72.414,74.346,67.262,79.617,37.247,38.731,20.027,91.91,53.58,63.305,67.234
MPB:bin_000238,0,0,0,0,0,0,0,0,0,0,0,0,0,0,0,0,0,0,0,0,0,0,0,0,0,0,0,0,0,0,0,0,0,0,0,0,0,0,0,0,0,0,0,0,0,0,0,0,0,0,0,0,0,0,0,0,0,0,0,0,0,0,0,0,0,0,0,0,0,0,0,0,0,0,0,0,0,0,0,0,0,0,0,0
MPB:bin_000243,0,0,0,0,0,0,0,0,0,0,0,0,0,0,0,0,0,0,0,0,0,0,0,0,0,0,0,0,0,0,0,0,0,0,0,0,0,0,0,0,0,0,0,0,0,0,0,0,0,0,0,0,0,0,0,0,0,0,0,0,0,0,0,0,0,0,0,0,0,0,0,0,0,0,0,0,0,0,0,0,0,0,0,0
MPB:bin_000246,0,0,0,0,0,0,0,0,0,0,0,0,0,0,0,0,0,0,0,0,0,0,0,0,0,0,0,0,0,0,0,0,0,0,0,0,0,0,0,0,0,0,0,0,0,0,0,0,0,0,0,0,0,0,0,0,0,0,0,0,0,0,0,0,0,0,0,0,0,0,0,0,0,0,0,0,0,0,0,0,0,0,0,0
MPB:bin_000248,0,0,0,0,0,0,0,0,0,0,0,0,0,0,0,0,0,0,0,0,0,0,0,0,0,0,0,0,0,0,0,0,0,0,0,0,0,0,0,0,0,0,0,0,0,0,0,0,0,0,0,0,0,0,0,0,0,0,0,0,0,0,0,0,0,0,0,0,0,0,0,0,0,0,0,0,0,0,0,0,0,0,0,0
MPB:bin_000254,0,0,0,0,0,0,0,0,0,0,0,0,0,0,0,0,0,0,0,0,0,0,0,0,0,0,0,0,0,0,0,0,0,0,0,0,0,0,0,0,0,0,0,0,0,0,0,0,0,0,0,0,0,0,0,0,0,0,0,0,0,0,0,0,0,0,0,0,0,0,0,0,0,0,0,0,0,0,0,0,0,0,0,0
MPB:bin_000264,0,0,0,0,0,0,0,0,0,0,0,0,0,0,0,0,0,0,0,0,0,0,0,0,0,0,0,0,0,0,0,0,0,0,0,0,0,0,0,0,0,0,0,0,0,0,0,0,0,0,0,0,0,0,0,0,0,0,0,0,0,0,0,0,0,0,0,0,0,0,0,0,0,0,0,0,0,0,0,0,0,0,0,0
MPB:bin_000266,0,0,0,0,0,0,0,0,0,0,0,0,0,0,0,0,0,0,0,0,0,0,0,0,0,0,0,0,0,0,0,0,0,0,0,0,0,0,0,0,0,0,0,0,0,0,0,0,0,0,8.103,0,0,0,0,0,0,0,0,0,0,0,0,0,0,0,0,0,0,0,0,0,0,0,0,0,0,0,0,0,0,0,0,0
MPB:bin_000268,0,1.094,1.292,1.212,0,1.322,0,1.376,0.818,1.075,0,1.294,1.177,1.106,0,1.087,0,0,0,1.958,1.238,1.56,2.479,1.438,0,0,0,0.798,0,1.473,1.87,2.398,1.875,1.97,0,0,1.624,0,1.234,0,0,0,0,1.326,1.088,1.325,1.309,0,0,0,3.374,0,1.183,0,1.548,1.008,0,1.324,0,36.936,0,1.578,0,0,0.89,1.739,1.397,1.513,0,1.793,1.37,0,1.345,1.605,1.207,1.204,2.046,0,0,0,2.268,0,1.103,0
MPB:bin_000269,0,2.816,0,2.139,0,2.349,2.235,2.698,1.614,2.873,0,0,3.974,2.518,2.296,0,0,0,2.041,3.829,2.418,4.745,3.216,3.969,0,3.352,0,0,2.313,4.285,2.504,3.918,3.501,5.538,0,0,2.311,0,2.845,2.678,0,2.088,0,2.311,3.458,0,2.734,4.56,0,0,4.468,0,2.347,0,2.977,0,0,2.353,4.77,52.922,2.189,3.73,3.329,0,2.21,4.523,2.33,3.702,0,2.923,2.921,0,3.963,3.658,0,2.209,0,0,0,0,4.381,2.825,0,2.841
MPB:bin_000271,12.524,19.995,20.225,16.333,15.914,11.846,16.012,16.616,8.549,13.497,15.975,15.449,18.277,14.808,12.989,10.316,6.618,12.672,10.795,18.864,14.318,22.571,31.207,22.163,12.806,18.048,11.684,9.758,16.863,21.718,20.742,23.63,23.711,24.397,28.582,10.311,15.081,27.525,22.084,13.874,47.062,10.947,12.291,11.527,19.176,21.659,22.436,20.288,12.711,12.127,34.168,16.499,16.431,11,22.134,12.424,17.783,13.931,22.053,444.744,10.922,23.832,18.11,8.681,32.934,22.486,18.579,26.014,0,15.08,19.723,13.71,23.404,23.143,17.284,18.794,20.677,10.611,11.026,7.682,36.686,17.785,15.926,16.249
MPB:bin_000272,0,0,0,0,0,0,0,0,0,0,0,0,0,0,0,0,0,0,0,0,0,0,0,0,0,0,0,0,0,0,0,0,0,0,0,0,0,0,0,0,0,0,0,0,0,0,0,0,0,0,0,0,0,0,0,0,0,0,0,0,0,0,0,0,0,0,0,0,0,0,0,0,0,0,0,0,0,0,0,0,0,0,0,0
MPB:bin_000275,0,0,0,0,0,0,0,0,0,0,0,0,0,0,0,0,0,0,0,0,0,0,0,0,0,0,0,0,0,0,0,0,0,0,0,0,0,0,0,0,0,0,0,0,0,0,0,0,0,0,0,0,0,0,0,0,0,0,0,0,0,0,0,0,0,0,0,0,0,0,0,0,0,0,0,0,0,0,0,0,0,0,0,0
MPB:bin_000279,0,3.281,3.401,2.866,3.357,2.719,2.952,4.259,1.232,2.539,0,2.527,3.115,2.137,2.398,2.673,0,0,2.395,3.901,3.571,4.443,4.175,2.283,2.176,3.691,2.747,1.483,3.338,4.013,3.514,2.165,4.751,5.691,5.558,0,3.56,6.916,3.886,2.159,0,1.402,0,2.477,3.761,3.211,4.178,4.215,1.963,5.655,4.737,0,3.297,2.141,4.886,3.153,0,3.238,6.939,123.978,2.977,3.993,3.528,1.802,2.155,4.8,3.669,3.151,0,4.759,5.237,1.914,4.914,4.454,3.892,2.602,4.53,1.686,1.905,0,5.187,2.982,3.552,4.284
MPB:bin_000284,0,0,0,0,0,0,0,0,0,0,0,0,0,0,0,0,0,0,0,0,0,0,0,0,0,0,0,0,0,0,0,0,0,0,0,0,0,0,0,0,0,0,0,0,0,0,0,0,0,0,0,0,0,0,0,0,0,0,0,0,0,0,0,0,0,0,0,0,0,0,0,0,0,0,0,0,0,0,0,0,0,0,0,0
MPB:bin_000288,0,0,0,0,0,0,0,0,0,0,0,0,0,0,0,0,0,0,0,0,0,0,0,0,0,0,0,0,0,0,0,0,0,0,0,0,0,0,0,0,0,0,0,0,0,0,0,0,0,0,0,0,0,0,0,0,0,0,0,0,0,0,0,0,0,0,0,0,0,0,0,0,0,0,0,0,0,0,0,0,0,0,0,0
MPB:bin_000289,0,8.24,4.433,5.009,7.995,5.983,9.365,4.518,5.127,9.925,17.871,11.866,11.716,4.188,7.617,7.694,0,0,5.147,13.307,5.535,12.618,7.241,5.361,4.534,13.825,6.988,3.011,6.888,13.567,10.395,6.291,6.429,19.071,7.191,0,4.491,3.813,5.796,5.084,0,6.367,0,6.784,11.412,8.643,10.574,13.27,5.07,12.722,16.078,7.928,3.363,5.499,7.651,5.886,3.537,8.578,2.803,217.468,5.774,12.281,10.075,3.336,6.409,13.654,6.496,8.737,0,5.87,8.397,5.31,10.657,7.75,2.096,7.569,5.051,4.671,9.715,0,16.549,10.232,5.211,4.865
MPB:bin_000292,10.267,13.115,13.494,9.776,10.359,9.375,8.333,13.042,5.569,10.186,11.801,8.262,10.836,10.374,8.42,6.432,0,0,6.767,13.682,11.593,16.125,13.121,16.08,6.886,14.029,7.166,5.271,10.183,12.955,15.049,12.976,15.583,15.042,18.956,0,12.243,35.825,17.831,6.826,18.043,6.908,0,6.028,12.388,10.777,13.648,14.535,7.097,9.263,21.558,20.736,8.027,10.101,11.676,7.916,11.644,8.805,20.417,383.479,9.616,16.517,9.694,5.402,7.615,13.041,10.837,8.771,0,11.626,12.765,11.087,15.809,12.424,9.883,11.645,15.058,7.71,6.989,0,14.272,9.93,12.389,12.15
MPB:bin_000298,0,0,0,0,0,0,0,0,0,0,0,0,0,0,0,0,0,0,0,0,0,0,0,0,0,0,0,0,0,0,0,0,0,0,0,0,0,0,0,0,0,0,0,0,0,0,0,0,0,0,1.86,0,0,0,0,0,0,0,2.754,0,0,0,0,0,0,1.055,0,0,0,0,0,0,0,0,0,0,0,0,0,0,0,0,0,0
MPB:bin_000303,0,0,0,0,0,0,0,0,0,0,0,0,0,0,0,0,0,0,0,0,0,0,0,0,0,0,0,0,0,0,0,0,0,0,0,0,0,0,0,0,0,0,0,0,0,0,0,0,0,0,0,0,0,0,0,0,0,0,0,0,0,0,0,0,0,0,0,0,0,0,0,0,0,0,0,0,0,0,0,0,0,0,0,0
MPB:bin_000307,0,0,0,0,0,0,0,0,0,0,0,0,1.189,0,0,0,0,0,0,0,0,0,0,0,0,0,0.937,0,0,0,0,0,0,0,0,0,0,0,0,0,0,0,0,0.887,0,0,0,0,0,0,0,0,0,0,0,0,0,0,0,0,0,0,0,0,0,0,0,0,0,0,0,0,0,0,0,0,0,0,0,0,0,0,0,0
MPB:bin_000310,0,0,0,0,0,0,0,0,0,0,0,0,0,0,0,0,0,0,0,0,0,0,0,0,0,0,0,0,0,0,0,0,0,0,0,0,0,0,0,0,0,0,0,0,0,0,0,0,0,0,0,0,0,0,0,0,0,0,0,0,0,0,0,0,0,0,0,0,0,0,0,0,0,0,0,0,0,0,0,0,0,0,0,0
MPB:bin_000314,0,0,0,0,0,0,0,0,0,0,0,0,0,0,0,0,0,0,0,0.955,0,0,1.521,0,0,0,0,0,0,0,0,0,0,0,0,0,0,0,0,0,0,0,0,0,0,0,1.061,0,0,0,0,0,0,0,0,0,0,0,0,0,0,0,0,0,0,0,0,0,0,0,0,0,0,0,0,0,0,0,0,0,0,0,0,0
MPB:bin_000315,0,0,0,0,0,0,0,0,0,0,0,0,0,0,0,0,0,0,0,0,0,0,0,0,0,0,0,0,0,0,0,0,0,0,0,0,0,0,0,0,0,0,0,0,0,0,0,0,0,0,0,0,0,0,0,0,0,0,0,0,0,0,0,0,0,0,0,0,0,0,0,0,0,0,0,0,0,0,0,0,0,0,0,0
MPB:bin_000316,0,0,0,0,0,0,0,0,0,0,0,0,0,0,0,0,0,0,0,0,0,0,0,0,0,0,0,0,0,0,0,0,0,0,0,0,0,0,0,0,0,0,0,0,0,0,0,0,0,0,0,0,0,0,0,0,0,0,0,0,0,0,0,0,0,0,0,0,0,0,0,0,0,0,0,0,0,0,0,0,0,0,0,0
MPB:bin_000319,0,0,0,0,0,0,0,1.163,0,0,0,0,0,0,0,0,0,0,0,0,0,0,0,0,0,0,0,0,0,0,0,0,0,0,0,0,0,0,0,0,0,0,0,0,0,0,0,0,0,0,0,0,0,0,0,0,0,0,0,0,0,0,0,0,0,0,0,0,0,0,0,0,0,0,0,0,0,0,0,0,0,0,0,0
MPB:bin_000322,0,6.206,6.283,3.811,5.572,6.069,4.361,4.708,3.554,6.183,10.064,7.106,8.125,5.49,4.659,4.17,0,0,4.869,8.329,6.363,9.157,5.48,6.225,4.714,6.845,3.662,2.613,6.344,7.207,6.095,5.48,6.888,11.64,4.071,0,4.396,0,5.564,6.133,11.145,2.998,0,5.191,5.786,4.89,8.238,8.672,4.059,8.667,14.537,0,5.012,3.329,7.275,5.145,0,6.438,0,172,4.272,8.93,6.224,2.983,5.512,8.771,5.776,6.007,0,6.032,6.644,4.637,9.374,6.6,4.395,4.957,5.553,4.173,5.828,0,11.952,7.504,4.402,5.014
MPB:bin_000324,0,0,0,0,0,0,0,0,0,0,0,0,0,0,0,0,0,0,0,0,0,0,0,0,0,0,0,0,0,0,0,0,0,0,0,0,0,0,0,0,0,0,0,0,0,0,0,0,0,0,0,0,0,0,0,0,0,0,0,0,0,0,0,0,0,0,0,0,0,0,0,0,0,0,0,0,0,0,0,0,0,0,0,0
MPB:bin_000325,0,1.987,0,0,2.004,0,0,0,1.324,2.201,0,0,0,0,0,0,0,0,0,0,0,3.099,2.767,2.165,1.707,0,0,0,0,2.757,0,0,2.603,3.24,0,0,0,0,2.16,1.852,0,0,0,0,0,0,2.19,3.324,1.432,0,3.364,0,0,1.468,0,0,0,0,0,52.255,0,0,2.819,0,0,2.223,2.774,0,0,0,0,0,0,0,0,0,0,0,0,0,3.273,0,0,0
MPB:bin_000328,0,0,0,0,0,0,0,0,0,0,0,0,0,0,0,0,0,0,0,0,0,0,0,0,0,0,0,0,0,0,0,0,0,0,0,0,0,0,0,0,0,0,0,0,0,0,0,0,0,0,0,0,0,0,0,0,0,0,0,0,0,0,0,0,0,0,0,0,0,0,0,0,0,0,0,0,0,0,0,0,0,0,0,0
MPB:bin_000330,0,0,0,0,0,0,0,0,0,0,0,0,0,0,0,0,0,0,0,0,0,0,0,0,0,0,0,0,0,0,0,0,0,0,0,0,0,0,0,0,0,0,0,0,0,0,0,0,0,0,0,0,0,0,0,0,0,0,0,0,0,0,0,0,0,0,0,0,0,0,0,0,0,0,0,0,0,0,0,0,0,0,0,0
MPB:bin_000332,0,0,0,0,0,0,0,0,0,0,0,0,0,0,0,0,0,0,0,0,0,0,0,0,0,0,0,0,0,0,0,0,0,0,0,0,0,0,0,0,0,0,0,0,0,0,0,0,0,0,0,0,0,0,0,0,0,0,0,0,0,0,0,0,0,0,0,0,0,0,0,0,0,0,0,0,0,0,0,0,0,0,0,0
MPB:bin_000336,0,0,0,0,0,0,0,0,0,0,0,0,0,0,0,0,0,0,0,0,0,0,0,0,0,0,0,0,0,0,0,0,0,0,0,0,0,0,0,0,0,0,0,0,0,0,0,0,0,0,0,0,0,0,0,0,0,0,0,0,0,0,0,0,0,0,0,0,0,0,0,0,0,0,0,0,0,0,0,0,0,0,0,0
MPB:bin_000340,0,4.424,4.744,3.11,4.258,3.775,2.948,3.8,2.301,4.186,0,5.327,6.023,3.262,3.29,2.836,0,0,3.982,5.889,3.854,7.039,5.207,4.722,0,4.268,0,3.456,3.605,7.18,3.695,5.306,5.136,6.965,3.763,0,3.468,0,4.456,3.738,6.314,2.43,0,3.13,4.676,3.228,4.559,6.352,2.4,0,7.773,0,3.472,3.417,5.319,3.085,0,3.946,0,76.888,2.691,5.386,4.713,1.763,3.407,5.595,4.17,4.546,0,4.527,4.913,2.954,5.693,5.132,4.377,2.829,3.905,2.542,4.21,0,7.105,5.547,2.897,5.025
MPB:bin_000341,0,0,0,0,0,0,0,0,0,0,0,0,0,0,0,0,0,0,0,0,0,0,0,0,0,0,0,0,0,0,0,0,0,0,0,0,0,0,0,0,0,0,0,0,0,0,0,0,0,0,0,0,0,0,0,0,0,0,0,0,0,1.137,0,0,0,0,0,0,0,0,0,0,0,0,0,0,0,0,0,0,0,0,0,0
MPB:bin_000347,0,0,0,0,0,0,0,0,0,0,0,0,0,0,0,0,0,0,0,0,0,0,0,0,0,0,0,0,0,0,0,0,0,0,0,0,0,0,0,0,0,0,0,0,0,0,0,0,0,0,0,0,0,0,0,0,0,0,0,0,0,0,0,0,0,0,0,0,0,0,0,0,0,0,0,0,0,0,0,0,0,0,0,0
MPB:bin_000350,0,0,0,0,1.233,0,0,0,0,0,0,0,1.171,0,0,0,0,0,0,1.457,0,1.539,1.606,0,0,0,0,0,0,1.56,1.247,0,1.696,0,0,0,1.354,0,1.599,0,0,0,0,0,0,0,0,1.447,0,0,0,0,0,0,0,0,0,0,0,0,0,0,1.208,0,0,1.285,0,0,0,0,0,0,1.744,0,1.368,0,0,0,0,0,1.666,1.57,0,0
MPB:bin_000354,0,0,0,0,0,0,0,0,0,0,0,0,0,0,0,0,0,0,0,0,0,0,0,0,0,0,0,0,0,0,0,0,0,0,0,0,0,0,0,0,0,0,0,0,0,0,0,0,0,0,0,0,0,0,0,0,0,0,0,0,0,0,0,0,0,0,0,0,0,0,0,0,0,0,0,0,0,0,0,0,0,0,0,0
MPB:bin_000358,0,2.216,1.975,1.946,0,1.5,1.169,1.641,0.992,1.963,0,2.209,2.092,1.997,1.194,0,0,0,1.729,2.514,1.792,2.443,2,2.298,0,2.944,1.73,0,1.7,2.848,1.488,3.187,2.243,3.267,5.003,0,1.961,0,2.482,1.781,0,1.116,0,1.497,2.308,1.524,2.211,2.447,1.223,0,2.407,0,1.885,1.427,2.55,1.289,0,1.354,4.179,60.069,1.523,2.727,1.829,0,1.365,2.727,2.022,1.74,0,1.655,1.926,3.397,3.134,2.441,1.824,1.859,1.709,1.384,1.727,0,2.959,2.053,1.56,0
MPB:bin_000364,0,0,0,0,0,0,0,0,0,0,0,0,0,0,0,0,0,0,0,0,0,0,0,0,0,0,0,0,0,0,0,0,0,0,0,0,0,0,0,0,0,0,0,0,0,0,0,0,0,0,0,0,0,0,0,0,0,0,0,0,0,0,0,0,0,0,0,0,0,0,0,0,0,0,0,0,0,0,0,0,0,0,0,0
MPB:bin_000365,0,0,0,0,0,0,0,0,0,0,0,0,0,0,0,0,0,0,0,0,0,0,0,0,0,0,0,0,0,0,0,0,0,0,0,0,0,0,0,0,0,0,0,0,0,0,0,0,0,0,0,0,0,0,0,0,0,0,0,0,0,0,0,0,0,0,0,0,0,0,0,0,0,0,0,0,0,0,0,0,0,0,0,0
MPB:bin_000373,0,0,0,0,0,0,0,0,0,0,0,0,0,0,0,0,0,0,0,0,0,0,0,0,0,0,0,0,0,0,0,0,0,0,0,0,0,0,0,0,0,0,0,0,0,0,0,0,0,0,0,0,0,0,0,0,0,0,0,0,0,0,0,0,0,0,0,0,0,0,0,0,0,0,0,0,0,0,0,0,0,0,0,0
MPB:bin_000375,0,0,0,0,0,0,0,0,0,0,0,0,0,0,0,0,0,0,0,0,0,0,0,0,0,0,0,0,0,0,0,0,0,0,0,0,0,0,0,0,0,0,0,0,0,0,0,0,0,0,0,0,0,0,0,0,0,0,0,0,0,0,0,0,0,0,0,0,0,0,0,0,0,0,0,0,0,0,0,0,0,0,0,0
MPB:bin_000378,0,0,0,0,0,0,0,0,0,0,0,0,0,0,0,0,0,0,0,0,0,0,0,0,0,0,0,0,0,0,0,0,0,0,0,0,0,0,0,0,0,0,0,0,0,0,0,0,0,0,0,0,0,0,0,0,0,0,0,0,0,0,0,0,0,0,0,0,0,0,0,0,0,0,0,0,0,0,0,0,0,0,0,0
MPB:bin_000379,0,0,0,0,0,0,0,0,0,0,0,0,0,0,0,0,0,0,0,0,0,0,0,0,0,0,0,0,0,0,0,0,0,0.988,0,0,0,0,0,0,0,0,0,0,0,0,0.832,0,0,0,0,0,0,0,0,0,0,0,0,15.349,0,0,0,0,0,0,0,0,0,0,0,0,0,0,0,0,0,0,0,0,0,0,0,0
MPB:bin_000380,0,0,0,0,0,0,0,0,0,0,0,0,0,0,0,0,0,0,0,0,0,0,0,0,0,0,0,0,0,0,0,0,0,0,0,0,0,0,0,0,0,0,0,0,0,0,0,0,0,0,0,0,0,0,0,0,0,0,0,0,0,0,0,0,0,0,0,0,0,0,0,0,0,0,0,0,0,0,0,0,0,0,0,0
MPB:bin_000382,0,0,0,0,0,0,0,0,0,0,0,0,0,0,0,0,0,0,0,0,0,0,0,0,0,0,0,0,0,0,0,0,0,0,0,0,0,0,0,0,0,0,0,0,0,0,0,0,0,0,0,0,0,0,0,0,0,0,0,0,0,0,0,0,0,0,0,0,0,0,0,0,0,0,0,0,0,0,0,0,0,0,0,0
MPB:bin_000383,0,0,0,0,0,0,0,0,0,0.811,0,0,0,0,0,0,0,0,0,0,0,1.148,0,0,0,0,0,0,0,1.034,0,0,0,0,0,0,0,0,0,0,0,0,0,0,0,0,0,1.567,0.891,0,0,0,0.932,0,0,0,0,0,0,21.06,0,1.534,0,0,0,0,0.981,0,0,0,1.228,0,0,0,0,0,0,0,0,0,1.318,1.066,0,0
MPB:bin_000385,0,0,0,0,0,0,0,0,0,0,0,0,0,0,0,0,0,0,0,0,0,0,0,0,0,0,0,0,0,0,0,0,0,0,0,0,0,0,0,0,0,0,0,0,0,0,0,0,0,0,0,0,0,0,0,0,0,0,0,0,0,0,0,0,0,0,0,0,0,0,0,0,0,0,0,0,0,0,0,0,0,0,0,0
MPB:bin_000387,14.289,17.696,16.782,13.368,14.7,11.533,9.853,13.587,6.983,12.234,17.005,13.821,17.412,13.918,10.653,9.991,0,13.86,10.428,18.741,12.162,23.028,15.813,13.65,10.394,16.791,9.167,5.734,12.111,18.13,14.118,17.226,18.714,21.185,21.246,15.879,11.952,11.909,16.504,12.483,26.836,8.776,8.427,9.739,13.831,10.911,15.58,15.767,8.96,13.352,29.918,8.433,11.792,8.578,16.609,11.33,17.22,12.067,13.218,295.025,13.22,17.273,14.369,6.326,9.181,17.439,14.674,14.653,0,12.192,14.546,11.356,21.433,18.94,12.613,13.265,16.825,9.06,11.952,8.151,23.666,14.978,11.152,13.143
MPB:bin_000390,0,0,0,0,0,0,0,0,0,0,0,0,0,0,0,0,0,0,0,0,0,0,0,0,0,0,0,0,0,0,0,0,0,0,0,0,0,0,0,0,0,0,0,0,0,0,0,0,0,0,0,0,0,0,0,0,0,0,0,0,0,0,0,0,0,0,0,0,0,0,0,0,0,0,0,0,0,0,0,0,0,0,0,0
MPB:bin_000393,0,0,0,0,0,0,0,0,0,0,0,0,0,0,0,0,0,0,0,0,0,0,0,0,0,0,0,0,0,0,0,0,0,0,0,0,0,0,0,0,0,0,0,0,0,0,0,0,0,0,0,0,0,0,0,0,0,0,0,0,0,0,0,0,0,0,0,0,0,0,0,0,0,0,0,0,0,0,0,0,0,0,0,0
MPB:bin_000394,0,0,0,0,0,0,0,0,0,0,0,0,0,0,0,0,0,0,0,0,0,0,0,0,0,0,0,0,0,0,0,0,0,0,0,0,0,0,0,0,0,0,0,0,0,0,0,0,0,0,0,0,0,0,0,0,0,0,0,0,0,0,0,0,0,0,0,0,0,0,0,0,0,0,0,0,0,0,0,0,0,0,0,0
MPB:bin_000395,0,0,0,0,0,0,0,0,0,0,0,0,0,0,0,0,0,0,0,0,0,0,0,0,0,0,0,0,0,0,0,0,0,0,0,0,0,0,0,0,0,0,0,0,0,0,0,0,0,0,0,0,0,0,0,0,0,0,0,0,0,0,0,0,0,0,0,0,0,0,0,0,0,0,0,0,0,0,0,0,0,0,0,0
MPB:bin_000396,0,0,0,0,0,0,0,0,0,0,0,0,0,0,0,0,0,0,0,0,0,0,0,0,0,0,0,0,0,0,0,0,0,0,0,0,0,0,0,0,0,0,0,0,0,0,0,0,0,0,0,0,0,0,0,0,0,0,0,0,0,0,0,0,0,0,0,0,0,0,0,0,0,0,0,0,0,0,0,0,0,0,0,0
MPB:bin_000397,0,0,0,0,0,0,0,0,0,0,0,0,0,0,0,0,0,0,0,0,0,0,0,0,0,0,0,0,0,0,0,0,0,0,0,0,0,0,0,0,0,0,0,0,0,0,0,0,0,0,0,0,0,0,0,0,0,0,0,0,0,0,0,0,0,0,0,0,0,0,0,0,0,0,0,0,0,0,0,0,0,0,0,0
MPB:bin_000398,0,0,0,0,0,0,0,0,0,0,0,0,0,0,0,0,0,0,0,0,0,0,0,0,0,0,0,0,0,0,0,0,0,0,0,0,0,0,0,0,0,0,0,0,0,0,0,1.361,0,0,0,0,0,0,0,0,0,0,0,0,0,0,0,0,0,0,0,0,0,0,0,0,0,0,0,0,0,0,0,0,0,0,0,0
MPB:bin_000399,0,0,0,0,0,0,0,0,0,0,0,0,0,0,0,0,0,0,0,0,0,0,0,0,0,0,0,0,0,0,0,0,0,0,0,0,0,0,0,0,0,0,0,0,0,0,0,0,0,0,0,0,0,0,0,0,0,0,0,0,0,0,0,0,0,0,0,0,0,0,0,0,0,0,0,0,0,0,0,0,0,0,0,0
MPB:bin_000400,0,0,0,0,0,0,0,0,0,0,0,0,0,0,0,0,0,0,0,0.756,0,0,0,1.075,0,0,0,0,0,0.781,0,0,0,0,0,0,0,0,0,0,0,0,0,0,0,0,0,0.848,0,0,1.525,0,0,0,0,0,0,0,0,0,0,0,0,0,0,0,0,0,0,0,0,0,0,0,0,0,0,0,0,0,0.837,0,0,0
MPB:bin_000402,0,0,0,0,0,0,0,0,0,0,0,0,1.936,0,0,0,0,0,0,0,0,0,0,0,0,0,0,0,0,0,0,0,0,0,0,0,0,0,0,0,0,0,0,0,0,0,0,2.603,0,0,2.466,0,0,0,0,0,0,0,0,0,0,1.693,0,0,0,0,0,0,0,0,0,0,0,0,0,0,0,0,0,0,2.001,0,0,0
MPB:bin_000403,0,0,0,0,0,0,0,0,0,0,0,0,0,0,0,0,0,0,0,0,0,0,0,0,0,0,0,0,0,0,0,0,0,0,0,0,0,0,0,0,0,0,0,0,0,0,0,0,0,0,0,0,0,0,0,0,0,0,0,0,0,0,0,0,0,0,0,0,0,0,0,0,0,0,0,0,0,0,0,0,0,0,0,0
MPB:bin_000405,0,0,0,0,0,0,0,0,0,0,0,0,0,0,0,0,0,0,0,0,0,0,0,0,0,0,0,0,0,0,0,0,0,0,0,0,0,0,0,0,0,0,0,0,0,0,0,0,0,0,0,0,0,0,0,0,0,0,0,0,0,0,0,0,0,0,0,0,0,0,0,0,0,0,0,0,0,0,0,0,0,0,0,0
MPB:bin_000407,0,0,0,0,0,0,0,0,0,0,0,0,0,0,0,0,0,0,0,0,0,0,0,0,0,0,0,0,0,0,0,0,0,0,0,0,0,0,0,0,0,0,0,0,0,0,0,0,0,0,0,0,0,0,0,0,0,0,0,0,0,0,0,0,0,0,0,0,0,0,0,0,0,0,0,0,0,0,0,0,0,0,0,0
MPB:bin_000408,0,0,0,0,0,0,0,0,0,0,0,0,0,0,0,0,0,0,0,0,0,0,0,0,0,0,0,0,0,0,0,0,0,0,0,0,0,0,0,0,0,0,0,0,0,0,0,1.186,0,0,0,0,0,0,0,0,0,0,0,0,0,0,0,0,0,1.372,0,0,0,0,0,0,1.235,0,0,0,0,0,0,0,1.146,0,0,0
MPB:bin_000409,0,0,0,0,0,0,0,0,0,0,0,0,0,0,0,0,0,0,0,0,0,0,0,0,0,0,0,0,0,0,0,0,0,0,0,0,0,0,0,0,0,0,0,0,0,0,0,0,0,0,0,0,0,0,0,0,0,0,0,0,0,0,0,0,0,0,0,0,0,0,0,0,0,0,0,0,0,0,0,0,0,0,0,0
MPB:bin_000410,0,0,0,0,0,0,0,0,0,0,0,0,0,0,0,0,0,0,0,0,0,0,0,0,0,0,0,0,0,0,0,0,0,0,0,0,0,0,0,0,0,0,0,0,0,0,0,0,0,0,0,0,0,0,0,0,0,0,0,0,0,0,0,0,0,0,0,0,0,0,0,0,0,0,0,0,0,0,0,0,0,0,0,0
MPB:bin_000411,0,0,0,0,0,0,0,0,0,0,0,0,0,0,0,0,0,0,0,0,0,0,0,0,0,0,0,0,0,0,0,0,0,0,0,0,0,0,0,0,0,0,0,0,0,0,0,0,0,0,0,0,0,0,0,0,0,0,0,0,0,0,0,0,0,0,0,0,0,0,0,0,0,0,0,0,0,0,0,0,0,0,0,0
MPB:bin_000413,0,0,0,0,0,0,0,0,0,0,0,0,0,0,0,0,0,0,0,0,0,0,0,0,0,0,0,0,0,0,0,0,0,0,0,0,0,0,0,0,0,0,0,0,0,0,0,0,0,0,0,0,0,0,0,0,0,0,0,0,0,0,0,0,0,0,0,0,0,0,0,0,0,0,0,0,0,0,0,0,0,0,0,0
MPB:bin_000414,0,0,0,0,0,0,0,0,0,0,0,0,0,0,0,0,0,0,0,0,0,0,0,0,0,0,0,0,0,0,0,0,0,0,0,0,0,0,0,0,0,0,0,0,0,0,0,0,0,0,0,0,0,0,0,0,0,0,0,0,0,0,0,0,0,0,0,0,0,0,0,0,0,0,0,0,0,0,0,0,0,0,0,0
MPB:bin_000416,0,0,0,0,0,0,0,0,0,0,0,0,0,0,0,0,0,0,0,0,0,0,0,0,0,0,0,0,0,0,0,0,0,0,0,0,0,0,0,0,0,0,0,0,0,0,0,0,0,0,0,0,0,0,0,0,0,0,0,0,0,0,0,0,0,0,0,0,0,0,0,0,0,0,0,0,0,0,0,0,0,0,0,0
MPB:bin_000418,0,0,0,0,0,0,0,0,0,0,0,0,0,0,0,0,0,0,0,0,0,0,0,0,0,0,0,0,0,0,0,0,0,0,0,0,0,0,0,0,0,0,0,0,0,0,0,0,0,0,0,0,0,0,0,0,0,0,0,0,0,0,0,0,0,0,0,0,0,0,0,0,0,0,0,0,0,0,0,0,0,0,0,0
MPB:bin_000419,0,0,0,0,0,0,0,0,0,0,0,0,0,0,0,0,0,0,0,0,0,0,0,0,0,0,0,0,0,0,0,0,0,0,0,0,0,0,0,0,0,0,0,0,0,0,0,0,0,0,0,0,0,0,0,0,0,0,0,0,0,0,0,0,0,0,0,0,0,0,0,0,0,0,0,0,0,0,0,0,0,0,0,0
MPB:bin_000421,0,0,0,0,0,0,0,0,0,0,0,0,0,0,0,0,0,0,0,0,0,0,0,0,0,0,0,0,0,0,0,0,0,1.599,0,0,0,0,0,0,0,0,0,0,0,0,0,0,0,0,0,0,0,0,0,0,0,0,0,0,0,0,0,0,0,0,0,0,0,0,0,0,0,0,0,0,0,0,0,0,0,0,0,0
MPB:bin_000424,0,0,0,0,2.054,0,0,0,0,0,0,0,2.367,0,1.914,0,0,0,0,0,0,2.551,0,0,0,0,0,0,0,0,0,0,0,0,0,0,0,0,0,0,0,0,0,1.575,0,0,0,2.919,0,0,0,0,0,0,0,0,0,0,0,0,0,0,0,0,0,0,0,0,0,0,0,0,0,0,0,0,0,0,1.901,0,2.901,2.496,0,0
MPB:bin_000425,0,0,0,0,0,0,0,0,0,0,0,0,0,0,0,0,0,0,0,0,0,0,0,0,0,0,0,0,0,0,0,0,0,0,0,0,0,0,0,0,0,0,0,0,0,0,0,0,0,0,0,0,0,0,0,0,0,0,0,0,0,0,0,0,0,0,0,0,0,0,0,0,0,0,0,0,0,0,0,0,0,0,0,0
MPB:bin_000426,0,1.212,1.295,0.895,0,0,0,1.286,0.8,1.29,0,1.389,1.173,0,0,0,0,0,0,0,1.48,0,1.637,0,0,0,0,0,0,0,0,0,0,1.856,0,0,0,0,0,0,0,0.945,0,0,0,0,0,1.635,0,0,0,0,0,0,0,0,0,0,0,0,0,0,0,0,0,1.434,1.454,0,0,0,0,0,1.8,1.463,0,0,0,0,0,0,2.129,0,0,0
MPB:bin_000427,0,0,0,0,0,0,0,0,0,0,0,0,0,0,0,0,0,0,0,0,0,0,0,0,0,0,0,0,0,0,0,0,0,0,0,0,0,0,0,0,0,0,0,0,0,0,0,0,0,0,0,0,0,0,0,0,0,0,0,0,0,0,0,0,0,0,0,0,0,0,0,0,0,0,0,0,0,0,0,0,0,0,0,0
MPB:bin_000430,0,0,0,0,0,0,0,0,0,0,0,0,0,0,0,0,0,0,0,0,0,0,0,0,0,0,0,0,0,0,0,0,0,0,0,0,0,0,0,0,0,0,0,0,0,0,0,0,0,0,1.862,0,0,0,0,0,0,0,0,0,0,0,0,0,0,0,0,0,0,0,0,0,0,0,0,0,0,0,0,0,0,1.301,0,0
MPB:bin_000433,0,0,0,0,0,0,0,0,0,0,0,0,0,0,0,0,0,0,0,0,0,0,0,0,0,0,0,0,0,0,0,0,0,0,0,0,0,0,0,0,0,0,0,0,0,0,0,0,0,0,0,0,0,0,0,0,0,0,0,0,0,0,0,0,0,0,0,0,0,0,0,0,0,0,0,0,0,0,0,0,0,0,0,0
MPB:bin_000435,0,0,0,0,0,0,0,0,0,0,0,0,0,0,0,0,0,0,0,1.987,0,2.416,0,0,0,0,0,0,0,0,0,0,0,0,2.343,0,0,0,0,0,0,0,0,0,0,0,0,0,0,0,0,0,0,0,0,0,0,0,0,37.566,0,0,0,0,0,0,0,0,0,0,1.959,0,0,2.516,0,0,0,0,0,0,2.526,0,0,0
MPB:bin_000437,0,0,0,0,0,0,0,0,0,0,0,0,0,0,0,0,0,0,0,0,0,0,0,0,0,0,0,0,0,1.227,0,0,0,0,0,0,0,0,0,0,0,0,0,0,0,0,0,0,0,0,0,0,0,0,0,0,0,0,0,0,0,0,0,0,0,0,0,0,0,0,0,0,0,0,0,0,0,0,0,0,0,0,0,0
MPB:bin_000438,0,0,0,0,0,0,0,0,0,0,0,0,0,0,0,0,0,0,0,0,0,0,0,0,0,0,0,0,0,0,0,0,0,0,0,0,0,0,0,0,0,0,0,0,0,0,0,0,0,0,0,0,0,0,0,0,0,0,0,0,0,0,0,0,0,0,0,0,0,0,0,0,0,0,0,0,0,0,0,0,0,0,0,0
MPB:bin_000440,0,0,0,0,0,0,0,0,0,0,0,0,0,0,0,0,0,0,0,0,0,0,1.982,0,0,0,0,0,0,0,0,0,0,0,0,0,0,0,0,0,0,0,0,0,0,0,0,0,0,0,0,0,0,0,0,0,0,0,0,35.326,0,0,0,0,0,0,0,0,0,0,0,0,0,0,0,0,0,0,0,0,0,0,0,0
MPB:bin_000442,0,0,0,0,0,0,0,0,0,0,0,0,0,0,0,0,0,0,0,0,0,0,0,0,0,0,0,0,0,0,0,0,0,0,0,0,0,0,0,0,0,0,0,0,0,0,0,0,0,0,0,0,0,0,0,0,0,0,0,0,0,0,0,0,0,0,0,0,0,0,0,0,0,0,0,0,0,0,0,0,0,0,0,0
MPB:bin_000445,0,3.574,3.541,3.417,3.096,2.088,1.997,3.053,1.761,2.505,0,3.032,3.278,2.835,1.868,2.08,0,0,2.646,3.723,2.724,5.335,2.707,3.529,2.233,3.579,1.907,1.866,2.364,6.211,3.677,3.486,3.928,4.057,10.701,0,3.857,11.974,5.482,2.344,0,1.895,0,2.948,4.423,2.056,3.468,4.39,2.13,4.464,5.53,0,2.31,3.333,4.069,1.999,0,2.822,9.372,99.072,2.467,4.591,3.416,1.828,2.489,4.12,2.925,3.577,0,2.777,4.009,2.532,4.511,2.771,3.552,2.924,2.965,1.844,2.106,0,4.666,2.8,4.421,3.182
MPB:bin_000446,0,0,0,0,0,0,0,1.178,0,0,0,0,0,0,0.984,0,0,0,0,1.208,0,0,0,0,0,0,0,0,0,0,0,0,1.542,0,0,0,0,0,0,0,0,0,0,0,0,1,0,0,0,0,2.449,0,0,0,0,0,0,0,0,33.214,0,0,0,0,0,0,0,0,0,0,0,0,0,0,0,0,0,0,0,0,1.307,0,0,0
MPB:bin_000447,0,0,0,0,0,0,0,0,0,0,0,0,0,0,0,0,0,0,0,0,0,0,0,0,0,0,0,0,0,0,0,0,0,0,0,0,0,0,0,0,0,0,0,0,0,0,0,0,0,0,0,0,0,0,0,0,0,0,0,0,0,0,0,0,0,0,0,0,0,0,0,0,0,0,0,0,0,0,0,0,0,0,0,0
MPB:bin_000449,0,0,0,0,0,0,0,0,0,0,0,0,0,0,0,0,0,0,0,0,0,0,0,0,0,0,0,0,0,0,0,0,0,0,0,0,0,0,0,0,0,0,0,0,0,0,0,0,0,0,0,0,0,0,0,0,0,0,0,0,0,0,0,0,0,0,0,0,0,0,0,0,0,0,0,0,0,0,0,0,0,0,0,0
MPB:bin_000450,0,1.175,4.65,4.916,2.504,2.907,1.073,2.858,1.91,4.017,6.063,4.496,2.556,4.084,2.809,1.761,0,0,2.048,4.286,3.864,7.167,4.7,3.145,1.633,6.823,2.42,0.977,4.636,3.77,2.131,3.166,4.277,6.013,9.219,0,4.253,7.501,6.243,1.189,6.154,2.414,0,1.823,4.004,1.915,3.306,4.223,1.759,2.813,9.426,0,5.32,2.446,6.069,1.603,0,3.63,5.479,104.373,0,2.742,4.119,1.075,1.425,4.966,3.742,5.21,0,2.969,2.488,2.136,3.623,3.073,3.488,2.248,2.81,1.227,1.429,0,4.412,7.263,2.173,2.832
MPB:bin_000451,0,1.537,1.966,0,0,0,1.144,1.703,1.035,0,0,0,1.817,1.4,1.526,0,0,0,0,1.546,1.922,0,1.867,2.292,0,0,1.253,0,1.307,0,2.274,0,1.684,2.575,0,0,0,0,0,0,0,0,0,1.448,0,0,0,1.802,0,0,2.488,0,0,0,1.698,1.176,0,1.629,0,71.724,0,2.149,0,0,1.102,1.822,0,0,0,0,0,0,2.003,0,0,0,0,0,0,0,3.447,0,1.099,0
MPB:bin_000452,0,0,0,0,0,0,0,0,0,0,0,0,0,0,0,0,0,0,0,0,0,0,0,0,0,0,0,0,0,0,0,0,0,0,0,0,0,0,0,0,0,0,0,0,0,0,0,0,0,0,0,0,0,0,0,0,0,0,0,0,0,0,0,0,0,0,0,0,0,0,0,0,0,0,0,0,0,0,0,0,0,0,0,0
MPB:bin_000453,0,0,0,0,0,0,0,0,0,0,0,0,0,0,0,0,0,0,0,0,0,0,0,0,0,0,0,0,0,0,0,0,0,0,0,0,0,0,0,0,0,0,0,0,0,0,0,0,0,0,0,0,0,0,0,0,0,0,0,0,0,0,0,0,0,0,0,0,0,0,0,0,0,0,0,0,0,0,0,0,0,0,0,0
MPB:bin_000455,0,0,0,0,0,0,0,0,0,0,0,0,0,0,0,0,0,0,0,0,0,0,0,0,0,0,0,0,0,0,0,0,0,0,0,0,0,0,0,0,0,0,0,0,0,0,0,0,0,0,0,0,0,0,0,0,0,0,0,0,0,0,0,0,0,0,0,0,0,0,0,0,0,0,0,0,0,0,0,0,0,0,0,0
MPB:bin_000456,0,0,0,0,0,0,0,0,0,0,0,0,0,0,0,0,0,0,0,0,0,0,0,0,0,0,0,0,0,0,0,0,0,0,0,0,0,0,0,0,0,0,0,0,0,0,0,0,0,0,0,0,0,0,0,0,0,0,0,0,0,0,0,0,0,0,0,0,0,0,0,0,0,0,0,0,0,0,0,0,0,0,0,0
MPB:bin_000457,0,0,0,0,0,0,0,0,0,0,0,0,0,0,0,0,0,0,0,0,0,0,0,0,0,0,0,0,0,0,0,0,0,0,0,0,0,0,0,0,0,0,0,0,0,0,0,0,0,0,0,0,0,0,0,0,0,0,0,0,0,0,0,0,0,0,0,0,0,0,0,0,0,0,0,0,0,0,0,0,0,0,0,0
MPB:bin_000458,0,0,0,0,0,0,0,0,0,0,0,0,0,0,0,0,0,0,0,0,0,0,0,0,0,0,0,0,0,0,0,0,0,0,0,0,0,0,0,0,0,0,0,0,0,0,0,0,0,0,0,0,0,0,0,0,0,0,0,0,0,0,0,0,0,0,0,0,0,0,0,0,0,0,0,0,0,0,0,0,0,0,0,0
MPB:bin_000459,0,0,0,0,0,0,0,0,0,0,0,0,0,0,0,0,0,0,0,0,0,0,0,0,0,0,0,0,0,0,0,0,0,0,0,0,0,0,0,0,0,0,0,0,0,0,0,0,0,0,0,0,0,0,0,0,0,0,0,0,0,0,0,0,0,0,0,0,0,0,0,0,0,0,0,0,0,0,0,0,0,0,0,0
MPB:bin_000460,0,0,0,0,0,0,0,0,0,0,0,0,0,0,0,0,0,0,0,0,0,0,0,0,0,0,0,0,0,0,0,0,0,0,0,0,0,0,0,0,0,0,0,0,0,0,0,0,0,0,0,0,0,0,0,0,0,0,0,0,0,0,0,0,0,0,0,0,0,0,0,0,0,0,0,0,0,0,0,0,0,0,0,0
MPB:bin_000461,0,0,0,0,0,0,0,0,0,0,0,0,0,0,0,0,0,0,0,0,0,0,0,0,0,0,0,0,0,0,0,0,0,0,0,0,0,0,0,0,0,0,0,0,0,0,0,0,0,0,0,0,0,0,0,0,0,0,0,0,0,0,0,0,0,0,0,0,0,0,0,0,0,0,0,0,0,0,0,0,0,0,0,0
MPB:bin_000465,0,0,0,0,0,0,0,0,0,0,0,0,0,0,0,0,0,0,0,0,0,0,0,0,0,0,0,0,0,0,0,0,0,0,0,0,0,0,0,0,0,0,0,0,0,0,0,0,0,0,0,0,0,0,0,0,0,0,0,0,0,0,0,0,0,0,0,0,0,0,0,0,0,0,0,0,0,0,0,0,0,0,0,0
MPB:bin_000466,0,0,0,0,0,0,0,0,0,0,0,0,0,0,0,0,0,0,0,0,0,0,0,0,0,0,0,0,0,0,0,0,0,0,0,0,0,0,0,0,0,0,0,0,0,0,0,0,0,0,0,0,0,0,0,0,0,0,0,0,0,0,0,0,0,0,0,0,0,0,0,0,0,0,0,0,0,0,0,0,0,0,0,0
MPB:bin_000470,0,0,0,0,0,0,0,0,0,0,0,0,0,0,0,0,0,0,0,0,0,0,0,0,0,0,0,0,0,0,0,0,0,0,0,0,0,0,0,0,0,0,0,0,0,0,0,0,0,0,0,0,0,0,0,0,0,0,0,0,0,0,0,0,0,0,0,0,0,0,0,0,0,0,0,0,0,0,0,0,0,0,0,0
MPB:bin_000472,0,0,0,0,0,0,0,0,0,0,0,0,0,0,0,0,0,0,0,0,0,0,0,0,0,0,0,0,0,0,0,0,0,0,0,0,0,0,0,0,0,0,0,0,0,0,0,0,0,0,0,0,0,0,0,0,0,0,0,0,0,0,0,0,0,0,0,0,0,0,0,0,0,0,0,0,0,0,0,0,0,0,0,0
MPB:bin_000473,0,0,0,0,0,0,0,0,0,0,0,0,0,0,0,0,0,0,0,0,0,0,0,0,0,0,0,0,0,0,0,0,0,0,0,0,0,0,0,0,0,0,0,0,0,0,0,0,0,0,0,0,0,0,0,0,0,0,0,0,0,0,0,0,0,0,0,0,0,0,0,0,0,0,0,0,0,0,0,0,0,0,0,0
MPB:bin_000476,0,0,0,0,0,0,0,0,0,0,0,0,0,0,0,0,0,0,0,0,0,0,0,0,0,0,0,0,0,0,0,0,0,0,0,0,0,0,0,0,0,0,0,0,0,0,0,0,0,0,0,0,0,0,0,0,0,0,0,0,0,0,0,0,0,0,0,0,0,0,0,0,0,0,0,0,0,0,0,0,0,0,0,0
MPB:bin_000477,0,0,0,0,0,0,0,0,0,0,0,0,0,0,0,0,0,0,0,0,0,0,0,0,0,0,0,0,0,0,0,0,0,0,0,0,0,0,0,0,0,0,0,0,0,0,0,0,0,0,0,0,0,0,0,0,0,0,0,0,0,0,0,0,0,0,0,0,0,0,0,0,0,0,0,0,0,0,0,0,0,0,0,0
MPB:bin_000479,0,0,0,0,0,0,0,0,0,2.099,0,0,0,0,0,0,0,0,0,0,0,0,0,0,0,1.564,0,0,0,0,0,0,0,0,0,0,0,0,0,0,0,0,0,0,0,0,0,0,0,0,0,0,0,0,0,0,0,0,0,0,0,0,0,0,0,0,0,0,0,0,0,0,0,0,0,0,0,0,0,0,0,0,0,0
MPB:bin_000491,0,2.034,1.118,1.203,1.724,1.274,1.373,1.526,1.275,1.663,0,1.741,1.43,1.348,1.258,1.041,0,0,0,1.925,1.172,2.016,1.249,1.244,1.726,2.295,1.161,0.836,1.669,1.741,0.982,1.756,2.048,2.307,3.249,0,1.288,0,0.884,0,0,0.969,0,0.995,1.228,1.16,2.09,1.79,1.417,0,2.783,0,1.127,1.008,2.424,1.137,0,1.068,3.549,36.687,1.493,1.959,1.368,0,1.451,2.693,1.689,2.176,0,1.04,1.344,0,1.77,1.739,0.938,0.929,1.424,0.992,1.534,0,2.567,2.084,1.044,2.284
MPB:bin_000499,0,5.716,9.403,4.833,6.243,6.666,6.205,6.355,4.055,6.563,7.441,8.13,8.208,9.919,5.031,3.42,0,7.475,3.658,8.603,7.058,10.108,8.434,11.115,2.77,19.432,5.286,3.679,5.388,6.975,8.065,8.027,11.182,14.156,5.513,0,5.076,13.487,7.885,4.252,12.444,2.997,5.912,4.273,9.912,4.327,10.092,17.552,4.116,6.368,13.348,0,4.717,7.993,11.099,6.218,5.16,7.118,7.909,139.715,7.269,8.592,15.86,1.856,6.042,10.712,6.054,6.75,0,4.994,6.661,12.259,13.587,6.883,6.227,5.156,5.051,5.747,6.526,0,11.998,9.027,4.471,6.098
MPB:bin_000538,0,0,0,0,0,0,0,0,0,0,0,0,0,0,0,0,0,0,0,0,0,0,0,0,0,0,0,0,0,0,0,0,0,0,0,0,0,0,0,0,0,0,0,0,0,0,0,0,0,0,0,0,0,0,0,0,0,0,0,0,0,1.406,0,0,0,0,0,0,0,0,0,0,0,0,0,0,0,0,0,0,0,0,0,0
MPB:bin_000554,0,0,0,1.662,0,0,1.444,2.209,0,0,0,2.252,3.288,0,1.658,0,0,0,1.859,2.513,0,2.857,3.608,6.714,0,2.345,0,0,0,3.108,0,0,0,3.192,0,0,1.858,0,1.975,0,0,0,0,0,2.274,0,2.278,2.711,1.483,0,3.735,0,0,0,2.353,0,0,1.98,0,0,0,3.645,0,0,1.445,2.778,2.781,2.408,0,1.881,2.918,0,0,0,0,0,0,1.584,0,0,2.964,2.438,0,2.22
MPB:bin_000559,0,0,0,0,0,0,0,0,0,0,0,0,0,0,0,0,0,0,0,0,0,0,0,0,0,0,0,0,0,0,0,0,0,0,0,0,0,0,0,0,0,0,0,0,0,0,0,0,0,0,0,0,0,0,0,0,0,0,0,0,0,0,0,0,0,0,0,0,0,0,0,0,0,0,0,0,0,0,0,0,0,0,0,0
MPB:bin_000571,0,0,0,0,0,0,0,0,0,0,0,0,0,0,0,0,0,0,0,0,0,0,0,0,0,0,0,0,0,0,0,0,0,0,0,0,0,0,0,0,0,0,0,0,0,0,0,0,0,0,0,0,0,0,0,0,0,0,0,0,0,0,0,0,0,0,0,0,0,0,0,0,0,0,0,0,0,0,0,0,0,0,0,0
MPB:bin_000576,0,0,0,0,0,0,0,0,0,0,0,0,0,0,0,0,0,0,0,0,0,0,0,0,0,0,0,0,0,0,0,0,0,0,0,0,0,0,0,0,0,0,0,0,0,0,0,0,0,0,0,0,0,0,0,0,0,0,0,0,0,0,0,0,0,0,0,0,0,0,0,0,0,0,0,0,0,0,0,0,0,0,0,0
MPB:bin_000579,0,0,0,0,0,0,0,0,0,0,0,0,0,0,0,0,0,0,0,0,0,0,0,0,0,0,0,0,0,0,0,0,0,0,0,0,0,0,0,0,0,0,0,0,0,0,0,0,0,0,0,0,0,0,0,0,0,0,0,0,0,0,0,0,0,0,0,0,0,0,0,0,0,0,0,0,0,0,0,0,0,0,0,0
MPB:bin_000581,0,0,0,1.728,3.599,0,0,22.141,3.928,1.745,0,4.285,4.641,1.545,2.63,0,0,0,4.03,2.007,8.617,5.645,3.412,19.987,21.81,0,1.107,0,3.898,2.214,0,2.855,3.695,4.502,4.633,0,3.463,3.435,3.57,4.313,26.76,2.894,0,3.499,4.852,4.061,6.455,3.096,2.263,5.652,9.998,0,6.001,10.4,7.938,3.053,19.173,4.757,0,322.585,0,7.056,2.13,0,6.492,16.578,1.336,9.494,0,7.779,5.312,4.358,7.676,8.631,0,3.487,8.541,3.994,2.974,0,5.967,1.881,4.095,2.197
MPB:bin_000584,0,0,0,0,0,0,0,0,0,0,0,0,0,0,0,0,0,0,0,0,0,0,0,0,0,0,0,0,0,0,0,0,0,0,0,0,0,0,0,0,0,0,0,0,0,0,0,0,0,0,0,0,0,0,0,0,0,0,0,0,0,0,0,0,0,0,0,0,0,0,0,0,0,0,0,0,0,0,0,0,0,0,0,0
MPB:bin_000588,0,0,0,0,0,0,0,0,0,0,0,0,0,0,0,0,0,0,0,0,0,0,0,0,0,0,0,0,0,0,0,0,0,0,0,0,0,0,0,0,0,0,0,0,0,0,0,0,0,0,0,0,0,0,0,0,0,0,0,0,0,0,0,0,0,0,0,0,0,0,0,0,0,0,0,0,0,0,0,0,0,0,0,0
MPB:bin_000590,0,0,0,0,0,0,0,0,0,0,0,0,0,0,0,0,0,0,0,0,0,0,0,0,0,0,0,0,0,0,0,0,0,0,0,0,0,0,0,0,0,0,0,0,0,0,0,0,0,0,0,0,0,0,0,0,0,0,0,0,0,0,0,0,0,0,0,0,0,0,0,0,0,0,0,0,0,0,0,0,0,0,0,0
MPB:bin_000593,0,2.903,0,0,2.872,2.662,2.195,0,0,3.362,0,3.515,3.841,2.679,0,0,0,0,0,3.841,2.765,4.282,0,0,0,3.753,0,0,3.177,5.027,2.972,0,3.699,5.696,0,0,3.34,0,0,2.781,0,0,0,0,0,0,3.556,4.228,0,4.017,5.672,0,0,0,3.909,2.413,0,2.864,0,77.854,2.537,3.735,0,1.496,2.547,3.703,2.877,3.516,0,3.119,3.956,0,4.53,3.899,0,2.458,0,1.882,0,0,4.93,3.468,0,0
MPB:bin_000594,0,0,0,0,0,0,0,0,0,0,0,0,0,0,0,0,0,0,0,0,0,0,0,0,0,0,0,0,0,0,0,0,0,0,0,0,0,0,0,0,0,0,0,0,0,0,0,0,0,0,0,0,0,0,0,0,0,0,0,0,0,0,0,0,0,0,0,0,0,0,0,0,0,0,0,0,0,0,0,0,0,0,0,0
MPB:bin_000596,0,0,0,0,0,0,0,0,0,0,0,0,0,0,0,0,0,0,0,0,0,0,0,0,0,0,0,0,0,0,0,0,0,0,0,0,0,0,0,0,0,0,0,0,0,0,0,0,0,0,0,0,0,0,0,0,0,0,0,0,0,0,0,0,0,0,0,0,0,0,0,0,0,0,0,0,0,0,0,0,0,0,0,0
MPB:bin_000597,0,0,0,0,0,0,0,0,0,0,0,0,0,0,0,0,0,0,0,0,0,0,0,0,0,0,0,0,0,0,0,0,0,0,0,0,0,0,0,0,0,0,0,0,0,0,0,0,0,0,0,0,0,0,0,0,0,0,0,0,0,0,0,0,0,0,0,0,0,0,0,0,0,0,0,0,0,0,0,0,0,0,0,0
MPB:bin_000598,0,0,0,0,0,0,0,0,0,0,0,0,0,0,0,0,0,0,0,0,0,0,0,0,0,0,0,0,0,0,0,0,0,0,0,0,0,0,0,0,0,0,0,0,0,0,0,0,0,0,0,0,0,0,0,0,0,0,0,0,0,0,0,0,0,0,0,0,0,0,0,0,0,0,0,0,0,0,0,0,0,0,0,0
MPB:bin_000599,0,0,0,1.387,0,1.16,0,0,0,1.093,0,0,0,0,0,0,0,0,1.376,1.132,0,0,0,0,0,0,0,0,0,1.488,0,0,1.133,1.766,0,0,0,0,1.367,0,0,0,0,0,0,1.212,1.225,1.255,0,0,3.08,0,0,0,1.291,0,0,0,0,0,0,1.776,0,0,0,1.63,1.535,1.57,0,0,1.67,0,1.585,0,0,0,0,0,0,0,1.274,0,0,0
MPB:bin_000600,0,0,0,0,2.158,0,0,0,0,0,0,3.059,3.379,2.192,0,0,0,0,0,0,2.529,3.581,3.346,2.783,0,0,1.742,0,0,3.797,3.042,0,2.807,4.567,0,0,0,0,2.284,0,0,0,0,0,2.5,2.098,2.753,4.048,0,0,3.975,0,1.836,0,3.109,1.967,0,0,0,0,0,0,2.158,0,0,3.037,0,0,0,2.632,2.723,2.044,0,0,0,0,0,1.602,2.221,0,3.782,2.859,0,0
MPB:bin_000601,0,0,0,0,0,0,0,0,0,0,0,0,0,0,0,0,0,0,0,0,0,0,0,0,0,0,0,0,0,0,0,0,0,0,0,0,0,0,0,0,0,0,0,0,0,0,0,0,0,0,0,0,0,0,0,0,0,0,0,0,0,0,0,0,0,0,0,0,0,0,0,0,0,0,0,0,0,0,0,0,0,0,0,0
MPB:bin_000604,0,0,0,0,0,0,0,0,0,0,0,0,0,0,0,0,0,0,0,0,0,0,0,0,0,0,0,0,0,0,0,0,0,0,0,0,0,0,0,0,0,0,0,0,0,0,0,0,0,0,0,0,0,0,0,0,0,0,0,0,0,0,0,0,0,0,0,0,0,0,0,0,0,0,0,0,0,0,0,0,0,0,0,0
MPB:bin_000605,0,0,0,0,1.616,0,1.06,1.763,0,0,0,0,0,0,1.345,0,0,0,0,1.053,0,0,0,0,0,0,0,0,0,0,0,0,0,0,0,0,0,0,0,0,0,0,0,0,0,0,0,1.259,0,0,0,0,0,0,0,1.97,0,0,0,27.062,0,1.046,1.28,0,0,0,0,0,0,3.026,1.318,1.16,0,0,0,0,1.415,0,0,0,0.994,1.237,0,4.634
MPB:bin_000606,0,1.305,2.209,1.085,1.006,0,1.499,1.498,1.309,1.559,0,1.571,2.03,1.239,1.437,0,0,0,0,1.88,0.88,3.547,1.698,3.264,0.948,2.248,0.797,0,1.202,3.009,0.862,1.693,1.699,1.254,0,0,0.769,0,2.118,0.943,6.828,1.192,0,0.968,1.266,1.406,1.139,2.434,0,0,3.704,0,1.081,0,1.56,0.865,0,1.366,0,29.807,0,2.164,1.74,0,0.943,1.863,1.03,3.883,0,0,1.351,0,1.851,2.816,1.185,1.183,0,0,0,0,3.822,2.322,0.686,1.833
MPB:bin_000609,0,0,0,0,0,0,0,0,0,0,0,0,0,0,0,0,0,0,0,0,0,0,0,0,0,0,0,0,0,0,0,0,0,0,0,0,0,0,0,0,0,0,0,0,0,0,0,0,0,0,0,0,0,0,0,0,0,0,0,0,0,0,0,0,0,0,0,0,0,0,0,0,0,0,0,0,0,0,0,0,0,0,0,0
MPB:bin_000615,0,0,0,0,0,0,0,0,0,0,0,0,0,0,0,0,0,0,0,0,0,0,0,0,0,0,0,0,0,0,0,0,0,0,0,0,0,0,0,0,0,0,0,0,0,0,0,0,0,0,0,0,0,0,0,0,0,0,0,0,0,0,0,0,0,0,0,0,0,0,0,0,0,0,0,0,0,0,0,0,0,0,0,0
MPB:bin_000617,0,5.546,5.381,4.157,6.476,4.142,2.59,4.374,2.605,4.126,0,7.51,5.425,7.105,3.097,3.14,0,0,3.617,6.332,3.844,9.513,8.045,5.674,3.155,7.382,2.988,4.175,3.849,8.707,5.889,5.224,5.19,7.773,7.821,0,4.424,8.292,6.316,3.188,0,2.798,0,4.584,5.248,5.162,6.751,6.628,2.633,4.074,10.467,0,4.017,2.398,7.643,4.542,0,4.987,5.122,148.905,3.491,5.208,4.652,2.58,3.175,4.68,5.303,6.033,0,3.803,7.242,8.148,6.242,5.535,4.879,3.442,6.295,3.342,3.557,0,7.966,6.22,3.849,6
MPB:bin_000618,0,1.104,0,0,0,0,0,0,0,0,0,0,0,0,0,0,0,0,0,0.942,0,0.729,0,0,0,0,0,0,0,0.85,0.895,0,0,1.019,0,0,0,0,1.075,0,0,0,0,0,0,0,0,0,0,0,0.892,0,0,0,0,0,0,0,0,18.95,0,0,0,0,0,0.737,0,0,0,0,0,0,0,0,0,0,0,0,0,0,0.949,0.878,0,0
MPB:bin_000619,0,0.824,1.262,1.599,0,2.074,1.461,1.024,0.921,0,0,0,1.172,0,0,0.844,0,0,1.018,1.385,1.116,1.28,1.219,0,0,0,0,0,1.972,0.799,1.385,4.352,1.095,1.979,2.784,0,0,0,1.515,0,0,0.77,0,0,0.885,1.574,2.123,1.371,0,0,1.616,0,0,0.685,0.967,0,0,1.129,2.827,46.786,0,2.124,1.036,0.688,0.972,1.011,1.22,1.155,0,1.027,0.864,0,0,0,1.027,1.022,0,0.799,0,0,0,1.055,1.142,0
MPB:bin_000622,0,0,0,0,0,0,0,0,0,0,0,0,0,0,0,0,0,0,0,0,0,0,0,0,0,0,0,0,0,0,0,0,0,0,0,0,0,0,0,0,0,0,0,0,0,0,0,0,0,0,0,0,0,0,0,0,0,0,0,0,0,0,0,0,0,0,0,0,0,0,0,0,0,0,0,0,0,0,0,0,0,0,0,0
TM1:bin_000010,0,0,0,0,0,0,0,0,0,0,0,0,0,0,0,0,0,0,0,0,0,0,0,0,0,0,0,0,0,0,0,0,0,0,0,0,0,0,0,0,0,0,0,0,0,0,0,0,0,0,0,0,0,0,0,0,0,0,0,0,0,0,0,0,0,0,0,0,0,0,0,0,0,0,0,0,0,0,0,0,0,0,0,0
TM1:bin_000024,0,0,0,0,0,0,0,0,0,0,0,0,0,0,0,0,0,0,0,0,0,0,0,0,0,0,0,0,0,0,0,0,0,0,0,0,0,0,0,0,0,0,0,0,0,0,0,0,0,0,0,0,0,0,0,0,0,0,0,0,0,0,0,0,0,0,0,0,0,0,0,0,0,0,0,0,0,0,0,0,0,0,0,0
TM1:bin_000025,0,0,0,0,0,0,0,0,0,0,0,0,0,0,0,0,0,0,0,0,0,0,0,0,0,0,0,0,0,0,0,0,0,0,0,0,0,0,0,0,0,0,0,0,0,0,0,0,0,0,0,0,0,0,0,0,0,0,0,0,0,0,0,0,0,0,0,0,0,0,0,0,0,0,0,0,0,0,0,0,0,0,0,0
TM1:bin_000027,0,0,0,0,0,0,0,0.77,0,0,0,0,0,0,0,0,0,0,0,0,0,0,0,0,0,0,0,0,0,0,0,0,0,0,0,0,0,0,0,0,0,0,0,0,0,0,0,0,0,0,0,0,0,0,0,0,0,0,0,0,0,0,0,0,0,0,3.717,0,0,0,0,0,0,0,0,0,0,0,0,0,0,0,0,2.209
TM1:bin_000031,0,4.085,2.384,1.75,2.75,3.667,1.866,1.767,1.53,7.322,0,4.513,4.47,2.773,4.631,1.903,0,0,1.488,5.148,4.178,5.65,4.076,5.26,1.957,4.35,2.55,0.667,2.635,4.938,2.685,2.393,5.532,5.853,0,0,2.675,0,1.662,3.913,0,3.894,0,2.68,4.911,1.506,5.022,7.456,2.22,2.77,6.155,0,3.948,1.751,4.263,3.121,0,2.967,6.069,53.106,3.762,4.148,4.918,1.566,2.706,4.579,3.646,4.328,0,3.362,3.341,0.981,4.144,2.663,1.408,1.961,2.748,2.259,3.723,0,6.773,7.282,2.417,3.154
TM1:bin_000049,0,3.604,2.182,1.917,3.914,4.91,1.874,3.19,2.326,3.142,0,3.821,4.697,2.237,3.107,2.178,0,0,3.484,4.811,2.791,5.086,4.256,3.167,2.052,2.592,1.079,1.072,4.785,5.06,5.509,3.47,5.235,5.641,3.037,0,3.725,0,3.095,2.458,0,1.826,0,2.584,3.128,3.019,6.004,4.478,2.361,5.424,7.109,0,2.88,1.507,8.247,1.846,0,4.523,3.583,67.407,2.213,5.259,4.51,1.801,2.728,4.835,3.83,4.708,0,2.919,4.329,2.606,5.854,4.34,3.667,2.636,3.059,2.922,3.943,0,5.012,3.713,3,2.85
TM1:bin_000080,0,0,0,0,0,0,0,0.647,0,0,0,0,0,0,1.383,0,0,0,0,1.28,0,0.989,0,0,0,0,0.846,0,0,0,0,0,0,0,0,0,0,0,0,0,0,0,7.95,0,0,0,0,1.018,0,0,0,0,0,0,0,1.351,0,0,0,26.191,0,0,0,0,0,1.605,0,0,0,1.37,0,0,0,0,0,0,0,0,0,0,1.272,1.094,0.764,0
TM1:bin_000119,0,0,0,0,0.99,1.98,0,0.88,0,1.098,0,0,0,0,0,0,0,0,0,0.93,0.828,1.409,0,0,0,1.198,0,1.054,0,0,0,0,0,1.975,0,0,0,0,0,0,0,0,0,0,0,0,1.552,1.151,0,0,0,0,0,0,0.921,0,0,0,0,0,1.058,1.458,0,0,0.609,0,1.54,0.982,0,0,0,1.185,0,1.541,0,0,0,0,0,0,1.177,0,0,0
TM1:bin_000126,0,0,0,0,0,0,0,0,0,0,0,0,0,0,0,0,0,0,0,0,0,0,0,0,0,0,0,0,0,0,0,0,0,0,0,0,0,0,0,0,0,0,0,0,0,0,0,0,0,0,0,0,0,0,0,0,0,0,0,0,0,0,0,0,0,0,0,0,0,0,0,0,0,0,0,0,0,0,0,0,0,0,0,0
TM1:bin_000144,0,0,1.364,0,0,3.216,0,0.733,0,1.357,0,0,0,2.631,0,0,0,0,0,0,0,0.777,0,0,0,0,0,0,0,0,0.806,0,1.166,0,0,0,1.056,0,0,1.097,0,0,0,0,0.894,0,1.176,0.753,0,0,0,0,0,0,0,0,0,0,0,0,0,0,0,0,1.309,0,0,0,0,0,0,0,0,0,0,1.527,0,0,0,0,0,1.256,0,0
TM1:bin_000152,0,0,0,0,1.142,1.642,1.203,1.163,0.657,1.814,0,2.39,0,0,0,0.961,0,0,0,0.818,0,2.149,1.333,0,0,0,0.792,0,0,1.043,0,0,1.097,1.306,0,0,0,0,0.91,0,0,0,0,0,0,0,1.536,1.726,0,0,6.075,0,1.303,0,0,0,0,0,0,0,0,0,0,0,0,0,0,1.514,0,0,0,0,1.786,1.333,0,0.951,0,0,0,0,2.151,1.844,0,0
TM1:bin_000153,0,0,0,0,0,0,0,0,0,0,0,0,0,0,0,0,0,0,0,0,0,0,0,0,0,0,0,0,0,0,0,0,0,0,0,0,0,0,0,0,0,0,0,0,0,0,0,0,0,0,0,0,0,0,0,0,0,0,0,0,0,0,0,0,0,0,0,0,0,0,0,0,0,0,0,0,0,0,0,0,0,0,0,0
TM1:bin_000177,0,0,0,0,0,0,0,0,0,0,0,0,0,0,0,0,0,0,0,0,0,0,0,0,0,0,0,0,0,0,0,0,0,0,0,0,0,0,0,0,0,0,0,0,0,0,0,0,0,0,0,0,0,0,0,0,0,0,0,0,0,0,0,0,0,0,0,0,0,0,0,0,0,0,0,0,0,0,0,0,0,0,0,0
TM2:bin_000005,0,0,0,0,0,0,0,0,0,0,0,0,0,0,0,0,0,0,0,0,0,0,0,0,0,0,0,0,0,0,0,0,0,0,0,0,0,0,0,0,0,0,0,0,0,0,0,0,0,0,0,0,0,0,0,0,0,0,0,0,0,0,0,0,0,0,0,0,0,0,0,0,0,0,0,0,0,0,0,0,0,0,0,0
TM2:bin_000013,0,2.687,3.337,1.366,3.341,1.889,2.121,3.232,1.967,4.882,4.451,5.296,6.293,1.833,1.095,2.8,0,0,1.608,4.02,2.703,3.803,3.098,1.166,0,1.92,1.912,0,2.95,6.018,2.843,2.133,1.145,5.323,0,10.364,1.065,0,4.006,2.339,0,2.453,0,2.244,5.103,2.763,5.133,4.971,1.393,3.607,4.75,0,1.99,1.528,2.309,2.519,0,1.622,0,63.217,2.504,4.811,2.841,0.995,2.508,4.662,2.599,4.054,11.441,1.407,2.379,1.869,4.068,4.119,1.881,1.587,2.141,1.636,2.194,0,4.534,4.94,2.141,4.512
TM2:bin_000090,0,0,0,0,0,0,0,0,0,0,0,0,0,0,0,0,0,0,0,0,0,0,0,0,0,0,0,0,0,0,0,0,0,0,0,0,0,0,0,0,0,0,0,0,0,0,0,0,0,0,0,0,0,0,0,0,0,0,0,0,0,0,0,0,0,0,0,0,0,0,0,0,0,0,0,0,0,0,0,0,0,0,0,0
TM2:bin_000114,0,0,0,0,0,0,0,0,0,0,0,0,0,0,0,0,0,0,0,0,0,0,0,0,0,0,0,0,0,0,0,0,0,0,0,0,0,0,0,0,0,0,0,0,0,0,0,0,0,0,0,0,0,0,0,0,0,0,0,0,0,0,0,0,0,0,0,0,0,0,0,0,0,0,0,0,0,0,0,0,0,0,0,0
TM2:bin_000116,0,1.21,1.028,1.235,1.85,0,0.803,1.333,0.829,1.132,0,1.165,1.57,1.106,1.007,0,0,0,0,0.929,1.262,1.945,2.41,0,1.23,1.51,0.899,0.911,1.063,1.748,1.605,1.608,0,2.113,1.739,0,0.993,0,1.018,0,0,0.809,0,1.235,1.068,0,1.378,1.07,0,0,3.042,0,1.308,0,1.328,1.175,0,0.926,0,30.726,1.083,2.542,1.731,0.637,0.805,2.675,0.939,2.442,0,1.545,1.649,0.887,1.779,1.949,1.434,1.298,1.66,0.894,1.076,0,2.019,2.046,0.812,1.399
TM2:bin_000124,0,1.496,0,0,0,0,0,0.724,0,0,0,0,1.843,0,0,1.674,0,0,0,1.558,0,1.721,0,0,1.404,1.28,0,0,0,0,0,0,1.307,0,0,0,0,0,0.981,0,0,0,0,0,0,0,2.013,0,0,0,0,0,0,0,1.443,0,0,0,0,0,0,0,0,0,1.611,4.467,1.071,0,0,0,1.057,0,0,0,0,0,0,0,0,0,0,0,0,0
TM2:bin_000127,0,1.091,0,0,0,1.634,0,0,0,0,0,0,4.015,0,0,0,0,0,0,0.766,0,1.204,0.994,0,0,0,0,0,1.111,0,0,0,0.897,0,0,0,0,0,0,0,0,0,0,0,0,0,1.274,0.836,0,0,2.081,0,0,0,0.87,0,0,0,0,0,0,1.352,0,0,0,0,0,0,0,0,0,0,1.75,1.126,0,0,0,0,0,0,1.02,0.921,0.731,0
TM2:bin_000155,0,0,0,0,1.301,0,1.023,4.793,1.092,0,0,0,1.184,0,2.424,0,0,0,2.394,3.11,1.107,2.362,1.539,0,0,1.098,0,0.796,0.908,1.675,1.749,1.837,0,1.696,0,9.564,1.159,0,1.557,2.399,0,0,0,1.777,1.05,0.913,0.872,1.717,0.882,0,2.567,0,0,0,2.071,2.836,0,0,0,46.688,0,1.102,1.317,1.391,0.945,4.477,1.475,0,0,3.133,1.031,0,0,2.752,1.149,0,2.538,1.408,1.173,0,1.416,2.996,0.979,4.603
TM2:bin_000157,0,0,0,0,0,0,0,0,0,0,0,0,0,0,0,0,0,0,0,0,0,0,0,0,0,0,0,0,0,0,0,0,0,0,0,0,0,0,0,0,0,0,0,0,0,0,0,0,0,0,0,0,0,0,0,0,0,0,0,0,0,0,0,0,0,0,0,0,0,0,0,0,0,0,0,0,0,0,0,0,0,0,0,0
TM2:bin_000186,0,0,0,0,0,0,0,0,0,0,0,0,0,0,0,0,0,0,0,0,0,0,0,0,0,0,0,0,0,0,0,0,0,0,0,0,0,0,0,0,0,0,0,0,0,0,0,0,0,0,0,0,0,0,0,0,0,0,0,0,0,0,0,0,0,0,0,0,0,0,0,0,0,0,0,0,0,0,0,0,0,0,0,0
TM2:bin_000188,0,0,0,0,0,0,0,0,0,0,0,0,0,0,0,0,0,0,0,0,0,0,0,0,0,0,0,0,0,0,0,0,0,0,0,0,0,0,0,0,0,0,0,0,0,0,0,0,0,0,0,0,0,0,0,0,0,0,0,0,0,0,0,0,0,0,0,0,0,0,0,0,0,0,0,0,0,0,0,0,0,0,0,0
TM2:bin_000219,0,0,0,0,0,0,0,0,0,0,0,0,0,0,0,0,0,0,0,0,0,0,0,0,0,0,0,0,0,0,0,0,0,0,0,0,0,0,0,0,0,0,0,0,0,0,0,0,0,0,0,0,0,0,0,0,0,0,0,0,0,0,0,0,0,0,0,0,0,0,0,0,0,0,0,0,0,0,0,0,0,0,0,0
TM2:bin_000235,0,1.039,0,0,1.022,0,1.024,0,0,0,0,0,1.006,0,0.892,0,0,0,0,1.247,0,1.63,0,0,0,0,0,0,0,1.338,1.205,0,1.152,1.841,0,0,0,0,0,0,0,0,0,0,1.181,0,1.184,1.431,0.77,0,1.817,0,0,0,1.299,0,0,0,0,20.323,0,1.155,0,0,0.794,1.438,0.966,0,0,0,1.025,0,1.497,0,0,0,0,0,0,0,1.405,0.898,0,0
TM3:bin_000033,0,0,0,0,0,0,0,0,0,0,0,0,0,0,0,0,0,0,0,0,0,0,0,0,0,0,0,0,0,0,0,0,0,0,0,0,0,0,0,0,0,0,0,0,0,0,0,0,0,0,0,0,0,0,0,0,0,0,0,0,0,0,0,0,0,0,0,0,0,0,0,0,0,0,0,0,0,0,0,0,0,0,0,0
TM3:bin_000088,0,0,0,0,0,0,0,0,0,0,0,0,0,0,0,0,0,0,0,0,0,0,0,0,0,0,0,0,0,0,0,0,0,0,0,0,0,0,0,0,0,0,0,0,0,0,0,0,0,0,0,0,0,0,0,0,0,0,0,0,0,0,0,0,0,0,0,0,0,0,0,0,0,0,0,0,0,0,0,0,0,0,0,0
TM3:bin_000108,0,12.803,10.056,6.285,8.575,9.035,7.726,9.006,6.105,9.664,16.283,13.038,16.026,11.8,7.493,4.535,0,8.833,8.226,13.361,7.933,16.336,12.093,14.071,8.025,13.383,7.164,4.2,11.073,11.051,10.346,12.687,12.09,15.058,7.892,0,9.933,0,9.892,9.563,4.918,5.707,5.682,8.494,7.383,11.188,15.699,15.014,6.516,10.9,14.662,0,9.441,6.326,12.636,8.646,6.116,10.454,7.42,215.462,5.954,11.005,13.01,4.32,11.54,14.122,8.548,11.969,0,8.039,12.359,6.89,14.102,10.322,8.555,7.617,9.217,6.166,9.123,0,18.392,14.123,7.086,7.541
TM4:bin_000013,0,1.015,0,0,0,0,0,0,0,0,0,0,0,0,0,0,0,0,0,0,0,0.888,0,0,0,0,0,0,0,0,0,0,0,0,2.114,0,1.115,0,0,0,0,0,0,0,0,0,0,0,0,0,0,0,0,0,1.034,0,0,0,0,0,0,0,0,0,0,0.962,0,0,0,0,0,0,1.104,0,0,0,0,0,0,0,0,0.949,0,0
TM4:bin_000021,0,0,0,0,0,0,0,0,0,0,0,0,0,0,0,0,0,0,0,0,0,0,0,0,0,0,0,0,0,0,0,0,0,0,0,0,0,0,0,0,0,0,0,0,0,0,0,0,0,0,0,0,0,0,0,0,0,0,0,0,0,0,0,0,0,0,0,0,0,0,0,0,0,0,0,0,0,0,0,0,0,0,0,0
TM4:bin_000025,0,1.156,1.254,1.042,1.328,1.398,1.806,1.18,0.853,2.535,0,0,2.167,0,2.237,0,0,0,1.416,2.675,1.857,2.365,2.363,2.641,0,2.1,1.651,0,1.058,2.191,0,1.876,1.539,1.231,0,0,0.983,0,1.031,0,0,0.878,0,1.225,2.96,0,2.273,4.304,0,0,2.388,0,2.234,0,1.76,1.354,0,1.633,0,40.674,0,0,3.884,0,1.736,3.434,0,2.347,0,1.14,1.426,1.406,1.166,2.047,1.133,1.367,0,1.353,2.134,0,2.84,2.513,1.066,2.08
TM4:bin_000031,0,0,0,0,0,0,0,0,0,0,0,0,0,0,0,0,0,0,0,0,0,0,0,0,0,0,0,0,0,0,0,0,0,0,0,0,0,0,0,0,0,0,0,0,0,0,0,0,0,0,0,0,0,0,0,0,0,0,0,0,0,0,0,0,0,0,0,0,0,0,0,0,0,0,0,0,0,0,1.13,0,0,0,0,0
TM4:bin_000034,0,1.991,1.856,1.266,3.694,3.557,2.014,2.253,2.839,1.988,4.308,4.622,4.823,3.514,2.226,1.727,0,0,2.327,3.175,3.696,4.133,3.594,3.623,2.331,4.816,3.003,1.427,2.536,4.841,1.703,2.486,4.376,5.256,0,0,3.188,0,2.207,4.854,0,1.681,0,2.491,3.226,1.789,3.775,5.821,2.857,6.847,4.373,0,2.98,2.189,4.079,3.406,0,2.746,0,64.836,1.69,6.592,2.899,1.717,2.102,4.864,2.022,4.02,0,2.656,7.597,4.394,7.024,4.379,3.579,1.043,3.206,3.062,2.639,0,7.56,4.444,1.516,4.275
TM4:bin_000036,0,1.142,0,0,1.006,0,0.787,0.93,0,0,0,1.307,0,0,0,0,0,0,0,0,0.896,0.938,0,0,1.005,0,1.094,0.75,0,0,1.186,0,1.382,1.243,0,0,2.117,0,0,0,0,0,0,0,1.06,0,0,1.376,0,0,1.806,0,0.851,0,0,1.37,0,1.487,0,0,0,2.003,0,0,0,0.979,0,0,0,0,1.017,0,1.127,1.235,0,0.973,0,0,0.918,0,1.249,1.678,0.838,0
TM4:bin_000037,0,0,1.155,0,0.968,0,0,0,0,0,0,0,0,0,0,0,0,0,0,0,0,1.029,1.52,0,0,0,0,0,0,0,0,0,0,0,0,0,0.813,0,0,0,0,0,0,0,0,0,0,0,0,0,1.462,0,0,0,1.209,0,0,0,0,0,0,0,0,0,0,0,0,0,0,0,0.937,0,0,0,0,0,0,0,0,0,1.347,0,0,0
TM4:bin_000038,0,1.542,0,0,0,0,0,0.739,0,0.975,0,0,1.06,0,0,0,0,0,0,0.84,0,0.876,1.119,0.96,0.902,0,0,0,0,1.007,0,0,1.166,0,1.917,0,0.859,0,1.247,0,3.675,0,0,0,0,0,0,0.855,0,0,1.197,0,0.778,0,0,0,0,0,0,0,0,0,1.456,0,0.703,0.727,0.855,0.983,0,0,0.763,0,0,0,0.928,0.855,0,0,0,0,1.749,0,0,0
TM4:bin_000039,0,0,0,0,0,0,0,0,0,0,0,0,0,0,0,0,0,0,0,0,0,0,0,0,0,0,0,1.538,0,0,0,0,0,0,0,0,0,0,0,0,0,0,0,0,0,0,0,0,0,0,0,0,0,0,0,0,0,0,0,0,0,0,0,0,0,0,0,0,0,0,0,0,0,0,0,0,0,0,0,0,0,0,0,0
TM4:bin_000041,0,0,0,0,0,0,0,0,0,0,0,0,0,0,0,0,0,0,0,0,0,0,0,0,0,0,0,0,0,0,0,0,0,0,0,0,0,0,0,0,0,0,0,0,0,0,0,0,0,0,0,0,0,0,0,0,0,0,0,0,0,0,0,0,0,0,0,0,0,0,0,0,0,0,0,0,0,0,0,0,0,0,0,0
TM4:bin_000045,0,0,0,0,0,0,0,0,0,0,0,0,0,0,0,0,0,0,0,0,0,0,0,0,0,0,0,0,0,0,0,0,0,0,0,0,0,0,0,0,0,0,0,0,0,0,0,0,0,0,0,0,0,0,0,0,0,0,0,0,0,0,0,0,0,0,0,0,0,0,0,0,0,0,0,0,0,0,0,0,0,0,0,0
TM4:bin_000048,0,0,0,0,0,0,0,0,0,0,0,0,0,0,0,0,0,0,0,0,0,0,0,0,0,0,0,0,0,0,0,0,0,0,0,0,0,0,0,0,0,0,0,0,0,0,0,0,0,0,0,0,0,0,0,0,0,0,0,0,0,0,0,0,0,0,0,0,0,0,0,0,0,0,0,0,0,0,0,0,0,0,0,0
TM4:bin_000064,0,0,0,0,0,0,0,0,0,0,0,0,0,0,0,0,0,0,0,0,0,0,0,0,0,0,0,0,0,0,0,0,0,0,2.073,0,0,0,0,0,0,0,0,0,0,0,0,0,0,0,0,0,0,0,0,0,0,0,0,0,0,0,0,0,0,0,0,0,0,0,0,0,0,0,0,0,0,0,0,0,0,0,0,0
TM4:bin_000079,0,0,0,0,0,0,0,0,0,0,0,0,0,0,0,0,0,0,0,0,0,0,0,0,0,0,0,0,0,0,0,0,0,0,0,0,0,0,0,0,0,0,0,0,0,0,0,0,0,0,0,0,0,0,0,0,0,0,0,0,0,0,0,0,0,0,0,0,0,0,0,0,0,0,0,0,0,0,0,0,0,0,0,0
TM4:bin_000088,0,0,0,0,0,0,0,0,0,0,0,0,0,0,0,0,0,0,0,0,0,0,0,0,0,0,0,0,0,0,0,0,0,0,0,0,0,0,0,0,0,0,0,0,0,0,0,0,0,0,0,0,0,0,0,0,0,0,0,0,0,0,0,0,0,0,0,0,0,0,0,0,0,0,0,0,0,0,0,0,0,0,0,0
TM4:bin_000093,0,0,0,0,0,0,0,0,0,0,0,0,0,0.83,0,0,0,0,0,0,0,1.074,0,0,4.672,0,0,0,0,0,0,0,0,0,0,0,0,0,0,0,0,0,0,0,0,0,0,0,0,0,1.31,0,0,0,0,0,0,0,0,0,0,0,0,0,0,0,0,0,0,0,0,0,0,0,0,0,0,0,0,0,0,0,0.935,0
TM4:bin_000095,0,0,0,0,0,0,0,0,0,0,0,0,0,0,0,0,0,0,0,0,0,0,0,0,0,0,0,0,0,0,0,0,0,0,0,0,0,0,0,0,0,0,0,0,0,0,0,0,0,0,0,0,0,0,0,0,0,0,0,0,0,0,0,0,0,0,0,0,0,0,0,0,0,0,0,0,0,0,0,0,0,0,0,0
TM4:bin_000097,0,0,0,0,0,0,0,0,0,0,0,0,0.676,0,0,0,0,0,0,0,0,0,0,0,0,0,0,0,0,0,0,0,0,0,0,0,0,0,0,0,0,0,0,0,0,0,0,0,0,0,0,0,0,0,0,0,0,0,0,0,0,0,0,0,0,0,0,0,0,0,0,0,0,0,0,0,0,0,0,0,0,0,0,0
TM4:bin_000099,0,0,0,0,0,0,0,0,0,0,0,0,0,0,0,0,0,0,0,0,0,0,0,0,0,0,0,0,0,0,0,0,0,0,0,0,0,0,0,0,0,0,0,0,0,0,0,0,0,0,0,0,0,0,0,0,0,0,0,0,0,0,0,0,0,0,0,0,0,0,0,0,0,0,0,0,0,0,0,0,0,0,0,0
TM4:bin_000106,0,0,0,0,0,0,0,0,0,0,0,0,0,0,0,0,0,0,0,0,0,0,0,0,0,0,0,0,0,0,0,0,0,0,0,0,0,0,0,0,0,0,0,0,0,0,0,0,0,0,0,0,0,0,0,0,0,0,0,0,0,0,0,0,0,0,0,0,0,0,0,0,0,0,0,0,0,0,0,0,0,0,0,0
TM4:bin_000115,0,0,0,0,0,0,0,0,0,0,0,0,0,0,0,0,0,0,0,0,0,0,0,0,0,0,0,0,0,0,0,0,0,0,0,0,0,0,0,0,0,0,0,0,0,0,0,0,0,0,0,0,0,0,0,0,0,0,0,0,0,0,0,0,0,0,0,0,0,0,0,0,0,0,0,0,0,0,0,0,0,0,0,0
TM4:bin_000133,0,0,0,0,0,0,0,0,0,0,0,0,0,0,0,0,0,0,0,0,0,0,0,0,0,0,0,0,0,0,0,0,0,0,0,0,0,0,0,0,0,0,0,0,0,0,0,0,0,0,0,0,0,0,0,0,0,0,0,0,0,0,0,0,0,0,0,0,0,0,0,0,0,0,0,0,0,0,0,0,0,0,0,0
TM4:bin_000144,0,0,0,0,0,0,0,0,0,0,0,0,0,0,0,0,0,0,0,0,0,0,0,0,0,0,0,0,0,0,0,0,0,0,0,0,0,0,0,0,0,0,0,0,0,0,0,0,0,0,0,0,0,0,0,0,0,0,0,0,0,0,0,0,0,0,0,0,0,0,0,0,0,0,0,0,0,0,0,0,0,0,0,0
TM4:bin_000166,0,4.536,10.908,3.111,6.532,3.053,5.382,8.958,3.645,3.367,6.306,4.136,5.289,4.057,5.104,3.104,0,10.635,3.913,9.243,5.363,9.554,6.013,6.288,3.173,3.009,7.925,1.776,6.78,3.732,5.608,7.593,6.763,9.851,9.846,0,4.842,0,4.427,5.201,7.582,2.339,0,5.806,5.751,6.758,6.053,7.457,2.957,5.051,23.04,0,5.222,3.679,7.68,3.582,0,4.001,0,279.64,6.13,9.932,3.215,2.903,5.572,6.103,4.525,3.92,0,5.49,6.46,5.67,9.968,6.577,4.074,5.987,5.938,4.59,4.522,14.403,10.449,7.21,4.686,5.165
TM4:bin_000184,0,0,0,0,0,0,0,0,0,0,0,0,0,0,0,0,0,0,0,0,0,0,0,0,0,0,0,0,0,0,0,0,0,0,0,0,0,0,0,0,0,0,0,0,0,0,0,0,0,0,0,0,0,0,0,0,0,0,0,0,0,0,0,0,0,0,0,0,0,0,0,0,0,0,0,0,0,0,0,0,0,0,0,0
TM4:bin_000189,0,0,0,0,0,0,0,0,0,0,0,0,0,0,0,0,0,0,0,0,0,0,0,0,0,0,0,0,0,0,0,0,0,0,0,0,0,0,0,0,0,0,0,0,0,0,0,0,0,0,0,0,0,0,0,0,0,0,0,0,0,0,0,0,0,0,0,0,0,0,0,0,0,0,0,0,0,0,0,0,0,0,0,0
TM4:bin_000200,0,0,0,0,0,0,0,0,0,0,0,0,0,0,0,0,0,0,0,0,0,0,0,0,0,0,0,0,0,0,0,0,0,0,0,0,0,0,0,0,0,0,0,0,0,0,0,0,0,0,0,0,0,0,0,0,0,0,0,0,0,0,0,0,0,0,0,0,0,0,0,0,0,0,0,0,0,0,0,0,0,0,0,0
TM4:bin_000204,0,4.46,4.891,5.148,5.033,3.345,3.642,4.44,2.984,4.173,4.393,4.915,5.202,4.79,2.918,3.341,0,0,4.729,6.41,3.798,7.153,4.622,3.832,4.118,5.713,3.206,2.148,4.917,6.807,5.557,6.66,7.376,6.852,11.842,0,7.111,16.891,7.726,2.811,0,2.545,0,3.906,6.679,3.557,5.012,6.055,3.156,4.51,7.255,0,4.252,3.33,6.404,4.015,5.25,5.309,9.74,154.881,3.611,7.843,3.658,2.976,2.838,6.649,4.016,5.07,0,3.998,5.66,3.238,7.936,7.641,5.973,4.213,4.319,2.499,4.085,0,7.528,5.721,5.346,4.333
TM4:bin_000209,0,0,0,0,0,0,0,0,0,0,0,0,0,0,0,0,0,0,0,0,0,0,0,0,0,0,0,0,0,0,0,0,0,0,0,0,0,0,0,0,0,0,0,0,0,0,0,0,0,0,0,0,0,0,0,0,0,0,0,0,0,0,0,0,0,0,0,0,0,0,0,0,0,0,0,0,0,0,0,0,0,0,0,0
TM4:bin_000211,0,0,0,0,0,0,0,0,0,0,0,0,0,0,0,0,0,0,0,0,0,0,0,0,0,0,0,0,0,0,0,0,0,0,0,0,0,0,0,0,0,0,0,0,0,0,0,0,0,0,0,0,0,0,0,0,0,0,0,0,0,0,0,0,0,0,0,0,0,0,0,0,0,0,0,0,0,0,0,0,0,0,0,0
TM4:bin_000216,0,0,0,0,0,0,0,0,0,0,0,0,0,0,0,0,0,0,0,0,0,0,0,0,0,0,0,0,0,0,0,0,0,0,0,0,0,0,0,0,0,0,0,0,0,0,0,0,0,0,0,0,0,0,0,0,0,0,0,0,0,0,0,0,0,0,0,0,0,0,0,0,0,0,0,0,0,0,0,0,0,0,0,0
TM4:bin_000248,0,0,1.513,0,2.308,1.22,2.203,2.833,4.342,0,0,0,0,0,1.767,0,0,0,0,4.049,3.534,4.315,0,1.193,0,0,6.464,0,0.893,0,0,0,0,3.073,0,0,1.994,0,0,0,0,1.648,0,5.9,1.25,1.494,0,1.568,0,0,19.194,0,0,1.587,1.057,0.983,0,2.052,0,91.353,4.278,3.631,1.083,0,1.578,1.301,2.205,2.211,0,1.11,5.3,2.639,4.387,0,0,9.291,0,1.525,0,19.447,2.568,4.216,2.714,1.212
TM4:bin_000249,0,1.643,2.165,0,4.558,1.339,2.593,2.152,2.283,5.655,4.275,4.681,8.026,6.263,2.555,0.887,0,0,2.072,10.206,2.288,5.947,4.843,3.256,1.958,8.211,1.665,1.351,4.184,12.656,6.987,0,5.206,8.197,0,0,1.757,0,2.643,5.289,0,1.031,0,1.772,3.178,1.85,4.225,4.259,2.335,3.19,10.109,0,3.545,1.308,2.742,3.148,0,1.808,0,76.482,3.217,6.551,3.339,1.658,5.506,5.402,3.067,3.832,0,2.292,8.649,1.688,2.613,2.592,1.41,3.177,2.172,1.435,4.059,0,10.273,6.94,2.817,2.396
TM4:bin_000259,0,0,0,0,0,0,0,0,0,0,0,0,0,0,0,0,0,0,0,0,0,0,0,0,0,0,0,0,0,0,0,0,0,0,0,0,0,0,0,0,0,0,0,0,0,0,0,0,0,0,0,0,0,0,0,0,0,0,0,0,0,0,0,0,0,0,0,0,0,0,0,0,0,0,0,0,0,0,0,0,0,0,0,0
TM4:bin_000261,0,0,0,0,0,0,0,0,0,0,0,0,0,0,0,0,0,0,0,0,0,0,0,0,0,0,0,0,0,0,0,0,0,0,0,0,0,0,0,0,0,0,0,0,0,0,0,0,0,0,0,0,0,0,0,0,0,0,0,0,0,0,0,0,0,0,0,0,0,0,0,0,0,0,0,0,0,0,0,0,0,0,0,0
TM4:bin_000267,0,0,0,0,0,0,0,0,0,0,0,0,0,0,0,0,0,0,0,0,0,0,0,3.664,0,0,0,0,0,0,0,0,0,0,0,0,0,0,0,0,0,0,0,0,0,0,0,0,0,0,0,0,0,0,0,0,0,0,0,83.332,0,0,0,0,0,0,0,2.024,0,0,0,0,0,0,0,0,3.629,0,0,0,0,0,0,0
TM4:bin_000275,0,0,0,0,0,0,0,0,0,0,0,0,0,0,0,0,0,0,0,0,0,0,0,0,0,0,0,0,0,0,0,0,0,0,0,0,0,0,0,0,0,0,0,0,0,0,0,0,0,0,0,0,0,0,0,0,0,0,0,0,0,0,0,0,0,0,0,0,0,0,0,0,0,0,0,0,0,0,0,0,0,0,0,0
TM4:bin_000278,0,0,0,0,0,0,0,0,0,0,0,0,0,0,0,0,0,0,0,0,0,0,0,0,0,0,0,0,0,0,0,0,0,0,0,0,0,0,0,0,0,0,0,0,0,0,0,0,0,0,0,0,0,0,0,0,0,0,0,0,0,0,0,0,0,0,0,0,0,0,0,0,0,0,0,0,0,0,0,0,0,0,0,0
TM4:bin_000285,0,0,0,0,0,0,0,0,0,0,0,0,0,0,0,0,0,0,0,0,0,0,0,0,0,0,0,0,0,0,0,0,0,0,0,0,0,0,0,0,0,0,0,0,0,0,0,0,0,0,0,0,0,0,0,0,0,0,0,0,0,0,0,0,0,0,0,0,0,0,0,0,0,0,0,0,0,0,0,0,0,0,0,0
TM4:bin_000286,0,0,0,0,0,0,0,0,0,0,0,0,0,0,0,0,0,0,0,0,0,0,0,0,0,0,0,0,0,0,0,0,0,0,0,0,0,0,0,0,0,0,0,0,0,0,0,0,0,0,0,0,0,0,0,0,0,0,0,0,0,0,0,0,0,0,0,0,0,0,0,0,0,0,0,0,0,0,0,0,0,0,0,0
TM4:bin_000287,0,0,0,0,0,0,0,0,0,0,0,0,0,0,0,0,0,0,0,0,0,0,0,0,0,0,0,0,0,0,0,0,0,0,0,0,0,0,0,0,0,0,0,0,0,0,0,0,0,0,0,0,0,0,0,0,0,0,0,0,0,0,0,0,0,0,0,0,0,0,0,0,0,0,0,0,0,0,0,0,0,0,0,0
TM4:bin_000305,0,0,0,0,0,0,0,0,0,0,0,0,2.865,0,0,0,0,0,0,0.891,0,0,0,0,0,0,0,0,0.932,0,0,0,0,1.418,0,0,0,0,0,0,0,0,0,0,0,0,0.832,0.707,0,0,1.083,0,0,0,0,0,0,1.917,0,0,0,0,0,0,0,0,0,0,0,0,0,0,0,0,0,0,0,0,0,0,0,0.844,0,0
TM4:bin_000312,0,0,0,0,0,0,0,0,0,0,0,0,0,0,0,0,0,0,0,0,0,0,0,0,0,0,0,0,0,0,0,0,0,0,0,0,0,0,0,0,0,0,0,0,0,0,0,0,0,0,0,0,0,0,0,0,0,0,0,0,0,0,0,0,0,0,0,0,0,0,0,0,0,0,0,0,0,0,0,0,0,0,0,0
TM4:bin_000316,0,4.682,4.343,2.682,4.922,2.878,3.392,3.65,2.48,7.038,6.792,5.524,12.125,5.717,2.7,2.504,0,0,2.78,5.318,4.44,7.771,7.371,6.772,1.969,6.598,2.826,1.781,4.417,5.62,5.578,6.513,7.037,8.05,4.255,0,4.275,0,2.98,5.64,12.663,2.085,6.095,2.223,4.961,3.024,9.019,6.447,3.56,3.98,12.991,0,4.281,1.957,4.778,4.318,4.431,4.818,3.773,131.56,4.57,5.021,4.032,2.956,3.804,9.679,4.243,4.169,0,3.335,6.747,2.476,4.43,3.69,3.195,3.421,2.957,4.202,4.797,0,8.413,5.879,4.296,3.866
