genome,M304733,M304721,M304633,M304642,M304706,M304700,M304631,M304643,M304637,M304732,M304698,M304603,M304724,M304717,M304641,M304736,M304612,M304697,M304699,M304597,M304608,M304723,M304623,M304735,M304731,M304714,M304695,M304640,M304715,M304720,M304621,M304738,M304725,M304606,M304619,M304708,M304607,M304709,M304622,M304615,M304620,M304726,M304718,M304639,M304605,M304710,M304703,M304632,M304602,M304711,M304600,M304625,M304628,M304617,M304716,M304609,M304729,M304613,M304707,M304705,M304604,M304610,M304730,M304727,M304627,M304618,M304712,M304601,M304634,M304737,M304635,M304734,M304701,M304624,M304693,M304694,M304596,M304722,M304696,M304704,M304614,M304638,M304598,M304630
00:bin_000002,10.134,25.933,20.361,8.223,23.617,11.276,4.334,15.299,12.496,13.483,16.639,30.501,29.28,11.952,6.335,8.335,7.241,21.766,28.879,6.628,15.648,9.247,9.888,14.43,0,1.74,24.137,4.864,31.009,20.187,17.631,10.333,13.742,5.02,45.817,3.259,61.712,6.449,5.111,0,17.602,7.69,5.818,16.335,14.834,14.568,0,18.076,3.374,6.316,6.036,13.715,10.925,8.484,28.081,11.561,12.26,2.761,33.354,6.65,0,10.605,20.033,9.789,4.782,6.13,6.369,17.638,4.983,17.21,10.542,4.621,18.435,7.111,11.951,8.43,27.711,16.052,16.89,0,0,34.068,5.11,19.26
00:bin_000004,30.912,94.822,46.94,23.969,60.45,49.562,11.681,21.287,123.024,91.033,28.291,49.897,28.442,56.009,10.107,36.917,28.107,138.785,47.346,14.994,47.646,22.201,17.66,32.26,0,3.546,45.145,15.267,29.463,136.41,26.729,24.181,72.64,20.883,70.993,24.891,50.623,21.412,21.54,0,75.873,20.017,28.014,31.042,83.595,30.055,0,49.921,18.692,22.505,16.397,31.793,45.067,96.697,56.039,23.066,30.721,12.446,50.329,23.209,2.115,55.694,94.491,33.448,23.299,15.292,18.699,55.657,31.27,41.55,33.286,28.344,42.705,36.33,38.277,54.666,76.047,38.834,59.151,1.957,0,63.085,25.513,30.593
00:bin_000007,17.493,26.874,16.964,16.005,17.782,20.399,3.379,19.361,14.406,15.212,16.902,15.148,16.185,20.238,2.519,9.831,5.843,39.648,18.246,9.022,19.831,13.772,10.676,11.919,0,1.331,21.469,4.654,21.426,25.251,11.165,8.504,10.469,6.177,34.038,5.317,16.637,7.656,7.755,0,14.527,6.79,7.224,13.23,18.028,8.955,0,15.281,10.558,7.403,4.799,9.207,15.947,20.759,19.633,11.494,15.108,2.96,22.624,11.807,0,22.534,25.285,14.444,4.677,6.13,10.522,22.575,9.56,10.988,10.975,10.701,22.159,10.54,12.685,15.576,29.25,12.423,17.745,0,0,32.62,15.294,12.477
00:bin_000010,0,0,0,0,0,0,0,0,0,0,0,0,0,0,0,0,0,0,0,0,0,0,0,0,0,0,0,0,0,0,0,0,0,0,0,0,0,0,0,0,0,0,0,0,0,0,0,0,0,0,0,0,0,0,0,0,0,0,0,0,0,0,0,0,0,0,0,0,0,0,0,0,0,0,0,0,0,0,0,0,0,0,0,0
00:bin_000015,32.173,44.971,26.638,29.24,35.113,36.062,8.796,35.416,36.643,32.762,28.41,32.965,34.474,36.892,2.311,18.185,12.942,69.202,32.239,12.276,33.476,20.988,17.745,19.47,0,3.394,55.928,10.396,35.286,55.462,16.856,19.29,18.316,11.141,71.981,14.681,31.333,13.522,11.877,0,27.88,23.186,15.119,23.861,42.428,15.921,0,40.544,22.336,17.045,12.659,17.885,41.119,31.378,31.826,18.917,24.605,6.212,35.156,22.776,0,36.007,45.654,31.05,16.923,8.465,17,58.759,23.631,30.208,20.593,27.371,35.124,22.039,31.139,39.831,81.957,23.889,37.836,1.762,0,58.394,29.434,34.437
00:bin_000024,5.567,14.488,3.924,3.953,6.498,6.692,0,8.448,3.956,3.754,7.325,4.163,3.721,4.942,0,3.825,2.582,17.63,11.235,1.828,6.045,4.98,1.733,3.339,0,0.611,7.68,1.716,8.071,8.29,4.524,4.245,2.563,0,12.91,0,6.601,1.665,2.751,0,4.513,1.807,5.108,4.586,5.789,3.767,0,6.727,4.088,1.676,2.25,2.028,3.803,5.604,6.813,6.502,4.252,0,6.765,3.735,0,4.622,10.312,4.172,2.573,0,3.599,7.895,5.655,6.777,2.364,2.522,3.876,2.516,5.53,4.758,11.049,2.539,6.908,0,0,11.946,7.55,3.004
00:bin_000030,3.482,4.766,3.107,2.372,3.971,2.263,0,3.276,2.752,4.182,3.318,2.618,3.606,4.261,0,2.357,1.673,4.011,1.549,1.461,2.544,0,1.674,1.331,0,0,4.289,0,2.34,5.438,0,3.158,2.103,1.419,4.23,1.869,3.734,2.054,1.346,0,1.741,0,1.879,0,2.369,0,0,4.489,1.789,1.586,2.035,1.454,4.145,2.72,2.845,2.195,1.864,0,5.219,2.26,0,4.506,3.422,4.078,1.971,0,1.574,8.468,0,2.822,2.207,2.873,2.77,2.665,1.893,3.665,4.688,0,3.861,0,0,4.427,3.196,2.082
00:bin_000037,2.285,5.193,6.193,4.75,7.573,3.98,0,3.662,1.869,4.431,4.091,0,4.21,4.236,0,3.14,1.741,10.132,3.378,1.102,3.901,1.797,3.016,2.126,0,0,5.396,2.187,5.832,3.445,2.482,0,2.016,1.48,7.557,2.042,2.822,2.951,2.41,0,2.309,2.754,1.865,1.988,2.721,2.142,0,7.74,0,1.57,1.339,5.366,3.457,4.118,3.746,1.393,4.048,0,6.788,1.455,0,4.099,5.738,3.002,1.796,1.554,2.45,7.496,2.803,3.073,2.568,1.792,5.757,0,1.863,2.134,6.41,3.722,3.616,0,0,9.36,5.13,4.933
00:bin_000040,0,4.464,6.315,1.494,2.002,3.626,0,3.264,1.918,0,3.888,2.718,8.528,0,2.573,0,1.313,3.554,2.371,0,4.926,0,0,0,0,0,1.658,0,3.1,3.487,0,3.007,3.788,0,5.647,0,0,0,0,0,3.495,0,1.54,2.887,2.219,0,0,2.271,1.777,1.541,0,4.143,2.329,0,1.672,0,1.37,0,3.254,1.45,0,2.223,3.806,6.187,1.203,0,0,2.501,2.982,1.862,0,0,3.42,2.14,0,6.478,6.111,4.201,4.544,0,0,4.916,0,2.284
00:bin_000043,6.229,1.936,0,3.225,7.279,4.535,0,3.167,0,9.698,4.378,4.516,7.231,3.923,0,4.973,0,9,8.35,0,1.475,0,2.111,3.62,0,0,9.229,0,4.665,2.405,0,3.658,2.076,0,5.527,2.828,0,2.252,0,0,0,3.806,0,0,0,1.841,0,0,2.916,4.182,2.248,2.018,0,0,1.713,0,5.917,0,5.769,6.377,0,0,6.148,6.4,4.678,0,4.909,5.737,1.976,4.946,2.134,3.405,4.123,0,4.529,2.815,3.289,1.579,5.712,0,0,2.111,4.497,0
00:bin_000048,0,0,0,0,0,0,0,0,0,0,0,0,0,0,0,0,0,0,0,0,0,0,0,0,0,0,0,0,0,0,0,0,0,0,0,0,0,0,0,0,0,0,0,0,0,0,0,0,0,0,0,0,0,0,0,0,0,0,0,0,0,0,0,0,0,0,0,0,0,0,0,0,0,0,0,0,0,0,0,0,0,0,0,0
00:bin_000049,1.972,2.953,0,0,1.932,0,0,2.592,0,1.833,3.274,0,0,1.631,0,2.527,0,4.226,5.73,0,0,0,0,1.426,0,0,2.329,0,3.654,2.397,0,1.382,0,0,1.749,0,0,0,0,0,0,0,0,0,1.2,1.77,0,1.674,0,0,0,0,0,0,0,0,0,0,0,0,0,0,5.712,0,0,0,0,1.621,1.945,2.724,0,0,0,0,1.57,1.662,2.707,0,3.163,0,0,2.328,1.962,0
00:bin_000052,0,0,0,0,0,0,0,0,0,0,0,0,0,0,0,0,0,0,0,0,0,0,0,0,0,0,0,0,0,0,0,0,0,0,0,0,0,0,0,0,0,0,0,0,0,0,0,0,0,0,0,0,0,0,0,0,0,0,0,0,0,0,0,0,0,0,0,0,0,0,0,0,0,0,0,0,0,0,0,0,0,0,0,0
00:bin_000054,0,0,0,0,0,0,0,0,0,0,0,0,0,0,0,0,0,0,0,0,0,0,0,0,0,0,0,0,0,0,0,0,0,0,0,0,0,0,0,0,0,0,0,0,0,0,0,0,0,0,0,0,0,0,0,0,0,0,0,0,0,0,0,0,0,0,0,0,0,0,0,0,0,0,0,0,0,0,0,0,0,0,0,0
00:bin_000057,6.977,10.852,4.884,5.955,6.309,5.832,0,6.976,8.051,4.449,5.39,3.785,8.361,7.139,2.13,3.563,3.205,13.487,8.471,2.343,7.252,5.342,3.195,4.192,0,0,12,2.188,7.595,12.911,4.089,2.463,3.368,1.872,9.829,1.798,5.164,8.371,2.861,0,6.182,1.443,2.991,5.005,8.51,3.058,0,10.077,2.116,2.926,1.086,8.026,8.413,5.652,4.826,4.425,5.366,1.8,8.915,4.636,0,4.776,7.547,8.123,2.011,1.734,5.83,5.16,4.767,7.528,3.793,0,8.347,4.245,4.963,4.853,6.375,5.368,7.374,0,0,9.147,4.785,5.966
00:bin_000065,0,0,0,0,0,0,0,0,0,0,0,0,0,0,0,0,0,0,0,0,0,0,0,0,0,0,0,0,0,0,0,0,0,0,0,0,0,0,0,0,0,0,0,0,0,0,0,0,0,0,0,0,0,0,0,0,0,0,0,0,0,0,0,0,0,0,0,0,0,0,0,0,0,0,0,0,0,0,0,0,0,0,0,0
00:bin_000067,2.309,10.765,4.687,3.106,4.977,3.517,0,4.015,6.431,2.542,5.12,1.962,3.03,3.039,0,3.864,3.799,7.83,3.976,1.948,6.401,2.768,0,4.117,0,0,3.311,1.846,4.227,7.139,2.671,2.43,0,1.833,7.614,0,4.075,1.94,0,0,3.583,1.566,2.143,3.431,9.656,3.667,0,6.378,0,1.45,2.011,1.813,3.829,6.357,4.731,4.131,4.123,1.031,5.769,2.109,0,3.505,6.902,3.201,0,1.308,0,3.921,2.766,4.123,1.909,0,4.077,1.776,4.18,3.4,8.996,4.77,3.933,0,0,9.762,4.193,3.991
00:bin_000077,0,0,0,0,1.419,0,0,0,0,0,0,0,0,0,0,0,0,0,0,0,0,0,0,0,0,0,1.835,0,0,0,0,0,0,0,0,0,0,0,0,0,0,0,0,0,0,0,0,0,0,0,0,0,0,0,0,0,0,0,0,0,0,0,0,0,0,0,0,0,0,0,0,0,0,0,0,0,0,0,0,0,0,0,0,0
00:bin_000098,0,0,0,0,0,0,0,0,0,0,0,0,0,0,0,0,0,0,0,0,0,0,0,0,0,0,0,0,0,0,0,0,0,0,0,0,0,0,0,0,0,0,0,0,0,0,0,0,0,0,0,0,0,0,0,0,0,0,0,0,0,0,0,0,0,0,0,0,0,0,0,0,0,0,0,0,0,0,0,0,0,0,0,0
00:bin_000105,0,0,0,0,0,0,0,0,0,0,0,0,0,0,0,0,0,0,0,0,0,0,0,0,0,0,0,0,0,0,0,0,0,0,0,0,0,0,0,0,0,0,0,0,0,0,0,0,0,0,0,0,0,0,0,0,0,0,0,0,0,0,0,0,0,0,0,0,0,0,0,0,0,0,0,0,0,0,0,0,0,0,0,0
00:bin_000114,0,0,0,0,0,0,0,0,0,0,0,0,0,0,0,0,0,0,0,0,0,0,0,0,0,0,0,0,0,0,0,0,0,0,0,0,0,0,0,0,0,0,0,0,0,0,0,0,0,0,0,0,0,0,0,0,0,0,0,0,0,0,0,0,0,0,0,0,0,0,0,0,0,0,0,0,0,0,0,0,0,0,0,0
00:bin_000122,8.733,12.489,9.205,5.764,9.214,7.111,1.684,8.314,6.538,7.519,6.035,5.608,3.33,7.962,2.51,5.038,2.925,13.973,5.775,3.529,7.617,4.213,5.782,4.106,0,0,11.674,3.782,9.803,6.787,7.123,5.316,3.819,2.94,16.085,1.331,9.723,2.595,4.463,0,5.885,2.442,4.464,3.706,7.612,2.418,0,8.676,3.218,2.882,1.572,5.167,6.468,9.738,4.932,4.487,5.194,1.995,10.034,3.965,0,8.803,9.237,8.426,5.289,1.633,6.578,9.309,6.711,7.648,4.433,4.361,8.79,5.26,4.548,4.763,12.104,5.018,9.386,0,0,11.505,8.956,4.711
00:bin_000123,0,0,0,0,0,0,0,0,0,0,0,0,0,0,0,0,0,0,0,0,0,0,0,0,0,0,0,0,0,0,0,0,0,0,0,0,0,0,0,0,0,0,0,0,0,0,0,0,0,0,0,0,0,0,0,0,0,0,0,0,0,0,0,0,0,0,0,0,0,0,0,0,0,0,0,0,0,0,0,0,0,0,0,0
00:bin_000129,0,0,0,0,0,0,0,0,0,0,0,0,0,0,0,0,0,0,0,0,0,0,0,0,0,0,1.771,0,0,0,0,0,0,0,0,0,0,0,0,0,0,0,0,0,0,0,0,0,0,0,0,0,0,0,0,0,0,0,0,0,0,0,0,0,0,0,0,0,0,0,0,0,0,0,0,0,0,0,0,0,0,0,0,0
00:bin_000144,0,1.634,0,0,0,0,0,0,0,0,0,0,0,0,0,0,0,0,0,0,0,0,0,0,0,0,1.432,0,0,0,0,0,0,0,0,0,0,0,0,0,0,0,0,0,1.389,0,0,0,0,0,0,0,0,0,0,0,0,0,0,0,0,0,0,0,0,0,0,0,0,0,0,0,0,0,0,0,0,0,0,0,0,0,0,0
00:bin_000146,0,0,0,0,0,0,0,0,0,0,0,0,0,0,0,0,0,0,0,0,0,0,0,0,0,0,0,0,0,0,0,0,0,0,0,0,0,0,0,0,0,0,0,0,0,0,0,0,0,0,0,0,0,0,0,0,0,0,0,0,0,0,0,0,0,0,0,0,0,0,0,0,0,0,0,0,0,0,0,0,0,0,0,0
00:bin_000151,0,0,0,0,0,0,0,0,0,0,0,0,0,0,0,0,0,0,0,0,0,0,0,0,0,0,0,0,0,0,0,0,0,0,0,0,0,0,0,0,0,0,0,0,0,0,0,0,0,0,0,0,0,0,0,0,0,0,0,0,0,0,0,0,0,0,0,0,0,0,0,0,0,0,0,0,0,0,0,0,0,0,0,0
00:bin_000159,2.011,0,0,0,1.258,0,0,1.818,0,0,1.934,0,2.517,0,0,0,0,1.841,0,0,3.151,0,0,0,0,0,1.956,0,0,0,2.151,0,0,0,6.245,0,0,0,0,0,2.7,0,0,2.46,0,2.859,0,3.467,0,0,0,3.847,0,0,4.21,0,0,0,1.396,0,0,1.761,2.392,5.151,0,0,0,2.656,1.764,1.194,0,0,3.149,0,1.5,1.98,4.278,4.131,5.751,0,0,3.925,0,0
00:bin_000162,1.34,4.111,3.097,2.413,1.947,0,0,1.9,2.113,2.917,1.494,1.89,2.418,2.288,0,0,1.869,4.306,3.244,0,2.718,1.962,0,1.658,0,0,3.494,1.139,0,2.055,0,1.309,2.057,1.52,2.52,0,2.546,1.939,0,0,2.915,0,0,0,1.471,1.984,0,2.605,0,0,0,0,3.761,1.388,3.465,0,2.556,0,4.019,1.264,0,2.712,3.243,1.947,0,0,1.395,3.958,2.089,3.108,0,0,3.379,1.687,0,2.125,4.019,0,1.723,0,0,3.254,3.235,1.728
00:bin_000163,0,0,0,0,0,0,0,0,0,0,0,0,0,0,0,0,0,0,0,0,0,0,0,0,0,0,0,0,0,0,0,0,0,0,0,0,0,0,0,0,0,0,0,0,0,0,0,0,0,0,0,0,0,0,0,0,0,0,0,0,0,0,0,0,0,0,0,0,0,0,0,0,0,0,0,0,0,0,0,0,0,0,0,0
00:bin_000167,0,1.98,0,0,0,0,0,0,0,0,0,0,0,0,0,0,0,1.225,0,0,0,0,0,0,0,0,0,0,0,0,0,0,0,0,0,0,0,0,0,0,0,0,0,0,0,0,0,1.578,0,0,0,0,0,0,0,0,0,0,1.358,0,0,0,1.343,0,0,0,0,0,0,0,0,0,0,0,0,0,0,0,1.251,0,0,0,0,0
00:bin_000171,0,0,0,0,0,0,0,0,0,0,0,0,0,0,0,0,0,0,0,0,0,0,0,0,0,0,0,0,0,0,0,0,0,0,0,0,0,0,0,0,0,0,0,0,0,0,0,0,0,0,0,0,0,0,0,0,0,0,0,0,0,0,0,0,0,0,0,0,0,0,0,0,0,0,0,0,0,0,0,0,0,0,0,0
00:bin_000175,0,0,0,0,0,0,0,0,0,0,0,0,0,0,0,0,0,0,0,0,0,0,0,0,0,0,0,0,0,0,0,0,0,0,0,0,0,0,0,0,0,0,0,0,0,0,0,0,0,0,0,0,0,0,0,0,0,0,0,0,0,0,0,0,0,0,0,0,0,0,0,0,0,0,0,0,0,0,0,0,0,0,0,0
00:bin_000181,0,1.456,0,0,0,3.356,0,0,0,0,1.803,2.05,0,1.5,0,0,0,2.85,0,0.948,0,0,0,0,0,0,1.5,0,0,2.425,0,0,0,0,1.671,0,0,0,0,0,2.174,0,0,2.327,1.453,0,0,2.689,0,0,0,0,0,1.775,1.782,0,0,0,0,0,0,4.879,2.392,0,0,1.133,0,2.087,0,0,0,0,1.69,0,1.502,1.282,3.058,1.69,0,0,0,1.654,0,0
00:bin_000184,0,0,0,0,0,0,0,0,0,0,0,0,0,0,0,0,0,0,0,0,0,0,0,0,0,0,0,0,0,0,0,0,0,0,0,0,0,0,0,0,0,0,0,0,0,0,0,0,0,0,0,0,0,0,0,0,0,0,0,0,0,0,0,0,0,0,0,0,0,0,0,0,0,0,0,0,0,0,0,0,0,0,0,0
00:bin_000194,0,0,0,0,0,0,0,0,0,0,0,0,0,0,0,0,0,0,0,0,0,0,0,0,0,0,0,0,0,0,0,0,0,0,0,0,0,0,0,0,0,0,0,0,0,0,0,0,0,0,0,0,0,0,0,0,0,0,0,0,0,0,0,0,0,0,0,0,0,0,0,0,0,0,0,0,0,0,0,0,0,0,0,0
00:bin_000198,0,0,0,0,0,0,0,0,0,0,0,0,0,0,0,0,0,0,0,0,0,0,0,0,0,0,0,0,0,0,0,0,0,0,0,0,0,0,0,0,0,0,0,0,1.436,0,0,0,0,0,0,0,0,0,0,0,0,0,0,0,0,0,0,0,0,0,0,0,0,0,0,0,0,0,0,0,0,0,0,0,0,0,0,0
00:bin_000200,4.953,14.514,7.725,5.379,11.496,5.351,2.112,2.254,27.714,19.001,3.633,4.326,3.815,9.136,2.101,6.991,5.261,23.978,8.79,2.347,8.591,3.589,2.379,6.222,0,0.678,6.444,2.146,4.273,23.43,5.433,4.585,12.744,3.558,12.963,4.873,11.451,2.319,2.739,0,9.726,2.357,5.173,3.109,11.434,5.007,0,7.68,2.291,3.467,2.394,6.117,4.989,20.988,9.534,3.383,4.044,2.961,4.171,2.287,0,5.291,16.331,5.643,5.602,1.761,2.847,6.821,6.203,7.114,6.241,3.815,7.867,5.964,6.96,10.951,11.497,7.186,10.778,0,0,9.811,6.064,3.902
00:bin_000204,0,0,0,0,0,0,0,0,0,0,0,0,0,0,0,0,0,0,0,0,0,0,0,0,0,0,0,0,0,0,0,0,0,0,0,0,0,0,0,0,0,0,0,0,0,0,0,0,0,0,0,0,0,0,0,0,0,0,0,0,0,0,0,0,0,0,0,0,0,0,0,0,0,0,0,0,0,0,0,0,0,0,0,0
00:bin_000205,0,0,0,0,0,0,0,0,0,0,0,0,0,0,0,0,0,0,0,0,0,0,0,0,0,0,0,0,0,0,0,0,0,0,0,0,0,0,0,0,0,0,0,0,0,0,0,0,0,0,0,0,0,0,0,0,0,0,0,0,0,0,0,0,0,0,0,0,0,0,0,0,0,0,0,0,0,0,0,0,0,0,0,0
00:bin_000212,20.743,47.333,31.149,19.526,35.134,19.215,1.608,26.894,31.859,24.64,21.367,12.867,20.708,37.393,6.457,15.524,15.725,55.454,18.315,13.047,29.041,18.312,12.323,10.078,0,2.336,34.888,15.988,38.476,36.651,20.108,17.171,10.019,8.071,40.243,7.437,30.948,21.795,10.562,0,20.793,6.896,14.632,10.27,24.735,10.554,0,28.144,8.916,14.74,10.396,32.899,20.58,52.961,29.661,22.677,20,6.124,35.79,18.071,0,36.554,46.369,24.856,10.302,9.648,12.277,31.903,13.159,19.242,11.8,7.717,33.155,12.001,20.792,14.582,39.242,19.396,27.244,0,0,52.92,38.177,23.249
00:bin_000217,4.356,0,0,0,4.613,1.345,0,7.874,0,6.703,5.941,0,8.321,0,0,5.235,0,1.38,3.903,0,0,0,0,3.374,0,0,5.66,0,3.507,0,0,4.26,3.099,0,0,2.382,0,0,0,0,0,0,0,0,0,0,0,0,0,1.801,0,0,0,0,0,0,6.426,0,5.036,4.938,0,0,3.401,8.172,2.43,0,0,1.832,0,11.464,0,2.516,2.718,0,0,0,0,0,2.184,0,0,0,0,0
00:bin_000221,0,0,0,0,0,0,0,0,0,0,0,0,0,0,0,0,0,0,0,0,0,0,0,0,0,0,0,0,0,0,0,0,0,0,0,0,0,0,0,0,0,0,0,0,0,0,0,0,0,0,0,0,0,0,0,0,0,0,0,0,0,0,0,0,0,0,0,0,0,0,0,0,0,0,0,0,0,0,0,0,0,0,0,0
00:bin_000228,0,0,0,0,0,0,0,0,0,0,0,0,0,0,0,0,0,0,0,0,0,0,0,0,0,0,0,0,0,0,0,0,0,0,0,0,0,0,0,0,0,0,0,0,0,0,0,0,0,0,0,0,0,0,0,0,0,0,0,0,0,0,0,0,0,0,0,0,0,0,0,0,0,0,0,0,0,0,0,0,0,0,0,0
00:bin_000232,0,3.622,0,1.625,1.242,0,0,6.155,0,0,0,0,0,0,0,0,1.213,2.822,0,0,1.924,1.974,0,2.39,0,0,5.571,0,2.689,2.123,0,0,1.372,0,3.105,0,2.135,2.181,1.443,0,0,0,0,0,0,5.803,0,2.032,0,0,1.104,2.093,0,2.389,5.689,1.966,0,0,3.985,0,0,3.199,3.921,1.45,1.591,0,0,3.241,0,1.13,0,0,3.243,0,1.86,0,2.873,0,1.548,0,0,4.805,0,0
00:bin_000238,0,1.505,0,0,1.495,0,0,0,0,0,0,0,0,1.303,0,0,0,2.381,0,0,0,0,0,0,0,0,1.72,0,0,0,0,0,0,0,1.338,0,1.985,0,0,0,0,0,0,0,0,0,0,0,0,0,0,0,0,1.599,0,0,0,0,1.753,0,0,2.246,1.222,0,0,0,0,0,0,1.351,0,0,1.385,0,0,0,1.686,0,0,0,0,3.154,0,0
00:bin_000241,3.069,2.521,0,2.853,2.853,2.603,0,4.822,0,2.499,1.631,0,1.568,2.339,0,2.089,0,2.159,2.314,0,0,0,0,1.306,0,0,8.111,1.373,4.975,1.672,0,1.186,0,0,3.522,0,0,2.003,0,0,0,0,0,0,1.206,0,0,0,0,1.615,0,3.077,0,0,0,0,2.128,0,5.278,2.296,0,0,2.786,3.572,1.655,0,1.264,6.117,0,3.479,0,0,2.49,0,1.37,1.437,0,0,3.512,0,0,0,2.036,0
00:bin_000243,0,0,0,0,0,0,0,0,0,0,0,0,0,0,0,0,0,1.617,0,0,0,0,0,0,0,0,0,0,0,0,0,0,0,0,0,0,0,0,0,0,0,0,0,0,0,0,0,0,0,0,0,0,0,0,0,0,0,0,0,0,0,0,0,0,0,0,0,0,0,0,0,0,0,0,0,0,0,0,0,0,0,0,0,0
00:bin_000285,0,0,0,0,0,0,0,0,0,0,0,0,0,0,0,0,0,0,0,0,0,0,0,0,0,0,0,0,0,0,0,0,0,0,0,0,0,0,0,0,0,0,0,0,0,0,0,0,0,0,0,0,0,0,0,0,0,0,0,0,0,0,0,0,0,0,0,0,0,0,0,0,0,0,0,0,0,0,0,0,0,0,0,0
00:bin_000287,1.316,1.82,0,0,0,0,0,0,0,1.704,0,0,0,0,0,0,0,2.428,0,0,0,0,0,0,0,0,0,0,0,0,0,0,0,0,2.156,0,0,0,0,0,0,0,0,0,1.429,0,0,1.945,0,0,0,0,0,0,0,0,0,0,2.091,0,0,0,2.607,0,0,0,0,0,0,1.508,0,0,0,0,0,0,2.551,0,1.55,0,0,3.077,0,0
00-TM1:bin_000014,0,0,0,0,0,0,0,0,0,0,0,0,0,0,0,0,0,0,0,0,0,0,0,0,0,0,0,0,0,0,0,0,0,0,0,0,0,0,0,0,0,0,0,0,0,0,0,0,0,0,0,0,0,0,0,0,0,0,0,0,0,0,0,0,0,0,0,0,0,0,0,0,0,0,0,0,0,0,0,0,0,0,0,0
00-TM1:bin_000022,9.207,45.951,13.151,8.887,25.722,12.816,5.083,11.508,26.219,49.231,10.356,12.034,8.816,18.76,1.765,18.769,12.302,27.297,13.921,1.89,18.521,7.314,5.171,9.412,0,1.119,10.154,4.578,8.746,63.548,8.253,10.965,21.516,4.703,24.815,6.536,10.458,3.794,3.048,0,24.432,4.317,6.463,8.762,14.519,6.353,0,19.393,3.379,6.562,2.938,10.156,12.902,15.009,14.973,4.98,5.512,4.849,10.719,5.245,0,8.912,32.171,11.73,6.635,2.49,5.217,8.913,7.113,16.623,7.548,2.628,11.197,11.319,7.796,15.364,18.441,10.118,28.572,0,0,21.923,8.411,10.119
00-TM1:bin_000047,0,0,0,0,0,0,0,0,0,0,0,0,0,0,0,0,0,0,0,0,0,0,0,0,0,0,0,0,0,0,0,0,0,0,0,0,0,0,0,0,0,0,0,0,0,0,0,0,0,0,0,0,0,0,0,0,0,0,0,0,0,0,0,0,0,0,0,0,0,0,0,0,0,0,0,0,0,0,0,0,0,0,0,0
00-TM1:bin_000048,0,0,0,0,0,0,0,0,0,0,0,0,0,0,0,0,0,0,0,0,0,0,0,0,0,0,0,0,0,0,0,0,0,0,0,0,0,0,0,0,0,0,0,0,0,0,0,0,0,0,0,0,0,0,0,0,0,0,0,0,0,0,0,1.441,0,0,0,0,0,0,0,0,0,0,0,0,0,0,0,0,0,0,0,0
00-TM1:bin_000056,0,0,0,0,0,0,0,0,0,0,0,0,0,0,0,0,0,0,0,0,0,0,0,0,0,0,0,0,0,0,0,0,0,0,0,0,0,0,0,0,0,0,0,0,0,0,0,0,0,0,0,0,0,0,0,0,0,0,0,0,0,0,0,0,0,0,0,0,0,0,0,0,0,0,0,0,0,0,0,0,0,0,0,0
00-TM1:bin_000074,0,0,0,0,0,0,0,0,0,0,0,0,0,0,0,0,0,0,0,0,0,0,0,0,0,0,0,0,0,0,0,0,0,0,0,0,0,0,0,0,0,0,0,0,0,0,0,0,0,0,0,0,0,0,0,0,0,0,0,0,0,0,0,0,0,0,0,0,0,0,0,0,0,0,0,0,0,0,0,0,0,0,0,0
00-TM1:bin_000078,3.675,3.181,0,1.409,3.321,1.261,0,1.978,0,2.799,3.187,0,1.402,2.364,0,0,0,3.072,1.654,0,2.295,1.835,0,1.564,0,0,5.103,0,2.728,1.597,1.532,1.545,0,0,2.452,1.709,0,1.375,1.34,0,0,0,0,0,1.163,0,0,0,0,0,0,1.491,4.169,2.314,2.884,0,1.469,0,2.023,0,0,10.844,3.106,1.6,0,0,1.312,0,0,0,1.575,1.695,1.447,0,0,1.329,0,2.239,6.384,0,0,7.702,0,0
00-TM1:bin_000084,2.153,0,0,1.531,7.445,5.75,0,6.225,0,6.221,6.204,2.552,6.319,0,0,3.364,0,3.399,8.816,0,0,1.855,0,6.15,0,0,7.973,0,6.182,0,0,2.242,2.319,0,1.682,1.816,0,0,0,0,0,1.736,0,0,0,0,0,0,0,1.41,0,0,0,0,0,0,12.478,0,12.09,4.462,0,0,5.886,8.967,1.727,0,1.281,1.85,0,8.433,0,1.559,3.179,0,1.707,0,0,2.736,3.827,0,0,0,0,0
00-TM1:bin_000088,0,0,0,0,0,0,0,0,0,0,0,0,0,0,0,0,0,0,0,0,0,0,0,0,0,0,0,0,0,0,0,0,1.51,0,0,1.399,0,0,0,0,0,0,0,0,0,0,0,0,0,0,0,0,0,0,0,0,0,0,0,0,0,0,0,0,0,0,0,0,0,0,0,0,0,0,0,0,0,0,0,0,0,0,0,0
00-TM1:bin_000099,0,0,0,0,0,0,0,0,0,0,0,0,0,0,0,0,0,0,0,0,0,0,0,0,0,0,0,0,0,0,0,0,0,0,0,0,0,0,0,0,0,0,0,0,0,0,0,0,0,0,0,0,0,0,0,0,0,0,0,0,0,0,0,0,0,0,0,0,0,0,0,0,0,0,0,0,0,0,0,0,0,0,0,0
00-TM1:bin_000117,0,4.514,2.912,2.194,3.352,3.004,0,5.312,2.641,2.826,2.773,1.937,3.137,3.246,0,1.471,0,5.2,3.208,0,1.844,2.091,0,2.509,0,0,4.62,0,3.032,3.794,2.689,0,1.854,0,6.219,0,3.26,1.746,0,0,4.003,0,2.477,0,3.068,0,0,3.9,2.091,2.094,0,1.812,2.955,2.215,2.663,2.922,4.848,0,3.228,0,0,5.196,2.87,3.456,1.945,0,1.95,4.63,0,0,1.805,0,2.391,1.787,2.246,3.401,4.926,1.855,2.821,0,0,6.849,3.988,2.015
00-TM1:bin_000135,7.478,7.799,4.239,5.335,9.621,6.362,0,7.477,2.783,7.801,7.078,4.444,7.277,5.131,0,5.726,1.907,11.101,8.343,1.963,5.406,4.247,3.532,5.266,0,0,11.05,2.043,9.092,7.009,3.513,4.107,4.514,0,8.093,1.99,4.605,3.877,1.558,0,4.247,3.745,2.224,3.621,4.105,2.898,0,7.578,2.754,2.861,1.459,4.44,6.028,3.873,6.293,3.927,7.852,0,14.94,5.385,0,4.113,9.615,6.907,3.329,0,3.239,7.397,3.178,7.421,2.897,2.141,7.362,3.595,5.837,5.948,7.777,4.262,9.839,0,0,9.684,4.55,3.892
00-TM2:bin_000005,0,0,0,0,0,0,0,0,0,0,0,0,0,0,0,0,0,0,0,0,0,0,0,0,0,0,0,0,0,0,0,0,0,0,0,0,0,0,0,0,0,0,0,0,0,0,0,0,0,0,0,0,0,0,0,0,0,0,0,0,0,0,0,0,0,0,0,0,0,0,0,0,0,0,0,0,0,0,0,0,0,0,0,0
00-TM2:bin_000007,0,0,0,0,0,0,0,0,0,0,0,0,0,0,0,0,0,0,0,0,0,0,0,0,0,0,0,0,0,0,0,0,0,0,0,0,0,0,0,0,0,0,0,0,0,0,0,0,0,0,0,0,0,0,0,0,0,0,0,0,0,0,0,0,0,0,0,0,0,0,0,0,0,0,0,0,0,0,0,0,0,0,0,0
00-TM2:bin_000016,2.739,4.518,3.187,4.532,6.103,3.416,0,3.419,2.626,2.711,4.31,1.68,2.669,2.293,0,1.269,1.47,5.947,3.114,0,2.824,1.65,0,2.464,0,0,4.259,1.534,4.591,5.377,2.534,1.756,1.838,1.685,4.995,0,3.504,1.222,1.621,0,2.238,0,0,1.621,5.027,0,0,4.121,2.322,1.884,0,3.51,4.121,3.699,2.392,1.882,3.445,0,4.13,2.982,0,2.983,4.036,4.288,1.397,0,1.201,4.916,1.964,2.829,1.486,0,3.231,2.845,0,3.662,6.684,2.715,3.821,0,0,6.494,3.58,3.069
00-TM2:bin_000034,2.375,0,0,0,2.62,0,0,0,0,4.12,2.165,0,1.51,0,0,2.288,0,0,0,0,0,0,0,1.792,0,0,1.963,0,0,0,0,2.671,0,0,0,0,0,0,0,0,0,2.809,0,0,0,0,0,0,0,0,0,0,0,0,0,0,3.985,0,1.74,3.781,0,0,0,1.806,0,0,0,0,0,4.866,0,0,0,0,0,0,0,0,0,0,0,0,0,0
00-TM2:bin_000054,0,0,0,0,0,0,0,0,0,0,0,0,0,0,0,0,0,0,0,0,0,0,0,0,0,0,0,0,0,0,0,0,0,0,0,0,0,0,0,0,0,0,0,0,0,0,0,0,0,0,0,0,0,0,0,0,0,0,0,0,0,0,0,0,0,0,0,0,0,0,0,0,0,0,0,0,0,0,0,0,0,0,0,0
00-TM2:bin_000080,9.141,12.521,4.415,25.701,18.591,7.083,0,9.104,3.498,12.023,14.693,3.461,10.021,11.766,0,9.666,1.631,15.866,7.816,3.217,9.333,4.473,4.224,3.789,0,0.619,18.466,2.686,10.891,6.751,4.814,5.579,6.263,2.113,9.496,5.069,5.563,7.732,2.221,0,17.541,2.381,3.329,4.378,4.31,4.661,0,8.061,3.537,5.241,2.588,9.506,5.18,4.042,6.266,4.315,13.417,0,13.011,8.648,0,5.387,12.292,9.578,5.027,2.092,5.246,9.5,3.332,15.926,5.009,3.833,15.806,4.741,4.509,6.374,10.001,5.617,11.432,0,0,12.341,4.561,4.433
00-TM2:bin_000086,0,0,0,0,0,0,0,0,0,0,0,0,0,0,0,0,0,0,0,0,0,0,0,0,0,0,0,0,0,0,0,0,0,0,0,0,0,0,0,0,0,0,0,0,0,0,0,0,0,0,0,0,0,0,0,0,0,0,0,0,0,0,0,0,0,0,0,0,0,0,0,0,0,0,0,0,0,0,0,0,0,0,0,0
00-TM2:bin_000116,0,0,0,0,0,0,0,0,0,0,0,0,0,0,0,0,0,0,0,0,0,0,0,0,0,0,0,0,0,0,0,0,0,0,0,0,0,0,0,0,0,0,0,0,0,0,0,0,0,0,0,0,0,0,0,0,0,0,0,0,0,0,0,0,0,0,0,0,0,0,0,0,0,0,0,0,0,0,0,0,0,0,0,0
00-TM3:bin_000043,0,0,0,0,0,0,0,0,0,0,0,0,0,0,0,0,0,0,0,0,0,0,0,0,0,0,0,0,0,0,0,0,0,0,0,0,0,0,0,0,0,0,0,0,0,0,0,0,0,0,0,0,0,0,0,0,0,0,0,0,0,0,0,0,0,0,0,0,0,0,0,0,0,0,0,0,0,0,0,0,0,0,0,0
00-TM3:bin_000053,0,0,0,0,0,0,0,0,0,0,0,0,0,0,0,0,0,0,0,0,0,0,0,0,0,0,0,0,0,0,0,0,0,0,0,0,0,0,0,0,0,0,0,0,0,0,0,0,0,0,0,0,0,0,0,0,0,0,0,0,0,0,0,0,0,0,0,0,0,0,0,0,0,0,0,0,0,0,0,0,0,0,0,0
00-TM3:bin_000079,0,0,0,0,0,0,0,0,0,0,0,0,0,0,0,0,0,0,0,0,0,0,0,0,0,0,0,0,0,0,0,0,0,0,0,0,0,0,0,0,0,0,0,0,0,0,0,0,0,0,0,0,24.298,0,0,0,0,0,0,0,0,0,0,0,0,0,0,0,0,0,0,0,0,0,0,0,0,0,0,0,0,0,0,0
00-TM4:bin_000006,120.149,146.907,151.985,104.657,130.567,120.231,30.678,119.478,143.319,115.197,112.127,104.304,124.267,133.605,32.365,68.175,48.521,222.345,129.481,51.88,111.258,74.952,64.659,69.083,3.032,10.162,173.194,46.995,116.783,180.567,79.081,73.1,86.677,42.271,220.307,40.479,116.879,61.78,49.613,1.554,98.795,71.898,48.346,86.188,189.692,43.348,0,180.338,86.4,56.638,47.106,78.332,148.505,130.589,119.019,75.636,104.996,34.871,137.751,98.334,2.875,136.538,154.521,111.772,58.216,39.598,64.633,210.351,82.809,104.126,70.025,83.91,130.344,74.485,95.382,128.163,320.062,94.612,112.789,3.614,0,223.144,109.81,117.465
00-TM4:bin_000010,20.289,43.57,32.319,23.989,33.064,18.986,5.744,17.032,35.35,25.125,20.634,21.856,31.416,20.314,3.81,26.216,8.152,42.378,19.442,5.441,28.065,11.942,8.953,11.785,0,2.058,27.447,8.912,18.178,38.884,13.045,14.03,17.827,8.2,38.142,7.97,22.955,6.919,7.731,0,21.627,13.233,10.385,18.646,26.412,10.221,0,36.877,13.056,8.386,8.851,14.728,28.904,30.34,23.493,10.989,21.876,6.046,25.468,12.668,0,59.587,28.42,18.395,19.977,4.34,13.16,35.643,13.189,17.765,14.9,9.572,23.679,13.37,27.739,22.62,52.284,15.879,29.283,1.376,0,29.865,20.779,23.049
00-TM4:bin_000018,17.032,27.727,13.639,12.01,20.385,12.981,3.19,18.654,10.298,16.261,15.547,11.347,14.347,15.963,2.306,10.308,6.037,28.954,19.018,4.613,12.024,9.122,7.142,8.438,0,1.454,20.657,4.791,20.505,19.592,6.744,10.351,6.937,4.233,28.857,3.594,13.251,6.652,4.865,0,9.718,6.908,8.228,9.917,11.522,6.871,0,16.828,6.725,7.353,4.22,10.005,16.329,17.671,15.513,8.539,17.51,3.131,18.427,11.372,0,13.889,22.673,14.056,7.028,4.08,8.928,16.043,5.227,14.724,8.704,6.734,18.211,10.654,11.095,12.704,27.98,9.501,16.616,0,0,23.61,15.986,10.772
00-TM4:bin_000030,29.383,51.171,40.609,30.269,35.873,41.666,3.885,28.322,24.688,35.939,35.337,27.538,34.038,34.338,4.431,22.105,9.838,55.876,37.465,10.431,32.241,19.448,22.582,18.413,0,2.568,52.4,11.306,39.005,41.104,25.256,20.281,21.266,10.321,67.741,13.696,29.888,18.496,10.901,0,29.065,17.494,16.261,23.711,38.19,16.856,0,32.13,18.309,19.07,12.148,26.054,28.044,33.425,33.108,17.947,28.744,7.063,41.146,29.717,0,26.206,44.656,28.688,19.584,12.568,17.408,56.564,20.1,33.328,17.593,11.128,46.977,27.394,28.665,28.462,75.546,21.418,43.49,1.703,0,62.235,31.735,21.933
00-TM4:bin_000036,3.793,4.293,6.316,2.625,4.561,7.411,0,4.085,10.811,2.681,2.183,0,2.146,4.426,0,7.197,4.504,8.098,6.329,2.257,6.726,8.195,0,1.829,0,0,3.815,2.011,9.402,5.387,4.892,7.38,0,1.997,11.506,0,4.217,4.452,1.788,0,2.764,0,0,2.029,2.106,0,0,5.477,2.549,2.584,0,2.466,0,6.716,2.56,6.309,2.739,0,4.187,2.047,0,8.752,7.382,3.837,0,2.735,2.046,3.066,1.96,0,0,0,2.612,3.296,0,7.347,10.02,4.496,7.064,0,0,10.455,5.069,2.918
07:bin_000036,8.674,0,0,0,8.426,0,0,0,0,15.152,8.467,0,4.47,0,0,6.452,0,0,2.611,0,0,0,0,6.18,0,0,6.083,0,0,0,0,9.679,1.638,0,0,0,0,0,0,0,0,14.204,0,0,0,0,0,0,0,0,0,0,0,0,0,0,10.183,0,5.652,14.28,0,0,0,6.006,2.276,0,2.445,0,0,18.741,0,2.805,0,0,0,0,0,0,0,1.737,0,0,0,0
07:bin_000056,2.294,0,0,0,1.48,0,0,0,0,2.989,1.408,0,0,0,0,1.18,0,0,0,0,0,0,0,0,0,0,1.833,0,0,0,0,1.491,0,0,0,0,0,0,0,0,0,1.504,0,0,0,0,0,0,0,0,0,0,0,0,0,0,1.902,0,0,2.231,0,0,0,0,0,0,0,0,0,2.622,0,0,0,0,0,0,0,0,0,0,0,0,0,0
07:bin_000064,6.249,23.277,14.272,40.285,14.232,3.652,2.071,5.475,23.714,6.773,6.23,4.078,17.035,5.468,0,26.362,8.793,17.669,34.966,3.777,24.057,19.268,0,2.894,0,1.861,24.321,1.837,14.683,10.246,18.544,57.066,2.538,2.246,68.305,1.996,8.642,6.111,12.318,0,10.165,16.01,2.675,3.269,9.943,2.231,0,62.247,5.192,19.434,5.576,6.149,9.273,4.572,7.817,6.656,4.075,5.079,19.904,1.703,0,30.768,25.83,4.218,3.358,14.273,2.28,9.024,2.385,6.824,1.449,24.877,10.136,3.799,3.426,10.648,61.542,5.045,15.902,0,0,49.767,3.521,8.958
07:bin_000080,0,0,0,0,0,0,0,0,0,0,0,0,0,0,0,0,0,0,0,0,0,0,0,0,0,0,0,0,0,0,0,0,0,0,0,0,0,0,0,0,0,0,0,0,0,0,0,0,0,0,0,0,0,0,0,0,0,0,0,0,0,0,0,0,0,0,0,0,0,0,0,0,0,0,0,0,0,0,0,0,0,0,0,0
07:bin_000086,0,3.877,0,0,0,0,0,0,0,0,0,0,0,0,0,0,0,5.563,0,0,0,0,0,0,0,0,0,0,0,0,0,0,0,0,4.46,0,0,0,0,0,0,0,0,0,0,0,0,0,0,0,0,0,0,0,0,0,0,0,0,0,0,0,0,0,0,0,0,0,0,0,0,0,0,0,0,0,5.245,0,0,0,0,4.89,0,0
07:bin_000111,0,0,0,0,0,0,0,0,0,0,0,0,0,0,0,0,0,0,0,0,0,0,0,0,0,0,0,0,0,0,0,0,0,0,0,0,0,0,0,0,0,0,0,0,0,0,0,0,0,0,0,0,0,0,0,0,0,0,0,0,0,0,0,0,0,0,0,0,0,0,0,0,0,0,0,0,0,0,0,0,0,0,0,0
07:bin_000158,1.939,2.759,2.705,2.741,2.299,2.184,0,2.601,4.241,1.62,1.304,0,1.655,2.517,0,1.073,1.76,4.082,1.434,1.346,2.073,1.659,0,1.335,0,0,1.486,0,2.525,3.926,1.751,0,0,0,3.956,0,2.819,1.291,0,0,2.352,0,0,0,6.529,0,0,0,0,0,0,1.916,1.891,4.397,2.079,1.971,3.455,0,2.448,1.579,0,4.289,2.699,1.881,0,1.229,1.928,2.678,0,1.233,1.49,0,1.55,0,1.288,0,3.425,1.937,2.404,0,0,4.916,2.169,1.468
07:bin_000176,0,0,0,0,0,0,0,0,0,0,1.844,0,0,0,0,0,0,0,0,0,0,0,0,0,0,0,2.4,0,0,0,0,0,0,0,0,0,0,0,0,0,0,0,0,0,0,0,0,0,0,0,0,0,0,0,0,0,0,0,0,0,0,0,0,0,0,0,0,0,0,0,0,0,0,0,0,0,0,0,0,0,0,0,0,0
07-TM1:bin_000001,0,0,0,0,0,0,0,0,0,0,0,0,0,0,0,0,0,0,0,0,0,0,0,0,0,0,0,0,0,0,0,0,0,0,0,0,0,0,0,0,0,0,0,0,0,0,0,0,0,0,0,0,0,0,0,0,0,0,0,0,0,0,0,0,0,0,0,0,0,0,0,0,0,0,0,0,0,0,0,0,0,0,0,0
07-TM2:bin_000008,0,0,0,0,0,0,0,0,0,0,0,0,0,0,0,0,0,0,0,0,0,0,0,0,0,0,0,0,0,0,0,0,0,0,0,0,0,0,0,0,0,0,0,0,0,0,0,0,0,0,0,0,0,0,0,0,0,0,0,0,0,0,0,0,0,0,0,0,0,0,0,0,0,0,0,0,0,0,0,0,0,0,0,0
07-TM2:bin_000021,0,0,0,0,0,0,0,0,0,0,0,0,0,0,0,0,0,0,0,0,0,0,0,0,0,0,0,0,0,0,0,0,0,0,0,0,0,0,0,0,0,0,0,0,0,0,0,0,0,0,0,0,0,0,0,0,0,0,0,0,0,0,0,0,0,0,0,0,0,0,0,0,0,0,0,0,0,0,0,0,0,0,0,0
07-TM4:bin_000002,0,0,0,0,0,0,0,0,0,0,0,0,0,0,0,0,0,0,0,0,0,0,0,0,0,0,0,0,0,0,0,0,0,0,0,0,0,0,0,0,0,0,0,0,0,0,0,0,0,0,0,0,0,0,0,0,0,0,0,0,0,0,0,0,0,0,0,0,0,0,0,0,0,0,0,0,0,0,0,0,0,0,0,0
07-TM4:bin_000027,0,0,0,0,0,0,0,0,0,1.973,0,0,0,0,0,0,0,0,0,0,0,0,0,0,0,0,0,0,0,0,0,0,0,0,0,0,0,0,0,0,0,1.554,0,0,0,0,0,0,0,0,0,0,0,0,0,0,1.556,0,0,2.087,0,0,0,0,0,0,0,0,0,2.17,0,0,0,0,0,0,0,0,0,0,0,0,0,0
07-TM4:bin_000032,0,0,0,0,0,0,0,0,0,0,0,0,0,0,0,0,0,0,0,0,0,0,0,0,0,0,0,0,0,0,0,0,0,0,0,0,0,0,0,0,0,0,0,0,0,0,0,0,0,0,0,0,0,0,0,0,0,0,0,0,0,0,0,0,0,0,2.256,0,0,0,0,0,0,0,0,0,0,0,0,0,0,0,0,0
07-TM4:bin_000058,0,0,0,0,0,0,0,0,0,0,0,0,0,0,0,0,0,0,0,0,0,0,0,0,0,0,0,0,0,0,0,0,0,0,0,0,0,0,0,0,0,0,0,0,0,0,0,0,0,0,0,0,0,0,0,0,0,0,0,0,0,0,0,0,0,0,0,0,0,0,0,0,0,0,0,0,0,0,0,0,0,0,0,0
07-TM4:bin_000059,0,0,0,0,0,0,0,0,0,0,0,0,0,0,0,0,0,0,0,0,0,0,0,0,0,0,0,0,0,0,0,0,0,0,0,0,0,0,0,0,0,0,0,0,0,0,0,0,0,0,0,0,0,0,0,0,0,0,0,0,0,0,0,0,0,0,0,0,0,0,0,0,0,0,0,0,0,0,0,0,0,0,0,0
07-TM4:bin_000064,0,0,0,0,0,0,0,0,0,0,1.207,0,1.315,0,0,0,0,1.28,0,0,0,0,0,0,0,0,1.272,0,0,0,0,0,0,0,0,0,0,0,0,0,0,0,0,0,0,0,0,0,0,0,0,0,0,1.264,1.42,0,0,0,0,0,0,0,0,0,0,0,0,0,0,0,0,0,1.23,0,0,0,0,0,0,0,0,1.814,0,0
14:bin_000004,1.72,4.194,3.024,3.592,8.699,2.486,0,3.571,3.014,3.064,4.573,1.617,3.708,4.713,0,1.764,2.604,7.5,3.209,1.052,3.733,2.57,1.501,1.721,0,0,4.239,1.679,2.383,5.257,3.629,1.885,1.8,0,5.253,0,3.8,1.803,0,0,2.744,1.982,0,3.247,4.928,1.56,0,4.591,1.885,1.287,1.222,3.576,3.948,3.906,3.957,2.136,2.534,0,4.508,3.052,0,2.182,4.374,3.326,1.231,0,2.239,4.395,0,1.623,2.27,0,2.761,3.386,2.422,2.706,5.566,1.61,3.648,0,0,5.338,2.12,2.466
14:bin_000010,2.5,3.982,2.1,1.566,2.139,1.817,0,3.128,2.659,3.555,3.985,3.214,2.498,2.022,0,1.295,1.377,5.68,2.958,0,3.439,0,1.901,1.656,0,0,4.914,1.124,2.117,7.47,1.604,0,0,0,4.984,1.319,0,1.72,0,0,1.998,1.321,0,0,3.317,0,0,2.075,0,0,0.883,1.664,3.016,1.773,2.364,0,2.24,0,2.118,1.943,0,4.324,3.937,2.155,0,0,1.345,5.449,0,1.522,2.158,1.577,3.432,1.835,2.207,2.298,7.546,2.006,2.564,0,0,5.377,3.387,2.39
14:bin_000014,6.925,2.564,0,1.945,12.736,11.615,0,4.212,0,5.975,5.722,2.557,6.506,0,0,4.806,0,6.657,7.591,0,0,1.506,0,2.314,0,0,6.114,0,6.214,2.134,0,3.598,1.855,0,2.623,0,0,0,0,0,0,3.103,0,0,0,0,0,0,0,1.888,0,0,0,0,1.567,0,5.046,0,6.163,5.366,0,0,5.093,4.549,2.812,0,2.605,1.825,0,7.09,0,1.736,2.101,0,3.333,2.548,1.79,0,3.445,0,0,0,0,0
14:bin_000062,4.916,4.439,9.474,6.373,6.613,6.51,0,5.25,5.274,5.843,5.908,5.3,5.433,3.859,2.057,3.427,2.554,6.936,3.118,3.337,5.615,1.69,2.403,3.86,0,0.951,6.639,2.818,4.262,9.086,4.699,3.74,2.927,1.994,8.504,1.737,6.094,2.322,1.851,0,2.606,3.546,1.794,2.65,9.255,2.407,0,4.623,4.536,2.583,2.722,3.554,7.083,6.058,3.183,2.679,8.198,1.375,7.423,5.023,0,5.62,7.009,5.767,4.325,1.862,3.593,10.543,3.458,4.857,2.775,1.495,4.669,4.485,3.594,8.491,12.596,5.584,4.177,0,0,10.536,4.02,3.68
14:bin_000091,0,0,0,0,0,0,0,0,0,0,0,0,0,0,0,0,0,0,0,0,0,0,0,0,0,0,0,0,0,0,0,0,0,0,0,0,0,0,0,0,0,0,0,0,0,0,0,0,0,0,0,0,0,0,0,0,0,0,0,0,0,0,0,0,0,0,0,0,0,0,0,0,0,0,0,0,0,0,0,0,0,0,0,0
14:bin_000192,5.015,4.701,3.086,4.411,7.897,4.696,0,5.685,0,5.559,5.473,3.153,6.035,3.608,0,4.715,1.274,7.822,5.969,1.426,3.061,2.633,2.65,4.183,0,0,8.64,1.7,6.326,4.762,2.414,3.28,3.296,0,5.126,1.519,2.737,2.839,0,0,2.922,3.016,1.316,2.361,2.356,1.714,0,4.994,1.677,2.397,1.085,2.863,3.828,2.33,4.126,2.696,6.297,0,9.995,4.116,0,2.255,7.604,5.895,2.567,0,2.208,4.969,2.822,5.962,2.07,1.5,5.158,2.554,4.013,4.24,3.842,2.983,7.246,0,0,5.77,2.598,2.365
14-TM1:bin_000012,3.772,7.582,3.087,3.185,4.891,3.293,0,4.026,1.964,5.771,4.319,3.122,4.818,5.038,0,3.512,0,8.208,4.926,1.586,3.704,1.924,3.689,3.447,0,0,5.615,1.438,4.393,5.693,2.955,3.336,2.295,0,6.87,1.891,2.388,1.748,1.721,0,3.433,2.832,1.907,0,2.211,2.438,0,7.024,3.057,1.901,1.495,2.817,3.369,2.669,3.186,2.664,4.617,0,8.206,4.057,0,5.152,5.616,4.24,2.77,0,2.699,7.663,2.726,4.604,3.178,2.883,7.556,2.743,5.34,5.583,8.417,2.407,6.192,0,0,6.782,2.68,2.756
14-TM1:bin_000017,0,0,0,0,0,0,0,0,0,0,0,0,0,0,0,0,0,0,0,0,0,0,0,0,0,0,0,0,0,0,0,0,0,0,0,0,0,0,0,0,0,0,0,0,0,0,0,0,0,0,0,0,0,0,0,0,0,0,0,0,0,0,0,0,0,0,0,0,0,0,0,0,0,0,0,0,0,0,0,0,0,0,0,0
14-TM2:bin_000049,6.629,10.893,5.163,4.446,9.458,6.967,0,4.739,6.72,4.785,3.807,4.208,8.997,4.975,1.941,5.252,3.721,16.596,3.473,5.261,8.516,3.711,5.211,8.486,0,0,9.037,1.266,6.011,6.326,8.354,5.609,2.572,3.868,11.342,3.488,5.653,7.601,3.038,0,7.304,2.523,3.12,4.827,10.168,4.226,0,8.156,3.645,2.171,0,6.167,7.524,5.328,9.995,5.814,4.22,4.125,5.062,4.202,0,6.16,9.811,8.822,2.029,2.054,1.792,8.83,2.626,3.436,4.22,3.569,4.836,2.69,3.183,6.022,14.552,2.149,5.485,0,0,5.547,4.602,3.739
14-TM4:bin_000004,98.798,154.32,158.373,113.809,120.91,118.341,29.022,111.438,179.205,113.501,109.439,142.425,128.033,106.576,13.949,59.133,62.933,209.825,139.049,66.539,142.932,79.602,65.59,61.832,2.226,10.77,143.276,43.923,126.424,212.459,75.882,66.246,110.763,53.574,228.35,43.864,119.476,55.183,58.139,2.6,133.017,53.284,71.023,115.085,240.554,57.693,0,149.272,92.394,78.766,53.373,90.748,130.215,148.599,161.483,67.85,87.171,34.747,130.767,89.094,3.569,157.901,154.568,119.349,52.119,49.375,79.125,242.952,85.019,78.473,70.021,71.373,161.934,87.707,134.805,143.357,335.728,112.866,133.816,3.783,0,226.464,114.227,115.795
14-TM4:bin_000010,0,0,0,0,0,0,0,0,0,0,0,0,0,0,0,0,0,0,0,0,0,0,0,0,0,0,0,0,0,0,0,0,0,0,0,0,0,0,0,0,0,0,0,0,0,0,0,0,0,0,0,0,0,0,0,0,0,0,0,0,0,0,0,0,0,0,0,0,0,0,0,0,0,0,0,0,0,0,0,0,0,0,0,0
14-TM4:bin_000035,3.813,11.267,5.097,3.517,7.033,3.667,0,4.869,3.869,6.65,5.844,3.461,3.855,6.974,0,3.923,2.817,10.162,5.958,1.891,6.593,4.188,3.828,2.662,0,0,6.835,2.924,7.765,4.696,4.964,3.766,2.033,2.294,8.076,0,5.435,2.244,3.458,0,3.88,2.166,2.469,3.062,3.665,3.377,0,6.414,0,2.883,3.097,4.72,4.832,5.7,4.527,3.24,5.104,0,9.464,4.966,0,5.409,5.391,4.148,2.085,1.336,3.382,8.05,1.891,5.211,2.156,0,6.076,4.418,4.404,3.985,7.159,2.316,7.249,0,0,7.132,6.413,2.479
14-TM4:bin_000089,0,0,0,0,0,0,0,0,0,0,0,0,0,0,0,0,0,0,0,0,0,0,0,0,0,0,0,0,0,0,0,0,0,0,0,0,0,0,0,0,0,0,0,0,0,0,0,0,0,0,0,0,0,0,0,0,0,0,0,0,0,0,0,0,0,0,0,0,0,0,0,0,0,0,0,0,0,0,0,0,0,0,0,0
14-TM4:bin_000109,0,0,0,0,0,0,0,0,0,0,0,0,0,0,0,0,0,0,0,0,0,0,0,0,0,0,0,0,0,0,0,0,0,0,0,0,0,0,0,0,0,0,0,0,0,0,0,0,0,0,0,0,0,0,0,0,0,0,0,0,0,0,0,0,0,0,0,1.524,0,0,0,0,0,0,0,0,0,0,0,0,0,0,0,0
21:bin_000024,38.812,42.682,56.083,36.355,49.518,35.725,8.554,40.126,64.845,34.22,36.298,27.486,37.26,39.028,17.089,24.081,19.699,61.061,33.808,21.596,43.259,23.291,23.787,17.547,0,3.986,40.778,16.35,44.894,60.392,34.609,24.436,14.601,14.891,76.469,11.13,43.746,21.692,20.774,1.96,44.069,21.47,20.159,31.604,75.273,17.929,0,47.601,30.578,14.331,15.242,27.684,47.9,57.663,25.471,33.174,36.261,13.617,40.4,30.514,0,52.124,49.031,40.278,19.42,13.813,29.442,70.487,29.803,28.303,21.273,20.462,44.325,32.62,34.248,38.525,89.692,34.307,31.542,2.524,0,72.367,40.769,34.271
21:bin_000052,0,0,0,0,0,0,0,0,0,0,0,0,0,0,0,0,0,0,0,0,0,0,0,0,0,0,0,0,0,0,0,0,0,0,0,0,0,0,0,0,0,0,0,0,0,0,0,0,0,0,0,0,0,0,0,0,0,0,0,0,0,0,0,0,0,0,0,0,0,0,0,0,0,0,0,0,0,0,0,0,0,0,0,0
21:bin_000073,3.628,0,0,0,4.715,1.785,0,3.796,0,4.959,2.403,1.821,1.916,0,0,1.933,0,0,3.6,0,2.199,0,0,2.507,0,0,3.273,0,0,0,0,1.613,0,0,2.379,0,2.506,1.682,0,0,2.65,0,0,0,0,0,0,0,0,0,0,0,0,0,0,0,4.223,0,4.277,1.844,0,0,3.422,4.445,0,0,0,3.347,0,1.395,0,0,1.74,0,1.401,0,0,0,3.676,0,0,0,1.693,0
21:bin_000107,1.318,2.753,2.433,1.716,2.214,1.441,0,1.359,1.655,1.722,2.424,2.128,2.855,1.571,0,1.398,1.142,5.469,4.357,0,2.323,1.514,0,1.273,0,0,3.389,0,1.534,3.631,0,0,0,1.482,3.833,0,0,0,0,0,0,0,1.805,2.328,1.18,0,0,2.737,0,2.782,0,0,9.915,1.856,1.73,1.546,1.513,0,6.604,0,0,0,3.587,2.039,0,0,1.305,5.088,1.334,2.429,0,0,1.995,1.763,2.224,1.91,3.554,1.285,2.618,0,0,2.975,2.503,1.574
21:bin_000125,0,0,0,0,0,0,0,0,0,0,0,0,0,0,0,0,0,0,0,0,0,0,0,0,0,0,0,0,0,0,0,0,0,0,0,0,0,0,0,0,0,0,0,0,0,0,0,0,0,0,0,0,0,0,0,0,0,0,0,0,0,0,0,0,0,0,0,0,0,0,0,0,0,0,0,0,0,0,0,0,0,0,0,0
21:bin_000160,1.771,2.051,2.373,0,3.559,4.415,0,1.787,2.082,0,0,2.08,2.799,2.772,0,0,0,5.881,1.568,0,2.387,1.57,0,0,0,0,4.504,0,2.042,1.409,0,0,1.845,0,2.119,0,1.569,0,0,0,0,0,0,0,1.687,0,0,1.907,0,2.127,0,0,2.375,1.925,2.674,1.73,3.68,0,5.895,0,0,4.149,1.907,1.929,0,1.366,1.581,0,0,0,0,0,0,0,1.798,0,4.985,0,1.694,0,0,3.609,0,0
21:bin_000224,0,2.138,0,1.451,1.508,0,0,0,0,2.893,0,0,0,0,0,0,0,0,0,0,2.453,0,0,0,0,0,0,0,0,0,0,1.542,0,0,0,0,0,0,0,0,0,0,0,0,0,0,0,0,0,0,0,1.606,0,0,0,0,0,0,0,0,0,0,1.666,0,0,0,0,0,0,1.246,0,0,0,0,0,0,0,1.531,0,0,0,0,0,0
21-TM1:bin_000011,0,0,0,0,0,0,0,0,0,2.035,0,0,0,0,0,0,0,0,0,0,0,0,0,0,0,0,0,0,0,0,0,0,0,0,0,0,0,0,0,0,0,1.551,0,0,0,0,0,0,0,0,0,0,0,0,0,0,0,0,0,1.432,0,0,0,0,0,0,0,0,0,1.886,0,0,0,0,0,0,0,0,0,0,0,0,0,0
21-TM1:bin_000014,6.943,85.075,41.471,5.521,9.983,0,0,3.025,11.664,3.821,15.617,7.227,0,0,5.428,5.938,15.063,54.434,6.246,0,2.633,5.046,0,0,9.061,0.856,15.869,0,66.561,18.362,7.047,16.371,2.697,0,18.319,0,2.613,40.987,34.381,0,9.919,8.525,2.09,0,24.727,0,0,0,11.267,20.191,3.507,2.749,4.729,73.643,78.64,3.976,1.407,0,33.486,6.097,0,7.222,13.045,22.553,1.611,0,1.211,15.438,36.488,10.803,6.503,3.593,16.895,3.879,0,19.702,35.245,0,6.999,0,0,15.038,56.652,10.555
21-TM1:bin_000060,0,0,0,0,0,0,0,0,0,0,0,0,0,0,0,0,0,0,0,0,0,0,0,0,0,0,0,0,0,0,0,0,0,0,0,0,0,0,0,0,0,0,0,0,0,0,0,0,0,0,0,0,0,0,0,0,0,0,0,0,0,0,0,0,0,0,0,0,0,0,0,0,0,0,0,0,0,0,0,0,0,0,0,0
21-TM1:bin_000073,3.709,16.092,16.404,3.71,11.536,3.389,1.925,15.521,7.499,3.376,5.541,5.163,17.072,2.78,3.695,5.414,6.071,5.187,4.995,3.667,13.219,4.151,1.826,1.596,0,1.993,6.02,3.07,13.247,7.217,6.777,9.541,4.527,1.721,27.881,1.749,3.026,5.233,2.844,0,24.391,1.592,4,8.675,10.651,11.762,0,8.824,1.999,3.892,0.953,17.574,9.044,4.549,3.772,4.134,2.558,2.247,19.41,1.904,0,6.658,13.886,11.327,4.181,3.588,4.312,6.767,4.868,3.52,1.694,1.642,21.3,4.534,5.825,6.314,19.907,10.825,12.966,0,0,32.334,2.087,3.149
21-TM3:bin_000002,3.815,6.345,5.398,3.189,4.957,4.575,0,3.284,4.33,4.515,4.429,3.041,5.065,3.438,0,2.762,0,6.795,4.94,1.354,4.593,2.678,2.68,2.434,0,0,5.379,0,4.488,5.202,2.352,3.504,2.249,0,8.455,0,4.468,1.819,0,0,4.52,2.074,1.63,3.832,3.305,0,0,3.956,1.985,3.333,1.124,2.656,0,4.141,4.589,2.348,5.445,0,5.519,4.463,0,4.59,6.107,4.625,2.08,1.347,2.786,7.524,3.171,3.661,1.945,2.469,4.926,2.566,3.027,3.08,8.773,3.395,4.68,0,0,7.812,3.828,3.435
21-TM3:bin_000011,0,0,0,0,0,0,0,0,0,0,0,0,0,0,0,0,0,0,0,0,0,0,0,0,0,0,0,0,0,0,0,0,0,0,0,0,0,0,0,0,0,0,0,0,0,0,0,0,0,0,0,0,0,0,0,0,0,0,0,0,0,0,0,0,0,0,0,0,0,0,0,0,0,0,0,0,0,0,0,0,0,0,0,0
21-TM3:bin_000020,0,0,0,0,0,0,0,0,0,0,0,0,0,0,0,0,0,0,0,0,0,0,0,0,0,0,0,0,0,0,0,0,0,0,0,0,0,0,0,0,0,0,0,0,0,0,0,0,0,0,0,0,0,0,0,0,0,0,0,0,0,0,0,0,0,0,0,0,0,0,0,0,0,0,0,0,0,0,0,0,0,0,0,0
21-TM4:bin_000004,0,0,0,0,0,0,0,0,0,0,0,0,0,0,0,0,0,0,0,0,0,0,0,0,0,0,0,0,0,0,0,0,0,0,0,0,0,0,0,0,0,0,0,0,0,0,0,0,0,0,0,0,0,0,0,0,0,0,0,0,0,0,0,0,0,0,0,0,0,0,0,0,0,0,0,0,0,0,0,0,0,0,0,0
21-TM4:bin_000017,0,0,0,0,0,0,0,0,0,0,0,0,0,0,0,0,0,0,0,0,0,0,0,0,0,0,0,0,0,0,0,0,0,0,0,0,0,0,0,0,0,0,0,0,0,0,0,0,0,0,0,0,0,0,0,0,0,0,0,0,0,0,0,0,0,0,0,0,0,0,0,0,0,0,0,0,0,0,0,0,0,0,0,0
21-TM4:bin_000041,25.59,34.012,25.026,15.525,30.426,19.28,3.631,27.753,10.653,24.631,30.904,11.255,19.115,22.964,2.071,20.552,6.153,38.687,35.075,5.571,22.914,12.875,8.104,13.084,0,2.082,32.353,6.569,26.641,31.026,9.765,11.633,9.384,4.526,33.421,4.36,20.048,10.528,6.519,0,13.26,12.65,7.775,9.085,15.759,11.748,0,40.122,10.155,11.371,5.152,17.763,19.766,13.357,14.239,8.298,22.487,4.115,46.678,15.463,0,14.618,28.318,18.886,13.014,4.349,9.128,24.882,11.898,22.873,9.098,5.708,24.106,10.811,18.148,16.243,30.049,9.747,27.005,0,0,39.251,20.483,9.731
21-TM4:bin_000042,0,0,0,0,0,0,0,0,0,0,0,0,0,0,0,0,0,0,0,0,0,0,0,0,0,0,0,0,0,0,0,0,0,0,0,0,0,0,0,0,0,0,0,0,0,0,0,0,0,0,0,0,0,0,0,0,0,0,0,0,0,0,0,0,0,0,0,0,0,0,0,0,0,0,0,0,0,0,0,0,0,0,0,0
21-TM4:bin_000052,0,0,0,0,0,0,0,0,0,0,0,0,0,0,0,0,0,0,0,0,0,0,0,0,0,0,0,0,0,0,0,0,0,0,0,0,0,0,0,0,0,0,0,0,0,0,0,0,0,0,0,0,0,0,0,0,0,0,0,0,0,0,0,0,0,0,0,0,0,0,0,0,0,0,0,0,0,0,0,0,0,0,0,0
21-TM4:bin_000053,0,1.457,0,0,1.58,0,0,0,0,0,1.652,0,0,0,0,1.318,0,1.519,0,0,0,0,0,0,0,0,0,0,0,0,0,0,0,0,0,0,0,0,0,0,0,0,0,0,0,0,0,0,0,0,0,0,0,0,0,0,0,0,1.536,0,0,0,1.496,0,0,0,0,0,0,0,0,0,0,0,0,0,0,0,0,0,0,0,0,0
D300693:bin_000003,47.442,50.611,30.774,35.857,55.917,39.077,5.752,44.282,24.604,45.633,37.823,29.47,35.293,31.505,6.956,27.458,12.881,73.074,45.469,13.03,42.854,33.025,23.602,25.448,0,2.228,53.833,12.021,64.661,50.969,20.277,22.565,23.438,17.712,54.42,11.001,36.379,26.099,12.658,0,28.539,22.716,13.177,25.299,41.507,23.074,0,47.86,19.016,14.227,10.576,29.849,47.07,29.081,49.985,27.262,50.414,5.445,98.322,29.645,0,32.507,56.072,34.89,15.996,8.817,20.043,52.099,17.409,32.938,19.787,14.446,47.02,27.35,39.731,34.169,69.917,27.203,58.202,0,0,61.428,36.428,35.74
D300693:bin_000006,3.684,8.269,4.248,3.07,5.577,4.498,0,4.111,4.566,2.855,3.923,2.447,2.72,2.767,0,2.679,2.062,8.555,2.252,2.784,4.62,2.05,3.389,2.511,0,0,7.332,1.308,5.316,7.039,3.254,3.382,2.018,0,9.54,0,4.216,3.535,0,0,6.864,2.08,2.5,0,4.343,2.322,0,5.934,2.888,3.05,2.795,2.721,5.62,5.928,4.332,2.316,3.935,1.381,6.033,1.705,0,6.221,4.734,3.572,3.169,1.466,2.537,8.472,2.439,3.758,3.361,2.548,5.726,3.117,3.54,5.07,10.662,1.896,4.166,0,0,11.042,3.68,4.25
D300693:bin_000013,17.104,35.44,13.408,19.555,28.787,17.169,2.034,15.572,11.026,28.277,19.53,8.241,16.248,22.182,3.078,16.101,8.563,43.362,21.513,5.564,13.694,13.873,10.59,10.331,0,1.312,24.468,5.616,24.292,23.084,21.286,14.013,10.935,3.524,35.871,7.898,20.762,11.22,10.487,0,16.533,5.162,12.139,4.344,12.474,9.977,0,26.562,7.027,7.905,8.352,18.11,12.912,16.933,20.015,10.38,21.009,2.452,27.319,12.591,0,20.854,22.182,19.898,9.069,5.702,9.723,23.896,14.123,14.652,8.669,3.42,25.09,12.996,15.97,16.59,24.747,7.772,25.526,0,0,29.625,14.088,10.368
D300696:bin_000035,5.388,6.25,3.386,4.25,6.279,3.585,0,6.035,2.511,6.354,4.096,2.736,5.35,3.546,0,3.761,1.654,7.884,5.443,1.407,4.621,3.136,2.411,3.404,0,0,7.999,1.375,6.222,5.678,3.861,3.093,3.17,1.372,6.024,1.266,3.489,2.723,1.161,0,3.661,2.882,1.917,2.888,2.564,2.534,0,8.94,2.063,1.985,0.928,3.568,6.161,3.344,5.477,4.03,4.534,0,10.437,3.688,0,3.562,6.232,4.678,2.463,0,2.349,5.867,1.98,4.347,1.898,0,5.159,2.88,4.052,3.804,6.452,2.816,8.24,0,0,8.349,4.159,3.254
D300699:bin_000001,0,0,0,0,0,0,0,0,0,0,0,0,0,0,0,0,0,0,0,0,0,0,0,0,0,0,0,0,0,0,0,0,0,0,0,0,0,0,0,0,0,0,0,0,0,0,0,0,0,0,0,0,0,0,0,0,0,0,0,0,0,0,0,0,0,0,0,0,0,0,0,0,0,0,0,0,0,0,0,0,0,0,0,0
D300700:bin_000001,0,0,0,0,0,0,0,0,0,0,0,0,0,0,0,0,0,0,0,0,0,0,0,0,0,0,0,0,0,0,0,0,0,0,0,0,0,0,0,0,0,0,0,0,0,0,0,0,0,0,0,0,0,0,0,0,0,0,0,0,0,0,0,0,0,0,0,0,0,0,0,0,0,0,0,0,0,0,0,0,0,0,0,0
D300706:bin_000006,0,0,0,0,0,0,0,0,0,0,0,0,0,0,0,0,0,0,0,0,0,0,0,0,0,0,0,0,0,0,0,0,0,0,0,0,0,0,0,0,0,0,0,0,0,0,0,0,0,0,0,0,0,0,0,0,0,0,0,0,0,0,0,0,0,0,0,0,0,0,0,0,0,0,0,0,0,0,0,0,0,0,0,0
D300708:bin_000028,5.726,8.081,36.651,7.138,6.328,18.323,0,6.827,3.906,9.815,3.455,2.541,5.429,5.38,0,8.179,0,15.435,25.817,24.142,4.487,7.067,0,0,0,1.123,0,0,7.622,10.232,3.064,4.707,0,0,5.29,0,3.694,2.68,0,0,9.442,2.53,2.464,2.329,11.076,2.237,0,20.777,0,4.031,1.639,3.581,5.026,8.366,4.806,5.995,4.977,1.39,7.49,4.211,0,5.533,5.71,0,6.735,0,5.628,14.192,2.403,0,0,0,11.836,0,8.311,0,5.226,5.556,8.888,0,0,20.876,8.237,4.559
D300709:bin_000042,21.393,28.297,21.463,15.414,28.287,17.798,2.02,24.353,13.468,21.224,20.67,12.474,26.391,23.194,4.945,15.148,7.98,34.986,17.666,7.841,20.213,11.793,10.436,13.841,0,1.585,32.282,7.705,29.597,19.686,15.255,13.048,9.522,5.389,33.867,7.267,20.258,12.606,8.828,0,21.007,9.66,9.012,9.754,14.722,8.27,0,19.188,7.748,10.891,4.885,19.832,13.121,20.111,16.639,15.269,25.195,2.768,30.35,18.351,0,21.457,37.159,23.338,10.147,5.182,9.462,26.051,8.729,23.782,9.78,6.73,23.435,9.966,14.171,14.843,30.307,12.085,28.955,0,0,38.328,19.441,11.653
D300710:bin_000020,14.707,26.747,19.13,15.86,30.593,28.713,0,19.973,20.666,21.442,19.858,10.139,17.783,18.378,5.074,8.473,9.653,33.227,12.383,5.124,18.167,9.647,8.179,7.07,0,0.853,16.836,7.015,19.625,27.242,13.667,7.129,4.211,6.985,27.238,0,15.279,9.081,8.605,0,14.37,2.032,7.49,7.484,18.684,8.789,0,21.372,8.053,9.274,4.513,20.512,17.156,19.175,18.275,15.14,15.152,3.907,21.689,14.447,0,15.987,17.028,16.178,8.717,7.167,7.814,31.114,13.051,16.343,10.031,2.681,19.655,6.311,15.355,11.121,27.179,11.139,20.074,0,0,54.382,17.94,16.534
D300711:bin_000012,3.564,0,0,0,3.573,0,0,0,0,7.952,3.633,0,2.508,0,0,3,0,1.518,0,0,0,0,0,2.151,0,0,2.587,0,0,0,0,4.718,0,0,0,0,0,0,0,0,0,6.681,0,0,0,0,0,0,0,0,0,0,0,0,0,0,4.434,0,1.818,9.218,0,0,0,3.407,1.624,0,1.813,0,0,8.273,0,1.789,0,0,0,0,1.734,0,0,0,0,0,0,0
D300711:bin_000013,0,0,0,0,0,0,0,0,0,0,0,0,0,0,0,0,0,0,0,0,0,0,0,0,0,0,0,0,0,0,0,0,0,0,0,0,0,0,0,0,0,0,0,0,0,0,0,0,0,0,0,0,0,0,0,0,0,0,0,0,0,0,0,0,0,0,0,0,0,0,0,0,0,0,0,0,0,0,0,0,0,0,0,0
D300711:bin_000023,98.455,115.252,61.482,56.084,106.475,79.632,12.595,63.073,52.442,70.72,54.969,21.961,64.656,130.298,30.375,51.342,29.286,131.266,75.2,25.685,72.234,59.154,52.048,54.096,0,6.08,118.087,29.925,108.075,61.375,62.917,41.355,27.883,19.293,126.473,22.366,88.608,33.482,51.528,0,93.139,17.031,53.66,33.203,63.116,24.157,0,72.935,23.649,23.677,9.648,95.622,82.117,68.243,47.676,34.916,85.33,16.458,90.581,44.782,0,103.291,85.413,79.01,42.357,20.754,46.606,87.249,59.46,75.005,45.67,18.509,84.373,37.338,59.388,78.327,100.919,41.754,79.464,4.709,0,108.758,72.532,69.395
D300712:bin_000004,6.031,5.892,2.151,4.712,6.631,6.63,0,5.277,1.846,7.373,9.293,3.95,6.308,4.077,0,4.765,1.772,11.702,5.64,1.301,2.904,2.616,2.881,4.701,0,0,13.963,0,5.583,4.464,0,3.988,3.258,0,8.958,3.297,2.712,2.063,0,0,2.058,3.805,1.5,1.761,1.998,2.205,0,6.315,3.285,4.187,2.222,2.841,3.953,2.278,4.364,1.452,9.812,0,8.228,3.495,0,3.165,8.077,7.168,3.411,0,2.927,11.348,1.826,6.058,2.352,3.232,6.261,3.525,6.439,6.336,8.779,0,6.575,0,0,2.873,3.311,1.668
D300712:bin_000006,0,4.536,0,0,2.75,0,0,3.285,0,0,0,0,0,0,0,0,0,3.32,0,0,2.655,2.595,0,0,0,0,0,0,2.982,3.422,2.219,0,0,0,3.766,0,0,0,0,0,0,0,0,0,2.151,0,0,0,0,1.684,0,0,0,2.238,0,0,0,0,0,0,0,0,0,2.735,0,1.333,0,0,0,0,0,0,0,0,2.132,0,3.827,2.004,2.729,0,0,0,0,0
D300712:bin_000007,27.188,47.189,21.939,22.755,49.526,23.716,4.733,36.796,9.425,28.485,32.313,17.332,31.907,34.589,2.994,18.664,11.629,45.719,30.407,9.978,30.257,17.104,12.199,16.38,0,2.367,44.144,9.064,30.454,30.142,22.384,19.287,17.47,7.339,48.743,8.641,29.323,13.991,8.566,0,22.556,14.587,12.512,14.403,14.898,12.369,0,33.699,12.33,14.065,8.116,23.295,23.941,23.732,24.871,16.203,34.192,3.433,41.776,26.622,0,21.032,43.743,29.408,12.909,9.631,13.236,41.27,14.1,30.625,12.293,11.524,29.5,18.918,22.535,22.123,37.195,18.427,34.516,0,0,59.33,27.092,21.182
D300712:bin_000016,7.541,22.306,11.239,8.611,8.408,10.901,0,4.742,10.65,7.846,7.511,4.79,4.888,6.903,0,3.326,2.699,15.037,6.879,2.136,7.541,5.121,4.219,2.294,0,0.622,11.129,2.412,10.225,5.309,8.618,3.163,6.88,2.482,10.302,2.46,18.68,4.934,6.835,0,7.957,2.566,2.787,6.413,6.796,2.31,0,8.438,4.332,4.893,1.451,11.221,7.536,11.041,6.142,5.882,6.943,0,10.851,11.889,0,6.447,8.834,8.263,3.295,2.926,6.079,12.345,4.288,5.845,2.724,0,9.782,3.078,5.325,4.054,14.761,11.948,13.384,0,0,19.873,10.752,5.315
D300713:bin_000003,158.11,261.839,169.122,152.223,185.229,149.371,23.678,141.331,280.473,158.886,148.32,227.971,160.611,170.397,67.962,84.566,97.596,327.722,187.185,105.205,302.236,125.594,104.671,120.896,2.672,15.943,249.342,97.1,208.706,260.962,162.028,86.868,64.523,56.434,275.143,78.851,275.602,125.079,131.046,6.333,192.022,47.832,139.493,92.972,233.877,60.477,0,286.677,72.712,206.603,58.126,153.598,273.727,234.003,187.473,168.408,126.232,48.034,208.306,143.876,4.007,326.214,276.297,139.695,78.664,61.917,75.501,274.854,117.266,119.964,87.531,62.294,231.565,94.039,151.116,535.121,367.761,131.801,189.554,8.667,0,354.366,166.72,176.666
D300713:bin_000009,4.554,12.297,7.207,4.942,6.855,6.194,0,5.633,12.025,6.232,5.32,4.287,5.645,7.669,0,3.018,3.755,13.117,4.264,2.88,6.888,3.814,3.482,2.846,0,0,8.101,2.773,8.732,8.634,4.032,4.055,0,2.352,9.146,1.916,6.324,5.036,3.079,0,4.506,2.132,3.599,2.904,6.95,2.752,0,7.248,3.203,3.563,2.748,5.728,6.563,11.31,9.95,4.46,3.759,0,8.357,4.516,0,7.962,8.306,5.464,2.454,0,2.764,10.08,5.174,4.286,3.047,4.163,7.584,2.834,4.858,5.976,12.857,4.769,6.098,0,0,14.459,8.748,5.904
D300714:bin_000008,0,0,0,0,0,0,0,0,0,0,0,0,0,0,0,0,0,0,0,0,0,0,0,0,0,0,0,0,0,0,0,0,0,0,0,0,0,0,0,0,0,0,0,0,0,0,0,0,0,0,0,0,0,0,0,0,0,0,0,0,0,0,0,0,0,0,0,0,0,0,0,0,0,0,0,0,0,0,0,0,0,0,0,0
D300719:bin_000003,4.36,4.865,9.04,3.614,8.51,5.901,2.157,6.739,10.543,6.355,6.607,8.204,9.623,5.366,0,3.807,2.592,12.187,6.723,3.409,9.486,3.16,2.542,3.763,1.449,0,3.863,2.792,7.141,12.265,10.984,4.679,3.964,3.937,12.179,4.292,7.37,2.632,3.83,1.396,6.813,8.212,4.562,3.512,12.89,3.013,0,3.409,5.258,3.245,2.015,3.968,6.661,10.737,6.498,3.069,39.565,1.806,6.484,6.145,0,9.52,10.25,6.365,3.005,2.115,3.637,10.919,1.537,3.073,2.354,3.899,5.04,5.171,5.612,5.514,14.108,4.626,4.967,0,0,10.257,4.909,3.403
D300719:bin_000008,0,0,0,0,0,0,0,0,0,0,0,0,0,0,0,0,0,0,0,0,0,0,0,0,0,0,0,0,0,0,0,0,0,0,0,0,0,0,0,0,0,0,0,0,0,0,0,0,0,0,0,0,0,0,0,0,0,0,0,0,0,0,0,0,0,0,0,0,0,0,0,0,0,0,0,0,0,0,0,0,0,0,0,0
D300720:bin_000001,0,0,0,0,0,0,0,0,0,0,0,0,0,0,0,0,0,0,0,0,0,0,0,0,0,0,0,0,0,0,0,0,0,0,0,0,0,0,0,0,0,0,0,0,0,0,0,0,0,0,0,0,0,0,0,0,0,0,0,0,0,0,0,0,0,0,0,0,0,0,0,0,0,0,0,0,0,0,0,0,0,0,0,0
D300723:bin_000001,0,0,0,0,0,0,0,0,0,0,0,0,0,0,0,0,0,0,0,0,0,0,0,0,0,0,0,0,0,0,0,0,0,0,0,0,0,0,0,0,0,0,0,0,0,0,0,0,0,0,0,0,0,0,0,0,0,0,0,0,0,0,0,0,0,0,0,0,0,0,0,0,0,0,0,0,0,0,0,0,0,0,0,0
D300723:bin_000008,13.873,19.992,26.774,6.242,7.028,9.176,0,4.928,11.743,7.925,8.96,5.527,7.38,9.525,3.898,15.623,2.949,15.462,30.41,3.716,10.727,4.768,10.252,7.064,0,1.108,14.534,3.107,10.358,7.764,8.845,6.075,5.231,0,17.842,4.658,11.717,5.587,3.014,0,17.081,3.051,5.478,5.242,10.164,0,0,37.161,2.968,3.298,2.173,12.866,21.966,6.447,7.519,5.967,8.139,1.601,11.473,5.804,0,8.572,13.131,5.914,3.709,2.144,3.701,14.294,3.399,8.487,3.807,3.347,18.965,3.402,9.272,10.438,17.089,4.839,18.66,0,0,11.778,3.726,3.944
D300729:bin_000019,10.835,16.74,12.256,10.406,14.713,11.273,0,11.496,14.753,11.083,10.062,9.982,11.039,12.275,0,7.75,5.824,21.582,11.94,5.651,13.965,7.999,6.057,6.841,0,1.097,15.916,4.574,13.821,16.815,8.779,7.555,5.336,3.931,21.815,4.26,12.985,6.649,5.815,0,11.749,5.1,6.469,7.104,13.903,4.845,0,15.735,6.236,7.412,3.737,9.079,14.702,13.318,10.491,8.653,9.469,2.748,14.17,7.761,0,15.859,16.42,10.619,5.718,3.748,5.873,17.534,7.694,8.682,6.065,5.396,13.088,7.181,9.594,17.188,23.973,8.387,13.217,0,0,23.359,10.803,10.199
D300742:bin_000002,2.059,4.1,2.26,1.772,5.302,3.517,0,3.007,0,4.996,4.846,0,4.595,3.64,0,1.813,0,4.635,2.747,1.328,0,1.61,2.047,0,0,0,5.919,0,2.651,2.918,0,1.638,1.99,0,3.824,1.58,2.384,1.78,0,0,0,2.948,0,0,0,1.897,0,3.636,3.399,0,2.168,0,0,0,4.22,0,3.742,0,3.24,3.328,0,0,3.902,4.867,2.646,0,4.021,6.496,0,2.599,2.163,1.908,3.612,2.984,3.44,4.093,14.401,1.845,3.001,0,0,3.578,4.098,2.288
D300748:bin_000014,0,6.704,2.818,3.676,4.986,0,0,1.914,4.133,9.259,4.308,3.246,2.876,0,0,2.609,0,5.287,0,0,2.391,0,0,1.77,0,0,4.696,0,3.812,3.509,1.786,2.895,13.527,0,4.478,0,3.709,1.708,0,0,0,0,0,0,1.924,1.984,0,4.625,1.677,0,0,2.442,0,7.96,2.616,0,4.028,0,2.16,1.906,0,2.726,5.216,2.152,0,1.166,1.324,5.855,4.208,1.722,2.471,0,4.568,1.624,2.527,1.804,5.603,0,2.663,0,0,3.898,2.027,3.102
D300750:bin_000009,0,0,0,0,0,0,0,0,0,0,0,0,0,0,0,0,0,0,0,0,0,0,0,0,0,0,0,0,0,0,0,0,0,0,0,0,0,0,0,0,0,0,0,0,0,0,0,0,0,0,0,0,0,0,0,0,0,0,0,0,0,0,0,0,0,0,0,0,0,0,0,0,0,0,0,0,0,0,0,0,0,0,0,0
D300751:bin_000024,71.071,126.898,95.518,50.545,92.757,54.372,8.678,70.44,95.925,64.428,69.902,38.318,63.163,51.738,9.05,33.349,40.114,139.818,47.53,33.375,87.713,63.011,39.424,31.67,0,5.548,103.053,21.185,72.817,131.365,51.605,45.424,32.318,36.199,123.015,18.182,82.732,50.86,36.705,0,80.279,43.031,36.719,58.053,126.217,40.899,0,79.93,38.757,29.054,22.256,54.73,100.166,117.448,66.881,55.9,58.68,23.246,106.252,56.427,0,87.528,108.438,61.496,22.507,23.726,31.977,107.439,39.816,54.589,30.782,29.234,92.258,46.145,65.496,59.585,154.221,53.277,67.14,0,0,150.673,70.003,72.326
D300751:bin_000031,30.468,61.69,32.559,25.196,46.246,31.293,3.279,31.076,47.485,27.245,28.48,16.95,28.885,40.686,3.237,20.081,19.734,61.492,27.571,15.645,39.189,27.635,16.498,15.169,0,2.363,49.813,17.668,31.534,52.85,25.855,17.48,11.481,15.498,51.819,11.906,35.21,19.178,19.513,0,39.858,14.989,18.215,22.928,43.215,14.86,0,30.923,14.256,13.278,10.185,25.617,40.59,44.343,30.944,25.435,22.426,8.627,46.062,21.285,0,45.797,45.256,26.786,12.129,10.513,15.669,45.383,17.165,24.472,20.081,13.587,40.315,17.038,25.606,32.661,54.417,25.769,30.19,1.545,0,61.519,35.711,30.032
D300754:bin_000002,0,0,0,0,0,0,0,0,0,0,4.445,0,0,0,0,0,0,0,0,0,0,0,0,0,0,0,0,0,0,0,0,0,0,0,0,0,0,0,0,0,0,0,0,0,0,0,0,0,0,0,0,0,0,0,0,0,0,0,0,0,0,0,0,0,0,0,0,0,0,0,0,0,0,0,0,0,0,0,0,0,0,0,0,0
D300754:bin_000004,0,0,0,0,0,0,0,0,0,0,0,0,0,0,0,0,0,0,0,0,0,0,0,0,0,0,0,0,0,0,0,0,0,0,0,0,0,0,0,0,0,0,0,0,0,0,0,0,0,0,0,0,0,0,0,0,0,0,0,0,0,0,0,0,0,0,0,0,0,0,0,0,0,0,0,0,0,0,0,0,0,0,0,0
D300755:bin_000017,0,0,0,0,0,0,0,0,0,0,0,0,0,0,0,0,0,0,0,0,0,0,0,0,0,0,0,0,0,0,0,0,0,0,0,0,0,0,0,0,0,0,0,0,0,0,0,0,0,0,0,0,0,0,0,0,0,0,0,0,0,0,0,0,0,0,0,0,0,0,0,0,0,0,0,0,0,0,0,0,0,0,0,0
D300757:bin_000005,12.901,3.129,33.887,27.447,18.659,0,0,21.485,35.269,8.463,0,0,11.218,0,0,30.062,6.153,3.147,57.244,0,4.241,0,10.866,20.729,0,4.642,22.743,0,13.607,11.206,0,19.837,0,0,49.421,2.813,12.076,22.45,5.6,0,60.514,3.435,22.688,0,13.226,14.26,0,26.85,22.413,20.876,0,21.496,15.135,50.386,10.484,55.473,1.906,11.483,32.221,2.196,0,5.324,14.992,4.879,0,19.867,0,0,6.053,2.002,0,0,0,3.522,13.8,4.283,23.012,10.354,48.768,0,0,197.837,4.407,5.227
D300759:bin_000011,2.368,6.465,2.887,2.242,2.807,2.782,0,2.724,3.316,2.799,2.512,3.585,2.863,2.328,0,3.33,0,5.657,4.004,1.619,3.16,1.795,2.771,1.931,0,0,3.924,1.734,9.659,4.436,2.696,0,0,0,5.431,0,3.355,1.85,0,0,0,0,2.434,3.198,7.518,0,0,4.467,2.304,2.305,1.295,2.515,3.292,4.156,2.919,2.909,2.901,0,3.269,2.404,0,0,4.693,2.5,0,0,0,4.81,2.831,2.597,0,2.029,3.429,0,2.934,2.776,5.915,2.16,3.32,0,0,5.926,4.037,4.771
D300759:bin_000036,0,0,0,0,0,0,0,0,0,0,0,0,0,0,0,0,0,0,0,0,0,0,0,0,0,0,0,0,0,0,0,0,0,0,0,0,0,0,0,0,0,0,0,0,0,0,0,0,0,0,0,0,0,0,0,0,0,0,0,0,0,0,0,0,0,0,0,0,0,0,0,0,0,0,0,0,0,0,0,0,0,0,0,0
D300760:bin_000013,0,0,0,0,0,0,0,0,0,0,0,0,0,0,0,0,0,0,0,0,0,0,0,0,0,0,0,0,0,0,0,0,0,0,0,0,0,0,0,0,0,0,0,0,0,0,0,0,0,0,0,0,0,0,0,0,0,0,0,0,0,0,0,0,0,0,0,0,0,0,0,0,0,0,0,0,0,0,0,0,0,0,0,0
D300763:bin_000009,0,0,0,0,0,0,0,0,0,0,0,0,0,0,0,0,0,0,0,0,0,0,0,0,0,0,0,0,0,0,0,0,0,0,0,0,0,0,0,0,0,0,0,0,0,0,0,0,0,0,0,0,0,0,0,0,0,0,0,0,0,0,0,0,0,0,0,0,0,0,0,0,0,0,0,0,0,0,0,0,0,0,0,0
D300763:bin_000013,0,0,0,0,0,0,0,0,0,0,0,0,0,0,0,0,0,0,0,0,0,0,0,0,0,0,0,0,0,0,0,0,0,0,0,0,0,0,0,0,0,0,0,0,0,0,0,0,0,0,0,0,0,0,0,0,0,0,0,0,0,0,0,0,0,0,0,0,0,0,0,0,0,0,0,0,0,0,0,0,0,0,0,0
D300763:bin_000022,14.99,22.251,21.806,17.546,25.669,19.545,4.031,22.727,30.285,25.433,28.51,17.016,18.78,25.408,5.561,13.092,7.648,37.695,22.769,7.848,17.366,15.955,11.277,11.579,0,1.805,29.527,9.022,23.256,37.086,13.96,18.065,7.005,3.249,35.25,5.78,19.751,12.014,12.463,0,17.584,5.845,10.672,15.011,22.978,9.215,0,25.228,8.359,8.97,6.396,16.462,23.525,23.582,22.799,17.239,15.322,2.951,29.847,20.318,0,22.033,25.199,17.765,9.035,5.856,11.232,38.182,14.382,14.195,12.243,12.055,17.912,14.174,17.707,20.912,35.569,10.031,23.862,0,0,45.063,25.831,13.108
D300763:bin_000032,2.111,0,0,0,3.277,0,0,2.393,0,2.672,2.626,0,2.519,0,0,2.223,0,4.804,2.624,0,0,0,0,2.307,0,0,4.323,0,7.311,0,0,1.5,0,0,1.905,0,0,0,0,0,0,0,0,0,0,0,0,0,0,0,0,0,0,0,0,0,2.25,0,3.343,1.654,0,0,2.923,2.298,0,0,0,0,0,2.394,0,0,1.888,0,0,0,0,0,2.661,0,0,0,0,0
D300764:bin_000008,0,0,0,0,0,0,0,0,0,0,0,0,0,0,0,0,0,0,0,0,0,0,0,0,0,0,0,0,0,0,0,0,0,0,0,0,0,0,0,0,0,0,0,0,0,0,0,0,0,0,0,0,0,0,0,0,0,0,0,0,0,0,0,0,0,0,0,0,0,0,0,0,0,0,0,0,0,0,0,0,0,0,0,0
D300764:bin_000013,0,0,0,0,0,0,0,0,0,0,0,0,0,0,0,0,0,0,0,0,0,0,0,0,0,0,0,0,0,0,0,0,0,0,0,0,0,0,0,0,0,0,0,0,0,0,0,0,0,0,0,0,0,0,0,0,0,0,0,0,0,0,0,0,0,0,0,0,0,0,0,0,0,0,0,0,0,0,0,0,0,0,0,0
D300766:bin_000008,0,0,0,0,0,0,0,0,0,0,0,0,0,0,0,0,0,0,0,0,0,0,0,0,0,0,0,0,0,0,0,0,0,0,0,0,0,0,0,0,0,0,0,0,0,0,0,0,0,0,0,0,0,0,0,0,0,0,0,0,0,0,0,0,0,0,0,0,0,0,0,0,0,0,0,0,0,0,0,0,0,0,0,0
D300766:bin_000009,21.472,0,0,0,29.307,3.981,0,3.136,0,30.807,26.402,0,14.249,0,0,23.454,0,2.596,15.047,0,0,0,0,19.053,0,0,16.44,0,0,0,0,17.48,2.811,0,0,1.958,0,0,0,0,0,21.132,0,0,0,0,0,0,0,0,1.048,0,0,0,0,0,28.851,0,18.258,32.158,0,0,2.214,16.793,9.699,0,14.614,1.988,0,54.749,0,8.513,1.224,0,1.356,0,3.285,0,0,1.762,0,0,0,0
MPB:bin_000002,0,0,0,0,0,0,0,0,0,0,0,0,0,0,0,0,0,0,0,0,0,0,0,0,0,0,0,0,0,0,0,0,0,0,0,0,0,0,0,0,0,0,0,0,0,0,0,0,0,0,0,0,0,0,0,0,0,0,0,0,0,0,0,0,0,0,0,0,0,0,0,0,0,0,0,0,0,0,0,0,0,0,0,0
MPB:bin_000004,0,0,0,0,0,0,0,0,0,0,0,0,0,0,0,0,0,0,0,0,0,0,0,0,0,0,0,0,0,0,0,0,0,0,0,0,0,0,0,0,0,0,0,0,0,0,0,0,0,0,0,0,0,0,0,0,0,0,0,0,0,0,0,0,0,0,0,0,0,0,0,0,0,0,0,0,0,0,0,0,0,0,0,0
MPB:bin_000005,15.23,43.828,12.847,8.99,21.856,9.633,2.481,7.07,20.571,21.055,11.975,6.519,8.762,22.293,3.925,10.425,10.168,29.762,8.211,5.646,13.413,6.69,6.726,9.375,0,0.792,13.257,4.944,27.152,33.734,9.119,17.653,21.963,4.603,22.582,4.481,28.321,6.966,5.242,0,19.28,5.504,6.35,4.401,8.927,5.375,0,12.479,2.703,3.701,1.749,17.895,12.836,14.743,14.556,4.306,15.933,4.25,11.31,5.459,0,16.285,23.366,14.259,6.808,1.705,7.028,15.219,6.117,32.909,10.248,4.03,14.837,7.559,10.6,11.93,23.422,12.115,31.379,0,0,19.315,10.724,10.752
MPB:bin_000006,1.571,2.46,0,0,0,0,0,0,2.86,0,0,0,0,1.787,0,0,0,1.589,1.729,0,0,0,0,0,0,0,1.319,0,0,1.552,0,0,0,0,1.608,0,0,0,0,0,0,0,0,0,1.822,0,0,1.742,0,0,0,0,1.584,1.386,0,0,0,0,1.33,0,0,0,1.22,0,0,0,0,1.697,0,0,0,0,1.569,0,0,1.582,2.346,0,1.492,0,0,2.211,0,0
MPB:bin_000007,6.397,8.672,6.274,2.649,6.013,5.324,0,5.652,6.939,4.164,4.205,4.337,5.341,3.936,0,3.084,2.976,10.052,5.342,1.991,5.458,3.128,2.131,2.856,0,0,7.987,2.398,4.054,5.735,4.614,4.557,1.803,1.699,7.322,1.382,5.532,4.165,2.702,0,5.172,1.42,3.866,3.404,5.43,2.642,0,6.67,1.923,4.676,1.632,4.627,6.376,6.493,4.741,4.037,4.099,1.067,6.465,4.309,0,8.46,6.93,6.059,1.253,1.882,2.162,6.274,3.187,3.058,2.12,1.392,8.36,2.353,5.212,4.27,9.448,5.049,5.476,0,0,9.359,4.638,4.447
MPB:bin_000009,0,0,0,0,0,0,0,0,0,0,0,0,0,0,0,0,0,0,0,0,0,0,0,0,0,0,0,0,0,0,0,0,0,0,0,0,0,0,0,0,0,0,0,0,0,0,0,0,0,0,0,0,0,0,0,0,0,0,0,0,0,0,0,0,0,0,0,0,0,0,0,0,0,0,0,0,0,0,0,0,0,0,0,0
MPB:bin_000010,0,0,0,0,0,0,0,0,0,0,0,0,0,0,0,0,0,0,0,0,0,0,0,0,0,0,0,0,0,0,0,0,0,0,0,0,0,0,0,0,0,0,0,0,0,0,0,1.835,0,0,0,0,0,0,0,0,0,0,0,0,0,0,0,0,0,0,0,0,0,0,0,0,0,0,0,0,0,0,0,0,0,0,0,0
MPB:bin_000011,0,0,0,0,0,0,0,0,0,0,0,0,0,0,0,0,0,0,0,0,0,0,0,0,0,0,0,0,0,0,0,0,0,0,0,0,0,0,0,0,0,0,0,0,0,0,0,0,0,0,0,0,0,0,0,0,0,0,0,0,0,0,0,0,0,0,0,0,0,0,0,0,0,0,0,0,0,0,0,0,0,0,0,0
MPB:bin_000016,92.479,130.961,136.589,80.405,116.709,94.31,14.385,99.356,150.636,93.373,100.35,85.623,114.098,105.059,30.101,49.751,40.695,198.551,92.912,61.731,127.899,60.984,47.911,48.666,4.219,9.57,138.573,37.368,93.926,186.802,59.787,46.247,49.459,40.251,207.272,32.508,109.822,53.29,52.206,3.031,97.826,44.992,29.87,66.7,184.255,33.319,0,170.01,89.2,60.392,45.562,71.289,124.362,152.322,93.868,78.854,75.568,26.922,119.995,72.41,0,115.434,134.85,93.51,43.727,39.189,58.637,234.413,72.752,67.466,52.168,46.265,122.509,81.607,87.418,132.211,317.485,108.41,114.987,4.008,0,252.078,113.097,106.264
MPB:bin_000017,0,0,0,0,0,0,0,0,0,0,0,0,0,0,0,0,0,0,0,0,0,0,0,0,0,0,0,0,0,0,0,0,0,0,0,0,0,0,0,0,0,0,0,0,0,0,0,0,0,0,0,0,0,0,0,0,0,0,0,0,0,0,0,0,0,0,0,0,0,0,0,0,0,0,0,0,0,0,0,0,0,0,0,0
MPB:bin_000019,0,0,0,0,0,0,0,0,0,0,0,0,0,0,0,0,0,0,0,0,0,0,0,0,0,0,0,0,0,0,0,0,0,0,0,0,0,0,0,0,0,0,0,0,0,0,0,0,0,0,0,0,0,0,0,0,0,0,0,0,0,0,0,0,0,0,0,0,0,0,0,0,0,0,0,0,0,0,0,0,0,0,0,0
MPB:bin_000021,0,0,0,0,0,0,0,0,0,0,0,0,0,0,0,0,0,0,0,0,0,0,0,0,0,0,0,0,0,0,0,0,0,0,0,0,0,0,0,0,0,0,0,0,0,0,0,0,0,0,0,0,0,0,0,0,0,0,0,0,0,0,0,0,0,0,0,0,0,0,0,0,0,0,0,0,0,0,0,0,0,0,0,0
MPB:bin_000022,0,0,0,0,0,0,0,0,0,0,0,0,0,0,0,0,0,0,0,0,0,0,0,0,0,0,0,0,0,0,0,0,0,0,0,0,0,0,0,0,0,0,0,0,0,0,0,0,0,0,0,0,0,0,0,0,0,0,0,0,0,0,0,0,0,0,0,0,0,0,0,0,0,0,0,0,0,0,0,0,0,0,0,0
MPB:bin_000023,0,0,0,0,0,0,0,0,0,0,0,0,0,0,0,0,0,0,0,0,0,0,0,0,0,0,0,0,0,0,0,0,0,0,0,0,0,0,0,0,0,0,0,0,0,0,0,0,0,0,0,0,0,0,0,0,0,0,0,0,0,0,0,0,0,0,0,0,0,0,0,0,0,0,0,0,0,0,0,0,0,0,0,0
MPB:bin_000026,0,0,0,0,0,0,0,0,0,0,0,0,0,0,0,0,0,0,0,0,0,0,0,0,0,0,0,0,0,0,0,0,0,0,0,0,0,0,0,0,0,0,0,0,0,0,0,0,0,0,0,0,0,0,0,0,0,0,0,0,0,0,0,0,0,0,0,0,0,0,0,0,0,0,0,0,0,0,0,0,0,0,0,0
MPB:bin_000030,0,0,0,0,0,0,0,0,0,0,0,0,0,0,0,0,0,0,0,0,0,0,0,0,0,0,0,0,0,0,0,0,0,0,0,0,0,0,0,0,0,0,0,0,0,0,0,0,0,0,0,0,0,0,0,0,0,0,0,0,0,0,0,0,0,0,0,0,0,0,0,0,0,0,0,0,0,0,0,0,0,0,0,0
MPB:bin_000034,0,0,0,0,0,0,0,0,0,0,0,0,0,0,0,0,0,0,0,0,0,0,0,0,0,0,0,0,0,0,0,0,0,0,0,0,0,0,0,0,0,0,0,0,0,0,0,0,0,0,0,0,0,0,0,0,0,0,0,0,0,0,0,0,0,0,0,0,0,0,0,0,0,0,0,0,0,0,0,0,0,0,0,0
MPB:bin_000035,16.747,37.342,19.986,13.415,19.773,19.681,5.946,18.159,16.313,22.13,17.882,11.511,16.455,24.045,2.581,12.164,8.322,40.291,18.29,6.371,22.89,13.94,9.933,10.238,0,1.477,31.684,6.079,19.858,28.168,15.107,11.382,9.687,6.794,34.421,5.227,21.546,11.666,8.102,0,17.167,12.171,5.986,12.233,21.693,10.489,0,22.514,8.265,7.435,6.627,15.552,23.677,24.871,17.22,9.987,19.989,3.521,29.292,18.032,0,22.893,22.045,15.212,9.598,5.287,10.333,20.793,10.483,14.436,9.35,11.283,20.978,12.007,13.755,14.132,34.923,11.013,21.286,0,0,36.213,12.895,18.297
MPB:bin_000037,0,0,0,0,0,0,0,0,0,0,0,0,0,0,0,0,0,0,0,0,0,0,0,0,0,0,0,0,0,0,0,0,0,0,0,0,0,0,0,0,0,0,0,0,0,0,0,0,0,0,0,0,0,0,0,0,0,0,0,0,0,0,0,0,0,0,0,0,0,0,0,0,0,0,0,0,0,0,0,0,0,0,0,0
MPB:bin_000040,0,0,0,0,0,0,0,0,0,0,0,0,0,0,0,0,0,0,0,0,0,0,0,0,0,0,0,0,0,0,0,0,0,0,0,0,0,0,0,0,0,0,0,0,0,0,0,0,0,0,0,0,0,0,0,0,0,0,0,0,0,0,0,0,0,0,0,0,0,0,0,0,0,0,0,0,0,0,0,0,0,0,0,0
MPB:bin_000041,0,0,0,0,0,0,0,0,0,0,0,0,0,0,0,0,0,0,0,0,0,0,0,0,0,0,0,0,0,0,0,0,0,0,0,0,0,0,0,0,0,0,0,0,0,0,0,0,0,0,0,0,0,0,0,0,0,0,0,0,0,0,0,0,0,0,0,0,0,0,0,0,0,0,0,0,0,0,0,0,0,0,0,0
MPB:bin_000042,92.079,226.591,137.128,73.186,145.242,124.543,13.656,159.015,80.684,75.385,158.647,99.173,125.951,116.919,17.885,87.708,32.725,172.536,187.186,36.176,185.84,78.66,46.619,81.277,1.854,10.729,110.789,34.08,109.89,130.842,66.519,71.233,77.77,32.646,193.224,30.391,91.272,36.351,31.337,4.392,85.78,43.744,64.294,77.229,74.622,61.599,0,96.077,41.101,49.23,28.143,104.171,76.691,94.035,101.842,80.95,127.859,15.657,163.227,83.305,2.305,70.364,172.699,123.087,58.495,28.313,71.232,121.99,102.954,136.065,59.699,39.196,146.81,58.982,109.631,91.624,188.434,66.175,127.868,3.072,0,194.624,109.737,68.211
MPB:bin_000044,0,0,0,0,0,0,0,0,0,0,0,0,0,0,0,0,0,0,0,0,0,0,0,0,0,0,0,0,0,0,0,0,0,0,0,0,0,0,0,0,0,0,0,0,0,0,0,0,0,0,0,0,0,0,0,0,0,0,0,0,0,0,0,0,0,0,0,0,0,0,0,0,0,0,0,0,0,0,0,0,0,0,0,0
MPB:bin_000047,0,0,0,0,0,0,0,0,0,0,0,0,0,0,0,0,0,0,0,0,0,0,0,0,0,0,0,0,0,0,0,0,0,0,0,0,0,0,0,0,0,0,0,0,0,0,0,0,0,0,0,0,0,0,0,0,0,0,0,0,0,0,0,0,0,0,0,0,0,0,0,0,0,0,0,0,0,0,0,0,0,0,0,0
MPB:bin_000048,2.462,0,0,0,2.264,0,0,0,0,2.909,1.847,0,1.493,0,0,1.724,0,0,0,0,0,0,0,1.532,0,0,0,0,0,0,0,1.796,0,0,0,0,0,0,0,0,0,1.506,0,0,0,0,0,0,0,0,0,0,0,0,0,0,4.168,0,0,2.969,0,0,0,1.495,0,0,0,0,0,4.23,0,0,0,0,0,0,0,0,0,0,0,0,0,0
MPB:bin_000049,2.916,2.049,1.58,0,2.223,1.208,0,0,0,2.333,2.371,0,2.401,1.523,0,1.296,0,3.277,1.438,0,2.232,1.894,0,0,0,0,2.721,0,1.87,2.306,0,0,0,0,2.087,0,0,0,0,0,0,0,0,1.966,2.071,0,0,1.923,0,0,0,0,1.838,1.607,1.771,1.583,1.892,0,1.466,1.504,0,2.556,2.719,1.623,0,0,0,2.041,0,1.56,0,0,1.529,1.646,0,1.395,2.871,2.394,1.469,0,0,3.015,0,0
MPB:bin_000050,0,3.226,0,0,3.056,2.946,0,3.177,0,0,0,0,0,3.06,0,0,0,4.492,0,0,0,0,0,0,0,0,4.34,0,0,3.459,0,0,0,0,4.926,0,0,0,0,0,0,0,0,0,2.807,0,0,3.975,0,0,0,0,0,0,0,0,0,0,3.452,0,0,0,3.005,0,0,0,1.972,3.723,0,0,0,0,2.925,0,0,0,5.008,0,3.483,0,0,4.036,0,0
MPB:bin_000051,2.122,2.067,0,1.371,4.37,1.651,0,2.081,0,2.472,2.728,0,2.343,0,0,1.596,0,4.002,2.363,0.967,2.073,1.763,0,1.546,0,0,3.954,0,2.21,1.69,0,2.492,0,0,2.802,0,1.705,1.616,0,0,0,1.627,0,1.974,0,0,0,0,0,1.293,0,0,1.692,1.628,1.364,0,2.445,0,3.441,2.684,0,0,3.728,3.46,0,0,1.255,2.009,0,3.338,0,1.855,2.196,0,1.361,1.93,2.331,0,1.499,0,0,3.078,1.691,1.502
MPB:bin_000052,8.893,17.568,10.583,12.759,12.666,7.308,0,12.577,9.999,7.774,10.667,5.913,9.083,10.392,2.763,6.482,4.998,17.246,9.896,4.771,10.322,5.741,5.47,7.373,0,0,18.319,4.016,17.086,10.609,5.672,7.587,2.725,2.777,14.478,3.544,7.086,5.138,3.844,0,9.816,3.359,2.868,2.897,8.251,3.056,0,11.735,4.363,3.891,2.676,6.134,11.927,8.724,9.919,8.295,8.857,1.925,11.987,5.899,0,9.523,10.162,12.164,4.748,4.264,4.502,9.566,5.109,7.998,7.134,3.893,11.865,4.873,10.814,8.066,13.954,4.344,10.175,0,0,19.024,5.914,9.538
MPB:bin_000053,0,0,0,0,0,0,0,0,0,0,0,0,0,0,0,0,0,0,0,0,0,0,0,0,0,0,0,0,0,0,0,0,0,0,0,0,0,0,0,0,0,0,0,0,0,0,0,0,0,0,0,0,0,0,0,0,0,0,0,0,0,0,0,0,0,0,0,0,0,0,0,0,0,0,0,0,0,0,0,0,0,0,0,0
MPB:bin_000055,0,0,0,0,0,0,0,0,0,0,0,0,0,0,0,0,0,0,0,0,0,0,0,0,0,0,0,0,0,0,0,0,0,0,0,0,0,0,0,0,0,0,0,0,0,0,0,0,0,0,0,0,0,0,0,0,0,0,3.255,0,0,0,2.947,0,0,0,0,0,0,0,0,0,0,0,0,0,0,0,0,0,0,0,0,0
MPB:bin_000057,0,0,0,0,0,0,0,0,0,0,0,0,0,0,0,0,0,0,0,0,0,0,0,0,0,0,0,0,0,0,0,0,0,0,0,0,0,0,0,0,0,0,0,0,0,0,0,0,0,0,0,0,0,0,0,0,0,0,0,0,0,0,0,0,0,0,0,0,0,0,0,0,0,0,0,0,0,0,0,0,0,0,0,0
MPB:bin_000059,0,0,0,0,0,0,0,0,0,0,0,0,0,0,0,0,0,0,0,0,0,0,0,0,0,0,0,0,0,0,0,0,0,0,0,0,0,0,0,0,0,0,0,0,0,0,0,0,0,0,0,0,0,0,0,0,0,0,0,0,0,0,0,0,0,0,0,0,0,0,0,0,0,0,0,0,0,0,0,0,0,0,0,0
MPB:bin_000061,0,0,0,0,0,0,0,0,0,0,0,0,0,0,0,0,0,0,0,0,0,0,0,0,0,0,0,0,0,0,0,0,0,0,0,0,0,0,0,0,0,0,0,0,0,0,0,0,0,0,0,0,0,0,0,0,0,0,0,0,0,0,0,0,0,0,0,0,0,0,0,0,0,0,0,0,0,0,0,0,0,0,0,0
MPB:bin_000062,0,0,0,0,0,0,0,0,0,0,0,0,0,0,0,0,0,0,0,0,0,0,0,0,0,0,0,0,0,0,0,0,0,0,0,0,0,0,0,0,0,0,0,0,0,0,0,0,0,0,0,0,0,0,0,0,0,0,0,0,0,0,0,0,0,0,0,0,0,0,0,0,0,0,0,0,0,0,0,0,0,0,0,0
MPB:bin_000063,13.793,7.794,4.161,6.073,11.054,5.234,0,6.591,4.035,8.482,5.347,2.981,6.799,6.122,0,3.892,1.937,14.5,6.269,2.179,4.819,3.197,2.482,4.413,0,0,8.315,1.775,7.106,6.559,2.506,4.744,3.224,2.342,8.828,0,4.43,3.941,1.935,0,6.715,14.354,2.157,6.669,4.805,0,0,10.237,2.447,4.253,1.373,7.31,6.358,5.2,5.252,3.618,5.035,0,7.816,3.041,0,5.503,7.975,6.77,2.623,0,2.443,6.375,4.019,5.182,2.917,0,6.565,2.95,5.146,5.48,7.273,3.765,6.757,0,0,15.849,3.554,4
MPB:bin_000064,13.259,7.348,3.245,6.654,17.805,18.392,0,16.388,2.156,20.039,15.952,7.036,21.141,9.986,0,12.626,0,18.568,16.211,2.559,4.446,8.623,3.757,8.277,0,1.077,31.033,2.498,17.665,7.642,4.369,7.076,5.838,0,9.41,6.772,5.751,6.545,2.348,0,3.593,4.958,3.399,2.72,2.306,4.93,0,7.494,3.234,7.193,3.12,10.065,6.856,3.339,6.945,3.509,13.634,0,21.461,9.037,0,3.765,19.868,14.223,6.728,0,8.407,13.363,3.733,14.37,4.912,3.447,16.282,7.234,8.154,8.588,14.248,3.599,16.14,0,0,7.314,9.585,3.624
MPB:bin_000065,5.845,7.45,0,0,6.669,0,0,0,0,0,0,0,6.024,0,0,0,0,0,0,0,0,0,0,0,0,0,8.024,0,6.536,8.446,0,0,0,0,10.339,0,0,0,0,0,0,0,0,0,8.772,0,0,0,0,0,0,0,0,0,0,0,0,0,0,0,0,0,7.014,5.685,0,0,0,0,0,0,0,0,0,0,0,0,11.486,0,0,0,0,0,0,0
MPB:bin_000066,6.277,8.908,22.296,4.359,6.703,17.81,2.752,12.651,10.972,4.895,15.325,12.769,13.312,7.607,1.749,5.032,3.794,17.29,8.132,3.481,17.944,5.308,4.242,2.116,1.569,0.687,5.37,4.572,10.847,16.756,2.773,5.482,11.77,3.205,15.146,3.185,8.491,2.924,4.01,0,14.4,5.566,7.203,13,23.798,4.594,0,5.989,4.948,5.66,1.743,10.441,9.398,10.602,8.662,6.77,9.439,3.273,7.422,5.805,0,7.515,12.339,9.281,4.216,5.17,5.562,11.998,6.332,7.673,5.117,4.29,7.531,6.3,9.599,11.21,15.328,7.24,9.279,0,0,17.577,5.762,7.959
MPB:bin_000069,19.957,19.519,15.468,11.756,20.934,12.711,0,11.846,7.783,15.832,13.249,8.431,13.903,13.354,1.88,10.125,5.7,26.355,16.067,4.966,12.952,11.685,6.462,9.564,0,0.921,20.603,5.041,19.787,14.548,7.241,10.266,8.553,3.844,19.145,2.965,11.458,8.902,3.941,0,10.294,6.007,5.764,7.717,8.296,8.424,0,18.752,7.109,5.294,3.144,11.213,16.559,9.217,15.049,5.615,14.234,1.871,31.13,11.084,0,10.223,18.903,16.173,7.943,2.671,6.868,21.437,6.644,13.719,7.337,3.183,16.686,9.54,10.517,9.348,20.193,7.544,18.423,0,0,27.21,12.707,7.543
MPB:bin_000070,0,0,0,0,2.368,0,0,0,0,0,0,0,0,0,0,0,0,0,0,0,0,0,0,0,0,0,0,0,0,0,0,0,0,0,0,0,0,0,0,0,0,0,0,0,0,0,0,0,0,0,0,0,0,0,0,0,0,0,0,0,0,0,0,0,0,0,0,0,0,1.635,0,0,0,0,0,0,0,0,0,0,0,0,0,0
MPB:bin_000072,0,0,0,0,0,0,0,0,0,0,0,0,0,0,0,0,0,0,0,0,0,0,0,0,0,0,0,0,0,0,0,0,0,0,0,0,0,0,0,0,0,0,0,0,0,0,0,0,0,0,0,0,0,0,0,0,0,0,0,0,0,0,0,0,0,0,0,0,0,0,0,0,0,0,0,0,0,0,0,0,0,0,0,0
MPB:bin_000073,0,0,0,0,0,0,0,0,0,0,0,0,0,0,0,0,0,0,0,0,0,0,0,0,0,0,0,0,0,0,0,0,0,0,0,0,0,0,0,0,0,0,0,0,0,0,0,0,0,0,0,0,0,0,0,0,0,0,0,0,0,0,0,0,0,0,0,0,0,0,0,0,0,0,0,0,0,0,0,0,0,0,0,0
MPB:bin_000074,0,0,0,0,0,0,0,0,0,0,0,0,0,0,0,0,0,0,0,0,0,0,0,0,0,0,0,0,0,0,0,0,0,0,0,0,0,0,0,0,0,0,0,0,0,0,0,0,0,0,0,0,0,0,0,0,0,0,0,0,0,0,0,0,0,0,0,0,0,0,0,0,0,0,0,0,0,0,0,0,0,0,0,0
MPB:bin_000075,0,0,0,0,0,0,0,0,0,0,0,0,0,0,0,0,0,0,0,0,0,0,0,0,0,0,0,0,0,0,0,0,0,0,0,0,0,0,0,0,0,0,0,0,0,0,0,0,0,0,0,0,0,0,0,0,0,0,0,0,0,0,0,0,0,0,0,0,0,0,0,0,0,0,0,0,0,0,0,0,0,0,0,0
MPB:bin_000076,0,0,0,0,0,0,0,0,0,0,0,0,0,0,0,0,0,0,0,0,0,0,0,0,0,0,0,0,0,0,0,0,0,0,0,0,0,0,0,0,0,0,0,0,0,0,0,0,0,0,0,0,0,0,0,0,0,0,0,0,0,0,0,0,0,0,0,0,0,0,0,0,0,0,0,0,0,0,0,0,0,0,0,0
MPB:bin_000079,5.042,0,0,0,6.088,0,0,0,0,7.405,4.778,0,6.566,0,0,4.246,0,1.443,2.141,0,0,0,0,2.62,0,0,4.746,0,0,0,0,4.777,2.096,0,0,0,0,0,0,0,0,4.733,0,0,0,0,0,0,0,0,0,0,0,0,0,0,9.906,0,5.705,7.98,0,0,0,3.513,2.29,0,3.015,0,0,9.335,0,3.453,0,0,0,0,2.624,0,0,0,0,0,0,0
MPB:bin_000080,0,0,0,0,0,0,0,0,0,0,0,0,0,0,0,0,0,0,0,0,0,0,0,0,0,0,0,0,0,0,0,0,0,0,0,0,0,0,0,0,0,0,0,0,0,0,0,0,0,0,0,0,0,0,0,0,0,0,0,0,0,0,0,0,0,0,0,0,0,0,0,0,0,0,0,0,0,0,0,0,0,0,0,0
MPB:bin_000081,0,0,0,0,0,0,0,0,0,0,0,0,0,0,0,0,0,0,0,0,0,0,0,0,0,0,0,0,0,0,0,0,0,0,0,0,0,0,0,0,0,0,0,0,0,0,0,0,0,0,0,0,0,0,0,0,0,0,0,0,0,0,0,0,0,0,0,0,0,0,0,0,0,0,0,0,0,0,0,0,0,0,0,0
MPB:bin_000082,0,0,0,0,0,0,0,0,0,0,0,0,0,0,0,0,0,0,0,0,0,0,0,0,0,0,0,0,0,0,0,0,0,0,0,0,0,0,0,0,0,0,0,0,0,0,0,0,0,0,0,0,0,0,0,0,0,0,0,0,0,0,0,0,0,0,0,0,0,1.89,0,0,0,0,0,0,0,0,0,0,0,0,0,0
MPB:bin_000083,0,0,0,0,1.542,0,0,0,0,0,0,0,0,0,0,0,0,2.593,0,0,0,0,0,0,0,0,1.519,0,0,0,0,0,0,0,0,0,0,0,0,0,0,0,0,0,0,0,0,0,0,0,0,0,0,0,0,0,0,0,0,0,0,0,1.269,0,0,0,0,0,0,0,0,0,0,0,0,0,0,0,0,0,0,2.085,0,0
MPB:bin_000085,0,0,0,0,0,0,0,0,0,0,0,0,0,0,0,0,0,0,0,0,0,0,0,0,0,0,0,0,0,0,0,0,0,0,0,0,0,0,0,0,0,0,0,0,0,0,0,0,0,0,0,0,0,0,0,0,0,0,0,0,0,0,0,0,0,0,0,0,0,0,0,0,0,0,0,0,0,0,0,0,0,0,0,0
MPB:bin_000087,0,0,0,0,0,0,0,0,0,0,0,0,0,0,0,0,0,0,0,0,0,0,0,0,0,0,0,0,0,0,0,0,0,0,0,0,0,0,0,0,0,0,0,0,0,0,0,0,0,0,0,0,0,0,0,0,0,0,0,0,0,0,0,0,0,0,0,0,0,0,0,0,0,0,0,0,0,0,0,0,0,0,0,0
MPB:bin_000088,0,0,0,0,0,0,0,0,0,0,0,0,0,0,0,0,0,0,0,0,0,0,0,0,0,0,0,0,0,0,0,0,0,0,0,0,0,0,0,0,0,0,0,0,0,0,0,0,0,0,0,0,0,0,0,0,0,0,0,0,0,0,0,0,0,0,0,0,0,0,0,0,0,0,0,0,0,0,0,0,0,0,0,0
MPB:bin_000090,0,0,0,0,0,0,0,0,0,0,0,0,0,0,0,0,0,0,0,0,0,0,0,0,0,0,0,0,0,0,0,0,0,0,0,0,0,0,0,0,0,0,0,0,0,0,0,0,0,0,0,0,0,0,0,0,0,0,0,0,0,0,0,0,0,0,0,0,0,0,0,0,0,0,0,0,0,0,0,0,0,0,0,0
MPB:bin_000091,0,1.545,0,0,0,0,0,0,0,0,0,0,0,0,0,0,0,0,0,0,0,0,0,0,0,0,0,0,0,0,0,0,0,0,0,0,0,0,0,0,0,0,0,0,0,0,0,0,0,0,0,0,0,0,0,0,0,0,0,0,0,0,0,0,0,0,0,0,0,0,0,0,0,0,0,0,0,0,0,0,0,0,0,0
MPB:bin_000092,0,0,0,0,0,0,0,0,0,0,0,0,0,0,0,0,0,0,0,0,0,0,0,0,0,0,0,0,0,0,0,0,0,0,0,0,0,0,0,0,0,0,0,0,0,0,0,0,0,0,0,0,0,0,0,0,0,0,0,0,0,0,0,0,0,0,0,0,0,0,0,0,0,0,0,0,0,0,0,0,0,0,0,0
MPB:bin_000093,4.88,11.01,7.945,4.382,7.549,6.677,0,7.657,4.418,5.429,3.175,3.567,5.677,7.313,0,4.701,3.381,16.188,9.34,2.759,4.924,3.397,4.921,3.313,0,0,10.959,1.772,9.762,9.125,3.553,3.889,3.104,1.854,11.419,2.358,4.662,3.428,5.125,0,5.533,2.242,2.092,2.994,7.708,2.245,0,6.158,3.457,2.965,2.098,3.716,7.535,4.517,7.604,2.431,7.801,0,9.845,3.376,0,7.827,9.336,7.212,3.709,1.754,3.273,12.923,4.207,8.78,0,3.43,5.416,4.918,4.838,3.434,13.478,2.664,15.533,1.359,0,12.76,10.147,6.033
MPB:bin_000094,0,6.943,0,0,5.687,3.978,0,0,0,0,0,0,4.976,0,0,0,0,9.476,0,0,0,0,0,7.358,0,0,0,0,0,0,0,2.746,0,0,6.09,0,0,0,0,0,0,0,0,0,0,0,0,5.425,0,3.362,0,0,0,0,0,3.013,4.839,0,7.395,0,0,0,0,0,0,0,0,0,0,0,0,0,0,0,0,0,7.125,0,0,0,0,10.701,0,0
MPB:bin_000095,0,0,0,0,0,0,0,0,0,0,0,0,0,0,0,0,0,0,0,0,0,0,0,0,0,0,0,0,0,0,0,0,0,0,0,0,0,0,0,0,0,0,0,0,0,0,0,0,0,0,0,0,0,0,0,0,0,0,0,0,0,0,0,0,0,0,0,0,0,0,0,0,0,0,0,0,0,0,0,0,0,0,0,0
MPB:bin_000097,0,0,0,0,3.328,0,0,0,0,0,2.941,0,0,0,0,0,0,0,0,0,0,0,0,0,0,0,0,0,0,0,0,0,0,0,0,0,0,0,0,0,0,0,0,0,0,0,0,0,0,0,0,0,0,0,0,0,0,0,0,0,0,0,0,0,0,0,0,0,0,0,0,0,0,0,0,0,0,0,0,0,0,0,0,0
MPB:bin_000100,7.177,15.532,10.308,10.283,12.586,10.161,0,8.781,8.615,12.715,8.818,6.94,8.064,6.81,2.923,7.177,5.23,30.871,12.036,3.755,9.754,6.543,3.836,8.372,0,0,12.143,3.279,12.37,12.193,7.837,4.992,3.739,4.198,14.896,3.22,9.056,4.051,3.16,0,6.723,4.599,3.91,4.6,13.314,4.007,0,18.081,3.504,3.724,4.794,6.249,11.625,11.003,8.891,10.494,7.137,2.164,11.521,4.704,0,10.116,11.786,7.52,5.543,2.163,3.769,12,5.832,7.045,4.67,2.561,10.198,4.672,6.186,6.469,14.968,6.944,10.889,0,0,19.632,9.38,7.762
MPB:bin_000103,0,0,0,0,0,0,0,0,0,0,0,0,0,0,0,0,0,0,0,0,0,0,0,0,0,0,0,0,0,0,0,0,0,0,0,0,0,0,0,0,0,0,0,0,0,0,0,0,0,0,0,0,0,0,0,0,0,0,0,0,0,0,0,0,0,0,0,0,0,0,0,0,0,0,0,0,0,0,0,0,0,0,0,0
MPB:bin_000105,14.338,22.135,18.699,11.828,15.111,20.277,3.018,12.904,26.727,16.122,15.256,18.741,13.894,17.869,3.179,9.507,6.881,39.576,20.578,6.433,16.89,12.923,8.783,11.196,0,1.534,22.608,5.932,15.907,30.297,8.419,7.85,11.24,8.476,30.192,7.632,20.029,8.243,7.489,0,16.109,10.696,10.261,12.777,33.915,7.678,0,19.312,11.602,10.143,5.676,10.493,14.075,23.906,16.06,11.764,13.77,3.888,13.294,9.701,0,21.554,27.975,11.826,8.31,5.173,9.189,28.31,10.494,12.283,8.963,9.815,20.847,11.109,16.211,18.567,34.055,13.207,16.841,0,0,28.877,15.621,14.948
MPB:bin_000106,0,1.841,0,0,1.334,0,0,0,0,1.441,1.859,0,0,0,0,0,0,1.945,1.571,0,0,0,0,0,0,0,2.081,0,0,0,0,1.417,0,0,1.829,0,0,0,0,0,0,0,0,0,0,0,0,2.888,0,0,0,0,0,0,0,0,0,0,2.456,0,0,0,1.481,1.323,0,0,0,1.665,0,0,0,0,1.551,0,1.7,2.254,1.906,0,1.554,0,0,0,0,0
MPB:bin_000107,0,2.666,0,0,0,0,0,0,0,0,0,0,0,0,0,0,0,0,0,0,0,0,0,0,0,0,0,0,3.089,0,0,0,0,0,0,1.766,0,0,0,0,0,0,0,0,0,0,0,0,0,0,0,0,0,0,0,0,0,0,0,0,0,0,2.813,0,0,0,0,0,0,0,0,0,0,0,0,0,0,0,0,0,0,0,0,0
MPB:bin_000108,0,0,0,0,0,0,0,0,0,0,0,0,0,0,0,0,0,0,0,0,0,0,0,0,0,0,0,0,0,0,0,0,0,0,0,0,0,0,0,0,0,0,0,0,0,0,0,0,0,0,0,0,0,0,0,0,0,0,0,0,0,0,0,0,0,0,0,0,0,0,0,0,0,0,0,0,0,0,0,0,0,0,0,0
MPB:bin_000109,10.89,18.944,15.731,12.594,15.86,11.232,0,13.33,15.436,13.707,10.623,8.765,15.919,12.876,3.296,12.323,8.082,22.402,15.469,6.008,16.227,9.357,8.144,9.635,0,1.076,17.267,4.912,19.259,17.705,8.768,7.583,5.32,5.969,22.774,5.912,16.619,7.009,7.649,0,21.371,6.715,7.149,9.856,19.89,6.228,0,19.515,6.825,8.511,3.278,13.372,15.458,17.221,13.703,27.029,14.607,3.468,23.11,9.891,0,18.783,19.365,12.768,7.319,5.141,6.242,17.205,6.974,10.264,7.339,5.542,15.501,9.239,11.303,11.742,31.933,11.321,24.937,0,0,40.486,10.121,12.507
MPB:bin_000110,3.137,6.897,0,2.885,5.247,3.08,0,0,0,5.91,0,0,3.185,0,0,2.058,0,7.482,6.493,1.439,3.506,2.239,0,2.536,0,0,6.31,0,0,4.295,3.177,0,0,0,3.679,3.447,0,2.132,0,0,10.796,0,0,2.995,2.633,1.962,0,3.068,0,0,1.36,0,4.888,6.326,3.806,2.549,8.454,0,4.259,0,0,3.09,3.247,2.485,0,0,1.733,3.372,2.409,0,0,0,2.905,2.049,0,0,4.536,2.761,4.169,0,0,9.451,3.583,0
MPB:bin_000111,2.072,2.368,1.506,0,3.345,2.556,0,1.756,2.844,0,1.375,0,0,2.604,0,0,0,2.395,1.57,0,1.597,1.576,0,0,0,0,2.259,0,0,2.53,0,0,0,0,2.406,0,1.892,0,0,0,0,0,1.151,1.666,1.225,0,0,2.551,0,0,0,0,3.226,1.59,1.724,1.632,1.167,0,2.143,0,0,1.856,1.22,1.693,0,0,0,2.059,0,0,0,0,1.964,0,0,0,2.21,0,1.311,0,0,2.502,1.763,0
MPB:bin_000113,0,0,0,0,0,0,0,0,0,0,0,0,0,0,0,0,0,0,0,0,0,0,0,0,0,0,0,0,0,0,0,0,0,0,0,0,0,0,0,0,0,0,0,0,0,0,0,0,0,0,0,0,0,0,0,0,0,0,0,0,0,0,0,0,0,0,0,0,0,0,0,0,0,0,0,0,0,0,0,0,0,0,0,0
MPB:bin_000114,0,0,0,0,0,0,0,0,0,0,0,0,0,0,0,0,0,0,0,0,0,0,0,0,0,0,0,0,0,0,0,0,0,0,0,0,0,0,0,0,0,0,0,0,0,0,0,0,0,0,0,0,0,0,0,0,0,0,0,0,0,0,0,0,0,0,0,0,0,0,0,0,0,0,0,0,0,0,0,0,0,0,0,0
MPB:bin_000115,0,0,0,0,0,0,0,0,0,0,0,0,0,0,0,0,0,0,0,0,0,0,0,0,0,0,0,0,0,0,0,0,0,0,0,0,0,0,0,0,0,0,0,0,0,0,0,0,0,0,0,0,0,0,0,0,0,0,0,0,0,0,0,0,0,0,0,0,0,0,0,0,0,0,0,0,0,0,0,0,0,0,0,0
MPB:bin_000116,0,0,0,0,0,0,0,0,0,0,0,0,0,0,0,0,0,0,0,0,0,0,0,0,0,0,0,0,0,0,0,0,0,0,0,0,0,0,0,0,0,0,0,0,0,0,0,0,0,0,0,0,0,0,0,0,0,0,0,0,0,0,0,0,0,0,0,0,0,0,0,0,0,0,0,0,0,0,0,0,0,0,0,0
MPB:bin_000120,10.082,21.082,9.675,8.931,15.802,11.152,0,9.75,16.087,9.152,9.402,5.745,9.614,14.979,0,7.402,6.718,20.239,9.601,5.379,12.986,9.344,5.319,5.18,0,0,17.406,6.749,10.461,16.587,8.759,5.478,3.715,5.007,16.327,4.438,11.721,5.883,6.461,0,13.775,4.398,6.109,7.256,12.672,4.524,0,9.94,4.4,4.358,3.469,8.65,13.179,14.647,10.316,8.864,7.024,2.832,14.714,6.653,0,15.639,14.758,8.943,4.196,3.449,5.725,14.316,5.741,8.372,7.086,4.665,13.366,5.606,8.021,11.312,16.442,9.195,9.979,0,0,20.309,12.143,9.571
MPB:bin_000122,0,0,0,0,0,0,0,0,0,2.144,0,0,0,0,0,0,0,0,0,0,0,0,0,0,0,0,0,0,0,0,0,0,0,0,0,0,0,0,0,0,0,2.687,0,0,0,0,0,0,0,0,0,0,0,0,0,0,2.701,0,1.554,1.6,0,0,0,0,0,0,0,0,0,1.697,0,0,0,0,0,0,0,0,0,0,0,0,0,0
MPB:bin_000123,0,1.3,0,0,0,0,0,0,0,0,0,0,0,0,0,0,0,0,0,0,0,0,0,0,0,0,0,0,0,0,0,0,0,0,0,0,0,0,0,0,0,0,0,0,0,0,0,0,0,0,0,0,0,0,0,0,0,0,0,0,0,0,0,0,0,0,0,0,0,0,0,0,0,0,0,0,0,0,0,0,0,0,0,0
MPB:bin_000125,25.058,59.638,35.745,28.125,57.989,26.759,0,48.572,23.429,30.17,33.726,18.269,34.95,39.117,3.952,26.984,19.29,75.506,29.635,16.239,36.528,20.289,22.237,15.67,0,2.588,62.781,11.606,43.238,41.416,31.633,27.738,15.239,11.62,66.229,15.45,39.234,27.486,18.489,0,45.816,10.448,13.31,27.143,27.642,16.294,0,40.146,15.696,18.271,13.245,29.4,33.2,33.851,42.508,31.773,32.24,4.688,43.841,33.443,0,28.157,41.492,38.249,19.463,15.035,17.267,47.65,17.9,31.454,18.557,9.711,50.72,27.964,21.446,22.018,47.552,17.03,46.448,1.658,0,82.932,28.605,30.117
MPB:bin_000127,0,0,0,0,0,0,0,0,0,0,0,0,0,0,0,0,0,0,0,0,0,0,0,0,0,0,0,0,0,0,0,0,0,0,0,0,0,0,0,0,0,0,0,0,0,0,0,0,0,0,0,0,0,0,0,0,0,0,0,0,0,0,0,0,0,0,0,0,0,0,0,0,0,0,0,0,0,0,0,0,0,0,0,0
MPB:bin_000129,4.786,7.41,6.15,5.61,6.589,5.274,0,5.01,9.054,3.866,5.911,2.873,5.953,3.775,0,4.33,2.465,13.37,4.946,1.328,4.169,1.726,1.454,1.764,0,0,8.881,1.775,2.991,10.711,8.347,2.866,1.849,1.874,9.402,2.079,4.942,2.89,0,0,3.344,1.328,1.217,3.119,5.059,1.854,0,4.932,3.697,1.998,1.294,2.464,7.583,6.484,4.515,2.354,5.502,1.187,6.051,4.112,0,3.11,9.336,3.773,1.818,1.51,4.685,10.267,3.749,1.956,2.454,2.073,5.783,2.185,4.285,5.002,11.87,2.127,6.43,0,0,5.132,7.649,4.345
MPB:bin_000130,0,0,0,0,0,0,0,0,0,0,0,0,0,0,0,0,0,0,0,0,0,0,0,0,0,0,1.467,0,0,0,0,0,0,0,0,0,0,0,0,0,0,0,0,0,0,0,0,0,0,0,0,0,0,0,0,0,0,0,0,0,0,0,1.369,0,0,0,0,0,0,0,0,0,0,0,0,0,0,0,0,0,0,0,0,0
MPB:bin_000131,19.554,41.648,25.342,19.659,31.329,16.602,2.261,21.866,47.538,19.243,21.186,15.57,28.405,30.815,4.102,8.245,11.373,56.993,7.01,14.782,27.051,10.907,8.361,10.397,0,1.517,31.985,8.186,18.422,27.477,9.823,9.492,12.704,7.264,29.662,4.53,10.595,39.311,11.745,0,31.701,6.457,10.832,12.689,30.309,7.387,0,45.699,12.875,9.211,4.393,38.985,33.155,39.33,31.255,15.133,9.963,6.199,27.664,2.241,0,49.01,29.718,13.626,13.001,7.763,12.419,38.307,12.783,29.053,8.611,14.462,25.906,17.317,26.328,18.79,44.451,16.961,22.693,0,0,53.785,15.239,16.245
MPB:bin_000132,8.431,0,0,0,7.663,0,0,0,0,12.277,6.461,0,4.196,0,0,6.004,0,0,2.349,0,0,0,0,5.119,0,0,6.006,0,0,0,0,6.921,1.722,0,0,0,0,0,0,0,0,10.224,0,0,0,0,0,0,0,0,0,0,0,0,0,0,10.152,0,7.878,14.887,0,0,0,5.401,2.735,0,2.611,0,0,16.52,0,2.479,0,0,0,0,0,0,0,0,0,0,0,0
MPB:bin_000133,4.836,4.411,2.502,2.365,6.841,3.714,0,3.439,0,5.01,2.878,2.579,4.429,0,0,2.986,0,7.052,4.072,0,2.712,2.244,0,2.817,0,0,5.71,0,5.169,0,2.119,2.696,1.931,0,5.888,0,3.556,1.758,0,0,3.676,2.153,0,0,0,2.051,0,3.967,2.025,2.638,1.258,2.93,2.953,0,3.719,0,3.549,0,28.482,4.293,0,2.718,4.691,4.234,0,0,2.171,5.582,0,3.915,0,0,3.957,2.906,4.496,4.205,6.426,1.983,4.302,0,0,3.672,4.122,0
MPB:bin_000135,0,0,0,0,0,0,0,0,0,0,0,0,0,0,0,0,0,0,0,0,0,0,0,0,0,0,0,0,0,0,0,0,0,0,0,0,0,0,0,0,0,0,0,0,0,0,0,0,0,0,0,0,0,0,0,0,0,0,0,0,0,0,0,0,0,0,0,0,0,0,0,0,0,0,0,0,0,0,0,0,0,0,0,0
MPB:bin_000136,4.633,11.181,11.069,5.626,7.984,4.971,0,6.051,7.521,5.875,5.652,4.382,6.076,6.719,0,3.678,3.488,13.279,6.868,3.41,6.882,3.752,3.919,2.989,0,0,8.961,2.809,21.85,7.299,4.17,3.842,5.068,2.019,11.381,2.008,7.95,7.567,4.667,0,4.581,3.357,3.325,4.737,8.563,0,0,9.39,3.235,3.831,1.908,4.81,7.061,8.845,16.292,3.537,5.627,0,12.298,4.821,0,7.318,8.118,6.509,2.527,0,2.861,8.997,5.672,4.988,3.292,3.588,8.253,3.828,5.903,7.193,14.01,4.979,7.443,0,0,9.129,5.341,5.816
MPB:bin_000137,0,0,0,0,0,0,0,0,0,0,0,0,0,0,0,0,0,0,0,0,0,0,0,0,0,0,0,0,0,0,0,0,0,0,0,0,0,0,0,0,0,0,0,0,0,0,0,0,0,0,0,0,0,0,0,0,0,0,0,0,0,0,0,0,0,0,0,0,0,0,0,0,0,0,0,0,0,0,0,0,0,0,0,0
MPB:bin_000138,7.097,6.987,3.873,5.097,9.47,8.085,0,6.875,3.836,8.159,10.178,3.307,8.734,3.85,0,4.091,1.946,8.22,6.442,1.951,3.717,2.621,2.9,2.761,0,0,8.787,0,6.832,3.846,0,6.144,4.381,0,8.205,2.182,3.128,2.487,0,0,3.626,4.436,0,3.442,0,2.183,0,5.956,2.641,2.817,1.538,4.441,3.95,2.884,5.465,0,19.083,0,8.518,5.269,0,0,8.649,5.984,3.146,0,3.344,7.351,2.686,8.381,2.196,3.021,9.321,0,4.685,6.633,9.709,2.73,7.529,0,0,6.192,3.059,3.083
MPB:bin_000140,0,0,0,0,0,0,0,0,0,0,0,0,0,0,0,0,0,0,0,0,0,0,0,0,0,0,0,0,0,0,0,0,0,0,0,0,0,0,0,0,0,0,0,0,0,0,0,0,0,0,0,0,0,0,0,0,0,0,0,0,0,0,0,0,0,0,0,0,0,0,0,0,0,0,0,0,0,0,0,0,0,0,0,0
MPB:bin_000141,2.683,4.142,2.319,3.023,4.27,2.527,0,2.082,2.507,2.688,2.624,0,2.397,2.665,0,1.295,0,3.517,2.706,0,3.339,1.42,0,1.756,0,0,3.577,0,2.06,5.16,1.712,1.89,1.456,0,3.997,1.291,3.16,1.982,0,0,3.226,2.035,2.14,2.502,2.576,0,0,3.59,1.686,0,1.487,2.187,4.591,3.893,2.967,1.405,1.7,0,3.232,2.208,0,3.39,3.954,2.301,0,0,2.123,4.772,1.83,2.427,0,2.383,2.86,1.845,2.275,1.834,4.713,2.116,2.18,0,0,3.44,3.19,2.188
MPB:bin_000143,10.274,7.222,2.74,5.75,13.334,9.134,0,7.897,2.943,14.26,10.808,6.662,11.909,7.664,0,6.354,1.57,16.107,9.471,2.954,4.208,3.89,3.531,5.919,0,0.71,15.308,1.862,8.51,6.235,1.819,8.669,7.065,0,11.52,2.528,4.84,2.965,0,0,2.798,5.58,2.082,3.084,4.544,3.663,0,5.395,2.752,4.044,2.323,4.13,5.148,3.139,5.797,2.882,8.148,0,11.554,11.52,0,3.974,11.231,9.906,5.558,0,6.716,9.227,2.921,9.222,4.24,5.414,7.952,4.063,8.775,7.905,6.62,3.785,10.602,0,0,7.567,4.646,3.682
MPB:bin_000144,0,0,0,0,0,0,0,0,0,0,0,0,0,0,0,77.716,0,290.789,0,0,0,0,0,0,0,0,0,0,0,0,26.695,0,0,0,0,0,0,3.281,0,0,18.777,0,0,0,0,0,0,0,0,0,47.064,12.505,0,0,0,0,0,0,0,0,0,34.069,41.003,0,25.137,0,0,0,0,0,0,0,0,0,0,0,0,9.278,0,0,0,0,0,0
MPB:bin_000145,31.688,10.536,6.859,10.82,44.857,14.148,0,26.271,4.02,33.128,29.669,6.666,18.48,9.443,0,14.952,2.323,31.809,17.025,2.982,20.035,12.682,6.396,10.112,0,1.266,40.958,2.826,33.107,13.462,7.252,24.493,10.849,3.434,17.034,4.168,16.968,18.315,4.631,0,7.86,17.15,3.398,8.451,12.344,12.814,0,10.135,7.36,6.09,3.011,13.494,5.637,11.994,23.711,11.035,35.607,0,102.046,30.108,0,7.528,19.924,18.708,10.818,2.251,9.924,16.165,4.822,29.605,6.031,5.718,22.287,9.375,18.808,13.793,21.799,4.648,19.715,0,0,19.267,9.48,4.113
MPB:bin_000146,0,0,0,0,0,0,0,0,0,0,0,0,0,0,0,0,0,0,0,0,0,0,0,0,0,0,0,0,0,0,0,0,0,0,0,0,0,0,0,0,0,0,0,0,0,0,0,0,0,0,0,0,0,0,0,0,0,0,0,0,0,0,0,0,0,0,0,0,0,0,0,0,0,0,0,0,0,0,0,0,0,0,0,0
MPB:bin_000147,0,0,0,0,0,0,0,0,0,0,0,0,0,0,0,0,0,0,0,0,0,0,0,0,0,0,0,0,0,0,0,0,0,0,0,0,0,0,0,0,0,0,0,0,0,0,0,0,0,0,0,0,0,0,0,0,0,0,0,0,0,0,0,0,0,0,0,0,0,0,0,0,0,0,0,0,0,0,0,0,0,0,0,0
MPB:bin_000148,0,0,0,0,0,0,0,0,0,0,0,0,0,0,0,0,0,0,0,0,0,0,0,0,0,0,0,0,0,0,0,0,0,0,0,0,0,0,0,0,0,0,0,0,0,0,0,0,0,0,0,0,0,0,0,0,0,0,0,0,0,0,0,0,0,0,0,0,0,0,0,0,0,0,0,0,0,0,0,0,0,0,0,0
MPB:bin_000149,2.39,2.47,2.265,0,3.468,3.205,0,2.445,0,3.074,2.848,0,3.572,3.957,0,3.15,0,3.4,3.077,1.099,0,0,0,0,0,0,5.921,0,1.905,0,1.725,1.956,0,0,3.451,0,0,1.789,0,0,1.926,0,0,0,0,0,0,2.814,0,0,1.107,2.065,1.94,0,2.568,0,2.603,0,4.464,2.182,0,2.334,3.098,3.049,0,0,0,3.785,1.79,2.258,0,0,2.653,0,2.008,2.223,0,2.027,3.317,0,0,3.425,3.734,0
MPB:bin_000150,0,0,0,0,0,0,0,0,0,0,0,0,0,0,0,0,0,0,0,0,0,0,0,0,0,0,0,0,0,0,0,0,0,0,0,0,0,0,0,0,0,0,0,0,0,0,0,0,0,0,0,0,0,0,0,0,0,0,0,0,0,0,0,0,0,0,0,0,0,0,0,0,0,0,0,0,0,0,0,0,0,0,0,0
MPB:bin_000152,5.486,6.668,3.96,4.878,7.553,4.159,0,4.825,0,5.468,4.714,5.121,5.73,4.315,0,4.46,2.042,8.873,5.986,2.115,4.018,3.975,2.95,3.279,0,0,8.105,1.538,6.197,5.851,3.5,2.883,3.402,0,6.384,0,3.83,2.532,0,0,3.958,2.034,1.699,2.714,3.421,2.429,0,6.703,1.98,1.942,0,3.293,4.804,3.343,4.774,3.684,5.253,0,9.142,3.78,0,3.269,6.754,5.084,2.563,0,2.241,6.062,2.504,4.651,2.234,0,5.126,3.479,4.472,4.288,5.689,3.121,6.842,0,0,7.815,3.861,3.485
MPB:bin_000153,35.055,26.28,24.179,20.346,49.167,28.529,2.387,47.199,6.704,29.676,26.991,19.481,34.822,25.898,3.042,32.272,3.914,72.216,42.426,10.17,23.837,16.801,14.693,19.384,0,2.128,52.147,6.468,69.003,35.613,12.254,16.374,8.923,8.159,57.378,8.475,23.487,21.353,8.194,0,11.18,18.715,6.702,13.722,11.875,19.14,0,25.126,10.043,20.546,7.714,24.398,26.303,12.951,22.3,12.609,43.123,2.315,54.22,43.522,0,24.443,52.212,37.155,15.951,10.421,23.29,32.489,16.379,30.275,18.359,3.637,27.26,15.604,34.643,14.386,24.944,9.454,46.366,0,0,36.3,19.266,20.677
MPB:bin_000155,8.001,13.736,8.117,5.559,10.55,9.06,0,8.902,8.016,8.382,9.624,7.537,8.289,8.796,0,5.606,3.736,13.216,5.838,4.131,7.537,5.107,4.92,3.997,0,0.851,13.655,3.033,7.694,9.128,5.068,5.213,4.495,2.569,14.226,3.051,8.273,6.058,3.837,0,10.905,3.174,4.382,4.784,7.516,4.092,0,10.56,4.69,3.968,3.578,7.073,10.272,9.455,8.811,6.476,7.735,2.023,11.885,7.098,0,6.894,13.441,6.958,2.413,2.892,5.066,10.839,5.394,7.693,3.368,3.985,11.864,6.039,6.406,7.086,16.472,6.874,7.665,0,0,16.986,10.461,7.63
MPB:bin_000156,0,0,0,0,0,0,0,0,0,0,0,0,0,0,0,0,0,0,0,0,0,0,0,0,0,0,0,0,0,0,0,0,0,0,0,0,0,0,0,0,0,0,0,0,0,0,0,0,0,0,0,0,0,0,0,0,0,0,0,0,0,0,0,0,0,0,0,0,0,0,0,0,0,0,0,0,0,0,0,0,0,0,0,0
MPB:bin_000158,0,0,0,0,0,0,0,0,0,0,0,0,0,0,0,0,0,0,0,0,0,0,0,0,0,0,0,0,0,0,0,0,0,0,0,0,0,0,0,0,0,0,0,0,0,0,0,0,0,0,0,0,0,0,0,0,0,0,0,0,0,0,0,0,0,0,0,0,0,0,0,0,0,0,0,0,0,0,0,0,0,0,0,0
MPB:bin_000160,0,0,0,0,0,0,0,0,0,0,0,0,0,0,0,0,0,0,0,0,0,0,0,0,0,0,0,0,0,0,0,0,0,0,0,0,0,0,0,0,0,0,0,0,0,0,0,0,0,0,0,0,0,0,0,0,0,0,0,0,0,0,0,0,0,0,0,0,0,0,0,0,0,0,0,0,0,0,0,0,0,0,0,0
MPB:bin_000162,11.327,2.863,0,2.684,16.449,5.974,2.144,11.027,0,13.207,13.313,4.212,13.132,0,0,18.112,0,57.234,9.918,0,0,2.836,0,8.569,0,0.69,22.289,0,19.161,3.115,0,7.543,4.861,0,5.325,2.848,0,1.937,0,0,0,7.512,0,0,0,0,0,0,0,3.526,1.469,0,4.392,0,0,0,10.396,0,17.53,9.535,0,0,18.305,10.8,6.815,0,5.098,3.27,0,12.358,2.324,4.06,5.49,0,5.528,4.764,0,2.235,6.687,0,0,0,0,0
MPB:bin_000163,0,0,0,0,0,0,0,0,0,0,0,0,0,0,0,0,0,0,0,0,0,0,0,0,0,0,0,0,0,0,0,0,0,0,0,0,0,0,0,0,0,0,0,0,0,0,0,0,0,0,0,0,0,0,0,0,0,0,0,0,0,0,0,0,0,0,0,0,0,0,0,0,0,0,0,0,0,0,0,0,0,0,0,0
MPB:bin_000165,0,0,0,0,0,0,0,0,0,0,0,0,0,0,0,0,0,0,0,0,0,0,0,0,0,0,0,0,0,0,0,0,0,0,0,0,0,0,0,0,0,0,0,0,0,0,0,0,0,0,0,0,0,0,0,0,0,0,0,0,0,0,0,0,0,0,0,0,0,0,0,0,0,0,0,0,0,0,0,0,0,0,0,0
MPB:bin_000167,0,0,0,0,0,0,0,0,0,0,0,0,0,0,0,0,0,0,0,0,0,0,0,0,0,0,0,0,0,0,0,0,0,0,0,0,0,0,0,0,0,0,0,0,0,0,0,0,0,0,0,0,0,0,0,0,0,0,0,0,0,0,0,0,0,0,0,0,0,0,0,0,0,0,0,0,0,0,0,0,0,0,0,0
MPB:bin_000168,0,0,0,0,0,0,0,0,0,0,0,0,0,0,0,0,0,0,0,0,0,0,0,0,0,0,0,0,0,0,0,0,0,0,0,0,0,0,0,0,0,0,0,0,0,0,0,0,0,0,0,0,0,0,0,0,0,0,0,0,0,0,0,0,0,0,0,0,0,0,0,0,0,0,0,0,0,0,0,0,0,0,0,0
MPB:bin_000169,0,13.813,0,0,14.457,0,0,0,0,0,0,0,0,0,0,0,0,15.698,0,0,0,0,0,0,0,0,12,0,0,0,0,0,0,0,14.993,0,0,0,0,0,0,0,0,0,0,0,0,0,0,0,0,0,0,0,0,0,0,0,12.33,0,0,0,16.263,0,0,0,0,0,0,0,0,0,0,0,0,0,0,0,15.722,0,0,0,0,0
MPB:bin_000170,0,0,0,0,0,0,0,0,0,0,0,0,0,0,0,0,0,0,0,0,0,0,0,0,0,0,0,0,0,0,0,0,0,0,0,0,0,0,0,0,0,0,0,0,0,0,0,0,0,0,0,0,0,0,0,0,0,0,0,0,0,0,0,0,0,0,0,0,0,1.465,0,0,0,0,0,0,0,0,0,0,0,0,0,0
MPB:bin_000173,13.421,13.386,7.26,7.178,12.8,8.23,0,14.634,6.766,14.759,9.619,4.855,10.804,7.036,1.513,7.454,2.994,18.267,11.265,2.954,12.204,6.34,4.242,8.576,0,0.662,17.439,3.137,12.955,11.159,8.661,7.075,5.712,3.557,14.094,3.976,6.972,6.33,3.061,0,8.73,7.65,5.008,4.979,5.41,5.79,0,18.814,5.128,5.312,2.107,8.197,15.351,8.68,12.046,8.666,9.252,1.285,23.792,8.591,0,10.303,13.695,9.555,5.798,1.583,5.504,12.509,4.135,9.843,3.975,2.375,11.354,5.707,7.867,7.656,16.619,6.104,20.013,0,0,21.576,9.564,7.052
MPB:bin_000174,0,0,0,0,0,0,0,0,0,0,0,0,0,0,0,0,0,0,0,0,0,0,0,0,0,0,0,0,0,0,0,0,0,0,0,0,0,0,0,0,0,0,0,0,0,0,0,0,0,0,0,0,0,0,0,0,0,0,0,0,0,0,0,0,0,0,0,0,0,0,0,0,0,0,0,0,0,0,0,0,0,0,0,0
MPB:bin_000177,0,4.025,4.05,2.884,3.288,0,0,0,5.065,4.623,0,0,2.068,0,0,1.876,0,0,0,0,0,2.717,0,0,0,0,0,0,0,0,2.229,2.551,0,0,4.025,0,0,3.047,0,0,3.481,0,0,0,0,0,0,13.071,0,2.319,1.777,0,4.421,3.575,0,8.725,0,0,3.694,2.389,0,2.564,3.136,0,0,0,0,3.193,0,0,0,0,3.297,0,0,0,15.856,0,6.002,0,0,19.812,0,0
MPB:bin_000185,0,0,0,0,0,0,0,0,0,0,0,0,0,0,0,0,0,0,0,0,0,0,0,0,0,0,0,0,0,0,0,0,0,0,0,0,0,0,0,0,0,0,0,0,0,0,0,0,0,0,0,0,0,0,0,0,0,0,0,0,0,0,0,0,0,0,0,0,0,0,0,0,0,0,0,0,0,0,0,0,0,0,0,0
MPB:bin_000187,9.726,15.388,7.785,5.28,14.119,8.108,0,9.784,10.596,8.233,8.2,6.052,8.885,11.142,0,4.937,4.7,19.606,9.213,4.28,9.397,8.49,6.977,6.983,0,0.643,15.146,4.149,11.655,9.048,7.319,6.434,3.952,4.454,12.424,3.954,9.109,5.355,4.575,0,12.05,3.457,6.119,6.419,11.996,6.108,0,9.621,3.706,4.993,2.006,8.293,13.331,10.256,8.502,6.856,7.945,2.503,12.926,5.677,0,10.839,14.29,7.755,3.878,2.438,4.708,9.66,6.411,6.347,5.5,5.236,11.755,5.995,6.068,7.109,10.145,8.77,7.565,0,0,19.637,6.367,6.327
MPB:bin_000190,0,8.965,0,0,8.595,0,0,0,0,0,0,0,0,0,0,0,0,0,0,0,5.78,0,0,0,0,0,0,0,0,0,0,0,0,0,8.811,0,0,0,0,0,0,0,0,0,0,0,0,0,0,0,0,0,0,0,0,0,0,0,0,0,0,0,0,0,0,0,0,0,0,0,0,0,0,0,0,0,0,0,0,0,0,0,0,0
MPB:bin_000191,82.078,131.823,81.355,70.562,141.023,67.221,5.253,114.24,34.719,91.755,80.788,36.402,117.53,92.991,12.672,67.542,27.808,147.962,74.621,33.35,80.27,52.038,41.515,63.629,3.051,6.238,116.274,31.808,129.326,78.76,53.909,62.794,34.125,21.893,142.37,33.51,82.897,51.604,40.741,0,70.797,39.489,32.145,33.969,48.604,31.116,0,79.919,25.322,53.328,18.588,95.612,52.669,79.24,76.921,54.327,121.607,7.951,118.913,85.544,0,75.614,158.447,105.131,50.237,19.906,41.024,112.552,37.879,88,46.453,28.206,97.364,35.21,62.615,67.981,124.476,56.53,158.588,3.942,0,165.176,80.275,41.044
MPB:bin_000193,0,0,0,0,0,0,0,0,0,0,0,0,0,0,0,0,0,0,0,0,0,0,0,0,0,0,0,0,0,0,0,0,0,0,0,0,0,0,0,0,0,0,0,0,0,0,0,0,0,0,0,0,0,0,0,0,0,0,0,0,0,0,0,0,0,0,0,0,0,0,0,0,0,0,0,0,0,0,0,0,0,0,0,0
MPB:bin_000194,0,0,0,0,0,0,0,0,0,0,0,0,0,0,0,0,0,0,0,0,0,0,0,0,0,0,0,0,0,0,0,0,0,0,0,0,0,0,0,0,0,0,0,0,0,0,0,0,0,0,0,0,0,0,0,0,0,0,0,0,0,0,0,0,0,0,0,0,0,0,0,0,0,0,0,0,0,0,0,0,0,0,0,0
MPB:bin_000195,0,0,0,0,0,0,0,0,0,0,0,0,0,0,0,0,0,0,0,0,0,0,0,0,0,0,0,0,0,0,0,0,0,0,0,0,0,0,0,0,0,0,0,0,0,0,0,0,0,0,0,0,0,0,0,0,0,0,0,0,0,0,0,0,0,0,0,0,0,0,0,0,0,0,0,0,0,0,0,0,0,0,0,0
MPB:bin_000196,0,0,0,0,0,0,0,0,0,0,0,0,0,0,0,0,0,0,0,0,0,0,0,0,0,0,0,0,0,0,0,0,0,0,0,0,0,0,0,0,0,0,0,0,0,0,0,0,0,0,0,0,0,0,0,0,0,0,0,0,0,0,0,0,0,0,0,0,0,0,0,0,0,0,0,0,0,0,0,0,0,0,0,0
MPB:bin_000198,0,0,0,0,0,0,0,0,0,0,0,0,0,0,0,0,0,0,0,0,0,0,0,0,0,0,0,0,0,0,0,0,0,0,0,0,0,0,0,0,0,0,0,0,0,0,0,0,0,0,0,0,0,0,0,0,0,0,0,0,0,0,0,0,0,0,0,0,0,0,0,0,0,0,0,0,0,0,0,0,0,0,0,0
MPB:bin_000201,0,0,0,0,0,0,0,0,0,0,0,0,0,0,0,0,0,0,0,0,0,0,0,0,0,0,0,0,0,0,0,0,0,0,0,0,0,0,0,0,0,0,0,0,0,0,0,0,0,0,0,0,0,0,0,0,0,0,0,0,0,0,0,0,0,0,0,0,0,0,0,0,0,0,0,0,0,0,0,0,0,0,0,0
MPB:bin_000203,0,0,0,0,0,0,0,0,0,0,0,0,0,0,0,0,0,0,0,0,0,0,0,0,0,0,0,0,0,0,0,0,0,0,0,0,0,0,0,0,0,0,0,0,0,0,0,0,0,0,0,0,0,0,0,0,0,0,0,0,0,0,0,0,0,0,0,0,0,0,0,0,0,0,0,0,0,0,0,0,0,0,0,0
MPB:bin_000204,0,0,0,0,0,0,0,0,0,0,0,0,0,0,0,0,0,0,0,0,0,0,0,0,0,0,0,0,0,0,0,0,0,0,0,0,0,0,0,0,0,0,0,0,0,0,0,0,0,0,0,0,0,0,0,0,0,0,0,0,0,0,0,0,0,0,0,0,0,0,0,0,0,0,0,0,0,0,0,0,0,0,0,0
MPB:bin_000209,0,0,0,0,0,0,0,0,0,0,0,0,0,0,0,0,0,0,0,0,0,0,0,0,0,0,0,0,0,0,0,0,0,0,0,0,0,0,0,0,0,0,0,0,0,0,0,0,0,0,0,0,0,0,0,0,0,0,0,0,0,0,0,0,0,0,0,0,0,0,0,0,0,0,0,0,0,0,0,0,0,0,0,0
MPB:bin_000212,0,0,0,0,0,0,0,0,0,0,0,0,0,0,0,0,0,0,0,0,0,0,0,0,0,0,0,0,0,0,0,0,0,0,0,0,0,0,0,0,0,0,0,0,0,0,0,0,0,0,0,0,0,0,0,0,0,0,0,0,0,0,0,0,0,0,0,0,0,0,0,0,0,0,0,0,0,0,0,0,0,0,0,0
MPB:bin_000213,0,8.085,0,0,0,0,0,0,0,0,0,0,0,0,0,0,0,9.553,0,0,0,0,0,0,0,0,0,0,7.391,0,0,0,0,0,0,0,0,0,0,0,0,0,0,0,0,0,0,0,0,0,0,0,5.62,0,0,0,0,0,0,0,0,0,0,6.924,0,0,0,0,0,0,0,0,0,0,0,0,0,0,0,0,0,0,0,0
MPB:bin_000214,3.69,4.607,2.641,1.846,4.182,3.977,0,3.613,0,3.812,2.661,0,4.117,0,0,2.77,0,6.604,4.445,0,2.251,2.364,2.215,2.928,0,0,3.879,1.262,5,2.623,0,1.804,2.052,0,4.349,0,0,0,0,0,3.171,0,0,1.938,1.733,0,0,3.93,1.626,0,0,3.714,2.855,1.666,3.537,0,2.695,0,5.369,2.396,0,0,3.867,2.869,0,0,1.651,2.296,2.008,4.839,1.774,0,3.232,0,1.821,2.99,4.148,0,5.39,0,0,3.315,2.177,0
MPB:bin_000216,0,0,0,0,0,0,0,0,0,0,0,0,0,0,0,0,0,0,0,0,0,0,0,0,0,0,0,0,0,0,0,0,0,0,0,0,0,0,0,0,0,0,0,0,0,0,0,0,0,0,0,0,0,0,0,0,0,0,0,0,0,0,0,0,0,0,0,0,0,0,0,0,0,0,0,0,0,0,0,0,0,0,0,0
MPB:bin_000217,0,0,0,0,0,0,0,0,0,0,0,0,0,0,0,0,0,0,0,0,0,0,0,0,0,0,0,0,0,0,0,0,0,0,0,0,0,0,0,0,0,0,0,0,0,0,0,0,0,0,0,0,0,0,0,0,0,0,0,0,0,0,0,0,0,0,0,0,0,0,0,0,0,0,0,0,0,0,0,0,0,0,0,0
MPB:bin_000220,0,0,0,0,0,0,0,0,0,0,0,0,0,0,0,0,0,0,0,0,0,0,0,0,0,0,0,0,0,0,0,0,0,0,0,0,0,0,0,0,0,0,0,0,0,0,0,0,0,0,0,0,0,0,0,0,0,0,0,0,0,0,0,0,0,0,0,0,0,1.477,0,0,0,0,0,0,0,0,0,0,0,0,0,0
MPB:bin_000221,0,0,0,0,0,0,0,0,0,0,0,0,0,0,0,0,0,0,0,0,0,0,0,0,0,0,0,0,0,0,0,0,0,0,0,0,0,0,0,0,0,0,0,0,0,0,0,0,0,0,0,0,0,0,0,0,0,0,0,0,0,0,0,0,0,0,0,0,0,0,0,0,0,0,0,0,0,0,0,0,0,0,0,0
MPB:bin_000223,0,4.059,0,0,0,0,0,3.654,0,0,0,0,0,0,0,0,0,0,0,0,0,0,0,0,0,0,0,0,0,0,0,0,0,0,0,0,0,0,0,0,0,0,0,0,0,0,0,0,0,0,0,0,0,0,0,0,0,0,0,0,0,0,0,0,0,0,0,0,0,0,0,0,0,0,0,0,0,0,0,0,0,0,0,0
MPB:bin_000225,0,3.516,0,0,0,0,0,0,0,0,0,0,0,0,0,0,0,0,0,0,0,0,0,0,0,0,0,0,0,0,0,0,0,0,0,0,0,0,0,0,0,0,0,0,0,0,0,0,0,0,0,0,0,0,0,0,0,0,0,0,0,0,0,0,0,0,0,0,0,0,0,0,0,0,0,0,0,0,0,0,0,0,0,0
MPB:bin_000227,0,0,0,0,0,0,0,0,0,0,0,0,0,0,0,0,0,0,0,0,0,0,0,0,0,0,0,0,0,0,0,0,0,0,0,0,0,0,0,0,0,0,0,0,0,0,0,0,0,0,0,0,0,0,0,0,0,0,0,0,0,0,0,0,0,0,0,0,0,0,0,0,0,0,0,0,0,0,0,0,0,0,0,0
MPB:bin_000228,0,0,0,0,0,0,0,0,0,0,0,0,0,0,0,0,0,0,0,0,0,0,0,0,0,0,0,0,0,0,0,0,0,0,0,0,0,0,0,0,0,0,0,0,0,0,0,0,0,0,0,0,0,0,0,0,0,0,0,0,0,0,0,0,0,0,0,0,0,0,0,0,0,0,0,0,0,0,0,0,0,0,0,0
MPB:bin_000230,0,0,0,0,0,0,0,0,0,0,1.348,0,0,0,0,0,0,0,0,0,0,0,0,0,0,0,0,0,0,0,0,0,0,0,0,0,0,0,0,0,0,0,0,0,0,0,0,0,0,0,0,0,0,0,0,0,0,0,0,0,0,0,0,0,0,0,0,0,0,0,0,0,0,0,0,0,0,0,0,0,0,0,0,0
MPB:bin_000231,5.797,7.922,3.954,7.517,8.34,4.893,0,6.084,2.81,5.731,7.612,11.012,7.443,5.358,0,5.14,2.322,12.071,6.662,1.708,5.63,3.976,2.223,4.101,0,0,8.835,2.745,18.079,5.394,2.601,3.669,2.649,0,8.63,0,4.902,2.98,0,0,4.67,3.173,2.517,2.217,4.172,3.08,0,7.498,3.071,3.326,1.545,3.392,5.399,3.76,10.82,2.443,6.158,0,8.756,3.587,0,3.526,8.008,7.648,2.663,0,2.715,9.399,3.635,5.948,3.273,1.621,7.164,3.239,5.518,4.464,7.805,2.867,10.788,0,0,9.047,5.797,4.827
MPB:bin_000232,101.56,9.377,7.306,39.191,174.59,50.16,2.791,78.482,6.785,164.519,135.275,15.039,106.103,11.492,2.569,89.605,2.529,54.899,78.876,4.565,7.622,14.23,7.56,83.401,2.546,3.181,130.725,5.922,51.675,11.533,4.721,69.278,57.291,2.503,20.139,13.777,6.671,17.039,3.855,0,8.541,64.054,4.185,6.216,8.186,9.173,0,8.138,5.362,27.059,4.026,13.761,17.354,6.634,7.562,5.488,118.168,0,156.628,103.05,0,7.492,56.095,89.384,36.688,0,38.874,14.029,7.093,120.686,7.694,33.295,40.042,7.752,31.779,15.921,11.679,7.635,35.99,6.803,0,12.228,8.425,7.514
MPB:bin_000233,0,0,0,0,0,0,0,0,0,0,0,0,0,0,0,0,0,0,0,0,0,0,0,0,0,0,0,0,0,0,0,0,0,0,0,0,0,0,0,0,0,0,0,0,0,0,0,0,0,0,0,0,0,0,0,0,0,0,0,0,0,0,0,0,0,0,0,0,0,0,0,0,0,0,0,0,0,0,0,0,0,0,0,0
MPB:bin_000236,97.368,126.353,93.49,98.348,154.041,132.504,26.415,108.368,123.536,116.847,104.997,105.914,112.824,119.445,22.515,64.779,41.555,226.577,114.014,45.082,84.557,65.414,70.637,77.387,2.28,10.05,166.2,32.747,129.171,166.841,81.303,73.929,60.434,35.325,257.237,46.841,107.747,51.707,49.282,2.654,82.009,87.191,45.168,86.115,105.999,47.315,0,409.381,87.464,47.609,42.874,76.424,119.993,112.898,100.667,50.334,93.184,18.407,124.69,92.736,0,187.531,137.813,96.919,57.808,29.901,68.398,217.631,69.109,78.669,59.208,73.607,123.734,79.319,107.059,128.365,270.279,76.83,129.773,4.319,0,203.261,97.716,92.203
MPB:bin_000237,168.405,56.11,68.326,81.329,223.461,195.098,10.404,150.669,35.152,190.872,186.596,158.934,202.202,138.177,3.191,109.055,5.587,269.858,184.433,57.091,76.575,76.789,87.204,117.02,3.705,14.158,315.027,31.764,184.238,62.768,58.935,92.701,104.155,25.102,217.219,64.909,86.687,70.969,46.726,2.087,90.266,105.627,40.309,71.887,32.817,59.111,0,93.889,113.866,91.328,58.215,95.836,23.315,65.355,119.819,47.806,172.666,2.533,215.229,157.544,0,80.252,220.19,169.039,93.487,23.451,94.713,284.364,67.284,160.533,69.311,77.648,190.338,94.152,161.391,188.353,325.294,49.088,202.305,7.997,0,141.17,136.629,14.997
MPB:bin_000238,0,0,0,0,0,0,0,0,0,0,0,0,0,0,0,0,0,0,0,0,0,0,0,0,0,0,0,0,0,0,0,0,0,0,0,0,0,0,0,0,0,0,0,0,0,0,0,0,0,0,0,0,0,0,0,0,0,0,0,0,0,0,0,0,0,0,0,0,0,0,0,0,0,0,0,0,0,0,0,0,0,0,0,0
MPB:bin_000243,0,0,0,0,0,0,0,0,0,0,0,0,0,0,0,0,0,0,0,0,0,0,0,0,0,0,0,0,0,0,0,0,0,0,0,0,0,0,0,0,0,0,0,0,0,0,0,0,0,0,0,0,0,0,0,0,0,0,0,0,0,0,0,0,0,0,0,0,0,0,0,0,0,0,0,0,0,0,0,0,0,0,0,0
MPB:bin_000246,0,0,0,0,0,0,0,0,0,0,0,0,0,0,0,0,0,0,0,0,0,0,0,0,0,0,0,0,0,0,0,0,0,0,0,0,0,0,0,0,0,0,0,0,0,0,0,0,0,0,0,0,0,0,0,0,0,0,0,0,0,0,0,0,0,0,0,0,0,0,0,0,0,0,0,0,0,0,0,0,0,0,0,0
MPB:bin_000248,0,0,0,0,0,0,0,0,0,0,0,0,0,0,0,0,0,0,0,0,0,0,0,0,0,0,0,0,0,0,0,0,0,0,0,0,0,0,0,0,0,0,0,0,0,0,0,0,0,0,0,0,0,0,0,0,0,0,0,0,0,0,0,0,0,0,0,0,0,0,0,0,0,0,0,0,0,0,0,0,0,0,0,0
MPB:bin_000254,0,0,0,0,0,0,0,0,0,0,0,0,0,0,0,0,0,0,0,0,0,0,0,0,0,0,0,0,0,0,0,0,0,0,0,0,0,0,0,0,0,0,0,0,0,0,0,0,0,0,0,0,0,0,0,0,0,0,0,0,0,0,0,0,0,0,0,0,0,0,0,0,0,0,0,0,0,0,0,0,0,0,0,0
MPB:bin_000264,0,0,0,0,0,0,0,0,0,0,0,0,0,0,0,0,0,0,0,0,0,0,0,0,0,0,0,0,0,0,0,0,0,0,0,0,0,0,0,0,0,0,0,0,0,0,0,0,0,0,0,0,0,0,0,0,0,0,0,0,0,0,0,0,0,0,0,0,0,0,0,0,0,0,0,0,0,0,0,0,0,0,0,0
MPB:bin_000266,5.455,15.179,16.101,6.281,12.611,5.792,2.203,22.653,8.16,0,7.049,12.872,28.178,6.224,3.851,7.607,8.057,14.243,0,3.565,27.592,5.873,0,0,0,2.275,7.456,4.273,17.64,8.209,7.215,16.548,0,0,29.425,0,0,4.212,6.142,0,17.928,0,4.591,9.686,13.026,10.188,0,16.239,0,6.844,0,25.911,8.531,0,11.596,0,6.269,2.881,18.072,0,0,12.903,16.657,17.789,6.659,0,3.667,12.617,11.573,5.604,0,0,20.603,5.716,7.508,10.584,24.951,17.54,27.419,0,0,39.747,0,0
MPB:bin_000268,14.326,14.11,12.583,12.826,13.832,13.673,1.833,12.392,13.518,10.755,12.938,13.84,13.511,11.551,3.204,7.63,5.61,22.352,13.001,6.073,14.313,7.432,7.944,7.386,0,0.912,16.482,4.591,12.025,20.27,10.292,7.997,7.732,4.894,25.994,4.509,13.135,6.881,5.305,0,13.597,6.776,5.275,12.267,23.066,5.945,0,14.801,8.042,4.57,4.138,8.348,12.694,15.764,11.186,7.921,13.982,2.924,12.719,11.073,0,15.845,17.555,12.378,6.047,4.624,6.361,23.315,7.877,13.661,5.943,6.343,18.204,11.099,9.606,13.875,30.704,9.69,12.956,0,0,22.081,9.053,10.127
MPB:bin_000269,0,0,0,0,0,0,0,0,0,0,0,0,0,0,0,0,0,0,0,0,0,0,0,0,0,0,0,0,0,0,0,0,0,0,0,0,0,0,0,0,0,0,0,0,0,0,0,0,0,0,0,0,0,0,0,0,0,0,0,0,0,0,0,0,0,0,0,0,0,0,0,0,0,0,0,0,0,0,0,0,0,0,0,0
MPB:bin_000271,45.309,57.566,45.398,40.026,46.684,53.25,8.059,39.384,58.414,50.646,47.199,50.08,53.937,45.607,10.559,26.423,18.55,87.657,55.727,24.667,46.058,28.123,29.156,28.228,0,4.336,67.852,14.601,41.002,72.351,32.087,33.241,26.629,19.746,88.292,19.162,52.237,22.099,18.224,1.978,39.761,29.991,22.416,36.222,84.64,17.448,0,76.162,37.426,24.644,20.528,28.345,49.864,50.785,39.182,46.716,54.124,13.798,51.794,43.068,0,51.653,63.722,43.231,24.73,14.167,32.056,94.255,25.601,38.23,24.461,25.142,56.828,33.987,43.976,55.934,132.851,36.908,57.117,3.443,0,86.27,46.279,43.142
MPB:bin_000272,0,1.861,0,1.761,4.027,0,0,0,0,2.479,0,0,0,0,5.38,0,0,0,0,0,0,0,0,0,0,0,1.946,0,0,0,1.937,0,0,0,3.407,0,0,0,0,0,0,0,0,0,4.592,0,0,4.022,0,0,0,0,7.677,1.516,1.756,0,0,0,0,0,0,0,0,0,0,0,0,2.38,0,0,0,0,0,0,0,0,0,0,1.404,0,0,0,0,0
MPB:bin_000275,0,0,0,0,0,0,0,0,0,0,0,0,0,0,0,0,0,0,0,0,0,0,0,0,0,0,0,0,0,0,0,0,0,0,0,0,0,0,0,0,0,0,0,0,0,0,0,0,0,0,0,0,0,0,0,0,0,0,0,0,0,0,0,0,0,0,0,0,0,0,0,0,0,0,0,0,0,0,0,0,0,0,0,0
MPB:bin_000279,11.729,2.734,0,4.572,22.718,11.313,0,11.565,0,12.81,16.048,6.527,9.302,2.8,0,17.969,0,18.613,15.145,1.702,1.809,3.041,1.599,10.875,0,1.041,17.803,1.718,9.699,4.892,0,9.305,4.75,0,5.633,3.093,0,1.834,0,0,0,4.856,0,0,0,2.251,0,2.677,4.208,4.141,4.198,2.367,3.08,0,4.894,0,10.396,0,11.516,6.33,0,2.165,17.093,10.529,6.026,0,7.319,6.805,1.845,14.567,2.834,7.093,5.335,2.347,5.832,6.866,7.9,1.685,8.788,0,0,3.438,5.142,1.834
MPB:bin_000284,5.068,7.627,5.18,5.107,8.157,5.465,0,6.47,0,7.033,8.357,4.175,6.463,6.676,0,3.736,2.317,10.985,7.096,1.859,5.222,3.524,3.46,3.46,0,0,8.892,2.317,6.109,6.207,4.243,5.796,3.488,2.111,10.877,2.223,4.847,3.427,2.504,0,5.121,3.641,0,2.824,6.559,2.763,0,7.603,0,3.64,0,4.995,7.232,5.712,5.646,3.5,6.239,1.675,7.207,4.64,0,5.86,8.504,7.306,2.63,1.861,4.35,9.154,3.633,6.487,0,0,6.931,3.331,4.724,3.662,9.18,4.021,7.168,0,0,12.446,4.454,4.455
MPB:bin_000288,0,0,0,0,0,0,0,0,0,0,0,0,0,0,0,0,0,0,0,0,0,0,0,0,0,0,0,0,0,0,0,0,0,0,0,0,0,0,0,0,0,0,0,0,0,0,0,0,0,0,0,0,0,0,0,0,0,0,0,0,0,0,0,0,0,0,0,0,0,0,0,0,0,0,0,0,0,0,0,0,0,0,0,0
MPB:bin_000289,25.011,18.719,9.845,18.207,41.666,25.791,2.363,32.063,3.263,29.884,33.609,13.859,30.92,16.431,0,25.146,2.942,38.632,30.735,5.118,11.602,11.373,12.476,25.007,0,1.763,50.79,8.667,37.829,18.04,7.069,19.103,17.207,2.596,23.599,10.411,8.643,15.817,4.115,0,12.103,12.999,5.304,9.795,4.017,7.458,0,14.885,5.381,14.162,4.887,12.709,11.444,6.732,20.072,6.875,36.009,1.258,54.361,22.344,0,8.015,44.15,33.809,12.148,3.01,10.931,16.763,15.604,37.082,10.537,9.044,28.527,7.635,20.331,18.398,9.743,13.113,40.803,1.765,0,19.536,9.957,8.013
MPB:bin_000292,25.591,24.273,27.558,20.732,23.27,28.035,3.043,23.286,34.234,22.174,22.927,21.158,24.832,19.974,4.431,13.412,9.92,40.54,22.136,10.668,21.541,15.832,13.839,15.211,0,2.376,31.253,7.53,26.488,36.136,15.973,15.018,13.78,10.616,45.777,10.302,21.958,9.648,9.07,2.088,17.514,17.759,10.515,20.606,48.964,9.406,0,32.417,22.039,8.734,9.452,15.2,22.724,31.745,21.117,18.729,24.489,6.259,25.898,21.524,0,25.823,28.767,25.338,12.715,9.245,15.021,53.359,14.517,22.33,10.254,14.967,22.595,15.789,21.893,26.827,64.593,21.851,20.73,0,0,43.23,21.681,18.009
MPB:bin_000298,2.667,0,0,1.726,2.761,2.219,0,2.106,0,2.416,2.69,0,2.23,0,0,0,0,3.122,2.477,0,0,0,0,1.989,0,0,2.725,0,0,0,0,0,0,0,2.413,0,0,0,0,0,0,0,0,0,0,0,0,0,0,0,0,0,0,0,0,0,3.257,0,2.815,1.886,0,0,2.448,3.255,1.623,0,1.463,0,0,3.028,0,0,2.247,0,1.741,0,0,0,2.233,0,0,0,0,0
MPB:bin_000303,9.014,12.37,6.184,8.101,9.851,8.204,0,8.274,5.654,10.93,7.397,4.971,7.284,11.874,0,7.439,3.657,15.758,6.688,3.066,8.773,6.264,4.309,5.997,0,0,12.633,3.38,12.487,7.709,11.408,5.167,3.345,2.531,14.271,1.864,10.651,3.217,4.002,0,8.648,2.528,4.69,3.551,8.443,4.643,0,8.766,3.062,3.242,2.286,7.562,6.773,8.521,7.875,6.729,9.485,0,12.313,6.585,0,12.701,10.731,9.845,3.714,2.432,7.249,10.322,5.98,8.416,5.012,2.462,11.494,6.818,6.577,7.002,8.706,4.613,11.284,0,0,13.961,8.286,7.151
MPB:bin_000307,4.919,7.588,4.093,11.556,15.388,7.046,0,6.014,0,14.012,4.094,3.415,3.387,4.465,0,6.805,1.865,10.25,8.136,0,3.657,4.205,0,2.736,0,0,12.147,0,7.694,3.76,17.999,5.436,2.275,0,11.758,0,2.951,4.434,0,0,0,3.511,0,3.266,10.366,0,0,24.863,2.863,2.914,1.59,3.344,17.715,6.225,9.325,2.899,30.353,0,6.987,6.404,0,9.175,7.384,4.525,1.803,0,3.377,8.439,3.053,3.554,0,2.549,5.783,0,3.543,3.497,8.136,0,11.846,0,0,9.722,5.428,3.857
MPB:bin_000310,0,0,0,0,0,0,0,0,0,0,0,0,0,0,0,0,0,0,0,0,0,0,0,0,0,0,0,0,0,0,0,0,0,0,0,0,0,0,0,0,0,0,0,0,0,0,0,0,0,0,0,0,0,0,0,0,0,0,0,0,0,0,0,0,0,0,0,0,0,0,0,0,0,0,0,0,0,0,0,0,0,0,0,0
MPB:bin_000314,1.94,3.708,0,0,2.977,2.318,0,2.144,2.928,2.382,2.556,0,2.318,2.596,0,1.907,0,4.084,1.923,0,2.677,1.994,0,0,0,0,3.123,1.332,2.961,3.644,0,0,0,0,3.041,0,2.362,0,0,0,0,0,0,0,3.771,0,0,3.992,0,0,0,2.166,2.305,2.372,2.011,2.386,2.301,0,4.99,1.72,0,0,2.973,0,2.352,0,0,3.277,0,1.918,0,0,2.605,0,0,2.028,3.345,0,2.621,0,0,3.859,2.649,2.385
MPB:bin_000315,0,0,0,0,0,0,0,0,0,0,0,0,0,0,0,0,0,0,0,0,0,0,0,0,0,0,0,0,0,0,0,0,0,0,0,0,0,0,0,0,0,0,0,0,0,0,0,0,0,0,0,0,0,0,0,0,0,0,0,0,0,0,0,0,0,0,0,0,0,0,0,0,0,0,0,0,0,0,0,0,0,0,0,0
MPB:bin_000316,0,1.17,0,0,0,0,0,0,0,0,0,0,2.02,0,0,0,0,0,0,0,0,0,0,0,0,0,1.514,0,0,0,0,0,0,0,0,0,0,0,0,0,0,0,0,0,1.118,0,0,0,0,0,0,0,0,0,0,0,0,0,0,0,0,4.49,0,0,0,0,0,0,0,0,0,0,0,0,0,0,0,0,1.204,0,0,0,0,0
MPB:bin_000319,0,0,0,0,4.266,0,0,0,0,0,3.278,0,0,0,0,2.493,0,4.129,3.359,0,0,0,0,0,0,0,3.535,0,0,0,0,0,0,0,0,0,0,0,0,0,0,0,0,0,0,0,0,0,0,0,0,0,0,0,0,0,0,0,0,0,0,0,0,0,0,0,0,0,0,0,0,0,0,0,0,0,0,0,0,0,0,0,0,0
MPB:bin_000322,10.116,16.119,10.953,8.796,18.05,10.431,0,15.857,5.589,14.356,12.902,5.955,17.126,14.914,0,8.807,3.339,20.44,10.58,4.089,10.525,7.367,5.843,8.048,0,0.951,17.218,4.013,14.744,10.762,7.627,8.205,5.25,2.518,20.597,3.973,10.91,6.478,4.66,0,8.498,5.63,4.501,3.497,6.725,4.202,0,9.809,3.599,7.572,2.793,11.716,6.624,11.199,10.07,7.561,15.44,0,15.801,10.326,0,9.515,19.834,15.093,6.654,2.202,5.036,14.639,4.729,13.672,5.369,4.116,13.619,4.669,7.848,8.51,16.798,6.263,17.82,0,0,21.108,11.901,5.134
MPB:bin_000324,0,0,0,0,0,0,0,0,0,0,0,0,0,0,0,0,0,0,0,0,0,0,0,0,0,0,0,0,0,0,0,0,0,0,0,0,0,0,0,0,0,0,0,0,0,0,0,0,0,0,0,0,0,0,0,0,0,0,0,0,0,0,0,0,0,0,0,0,0,0,0,0,0,0,0,0,0,0,0,0,0,0,0,0
MPB:bin_000325,7.12,19.824,16.978,29.522,12.267,8.182,0,6.838,16.189,8.981,6.95,6.239,13.559,10.032,0,9.632,6.964,19.225,17.014,6.235,16.153,12.791,4.341,0,0,0,16.957,3.128,11.727,10.434,16.366,32.668,4.01,2.723,55.434,3.268,11.7,7.107,7.588,0,9.284,6.41,4.23,4.659,14.225,3.364,0,123.439,4.722,13.035,8.291,8.09,9.681,9.192,12.49,7.627,8.528,4.181,12.897,6.48,0,33.386,20.49,7.971,5.201,8.064,4.436,12.9,4.786,6.566,3.803,15.274,11.428,6.363,6.606,11.948,35.582,7.151,12.284,0,0,32.233,8.062,7.538
MPB:bin_000328,0,0,0,0,0,0,0,0,0,0,0,0,0,0,0,0,0,0,0,0,0,0,0,0,0,0,0,0,0,0,0,0,0,0,0,0,0,0,0,0,0,0,0,0,0,0,0,0,0,0,0,0,0,0,0,0,0,0,0,0,0,0,0,0,0,0,0,0,0,0,0,0,0,0,0,0,0,0,0,0,0,0,0,0
MPB:bin_000330,0,0,0,0,0,0,0,0,0,0,0,0,0,0,0,0,0,0,0,0,0,0,0,0,0,0,0,0,0,0,0,0,0,0,0,0,0,0,0,0,0,0,0,0,0,0,0,0,0,0,0,0,0,0,0,0,0,0,0,0,0,0,0,0,0,0,0,0,0,0,0,0,0,0,0,0,0,0,0,0,0,0,0,0
MPB:bin_000332,0,1.934,0,0,1.56,1.983,0,0,3.894,2.001,0,0,0,0,0,0,0,2.501,0,0,1.226,0,0,1.252,0,0,1.312,0,0,2.138,0,0,0,0,1.296,0,0,0,0,0,0,0,0,0,1.126,0,0,1.611,0,0,0,0,1.669,2.285,1.849,0,0,0,0,0,0,1.752,1.201,0,0,0,0,1.75,0,1.722,0,0,0,0,0,0,2.535,1.499,1.689,0,0,1.989,0,0
MPB:bin_000336,0,0,0,0,0,0,0,0,0,0,1.981,0,0,0,0,0,0,2.162,0,0,0,0,0,0,0,0,2.156,0,0,0,0,0,0,0,0,0,0,0,0,0,0,0,0,0,0,0,0,0,0,0,0,0,0,0,0,0,8.551,0,0,2.604,0,0,0,1.782,0,0,0,1.906,0,0,0,0,0,0,0,0,1.742,0,0,0,0,0,0,0
MPB:bin_000340,7.395,9.723,8.116,6.35,9.961,8.265,0,7.06,7.666,8.002,6.393,4.655,8.002,7.27,0,4.671,0,11.545,8.616,3.13,7.724,5.305,0,4.409,0,0,10.349,3.202,7.5,9.768,6.004,4.407,3.831,2.922,13.015,0,7.743,3.887,4.146,0,8.821,3.629,4.411,5.272,9.259,3.594,0,12.209,4.325,0,2.23,6.719,7.688,7.74,6.713,5.304,8.38,0,8.715,6.991,0,9.12,9.698,6.916,3.871,2.376,3.695,13.304,4.768,5.7,4.066,4.079,8.952,4.728,6.597,7.001,15.413,4.972,7.916,0,0,16.399,6.668,6.915
MPB:bin_000341,0,0,0,0,0,0,0,0,0,0,0,0,0,0,0,0,0,0,0,0,0,0,0,0,0,0,0,0,0,0,0,0,0,0,0,0,0,0,0,0,0,0,0,0,0,0,0,0,0,0,0,0,0,0,0,0,0,0,0,0,0,0,0,0,0,0,0,0,0,0,0,0,0,0,0,0,0,0,0,0,0,0,0,0
MPB:bin_000347,0,0,0,0,0,0,0,0,0,0,0,0,0,0,0,0,0,0,0,0,0,0,0,0,0,0,0,0,0,0,0,0,0,0,0,0,0,0,0,0,0,0,0,0,0,0,0,0,0,0,0,0,0,0,0,0,0,0,0,0,0,0,0,0,0,0,0,0,0,0,0,0,0,0,0,0,0,0,0,0,0,0,0,0
MPB:bin_000350,0,3.154,2.607,0,2.714,2.649,0,3.371,0,3.605,2.998,0,2.418,3.186,0,0,0,4.372,0,0,0,0,0,0,0,0,4.432,0,3.79,0,0,0,0,0,3.242,1.537,0,0,0,0,0,0,0,0,2.153,0,0,4.195,1.864,1.845,0,3.275,0,0,0,0,3.488,0,2.858,0,0,2.268,3.38,2.218,0,0,2.146,3.924,0,2.577,0,0,3.973,0,0,2.081,5.643,0,2.46,0,0,6.107,2.518,0
MPB:bin_000354,0,0,0,0,0,0,0,0,0,0,0,0,0,0,0,0,0,0,0,0,0,0,0,0,0,0,0,0,0,0,0,0,0,0,0,0,0,0,0,0,0,0,0,0,0,0,0,0,0,0,0,0,0,0,0,0,0,0,0,0,0,0,0,0,0,0,0,0,0,0,0,0,0,0,0,0,0,0,0,0,0,0,0,0
MPB:bin_000358,2.766,0,0,0,0,0,0,0,0,0,0,0,0,0,0,0,0,0,0,0,0,0,0,0,0,0,0,0,0,0,0,0,0,0,0,0,0,0,0,0,0,0,0,0,0,0,0,0,0,0,0,0,0,0,0,0,4.419,0,0,0,0,0,0,0,0,0,0,0,0,0,0,0,0,0,0,0,0,0,0,0,0,0,0,0
MPB:bin_000364,0,0,0,0,0,0,0,0,0,0,0,0,0,0,0,0,0,0,0,0,0,0,0,0,0,0,0,0,0,0,0,0,0,0,0,0,0,0,0,0,0,0,0,0,0,0,0,0,0,0,0,0,0,0,0,0,0,0,0,0,0,0,0,0,0,0,0,0,0,0,0,0,0,0,0,0,0,0,0,0,0,0,0,0
MPB:bin_000365,0,0,0,0,0,0,0,0,0,0,0,0,0,0,0,0,0,0,0,0,0,0,0,0,0,0,0,0,0,0,0,0,0,0,0,0,0,0,0,0,0,0,0,0,0,0,0,0,0,0,0,0,0,0,0,0,0,0,0,0,0,0,0,0,0,0,0,0,0,0,0,0,0,0,0,0,0,0,0,0,0,0,0,0
MPB:bin_000373,0,0,0,0,0,0,0,0,0,0,0,0,0,0,0,0,0,0,0,0,0,0,0,0,0,0,0,0,0,0,0,0,0,0,0,0,0,0,0,0,0,0,0,0,0,0,0,0,0,0,0,0,0,0,0,0,0,0,0,0,0,0,0,0,0,0,0,0,0,0,0,0,0,0,0,0,0,0,0,0,0,0,0,0
MPB:bin_000375,0,0,0,0,0,0,0,0,0,0,0,0,0,0,0,0,0,0,0,0,0,0,0,0,0,0,0,0,0,0,0,0,0,0,0,0,0,0,0,0,0,0,0,0,0,0,0,0,0,0,0,0,0,0,0,0,0,0,0,0,0,0,0,0,0,0,0,0,0,0,0,0,0,0,0,0,0,0,0,0,0,0,0,0
MPB:bin_000378,0,0,0,0,0,0,0,0,0,0,0,0,0,0,0,0,0,0,0,0,0,0,0,0,0,0,0,0,0,0,0,0,0,0,0,0,0,0,0,0,0,0,0,0,0,0,0,0,0,0,0,0,0,0,0,0,0,0,0,0,0,0,0,0,0,0,0,0,0,0,0,0,0,0,0,0,0,0,0,0,0,0,0,0
MPB:bin_000379,0,0,0,0,0,0,0,0,0,0,0,0,0,0,0,0,0,2.025,0,0,0,0,0,0,0,0,0,0,0,0,0,0,0,0,0,0,0,0,0,0,0,0,0,0,0,0,0,0,0,0,0,0,0,0,0,0,0,0,0,0,0,0,0,0,0,0,0,0,0,0,0,0,0,0,0,0,0,0,0,0,0,0,0,0
MPB:bin_000380,0,0,0,0,0,0,0,0,0,0,0,0,0,0,0,0,0,0,0,0,0,0,0,0,0,0,0,0,0,0,0,0,0,0,0,0,0,0,0,0,0,0,0,0,0,0,0,0,0,0,0,0,0,0,0,0,0,0,0,0,0,0,0,0,0,0,0,0,0,0,0,0,0,0,0,0,0,0,0,0,0,0,0,0
MPB:bin_000382,2.754,0,0,0,3.959,5.026,0,2.273,0,3.395,10.887,1.782,2.214,0,0,2.074,0,2.776,2.547,0,0,0,0,0,0,0,6.167,0,3.24,0,0,1.637,1.899,0,2.09,0,0,0,0,0,0,1.892,0,0,0,0,0,0,2.324,0,0,0,0,0,0,0,2.195,0,3.729,2.367,0,0,3.239,3.264,3.013,0,1.436,3.282,0,1.914,0,1.965,2.002,0,1.847,2.263,3.722,0,2.864,0,0,0,0,0
MPB:bin_000383,0,0,0,0,0,0,0,0,0,0,0,0,0,0,0,0,0,0,0,0,0,0,0,0,0,0,0,0,0,0,0,0,0,0,0,0,0,0,0,0,0,0,0,0,0,0,0,0,0,0,0,0,0,0,0,0,0,0,0,0,0,0,0,0,0,0,0,0,0,0,0,0,0,0,0,0,0,0,0,0,0,0,0,0
MPB:bin_000385,0,0,0,0,0,0,0,0,0,0,0,0,0,0,0,0,0,0,0,0,0,0,0,0,0,0,0,0,0,0,0,0,0,0,0,0,0,0,0,0,0,0,0,0,0,0,0,0,0,0,0,0,0,0,0,0,0,0,0,0,0,0,0,0,0,0,0,0,0,0,0,0,0,0,0,0,0,0,0,0,0,0,0,0
MPB:bin_000387,34.487,38.513,32.768,21.438,34.958,25.765,4.284,29.392,24.056,25.889,28.405,21.13,32.784,29.709,8.902,21.314,13.352,48.334,24.642,11.763,28.609,15.868,14.865,18.473,0,2.278,50.598,11.027,44.379,29.519,24.161,16.477,14.529,8.172,45.959,10.399,29.917,19.235,13.142,0,35.049,13.254,14.236,17.105,24.517,12.771,0,29.614,13.21,12.666,7.378,25.759,20.594,28.826,22.246,24.078,32.644,5.426,45.85,24.141,0,35.787,53.716,28.643,12.346,8.583,14.256,36.765,12.228,33.212,13.73,9.471,32.559,16.516,20.324,20.073,43.854,17.052,33.948,0,0,54.512,26.586,19.454
MPB:bin_000390,0,0,0,0,0,0,0,0,0,0,0,0,0,0,0,0,0,0,0,0,0,0,0,0,0,0,0,0,0,0,0,0,0,0,0,0,0,0,0,0,0,0,0,0,0,0,0,0,0,0,0,0,0,0,0,0,0,0,0,0,0,0,0,0,0,0,0,0,0,0,0,0,0,0,0,0,0,0,0,0,0,0,0,0
MPB:bin_000393,2.549,6.045,3.618,2.761,4.047,4.042,0,3.123,4.232,3.265,4.465,3.386,3.226,4.316,0,1.651,1.667,7.527,3.661,0,2.88,2.504,1.99,0,0,0,5.362,0,2.839,7.578,2.993,3.286,2.687,1.7,5.715,0,3.487,2.186,1.639,0,3.645,1.985,0,3.599,6.215,0,0,5.996,0,1.896,0,2.577,2.951,5.06,2.599,1.902,4.468,0,5.323,2.201,0,4.158,5.551,4.342,0,0,0,5.166,2.242,3.483,0,0,3.666,2.249,2.541,3.78,9.342,2.977,4.335,0,0,8.477,2.978,0
MPB:bin_000394,4.34,0,0,3.811,3.895,4.396,0,2.487,0,3.244,2.739,2.677,4.615,13.736,0,2.465,0,3.7,2.476,0,0,1.88,0,0,0,0,5.158,1.83,2.032,3.2,0,3.128,0,1.593,3.472,0,0,1.767,0,0,0,0,0,1.785,0,0,0,2.718,0,0,0,6.854,0,0,0,13.035,1.969,0,4.376,3.661,0,0,2.636,3.63,2.473,0,1.565,4.255,0,2.07,0,1.449,1.728,3.406,1.863,3.579,2.494,0,2.559,0,0,3.66,0,4.381
MPB:bin_000395,0,0,0,0,0,0,0,0,0,0,0,0,0,0,0,0,0,0,0,0,0,0,0,0,0,0,0,0,0,0,0,0,0,0,0,0,0,0,0,0,0,0,0,0,0,0,0,0,0,0,0,0,0,0,0,0,0,0,0,0,0,0,0,0,0,0,0,0,0,0,0,0,0,0,0,0,0,0,0,0,0,0,0,0
MPB:bin_000396,0,0,0,0,0,0,0,0,0,0,0,0,0,0,0,0,0,0,0,0,0,0,0,0,0,0,0,0,0,0,0,0,0,0,0,0,0,0,0,0,0,0,0,0,0,0,0,0,0,0,0,0,0,0,0,0,0,0,0,0,0,0,0,0,0,0,0,0,0,0,0,0,0,0,0,0,0,0,0,0,0,0,0,0
MPB:bin_000397,0,0,0,0,0,0,0,0,0,0,0,0,0,0,0,0,0,0,1.447,0,0,0,0,0,0,0,0,0,0,0,0,0,0,0,0,0,0,0,0,0,0,0,0,0,0,0,0,0,0,0,0,0,0,0,0,0,0,0,0,0,0,0,0,0,0,0,0,0,0,0,0,0,0,0,0,0,0,0,0,0,0,0,0,0
MPB:bin_000398,0,3.2,0,0,0,0,0,0,0,0,0,0,0,0,0,0,0,3.63,0,0,0,0,0,0,0,0,0,0,0,3.015,0,0,0,0,0,0,0,0,0,0,0,0,0,0,0,0,0,0,0,0,0,0,0,0,0,0,0,0,0,0,0,0,0,0,0,0,0,0,0,0,0,0,0,0,0,0,0,0,0,0,0,0,0,0
MPB:bin_000399,0,0,0,0,0,0,0,0,0,0,0,0,0,0,0,0,0,0,0,0,0,0,0,0,0,0,0,0,0,0,0,0,0,0,0,0,0,0,0,0,0,0,0,0,0,0,0,0,0,0,0,0,0,0,0,0,0,0,0,0,0,0,0,0,0,0,0,0,0,0,0,0,0,0,0,0,0,0,0,0,0,0,0,0
MPB:bin_000400,8.103,9.168,10.071,8.421,11.02,8.427,0,12.999,12.033,7.3,9.685,5.967,8.209,6.113,3.297,7.475,3.953,21.246,7.803,6.072,12.298,4.981,3.262,4.687,0,0.68,13.597,4.883,13.348,15.037,6.91,4.267,5.321,5.309,16.018,2.136,10.235,7.579,5.625,0,8.752,4.727,3.805,8.527,20.625,4.488,0,10.86,3.071,3.582,2.663,8.948,13.111,12.179,5.4,8.703,11.946,4.876,10.958,6.005,0,10.772,12.996,10.476,4.209,4.824,3.443,14.136,5.824,5.335,4.333,2.602,14.967,6.161,9.617,7.928,15.337,8.147,9.332,0,0,17.112,8.362,7.357
MPB:bin_000402,0,0,0,0,0,0,0,0,0,0,0,0,0,0,0,0,0,0,0,0,0,0,0,0,0,0,0,0,0,0,0,0,0,0,0,0,0,0,0,0,0,0,0,0,0,0,0,0,0,0,0,0,0,0,0,0,0,0,0,0,0,0,0,0,0,0,0,0,0,0,0,0,0,0,0,0,0,0,0,0,0,0,0,0
MPB:bin_000403,0,0,0,0,0,0,0,0,0,0,0,0,0,0,0,0,0,0,0,0,0,0,0,0,0,0,0,0,0,0,0,0,0,0,0,0,0,0,0,0,0,0,0,0,0,0,0,0,0,0,0,0,0,0,0,0,0,0,0,0,0,0,0,0,0,0,0,0,0,0,0,0,0,0,0,0,0,0,0,0,0,0,0,0
MPB:bin_000405,0,0,0,0,0,0,0,0,0,0,0,0,0,0,0,0,0,0,0,0,0,0,0,0,0,0,0,0,0,0,0,0,0,0,0,0,0,0,0,0,0,0,0,0,0,0,0,0,0,0,0,0,0,0,0,0,0,0,0,0,0,0,0,0,0,0,0,0,0,0,0,0,0,0,0,0,0,0,0,0,0,0,0,0
MPB:bin_000407,0,0,0,0,0,0,0,0,0,0,0,0,0,0,0,0,0,1.349,0,0,0,0,0,0,0,0,0,0,0,0,1.664,0,0,0,0,0,0,0,0,0,0,0,0,0,0,0,0,0,0,0,0,0,0,0,0,0,7.748,0,1.686,0,0,0,1.203,0,0,0,0,0,0,0,0,0,0,0,0,0,0,0,0,0,0,0,0,0
MPB:bin_000408,2.279,3.717,0,1.98,3.362,2.457,0,2.755,0,2.279,3.456,0,0,1.843,0,0,0,3.553,4.051,0,0,0,0,2.177,0,0,3.7,0,3.976,3.194,0,0,4.258,0,2.908,0,0,0,0,0,0,0,0,0,1.691,0,0,2.5,0,0,0,1.917,2.398,3.482,2.16,0,2.932,0,3.102,0,0,0,2.866,2.372,1.579,0,1.563,2.919,2.184,2.57,0,0,2.414,0,2.55,1.747,4.382,1.767,3.76,0,0,3.964,0,1.911
MPB:bin_000409,0,0,0,0,0,0,0,0,0,0,0,0,0,0,0,0,0,0,0,0,0,0,0,0,0,0,0,0,0,0,0,0,0,0,0,0,0,0,0,0,0,0,0,0,0,0,0,0,0,0,0,0,0,0,0,0,0,0,0,0,0,0,0,0,0,0,0,0,0,0,0,0,0,0,0,0,0,0,0,0,0,0,0,0
MPB:bin_000410,0,0,0,0,0,0,0,0,0,0,0,0,0,0,0,0,0,0,0,0,0,0,0,0,0,0,0,0,0,0,0,0,0,0,0,0,0,0,0,0,0,0,0,0,0,0,0,0,0,0,0,0,0,0,0,0,3.885,0,0,0,0,0,0,0,0,0,0,0,0,0,0,0,0,0,0,0,0,0,0,0,0,0,0,0
MPB:bin_000411,0,0,0,0,0,0,0,0,0,0,0,0,0,0,0,0,0,0,0,0,0,0,0,0,0,0,0,0,0,0,0,0,0,0,0,0,0,0,0,0,0,0,0,0,0,0,0,0,0,0,0,0,0,0,0,0,0,0,0,0,0,0,0,0,0,0,0,0,0,0,0,0,0,0,0,0,0,0,0,0,0,0,0,0
MPB:bin_000413,0,0,0,0,0,0,0,0,0,0,0,0,0,0,0,0,0,0,0,0,0,0,0,0,0,0,0,0,0,0,0,0,0,0,0,0,0,0,0,0,0,0,0,0,0,0,0,0,0,0,0,0,0,0,0,0,0,0,0,0,0,0,0,0,0,0,0,0,0,0,0,0,0,0,0,0,0,0,0,0,0,0,0,0
MPB:bin_000414,0,0,0,0,0,0,0,0,0,0,0,0,0,0,0,0,0,0,0,0,0,0,0,0,0,0,0,0,0,0,0,0,0,0,0,0,0,0,0,0,0,0,0,0,0,0,0,0,0,0,0,0,0,0,0,0,0,0,0,0,0,0,0,0,0,0,0,0,0,0,0,0,0,0,0,0,0,0,0,0,0,0,0,0
MPB:bin_000416,0,0,0,0,0,0,0,0,0,0,0,0,0,0,0,0,0,0,0,0,0,0,0,0,0,0,0,0,0,0,0,0,0,0,0,0,0,0,0,0,0,0,0,0,0,0,0,0,0,0,0,0,0,0,0,0,0,0,0,0,0,0,0,0,0,0,0,0,0,0,0,0,0,0,0,0,0,0,0,0,0,0,0,0
MPB:bin_000418,0,0,0,0,0,0,0,0,0,0,0,0,0,0,0,0,0,0,0,0,0,0,0,0,0,0,0,0,0,0,0,0,0,0,0,0,0,0,0,0,0,0,0,0,0,0,0,0,0,0,0,0,0,0,0,0,0,0,0,0,0,0,0,0,0,0,0,0,0,0,0,0,0,0,0,0,0,0,0,0,0,0,0,0
MPB:bin_000419,0,0,0,0,0,0,0,0,0,0,0,0,0,0,0,0,0,0,0,0,0,0,0,0,0,0,0,0,0,0,0,0,0,0,0,0,0,0,0,0,0,0,0,0,0,0,0,0,0,0,0,0,0,0,0,0,0,0,0,0,0,0,0,0,0,0,0,0,0,0,0,0,0,0,0,0,0,0,0,0,0,0,0,0
MPB:bin_000421,0,0,0,0,0,0,0,0,0,1.502,0,0,0,0,0,0,0,0,0,0,0,0,0,0,0,0,0,0,0,0,0,0,0,0,0,0,0,0,0,0,2.164,0,0,0,0,0,0,0,0,0,0,0,0,0,0,0,0,0,0,0,0,0,0,0,0,0,0,0,0,0,0,0,0,0,0,0,0,0,0,0,0,0,0,0
MPB:bin_000424,0,4.991,0,0,4.239,0,0,0,0,0,0,0,3.895,0,0,2.478,0,5.044,4.211,0,0,0,0,0,0,0,5.214,0,0,4.127,0,0,0,0,0,0,0,0,0,0,0,0,0,0,0,0,0,0,0,0,0,0,0,0,3.411,2.875,2.899,0,0,0,0,0,4.511,0,0,0,0,0,0,2.943,0,0,3.647,0,0,0,6.144,0,3.637,0,0,0,3.567,0
MPB:bin_000425,0,0,0,0,0,0,0,0,0,0,0,0,0,0,0,0,0,0,0,0,0,0,0,0,0,0,0,0,0,0,0,0,0,0,0,0,0,0,0,0,0,0,0,0,0,0,0,0,0,0,0,0,0,0,0,0,0,0,0,0,0,0,0,0,0,0,0,0,0,0,0,0,0,0,0,0,0,0,0,0,0,0,0,0
MPB:bin_000426,18.222,16.722,10.647,12.084,21.348,10.763,2.457,14.667,11.131,13.598,9.702,3.219,14.228,21.202,2.986,8.071,3.854,26.975,18.102,4.305,13.481,9.414,9.631,8.073,0,0.63,26.693,5.074,19.534,9.446,12.619,6.851,4.511,3.736,23.204,4.787,15.313,4.983,8.075,0,10.78,4.921,15.378,4.594,6.565,7.333,0,8.067,5.457,3.312,2.004,13.419,10.735,9.432,7.612,6.611,20.682,0,18.317,8.899,0,19.24,14.074,14.085,8.441,3.589,6.468,14.529,8.31,10.875,7.689,1.909,17.102,4.093,9.467,10.916,15.283,6.06,14.49,0,0,22.45,18.376,6.377
MPB:bin_000427,0,0,0,0,0,0,0,0,0,0,0,0,0,0,0,0,0,0,0,0,0,0,0,0,0,0,0,0,0,0,0,0,0,0,0,0,0,0,0,0,0,0,0,0,0,0,0,0,0,0,0,0,0,0,0,0,0,0,0,0,0,0,0,0,0,0,0,0,0,0,0,0,0,0,0,0,0,0,0,0,0,0,0,0
MPB:bin_000430,0,0,0,2.931,0,0,0,0,0,0,0,0,0,0,0,3.048,0,5.118,0,0,0,0,0,0,0,0,0,0,0,0,0,0,0,0,0,0,0,0,0,0,0,0,0,0,0,0,0,0,0,0,0,0,0,0,0,2.148,0,0,0,0,0,0,0,0,0,0,0,0,0,0,0,0,0,0,0,0,0,0,0,0,0,0,0,0
MPB:bin_000433,0,0,0,0,0,0,0,0,0,0,0,0,0,0,0,0,0,0,0,0,0,0,0,0,0,0,0,0,0,0,0,0,0,0,0,0,0,0,0,0,0,0,0,0,0,0,0,0,0,0,0,0,0,0,0,0,0,0,0,0,0,0,0,0,0,0,0,0,0,0,0,0,0,0,0,0,0,0,0,0,0,0,0,0
MPB:bin_000435,0,0,0,0,0,0,0,0,0,0,0,0,0,0,0,0,0,0,0,0,0,0,0,0,0,0,0,0,0,0,0,0,0,0,0,0,0,0,0,0,0,0,0,0,0,0,0,0,0,0,0,0,0,0,0,0,0,0,0,0,0,0,0,0,0,0,0,0,0,0,0,0,0,0,0,0,0,0,0,0,0,0,0,0
MPB:bin_000437,2.763,0,0,0,2.788,2.543,0,2.477,0,3.122,2.834,0,2.65,0,0,1.759,0,3.788,3.235,0,0,0,0,0,0,0,3.939,0,2.751,0,0,0,0,0,2.6,0,0,0,0,0,0,0,0,0,0,0,0,0,0,0,0,0,0,0,0,0,2.31,0,3.771,2.167,0,0,2.989,2.559,0,0,0,0,0,2.438,0,1.744,2.409,0,0,0,0,0,3.057,0,0,0,0,0
MPB:bin_000438,0,0,0,0,0,0,0,0,0,0,0,0,0,0,0,0,0,0,0,0,0,0,0,0,0,0,0,0,0,0,0,0,0,0,0,0,0,0,0,0,0,0,0,0,0,0,0,0,0,0,0,0,0,0,0,0,0,0,0,0,0,0,0,0,0,0,0,0,0,0,0,0,0,0,0,0,0,0,0,0,0,0,0,0
MPB:bin_000440,0,0,0,0,0,0,0,0,3.52,0,0,0,0,3.071,0,0,0,4.595,0,0,2.829,0,0,0,0,0,0,0,0,3.432,0,0,0,0,4.621,0,3.026,0,0,0,0,0,0,0,0,0,0,0,0,0,0,0,3.482,0,0,0,0,0,0,0,0,0,3.494,0,0,0,0,0,0,0,0,0,2.796,0,0,3.03,5.361,0,0,0,0,0,2.91,0
MPB:bin_000442,2.792,6.43,5.21,2.207,4.982,4.683,0,4.386,7.268,3.432,4.017,0,3.854,2.866,0,2.862,1.436,5.422,3.757,1.722,3.666,2.121,1.611,2.09,0,0,5.185,2.154,3.521,4.837,2.792,1.937,0,2.055,6.068,0,3.584,2.214,1.683,0,3.538,0,1.517,2.815,4.165,0,0,4.041,0,0,0,2.377,3.368,4.165,2.975,3.161,4.141,0,6.055,2.031,0,5.966,5.458,4.095,1.77,1.863,1.651,5.1,4.066,4.319,2.244,0,5.378,2.618,4.065,2.613,7.891,3.095,4.43,0,0,8.231,3.281,4.643
MPB:bin_000445,4.715,0,0,3.453,7.607,5.266,0,5.34,0,5.705,12.522,3.49,7.643,0,0,3.381,0,7.839,5.891,0,0,0,0,4.044,0,0,10.248,0,6.314,4.155,0,2.847,0,0,5.871,1.741,0,0,0,0,0,3.637,0,0,0,0,0,4.171,3.145,2.929,0,0,4.028,0,3.564,0,5.256,0,6.408,4.607,0,0,6.625,6.602,3.464,0,3.497,6.115,0,4.507,0,2.447,4.735,0,3.952,4.005,5.652,0,5.749,0,0,6.288,0,0
MPB:bin_000446,3.211,8.415,2.361,3.176,3.242,0,0,3.068,0,2.234,2.315,2.356,0,2.166,0,2.261,1.663,6.256,3.869,0,2.809,2.767,0,2.965,0,0,2.484,0,4.346,5.162,3.3,0,0,0,8.67,0,2.253,0,0,0,2.421,0,0,2.928,2.301,1.815,0,3.92,0,1.591,0,0,3.972,2.764,2.892,1.929,2.65,0,3.425,0,0,2.963,5.084,2.913,0,0,0,4.09,0,2.965,0,1.703,2.435,0,2.124,0,3.807,0,2.607,0,0,5.024,3.065,2.96
MPB:bin_000447,0,0,0,0,0,0,0,0,0,0,0,0,0,0,0,0,0,0,0,0,0,0,0,0,0,0,0,0,0,0,0,0,0,0,0,0,0,0,0,0,0,0,0,0,0,0,0,0,0,0,0,0,0,0,0,0,0,0,0,0,0,0,0,0,0,0,0,0,0,0,0,0,0,0,0,0,0,0,0,0,0,0,0,0
MPB:bin_000449,0,0,0,0,0,0,0,0,0,0,0,0,0,0,0,0,0,0,0,0,0,0,0,0,0,0,0,0,0,0,0,0,0,0,0,0,0,0,0,0,0,0,0,0,0,0,0,0,0,0,0,0,0,0,0,0,0,0,0,0,0,0,0,0,0,0,0,0,0,0,0,0,0,0,0,0,0,0,0,0,0,0,0,0
MPB:bin_000450,15.785,22.069,12.121,8.896,15.336,13.168,3.144,9.35,22.533,15.919,10.307,10.508,8.689,9.167,1.791,4.523,4.198,17.675,9.558,5.686,9.813,5.475,6.408,5.064,0,1.176,11.79,2.685,18.708,23.323,10.29,4.097,7.037,4.262,25.385,1.778,11.385,4.833,5.604,0,9.837,2.831,6.68,6.407,19.229,2.905,0,13.348,9.564,5.408,5.853,8.371,13.62,21.044,9.571,6.016,8.596,2.619,11.051,6.148,0,13.447,17.876,11.19,7.541,7.378,7.342,20.798,8.046,10.132,11.363,9.158,13.775,9.868,12.261,14.519,33.862,12.983,13.417,0,0,18.823,13.088,7.338
MPB:bin_000451,3.295,2.794,2.766,0,3.927,0,0,0,0,0,0,0,4.22,0,0,2.523,0,3.003,4.436,1.55,2.391,0,0,0,0,0,0,1.459,0,5.223,0,0,0,0,4.869,0,0,0,0,0,0,2.007,1.626,2.594,5.915,0,0,0,0,0,0,0,0,0,0,2.664,2.2,0,2.884,0,0,5.557,4.743,3.031,0,0,0,4.432,1.939,0,0,0,0,0,1.999,0,4.485,0,2.887,0,0,4.077,0,2.143
MPB:bin_000452,0,0,0,0,0,0,0,0,0,0,0,0,0,0,0,0,0,0,0,0,0,0,0,0,0,0,0,0,0,0,0,0,0,0,0,0,0,0,0,0,0,0,0,0,0,0,0,0,0,0,0,0,0,0,0,0,0,0,0,0,0,0,0,0,0,0,0,0,0,0,0,0,0,0,0,0,0,0,0,0,0,0,0,0
MPB:bin_000453,0,0,0,0,0,0,0,0,0,0,0,0,0,0,0,0,0,0,0,0,0,0,0,0,0,0,0,0,0,0,0,0,0,0,0,0,0,0,0,0,0,0,0,0,0,0,0,0,0,0,0,0,0,0,0,0,0,0,0,0,0,0,0,0,0,0,0,0,0,0,0,0,0,0,0,0,0,0,0,0,0,0,0,0
MPB:bin_000455,1.379,2.242,1.658,2.205,2.426,2.442,0,0,3.094,1.371,2.918,2.201,1.823,1.306,0,1.05,0,3.538,0,0,1.961,0,0,0,0,0,2.223,0,2.163,3.026,1.57,1.377,0,0,2.41,1.226,0,0,0,0,1.936,0,0,0,2.374,0,0,2.099,0,0,0,0,2.016,2.162,2.559,0,0,0,2.826,1.252,0,0,1.476,1.486,0,0,0,3.133,0,1.272,0,2.342,1.96,0,1.646,1.574,2.77,0,2.14,0,0,2.049,2.066,2.136
MPB:bin_000456,0,0,0,0,0,0,0,0,0,0,0,0,0,0,0,0,0,0,0,0,0,0,0,0,0,0,0,0,0,0,0,0,0,0,0,0,0,0,0,0,0,0,0,0,0,0,0,1.545,0,0,0,0,0,0,0,0,0,0,0,0,0,0,0,0,0,0,0,0,0,0,0,0,0,0,0,0,0,0,0,0,0,0,0,0
MPB:bin_000457,0,0,0,0,0,0,0,0,0,0,0,0,0,0,0,0,0,0,0,0,0,0,0,0,0,0,0,0,0,0,0,0,0,0,0,0,0,0,0,0,0,0,0,0,0,0,0,0,0,0,0,0,0,0,0,0,0,0,0,0,0,0,0,0,0,0,0,0,0,0,0,0,0,0,0,0,0,0,0,0,0,0,0,0
MPB:bin_000458,0,0,0,0,0,0,0,0,0,0,0,0,0,0,0,0,0,0,0,0,0,0,0,0,0,0,0,0,0,0,0,0,0,0,0,0,0,0,0,0,0,0,0,0,0,0,0,0,0,0,0,0,0,0,0,0,0,0,0,0,0,0,0,0,0,0,0,0,0,0,0,0,0,0,0,0,0,0,0,0,0,0,0,0
MPB:bin_000459,0,0,0,0,0,0,0,0,0,0,0,0,0,0,0,0,0,0,0,0,0,0,0,0,0,0,0,0,0,0,0,0,0,0,0,0,0,0,0,0,0,0,0,0,0,0,0,0,0,0,0,0,0,0,0,0,0,0,0,0,0,0,0,0,0,0,0,0,0,0,0,0,0,0,0,0,0,0,0,0,0,0,0,0
MPB:bin_000460,2.317,2.482,0,1.763,2.435,2.418,0,0,0,2.108,1.971,0,2.775,2.139,0,0,0,2.871,0,0,0,0,0,0,0,0,2.169,0,0,2.138,0,0,0,0,2.801,0,0,0,0,0,0,0,0,0,3.024,0,0,2.09,0,0,0,0,0,1.682,0,1.812,0,0,0,0,0,0,2.369,0,0,0,0,2.352,0,0,0,0,2.134,0,1.549,1.782,0,0,2.518,0,0,0,2.29,0
MPB:bin_000461,0,0,0,0,0,0,0,0,0,0,0,0,0,0,0,0,0,0,0,0,0,0,0,0,0,0,0,0,0,0,0,0,0,0,0,0,0,0,0,0,0,0,0,0,0,0,0,0,0,0,0,0,0,0,0,0,0,0,0,0,0,0,0,0,0,0,0,0,0,0,0,0,0,0,0,0,0,0,0,0,0,0,0,0
MPB:bin_000465,0,0,0,0,0,0,0,0,0,0,0,0,0,0,0,0,0,0,0,0,0,0,0,0,0,0,0,0,0,0,0,0,0,0,0,0,0,0,0,0,0,0,0,0,0,0,0,0,0,0,0,0,0,0,0,0,0,0,0,0,0,0,0,0,0,0,0,0,0,0,0,0,0,0,0,0,0,0,0,0,0,0,0,0
MPB:bin_000466,0,0,0,0,0,0,0,0,0,0,0,0,0,0,0,0,0,0,0,0,0,0,0,0,0,0,0,0,0,0,0,0,0,0,0,0,0,0,0,0,0,0,0,0,0,0,0,0,0,0,0,0,0,0,0,0,0,0,0,0,0,0,0,0,0,0,0,0,0,0,0,0,0,0,0,0,0,0,0,0,0,0,0,0
MPB:bin_000470,0,0,0,0,0,0,0,0,0,0,0,0,0,0,0,0,0,0,0,0,0,0,0,0,0,0,0,0,0,0,0,0,0,0,0,0,0,0,0,0,0,0,0,0,0,0,0,0,0,0,0,0,0,0,0,0,0,0,0,0,0,0,0,0,0,0,0,0,0,0,0,0,0,0,0,0,0,0,0,0,0,0,0,0
MPB:bin_000472,0,0,0,0,0,0,0,0,0,0,0,0,0,0,0,0,0,0,0,0,0,0,0,0,0,0,0,0,0,0,0,0,0,0,0,0,0,0,0,0,0,0,0,0,0,0,0,0,0,0,0,0,0,0,0,0,0,0,0,0,0,0,0,0,0,0,0,0,0,0,0,0,0,0,0,0,0,0,0,0,0,0,0,0
MPB:bin_000473,0,0,0,0,0,0,0,0,0,0,0,0,0,0,0,0,0,3.09,0,0,0,0,0,0,0,0,0,0,0,2.823,0,0,0,0,0,0,0,0,0,0,0,0,0,0,0,0,0,0,0,0,0,0,0,0,0,0,0,0,0,0,0,0,0,0,0,0,0,0,0,0,0,0,0,0,0,0,0,0,0,0,0,0,0,0
MPB:bin_000476,0,0,0,0,0,0,0,0,0,0,0,0,0,0,0,0,0,0,0,0,0,0,0,0,0,0,0,0,0,0,0,0,0,0,0,0,0,0,0,0,0,0,0,0,0,0,0,0,0,0,0,0,0,0,0,0,0,0,0,0,0,0,0,0,0,0,0,0,0,0,0,0,0,0,0,0,0,0,0,0,0,0,0,0
MPB:bin_000477,0,3.867,0,0,0,0,0,0,0,2.277,0,0,0,2.514,0,0,0,0,2.673,0,2.359,0,0,0,0,0,0,0,3.039,0,0,0,0,0,4.875,0,0,0,0,0,0,0,0,0,0,0,0,0,0,0,0,2.655,0,5.956,0,0,0,0,0,0,0,0,2.658,2.235,0,0,0,4.065,1.946,3.583,0,0,0,0,0,2.36,4.189,0,0,0,0,0,2.116,2.081
MPB:bin_000479,0,2.603,0,0,0,0,0,0,0,0,0,0,0,0,0,0,0,0,0,0,0,0,0,0,0,0,0,0,0,23.917,0,0,3.024,0,2.602,0,0,0,0,0,0,0,0,0,0,0,0,2.702,0,0,0,0,0,0,0,0,3.901,0,0,0,0,0,0,0,0,0,0,0,0,0,0,0,2.854,0,2.125,0,0,0,0,0,0,0,0,0
MPB:bin_000491,1.785,5.371,3.776,2.312,4.663,3.267,0,2.845,0,4.288,3.01,3.603,2.341,3.256,0,1.777,1.518,4.713,3.483,0,2.885,1.838,2.418,2.321,0,0,3.312,0,3.908,4.517,2.533,1.527,2.873,0,6.246,0,2.048,0,0,0,0,1.793,1.387,0,2.224,0,0,5.652,0,0,0,2.311,4.17,3.038,2.544,1.527,2.938,0,2.45,2.504,0,2.636,3.725,3.518,1.535,0,1.241,3.799,2.217,2.678,0,1.561,2.864,0,2.734,3.569,6.08,1.728,2.973,0,0,5.837,2.549,2.616
MPB:bin_000499,14.533,18.458,11.583,11.07,16.146,15.351,0,17.696,22.027,12.333,11.225,7.371,11.96,14.638,3.583,8.94,5.132,22.334,14.28,5.625,16.043,7.572,6.733,14.134,0,0.768,13.604,4.106,12.436,20.305,32.778,5.269,5.64,3.643,21.667,7.362,14.022,8.005,4.565,0,18.631,6.085,7.186,6.009,11.942,4.209,0,9.476,5.531,5.935,5.044,9.994,7.571,28.737,11.708,13.382,317.848,4.709,18.937,9.144,0,15.09,24.413,19.949,7.203,3.65,5.612,26.571,7.971,7.492,7.677,5.959,15.119,8.284,9.406,11.371,21.272,9.268,14.926,1.339,0,24.839,12.149,10.937
MPB:bin_000538,0,2.842,0,0,0,0,0,2.405,0,2.478,0,2.673,0,0,0,1.826,0,3.657,2.86,0,0,0,0,2.449,0,0,0,0,0,2.938,0,0,0,0,0,0,0,0,0,0,0,0,0,0,0,0,0,0,0,0,0,0,0,0,0,0,0,0,3.237,0,0,0,3.163,0,0,0,0,0,0,0,0,0,0,0,0,0,4.23,0,0,0,0,4.577,0,0
MPB:bin_000554,15.383,27.51,19.009,15.043,21.565,15.805,2.051,17.543,15.598,18.223,13.751,11.227,18.234,19.277,3.246,13.512,6.616,30.403,18.835,5.857,16.763,12.752,10.707,11.445,0,1.21,24.677,7.58,24.059,24.903,15.537,9.567,9.515,6.171,27.807,4.949,15.087,8.511,7.708,0,19.045,7.499,7.178,17.514,20.572,9.011,0,24.201,8.593,7.353,5.247,13.94,17.768,18.779,16.733,9.78,20.263,2.365,21.977,14.602,0,17.425,24.169,15.838,6.462,5.076,6.687,24.6,11.69,16.406,10.447,6.098,23.945,12.255,13.822,13.349,32.907,12.362,23.005,0,0,31.065,17.524,17.83
MPB:bin_000559,0,0,0,0,1.459,0,0,0,0,0,0,0,0,0,0,0,0,2.59,0,0,0,0,0,0,0,0,0,0,0,0,0,0,0,0,0,0,0,0,0,0,0,0,0,0,1.3,0,0,0,0,0,0,1.641,0,0,0,0,0,0,0,0,0,0,1.181,0,0,0,0,1.45,0,0,0,0,0,0,0,1.89,0,0,0,0,0,1.686,0,0
MPB:bin_000571,0,0,0,0,0,0,0,0,0,0,0,0,0,0,0,0,0,0,0,0,0,0,0,0,0,0,0,0,0,0,0,0,0,0,0,0,0,0,0,0,0,0,0,0,0,0,0,0,0,0,0,0,0,0,0,0,0,0,0,0,0,0,0,0,0,0,0,0,0,0,0,0,0,0,0,0,0,0,0,0,0,0,0,0
MPB:bin_000576,0,0,0,0,0,0,0,0,0,0,0,0,0,0,0,0,0,0,0,0,0,0,0,0,0,0,0,0,0,0,0,0,0,0,0,0,0,0,0,0,0,0,0,0,0,0,0,0,0,0,0,0,0,0,0,0,0,0,0,0,0,0,0,0,0,0,0,0,0,0,0,0,0,0,0,0,0,0,0,0,0,0,0,0
MPB:bin_000579,0,0,0,0,0,0,0,0,0,0,0,0,0,0,0,0,0,0,0,0,0,0,0,0,0,0,0,0,0,0,0,0,0,0,0,0,0,0,0,0,0,0,0,0,0,0,0,0,0,0,0,0,0,0,0,0,0,0,0,0,0,0,0,0,0,0,0,0,0,0,0,0,0,0,0,0,0,0,0,0,0,0,0,0
MPB:bin_000581,50.068,39.3,15.816,18.821,59.136,9.127,1.735,38.072,9.815,95.454,18.112,12.57,17.226,10.202,4.699,11.049,12.233,60.675,6.755,10.55,12.049,12.458,21.497,25.49,0,3.001,40.394,9.967,63.529,48.987,7.893,3.25,30.598,16.615,26.664,0,37.349,16.91,2.895,0,31.485,6.213,32.626,2.88,28.271,5.723,0,22.375,41.287,14.719,0,6.379,37.425,40.184,27.467,31.386,23.652,0,38.017,19.94,0,18.919,61.178,37.272,5.403,17.988,11.374,53.059,33.924,35.416,7.669,15.221,24.472,20.253,23.339,7.871,38.887,9.666,59.323,0,0,177.134,20.121,13.98
MPB:bin_000584,0,0,0,0,0,0,0,0,0,0,0,0,0,0,0,0,0,0,0,0,0,0,0,0,0,0,0,0,0,0,0,0,0,0,0,0,0,0,0,0,0,0,0,0,0,0,0,0,0,0,0,0,0,0,0,0,0,0,0,0,0,0,0,0,0,0,0,0,0,0,0,0,0,0,0,0,0,0,0,0,0,0,0,0
MPB:bin_000588,0,0,0,0,0,0,0,0,0,0,0,0,0,0,0,0,0,0,0,0,0,0,0,0,0,0,0,0,0,0,0,0,0,0,0,0,0,0,0,0,0,0,0,0,0,0,0,0,0,0,0,0,0,0,0,0,0,0,0,0,0,0,0,0,0,0,0,0,0,0,0,0,0,0,0,0,0,0,0,0,0,0,0,0
MPB:bin_000590,0,0,0,0,0,0,0,0,0,0,0,0,0,0,0,0,0,0,0,0,0,0,0,0,0,0,0,0,0,0,0,0,0,0,0,0,0,0,0,0,0,0,0,0,0,0,0,0,0,0,0,0,0,0,0,0,0,0,0,0,0,0,0,0,0,0,0,0,0,0,0,0,0,0,0,0,0,0,0,0,0,0,0,0
MPB:bin_000593,5.739,0,0,0,0,0,0,0,0,5.501,0,0,5.323,0,0,3.776,0,0,0,0,0,0,0,0,0,0,0,0,0,0,0,0,0,0,0,0,0,0,0,0,0,0,0,0,0,0,0,0,0,0,0,0,0,0,0,0,0,0,6.608,0,0,0,0,0,0,0,0,0,0,4.421,0,0,0,0,0,0,0,0,0,0,0,0,0,0
MPB:bin_000594,0,0,0,0,0,0,0,0,0,0,0,0,0,0,0,0,0,0,0,0,0,0,0,0,0,0,0,0,0,0,0,0,0,0,0,0,0,0,0,0,0,0,0,0,0,0,0,0,0,0,0,0,0,0,0,0,0,0,0,0,0,0,0,0,0,0,0,0,0,0,0,0,0,0,0,0,0,0,0,0,0,0,0,0
MPB:bin_000596,0,4.011,2.78,0,2.353,1.914,0,0,2.72,2.084,1.829,0,0,0,0,0,0,4.136,2.562,0,2.376,0,0,0,0,0,3.053,0,2.841,2.432,0,0,0,0,3.73,0,3.022,0,0,0,0,0,0,0,2.639,0,0,3.003,0,0,0,0,2.539,0,2.492,2.092,2.12,0,0,1.934,0,3.094,2.686,1.944,0,0,1.655,5.101,0,0,0,0,2.105,0,1.623,2.854,6.065,0,2.065,0,0,3.511,0,0
MPB:bin_000597,0,0,0,0,4.372,0,0,2.712,0,3.273,2.509,0,0,0,0,0,0,4.517,2.709,0,0,0,0,0,0,0,3.595,0,0,2.793,0,0,0,0,3.908,0,0,0,0,0,0,0,0,0,3.434,0,0,3.686,0,0,0,0,2.728,2.211,2.956,0,2.397,0,0,0,0,0,3.492,2.337,0,0,0,3.526,0,0,0,0,2.537,0,0,0,4.637,0,3.128,0,0,0,0,0
MPB:bin_000598,0,0,0,0,0,0,0,0,0,0,0,0,0,0,0,0,0,0,0,0,0,0,0,0,0,0,0,0,0,0,0,0,0,0,0,0,0,0,0,0,0,0,0,0,0,0,0,0,0,0,0,0,0,0,0,0,0,0,0,0,0,0,0,0,0,0,0,0,0,0,0,0,0,0,0,0,0,0,0,0,0,0,0,0
MPB:bin_000599,0,0,0,0,0,0,0,0,0,0,0,0,0,0,0,0,0,0,0,0,0,0,0,0,0,0,0,0,0,0,0,0,0,0,0,0,0,0,0,0,0,0,0,0,0,0,0,0,0,0,0,0,0,0,0,0,0,0,0,0,0,0,0,0,0,0,0,0,0,0,0,0,0,0,0,0,0,0,0,0,0,0,0,0
MPB:bin_000600,0,13.182,12.688,8.238,10.924,8.881,0,8.069,11.374,0,8.959,8.154,9.561,8.721,0,5.128,4.845,15.252,8.866,3.982,13.133,6.051,0,0,0,0,0,3.825,10.394,12.457,7.232,5.166,0,3.719,18.295,0,9.017,0,5.102,0,11.884,0,4.77,6.83,14.181,4.114,0,15.12,0,5.824,0,9.832,10.476,9.504,0,0,8.265,0,0,6.513,0,11.906,12.287,8.574,0,3.701,5.074,17.373,5.845,7.461,0,0,10.453,0,8.21,12.306,19.199,7.629,9.667,0,0,21.928,0,7.954
MPB:bin_000601,0,0,0,0,0,0,0,0,0,0,0,0,0,0,0,0,0,0,0,0,0,0,0,0,0,0,0,0,0,0,0,0,0,0,0,0,0,0,0,0,0,0,0,0,0,0,0,0,0,0,0,0,0,0,0,0,0,0,0,0,0,0,0,0,0,0,0,0,0,0,0,0,0,0,0,0,0,0,0,0,0,0,0,0
MPB:bin_000604,0,0,0,0,0,0,0,0,0,0,0,0,0,0,0,0,0,0,0,0,0,0,0,0,0,0,0,0,0,0,0,0,0,0,0,0,0,0,0,0,0,0,0,0,0,0,0,0,0,0,0,0,0,0,0,0,0,0,0,0,0,0,0,0,0,0,0,0,0,0,0,0,0,0,0,0,0,0,0,0,0,0,0,0
MPB:bin_000605,2.334,4.065,0,0,4.917,2.26,0,2.013,0,1.936,2.656,0,1.97,2.005,0,2.771,0,3.678,1.716,0,0,0,0,1.854,0,0,2.759,3.044,2.206,3.268,0,0,0,0,1.692,0,0,0,0,0,0,2.777,0,1.933,0,0,0,2.279,0,0,0,22.212,1.873,0,2.423,0,3.642,0,4.797,0,0,0,6.112,0,1.967,0,2.169,0,1.703,2.755,0,0,1.44,1.726,1.628,1.926,2.051,1.465,2.005,0,0,5.772,0,0
MPB:bin_000606,6.726,12.981,5.896,6.303,6.053,2.134,0,3.259,8.842,1.769,3.664,3.041,6.621,2.558,0,1.521,3.086,7.208,2.17,1.249,4.407,3.067,3.693,3.177,0,0,6.631,1.527,3.538,18.472,3.485,2.391,0,2.074,8.442,3.783,2.869,2.865,9.25,0,6.088,1.434,1.828,3.01,10.906,3.335,0,4.179,2.868,1.841,0,5.803,19.015,3.285,5.06,14.774,3.498,0,3.855,1.994,0,9.112,9.986,7.145,1.783,1.559,1.556,5.095,5.939,3.751,1.647,1.39,4.816,6.201,2.325,9.148,4.946,4.565,12.146,0,0,10.628,3.606,5.063
MPB:bin_000609,0,0,0,0,0,0,0,0,0,0,0,0,0,0,0,0,0,0,0,0,0,0,0,0,0,0,0,0,0,0,0,0,0,0,0,0,0,0,0,0,0,0,0,0,0,0,0,0,0,0,0,0,0,0,0,0,0,0,0,0,0,0,0,0,0,0,0,0,0,0,0,0,0,0,0,0,0,0,0,0,0,0,0,0
MPB:bin_000615,3.429,4.575,0,0,4.156,0,0,3.134,0,4.139,3.651,2.812,0,0,0,2.535,0,6.241,4.818,0,0,0,0,2.683,0,0,4.239,0,0,4.818,0,0,0,0,5.092,0,0,0,0,0,0,0,0,0,3.007,0,0,4.288,0,0,0,0,3.904,3.603,0,0,0,0,0,0,0,0,3.834,0,0,0,0,4.641,0,0,0,0,3.638,0,2.503,0,5.94,0,4.452,0,0,5.312,0,0
MPB:bin_000617,4.832,5.636,5.525,3.421,5.825,3.837,0,3.702,4.184,4.22,4.309,4.723,4.093,3.848,0,3.736,0,8.572,6.708,1.7,4.107,2.383,2.265,2.898,0,0,6.255,1.742,0,5.276,3.146,0,2.142,0,7.104,0,4.809,2.632,0,0,4.602,2.004,2.06,4.075,7.752,0,0,4.638,2.592,0,1.511,3.948,6.032,4.79,3.992,2.698,5.085,0,6.407,2.891,0,4.707,5.053,3.956,2.367,0,2.38,7.244,2.662,4.118,2.765,0,5.705,2.518,3.312,4.404,9.471,3.47,4.848,0,0,8.66,4.284,3.015
MPB:bin_000618,0,0,0,0,0,0,0,0,0,0,0,0,0,0,0,0,0,0,0,0,0,0,0,0,0,0,0,0,0,0,0,0,0,0,0,0,0,0,0,0,0,0,0,0,0,0,0,0,0,0,0,0,0,0,0,0,0,0,0,0,0,0,0,0,0,0,0,0,0,0,0,0,0,0,0,0,0,0,0,0,0,0,0,0
MPB:bin_000619,13.026,18.983,16.694,12.911,15.244,12.472,0,12.999,19.454,18.545,10.609,18.968,19.865,13.26,3.946,5.886,8.788,36.377,21.981,12.327,21.351,11.416,7.595,9.973,0,1.399,24.959,5.999,14.035,31.223,11.662,9.343,6.75,7.024,32.081,5.956,20.43,5.672,7.998,0,18.229,11.7,8.999,13.173,43.182,8.104,0,23.546,16.332,7.608,6.662,14.447,13.124,21.54,13.204,10.286,14.48,2.401,10.807,10.893,0,22.535,28.967,15.78,5.906,5.084,10.928,35.892,12.483,10.467,9.547,7.731,16.126,9.395,16.699,21.2,44.185,20.544,18.457,0,0,33.981,12.022,11.593
MPB:bin_000622,0,0,0,0,0,0,0,0,0,3.109,0,0,0,0,0,0,0,0,0,0,0,0,0,0,0,0,0,0,0,0,0,0,0,0,0,0,0,0,0,0,0,0,0,0,0,0,0,0,2.177,0,0,0,0,0,0,0,0,0,0,0,0,0,0,0,0,0,0,0,0,0,0,0,0,0,0,0,0,0,0,0,0,0,0,0
TM1:bin_000010,0,0,0,0,0,0,0,0,0,0,0,0,0,0,0,0,0,0,0,0,0,0,0,0,0,0,0,0,0,0,0,0,0,0,0,0,0,0,0,0,0,0,0,0,0,0,0,0,0,0,0,0,0,0,0,0,0,0,0,0,0,0,0,0,0,0,0,0,0,0,0,0,0,0,0,0,0,0,0,0,0,0,0,0
TM1:bin_000024,0,0,0,0,0,0,0,0,0,0,0,0,0,0,0,0,0,0,0,0,0,0,0,0,0,0,0,0,0,0,0,0,0,0,0,0,0,0,0,0,0,0,0,0,0,0,0,0,0,0,0,0,0,0,0,0,0,0,0,1.418,0,0,0,0,0,0,0,0,0,1.209,0,0,0,0,0,0,0,0,0,0,0,0,0,0
TM1:bin_000025,0,0,0,0,0,0,0,0,0,0,0,0,0,0,0,0,0,0,0,0,0,0,0,0,0,0,0,0,0,0,0,0,0,0,0,0,0,0,0,0,0,0,0,0,0,0,0,0,0,0,0,0,0,0,0,0,0,0,0,0,0,0,0,0,0,0,0,0,0,0,0,0,0,0,0,0,0,0,0,0,0,0,0,0
TM1:bin_000027,0,2.019,4.004,0,1.826,1.611,0,1.91,0,0,2.293,6.172,0,2.15,0,3.502,0,0,0,0,0,2.542,0,4.021,0,0,2.508,0,7.696,2.238,0,0,0,0,2.27,0,0,0,2.064,0,0,0,0,0,1.92,0,0,0,0,1.771,0,0,0,0,0,0,0,0,2.005,4.201,0,0,3.365,1.926,0,0,2.413,3.081,0,0,0,2.174,1.769,0,2.14,0,5.277,0,2.507,0,0,0,0,0
TM1:bin_000031,10.831,22.509,20.424,16.564,17.978,12.376,3.601,14.73,15.114,16.489,14.842,10.707,17.852,11.837,5.97,9.227,5.519,21.785,11.29,6.853,16.624,9.184,6.944,8.245,0,1.487,19.48,7.239,16.882,20.487,9.6,5.704,7.937,7.07,30.98,5.283,16.562,9.115,6.868,0,14.569,5.698,5.766,12.628,19.699,5.861,0,19.793,11.267,8.257,6.357,12.922,18.267,18.789,14.145,11.284,19.526,4.703,14.706,11.59,0,20.785,21.897,15.378,6.97,5.367,7.646,27.108,9.113,10.717,6.953,4.596,17.64,10.06,11,14.559,31.761,12.735,20.368,0,0,35.067,16.493,11.37
TM1:bin_000049,3.702,11.727,9.324,4.077,10.658,8.04,0,6.739,5.844,8.926,8.711,4.347,10.08,10.841,0,4.653,2.077,11.979,7.453,3.51,8.041,5.691,5.996,5.028,0,0.607,13.314,3.42,10.213,5.134,4.696,6.065,3.25,2.121,13.538,2.202,6.978,7.2,7.473,0,5.724,2.754,5.172,3.335,3.456,3.622,0,9.73,4.266,2.791,2.252,8.162,12.009,9.66,2.909,1.965,10.574,0,7.953,3.271,0,6.293,8.114,6.713,6.199,1.5,3.369,13.263,4.937,8.027,5.106,1.798,12.417,4.188,6.952,4.642,11.509,3.294,12.266,0,0,12.485,7.895,3.071
TM1:bin_000080,3.886,8.439,7.116,3.996,10.003,4.365,0,3.361,2.466,10.066,2.37,2.315,3.366,2.478,0,9.404,4.353,41.998,4.965,1.419,4.517,2.793,1.325,1.334,0,0,5.837,1.307,17.414,3.084,4.661,4.523,1.944,0,16.242,0,3.771,12.349,4.082,0,3.394,2.94,3.829,0,9.426,0,0,9.019,0,1.484,5.83,2.785,7.577,7.37,17.138,10.558,2.965,0,2.246,0,0,11.132,4.816,3.68,2.155,1.18,0,5.063,14.023,1.774,1.862,1.847,3.532,0,0,1.674,14.762,2.375,6.84,0,0,9.09,3.651,6.633
TM1:bin_000119,6.166,5.284,2.392,2.5,3.708,1.874,0,2.412,0,0,3.137,0,2.325,3.327,0,1.529,0,4.919,2.916,0,2.172,0,0,2.131,0,0,3.375,0,0,2.985,0,0,0,0,5.114,0,2.185,0,0,0,0,0,0,1.842,1.837,0,0,0,0,1.638,0,0,3.075,2.35,0,0,2.884,0,4.543,3.058,0,2.652,3.496,0,0,0,0,2.561,0,2.01,0,0,3.457,1.907,2.382,2.061,3.609,0,2.858,0,0,4.492,2.576,0
TM1:bin_000126,4.784,3.23,2.995,3.319,3.553,4.28,0,1.912,3.283,2.824,2.235,2.421,2.449,2.492,0,1.761,1.99,4.55,3.793,1.536,2.312,1.804,0,2.79,0,0,3.496,0,2.279,4.103,6.459,2.459,0,0,5,0,3.736,1.564,0,0,2.345,1.514,0,2.591,4.881,0,0,4.857,2.318,1.418,1.259,1.906,3.134,4.603,2.398,1.634,67.346,0,2.418,3.283,0,3.031,4.661,3.332,1.929,0,2.054,4.378,2.173,2.514,1.865,3.155,3.754,0,3.128,3.419,7.341,1.669,1.608,0,0,4.77,4.647,3.123
TM1:bin_000144,0,2.774,0,0,1.276,0,0,0,0,0,0,0,2.078,0,0,0,0,2.909,0,0,1.333,0,0,0,0,0,0,0,0,0,0,0,0,0,2.186,0,0,0,0,0,2.094,0,0,0,1.131,0,0,0,0,0,1.186,0,0,0,0,0,1.288,0,2.107,0,0,0,1.903,2.369,0,0,0,1.46,0,0,0,0,1.256,0,0,0,0,0,1.781,0,0,0,0,0
TM1:bin_000152,2.253,2.092,0,0,2.335,2.301,0,2.159,0,0,2.979,1.849,1.984,1.509,0,0,0,2.221,3.917,0,1.405,0,0,1.35,0,0,2.064,0,2.256,0,0,1.248,0,0,0,0,0,0,0,0,0,0,0,0,0,0,0,0,0,0,0,1.719,0,1.798,0,0,2.282,0,2.652,0,0,0,3.786,2.022,0,0,1.835,2.052,0,1.29,0,0,1.774,0,0,0,0,0,3.502,0,0,2.606,0,0
TM1:bin_000153,0,2.168,0,0,0,1.535,0,0,2.118,1.675,0,0,0,0,0,0,0,2.927,0,0,0,0,0,0,0,0,0,0,0,0,0,0,0,0,0,0,0,0,0,0,0,0,0,0,1.891,0,0,0,0,0,0,0,0,1.864,0,0,0,0,0,0,0,0,1.797,0,0,0,0,0,0,0,0,0,0,0,0,1.675,0,0,1.259,0,0,0,0,0
TM1:bin_000177,0,0,0,0,0,0,0,0,0,0,0,0,0,0,0,0,0,0,0,0,0,0,0,0,0,0,0,0,0,0,0,0,0,0,0,0,0,0,0,0,0,0,0,0,0,0,0,0,0,0,0,0,0,0,0,0,0,0,0,0,0,0,0,0,0,0,0,0,0,0,0,0,0,0,0,0,0,0,0,0,0,0,0,0
TM2:bin_000005,0,0,0,0,0,0,0,0,0,0,0,0,0,0,0,0,0,0,0,0,0,0,0,0,0,0,0,0,0,0,0,0,0,0,0,0,0,0,0,0,0,0,0,0,0,0,0,0,0,0,0,0,0,0,0,0,0,0,0,0,0,0,0,0,0,0,0,0,0,0,0,0,0,0,0,0,0,0,0,0,0,0,0,0
TM2:bin_000013,5.208,2.382,2.219,2.647,9.089,3.369,0,6.588,0,5.736,5.157,2.868,3.599,1.688,0,3.565,0,5.675,6.52,1.291,3.314,1.881,2.194,2.995,0,0,5.198,0,4.569,4.105,0,1.87,0,0,5.713,1.966,4.522,2.085,0,0,0,0,0,0,0,2.198,0,0,0,2.898,0,0,3.387,0,2.387,0,3.582,0,8.165,5.434,0,2.528,3.699,2.704,0,0,2.937,2.285,0,4.062,1.687,0,3.026,0,2.529,2.142,0,0,3.902,0,0,2.914,2.019,0
TM2:bin_000090,0,0,0,0,0,0,0,0,0,0,0,0,0,0,0,0,0,0,0,0,0,0,0,0,0,0,0,0,0,0,0,0,0,0,0,0,0,0,0,0,0,0,0,0,0,0,0,0,0,0,0,0,0,0,0,0,0,0,0,0,0,0,0,0,0,0,0,0,0,0,0,0,0,0,0,0,0,0,0,0,0,0,0,0
TM2:bin_000114,0,0,0,0,0,0,0,0,0,0,0,0,0,0,0,0,0,0,0,0,0,0,0,0,0,0,0,0,0,0,0,0,0,0,0,0,0,0,0,0,0,0,0,0,0,0,0,0,0,0,0,0,0,0,0,0,0,0,0,0,0,0,0,0,0,0,0,0,0,0,0,0,0,0,0,0,0,0,0,0,0,0,0,0
TM2:bin_000116,1.995,0,0,0,1.687,1.571,0,0,0,0,1.667,0,1.602,0,0,0,0,2.997,0,1.437,0,0,0,0,0,0,1.992,0,1.949,0,0,0,0,0,1.973,0,0,0,0,0,0,0,0,0,1.632,0,0,1.975,1.652,0,0,0,1.862,0,0,0,1.539,0,0,0,0,0,1.633,0,0,0,0,2.458,0,0,0,0,0,0,0,0,2.783,0,1.406,0,0,0,0,0
TM2:bin_000124,2.776,5.323,1.729,1.319,1.433,0,0,2.837,1.864,0,3.104,0,0,4.585,0,2.322,1.569,5.116,3.439,1.308,2.676,1.483,0,1.288,0,0,3.932,1.589,0,2.378,2.079,0,0,0,3.432,0,2.012,0,1.593,0,1.609,0,1.414,0,1.997,0,0,3.025,0,1.383,1.507,3.149,5.149,0,4.136,2.423,0,0,6.344,3.532,0,0,2.897,2.744,0,0,1.678,0,0,2.684,0,0,1.559,0,0,0,2.819,0,4.093,0,0,6.319,0,0
TM2:bin_000127,5.582,2.295,2.624,0,2.592,2.017,0,1.944,1.815,0,2.191,0,0,2.01,0,1.836,0,3.115,2.631,0,2.518,0,0,2.313,0,0,2.224,0,4.022,3.73,0,0,0,0,3.786,0,0,0,0,0,2.545,1.748,0,2.383,3.559,0,0,2.035,0,0,0,0,3.104,2.404,2.088,0,2.926,0,2.821,0,0,0,2.483,0,0,0,0,3.322,0,2.159,0,0,2.624,0,2.428,0,5.718,0,3.198,0,0,5.152,2.234,1.965
TM2:bin_000155,0,0,0,3.252,20.398,12.351,0,0,0,0,0,0,0,0,0,0,0,0,0,0,0,0,0,3.908,0,0,0,0,0,0,5.256,1.667,0,0,2.313,0,0,0,0,0,0,0,0,0,2.218,0,0,0,0,0,0,0,0,2.932,0,0,0,0,0,0,0,0,2.786,0,0,0,0,2.899,0,0,0,0,0,0,0,0,0,0,2.213,0,0,0,0,0
TM2:bin_000157,0,0,0,0,0,0,0,0,0,0,0,0,0,0,0,0,0,0,0,0,0,0,0,0,0,0,0,0,0,0,0,0,0,0,0,0,0,0,0,0,0,0,0,0,0,0,0,0,0,0,0,0,0,0,0,0,0,0,2.121,0,0,0,0,0,0,0,0,0,0,0,0,0,0,0,0,0,0,0,0,0,0,0,0,0
TM2:bin_000186,0,0,0,0,0,0,0,0,0,0,0,0,0,0,0,0,0,0,0,0,0,0,0,0,0,0,0,0,0,0,0,0,0,0,0,0,8.694,0,0,0,0,0,0,0,0,0,0,0,0,0,0,0,0,0,0,0,0,0,0,0,0,0,1.566,0,0,0,0,0,0,0,0,0,0,0,0,0,0,0,0,0,0,0,0,0
TM2:bin_000188,0,0,0,0,0,0,0,0,0,0,0,0,0,0,0,0,0,0,0,0,0,0,0,0,0,0,0,0,0,0,0,0,0,0,0,0,0,0,0,0,0,0,0,0,0,0,0,0,0,0,0,0,0,0,0,0,0,0,0,0,0,0,0,0,0,0,0,0,0,0,0,0,0,0,0,0,0,0,0,0,0,0,0,0
TM2:bin_000219,0,0,0,0,0,0,0,0,0,0,0,0,0,0,0,0,0,0,0,0,0,0,0,0,0,0,0,0,0,0,0,0,0,0,0,0,0,0,0,0,0,0,0,0,0,0,0,0,0,0,0,0,0,0,0,0,0,0,0,0,0,0,0,0,0,0,0,0,0,0,0,0,0,0,0,0,0,0,0,0,0,0,0,0
TM2:bin_000235,3.798,4.465,3.335,3.848,6.06,3.245,0,3.589,2.276,4.027,3.506,2.313,4.439,2.793,0,3.448,1.392,6.447,4.689,1.302,2.858,2.28,1.995,2.595,0,0,5.674,1.16,4.484,4.185,2.216,2.07,2.575,0,4.452,0,2.629,1.948,0,0,2.724,2.151,0,2.06,2.673,1.401,0,5.085,1.639,1.475,0,2.443,3.549,2.635,3.281,2.831,3.9,0,6.904,2.692,0,2.304,4.923,3.57,2.348,0,1.647,4.331,1.773,3.654,1.602,0,3.41,2.427,3.129,3.433,4.347,2.379,4.912,0,0,5.581,2.557,2.626
TM3:bin_000033,0,0,0,0,0,0,0,0,0,0,0,0,0,0,0,0,0,0,0,0,0,0,0,0,0,0,0,0,0,0,0,0,0,0,0,0,0,0,0,0,0,0,0,0,0,0,0,0,0,0,0,0,0,0,0,0,0,0,0,0,0,0,0,0,0,0,0,0,0,0,0,0,0,0,0,0,0,0,0,0,0,0,0,0
TM3:bin_000088,0,0,0,0,0,0,0,0,0,0,0,0,0,0,0,0,0,0,0,0,0,0,0,0,0,0,0,0,0,0,0,0,0,0,0,0,0,0,0,0,0,0,0,0,0,0,0,0,0,0,0,0,0,0,0,0,0,0,0,0,0,0,0,0,0,0,0,0,0,0,0,0,0,0,0,0,0,0,0,0,0,0,0,0
TM3:bin_000108,5.938,13.341,11.183,6.863,14.131,7.403,0,10.361,15.594,14.736,9.499,5.142,6.267,7.984,1.852,7.356,3.794,15.345,6.498,4.258,11,4.729,2.237,5.974,0,0.64,9.558,4.493,11.013,12.734,6.091,5.822,2.417,2.222,15.023,3.023,7.138,6.025,4.546,0,9.787,3.441,4.172,4.467,7.815,4.385,0,12.396,3.825,4.838,1.966,10.65,7.307,9.612,10.452,8.093,6.061,1.589,12.014,9.03,0,9.083,12.234,9.474,4.882,2.377,3.301,15.091,8.01,8.336,5.92,3.257,8.475,4.045,6.24,9.806,17.084,6.282,9.511,0,0,21.638,10.144,7.335
TM4:bin_000013,1.976,2.13,0,3.332,1.537,1.477,0,1.795,0,2.4,0,0,1.711,2.184,0,1.482,0,3.543,2.364,0,1.866,1.435,0,0,0,0,2.878,0,1.649,1.673,0,1.387,1.686,0,4.172,1.22,2.586,1.437,0,0,0,1.348,0,1.797,1.442,0,0,1.909,0,0,0.952,0,0,2.676,2.284,0,3.257,0,2.127,1.675,0,2.534,2.384,2.304,0,0,1.431,2.773,1.588,2.257,0,1.547,2.471,0,2.031,2.24,3.548,1.669,2.963,0,0,4.149,2.106,0
TM4:bin_000021,0,0,0,0,0,0,0,0,0,0,0,0,0,0,0,0,0,0,0,0,0,0,0,0,0,0,0,0,0,0,0,0,0,0,0,0,0,0,0,0,0,0,0,0,0,0,0,0,0,0,0,0,0,0,0,0,0,0,0,0,0,0,0,0,0,0,0,0,0,0,0,0,0,0,0,0,0,0,0,0,0,0,0,0
TM4:bin_000025,4.071,11.081,6.102,3.435,9.001,4.125,0,8.295,3.312,7.441,5.939,0,5.622,7.779,0,4.009,3.464,8.456,4.456,0.992,5.747,2.804,1.524,3.548,0,0,6.024,1.218,7.602,5.528,2.839,4.465,2.332,0,5.829,0,5.849,2.646,1.537,0,3.31,1.79,2.845,2.168,2.532,1.967,0,6.146,1.754,1.506,1.314,6.775,3.663,3.237,4.056,2.689,5.604,1.306,7.595,4.23,0,4.806,6.939,7.353,3.231,1.097,5.238,4.998,3.366,6.665,4.652,1.427,4.095,1.947,2.251,2.541,5.898,2.189,4.953,0,0,8.386,5.132,4.853
TM4:bin_000031,0,0,0,2.51,0,4.494,0,0,0,0,4.293,9.178,0,0,0,0,0,0,0,0,0,0,0,3.459,0,0,0,0,0,0,0,0,0,0,4.299,0,0,1.557,0,0,0,0,0,0,0,3.155,0,0,0,0,0,0,0,0,0,0,0,0,0,0,0,3.332,0,0,0,0,10.776,0,0,0,0,1.788,0,0,0,7.562,0,0,0,0,0,0,1.915,0
TM4:bin_000034,2.621,0,0,0,3.638,0,0,1.832,0,2.426,2.381,0,1.931,0,0,4.019,0,0,0,0,0,0,0,2.335,0,0,3.58,0,0,0,0,2.258,0,0,0,0,0,0,0,0,0,0,0,0,0,0,0,0,0,0,0,0,0,0,0,0,0,0,1.859,1.528,0,0,0,0,0,0,0,0,0,5.87,0,0,0,0,0,0,0,0,0,0,0,0,0,0
TM4:bin_000036,0,0,0,0,0,0,0,0,0,0,0,0,0,0,0,0,0,0,0,0,0,0,0,0,0,0,0,0,0,0,0,0,0,0,0,0,0,0,0,0,0,0,0,0,0,0,0,0,0,0,0,0,0,0,0,0,0,0,0,0,0,0,0,0,0,0,0,0,0,0,0,0,0,0,0,0,0,0,0,0,0,0,0,0
TM4:bin_000037,0,0,0,0,0,0,0,0,0,0,0,0,0,0,0,0,0,0,0,0,0,0,0,0,0,0,0,0,0,0,0,0,0,0,0,0,0,0,0,0,0,0,0,0,1.522,0,0,0,0,0,0,0,0,0,0,0,0,0,0,0,0,0,0,0,0,0,0,0,0,0,0,0,0,0,0,0,0,0,0,0,0,0,0,0
TM4:bin_000038,2.244,3.763,3.354,1.504,1.652,2.085,0,1.795,2.732,2.472,1.433,0,1.9,1.384,0,0,0,2.04,2.684,0,2.166,1.407,0,1.269,0,0,4.131,0,1.469,2.155,0,1.438,0,0,3.851,0,0,1.221,0,0,1.754,0,0,1.964,1.853,0,0,2.352,0,0,0,0,2.264,1.248,1.469,0,1.966,1.159,2.174,1.583,0,0,2.078,1.814,0,0,0,3.782,1.663,1.641,0,0,1.568,0,1.947,1.813,4.9,0,1.703,0,0,2.786,2.006,2.536
TM4:bin_000039,1.917,2.828,0,1.55,1.939,1.617,0,0,0,2.896,0,0,2.16,1.555,0,1.45,0,3.005,0,0.99,1.31,0,0,0,0,0,2.732,0,2.375,0,2.07,0,0,0,2.574,0,0,0,1.384,0,0,0,0,1.628,1.635,0,0,2.067,0,0,0,0,1.922,3.179,1.3,0,1.303,0,1.885,0,0,1.7,1.554,0,0,0,2.063,2.14,0,0,0,0,1.847,0,1.688,1.355,2.336,0,1.691,0,0,2.341,2.297,0
TM4:bin_000041,0,0,0,0,2.16,0,0,1.975,0,1.365,1.553,0,2.038,0,0,1.478,0,2.637,0,0,0,0,0,0,0,0,2.342,0,1.761,0,0,0,0,0,0,0,0,0,0,0,0,0,0,0,0,0,0,0,0,0,0,0,0,0,0,0,1.247,0,0,0,0,0,0,1.369,0,0,0,0,0,0,0,0,0,0,0,0,0,0,1.347,0,0,0,0,0
TM4:bin_000045,7.73,12.635,7.995,5.598,7.338,11.061,0,7.053,11.026,7.788,9.673,7.788,7.006,8.525,1.635,4.493,3.294,13.231,7.416,3.774,9.06,3.585,5.302,4.475,0,0.759,9.22,2.93,7.203,12.958,4.773,4.303,4.341,2.8,17.749,2.019,8.342,3.131,2.881,0,7.572,6.089,3.746,5.605,15.218,2.074,0,10.962,6.303,2.561,3.61,5.041,10.413,7.896,8.045,3.447,4.927,2.503,8.804,6.077,0,7.248,11.156,5.865,3.283,2.04,3.349,12.649,5.437,7.636,4.224,6.358,6.09,6.506,7.053,7.332,24.849,3.815,8.164,0,0,10.103,7.982,7.021
TM4:bin_000048,9.868,12.633,7.783,4.363,10.075,7.078,0,4.966,11.594,7.191,6.89,4.106,5.154,12.427,1.992,2.674,2.555,8.053,2.899,2.265,6.296,4.845,3.054,6.014,0,0,5.512,2.809,10.741,9.634,5.33,5.544,2.787,1.927,9.512,1.401,6.192,4.54,2.521,0,8.48,3.54,4.743,4.283,7.059,2.413,0,14.836,6.556,4.434,2.481,8.379,7.901,6.819,7.911,2.623,5.185,1.982,8.575,5.888,0,5.031,11.007,5.956,3.653,1.674,6.99,12.478,5.643,7.409,2.467,3.991,6.492,5.347,4.57,6.921,18.05,3.913,6.613,0,0,11.448,6.602,5.792
TM4:bin_000064,8.49,13.951,10.448,7.794,10.091,12.983,2.763,9.509,14.966,12.334,9.429,11.066,10.872,10.648,1.994,5.371,5.286,22.26,10.602,5.946,12.307,6.669,5.769,8.594,0,0.968,11.341,3.508,12.209,16.804,7.913,7.24,7.503,6.447,21.436,3.772,9.665,6.726,5.187,0,13.568,7.951,6.058,8.643,21.255,4.797,0,11.974,8.576,6.431,4.792,8.97,10.138,13.503,10.03,6.288,11.155,3.497,11.826,8.274,0,14.493,17.104,8.984,4.996,4.867,6.263,21.104,8.249,8.3,7.047,5.378,13.412,7.898,10.611,12.512,27.298,9.926,13.126,0,0,21.108,10.798,10.375
TM4:bin_000079,8.743,22.029,16.443,12.256,18.474,8.236,0,18.169,9.617,12.321,13.517,3.447,15.715,12.487,2.947,8.267,7.147,20.886,12.774,4.687,10.858,5.162,6.584,7.922,0,1.098,13.99,8.217,16.447,19.788,7.52,7.299,3.274,6.463,21.89,4.635,12.768,10.044,5.815,0,17.818,2.63,4.686,5.925,14.473,2.808,0,13.065,3.931,7.585,1.802,12.816,11.324,13.596,14.485,9.957,19.136,2.24,11.79,11.449,0,12.567,19.602,14.864,6.55,3.038,3.452,14.195,4.627,9.431,6.395,4.009,11.826,4.202,9.949,10.371,27.65,11.503,15.342,0,0,30.854,14.279,10.212
TM4:bin_000088,0,0,0,0,0,0,0,0,0,0,0,0,0,0,0,0,0,0,0,0,0,0,0,0,0,0,0,0,0,0,0,0,0,0,0,0,0,0,0,0,0,0,0,0,0,0,0,0,0,0,0,0,0,0,0,0,0,0,0,0,0,0,0,0,0,0,0,0,0,0,0,0,0,0,0,0,0,0,0,0,0,0,0,0
TM4:bin_000093,2.264,3.022,0,1.88,1.512,2.395,0,2.232,1.83,2.511,2.319,0,1.994,2.462,0,1.027,0,3.619,1.795,0,0,0,1.408,0,0,0,2.944,0,1.655,3.45,1.457,1.605,1.739,0,3.831,0,0,0,0,0,0,0,0,1.74,2.515,0,0,0,1.736,0,0,0,1.706,2.507,0,1.408,0,0,1.615,1.993,0,0,2.377,1.35,1.128,0,1.398,2.367,1.855,1.972,1.609,0,2.06,0,0,0,3.483,1.342,2.427,0,0,2.041,1.737,1.562
TM4:bin_000095,0,0,0,0,0,0,0,0,0,0,0,0,0,0,0,0,0,0,0,0,0,0,0,0,0,0,0,0,0,0,0,0,0,0,0,0,0,0,0,0,0,0,0,0,0,0,0,0,0,0,0,0,0,0,0,0,0,0,0,0,0,0,0,0,0,0,0,0,0,0,0,0,0,0,0,0,0,0,0,0,0,0,0,0
TM4:bin_000097,0,1.586,0,0,3.312,2.067,0,1.387,0,1.205,1.256,0,0,0,0,0,0,3.193,0,0,0,1.266,0,0,0,0,0,0,0,1.649,0,0,0,0,2.677,0,0,0,0,0,0,0,0,0,0,0,0,0,0,0,0.886,0,0,0,0,0,0,0,0,0,0,0,2.269,1.379,0,0,0,0,0,0,0,0,0,0,0,0,0,0,1.743,0,0,1.875,2.175,0
TM4:bin_000099,0,0,0,0,0,0,0,0,0,0,0,0,0,0,0,0,0,0,0,0,0,0,0,0,0,0,0,0,0,0,0,0,0,0,0,0,0,0,0,0,0,0,0,0,0,0,0,0,0,0,0,0,0,0,0,0,0,0,0,0,0,0,0,0,0,0,0,0,0,0,0,0,0,0,0,0,0,0,0,0,0,0,0,0
TM4:bin_000106,0,0,0,0,0,0,0,0,0,0,0,0,0,0,0,0,0,0,0,0,0,0,0,0,0,0,0,0,0,0,0,0,0,0,0,0,0,0,0,0,0,0,0,0,0,0,0,0,0,0,0,0,0,0,0,0,0,0,0,0,0,0,0,0,0,0,0,0,0,0,0,0,0,0,0,0,0,0,0,0,0,0,0,0
TM4:bin_000115,0,0,0,0,0,0,0,0,0,0,0,0,0,0,0,0,0,0,0,0,0,0,0,0,0,0,0,0,0,0,0,0,0,0,0,0,0,0,0,0,0,0,0,0,0,0,0,0,0,0,0,0,0,0,0,0,0,0,0,0,0,0,0,0,0,0,0,0,0,0,0,0,0,0,0,0,0,0,0,0,0,0,0,0
TM4:bin_000133,0,0,0,0,0,0,0,0,0,0,0,0,0,0,0,0,0,0,0,0,0,0,0,0,0,0,0,0,0,0,0,0,0,0,0,0,0,0,0,0,0,0,0,0,0,0,0,0,0,0,0,0,0,0,0,0,0,0,0,0,0,0,0,0,0,0,0,0,0,0,0,0,0,0,0,0,0,0,0,0,0,0,0,0
TM4:bin_000144,0,0,0,0,0,0,0,0,0,0,0,0,0,0,0,0,0,0,0,0,0,0,0,0,0,0,0,0,0,0,0,0,0,0,0,0,0,0,0,0,0,0,0,0,0,0,0,0,0,0,0,0,0,0,0,0,0,0,0,0,0,0,0,0,0,0,0,0,0,0,0,0,0,0,0,0,0,0,0,0,0,0,0,0
TM4:bin_000166,1.792,7.641,2.489,2.318,6.787,4.657,0,2.569,7.986,19.808,2.702,5.367,2.832,3.117,1.781,3.456,1.513,8.474,2.553,1.215,3.784,2.241,0,3.067,0,0,3.605,1.065,5.119,5.415,3.354,2.308,0,0,6.266,0,2.15,0,0,0,6.225,1.635,0,2.658,8.741,1.765,0,5.666,0,1.801,2.562,2.787,3.422,5.511,2.682,1.787,4.123,0,3.207,1.592,0,3.906,3.845,2.441,2.514,0,0,5.337,2.24,3.364,1.917,2.56,2.489,4.042,4.03,1.515,5.5,5.112,5.933,0,0,10.051,2.608,3.857
TM4:bin_000184,0,0,0,0,0,0,0,0,0,0,0,0,0,0,0,0,0,0,0,0,0,0,0,0,0,0,0,0,0,0,0,0,0,0,0,0,0,0,0,0,0,0,0,0,0,0,0,0,0,0,0,0,0,0,0,0,0,0,0,0,0,0,0,0,0,0,0,0,0,0,0,0,0,0,0,0,0,0,0,0,0,0,0,0
TM4:bin_000189,0,0,0,0,0,0,0,0,0,0,0,0,0,0,0,0,0,0,0,0,0,0,0,0,0,0,0,0,0,0,0,0,0,0,0,0,0,0,0,0,0,0,0,0,0,0,0,0,0,0,0,0,0,0,0,0,0,0,0,0,0,0,0,0,0,0,0,0,0,0,0,0,0,0,0,0,0,0,0,0,0,0,0,0
TM4:bin_000200,2.787,0,0,0,2.069,0,0,0,0,2.658,1.878,0,2.274,0,0,1.19,0,0,0,0,0,0,0,2.33,0,0,2.042,0,0,0,0,0,0,0,0,0,0,0,0,0,0,2.321,0,0,0,0,0,0,0,0,0,0,0,0,0,0,2.812,0,1.922,2.456,0,0,0,1.709,0,0,0,0,0,3.201,0,0,0,0,0,0,0,0,0,0,0,0,0,0
TM4:bin_000204,13.465,20.834,16.757,12.231,15.865,15.153,3.956,14.529,19.838,13.857,13.427,13.349,17.98,15.48,2.248,8.746,4.637,25.017,13.268,8.588,13.926,7.918,7.662,8.541,0,1.392,23.724,5.384,14.296,22.686,10.243,8.633,7.336,4.72,27.409,6.325,16.152,6.224,5.609,0,9.797,9.869,4.782,10.63,18.713,7.039,0,22.72,13.856,7.193,6.466,9.31,11.959,14.232,14.029,9.201,15.249,3.615,16.199,14.019,0,21.415,16.587,15.15,8.008,4.844,8.573,30.331,8.741,13.08,7.701,8.056,17.223,13.108,13.292,14.885,37.849,14.19,16.675,0,0,27.13,16.287,13.332
TM4:bin_000209,0,0,0,0,0,0,0,0,0,0,0,0,0,0,0,0,0,0,0,0,0,0,0,0,0,0,0,0,0,0,0,0,0,0,0,0,0,0,0,0,0,0,0,0,0,0,0,0,0,0,0,0,0,0,0,0,0,0,0,0,0,0,0,0,0,0,0,0,0,0,0,0,0,0,0,0,0,0,0,0,0,0,0,0
TM4:bin_000211,0,0,0,0,0,0,0,0,0,0,0,0,0,0,0,0,0,0,0,0,0,0,0,0,0,0,0,0,0,0,0,0,0,0,0,0,0,0,0,0,0,0,0,0,0,0,0,0,0,0,0,0,0,0,0,0,0,0,0,0,0,0,0,0,0,0,0,0,0,0,0,0,0,0,0,0,0,0,0,0,0,0,0,0
TM4:bin_000216,0,0,0,0,0,0,0,0,0,0,0,0,0,0,0,0,0,0,0,0,0,0,0,0,0,0,0,0,0,0,0,0,0,0,0,0,0,0,0,0,0,0,0,0,0,0,0,0,0,0,0,0,0,0,0,0,0,0,0,0,0,0,0,0,0,0,0,0,0,0,0,0,0,0,0,0,0,0,0,0,0,0,0,0
TM4:bin_000248,0,3.976,0,0,3.584,1.446,0,53.197,6.616,1.479,0,24.352,3.533,0,0,1.97,1.591,7.185,0,0,11.276,0,0,0,0,0,2.359,3.115,11.369,0,5.362,0,2.534,0,5.372,0,0,0,1.537,0,4.96,0,2.266,0,7.193,0,0,2.973,0,0,0,3.951,5.21,2.056,10.63,2.776,2.891,0,2.252,0,0,3.452,0,2.75,0,1.17,0,25.935,2.723,1.561,0,0,3.071,0,0,5.943,2.715,0,8.499,0,0,4.705,7.501,2.397
TM4:bin_000249,26.107,26.197,14.496,64.921,32.19,13.65,0,21.74,17.246,23.261,22.129,38.948,29.145,22.398,12.767,17.444,32.903,26.597,28.444,16.621,16.685,12.719,21.907,37.671,0,0.709,15.305,7.514,33.651,24.3,20.586,5.964,4.29,28.101,21.758,25.492,15.413,15.1,5.303,0,7.105,31.982,8.068,9.303,31.358,5.537,0,20.407,12.784,9.368,4.482,16.56,25.884,31.535,6.509,16.738,26.142,1.264,53.413,7.645,0,16.633,27.772,13.887,23.973,4.045,10.283,29.614,13.27,21.572,24.199,2.113,18.856,10.132,6.026,8.447,28.55,22.951,32.671,0,0,60.12,15.322,16.275
TM4:bin_000259,0,0,0,0,0,0,0,0,0,0,0,0,0,0,0,0,0,0,0,0,0,0,0,0,0,0,0,0,0,0,0,0,0,0,0,0,0,0,0,0,0,0,0,0,0,0,0,0,0,0,0,0,0,0,0,0,0,0,0,0,0,0,0,0,0,0,0,0,0,0,0,0,0,0,0,0,0,0,0,0,0,0,0,0
TM4:bin_000261,0,0,0,0,0,0,0,0,0,0,0,0,0,0,0,0,0,0,0,0,0,0,0,0,0,0,0,0,0,0,0,0,0,0,0,0,0,0,0,0,0,0,0,0,0,0,0,0,0,0,0,0,0,0,0,0,0,0,0,0,0,0,0,0,0,0,0,0,0,0,0,0,0,0,0,0,0,0,0,0,0,0,0,0
TM4:bin_000267,4.744,5.366,2.812,2.412,8.504,6.51,0,16.86,0,24.561,0,0,2.239,1.899,0,0,2.874,22.089,1.513,4.212,1.506,2.805,10.671,3.126,0,0,7.781,1.554,36.737,6.14,0,0,9.983,9.887,4.059,0,3.609,3.785,0,0,10.517,0,14.305,0,5.129,3.429,0,4.788,3.331,2.977,0,4.201,24.153,10.052,11.955,6.547,23.834,0,2.573,0,0,14.636,19.78,11.158,0,12.102,0,15.078,4.287,9.18,1.581,5.227,5.09,2.851,2.736,0,10.272,0,16.126,0,0,79.653,0,4.407
TM4:bin_000275,0,0,0,0,0,0,0,0,0,0,0,0,0,0,0,0,0,0,0,0,0,0,0,0,0,0,0,0,0,0,0,0,0,0,0,0,0,0,0,0,0,0,0,0,0,0,0,0,0,0,0,0,0,0,0,0,0,0,0,0,0,0,0,0,0,0,0,0,0,0,0,0,0,0,0,0,0,0,0,0,0,0,0,0
TM4:bin_000278,0,0,0,0,0,0,0,0,0,0,0,0,0,0,0,0,0,0,0,0,0,0,0,0,0,0,0,0,0,0,0,0,0,0,0,0,0,0,0,0,0,0,0,0,0,0,0,0,0,0,0,0,0,0,0,0,0,0,0,0,0,0,0,0,0,0,0,0,0,0,0,0,0,0,0,0,0,0,0,0,0,0,0,0
TM4:bin_000285,0,0,0,0,0,0,0,0,0,0,0,0,0,0,0,0,0,0,0,0,0,0,0,0,0,0,0,0,0,0,0,0,0,0,0,0,0,0,0,0,0,0,0,0,0,0,0,0,0,0,0,0,0,0,0,0,0,0,0,0,0,0,0,0,0,0,0,0,0,0,0,0,0,0,0,0,0,0,0,0,0,0,0,0
TM4:bin_000286,3.366,2.955,2.138,2.431,2.552,2.66,0,2.133,0,2.414,2.499,1.842,2.666,2.26,0,1.986,0,3.73,1.868,0,1.836,0,0,0,0,0,2.751,0,3.171,2.007,1.576,1.656,2.11,0,4.585,0,1.776,1.88,0,0,1.732,0,0,1.619,1.579,2.469,0,3.78,0,0,0,0,0,1.817,1.323,0,1.892,0,2.722,2.77,0,0,1.995,2.17,1.321,0,1.272,3.846,0,2.133,0,0,2.212,1.574,1.98,1.821,3.812,1.29,2.708,0,0,4.776,1.91,0
TM4:bin_000287,0,0,0,0,0,0,0,0,0,0,0,0,0,0,0,0,0,0,0,0,0,0,0,0,0,0,0,0,0,0,0,0,0,0,0,0,0,0,0,0,0,0,0,0,0,0,0,0,0,0,0,0,0,0,0,0,0,0,0,0,0,0,0,0,0,0,0,0,0,0,0,0,0,0,0,0,0,0,0,0,0,0,0,0
TM4:bin_000305,0,0,0,0,0,0,0,0,0,0,0,0,0,0,0,0,0,0,0,0,0,0,0,0,0,0,0,0,0,0,0,0,0,0,0,0,0,0,0,0,0,0,0,0,0,0,0,0,0,0,0,0,0,0,0,0,0,0,0,0,0,0,0,0,0,0,0,0,0,0,0,0,0,0,0,0,0,0,0,0,0,0,0,0
TM4:bin_000312,0,0,0,0,0,0,0,0,0,0,0,0,0,0,0,0,0,0,0,0,0,0,0,0,0,0,0,0,0,0,0,0,0,0,0,0,0,0,0,0,0,0,0,0,0,0,0,0,0,0,0,0,0,0,0,0,0,0,0,0,0,0,0,0,0,0,0,0,0,0,0,0,0,0,0,0,0,0,0,0,0,0,0,0
TM4:bin_000316,24.756,40.378,27.362,23.645,33.501,24.165,3.464,22.808,32.403,23.271,14.332,9.356,19.619,26.419,13.595,15.262,13.737,41.221,18.881,9.696,22.995,17.412,11.423,11.285,0,1.481,29.913,13.274,31.767,25.323,14.119,11.189,11.702,9.603,39.805,6.388,33.809,12.802,14.155,0,26.768,6.89,13.995,21.069,39.89,6.46,0,23.224,7.584,10.868,3.41,21.156,28.013,19.855,17.871,14.633,18.354,7.195,28.559,9.838,0,38.467,29.005,23.786,8.573,7.45,11.025,28.259,21.795,18.987,16.745,7.229,27.288,18.822,15.377,14.246,39.98,21.971,25.717,0,0,43.86,20.078,29.591
