genome,M305179,M305285,M305289,M305307,M305196,M305297,M305284,M305269,M305213,M305290,M305216,M305306,M305276,M305268,M305200,M305302,M305219,M305208,M305214,M305212,M305300,M305282,M305283,M305197,M305204,M305311,M305211,M305278,M305310,M305194,M305193,M305293,M305280,M305185,M305281,M305308,M305271,M305287,M305187,M305191,M305173,M305206,M305176,M305296,M305305,M305192,M305299,M305274,M305217,M305272,M305180,M305315,M305294,M305175,M305205,M305201,M305270,M305198,M305188,M305313,M305189,M305186,M305184,M305301,M305275,M305210,M305215,M305183,M305172,M305174,M305312,M305199,M305298,M305286,M305303,M305203,M305279,M305314,M305195,M305288,M305292,M305178,M305207,M305182
00:bin_000002,51.939,14.194,0,10.954,16.265,56.633,3.904,12.329,27.206,4.282,44.081,53.187,33.265,0,40.142,10.082,36.839,12.379,7.201,30.769,24.797,36.976,21.018,17.415,13.614,16.685,28.597,0,20.863,0,22.712,13.904,19.435,50.029,24.542,14.097,30.487,0,14.23,0,19.497,30.147,22.629,29.01,38.002,15.263,61.724,0,19.277,15.121,23.442,4.605,15.086,0,30.155,30.747,33.895,0,0,40.988,17.048,18.937,29.692,0,16.231,34.148,0,18.337,2.049,13.012,42.367,19.301,84.173,17.632,39.768,37.702,3.978,0,4.911,0,9.911,31.034,26.025,19.705
00:bin_000004,11.679,5.307,0,6.77,7.605,20.556,1.797,6.17,8.817,1.337,24.625,24.689,20.648,0,8.87,4.542,21.26,7.032,0,18.38,15.195,12.353,6.662,2.02,12.876,12.444,16.731,0,8.553,0,13.885,4.715,9.433,24.105,9.169,3.417,12.719,0,8.577,0,14.412,9.446,12.25,12.572,22.063,6.559,26.804,0,9.416,6.837,5.283,2.507,15.161,0,8.037,12.805,13.122,0,0,20.026,8.182,6.98,9.181,0,14.968,14.25,0,6.121,0,5.635,20.514,4.111,41.497,10.114,26.504,11.81,2.492,0,0,0,4.62,5.581,9.163,7.036
00:bin_000007,0,0,0,0,0,0,0,0,0,0,0,0,0,0,0,0,0,0,0,0,0,0,0,0,0,0,0,0,0,0,0,0,0,0,0,0,0,0,0,0,0,0,0,0,0,0,0,0,0,0,0,0,0,0,0,0,0,0,0,0,0,0,0,0,0,0,0,0,0,0,0,0,0,0,0,0,0,0,0,0,0,0,0,0
00:bin_000010,0,0,0,0,0,0,0,0,0,0,0,0,0,0,0,0,0,0,0,0,0,0,0,0,0,0,0,0,0,0,0,0,0,0,0,0,0,0,0,0,0,0,0,0,0,0,0,0,0,0,0,0,0,0,0,0,0,0,0,0,0,0,0,0,0,0,0,0,0,0,0,0,0,0,0,0,0,0,0,0,0,0,0,0
00:bin_000015,9.1,3.441,0,5.356,7.28,10.654,0,3.495,15.647,0,9.225,11.703,20.693,0,7.947,3.45,8.777,5.805,0,9.286,11.498,7.977,13.886,7.443,4.704,8.604,5.703,0,9.306,0,15.132,4.578,9.002,9.917,6.693,5.963,10.454,0,7.363,0,5.004,13.23,7.018,4.705,8.022,4.118,22.939,0,7.561,9.51,3.278,0,3.555,0,6.045,11.154,3.676,0,0,15.837,4.038,5.113,9.357,0,25.672,6.148,0,6.288,0,4.834,18.057,0,28.978,8.235,6.684,9.623,1.684,0,0,0,7.178,3.432,5.068,7.663
00:bin_000024,0,0,0,0,1.915,3.982,0,0,0,0,0,2.026,2.59,0,0,0,1.661,1.56,0,2.412,2.274,5.643,0,0,0,0,0,0,0,0,2.98,0,2.234,1.84,0,0,4.464,0,0,0,0,1.993,0,0,0,0,0,0,0,2.187,0,0,0,0,1.867,0,0,0,0,3.686,0,0,1.715,0,0,0,0,0,0,0,2.23,1.376,5.793,0,4.018,2.728,0,0,0,0,0,0,0,0
00:bin_000030,0,0,0,0,0,3.385,0,0,0,0,0,0,0,0,0,0,0,0,0,0,0,0,0,0,0,0,0,0,0,0,0,0,0,0,0,0,0,0,0,0,0,0,0,0,0,0,3.488,0,0,0,0,0,0,0,0,0,0,0,0,2.992,0,0,0,0,0,0,0,0,0,0,0,0,0,0,0,0,0,0,0,0,0,0,0,0
00:bin_000037,0,0,0,0,0,0,0,0,0,0,0,0,0,0,0,0,0,0,0,0,0,0,0,0,0,0,0,0,0,0,0,0,0,0,0,0,0,0,0,0,0,0,0,0,0,0,0,0,0,0,0,0,0,0,0,0,0,0,0,0,0,0,0,0,0,0,0,0,0,0,0,0,0,0,0,0,0,0,0,0,0,0,0,0
00:bin_000040,9.46,0,0,0,0,18.614,0,0,0,0,0,2.073,2.683,0,15.737,0,2.199,0,0,3.828,0,3.989,0,0,0,0,0,0,0,0,2.137,0,0,0,1.838,0,0,0,2.475,0,1.884,2.318,0,0,0,0,4.109,0,0,0,0,0,0,0,0,3.133,0,0,0,0,0,1.675,1.657,0,2.04,0,0,0,0,0,0,0,2.595,0,0,27.749,0,0,0,0,0,0,0,10.253
00:bin_000043,0,0,0,0,1.432,0,0,0,0,0,0,0,0,0,0,0,0,0,0,0,0,0,0,0,0,0,0,0,0,0,0,0,0,0,0,0,2.249,0,0,0,0,0,0,2.06,0,0,0,0,0,0,0,0,0,0,0,0,1.616,0,0,0,0,0,0,0,0,0,0,0,0,0,0,0,2.162,0,0,0,0,0,0,0,0,0,0,0
00:bin_000048,0,0,0,0,0,0,0,0,0,0,0,0,0,0,0,0,0,0,0,0,0,0,0,0,0,0,0,0,0,0,0,0,0,0,0,0,0,0,0,0,0,0,0,0,0,0,0,0,0,0,0,0,0,0,0,0,0,0,0,0,0,0,0,0,0,0,0,0,0,0,0,0,0,0,0,0,0,0,0,0,0,0,0,0
00:bin_000049,1.802,0,0,0,1.604,1.822,0,0,0,0,0,3.598,1.796,0,0,0,1.898,0,0,0,3.206,0,1.914,0,0,1.646,1.865,0,0,0,2.726,0,0,1.352,2.316,2.222,0,0,0,0,0,1.838,0,1.6,0,0,0,0,0,0,0,0,0,0,0,0,0,0,0,1.706,0,0,2.111,0,0,1.412,0,1.349,0,0,0,0,2.432,0,2.799,0,0,0,0,0,2.083,0,1.378,1.53
00:bin_000052,0,0,0,0,0,0,0,0,0,0,0,0,0,0,0,0,0,0,0,0,0,0,0,0,0,0,0,0,0,0,0,0,0,0,0,0,0,0,0,0,0,0,0,0,0,0,0,0,0,0,0,0,0,0,0,0,0,0,0,0,0,0,0,0,0,0,0,0,0,0,0,0,0,0,0,0,0,0,0,0,0,0,0,0
00:bin_000054,0,0,0,0,0,0,0,0,0,0,0,0,0,0,0,0,0,0,0,0,0,0,0,0,0,0,0,0,0,0,0,0,0,0,0,0,0,0,0,0,0,0,0,0,0,0,0,0,0,0,0,0,0,0,0,0,0,0,0,0,0,0,0,0,0,0,0,0,0,0,0,0,0,0,0,0,0,0,0,0,0,0,0,0
00:bin_000057,0,0,0,0,0,0,0,0,0,0,0,0,0,0,0,0,0,0,0,0,0,0,0,0,0,0,0,0,0,0,0,0,0,0,0,0,0,0,0,0,0,0,0,0,0,0,0,0,0,0,0,0,0,0,0,0,0,0,0,0,0,0,0,0,0,0,0,0,0,0,0,0,0,0,0,0,0,0,0,0,0,0,0,0
00:bin_000065,0,0,0,0,0,0,0,0,0,0,0,0,0,0,0,0,0,0,0,0,0,0,0,0,0,0,0,0,0,0,0,0,0,0,0,0,0,0,0,0,0,0,0,0,0,0,0,0,0,0,0,0,0,0,0,0,0,0,0,0,0,0,0,0,0,0,0,0,0,0,0,0,0,0,0,0,0,0,0,0,0,0,0,0
00:bin_000067,3.274,1.654,0,4.012,3.421,6.115,0,2.93,3.216,0,5.139,4.575,8.257,0,3.973,1.491,5.194,2.753,0,2.657,3.479,2.067,6.2,2.068,2.55,2.141,3.267,0,3.302,0,6.708,2.938,4.997,6.175,2.999,2.645,3.104,0,1.516,0,3.372,6.141,4.729,2.506,5.421,2.176,8.832,0,2.586,5.361,1.581,0,2.815,0,3.442,5.234,4.268,0,0,7.824,2.098,4.386,6.855,0,8.197,3.211,0,4.36,0,1.431,8.835,0,12.206,1.933,5.51,3.03,0,0,0,0,2.65,1.722,2.925,3.961
00:bin_000077,0,0,0,0,0,0,0,0,0,0,0,0,0,0,0,0,0,0,0,0,0,0,0,0,0,0,0,0,0,0,0,0,0,0,0,0,0,0,0,0,0,0,0,0,0,0,0,0,0,0,0,0,0,0,0,0,0,0,0,0,0,0,0,0,0,0,0,0,0,0,0,0,0,0,0,0,0,0,0,0,0,0,0,0
00:bin_000098,0,0,0,0,0,0,0,0,0,0,0,0,0,0,0,0,0,0,0,0,0,0,0,0,0,0,0,0,0,0,0,0,0,0,0,0,0,0,0,0,0,0,0,0,0,0,0,0,0,0,0,0,0,0,0,0,0,0,0,0,0,0,0,0,0,0,0,0,0,0,0,0,0,0,0,0,0,0,0,0,0,0,0,0
00:bin_000105,0,0,0,0,0,0,0,0,0,0,0,0,0,0,0,0,0,0,0,0,0,0,0,0,0,0,0,0,0,0,0,0,0,0,0,0,0,0,0,0,0,0,0,0,0,0,0,0,0,0,0,0,0,0,0,0,0,0,0,0,0,0,0,0,0,0,0,0,0,0,0,0,0,0,0,0,0,0,0,0,0,0,0,0
00:bin_000114,0,0,0,0,0,0,0,0,0,0,0,0,0,0,0,0,0,0,0,0,0,0,0,0,0,0,0,0,0,0,0,0,0,0,0,0,0,0,0,0,0,0,0,0,0,0,0,0,0,0,0,0,0,0,0,0,0,0,0,0,0,0,0,0,0,0,0,0,0,0,0,0,0,0,0,0,0,0,0,0,0,0,0,0
00:bin_000122,3.627,0,0,0,2.309,6.297,0,1.908,2.228,0,4.194,6.189,3.689,0,3.24,0,1.81,0,0,2.459,1.957,1.995,0,0,2.481,0,1.949,0,4.059,0,3.801,0,2.359,0,4.421,0,1.991,0,3.396,0,1.944,2.502,2.071,2.044,4.668,1.922,5.993,0,2.576,0,0,0,4.787,0,0,3.036,2.79,0,0,5.895,2.124,0,3.98,0,2.55,0,0,1.678,0,0,4.667,0,7.39,2.22,4.416,0,0,0,0,0,1.856,1.986,2.758,2.909
00:bin_000123,0,0,0,0,0,1.888,0,0,1.288,0,1.009,1.757,1.983,0,0,0,0,0,0,0,0,0,0,0,0,0,0,0,0,0,0,0,0,1.213,0,0,0,0,0,0,0,0,0,0,0,0,1.39,0,0,0,0,0,0,0,0,0,0,0,0,0,0,0,1.593,0,0,0,0,0,0,0,2.895,0,1.488,0,0,0,0,0,0,0,0,0,0,0
00:bin_000129,0,0,0,0,0,0,0,0,0,0,0,0,0,0,0,0,0,0,0,0,0,0,0,0,0,0,0,0,0,0,0,0,0,0,0,0,0,0,0,0,0,0,0,0,0,0,0,0,0,0,0,0,0,0,0,0,0,0,0,0,0,0,0,0,0,0,0,0,0,0,0,0,0,0,0,0,0,0,0,0,0,0,0,0
00:bin_000144,0,0,0,0,0,0,0,0,0,0,0,0,0,0,0,0,0,0,0,0,0,0,0,0,0,0,0,0,0,0,0,0,0,0,0,0,0,0,0,0,0,0,0,0,0,0,0,0,0,0,0,0,0,0,0,0,0,0,0,0,0,0,0,0,0,0,0,0,0,0,0,0,0,0,0,0,0,0,0,0,0,0,0,0
00:bin_000146,0,0,0,0,0,0,0,0,0,0,0,0,0,0,0,0,0,0,0,0,0,0,0,0,0,0,0,0,0,0,0,0,0,0,0,0,0,0,0,0,0,0,0,0,0,0,0,0,0,0,0,0,0,0,0,0,0,0,0,0,0,0,0,0,0,0,0,0,0,0,0,0,0,0,0,0,0,0,0,0,0,0,0,0
00:bin_000151,0,0,0,0,0,0,0,0,0,0,0,0,0,0,0,0,0,0,0,0,0,0,0,0,0,0,0,0,0,0,0,0,0,0,0,0,0,0,0,0,0,0,0,0,0,0,0,0,0,0,0,0,0,0,0,0,0,0,0,0,0,0,0,0,0,0,0,0,0,0,0,0,0,0,0,0,0,0,0,0,0,0,0,0
00:bin_000159,0,0,0,0,0,0,0,0,0,0,0,0,0,0,0,0,0,0,0,0,0,0,0,0,0,0,0,0,0,0,0,0,0,0,0,0,0,0,0,0,0,0,0,0,0,0,0,0,0,0,0,0,0,0,0,0,0,0,0,0,0,0,0,0,0,0,0,0,0,0,0,0,0,0,0,0,0,0,0,0,0,0,0,0
00:bin_000162,5.914,3.34,0,4.549,3.74,11.099,3.513,1.816,6.875,1.433,7.621,10.66,12.615,0,6.178,4.013,5.682,2.884,0,4.986,11.22,1.915,5.393,2.36,2.541,5.21,2.689,0,3.08,0,9.049,2.602,6.389,8.607,2.839,3.543,6.388,0,7.162,0,5.668,7.895,6.284,3.674,6.645,4.909,10.976,0,6.758,4.582,1.768,0,2.848,0,2.459,7.835,4.093,0,0,11.983,3.587,4.213,6.19,0,74.595,4.549,0,5.182,0,1.969,13.954,1.58,18.746,2.046,2.692,7.258,2.234,0,0,0,0,2.174,7.772,4.607
00:bin_000163,0,0,0,0,0,0,0,0,0,0,0,0,0,0,0,0,0,0,0,0,0,0,0,0,0,0,0,0,0,0,0,0,0,0,0,0,0,0,0,0,0,0,0,0,0,0,0,0,0,0,0,0,0,0,0,0,0,0,0,0,0,0,0,0,0,0,0,0,0,0,0,0,0,0,0,0,0,0,0,0,0,0,0,0
00:bin_000167,0,0,0,0,1.433,0,0,0,0,0,1.229,0,0,0,0,0,0,0,0,0,0,0,0,0,0,0,0,0,0,0,0,0,0,0,0,0,0,0,0,0,0,5.295,0,0,1.812,0,0,0,0,0,0,0,0,0,0,0,0,0,0,0,0,0,0,0,0,0,0,0,0,0,0,0,0,0,0,0,0,0,0,0,0,0,0,0
00:bin_000171,0,0,0,0,0,0,0,0,0,0,0,0,1.891,0,0,0,0,0,0,0,0,0,0,0,0,0,0,0,0,0,0,0,0,0,0,0,0,0,0,0,0,0,0,0,0,0,1.99,0,0,0,0,0,0,0,0,0,0,0,0,2.142,0,0,0,0,0,0,0,0,0,0,0,0,0,0,0,0,0,0,0,0,0,0,0,0
00:bin_000175,0,0,0,0,0,0,0,0,0,0,0,0,0,0,0,0,0,0,0,0,0,0,0,0,0,0,0,0,0,0,0,0,0,0,0,0,0,0,0,0,0,0,0,0,0,0,0,0,0,0,0,0,0,0,0,0,0,0,0,0,0,0,0,0,0,0,0,0,0,0,0,0,0,0,0,0,0,0,0,0,0,0,0,0
00:bin_000181,0,0,0,0,0,0,0,0,0,0,0,0,0,0,0,0,0,0,0,0,0,0,0,0,0,0,0,0,0,0,0,0,0,0,0,0,0,0,0,0,0,0,0,0,0,0,0,0,0,0,0,0,0,0,0,0,0,0,0,0,0,0,0,0,0,0,0,0,0,0,0,0,0,0,0,0,0,0,0,0,0,0,0,0
00:bin_000184,0,0,0,0,0,0,0,0,0,0,0,0,0,0,0,0,0,0,0,0,0,0,0,0,0,0,0,0,0,0,0,0,0,0,0,0,0,0,0,0,0,0,0,0,0,0,0,0,0,0,0,0,0,0,0,0,0,0,0,0,0,0,0,0,0,0,0,0,0,0,0,0,0,0,0,0,0,0,0,0,0,0,0,0
00:bin_000194,0,0,0,0,0,0,0,0,0,0,0,0,0,0,0,0,0,0,0,0,0,0,0,0,0,0,0,0,0,0,0,0,0,0,0,0,0,0,0,0,0,0,0,0,0,0,0,0,0,0,0,0,0,0,0,0,0,0,0,0,0,0,0,0,0,0,0,0,0,0,0,0,0,0,0,0,0,0,0,0,0,0,0,0
00:bin_000198,0,0,0,0,0,0,0,0,0,0,0,0,0,0,0,0,0,0,0,0,0,0,0,0,0,0,0,0,0,0,0,0,0,0,0,0,0,0,0,0,0,0,0,0,0,0,0,0,0,0,0,0,0,0,0,0,0,0,0,0,0,0,0,0,0,0,0,0,0,0,0,0,0,0,0,0,0,0,0,0,0,0,0,0
00:bin_000200,3.768,2.147,0,2.175,2.345,3.783,0,0,2.626,0,5.754,5.163,4.066,0,1.809,2.121,5.835,1.486,0,3.966,3.937,3.553,3.35,1.472,4.533,2.971,5.921,0,0,0,3.742,0,2.436,6.529,4.569,0,2.582,0,1.771,0,4.971,2.677,4.404,4.614,8.729,1.956,6.806,0,4.428,3.189,0,0,5.054,0,2.44,2.398,4.448,0,0,7.318,3.207,1.938,2.12,0,6.269,4.672,0,0,0,1.555,6.549,2.018,10.908,4.119,7.416,4.083,0,0,0,0,2.221,2.715,2.79,3.242
00:bin_000204,0,0,0,0,0,0,0,0,0,0,0,0,0,0,0,0,0,0,0,0,0,0,0,0,0,0,0,0,0,0,0,0,0,0,0,0,0,0,0,0,0,0,0,0,0,0,0,0,0,0,0,0,0,0,0,0,0,0,0,0,0,0,0,0,0,0,0,0,0,0,0,0,0,0,0,0,0,0,0,0,0,0,0,0
00:bin_000205,0,0,0,0,0,1.746,0,0,0,0,1.657,0,3.223,0,0,0,0,0,0,0,0,0,0,0,0,1.647,0,0,0,0,1.432,0,0,1.558,0,0,0,0,0,0,0,0,0,0,0,0,2.134,0,0,0,0,0,0,0,0,1.451,0,0,0,1.882,0,0,1.508,0,2.573,0,0,0,0,0,4.715,0,4.276,0,0,0,0,0,0,0,0,0,0,0
00:bin_000212,4.249,0,0,5.392,0,0,0,0,1.652,0,0,3.006,6.414,0,0,0,2.967,0,0,4.005,0,0,0,0,0,4.221,1.698,0,0,0,3.759,0,1.854,1.617,1.858,0,0,0,0,0,0,1.601,0,0,0,0,7.193,0,1.392,0,0,0,0,0,0,2.702,0,0,0,0,1.369,0,2.898,0,3.053,0,0,1.374,0,0,3.291,0,6.164,0,0,2.91,0,0,0,0,0,0,0,0
00:bin_000217,0,0,0,0,0,4.518,0,0,1.827,0,0,2.396,4.338,0,0,0,0,0,0,0,0,0,0,0,0,0,0,0,0,0,2.159,0,0,2.539,0,0,0,0,0,0,0,0,0,3.993,0,0,0,0,0,0,0,0,0,0,1.752,0,0,0,0,0,0,0,1.544,0,1.829,0,0,2.117,0,0,1.424,0,5.122,0,0,0,0,0,0,0,4.547,0,0,0
00:bin_000221,0,0,0,0,0,0,0,0,0,0,0,0,0,0,0,0,0,0,0,0,0,0,0,0,0,0,0,0,0,0,0,0,0,0,0,0,0,0,0,0,0,0,0,0,0,0,0,0,0,0,0,0,0,0,0,0,0,0,0,0,0,0,0,0,0,0,0,0,0,0,0,0,0,0,0,0,0,0,0,0,0,0,0,0
00:bin_000228,1.779,0,0,0,0,0,0,0,0,0,1.746,0,2.732,0,0,0,0,1.875,0,2.007,3.663,0,2.704,0,0,0,0,0,0,0,3.181,0,0,1.657,1.734,0,0,0,0,0,0,0,0,0,2.089,0,0,0,1.755,4.045,0,0,0,0,0,1.678,0,0,0,0,0,0,2.142,0,0,0,0,0,0,0,4.345,0,4.132,0,2.497,0,0,0,0,0,0,0,0,1.406
00:bin_000232,0,0,0,0,0,2.242,0,0,3.898,0,4.349,3.85,4.909,0,1.804,0,2.561,0,0,0,0,0,6.13,0,0,1.794,3.215,0,0,0,3.383,0,4.51,3.149,3.482,3.682,3.651,0,0,0,1.654,1.587,2.513,3.79,3.348,0,1.77,0,2.171,2.053,0,0,0,0,0,2.452,0,0,0,4.717,1.285,2.526,1.991,0,2.608,0,0,1.333,0,0,3.355,0,5.317,0,0,4.022,0,0,0,0,1.799,1.461,1.959,0
00:bin_000238,0,0,0,0,0,0,0,0,0,0,0,0,0,0,0,0,0,0,0,0,0,0,0,0,0,0,0,0,0,0,0,0,0,0,0,0,0,0,0,0,0,0,0,0,0,0,0,0,0,0,0,0,0,0,0,0,0,0,0,0,0,0,0,0,0,0,0,0,0,0,0,0,0,0,0,0,0,0,0,0,0,0,0,0
00:bin_000241,0,0,0,0,0,0,0,0,0,0,0,0,0,0,0,0,0,0,0,0,0,0,0,0,0,0,0,0,0,0,0,0,0,0,0,0,0,0,0,0,0,1.693,0,0,0,0,0,0,0,0,0,0,0,0,0,0,0,0,0,0,0,0,0,0,0,0,0,0,0,0,0,0,2.627,0,0,0,0,0,0,0,0,0,0,0
00:bin_000243,0,0,0,0,0,0,0,0,0,0,0,0,0,0,0,0,0,0,0,0,0,0,0,0,0,0,0,0,0,0,0,0,0,0,0,0,0,0,0,0,0,0,0,0,0,0,0,0,0,0,0,0,0,0,0,0,0,0,0,0,0,0,0,0,0,0,0,0,0,0,0,0,0,0,0,0,0,0,0,0,0,0,0,0
00:bin_000285,0,0,0,0,0,0,0,0,0,0,0,0,0,0,0,0,0,0,0,0,0,0,0,0,0,0,0,0,0,0,0,0,0,0,0,0,0,0,0,0,0,0,0,0,0,0,0,0,0,0,0,0,0,0,0,0,0,0,0,0,0,0,0,0,0,0,0,0,0,0,0,0,0,0,0,0,0,0,0,0,0,0,0,0
00:bin_000287,0,0,0,0,0,0,0,0,4.794,0,0,0,0,0,0,0,0,0,0,0,0,0,0,0,0,0,0,0,0,0,2.38,0,0,0,0,0,0,0,0,0,0,0,0,0,0,0,3.071,0,0,0,0,0,0,0,0,1.845,0,0,0,0,0,0,0,0,0,0,0,0,0,0,0,0,0,0,0,0,0,0,0,0,0,0,0,0
00-TM1:bin_000014,2.661,0,0,0,0,3.214,0,0,0,0,0,0,0,0,1.562,0,0,0,0,0,0,0,0,0,0,0,0,0,0,0,0,0,0,0,0,0,0,0,0,0,0,0,0,0,3.416,0,0,0,1.436,0,0,0,0,0,0,0,0,0,0,0,0,0,0,0,0,0,0,0,0,0,1.744,0,7.293,0,0,0,0,0,0,0,0,0,0,0
00-TM1:bin_000022,12.531,9.57,0,7.615,9.164,30.765,1.604,3.79,16.619,2.808,19.46,18.591,26.863,0,8.404,7.274,11.532,6.145,3.763,10.141,22.942,15.025,15.44,6.563,9.936,9.12,11.714,0,13.663,0,28.01,6.445,15.351,16.764,9.497,8.158,10.212,0,9.594,0,19.516,14.19,17.728,8.782,12.25,9.851,25.029,0,10.881,8.76,3.98,0,3.399,0,13.377,21.904,10.6,0,0,33.051,6.274,12.57,18.919,0,22.179,8.062,0,13.73,0,3.477,18.847,4.976,39.42,10.218,20.067,13.871,9.174,0,1.555,0,5.045,8.189,11.845,13.267
00-TM1:bin_000047,0,0,0,0,0,0,0,0,0,0,0,0,0,0,0,0,0,0,0,0,0,0,0,0,0,0,0,0,0,0,0,0,0,0,0,0,0,0,0,0,0,0,0,0,0,0,0,0,0,0,0,0,0,0,0,0,0,0,0,0,0,0,0,0,0,0,0,0,0,0,0,0,0,0,0,0,0,0,0,0,0,0,0,0
00-TM1:bin_000048,0,0,0,0,0,0,0,0,0,0,0,0,0,0,0,0,0,0,0,0,0,0,0,0,0,0,0,0,0,0,0,0,0,0,0,0,0,0,0,0,0,0,0,0,0,0,0,0,0,0,0,0,0,0,0,0,0,0,0,0,0,0,0,0,0,0,0,0,0,0,0,0,0,0,0,0,0,0,0,0,0,0,0,0
00-TM1:bin_000056,0,0,0,0,0,0,0,0,0,0,0,0,0,0,0,0,0,0,0,0,0,0,0,0,0,0,0,0,0,0,0,0,0,0,0,0,0,0,0,0,0,0,0,0,0,0,0,0,0,0,0,0,0,0,0,0,0,0,0,0,0,0,0,0,0,0,0,0,0,0,0,0,0,0,0,0,0,0,0,0,0,0,0,0
00-TM1:bin_000074,0,0,0,0,0,0,0,0,0,0,0,0,0,0,0,0,0,0,0,0,0,0,0,0,0,0,0,0,0,0,0,0,0,0,0,0,0,0,0,0,0,0,0,0,0,0,0,0,0,0,0,0,0,0,0,0,0,0,0,0,0,0,0,0,0,0,0,0,0,0,0,0,0,0,0,0,0,0,0,0,0,0,0,0
00-TM1:bin_000078,0,0,0,0,0,0,0,0,0,0,0,0,0,0,0,0,0,0,0,0,0,0,0,0,0,0,0,0,0,0,0,0,0,0,0,0,0,0,0,0,0,0,0,0,0,0,0,0,0,0,0,0,0,0,0,0,0,0,0,0,0,0,0,0,0,0,0,0,0,0,0,0,0,0,0,0,0,0,0,0,0,0,0,0
00-TM1:bin_000084,0,2.155,0,0,2.299,5.367,0,0,3.621,0,0,7.211,7.043,0,0,0,1.93,2.01,0,0,5.288,2.873,0,0,0,0,1.656,0,2.274,0,3.406,0,0,0,3.205,1.763,0,0,2.004,0,0,4.138,4.537,0,0,0,3.237,0,1.865,0,1.725,0,1.78,0,1.625,0,0,0,0,8.731,2.228,3.381,7.917,0,4.181,0,0,3.743,0,0,6.669,0,5.548,4.155,4.857,1.796,0,0,0,0,4.054,0,1.868,3.496
00-TM1:bin_000088,0,0,0,0,0,0,0,0,0,0,0,0,0,0,0,0,0,0,0,0,0,0,0,0,0,0,0,0,0,0,0,0,0,0,0,0,0,0,0,0,0,0,0,0,0,0,0,0,0,0,0,0,0,0,0,0,0,0,0,0,0,0,0,0,0,0,0,0,0,0,0,0,0,0,0,0,0,0,0,0,0,0,0,0
00-TM1:bin_000099,0,0,0,0,0,0,0,0,0,0,0,0,0,0,0,0,0,0,0,0,0,0,0,0,0,0,0,0,0,0,0,0,0,0,0,0,0,0,0,0,0,0,0,0,0,0,0,0,0,0,0,0,0,0,0,0,0,0,0,0,0,0,0,0,0,0,0,0,0,0,0,0,0,0,0,0,0,0,0,0,0,0,0,0
00-TM1:bin_000117,0,0,0,0,0,0,0,0,0,0,0,0,0,0,0,0,0,0,0,0,0,0,0,0,0,0,0,0,0,0,0,0,0,1.89,0,0,0,0,0,0,0,0,1.644,0,0,0,3.206,0,0,0,0,0,0,0,0,0,0,0,0,2.688,0,0,2.223,0,0,0,0,0,0,0,0,0,3.42,0,0,0,0,0,0,0,0,0,0,0
00-TM1:bin_000135,6.587,4.543,0,4.712,4.568,12.361,0,5.52,8.382,1.348,7.967,10.932,12.32,0,6.863,6.356,6.476,5.166,1.646,6.503,8.786,6.375,9.125,4.151,5.053,5.977,5.812,0,7.447,0,12.741,4.667,8.262,9.03,5.557,5.431,8.165,0,5.557,0,6.472,7.395,6.958,7.015,7.744,5.155,14.148,0,5.911,6.437,2.254,0,3.001,0,6.295,7.086,7.043,0,0,18.051,5.515,6.277,10.259,0,8.936,5.401,0,6.219,0,2.448,11.082,0,21.737,4.757,9.846,6.167,4.114,0,0,0,7.087,5.235,4.661,8.294
00-TM2:bin_000005,0,0,0,0,0,0,0,0,0,0,0,0,0,0,0,0,0,0,0,0,0,0,0,0,0,0,0,0,0,0,0,0,0,0,0,0,0,0,0,0,0,0,0,0,0,0,0,0,0,0,0,0,0,0,0,0,0,0,0,0,0,0,0,0,0,0,0,0,0,0,0,0,0,0,0,0,0,0,0,0,0,0,0,0
00-TM2:bin_000007,0,0,0,0,0,0,0,0,0,0,0,2.423,0,0,0,0,0,0,0,0,0,0,0,0,0,0,0,0,0,0,0,0,0,0,0,0,0,0,0,0,0,0,0,0,0,0,3.267,0,0,0,0,0,0,0,0,0,0,0,0,0,0,0,0,0,0,0,0,0,0,0,0,0,4.429,0,0,0,0,0,0,0,0,0,0,0
00-TM2:bin_000016,0,0,0,0,0,0,0,0,0,0,0,0,0,0,0,0,0,0,0,0,0,0,0,0,0,0,0,0,0,0,0,0,0,0,0,0,0,0,0,0,0,0,0,0,0,0,0,0,0,0,0,0,0,0,0,0,0,0,0,0,0,0,0,0,0,0,0,0,0,0,0,0,0,0,0,0,0,0,0,0,0,0,0,0
00-TM2:bin_000034,0,0,0,0,0,0,0,0,0,0,0,0,0,0,0,0,0,0,0,0,0,0,0,0,0,0,0,0,0,0,0,0,0,0,0,0,0,0,0,0,0,0,0,0,0,0,0,0,0,0,0,0,0,0,0,0,0,0,0,0,0,0,0,0,0,0,0,0,0,0,0,0,0,0,0,0,0,0,0,0,0,0,0,0
00-TM2:bin_000054,0,0,0,0,0,0,0,0,0,0,0,0,0,0,0,0,0,0,0,0,0,0,0,0,0,0,0,0,0,0,0,0,0,0,0,0,0,0,0,0,0,0,0,0,0,0,0,0,0,0,0,0,0,0,0,0,0,0,0,0,0,0,0,0,1.384,0,0,0,0,0,1.772,0,2.416,0,0,0,0,0,0,0,0,0,0,0
00-TM2:bin_000080,2.613,3.916,0,2.566,1.343,5.103,0,2.248,6.857,0,3.424,5.181,8.415,0,3.785,1.872,3.546,1.841,0,1.97,3.793,0,3.451,3.506,1.532,2.954,1.56,0,2.623,0,6.592,0,4.07,4.141,2.814,6.246,3.025,0,1.835,0,2.202,3.705,2.521,3.655,4.949,1.394,7.306,0,1.64,2.046,1.541,0,0,0,4.574,4.323,1.865,0,0,7.503,0,2.394,3.974,0,5.713,4.87,0,2.578,0,0,7.784,0,12.339,2.659,4.618,6.136,0,0,0,0,1.626,1.871,3.938,5.513
00-TM2:bin_000086,0,0,0,0,0,0,0,0,0,0,0,0,1.976,0,0,0,0,0,0,0,0,0,0,0,0,0,0,0,0,0,0,0,0,0,0,0,0,0,0,0,0,0,0,0,0,0,2.155,0,0,0,0,0,0,0,0,0,0,0,0,0,0,0,0,0,0,0,0,0,0,0,0,0,1.798,0,0,0,0,0,0,0,0,0,0,0
00-TM2:bin_000116,0,0,0,0,0,0,0,0,0,0,0,0,0,0,0,0,0,0,0,0,0,0,0,0,0,0,0,0,0,0,0,0,0,0,0,0,0,0,0,0,0,0,0,0,0,0,0,0,0,0,0,0,0,0,0,0,0,0,0,0,0,0,0,0,0,0,0,0,0,0,0,0,0,0,0,0,0,0,0,0,0,0,0,0
00-TM3:bin_000043,0,0,0,1.78,1.447,2.967,0,0,3.533,0,2.473,3.526,4.965,0,1.576,0,1.855,0,0,1.773,3.149,0,2.816,0,0,2.8,0,0,2.673,0,2.266,1.543,3.466,1.675,0,3.631,1.562,0,2.087,0,0,1.748,1.335,1.689,1.8,0,8.026,0,1.797,1.666,0,0,0,0,1.221,1.775,0,0,0,4.162,1.345,0,2.521,0,3.408,1.393,0,0,0,0,6.31,0,5.094,0,2.522,2.685,1.556,0,0,0,1.916,0,0,0
00-TM3:bin_000053,0,0,0,0,0,0,0,0,0,0,0,0,3.274,0,0,0,0,0,0,0,0,0,0,0,0,0,0,0,0,0,0,0,0,0,0,0,0,0,0,0,0,0,0,0,0,0,3.745,0,0,0,0,0,0,0,0,0,0,0,0,0,0,0,0,0,0,0,0,0,0,0,0,0,4.242,0,0,0,0,0,0,0,0,0,0,0
00-TM3:bin_000079,0,0,0,0,0,0,0,0,0,0,0,0,0,0,0,0,0,0,0,0,0,0,0,0,0,0,0,0,0,0,0,0,0,0,0,0,0,0,0,0,0,0,0,0,0,0,0,0,0,0,0,0,0,0,0,0,0,0,0,0,0,0,0,0,0,0,0,0,0,0,0,0,0,0,0,0,0,0,0,0,0,0,0,0
00-TM4:bin_000006,17.073,9.151,0,16.787,10.083,36.224,2.205,7.051,25.838,4.394,25.977,33.376,34.885,4.467,21.719,10.821,15.255,15.249,1.799,17.556,16.753,11.89,27.562,9.786,13.627,16.467,11.931,0,21.589,0,29.166,15.53,20.357,23.182,10.497,15.935,24.529,0,12.124,0,14.101,24.949,14.705,17.703,24.596,11.602,36.012,0,17.242,21.353,6.489,4.363,8.798,0,16.127,24.617,12.283,0,0,40.445,15.394,13.691,30.313,0,18.917,15.902,0,17.95,0,6.334,43.878,5.006,73.693,11.782,27.262,31.21,7.638,0,0,0,12.572,8.905,8.458,17.278
00-TM4:bin_000010,18.262,8.573,0,7.991,8.725,41.233,0,8.147,10.613,2.792,21.902,29.213,29.234,0,8.992,3.668,19.484,6.834,3.368,17.302,15.071,15.103,10.635,5.918,11.193,16.041,25.137,1.825,15.63,0,19.78,3.971,11.15,29.478,11.864,7.246,19.426,0,13.446,0,10.911,25.4,28.897,12.824,32.971,11.322,24.381,0,12.623,9.369,4.105,3.71,11.226,0,16.376,17.521,16.444,1.368,0,27.515,9.309,11.798,25.592,0,14.643,15.917,0,12.844,0,6.842,33.638,13.22,57.152,3.296,29.353,23.509,4.422,0,1.591,0,4.899,14.667,15.135,10.658
00-TM4:bin_000018,0,0,0,0,0,0,0,0,0,0,0,0,0,0,0,0,0,0,0,0,0,0,0,0,0,0,0,0,0,0,0,0,0,0,0,0,0,0,0,0,0,0,0,0,0,0,0,0,0,0,0,0,0,0,0,0,0,0,0,0,0,0,0,0,0,0,0,0,0,0,0,0,0,0,0,0,0,0,0,0,0,0,0,0
00-TM4:bin_000030,8.411,4.865,0,5.147,10.956,16.811,1.806,5.755,15.903,1.299,13.005,18.296,18.599,0,8.46,4.726,12.272,9.384,3.655,7.257,11.397,9.099,13.952,7.409,4.295,9.771,7.866,0,10.367,0,18.039,6.956,11.318,15.857,8.908,8.145,9.047,0,7.018,0,7.785,13.299,10.522,11.375,12.214,6.706,29.122,0,10.349,13.239,3.862,2.317,2.71,0,11.219,15.178,7.29,0,0,23.143,6.268,7.883,21.542,0,14.69,7.978,0,9.836,0,4.092,19.193,1.794,34.647,6.419,9.598,15.263,3.568,0,0,0,7.385,5.035,8.045,9.468
00-TM4:bin_000036,15.612,0,0,6.779,0,26.499,1.872,3.577,15.576,1.167,18.421,12.199,12.716,0,5.851,5.813,15.776,4.175,0,4.39,34.056,5.32,9.79,8.068,3.209,8.385,7.13,0,7.714,0,10.638,11.993,8.059,12.578,5.801,14.382,11.978,0,6.394,0,6.046,9.801,8.235,8.092,17.673,6.541,29.502,0,10.729,6.407,2.982,0,5.168,0,13.577,16.421,6.647,0,0,20.315,3.42,8.323,15.755,0,7.935,5.966,0,10.07,0,1.877,31.348,3.389,43.196,6.025,8.277,15.207,4.351,0,0,0,14.914,5.895,6.93,21.964
07:bin_000036,0,0,0,0,0,0,0,0,0,0,0,0,0,0,0,0,0,0,0,0,0,0,0,0,0,0,0,0,0,0,0,0,0,0,0,0,0,0,0,0,0,0,0,0,0,0,0,0,0,0,0,0,0,0,0,0,0,0,0,0,0,0,0,0,0,0,0,0,0,0,0,0,0,0,0,0,0,0,0,0,0,0,0,0
07:bin_000056,0,0,0,0,0,0,0,0,0,0,0,0,0,0,0,0,0,0,0,0,0,0,0,0,0,0,0,0,0,0,0,0,0,0,0,0,0,0,0,0,0,0,0,0,0,0,0,0,0,0,0,0,0,0,0,0,0,0,0,0,0,0,0,0,0,0,0,0,0,0,0,0,0,0,0,0,0,0,0,0,0,0,0,0
07:bin_000064,0,0,0,0,0,0,0,0,0,0,1.128,1.51,0,0,0,0,2.064,0,0,2.81,0,0,0,0,0,0,0,0,0,0,0,0,0,0,0,0,0,0,0,0,0,0,0,0,0,0,0,0,0,0,0,0,0,0,0,1.972,0,0,0,0,0,0,0,0,4.727,0,0,0,0,0,0,0,2.013,0,0,0,0,0,0,0,0,0,0,0
07:bin_000080,0,0,0,0,0,0,0,0,0,0,0,0,0,0,0,0,0,0,0,0,0,0,0,0,0,0,0,0,0,0,0,0,0,0,0,0,0,0,0,0,0,0,0,0,0,0,0,0,0,0,0,0,0,0,0,0,0,0,0,0,0,0,0,0,0,0,0,0,0,0,0,0,0,0,0,0,0,0,0,0,0,0,0,0
07:bin_000086,0,0,0,0,0,0,0,0,0,0,0,0,0,0,0,0,0,0,0,0,0,0,0,0,0,0,0,0,0,0,0,0,0,0,0,0,0,0,0,0,0,0,0,0,0,0,0,0,0,0,0,0,0,0,0,0,0,0,0,0,0,0,0,0,0,0,0,0,0,0,0,0,1.745,0,0,0,0,0,0,0,0,0,0,0
07:bin_000111,0,0,0,0,0,0,0,0,0,0,0,0,0,0,0,0,0,0,0,0,0,0,0,0,0,0,0,0,0,0,0,0,0,0,0,0,0,0,0,0,0,0,0,0,0,0,0,0,0,0,0,0,0,0,0,0,0,0,0,0,0,0,0,0,0,0,0,0,0,0,0,0,0,0,0,0,0,0,0,0,0,0,0,0
07:bin_000158,0,0,0,0,0,1.607,0,0,1.359,0,0,1.9,1.843,0,0,0,0,0,0,0,0,0,0,0,0,0,0,0,0,0,1.851,0,0,0,0,0,0,0,0,0,0,1.286,0,1.814,1.609,0,0,0,1.358,0,0,0,0,0,0,0,0,0,0,1.723,0,0,2.08,0,1.697,1.792,0,0,0,0,1.256,1.299,4.466,0,0,0,0,0,0,0,0,0,0,1.408
07:bin_000176,0,0,0,0,0,0,0,0,0,0,0,0,0,0,0,0,0,0,0,0,0,0,0,0,0,0,0,0,0,0,0,0,0,0,0,0,0,0,0,0,0,0,0,0,0,0,0,0,0,0,0,0,0,0,0,0,0,0,0,0,0,0,0,0,0,0,0,0,0,0,0,0,0,0,0,0,0,0,0,0,0,0,0,0
07-TM1:bin_000001,0,0,0,0,0,0,0,0,0,0,0,0,0,0,0,0,0,0,0,0,0,0,0,0,0,0,0,0,0,0,0,0,0,0,0,0,0,0,0,0,0,0,0,0,0,0,0,0,0,0,0,0,0,0,0,0,0,0,0,0,0,0,0,0,0,0,0,0,0,0,0,0,0,0,0,0,0,0,0,0,0,0,0,0
07-TM2:bin_000008,1.935,0,0,0,0,5.003,0,0,2.092,0,1.679,1.99,3.566,0,0,1.677,0,0,0,1.355,3.68,0,1.712,0,0,2.336,0,0,2.114,0,2.137,0,1.916,0,0,2.743,2.592,0,1.66,0,0,4.186,1.35,0,2.266,1.307,7.454,0,1.354,0,0,0,0,0,1.697,2.27,2.132,0,0,6.361,0,0,4.784,0,0,0,0,1.594,0,0,7.299,0,8.863,0,3.258,0,0,0,0,0,2.067,0,0,2.243
07-TM2:bin_000021,0,0,0,0,0,0,0,0,0,0,0,0,1.6,0,0,0,0,0,0,0,1.444,0,0,0,0,0,0,0,0,0,0,0,0,0,0,3.712,0,0,0,0,0,0,0,0,0,0,1.712,0,0,0,0,0,0,0,0,0,0,0,0,1.65,0,0,0,0,0,0,0,0,0,0,2.255,0,1.702,0,0,0,0,0,0,0,0,0,0,0
07-TM4:bin_000002,10.27,6.123,0,9.68,7.826,17.973,0,3.324,16.904,0,17.379,18.459,15.903,0,9.328,3.742,10.648,7.445,1.777,4.714,6.885,5.452,18.46,13.013,4.782,7.675,7.276,0,14.763,0,20.705,3.995,5.927,10.945,9.952,10.113,13.111,0,8.477,0,9.304,11.276,10.565,8.651,13.277,4.127,22.093,0,8.418,7.617,3.198,0,4.983,0,11.033,12.92,4.908,0,0,23.359,6.142,8.686,15.384,0,14.379,5.982,0,6.809,0,2.554,24.293,4.887,25.676,11.029,9.477,8.753,4.13,0,1.287,0,6.124,4.258,9.44,7.767
07-TM4:bin_000027,0,0,0,0,0,0,0,0,0,0,0,0,0,0,0,0,0,0,0,0,0,0,0,0,0,0,0,0,0,0,0,0,0,0,0,0,0,0,0,0,0,0,0,0,0,0,0,0,0,0,0,0,0,0,0,0,0,0,0,0,0,0,0,0,0,0,0,0,0,0,0,0,0,0,0,0,0,0,0,0,0,0,0,0
07-TM4:bin_000032,0,0,0,0,0,0,0,0,0,0,0,0,0,0,0,0,0,0,0,0,0,0,0,0,0,0,0,0,0,0,0,0,0,0,0,0,0,0,0,0,0,0,0,0,0,0,0,0,0,0,0,0,0,0,0,0,0,0,0,0,0,0,0,0,0,0,0,0,0,0,0,0,0,0,0,0,0,0,0,0,0,0,0,0
07-TM4:bin_000058,0,0,0,0,0,0,0,0,0,0,0,0,0,0,0,0,0,0,0,0,0,0,0,0,0,0,0,0,0,0,0,0,0,0,0,0,0,0,0,0,0,0,0,0,0,0,0,0,0,0,0,0,0,0,0,0,0,0,0,0,0,0,0,0,0,0,0,0,0,0,0,0,0,0,0,0,0,0,0,0,0,0,0,0
07-TM4:bin_000059,0,0,0,0,0,0,0,0,0,0,0,0,0,0,0,0,0,0,0,0,0,0,0,0,0,0,0,0,0,0,0,0,0,0,0,0,0,0,0,0,0,0,0,0,0,0,0,0,0,0,0,0,0,0,0,0,0,0,0,0,0,0,0,0,0,0,0,0,0,0,0,0,0,0,0,0,0,0,0,0,0,0,0,0
07-TM4:bin_000064,2.86,0,0,1.505,1.445,6.722,0,0,2.726,0,3.122,4.178,11.277,0,2.051,0,2.051,0,0,1.579,3.38,2.454,5.074,0,0,1.954,0,0,5.532,0,3.562,1.494,3.567,2.632,2.405,4.501,2.284,0,2.223,0,2.543,1.815,2.239,2.037,3.126,1.206,5.832,0,2.034,2.832,0,0,1.568,0,1.484,3.104,1.729,0,0,4.277,1.118,2.199,2.612,0,6.938,1.965,0,1.452,0,0,5.227,0,7.966,0,4.373,2.424,2.511,0,0,0,0,1.526,0,1.703
14:bin_000004,6.274,2.61,0,2.968,3.813,5.278,0,0,6.841,0,5.492,5.43,7.634,0,5.487,2.049,5.763,1.9,0,1.813,2.538,2.059,8.181,1.767,2.912,3.17,3.14,0,1.972,0,6.533,3.044,3.813,3.911,3.68,4.009,4.806,0,2.924,0,3.78,7.972,3.89,2.088,4.403,0,9.258,0,3.501,5.859,1.481,0,2.222,0,3.643,4.603,2.547,0,0,5.981,1.049,2.727,5.889,0,6.84,2.673,0,1.589,0,0,11.626,2.514,11.309,1.731,4.509,15.282,2.911,0,0,0,1.986,2.651,3.545,5.802
14:bin_000010,0,0,0,0,0,0,0,0,0,0,0,0,0,0,0,0,0,0,0,0,0,0,0,0,0,0,0,0,0,0,0,0,0,0,0,0,0,0,0,0,0,0,0,0,0,0,0,0,0,0,0,0,0,0,0,0,0,0,0,0,0,0,0,0,0,0,0,0,0,0,0,0,0,0,0,0,0,0,0,0,0,0,0,0
14:bin_000014,0,0,0,0,0,0,0,0,0,0,0,0,0,0,0,0,0,0,0,0,0,0,0,0,0,0,0,0,0,0,0,0,0,0,0,0,0,0,0,0,0,0,0,0,0,0,0,0,0,0,0,0,0,0,0,0,0,0,0,0,0,0,0,0,0,0,0,0,0,0,0,0,0,0,0,0,0,0,0,0,0,0,0,0
14:bin_000062,4.772,2.726,0,2.761,3.686,12.71,0,3.091,7.832,0,6.276,8.542,7.326,0,4.029,2.472,5.02,3.695,1.311,4.38,8.804,3.796,4.322,4.611,3.254,3.127,4.695,0,4.234,0,8.306,3.901,4.756,12.845,5.502,4.143,3.685,0,4.258,0,4.017,8.173,3.7,5.68,5.338,5.706,10.953,0,3.136,3.743,1.552,0,0,0,7.938,6.543,1.48,0,0,13.962,4.222,5.374,9.551,0,6.055,3.517,0,6.381,0,1.836,11.955,1.284,17.103,2.617,4.51,6.713,0,0,0,0,2.439,2.447,2.232,7.497
14:bin_000091,0,0,0,0,0,0,0,0,0,0,0,0,0,0,0,0,0,0,0,0,0,0,0,0,0,0,0,0,0,0,0,0,0,0,0,0,0,0,0,0,0,0,0,0,0,0,0,0,0,0,0,0,0,0,0,0,0,0,0,0,0,0,0,0,0,0,0,0,0,0,0,0,0,0,0,0,0,0,0,0,0,0,0,0
14:bin_000192,3.635,3.133,0,2.121,2.635,7.628,0,3.056,4.563,1.026,5.181,7.07,7.617,0,4.449,3.301,3.974,3.526,0,4.002,5.658,4.746,5.672,2.553,4,3.472,3.554,0,5.236,0,7.487,2.834,5.564,6.469,3.046,3.209,5.27,0,4.046,0,4.628,4.689,4.086,4.248,3.779,4.089,8.488,0,3.772,3.831,1.308,0,1.567,0,3.876,4.629,4.775,0,0,11.358,3.391,3.757,6.377,0,6.114,3.293,0,4.137,0,1.989,6.276,0,14.914,3.293,7.414,3.203,3.347,0,0,0,3.905,4.166,2.661,5.426
14-TM1:bin_000012,9.584,7.03,0,5.995,7.565,21.171,0,6.516,13.871,1.193,9.586,15.778,21.843,0,7.547,3.599,11.471,7.08,3.316,10.127,8.185,6.113,13.844,5.412,3.914,7.189,4.377,0,6.726,0,16.686,3.746,11.084,12.786,7.273,6.005,8.701,0,8.159,0,6.75,15.428,8.65,8.18,13.441,8.414,26.28,0,6.474,12.026,2.713,0,6.107,0,7.133,8.554,8.928,0,0,20.813,5.714,7.617,14.408,0,20.745,9.104,0,8.781,0,2.417,25.555,2.201,30.858,3.181,11.773,10.516,2.928,0,0,0,7.289,5.567,4.556,8.95
14-TM1:bin_000017,0,0,0,0,0,0,0,0,0,0,0,0,0,0,0,0,0,0,0,0,0,0,0,0,0,0,0,0,0,0,0,0,0,0,0,0,0,0,0,0,0,0,0,0,0,0,0,0,0,0,0,0,0,0,0,0,0,0,0,0,0,0,0,0,0,0,0,0,0,0,0,0,0,0,0,0,0,0,0,0,0,0,0,0
14-TM2:bin_000049,2.516,0,0,0,0,7.209,0,0,4.712,0,2.971,4.155,8.479,0,2.507,0,0,0,0,0,4.495,12.054,3.458,0,0,0,0,0,0,0,3.585,0,2.653,2.853,0,3.483,3.435,0,0,0,0,4.456,3.808,0,5.583,0,5.548,0,2.365,0,0,0,2.19,0,2.521,3.37,0,0,0,4.695,2.006,2.227,4.711,0,0,0,0,2.445,0,0,6.848,0,11.217,0,0,3.073,0,0,0,0,0,0,0,0
14-TM4:bin_000004,1.982,0,0,1.952,0,4.262,0,1.762,3.695,0,4.815,3.253,2.053,0,2.898,2.865,2.053,4.409,0,2.924,3.915,2.54,0,0,2.804,3.536,2.607,0,2.647,0,3.811,1.933,6.508,5.395,1.54,0,4.227,0,2.692,0,2.809,5.24,2.356,1.87,3.731,0,7.678,0,2.627,2.584,0,0,2.025,0,2.713,5.244,0,0,0,5.507,1.774,2.831,3.213,0,0,3.897,0,2.202,0,0,5.597,0,7.531,3.106,3.603,5.819,0,0,0,0,0,1.225,1.94,2.071
14-TM4:bin_000010,0,0,0,0,0,0,0,0,0,0,0,0,0,0,0,0,0,0,0,0,0,0,0,0,0,0,0,0,0,0,0,0,0,0,0,0,0,0,0,0,0,0,0,0,0,0,0,0,0,0,0,0,0,0,0,0,0,0,0,0,0,0,0,0,0,0,0,0,0,0,0,0,0,0,0,0,0,0,0,0,0,0,0,0
14-TM4:bin_000035,3.12,0,0,2.573,1.755,10.01,0,1.833,2.142,0,7.733,4.83,10.478,0,2.103,0,2.698,0,0,2.081,3.573,0,3.486,1.866,2.567,3.457,2.142,0,2.691,0,3.139,1.512,2.956,7.232,3.625,0,1.779,0,3.785,0,1.7,3.523,3.758,5.198,8.942,3.96,7.924,0,4.869,0,0,0,3.547,0,1.265,2.776,3.222,0,0,5.232,1.754,2.508,2.733,0,6.284,2.688,0,2.486,0,0,9.553,0,6.046,2.727,6.067,2.294,0,0,0,0,6.018,2.136,0,2.164
14-TM4:bin_000089,0,0,0,0,0,0,0,0,0,0,0,0,0,0,0,0,0,0,0,0,0,0,0,0,0,0,0,0,0,0,0,0,0,0,0,0,0,0,0,0,0,0,0,0,0,0,0,0,0,0,0,0,0,0,0,0,0,0,0,0,0,0,0,0,0,0,0,0,0,0,0,0,0,0,0,0,0,0,0,0,0,0,0,0
14-TM4:bin_000109,5.904,2.765,0,2.152,3.298,12.874,0,1.653,5.96,0,7.616,7.1,9.615,0,4.043,1.701,4.572,3.348,0,3.017,3.583,2.218,7.312,1.594,0,4.325,1.863,0,3.744,0,7.019,3.374,4.574,6.376,5.57,3.528,4.539,0,2.568,0,3.318,6.179,2.765,2.958,7.046,3.353,9.824,0,3.853,2.732,1.449,0,2.854,0,5.584,6.797,2.614,0,0,11.424,2.065,3.246,8.653,0,9.311,3.091,0,3.949,0,0,9.54,1.602,15.269,2.618,4.254,7.259,0,0,0,0,2.051,3.004,2.143,3.504
21:bin_000024,29.611,12.033,0,22.638,17.353,50.405,4.334,11.18,31.643,3.367,42.911,39.789,43.96,5.413,22.321,10.666,29.594,17.28,4.539,18.493,24.015,22.677,37.446,16.552,14.623,24.664,19.166,2.193,33.086,0,45.514,16.695,20.202,37.997,21.219,19.421,27.69,0,21.295,0,15.989,47.02,22.012,19.942,31.632,21.96,63.97,0,17.464,25.617,8.834,4.879,17.904,0,29.06,38.384,14.377,0,0,56.805,16.47,26.343,41.652,0,30.754,23.138,0,23.554,2.199,5.017,60.477,7.849,96.108,14.714,29.446,34.072,8.483,0,5.574,0,13.356,10.199,10.721,24.389
21:bin_000052,79.13,30.033,0,37.741,48.528,113.713,9.109,25.623,68.534,13.538,83.036,76.882,130.545,12.84,47.502,33.688,51.394,48.27,12.955,47.492,69.627,37.137,75.03,30.386,21.488,60.271,40.979,3.522,75.871,0,108.157,34.205,41.378,75.56,41.54,42.79,58.219,1.969,40.404,1.931,43.853,103.701,56.858,69.375,67.819,36.972,150.178,0,45.748,62.757,16.69,8.002,43.213,0,44.504,75.538,44.536,1.675,0,158.419,30.881,51.336,90.288,2.516,68.903,57.166,0,38.829,3.353,18.781,116.721,11.537,184.133,29.475,61.605,91.891,14.475,0,8.851,4.158,47.962,27.749,35.466,46.635
21:bin_000073,0,0,0,0,0,0,0,0,0,0,0,0,0,0,0,1.57,0,0,0,0,0,0,0,0,0,1.853,0,0,0,0,0,0,0,0,0,0,0,0,0,0,0,0,0,0,0,0,0,0,0,0,0,0,0,0,0,0,0,0,0,2.284,0,0,0,0,0,0,0,0,0,0,0,0,0,0,0,1.997,0,0,0,0,0,0,0,0
21:bin_000107,2.611,0,0,1.683,1.913,4.343,0,1.553,3.014,0,6.249,4.325,4.1,0,2.479,0,4.53,2.492,0,1.521,2.938,1.591,4.028,1.569,0,3.255,1.475,0,4.31,0,4.609,0,4.159,4.712,4.279,2.072,2.804,0,2.377,0,2.058,6.429,2.687,2.851,4.171,1.819,4.499,0,2.953,0,0,0,0,0,1.823,2.712,0,0,0,6.017,1.971,3.111,3.697,0,2.658,1.548,0,2.84,0,0,7.224,0,8.419,0,3.386,3.981,2.117,0,0,0,2.957,1.533,2.108,3.012
21:bin_000125,0,0,0,0,0,0,0,0,0,0,0,0,0,0,0,0,0,0,0,0,0,0,0,0,0,0,0,0,0,0,0,0,0,0,0,0,0,0,0,0,0,0,0,0,0,0,0,0,0,0,0,0,0,0,0,0,0,0,0,0,0,0,0,0,0,0,0,0,0,0,0,0,0,0,0,0,0,0,0,0,0,0,0,0
21:bin_000160,3.481,0,0,0,1.868,3.316,0,0,3.977,0,3.578,3.149,3.998,0,0,0,3.575,2.122,0,0,0,0,0,0,0,0,0,0,0,0,3.916,0,0,4.11,0,3.57,0,0,2.011,0,1.902,2.246,0,0,0,0,5.655,0,2.489,0,0,0,0,0,2.845,2.876,0,0,0,3.426,0,2.266,0,0,0,0,0,0,0,0,4.422,0,5.423,0,0,3.176,0,0,0,0,0,0,0,0
21:bin_000224,2.53,0,0,0,1.654,2.528,0,2.524,3.601,0,1.96,4.051,4.291,0,2.224,0,4.031,1.571,0,1.115,3.073,0,2.755,0,0,3.516,0,0,0,0,3.279,0,0,2.976,0,0,3.626,0,1.673,0,1.497,1.458,2.258,5.02,2.461,1.256,5.039,0,2.265,2.611,0,0,0,0,4.369,1.882,0,0,0,2.548,0,2.136,1.318,0,1.76,0,0,4.172,0,0,3.978,0,13.12,0,2.851,5.243,0,0,0,0,0,1.272,2.539,1.212
21-TM1:bin_000011,0,0,0,0,0,0,0,0,0,0,0,0,0,0,0,0,0,0,0,0,0,0,0,0,0,0,0,0,0,0,0,0,0,0,0,0,0,0,0,0,0,0,0,0,0,0,0,0,0,0,0,0,0,0,0,0,0,0,0,0,0,0,0,0,0,0,0,0,0,0,0,0,0,0,0,0,0,0,0,0,0,0,0,0
21-TM1:bin_000014,0,0,0,0,0,0,0,0,0,0,0,0,0,0,0,0,0,0,0,0,0,0,0,0,0,0,0,0,0,0,0,0,0,0,0,0,0,0,0,0,0,0,1.392,0,0,0,0,0,0,0,0,0,0,0,0,0,0,0,0,0,0,0,0,0,0,0,0,0,0,0,0,0,0,0,0,0,0,0,0,0,0,0,0,0
21-TM1:bin_000060,1.917,1.939,0,5.578,3.385,8.235,0,0,9.224,0,3.044,4.426,6.932,0,4.519,1.51,3.334,1.68,0,3.087,3.406,2.007,8.569,1.31,2.284,2.835,1.523,0,10.299,0,4.035,3.091,4.708,5.979,3.691,6.289,4.523,0,2.249,0,4.197,3.091,2.879,3.056,4.675,2.34,9.035,0,5.16,0,0,0,0,0,3.654,3.123,2.142,0,0,4.954,2.288,2.367,3.229,0,3.879,2.701,0,2.151,0,0,11.763,0,13.524,1.874,4.506,2.594,1.515,0,0,0,2.652,1.525,2.305,2.44
21-TM1:bin_000073,0,0,0,0,0,0,0,0,0,0,0,0,0,0,0,0,0,0,0,0,0,0,0,0,0,0,0,0,0,0,0,0,0,2.57,2.933,0,0,0,0,0,1.943,0,0,0,3.618,0,0,0,0,0,0,0,0,0,0,0,0,0,0,4.074,0,0,0,0,0,0,0,0,0,0,0,0,5.924,0,0,0,0,0,0,0,0,0,0,0
21-TM3:bin_000002,77.384,34.886,0,33.926,43.264,151.945,6.162,22.553,87.849,6.544,77.17,99.963,103.383,14.593,101.968,26.922,49.481,34.48,11.194,44.794,50.02,41.493,78.161,33.705,31.97,40.765,41.432,2.958,62.508,0,88.053,34.992,49.521,64.713,46.101,37.261,56.219,1.616,45.667,1.682,47.649,66.843,55.046,54.003,68.046,25.482,135.73,0,43.789,49.181,14.525,9.649,28.007,0,55.448,71.876,38.368,1.8,0,118.491,30.341,38.776,93.598,1.862,75.061,60.102,0,44.678,1.973,16.197,81.397,17.653,193.576,34.33,62.364,176.169,17.24,0,7.286,2.011,43.872,29.005,34.126,90.16
21-TM3:bin_000011,0,0,0,0,0,0,0,0,0,0,0,0,0,0,0,0,0,0,0,0,0,0,0,0,0,0,0,0,0,0,0,0,0,0,0,0,0,0,0,0,0,0,0,0,0,0,0,0,0,0,0,0,0,0,0,0,0,0,0,0,0,0,0,0,0,0,0,0,0,0,0,0,0,0,0,0,0,0,0,0,0,0,0,0
21-TM3:bin_000020,0,0,0,0,0,0,0,0,0,0,0,0,0,0,0,0,0,0,0,0,0,0,0,0,0,0,0,0,0,0,0,0,0,0,0,0,0,0,0,0,0,0,0,0,0,0,0,0,0,0,0,0,0,0,0,0,0,0,0,0,0,0,0,0,0,0,0,0,0,0,0,0,0,0,0,0,0,0,0,0,0,0,0,0
21-TM4:bin_000004,0,0,0,0,0,0,0,0,0,0,0,0,0,0,0,0,0,0,0,0,0,0,0,0,0,0,0,0,0,0,0,0,0,0,0,0,0,0,0,0,0,0,0,0,0,0,1.6,0,0,0,0,0,0,0,0,0,0,0,0,0,0,0,0,0,0,0,0,0,0,0,0,0,0,0,0,0,0,0,0,0,0,0,0,0
21-TM4:bin_000017,7.116,3.673,0,2.047,3.63,11.5,0,2.727,6.278,1.696,6.573,12.161,8.86,0,5.208,3.504,6.438,1.809,1.848,3.945,9.782,2.261,9.134,5.857,2.849,7.762,0,0,3.205,0,13.941,3.022,6.297,10.162,4.402,3.105,4.006,0,4.486,0,5.468,9.932,6.866,9.388,14.069,4.481,15.7,0,4.535,4.659,1.729,0,1.966,0,7.359,7.227,5.537,0,0,15.078,6.59,4.134,9.011,0,11.201,5.513,0,7.299,0,0,16.872,0,24.79,4.672,5.271,7.233,3.362,0,0,0,4.34,3.207,4.145,10.921
21-TM4:bin_000041,11.669,6.942,0,13.897,6.886,22.293,1.673,3.895,12.673,1.962,17.735,20.081,23.109,0,10.486,4.664,9.923,8.146,3.561,10.75,12.671,10.613,14.843,9.704,5.427,11.936,7.342,0,21.175,0,19.122,3.492,15.741,22.275,12.315,8.732,14.431,0,8.685,0,12.968,13.179,13.87,11.792,11.311,5.302,26.697,0,12.202,7.857,1.92,0,2.846,0,8.856,13.581,7.751,0,0,32.256,4.404,9.699,22.064,0,17.596,8.558,0,6.997,0,1.947,23.042,2.539,40.829,8.912,12.512,10.73,10.368,0,0,0,6.24,7.209,8.117,11.606
21-TM4:bin_000042,69.555,37.427,0,35.838,53.551,141.772,4.839,29.262,94.671,7.061,85.522,94.038,94.188,13.165,78.406,21.508,60.164,40.645,12.37,61.466,46.55,46.075,79.448,60.516,36.27,62.88,60.705,3.15,78.537,0,113.289,54.279,54.613,90.177,55.243,48.774,99.566,5.686,54.627,1.529,55.569,77.086,84.215,57.54,72.962,37.732,117.684,0,46.556,63.972,18.535,7.593,35.643,0,73.371,77.747,46.524,1.882,0,171.215,43.642,54.34,99.598,3.157,84.544,59.654,0,63.279,1.91,24.626,112.427,35.399,224.282,47.725,107.823,74.855,42.694,0,7.576,0,41.188,49.43,44.087,59.618
21-TM4:bin_000052,8.293,3.505,0,8.342,7.587,17.686,1.481,3.298,12.399,0,11.9,15.283,19.489,2.114,5.814,3.109,12.084,3.835,0,6.688,12.919,7.546,11.928,3.764,5.768,8.152,7.021,0,13.404,0,13.343,4.864,8.977,14.236,7.162,10.611,9.638,0,6.351,0,6.613,9.382,15.562,11.986,11.622,4.278,22.232,0,7.807,9.649,2.851,1.979,4.05,0,7.766,10.29,5.699,0,0,16.788,5.11,8.141,11.059,0,15.005,8.508,0,6.224,0,2.748,22.803,0,26.014,3.946,12.647,11.097,6.013,0,0,0,4.546,5.861,3.229,6.469
21-TM4:bin_000053,1.905,0,0,0,0,1.595,0,0,0,0,1.357,1.635,3.193,0,0,0,1.742,0,0,1.229,0,0,1.861,0,0,2.753,0,0,3.06,0,1.484,0,0,1.191,0,1.9,2.112,0,0,0,0,0,0,0,0,0,3.604,0,0,0,0,0,0,0,0,1.314,0,0,0,3.25,0,0,1.365,0,3.359,0,0,0,0,0,5.808,0,4.847,0,2.832,0,0,0,0,0,0,0,0,0
D300693:bin_000003,66.038,46.333,0,43.603,41.631,104.977,7.889,54.981,85.681,10.431,69.985,106.92,93.43,5.729,57.568,69.284,55.524,43.337,11.885,52.736,79.354,50.162,84.083,39.842,38.607,62.376,41.126,8.366,55.698,0,105.634,53.304,57.136,74.238,51.418,50.481,63.052,2.026,43.042,1.769,56.016,60.756,66.116,71.11,84.494,36.224,129.221,1.93,54.727,69.472,21.251,7.714,32.142,0,60.945,63.578,65.407,3.5,0,153.491,34.144,51.296,91.067,3.512,85.874,48.635,0,58.87,3.393,19.663,97.572,17.171,186.036,38.981,77.776,54.832,35.41,0,5.882,1.915,89.323,36.529,37.206,77.217
D300693:bin_000006,1.953,2.216,0,2.268,1.482,6.816,0,0,3.431,0,4.437,5.502,6.042,0,1.953,0,3.202,2.017,0,0,3.067,1.913,4.344,1.292,1.913,1.716,0,0,4.611,0,5.603,2.081,3.466,3.114,2.42,3.066,2.205,0,1.922,0,1.324,2.47,1.754,2.718,3.83,1.724,4.877,0,2.414,2.685,0,0,1.853,0,3.071,4.194,2.035,0,0,6.338,1.748,2.757,2.804,0,4.762,1.82,0,3.088,0,1.361,5.645,0,9.875,0,0,4.556,0,0,0,0,1.841,1.412,2.008,2.142
D300693:bin_000013,20.869,4.664,0,3.723,9.562,50.953,0,6.502,8.617,1.741,16.887,29.309,11.406,0,13.469,4.463,27.181,4.783,1.833,14.682,21.356,20.637,5.898,3.5,14.104,10.972,16.454,0,14.96,0,12.02,0,16.471,30.222,9.79,6.669,12.712,0,7.95,0,7.186,7.518,12.434,14.486,19.637,17.583,28.602,0,12.055,6.038,5.524,0,16.382,0,7.269,15.76,22.234,0,0,22.449,6.853,6.178,12.848,0,5.816,19.35,0,9.669,0,6.883,24.061,4.509,40.745,5.894,32.46,10.177,0,0,1.752,0,6.133,8.032,8.155,8.831
D300696:bin_000035,4.658,4.066,0,2.873,4.058,10.099,0,5.01,6.657,1.208,6.081,9.45,8.686,0,5.651,3.919,5.234,4.125,1.78,5.463,7.134,6.275,7.555,3.68,5.13,4.49,4.439,0,7.856,0,9.164,3.117,7.898,7.492,4.138,4.675,6.934,0,5.384,0,5.619,6.55,5.199,5.854,5.247,5.386,11.75,0,4.689,5.615,1.622,0,2.191,0,4.953,5.983,6.196,0,0,14.184,3.412,5.778,9.67,0,6.98,4.304,0,5.88,0,2.732,8.346,0,18.775,3.73,9.828,4.276,4.25,0,0,0,5.192,4.977,3.725,7.604
D300699:bin_000001,0,0,0,0,0,0,0,0,0,0,0,0,0,0,0,0,0,0,0,0,0,0,0,0,0,0,0,0,0,0,0,0,0,0,0,0,0,0,0,0,0,0,0,0,0,0,2.123,0,0,0,0,0,0,0,0,0,0,0,0,0,0,0,2.665,0,0,0,0,0,0,0,2.782,0,2.917,0,0,0,0,0,0,0,0,0,0,0
D300700:bin_000001,0,0,0,0,0,0,0,0,0,0,0,0,0,0,0,0,0,0,0,0,0,0,0,0,0,0,0,0,0,0,0,0,0,0,0,0,0,0,0,0,0,0,0,0,0,0,0,0,0,0,0,0,0,0,0,0,0,0,0,0,0,0,0,0,0,0,0,0,0,0,0,0,0,0,0,0,0,0,0,0,0,0,0,0
D300706:bin_000006,0,0,0,0,0,0,0,0,0,0,0,0,0,0,0,0,0,0,0,0,0,0,0,0,0,0,0,0,0,0,0,0,0,0,0,0,0,0,0,0,0,0,0,0,0,0,0,0,0,0,0,0,0,0,0,0,0,0,0,0,0,0,0,0,0,0,0,0,0,0,0,0,0,0,0,0,0,0,0,0,0,0,0,0
D300708:bin_000028,0,0,0,0,0,12.168,0,0,9.019,0,12.43,12.773,21.981,0,4.612,0,0,0,0,5.978,0,6.806,15.017,0,0,0,4.77,0,0,0,9.023,0,5.368,9.413,7.999,4.596,0,0,0,0,11.171,0,0,5.099,0,3.677,10.136,0,5.918,0,0,0,0,0,0,6.102,0,0,0,11.853,9.546,4.628,8.774,0,0,0,0,5.929,0,0,9.247,5.634,16.248,0,0,7.075,0,0,0,0,0,0,3.731,0
D300709:bin_000042,69.908,44.582,0,52.641,57.53,165.601,6.408,44.229,125.83,10.729,102.261,109.801,140.49,6.965,70.485,33.132,81.252,57.679,20.539,65.05,79.457,48.196,96.788,55.127,41.726,66.702,67.694,3.193,62.345,0,156.549,50.534,78.281,105.1,66.381,60,83.607,2.43,68.97,2.263,62.167,119.405,77.233,93.613,96.508,47.237,194.306,0,49.478,79.339,28.084,6.879,37.873,0,75.966,94.78,54.569,2.769,0,172.073,50.287,78.346,162.404,2.86,107.436,65.975,0,87.796,3.01,32.313,143.368,31.229,268.539,33.801,79.992,100.616,28.762,0,12.384,0,52.421,44.703,59.497,80.561
D300710:bin_000020,30.192,14.331,0,33.095,26.118,53.209,0,10.63,62.546,3.036,43.305,40.108,72.603,3.929,32.368,9.325,33.706,23.02,0,27.52,30.493,21.325,36.328,21.944,14.766,22.004,21.31,0,27.527,0,58.137,25.012,26.118,34.663,28.605,39.628,32.65,0,32.091,0,19.039,34.381,37.359,21.435,32.713,19.69,61.803,0,21.465,24.336,7.877,3.794,12.212,0,24.714,35.424,20.445,0,0,64.27,17.55,22.24,40.353,2.18,51.719,29.219,0,24.232,0,10.017,50.466,14.993,88.856,15.903,25.649,33.85,0,0,0,0,13.612,14.196,17.938,20.602
D300711:bin_000012,0,0,0,0,0,0,0,0,0,0,0,0,0,0,0,0,0,0,0,0,0,0,0,0,0,0,0,0,0,0,0,0,0,0,0,0,0,0,0,0,0,0,0,0,0,0,0,0,0,0,0,0,0,0,0,0,0,0,0,0,0,0,0,0,0,0,0,0,0,0,0,0,0,0,0,0,0,0,0,0,0,0,0,0
D300711:bin_000013,0,0,0,0,0,0,0,0,0,0,0,0,0,0,0,0,0,0,0,0,0,0,0,0,0,0,0,0,0,0,0,0,0,0,0,0,0,0,0,0,0,0,0,0,0,0,0,0,0,0,0,0,0,0,0,0,0,0,0,0,0,0,0,0,0,0,0,0,0,0,0,0,0,0,0,0,0,0,0,0,0,0,0,0
D300711:bin_000023,7.162,5.442,0,2.892,3.517,8.752,0,2.616,8.567,0,7.034,8.042,6.499,0,7.239,0,6.921,2.613,0,6.168,3.675,8.846,2.868,7.245,0,4.635,2.005,0,7.273,0,7.263,1.462,8.046,9.479,3.789,5.843,6.641,0,5.307,0,3.627,6.427,4.534,5.762,6.92,1.217,8.746,0,3.814,5.302,1.337,0,0,0,4.614,9.157,4.622,0,0,8.861,1.718,4.186,5.09,0,8.669,3.859,0,3.879,0,2.575,12.86,3.252,21.441,3.3,6.344,8.725,2.982,0,0,0,3.277,1.513,4.555,5.83
D300712:bin_000004,0,0,0,0,0,0,0,0,0,0,0,0,0,0,0,0,0,0,0,0,0,0,0,0,0,0,0,0,0,0,0,0,0,0,0,0,0,0,0,0,0,0,0,0,0,0,0,0,0,0,0,0,0,0,0,0,0,0,0,0,0,0,0,0,0,0,0,0,0,0,0,0,0,0,0,0,0,0,0,0,0,0,0,0
D300712:bin_000006,0,0,0,0,0,0,0,0,0,0,0,0,0,0,0,0,0,0,0,0,0,0,0,0,0,0,0,0,0,0,0,0,0,0,0,0,0,0,0,0,0,0,0,0,0,0,0,0,0,0,0,0,0,0,0,0,0,0,0,0,0,0,0,0,0,0,0,0,0,0,0,0,11.358,0,0,0,0,0,0,0,0,0,0,0
D300712:bin_000007,21.769,15.577,0,12.825,15.769,35.13,0,6.734,21.018,1.407,22.18,37.489,33.879,0,17.357,5.543,19.68,7.574,6.819,14.829,18.224,10.371,20.98,9.732,18.871,16.67,10.033,0,17.129,0,30.878,10.718,14.709,25.105,13.422,15.022,21.656,0,15.633,0,16.941,21.838,17.363,25.08,17.247,9.689,40.457,0,11.163,14.073,5.175,0,7.979,0,14.435,19.641,13.036,0,0,47.167,13.018,18.25,29.872,0,20.188,11.657,0,22.014,0,4.654,33.333,7.536,66.552,13.883,28.684,18.635,13.123,0,1.649,0,12.768,14.607,12.435,20.98
D300712:bin_000016,0,0,0,0,0,0,0,0,0,0,0,0,0,0,0,0,0,0,0,0,0,0,0,0,0,0,0,0,0,0,0,0,0,0,0,0,0,0,0,0,0,0,0,0,0,0,0,0,0,0,0,0,0,0,0,0,0,0,0,0,0,0,0,0,0,0,0,0,0,0,0,0,0,0,0,0,0,0,0,0,0,0,0,0
D300713:bin_000003,8.123,0,0,0,4.876,11.174,0,0,10.464,0,11.235,11.996,12.064,0,5.726,3.43,7.716,4.703,0,5.417,6.499,5.882,8.043,5.849,3.599,5.093,4.411,0,8.554,0,10.808,0,6.372,10.293,23.678,4.813,7.91,0,5.225,0,4.202,7.252,6.781,9.234,8.99,0,17.533,0,4.906,6.4,0,0,16.747,0,15.793,8.268,4.805,0,0,19.529,3.978,4.372,11.566,0,33.494,5.847,0,4.815,0,2.671,12.237,3.209,26.333,3.972,7.839,8.009,0,0,0,0,3.924,0,5.327,5.579
D300713:bin_000009,9.828,4.41,0,13.652,7.245,21.73,0,2.999,12.858,0,13.272,10.706,19.43,1.678,8.678,2.388,9.141,5.198,0,9.052,17.099,5.819,11.462,5.549,5.153,12.371,10.263,0,13.878,0,16.605,4.404,10.31,11.136,7.508,8.105,14.311,0,12.63,0,6.031,8.582,12.132,6.294,11.42,3.894,28.81,0,8.366,8.483,1.761,0,2.58,0,8.256,11.821,6.878,0,0,20.218,4.891,5.627,12.552,0,21.314,7.64,0,7.838,0,2.815,17.451,1.475,34.01,3.432,10.92,13.954,6.597,0,0,0,3.625,4.58,3.975,5.716
D300714:bin_000008,3.885,2.384,0,35.212,10.568,6.267,0,0,72.558,0,24.074,5.67,6.774,0,2.627,0,13.585,6.762,3.28,16.905,22.58,9.51,3.508,0,6.669,3.099,6.926,0,4.523,0,9.887,4.07,7.207,3.569,2.855,12.879,0,0,42.807,0,2.113,4.792,4.194,4.784,3.736,3.144,28.372,0,8.707,14.497,8.01,0,2.447,0,6.962,9.906,8.849,0,0,18.77,1.801,0,6.825,0,6.025,13.224,0,2.312,0,1.381,3.789,0,16.628,2.663,12.045,13.121,0,0,0,0,3.054,7.052,1.971,3.01
D300719:bin_000003,2.127,2.292,0,3.19,4.219,6.911,2.048,2.264,3.553,0,5.423,6.977,11.731,0,3.453,0,7.553,2.144,3.528,4.131,4.604,3.013,4.615,0,6.19,2.819,2.27,0,4.389,0,4.862,1.637,1.507,8.804,7.202,0,4.326,0,6.584,0,4.241,10.573,6.449,3.68,13.126,3.349,9.333,0,0,3.662,2.141,3.48,4.456,0,3.982,7.054,10.64,0,0,9.473,2.42,3.714,6.958,0,14.563,10.902,0,2.527,0,0,8.61,0,11.727,2.192,6.58,12.508,0,0,3.011,3.874,2.02,1.161,1.827,3.866
D300719:bin_000008,0,0,0,0,0,0,0,0,0,0,0,0,0,0,0,0,0,0,0,0,0,0,0,0,0,0,0,0,0,0,0,0,0,0,0,0,0,0,0,0,0,0,0,0,0,0,0,0,0,0,0,0,0,0,0,0,0,0,0,0,0,0,0,0,0,0,0,0,0,0,0,0,0,0,0,0,0,0,0,0,0,0,0,0
D300720:bin_000001,20.187,14.622,0,12.032,17.37,102.674,4.432,14.589,24.021,5.459,23.996,46.407,61.867,0,19.699,19.651,24.223,18.399,10.442,23.36,32.586,18.91,26.669,12.578,11.036,31.151,9.672,0,26.073,0,37.587,27.871,24.576,26.785,16.684,27.266,39.537,0,22.917,0,10.613,24.924,18.512,45.167,23.702,14.743,95.071,0,17.098,27.905,15.543,4.299,13.934,0,21.331,33.135,23.894,0,0,68.785,9.766,14.239,56.515,2.636,40.026,15.444,0,25.375,0,7.018,68.802,3.771,174.671,9.176,36.275,17.335,7.34,0,1.803,0,48.389,11.806,7.949,44.037
D300723:bin_000001,0,0,0,0,0,0,0,0,0,0,0,0,0,0,0,0,0,0,0,0,0,0,0,0,0,0,0,0,0,0,0,0,0,0,0,0,0,0,0,0,0,0,0,0,0,0,0,0,0,0,0,0,0,0,0,0,0,0,0,0,0,0,0,0,0,0,0,0,0,0,0,0,0,0,0,0,0,0,0,0,0,0,0,0
D300723:bin_000008,6.541,0,0,4.789,4.193,9.065,0,0,6.419,1.57,8.039,0,8.211,4.046,5.305,0,5.083,3.47,0,0,4.76,4.405,15.253,3.221,3.428,0,0,0,5.521,0,7.682,0,6.315,0,4.438,5.163,0,0,4.403,0,4.623,0,5.107,0,9.924,3.931,14.752,0,4.67,7.746,0,0,0,0,0,5.196,5.274,0,0,10.296,5.25,0,8.794,0,7.194,4.388,0,5.155,0,0,8.025,0,14.263,0,5.806,11.825,0,0,0,0,3.43,0,3.874,0
D300729:bin_000019,9.142,3.478,0,6.329,5.585,16.165,0,3.228,12.176,0,12.025,11.847,14.142,0,6.734,3.447,9.419,4.683,0,6.479,11.443,6.089,10.224,4.889,4.224,6.812,5.661,0,8.59,0,12.157,6.128,7.698,10.458,6.3,6.852,8.443,0,6.846,0,5.565,9.788,7.55,6.457,10.059,4.841,19.387,0,6.839,6.709,2.452,0,4.158,0,7.396,10.279,5.181,0,0,17.339,3.921,6.038,11.329,0,12.088,6.495,0,6.403,0,2.223,16.159,2.872,26.558,4.627,8.305,10.503,3.075,0,0,0,5.701,4.031,4.957,7.969
D300742:bin_000002,7.349,4.109,0,5.669,3.624,15.918,0,5.135,10.935,0,10.061,8.319,16.198,0,5.11,3.493,6.691,4.634,3.247,7.119,7.803,7.617,8.447,3.554,4.299,6.983,3.641,0,4.296,0,12.998,6.76,6.66,8.308,3.642,7.941,7.431,0,3.721,0,4.357,8.082,5.029,10.513,5.761,3.454,16.718,0,4.23,8.822,3.552,0,3.292,0,5.491,7.351,5.021,0,0,13.771,2.721,5.097,13.029,0,7.569,6.562,0,6.694,0,3.742,12.024,0,23.008,2.729,6.648,9.567,4.251,0,0,0,6.502,3.669,4.104,5.661
D300748:bin_000014,4.796,0,0,1.853,2.348,10.546,0,2.416,6.226,0,7.227,13.062,6.896,0,4.052,0,4.441,0,0,4.226,4.896,5.338,3.174,2.722,4.821,3.317,1.849,0,2.693,0,7.747,2.487,4.74,8.43,3.893,2.487,7.069,0,5.617,0,2.388,4.839,6.458,3.915,5.116,3.835,11.753,0,5.868,3.851,1.579,0,3.61,0,3.66,3.012,2.957,0,0,10.783,3.182,4.9,9.792,0,4.294,0,0,4.972,0,2.152,8.031,4.002,15.109,0,6.159,6.516,0,0,0,0,2.643,2.668,4.056,4.793
D300750:bin_000009,0,0,0,0,0,0,0,0,0,0,0,0,0,0,0,0,0,0,0,0,0,0,0,0,0,0,0,0,0,0,0,0,0,0,0,0,0,0,0,0,0,0,0,0,0,0,0,0,0,0,0,0,0,0,0,0,0,0,0,0,0,0,0,0,0,0,0,0,0,0,0,0,0,0,0,0,0,0,0,0,0,0,0,0
D300751:bin_000024,0,0,0,0,0,2.007,0,0,0,0,1.904,0,0,0,0,0,0,0,0,0,0,0,0,0,0,0,0,0,0,0,0,0,0,0,0,0,0,0,0,0,0,0,0,0,0,0,1.696,0,0,0,0,0,0,0,0,0,0,0,0,0,0,0,0,0,0,0,0,0,0,0,2.42,0,1.868,0,0,0,0,0,0,0,0,0,0,0
D300751:bin_000031,0,0,0,0,0,2.692,0,0,0,0,1.667,0,2.601,0,0,0,0,0,0,0,0,0,0,0,0,0,0,0,0,0,0,0,0,0,0,0,0,0,0,0,0,0,0,0,0,0,2.137,0,0,0,0,0,0,0,0,0,0,0,0,0,0,0,0,0,0,0,0,0,0,0,0,0,1.525,0,0,0,0,0,0,0,0,0,0,0
D300754:bin_000002,0,0,0,0,0,0,0,0,0,0,0,0,0,0,0,0,0,0,0,0,0,0,0,0,0,0,0,0,0,0,0,0,0,0,0,0,0,0,0,0,0,0,0,0,0,0,0,0,0,0,0,0,0,0,0,0,0,0,0,0,0,0,0,0,0,0,0,0,0,0,0,0,0,0,0,0,0,0,0,0,0,0,0,0
D300754:bin_000004,0,0,0,0,0,0,0,0,0,0,0,0,0,0,0,0,0,0,0,0,0,0,0,0,0,0,0,0,0,0,0,0,0,0,0,0,0,0,0,0,0,0,0,0,0,0,0,0,0,0,0,0,0,0,0,0,0,0,0,0,0,0,0,0,0,0,0,0,0,0,0,0,0,0,0,0,0,0,0,0,0,0,0,0
D300755:bin_000017,0,0,0,0,0,0,0,0,0,0,0,0,0,0,0,0,0,0,0,0,0,0,0,0,0,0,0,0,0,0,0,0,0,0,0,0,0,0,0,0,0,0,0,0,0,0,0,0,0,0,0,0,0,0,0,0,0,0,0,0,0,0,0,0,0,0,0,0,0,0,0,0,0,0,0,0,0,0,0,0,0,0,0,0
D300757:bin_000005,0,5.772,0,22.747,2.365,43.626,8.628,16.646,4.346,0,17.138,12.87,5.95,3.816,7.205,0,9.555,10.152,3.023,5.051,0,22.929,0,11.818,23.026,7.513,0,0,8.543,0,26.833,26.426,8.046,7.829,38.963,7.765,6.877,0,17.104,0,1.88,34.935,3.921,22.176,18.84,3.132,45.96,0,15.532,12.287,2.657,24.264,3.268,0,35.055,34.134,0,0,0,64.878,7.661,4.959,17.348,0,15.876,0,0,16.051,0,3.065,21.94,0,62.507,6.666,25.563,3.547,2.406,0,0,0,6.954,5.016,14.206,9.352
D300759:bin_000011,48.256,25.81,0,25.735,30.272,87.987,4.315,15.532,55.009,3.351,54.417,39.452,87.758,7.619,52.417,10.101,35.283,28.693,7.136,35.638,35.252,23.591,59.937,50.609,39.472,41.695,47.449,1.885,45.698,0,69.176,18.532,37.394,73.941,26.3,36.296,56.694,0,48.941,0,47.403,56.282,56.392,34.514,40.573,39.161,89.867,0,31.161,43.199,8.244,5.363,15.499,0,42.259,32.822,31.832,1.628,0,104.232,34.972,40.825,62.673,0,60.889,49.166,0,25.762,2.857,11.039,97.329,50.23,128.565,31.703,52.301,53.498,31.014,0,7.575,0,22.265,43.659,33.296,36.222
D300759:bin_000036,10.946,10.576,0,6.45,9.401,34.235,2.422,6.251,20.551,2.46,19.392,26.102,31.309,2.077,13.81,7.891,15.237,7.884,4.267,11.835,20.172,10.886,15.085,9.499,9.181,16.158,9.824,0,11.19,0,25.203,8.692,19.138,23.381,9.223,11.731,14.907,0,12.905,0,16.471,21.656,10.831,11.795,12.77,8.519,29.009,0,8.695,10.945,4.181,0,5.162,0,15.585,21.101,10.339,0,0,45.051,7.604,9.96,28.091,0,17.619,9.252,0,16.048,0,4.889,24.629,4.491,51.657,11.812,18.585,15.196,8.977,0,1.962,0,13.074,7.674,13.227,16.318
D300760:bin_000013,0,0,0,0,0,0,0,0,0,0,0,0,0,0,0,0,0,0,0,0,0,0,0,0,0,0,0,0,0,0,0,0,0,0,0,0,0,0,0,0,0,0,0,0,0,0,0,0,0,0,0,0,0,0,0,0,0,0,0,0,0,0,0,0,0,0,0,0,0,0,0,0,0,0,0,0,0,0,0,0,0,0,0,0
D300763:bin_000009,0,0,0,0,0,0,0,0,0,0,0,0,0,0,0,0,0,0,0,0,0,0,0,0,0,0,0,0,0,0,0,0,0,0,0,0,0,0,0,0,0,0,0,0,0,0,0,0,0,0,0,0,0,0,0,0,0,0,0,0,0,0,0,0,0,0,0,0,0,0,0,0,0,0,0,0,0,0,0,0,0,0,0,0
D300763:bin_000013,0,0,0,0,0,0,0,0,0,0,0,0,0,0,0,0,0,0,0,0,0,0,0,0,0,0,0,0,0,0,0,0,0,0,0,0,0,0,0,0,0,0,0,0,0,0,0,0,0,0,0,0,0,0,0,0,0,0,0,0,0,0,0,0,0,0,0,0,0,0,0,0,0,0,0,0,0,0,0,0,0,0,0,0
D300763:bin_000022,153.905,86.65,0,107.69,115.311,330.117,17.558,64.713,216.694,16.923,250.298,245.518,313.629,11.435,143.714,60.038,156.755,104.163,18.81,126.813,162.531,112.517,252.557,85.054,75.99,143.714,119.262,6.803,158.475,0,283.183,78.279,141.549,214.54,119.602,111.746,179.879,4.122,135.269,3.889,109.851,209.324,160.066,132.478,214.463,96.443,361.506,1.509,147.223,131.836,46.31,23.87,70.638,2.462,138.362,206.449,103.858,5.475,1.252,336.391,92.585,129.414,279.738,5.044,356.713,141.061,0,127.042,6.305,48.958,320.871,73.531,522.493,79.996,146.733,203.518,51.053,0,18.395,3.215,86.602,79.741,96.541,120.004
D300763:bin_000032,3.81,2.801,0,2.496,4.28,9.013,0,2.785,5.759,0,4.443,9.006,9.307,0,4.62,3.296,5.688,0,1.995,5.062,5.111,3.975,6.419,2.461,3.329,5.279,3.27,0,7.031,0,8.478,4.575,9.312,6.615,2.507,3.485,4.925,0,4.903,0,3.122,5.036,3.782,6.197,6.052,3.468,10.439,0,4.342,4.44,0,0,0,0,3.811,4.751,4.782,0,0,13.308,3.562,4.784,8.273,0,6.252,3.894,0,6.705,0,0,8.75,0,15.388,2.909,6.204,4.42,2.725,0,0,0,4.869,3.11,4.777,7.039
D300764:bin_000008,390.183,185.856,0,275.959,307.77,736.916,37.035,159.675,518.757,38.624,588.797,590.572,732.385,52.802,358.061,135.362,385.132,260.538,58.345,300.004,356.582,241.4,557.72,229.532,174.775,312.999,294.663,12.751,422.77,0,636.77,416.674,334.026,461.097,316.239,265.984,448.931,10.576,302.682,8.466,275.282,470.399,417.35,300.405,437.305,206.607,864.902,0,295.167,332.799,95.011,41.922,172.296,5.379,332.166,445.963,257.595,11.838,2.618,831.226,203.993,273.134,573.726,13.646,593.464,378.759,0,289.085,16.665,105.198,657.87,195.048,1087.311,175.525,354.281,506.253,136.324,4.75,44.505,8.4,208.786,200.284,263.249,264.559
D300764:bin_000013,44.367,24.31,0,37.599,35.955,88.694,6.264,15.068,48.418,2.038,49.683,69.381,107.674,7.692,30.497,19.064,41.689,20.665,2.42,33.658,73.202,33.484,69.06,23.23,24.033,44.955,26.703,0,83.785,0,56.655,38.062,46.903,44.704,38.078,61.178,49.379,0,29.693,0,23.92,38.935,34.183,40.924,54.242,21.849,129.591,0,34.858,44.856,14.256,6.395,20.782,0,28.445,42.609,23.907,0,0,91.811,22.146,26.921,54.474,0,73.829,27.706,0,27.591,0,10.989,130.868,3.593,158.008,19.785,54.97,46.635,21.806,0,2.911,0,29.104,24.243,12.642,29.24
D300766:bin_000008,0,0,0,0,0,0,0,0,0,0,0,0,0,0,0,0,0,0,0,1.15,0,0,0,0,0,0,0,0,0,0,0,0,0,0,0,0,0,0,0,0,0,0,0,0,0,0,0,0,0,0,0,0,0,0,0,0,0,0,0,0,0,0,0,0,0,0,0,0,0,0,0,0,0,0,0,0,0,0,0,0,0,0,0,0
D300766:bin_000009,0,0,0,0,0,0,0,0,0,0,0,0,0,0,0,0,0,0,0,0,0,0,0,0,0,0,0,0,0,0,0,0,0,0,0,0,0,0,0,0,0,0,0,0,0,0,0,0,0,0,0,0,0,0,0,0,0,0,0,0,0,0,0,0,0,0,0,0,0,0,0,0,0,0,0,0,0,0,0,0,0,0,0,0
MPB:bin_000002,0,0,0,0,0,0,0,0,0,0,0,0,0,0,0,0,0,0,0,0,0,0,0,0,0,0,0,0,0,0,0,0,0,0,0,0,0,0,0,0,0,0,0,0,0,0,0,0,0,0,0,0,0,0,0,0,0,0,0,0,0,0,0,0,0,0,0,0,0,0,0,0,1.718,0,0,0,1.447,0,0,0,0,0,0,0
MPB:bin_000004,0,0,0,0,0,0,0,0,0,0,0,0,0,0,0,0,0,0,0,0,0,0,0,0,0,0,0,0,0,0,0,0,0,0,0,0,0,0,0,0,0,0,0,0,0,0,0,0,0,0,0,0,0,0,0,0,0,0,0,0,0,0,0,0,0,0,0,0,0,0,0,0,0,0,0,0,0,0,0,0,0,0,0,0
MPB:bin_000005,16.404,8.359,0,4.955,7.233,40.246,3.274,10.719,24.793,2.002,32.12,27.332,19.93,2.732,17.218,4.891,16.719,11.608,4.982,8.07,21.179,19.35,18.604,26.661,8.007,10.507,7.712,0,11.796,0,27.846,4.602,16.32,30.554,8.606,22.818,27.82,0,9.941,0,12.117,27.35,11.018,67.527,33.711,10.947,37.216,0,12.76,10.883,8.105,2.548,5.398,0,20.247,23.006,11.584,0,0,42.01,7.399,13.731,23.997,0,20.071,16.962,0,23.841,0,2.404,58.716,6.301,64.014,19.156,18.707,20.723,6.816,0,3.564,0,11.884,7.977,10.172,25.951
MPB:bin_000006,0,0,0,0,0,0,0,0,0,0,0,0,0,0,0,0,0,0,0,0,0,0,0,0,0,0,0,0,0,0,0,0,0,0,0,0,0,0,0,0,0,0,0,0,0,0,1.65,0,0,0,0,0,0,0,0,0,0,0,0,0,0,0,0,0,0,0,0,0,0,0,1.553,0,2.033,0,0,0,0,0,0,0,0,0,0,0
MPB:bin_000007,0,0,0,0,0,1.398,0,0,0,0,1.224,0,0,0,0,0,0,0,0,0,0,0,0,0,0,0,0,0,0,0,0,0,0,0,0,0,0,0,0,0,0,0,0,0,0,0,2.051,0,0,0,0,0,0,0,0,0,0,0,0,2.29,0,0,1.608,0,1.74,0,0,0,0,0,2.013,0,2.208,0,1.979,0,0,0,0,0,0,0,0,0
MPB:bin_000009,0,0,0,0,0,0,0,0,0,0,0,0,0,0,0,0,0,0,0,0,0,0,0,0,0,0,0,0,0,0,0,0,0,0,0,0,0,0,0,0,0,0,0,0,0,0,0,0,0,0,0,0,0,0,0,0,0,0,0,0,0,0,0,0,0,0,0,0,0,0,0,0,0,0,0,0,0,0,0,0,0,0,0,0
MPB:bin_000010,0,0,0,0,0,0,0,0,0,0,0,0,0,0,0,0,0,0,0,0,0,0,0,0,0,0,0,0,0,0,0,0,0,0,0,0,0,0,0,0,0,0,0,0,0,0,0,0,0,0,0,0,0,0,0,0,0,0,0,0,0,0,0,0,0,0,0,0,0,0,0,0,0,0,0,0,0,0,0,0,0,0,0,0
MPB:bin_000011,0,0,0,0,0,0,0,0,0,0,0,0,0,0,0,0,0,0,0,0,0,0,0,0,0,0,0,0,0,0,0,0,0,0,0,0,0,0,0,0,0,0,0,0,0,0,0,0,0,0,0,0,0,0,0,0,0,0,0,0,0,0,0,0,0,0,0,0,0,0,0,0,0,0,0,0,0,0,0,0,0,0,0,0
MPB:bin_000016,21.311,15.392,0,21.217,24.382,42.072,3.984,10.212,46.823,4.442,50.244,51.54,48.1,0,24.529,11.158,36.711,19.976,4.269,25.332,49.849,23.107,33.541,16.552,13.095,26.094,17.772,0,47.94,0,39.855,15.829,22.986,43.758,23.821,20.383,29.604,0,26.464,0,27.961,34.439,23.923,28.566,36.285,26.15,66.084,0,23.391,15.466,7.481,4.72,9.185,0,24.279,36.776,14.998,0,0,69.549,9.595,25.024,48.641,0,46.281,26.793,0,21.92,1.307,7.275,59.08,10.754,105.361,22.378,24.251,47.459,11.287,0,4.105,0,11.137,12.645,12.492,21.774
MPB:bin_000017,14.173,4.953,0,12.493,9.786,20.914,2.033,3.889,12.505,0,14.021,18.862,25.716,2.589,7.401,3.392,10.762,6.782,0,8.087,19.809,10.808,15.833,5.314,6.308,11.154,6.258,0,16.138,0,12.585,6.531,10.164,11.461,8.836,10.346,9.25,0,8.152,0,6.694,8.038,9.458,8.262,12.662,6.03,32.21,0,7.886,7.732,2.784,0,5.7,0,7.4,11.801,6.26,0,0,21.478,6.659,7.704,13.968,0,16.87,6.368,0,7.597,0,2.319,30.397,0,39.569,4.083,17.008,14.651,8.08,0,0,0,6.294,3.881,3.278,8.642
MPB:bin_000019,17.501,7.591,0,8.45,15.893,25.963,0,3.447,8.403,2.398,22.271,20.369,39.013,2.177,16.883,5.35,22.442,5.079,0,4.665,33.949,13.781,12.821,1.121,3.167,8.868,4.175,0,21.244,0,14.423,6.589,10.789,22.901,11.105,13.495,11.395,0,8.606,0,11.261,17.063,17.368,6.652,11.738,6.242,22.706,0,12.186,12.772,2.55,1.79,4.439,0,2.168,12.78,3.924,0,0,22.335,5.861,10.126,21.88,1.994,21.247,12.931,0,7.763,0,3.12,22.981,2.205,40.657,8.918,10.498,8.221,15.899,0,3.714,0,0,3.818,8.477,9.247
MPB:bin_000021,0,0,0,0,0,0,0,0,0,0,0,0,0,0,0,0,0,0,0,0,0,0,0,0,0,0,0,0,0,0,0,0,0,0,0,0,0,0,0,0,0,0,0,0,0,0,0,0,0,0,0,0,0,0,0,0,0,0,0,0,0,0,0,0,0,0,0,0,0,0,0,0,0,0,0,0,0,0,0,0,0,0,0,0
MPB:bin_000022,0,0,0,0,0,0,0,0,0,0,0,0,0,0,0,0,0,0,0,0,0,0,0,0,0,0,0,0,0,0,0,0,0,0,0,0,0,0,0,0,0,0,0,0,0,0,0,0,0,0,0,0,0,0,0,0,0,0,0,0,0,0,0,0,0,0,0,0,0,0,0,0,0,0,0,0,0,0,0,0,0,0,0,0
MPB:bin_000023,0,0,0,0,0,0,0,0,0,0,0,0,0,0,0,0,0,0,0,0,0,0,0,0,0,0,0,0,0,0,0,0,0,0,0,0,0,0,0,0,0,0,0,0,0,0,0,0,0,0,0,0,0,0,0,0,0,0,0,0,0,0,0,0,0,0,0,0,0,0,0,0,0,0,0,0,0,0,0,0,0,0,0,0
MPB:bin_000026,0,0,0,0,0,0,0,0,0,0,0,0,0,0,0,0,0,0,0,0,0,0,0,0,0,0,0,0,0,0,0,0,0,0,0,0,0,0,0,0,0,0,0,0,0,0,0,0,0,0,0,0,0,0,0,0,0,0,0,0,0,0,0,0,0,0,0,0,0,0,0,0,0,0,0,0,0,0,0,0,0,0,0,0
MPB:bin_000030,0,0,0,0,0,0,0,0,0,0,0,0,0,0,0,0,0,0,0,0,0,0,0,0,0,0,0,0,0,0,0,0,0,0,0,0,0,0,0,0,0,0,0,0,0,0,0,0,0,0,0,0,0,0,0,0,0,0,0,0,0,0,0,0,0,0,0,0,0,0,0,0,0,0,0,0,0,0,0,0,0,0,0,0
MPB:bin_000034,0,0,0,0,0,0,0,0,0,0,0,0,0,0,0,0,0,0,0,0,0,0,0,0,0,0,0,0,0,0,0,0,0,0,0,0,0,0,0,0,0,0,0,0,0,0,0,0,0,0,0,0,0,0,0,0,0,0,0,0,0,0,0,0,0,0,0,0,0,0,0,0,0,0,0,0,0,0,0,0,0,0,0,0
MPB:bin_000035,2.603,0,0,3.149,0,7.015,0,0,2.705,0,2.687,3.537,6.173,0,0,0,2.747,0,0,2.936,0,0,3.06,2.695,0,2.536,0,0,2.123,0,3.651,0,3.105,2.975,2.324,0,4.83,0,2.801,0,1.478,2.407,0,2.56,3.341,1.271,6.728,0,2.063,2.189,0,0,2.618,0,1.776,2.166,0,0,0,6.24,0,0,2.234,0,3.432,0,0,1.907,0,0,6.034,0,9.692,0,2.975,3.274,0,0,0,0,2.336,0,1.481,2.474
MPB:bin_000037,0,0,0,0,0,0,0,0,1.38,0,0,0,0,0,0,0,0,0,0,0,1.856,0,1.673,0,0,0,0,0,0,0,0,0,0,1.191,0,0,0,0,0,0,0,0,0,0,0,0,1.708,0,0,0,0,0,0,0,0,1.309,0,0,0,2.359,0,1.31,1.849,0,2.063,0,0,0,0,0,2.449,0,6.043,0,0,0,0,0,0,0,0,0,0,0
MPB:bin_000040,0,0,0,0,0,0,0,0,0,0,0,0,0,0,0,0,0,0,0,0,0,0,0,0,0,0,0,0,0,0,0,0,0,0,0,0,0,0,0,0,0,0,0,0,0,0,0,0,0,0,0,0,0,0,0,0,0,0,0,0,0,0,0,0,0,0,0,0,0,0,0,0,0,0,0,0,0,0,0,0,0,0,0,0
MPB:bin_000041,0,0,0,0,0,0,0,0,0,0,0,0,0,0,0,0,0,0,0,0,0,0,0,0,0,0,0,0,0,0,0,0,0,0,0,0,0,0,0,0,0,0,0,0,0,0,0,0,0,0,0,0,0,0,0,0,0,0,0,0,0,0,0,0,0,0,0,0,0,0,0,0,0,0,0,0,0,0,0,0,0,0,0,0
MPB:bin_000042,32.989,14.323,0,9.891,12.293,41.227,2.014,7.596,18.454,5.212,29.116,27.608,52.322,4.976,27.101,9.496,25.213,13.091,7.165,15.006,40.255,22.328,23.471,5.565,15.157,14.024,12.653,0,15.583,0,26.062,6.085,39.159,32.008,9.687,17.614,24.074,3.189,15.483,0,24.696,25.275,25.454,11.856,17.701,8.402,45.118,0,14.981,13.06,8.531,0,5.957,0,14.093,24.624,11.342,0,0,37.203,6.666,18.797,35.584,0,36.211,17.067,0,21.033,0,6.884,23.808,12.435,61.134,22.708,18.565,19.129,18.492,0,3.706,0,7.491,7.541,19.167,16.202
MPB:bin_000044,0,0,0,0,0,0,0,0,0,0,0,0,0,0,0,0,0,0,0,0,0,0,0,0,0,0,0,0,0,0,0,0,0,0,0,0,0,0,0,0,0,0,0,0,0,0,0,0,0,0,0,0,0,0,0,0,0,0,0,0,0,0,0,0,0,0,0,0,0,0,0,0,0,0,0,0,0,0,0,0,0,0,0,0
MPB:bin_000047,2.474,0,0,2.07,1.613,5.134,0,0,3.425,0,3.717,3.954,3.929,0,1.971,0,0,1.299,0,1.891,2.106,0,2.179,0,0,1.91,0,0,3.419,0,3.136,0,1.713,2.736,0,2.551,1.657,0,0,0,1.406,2.28,2.138,2.108,3.63,1.82,4.893,0,1.164,2.003,0,0,0,0,1.641,3.048,0,0,0,4.239,0,1.614,4.035,0,3.95,1.881,0,1.619,0,0,6.908,0,8.805,0,1.982,2.268,0,0,0,0,1.635,0,1.305,1.288
MPB:bin_000048,0,0,0,0,0,0,0,0,0,0,0,0,0,0,0,0,0,0,0,0,0,0,0,0,0,0,0,0,0,0,0,0,0,0,0,0,0,0,0,0,0,0,0,0,0,0,0,0,0,0,0,0,0,0,0,0,0,0,0,0,0,0,0,0,0,0,0,0,0,0,0,0,0,0,0,0,0,0,0,0,0,0,0,0
MPB:bin_000049,0,0,0,0,0,0,0,0,0,0,0,0,0,0,0,0,0,0,0,0,0,0,0,0,0,0,0,0,0,0,0,0,0,0,0,0,0,0,0,0,0,0,0,0,0,0,0,0,0,0,0,0,0,0,0,0,0,0,0,0,0,0,0,0,0,0,0,0,0,0,0,0,0,0,0,0,0,0,0,0,0,0,0,0
MPB:bin_000050,0,0,0,0,0,0,0,0,0,0,0,0,0,0,0,0,0,0,0,0,0,0,0,0,0,0,0,0,0,0,0,0,0,0,0,0,0,0,0,0,0,0,0,0,0,0,0,0,0,0,0,0,0,0,0,0,0,0,0,0,0,0,0,0,0,0,0,0,0,0,0,0,0,0,0,0,0,0,0,0,0,0,0,0
MPB:bin_000051,0,0,0,0,0,0,0,0,0,0,0,0,0,0,0,0,0,0,0,0,0,0,0,0,0,0,0,0,0,0,0,0,0,0,0,0,0,0,0,0,0,0,0,0,0,0,0,0,0,0,0,0,0,0,0,0,0,0,0,0,0,0,0,0,0,0,0,0,0,0,1.308,0,1.416,0,0,0,0,0,0,0,0,0,0,0
MPB:bin_000052,0,0,0,0,0,0,0,0,0,0,0,0,0,0,0,0,0,0,0,0,0,0,0,0,0,0,0,0,0,0,0,0,0,0,0,0,0,0,0,0,0,0,0,0,0,0,0,0,0,0,0,0,0,0,0,0,0,0,0,0,0,0,0,0,0,0,0,0,0,0,0,0,0,0,0,0,0,0,0,0,0,0,0,0
MPB:bin_000053,0,0,0,0,0,0,0,0,0,0,0,0,0,0,0,0,0,0,0,0,0,0,0,0,0,0,0,0,0,0,0,0,0,0,0,0,0,0,0,0,0,0,0,0,0,0,0,0,0,0,0,0,0,0,0,0,0,0,0,0,0,0,0,0,0,0,0,0,0,0,0,0,0,0,0,0,0,0,0,0,0,0,0,0
MPB:bin_000055,6.628,3.039,0,3.154,6.285,11.3,0,3.16,4.075,0,5.181,8.203,6.303,0,3.646,2.449,4.259,2.836,2.051,5.765,6.454,4.032,7.5,4.416,0,3.655,3.782,0,3.758,0,12.114,3.165,3.712,5.133,6.095,3.045,3.865,0,4.158,0,4.663,8.906,4.693,3.618,6.483,4.125,11.627,0,3.419,0,2.59,0,0,0,4.315,6.123,5.018,0,0,10.278,3.242,5.045,9.625,0,6.139,4.153,0,4.934,0,0,10.138,2.183,19.855,3.336,5.425,5.371,0,0,0,0,5.816,0,5.18,4.63
MPB:bin_000057,0,0,0,0,0,0,0,0,0,0,0,0,0,0,0,0,0,0,0,0,0,0,0,0,0,0,0,0,0,0,0,0,0,0,0,0,0,0,0,0,0,0,0,0,0,0,0,0,0,0,0,0,0,0,0,0,0,0,0,0,0,0,0,0,0,0,0,0,0,0,0,0,0,0,0,0,0,0,0,0,0,0,0,0
MPB:bin_000059,0,0,0,0,0,0,0,0,0,0,0,0,0,0,0,0,0,0,0,0,0,0,0,0,0,0,0,0,0,0,0,0,0,0,0,0,0,0,0,0,0,0,0,0,0,0,2.161,0,0,0,0,0,0,0,0,0,0,0,0,0,0,0,0,0,0,0,0,0,0,0,0,0,1.66,0,0,0,0,0,0,0,0,0,0,0
MPB:bin_000061,0,0,0,0,0,0,0,0,0,0,0,0,0,0,0,0,0,0,0,0,0,0,0,0,0,0,0,0,0,0,0,0,0,0,0,0,0,0,0,0,0,0,0,0,0,0,0,0,0,0,0,0,0,0,0,0,0,0,0,0,0,0,0,0,0,0,0,0,0,0,0,0,0,0,0,0,0,0,0,0,0,0,0,0
MPB:bin_000062,0,0,0,0,0,0,0,0,0,0,0,0,0,0,0,0,0,0,0,0,0,0,0,0,0,0,0,0,0,0,0,0,0,0,0,0,0,0,0,0,0,0,0,0,0,0,0,0,0,0,0,0,0,0,0,0,0,0,0,0,0,0,0,0,0,0,0,0,0,0,0,0,0,0,0,0,0,0,0,0,0,0,0,0
MPB:bin_000063,3.239,0,0,0,2.309,5.647,0,0,3.494,0,5.071,5.223,7.864,0,3.386,3.107,3.219,0,0,3.759,4.177,4.378,5.443,0,2.806,3.698,2.765,0,5.559,0,6.044,2.796,4.756,4.634,2.818,3.488,3.681,0,0,0,3.22,4.044,2.876,3.184,4.813,3.438,6.869,0,2.748,0,0,0,0,0,3.115,3.89,3.295,0,0,9.535,4.838,3.507,5.298,0,5.324,2.731,0,3.37,0,0,6.233,0,12.467,2.622,5.449,3.222,2.789,0,0,0,0,2.7,3.548,4.804
MPB:bin_000064,0,0,0,0,0,5.068,0,0,0,0,0,0,5.178,0,0,0,0,0,0,0,0,0,0,0,0,0,0,0,0,0,6.063,0,0,0,0,0,3.716,0,0,0,0,0,0,0,3.934,0,6.172,0,0,0,0,0,0,0,0,0,0,0,0,0,0,0,0,0,3.98,0,0,0,0,0,0,0,0,0,0,0,0,0,0,0,0,0,0,3.972
MPB:bin_000065,0,0,0,0,0,0,0,0,0,0,0,0,0,0,0,0,0,0,0,0,0,0,0,0,0,0,0,0,0,0,0,0,0,0,0,0,0,0,0,0,0,0,0,0,0,0,0,0,0,0,0,0,0,0,0,0,0,0,0,0,0,0,0,0,0,0,0,0,0,0,0,0,0,0,0,0,0,0,0,0,0,0,0,0
MPB:bin_000066,7.831,1.849,0,7.297,3.823,11.322,3.919,3.177,7.793,1.528,13.531,9.551,11.16,0,7.445,3.176,9.622,5.175,1.477,4.798,8.699,9.683,8.265,2.229,5.115,6.914,3.384,1.925,7.096,0,8.055,3.777,7.81,12.743,8.201,6.696,9.533,0,5.085,0,6.098,14.504,10.347,7.945,8.397,4.212,15.779,0,5.641,3.885,1.952,1.942,7.602,0,6.636,13.177,8.972,0,0,20.842,6.245,7.293,10.312,0,17.875,10.054,0,3.408,0,2.289,12.63,2.868,25.166,7.124,11.772,10.609,3.045,0,3.261,0,5.624,1.644,4.466,4.314
MPB:bin_000069,23.604,9.625,0,7.832,7.666,32.94,0,14.381,16.246,3.894,24.537,37.423,35.783,0,20.935,13.235,23.24,7.811,5.301,34.141,19.985,19.267,13.173,7.338,9.503,15.133,23.213,0,23.705,0,27.224,7.458,40.514,28.784,10.781,13.403,18.71,0,12.425,0,15.281,26.085,27.125,15.313,23.133,12.05,46.732,0,16.294,9.765,8.451,1.656,9.205,0,8.118,12.915,20.029,0,0,42.838,6.157,14.064,30.929,0,25.919,11.316,0,15.242,0,5.608,27.982,1.974,53.284,8.945,30.972,13.143,4.533,0,2.366,0,12.519,13.899,22.357,19.484
MPB:bin_000070,0,0,0,0,0,0,0,0,0,0,0,0,0,0,0,0,0,0,0,0,0,0,0,0,0,0,0,0,0,0,0,0,0,0,0,0,0,0,0,0,0,0,0,0,0,0,0,0,0,0,0,0,0,0,0,0,0,0,0,0,0,0,0,0,0,0,0,0,0,0,0,0,0,0,0,0,0,0,0,0,0,0,0,0
MPB:bin_000072,0,0,0,0,0,0,0,0,0,0,0,0,0,0,0,0,0,0,0,0,0,0,0,0,0,0,0,0,0,0,0,0,0,0,0,0,0,0,0,0,0,0,0,0,0,0,0,0,0,0,0,0,0,0,0,0,0,0,0,0,0,0,0,0,0,0,0,0,0,0,0,0,0,0,0,0,0,0,0,0,0,0,0,0
MPB:bin_000073,0,0,0,0,0,0,0,0,0,0,0,0,0,0,0,0,0,0,0,0,0,0,0,0,0,0,0,0,0,0,0,0,0,0,0,0,0,0,0,0,0,0,0,0,0,0,0,0,0,0,0,0,0,0,0,0,0,0,0,0,0,0,0,0,0,0,0,0,0,0,0,0,0,0,0,0,0,0,0,0,0,0,0,0
MPB:bin_000074,0,0,0,0,0,0,0,0,0,0,0,0,0,0,0,0,0,0,0,0,0,0,0,0,0,0,0,0,0,0,0,0,0,0,0,0,0,0,0,0,0,0,0,0,0,0,0,0,0,0,0,0,0,0,0,0,0,0,0,0,0,0,0,0,0,0,0,0,0,0,0,0,0,0,0,0,0,0,0,0,0,0,0,0
MPB:bin_000075,0,0,0,0,0,0,0,0,0,0,0,0,0,0,0,0,0,0,0,0,0,0,0,0,0,0,0,0,0,0,0,0,0,0,0,0,0,0,0,0,0,0,0,0,0,0,0,0,0,0,0,0,0,0,0,0,0,0,0,0,0,0,0,0,0,0,0,0,0,0,0,0,0,0,0,0,0,0,0,0,0,0,0,0
MPB:bin_000076,0,0,0,0,0,0,0,0,0,0,0,0,0,0,0,0,0,0,0,0,0,0,0,0,0,0,0,0,0,0,0,0,0,0,0,0,0,0,0,0,0,0,0,0,0,0,0,0,0,0,0,0,0,0,0,0,0,0,0,0,0,0,0,0,0,0,0,0,0,0,0,0,0,0,0,0,0,0,0,0,0,0,0,0
MPB:bin_000079,0,0,0,0,0,0,0,0,0,0,0,0,0,0,0,0,0,0,0,0,0,0,0,0,0,0,0,0,0,0,0,0,0,0,0,0,0,0,0,0,0,0,0,0,0,0,0,0,0,0,0,0,0,0,0,0,0,0,0,0,0,0,0,0,0,0,0,0,0,0,0,0,0,0,0,0,0,0,0,0,0,0,0,0
MPB:bin_000080,0,0,0,0,0,0,0,0,0,0,0,0,0,0,0,0,0,0,0,0,0,0,0,0,0,0,0,0,0,0,0,0,0,0,0,0,0,0,0,0,0,0,0,0,0,0,0,0,0,0,0,0,0,0,0,0,0,0,0,0,0,0,0,0,0,0,0,0,0,0,0,0,0,0,0,0,0,0,0,0,0,0,0,0
MPB:bin_000081,0,0,0,0,0,0,0,0,0,0,0,0,0,0,0,0,0,0,0,0,0,0,0,0,0,0,0,0,0,0,0,0,0,0,0,0,0,0,0,0,0,0,0,0,0,0,0,0,0,0,0,0,0,0,0,0,0,0,0,0,0,0,0,0,0,0,0,0,0,0,0,0,0,0,0,0,0,0,0,0,0,0,0,0
MPB:bin_000082,0,0,0,0,0,0,0,0,0,0,0,0,0,0,0,0,0,0,0,0,0,0,0,0,0,0,0,0,0,0,0,0,0,0,0,0,0,0,0,0,0,0,0,0,0,0,0,0,0,0,0,0,0,0,0,0,0,0,0,0,0,0,0,0,0,0,0,0,0,0,0,0,0,0,0,0,0,0,0,0,0,0,0,0
MPB:bin_000083,0,0,0,0,0,0,0,0,0,0,0,0,0,0,0,0,0,0,0,0,0,0,0,0,0,0,0,0,0,0,0,0,0,0,0,0,0,0,0,0,0,0,0,0,0,0,0,0,0,0,0,0,0,0,0,0,0,0,0,0,0,0,0,0,0,0,0,0,0,0,0,0,0,0,0,0,0,0,0,0,0,0,0,0
MPB:bin_000085,0,0,0,0,0,0,0,0,0,0,0,0,0,0,0,0,0,0,0,0,0,0,0,0,0,0,0,0,0,0,0,0,0,0,0,0,0,0,0,0,0,0,0,0,0,0,0,0,0,0,0,0,0,0,0,0,0,0,0,0,0,0,0,0,0,0,0,0,0,0,0,0,0,0,0,0,0,0,0,0,0,0,0,0
MPB:bin_000087,0,0,0,0,0,0,0,0,0,0,0,0,0,0,0,0,0,0,0,0,0,0,0,0,0,0,0,0,0,0,0,0,0,0,0,0,0,0,0,0,0,0,0,0,0,0,0,0,0,0,0,0,0,0,0,0,0,0,0,0,0,0,0,0,0,0,0,0,0,0,0,0,0,0,0,0,0,0,0,0,0,0,0,0
MPB:bin_000088,0,0,0,0,0,0,0,0,0,0,0,0,0,0,0,0,0,0,0,0,0,0,0,0,0,0,0,0,0,0,0,0,0,0,0,0,0,0,0,0,0,0,0,0,0,0,0,0,0,0,0,0,0,0,0,0,0,0,0,0,0,0,0,0,0,0,0,0,0,0,0,0,0,0,0,0,0,0,0,0,0,0,0,0
MPB:bin_000090,1.424,0,0,0,1.801,0,0,0,2.551,0,1.568,7.007,1.797,0,0,0,0,0,0,1.886,0,0,1.986,0,0,0,1.833,0,2.974,0,4.083,0,1.961,2.94,2.575,1.602,0,0,1.654,0,3.448,0,2.124,2.209,0,0,1.782,0,1.999,2.148,0,0,0,0,3.149,2.791,0,0,0,4.204,2.293,0,2.053,0,4.707,0,0,0,0,0,1.872,0,9.056,4.905,3.057,4.847,0,0,0,0,1.83,1.391,1.925,1.894
MPB:bin_000091,0,0,0,0,0,0,0,0,0,0,0,0,0,0,0,0,0,0,0,0,0,0,0,0,0,0,0,0,0,0,0,0,0,0,0,0,0,0,0,0,0,0,0,0,0,0,0,0,0,0,0,0,0,0,0,0,0,0,0,0,0,0,0,0,0,0,0,0,0,0,0,0,0,0,0,0,0,0,0,0,0,0,0,0
MPB:bin_000092,0,0,0,0,0,0,0,0,0,0,0,0,0,0,0,0,0,0,0,0,0,0,0,0,0,0,0,0,0,0,0,0,0,0,0,0,0,0,0,0,0,0,0,0,0,0,0,0,0,0,0,0,0,0,0,0,0,0,0,0,0,0,0,0,0,0,0,0,0,0,0,0,0,0,0,0,0,0,0,0,0,0,0,0
MPB:bin_000093,11.696,5.888,0,13.082,22.728,46.613,2.227,6.125,17.39,1.356,14.283,29.953,33.041,2.121,11.219,7.283,19.767,3.208,3.625,20.581,19.589,6.28,20.667,6.05,4.156,21.987,9.047,0,29.74,0,22.361,14.129,46.387,24.653,5.186,8.234,8.139,0,18.78,0,6.233,12.933,10.308,22.03,20.914,6.934,34.707,0,11.235,10.237,3.729,0,4.078,0,8.347,10.503,9.012,0,0,41.603,8.093,18.006,28.938,0,25.944,14.75,0,15.156,0,0,24.635,2.69,50.791,8.607,18.986,16.285,9.303,0,2.2,0,9.268,7.396,21.807,16.323
MPB:bin_000094,5.401,3.539,0,3.75,4.421,9.87,0,0,8.301,0,6.46,7.954,7.533,0,5.196,0,4.915,0,1.691,5.907,5.236,4.165,5.525,0,0,4.265,0,0,0,0,8.844,3.231,7.034,6.34,0,0,6.996,0,5.215,0,3.652,5.522,4.06,5.667,6.586,3.681,13.637,0,4.193,0,2.169,0,0,0,4.249,6.628,4.523,0,0,13.668,3.195,4.482,7.265,0,0,4.154,0,5.41,0,0,10.11,0,16.313,4.384,0,0,0,0,0,0,3.268,3.477,4.266,5.455
MPB:bin_000095,0,0,0,0,0,0,0,0,0,0,0,0,0,0,0,0,0,0,0,0,0,0,0,0,0,0,0,0,0,0,0,0,0,0,0,0,0,0,0,0,0,0,0,0,0,0,0,0,0,0,0,0,0,0,0,0,0,0,0,0,0,0,0,0,0,0,0,0,0,0,0,0,0,0,0,0,0,0,0,0,0,0,0,0
MPB:bin_000097,0,0,0,0,0,0,0,0,0,0,0,0,0,0,0,0,0,0,0,0,0,0,0,0,0,0,0,0,0,0,0,0,0,0,0,0,0,0,0,0,0,0,0,0,0,0,0,0,0,0,0,0,0,0,0,0,0,0,0,0,0,0,0,0,0,0,0,0,0,0,0,0,0,0,0,0,0,0,0,0,0,0,0,0
MPB:bin_000100,0,0,0,0,0,0,0,0,0,0,12.645,13.705,15.88,0,8.436,0,9.611,0,0,0,0,0,11.831,0,0,0,0,0,0,0,14.516,0,0,0,0,7.577,0,0,0,0,0,0,0,0,0,0,19.003,0,7.316,0,0,0,0,0,0,0,0,0,0,18.074,0,0,13.09,0,0,0,0,0,0,0,0,0,26.998,0,0,0,0,0,0,0,0,0,0,0
MPB:bin_000103,0,0,0,0,0,0,0,0,0,0,0,0,0,0,0,0,0,0,0,0,0,0,0,0,0,0,0,0,0,0,0,0,0,0,0,0,0,0,0,0,0,0,0,0,0,0,0,0,0,0,0,0,0,0,0,0,0,0,0,0,0,0,0,0,0,0,0,0,0,0,0,0,0,0,0,0,0,0,0,0,0,0,0,0
MPB:bin_000105,3.171,0,0,2.986,1.842,5.234,0,0,5.016,0,6.812,5.761,5.678,0,2.834,1.463,2.809,0,0,3.82,3.443,3.014,4.264,1.579,1.778,2.429,2.795,0,4.339,0,4.982,1.537,3.576,5.477,0,0,3.458,0,1.358,0,3.196,3.16,3.446,3.152,5.607,1.498,7.455,0,2.03,2.983,2.069,0,3.325,0,2.626,3.185,2.7,0,0,5.687,2.608,2.166,4.493,0,4.553,3.265,0,1.584,0,1.309,4.665,1.67,9.616,3.48,3.817,2.79,0,0,0,0,0,1.971,2.375,2.311
MPB:bin_000106,0,0,0,0,0,0,0,0,0,0,0,0,0,0,0,0,0,0,0,0,0,0,0,0,0,0,0,0,0,0,0,0,0,0,0,0,0,0,0,0,0,0,0,0,0,0,0,0,0,0,0,0,0,0,0,0,0,0,0,0,0,0,0,0,0,0,0,0,0,0,0,0,0,0,0,0,0,0,0,0,0,0,0,0
MPB:bin_000107,0,0,0,0,0,0,0,0,0,0,0,0,0,0,0,0,0,0,0,0,0,0,0,0,0,0,0,0,0,0,0,0,0,0,0,0,0,0,0,0,0,0,0,0,0,0,0,0,0,0,0,0,0,0,0,0,0,0,0,0,0,0,0,0,0,0,0,0,0,0,0,0,0,0,0,0,0,0,0,0,0,0,0,0
MPB:bin_000108,0,0,0,0,0,0,0,0,0,0,0,0,0,0,0,0,0,0,0,0,0,0,0,0,0,0,0,0,0,0,0,0,0,0,0,0,0,0,0,0,0,0,0,0,0,0,0,0,0,0,0,0,0,0,0,0,0,0,0,0,0,0,0,0,0,0,0,0,0,0,0,0,0,0,0,0,0,0,0,0,0,0,0,0
MPB:bin_000109,0,0,0,0,0,0,0,0,0,0,0,0,0,0,0,0,0,0,0,0,0,0,0,0,0,0,0,0,0,0,0,0,0,0,0,0,0,0,0,0,0,0,0,0,0,0,0,0,0,0,0,0,0,0,0,0,0,0,0,0,0,0,0,0,0,0,0,0,0,0,0,0,0,0,0,0,0,0,0,0,0,0,0,0
MPB:bin_000110,4.267,3.931,0,10.734,7.438,11.667,0,2.286,27.606,0,7.418,0,8.781,0,5.56,2.363,5.235,3.394,2.717,5.956,0,0,12.48,5.264,2.244,0,2.797,0,12.589,0,6.778,3.004,7.482,7.376,3.662,4.283,7.113,0,6.664,0,6.627,6.146,4.082,5.909,4.301,4.329,14.327,0,9.457,6.468,2.408,0,0,0,4.734,6.52,3.408,0,0,10.153,3.51,0,6.445,0,4.711,5.377,0,8.1,0,0,10.902,0,23.898,4.814,5.366,5.39,2.546,0,0,0,2.703,1.906,4.728,4.851
MPB:bin_000111,2.259,0,0,2.142,1.796,4.83,0,0,2.421,0,2.304,3.341,3.355,0,1.318,0,2.414,0,0,1.95,4.401,1.814,3.146,0,0,3.135,0,0,4.97,0,2.353,1.536,1.772,1.786,0,3.274,1.731,0,1.989,0,1.029,1.871,1.408,1.943,2.216,0,6.571,0,2.078,0,0,0,0,0,1.618,2.731,0,0,0,4.841,2.115,1.484,2.15,0,3.367,1.441,0,1.39,0,0,6.015,0,7.383,0,3.582,2.523,1.633,0,0,0,1.763,0,0,1.254
MPB:bin_000113,0,0,0,0,0,0,0,0,0,0,0,0,0,0,0,0,0,0,0,0,0,0,0,0,0,0,0,0,0,0,0,0,0,0,0,0,0,0,0,0,0,0,0,0,0,0,0,0,0,0,0,0,0,0,0,0,0,0,0,0,0,0,0,0,0,0,0,0,0,0,0,0,0,0,0,0,0,0,0,0,0,0,0,0
MPB:bin_000114,0,0,0,0,0,0,0,0,0,0,0,0,0,0,0,0,0,0,0,0,0,0,0,0,0,0,0,0,0,0,0,0,0,0,0,0,0,0,0,0,0,0,0,0,0,0,0,0,0,0,0,0,0,0,0,0,0,0,0,0,0,0,0,0,0,0,0,0,0,0,0,0,0,0,0,0,0,0,0,0,0,0,0,0
MPB:bin_000115,1.354,0,0,1.576,1.397,0,0,0,2.686,0,1.691,1.467,3.372,0,1.373,0,1.835,0,0,1.36,0,0,1.66,1.294,0,1.898,0,0,2.127,0,2.275,0,0,1.695,0,1.584,0,0,0,0,0,0,1.585,0,0,0,5.134,0,1.476,2.196,0,0,0,0,0,1.637,0,0,0,2.679,0,0,1.225,0,1.657,1.576,0,0,0,0,3.986,0,4.979,0,0,2.292,0,0,0,0,0,0,0,0
MPB:bin_000116,0,0,0,0,0,0,0,0,0,0,0,0,0,0,0,0,0,0,0,0,0,0,0,0,0,0,0,0,0,0,0,0,0,0,0,0,0,0,0,0,0,0,0,0,0,0,0,0,0,0,0,0,0,0,0,0,0,0,0,0,0,0,0,0,0,0,0,0,0,0,0,0,0,0,0,0,0,0,0,0,0,0,0,0
MPB:bin_000120,0,0,0,0,0,0,0,0,0,0,0,0,0,0,0,0,0,0,0,0,0,0,0,0,0,0,0,0,0,0,0,0,0,0,0,0,0,0,0,0,0,0,0,0,0,0,0,0,0,0,0,0,0,0,0,0,0,0,0,0,0,0,0,0,0,0,0,0,0,0,0,0,0,0,0,0,0,0,0,0,0,0,0,0
MPB:bin_000122,0,0,0,0,0,0,0,0,0,0,0,0,0,0,0,0,0,0,0,0,0,0,0,0,0,0,0,0,0,0,0,0,0,0,0,0,0,0,0,0,0,0,0,0,0,0,0,0,0,0,0,0,0,0,0,0,0,0,0,0,0,0,0,0,0,0,0,0,0,0,0,0,0,0,0,0,0,0,0,0,0,0,0,0
MPB:bin_000123,0,0,0,0,0,0,0,0,0,0,1.138,0,0,0,0,0,0,0,0,0,0,0,0,0,0,0,0,0,0,0,0,0,0,1.711,0,0,0,0,0,0,0,0,0,0,2.556,0,0,0,0,0,0,0,0,0,0,0,0,0,0,0,0,0,0,0,0,0,0,0,0,0,0,0,0,0,0,0,0,0,0,0,0,0,0,0
MPB:bin_000125,16.738,5.852,0,9.893,11.915,37.788,0,21.221,59.436,1.338,38.87,67.792,56.591,14.816,30.979,27.49,45.285,13.693,0,25.202,19.718,14.894,49.87,14.845,11.55,24.01,32.093,0,6.552,0,51.037,17.408,35.183,28.178,10.656,80.296,65.679,0,12.747,0,15.925,30.752,15.792,24.123,36.771,10.882,35.37,0,23.36,55.128,2.969,0,6.882,0,19.946,29.551,13.334,0,0,67.106,13.132,19.459,41.07,0,48.225,26.936,0,13.767,0,7.027,45.057,14.504,118.098,14.645,26.176,34.536,10.926,0,2.385,0,20.389,10.556,15.88,23.879
MPB:bin_000127,0,0,0,0,0,0,0,0,0,0,0,0,0,0,0,0,0,0,0,0,0,0,0,0,0,0,0,0,0,0,0,0,0,0,0,0,0,0,0,0,0,0,0,0,0,0,0,0,0,0,0,0,0,0,0,0,0,0,0,0,0,0,0,0,0,0,0,0,0,0,0,0,0,0,0,0,0,0,0,0,0,0,0,0
MPB:bin_000129,2.502,0,0,2.162,1.862,5.219,0,0,2.891,0,2.695,2.854,5.778,0,1.607,0,3.327,0,0,1.821,3.313,1.779,4.215,0,0,2.3,0,0,4.225,0,3.197,1.529,2.706,2.852,1.674,3.703,3.237,0,2.118,0,1.751,2.38,2.017,1.979,2.999,1.554,8.352,0,1.23,0,0,0,0,0,1.796,2.701,1.519,0,0,5.123,1.617,2.067,3.218,0,2.683,1.755,0,1.974,0,0,7.287,0,10.437,0,3.256,2.348,0,0,0,0,0,1.118,0,1.547
MPB:bin_000130,0,0,0,1.797,0,0,0,0,1.427,0,0,0,1.737,0,0,0,0,0,0,0,3.033,0,1.836,0,0,0,0,0,0,0,0,0,0,0,0,2.869,0,0,0,0,0,0,0,0,0,0,3.13,0,0,0,0,0,0,0,0,1.303,0,0,0,2.437,0,0,0,0,1.966,0,0,0,0,0,3.913,0,2.695,0,0,0,0,0,0,0,0,0,0,0
MPB:bin_000131,6.732,0,0,11.464,3.478,6.959,0,3.045,11.732,0,6.584,24.413,3.174,0,8.596,7.783,4.66,9.364,0,3.255,6.019,0,11.757,2.892,1.431,2.92,6.702,0,8.59,0,8.307,1.37,5.083,15.528,3.717,4.592,2.983,0,7.606,0,5.485,8.331,6.754,2.542,8.507,3.194,21.859,0,7.277,1.661,1.429,1.485,3.747,0,5.053,8.815,3.256,0,0,9.585,1.678,3.11,10.566,0,11.011,4.518,0,3.46,0,3.047,12.236,3.223,27.427,9.811,6.092,11.458,4.598,0,0,0,2.481,5.315,6.023,3.076
MPB:bin_000132,0,0,0,0,0,0,0,0,0,0,0,0,0,0,0,0,0,0,0,0,0,0,0,0,0,0,0,0,0,0,0,0,0,0,0,0,0,0,0,0,0,0,0,0,0,0,0,0,0,0,0,0,0,0,0,0,0,0,0,0,0,0,0,0,0,0,0,0,0,0,0,0,0,0,0,0,0,0,0,0,0,0,0,0
MPB:bin_000133,0,0,0,0,0,5.618,0,0,0,0,0,0,0,0,0,0,0,0,0,0,0,0,0,0,0,3.115,0,0,0,0,4.499,0,0,3.612,0,0,0,0,0,0,0,3.464,0,0,0,0,0,0,0,0,0,0,0,0,0,0,0,0,0,0,0,0,0,0,0,0,0,0,0,0,0,0,9.007,0,0,0,0,0,0,0,0,0,0,0
MPB:bin_000135,3.975,3.033,0,5.335,3.87,7.893,0,1.891,6.575,0,6.263,9.951,11.149,0,2.666,2.744,4.445,2.798,0,4.052,11.183,3.019,7.271,2.874,3.555,5.573,1.767,0,9.471,0,5.911,4.167,5.897,4.163,2.585,9.651,6.307,0,3.987,0,2.454,5.336,3.254,5.175,6.173,2.048,14.133,0,3.129,5.068,1.386,0,2.63,0,4.034,4.999,2.681,0,0,14.483,2.552,3.252,5.572,0,10.117,3.382,0,2.744,0,0,15.218,0,14.923,2.273,7.128,6.516,2.102,0,0,0,5.057,1.738,2.144,3.319
MPB:bin_000136,3.784,0,0,0,2.265,5.808,0,0,4.183,0,3.064,3.393,3.955,0,0,0,2.697,3.03,0,2.346,3.637,0,4.656,0,0,0,0,0,2.953,0,3.893,0,3.305,2.614,3.249,2.828,0,0,2.294,0,2.873,3.131,2.472,2.901,3.005,0,5.199,0,0,0,0,0,0,0,2.237,3.1,0,0,0,5.141,0,0,3.626,0,7.69,2.821,0,0,0,0,4.611,0,7.713,0,0,4.082,0,0,0,0,0,0,0,2.222
MPB:bin_000137,0,0,0,0,0,0,0,0,0,0,0,0,0,0,0,0,0,0,0,0,0,0,0,0,0,0,0,0,0,0,0,0,0,0,0,0,0,0,0,0,0,0,0,0,0,0,0,0,0,0,0,0,0,0,0,0,0,0,0,0,0,0,0,0,0,0,0,0,0,0,0,0,0,0,0,0,0,0,0,0,0,0,0,0
MPB:bin_000138,0,2.747,0,0,0,7.757,0,0,8.249,0,4.209,0,6.401,0,0,0,4.64,0,0,3.446,0,0,0,3.212,0,5.16,3.313,0,4.525,0,5.706,0,0,5.263,0,4.276,0,0,3.131,0,3.892,4.682,0,8.389,0,2.793,8.752,0,0,3.692,2.852,0,2.771,0,3.592,3.706,3.847,0,0,9.111,0,3.178,7.799,0,15.222,0,0,0,0,0,6.657,0,12.715,0,0,0,0,0,0,0,0,0,4.394,7.43
MPB:bin_000140,0,0,0,0,0,0,0,0,0,0,0,0,0,0,0,0,0,0,0,0,0,0,0,0,0,0,0,0,0,0,0,0,0,0,0,0,0,0,0,0,0,0,0,0,0,0,0,0,0,0,0,0,0,0,0,0,0,0,0,0,0,0,0,0,0,0,0,0,0,0,0,0,0,0,0,0,0,0,0,0,0,0,0,0
MPB:bin_000141,0,0,0,0,0,0,0,0,0,0,0,0,0,0,0,0,0,0,0,0,0,0,0,0,0,0,0,0,0,0,0,0,0,0,0,0,0,0,0,0,0,0,0,0,0,0,0,0,0,0,0,0,0,0,0,0,0,0,0,0,0,0,0,0,0,0,0,0,0,0,1.473,0,0,0,0,0,0,0,0,0,0,0,0,0
MPB:bin_000143,0,0,0,0,0,0,0,0,0,0,0,0,0,0,0,0,0,0,0,0,0,0,0,0,0,0,0,0,0,0,0,0,0,0,0,0,0,0,0,0,0,0,0,0,0,0,0,0,0,0,0,0,0,0,0,0,0,0,0,0,0,0,2.863,0,0,0,0,0,0,0,0,0,0,0,0,0,0,0,0,0,0,0,0,0
MPB:bin_000144,0,0,0,0,0,0,0,0,0,0,0,0,0,0,0,0,0,0,0,0,0,0,0,0,0,0,0,0,0,0,0,0,0,0,0,0,0,0,0,0,0,0,0,0,0,0,0,0,0,0,0,0,0,0,0,0,0,0,0,0,0,0,0,0,0,0,0,0,0,0,0,0,0,0,0,0,0,0,0,0,0,0,0,0
MPB:bin_000145,11.667,8.26,0,6.621,8.286,29.153,0,5.955,20.652,1.828,17.481,19.476,20.915,0,14.033,9.826,11.513,6.32,3.33,11.538,13.339,9.955,18.158,7.811,5.534,11.541,8.33,0,15.168,0,21.022,11.766,12.027,14.357,9.476,10.027,13.116,0,11.225,0,8.525,19.194,11.332,13.185,15.739,6.372,26.213,0,10.956,10.43,3.545,0,7.775,0,16.849,13.56,9.632,0,0,28.087,6.902,12.093,22.669,0,18.985,10.317,0,13.18,0,5.554,25.307,5.026,40.181,7.544,13.638,15.338,8.42,0,0,0,14.568,8.575,7.619,14.69
MPB:bin_000146,0,0,0,0,0,0,0,0,0,0,0,0,0,0,0,0,0,0,0,0,0,0,0,0,0,0,0,0,0,0,0,0,0,0,0,0,0,0,0,0,0,0,0,0,0,0,0,0,0,0,0,0,0,0,0,0,0,0,0,0,0,0,0,0,0,0,0,0,0,0,0,0,0,0,0,0,0,0,0,0,0,0,0,0
MPB:bin_000147,0,0,0,0,0,0,0,0,0,0,0,0,0,0,0,0,0,0,0,0,0,0,0,0,0,0,0,0,0,0,0,0,0,0,0,0,0,0,0,0,0,0,0,0,0,0,0,0,0,0,0,0,0,0,0,0,0,0,0,0,0,0,0,0,0,0,0,0,0,0,0,0,0,0,0,0,0,0,0,0,0,0,0,0
MPB:bin_000148,0,0,0,0,0,0,0,0,0,0,0,0,0,0,0,0,0,0,0,0,0,0,0,0,0,0,0,0,0,0,0,0,0,0,0,0,0,0,0,0,0,0,0,0,0,0,0,0,0,0,0,0,0,0,0,0,0,0,0,0,0,0,0,0,0,0,0,0,0,0,0,0,0,0,0,0,0,0,0,0,0,0,0,0
MPB:bin_000149,4.377,3.216,0,3.529,4.765,9.144,0,2.775,9.526,0,6.889,19.789,12.547,0,5.442,2.995,8.23,0,3.374,5.053,9.316,5.961,3.635,2.599,2.787,4.275,3.354,0,5.216,0,10.266,3.502,6.807,6.509,6.677,5.512,6.155,0,4.17,0,5.16,4.061,4.971,8.273,8.613,2.839,15.175,0,4.089,0,1.776,0,0,0,4.182,4.369,4.725,0,0,11.795,2.207,4.402,10.346,0,2.575,2.565,0,7.446,0,0,7.314,0,24.976,5.963,8.139,6.111,3.027,0,0,0,10.975,2.532,1.739,8.118
MPB:bin_000150,0,0,0,0,0,0,0,0,0,0,0,0,0,0,0,0,0,0,0,0,0,0,0,0,0,0,0,0,0,0,0,0,0,0,0,0,0,0,0,0,0,0,0,0,0,0,0,0,0,0,0,0,0,0,0,0,0,0,0,0,0,0,0,0,0,0,0,0,0,0,0,0,0,0,0,0,0,0,0,0,0,0,0,0
MPB:bin_000152,6.788,5.333,0,3.271,4.753,13.487,0,4.812,8.944,1.645,9.137,13.605,12.103,0,7.891,4.9,6.702,5.648,2.174,6.357,8.5,8.059,10.697,4.473,6.726,5.837,5.695,0,9.336,0,11.261,4.089,9.042,10.175,4.809,6.032,9.054,0,6.203,0,8.688,7.344,6.939,7.191,6.54,6.355,14.916,0,6.008,8.234,2.316,0,3.016,0,5.782,7.792,9.42,0,0,17.558,4.328,6.937,10.57,0,9.945,5.66,0,7.004,0,3.763,10.473,1.618,24.627,5.565,12.805,5.88,5.377,0,0,0,6.279,6.758,4.265,8.68
MPB:bin_000153,0,29.47,0,0,0,16.382,0,0,0,0,7.489,14.426,4.875,0,2.45,4.907,0,2.806,1.783,2.577,0,0,2.57,3.291,0,4.658,0,0,2.366,0,0,0,0,12.669,3.162,5.012,0,0,2.14,0,2.1,0,2.119,2.917,11.027,5.375,0,0,0,3.426,0,0,0,0,0,4.809,0,0,0,10.448,0,0,3.101,0,3.383,0,0,11.439,0,0,5.032,0,10.179,0,0,2.174,0,0,0,0,0,7.653,0,3.467
MPB:bin_000155,2.455,1.516,0,1.916,1.737,4.675,0,0,3.081,0,3.629,4.009,6.388,0,1.843,0,2.267,0,0,1.975,4.173,1.634,5.671,0,1.49,2.196,0,0,3.864,0,3.006,1.66,1.819,3.588,2.076,3.841,2.379,0,1.78,0,1.671,2.005,2.234,1.775,2.537,1.276,5.329,0,1.874,2.189,0,0,0,0,2.216,3.027,0,0,0,6.396,1.3,1.894,3.668,0,4.539,1.637,0,0,0,0,6.366,0,8.738,0,2.666,2.321,0,0,0,0,0,0,0,2.05
MPB:bin_000156,5.392,3.306,0,3.827,5.762,16.41,2.141,3.722,7.499,0.866,8.025,12.699,12.554,0,5.311,3.137,6.229,3.537,1.834,4.947,6.678,5.063,10.032,3.856,3.329,4.008,5.099,0,5.278,0,7.872,7.05,4.582,7.934,7.191,7.95,6.414,0,2.229,0,4,6.921,5.915,5.37,7.68,1.474,14.121,0,4.478,4.36,1.809,0,3.971,0,6.038,7.827,4.389,0,0,13.827,2.376,2.141,5.529,0,8.729,4.897,0,1.458,0,1.758,11.86,0,15.019,2.958,6.017,8.382,1.796,0,0,0,4.301,3.075,4.23,3.377
MPB:bin_000158,0,0,0,0,0,0,0,0,0,0,0,0,0,0,0,0,0,0,0,0,0,0,0,0,0,0,0,0,0,0,0,0,0,0,0,0,0,0,0,0,0,0,0,0,0,0,0,0,0,0,0,0,0,0,0,0,0,0,0,0,0,0,0,0,0,0,0,0,0,0,0,0,0,0,0,0,0,0,0,0,0,0,0,0
MPB:bin_000160,0,0,0,0,0,0,0,0,0,0,0,0,0,0,0,0,0,0,0,0,0,0,0,0,0,0,0,0,0,0,0,0,0,0,0,0,0,0,0,0,0,0,0,0,0,0,0,0,0,0,0,0,0,0,0,0,0,0,0,0,0,0,0,0,0,0,0,0,0,0,0,0,0,0,0,0,0,0,0,0,0,0,0,0
MPB:bin_000162,8.551,6.434,0,5.194,9.974,21.908,0,7.231,11.705,1.326,6.856,19.546,21.541,2.392,9.471,8.904,11.004,4.709,5.64,13.92,17.406,9.99,12.213,5.84,5.228,12.963,8.463,0,14.133,0,17.959,9.873,19.868,14.608,5.917,6.958,10.773,0,10.003,0,4.402,9.9,7.355,15.05,13.228,6.127,26.954,0,10.601,8.099,2.27,1.698,3.899,0,7.564,9.455,9.977,0,0,28.387,7.647,7.209,18.201,1.592,9.798,6.247,0,19.193,0,2.882,19.136,1.818,37.871,6.661,12.67,8.694,4.357,0,0,0,14.59,6.903,9.436,14.791
MPB:bin_000163,0,0,0,0,0,0,0,0,0,0,0,0,0,0,0,0,0,0,0,0,0,0,0,0,0,0,0,0,0,0,0,0,0,0,0,0,0,0,0,0,0,0,0,0,0,0,0,0,0,0,0,0,0,0,0,0,0,0,0,0,0,0,0,0,0,0,0,0,0,0,1.458,0,1.311,0,0,0,0,0,0,0,0,0,0,0
MPB:bin_000165,0,0,0,0,0,0,0,0,0,0,0,0,0,0,0,0,0,0,0,0,0,0,0,0,0,0,0,0,0,0,0,0,0,0,0,0,0,0,0,0,0,0,0,0,0,0,0,0,0,0,0,0,0,0,0,0,0,0,0,0,0,0,0,0,0,0,0,0,0,0,0,0,0,0,0,0,0,0,0,0,0,0,0,0
MPB:bin_000167,62.212,32.298,0,84.796,26.98,86.957,18.735,30.211,164.583,5.404,79.288,94.507,84.999,9.971,43.89,52.431,43.458,157.257,10.875,33.611,71.19,73.223,61.643,28.778,23.959,35.385,38.225,5.603,142.967,0,109.629,33.707,35.658,74.088,51.871,65.457,65.963,0,37.376,4.869,40.785,65.795,74.579,40.024,148.776,37.663,169.14,1.601,45.518,42.862,16.251,7.439,27.814,0,62.488,64.908,22.89,18.971,0,108.716,49.841,98.164,82.324,0,73.906,94.926,0,64.91,5.037,18.215,101.921,24.104,227.98,70.847,88.73,66.879,13.978,0,9.296,0,62.73,29.522,30.708,49.92
MPB:bin_000168,0,0,0,0,0,0,0,0,0,0,0,0,0,0,0,0,0,0,0,0,0,0,0,0,0,0,0,0,0,0,0,0,0,0,0,0,0,0,0,0,0,0,0,0,0,0,0,0,0,0,0,0,0,0,0,0,0,0,0,0,0,0,0,0,0,0,0,0,0,0,0,0,0,0,0,0,0,0,0,0,0,0,0,0
MPB:bin_000169,48.638,42.688,0,40.75,33.896,86.14,4.51,32.389,77.987,6.455,47.384,106.794,83.552,3.577,49.472,29.787,46.904,29.834,14.823,45.853,47.985,38.335,57.494,38.495,28.629,49.456,37.228,4.217,32.435,0,94.852,30.976,56.612,60.509,37.531,46.913,58.803,2.156,36.048,2.322,31.526,69.117,46.265,43.4,65.836,27.601,96.931,2.122,39.116,39.387,13.689,6.096,15.356,0,54.727,56.61,45.158,2.358,0,109.1,30.831,34.434,77.436,2.273,53.312,40.637,0,51.36,1.804,12.319,98.895,16.025,181.842,38.382,59.122,54.625,19.044,0,6.569,0,52.52,33.713,37.102,66.857
MPB:bin_000170,0,0,0,0,0,0,0,0,0,0,0,0,0,0,0,0,0,0,0,0,0,0,0,0,0,0,0,0,0,0,0,0,0,0,0,0,0,0,0,0,0,0,0,0,0,0,0,0,0,0,0,0,0,0,0,0,0,0,0,0,0,0,0,0,0,0,0,0,0,0,0,0,0,0,0,0,0,0,0,0,0,0,0,0
MPB:bin_000173,7.441,4.906,0,6.088,8.27,18.948,0,8.473,13.981,1.209,9.108,15.962,12.445,0,9.38,5.213,8.967,5.655,3.046,8.935,11.407,7.732,10.876,6.332,5.346,7.397,6.739,0,12.554,0,15.462,5.081,12.924,9.914,7.904,8.619,10.7,0,8.53,0,5.723,12.868,7.889,10.218,10.43,7.814,21.545,0,7.162,9.309,2.464,0,3.602,0,8.47,9.189,7.788,0,0,24.364,5.136,11.333,18.868,0,9.996,6.233,0,9.699,0,3.652,15.482,2.103,27.677,4.021,11.664,9.182,4.849,0,0,0,7.93,4.803,8.029,12.471
MPB:bin_000174,0,0,0,0,0,0,0,0,0,0,0,0,0,0,0,0,0,0,0,0,0,0,0,0,0,0,0,0,0,0,0,0,0,0,0,0,0,0,0,0,0,0,0,0,0,0,0,0,0,0,0,0,0,0,0,0,0,0,0,0,0,0,0,0,0,0,0,0,0,0,0,0,0,0,0,0,0,0,0,0,0,0,0,0
MPB:bin_000177,0,0,0,0,0,0,0,0,0,0,2.523,0,0,0,0,0,0,0,0,0,0,0,0,1.582,0,0,0,0,0,0,0,0,0,0,0,0,0,0,0,0,0,0,0,0,0,0,2.663,0,0,3.141,0,0,0,0,0,0,0,0,0,0,0,0,2.173,0,0,0,0,0,0,0,7.034,0,6.92,0,2.141,0,2.23,0,0,0,0,0,0,0
MPB:bin_000185,0,0,0,0,0,0,0,0,0,0,0,0,0,0,0,0,0,0,0,0,0,0,0,0,0,0,0,0,0,0,0,0,0,0,0,0,0,0,0,0,0,0,0,0,0,0,0,0,0,0,0,0,0,0,0,0,0,0,0,0,0,0,0,0,0,0,0,0,0,0,0,0,0,0,0,0,0,0,0,0,0,0,0,0
MPB:bin_000187,0,0,0,0,0,0,0,0,0,0,0,0,0,0,0,0,0,0,0,0,0,0,0,0,0,0,0,0,0,0,0,0,0,0,0,0,0,0,0,0,0,0,0,0,0,0,0,0,0,0,0,0,0,0,0,0,0,0,0,0,0,0,0,0,0,0,0,0,0,0,0,0,0,0,0,0,0,0,0,0,0,0,0,0
MPB:bin_000190,0,0,0,0,0,0,0,0,13.082,0,0,14.32,0,0,0,4.996,0,6.549,0,0,0,7.451,14.997,6.047,0,0,0,0,0,0,16.108,0,0,13.998,0,0,11.532,0,0,0,0,0,0,0,0,0,20.766,0,8.43,0,0,0,0,0,0,12.038,0,0,0,20.411,0,0,15.717,0,17.321,0,0,0,0,0,17.862,0,38.36,0,0,13.55,0,0,0,0,0,0,0,0
MPB:bin_000191,34.196,31.856,0,18.211,24.045,93.322,6.632,21.578,62.865,6.567,40.837,63.801,54.288,6.053,42.399,25.573,41.744,23.473,15.241,34.664,32.247,27.724,38.47,37.779,27.944,47.671,34.5,2.866,35.44,0,70.881,30.387,44.547,55.804,28.01,34.318,52.489,0,33.249,0,24.217,62.137,38.736,32.309,39.893,21.564,80.988,0,24.629,39.849,8.953,5.31,15.133,0,42.77,49.082,37.305,1.68,0,108.836,26.935,25.53,70.551,1.604,42.791,28.762,0,50.362,2.161,16.23,73.343,13.917,142.209,29.667,68.962,43.324,28.184,0,4.933,0,44.838,28.472,32.205,50.869
MPB:bin_000193,2.413,0,0,0,1.361,2.185,0,0,2,0,1.1,1.872,4.118,0,0,0,0,0,0,0,3.937,0,2.257,0,0,1.559,0,0,2.491,0,1.67,1.682,0,1.193,0,1.728,1.95,0,0,0,1.052,0,0,0,1.779,0,4.143,0,0,2.372,0,0,0,0,0,1.245,0,0,0,2.991,0,0,1.802,0,4.127,0,0,0,0,0,3.991,0,4.653,0,1.75,1.442,0,0,0,0,0,0,0,0
MPB:bin_000194,0,0,0,0,0,0,0,0,0,0,0,0,0,0,0,0,0,0,0,0,0,0,0,0,0,0,0,0,0,0,0,0,0,0,0,0,0,0,0,0,0,0,0,0,0,0,0,0,0,0,0,0,0,0,0,0,0,0,0,0,0,0,0,0,0,0,0,0,0,0,0,0,0,0,0,0,0,0,0,0,0,0,0,0
MPB:bin_000195,0,0,0,0,0,0,0,0,0,0,0,0,0,0,0,0,0,0,0,0,0,0,0,0,0,0,0,0,0,0,0,0,0,0,0,0,0,0,0,0,0,0,0,0,0,0,0,0,0,0,0,0,0,0,0,0,0,0,0,0,0,0,0,0,0,0,0,0,0,0,0,0,1.513,0,0,0,0,0,0,0,0,0,0,0
MPB:bin_000196,0,0,0,0,0,0,0,0,0,0,0,0,0,0,0,0,0,0,0,0,0,0,0,0,0,0,0,0,0,0,0,0,0,0,0,0,0,0,0,0,0,0,0,0,0,0,0,0,0,0,0,0,0,0,0,0,0,0,0,0,0,0,0,0,0,0,0,0,0,0,0,0,0,0,0,0,0,0,0,0,0,0,0,0
MPB:bin_000198,0,0,0,0,0,0,0,0,0,0,0,0,0,0,0,0,0,0,0,0,0,0,0,0,0,0,0,0,0,0,0,0,0,0,0,0,0,0,0,0,0,0,0,0,0,0,0,0,0,0,0,0,0,0,0,0,0,0,0,0,0,0,0,0,0,0,0,0,0,0,0,0,0,0,0,0,0,0,0,0,0,0,0,0
MPB:bin_000201,0,0,0,0,0,0,0,0,0,0,0,0,0,0,0,0,0,0,0,0,0,0,0,0,0,0,0,0,0,0,0,0,0,0,0,0,0,0,0,0,0,0,0,0,0,0,0,0,0,0,0,0,0,0,0,0,0,0,0,0,0,0,0,0,0,0,0,0,0,0,0,0,0,0,0,0,0,0,0,0,0,0,0,0
MPB:bin_000203,0,0,0,0,0,0,0,0,0,0,0,0,0,0,0,0,0,0,0,0,0,0,0,0,0,0,0,0,0,0,0,0,0,0,0,0,0,0,0,0,0,0,0,0,0,0,0,0,0,0,0,0,0,0,0,0,0,0,0,0,0,0,0,0,0,0,0,0,0,0,0,0,0,0,0,0,0,0,0,0,0,0,0,0
MPB:bin_000204,0,0,0,0,0,0,0,0,0,0,0,0,0,0,0,0,0,0,0,0,0,0,0,0,0,0,0,0,0,0,0,0,0,0,0,0,0,0,0,0,0,0,0,0,0,0,0,0,0,0,0,0,0,0,0,0,0,0,0,0,0,0,0,0,0,0,0,0,0,0,0,0,0,0,0,0,0,0,0,0,0,0,0,0
MPB:bin_000209,0,0,0,0,0,0,0,0,0,0,0,0,1.759,0,0,0,0,0,0,0,0,0,0,0,0,0,0,0,0,0,0,0,0,0,0,0,0,0,0,0,0,0,0,0,0,0,1.692,0,0,0,0,0,0,0,0,0,0,0,0,0,0,0,0,0,0,0,0,0,0,0,0,0,0,0,0,0,0,0,0,0,0,0,0,0
MPB:bin_000212,0,0,0,0,0,0,0,0,0,0,0,0,0,0,0,0,0,0,0,0,0,0,0,0,0,0,0,0,0,0,0,0,0,0,0,0,0,0,0,0,0,0,0,0,0,0,0,0,0,0,0,0,0,0,0,0,0,0,0,0,0,0,0,0,0,0,0,0,0,0,0,0,0,0,0,0,0,0,0,0,0,0,0,0
MPB:bin_000213,0,4.631,0,0,0,0,0,0,0,0,0,0,0,0,0,0,0,0,0,0,0,0,0,0,0,0,0,0,0,0,0,0,0,0,0,0,0,0,0,0,0,0,0,0,0,3.695,0,0,0,0,0,0,0,0,0,6.403,0,0,0,0,0,0,0,0,0,0,0,6.706,0,0,0,0,0,0,0,6.337,0,0,0,0,0,0,0,0
MPB:bin_000214,2.409,0,0,0,0,0,0,0,2.441,0,2.981,0,3.273,0,0,0,2.676,0,0,2.311,0,0,2.685,0,0,2.218,0,0,0,0,3.549,0,0,3.145,0,2.814,3.509,0,2.393,0,0,0,0,2.323,0,0,4.688,0,2.009,0,0,0,0,0,2.014,2.35,0,0,0,6.07,0,0,0,0,3.001,0,0,0,0,0,0,0,7.88,0,0,0,0,0,0,0,2.892,0,0,2.342
MPB:bin_000216,1.533,0,0,1.99,0,1.452,0,0,0,0,0,1.691,0,0,0,0,1.577,1.291,0,0,1.504,0,1.656,0,0,0,0,0,2.283,0,1.713,0,0,1.282,0,0,0,0,0,0,0,0,0,0,0,0,2.429,0,0,1.746,0,0,0,0,0,1.48,0,0,0,2.514,0,0,0,0,2.834,0,0,0,0,0,2.345,0,3.522,0,0,1.317,0,0,0,0,0,0,0,0
MPB:bin_000217,0,0,0,0,0,0,0,0,0,0,0,0,0,0,0,0,0,0,0,0,0,0,0,0,0,0,0,0,0,0,0,0,0,0,0,0,0,0,0,0,0,0,0,0,0,0,0,0,0,0,0,0,0,0,0,0,0,0,0,0,0,0,0,0,0,0,0,0,0,0,0,0,0,0,0,0,0,0,0,0,0,0,0,0
MPB:bin_000220,0,0,0,0,0,0,0,0,0,0,0,0,0,0,0,0,0,0,0,0,0,0,0,0,0,0,0,0,0,0,0,0,0,0,0,0,0,0,0,0,0,0,0,0,0,0,0,0,0,0,0,0,0,0,0,0,0,0,0,0,0,0,0,0,0,0,0,0,0,0,0,0,0,0,0,0,0,0,0,0,0,0,0,0
MPB:bin_000221,0,0,0,0,0,0,0,0,0,0,0,0,0,0,0,0,0,0,0,0,0,0,0,0,0,0,0,0,0,0,0,0,0,0,0,0,0,0,0,0,0,0,0,0,0,0,0,0,0,0,0,0,0,0,0,0,0,0,0,0,0,0,0,0,0,0,0,0,0,0,0,0,0,0,0,0,0,0,0,0,0,0,0,0
MPB:bin_000223,0,0,0,0,0,0,0,0,0,0,0,0,0,0,0,0,0,0,0,0,0,0,0,0,0,0,0,0,0,0,0,0,0,0,0,0,0,0,0,0,0,0,0,0,0,0,0,0,0,0,0,0,0,0,0,0,0,0,0,0,0,0,0,0,0,0,0,0,0,0,0,0,0,0,0,0,0,0,0,0,0,0,0,0
MPB:bin_000225,6.609,3.157,0,6.073,4.114,11.081,0,0,6.374,0,7.533,8.509,12.436,0,5.936,0,6.045,0,0,5.102,0,4.056,6.996,5.171,0,5.786,4.174,0,6.142,0,9.465,4.473,5.847,5.939,4.324,0,5.411,0,3.996,0,4.512,6.637,0,5.772,8.644,3.494,13.836,0,0,0,0,0,0,0,5.312,6.76,0,0,0,11.626,0,5.053,9.199,0,7.419,4.596,0,6.937,0,0,9.606,0,19.2,3.075,6.024,6.69,3.595,0,0,0,4.525,3.36,0,6.151
MPB:bin_000227,0,0,0,0,0,0,0,0,0,0,0,0,0,0,0,0,0,0,0,0,0,0,0,0,0,0,0,0,0,0,0,0,0,0,0,0,0,0,0,0,0,0,0,0,0,0,0,0,0,0,0,0,0,0,0,0,0,0,0,0,0,0,0,0,0,0,0,0,0,0,0,0,0,0,0,0,0,0,0,0,0,0,0,0
MPB:bin_000228,0,0,0,0,0,0,0,0,0,0,0,0,0,0,0,0,0,0,0,0,0,0,0,0,0,0,0,0,0,0,0,0,0,0,0,0,0,0,0,0,0,0,0,0,0,0,0,0,0,0,0,0,0,0,0,0,0,0,0,0,0,0,0,0,0,0,0,0,0,0,0,0,0,0,0,0,0,0,0,0,0,0,0,0
MPB:bin_000230,0,0,0,0,0,0,0,0,0,0,0,1.565,0,0,0,0,0,0,0,0,1.464,0,0,0,0,0,0,0,0,0,0,0,0,0,0,0,0,0,0,0,0,0,0,0,0,0,0,0,0,0,0,0,0,0,0,0,0,0,0,0,0,0,0,0,0,0,0,0,0,0,0,0,0,0,0,0,0,0,0,0,0,0,0,0
MPB:bin_000231,8.302,6.39,0,2.91,6.639,20.284,0,8.509,11.228,2.508,10.664,16.167,11.384,0,8.374,5.262,13.855,6.123,4.675,17.608,10.118,11.923,9.884,7.25,9.293,9.962,10.609,0,11.974,0,12.827,3.83,39.409,20.316,7.441,5.974,12.682,0,5.603,0,8.55,11.369,9.721,10.251,15.469,5.002,19.644,0,7.144,7.151,4.598,0,6.625,0,8.992,9.186,21.959,0,0,21.804,5.276,8.137,13.647,0,11.373,10.887,0,8.313,0,4.582,25.675,0,31.704,8.501,26.31,8.328,4.537,0,2.75,0,9.085,23.29,5.004,18.276
MPB:bin_000232,0,0,0,0,0,0,0,0,0,0,0,0,0,0,0,0,0,0,0,0,0,0,0,0,0,0,0,0,0,0,0,0,0,0,0,0,0,0,0,0,0,0,0,0,0,0,0,0,0,0,0,0,0,0,0,0,0,0,0,9.01,0,0,0,0,0,0,0,0,0,0,0,0,0,0,0,0,0,0,0,0,0,0,0,0
MPB:bin_000233,0,0,0,0,0,0,0,0,0,0,0,0,0,0,0,0,0,0,0,0,0,0,0,0,0,0,0,0,0,0,0,0,0,0,0,0,0,0,0,0,0,0,0,0,0,0,0,0,0,0,0,0,0,0,0,0,0,0,0,0,0,0,0,0,0,0,0,0,0,0,0,0,0,0,0,0,0,0,0,0,0,0,0,0
MPB:bin_000236,160.027,87.418,0,119.937,120.917,348.491,18.602,76.712,221.324,19.712,237.726,219.087,317.24,14.782,156.988,58.836,162.732,116.988,41.849,137.023,201.751,97.646,210.537,102.318,70.904,139.053,122.751,4.66,177.608,0,286.488,100.973,124.333,206.904,141.955,117.961,204.394,4.794,131.277,4.759,128.236,251.391,176.562,156.232,198.007,103.985,444.473,0,112.462,143.511,43.022,14.488,97.732,1.328,158.865,200.969,107.523,5.399,1.515,390.967,91.69,140.948,301.768,4.73,252.788,179.105,0,151.761,7.34,56.923,358.045,60.719,542.657,82.666,157.767,223.263,58.119,0,23.765,4.011,100.848,84.492,121.88,129.267
MPB:bin_000237,9.626,14.409,0,516.97,0,49.49,0,33.739,103.283,0,14.319,20.472,4.004,0,26.175,33.339,142.036,0,2.115,1.993,34.732,0,3.916,2.717,3.247,38.252,198.385,0,0,0,6.53,0,2.764,6.161,288.299,50.058,41.453,1.734,5.28,8.108,12.719,42.639,0,11.372,1.882,2.574,5.553,0,0,2.256,0,3.765,0,0,39.556,4.568,5.977,0,0,59.784,0,228.576,6.651,0,7.083,66.578,0,1.883,0,0,4.054,0,23.233,2.151,24.033,21.167,2.743,0,0,0,19.247,0,3.984,4.765
MPB:bin_000238,23.113,13.824,0,16.554,19.663,61.744,2.494,12.424,31.459,3.905,21.755,50.208,52.413,2.123,20.83,25.338,23.136,15.752,17.911,29.006,31.606,18.56,24.679,11.645,12.941,27.35,13.718,0,25.852,0,33.668,30.013,19.952,32.228,19.486,20.042,33.796,0,22.772,0,14.648,33.867,21.147,35.156,24.144,15.306,83.926,0,17.706,26.899,11.529,4.836,14.609,0,21.861,31.043,24.185,0,0,66.238,9.802,20.01,50.73,0,39.354,20.327,0,26.981,0,8.069,60.602,3.658,119.155,15.317,34.637,21.668,9.98,0,3.202,0,46.926,14.963,9.056,33.662
MPB:bin_000243,2.206,1.78,0,0,0,5.792,0,0,2.729,0,1.74,2.836,3.743,0,0,1.655,2.681,0,0,1.6,2.766,0,2.175,0,0,0,0,0,0,0,2.777,1.834,0,1.871,2.445,3.327,2.809,0,0,0,0,2.742,0,3.538,2.657,1.327,8.005,0,0,2.213,0,0,0,0,1.532,2.198,1.845,0,0,5,1.394,0,3.805,0,2.544,1.981,0,2.01,0,0,6.61,0,10.611,0,2.682,1.519,0,0,0,0,3.876,0,0,3.355
MPB:bin_000246,2.404,0,0,0,1.477,3.82,0,0,1.739,0,0,2.658,5.211,0,0,0,2.092,1.593,0,2.101,3.378,1.805,2.315,1.407,0,2.516,0,0,2.8,0,2.373,1.804,2.209,2.784,1.907,1.689,2.208,0,2.001,0,1.339,3.051,1.517,3.432,3.429,0,8.766,0,0,2.53,0,0,0,0,1.729,4.06,2.582,0,0,3.549,0,0,3.88,0,0,0,0,2.015,0,0,4.849,0,8.888,0,3.087,0,0,0,0,0,1.771,0,0,2.673
MPB:bin_000248,4.619,0,0,0,2.811,4.139,0,0,3.072,0,3.342,0,0,0,3.207,0,6.375,0,0,7.608,0,2.852,3.167,0,0,0,3.966,0,0,0,4.064,0,3.27,0,2.438,0,0,0,2.135,0,1.755,3.237,0,3.539,5.951,0,8.506,0,6.087,0,0,0,0,0,0,0,3.168,0,0,6.397,0,2.293,4.859,0,5.521,0,0,2.923,0,0,0,0,6.258,0,6.014,0,0,0,0,0,0,0,0,0
MPB:bin_000254,0,0,0,0,0,0,0,0,0,0,0,0,0,0,0,0,0,0,0,0,0,0,0,0,0,0,0,0,0,0,0,0,0,0,0,0,0,0,0,0,0,0,0,0,0,0,0,0,0,0,0,0,0,0,0,0,0,0,0,0,0,0,0,0,0,0,0,0,0,0,0,0,0,0,0,0,0,0,0,0,0,0,0,0
MPB:bin_000264,0,0,0,0,0,0,0,0,0,0,0,0,0,0,0,0,0,0,0,0,0,0,0,0,0,0,0,0,0,0,0,0,0,0,0,0,0,0,0,0,0,0,0,0,0,0,0,0,0,0,0,0,0,0,0,0,0,0,0,0,0,0,0,0,0,0,0,0,0,0,0,0,0,0,0,0,0,0,0,0,0,0,0,0
MPB:bin_000266,15.394,0,0,0,0,30.668,0,0,0,0,25.336,0,0,0,0,0,0,0,0,0,0,0,0,0,0,0,0,0,0,0,0,0,0,0,0,18.901,0,0,0,0,0,0,0,0,0,0,0,0,0,0,0,0,0,0,0,0,0,0,0,0,0,0,0,0,0,0,0,0,0,0,0,0,39.542,0,0,0,0,0,0,0,0,0,0,0
MPB:bin_000268,11.309,5.382,0,7.898,8.689,21.444,0,5.322,16.039,0,15.131,14.333,18.767,0,9.998,5.495,10.136,6.075,2.575,7.703,8.419,6.908,11.859,8.18,8.493,8.04,11.104,0,8.729,0,21.667,7.668,9.468,17.552,7.642,10.982,12.039,0,7.869,0,8.982,15.396,12.209,10.949,12.785,7.378,27.136,0,7.022,11.914,2.424,0,4.777,0,11.917,11.504,6.619,0,0,25.435,6.689,11.03,20.284,0,16.314,10.71,0,12.092,0,4.174,21.618,4.19,30.251,6.378,12.542,13.604,5.019,0,2.264,0,8.612,6.102,8.561,9.834
MPB:bin_000269,7.194,0,0,0,0,13.257,0,0,10.429,0,0,11.044,11.687,0,6.265,0,0,0,0,5.63,0,0,7.557,0,0,5.594,4.999,0,0,0,10.818,0,7.898,8.436,5.191,4.795,7.469,0,0,0,0,7.343,6.196,5.563,9.422,3.821,14.67,0,4.982,0,0,0,0,0,5.466,6.697,0,0,0,13.059,3.619,6.29,10.365,0,9.572,0,0,5.269,0,0,10.639,0,20.292,0,7.307,7.02,0,0,0,0,0,4.762,4.135,5.879
MPB:bin_000271,0,0,0,0,0,10.046,0,0,0,0,0,5.967,9.527,0,0,0,0,0,0,0,0,0,0,0,4.568,0,0,0,0,0,0,0,0,0,0,0,0,0,0,0,0,0,0,0,0,0,0,0,0,0,0,0,0,0,0,0,0,0,0,0,0,0,0,0,0,0,0,0,0,0,0,0,15.307,0,5.642,0,0,0,0,0,0,0,0,0
MPB:bin_000272,2.999,0,0,2.167,2.629,6.149,0,0,3.533,0,6.055,4.587,4.66,0,3.544,0,4.274,0,0,1.8,5.251,0,2.441,0,0,0,1.422,0,3.005,0,3.687,0,2.604,2.816,0,4.78,3.579,0,0,0,2.625,3.002,0,0,3.653,3.018,6.768,0,0,3.039,0,0,0,0,1.905,4.684,0,0,0,8.645,0,0,3.831,0,3.101,1.877,0,1.606,0,0,4.299,1.663,17.685,0,2.206,3.981,0,0,0,0,1.549,1.307,1.387,0
MPB:bin_000275,0,0,0,0,0,0,0,0,0,0,0,0,0,0,0,0,0,0,0,0,0,0,0,0,0,0,0,0,0,0,0,0,0,0,0,0,0,0,0,0,0,0,0,0,0,0,0,0,0,0,0,0,0,0,0,0,0,0,0,0,0,0,0,0,0,0,0,0,0,0,0,0,0,0,0,0,0,0,0,0,0,0,0,0
MPB:bin_000279,0,0,0,0,0,5.097,0,0,3.315,0,3.718,0,4.984,1.773,2.668,0,2.598,0,0,0,0,0,3.193,0,0,0,0,0,0,0,4.92,2.733,3.529,3.167,2.348,0,0,0,2.216,0,0,0,0,0,0,0,0,0,0,0,0,0,0,0,2.399,0,0,0,0,5.904,0,0,4.108,0,3.742,0,0,2.315,0,0,4.401,0,7.369,0,0,0,0,0,0,0,3.059,0,0,3.282
MPB:bin_000284,5.171,0,0,0,0,0,0,0,6.311,0,0,7.209,0,0,0,0,5.098,0,0,4.334,5.058,0,0,0,0,4.738,0,0,6.168,0,7.67,0,5.274,7.014,0,0,0,0,0,0,0,0,0,0,0,3.284,10.247,0,0,0,0,0,0,0,0,0,0,0,0,0,0,0,7.934,0,0,4.543,0,0,0,0,0,0,14.979,0,0,0,0,0,0,0,0,0,0,0
MPB:bin_000288,0,0,0,0,0,2.405,0,0,0,0,0,1.49,1.672,0,0,0,1.128,0,0,0,0,0,0,0,0,1.693,0,0,0,0,1.124,0,2.36,2.311,0,1.426,0,0,0,0,0,0,0,0,0,0,2.805,0,0,0,0,0,0,0,0,1.405,0,0,0,2.155,0,0,0,0,1.555,0,0,0,0,0,2.731,0,2.674,0,0,0,0,0,0,0,0,0,0,1.245
MPB:bin_000289,6.369,4.154,0,4.135,5.007,14.725,0,4.746,7.81,1.359,8.155,12.747,16.787,0,8.48,7.461,7.704,5.709,0,7.203,10.938,6.286,10.019,3.464,4.516,6.249,6.713,0,7.149,0,17.207,4.896,11.151,9.082,5.771,4.479,9.301,0,5.52,0,6.876,7.691,7.437,6.254,6.592,5.825,15.115,0,6.604,4.922,2.449,0,2.577,0,6.42,7.881,6.74,0,0,21.432,8.716,5.998,9.72,0,8.282,4.986,0,5.602,0,2.21,10.902,0,24.325,5.892,8.147,6.37,3.762,0,0,0,7.205,5.774,6.965,7.525
MPB:bin_000292,22.72,16.128,0,19.966,17.058,48.875,8.565,17.255,68.462,4.29,41.21,43.15,48.721,2.842,19.085,10.682,30.477,17.07,6.039,22.226,31.701,14.111,24.315,15.752,16.186,16.152,18.601,0,32.841,0,49.999,15.275,20.563,34.82,30.778,21.16,27.802,0,28.712,1.294,25.163,44.221,26.084,23.283,43.715,22.547,69.357,0,16.996,32.597,8.768,7.083,19.457,0,23.358,28.086,18.177,2.315,0,53.127,15.947,42.818,53.873,0,36.078,24.7,0,31.768,1.511,8.064,38.351,10.759,99.659,16.691,28.508,41.958,9.645,0,4.58,0,13.585,20.825,9.733,28.027
MPB:bin_000298,4.096,0,0,3.157,0,9.12,0,2.458,5.051,0,5.398,4.205,6.156,0,5.038,0,3.29,0,1.695,4.043,4.405,3.803,4.758,0,2.507,6.104,2.842,0,4.552,0,6.904,0,5.299,4.198,3.919,0,4.27,0,0,0,3.145,6.178,0,3.639,4.02,2.305,9.834,0,2.814,4.329,0,0,0,0,3.821,4.057,3.213,0,0,11.651,0,3.924,7.92,0,4.72,4.772,0,3.957,0,0,9.224,0,15.648,0,5.582,4.239,2.729,0,0,0,5.389,2.765,2.938,0
MPB:bin_000303,0,0,0,0,0,0,0,0,0,0,0,0,0,0,0,0,0,0,0,0,0,0,0,0,0,0,0,0,0,0,0,0,0,0,0,0,0,0,0,0,0,0,0,0,0,0,0,0,0,0,0,0,0,0,0,0,0,0,0,0,0,0,0,0,0,0,0,0,0,0,0,0,0,0,0,0,0,0,0,0,0,0,0,0
MPB:bin_000307,0,0,0,0,0,2.976,0,0,0,0,2.166,0,5.147,0,0,4.184,0,0,0,5.389,0,0,0,0,0,0,0,0,0,0,3.014,0,0,0,0,0,0,0,0,0,0,0,0,2.066,4.945,1.526,3.757,0,2.299,2.528,0,0,0,0,0,0,0,0,0,3.263,0,0,2.328,0,7.433,0,0,0,0,0,0,0,4.673,0,2.426,2.2,0,0,0,0,0,0,0,0
MPB:bin_000310,0,0,0,0,0,0,0,0,0,0,0,0,0,0,0,0,0,0,0,0,0,0,0,0,0,0,0,0,0,0,0,0,0,0,0,0,0,0,0,0,0,0,0,0,0,0,0,0,0,0,0,0,0,0,0,0,0,0,0,0,0,0,0,0,0,0,0,0,0,0,0,0,0,0,0,0,0,0,0,0,0,0,0,0
MPB:bin_000314,2.943,0,0,3.46,1.854,6.19,0,0,2.66,0,3.001,4.248,4.383,0,0,0,1.95,2.364,0,1.742,2.135,0,2.512,2.639,0,0,0,0,3.652,0,3,0,3.063,2.165,1.842,1.869,0,0,0,0,1.64,2.842,2.022,1.913,3.81,1.901,8.97,0,2.335,0,0,0,0,0,2.899,3.631,0,0,0,5.642,1.415,2.558,5.671,0,3.839,2.504,0,1.924,0,0,6.571,0,9.326,0,3.871,3.16,0,0,0,0,0,0,0,2.728
MPB:bin_000315,0,0,0,0,0,0,0,0,0,0,0,0,0,0,0,0,0,0,0,0,0,0,0,0,0,0,0,0,5.669,0,8.071,0,0,0,0,0,0,0,0,0,0,0,0,0,0,0,0,0,0,0,0,0,0,0,0,0,0,0,0,0,0,0,0,0,0,0,0,0,0,0,0,0,0,0,0,0,0,0,0,0,0,0,0,0
MPB:bin_000316,0,0,0,0,0,0,0,0,0,0,0,0,3.017,0,0,0,1.958,0,0,0,0,0,0,0,0,0,0,0,0,0,0,0,0,0,0,0,0,0,0,0,0,0,0,0,0,0,0,0,0,0,0,0,0,0,0,0,0,0,0,0,0,0,0,0,0,0,0,0,0,0,3.064,0,3.891,0,0,0,0,0,0,0,0,0,0,0
MPB:bin_000319,0,0,0,0,0,0,0,0,0,0,0,0,0,0,0,0,0,0,0,0,0,0,0,0,0,0,0,0,0,0,0,0,0,0,0,0,0,0,0,0,0,0,0,0,0,0,0,0,0,0,0,0,0,0,0,0,0,0,0,0,0,0,0,0,0,0,0,0,0,0,0,0,0,0,0,0,0,0,0,0,0,0,0,0
MPB:bin_000322,0,0,0,0,0,11.095,0,0,0,0,0,8.52,7.379,0,0,0,0,0,0,0,0,0,0,0,0,0,0,0,0,0,7.249,0,0,6.17,0,0,0,0,0,0,0,0,0,0,0,0,9.122,0,0,0,0,0,0,0,0,5.628,0,0,0,13.685,0,0,0,0,0,0,0,0,0,0,8.939,0,15.571,0,0,0,0,0,0,0,0,0,0,0
MPB:bin_000324,0,0,0,0,0,0,0,0,0,0,0,0,0,0,0,0,0,0,0,0,0,0,0,0,0,0,0,0,0,0,0,0,0,3.895,0,0,0,0,0,0,0,0,0,0,0,0,6.31,0,0,0,0,0,0,0,0,0,0,0,0,6.258,0,0,0,0,0,0,0,0,0,0,0,0,0,0,0,0,0,0,0,0,0,0,0,0
MPB:bin_000325,0,0,0,0,0,0,0,0,0,0,0,0,0,0,0,0,0,0,0,0,0,0,0,0,0,0,0,0,0,0,0,0,0,0,0,0,0,0,0,0,0,0,0,0,0,0,0,0,0,0,0,0,0,0,0,0,0,0,0,11.808,0,0,0,0,0,0,0,0,0,0,0,0,0,0,0,0,0,0,0,0,0,0,0,0
MPB:bin_000328,0,0,0,0,0,3.861,0,0,1.341,0,1.616,2.019,2.081,0,0,0,1.632,0,0,0,0,0,1.672,0,0,0,0,0,0,0,1.61,0,0,1.704,0,0,0,0,0,0,0,0,0,0,1.556,0,0,0,0,0,0,0,0,0,0,0,0,0,0,1.572,0,0,1.32,0,2.699,0,0,0,0,0,3.253,0,3.927,0,0,1.916,0,0,0,0,0,0,0,0
MPB:bin_000330,0,0,0,0,0,0,0,0,0,0,0,0,0,0,0,0,0,0,0,0,0,0,0,0,0,0,0,0,0,0,0,0,0,0,0,0,0,0,0,0,0,0,0,0,0,0,0,0,0,0,0,0,0,0,0,0,0,0,0,0,0,0,0,0,0,0,0,0,0,0,0,0,0,0,0,0,0,0,0,0,0,0,0,0
MPB:bin_000332,0,0,0,0,0,0,0,0,0,0,0,0,0,0,0,0,0,0,0,0,0,0,0,0,0,0,0,0,0,0,0,0,0,0,0,0,0,0,0,0,0,0,0,0,0,0,0,0,0,0,0,0,0,0,0,0,0,0,0,0,0,0,0,0,0,0,0,0,0,0,0,0,0,0,0,0,0,0,0,0,0,0,0,0
MPB:bin_000336,0,0,0,0,0,0,0,0,0,0,0,0,0,0,0,0,0,0,0,0,0,0,0,0,0,0,0,0,0,0,0,0,0,0,0,0,0,0,0,0,0,0,0,0,0,0,0,0,0,0,0,0,0,0,0,0,0,0,0,0,0,0,0,0,0,0,0,0,0,0,0,0,0,0,0,0,0,0,0,0,0,0,0,0
MPB:bin_000340,9.885,0,0,7.105,7.109,20.065,0,0,14.29,0,12.844,13.882,17.522,0,9.635,4.776,10.641,6.97,0,8.189,9.122,6.844,12.942,5.695,0,8.334,0,0,10.41,0,14.861,0,0,11.75,7.408,0,9.589,0,7.372,0,0,11.753,9.717,0,11.009,5.597,21.935,0,8.401,8.219,0,0,0,0,7.988,11.728,7.027,0,0,20.375,5.681,7.626,14.521,0,13.896,9.3,0,7.156,0,0,16.061,0,29.461,0,8.983,15.033,0,0,0,0,6.411,5.081,6.135,7.659
MPB:bin_000341,0,0,0,0,0,0,0,0,0,0,0,0,0,0,0,0,0,0,0,0,0,0,0,0,0,0,0,0,0,0,0,0,0,0,0,0,0,0,0,0,0,0,0,0,0,0,0,0,0,0,0,0,0,0,0,0,0,0,0,0,0,0,0,0,0,0,0,0,0,0,0,0,0,0,0,0,0,0,0,0,0,0,0,0
MPB:bin_000347,0,0,0,0,0,0,0,0,0,0,0,0,0,0,0,0,0,0,0,0,0,0,0,0,0,0,0,0,0,0,0,0,0,0,0,0,0,0,0,0,0,0,0,0,0,0,0,0,0,0,0,0,0,0,0,0,0,0,0,0,0,0,0,0,0,0,0,0,0,0,0,0,0,0,0,0,0,0,0,0,0,0,0,0
MPB:bin_000350,3.817,0,0,0,0,7.683,0,0,0,0,4.853,0,7.405,0,0,0,4.709,0,0,0,4.38,3.464,5.853,0,0,4.166,0,0,0,0,7.978,0,0,0,0,0,0,0,0,0,0,0,3.922,0,5.451,2.79,12.143,0,4.315,0,0,0,0,0,3.357,4.214,0,0,0,7.446,0,0,5.732,0,7.667,4.344,0,3.665,0,0,7.68,0,14.25,2.794,4.021,4.604,0,0,0,0,0,0,3.586,3.807
MPB:bin_000354,0,0,0,0,0,23.476,0,0,0,0,0,0,0,0,0,0,0,0,0,0,0,0,0,0,0,0,0,0,0,0,0,9.604,0,0,0,0,0,0,0,0,8.425,0,0,0,0,0,0,0,0,0,0,0,0,0,0,0,0,0,0,25.101,0,0,0,0,0,0,0,0,0,0,21.631,0,0,0,0,0,0,0,0,0,0,0,0,8.729
MPB:bin_000358,0,0,0,0,0,0,0,0,0,0,0,0,0,0,0,0,0,0,0,0,0,0,0,0,0,0,0,0,0,0,0,0,0,0,0,0,0,0,0,0,0,0,0,0,0,0,0,0,0,0,0,0,0,0,0,0,0,0,0,0,0,0,0,0,0,0,0,0,0,0,0,0,0,0,0,0,0,0,0,0,0,0,0,0
MPB:bin_000364,0,0,0,0,0,0,0,0,0,0,0,0,0,0,0,0,0,0,0,0,0,0,0,0,0,0,0,0,0,0,0,0,0,0,0,0,0,0,0,0,0,0,0,0,0,0,0,0,0,0,0,0,0,0,0,0,0,0,0,0,0,0,0,0,0,0,0,0,0,0,0,0,0,0,0,0,0,0,0,0,0,0,0,0
MPB:bin_000365,0,0,0,0,0,0,0,0,0,0,0,0,0,0,0,0,0,0,0,0,0,0,0,0,0,0,0,0,0,0,0,0,0,0,0,0,0,0,0,0,0,0,0,0,0,0,0,0,0,0,0,0,0,0,0,0,0,0,0,0,0,0,0,0,0,0,0,0,0,0,0,0,0,0,0,0,0,0,0,0,0,0,0,0
MPB:bin_000373,0,0,0,0,0,0,0,0,0,0,0,0,0,0,0,0,0,0,0,0,0,0,0,0,0,0,0,0,0,0,0,0,0,0,0,0,0,0,0,0,0,0,0,0,0,0,0,0,0,0,0,0,0,0,0,0,0,0,0,0,0,0,0,0,0,0,0,0,0,0,0,0,0,0,0,0,0,0,0,0,0,0,0,0
MPB:bin_000375,0,0,0,0,0,0,0,0,0,0,0,0,0,0,0,0,0,0,0,0,0,0,0,0,0,0,0,0,0,0,0,0,0,0,0,0,0,0,0,0,0,0,0,0,0,0,0,0,0,0,0,0,0,0,0,0,0,0,0,0,0,0,0,0,0,0,0,0,0,0,0,0,0,0,0,0,0,0,0,0,0,0,0,0
MPB:bin_000378,0,0,0,0,0,0,0,0,0,0,0,0,0,0,0,0,0,0,0,0,0,0,0,0,0,0,0,0,0,0,0,0,0,0,0,0,0,0,0,0,0,0,0,0,0,0,0,0,0,0,0,0,0,0,0,0,0,0,0,0,0,0,0,0,0,0,0,0,0,0,0,0,0,0,0,0,0,0,0,0,0,0,0,0
MPB:bin_000379,0,0,0,0,0,0,0,0,0,0,0,0,0,0,0,0,0,0,0,0,0,0,0,0,0,0,0,0,0,0,0,0,0,0,0,0,0,0,0,0,0,0,0,0,0,0,0,0,0,0,0,0,0,0,0,0,0,0,0,0,0,0,0,0,0,0,0,0,0,0,0,0,0,0,0,0,0,0,0,0,0,0,0,0
MPB:bin_000380,0,0,0,0,0,0,0,0,0,0,0,0,0,0,0,0,0,0,0,0,0,0,0,0,0,0,0,0,0,0,0,0,0,0,0,0,0,0,0,0,0,0,0,0,0,0,0,0,0,0,0,0,0,0,0,0,0,0,0,0,0,0,0,0,0,0,0,0,0,0,0,0,0,0,0,0,0,0,0,0,0,0,0,0
MPB:bin_000382,0,0,0,0,0,0,0,0,0,0,0,0,0,0,0,0,0,0,0,0,0,0,0,0,0,0,0,0,0,0,0,0,0,0,0,0,0,0,0,0,0,0,0,0,0,0,0,0,0,0,0,0,0,0,0,0,0,0,0,0,0,0,0,0,0,0,0,0,0,0,0,0,0,0,0,0,0,0,0,0,0,0,0,0
MPB:bin_000383,0,0,0,0,0,0,0,0,0,0,0,0,0,0,0,0,0,0,0,0,0,0,0,0,0,0,0,0,0,0,0,0,0,0,0,0,0,0,0,0,0,0,0,0,0,0,0,0,0,0,0,0,0,0,0,0,0,0,0,0,0,0,0,0,0,0,0,0,0,0,0,0,0,0,0,0,0,0,0,0,0,0,0,0
MPB:bin_000385,0,0,0,0,0,0,0,0,0,0,0,0,0,0,0,0,0,0,0,0,0,0,0,0,0,0,0,0,0,0,0,0,0,0,0,0,0,0,0,0,0,0,0,0,0,0,0,0,0,0,0,0,0,0,0,0,0,0,0,0,0,0,0,0,0,0,0,0,0,0,0,0,0,0,0,0,0,0,0,0,0,0,0,0
MPB:bin_000387,165.566,104.014,0,124.352,138.035,392.305,14.701,105.766,299.934,25.539,244.206,259.748,333.395,15.723,171.232,78.041,193.709,143.387,49.031,152.971,188.446,112.875,224.626,130.736,98.318,153.307,164.374,7.631,149.271,0,384.814,118.267,189.485,251.953,155.716,138.182,198.918,6.169,166.186,5.547,148.927,291.716,187.534,227.055,231.609,119.714,463.468,0,116.085,189.253,68.914,15.362,93.071,2.909,178.487,226.533,128.297,7.184,0,402.565,122.127,196.697,398.339,6.665,256.868,161.987,0,211.874,7.39,78.933,339.371,74.744,630.076,77.346,187.795,241.087,65.957,0,31.632,2.041,121.614,107.558,144.172,195.518
MPB:bin_000390,0,0,0,0,0,0,0,0,0,0,0,0,0,0,0,0,0,0,0,0,0,0,0,0,0,0,0,0,0,0,0,0,0,0,0,0,0,0,0,0,0,0,0,0,0,0,0,0,0,0,0,0,0,0,0,0,0,0,0,0,0,0,0,0,0,0,0,0,0,0,0,0,0,0,0,0,0,0,0,0,0,0,0,0
MPB:bin_000393,0,0,0,0,0,0,0,0,0,0,0,0,0,0,0,0,0,0,0,0,0,0,0,0,0,0,0,0,1.968,0,0,0,0,0,0,0,0,0,0,0,0,0,0,0,0,0,0,0,0,0,0,0,0,0,1.675,0,0,0,0,0,0,0,0,0,0,0,0,0,0,0,1.949,0,0,0,0,0,0,0,0,0,0,0,0,0
MPB:bin_000394,0,0,0,0,0,0,0,0,0,0,0,0,0,0,0,0,0,0,0,0,0,0,0,0,0,0,0,0,0,0,0,0,0,0,0,0,0,0,0,0,0,0,0,0,0,0,3.859,0,0,0,0,0,0,0,0,0,0,0,0,2.487,0,0,0,0,0,0,0,0,0,0,0,0,2.93,0,0,0,0,0,0,0,0,0,0,0
MPB:bin_000395,0,0,0,0,0,0,0,0,0,0,0,0,0,0,0,0,0,0,0,0,0,0,0,0,0,0,0,0,0,0,0,0,0,0,0,0,0,0,0,0,0,0,0,0,0,0,0,0,0,0,0,0,0,0,0,0,0,0,0,0,0,0,0,0,0,0,0,0,0,0,0,0,0,0,0,0,0,0,0,0,0,0,0,0
MPB:bin_000396,0,0,0,0,0,0,0,0,0,0,0,0,0,0,0,0,0,0,0,0,0,0,0,0,0,0,0,0,0,0,0,0,0,0,0,0,0,0,0,0,0,0,0,0,0,0,0,0,0,0,0,0,0,0,0,0,0,0,0,0,0,0,0,0,0,0,0,0,0,0,0,0,0,0,0,0,0,0,0,0,0,0,0,0
MPB:bin_000397,1.457,0,0,0,1.364,2.634,0,0,2.612,0,1.556,2.335,2.516,0,0,0,0,0,0,1.063,0,0,4.303,0,1.458,1.785,0,0,3.428,0,1.452,0,1.89,1.506,0,1.571,1.75,0,0,0,0,1.223,0,0,1.711,0,4.834,0,0,1.965,0,0,0,0,1.289,1.338,0,0,0,3.964,1.522,1.377,1.964,0,3.065,0,0,0,0,0,5.214,0,4.67,0,3.081,1.496,0,0,0,0,0,0,0,1.23
MPB:bin_000398,0,0,0,0,0,5.621,0,0,0,0,0,4.264,4.531,0,0,0,0,0,0,0,0,0,0,0,0,0,2.684,0,0,0,3.998,0,0,3.66,0,0,0,0,0,0,0,0,0,0,0,2.132,5.645,0,0,2.945,0,0,0,0,0,0,0,0,0,6.443,0,2.594,4.183,0,0,0,0,0,0,0,4.75,0,8.117,0,0,0,0,0,0,0,0,0,0,0
MPB:bin_000399,0,0,0,0,0,0,0,0,0,0,0,0,0,0,0,0,0,0,0,0,0,0,0,0,0,0,0,0,0,0,0,0,0,0,0,0,0,0,0,0,0,0,0,0,0,0,0,0,0,0,0,0,0,0,0,0,0,0,0,0,0,0,0,0,0,0,0,0,0,0,0,0,0,0,0,0,0,0,0,0,0,0,0,0
MPB:bin_000400,0,0,0,0,0,0,0,0,0,0,0,0,0,0,0,0,0,0,0,0,0,0,0,0,0,0,0,0,0,0,0,0,0,0,0,0,0,0,0,0,0,0,0,0,0,0,0,0,0,0,0,0,0,0,0,0,0,0,0,0,0,0,0,0,0,0,0,0,0,0,0,0,0,0,0,0,0,0,0,0,0,0,0,0
MPB:bin_000402,0,0,0,0,0,0,0,0,0,0,0,0,0,0,0,0,0,0,0,0,0,0,0,0,0,0,0,0,0,0,0,0,0,0,0,0,0,0,0,0,0,0,0,3.94,0,0,0,0,0,0,0,0,0,0,0,0,0,0,0,0,0,0,0,0,0,0,0,0,0,0,0,0,0,0,0,0,0,0,0,0,0,0,0,0
MPB:bin_000403,0,0,0,0,0,0,0,0,0,0,0,0,0,0,0,0,0,0,0,0,0,0,0,0,0,0,0,0,0,0,0,0,0,0,0,0,0,0,0,0,0,0,0,0,0,0,0,0,0,0,0,0,0,0,0,0,0,0,0,0,0,0,0,0,0,0,0,0,0,0,0,0,0,0,0,0,0,0,0,0,0,0,0,0
MPB:bin_000405,0,0,0,0,0,0,0,0,0,0,0,0,0,0,0,0,0,0,0,0,0,0,0,0,0,0,0,0,0,0,0,0,0,0,0,0,0,0,0,0,0,0,0,0,0,0,0,0,0,0,0,0,0,0,0,0,0,0,0,0,0,0,0,0,0,0,0,0,0,0,0,0,0,0,0,0,0,0,0,0,0,0,0,0
MPB:bin_000407,0,0,0,0,0,0,0,0,0,0,3.275,0,5.516,0,0,0,0,0,0,0,0,0,0,0,0,0,0,0,0,0,0,0,0,0,2.607,0,0,0,0,0,0,0,0,0,0,0,4.877,0,0,0,0,0,2.181,0,0,0,0,0,0,0,0,0,2.67,0,0,0,0,0,0,0,5.013,0,9.213,0,0,2.541,0,0,0,0,0,0,0,0
MPB:bin_000408,2.607,0,0,0,2.042,5.145,0,0,5.384,0,3.476,0,0,0,0,0,3.468,0,0,0,2.607,0,3.494,0,0,0,2.184,0,2.861,0,3.575,0,0,3.224,0,0,0,0,2.774,0,0,2.744,2.451,0,4.4,0,6.211,0,0,0,0,0,0,0,2.43,3.654,0,0,0,5.79,0,0,4.296,0,0,0,0,3.337,0,0,3.691,0,6.541,0,0,4.072,0,0,0,0,0,0,1.866,3.237
MPB:bin_000409,0,0,0,0,0,0,0,0,0,0,0,0,0,0,0,0,0,0,0,0,0,0,0,0,0,0,0,0,0,0,0,0,0,0,0,0,0,0,0,0,0,0,0,0,0,0,0,0,0,0,0,0,0,0,0,0,0,0,0,0,0,0,0,0,0,0,0,0,0,0,0,0,0,0,0,0,0,0,0,0,0,0,0,0
MPB:bin_000410,0,0,0,0,0,0,0,0,0,0,0,0,0,0,0,0,0,0,0,0,0,0,0,0,0,0,0,0,0,0,0,6.448,0,0,0,0,0,0,0,0,0,0,0,0,0,0,0,0,0,0,0,0,0,0,0,0,0,0,0,0,0,0,0,0,0,0,0,0,0,0,0,0,0,0,0,0,0,0,0,0,0,0,0,0
MPB:bin_000411,0,0,0,0,0,0,0,0,0,0,0,0,0,0,0,0,0,0,0,0,0,0,0,0,0,0,0,0,0,0,0,0,0,0,0,0,0,0,0,0,0,0,0,0,0,0,0,0,0,0,0,0,0,0,0,0,0,0,0,0,0,0,0,0,0,0,0,0,0,0,0,0,0,0,0,0,0,0,0,0,0,0,0,0
MPB:bin_000413,0,0,0,0,0,0,0,0,0,0,0,0,0,0,0,0,0,0,0,0,0,0,0,0,0,0,0,0,0,0,0,0,0,0,0,0,0,0,0,0,0,0,0,0,0,0,0,0,0,0,0,0,0,0,0,0,0,0,0,0,0,0,0,0,0,0,0,0,0,0,0,0,0,0,0,0,0,0,0,0,0,0,0,0
MPB:bin_000414,0,0,0,0,0,0,0,0,0,0,0,0,0,0,0,0,0,0,0,0,0,0,0,0,0,0,0,0,0,0,0,0,0,0,0,0,0,0,0,0,0,0,0,0,0,0,0,0,0,0,0,0,0,0,0,0,0,0,0,0,0,0,0,0,0,0,0,0,0,0,0,0,0,0,0,0,0,0,0,0,0,0,0,0
MPB:bin_000416,0,0,0,0,3.352,4.244,0,2.182,2.586,0,3.96,4.803,6.251,0,0,2.127,1.851,0,0,1.54,2.151,2.599,2.942,2.003,0,2.359,1.793,0,2.225,0,5.845,1.961,4.435,3.244,0,2.61,4.558,0,1.999,0,2.115,4.618,2.416,0,3.774,0,3.715,0,1.854,0,2.309,0,0,0,2.266,2.637,3.84,0,0,6.46,0,3.259,6.502,0,2.552,1.828,0,3.291,0,0,4.908,0,8.747,0,2.994,3.886,0,0,0,0,2.817,0,2.197,4.024
MPB:bin_000418,0,0,0,0,0,0,0,0,0,0,0,0,0,0,0,0,0,0,0,0,0,0,0,0,0,0,0,0,0,0,0,0,0,0,0,0,0,0,0,0,0,0,0,0,0,0,0,0,0,0,0,0,0,0,0,0,0,0,0,0,0,0,0,0,0,0,0,0,0,0,0,0,0,0,0,0,0,0,0,0,0,0,0,0
MPB:bin_000419,0,0,0,0,0,0,0,0,0,0,0,0,0,0,0,0,0,0,0,0,0,0,0,0,0,0,0,0,1.642,0,0,0,0,0,0,0,0,0,0,0,0,0,0,0,0,0,0,0,0,0,0,0,0,0,0,0,0,0,0,2.071,0,0,0,0,0,0,0,0,0,0,2.338,0,1.803,0,0,0,0,0,0,0,0,0,0,0
MPB:bin_000421,0,0,0,0,0,2.878,0,0,1.78,0,0,0,0,0,0,0,0,0,0,0,0,0,0,0,0,0,0,0,0,0,0,0,0,0,0,0,0,0,0,0,0,0,0,0,0,0,0,0,0,0,0,0,0,0,0,0,0,0,0,2.577,0,0,0,0,0,0,0,0,0,0,0,0,2.783,0,0,0,0,0,0,0,0,0,0,0
MPB:bin_000424,0,0,0,0,0,12.209,0,0,0,0,0,0,0,0,0,0,6.166,0,0,0,8.48,0,0,0,0,0,0,0,0,0,0,0,0,0,0,0,0,0,0,0,0,0,0,5.832,0,0,0,0,0,0,0,0,0,0,0,0,0,0,0,13.095,0,0,9.281,0,0,0,0,0,0,0,0,0,18.403,0,0,0,0,0,0,0,5.966,0,0,0
MPB:bin_000425,0,0,0,3.941,0,0,0,0,2.392,0,1.401,0,0,0,0,0,0,0,0,0,0,0,0,0,0,0,0,0,0,0,0,0,0,0,0,0,0,0,0,0,0,0,0,0,0,0,2.407,0,0,0,0,0,0,0,0,0,0,0,0,0,0,0,3.198,0,2.269,0,0,0,0,0,0,0,2.428,0,0,0,0,0,0,0,0,0,0,0
MPB:bin_000426,0,0,0,0,0,5.943,0,0,0,0,0,0,0,0,0,0,0,0,0,2.364,0,0,0,0,0,0,0,0,0,0,0,0,0,0,0,0,0,0,0,0,0,0,0,0,0,0,0,0,0,0,0,0,0,0,0,0,0,0,0,0,0,0,0,0,0,0,0,0,0,0,0,0,0,0,0,0,0,0,0,0,0,0,0,0
MPB:bin_000427,0,0,0,0,0,0,0,0,0,0,0,0,0,0,0,0,0,0,0,0,0,0,0,0,0,0,0,0,0,0,0,0,0,0,0,0,0,0,0,0,0,0,0,0,0,0,0,0,0,0,0,0,0,0,0,0,0,0,0,0,0,0,0,0,0,0,0,0,0,0,0,0,0,0,0,0,0,0,0,0,0,0,0,0
MPB:bin_000430,0,0,0,0,0,0,0,0,0,0,0,0,0,0,0,0,0,0,0,0,0,0,0,0,0,0,0,0,0,0,0,0,0,0,0,0,0,0,0,0,0,0,0,0,0,0,0,0,0,0,0,0,0,0,0,0,0,0,0,0,0,0,0,0,0,0,0,0,0,0,0,0,0,0,0,0,0,0,0,0,0,0,0,0
MPB:bin_000433,0,0,0,0,0,0,0,0,0,0,0,0,0,0,0,0,0,0,0,0,0,0,0,0,0,0,0,0,0,0,0,0,0,0,0,0,0,0,0,0,0,0,0,0,0,0,0,0,0,0,0,0,0,0,0,0,0,0,0,0,0,0,0,0,0,0,0,0,0,0,0,0,0,0,0,0,0,0,0,0,0,0,0,0
MPB:bin_000435,0,0,0,0,0,0,0,0,0,0,0,0,0,0,0,0,0,0,0,0,0,0,0,0,0,0,0,0,0,0,0,0,0,0,0,0,0,0,0,0,0,0,0,0,0,0,0,0,0,0,0,0,0,0,0,0,0,0,0,0,0,0,0,0,0,0,0,0,0,0,0,0,0,0,0,0,0,0,0,0,0,0,0,0
MPB:bin_000437,2.667,0,0,0,2.506,5.292,0,0,3.915,0,3.419,0,4.392,0,2.995,0,0,0,0,3.218,2.961,3.122,3.266,0,0,3.05,2.459,0,2.974,0,4.404,2.282,3.675,3.66,0,2.892,4.83,0,0,0,0,3.552,2.672,4.147,3.283,1.996,5.941,0,2.185,3.251,0,0,0,0,2.6,3.216,3.607,0,0,7.09,0,2.982,3.98,0,4.212,0,0,0,0,0,5.946,0,10.258,0,0,3.124,0,0,0,0,3.664,0,0,3.49
MPB:bin_000438,0,0,0,0,0,0,0,0,0,0,0,0,0,0,0,0,0,0,0,0,0,0,0,0,0,0,0,0,0,0,0,0,0,0,0,0,0,0,0,0,0,0,0,0,0,0,0,0,0,0,0,0,0,0,0,0,0,0,0,0,0,0,0,0,0,0,0,0,0,0,0,0,0,0,0,0,0,0,0,0,0,0,0,0
MPB:bin_000440,8.741,3.13,0,0,4.625,10.816,0,0,7.807,0,7.577,8.137,11.555,0,4.865,2.755,5.394,3.886,0,4.328,5.315,0,7.65,3.324,0,4.723,0,0,0,0,9.729,0,5.553,7.426,4.159,4.509,5.381,0,4.491,0,3.966,6.988,5.534,4.41,6.687,3.523,13.477,0,4.278,0,0,0,0,0,4.94,6.399,0,0,0,12.432,3.254,0,9.65,0,8.346,5.121,0,4.467,0,0,11.205,0,19.277,3.601,0,7.758,0,0,0,0,0,2.823,3.51,5.122
MPB:bin_000442,0,0,0,0,0,0,0,0,0,0,3.456,0,0,0,0,0,2.842,0,0,2.458,0,0,0,0,0,0,0,0,3.761,0,0,0,0,4.262,0,2.74,0,0,0,0,2.302,3.811,0,0,0,0,6.533,0,0,0,0,0,0,0,0,7.571,0,0,0,5.22,0,0,4.547,0,0,0,0,0,0,0,0,0,9.049,0,0,5.496,0,0,0,0,0,0,0,0
MPB:bin_000445,5.597,0,0,0,3.769,10.8,0,0,7.188,0,6.496,9.283,8.416,0,5.03,0,4.925,0,2.458,5.519,5.674,3.961,7.57,0,3.85,4.505,4.259,0,5.594,0,9.352,3.903,5.912,8.334,5.108,4.65,5.803,0,0,0,3.818,6.884,6.078,5.296,6.324,4.582,12.433,0,3.868,5.089,0,0,0,0,5.733,6.577,4.897,0,0,11.221,0,5.361,9.243,0,7.736,0,0,5.119,0,0,10.477,0,18.023,3.497,6.741,8.076,0,0,0,0,4.218,4.017,4.023,6.071
MPB:bin_000446,3.915,2.062,0,0,4.216,8.473,0,0,6.185,0,5.784,3.748,5.079,0,0,0,2.989,0,0,3.001,4.524,0,5.819,2.893,3.419,3.337,2.282,0,4.309,0,6.492,0,4.599,4.524,3.992,2.409,3.51,0,2.623,0,2.78,4.447,3.342,3.84,6.655,2.664,8.592,0,0,3.69,0,0,0,0,2.815,3.764,0,0,0,8.68,2.616,3.652,4.984,0,4.763,3.092,0,3.602,0,0,4.814,0,12.758,3.191,0,4.826,2.457,0,0,0,0,0,3.546,5.427
MPB:bin_000447,0,0,0,0,0,0,0,0,0,0,0,0,0,0,0,0,0,0,0,0,0,0,0,0,0,0,0,0,0,0,0,0,0,0,0,0,0,0,0,0,0,0,0,0,0,0,0,0,0,0,0,0,0,0,0,0,0,0,0,0,0,0,0,0,0,0,0,0,0,0,0,0,0,0,0,0,0,0,0,0,0,0,0,0
MPB:bin_000449,0,0,0,0,0,0,0,0,0,0,0,0,0,0,0,0,0,0,0,0,0,0,0,0,0,0,0,0,0,0,0,0,0,0,0,0,0,0,0,0,0,0,0,0,0,0,0,0,0,0,0,0,0,0,0,0,0,0,0,0,0,0,0,0,0,0,0,0,0,0,0,0,0,0,0,0,0,0,0,0,0,0,0,0
MPB:bin_000450,0,0,0,0,0,0,0,0,0,0,0,0,0,0,0,0,0,0,0,0,0,0,0,0,0,0,0,0,0,0,0,0,0,0,0,0,0,0,0,0,0,0,0,0,0,0,0,0,0,0,0,0,0,0,0,0,0,0,0,0,0,0,0,0,0,0,0,0,0,0,0,0,0,0,0,0,0,0,0,0,0,0,0,0
MPB:bin_000451,3.866,2.143,0,0,0,6.613,0,0,7.452,0,5.119,7.17,5.286,0,4.216,0,4.345,2.937,0,3.122,0,0,4.902,3.449,2.574,4.07,0,0,3.757,0,5.099,0,4.083,5.435,2.701,2.967,4.36,0,2.465,0,4.091,4.051,3.479,3.02,5.601,2.339,9.982,0,2.948,4.352,0,0,0,0,6.433,5.387,0,0,0,7.995,2.07,4.181,5.452,0,0,3.273,0,2.838,0,0,9.056,0,13.848,0,5.077,5.577,2.082,0,0,0,0,2.188,0,2.761
MPB:bin_000452,0,0,0,0,0,0,0,0,0,0,0,0,0,0,0,0,0,0,0,0,0,0,0,0,0,0,0,0,0,0,0,0,0,0,0,0,0,0,0,0,0,0,0,0,0,0,0,0,0,0,0,0,0,0,0,0,0,0,0,0,0,0,0,0,0,0,0,0,0,0,0,0,0,0,0,0,0,0,0,0,0,0,0,0
MPB:bin_000453,0,0,0,0,0,0,0,0,0,0,0,0,0,0,0,0,0,0,0,0,0,0,0,0,0,0,0,0,0,0,0,0,0,0,0,0,0,0,0,0,0,0,0,0,0,0,0,0,0,0,0,0,0,0,0,0,0,0,0,0,0,0,0,0,0,0,0,0,0,0,0,0,0,0,0,0,0,0,0,0,0,0,0,0
MPB:bin_000455,0,0,0,0,0,0,0,0,0,0,0,0,1.748,0,0,0,0,0,0,0,0,0,0,0,0,0,0,0,0,0,0,0,0,0,0,0,0,0,0,0,0,0,0,0,0,0,1.652,0,0,0,0,0,0,0,0,0,0,0,0,0,0,0,0,0,0,0,0,0,0,0,2.281,0,0,0,0,0,0,0,0,0,0,0,0,0
MPB:bin_000456,0,0,0,0,0,0,0,0,0,0,0,0,0,0,0,0,0,0,0,0,0,0,0,0,0,0,0,0,0,0,0,0,0,0,0,0,0,0,0,0,0,0,0,0,0,0,0,0,0,0,0,0,0,0,0,0,0,0,0,0,0,0,0,0,0,0,0,0,0,0,0,0,0,0,0,0,0,0,0,0,0,0,0,0
MPB:bin_000457,0,0,0,0,0,0,0,0,0,0,0,0,0,0,0,0,0,0,0,0,0,0,0,0,0,0,0,0,0,0,0,0,0,0,0,0,0,0,0,0,0,0,0,0,0,0,0,0,0,0,0,0,0,0,0,0,0,0,0,0,0,0,0,0,0,0,0,0,0,0,0,0,0,0,0,0,0,0,0,0,0,0,0,0
MPB:bin_000458,0,0,0,0,0,0,0,0,0,0,0,0,0,0,0,0,0,0,0,0,0,0,0,0,0,0,0,0,0,0,0,0,0,0,0,0,0,0,0,0,0,0,0,0,0,0,0,0,0,0,0,0,0,0,0,0,0,0,0,0,0,0,0,0,0,0,0,0,0,0,0,0,0,0,0,0,0,0,0,0,0,0,0,0
MPB:bin_000459,0,0,0,0,0,0,0,0,0,0,0,0,0,0,0,0,0,0,0,0,0,0,0,0,0,0,0,0,0,0,0,0,0,0,0,0,0,0,0,0,0,0,0,0,0,0,0,0,0,0,0,0,0,0,0,0,0,0,0,0,0,0,0,0,0,0,0,0,0,0,0,0,0,0,0,0,0,0,0,0,0,0,0,0
MPB:bin_000460,2.827,0,0,0,0,3.421,0,0,0,0,0,2.339,0,0,0,0,0,0,0,0,0,3.312,0,0,0,2.259,0,0,2.293,0,1.808,0,0,1.762,0,0,0,0,0,0,0,2.064,1.667,0,0,0,4.938,0,0,0,0,0,0,0,2.006,0,0,0,0,4.698,0,0,2.526,0,0,1.921,0,1.876,0,0,3.488,0,8.048,0,2.382,1.876,0,0,0,0,0,0,0,2.11
MPB:bin_000461,0,0,0,0,0,0,0,0,0,0,0,0,0,0,0,0,0,0,0,0,0,0,0,0,0,0,0,0,0,0,0,0,0,0,0,0,0,0,0,0,0,0,0,0,0,0,0,0,0,0,0,0,0,0,0,0,0,0,0,0,0,0,0,0,0,0,0,0,0,0,0,0,0,0,0,0,0,0,0,0,0,0,0,0
MPB:bin_000465,0,0,0,0,0,0,0,0,0,0,0,0,0,0,0,0,0,0,0,0,0,0,0,0,0,0,0,0,0,0,0,0,0,0,0,0,0,0,0,0,0,0,0,0,0,0,0,0,0,0,0,0,0,0,0,0,0,0,0,0,0,0,0,0,0,0,0,0,0,0,0,0,0,0,0,0,0,0,0,0,0,0,0,0
MPB:bin_000466,0,0,0,0,0,0,0,0,0,0,0,0,2.522,0,0,0,0,0,0,0,0,0,0,0,0,0,0,0,0,0,0,0,0,0,0,1.267,0,0,0,0,0,0,0,0,0,0,1.416,0,0,0,0,0,0,0,0,0,0,0,0,0,0,0,0,0,0,0,0,0,0,0,0,0,1.369,0,0,0,0,0,0,0,0,0,0,0
MPB:bin_000470,0,0,0,0,0,0,0,0,0,0,0,0,0,0,0,0,0,0,0,0,0,0,0,0,0,0,0,0,0,0,0,0,0,0,0,0,0,0,0,0,0,0,0,0,0,0,0,0,0,0,0,0,0,0,0,0,0,0,0,0,0,0,0,0,0,0,0,0,0,0,0,0,0,0,0,0,0,0,0,0,0,0,0,0
MPB:bin_000472,0,0,0,0,0,0,0,0,0,0,0,0,0,0,0,0,0,0,0,0,0,0,0,0,0,0,0,0,0,0,0,0,0,0,0,0,0,0,0,0,0,0,0,0,0,0,0,0,0,0,0,0,0,0,0,0,0,0,0,0,0,0,0,0,0,0,0,0,0,0,0,0,0,0,0,0,0,0,0,0,0,0,0,0
MPB:bin_000473,2.824,0,0,0,0,0,0,0,0,0,3.061,0,3.934,0,2.784,0,0,0,0,0,0,0,0,0,0,0,2.216,0,0,0,3.555,0,0,0,0,2.085,0,0,0,0,0,0,2.2,0,2.791,0,0,0,0,2.56,0,0,0,0,2.273,0,0,0,0,5.477,0,0,3.501,0,3.336,0,0,0,0,0,5.347,0,6.616,0,0,3.566,0,0,0,0,0,2.107,0,2.23
MPB:bin_000476,0,0,0,0,0,0,0,0,0,0,0,0,0,0,0,0,0,0,0,0,0,0,0,0,0,0,0,0,0,0,0,0,0,0,0,0,0,0,0,0,0,0,0,0,0,0,0,0,0,0,0,0,0,0,0,0,0,0,0,0,0,0,0,0,0,0,0,0,0,0,0,0,0,0,0,0,0,0,0,0,0,0,0,0
MPB:bin_000477,0,0,0,0,0,0,0,0,0,0,0,6.479,8.461,0,0,0,0,0,0,0,0,0,0,0,0,0,0,0,0,0,7.222,0,0,4.943,0,0,0,0,0,0,0,0,0,0,0,0,8.91,0,0,0,0,0,0,0,0,0,0,0,0,8.645,0,0,7.293,0,0,0,0,0,0,0,0,0,11.323,0,0,0,0,0,0,0,0,0,0,0
MPB:bin_000479,0,0,0,0,0,0,0,0,0,0,0,0,0,0,0,0,0,0,0,0,0,0,0,0,0,0,0,0,0,0,0,0,0,0,0,0,0,0,0,0,0,0,0,0,0,0,0,0,0,0,0,0,0,0,0,0,0,0,0,0,0,0,0,0,0,0,0,0,0,0,0,0,0,0,0,0,0,0,0,0,0,0,0,0
MPB:bin_000491,0,0,0,0,1.483,2.347,0,0,2.541,0,2.22,0,2.033,0,0,0,0,0,0,0,0,0,0,0,0,0,0,0,0,0,2.599,0,0,0,0,0,0,0,0,0,0,0,0,0,0,0,3.036,0,1.543,0,0,0,0,0,0,0,0,0,0,4.148,0,0,2.275,0,0,0,0,1.567,0,0,2.013,0,3.626,0,0,2.206,0,0,0,0,0,0,0,1.564
MPB:bin_000499,0,0,0,0,6.383,15.914,0,0,11.548,0,20.841,11.896,0,0,0,0,0,0,0,0,0,0,11.235,0,0,0,0,0,0,0,11.83,0,0,9.307,7.42,0,0,0,0,0,0,0,0,0,0,5.555,16.77,0,0,0,0,0,4.853,0,0,0,0,0,0,0,0,0,11.119,0,12.609,7.039,0,6.871,0,0,13.786,0,25.318,0,9.323,19.69,4.824,0,0,0,0,0,0,6.388
MPB:bin_000538,0,0,0,0,0,0,0,0,0,0,0,0,0,0,0,0,0,0,0,0,0,0,0,0,0,0,0,0,0,0,0,0,0,2.532,0,0,0,0,0,0,0,0,0,0,0,0,0,0,0,0,0,0,0,0,0,0,0,0,0,0,0,0,0,0,0,0,0,0,0,0,0,0,0,0,0,0,0,0,0,0,0,1.575,0,0
MPB:bin_000554,18.052,8.377,0,11.654,12.403,39.515,2.195,11.086,22.255,2.355,19.318,24.446,31.862,2.127,15.654,11.061,16.574,10.73,6.641,12.693,25.944,14.305,21.261,8.752,11.552,17.95,12.516,0,18.254,0,25.821,12.317,15.892,19.604,12.48,15.234,22.832,0,13.007,0,15.428,21.274,17.5,19.056,19.475,9.605,39.388,0,9.861,18.807,4.598,0,7.769,0,15.939,20.164,12.089,0,0,44.173,10.115,11.848,29.891,0,21.534,14.501,0,17.938,0,8.515,28.999,4.721,51.431,8.443,21.603,17.914,7.401,0,1.618,0,14.626,9.345,13.079,16.567
MPB:bin_000559,0,0,0,0,0,0,0,0,0,0,0,0,0,0,0,0,0,0,0,0,0,0,0,0,0,0,0,0,0,0,0,0,0,0,0,0,0,0,0,0,0,0,0,0,0,0,0,0,0,0,0,0,0,0,0,0,0,0,0,0,0,0,0,0,0,0,0,0,0,0,0,0,0,0,0,0,0,0,0,0,0,0,0,0
MPB:bin_000571,0,0,0,0,0,0,0,0,0,0,0,0,0,0,0,0,0,0,0,0,0,0,0,0,0,0,0,0,0,0,0,0,0,0,0,0,0,0,0,0,0,0,0,0,0,0,0,0,0,0,0,0,0,0,0,0,0,0,0,0,0,0,0,0,0,0,0,0,0,0,0,0,0,0,0,0,0,0,0,0,0,0,0,0
MPB:bin_000576,0,0,0,0,0,0,0,0,0,0,0,0,0,0,0,0,0,0,0,0,0,0,0,0,0,0,0,0,0,0,0,0,0,0,0,1.291,0,0,0,0,0,0,0,0,0,0,0,0,0,0,0,0,0,0,0,0,0,0,0,0,0,0,0,0,0,0,0,0,0,0,1.382,0,1.255,0,0,0,0,0,0,0,0,0,0,0
MPB:bin_000579,0,0,0,0,0,0,0,0,0,0,0,0,0,0,0,0,0,0,0,0,0,0,0,0,0,0,0,0,0,0,0,0,0,0,0,0,0,0,0,0,0,0,0,0,0,0,0,0,0,0,0,0,0,0,0,0,0,0,0,0,0,0,0,0,0,0,0,0,0,0,0,0,0,0,0,0,0,0,0,0,0,0,0,0
MPB:bin_000581,0,0,0,4.579,4.316,12.236,0,0,7.059,0,12.358,14.068,9.228,0,4.63,0,5.76,3.274,0,4.837,8.587,0,6.925,7.611,5.713,12.423,0,0,13.512,0,7.073,4.621,5.81,6.654,14.995,0,0,0,4.45,0,13.105,12.494,7.546,4.651,50.156,6.023,24.524,0,7.537,0,4.586,0,6.526,0,0,7.465,18.185,0,0,16.975,3.338,11.592,8.137,0,16.047,7.254,0,12.917,0,7.645,29.844,5.635,43.875,6.875,7.358,9.371,4.748,0,0,0,11.131,0,6.723,8.308
MPB:bin_000584,0,0,0,0,0,0,0,0,0,0,0,0,0,0,0,0,0,0,0,0,0,0,0,0,0,0,0,0,0,0,0,0,0,0,0,0,0,0,0,0,0,0,0,0,0,0,0,0,0,0,0,0,0,0,0,0,0,0,0,0,0,0,0,0,0,0,0,0,0,0,0,0,0,0,0,0,0,0,0,0,0,0,0,0
MPB:bin_000588,0,0,0,0,0,0,0,0,0,0,0,0,0,0,0,0,0,0,0,0,0,0,0,0,0,0,0,0,0,0,0,0,0,0,0,0,0,0,0,0,0,0,0,0,0,0,0,0,0,0,0,0,0,0,0,0,0,0,0,0,0,0,0,0,0,0,0,0,0,0,0,0,0,0,0,0,0,0,0,0,0,0,0,0
MPB:bin_000590,0,0,0,0,0,0,0,0,0,0,0,0,0,0,0,0,0,0,0,0,0,0,0,0,0,0,0,0,0,0,0,0,0,0,0,0,0,0,0,0,0,0,0,0,0,0,0,0,0,0,0,0,0,0,0,0,0,0,0,0,0,0,0,0,0,0,0,0,0,0,0,0,0,0,0,0,0,0,0,0,0,0,0,0
MPB:bin_000593,0,0,0,0,0,0,0,0,0,0,0,0,0,0,0,0,0,0,0,0,0,0,0,0,0,0,0,0,0,0,0,0,0,0,0,0,0,0,0,0,0,0,0,0,0,0,0,0,0,0,0,0,0,0,0,0,0,0,0,0,0,0,0,0,0,0,0,0,0,0,0,0,0,0,0,0,0,0,0,0,0,0,0,0
MPB:bin_000594,0,0,0,0,0,0,0,0,0,0,0,0,0,0,0,0,0,0,0,0,0,0,0,0,0,0,0,0,0,0,0,0,0,0,0,0,0,0,0,0,0,0,0,0,0,0,0,0,0,0,0,0,0,0,0,0,0,0,0,0,0,0,0,0,0,0,0,0,0,0,0,0,0,0,0,0,0,0,0,0,0,0,0,0
MPB:bin_000596,3.21,0,0,2.082,1.814,7.702,0,0,6.167,0,5.205,4.657,6.262,0,2.575,0,3.325,0,0,1.923,2.674,0,4.412,2.425,1.744,3.15,4.809,0,2.71,0,7.689,1.617,4.527,3.276,2.737,4.36,2.53,0,3.043,0,3.619,5.999,2.233,2.291,5.447,3.701,9.316,0,3.948,3.084,0,0,2.038,0,3.499,4.259,0,0,0,6.239,0,2.811,7.314,0,5.87,2.735,0,3.728,0,0,8.435,2.802,11.744,4.456,5.866,6.348,2.362,0,0,0,1.929,0,1.686,4.524
MPB:bin_000597,0,0,0,0,0,0,0,0,5.294,0,2.654,3.597,0,0,0,0,0,0,0,0,4.573,0,3.969,0,0,0,0,0,0,0,4.052,0,0,3.977,0,0,0,0,0,0,2.535,0,0,2.603,0,0,4.531,0,2.547,2.87,0,0,0,0,0,0,0,0,0,5.156,0,0,3.893,0,0,2.827,0,0,0,0,4.019,0,6.324,0,3.045,0,0,0,0,0,0,0,0,0
MPB:bin_000598,1.785,1.81,0,0,3.752,6.398,0,0,3.267,0,4.666,4.258,7.796,0,1.741,1.976,3.01,2.658,0,2.906,5.442,2.53,2.531,0,0,3.35,0,0,0,0,4.774,1.583,6.318,4.465,3.751,2.612,4.928,0,0,0,4.196,3.669,1.784,2.783,2.209,2.166,6.298,0,2.4,0,0,0,0,0,0,1.981,2.465,0,0,4.776,0,1.897,7.454,0,2.539,2.486,0,1.851,0,0,6.018,0,11.242,0,1.958,3.583,4.675,0,0,0,3.511,2.502,0,3.128
MPB:bin_000599,0,0,0,0,0,0,0,0,0,0,0,0,0,0,0,0,0,0,0,0,0,0,0,0,0,0,0,0,0,0,0,0,0,0,0,0,0,0,0,0,0,0,0,0,0,0,0,0,0,0,0,0,0,0,0,0,0,0,0,0,0,0,0,0,0,0,0,0,0,0,0,0,0,0,0,0,0,0,0,0,0,0,0,0
MPB:bin_000600,6.821,0,0,0,0,12.337,0,0,8.003,0,10.493,11.405,11.488,0,6.773,3.119,6.26,5.021,0,5.481,7.184,4.927,8.815,0,0,5.743,0,0,7.761,0,10.375,5.136,0,7.768,0,4.82,0,0,5.191,0,6.74,12.354,0,5.608,7.723,4.991,14.369,0,5.657,0,0,0,0,0,0,8.563,0,0,0,12.387,3.938,5.652,10.235,0,9.651,7.442,0,5.111,0,0,13.179,2.909,24.758,0,6.482,9.452,5.893,0,0,0,0,0,0,4.62
MPB:bin_000601,0,0,0,0,0,0,0,0,0,0,0,0,0,0,0,0,0,0,0,0,0,0,0,0,0,0,0,0,0,0,0,0,0,0,0,0,0,0,0,0,0,0,0,0,0,0,0,0,0,0,0,0,0,0,0,0,0,0,0,0,0,0,0,0,0,0,0,0,0,0,0,0,0,0,0,0,0,0,0,0,0,0,0,0
MPB:bin_000604,0,0,0,0,0,0,0,0,0,0,0,0,0,0,0,0,0,0,0,0,0,0,0,0,0,0,0,0,0,0,0,0,0,0,0,0,0,0,0,0,0,0,0,0,0,0,0,0,0,0,0,0,0,0,0,0,0,0,0,0,0,0,0,0,0,0,0,0,0,0,0,0,0,0,0,0,0,0,0,0,0,0,0,0
MPB:bin_000605,2.804,0,0,0,2.012,5.315,0,0,0,0,2.389,0,3.01,0,0,0,1.649,0,0,1.404,2.28,3.076,7.656,0,2.075,0,2.253,0,2.325,0,3.304,1.623,2.27,2.02,0,1.68,2.206,0,0,0,1.314,0,1.632,0,0,1.421,5.39,0,0,0,0,0,0,0,0,1.725,2.003,0,0,3.253,2.14,3.416,2.835,0,1.996,0,0,0,0,0,3.254,0,3.509,0,2.123,2.057,1.824,0,0,0,0,0,0,3.046
MPB:bin_000606,3.795,1.831,0,3.943,4.857,4.261,0,2.839,8.164,0,3.695,7.567,9.028,1.76,2.075,2.645,5.573,2.661,0,0,12.595,1.802,3.624,0,3.858,4.294,5.224,0,0,0,6.002,0,2.776,4.743,8.063,3.383,7.102,0,0,0,6.462,5.101,2.441,7.143,5.201,3.239,12.818,0,4.906,0,0,0,3.947,0,3.606,5.006,3.981,0,0,5.64,0,4.386,5.977,0,12.752,3.488,0,2.066,0,0,7.855,0,9.853,2.363,2.186,6.342,9.605,0,0,0,3.079,2.257,1.346,2.673
MPB:bin_000609,0,0,0,0,0,0,0,0,0,0,0,0,0,0,0,0,0,0,0,0,0,0,0,0,0,0,0,0,0,0,0,0,0,0,0,0,0,0,0,0,0,0,0,0,0,0,0,0,0,0,0,0,0,0,0,0,0,0,0,0,0,0,0,0,0,0,0,0,0,0,0,0,0,0,0,0,0,0,0,0,0,0,0,0
MPB:bin_000615,8.436,3.864,0,4.351,5.444,15.508,0,3.805,9.612,0,10,11.621,12.715,0,8.803,3.186,7.172,5.061,2.279,6.662,7.923,5.221,14.546,4.339,3.957,5.432,6.731,0,7.652,0,12.901,4.833,8.947,12.467,5.823,5.055,9.898,0,5.18,0,6.182,12.721,7.652,5.994,9.859,4.715,17.894,0,8.484,8.938,2.383,0,3.522,0,7.078,10.159,7.291,0,0,17.043,4.518,5.798,17.041,0,12.169,8.172,0,8.757,0,2.8,15.948,3.729,24.238,6.179,9.531,9.944,3.292,0,0,0,5.523,4.228,6.594,9.502
MPB:bin_000617,0,0,0,0,0,0,0,0,0,0,0,0,0,0,0,0,0,0,0,0,0,0,0,0,0,0,0,0,0,0,0,0,0,0,0,0,0,0,0,0,0,0,0,0,0,0,0,0,0,0,0,0,0,0,0,0,0,0,0,0,0,0,0,0,0,0,0,0,0,0,0,0,8.932,0,0,0,0,0,0,0,0,0,0,0
MPB:bin_000618,0,0,0,0,0,0,0,0,0,0,0,0,0,0,0,0,0,0,0,0,0,0,0,0,0,0,0,0,0,0,0,0,0,0,0,0,0,0,0,0,0,0,0,0,0,0,0,0,0,0,0,0,0,0,0,0,0,0,0,0,0,0,0,0,0,0,0,0,0,0,0,0,0,0,0,0,0,0,0,0,0,0,0,0
MPB:bin_000619,0,0,0,0,0,0,0,0,0,0,0,0,0,0,0,0,0,0,0,0,1.553,0,0,0,0,0,0,0,0,0,0,0,0,0,0,0,0,0,0,0,0,0,0,0,0,0,0,0,0,0,0,0,0,0,0,0,0,0,0,0,0,0,0,0,0,0,0,0,0,0,0,0,0,0,0,0,0,0,0,0,0,0,0,0
MPB:bin_000622,0,0,0,0,0,0,0,0,0,0,0,0,0,0,0,0,0,0,0,0,0,0,0,0,0,0,0,0,0,0,0,0,0,0,0,0,0,0,0,0,0,0,0,0,0,0,0,0,0,0,0,0,0,0,0,0,0,0,0,0,0,0,0,0,0,0,0,0,0,0,0,0,0,0,0,0,0,0,0,0,0,0,0,0
TM1:bin_000010,0,0,0,0,0,0,0,0,0,0,0,0,0,0,0,0,0,0,0,0,0,0,0,0,0,0,0,0,0,0,0,0,0,0,0,0,0,0,0,0,0,0,0,0,0,0,0,0,0,0,0,0,0,0,0,0,0,0,0,0,0,0,0,0,0,0,0,0,0,0,0,0,0,0,0,0,0,0,0,0,0,0,0,0
TM1:bin_000024,0,0,0,0,0,0,0,0,0,0,0,0,0,0,0,0,0,0,0,0,0,0,0,0,0,0,0,0,0,0,0,0,0,0,0,0,0,0,0,0,0,0,0,0,0,0,0,0,0,0,0,0,0,0,0,0,0,0,0,0,0,0,0,0,0,0,0,0,0,0,0,0,0,0,0,0,0,0,0,0,0,0,0,0
TM1:bin_000025,15.607,5.664,0,5.781,8.576,23.282,0,3.401,18.065,1.351,14.053,15.536,16.727,0,5.504,3.863,9.855,7.883,0,6.198,12.766,4.99,13.479,6.098,8.047,4.887,6.693,0,8.485,0,15.292,4.665,7.509,10.806,5.883,8.189,9.182,0,4.74,0,9.349,12.072,7.69,6.591,13.264,7.668,20.788,0,8.809,7.621,3.906,0,6.46,0,7.34,9.854,6.791,0,0,23.105,4.235,9.109,17.902,0,12.435,7.914,0,7.233,0,1.87,18.375,2.479,26.08,6.099,7.634,12.796,4.287,0,1.278,0,7.172,7.339,3.36,8.317
TM1:bin_000027,0,0,0,0,0,0,0,0,0,0,0,0,0,0,0,0,0,0,0,0,0,0,0,0,0,0,0,0,0,0,0,0,0,0,0,0,0,0,0,0,0,0,0,0,0,0,0,0,0,0,0,0,0,0,0,0,0,0,0,0,0,0,0,0,0,0,0,0,0,0,0,0,0,0,0,0,0,0,0,0,0,0,0,0
TM1:bin_000031,25.284,12.863,0,14.945,18.095,43.141,3.884,6.496,37.56,2.543,34.686,47.296,40.055,0,17.577,19.096,31.781,19.265,5.293,12.998,26.923,20.235,27.267,13.747,11.864,24.923,17.866,0,22.07,0,44.395,10.158,29.511,41.196,18.654,18.718,26.126,0,21.87,0,19.788,31.496,19.39,23.276,29.192,19.763,50.23,0,17.398,14.196,8.906,1.931,8.315,0,26.446,37.868,14.514,0,0,45.214,13.056,25.342,40.975,0,39.113,15.72,0,24.103,0,7.294,41.422,18.128,94.644,18.159,20.652,32.541,12.718,0,3.011,0,10.013,8.172,21.483,25.673
TM1:bin_000049,7.688,6.595,0,6.745,5.063,18.255,0,5.431,9.861,0,14.976,11.482,10.264,0,6.362,4.393,8.447,6.797,4.042,7.065,5.847,5.295,8.58,4.852,6.572,4.853,3.217,0,14.793,0,15.388,2.22,8.899,14.5,6.261,4.233,12.071,0,6.329,0,6.267,10.133,6.523,10.154,11.852,6.447,20.754,0,7.172,5.162,2.074,0,4.494,0,5.677,9.054,7.017,0,0,22.949,4.294,6.908,17.312,0,9.286,3.737,0,10.108,0,1.819,18.728,2.948,24.637,6.329,9.579,5.719,5.948,0,1.637,0,6.045,4.744,3.335,8.286
TM1:bin_000080,7.012,3.478,0,3.198,4.915,6.331,0,2.037,6.945,0,5.384,9.084,5.883,0,3.284,1.838,4.745,2.096,0,2.155,6.528,3.235,9.871,2.626,2.179,3.311,2.512,0,2.791,0,4.882,0,5.549,2.79,4.835,5.921,4.988,0,2.942,0,3.433,6.254,2.785,4.599,7.017,4.406,8.384,0,3.331,2.343,0,0,1.692,0,4.726,5.251,1.797,0,0,7.539,2.46,5.597,3.675,0,7.283,4.224,0,3.485,0,0,8.666,1.862,12.377,3.003,4.742,6.394,2.312,0,0,0,4.732,1.757,1.743,5.732
TM1:bin_000119,0,0,0,0,0,1.801,0,0,0,0,0,0,0,0,0,0,0,0,0,0,1.621,0,0,0,0,0,0,0,0,0,0,0,0,0,0,1.373,0,0,0,0,0,0,0,0,0,0,0,0,0,0,0,0,0,0,0,0,0,0,0,0,0,0,0,0,0,0,0,0,0,0,0,0,2.302,0,0,0,0,0,0,0,0,0,0,0
TM1:bin_000126,3.073,1.923,0,2.156,2.297,6.087,0,2.052,9.072,0,15.412,5.292,9.678,1.704,5.291,1.796,4.651,1.54,0,2.512,3.491,3.584,8.297,3.017,1.725,2.417,4.282,0,3.976,0,5.449,1.585,1.903,4.096,4.776,6.283,4.649,0,5.354,0,1.709,5.435,2.589,3.75,3.187,2.438,7.556,0,3.801,4.755,2.06,0,3.612,0,2.155,8.904,2.189,0,0,20.928,2.253,4.3,9.925,0,5.446,5.828,0,6.065,0,2.749,7.669,0,13.407,0,6.458,5.553,0,0,0,0,1.669,2.03,3.118,5.234
TM1:bin_000144,0,0,0,0,0,5.453,0,0,0,0,3.138,3.298,2.94,0,4.414,1.831,2.604,0,0,3.171,1.825,3.549,0,0,2.271,0,2.44,0,1.887,0,3.342,0,2.368,7.11,0,0,0,0,1.385,0,2.835,1.82,2.895,2.797,0,1.552,3.304,0,1.644,0,0,0,0,0,0,0,1.557,0,0,6.04,0,0,2.045,0,0,3.235,0,0,0,0,8.739,0,5.809,0,2.814,0,0,0,0,0,2.093,2.182,2.355,3.1
TM1:bin_000152,0,0,0,0,0,0,0,0,0,0,0,0,0,0,0,0,0,0,0,0,0,0,0,0,0,0,0,0,0,0,0,0,0,0,0,0,0,0,0,0,0,0,0,0,0,0,0,0,0,0,0,0,0,0,0,0,0,0,0,0,0,0,0,0,0,0,0,0,0,0,0,0,0,0,0,0,0,0,0,0,0,0,0,0
TM1:bin_000153,3.404,1.982,0,4.126,3.755,7.18,0,2.257,5.09,0,7.277,10.813,9.696,0,4.169,1.559,9.749,2.03,0,6.364,8.111,6.245,2.116,1.72,5.498,3.97,4.996,0,8.839,0,5.147,0,4.521,7.389,3.514,4.856,5.302,0,3.687,0,3.55,3.796,5.213,3.528,11.063,2.74,8.727,0,3.536,4.912,1.839,0,5.293,0,4.087,3.096,5.142,0,0,6.49,2.272,1.897,3.335,0,4.731,4.893,0,2.108,0,1.929,9.424,0,15.984,3.482,9.807,5.2,2.035,0,0,0,2.505,1.792,3.412,3.724
TM1:bin_000177,0,0,0,0,0,0,0,0,0,0,0,0,0,0,0,0,0,0,0,0,0,0,0,0,0,0,0,0,0,0,0,0,0,0,0,0,0,0,0,0,0,0,0,0,0,0,0,0,0,0,0,0,0,0,0,0,0,0,0,0,0,0,0,0,0,0,0,0,0,0,0,0,0,0,0,0,0,0,0,0,0,0,0,0
TM2:bin_000005,0,0,0,0,0,0,0,0,0,0,0,0,0,0,0,0,0,0,0,0,0,0,0,0,0,0,0,0,0,0,0,0,0,0,0,0,0,0,0,0,0,0,0,0,0,0,0,0,0,0,0,0,0,0,0,0,0,0,0,0,0,0,0,0,0,0,0,0,0,0,0,0,0,0,0,0,0,0,0,0,0,0,0,0
TM2:bin_000013,0,0,0,0,0,0,0,0,0,0,0,0,0,0,0,0,0,0,0,0,0,0,0,0,0,0,0,0,0,0,0,0,0,0,0,0,0,0,0,0,0,0,0,0,0,0,0,0,0,0,0,0,0,0,0,0,0,0,0,0,0,0,0,0,0,0,0,0,0,0,0,0,0,0,0,0,0,0,0,0,0,0,0,0
TM2:bin_000090,0,0,0,0,0,0,0,0,0,0,0,0,0,0,0,0,0,0,0,0,0,0,0,0,0,0,0,0,0,0,0,0,0,0,0,0,0,0,0,0,0,0,0,0,0,0,0,0,0,0,0,0,0,0,0,0,0,0,0,0,0,0,0,0,0,0,0,0,0,0,0,0,0,0,0,0,0,0,0,0,0,0,0,0
TM2:bin_000114,0,0,0,0,0,0,0,0,0,0,0,0,0,0,0,0,0,0,0,0,0,0,0,0,0,0,0,0,0,0,0,0,0,0,0,0,0,0,0,0,0,0,0,0,0,0,0,0,0,0,0,0,0,0,0,0,0,0,0,0,0,0,0,0,0,0,0,0,0,0,0,0,0,0,0,0,0,0,0,0,0,0,0,0
TM2:bin_000116,0,0,0,0,0,0,0,0,0,0,0,0,0,0,0,0,0,0,0,0,0,0,0,0,0,0,0,0,0,0,0,0,0,0,0,0,0,0,0,0,0,0,0,0,0,0,0,0,0,0,0,0,0,0,0,0,0,0,0,0,0,0,0,0,0,0,0,0,0,0,0,0,0,0,0,0,0,0,0,0,0,0,0,0
TM2:bin_000124,0,0,0,0,1.288,1.721,0,0,5.047,0,0,1.549,0,0,0,1.902,8.571,0,0,0,0,0,0,0,0,1.568,0,0,0,0,3.723,0,2.31,1.275,0,0,0,0,0,0,1.516,2.667,1.904,0,0,0,4.852,0,0,0,0,0,0,0,0,0,0,0,0,3.32,0,0,0,0,2.23,0,0,0,0,1.356,2.622,0,6.427,0,2.684,0,0,0,0,0,2.05,0,0,2.259
TM2:bin_000127,12.31,4.273,0,8.359,11.838,16.149,0,3.706,7.994,1.398,12.365,7.929,17.466,0,9.888,5.248,10.417,6.745,2.625,6.303,6.659,10.554,18.944,4.794,8.4,4.395,8.302,0,12.671,0,14.252,4.13,8.063,10.467,5.08,10.299,8.226,0,6.396,0,11.071,11.08,8.21,7.124,12.456,9.346,19.253,0,4.869,8.275,3.669,0,3.815,0,7.981,8.427,6.807,0,0,20.864,3.241,9.538,14.084,0,9.308,8.862,0,7.219,0,3.11,15.659,4.62,32.732,4.625,14.616,10.648,8.093,0,1.824,0,6.99,5.203,5.14,8.716
TM2:bin_000155,0,0,0,0,0,0,0,0,0,0,0,0,0,0,0,0,0,0,0,0,0,0,0,0,0,0,0,0,0,0,0,0,0,0,0,0,0,0,0,0,0,0,0,0,0,0,0,0,0,0,0,0,0,0,0,0,0,0,0,0,0,0,0,0,0,0,0,0,0,0,0,0,0,0,0,0,0,0,0,0,0,0,0,0
TM2:bin_000157,0,0,0,0,0,0,0,0,0,0,0,0,0,0,0,0,0,0,0,0,0,0,0,0,0,0,0,0,0,0,0,0,0,0,0,0,0,0,0,0,0,0,0,0,0,0,0,0,0,0,0,0,0,0,0,0,0,0,0,0,0,0,0,0,0,0,0,0,0,0,0,0,0,0,0,0,0,0,0,0,0,0,0,0
TM2:bin_000186,0,0,0,0,0,0,0,0,0,0,0,0,0,0,0,0,0,0,0,0,0,0,0,0,0,0,0,0,0,0,0,0,0,0,0,0,0,0,0,0,0,0,0,0,0,0,2.327,0,0,0,0,0,0,0,0,0,0,0,0,0,0,0,0,0,0,0,0,0,0,0,0,0,2.782,0,0,0,0,0,0,0,0,0,0,0
TM2:bin_000188,0,0,0,0,0,0,0,0,0,0,0,0,0,0,0,0,0,0,0,0,0,0,0,0,0,0,0,0,0,0,0,0,0,0,0,0,0,0,0,0,0,0,0,0,0,0,0,0,0,0,0,0,0,0,0,0,0,0,0,0,0,0,0,0,0,0,0,0,0,0,0,0,0,0,0,0,0,0,0,0,0,0,0,0
TM2:bin_000219,0,0,0,0,0,0,0,0,0,0,0,0,0,0,0,0,0,0,0,0,0,0,0,0,0,0,0,0,0,0,0,0,0,0,0,0,0,0,0,0,0,0,0,0,0,0,0,0,0,0,0,0,0,0,0,0,0,0,0,0,0,0,0,0,0,0,0,0,0,0,0,0,0,0,0,0,0,0,0,0,0,0,0,0
TM2:bin_000235,4.423,3.813,0,2.454,3.209,8.696,0,3.579,5.672,1.205,6.794,8.199,8.879,0,5.319,3.618,4.671,4.26,1.392,4.547,6.536,5.987,6.957,3.065,4.944,4.136,4.11,0,6.447,0,8.75,3.217,6.485,7.46,3.633,4.074,6.204,0,5.114,0,5.634,6.018,4.705,5.386,5.778,4.636,9.738,0,4.745,4.872,1.423,0,1.897,0,4.702,5.669,6.232,0,0,13,3.735,7.773,7.459,0,6.934,4.019,0,5.009,0,2.433,7.9,0,17.821,3.782,8.743,3.851,4.044,0,0,0,4.771,4.93,2.994,6.658
TM3:bin_000033,0,0,0,0,0,0,0,0,0,0,0,0,0,0,0,0,0,0,0,0,0,0,0,0,0,0,0,0,0,0,0,0,0,0,0,0,0,0,0,0,0,0,0,0,0,0,0,0,0,0,0,0,0,0,0,0,0,0,0,0,0,0,0,0,0,0,0,0,0,0,0,0,0,0,0,0,0,0,0,0,0,0,0,0
TM3:bin_000088,0,0,0,0,0,0,0,0,0,0,0,0,0,0,0,0,0,0,0,0,0,0,0,0,0,0,0,0,0,0,0,0,0,0,0,0,0,0,0,0,0,0,0,0,0,0,0,0,0,0,0,0,0,0,0,0,0,0,0,0,0,0,0,0,0,0,0,0,0,0,0,0,0,0,0,0,0,0,0,0,0,0,0,0
TM3:bin_000108,14.714,6.552,0,10.395,7.953,19.79,0,0,20.96,0,15.583,19.972,22.179,0,11.674,3.848,12.418,7.338,0,11.154,14.658,8.778,12.99,6.695,6.567,8.514,9.806,0,11.597,0,21.697,8.339,11.645,15.626,9.676,8.274,11.545,0,8.783,0,8.586,15.102,11.894,13.689,18.196,6.757,29.738,0,11.046,7.425,2.91,0,4.803,0,11.898,16.305,8.668,0,0,24.778,8.068,9.584,20.117,0,17.857,10.865,0,9.199,0,3.631,26.406,5.112,40.255,7.258,12.78,14.924,3.767,0,0,0,5.01,6.498,7.893,8.117
TM4:bin_000013,2.823,0,0,0,0,2.227,0,0,2.232,0,1.923,2.297,1.806,0,1.596,0,1.429,1.625,0,3.06,1.865,2.589,2.155,0,0,2.043,0,0,0,0,2.595,0,0,1.517,0,2.173,2.837,0,0,0,0,1.493,0,0,0,2.321,3.134,0,1.394,0,0,0,0,0,1.802,1.55,1.989,0,0,1.888,1.262,2.111,3.223,0,2.108,0,0,0,0,0,3.33,0,5.508,0,0,2.152,0,0,0,0,0,0,0,1.349
TM4:bin_000021,168.659,91.536,0,133.612,114.088,285.456,21.276,88.43,234.896,15.562,193.296,292.287,236.614,20.938,161.142,73.449,184.479,98.73,39.083,125.171,185.028,94.19,223.558,126.318,80.443,133.292,109.64,8.555,161.725,0,290.549,81.841,137.909,195.982,127.92,145.254,153.545,4.39,130.571,2.793,148.264,237.284,152.23,155.091,218.495,122.32,313.975,3.347,146.882,119.959,54.218,24.062,64.098,2.011,173.717,170.164,101.604,4.223,0,346.753,105.717,203.943,260.414,8.348,205.948,125.677,0,162.054,8.008,55.833,362.795,58.014,522.131,129.264,162.881,174.551,80.939,0,20.403,1.978,124.709,100.255,139.191,205.844
TM4:bin_000025,2.719,0,0,0,1.617,8.24,0,1.783,5.8,0,2.52,11.852,9.251,0,1.938,2.957,5.419,2.342,0,2.164,0,0,6.403,2.397,0,3.961,2.614,0,3.652,0,9.821,2.964,3.755,4.406,3.68,4.664,4.479,0,3.303,0,1.693,3.776,3.382,4.219,5.234,1.768,11.217,0,6.458,1.966,2.096,0,0,0,2.041,2.751,2.826,0,0,7.406,1.787,1.565,4.104,0,1.898,1.789,0,7.174,0,0,4.994,0,14.68,3.282,5.354,3.383,1.67,0,0,0,0,2.274,2.601,3.991
TM4:bin_000031,0,0,0,0,0,0,0,0,0,0,0,0,2.366,0,0,0,0,0,0,0,0,0,0,0,0,0,0,0,0,0,0,0,0,0,0,0,0,0,0,0,0,0,0,0,0,0,1.704,0,0,0,0,0,0,0,0,0,0,0,0,0,0,0,0,0,0,0,0,0,0,0,1.602,0,0,0,0,0,0,0,0,0,0,0,0,0
TM4:bin_000034,0,0,0,0,2.315,0,0,0,0,0,1.957,0,1.943,0,2.887,2.166,2.147,0,0,0,0,0,2.146,0,2.078,2.656,0,0,0,0,0,0,2.212,1.608,0,2.904,2.476,0,0,0,0,0,0,0,4.143,0,0,0,1.543,0,0,0,0,0,1.877,0,4.099,0,0,3.86,1.688,0,0,0,6.699,2.675,0,0,0,0,2.294,0,5.254,0,1.88,0,0,0,0,0,1.916,0,0,0
TM4:bin_000036,0,0,0,0,0,3.779,0,0,0,0,0,0,0,0,0,0,0,0,0,0,0,0,0,0,0,0,0,0,0,0,0,0,0,0,0,0,0,0,0,0,0,0,0,1.732,0,0,0,0,0,0,0,0,0,0,0,0,0,0,0,0,0,0,0,0,0,0,0,0,0,0,0,0,0,0,0,0,0,0,0,0,0,0,0,0
TM4:bin_000037,1.606,0,0,1.787,2.648,4.531,0,0,3.459,0,2.25,3.163,6.621,0,2.131,0,3.39,0,0,0,3.42,1.821,2.847,2.125,1.837,0,0,0,2.434,0,2.729,0,1.61,1.93,0,2.628,3.323,0,1.306,0,2.423,2.034,1.972,3.28,3.373,1.508,4.89,0,1.285,2.65,0,1.966,1.69,0,2.254,0,0,0,0,5.478,0,1.506,3.936,0,1.948,1.535,0,0,0,0,6.527,0,5.38,2.339,2.892,3.408,0,0,1.818,0,1.567,0,0,1.785
TM4:bin_000038,1.446,0,0,1.859,0,2.094,0,0,2.162,0,2.284,2.91,2.886,0,0,0,1.689,1.473,0,1.323,2.382,0,2.534,1.207,0,0,2.368,0,1.811,0,2.893,0,1.935,2.039,0,0,1.492,0,1.548,0,0,1.98,1.576,0,1.569,1.274,5.151,0,0,0,0,0,0,0,1.604,0,0,0,0,3.214,0,2.311,3.062,0,2.359,1.297,0,2.144,0,0,3.684,0,7.532,0,1.555,1.416,0,0,0,0,0,0,0,1.375
TM4:bin_000039,1.563,2.715,0,0,1.687,3.227,0,0,2.916,0,1.137,3.317,1.611,0,0,0,1.107,0,0,2.043,2.695,0,0,0,0,0,1.822,0,0,0,2.156,1.817,3.362,2.018,0,0,2.568,0,0,0,0,3.475,0,0,0,0,3.89,0,1.34,3.319,0,0,2.494,0,0,1.216,0,0,0,4.714,0,0,1.826,0,4.934,0,0,0,0,0,3.203,0,8.095,0,2.987,0,0,0,0,0,1.714,0,1.247,1.697
TM4:bin_000041,1.522,0,0,0,0,1.853,0,0,0,0,1.335,1.952,1.809,0,1.447,0,0,0,0,0,0,0,2.184,0,0,0,0,0,0,0,2.623,0,0,1.859,0,0,1.867,0,0,0,0,1.62,0,2.327,0,0,5.197,0,1.31,0,0,0,0,0,0,1.466,0,0,0,3.982,0,0,1.746,0,2.663,0,0,0,0,0,2.282,0,4.455,0,2.212,1.57,0,0,0,0,2.112,0,0,1.587
TM4:bin_000045,0,0,0,0,0,0,0,0,0,0,0,0,2.961,0,0,0,0,0,0,0,0,0,0,0,0,0,0,0,3.016,0,0,0,0,0,0,0,0,0,0,0,0,0,0,0,0,0,0,0,0,0,0,0,0,0,0,0,0,0,0,0,0,0,0,0,0,0,0,0,0,0,0,0,2.91,0,0,0,0,0,0,0,0,0,0,0
TM4:bin_000048,1.766,0,0,0,0,0,0,0,0,0,2.641,0,0,0,0,0,0,0,0,1.943,0,0,0,0,0,0,0,0,0,0,0,0,0,0,1.876,2.237,0,0,0,0,0,0,0,0,0,0,3.248,0,0,0,0,0,0,0,0,1.635,0,0,0,2.175,0,0,2.052,0,2.351,0,0,0,0,0,2.114,0,4.813,0,3.003,1.788,0,0,0,0,0,0,0,0
TM4:bin_000064,0,0,0,0,0,0,0,0,0,0,0,0,0,0,0,0,0,0,0,0,0,0,0,0,0,0,0,0,0,0,0,0,0,0,0,0,0,0,0,0,0,0,0,0,0,0,0,0,0,0,0,0,0,0,0,0,0,0,0,0,0,0,0,0,0,0,0,0,0,0,0,0,0,0,0,0,0,0,0,0,0,0,0,0
TM4:bin_000079,0,0,0,0,0,1.909,0,0,0,0,0,2.638,2.422,0,0,0,0,0,0,0,0,0,0,0,0,0,1.698,0,1.573,0,0,0,0,0,2.912,0,0,0,0,0,0,0,0,0,1.726,0,2.297,0,1.254,0,0,0,0,0,0,0,0,0,0,2.288,0,0,1.675,0,0,0,0,0,0,0,0,0,2.594,0,0,0,0,0,0,0,0,0,0,0
TM4:bin_000088,0,0,0,0,0,0,0,0,0,0,0,0,0,0,0,0,0,0,0,0,0,0,0,0,0,0,0,0,0,0,0,0,0,0,0,0,0,0,0,0,0,0,0,0,0,0,0,0,0,0,0,0,0,0,0,0,0,0,0,0,0,0,0,0,0,0,0,0,0,0,0,0,0,0,0,0,0,0,0,0,0,0,0,0
TM4:bin_000093,2.442,0,0,0,1.341,5.201,0,0,1.909,0,3.031,2.526,4.997,0,0,0,1.643,1.357,0,1.645,1.525,2.93,0,1.221,0,0,0,0,1.862,0,1.607,0,2.946,2.083,0,1.652,1.642,0,0,0,1.617,3.097,2.839,0,2.08,1.302,3.379,0,0,1.989,0,0,0,0,1.449,1.692,3.262,0,0,2.348,0,0,2.415,0,0,1.937,0,2.031,0,0,6.242,0,2.613,0,1.937,1.409,0,0,0,0,1.721,0,2.231,1.495
TM4:bin_000095,0,0,0,0,0,0,0,0,0,0,0,0,0,0,0,0,0,0,0,0,0,0,0,0,0,0,0,0,0,0,0,0,0,0,0,0,0,0,0,0,0,0,0,0,0,0,0,0,0,0,0,0,0,0,0,0,0,0,0,0,0,0,0,0,0,0,0,0,0,0,0,0,0,0,0,0,0,0,0,0,0,0,0,0
TM4:bin_000097,0,0,0,0,0,1.557,0,0,0,0,0,0,0,0,0,0,1.319,0,0,0,0,0,0,0,0,0,0,0,0,0,0,0,0,0,0,0,0,0,0,0,0,0,0,0,0,0,1.999,0,0,0,0,0,0,0,0,0,0,0,0,0,0,0,0,0,0,0,0,0,0,0,0,0,0,0,0,0,0,0,0,0,0,0,0,0
TM4:bin_000099,0,0,0,0,0,0,0,0,0,0,0,0,0,0,0,0,0,0,0,0,0,0,0,0,0,0,0,0,0,0,0,0,0,0,0,0,0,0,0,0,0,0,0,0,0,0,0,0,0,0,0,0,0,0,0,0,0,0,0,0,0,0,0,0,0,0,0,0,0,0,0,0,0,0,0,0,0,0,0,0,0,0,0,0
TM4:bin_000106,1.343,1.531,0,0,0,0,0,0,0,0,2.576,2.588,3.708,0,1.524,0,1.44,0,0,0,0,1.786,2.74,1.251,0,3.04,0,0,0,0,1.961,0,0,0,0,0,0,0,0,0,1.193,0,0,0,0,1.418,4.768,0,2.554,1.994,0,0,0,0,0,2.103,1.606,0,0,2.702,0,0,0,0,1.618,0,0,2.411,0,0,2.998,0,5.568,0,2.259,0,0,0,0,0,2.018,0,0,2.262
TM4:bin_000115,0,0,0,0,0,0,0,0,0,0,0,0,0,0,0,0,0,0,0,0,0,0,0,0,0,0,0,0,0,0,0,0,0,0,0,0,0,0,0,0,0,0,0,0,0,0,0,0,0,0,0,0,0,0,0,0,0,0,0,0,0,0,0,0,0,0,0,0,0,0,0,0,0,0,0,0,0,0,0,0,0,0,0,0
TM4:bin_000133,0,0,0,0,0,0,0,0,0,0,0,0,0,0,0,0,0,0,0,0,0,0,0,0,0,0,0,0,0,0,0,0,0,0,0,0,0,0,0,0,0,0,0,0,0,0,1.33,0,0,0,0,0,0,0,0,0,0,0,0,0,0,0,0,0,0,0,0,0,0,0,0,0,0,0,0,0,0,0,0,0,0,0,0,0
TM4:bin_000144,1.528,0,0,0,0,0,0,0,0,0,0,1.989,1.696,0,0,0,0,0,0,1.662,0,0,1.739,0,0,0,0,0,0,0,0,0,0,1.39,0,0,0,0,2.492,0,0,0,0,2.054,0,0,0,0,0,0,0,0,0,0,0,0,2.069,0,0,2.744,0,0,0,0,0,0,0,0,0,0,0,0,1.496,0,1.838,2.174,0,0,0,0,0,0,0,1.352
TM4:bin_000166,13.869,3.256,0,3.255,3.488,17.266,1.662,4.664,5.796,0,15.662,4.973,6.194,1.701,14.582,2.085,15.786,4.569,2.34,15.98,9.194,10.959,5.562,2.13,11.999,7.236,42.328,0,13.058,0,11.203,2.94,11.341,12.872,7.171,5.325,6.684,0,3.476,0,9.069,13.389,7.922,7.653,17.386,8.68,17.343,0,4.355,5.754,6.794,2.068,6.989,0,6.336,6.783,11.908,1.244,0,9.6,3.488,9.483,9.018,0,9.243,11.128,0,3.965,0,2.882,20.606,5.174,35.991,3.428,23.817,8.131,0,0,2.005,0,2.613,16.276,6.773,9
TM4:bin_000184,0,0,0,0,0,0,0,0,0,0,0,0,0,0,0,0,0,0,0,0,0,0,0,0,0,0,0,0,0,0,0,0,0,0,0,0,0,0,0,0,0,0,0,0,0,0,0,0,0,0,0,0,0,0,0,0,0,0,0,0,0,0,0,0,0,0,0,0,0,0,0,0,0,0,0,0,0,0,0,0,0,0,0,0
TM4:bin_000189,0,0,0,0,0,0,0,0,0,0,0,0,0,0,0,0,0,0,0,0,0,0,0,0,0,0,0,0,0,0,0,0,0,1.101,0,0,0,0,0,0,0,0,0,0,0,0,0,0,0,0,0,0,0,0,0,0,0,0,0,0,0,0,0,0,0,0,0,0,0,0,1.866,0,1.82,0,0,0,0,0,0,0,0,0,0,0
TM4:bin_000200,0,0,0,0,0,0,0,0,0,0,0,0,0,0,0,0,0,0,0,0,0,0,0,0,0,0,0,0,0,0,0,0,0,0,0,0,0,0,0,0,0,0,0,0,0,0,0,0,0,0,0,0,0,0,0,0,0,0,0,0,0,0,0,0,0,0,0,0,0,0,0,0,0,0,0,0,0,0,0,0,0,0,0,0
TM4:bin_000204,4.044,3.94,0,3.614,2.628,8.374,0,2.346,6.686,0,8.692,10.384,10.797,0,4.816,0,4.767,4.023,0,4.129,10.236,3.933,8.32,3.43,2.608,3.799,4.42,0,5.808,0,7.636,2.338,8.106,10.172,6.521,3.886,7.453,0,4.144,0,5.332,5.471,10.982,4.46,7.125,4.803,13.48,0,3.237,3.715,1.632,0,2.007,0,5.433,6.729,3.306,0,0,11.777,3.592,6.127,10.872,0,9.161,6.242,0,5.14,0,2.209,8.202,2.405,18.851,3.628,9.454,8.706,2.139,0,0,0,3.639,3.003,3.328,6.204
TM4:bin_000209,0,0,0,0,0,0,0,0,0,0,0,0,0,0,0,0,0,0,0,0,0,0,0,0,0,0,0,0,0,0,0,0,0,0,0,0,0,0,0,0,0,0,0,0,0,0,0,0,0,0,0,0,0,0,0,0,0,0,0,0,0,0,0,0,0,0,0,0,0,0,0,0,1.38,0,0,0,0,0,0,0,0,0,0,0
TM4:bin_000211,0,0,0,0,0,0,0,0,0,0,0,0,0,0,0,0,0,0,0,0,0,0,0,0,0,0,0,0,0,0,0,0,0,0,0,0,0,0,0,0,0,0,0,0,0,0,0,0,0,0,0,0,0,0,0,0,0,0,0,0,0,0,0,0,0,0,0,0,0,0,0,0,0,0,0,0,0,0,0,0,0,0,0,0
TM4:bin_000216,0,0,0,0,0,0,0,0,0,0,0,0,0,0,0,0,0,0,0,0,0,0,0,0,0,0,0,0,0,0,0,0,0,0,0,0,0,0,0,0,0,0,0,0,0,0,0,0,0,0,0,0,0,0,0,0,0,0,0,0,0,0,0,0,0,0,0,0,0,0,0,0,0,0,0,0,0,0,0,0,0,0,0,0
TM4:bin_000248,34.106,26.249,0,29.044,11.288,86.915,2.811,6.712,6.407,5.202,84.022,10.13,48.174,0,61.392,3.913,27.184,14.105,5.214,8.81,10.114,11.717,73.206,30.072,23.846,39.969,62.401,0,5.051,0,30.862,5.494,29.001,26.202,4.701,103.675,5.95,0,15.658,0,40.678,3.482,57.068,3.429,19.145,31.51,29.496,0,1.903,33.3,1.604,0,12.067,0,16.684,9.475,5.803,0,0,43.646,4.577,46.417,60.141,5.116,9.067,17.944,0,25.099,0,8.963,29.355,12.786,54.727,15.553,56.795,66.122,96.604,0,0,0,26.453,11.299,9.714,22.886
TM4:bin_000249,14.929,0,0,0,0,2.575,0,0,2.879,0,1.459,15.101,6.998,0,5.464,1.669,9.175,3.394,0,2.916,0,0,1.935,0,16.261,6.093,0,0,38.811,0,7.485,0,2.024,0,1.97,1.992,0,0,0,0,2.645,9.472,7.559,4.103,6.164,3.615,5.828,0,8.441,3.49,0,0,2.43,0,3.448,4.146,2.692,0,0,7.367,1.959,2.235,3.393,0,2.243,0,0,3.596,0,0,0,0,18.354,7.002,0,1.445,2.207,0,0,0,0,1.489,0,3.503
TM4:bin_000259,0,0,0,0,0,0,0,0,0,0,1.391,0,3.019,0,0,0,0,0,0,0,2.59,0,2.197,0,0,0,0,0,0,0,0,0,0,1.281,0,1.76,0,0,0,0,1.544,1.379,2.852,0,0,0,2.357,0,0,0,0,0,0,0,0,1.586,0,0,0,2.987,0,0,1.486,0,0,0,0,0,0,0,1.89,0,2.348,0,0,0,0,0,0,0,0,0,0,0
TM4:bin_000261,0,0,0,0,0,0,0,0,0,0,0,0,0,0,0,0,0,0,0,0,0,0,0,0,0,0,0,0,0,0,0,0,0,0,0,0,0,0,0,0,0,0,0,0,0,0,0,0,0,0,0,0,0,0,0,0,0,0,0,0,0,0,0,0,0,0,0,0,0,0,0,0,0,0,0,0,0,0,0,0,0,0,0,0
TM4:bin_000267,0,0,0,0,0,2.229,0,0,0,0,0,0,0,0,0,0,0,0,0,0,4.938,0,0,0,2.308,2.687,0,0,0,0,0,1.619,0,0,3.231,0,0,0,0,0,2.602,0,0,0,2.215,2.683,11.277,0,1.677,0,0,0,0,0,0,3.608,0,0,0,3.892,0,0,0,0,2.951,0,0,0,0,0,2.293,0,19.892,2.164,0,0,0,0,0,0,0,0,0,0
TM4:bin_000275,1.972,0,0,1.94,0,2.257,0,0,0,0,1.723,2.538,3.455,0,0,0,1.936,0,0,1.302,2.19,0,2.972,0,0,0,0,0,2.304,0,2.424,1.544,1.635,2.981,0,3.703,2.553,0,2.349,0,1.893,2.228,1.709,1.701,2.526,1.51,4.278,0,0,0,0,0,0,0,0,2.219,0,0,0,2.578,0,1.542,2.482,0,2.862,0,0,1.368,0,0,4.471,0,7.054,1.751,0,1.757,0,0,0,0,0,0,0,1.228
TM4:bin_000278,0,0,0,0,0,0,0,0,0,0,0,0,0,0,0,0,0,0,0,0,0,0,0,0,0,0,0,0,0,0,0,0,0,0,0,0,0,0,0,0,0,0,0,0,0,0,0,0,0,0,0,0,0,0,0,0,0,0,0,0,0,0,0,0,0,0,0,0,0,0,0,0,0,0,0,0,0,0,0,0,0,0,0,0
TM4:bin_000285,4.289,0,0,12.802,5.28,12.54,0,2.815,25.65,0,5.922,6.453,12.462,0,4.76,0,10.243,1.781,3.112,4.581,7.366,4.254,2.072,0,11.908,9.259,7.254,0,0,0,6.492,0,5.922,11.718,12.839,3.064,2.661,0,15.308,0,1.255,9.036,8.026,5.443,29.445,1.938,15.884,0,0,4.499,1.802,0,3.107,0,2.649,17,31.97,0,0,20.107,0,8.211,13.473,0,27.774,22.219,0,5.602,0,0,14.45,5.115,19.268,3.41,22.831,21.344,2.114,0,0,2.859,0,2.304,2.403,7.763
TM4:bin_000286,0,0,0,0,0,0,0,0,0,0,0,0,0,0,0,0,0,0,0,0,0,0,0,0,0,0,0,0,0,0,0,0,0,0,0,0,0,0,0,0,0,0,0,0,0,0,0,0,0,0,0,0,0,0,0,0,0,0,0,0,0,0,0,0,0,0,0,0,0,0,0,0,0,0,0,0,0,0,0,0,0,0,0,0
TM4:bin_000287,0,0,0,0,0,0,0,0,0,0,0,0,0,0,0,0,0,0,0,0,0,0,0,0,0,0,0,0,0,0,0,0,0,0,0,0,0,0,0,0,0,0,0,0,0,0,0,0,0,0,0,0,0,0,0,0,0,0,0,0,0,0,0,0,0,0,0,0,0,0,0,0,0,0,0,0,0,0,0,0,0,0,0,0
TM4:bin_000305,0,0,0,0,0,0,0,0,0,0,0,0,0,0,0,0,0,0,0,0,0,0,0,0,0,0,0,0,0,0,0,0,0,0,0,0,0,0,0,0,0,0,0,0,0,0,0,0,0,0,0,0,0,0,0,0,0,0,0,0,0,0,0,0,0,0,0,0,0,0,0,0,0,0,0,0,0,0,0,0,0,0,0,0
TM4:bin_000312,0,0,0,0,0,0,0,0,0,0,0,0,0,0,0,0,0,0,0,0,0,0,0,0,0,0,0,0,0,0,0,0,0,0,0,0,0,0,0,0,0,0,0,0,0,0,0,0,0,0,0,0,0,0,0,0,0,0,0,0,0,0,0,0,0,0,0,0,0,0,0,0,0,0,0,0,0,0,0,0,0,0,0,0
TM4:bin_000316,8.408,3.602,0,2.701,5.626,10.595,1.955,2.771,8.054,2.373,11.164,7.772,13.085,0,5.279,8.108,4.883,4.261,0,3.259,24.429,7.238,11.924,2.397,4.495,3.717,2.889,0,7.225,0,11.186,4.709,11.352,13.437,4.383,2.437,2.255,0,5.949,0,13.729,10.778,5.233,4.844,12.362,7.774,17.475,0,5.026,3.309,2.701,0,5.878,0,6.903,18.918,2.133,0,0,34.365,2.442,5.79,7.197,0,15.232,3.257,0,7.871,0,3.266,11.279,2.213,27.27,8.334,4.286,8.218,4.855,0,0,0,7.691,3.717,6.505,5.447
