genome,M305503,M305392,M305364,M305409,M305461,M305387,M305497,M305393,M305401,M305491,M305495,M305478,M305391,M305395,M305500,M305492,M305460,M305498,M305485,M305501,M305462,M305370,M305399,M305373,M305380,M305494,M305480,M305465,M305468,M305476,M305467,M305479,M305394,M305369,M305504,M305473,M305371,M305463,M305482,M305389,M305402,M305368,M305405,M305388,M305471,M305472,M305367,M305483,M305383,M305408,M305378,M305375,M305486,M305379,M305386,M305466,M305484,M305403,M305372,M305400,M305382,M305365,M305499,M305377,M305398,M305470,M305397,M305496,M305488,M305475,M305490,M305381,M305507,M305406,M305410,M305407,M305404,M305469,M305374,M305384,M305506,M305489,M305505,M305477
00:bin_000002,4.65,6.576,6.059,9.256,4.655,4.321,5.041,21.583,27.602,9.842,7.335,7.789,9.879,8.309,8.222,10.392,6.104,6.103,0,25.913,26.409,10.077,7.389,0,4.82,11.964,19.398,20,1.817,17.442,10.344,12.127,12.431,10.825,0,17.127,6.32,3.77,0,3.284,0,16.026,4.246,9.13,10.106,15.281,0,27.243,20.919,4.363,6.969,18.205,5.871,6.459,1.59,6.663,10.837,0,9.394,19.784,0,3.85,9.039,7.546,6.783,8.462,7.287,17.324,1.914,2.444,12.233,1.157,20.062,3.24,4.826,6.509,2.623,5.614,9.608,16.012,4.791,3.763,0,0
00:bin_000004,0,0,0,0,0,0,0,1.283,2.017,1.522,0,0,0,0,0,4.243,0,4.751,0,1.592,2.072,3.547,0,0,0,0,3.32,2.217,0,2.675,0,0,0,0,0,1.772,1.955,0,0,0,0,0.851,0,0,2.012,0,0,1.426,2.696,0.985,0,1.947,0,2.972,0,0,0,0,0,0,2.319,0,0,0,1.293,0,0,1.775,0,0,0,0.967,1.162,1.517,0,0,1.453,0,0,0.952,0,0,0,0
00:bin_000007,0,3.642,0,4.349,0,0,0,2.322,5.598,1.694,2.149,0,2.815,1.575,0,0,0,1.411,0,3.825,2.733,3.365,1.984,0,0,0,7.982,4.271,0,3.482,2.824,2.127,3.183,4.048,0,3.385,2.609,0,0,0,0,4.508,1.688,0,0,2.337,0,6.421,2.455,0,4.276,6.888,0,2.758,0,2.065,1.796,0,1.908,5.107,0,0,0,0,0,2.574,0,3.028,0,0,2.74,0,3.586,0,0,0,0,0,4.778,4.693,1.822,1.636,0,0
00:bin_000010,0,0,0,0,0,0,0,0,0,0,0,0,0,0,0,0,0,0,0,0,0,0,0,0,0,0,0,0,0,0,0,0,0,0,0,0,0,0,0,0,0,0,0,0,0,0,0,0,0,0,0,0,0,0,0,0,0,0,0,0,0,0,0,0,0,0,0,0,0,0,0,0,0,0,0,0,0,0,0,0,0,0,0,0
00:bin_000015,4.78,13.462,13.942,18.741,3.849,4.05,8.122,14.641,22.339,13.503,12.144,7.866,11.289,7.194,7.22,17.416,9.052,6.77,0,26.695,19.635,23.348,8.086,1.832,3.501,13.759,32.554,14.401,2.683,19.378,24.805,20.214,17.478,12.456,0,18.143,4.801,2.532,0,7.189,0,23.056,6.277,5.588,10.788,13.768,0,32.807,35.266,7.18,18.781,34.101,7.752,11.767,0,13.916,16.164,0,14.904,19.932,0,7.793,12.33,14.595,13.914,12.028,6.732,12.282,4.966,0,10.75,4.398,19.498,4.223,2.675,5.178,5.212,7.448,12.945,26.779,8.602,6.829,0,0
00:bin_000024,0,0,0,3.608,0,0,0,0,0,0,0,1.583,0,0,0,0,0,0,0,2.278,0,0,0,0,0,0,2.691,0,0,0,0,0,0,0,0,0,0,0,0,0,0,1.574,0,0,0,2.214,0,2.647,0,0,0,3.694,0,0,0,0,0,0,0,0,0,0,0,0,0,0,0,0,0,0,0,0,0,0,0,0,0,0,0,1.65,0,0,0,0
00:bin_000030,0,0,0,0,0,0,0,0,0,0,0,0,0,0,0,0,0,0,0,0,0,0,0,0,0,0,0,0,0,0,0,0,0,0,0,0,0,0,0,0,0,0,0,0,0,0,0,0,0,0,0,0,0,0,0,0,0,0,0,0,0,0,0,0,0,0,0,0,0,0,0,0,0,0,0,0,0,0,0,0,0,0,0,0
00:bin_000037,0,0,0,0,0,0,0,0,0,0,0,0,0,0,0,0,0,0,0,0,0,0,0,0,0,0,0,0,0,0,0,0,0,0,0,0,0,0,0,0,0,0,0,0,0,0,0,0,0,0,0,0,0,0,0,0,0,0,0,0,0,0,0,0,0,0,0,0,0,0,0,0,0,0,0,0,0,0,0,0,0,0,0,0
00:bin_000040,0,0,0,0,0,0,0,0,2.909,1.462,0,0,0,0,0,0,0,0,0,1.985,0,0,1.294,0,0,0,3.777,3.013,0,2.956,0,0,0,0,0,0,0,0,0,0,0,1.199,1.25,0,0,1.596,0,1.728,2.579,0,0,2.571,0,0,1.039,0,0,0,0,0,0,0,0,1.519,2.082,0,0,0,0,0,0,0,0,0,0,0,0,0,0,0,0,0,0,0
00:bin_000043,0,0,0,0,0,0,0,0,1.858,0,0,0,0,0,0,0,0,0,0,0,0,0,0,0,0,0,0,0,0,1.882,0,0,0,0,0,0,0,0,0,0,0,0.971,0,0,0,0,0,2.776,0,0,0,0,0,0,0,0,0,0,0,0,0,0,0,0,0,0,0,0,0,0,0,0,0,0,0,0,0,0,0,0,0,0,0,0
00:bin_000048,0,0,0,0,0,0,0,0,0,0,0,0,0,0,0,0,0,0,0,0,0,0,0,0,0,0,0,0,0,0,0,0,0,0,0,0,0,0,0,0,0,0,0,0,0,0,0,0,0,0,0,0,0,0,0,0,0,0,0,0,0,0,0,0,0,0,0,0,0,0,0,0,0,0,0,0,0,0,0,0,0,0,0,0
00:bin_000049,0,0,0,1.748,0,0,0,0,0,0,0,0,0,0,0,0,0,0,0,0,0,0,0,0,0,0,0,0,0,0,0,0,0,0,0,0,0,0,0,0,0,0,0,0,0,0,0,2.635,0,0,0,0,0,0,0,0,0,0,1.199,0,0,0,0,0,0,0,0,0,0,0,0,0,0,0,0,0,0,0,0,0.987,0,0,0,0
00:bin_000052,0,0,0,0,0,0,0,0,0,0,0,0,0,0,0,0,0,0,0,0,0,0,0,0,0,0,0,0,0,0,0,0,0,0,0,0,0,0,0,0,0,0,0,0,0,0,0,0,0,0,0,0,0,0,0,0,0,0,0,0,0,0,0,0,0,0,0,0,0,0,0,0,0,0,0,0,0,0,0,0,0,0,0,0
00:bin_000054,0,0,0,0,0,0,0,0,0,0,0,0,0,0,0,0,0,0,0,0,0,0,0,0,0,0,0,0,0,0,0,0,0,0,0,0,0,0,0,0,0,0,0,0,0,0,0,0,0,0,0,0,0,0,0,0,0,0,0,0,0,0,0,0,0,0,0,0,0,0,0,0,0,0,0,0,0,0,0,0,0,0,0,0
00:bin_000057,0,0,0,0,0,0,0,0,0,0,0,0,0,0,0,0,0,0,0,0,0,0,0,0,0,0,0,0,0,0,0,0,0,0,0,0,0,0,0,0,0,0,0,0,0,0,0,0,0,0,0,0,0,0,0,0,0,0,0,0,0,0,0,0,0,0,0,0,0,0,0,0,0,0,0,0,0,0,0,0,0,0,0,0
00:bin_000065,0,0,0,0,0,0,0,0,0,0,0,0,0,0,0,0,0,0,0,0,0,0,0,0,0,0,0,0,0,0,0,0,0,0,0,0,0,0,0,0,0,0,0,0,0,0,0,0,0,0,0,0,0,0,0,0,0,0,0,0,0,0,0,0,0,0,0,0,0,0,0,0,0,0,0,0,0,0,0,0,0,0,0,0
00:bin_000067,0,4.73,0,1.821,0,0,0,3.543,8.595,4.631,3.119,2.773,2.33,2.193,2.922,1.573,1.624,1.827,0,9.898,7.947,4.379,1.298,0,0,1.176,7.947,2.153,0,4.097,4.685,6.21,5.612,4.421,0,8.773,1.461,1.695,0,2.643,0,5.512,1.449,0,2.507,3.846,0,12.247,9.18,2.472,2.932,8.82,0,2.261,0,3.015,4.336,0,1.911,3.212,0,1.845,0,2.847,2.229,4.117,2.65,3.362,1.54,0,2.941,0,7.38,1.724,0,0,0,0,3.891,7.39,2.306,3.798,0,0
00:bin_000077,0,0,0,0,0,0,0,0,0,0,0,0,0,0,0,0,0,0,0,0,0,0,0,0,0,0,0,0,0,0,0,0,0,0,0,0,0,0,0,0,0,0,0,0,0,0,0,0,0,0,0,0,0,0,0,0,0,0,0,0,0,0,0,0,0,0,0,0,0,0,0,0,0,0,0,0,0,0,0,0,0,0,0,0
00:bin_000098,0,0,0,0,0,0,0,0,0,0,0,0,0,0,0,0,0,0,0,0,0,0,0,0,0,0,0,0,0,0,0,0,0,0,0,0,0,0,0,0,0,0,0,0,0,0,0,0,0,0,0,0,0,0,0,0,0,0,0,0,0,0,0,0,0,0,0,0,0,0,0,0,0,0,0,0,0,0,0,0,0,0,0,0
00:bin_000105,0,0,0,0,0,0,0,0,0,0,0,0,0,0,0,0,0,0,0,0,0,0,0,0,0,0,0,0,0,0,0,0,0,0,0,0,0,0,0,0,0,0,0,0,0,0,0,0,0,0,0,0,0,0,0,0,0,0,0,0,0,0,0,0,0,0,0,0,0,0,0,0,0,0,0,0,0,0,0,0,0,0,0,0
00:bin_000114,0,0,0,0,0,0,0,0,0,0,0,0,0,0,0,0,0,0,0,0,0,0,0,0,0,0,0,0,0,0,0,0,0,0,0,0,0,0,0,0,0,0,0,0,0,0,0,0,0,0,0,0,0,0,0,0,0,0,0,0,0,0,0,0,0,0,0,0,0,0,0,0,0,0,0,0,0,0,0,0,0,0,0,0
00:bin_000122,0,2.377,1.697,4.493,0,0,0,4.94,7.237,4.444,2.669,1.995,4.176,2.212,1.388,1.737,2.331,1.609,0,10.702,3.043,4.17,1.484,0,0,0,8.484,5.882,0,4.573,6.43,2.85,3.176,0,0,6.531,0,1.471,0,0,0,7.34,2.218,1.411,0,4.361,0,8.997,10.435,1.149,4.257,6.413,2.15,4.225,0,3.546,4.019,0,2.245,2.236,0,2.51,0,2.129,3.928,3.321,1.884,2.249,1.468,0,3.611,0.967,5.808,3.372,0,0,1.295,0,3.603,8.004,0,2.273,0,0
00:bin_000123,0,0,0,0,0,0,0,0,2.453,0,0,0,0,0,0,0,0,0,0,0,0,0,0,0,0,0,1.215,0,0,0,0,0,1.508,0,0,0,0,0,0,0,0,1.466,0,0,0,0,0,2.811,0,0,0,1.989,0,0,0,0,0,0,0,0,0,0,0,0,0,0,0,0,0,0,0,0,0,0,0,0,0,0,0,1.437,0,0,0,0
00:bin_000129,0,0,0,0,0,0,0,0,0,0,0,0,0,0,0,0,0,0,0,0,0,0,0,0,0,0,0,0,0,0,0,0,0,0,0,0,0,0,0,0,0,0,0,0,0,0,0,0,0,0,0,0,0,0,0,0,0,0,0,0,0,0,0,0,0,0,0,0,0,0,0,0,0,0,0,0,0,0,0,0,0,0,0,0
00:bin_000144,0,1.769,2.262,0,0,0,0,0,3.707,0,0,0,2.395,0,0,2.71,0,0,0,4.032,4.723,3.113,1.769,0,0,1.614,5.716,0,0,2.136,2.697,2.5,1.966,2.264,0,0,0,0,0,0,0,3.63,0,0,0,0,0,6.183,4.795,1.251,0,5.756,0,0,0,0,1.821,0,0,2.863,0,0,1.61,1.812,0,1.888,0,0,0,0,1.837,1.044,3.667,0,0,0,0,0,2.366,2.613,0,0,0,0
00:bin_000146,0,0,0,0,0,0,0,0,0,0,0,0,0,0,0,0,0,0,0,0,0,0,0,0,0,0,0,0,0,0,0,0,0,0,0,0,0,0,0,0,0,0,0,0,0,0,0,0,0,0,0,0,0,0,0,0,0,0,0,0,0,0,0,0,0,0,0,0,0,0,0,0,0,0,0,0,0,0,0,0,0,0,0,0
00:bin_000151,0,0,0,0,0,0,0,0,0,0,0,0,0,0,0,0,0,0,0,0,0,0,0,0,0,0,0,0,0,0,0,0,0,0,0,0,0,0,0,0,0,0,0,0,0,0,0,0,0,0,0,0,0,0,0,0,0,0,0,0,0,0,0,0,0,0,0,0,0,0,0,0,0,0,0,0,0,0,0,0,0,0,0,0
00:bin_000159,0,0,0,0,0,0,0,0,0,0,0,0,0,0,0,0,0,0,0,0,0,0,0,0,0,0,0,0,0,0,0,0,0,0,0,0,0,0,0,0,0,0,0,0,0,0,0,0,0,0,0,0,0,0,0,0,0,0,0,0,0,0,0,0,0,0,0,0,0,0,0,0,0,0,0,0,0,0,0,0,0,0,0,0
00:bin_000162,2.2,9.331,2.87,12.073,4.089,2.897,10.286,10.73,27.19,15.029,5.478,6.588,9.643,6.02,7.245,13.02,5.35,4.675,0,27.141,23.109,22.05,7.236,0,2.7,14.072,29.087,14.745,2.687,13.974,14.849,10.729,12.348,8.939,0,14.454,3.868,3.06,0,3.007,0,18.14,4.053,6.141,10.267,8.125,0,38.451,15.298,4.513,9.646,24.219,4.467,12.032,1.122,6.957,12.638,0,7.929,10.532,0,4.652,8.83,20.873,8.513,11.182,5.942,8.527,3.141,0,13.479,3.395,23.003,3.179,3.811,4.258,3.536,6.046,11.361,20.042,7.807,8.897,0,0
00:bin_000163,0,0,0,0,0,0,0,0,0,0,0,0,0,0,0,0,0,0,0,0,0,0,0,0,0,0,0,0,0,0,0,0,0,0,0,0,0,0,0,0,0,0,0,0,0,0,0,0,0,0,0,0,0,0,0,0,0,0,0,0,0,0,0,0,0,0,0,0,0,0,0,0,0,0,0,0,0,0,0,0,0,0,0,0
00:bin_000167,0,0,0,0,0,0,0,0,0,1.554,0,0,0,0,0,0,0,0,0,1.509,0,0,0,0,0,0,0,0,0,0,0,0,0,0,0,0,0,0,0,0,0,1.31,0,0,0,0,0,0,0,0,0,1.763,0,0,0,0,0,0,0,0,0,0,0,0,0,0,0,0,0,0,0,0,0,0,0,0,0,0,2.792,1.678,0,0,0,0
00:bin_000171,0,2.406,0,2.802,0,0,1.729,2.108,4.592,1.894,0,0,0,2.122,0,1.854,0,0,0,4.361,4.349,4.222,0,0,0,1.501,8.134,4.163,0,2.596,2.659,3.071,2.009,1.624,0,4.021,0,0,0,0,0,1.61,2.374,0,0,5.105,0,6.695,4.824,1.454,0,4.346,0,0,0.937,0,0,0,1.187,1.795,0,0,0,2.728,0,3.252,1.172,1.563,0,0,2.715,1.778,2.017,2.486,1.182,0,0,0,2.667,3.703,0,2.336,0,0
00:bin_000175,0,0,0,0,0,0,0,0,0,0,0,0,0,0,0,0,0,0,0,2.564,2.06,0,0,0,0,0,2.804,0,0,0,0,0,0,0,0,0,0,0,0,0,0,0,0,0,0,0,0,3.396,0,0,0,0,0,0,0,0,0,0,0,0,0,0,0,1.748,0,0,0,0,0,0,0,0,2.059,0,0,0,0,0,0,1.732,0,0,0,0
00:bin_000181,0,2.686,0,0,0,0,0,0,1.252,0,0,0,0,0,0,0,1.578,0,0,2.017,0,0,0,0,0,0,2.444,1.596,0,0,1.378,0,0,0,0,0,1.717,0,0,0,0,2.133,0,0,0,1.175,0,1.994,1.494,1.507,0,1.977,0,0,0,0,0,0,0,0,1.442,0,0,1.269,0,1.913,0,0,0,0,0,0,1.165,1.312,0,0,0,0,0,1.648,0,0,0,0
00:bin_000184,0,0,0,0,0,0,0,0,0,0,0,0,0,0,0,0,0,0,0,0,0,0,0,0,0,0,0,0,0,0,0,0,0,0,0,0,0,0,0,0,0,0,0,0,0,0,0,0,0,0,0,0,0,0,0,0,0,0,0,0,0,0,0,0,0,0,0,0,0,0,0,0,0,0,0,0,0,0,0,0,0,0,0,0
00:bin_000194,0,0,0,0,0,0,0,0,0,0,0,0,0,0,0,0,0,0,0,0,0,0,0,0,0,0,0,0,0,0,0,0,0,0,0,0,0,0,0,0,0,0,0,0,0,0,0,0,0,0,0,0,0,0,0,0,0,0,0,0,0,0,0,0,0,0,0,0,0,0,0,0,0,0,0,0,0,0,0,0,0,0,0,0
00:bin_000198,0,0,0,0,0,0,0,0,0,0,0,0,0,0,0,0,0,0,0,0,0,0,0,0,0,0,0,0,0,0,0,0,0,0,0,0,0,0,0,0,0,0,0,0,0,0,0,0,0,0,0,0,0,0,0,0,0,0,0,0,0,0,0,0,0,0,0,0,0,0,0,0,0,0,0,0,0,0,0,0,0,0,0,0
00:bin_000200,0,0,2.108,0,0,0,0,0,0,0,0,0,0,0,0,2.037,0,0,0,1.961,0,2.217,0,1.448,0,1.51,1.325,1.332,0,2.117,1.346,0,0,0,0,0,0,0,0,0,0,1.003,0,0,0,0,0,0,2.154,0,0,0,0,2.06,0,0,0,0,0,0,0,0,0,1.089,0,0,0,0,0,0,0,0,1.234,0,0,0,0,0,0,1.071,0,0,0,0
00:bin_000204,0,0,0,0,0,0,0,0,0,0,0,0,0,0,0,0,0,0,0,0,0,0,0,0,0,0,0,0,0,0,0,0,0,0,0,0,0,0,0,0,0,0,0,0,0,0,0,0,0,0,0,0,0,0,0,0,0,0,0,0,0,0,0,0,0,0,0,0,0,0,0,0,0,0,0,0,0,0,0,0,0,0,0,0
00:bin_000205,0,0,0,0,0,0,0,0,1.475,0,0,0,0,0,0,0,0,0,0,1.817,0,0,0,0,0,0,1.34,0,0,0,1.401,0,0,0,0,1.644,0,0,0,0,0,1.677,0,0,0,0,0,1.568,2.265,0,0,3.285,0,0,0,0,0,0,0,0,0,0,0,0,0,0,0,0,0,0,0,0,0,0,0,0,0,0,0,1.323,0,0,0,0
00:bin_000212,0,0,2.54,0,0,0,0,2.339,2.905,3.516,1.714,0,1.652,1.88,0,3.481,2.22,0,0,2.539,2.416,5.13,1.288,0,1.139,2.885,3.274,3.554,0,2.822,1.528,3.06,2.396,1.46,0,0,0,0,0,2.016,0,3.246,1.274,1.421,0,2.418,0,6.112,3.15,0,2.349,6.27,0,2.177,0,2.813,2.713,0,1.156,4.188,0,0,0,1.969,1.706,1.633,1.463,1.673,0,0,2.602,0,4.626,0,0,0,0,0,2.135,3.046,0,0,0,0
00:bin_000217,0,0,0,0,0,0,2.126,1.729,0,0,0,0,0,0,0,0,0,0,0,5.463,0,0,0,0,0,1.908,0,0,4.004,0,0,0,0,0,0,0,0,1.79,0,0,0,0,0,1.935,1.589,0,0,2.111,0,0,0,0,0,0,0,0,0,0,0,0,0,0,0,0,0,0,0,0,0,0,0,0,0,0,0,0,0,2.078,0,0,0,0,0,0
00:bin_000221,0,0,0,0,0,0,0,0,0,0,0,0,0,0,0,0,0,0,0,0,0,0,0,0,0,0,0,0,0,0,0,0,0,0,0,0,0,0,0,0,0,0,0,0,0,0,0,0,0,0,0,0,0,0,0,0,0,0,0,0,0,0,0,0,0,0,0,0,0,0,0,0,0,0,0,0,0,0,0,0,0,0,0,0
00:bin_000228,0,0,0,0,0,0,0,0,0,0,0,0,0,0,0,0,0,0,0,0,0,0,0,0,0,0,0,0,0,0,0,0,0,0,0,0,0,0,0,0,0,0,0,0,0,0,0,0,0,0,0,0,0,0,0,0,0,0,0,0,0,0,0,0,0,0,0,0,0,0,0,0,0,0,0,0,0,0,0,1.367,0,0,0,0
00:bin_000232,15.169,59.968,29.429,50.385,17.439,19.046,37.701,63.782,130.045,57.961,37.282,30.943,33.933,27.396,25.071,59.521,26.067,30.209,2.802,131.708,81.192,72.766,29.469,5.035,25.509,66.806,110.866,75.269,18.863,67.592,61.458,65.13,63.68,49.08,0,61.724,24.55,9.709,0,19.007,0,78.278,29.939,33.243,26.718,49.795,3.454,160.265,108.967,23.543,45.626,138.867,18.508,31.405,7.465,55.507,72.583,0,44.677,87.022,0,34.398,30.863,65.742,42.73,60.903,31.984,47.131,19.672,4.324,61.842,15.358,80.669,25.32,19.917,24.172,16.862,13.681,48.124,127.808,32.426,27.151,4.409,0
00:bin_000238,0,0,0,0,0,0,0,0,0,0,0,0,0,0,0,0,0,0,0,0,0,0,0,0,0,0,0,0,0,0,0,0,0,0,0,0,0,0,0,0,0,0,0,0,0,0,0,0,0,0,0,0,0,0,0,0,0,0,0,0,0,0,0,0,0,0,0,0,0,0,0,0,0,0,0,0,0,0,0,0,0,0,0,0
00:bin_000241,0,0,0,0,0,0,0,0,0,0,0,0,2.402,0,0,0,0,0,0,2.043,2.313,0,0,0,0,0,1.734,1.503,0,0,0,0,0,0,0,0,0,0,0,0,0,1.397,0,0,0,0,0,2.618,0,0,0,2.578,0,0,0,0,0,0,4.496,0,0,0,0,0,0,0,0,2.932,0,0,0,0,1.655,0,0,0,0,0,0,0,0,0,0,0
00:bin_000243,5.007,25.138,13.352,19.122,6.288,6.882,15.753,25.715,39.204,25.767,11.939,16.457,18.478,14.776,10.028,27.693,13.192,9.198,0,46.914,28.085,41.975,12.436,3.565,5.645,24.477,47.918,31.762,9.784,36.205,31.27,27.498,34.576,13.792,0,23.372,10.535,3.723,0,10.969,0,25.925,8.313,8.564,21.619,21.724,0,61.655,47.761,5.743,22.014,56.431,5.88,15.987,1.894,12.705,26.947,0,10.804,34.574,0,17.83,15.672,34.05,14.799,25.851,13.307,21.126,8.661,0,16.749,5.756,30.957,12.53,8.462,12.739,4.947,11.168,20.252,27.143,14.698,11.916,3.384,0
00:bin_000285,0,0,0,0,0,0,0,0,0,0,0,0,0,0,0,0,0,0,0,0,0,0,0,0,0,0,0,0,0,0,0,0,0,0,0,0,0,0,0,0,0,0,0,0,0,0,0,0,0,0,0,0,0,0,0,0,0,0,0,0,0,0,0,0,0,0,0,0,0,0,0,0,0,0,0,0,0,0,0,0,0,0,0,0
00:bin_000287,1.868,4.834,4.012,5.833,1.82,1.979,4.181,6.007,14.487,7.124,3.286,5.374,4.625,7.123,4.145,5.952,4.633,2.664,0,16.208,11.394,8.43,3.975,1.668,2.701,4.924,17.56,7.92,2.585,8.173,10.167,7.925,8.544,6.292,0,10.154,4.588,0,0,2.777,0,13.186,2.683,2.671,4.984,6.967,0,21.807,13.111,2.04,6.511,17.316,1.813,5.802,0,5.741,6.043,0,3.453,7.913,0,3.938,5.551,8.312,4.132,7.816,3.894,5.116,0,0,6.196,1.822,11.216,3.16,1.962,2.791,0,2.644,9.904,10.8,3.253,4.43,0,0
00-TM1:bin_000014,1.878,0,0,2.743,0,0,1.389,0,2.019,0,0,5.646,2.443,0,0,4.366,1.467,0,0,4.009,6.093,0,0,0,0,0,0,5.775,0,0,2.033,2.32,1.87,0,0,2.084,0,0,0,0,0,5.479,0,1.583,3.074,4.322,0,2.1,3.103,1.122,1.818,3.276,0,0,0,0,2.576,0,0,1.698,0,0,1.54,6.731,1.373,0,4.492,1.504,0,0,1.286,0,0,2.773,0,0,0,1.958,0,3.082,0,0,0,0
00-TM1:bin_000022,3.026,9.829,5.922,11.987,1.576,3.19,3.797,9.577,25.731,12.723,4.814,4.034,6.925,3.043,4.525,5.453,4.242,4.977,0,28.073,19.507,11.274,5.348,1.944,0,5.813,24.596,9.14,2.988,13.246,14.726,12.267,9.623,7.993,0,15.647,0,3.373,0,2.116,0,14.201,2.625,2.774,6.555,6.504,0,29.098,17.17,4.198,6.601,23.27,4.464,5.449,0,5.995,7.871,0,6.235,11.101,0,3.732,4.692,10.956,3.275,9.441,4.825,8.651,2.22,0,6.839,1.732,15.142,3.484,2.632,2.78,1.863,2.826,7.22,16.675,3.875,6.408,0,0
00-TM1:bin_000047,0,0,0,0,0,0,0,0,0,0,0,0,0,0,0,0,0,0,0,0,0,0,0,0,0,0,0,0,0,0,0,0,0,0,0,0,0,0,0,0,0,0,0,0,0,0,0,0,0,0,0,0,0,0,0,0,0,0,0,0,0,0,0,0,0,0,0,0,0,0,0,0,0,0,0,0,0,0,0,0,0,0,0,0
00-TM1:bin_000048,0,0,0,0,0,0,0,0,0,0,0,0,0,0,0,0,0,0,0,0,0,0,0,0,0,0,0,0,0,0,0,0,0,0,0,0,0,0,0,0,0,0,0,0,0,0,0,0,0,0,0,0,0,0,0,0,0,0,0,0,0,0,0,0,0,0,0,0,0,0,0,0,0,0,0,0,0,0,0,0,0,0,0,0
00-TM1:bin_000056,0,0,0,0,0,0,0,0,0,0,0,0,0,0,0,0,0,0,0,0,0,0,0,0,0,0,0,0,0,0,0,0,0,0,0,0,0,0,0,0,0,0,0,0,0,0,0,0,0,0,0,0,0,0,0,0,0,0,0,0,0,0,0,0,0,0,0,0,0,0,0,0,0,0,0,0,0,0,0,0,0,0,0,0
00-TM1:bin_000074,0,0,0,0,0,0,0,0,0,0,0,0,0,0,0,0,0,0,0,0,0,0,0,0,0,0,0,0,0,0,0,0,0,0,0,0,0,0,0,0,0,0,0,0,0,0,0,0,0,0,0,0,0,0,0,0,0,0,0,0,0,0,0,0,0,0,0,0,0,0,0,0,0,0,0,0,0,0,0,0,0,0,0,0
00-TM1:bin_000078,0,0,0,4.094,0,0,0,2.829,3.1,1.72,0,0,1.569,0,0,0,0,0,0,2.387,4.635,1.809,0,0,0,0,3.631,2.667,0,2.294,3.678,0,0,0,0,1.675,0,0,0,0,0,1.515,0,0,1.786,0,0,2.838,2.057,0,0,4.94,0,0,0,1.884,2.656,0,0,1.599,0,2.851,0,1.688,0,2.925,0,0,0,0,0,0,3.964,0,0,0,0,0,1.52,2.57,0,1.601,0,0
00-TM1:bin_000084,0,0,0,0,0,0,0,0,0,0,0,0,0,0,0,0,0,0,0,0,0,0,0,0,0,0,0,0,0,0,0,0,0,0,0,0,0,0,0,0,0,0,0,0,0,0,0,0,0,0,0,0,0,0,0,0,0,0,0,0,0,0,0,0,0,0,0,1.975,0,0,0,0,0,0,0,0,0,0,0,0,0,0,0,0
00-TM1:bin_000088,0,0,0,0,0,0,0,0,0,0,0,0,0,0,0,0,0,0,0,0,0,0,0,0,0,0,0,0,0,0,0,0,0,0,0,0,0,0,0,0,0,0,0,0,0,0,0,0,0,0,0,0,0,0,0,0,0,0,0,0,0,0,0,0,0,0,0,0,0,0,0,0,0,0,0,0,0,0,0,0,0,0,0,0
00-TM1:bin_000099,0,0,0,0,0,0,0,0,0,0,0,0,0,0,0,0,0,0,0,0,0,0,0,0,0,0,0,0,0,0,0,0,0,0,0,0,0,0,0,0,0,0,0,0,0,0,0,0,0,0,0,0,0,0,0,0,0,0,0,0,0,0,0,0,0,0,0,0,0,0,0,0,0,0,0,0,0,0,0,0,0,0,0,0
00-TM1:bin_000117,0,0,0,0,0,0,0,0,0,0,0,0,0,0,0,0,0,0,0,0,0,0,0,0,0,0,0,0,0,0,0,0,0,0,0,0,0,0,0,0,0,0,0,0,0,0,0,0,0,0,0,1.99,0,0,0,0,0,0,0,0,0,0,0,0,0,0,0,0,0,0,0,0,0,0,0,0,0,0,0,2.127,0,0,0,0
00-TM1:bin_000135,1.87,4.741,0,5.423,1.672,0,4.202,5.244,11.244,4.83,2.887,2.996,3.392,1.872,2.169,4.181,2.464,2.519,0,11.679,11.405,3.812,3.092,0,0,4.076,10.354,5.777,2.212,6.487,7.32,6.643,4.535,4.432,0,7.581,0,2.337,0,1.598,0,5.928,2.099,2.399,5.012,6.705,0,13.889,6.97,2.048,3.841,10.695,2.041,3.118,0,3.25,4.685,0,1.858,5.2,0,3.034,3.125,3.811,1.36,5.076,3.124,4.779,1.709,0,4.714,0,9.654,1.52,1.581,2.006,0,3.426,4.024,5.869,3.612,5.001,0,0
00-TM2:bin_000005,0,0,0,0,0,0,0,0,0,0,0,0,0,0,0,0,0,0,0,0,0,0,0,0,0,0,0,0,0,0,0,0,0,0,0,0,0,0,0,0,0,0,0,0,0,0,0,0,0,0,0,0,0,0,0,0,0,0,0,0,0,0,0,0,0,0,0,0,0,0,0,0,0,0,0,0,0,0,0,0,0,0,0,0
00-TM2:bin_000007,20.936,75.366,53.246,67.215,21.66,20.625,42.047,73.669,151.656,90.511,41.006,42.754,55.979,31.847,45.272,109.171,38.665,29.051,1.587,178.809,106.767,99.173,29.087,3.621,26.72,99.141,131.595,100.372,24.142,132.322,81.657,98.861,87.22,62.074,0,113.517,32.604,35.077,0,25.805,0,98.436,20.237,63.991,45.802,69.109,3.998,195.234,93.54,26.555,50.303,151.749,39.046,49.839,18.468,66.783,74.859,1.167,29.458,81.431,2.117,40.598,42.513,94.164,54.662,58.293,49.202,79.426,36.073,7.667,68.993,16.623,85.705,39.372,24.556,23,34.402,19.229,53.104,103.712,31.263,47.276,7.47,0
00-TM2:bin_000016,0,0,0,0,0,0,0,0,0,0,0,0,0,0,0,0,0,0,0,0,0,0,0,0,0,0,0,0,0,0,0,0,0,0,0,0,0,0,0,0,0,0,0,0,0,0,0,0,0,0,0,0,0,0,0,0,0,0,0,0,0,0,0,0,0,0,0,0,0,0,0,0,0,0,0,0,0,0,0,0,0,0,0,0
00-TM2:bin_000034,0,0,0,0,0,0,0,0,0,0,0,0,0,0,0,0,0,0,0,0,0,0,0,0,0,0,0,0,0,0,0,0,0,0,0,0,0,0,0,0,0,0,0,0,0,0,0,0,0,0,0,0,0,0,0,0,0,0,0,0,0,0,0,0,0,0,0,0,0,0,0,0,0,0,0,0,0,0,0,0,0,0,0,0
00-TM2:bin_000054,0,0,0,0,0,0,0,0,1.836,0,0,0,0,0,0,0,0,0,0,2.627,1.292,1.526,0,0,0,0,2.777,1.593,0,0,0,1.151,0,0,0,1.339,0,0,0,0,0,2.84,0,0,0,0,0,2.627,0,0,0,2.368,0,0,0,0,0,0,0,1.429,0,0,0,1.096,0,1.263,0,0,0,0,0,0,1.524,0,0,0,0,0,0,1.988,0,0,0,0
00-TM2:bin_000080,2.104,7.375,0,6.717,0,0,5.112,2.845,10.118,3.669,2.515,0,2.448,3.096,0,4.959,3.081,1.609,0,8.44,5.742,4.275,2.546,0,1.258,4.527,4.641,4.056,2.778,2.697,12.425,4.236,4.071,3.04,0,5.409,0,3.732,0,0,0,5.505,0,2.445,5.937,2.443,0,9.769,5.181,0,2.486,9.847,0,2.426,0,1.372,5.048,0,0,2.874,0,1.673,0,2.714,2.72,6.303,1.624,3.02,0,0,3.109,0,8.515,0,2.461,0,0,2.541,4.533,2.392,1.626,3.088,0,0
00-TM2:bin_000086,0,3.961,0,1.843,0,0,0,2.813,4.271,1.772,1.173,1.424,1.571,0,1.256,0,0,0,0,4.694,3.596,4.716,1.206,0,0,1.266,5.591,2.174,0,2.186,4.019,2.231,3.135,2.029,0,3.831,1.867,0,0,0,0,4.261,1.306,0,0,1.906,0,6.484,5.164,1.216,1.605,6.185,0,1.551,0,2.348,2.251,0,0,2.642,0,1.349,0,2.314,0,3.467,0,1.85,0,0,1.854,0,2.843,0,0,0,0,0,3.53,5.831,0,2.127,0,0
00-TM2:bin_000116,0,0,0,0,0,0,0,0,1.822,1.577,0,0,0,0,0,1.503,0,0,0,2.669,0,2.315,0,0,4.242,0,3.234,0,0,0,0,1.544,1.442,0,0,0,0,0,0,0,0,1.328,0,0,0,0,0,0,2.508,0,0,1.795,0,0,0,0,0,0,1.736,0,0,0,0,1.369,0,0,0,0,0,0,0,0,1.637,0,0,0,0,0,0,1.396,0,0,0,0
00-TM3:bin_000043,1.356,9.338,4.088,7.041,1.602,1.474,2.979,7.203,14.122,5.885,3.849,5.142,5.611,3.735,5.25,5.638,3.916,2.252,0,14.201,11.247,11.979,2.609,0,1.626,4.421,16.186,7.753,1.676,6.874,9.464,9.775,11.005,6.57,0,12.662,3.029,1.624,0,2.752,0,12.186,8.373,2.449,4.946,5.69,0,22.018,23.344,2.527,6.032,20.547,1.602,5.221,0.998,4.955,6.481,0,3.273,7.35,0,3.611,2.43,7.538,2.669,9.298,4.333,4.945,1.289,0,6.412,2.325,10.852,2.937,1.798,1.82,1.656,1.71,8.142,16.896,3.88,3.489,0,0
00-TM3:bin_000053,0,0,0,0,0,0,0,0,0,0,0,0,0,0,0,0,0,0,0,0,0,0,0,0,0,0,0,0,0,0,0,0,0,0,0,0,0,0,0,0,0,0,0,0,0,0,0,0,0,0,0,0,0,0,0,0,0,0,0,0,0,0,0,0,0,0,0,0,0,0,0,0,0,0,0,0,0,0,0,0,0,0,0,0
00-TM3:bin_000079,0,0,0,0,0,0,0,0,0,0,0,0,0,0,0,0,0,0,0,0,0,0,0,0,0,0,0,0,0,0,0,0,0,0,0,0,0,0,0,0,0,0,0,0,0,0,0,0,0,0,0,0,0,0,0,0,0,0,0,0,0,0,0,0,0,0,0,0,0,0,0,0,0,0,0,0,0,0,0,0,0,0,0,0
00-TM4:bin_000006,0,0,0,0,0,0,0,0,0,0,0,0,0,0,0,0,0,0,0,0,0,0,0,0,0,0,0,0,0,0,0,0,0,0,0,0,0,0,0,0,0,0,0,0,0,0,0,0,0,0,0,0,0,0,0,0,0,0,0,0,0,0,0,0,0,0,0,0,0,0,0,0,0,0,0,0,0,0,0,0,0,0,0,0
00-TM4:bin_000010,1.4,4.479,2.12,6.471,1.526,1.935,1.71,6.056,10.766,3.466,5.489,3.248,4.516,1.915,2.897,7.86,1.584,3.954,0,13.34,14.007,8.178,2.452,0,0,5.962,12.609,9.054,0,6.355,6.775,5.745,4.642,4.747,0,14.008,4.872,1.657,0,1.479,0,5.231,3.129,0,5.049,4.5,0,9.334,9.876,1.836,5.369,15.037,1.451,5.505,2.155,13.601,4.367,0,1.727,8.929,0,2.602,1.747,3.643,2.002,4.261,0,4.41,0,0,3.681,1.072,8.148,3.3,2.069,0,7.065,1.915,3.529,13.877,1.977,3.396,0,0
00-TM4:bin_000018,0,0,0,0,0,0,0,0,0,0,0,0,0,0,0,0,0,0,0,0,0,0,0,0,0,0,0,0,0,0,0,0,0,0,0,0,0,0,0,0,0,0,0,0,0,0,0,0,0,0,0,0,0,0,0,0,0,0,0,0,0,0,0,0,0,0,0,0,0,0,0,0,0,0,0,0,0,0,0,0,0,0,0,0
00-TM4:bin_000030,5.728,24.664,20.565,19.963,6.506,6.424,10.614,27.27,44.805,26.466,11.548,16.154,22.622,19.722,13.323,11.857,9.689,15.074,0,47.755,39.383,22.787,15.813,5.279,4.177,10.089,49.596,30.105,7.624,29.525,31.529,38.414,21.305,20.182,0,26.462,6.271,7.803,0,10.946,0,28.795,12.957,15.618,21.374,27.562,0,80.184,41.934,10.448,21.987,63.904,5.552,24.41,1.176,16.674,21.204,0,11.613,27.693,0,10.897,14.412,23.635,12.114,20.467,14.531,14.837,9.271,3.369,21.479,5.755,43.937,10.197,7.548,11.013,3.464,12.552,24.905,28,12.202,18.937,2.684,0
00-TM4:bin_000036,2.015,2.673,6.172,1.777,0,0,2.735,4.088,10.761,6.144,6.201,0,7.256,4.785,2.136,13.67,2.046,0,0,11.709,5.126,5.641,3.09,0,0,8.679,11.336,7.809,0,4.053,2.932,7.14,7.987,3.924,0,6.644,0,1.948,0,3.007,0,15.047,2.322,3.298,4.603,6.92,0,13.412,4.097,1.805,2.528,16.102,0,2.921,0,0,4.835,0,0,7.624,0,1.91,0,3.589,6.438,11.162,2.058,2.928,2.014,0,4.734,0,8.701,0,0,1.602,2.734,0,2.193,9.799,2.406,1.637,0,0
07:bin_000036,0,0,0,0,0,0,0,0,0,0,0,0,0,0,0,0,0,0,0,0,0,0,0,0,0,0,0,0,0,0,0,0,0,0,0,0,0,0,0,0,0,0,0,0,0,0,0,0,0,0,0,0,0,0,0,0,0,0,0,0,0,0,0,0,0,0,0,0,0,0,0,0,0,0,0,0,0,0,0,0,0,0,0,0
07:bin_000056,0,0,0,0,0,0,0,0,0,0,0,0,0,0,0,0,0,0,0,0,0,0,0,0,0,0,0,0,0,0,0,0,0,0,0,0,0,0,0,0,0,0,0,0,0,0,0,0,0,0,0,0,0,0,0,0,0,0,0,0,0,0,0,0,0,0,0,0,0,0,0,0,0,0,0,0,0,0,0,0,0,0,0,0
07:bin_000064,0,0,0,0,0,0,0,0,0,0,0,0,0,0,0,0,0,0,0,0,0,0,0,0,0,0,0,0,0,0,0,0,0,0,0,0,0,0,0,0,0,0,0,0,0,0,0,0,0,0,0,0,0,0,0,0,0,0,0,0,0,0,0,0,0,0,0,0,0,0,0,0,0,0,0,0,0,0,0,0,0,0,0,0
07:bin_000080,0,0,0,0,0,0,0,0,0,0,0,0,0,0,0,0,0,0,0,0,0,0,0,0,0,0,0,0,0,0,0,0,0,0,0,0,0,0,0,0,0,0,0,0,0,0,0,0,0,0,0,0,0,0,0,0,0,0,0,0,0,0,0,0,0,0,0,0,0,0,0,0,0,0,0,0,0,0,0,0,0,0,0,0
07:bin_000086,0,3.953,2.143,4.357,1.345,0,2.157,3.898,8.172,4.324,2.926,2.428,2.18,1.754,2.847,1.881,2.17,1.597,0,9.551,6.001,9.088,1.276,0,0,1.915,9.722,3.457,0,7.069,4.327,4.535,4.042,2.697,0,8.57,1.459,0,0,1.643,0,8.08,2.751,3.154,2.955,2.318,0,12.154,7.059,1.837,2.309,12.196,0,3.205,0,2.042,5.103,0,2.725,2.851,0,1.382,3.404,4.813,0,3.425,1.935,2.636,0,0,4.255,1.51,4.829,0,1.128,1.42,0,0,8.035,8.208,0,2.04,0,0
07:bin_000111,0,0,0,0,0,0,0,0,0,0,0,0,0,0,0,0,0,0,0,0,0,0,0,0,0,0,0,0,0,0,0,0,0,0,0,0,0,0,0,0,0,0,0,0,0,0,0,0,0,0,0,0,0,0,0,0,0,0,0,0,0,0,0,0,0,0,0,0,0,0,0,0,0,0,0,0,0,0,0,0,0,0,0,0
07:bin_000158,0,0,0,0,0,0,0,0,0,0,0,0,0,0,0,0,0,0,0,0,0,0,0,0,0,0,0,0,0,0,0,0,0,0,0,0,0,0,0,0,0,0,0,0,0,0,0,0,0,0,0,0,0,0,0,0,0,0,0,0,0,0,0,0,0,0,0,0,0,0,0,0,0,0,0,0,0,0,0,0,0,0,0,0
07:bin_000176,0,0,0,0,0,0,0,0,0,0,0,0,0,0,0,0,0,0,0,0,0,0,0,0,0,0,0,0,0,0,0,0,0,0,0,0,0,0,0,0,0,0,0,0,0,0,0,0,0,0,0,0,0,0,0,0,0,0,0,0,0,0,0,0,0,0,0,0,0,0,0,0,0,0,0,0,0,0,0,0,0,0,0,0
07-TM1:bin_000001,0,0,0,0,0,0,0,0,0,0,0,0,0,0,0,0,0,0,0,0,0,0,0,0,0,0,0,0,0,0,0,0,0,0,0,0,0,0,0,0,0,0,0,0,0,0,0,0,0,0,0,0,0,0,0,0,0,0,0,0,0,0,0,0,0,0,0,0,0,0,0,0,0,0,0,0,0,0,0,0,0,0,0,0
07-TM2:bin_000008,0,1.61,1.366,0,0,0,0,2.153,4.79,1.749,0,0,0,0,0,0,0,0,0,3.348,3.955,0,0,0,0,0,4.63,0,0,1.369,2.001,0,3.471,0,0,1.95,0,0,0,0,0,2.296,0,0,2.014,2.111,0,6.913,0,0,0,3.851,0,0,0,0,1.455,0,0,0,0,1.201,0,0,0,0,0,0,0,0,0,0,2.985,0,0,0,0,0,3.068,2.916,0,1.926,0,0
07-TM2:bin_000021,0,3.597,1.943,2.61,0,0,0,3.76,5.87,1.735,1.496,1.77,1.294,0,1.652,1.471,1.58,0,0,5.532,4.157,3.478,0,0,0,1.957,4.527,2.185,0,2.417,2.898,3.047,4.877,2.394,0,4.21,0,0,0,2.082,0,5.055,3.912,1.291,0,2.19,0,8.553,6.024,1.748,1.838,7.429,0,1.874,0,1.258,2.649,0,1.749,4.066,0,1.31,0,2.523,4.338,5.036,1.463,2.197,0,0,1.696,0,3.433,0,0,0,0.925,0,3.111,7.303,0,2.28,0,0
07-TM4:bin_000002,41.217,189.85,118.844,139.426,43.72,42.807,76.307,164.64,387.115,176.42,109.318,83.99,103.654,68.442,75.796,151.669,73.854,58.807,17.249,383.212,284.28,315.55,76.298,38.409,45.921,119.722,368.147,180.563,41.689,214.234,224.303,187.623,196.72,131.663,0,214.03,101.689,45.206,0,65.265,3.696,233.418,89.285,86.957,98.59,168.77,6.361,531.178,337.642,78.248,115.954,381.938,51.158,110.475,5.277,106.407,165.116,2.58,134.801,203.268,18.934,73.535,70.53,161.41,123.589,147.038,89.427,116.394,57.313,23.564,130.052,58.992,211.822,87.818,47.36,47.264,44.381,52.475,180.923,279.156,83.109,98.431,23.765,0
07-TM4:bin_000027,0,0,0,0,0,0,0,0,0,0,0,0,0,0,0,0,0,0,0,0,0,0,0,0,0,0,0,0,0,0,0,0,0,0,0,0,0,0,0,0,0,0,0,0,0,0,0,0,0,0,0,0,0,0,0,0,0,0,0,0,0,0,0,0,0,0,0,0,0,0,0,0,0,0,0,0,0,0,0,0,0,0,0,0
07-TM4:bin_000032,0,0,0,0,0,0,0,0,0,0,0,0,0,0,0,0,0,0,0,0,0,0,0,0,0,0,0,0,0,0,0,0,0,0,0,0,0,0,0,0,0,0,0,0,0,0,0,0,0,0,0,0,0,0,0,0,0,0,0,0,0,0,0,0,0,0,0,0,0,0,0,0,0,0,0,0,0,0,0,0,0,0,0,0
07-TM4:bin_000058,0,0,0,0,0,0,0,0,0,0,0,0,0,0,0,0,0,0,0,0,0,0,0,0,0,0,0,0,0,0,0,0,0,0,0,0,0,0,0,0,0,0,0,0,0,0,0,0,0,0,0,0,0,0,0,0,0,0,0,0,0,0,0,0,0,0,0,0,0,0,0,0,0,0,0,0,0,0,0,0,0,0,0,0
07-TM4:bin_000059,0,0,0,0,0,0,0,0,0,0,0,0,0,0,0,0,0,0,0,2.022,1.697,0,0,0,0,0,1.841,0,0,0,0,0,0,0,0,0,0,0,0,0,0,0,0,0,0,0,0,2.252,0,0,0,1.31,0,0,0,0,0,0,0,0,0,0,0,0,0,0,0,0,0,0,0,0,2.043,0,0,0,0,0,0,0,0,0,0,0
07-TM4:bin_000064,0,0,0,0,0,0,0,0,0,0,0,0,0,0,0,0,0,0,0,0,0,0,0,0,0,0,0,0,0,0,0,0,0,0,0,0,0,0,0,0,0,0,0,0,0,0,0,0,0,0,0,0,0,0,0,0,0,0,0,0,0,0,0,0,0,0,0,0,0,0,0,0,0,0,0,0,0,0,0,0,0,0,0,0
14:bin_000004,0,3.508,0,1.26,0,0,0,3.926,6.004,1.224,2.501,1.605,3.461,0,0,1.908,0,2.253,0,5.415,3.754,2.821,1.812,2.505,0,0,5.135,0,0,2.884,1.72,3.481,4.639,4.204,0,2.862,0,0,0,0,0,4.838,0,0,0,3.169,0,7.207,5.557,1.739,2.862,11.811,0,1.925,0,0,3.231,0,1.577,2.042,0,0,0,2.958,2.21,2.531,3.274,2.777,0,0,1.144,1.059,2.977,1.309,0,0,0,0,3.199,6.394,1.175,1.78,0,0
14:bin_000010,0,1.975,0,3.244,0,0,0,3.104,8.371,1.573,0,1.926,1.945,0,1.298,0,0,0,0,5.218,4.705,4.288,1.428,0,0,0,5.108,2.649,0,3.116,4.377,3.246,3.081,2.563,0,6.281,0,0,0,1.9,0,7.05,2.245,0,1.891,3.248,0,8.919,5.687,1.111,3.425,6.835,0,2.003,0,2.218,4.556,0,1.342,3.392,0,0,0,1.15,1.189,4.529,2.093,2.549,0,0,1.842,0,2.496,0,0,1.295,0,0,4.946,6.881,0,1.602,0,0
14:bin_000014,0,0,0,0,0,0,0,0,0,0,0,0,0,0,0,0,0,0,0,0,0,0,0,0,0,0,0,0,0,0,0,0,0,0,0,0,0,0,0,0,0,0,0,0,0,0,0,0,0,0,0,0,0,0,0,0,0,0,0,0,0,0,0,0,0,0,0,0,0,0,0,0,0,0,0,0,0,0,0,0,0,0,0,0
14:bin_000062,1.483,5.316,1.274,9.998,0,1.225,3.378,6.756,16.828,7.468,3.451,4.667,4.78,2.453,3.324,3.776,1.48,4.386,0,14.312,13.841,11.23,2.693,0,2.681,2.592,18.991,7.485,0,6.421,9.791,8.576,6.047,4.915,0,8.895,2.975,3.213,0,2.569,0,8.06,2.755,2.236,4.612,9.104,0,20.413,15.243,4.174,7.434,18.114,0,3.785,0,4.603,3.368,0,7.105,8.249,0,3.405,5.533,7.973,2.145,5.085,4.185,7.36,3.076,0,5.811,2.501,11.077,3.578,2.126,2.982,1.344,3.578,7.246,10.098,4.807,4.279,2.246,0
14:bin_000091,0,0,0,0,0,0,0,0,0,0,0,0,0,0,0,0,0,0,0,0,0,0,0,0,0,0,0,0,0,0,0,0,0,0,0,0,0,0,0,0,0,0,0,0,0,0,0,0,0,0,0,0,0,0,0,0,0,0,0,0,0,0,0,0,0,0,0,0,0,0,0,0,0,0,0,0,0,0,0,0,0,0,0,0
14:bin_000192,1.487,3.727,0,4.228,1.404,0,3.193,4.321,8.856,4.087,2.352,2.547,2.6,1.439,1.66,3.654,1.947,2.181,0,9.777,10.325,3.339,2.12,0,0,3.655,8.67,4.887,1.764,4.94,6.082,5.602,3.135,3.328,0,5.785,0,1.936,0,1.307,0,4.371,1.64,1.635,4.12,5.487,0,10.302,5.392,1.695,3.238,7.688,1.475,2.652,0,2.547,3.399,0,1.436,3.735,0,2.151,2.712,3.287,1.286,3.796,2.455,4.071,1.609,0,3.762,0,8.505,0,1.295,1.6,0,3.155,2.886,4.508,2.902,4.054,0,0
14-TM1:bin_000012,0,2.315,0,4.172,0,0,0,2.89,7.686,3.331,2.229,1.8,1.463,1.311,1.882,0,0,1.81,0,7.751,3.952,2.767,1.533,0,0,0,7.763,4.089,1.601,4.949,3.747,4.46,2.238,0,0,4.439,1.926,1.587,0,1.573,0,4.683,0,1.962,3.225,2.397,0,6.651,8.067,0,3.337,5.033,0,2.254,0,1.628,3.062,0,0,6.476,0,1.368,0,2.406,2.558,2.928,2.445,1.928,0,0,2.504,1.269,4.215,0,1.662,1.55,0,0,2.52,7.68,1.451,2.853,0,0
14-TM1:bin_000017,0,0,0,0,0,0,0,0,0,0,0,0,0,0,0,0,0,0,0,0,0,0,0,0,0,0,0,0,0,0,0,0,0,0,0,0,0,0,0,0,0,0,0,0,0,0,0,0,0,0,0,0,0,0,0,0,0,0,0,0,0,0,0,0,0,0,0,0,0,0,0,0,0,0,0,0,0,0,0,0,0,0,0,0
14-TM2:bin_000049,0,0,0,0,0,0,0,0,0,0,0,0,0,0,0,0,0,0,0,0,0,0,0,0,0,0,0,0,0,0,0,0,0,0,0,0,0,0,0,0,0,0,0,0,0,0,0,0,0,0,0,0,0,0,0,0,0,0,0,0,0,0,0,0,0,0,0,0,0,0,0,0,0,0,0,0,0,0,0,0,0,0,0,0
14-TM4:bin_000004,0,0,0,0,0,0,0,0,0,0,0,0,0,0,0,1.8,0,0,0,0,0,2.184,0,0,0,0,0,0,0,1.063,0,0,0,0,0,0,0,0,0,0,0,0.959,0,0,0,0,0,0,1.09,0,0,2.734,0,0,0,0,0,0.68,0,1.447,0,0,0,0,0,0,0,0,0,0,0,0,0,0,0,0,0,0,0,0.809,0,0,0,0
14-TM4:bin_000010,0,1.71,0,3.067,0,0,0,0,0,3.322,0,0,0,0,0,2.345,0,1.545,0,3.329,0,1.473,0,0,0,1.205,5.306,0,0,6.034,0,0,4.034,0,0,0,0,0,0,0,0,2.217,0,0,0,0,0,1.928,4.325,0,2.013,2.698,0,2.706,0,2.651,0,0,0,0,0,1.45,2,1.508,0,1.899,4.341,0,0,0,0,0,2.708,0,0,0,1.315,0,0,2.504,0,0,0,0
14-TM4:bin_000035,2.887,13.214,7.043,9.546,1.603,2.074,6.249,9.204,25.082,12.083,7.895,4.552,6.23,3.051,7.687,8.519,3.299,6.152,0,28.097,20.787,14.597,5.876,0,1.5,7.517,27.639,13.614,3.631,13.2,15.987,14.955,15.459,9.185,0,19.504,3.056,5.516,0,4.048,0,18.134,3.647,4.04,11.061,9.338,0,36.112,18.224,4.258,12.241,22.777,4.99,8.068,0,10.559,10.732,0,8.777,13.675,0,6.911,6.927,11.863,3.947,15.023,5.389,9.614,3.725,0,9.674,2.505,15.034,4.357,2.639,2.181,4.361,4.935,9.223,23.741,4.403,6.938,1.82,0
14-TM4:bin_000089,0,0,0,0,0,0,0,0,0,0,0,0,0,0,0,0,0,0,0,0,0,0,0,0,0,0,0,0,0,0,0,0,0,0,0,0,0,0,0,0,0,0,0,0,0,0,0,0,0,0,0,0,0,0,0,0,0,0,0,0,0,0,0,0,0,0,0,0,0,0,0,0,0,0,0,0,0,0,0,0,0,0,0,0
14-TM4:bin_000109,2.809,14.616,5.126,16.371,2.76,2.844,6.447,11.047,28.767,13.937,8.922,8.836,9.45,7.438,6.658,8.685,8.94,4.837,0,24.384,26.962,19.759,10.176,1.72,2.302,8.218,25.979,15.278,4.574,12.794,12.227,16.82,14.42,10.505,0,20.041,8.29,4.094,0,5.795,0,21.318,6.571,4.653,10.975,18.391,0,31.943,22.256,5.765,9.197,37.637,3.657,8.973,0,7.112,13.643,0,7.183,18.332,0,10.334,7.132,15.979,7.618,9.438,9.818,12.781,4.456,0,14.924,3.385,19.061,7.324,3.839,6.129,3.622,6.461,17.475,20.408,6.847,10.273,1.457,0
21:bin_000024,4.899,24.757,11.962,24.831,6.587,6.408,11.059,21.542,47.365,19.111,12.678,16.121,16.435,11.349,17.619,15.802,10.867,12.166,2.791,64.669,40.541,43.734,13.45,5.358,8.621,8.666,40.17,31.964,4.677,31.063,23.805,33.095,23.813,27.932,0,40.194,17.264,6.79,0,10.028,0,34.745,11.751,8.033,9.679,19.443,0,47.448,56.999,14.696,20.098,54.593,6.197,23.43,7.244,17.429,10.76,1.639,8.53,38.877,0,8.914,9.095,19.591,13.735,10.48,18.462,21.965,4.622,3.344,18.443,7.145,28.227,13.684,5.697,7.958,5.512,5.738,18.531,44.449,10.714,13.75,4.452,0
21:bin_000052,6.56,24.555,11.659,28.513,3.067,3.778,8.129,29.791,64.215,24.392,19.76,21.271,18.876,13.734,12.44,14.09,9.282,20.092,1.691,65.27,43.86,38.157,16.408,3.06,8.627,11.578,74.019,21.29,3.28,22.306,28.97,32.56,31.533,21.376,0,38.066,10.608,11.664,0,14.709,0,49.225,13.779,5.042,17.162,38.692,0,69.037,55.171,16.39,24.466,87.508,7.771,23.165,6.247,15.729,23.919,0.807,16.195,48.711,2.231,19.164,13.83,22.41,8.827,17.239,20.399,35.464,7.95,2.615,25.567,9.809,52.996,18.91,8.264,10.115,0,7.748,45.147,49.004,20.33,27.33,6.292,0
21:bin_000073,0,0,2.722,0,0,0,1.579,0,0,2.009,1.568,0,0,0,0,3.653,0,0,0,0,0,0,0,0,0,2.363,0,0,0,3.764,0,2.642,0,0,0,0,0,0,0,0,0,0,0,2.356,0,0,0,0,1.56,0,0,2.163,0,0,0,0,0,0,0,1.596,0,0,0,0,0,0,0,1.571,0,0,0,0,2.415,0,0,0,0,0,0,0,0,0,0,0
21:bin_000107,1.746,2.826,0,4.134,1.707,0,2.12,2.621,8.505,2.4,2.572,2.653,2.135,0,1.712,0,0,2.285,0,7.054,7.223,3.128,1.503,0,0,1.619,8.768,2.532,0,3.731,5.457,4.618,2.85,0,0,6.565,2.714,2.439,0,0,0,6.842,1.37,0,2.619,3.407,0,7.978,4.33,1.209,2.895,9.521,0,1.885,0,0,4.732,0,1.526,3.416,0,1.275,1.682,3.346,0,3.499,2.511,3.969,0,0,3.001,0,4.524,2.666,0,1.32,0,3.167,3.618,6.517,3.989,1.907,0,0
21:bin_000125,0,0,0,0,0,0,0,0,0,0,0,0,0,0,0,0,0,0,0,0,0,0,0,0,0,0,0,0,0,0,0,0,0,0,0,0,0,0,0,0,0,0,0,0,0,0,0,0,0,0,0,0,0,0,0,0,0,0,0,0,0,0,0,0,0,0,0,0,0,0,0,0,0,0,0,0,0,0,0,0,0,0,0,0
21:bin_000160,0,1.721,0,2.043,0,0,0,1.901,6.866,3.831,2.071,3.39,2.109,1.498,2.59,2.131,0,1.515,0,4.146,5.4,3.268,2.212,0,5.085,0,5.421,0,0,3.127,2.28,3.518,2.579,3.457,0,2.058,1.475,0,0,0,0,3.166,1.457,0,2.54,2.323,0,8.198,3.986,1.249,3.208,6.681,0,0,0,2.489,0,0,0,3.306,0,2.076,0,4.602,1.517,2.257,1.483,2.982,0,0,0,1.09,3.873,1.757,1.441,0,0,0,0,4.357,0,0,0,0
21:bin_000224,0,0,0,0,0,0,0,0,0,0,0,0,0,0,0,0,0,0,0,0,0,0,0,0,0,0,0,0,0,0,0,0,0,0,0,0,0,0,0,0,0,0,0,0,0,0,0,0,0,0,0,0,0,0,0,0,0,0,0,0,0,0,0,0,0,0,0,0,0,0,0,0,0,0,0,0,0,0,0,0,0,0,0,0
21-TM1:bin_000011,0,0,0,0,0,0,0,0,0,0,0,0,0,0,0,0,0,0,0,0,0,0,0,0,0,0,0,0,0,0,0,0,0,0,0,0,0,0,0,0,0,0,0,0,0,0,0,0,0,0,0,0,0,0,0,0,0,0,0,0,0,0,0,0,0,0,0,0,0,0,0,0,0,0,0,0,0,0,0,0,0,0,0,0
21-TM1:bin_000014,0,0,0,0,0,0,0,0,0,0,0,0,0,0,0,0,0,0,0,14.397,3.127,8.501,0,0,1.925,4.54,15.707,0,0,1.855,0,0,0,1.87,0,0,0,0,0,2.841,0,0.999,2.455,0,0,1.932,0,9.829,0,0,1.324,40.231,0,3.831,0,2.692,0,0,0,0,0,1.526,0,0,0,1.214,0,0,0,0,1.557,0,17.084,0,0,0,0,4.361,0,15.672,0,4.956,0,0
21-TM1:bin_000060,0,0,0,1.573,0,0,0,1.45,2.402,0,0,0,0,0,0,0,0,0,0,2.283,2.428,3.362,0,0,0,0,2.203,1.481,0,0,1.326,0,1.267,0,0,2.53,1.777,0,0,0,0,3.756,0,0,0,0,0,4.183,2.695,0,0,3.375,0,0,0,0,1.684,0,0,1.38,0,0,0,0,0,1.785,0,0,0,0,1.387,0,1.778,0,0,0,0,0,0,2.206,0,0,0,0
21-TM1:bin_000073,4.819,23.862,11.475,17.541,4.301,4.796,11.322,15.105,37.042,18.65,13.249,8.078,9.83,10.073,9.617,17.106,10.891,7.481,0,35.865,39.747,28.669,18.561,0,7.118,14.893,40.073,33.153,5.585,30.475,19.298,24.835,22.163,20.61,0,24.529,10.117,6.148,0,7.661,0,25.86,11.57,7.056,15.789,18.716,0,56.403,32.671,8.388,12.449,45.454,4.857,12.579,3.195,10.194,16.479,0,13.957,24.407,0,9.823,14.562,18.277,11.497,13.147,17.179,18.083,5.654,0,19.311,2.773,21.576,11.149,8.278,8.349,4.856,5.877,27.976,32.446,8.178,13.056,1.731,0
21-TM3:bin_000002,4.299,13.232,6.252,11.296,5.454,3.928,10.321,14.518,35.066,17.729,9.48,10.964,12.952,9.689,8.254,15.213,8.544,10.117,1.413,31.077,22.595,23.378,8.188,2.658,9.882,10.578,34.823,19.077,7.176,35.186,14.492,23.477,16.811,11.686,0,18.724,5.488,6.418,0,6.565,0,17.675,7.688,5.353,11.275,14.611,0,35.544,26.751,8.315,14.807,25.086,6.017,12.958,4.684,12.047,14.98,0,7.071,17.463,0,8.145,7.237,18.211,6.754,10.477,11.006,14.228,4.888,2.585,13.471,5.991,21.099,7.323,6.879,7.042,3.304,5.395,11.966,24.002,9.288,7.177,2.298,0
21-TM3:bin_000011,0,0,0,0,0,0,0,0,0,0,0,0,0,0,0,0,0,0,0,0,0,0,0,0,0,0,0,0,0,0,0,0,0,0,0,0,0,0,0,0,0,0,0,0,0,0,0,0,0,0,0,0,0,0,0,0,0,0,0,0,0,0,0,0,0,0,0,0,0,0,0,0,0,0,0,0,0,0,0,0,0,0,0,0
21-TM3:bin_000020,0,0,0,0,0,0,0,0,0,0,0,0,0,0,0,0,0,0,0,0,0,0,0,0,0,0,0,0,0,0,0,0,0,0,0,0,0,0,0,0,0,0,0,0,0,0,0,0,0,0,0,0,0,0,0,0,0,0,0,0,0,0,0,0,0,0,0,0,0,0,0,0,0,0,0,0,0,0,0,0,0,0,0,0
21-TM4:bin_000004,0,4.385,0,7.942,1.581,0,0,7.162,14.707,4.247,3.222,6.078,3.79,0,2.69,2.908,1.718,4.847,0,12.343,9.651,9.285,2.797,0,0,0,18.462,4.075,0,4.102,14.38,6.992,10.957,6.122,0,11.912,1.708,4.024,0,1.275,0,12.025,2.732,2.109,5.487,8.407,0,26.977,10.032,3.989,4.521,14.369,1.546,2.475,0,4.008,7.046,0,5.224,8.166,0,7.267,5.309,3.366,0,7.804,4.103,3.195,1.711,0,8.733,1.783,15.629,2.587,2.099,1.314,0,2.127,8.402,10.704,4.328,8.893,0,0
21-TM4:bin_000017,11.951,47.859,13.004,33.544,9.303,12.739,23.184,40.796,44.694,33.659,23.719,14.249,34.175,10.642,10.208,45.253,15.5,15.534,0,52.18,33.33,37.053,20.447,1.548,5.496,37.868,59.601,32.447,7.129,35.246,41.076,30.052,21.51,19.272,0,48.807,9.829,9.09,0,15.541,0,40.023,16.986,17.32,29.744,41.82,0,62.053,50.463,10.664,20.11,63.667,16.842,24.238,0,30.295,25.672,1.087,26.597,36.974,0,14.889,12.898,26.805,18.185,23.509,20.122,36.334,9.917,5.039,29.672,3.435,55.43,10.861,12.846,10.436,7.32,14.088,30.134,54.906,22.449,17.028,2.821,0
21-TM4:bin_000041,0,5.344,2.641,9.357,1.426,1.098,2.629,4.382,12.538,4.979,1.833,2.264,3.468,3.235,0,5.37,3.324,2.482,0,13.841,9.421,3.744,2.589,0,1.191,3.871,8.56,7.026,1.656,9.446,9.397,4.734,7.483,2.712,0,6.698,0,2.806,0,1.344,0,7.508,3.255,2.21,4.289,5.23,0,15.281,10.94,1.531,3.26,12.711,0,3.168,0,5.402,10.146,0,1.729,5.778,0,2.395,3.82,3.792,2.234,7.203,2.656,4.861,1.593,0,3.75,0,7.221,0,1.232,1.874,0.925,2.598,3.673,7.066,1.874,4.979,0,0
21-TM4:bin_000042,28.596,102.566,50.828,97.105,27.051,31.956,60.763,87.781,226.553,111.462,76.156,85.316,70.37,46.922,62.544,57.355,52.175,60.077,5.954,255.059,177.458,140.03,62.475,14.116,27.687,59.467,263.495,117.98,31.956,149.407,138.255,188.647,111.074,76.417,0,137.716,43.621,49.856,2.537,46.393,1.623,122.707,49.525,39.873,80.032,106.854,4.476,308.222,213.29,51.001,78.05,215.944,29.152,66.359,29.689,79.59,82.855,3.483,46.073,128.277,3.429,47.102,65.262,107.32,42.7,85.646,74.762,99.672,31.489,21.853,88.367,20.87,170.023,60.163,32.991,37.766,23.574,40.982,83.441,160.331,63.371,56.371,16.803,0
21-TM4:bin_000052,4.564,26.487,18.28,18.608,3.534,3.799,8.865,19.23,48.263,19.922,14.311,12.645,11.973,11.964,17.796,13.425,9.841,4.589,1.557,49.759,42.763,45.095,10.289,4.661,8.193,10.99,54.599,27.577,4.022,31.951,35.548,26.292,25.909,17.947,0,31.292,16.419,3.238,0,7.901,0,43.959,10.188,12.029,15.183,19.692,0,60.783,56.206,11.267,14.329,72.238,5.646,19.566,1.628,16.968,28.295,0,12.634,30.497,3.068,10.439,8.813,25.397,9.669,23.353,12.94,12.052,5.958,2.371,17.797,7.818,33.999,10.17,4.833,5.81,5.321,5.347,27.405,50.922,10.062,14.397,2.213,0
21-TM4:bin_000053,0,1.776,0,2.703,0,0,0,1.598,3.777,0,0,0,1.352,0,0,0,0,0,0,2.727,2.879,3.948,0,0,0,0,3.25,1.869,0,1.326,3.21,1.735,2.209,0,0,3.206,0,0,0,0,0,4.682,0,0,0,0,0,4.775,4.676,1.283,0,5.045,0,0,0,0,1.885,0,0,2.461,0,1.11,0,1.584,0,2.583,0,0,0,0,1.657,0,2.721,0,0,0,0,0,2.525,3.668,0,1.828,0,0
D300693:bin_000003,5.406,18.407,3.929,17.92,5.165,3.687,13.068,18.066,54.902,18.955,11.814,15.103,10.975,4.586,10.769,12.289,10.222,9.943,0,40.741,31.151,14.082,12.256,5.337,2.881,6.57,50.418,13.76,6.707,17.937,32.246,26.381,23.612,19.319,0,29.763,4.322,8.91,0,3.875,0,26.518,6.219,4.747,16.048,26.805,0,59.337,30.748,9.619,9.794,50.321,6.834,10.138,0,10.885,19.144,0,6.867,29.781,1.948,13.974,13.251,11.087,2.536,19.081,8.904,23.378,4.62,2.426,16.295,2.665,34.206,5.577,5.581,7.119,2.268,10.447,18.991,26.45,14.637,17.054,3.05,0
D300693:bin_000006,0,3.627,1.584,3.734,0,1.094,2.097,2.669,7.469,6.565,3.589,0,3.509,3.589,2.678,6.812,3.817,1.565,0,7.163,9.189,4.775,1.655,0,1.562,3.423,8.377,5.067,0,4.751,3.69,5.072,3.093,2.516,0,4.838,2.165,0,0,2.101,0,6.413,2.873,2.606,2.524,3.057,0,9.578,8.736,1.503,2.308,8.544,0,3.435,0,2.762,4.766,0,2.964,5.929,0,2.317,1.497,4.57,4.442,3.557,2.35,2.841,1.881,0,3.592,0,4.093,2.023,0,1.342,0,1.505,2.607,7.367,1.979,2.412,0,0
D300693:bin_000013,2.243,5.769,11.447,16.87,2.649,4.046,5.967,14.382,22.843,12.048,7.256,5.276,11.577,5.938,4.993,18.825,7.93,7.838,0,28.614,48.209,25.34,9.425,0,1.942,13.275,32.536,26.556,2.207,29.342,36.083,17.627,8.301,10.027,0,27.405,8.411,5.332,0,3.306,0,13.209,10.831,5.882,19.667,10.903,0,26.621,20.252,5.624,17.038,42.461,5.503,19.272,0,17.091,14.77,0,8.199,22.708,0,10.478,8.562,6.634,3.11,18.179,8.707,14.654,2.936,0,9.784,0,28.252,3.612,2.256,3.087,4.601,3.511,5.511,29.711,7.038,6.12,0,0
D300696:bin_000035,1.74,5.091,0,5.432,1.938,0,4.341,5.133,11.614,5.39,2.589,3.427,3.084,1.619,2.048,4.099,2.68,2.402,0,12.178,11.274,3.393,3.016,0,0,3.48,10.301,5.042,2.558,6.219,6.776,6.749,4.651,3.624,0,8.199,0,2.508,0,1.436,0,4.873,1.617,2.674,4.769,6.304,0,13.988,6.727,1.756,4.17,8.083,2.387,2.873,0,4.027,4.308,0,1.882,4.092,0,3.206,3.044,3.836,0,4.467,3.327,4.713,1.63,0,5.048,0,10.753,1.22,1.74,1.937,0,3.594,4.383,5.881,3.425,4.751,0,0
D300699:bin_000001,0,0,0,2.111,0,0,0,0,1.958,0,0,0,0,0,0,0,0,0,0,0,2.632,0,0,0,0,0,3.24,0,0,0,0,0,0,0,0,0,0,0,0,0,0,0,0,0,0,0,0,2.4,1.668,0,0,0,0,0,0,0,0,0,0,0,0,0,0,0,0,0,0,0,0,0,0,0,1.774,0,0,0,0,0,0,0,0,0,0,0
D300700:bin_000001,0,0,0,0,0,0,0,0,0,0,0,0,0,0,0,0,0,0,0,0,0,0,0,0,0,0,0,0,0,0,0,0,0,0,0,0,0,0,0,0,0,0,0,0,0,0,0,0,0,0,0,0,0,0,0,0,0,0,0,0,0,0,0,0,0,0,0,0,0,0,0,0,0,0,0,0,0,0,0,0,0,0,0,0
D300706:bin_000006,0,0,0,0,0,0,0,0,0,0,0,0,0,0,0,0,0,0,0,0,0,0,0,0,0,0,0,0,0,0,0,0,0,0,0,0,0,0,0,0,0,0,0,0,0,0,0,0,0,0,0,0,0,0,0,0,0,0,0,0,0,0,0,0,0,0,0,0,0,0,0,0,0,0,0,0,0,0,0,0,0,0,0,0
D300708:bin_000028,12.161,80.893,42.185,82.625,20.091,23.025,44.18,74.076,196.475,59.631,30.155,23.408,39.708,35.039,24.66,51.111,68.6,23.244,3.022,119.508,94.554,93.083,35.582,11.722,37.395,43.135,95.55,90.898,17.53,60.949,72.838,39.359,39.645,44.268,0,72.311,18.047,26.701,0,7.987,0,111.55,34.613,30.875,43.418,50.809,2.371,180.136,125.943,22.064,23.618,186.046,19.758,75.893,16.1,32.204,66.596,0.707,46.271,102.529,6.141,48.003,35.397,61.882,45.838,30.924,28.883,49.314,16.381,6.829,57.455,14.112,151.707,33.582,13.024,26.242,10.257,35.979,78.818,88.389,33.398,29.09,6.929,0
D300709:bin_000042,12.976,38.201,10.327,39.73,8.481,8.63,26.018,39.667,82.901,47.017,30.151,33.006,30.969,14.477,20.148,18.591,22.523,24.731,2.797,86.662,73.796,44.579,23.789,7.651,6.821,21.283,88.802,40.857,15.709,52.006,45.907,76.936,37.975,37.561,0,61.108,15.666,23.473,0,14.317,0,45.92,19.886,11.601,35.632,48.659,0,113.453,72.309,25.332,32.387,86.313,13.081,23.139,4.003,29.078,28.876,0,19.282,51.109,1.779,19.12,24.348,33.994,10.989,33.534,24.766,42.279,12.029,9.171,39.503,8.935,76.108,18.265,11.498,18.108,5.419,17.851,32.642,55.136,31.755,27.572,7.971,0
D300710:bin_000020,48.313,156.011,80.895,154.238,20.097,33.76,65.376,128.024,293.796,168.623,86.281,74.772,111.33,62.425,84.388,129.958,49.173,39.299,0,315.202,216.671,178.026,70.464,11.696,37.76,91.729,298.891,166.825,73.788,218.337,105.846,187.685,118.806,102.405,0,154.622,52.711,48.76,0,49.166,0,192.211,53.512,88.397,69.702,143.32,4.381,389.346,185.43,58.261,111.729,305.683,55.632,94.814,19.089,101.561,126.405,1.699,51.464,172.005,3.149,74.306,70.441,165.1,47.432,112.473,75.419,94.734,30.779,8.527,119.421,19.498,211.721,62.5,47.345,37.83,39.306,39.302,115.911,204.791,75.228,93.404,13.088,0
D300711:bin_000012,0,0,0,0,0,0,0,0,0,0,0,0,0,0,0,0,0,0,0,0,0,0,0,0,0,0,0,0,0,0,0,0,0,0,0,0,0,0,0,0,0,0,0,0,0,0,0,0,0,0,0,0,0,0,0,0,0,0,0,0,0,0,0,0,0,0,0,0,0,0,0,0,0,0,0,0,0,0,0,0,0,0,0,0
D300711:bin_000013,0,0,0,0,0,0,0,0,0,0,0,0,0,0,0,0,0,0,0,0,0,0,0,0,0,0,0,0,0,0,0,0,0,0,0,0,0,0,0,0,0,0,0,0,0,0,0,0,0,0,0,0,0,0,0,0,0,0,0,0,0,0,0,0,0,0,0,0,0,0,0,0,0,0,0,0,0,0,0,0,0,0,0,0
D300711:bin_000023,4.161,11.583,3.354,7.991,1.574,3.364,5.696,9.788,23.934,11.706,5.517,11.919,3.016,7.065,4.201,12.444,3.243,3.075,0,27.125,21.353,18.052,5.503,1.437,5.091,7.334,21.957,10.918,4.038,16.762,14.457,13.418,12.986,5.592,0,14.966,4.042,7.442,0,4.873,0,17.817,6.755,7.752,3.67,14.444,0,24.28,12.329,5.233,5.809,25.381,4.187,6.964,2.874,9.511,9.727,0,3.464,12.906,0,5.065,5.062,6.694,6.823,12.246,4.782,9.831,3.256,0,6.783,0,20.935,6.082,4.531,3.086,2.777,3.306,6.23,14.971,6.287,5.814,1.815,0
D300712:bin_000004,0,0,0,0,0,0,0,0,0,0,0,0,0,0,0,0,0,0,0,0,0,0,0,0,0,0,0,0,0,0,0,0,0,0,0,0,0,0,0,0,0,0,0,0,0,0,0,0,0,0,0,0,0,0,0,0,0,0,0,0,0,0,0,0,0,0,0,0,0,0,0,0,0,0,0,0,0,0,0,0,0,0,0,0
D300712:bin_000006,0,5.707,5.703,4.883,0,0,0,5.52,12.295,5.245,0,0,0,4.504,3.352,0,0,0,0,15.039,9.161,0,0,0,0,5.36,10.629,6.58,0,0,6.212,7.521,7.011,0,0,6.762,0,0,0,0,0,7.834,2.758,0,0,5.331,0,12.585,9.394,0,4.316,11.927,0,3.886,0,4.376,5.323,0,0,6.777,0,0,0,5.172,0,0,3.121,0,0,0,4.91,0,8.331,0,0,0,0,0,4.679,9.157,0,3.672,0,0
D300712:bin_000007,1.478,11.99,0,11.011,0,1.324,6.301,12.408,23.779,9.127,8.028,6.402,11.647,7.261,2.15,4.018,6.437,9.253,0,18.135,24.624,8.944,5.802,0,3.165,4.573,21.908,11.728,2.857,12.853,11.681,11.954,9.494,7.181,0,14.918,2.109,4.349,0,4.743,0,18.827,4.992,4.9,6.981,10.107,0,35.569,21.312,4.467,5.245,31.035,2.802,5.922,0,7.146,10.936,0,7.447,15.799,0,6.134,6.542,11.417,3.791,17.08,7.299,7.645,4.218,0,11.614,1.567,18.204,0,2.917,3.203,1.591,4.136,12.177,14.119,6.927,10.367,0,0
D300712:bin_000016,0,2.44,0,0,0,0,0,0,0,0,0,0,0,0,0,0,0,0,0,0,0,0,0,0,0,0,3.234,0,0,0,0,0,3.353,0,0,0,0,0,0,0,0,2.566,0,0,0,0,0,4.167,0,0,0,0,0,0,0,0,0,0,0,0,0,0,0,0,0,0,0,0,0,0,0,0,3.195,0,0,0,0,0,0,0,0,0,0,0
D300713:bin_000003,0,0,0,0,0,0,0,0,0,0,0,0,0,0,0,0,0,0,0,0,0,0,0,0,0,0,0,0,0,0,0,0,0,0,0,0,0,0,0,0,0,0,0,0,0,0,0,0,0,0,0,0,0,0,0,0,0,0,0,0,0,0,0,0,0,0,0,0,0,0,0,0,0,0,0,0,0,0,0,0,0,0,0,0
D300713:bin_000009,1.269,4.231,5.356,5.026,0,0,4.05,5.564,14.428,9.233,4.142,3.705,5.088,5.451,2.968,7.888,3.306,2.585,0,19.324,13.459,7.713,4.258,0,1.945,8.14,19.6,11.813,0,8.734,7.405,8.387,4.62,5.008,0,7.627,2.435,0,0,2.071,0,9.382,3.97,2.019,3.414,3.565,0,18.243,14.423,2.468,4.588,16.287,1.55,5.954,8.213,6.873,6.667,0,5.305,7.32,0,2.722,4.031,8.082,4.729,5.488,3.86,5.538,2.289,0,6.08,1.654,12.092,2.754,2.196,2.114,1.394,2.413,4.675,8.273,2.437,2.363,0,0
D300714:bin_000008,0,0,0,0,0,0,0,0,1.827,0,1.411,0,0,0,0,0,0,0,0,1.85,2.562,1.529,0,0,0,0,0,0,0,0,0,0,0,0,0,1.811,0,0,0,0,0,2.924,0,0,0,1.79,0,4.509,0,0,0,0,0,0,0,0,0,0,0,0,0,0,0,0,0,0,0,0,0,0,0,0,0,0,0,0,0,0,1.859,0,0,0,0,0
D300719:bin_000003,4.007,12.3,5.317,12.543,1.469,2.902,4.472,10.85,22.687,9.195,9.172,7.8,5.145,4.958,14.016,5.913,4.872,6.962,4.348,31.027,19.973,37.089,5.167,9.205,1.875,2.865,28.27,9.857,3.152,12.841,8.272,20.848,11.243,12.156,0,12.394,13.007,3.311,0,6.585,1.984,12.915,5.786,1.887,10.872,9.698,2.738,32.105,24.601,10.661,12.281,22.813,2.149,10.346,1.024,8.828,8.33,1.118,7.531,19.125,5.943,6.219,4.739,9.714,3.493,5.925,7.945,8.635,2.407,7.757,7.125,10.317,17.896,7.431,3.698,4.701,1.812,2.594,13.42,22.621,8.06,5.274,5.052,0
D300719:bin_000008,0,0,0,0,0,0,0,0,0,0,0,0,0,0,0,0,0,0,0,0,0,0,0,0,0,0,0,0,0,0,0,0,0,0,0,0,0,0,0,0,0,0,0,0,0,0,0,0,0,0,0,0,0,0,0,0,0,0,0,0,0,0,0,0,0,0,0,0,0,0,0,0,0,0,0,0,0,0,0,0,0,0,0,0
D300720:bin_000001,7.121,12.515,4.644,25.594,5.202,6.211,13.344,26.437,45.124,19.391,8.876,13.082,16.465,7.986,11.844,6.106,14.556,19.176,1.465,37.985,41.611,9.446,6.532,0,4.2,4.86,53.691,14.435,7.428,23.415,15.313,29.386,12.249,14.683,0,21.323,4.882,14.102,0,5.605,0,10.425,6.215,4.926,17.197,20.074,0,56.8,12.811,6.496,18.819,24.708,6.639,18.809,0,8.35,19.912,0,3.17,9.415,0,14.465,13.518,5.491,6.624,10.061,7.96,6.46,7.601,0,13.727,1.796,22.065,3.397,7.594,4.913,2.047,9.605,14.44,17.88,7.358,16.359,0,0
D300723:bin_000001,0,0,0,0,0,0,0,0,0,0,0,0,0,0,0,0,0,0,0,0,0,0,0,0,0,0,0,0,0,0,0,0,0,0,0,0,0,0,0,0,0,0,0,0,0,0,0,0,0,0,0,0,0,0,0,0,0,0,0,0,0,0,0,0,0,0,0,0,0,0,0,0,0,0,0,0,0,0,0,0,0,0,0,0
D300723:bin_000008,0,22.438,0,7.785,8.93,1.493,3.11,4.527,21.365,11.13,10.822,3.145,7.125,7.44,6.2,6.358,2.647,0,0,15.303,17.602,13.334,0,0,2.775,6.541,15.793,14.127,0,8.75,15.433,8.082,5.588,4.632,0,8.754,5.106,3.726,0,4.213,0,17.104,3.706,0,5.877,10.842,0,24.973,16.717,2.872,9.611,19.136,2.35,7.424,0,2.381,6.054,0,2.738,5.74,0,3.844,5.054,5.051,4.319,2.444,2.683,8.456,0,0,3.86,0,15.583,3.347,0,2.44,1.439,3.267,7.877,8.981,3.087,11.606,0,0
D300729:bin_000019,2.979,10.573,7.265,10.656,0,2.606,5.351,9.917,22.594,11.265,6.926,5.555,7.968,5.365,5.734,10.942,5.107,3.541,0,23.642,16.799,15.18,5.661,0,3.025,8.447,21.266,13.194,0,14.573,11.341,12.737,10.521,8.506,0,13.098,4.464,3.089,0,3.957,0,16.87,4.856,5.444,6.455,10.077,0,27.533,17.504,4.284,8.37,25.915,3.526,7.84,0,7.332,9.933,0,5.503,14.035,0,5.567,5.688,10.684,5.902,9.251,5.837,7.741,2.826,0,8.984,2.165,15.707,4.364,2.961,3.339,2.923,3.554,9.233,17.087,5.243,6.21,0,0
D300742:bin_000002,0,0,0,0,0,0,0,0,0,0,0,0,0,0,0,0,0,0,0,0,0,0,0,0,0,0,0,0,0,0,0,0,0,0,0,0,0,0,0,0,0,0,0,0,0,0,0,0,0,0,0,2.581,0,0,0,0,0,0,0,0,0,0,0,0,0,0,0,0,0,0,0,0,0,0,0,0,0,0,0,0,0,0,0,0
D300748:bin_000014,0,5.386,2.124,5.386,0,1.399,2.545,6.011,12.274,3.735,5.191,1.815,3.31,1.548,3.793,0,3.685,4.753,0,12.159,9.012,4.207,4.685,1.43,0,4.671,11.46,6.787,1.655,6.838,6.884,4.365,5.764,2.973,0,7.58,3.201,2.327,0,1.567,0,7.116,2.4,1.606,4.946,4.56,0,12.598,8.786,1.787,3.215,8.701,1.508,4.964,0,3.66,4.447,0,3.056,4.277,0,2.756,3.481,4.259,0,5.362,2.809,5.359,1.719,0,4.064,1.235,9.846,1.961,0,2.281,0,1.518,6.074,9.216,2.041,4.809,0,0
D300750:bin_000009,0,0,0,0,0,0,0,0,0,0,0,0,0,0,0,0,0,0,0,0,0,0,0,0,0,0,0,0,0,0,0,0,0,0,0,0,0,0,0,0,0,0,0,0,0,0,0,0,0,0,0,0,0,0,0,0,0,0,0,0,0,0,0,0,0,0,0,0,0,0,0,0,0,0,0,0,0,0,0,0,0,0,0,0
D300751:bin_000024,0,0,0,0,0,0,0,0,0,0,0,0,0,0,0,0,0,0,0,0,0,0,0,0,0,0,0,0,0,0,0,0,0,0,0,0,0,0,0,0,0,0,0,0,0,0,0,0,0,0,0,0,0,0,0,0,0,0,0,0,0,0,0,0,0,0,0,0,0,0,0,0,0,0,0,0,0,0,0,0,0,0,0,0
D300751:bin_000031,0,2.237,0,2.01,0,0,0,2.292,3.211,0,0,0,0,0,1.183,0,0,0,0,3.198,1.694,2.275,0,0,0,0,3.329,1.377,0,0,1.579,0,1.285,0,0,2.069,0,0,0,0,0,2.441,0,0,0,0,0,3.883,2.483,0,0,3.118,0,0,0,0,0,0,0,2.209,0,0,0,1.174,0,1.643,0,0,0,0,0,0,1.708,0,0,0,0,0,2.342,3.128,0,0,0,0
D300754:bin_000002,0,0,0,0,0,0,0,0,0,0,0,0,0,0,0,0,0,0,0,0,0,0,0,0,0,0,0,0,0,0,0,0,0,0,0,0,0,0,0,0,0,0,0,0,0,0,0,0,0,0,0,0,0,0,0,0,0,0,0,0,0,0,0,0,0,0,0,0,0,0,0,0,0,0,0,0,0,0,0,0,0,0,0,0
D300754:bin_000004,0,0,0,0,0,0,0,0,0,0,0,0,0,0,0,0,0,0,0,0,0,0,0,0,0,0,0,0,0,0,0,0,0,0,0,0,0,0,0,0,0,0,0,0,0,0,0,0,0,0,0,0,0,0,0,0,0,0,0,0,0,0,0,0,0,0,0,0,0,0,0,0,0,0,0,0,0,0,0,0,0,0,0,0
D300755:bin_000017,0,0,0,0,0,0,0,0,0,0,0,0,0,0,0,0,0,0,0,0,0,0,0,0,0,0,0,0,0,0,0,0,0,0,0,0,0,0,0,0,0,0,0,0,0,0,0,0,0,0,0,0,0,0,0,0,0,0,0,0,0,0,0,0,0,0,0,0,0,0,0,0,0,0,0,0,0,0,0,0,0,0,0,0
D300757:bin_000005,6.927,26.433,151.003,41.759,13.744,5.528,8.531,20.357,155.085,37.689,6.193,9.081,14.98,22.642,38.938,20.876,8.002,6.852,7.01,128.822,82.194,19.649,31.013,10.691,0,6.595,83.598,29.345,0,5.749,34.022,22.463,53.387,46.708,2.924,57.829,51.798,12.88,0.951,38.56,0,107.608,23.431,0,12.787,48.731,2.535,62.999,16.866,38.384,53.959,150.125,11.406,32.189,3.863,33.098,19.679,0,6.322,47.712,11.653,33.776,30.353,11.446,0,16.511,20.238,9.785,7.072,19.168,52.343,32.103,47.142,14.162,5.365,0,0,12.038,46.576,83.009,11.214,43.658,6.393,0
D300759:bin_000011,10.596,42.004,19.483,39.143,8.059,8.024,18.194,36.987,72.488,36.39,24.202,18.941,23.43,18.858,20.75,31.23,18.129,24.711,1.689,89.92,69.021,44.969,18.136,6.238,9.626,25.054,96.766,45.186,8.335,41.512,43.002,49.94,48.384,34.529,0,75.984,20.012,17.863,0,12.973,0,63.796,18.568,7.954,23.826,43.838,4.051,126.167,84.635,21.604,26.199,89.259,15.046,27.037,3.965,22.68,32.64,0,32.023,55.643,2.022,16.013,15.843,40.468,18.479,28.422,31.126,40.918,11.026,5.844,32.956,14.365,64.995,24.253,8.277,13.504,6.346,10.666,38.451,84.818,20.408,27.033,7.816,0
D300759:bin_000036,0,9.012,0,10.514,2.87,3.321,7.866,11.578,20.723,10.824,0,6.888,8.67,4.681,0,8.964,5.521,5.391,0,21.931,17.368,10.413,7.039,0,0,10.184,18.139,9.992,5.155,12.653,10.816,14.271,7.965,9.076,0,16.644,0,7.12,0,3.589,0,10.105,0,5.711,9.696,15.49,0,22.99,13.121,4.696,0,22.197,5.593,7.941,0,6.332,10.645,0,2.792,11.378,0,6.433,6.562,9.219,3.759,8.855,0,8.266,3.137,0,12.648,0,20.635,4.528,3.425,3.584,1.633,0,0,12.56,7.592,5.822,0,0
D300760:bin_000013,0,0,0,0,0,0,0,0,0,0,0,0,0,0,0,0,0,0,0,0,0,0,0,0,0,0,0,0,0,0,0,0,0,0,0,0,0,0,0,0,0,0,0,0,0,0,0,0,0,0,0,0,0,0,0,0,0,0,0,0,0,0,0,0,0,0,0,0,0,0,0,0,0,0,0,0,0,0,0,0,0,0,0,0
D300763:bin_000009,0,0,0,0,0,0,0,0,0,0,0,0,0,0,0,0,0,0,0,0,0,0,0,0,0,0,0,0,0,0,0,0,0,0,0,0,0,0,0,0,0,0,0,0,0,0,0,0,0,0,0,0,0,0,0,0,0,0,0,0,0,0,0,0,0,0,0,0,0,0,0,0,0,0,0,0,0,0,0,0,0,0,0,0
D300763:bin_000013,0,0,0,0,0,0,0,0,0,0,0,0,0,0,0,0,0,0,0,0,0,0,0,0,0,0,0,0,0,0,0,0,0,0,0,0,0,0,0,0,0,0,0,0,0,0,0,0,0,0,0,0,0,0,0,0,0,0,0,0,0,0,0,0,0,0,0,0,0,0,0,0,0,0,0,0,0,0,0,0,0,0,0,0
D300763:bin_000022,15.387,55.97,25.538,59.95,15.691,16.822,40.185,58.46,132.004,78.662,46.338,39.598,39.339,29.2,40.272,54.08,29.639,26.472,1.503,128.204,96.889,88.973,34.812,4.811,10.264,62.828,148.397,72.604,21.251,90.04,82.164,100.174,61.468,50.267,0,76.555,24.548,18.409,0,20.173,0,97.281,28.057,26.67,48.076,58.414,1.549,154.467,133.493,27.869,49.009,130.584,14.717,41.951,7.622,47.989,54.474,2.321,34.896,84.662,0,35.396,27.632,64.126,13.816,42.176,41.377,55.756,18.533,3.26,56.281,14.521,109.792,20.773,18.192,22.179,13.775,21.622,48.643,100.934,35.022,37.483,6.739,0
D300763:bin_000032,0,3.487,0,3.589,0,0,2.252,3.425,7.063,3.594,0,0,2.648,0,1.751,0,0,0,0,7.412,7.672,2.404,2.458,0,0,2.205,6.731,3.764,0,4.17,4.584,4.49,3.001,2.667,0,6.033,0,1.994,0,0,0,4.105,0,0,3.079,4.396,0,10.921,4.812,0,2.799,6.096,0,2,0,2.48,3.715,0,0,3.213,0,2.294,0,2.399,0,3.194,0,3.101,0,0,3.748,0,6.953,0,0,0,0,2.352,3.119,3.939,2.125,3.702,0,0
D300764:bin_000008,10.691,38.298,18.303,38.78,6.163,7.566,15.852,27.319,74.56,37.697,29.528,28.189,24.939,18.526,21.999,30.415,19.293,16.591,0,87.545,64.426,46.667,21.483,1.888,8.564,24.841,87.897,41.242,10.221,57.355,37.021,58.089,32.433,28.252,0,44.247,21.938,12.698,0,12.729,0,59.273,16.986,15.56,25.892,34.283,0,99.872,63.641,17.646,27.421,87.457,9.38,27.278,6.057,26.919,33.973,1.663,15.982,45.378,0,18.566,19.44,29.568,15.021,30.997,23.996,28.954,7.219,0,31.676,8.6,70.179,12.452,10.903,12.759,8.08,9.731,36.585,58.439,19.044,22.331,3.812,0
D300764:bin_000013,0,0,0,0,0,0,0,0,0,0,0,0,0,0,0,0,0,0,0,0,0,0,0,0,0,0,0,0,0,0,0,0,0,0,0,0,0,0,0,0,0,0,0,0,0,0,0,0,0,0,0,0,0,0,0,0,0,0,0,0,0,0,0,0,0,0,0,0,0,0,0,0,0,0,0,0,0,0,0,0,0,0,0,0
D300766:bin_000008,0,0,0,0,0,0,0,0,0,0,0,0,0,0,0,0,0,0,0,0,0,0,0,0,0,0,0,0,0,0,0,0,0,0,0,0,0,0,0,0,0,0,0,0,0,0,0,0,0,0,0,0,0,0,0,0,0,0,0,0,0,0,0,0,0,0,0,0,0,0,0,0,0,0,0,0,0,0,0,0,0,0,0,0
D300766:bin_000009,0,0,0,0,0,0,0,0,0,0,0,0,0,0,0,0,0,0,0,3.977,2.237,0,0,0,0,0,2.728,0,0,0,3.353,2.808,0,0,0,3.199,0,2.133,0,0,0,0,0,0,0,0,0,2.959,0,2.569,0,0,0,0,0,0,0,0,0,0,0,0,0,0,0,0,0,4.303,0,4.438,0,0,6.237,0,0,0,0,0,0,0,0,0,0,0
MPB:bin_000002,0,0,0,0,0,0,0,0,0,0,0,0,0,0,0,0,0,0,0,0,0,0,0,0,0,0,0,0,0,0,0,0,0,0,0,0,0,0,0,0,0,0,0,0,0,0,0,0,0,0,0,0,0,0,0,0,0,0,0,0,0,0,0,0,0,0,0,0,0,0,0,0,0,0,0,0,0,0,0,0,0,0,0,0
MPB:bin_000004,0,0,0,0,0,0,0,0,0,0,0,0,0,0,0,0,0,0,0,0,0,0,0,0,0,0,0,0,0,0,0,0,0,0,0,0,0,0,0,0,0,0,0,0,0,0,0,0,0,0,0,0,0,0,0,0,0,0,0,0,0,0,0,0,0,0,0,0,0,0,0,0,0,0,0,0,0,0,0,0,0,0,0,0
MPB:bin_000005,0,5.052,2.988,0,0,0,0,3.645,12.735,4.626,2.778,2.831,4.242,0,2.713,4.109,0,0,0,7.805,15.297,5.205,4.455,0,1.91,3.33,8.927,8.04,0,0,6.863,7.878,4.724,0,0,8.382,0,0,0,2.882,0,5.351,0,3.206,4.338,4.648,0,11.651,7.587,1.977,0,9.258,0,4.27,0,0,4.574,0,0,8.995,0,0,0,4.303,4.726,3.87,2.63,4.065,0,0,4.825,0,6.03,2.276,0,0,2.01,3.433,4.738,9.157,0,0,0,0
MPB:bin_000006,0,3.229,0,2.066,0,0,0,1.304,3.726,1.085,1.185,0,0,0,0,0,0,0,0,1.81,4.104,2.07,0,0,0,0,3.517,2.456,0,1.7,2.909,1.533,1.727,1.367,0,2.834,0,0,0,0,0,3.009,0,0,0,1.451,0,5.033,2.393,1.134,1.273,4.972,0,0,0,0,0,0,0,1.501,0,1.238,0,1.695,0,1.655,1.324,0,0,0,1.541,0,2.613,0,0,0,0,0,2.051,3.008,0,1.278,0,0
MPB:bin_000007,0,5.248,1.422,3.09,0,0,0,1.239,6.499,2.871,1.527,0,2.287,0,1.654,1.379,1.515,0,0,7.105,7.579,6.025,0,0,0,0,5.888,3.121,0,3.299,5.291,3.648,3.169,2.362,0,4.783,2.553,0,0,0,0,3.611,1.086,0,2.075,2.187,0,7.373,8.813,2.454,0,6.317,0,1.926,0,1.538,3.004,0,0,6.901,0,1.051,1.258,2.8,1.246,1.632,1.642,0,0,0,2.166,1.099,4.381,0,0,0,0.849,0,4.061,8.32,0,1.386,0,0
MPB:bin_000009,0,2.61,0,1.314,0,0,0,1.266,2.729,0,0,0,0,0,0,0,0,0,0,3,2.214,1.65,0,0,0,0,4.215,1.827,0,1.844,1.698,1.468,1.469,0,0,1.974,0,0,0,0,0,3.228,0,0,0,0,0,3.806,3.256,0,0,4.026,0,0,0,0,1.411,0,0,1.767,0,0,0,0,0,2.104,0,0,0,0,0,1.01,2.1,0,0,0,0,0,1.636,3.764,0,1.438,0,0
MPB:bin_000010,0,0,0,0,0,0,0,0,0,0,0,0,0,0,0,0,0,0,0,0,0,0,0,0,0,0,0,0,0,0,0,0,0,0,0,0,0,0,0,0,0,0,0,0,0,0,0,0,0,0,0,0,0,0,0,0,0,0,0,0,0,0,0,0,0,0,0,0,0,0,0,0,0,0,0,0,0,0,0,0,0,0,0,0
MPB:bin_000011,0,0,0,0,0,0,0,0,0,0,0,0,0,0,0,0,0,0,0,0,0,0,0,0,0,0,0,0,0,0,0,0,0,0,0,0,0,0,0,0,0,0,0,0,0,0,0,0,0,0,0,0,0,0,0,0,0,0,0,0,0,0,0,0,0,0,0,0,0,0,0,0,0,0,0,0,0,0,0,0,0,0,0,0
MPB:bin_000016,4.58,30.599,12.529,18.281,4.618,5.739,11.952,14.629,52.61,26.077,35.584,14.938,21.514,10.656,18.435,21.974,14.626,12.281,5.539,75.738,53.991,56.661,12.438,3.604,9.342,25.948,83.973,20.458,7.857,58.668,27.325,54.653,28.578,27.601,0,27.105,18.883,8.2,0,43.225,0,33.954,18.045,5.584,17.26,23.151,1.311,66.419,52.707,14.53,15.081,85.138,4.986,16.975,1.386,32.026,19.127,1.742,11.577,21.494,2.464,12.307,8.653,26.198,18.479,17.838,15.866,21.484,9.448,2.229,15.97,7.775,41.564,20.844,9.186,10.614,5.348,7.165,24.522,33.497,16.158,12.01,4.44,0
MPB:bin_000017,0,2.684,0,1.886,0,0,0,2.482,5.042,1.606,2.264,0,1.798,0,0,1.684,0,0,0,5.158,5.641,3.285,0,0,0,0,5.753,2.626,0,1.834,4.954,2.864,3.926,2.023,0,3.097,2.648,0,0,0,0,5.243,0,0,1.717,2.3,0,6.664,5.474,1.611,1.636,7.817,0,1.356,0,1.339,2.728,0,0,3.483,0,1.37,0,2.42,0,3.083,1.642,1.581,0,0,2.069,0,3.019,0,0,0,0,0,3.323,5.511,0,2.124,0,0
MPB:bin_000019,4.98,15.532,18.217,11.266,7.299,5.804,5.819,10.585,20.907,16.312,8.769,3.436,9.999,11.574,5.705,15.356,2.826,4.919,3.12,31.781,24.463,43.242,6.081,4.122,2.752,20.318,42.377,21.439,3.788,11.525,13.983,15.077,7.123,8.71,0,18.679,26.44,0,0,13.226,0,11.664,16.412,9.564,13.563,9.616,0,19.913,26.344,2.16,9.665,47.261,3.968,14.448,5.081,6.829,10.498,0,4.445,17.522,1.585,6.168,4.845,21.292,14.34,7.404,5.945,13.47,5.323,1.199,4.966,3.786,12.875,5.843,4.803,4.328,2.353,4.198,7.942,16.006,5.634,5.693,5.046,0
MPB:bin_000021,0,0,0,0,0,0,0,0,0,0,0,0,0,0,0,0,0,0,0,0,0,0,0,0,0,0,0,0,0,0,0,0,0,0,0,0,0,0,0,0,0,0,0,0,0,0,0,0,0,0,0,0,0,0,0,0,0,0,0,0,0,0,0,0,0,0,0,0,0,0,0,0,0,0,0,0,0,0,0,0,0,0,0,0
MPB:bin_000022,0,0,0,0,0,0,0,0,0,0,0,0,0,0,0,0,0,0,0,0,0,0,0,0,0,0,0,0,0,0,0,0,0,0,0,0,0,0,0,0,0,0,0,0,0,0,0,0,0,0,0,0,0,0,0,0,0,0,0,0,0,0,0,0,0,0,0,0,0,0,0,0,0,0,0,0,0,0,0,0,0,0,0,0
MPB:bin_000023,0,0,0,0,0,0,0,0,0,0,0,0,0,0,0,0,0,0,0,0,0,0,0,0,0,0,1.428,0,0,0,0,0,0,0,0,0,0,0,0,0,0,1.343,0,0,0,0,0,0,0,0,0,0,0,0,0,0,0,0,0,0,0,0,0,0,0,0,0,0,0,0,0,0,0,0,0,0,0,0,0,1.275,0,0,0,0
MPB:bin_000026,0,0,0,0,0,0,0,0,0,0,0,0,0,0,0,0,0,0,0,0,0,0,0,0,0,0,0,0,0,0,0,0,0,0,0,0,0,0,0,0,0,0,0,0,0,0,0,0,0,0,0,0,0,0,0,0,0,0,0,0,0,0,0,0,0,0,0,0,0,0,0,0,0,0,0,0,0,0,0,0,0,0,0,0
MPB:bin_000030,0,0,0,0,0,0,0,0,0,0,0,0,0,0,0,0,0,0,0,0,0,0,0,0,0,0,0,0,0,0,0,0,0,0,0,0,0,0,0,0,0,0,0,0,0,0,0,0,0,0,0,0,0,0,0,0,0,0,0,0,0,0,0,0,0,0,0,0,0,0,0,0,0,0,0,0,0,0,0,0,0,0,0,0
MPB:bin_000034,0,0,0,0,0,0,0,0,0,0,0,0,0,0,0,0,0,0,0,0,0,0,0,0,0,0,0,0,0,0,0,0,0,0,0,0,0,0,0,0,0,0,0,0,0,0,0,0,0,0,0,0,0,0,0,0,0,0,0,0,0,0,0,0,0,0,0,0,0,0,0,0,0,0,0,0,0,0,0,0,0,0,0,0
MPB:bin_000035,0,0,0,0,0,0,0,0,0,0,0,0,0,0,0,0,0,0,0,0,0,0,0,0,0,0,0,0,0,0,0,0,0,0,0,0,0,0,0,0,0,0,0,0,0,0,0,0,0,0,0,0,0,0,0,0,0,0,0,0,0,0,0,0,0,0,0,0,0,0,0,0,0,0,0,0,0,0,0,0,0,0,0,0
MPB:bin_000037,0,0,0,0,0,0,0,0,0,0,0,0,0,0,0,0,0,0,0,1.643,1.7,1.435,0,0,0,0,1.275,0,0,0,0,0,0,0,0,0,0,0,0,0,0,1.552,0,0,0,0,0,0,0,0,0,0,0,0,0,0,0,0,0,0,0,0,0,0,0,0,0,0,0,0,0,0,1.073,0,0,0,0,0,0,1.361,0,0,0,0
MPB:bin_000040,0,0,0,0,0,0,0,0,0,0,0,0,0,0,0,0,0,0,0,0,0,0,0,0,0,0,0,0,0,0,0,0,0,0,0,0,0,0,0,0,0,0,0,0,0,0,0,0,0,0,0,0,0,0,0,0,0,0,0,0,0,0,0,0,0,0,0,0,0,0,0,0,0,0,0,0,0,0,0,0,0,0,0,0
MPB:bin_000041,0,1.467,0,2.059,0,0,0,0,2.24,0,0,0,0,0,0,0,0,0,0,1.552,1.548,1.776,0,0,0,0,1.62,0,0,0,1.333,0,0,0,0,1.713,0,0,0,0,0,1.574,0,0,0,0,0,3.262,2.494,0,0,2.412,0,0,0,0,0,0,0,0,0,0,0,0,0,0,0,0,0,0,0,0,0,0,0,0,0,0,0,1.765,0,0,0,0
MPB:bin_000042,5.917,12.377,7.319,20.294,5.969,4.626,7.815,14.332,33.538,15.707,8.531,9.251,15.591,9.07,11.438,11.313,6.515,7.458,0,43.125,29.102,17.087,9.837,2.505,7.203,10.333,45.915,20.358,8.098,24.251,16.925,23.238,13.155,11.194,0,21.005,4.467,6.244,0,7.273,0,15.361,6.328,5.442,11.958,15.228,0,52.529,31.731,6.958,8.82,44.242,6.783,9.653,2.653,9.551,10.721,0,7.012,18.73,0,7.209,11.565,15.817,8.762,12.739,9.883,11.89,3.528,3.491,12.607,2.566,26.396,7.513,3.67,5.678,3.275,6.964,11.925,20.64,8.756,10.136,3.013,0
MPB:bin_000044,0,0,0,0,0,0,0,0,0,0,0,0,0,0,0,0,0,0,0,0,0,0,0,0,0,0,0,0,0,0,0,0,0,0,0,0,0,0,0,0,0,0,0,0,0,0,0,0,0,0,0,0,0,0,0,0,0,0,0,0,0,0,0,0,0,0,0,0,0,0,0,0,0,0,0,0,0,0,0,0,0,0,0,0
MPB:bin_000047,0,0,0,0,0,0,0,0,0,0,0,0,0,0,0,0,0,0,0,0,0,0,0,0,0,0,0,0,0,0,0,0,0,0,0,0,0,0,0,0,0,0,0,0,0,0,0,0,0,0,0,0,0,0,0,0,0,0,0,0,0,0,0,0,0,0,0,0,0,0,0,0,0,0,0,0,0,0,1.529,0,0,0,0,0
MPB:bin_000048,0,0,0,0,0,0,0,0,0,0,0,0,0,0,0,0,0,0,0,0,0,0,0,0,0,0,0,0,0,0,0,0,0,0,0,0,0,0,0,0,0,0,0,0,0,0,0,0,0,0,0,0,0,0,0,0,0,0,0,0,0,0,0,0,0,0,0,0,0,0,0,0,0,0,0,0,0,0,0,0,0,0,0,0
MPB:bin_000049,4.357,30.912,12.901,17.942,4.436,4.854,6.894,15.851,35.263,15.982,13.248,10.789,12.051,9.511,13.376,13.065,9.64,5.522,1.667,43.739,32.425,43.742,7.496,3.172,3.953,11.121,50.312,19.273,3.403,24.812,33.47,24.561,26.043,15.605,0,30.321,16.738,4.018,0,6.065,0,40.572,7.521,7.337,9.367,13.549,0,51.287,49.434,10.461,11.255,57.362,3.315,13.168,2.031,12.865,15.573,0,11.94,31.23,2.784,11.68,11.724,20.631,7.757,25.212,10.647,14.133,5.884,1.614,16.649,8.63,28.335,6.274,3.715,5.609,3.62,3.898,20.693,46.155,6.673,10.1,1.966,0
MPB:bin_000050,0,0,0,2.492,0,0,0,0,4.03,0,0,0,0,0,0,0,0,0,0,4.783,0,0,0,0,0,0,3.809,0,0,0,0,0,0,0,0,0,0,0,0,0,0,0,0,0,0,0,0,4.879,0,0,0,4.63,0,0,0,0,0,0,0,0,0,0,0,0,0,0,0,0,0,0,0,0,0,0,0,0,0,0,0,0,0,0,0,0
MPB:bin_000051,1.7,11.797,2.801,10.684,1.443,2.184,2.627,9.574,17.942,6.259,4.859,3.63,7.601,2.426,5.413,3.895,2.869,2.078,0,16.078,15.484,10.728,3.185,0,1.932,4.655,16.041,6.33,2.401,8.295,14.643,9.009,12.234,6.295,0,11.156,3.251,1.586,0,2.697,0,18.403,2.965,4.383,3.43,6.454,0,22.219,17.757,4.199,5.489,23.151,1.426,5.758,0,4.776,10.185,0,5.105,12.094,0,5.695,2.293,6.654,2.483,9.253,3.154,5.172,1.68,0,7.085,1.703,11.909,2.238,0,2.035,0.958,2.169,12.174,16.747,2.409,6.685,0,0
MPB:bin_000052,0,0,0,0,0,0,0,0,0,0,0,0,0,0,0,0,0,0,0,0,0,0,0,0,0,0,0,0,0,0,0,0,0,0,0,0,0,0,0,0,0,0,0,0,0,0,0,0,0,0,0,0,0,0,0,0,0,0,0,0,0,0,0,0,0,0,0,0,0,0,0,0,0,0,0,0,0,0,0,0,0,0,0,0
MPB:bin_000053,0,0,0,0,0,0,0,0,0,0,0,0,0,0,0,0,0,0,0,0,0,0,0,0,0,0,0,0,0,0,0,0,0,0,0,0,0,0,0,0,0,0,0,0,0,0,0,0,0,0,0,0,0,0,0,0,0,0,0,0,0,0,0,0,0,0,0,0,0,0,0,0,0,0,0,0,0,0,0,0,0,0,0,0
MPB:bin_000055,1.894,4.189,0,5.258,0,0,2.516,3.186,9.058,4.866,2.473,3.053,2.412,0,0,0,2.802,2.581,0,8.509,7.176,4.422,3.265,0,0,2.536,9.967,3.537,0,4.628,7.731,7.845,4.589,3.817,0,8.099,0,2.488,0,2.159,0,5.537,0,0,4.789,5.497,0,11.264,6.118,0,3.501,8.466,0,2.735,0,2.737,3.155,0,0,5.213,0,1.87,3.023,3.282,0,4.067,2.137,3.564,0,0,3.657,0,8.055,0,0,0,0,2.521,3.785,5.721,0,4.011,0,0
MPB:bin_000057,0,0,0,0,0,0,0,0,0,0,0,0,0,0,0,0,0,0,0,0,0,0,0,0,0,0,0,0,0,0,0,0,0,0,0,0,0,0,0,0,0,0,0,0,0,0,0,0,0,0,0,0,0,0,0,0,0,0,0,0,0,0,0,0,0,0,0,0,0,0,0,0,0,0,0,0,0,0,0,0,0,0,0,0
MPB:bin_000059,0,0,0,0,0,0,0,0,0,0,0,0,0,0,0,0,0,0,0,0,0,0,0,0,0,0,0,0,0,0,0,0,0,0,0,0,0,0,0,0,0,0,0,0,0,0,0,0,0,0,0,0,0,0,0,0,0,0,0,0,0,0,0,0,0,0,0,0,0,0,0,0,0,0,0,0,0,0,0,0,0,0,0,0
MPB:bin_000061,0,0,0,0,0,0,0,0,0,0,0,0,0,0,0,0,0,0,0,0,0,0,0,0,0,0,0,0,0,0,0,0,0,0,0,0,0,0,0,0,0,0,0,0,0,0,0,0,0,0,0,0,0,0,0,0,0,0,0,0,0,0,0,0,0,0,0,0,0,0,0,0,0,0,0,0,0,0,0,0,0,0,0,0
MPB:bin_000062,0,0,0,0,0,0,0,0,0,0,0,0,0,0,0,0,0,0,0,0,0,0,0,0,0,0,0,0,0,0,0,0,0,0,0,0,0,0,0,0,0,0,0,0,0,0,0,0,0,0,0,0,0,0,0,0,0,0,0,0,0,0,0,0,0,0,0,0,0,0,0,0,0,0,0,0,0,0,0,0,0,0,0,0
MPB:bin_000063,2.24,3.976,0,3.8,0,0,3.239,3.652,8.802,4.44,2.025,2.28,2.335,1.669,0,2.92,2.03,0,0,15.805,8.018,6.264,0,0,0,3.01,7.356,5.062,2.142,3.724,9.08,5.581,3.371,2.643,0,9.661,0,0,0,1.836,0,6.059,3.481,3.237,4.106,12.126,0,13.104,6.312,0,0,13.249,0,2.781,0,2.878,2.85,0,0,3.692,0,3.651,2.334,3.502,2.803,4.176,2.99,3.875,1.979,0,2.457,0,6.001,0,1.513,0,0,2.625,2.947,4.383,2.459,4.077,0,0
MPB:bin_000064,0,0,0,0,0,0,0,0,0,0,0,0,0,0,0,0,0,0,0,0,0,0,0,0,0,0,0,0,0,0,0,0,0,0,0,0,0,0,0,0,0,0,0,0,0,0,0,0,0,0,0,0,0,0,0,0,0,0,0,0,0,0,0,0,0,0,0,0,0,0,0,0,0,0,0,0,0,0,0,0,0,0,0,0
MPB:bin_000065,0,0,0,0,0,0,0,0,0,0,0,0,0,0,0,0,0,0,0,0,0,0,0,0,0,0,0,0,0,0,0,0,0,0,0,0,0,0,0,0,0,0,0,0,0,0,0,0,0,0,0,0,0,0,0,0,0,0,0,0,0,0,0,0,0,0,0,0,0,0,0,0,0,0,0,0,0,0,0,0,0,0,0,0
MPB:bin_000066,0,3.738,2.449,2.825,0,0,1.432,2.548,4.812,5.948,1.375,1.88,1.978,0,0,2.236,1.399,1.983,0,8.819,6.289,7.666,1.388,2.482,0,3.231,8.673,1.857,0,5.923,1.707,4.884,5.278,2.253,0,4.388,1.767,0,0,1.422,0,2.97,1.765,1.244,1.487,1.943,1.626,8.874,8.267,3.18,1.808,7.812,0,4.075,0,0,1.92,0,2.669,4.37,0,1.209,0,4.692,1.869,2.416,1.451,0,0,0,0,2.148,3.748,2.605,1.731,0,0,0,1.572,5.017,2.227,1.81,1.63,0
MPB:bin_000069,2.242,7.566,5.747,13.397,0,2.992,6.595,12.959,22.909,8.941,6.607,5.433,5.868,2.137,4.042,20.014,7.846,10.317,0,26.841,30.336,10.972,11.912,0,0,10.575,22.877,21.294,7.605,13.264,20.8,12.995,14.369,10.991,0,25.199,2.044,6.048,0,2.664,0,9.748,5.119,2.87,26.497,12.238,0,27.248,13.266,4.898,9.811,22.383,3.964,18.288,0,13.708,9.077,0,5.512,14.106,0,6.711,5.964,8.063,2.097,26.23,3.698,18.455,0,0,10.242,0,24.091,3.064,1.658,2.279,2.229,8.315,9.322,20.898,7.668,9.274,1.704,0
MPB:bin_000070,0,0,0,0,0,0,0,0,0,0,0,0,0,0,0,0,0,0,0,0,0,0,0,0,0,0,0,0,0,0,0,0,0,0,0,0,0,0,0,0,0,0,0,0,0,0,0,0,0,0,0,0,0,0,0,0,0,0,0,0,0,0,0,0,0,0,0,0,0,0,0,0,0,0,0,0,0,0,0,0,0,0,0,0
MPB:bin_000072,0,0,0,0,0,0,0,0,0,0,0,0,0,0,0,0,0,0,0,0,0,0,0,0,0,0,0,0,0,0,0,0,0,0,0,0,0,0,0,0,0,0,0,0,0,0,0,0,0,0,0,0,0,0,0,0,0,0,0,0,0,0,0,0,0,0,0,0,0,0,0,0,0,0,0,0,0,0,0,0,0,0,0,0
MPB:bin_000073,0,0,0,0,0,0,0,0,1.177,0,0,0,0,0,0,0,0,0,0,1.425,0,0,0,0,0,0,1.324,0,0,0,0,0,0,0,0,1.204,0,0,0,0,0,1.449,0,0,0,0,0,1.769,0,0,0,1.404,0,0,0,0,0,0,0,0,0,0,0,0,0,0,0,0,0,0,0,0,0,0,0,0,0,0,0,0.863,0,0,0,0
MPB:bin_000074,0,0,0,0,0,0,0,0,0,0,0,0,0,0,0,0,0,0,0,0,0,0,0,0,0,0,0,0,0,0,0,0,0,0,0,0,0,0,0,0,0,0,0,0,0,0,0,0,0,0,0,0,0,0,0,0,0,0,0,0,0,0,0,0,0,0,0,0,0,0,0,0,0,0,0,0,0,0,0,0,0,0,0,0
MPB:bin_000075,0,0,0,0,0,0,0,0,0,0,0,0,0,0,0,0,0,0,0,0,0,0,0,0,0,0,0,0,0,0,0,0,0,0,0,0,0,0,0,0,0,0,0,0,0,0,0,0,0,0,0,0,0,0,0,0,0,0,0,0,0,0,0,0,0,0,0,0,0,0,0,0,0,0,0,0,0,0,0,0,0,0,0,0
MPB:bin_000076,0,0,0,0,0,0,0,0,0,0,0,0,0,0,0,0,0,0,0,0,0,0,0,0,0,0,0,0,0,0,0,0,0,0,0,0,0,0,0,0,0,0,0,0,0,0,0,0,0,0,0,0,0,0,0,0,0,0,0,0,0,0,0,0,0,0,0,0,0,0,0,0,0,0,0,0,0,0,0,0,0,0,0,0
MPB:bin_000079,0,0,0,0,0,0,0,0,0,0,0,0,0,0,0,0,0,0,0,0,0,0,0,0,0,0,0,0,0,0,0,0,0,0,0,0,0,0,0,0,0,0,0,0,0,0,0,0,0,0,0,0,0,0,0,0,0,0,0,0,0,0,0,0,0,0,0,0,0,0,0,0,0,0,0,0,0,0,0,0,0,0,0,0
MPB:bin_000080,0,0,0,0,0,0,0,0,0,0,0,0,0,0,0,0,0,0,0,0,0,0,0,0,0,0,0,0,0,0,0,0,0,0,0,0,0,0,0,0,0,0,0,0,0,0,0,0,0,0,0,0,0,0,0,0,0,0,0,0,0,0,0,0,0,0,0,0,0,0,0,0,0,0,0,0,0,0,0,0,0,0,0,0
MPB:bin_000081,0,0,0,0,0,0,0,0,0,0,0,0,0,0,0,0,0,0,0,0,0,0,0,0,0,0,0,0,0,0,0,0,0,0,0,0,0,0,0,0,0,0,0,0,0,0,0,0,0,0,0,0,0,0,0,0,0,0,0,0,0,0,0,0,0,0,0,0,0,0,0,0,0,0,0,0,0,0,0,0,0,0,0,0
MPB:bin_000082,0,0,0,0,0,0,0,0,0,0,0,0,0,0,0,0,0,0,0,0,0,0,0,0,0,0,0,0,0,0,0,0,0,0,0,0,0,0,0,0,0,0,0,0,0,0,0,0,0,0,0,0,0,0,0,0,0,0,0,0,0,0,0,0,0,0,0,0,0,0,0,0,0,0,0,0,0,0,0,0,0,0,0,0
MPB:bin_000083,0,0,0,0,0,0,0,0,0,0,0,0,0,0,0,0,0,0,0,0,0,0,0,0,0,0,0,0,0,0,0,0,0,0,0,0,0,0,0,0,0,0,0,0,0,0,0,0,0,0,0,0,0,0,0,0,0,0,0,0,0,0,0,0,0,0,0,0,0,0,0,0,0,0,0,0,0,0,0,0,0,0,0,0
MPB:bin_000085,0,0,0,0,0,0,0,0,0,0,0,0,0,0,0,0,0,0,0,0,0,0,0,0,0,0,1.197,0,0,0,0,0,0,0,0,0,0,0,0,0,0,1.062,0,0,0,0,0,0,1.501,0,0,1.56,0,0,0,0,0,0,0,0,0,0,0,0,0,0,0,0,0,0,0,0,0,0,0,0,0,0,0,1.134,0,0,0,0
MPB:bin_000087,0,0,0,0,0,0,0,0,0,0,0,0,0,0,0,0,0,0,0,0,0,0,0,0,0,0,0,0,0,0,0,0,0,0,0,0,0,0,0,0,0,0,0,0,0,0,0,0,0,0,0,0,0,0,0,0,0,0,0,0,0,0,0,0,0,0,0,0,0,0,0,0,0,0,0,0,0,0,0,0,0,0,0,0
MPB:bin_000088,0,0,0,0,0,0,0,0,0,0,0,0,0,0,0,0,0,0,0,0,0,0,0,0,0,0,0,0,0,0,0,0,0,0,0,0,0,0,0,0,0,0,0,0,0,0,0,0,0,0,0,0,0,0,0,0,0,0,0,0,0,0,0,0,0,0,0,0,0,0,0,0,0,0,0,0,0,0,0,0,0,0,0,0
MPB:bin_000090,0,0,1.634,0,0,1.04,0,1.163,2.572,2.766,1.529,1.487,0,0,0,0,0,1.867,0,2.722,4.331,3.802,0,0,0,1.725,3.895,2.78,0,3.479,0,3.253,1.674,1.275,0,2.309,0,0,0,13.482,0,2.691,0,0,0,1.219,0,4.404,1.824,0,0,2.866,0,0,0,1.598,1.596,0,1.405,0,0,0,0,0,1.67,1.486,0,0,1.27,0,1.482,0,1.891,0,0,0,1.034,0,2.964,1.804,1.302,0,0,0
MPB:bin_000091,0,0,0,0,0,0,0,0,0,0,0,0,0,0,0,0,0,0,0,0,0,0,0,0,0,0,0,0,0,0,0,0,0,0,0,0,0,0,0,0,0,0,0,0,0,0,0,0,0,0,0,0,0,0,0,0,0,0,0,0,0,0,0,0,0,0,0,0,0,0,0,0,0,0,0,0,0,0,0,0,0,0,0,0
MPB:bin_000092,0,3.334,0,2.339,0,0,0,1.341,3.854,1.226,1.436,0,1.367,0,1.764,1.615,0,0,0,4.588,3.059,2.504,0,0,0,0,3.979,2.004,0,1.645,2.12,2.75,2.285,2.285,0,2.769,2.321,0,0,0,0,5.294,0,1.266,0,0,0,5.993,5.764,1.16,1.315,6.07,0,1.563,0,1.742,1.754,0,1.225,2.742,0,1.058,0,1.559,0,2.371,0,1.826,0,0,1.711,0,3.172,0,0,0,0,0,2.526,7.062,0,1.832,0,0
MPB:bin_000093,5.266,5.266,3.02,10.106,1.836,1.846,3.393,5.271,20.985,9.624,5.423,4.326,6.214,3.436,3.91,7.57,0,6.099,0,14.686,15.502,10.923,5.14,2.734,0,4.786,13.532,14.104,2.601,11.746,11.752,5.172,6.325,4.008,0,12.97,2.852,4.564,0,2.432,0,13.474,5.21,5.011,5.905,12.62,0,24.965,9.453,5.373,4.652,24.028,2.447,6.464,0,3.974,6.978,0,5.381,11.006,0,3.509,5.198,8.638,10.515,10.441,5.38,5.546,2.816,0,6.605,2.569,13.932,3.392,3.477,3.802,0,4.936,8.089,11.81,4.705,5.514,0,0
MPB:bin_000094,0,0,0,5.419,0,0,3.005,3.897,9.517,0,0,0,0,0,0,4.607,0,2.552,0,9.853,9.575,4.92,0,0,0,3.386,8.231,5.327,0,5.655,5.594,5.158,0,3.567,0,0,0,0,0,0,0,5.659,0,2.515,0,5.686,0,13.053,6.342,2.132,0,9.518,0,3.717,0,4.269,0,0,0,0,0,2.468,3.84,5.066,2.472,3.793,3.03,4.333,0,0,3.55,0,7.156,0,0,0,0,0,4.847,6.047,0,3.353,0,0
MPB:bin_000095,0,0,0,0,0,0,0,0,0,0,0,0,0,0,0,0,0,0,0,0,0,0,0,0,0,0,0,0,0,0,0,0,0,0,0,0,0,0,0,0,0,0,0,0,0,0,0,0,0,0,0,0,0,0,0,0,0,0,0,0,0,0,0,0,0,0,0,0,0,0,0,0,0,0,0,0,0,0,0,0,0,0,0,0
MPB:bin_000097,0,0,0,0,0,0,0,0,0,0,0,0,0,0,0,0,0,0,0,0,0,0,0,0,0,0,0,0,0,0,0,0,0,0,0,0,0,0,0,0,0,0,0,0,0,0,0,0,0,0,0,0,0,0,0,0,0,0,0,0,0,0,0,0,0,0,0,0,0,0,0,0,0,0,0,0,0,0,0,0,0,0,0,0
MPB:bin_000100,4.249,12.638,6.253,12.48,3.317,3.617,8.272,13.795,36.233,14.97,8.368,9.607,10.897,9.547,8.049,11.904,9.19,6.406,0,34.473,30.132,21.67,8.224,1.733,7.477,11.832,35.81,17.69,5.129,21.146,17.225,18.502,16.963,11.766,0,19.407,6.464,5.226,0,6.378,0,22.211,7.085,7.708,9.371,15.53,0,39.666,28.255,6.167,11.798,34.908,3.909,11.439,2.046,11.631,12.351,0,8.166,18.945,0,9.589,7.598,14.286,6.315,12.812,8.008,12.661,4.622,0,13.408,2.836,23.145,6.884,4.506,5.358,4.115,7.333,15.019,23.907,7.714,9.635,0,0
MPB:bin_000103,0,0,0,0,0,0,0,0,0,0,0,0,0,0,0,0,0,0,0,0,0,0,0,0,0,0,0,0,0,0,0,0,0,0,0,0,0,0,0,0,0,0,0,0,0,0,0,0,0,0,0,0,0,0,0,0,0,0,0,0,0,0,0,0,0,0,0,0,0,0,0,0,0,0,0,0,0,0,0,0,0,0,0,0
MPB:bin_000105,0,0,0,0,0,0,0,0,0,0,0,0,0,0,0,0,0,0,0,0,0,1.134,0,0,0,0,0,0,0,0,0,0,0,0,0,0,0,0,0,0,0,0.813,0,0,0,0,0,0,0,0,0,0,0,0,0,0,0,0,0,0,0,0,0,0,0,0,0,0,0,0,0,0,0,0,0,0,0,0,0,1.318,0,0,0,0
MPB:bin_000106,0,0,0,0,0,0,0,0,0,0,0,0,0,0,0,0,0,0,0,0,0,0,0,0,0,0,0,0,0,0,0,0,0,0,0,0,0,0,0,0,0,0,0,0,0,0,0,0,0,0,0,0,0,0,0,0,0,0,0,0,0,0,0,0,0,0,0,0,0,0,0,0,0,0,0,0,0,0,0,0,0,0,0,0
MPB:bin_000107,0,0,0,0,0,0,0,0,0,0,0,0,0,0,0,2.128,0,2.128,0,0,0,0,0,1.443,0,0,0,0,0,2.433,0,0,0,0,0,0,0,0,0,0,0,0,0,0,0,0,0,0,0,0,0,0,0,0,0,0,0,0,0,0,0,0,0,0,0,0,0,0,0,0,0,0,0,0,0,0,0,0,0,0,0,0,0,0
MPB:bin_000108,0,0,0,0,0,0,0,0,0,0,0,0,0,0,0,0,0,0,0,0,0,0,0,0,0,0,0,0,0,0,0,0,0,0,0,0,0,0,0,0,0,0,0,0,0,0,0,0,0,0,0,0,0,0,0,0,0,0,0,0,0,0,0,0,0,0,0,0,0,0,0,0,0,0,0,0,0,0,0,0,0,0,0,0
MPB:bin_000109,0,0,0,2.942,0,0,0,0,4.969,0,0,0,0,0,0,0,0,0,0,4.3,0,0,0,0,0,0,0,0,0,0,0,0,0,0,0,3.323,0,0,0,0,0,3.068,0,0,0,0,0,6.13,0,0,0,5.457,0,0,0,0,0,0,0,0,0,0,0,0,0,0,0,0,0,0,0,0,3.207,0,0,0,0,0,2.287,3.662,0,0,0,0
MPB:bin_000110,0,2.791,0,5.21,0,2.874,3.673,4.742,20.918,9.182,1.878,3.175,1.983,4.939,0,6.605,2.918,0,0,5.215,8.53,9.534,0,0,0,11.464,10.252,4.979,0,4.031,3.414,7.027,2.181,3.428,0,10.237,0,0,0,0,0,3.371,0,2.636,0,4.578,0,10.471,29.795,0,2.065,14.023,7.999,3.374,0,0,5.432,0,0,3.597,0,0,2.153,0,1.992,0,1.664,4.386,3.529,0,3.242,0,3.389,2.717,3.23,0,1.15,0,2.268,5.594,3.001,4.729,0,0
MPB:bin_000111,0,0,0,0,0,0,0,0,1.262,0,0,0,0,0,0,0,0,0,0,0,0,0,0,0,0,0,1.297,0,0,0,0,0,0,0,0,0,0,0,0,0,0,1.676,0,0,0,0,0,2.217,2.138,0,0,1.663,0,0,0,0,0,0,0,0,0,0,0,0,0,1.112,0,0,0,0,0,0,0,0,0,0,0,0,0,1.649,0,0,0,0
MPB:bin_000113,0,0,0,0,0,0,0,0,1.249,0,0,0,0,0,0,0,0,0,0,0,0,1.466,0,0,0,0,0,0,0,0,0,0,0,0,0,1.705,0,0,0,0,0,1.821,0,0,0,0,0,1.793,0,0,0,1.744,0,0,0,0,0,0,0,0,0,0,0,0,0,0,0,0,0,0,0,0,0,0,0,0,0,0,0,0,0,0,0,0
MPB:bin_000114,0,0,0,0,0,0,0,0,0,0,0,0,0,0,0,0,0,0,0,0,0,0,0,0,0,0,0,0,0,0,0,0,0,0,0,0,0,0,0,0,0,0,0,0,0,0,0,0,0,0,0,0,0,0,0,0,0,0,0,0,0,0,0,0,0,0,0,0,0,0,0,0,0,0,0,0,0,0,0,0,0,0,0,0
MPB:bin_000115,0,4.645,1.705,4.062,0,0,0,4.155,9.786,3.093,2.136,1.373,2.248,1.769,1.894,0,1.89,0,0,6.656,4.872,6.58,2.976,0,2.338,2.268,9.907,2.659,0,3.799,3.93,3.616,5.024,2.372,0,5.792,3.586,0,0,0,0,7.863,1.948,0,1.635,4.268,0,8.238,8.538,1.533,2.392,14.901,0,3.886,0,3.153,2.878,0,1.95,4.714,0,1.489,0,3.687,2.133,4.792,2.729,1.634,0,0,2.636,1.374,5.028,0,0,1.178,0,0,6.462,7.663,1.564,2.686,0,0
MPB:bin_000116,0,0,0,0,0,0,0,0,0,0,0,0,0,0,0,0,0,0,0,0,0,0,0,0,0,0,0,0,0,0,0,0,0,0,0,0,0,0,0,0,0,0,0,0,0,0,0,0,0,0,0,0,0,0,0,0,0,0,0,0,0,0,0,0,0,0,0,0,0,0,0,0,0,0,0,0,0,0,0,0,0,0,0,0
MPB:bin_000120,0,1.908,0,1.687,0,0,0,4.629,4.928,1.301,0,0,0,0,1.189,1.65,0,0,0,3.252,1.998,3.014,0,0,0,2.697,3.609,1.301,0,0,7.041,1.308,1.522,1.615,0,3.238,0,0,0,0,0,2.644,0,0,0,1.388,0,4.142,2.342,0,0,6.976,0,0,0,0,1.556,0,0,2.256,0,0,0,3.077,0,4.915,0,0,0,0,1.2,0,2.612,0,0,0,0,0,1.844,2.355,0,0,0,0
MPB:bin_000122,0,0,0,0,0,0,0,0,0,0,0,0,0,0,0,0,0,0,0,0,0,0,0,0,0,0,0,0,0,0,0,0,0,0,0,0,0,0,0,0,0,0,0,0,0,0,0,0,0,0,0,0,0,0,0,0,0,0,0,0,0,0,0,0,0,0,0,0,0,0,0,0,0,0,0,0,0,0,0,0,0,0,0,0
MPB:bin_000123,0,0,0,0,0,0,1.222,0,2.557,0,0,0,0,0,2.254,0,0,0,0,0,1.379,3.75,1.59,1.863,0,0,1.705,0,0,2.355,1.674,1.971,0,0,0,0,1.973,0,0,0,0,0,0,0,0,0,0,1.684,1.309,1.346,1.907,2.968,0,0,0,1.42,0,0,1.396,0,0,0,0,0,0,0,0,0,0,0,0,0,0,2.08,0,0,0,0,1.321,1.22,0,0,0,0
MPB:bin_000125,0,6.576,0,3.098,10.824,1.403,6.091,2.133,7.903,7.505,7.228,0,8.169,3.02,1.733,10.457,1.713,2.31,0,10.113,8.319,4.257,3.601,0,4.818,8.24,8.074,5.773,0,7.87,9.752,4.135,10.17,2.06,0,6.995,2.632,0,0,0,0,7.257,2.048,6.622,3.271,2.638,0,12.479,7.303,2.445,2.981,14.529,1.571,2.348,0,1.562,3.877,0,2.41,4.38,0,1.994,2.007,0,2.949,4.142,5.086,6.219,1.359,0,9.38,0,11.775,2.564,4.061,4.492,1.715,2.071,8.25,4.3,2.096,4.053,0,0
MPB:bin_000127,0,0,0,0,0,0,0,0,0,0,0,0,0,0,0,0,0,0,0,0,0,0,0,0,0,0,0,0,0,0,0,0,0,0,0,0,0,0,0,0,0,0,0,0,0,0,0,0,0,0,0,0,0,0,0,0,0,0,0,0,0,0,0,0,0,0,0,0,0,0,0,0,0,0,0,0,0,0,0,0,0,0,0,0
MPB:bin_000129,0,1.172,0,0,0,0,0,0,1.909,0,0,0,0,0,0,0,0,0,0,0,0,1.524,0,0,0,0,0,0,0,0,0,0,0,0,0,0,0,0,0,0,0,1.56,0,0,0,0,0,2.456,1.418,0,0,1.599,0,0,0,0,0,0,0,0,0,0,0,0,0,0,0,0,0,0,0,0,0,0,0,0,0,0,0,2.11,0,0,0,0
MPB:bin_000130,0,0,0,0,0,0,0,0,0,0,0,0,0,0,0,0,0,0,0,0,0,0,0,0,0,0,0,0,0,0,0,0,0,0,0,0,0,0,0,0,0,0,0,0,0,0,0,0,0,0,0,0,0,0,0,0,0,0,0,0,0,0,0,0,0,0,0,0,0,0,0,0,0,0,0,0,0,0,0,0,0,0,0,0
MPB:bin_000131,0,2.457,0,7.788,2.225,0,0,5.771,6.959,0,4.573,4.737,2.603,2.025,3.714,6.509,4.133,2.993,1.438,21.239,13.562,22.335,4.827,2.004,2.922,2.399,13.38,3.354,0,2.744,4.803,16.28,3.803,6.147,0,3.16,11.965,0,0,11.324,0,7.159,4.645,3.59,5.976,5.272,0,12.042,12.073,6.221,3.397,12.95,0,5.349,0,2.194,3.073,0,2.547,12.983,1.737,4.268,2.943,0,1.579,5.136,3.968,3.376,0,0,5.025,3.883,7.104,0,2.48,2.443,1.085,1.626,3.813,7.473,1.225,5.291,0,0
MPB:bin_000132,0,0,0,0,0,0,0,0,0,0,0,0,0,0,0,0,0,0,0,0,0,0,0,0,0,0,0,0,0,0,0,0,0,0,0,0,0,0,0,0,0,0,0,0,0,0,0,0,0,0,0,0,0,0,0,0,0,0,0,0,0,0,0,0,0,0,0,0,0,0,0,0,0,0,0,0,0,0,0,0,0,0,0,0
MPB:bin_000133,0,2.282,0,3.139,0,0,0,0,6.779,0,0,0,0,0,0,0,0,0,0,4.804,3.956,0,0,0,0,0,5.023,0,0,2.58,2.965,0,2.664,0,0,2.802,0,1.878,0,0,0,2.992,0,0,0,2.314,0,7.386,0,0,2.152,4.264,0,0,0,0,3.483,0,0,0,0,1.594,0,2.274,1.702,3.135,0,0,0,0,2.206,0,4.121,0,0,0,0,0,3.077,2.479,0,0,0,0
MPB:bin_000135,0,0,0,0,0,0,0,0,0,0,0,0,0,0,0,0,0,0,0,0,0,0,0,0,0,0,0,0,0,0,0,0,0,0,0,0,0,0,0,0,0,0,0,0,0,0,0,0,0,0,0,0,0,0,0,0,0,0,0,0,0,0,0,0,0,0,0,0,0,0,0,0,0,0,0,0,0,0,0,0,0,0,0,0
MPB:bin_000136,0,2.512,0,0,0,0,0,0,4.705,0,0,0,0,0,0,0,0,0,0,0,3.433,3.452,0,0,0,0,4.289,0,0,2.686,3.124,4.231,2.836,0,0,2.997,0,0,0,0,0,3.46,0,0,0,2.412,0,5.546,4.293,0,2.247,5.824,0,0,0,0,0,0,1.899,2.768,0,0,0,0,0,0,0,0,0,0,0,0,3.217,0,0,0,0,0,2.451,3.634,0,0,0,0
MPB:bin_000137,0,0,0,0,0,0,0,0,0,0,0,0,0,0,0,0,0,0,0,0,0,0,0,0,0,0,0,0,0,0,0,0,0,0,0,0,0,0,0,0,0,0,0,0,0,0,0,0,0,0,0,0,0,0,0,0,0,0,0,0,0,0,0,0,0,0,0,0,0,0,0,0,0,0,0,0,0,0,0,0,0,0,0,0
MPB:bin_000138,0,0,0,5.086,0,0,0,0,5.622,0,0,2.416,0,0,0,0,0,0,0,5.876,0,3.373,0,0,0,0,0,0,0,3.99,4.199,0,0,0,0,0,0,0,0,0,0,0,0,0,0,0,0,7.18,4.744,0,2.433,0,0,0,0,0,0,0,0,3.658,0,0,0,0,0,2.839,0,0,0,0,0,0,0,0,0,0,0,0,0,4.26,2.147,2.521,0,0
MPB:bin_000140,0,2.307,0,0,0,0,0,1.953,4.508,0,0,0,0,0,0,0,0,0,0,5.168,3.142,3.202,0,0,0,0,5.502,2.507,0,2.581,2.482,2.42,2.375,0,0,3.177,0,0,0,0,0,4.91,0,0,0,0,0,5.089,5.017,0,0,6.481,0,0,0,0,2.028,0,2.048,2.451,0,0,0,2.271,0,2.077,0,0,0,0,1.804,0,2.823,0,0,0,0,0,2.617,5.409,0,0,0,0
MPB:bin_000141,0,0,0,0,0,0,0,0,0,0,0,0,0,0,0,0,0,0,0,0,0,0,0,0,0,0,0,0,0,0,0,0,0,0,0,0,0,0,0,0,0,0,0,0,0,0,0,0,0,0,0,0,0,0,0,0,0,0,0,0,0,0,0,0,0,0,0,0,0,0,0,0,0,0,0,0,0,0,0,0,0,0,0,0
MPB:bin_000143,0,3.138,0,3.536,0,0,2.033,4.293,3.952,3.102,2.359,2.992,2.277,0,3.269,0,0,2.009,0,6.996,6.817,2.958,0,0,0,0,6.926,4.808,0,2.414,6.943,4.709,2.18,1.897,0,2.942,0,2.385,0,0,0,6.697,1.501,0,3.903,4.522,0,8.416,6.018,1.383,1.857,6.028,0,1.676,0,2.984,2.262,0,1.573,5.285,0,1.484,1.669,1.904,0,3.167,0,2.519,0,0,4.069,0,8.401,0,0,0,0,2.629,1.988,1.814,1.949,3.998,0,0
MPB:bin_000144,0,0,0,0,0,0,0,0,0,0,0,0,0,0,0,0,0,0,0,0,0,0,0,0,0,0,0,0,0,0,0,0,0,0,0,0,0,0,0,0,0,0,0,0,0,0,0,0,0,0,0,0,0,0,0,0,0,0,0,0,0,0,0,0,0,0,0,0,0,0,0,0,0,0,0,0,0,0,0,0,0,0,0,0
MPB:bin_000145,0,0,0,0,0,0,0,0,0,0,0,0,0,0,0,0,0,0,0,0,0,0,0,0,0,0,0,0,0,0,0,0,0,0,0,0,0,0,0,0,0,0,0,0,0,0,0,0,0,0,0,0,0,0,0,0,0,0,0,0,0,0,0,0,0,0,0,0,0,0,0,0,0,0,0,0,0,0,0,0,0,0,0,0
MPB:bin_000146,0,0,0,0,0,0,0,0,0,0,0,0,0,0,0,0,0,0,0,0,0,0,0,0,0,0,0,0,0,0,0,0,0,0,0,0,0,0,0,0,0,0,0,0,0,0,0,0,0,0,0,0,0,0,0,0,0,0,0,0,0,0,0,0,0,0,0,0,0,0,0,0,0,0,0,0,0,0,0,0,0,0,0,0
MPB:bin_000147,0,0,0,0,0,0,0,0,0,0,0,0,0,0,0,0,0,0,0,0,0,0,0,0,0,0,0,0,0,0,0,0,0,0,0,0,0,0,0,0,0,0,0,0,0,0,0,0,0,0,0,0,0,0,0,0,0,0,0,0,0,0,0,0,0,0,0,0,0,0,0,0,0,0,0,0,0,0,0,0,0,0,0,0
MPB:bin_000148,0,0,0,0,0,0,0,0,0,0,0,0,0,0,0,0,0,0,0,0,0,0,0,0,0,0,0,0,0,0,0,0,0,0,0,0,0,0,0,0,0,0,0,0,0,0,0,0,0,0,0,0,0,0,0,0,0,0,0,0,0,0,0,0,0,0,0,0,0,0,0,0,0,0,0,0,0,0,0,0,0,0,0,0
MPB:bin_000149,0,1.986,0,2.007,1.488,0,2.981,3.577,5.55,4.117,0,0,3.253,0,1.845,0,3.557,1.77,0,6.062,7.915,3.752,3.113,0,1.108,2.082,6.029,4.069,0,8.023,5.689,2.66,4.654,2.541,0,5.17,0,2.783,0,0,0,2.433,0,2.052,3.676,4.469,0,12.975,2.729,1.3,3.067,3.562,0,0,0,2.013,2.091,0,0,0,0,0,3.476,2.632,0,4.058,1.443,2.995,1.613,0,3.521,0,6.652,0,0,0,0,1.56,1.598,2.061,2.253,2.199,0,0
MPB:bin_000150,0,0,0,0,0,0,0,0,0,0,0,0,0,0,0,0,0,0,0,0,0,0,0,0,0,0,0,0,0,0,0,0,0,0,0,0,0,0,0,0,0,0,0,0,0,0,0,0,0,0,0,0,0,0,0,0,0,0,0,0,0,0,0,0,0,0,0,0,0,0,0,0,0,0,0,0,0,0,0,0,0,0,0,0
MPB:bin_000152,1.8,5.025,0,5.335,2.047,1.748,4.1,5.489,10.8,4.93,2.806,3.42,3.4,1.843,2.324,4.726,2.464,2.573,0,12.34,12.415,3.944,2.789,0,0,4.486,10.788,6.008,2.553,6.341,7.608,7.153,4.481,4.134,0,7.197,0,2.333,0,1.602,0,5.879,1.975,1.947,5.093,6.141,0,12.989,6.854,1.979,3.821,9.237,2.092,3.446,0,3.553,4.369,0,1.638,5.011,0,2.725,3.578,4.121,1.756,4.818,3.118,5.27,1.726,0,4.517,0,10.947,0,1.658,1.932,0,3.813,3.852,6.369,3.503,4.975,0,0
MPB:bin_000153,0,0,0,0,0,0,4.142,3.196,9.242,1.877,0,3.05,0,0,0,0,0,0,0,0,4.931,2.171,0,0,0,0,3.209,0,0,44.689,0,0,0,2.232,0,0,0,0,0,0,0,0,10.619,4.755,0,0,0,21.304,2.071,0,2.071,2.542,0,0,0,0,2.283,0,0,0,0,0,2.205,2.645,31.97,0,0,2.512,0,0,0,0,3.827,0,0,4.528,0,0,3.677,0,3.621,3.39,0,0
MPB:bin_000155,0,1.435,0,1.948,0,0,0,2.335,3.121,0,0,0,0,0,0,0,0,0,0,3.701,3.036,2.49,0,0,0,0,2.846,0,0,2.44,2.012,1.746,1.633,0,0,1.598,0,0,0,0,0,3.367,0,0,0,0,0,3.889,3.817,0,0,3.856,0,0,0,0,1.573,0,0,1.723,0,0,0,0,0,2.026,0,0,0,0,0,0,3.129,0,0,0,0,0,1.988,3.605,0,0,0,0
MPB:bin_000156,0,0,0,0,0,0,0,0,0,0,0,0,0,0,0,0,0,0,0,0,0,0,0,0,0,0,0,0,0,0,0,0,0,0,0,0,0,0,0,0,0,0,0,0,0,0,0,0,0,0,0,0,0,0,0,0,0,0,0,0,0,0,0,0,0,0,0,0,0,0,0,0,0,0,0,0,0,0,0,0,0,0,0,0
MPB:bin_000158,0,0,0,0,0,0,0,0,0,0,0,0,0,0,0,0,0,0,0,0,0,0,0,0,0,0,0,0,0,0,0,0,0,0,0,0,0,0,0,0,0,0,0,0,0,0,0,0,0,0,0,0,0,0,0,0,0,0,0,0,0,0,0,0,0,0,0,0,0,0,0,0,0,0,0,0,0,0,0,0,0,0,0,0
MPB:bin_000160,0,0,0,0,0,0,0,0,0,0,0,0,0,0,0,0,0,0,0,0,0,0,0,0,0,0,0,0,0,0,0,0,0,0,0,0,0,0,0,0,0,0,0,0,0,0,0,0,0,0,0,0,0,0,0,0,0,0,0,0,0,0,0,0,0,0,0,0,0,0,0,0,0,0,0,0,0,0,0,0,0,0,0,0
MPB:bin_000162,0,3.97,0,4.244,0,1.432,2.283,4.335,7.55,3.981,0,2.269,3.318,0,2.255,0,0,0,0,7.728,8.596,0,3.193,0,0,2.387,7.156,4.394,0,4.877,4.948,4.43,3.201,3.06,0,8.019,0,2.337,0,0,0,5.086,1.669,2.214,3.41,4.684,0,14.639,5.067,1.575,3.889,6.65,1.824,2.36,0,2.967,4.793,0,0,4.225,0,2.835,2.078,2.475,0,4.301,0,3.076,0,0,4.637,0,7.52,0,0,0,1.255,2.736,3.905,4.443,2.318,4.674,0,0
MPB:bin_000163,0,6.501,1.756,5.697,0,0,1.627,3.835,9.761,2.813,2.338,2.248,2.376,1.499,2.339,0,1.987,1.254,0,9.174,8.094,6.324,1.978,0,0,1.345,10.642,4.342,0,3.821,7.765,6.256,6.046,3.447,0,7.536,1.304,0,0,0,0,12.381,2.228,1.686,3.922,3.928,0,11.29,13.317,3.488,3.194,13.066,0,3.05,0,2.824,5.172,0,3.831,7.524,0,2.656,1.294,2.899,0,6.904,2.594,3.771,0,0,4.374,1.408,7.053,1.869,0,1.472,0,0,6.354,14.398,1.773,3.532,0,0
MPB:bin_000165,0,0,0,0,0,0,0,0,0,0,0,0,0,0,0,0,0,0,0,0,0,0,0,0,0,0,0,0,0,0,0,0,0,0,0,0,0,0,0,0,0,0,0,0,0,0,0,0,0,0,0,0,0,0,0,0,0,0,0,0,0,0,0,0,0,0,0,0,0,0,0,0,0,0,0,0,0,0,0,0,0,0,0,0
MPB:bin_000167,35.383,57.293,19.803,43.881,19.75,14.67,39.493,73.348,113.807,96.361,36.364,41.317,56.966,30.577,38.003,60.556,30.516,33.3,9.449,103.424,114.833,108.74,36.528,17.787,34.014,53.327,110.888,78.194,24.622,80.845,61.099,77.738,65.777,54.713,0,120.875,62.398,18.377,2.474,37.019,3.081,64.269,33.14,45.995,49.947,76.021,6.197,149.843,125.535,41.853,49.007,112.456,25.694,52.318,15.208,56.692,53.254,0.717,31.277,80.37,27.196,29.025,32.141,105.133,55.653,43.04,32.735,54.653,13.608,19.327,75.193,26.508,146.959,62.804,25.612,24.039,13.418,12.587,62.071,83.683,32.829,36.498,15.152,0
MPB:bin_000168,0,0,0,0,0,0,0,0,0,0,0,0,0,0,0,0,0,0,0,0,0,0,0,0,0,0,0,0,0,0,0,0,0,0,0,0,0,0,0,0,0,0,0,0,0,0,0,0,0,0,0,0,0,0,0,0,0,0,0,0,0,0,0,0,0,0,0,0,0,0,0,0,0,0,0,0,0,0,0,0,0,0,0,0
MPB:bin_000169,0,6.91,0,7.343,2.031,0,0,0,13.031,6.726,4.447,0,5.509,2.327,3.432,4.901,4.053,0,0,15.524,13.632,6.163,0,0,0,6.123,10.613,5.823,0,8.511,6.786,9.883,5.636,6.471,0,9.822,0,3.986,0,0,0,7.142,0,0,6.817,8.528,0,14.204,8.198,0,5.507,15.147,0,0,0,5.065,7.427,0,0,7.989,0,0,0,0,0,6.628,0,5.175,2.368,0,7.621,0,11.833,0,2.805,2.808,0,0,0,9.765,0,5.088,0,0
MPB:bin_000170,0,0,0,0,0,0,0,0,0,0,0,0,0,0,0,0,0,0,0,0,0,0,0,0,0,0,0,0,0,0,0,0,0,0,0,0,0,0,0,0,0,0,0,0,0,0,0,0,0,0,0,0,0,0,0,0,0,0,0,0,0,0,0,0,0,0,0,0,0,0,0,0,0,0,0,0,0,0,0,0,0,0,0,0
MPB:bin_000173,3.06,10.38,2.497,11.136,3.289,1.399,7.947,8.667,21.25,11.014,5.342,6.365,5.732,3.602,3.676,6.475,5.267,4.276,0,21.69,17.348,7.642,6.37,0,1.501,4.578,20.187,7.707,4.71,12.872,11.638,12.031,9.665,6.859,0,17.93,0,5.088,0,3.073,0,9.247,3.388,6.783,8.638,12.176,0,30.48,15.176,3.128,9.607,17.705,4.783,5.435,0,8.419,8.849,0,4.66,7.521,0,7.384,4.767,7.543,0,6.803,7.787,8.153,3.109,0,10.675,1.245,18.729,2.026,3.002,3.809,1.312,5.647,9.95,11.477,6.157,7.789,0,0
MPB:bin_000174,0,0,0,0,0,0,0,0,0,0,0,0,0,0,0,0,0,0,0,0,0,0,0,0,0,0,0,0,0,0,0,0,0,0,0,0,0,0,0,0,0,0,0,0,0,0,0,0,0,0,0,0,0,0,0,0,0,0,0,0,0,0,0,0,0,0,0,0,0,0,0,0,0,0,0,0,0,0,0,0,0,0,0,0
MPB:bin_000177,0,0,0,0,0,0,0,0,0,1.969,2.283,0,0,0,1.602,3.196,1.543,0,0,3.828,2.226,0,0,0,0,0,0,0,0,0,2.64,0,0,0,0,2.373,0,0,0,0,0,0,0,0,0,0,0,2.577,0,0,1.598,5.625,0,0,0,0,1.846,0,0,0,0,0,0,0,2.125,0,0,0,0,0,1.462,0,0,0,0,0,0,0,0,0,0,0,0,0
MPB:bin_000185,0,0,0,0,0,0,0,0,0,0,0,0,0,0,0,0,0,0,0,0,0,0,0,0,0,0,0,0,0,0,0,0,0,0,0,0,0,0,0,0,0,0,0,0,0,0,0,0,0,0,0,0,0,0,0,0,0,0,0,0,0,0,0,0,0,0,0,0,0,0,0,0,0,0,0,0,0,0,0,0,0,0,0,0
MPB:bin_000187,0,7.06,3.057,5.544,1.631,1.387,1.392,2.823,10.373,2.688,2.569,2.461,2.96,2.631,1.364,3.491,0,1.482,0,5.61,9.715,7.828,2.608,0,1.762,1.733,10.446,5.271,0,3.801,6.993,3.75,4.331,3.453,0,6.341,3.893,0,0,0,0,9.789,1.852,2.903,1.378,2.919,0,12.998,11.046,3.162,1.801,13.006,0,3.007,0,4.609,5.483,0,1.7,7.989,0,2.7,2.136,3.283,1.716,5.808,1.326,2.454,0,0,3.071,1.048,9.618,2.023,0,0,0,0,5.93,10.649,1.6,2.012,0,0
MPB:bin_000190,3.678,13.504,7.202,15.278,3.649,3.67,7.542,13.377,35.729,15.07,9.86,11.272,10.866,6.578,7.463,11.848,8.128,6.032,0,33.33,28.375,17.973,9.418,0,4.049,13.077,27.508,18.154,0,20.759,12.284,21.349,18.454,9.938,0,22.44,6.335,6.109,0,6.352,0,18.093,7.631,9.687,10.065,12.565,0,38.909,23.219,6.144,12.04,34.667,6.63,9.573,4.532,8.906,12.479,0,7.51,17.652,0,7.152,7.434,21.24,6.621,13.03,11.922,14.046,3.588,0,13.335,2.243,22.075,7.944,4.868,4.511,3.29,4.929,11.805,26.227,7.474,9.022,0,0
MPB:bin_000191,30.836,68.494,17.099,77.923,16.397,18.063,55.763,72.911,132.5,78.629,52.868,55.392,59.528,18.04,25.714,41.111,38.333,35.881,3.208,152.216,135.447,62.238,49.764,6.382,6.181,62.202,110.793,67.849,36.256,90.517,81.926,115.274,60.284,66.299,0,105.666,14.177,49.736,0,20.496,0,73.13,30.616,32.794,65.32,91.038,2.297,145.191,87.259,34.671,57.056,140.796,35.518,39.22,2.381,45.091,64.335,0.922,17.585,83.442,2.041,51.031,48.106,48.243,20.173,74.636,28.852,61.48,20.72,13.474,79.791,5.147,151.027,22.936,21.924,32.098,8.504,44.873,34.869,86.294,54.981,44.41,9.685,0
MPB:bin_000193,0,0,0,0,0,0,0,0,0,0,0,0,0,0,0,0,0,0,0,0,0,0,0,0,0,0,0,0,0,0,0,0,0,0,0,0,0,0,0,0,0,0,0,0,0,0,0,0,0,0,0,0,0,0,0,0,0,0,0,0,0,0,0,0,0,0,0,0,0,0,0,0,0,0,0,0,0,0,0,0,0,0,0,0
MPB:bin_000194,0,0,0,0,0,0,0,0,0,0,0,0,0,0,0,0,0,0,0,0,0,0,0,0,0,0,0,0,0,0,0,0,0,0,0,0,0,0,0,0,0,0,0,0,0,0,0,0,0,0,0,0,0,0,0,0,0,0,0,0,0,0,0,0,0,0,0,0,0,0,0,0,0,0,0,0,0,0,0,0,0,0,0,0
MPB:bin_000195,0,0,0,1.404,0,0,0,0,2.397,0,0,0,0,1.794,0,1.851,0,0,0,2.364,1.395,1.854,1.444,0,0,0,3.258,1.308,0,0,3.757,1.874,2.598,0,0,1.659,0,0,0,1.211,0,2.692,0,1.889,0,1.229,0,5.093,4.237,0,0,3.903,0,0,0,0,1.234,0,0,2.046,0,0,0,0,0,0,0,0,0,0,0,0,2.375,0,0,0,0,0,0,3.192,0,0,0,0
MPB:bin_000196,0,0,0,0,0,0,0,0,0,0,0,0,0,0,0,0,0,0,0,0,0,0,0,0,0,0,0,0,0,0,0,0,0,0,0,0,0,0,0,0,0,0,0,0,0,0,0,0,0,0,0,0,0,0,0,0,0,0,0,0,0,0,0,0,0,0,0,0,0,0,0,0,0,0,0,0,0,0,0,0,0,0,0,0
MPB:bin_000198,0,1.658,0,0,0,0,0,0,2.037,0,0,0,0,0,0,0,0,0,0,1.836,1.78,1.198,0,0,0,0,1.8,0,0,1.372,0,0,0,0,0,1.359,0,0,0,0,0,1.997,0,0,0,0,0,3.108,1.448,0,0,3.171,0,0,0,0,0,0,0,1.323,0,0,0,0,0,1.548,0,0,0,0,0,0,1.586,0,0,0,0,0,1.198,2.893,0,0,0,0
MPB:bin_000201,0,0,0,0,0,0,0,0,0,0,0,0,0,0,0,0,0,0,0,0,0,0,0,0,0,0,0,0,0,0,0,0,0,0,0,0,0,0,0,0,0,0,0,0,0,0,0,0,0,0,0,0,0,0,0,0,0,0,0,0,0,0,0,0,0,0,0,0,0,0,0,0,0,0,0,0,0,0,0,0,0,0,0,0
MPB:bin_000203,0,0,0,0,0,0,0,0,0,0,0,0,0,0,0,0,0,0,0,0,0,0,0,0,0,0,0,0,0,0,0,0,0,0,0,0,0,0,0,0,0,0,0,0,0,0,0,0,0,0,0,0,0,0,0,0,0,0,0,0,0,0,0,0,0,0,0,0,0,0,0,0,0,0,0,0,0,0,0,0,0,0,0,0
MPB:bin_000204,0,0,0,0,0,0,0,0,0,0,0,0,0,0,0,0,0,0,0,0,0,0,0,0,0,0,0,0,0,0,0,0,0,0,0,0,0,0,0,0,0,0,0,0,0,0,0,0,0,0,0,0,0,0,0,0,0,0,0,0,0,0,0,0,0,0,0,0,0,0,0,0,0,0,0,0,0,0,0,0,0,0,0,0
MPB:bin_000209,0,0,0,0,0,0,0,0,0,0,0,0,0,0,0,0,0,0,0,0,0,0,0,0,0,0,0,0,0,0,0,0,0,0,0,0,0,0,0,0,0,0,0,0,0,0,0,0,0,0,0,0,0,0,0,0,0,0,0,0,0,0,0,0,0,0,0,0,0,0,0,0,0,0,0,0,0,0,0,0,0,0,0,0
MPB:bin_000212,0,3.273,0,3.229,0,0,0,0,0,0,0,0,0,2.824,0,0,0,0,0,4.558,4.422,0,0,0,0,2.296,4.373,0,0,3.855,0,0,0,0,0,0,0,0,0,0,0,0,0,0,0,0,0,5.891,0,0,0,4.664,0,0,0,0,0,0,0,0,0,1.889,2.345,2.34,0,0,0,0,0,0,0,0,3.618,0,0,0,0,0,0,3.211,0,0,0,0
MPB:bin_000213,0,0,0,0,0,0,0,0,0,0,0,0,0,0,0,0,0,0,0,10.837,10.25,4.635,0,0,1.954,0,10.107,0,0,0,0,0,0,0,0,7.357,0,0,0,0,0,0,0,0,0,0,0,11.691,0,0,0,9.583,0,0,0,0,0,0,0,0,0,0,0,0,0,0,0,0,0,0,0,0,0,0,0,0,0,0,0,0,0,0,0,0
MPB:bin_000214,0,0,0,2.038,0,0,0,2.181,4.246,0,0,0,0,0,0,0,0,0,0,3.991,3.154,0,0,0,0,0,3.384,0,0,3.064,0,2.244,0,1.904,0,0,0,0,0,0,0,2.349,0,0,0,2.932,0,7.252,2.762,0,0,4.181,0,0,0,0,2.769,0,0,0,0,0,0,0,0,2.375,0,0,0,0,1.862,0,4.619,0,0,0,0,0,0,0,1.616,2.241,0,0
MPB:bin_000216,2.675,14.851,9.146,11.893,2.644,2.703,5.625,11.411,27.871,13.807,7.711,6.686,7.953,4.927,8.415,9.282,6.868,3.386,2.5,29.024,26.157,23.948,6.312,2.362,3.641,7.537,33.724,15.109,2.76,18.022,17.438,15.31,17.414,8.433,0,15.194,6.082,2.06,0,5.74,0,22.196,5.908,6.645,7.192,10.112,0,43.026,26.922,7.497,7.711,36.997,3.807,9.134,1.392,9.453,16.565,0,9.931,19.565,1.804,5.498,4.335,11.837,9.496,15.155,8.298,7.313,3.696,1.531,10.821,4.702,15.713,6.724,3.466,4.179,2.991,2.529,13.628,25.847,5.014,7.766,0,0
MPB:bin_000217,0,0,0,0,0,0,0,0,0,0,0,0,0,0,0,0,0,0,0,0,0,0,0,0,0,0,0,0,0,0,0,0,0,0,0,0,0,0,0,0,0,0,0,0,0,0,0,0,0,0,0,0,0,0,0,0,0,0,0,0,0,0,0,0,0,0,0,0,0,0,0,0,0,0,0,0,0,0,0,0,0,0,0,0
MPB:bin_000220,0,0,0,0,0,0,0,0,0,0,0,0,0,0,0,0,0,0,0,0,0,0,0,0,0,0,0,0,0,0,0,0,0,0,0,0,0,0,0,0,0,0,0,0,0,0,0,0,0,0,0,0,0,0,0,0,0,0,0,0,0,0,0,0,0,0,0,0,0,0,0,0,0,0,0,0,0,0,0,0,0,0,0,0
MPB:bin_000221,0,0,0,0,0,0,0,0,0,0,0,0,0,0,0,0,0,0,0,0,0,0,0,0,0,0,0,0,0,0,0,0,0,0,0,0,0,0,0,0,0,0,0,0,0,0,0,0,0,0,0,0,0,0,0,0,0,0,0,0,0,0,0,0,0,0,0,0,0,0,0,0,0,0,0,0,0,0,0,0,0,0,0,0
MPB:bin_000223,0,0,0,0,0,0,0,0,0,0,0,0,0,0,0,0,0,0,0,0,0,0,0,0,0,0,0,0,0,0,0,0,0,0,0,0,0,0,0,0,0,0,0,0,0,0,0,0,0,0,0,0,0,0,0,0,0,0,0,0,0,0,0,0,0,0,0,0,0,0,0,0,0,0,0,0,0,0,0,0,0,0,0,0
MPB:bin_000225,0,3.973,0,3.544,0,1.361,2.207,2.733,6.522,3.982,0,0,0,0,0,0,0,0,0,7.091,6.616,3.323,0,0,0,0,6.135,3.637,0,0,4.016,5.179,3.817,3.885,0,4.18,0,0,0,0,0,5.132,0,0,0,0,0,10.506,4.358,0,3.219,6.286,0,0,0,2.492,3.921,0,0,0,0,2.609,0,3.119,0,2.661,0,0,0,0,4.059,0,5.286,0,0,0,0,0,0,4.005,0,2.913,0,0
MPB:bin_000227,0,0,0,0,0,0,0,0,0,0,0,0,0,0,0,0,0,0,0,0,0,0,0,0,0,0,0,0,0,0,0,0,0,0,0,0,0,0,0,0,0,1.051,0,0,0,0,0,0,0,0,0,0,0,0,0,0,0,0,0,0,0,0,0,0,0,1.311,0,0,0,0,0,0,0,0,0,0,0,0,0,0.889,0,0,0,0
MPB:bin_000228,0,0,0,0,0,0,0,0,0,0,0,0,0,0,0,0,0,0,0,0,0,1.533,0,0,0,0,0,0,0,0,0,1.351,0,0,0,0,0,0,0,0,0,0,0,0,0,0,0,0,0,0,0,0,0,0,0,0,0,0,0,0,0,0,0,0,0,0,0,0,0,0,0,0,0,0,0,0,0,0,0,0,0,0,0,0
MPB:bin_000230,0,0,0,0,0,0,0,0,0,0,0,0,0,0,0,0,0,0,0,0,0,0,0,0,0,0,0,0,0,0,0,0,0,0,0,0,0,0,0,0,0,0,0,0,0,0,0,0,0,0,0,0,0,0,0,0,0,0,0,0,0,0,0,0,0,0,0,0,0,0,0,0,0,0,0,0,0,0,0,0,0,0,0,0
MPB:bin_000231,2.127,7.949,3.802,9.157,0,1.219,4.967,7.375,12.699,7.09,3.211,4.979,4.879,2.499,2.618,4.625,3.839,4.03,0,15.328,15.438,7.1,6.331,0,0,3.782,13.26,9.832,2.261,8.638,12.971,9.123,6.004,7.394,0,11.641,0,4.994,0,1.755,0,8.024,2.972,2.12,7.172,7.771,0,18.422,8.819,2.447,8.484,14.826,3.203,4.913,0,5.417,6.192,0,2.64,7.543,0,4.002,5.465,4.94,1.851,8.551,3.83,6.756,2.666,0,5.292,0,13.958,1.798,1.453,3.272,1.062,3.727,4.138,7.355,6.405,5.346,0,0
MPB:bin_000232,0,0,0,0,0,0,0,0,0,0,0,0,0,0,0,0,0,0,0,0,0,0,0,0,0,0,0,0,0,0,0,0,0,0,0,0,0,0,0,0,0,0,0,0,0,0,0,0,0,0,0,0,0,0,0,0,0,0,0,0,0,0,0,0,0,0,0,0,0,0,0,0,0,0,0,0,0,0,0,0,0,0,0,0
MPB:bin_000233,0,0,0,0,0,0,0,0,0,0,0,0,0,0,0,0,0,0,0,0,0,0,0,0,0,0,0,0,0,0,0,0,0,0,0,0,0,0,0,0,0,0,0,0,0,0,0,0,0,0,0,0,0,0,0,0,0,0,0,0,0,0,0,0,0,0,0,0,0,0,0,0,0,0,0,0,0,0,0,0,0,0,0,0
MPB:bin_000236,0,0,0,0,0,0,0,3.607,6.892,0,0,0,0,0,0,0,0,0,0,7.325,5.11,5.043,0,0,0,0,6.904,0,0,0,3.821,0,3.388,0,0,0,0,0,0,0,0,5.111,2.128,0,0,0,0,7.924,7.844,0,3.015,7.506,0,0,0,0,3.194,0,0,0,0,0,0,0,0,0,0,0,0,0,0,0,5.838,0,0,0,0,0,0,5.919,0,0,0,0
MPB:bin_000237,5.726,10.476,3.697,16.172,3.984,2.451,9.135,14.046,44.713,18.051,10.456,21.371,7.983,3.634,10.576,4.748,10.559,15.581,0,58.523,24.043,22.166,5.824,3.072,2.824,5.459,150.106,10.26,9.831,19.737,25.387,39.493,14.788,7.692,0,26.663,4.599,17.706,0,3.726,0,15.628,3.795,2.182,18.02,19.053,0,66.181,21.525,9.007,9.037,21.89,4.329,8.818,0,8.902,12.528,0,2.889,9.716,0,85.34,13.887,2.6,3.564,12.597,6.22,12.227,5.313,5.785,16.421,1.172,45.905,2.476,4.33,5.745,1.286,9.8,19.465,8.845,13.051,28.179,2.565,0
MPB:bin_000238,10.814,42.759,9.09,65.399,8.914,9.132,18.2,42.028,108.847,24.649,24.092,35.029,28.72,15.737,19.837,10.262,16.089,25.23,0,81.613,71.106,25.305,22.301,7.993,2.992,4.421,107.545,30.028,3.933,32.53,52.262,55.509,47.36,36.011,0,69.866,11.794,28.053,0,9.819,0,46.795,14.562,6.319,37.33,41.379,0,123.555,68.314,17.133,37.891,80.752,6.725,30.44,1.434,21.659,41.506,1.286,14.398,44.279,0,34.393,14.972,13.859,7.871,34.709,28.173,14.348,10.903,2.848,29.838,4.59,61.016,10.264,11.09,14.515,4.556,14.315,46.318,74.441,17.326,34.809,3.935,0
MPB:bin_000243,0,0,0,0,0,0,0,0,2.195,0,0,0,0,0,0,0,0,0,0,0,1.821,0,0,0,0,0,2.926,0,0,0,0,0,1.682,0,0,0,0,0,0,0,0,1.089,0,0,0,0,0,2.747,1.406,0,0,2.171,0,0,0,0,0,0,0,0,0,0,0,0,0,0,0,0,0,0,0,0,0,0,0,0,0,0,0,0,0,0,0,0
MPB:bin_000246,0,0,0,3.187,0,0,0,1.887,3.263,1.433,0,0,0,1.314,1.393,0,1.348,1.785,0,4.239,3.085,0,0,0,0,0,5.236,0,0,2.347,2.106,1.832,2.252,1.631,0,3.107,0,0,0,0,0,2.762,0,0,0,2.893,0,5.113,3.056,0,2.815,6.147,0,1.393,0,0,0,0,0,1.585,0,0,0,0,0,0,0,0,0,0,1.466,0,2.283,0,0,0,0,0,1.929,2.524,0,1.459,0,0
MPB:bin_000248,0,0,0,0,0,0,1.776,0,5.071,0,2.257,0,0,0,0,2.038,0,0,0,3.48,3.519,0,0,0,0,0,4.815,4.359,0,3.246,4.773,3.503,0,0,0,2.918,0,0,0,0,0,0,0,0,4.583,0,0,0,2.521,0,2.904,4.018,0,0,0,2.662,0,0,0,3.978,0,0,0,0,0,0,1.486,0,0,0,2.246,0,2.506,0,0,0,0,0,0,4.808,0,0,0,0
MPB:bin_000254,0,0,0,0,0,0,0,0,0,0,0,0,0,0,0,0,0,0,0,0,0,0,0,0,0,0,0,0,0,0,0,0,0,0,0,0,0,0,0,0,0,0,0,0,0,0,0,0,0,0,0,0,0,0,0,0,0,0,0,0,0,0,0,0,0,0,0,0,0,0,0,0,0,0,0,0,0,0,0,0,0,0,0,0
MPB:bin_000264,0,0,0,0,0,0,0,0,0,0,0,0,0,0,0,0,0,0,0,0,0,0,0,0,0,0,0,0,0,0,0,0,0,0,0,0,0,0,0,0,0,0,0,0,0,0,0,0,0,0,0,0,0,0,0,0,0,0,0,0,0,0,0,0,0,0,0,0,0,0,0,0,0,0,0,0,0,0,0,0,0,0,0,0
MPB:bin_000266,6.785,11.585,7.163,13.689,3.335,2.954,10.012,12.801,43.662,22.7,7.407,11.067,6.697,8.798,8.612,14.081,9.776,5.423,0,39.589,37.885,20.328,9.469,0,4.924,12.7,34.81,21.516,5.299,35.108,21.925,15.839,17.838,12.59,0,20.705,7.083,5.052,0,4.538,0,18.967,6.449,7.939,14.412,14.624,0,39.229,28.346,6.992,14.476,38.28,7.097,13.615,0,8.887,16.073,0,8.831,16.273,0,9.055,10.498,21.032,6.561,14.959,8.475,14.657,5.604,0,17.48,4.249,21.273,5.608,7.601,4.554,3.178,8.4,14.297,23.548,9.292,10.36,2.042,0
MPB:bin_000268,1.973,11.461,2.846,11.253,1.818,2.463,3.109,10.577,22.423,6.733,8.872,4.898,5.782,2.618,3.89,3.283,2.469,3.703,0,17.886,16.37,7.357,4.489,1.649,0,2.89,26.561,8.239,2.042,5.836,10.964,11.655,10.306,6.545,0,14.514,3.381,3.217,0,2.967,0,13.508,5.857,3.214,3.716,11.678,0,24.55,19.377,6.149,8.05,23.982,0,5.603,0,4.095,7.867,0,6.564,12.36,0,4.681,5.568,4.613,2.929,6.725,6.116,10.189,2.679,0,7.774,2.814,13.685,3.705,2.013,3.378,1.039,2.005,9.878,15.106,5.035,5.026,1.971,0
MPB:bin_000269,0,0,0,0,0,0,0,0,9.196,0,0,0,0,0,0,0,0,0,0,8.532,7.435,5.761,2.851,0,0,0,8.76,5.986,0,5.704,0,5.717,0,0,0,0,0,0,0,0,0,0,0,0,0,5.129,0,10.964,0,0,0,9.384,0,0,0,0,0,0,0,0,0,0,3.268,0,0,0,0,0,0,0,0,0,0,0,0,0,0,0,0,0,0,3.696,0,0
MPB:bin_000271,0,5.677,0,0,0,0,0,0,9.694,0,0,0,0,0,0,0,0,0,0,10.592,8.152,0,0,0,0,0,0,0,0,0,0,6.667,0,0,0,0,0,0,0,0,0,7.602,0,0,0,0,0,13.637,0,0,0,0,0,0,0,0,0,0,0,0,0,0,0,0,0,0,0,0,0,0,0,0,0,0,0,0,0,0,0,9.517,0,0,0,0
MPB:bin_000272,0,1.974,3.197,3.409,0,0,0,1.654,3.645,1.761,0,0,0,1.672,0,0,0,0,0,2.758,3.553,3.097,0,0,0,1.851,5.365,2.263,0,2.723,0,1.836,0,0,0,2.065,1.879,0,0,0,0,4.126,1.469,0,1.584,2.475,0,4.786,2.342,1.847,1.598,7.561,0,3.63,0,1.29,2.179,0,2.211,4.713,0,0,0,1.8,0,2.652,0,2.158,0,0,0,0,2.664,1.394,0,0,0,0,1.784,3.083,0,1.8,0,0
MPB:bin_000275,0,0,0,0,0,0,0,0,0,0,0,0,0,0,0,0,0,0,0,0,0,0,0,0,0,0,0,0,0,0,0,0,0,0,0,0,0,0,0,0,0,0,0,0,0,0,0,0,0,0,0,0,0,0,0,0,0,0,0,0,0,0,0,0,0,0,0,0,0,0,0,0,0,0,0,0,0,0,0,0,0,0,0,0
MPB:bin_000279,0,0,0,0,0,0,0,0,3.461,0,0,0,0,0,0,0,0,0,0,4.045,3.215,0,0,0,0,0,0,0,0,0,0,0,0,0,0,0,0,0,0,0,0,0,0,0,0,0,0,4.577,0,0,0,0,0,0,0,0,0,0,0,0,0,0,0,0,0,0,0,0,0,0,0,0,0,0,0,0,0,0,0,0,0,0,0,0
MPB:bin_000284,0,4.164,0,0,0,0,0,4.14,9.244,0,2.928,0,0,0,0,0,0,0,0,10.897,6.933,7.416,0,0,0,0,9.94,4.908,0,5.983,6.307,5.28,5.103,0,0,7.403,0,0,0,0,0,6.245,0,0,3.497,4.285,0,11.131,7.851,0,3.481,0,0,0,0,0,4.568,0,0,6.985,0,2.658,0,4.051,0,0,0,0,0,0,4.082,0,6.889,0,0,0,0,0,0,8.047,0,3.093,0,0
MPB:bin_000288,0,0,0,0,0,0,0,0,0,0,0,0,0,0,0,0,0,0,0,0,0,0,0,0,0,0,0,0,0,0,0,0,0,0,0,0,0,0,0,0,0,0,0,0,0,0,0,0,0,0,0,0,0,0,0,0,0,0,0,0,0,0,0,0,0,0,0,0,0,0,0,0,0,0,0,0,0,0,0,0,0,0,0,0
MPB:bin_000289,3.45,7.946,2.188,9.25,2.8,2.152,7.087,9.751,18.977,7.934,5.305,3.897,5.876,4.604,3.049,7.983,5.084,4.024,0,19.31,21.072,6.807,5.385,0,1.84,10.309,15.299,10.608,3.678,14.315,13.117,10.968,6.8,8.223,0,11.857,2.193,3.825,0,3.245,0,9.249,4.111,4.838,10.232,12.163,0,20.386,10.306,3.451,7.6,18.946,3.806,5.754,0,4.844,8.927,0,2.551,8.863,0,3.879,5.358,7.335,2.925,9.994,5.424,6.643,3.324,0,9.513,0,15.697,3.126,2.957,3.973,1.082,6.918,5.008,8.264,6.468,9.614,0,0
MPB:bin_000292,9.69,22.133,9.049,22.961,5.714,6.646,12.255,18.066,56.799,19.492,17.231,19.14,17.261,9.598,12.014,14.007,12.38,10.135,4.719,56.162,48.531,41.326,12.462,6.603,12.804,15.784,67.244,26.198,6.591,28.399,20.934,39.877,22.555,22.946,0,45.739,15.206,8.746,0,8.945,0,22.611,12.786,6.261,13.98,26.375,0,59.939,55.591,17.337,18.415,45.685,4.439,16.797,2.629,13.363,18.766,0.873,9.203,35.541,9.623,12.336,11.802,22.613,10.955,15.137,17.266,22.172,4.358,7.359,16.852,6.156,53.886,13.457,6.887,8.076,3.327,5.852,38.62,38.628,16.894,13.626,7.438,0
MPB:bin_000298,0,0,0,0,0,0,0,0,3.605,0,1.919,0,0,0,0,0,0,0,0,4.157,3.697,0,0,0,0,0,4.53,0,0,0,3.558,4.005,2.619,0,0,0,0,0,0,0,0,0,0,0,2.322,3.332,0,5.712,4.501,0,0,5.979,0,0,0,0,0,0,0,3.453,0,0,0,0,0,2.515,0,0,0,0,2.243,0,4.122,0,0,0,0,0,2.732,0,0,0,0,0
MPB:bin_000303,0,0,0,0,0,0,0,0,0,0,0,0,0,0,0,0,0,0,0,0,0,0,0,0,0,0,0,0,0,0,0,0,0,0,0,0,0,0,0,0,0,0,0,0,0,0,0,0,0,0,0,0,0,0,0,0,0,0,0,0,0,0,0,0,0,0,0,0,0,0,0,0,0,0,0,0,0,0,0,0,0,0,0,0
MPB:bin_000307,0,0,0,0,0,0,0,0,0,0,0,0,0,0,0,0,0,0,0,0,0,0,0,0,0,0,0,0,0,0,0,0,0,0,0,0,0,0,0,0,0,0,0,0,0,0,0,0,0,0,0,0,0,0,0,0,0,0,0,0,0,0,0,0,0,0,0,0,0,0,0,0,0,0,0,0,0,0,0,0,0,0,0,0
MPB:bin_000310,0,0,0,0,0,0,0,0,0,0,0,0,0,0,0,0,0,0,0,0,0,0,0,0,0,0,0,0,0,0,0,0,0,0,0,0,0,0,0,0,0,1.315,0,0,0,0,0,0,1.835,0,0,2.098,0,0,0,0,0,0,0,1.253,0,0,0,0,0,0,0,0,0,0,0,0,0,0,0,0,0,0,0,1.584,0,0,0,0
MPB:bin_000314,0,0,0,2.432,0,0,0,1.787,4.115,1.783,1.532,2.05,1.867,0,0,0,0,0,0,4.496,5.583,4.276,1.599,0,0,0,4.333,1.998,0,0,2.167,2.635,0,0,0,4.265,0,0,0,0,0,3.714,0,0,0,2.452,0,6.469,4.214,1.683,2.33,4.921,0,0,0,1.72,1.843,0,0,0,0,0,0,1.945,0,3.242,2.007,0,0,0,0,0,3.717,0,0,0,0,0,2.799,5.319,0,1.733,0,0
MPB:bin_000315,0,0,0,0,0,0,0,0,14.349,0,4.945,0,0,0,0,0,0,0,0,14.529,0,0,0,0,0,0,14.084,0,0,0,0,8.765,0,0,0,8.501,3.383,0,0,0,0,0,0,0,0,7.503,0,18.408,10.384,0,0,15.73,0,0,0,0,0,0,0,0,0,0,0,8.261,0,0,0,0,0,0,0,0,0,0,0,0,0,0,0,0,0,0,0,0
MPB:bin_000316,0,2.57,0,0,0,0,0,1.424,3.959,1.408,0,0,1.142,0,0,0,0,0,0,3.796,2.937,3.386,0,0,0,0,4.422,1.983,0,3.744,3.713,1.5,2.71,1.89,0,3.021,1.439,0,0,0,0,5.607,1.137,0,1.721,1.433,0,5.123,5.489,0,1.655,5.998,0,2.179,0,0,1.939,0,0,2.95,0,0,0,1.91,0,2.878,0,0,0,0,1.719,1.131,2.882,0,0,0,0,0,2.524,6.553,0,0,0,0
MPB:bin_000319,0,0,0,0,0,0,0,0,0,0,0,0,0,0,0,0,0,0,0,0,0,0,0,0,0,0,0,0,0,0,0,0,0,0,0,0,0,0,0,0,0,0,0,0,0,0,0,0,0,0,0,0,0,0,0,0,0,0,0,0,0,0,0,0,0,0,0,0,0,0,0,0,0,0,0,0,0,0,0,0,0,0,0,0
MPB:bin_000322,6.786,14.324,3.776,15.445,2.309,4.404,12.973,20.229,29.3,17.197,8.774,10.552,13.484,3.755,6.192,10.708,7.044,7.138,0,32.473,31.098,10.987,10.713,1.505,1.53,11.359,24.3,12.773,8.576,18.943,13.991,25.471,13.317,13.534,0,21.791,3.63,9.898,0,4.516,0,16.403,5.181,8.598,12.31,18.916,0,39.455,16.084,7.61,12.093,30.883,7.909,6.783,0,10.017,13.86,0,3.121,19.574,0,7.931,10.769,11.002,3.715,12.895,6.061,12.595,3.506,3.221,18.738,1.412,31.672,6.46,4.225,3.622,1.537,8.779,7.111,19.028,12.96,10.786,2.148,0
MPB:bin_000324,0,0,0,0,0,0,0,0,0,0,0,0,0,0,0,0,0,0,0,0,0,0,0,0,0,0,0,0,0,0,0,0,0,0,0,0,0,0,0,0,0,0,0,0,0,0,0,0,0,0,0,0,0,0,0,0,0,0,0,0,0,0,0,0,0,0,0,0,0,0,0,0,0,0,0,0,0,0,0,0,0,0,0,0
MPB:bin_000325,0,0,0,0,0,0,0,0,0,0,0,0,0,0,0,0,0,0,0,8.754,0,0,0,0,0,0,9.754,0,0,6.158,0,0,0,0,0,0,0,0,0,0,0,0,0,0,0,0,0,0,0,0,0,0,0,0,0,0,0,0,0,0,0,0,0,0,0,0,0,0,0,0,0,0,0,0,0,0,0,0,0,0,0,0,0,0
MPB:bin_000328,0,3.029,0,1.546,0,0,0,2.597,3.711,1.796,0,0,1.236,0,1.819,0,0,0,0,4.22,2.371,7.364,0,0,0,0,4.175,1.528,0,1.601,1.784,1.413,2.414,0,0,2.428,1.776,0,0,0,0,2.746,0,0,0,1.345,0,4.216,4.202,0.899,1.171,5.844,0,0,0,1.174,3.208,0,1.241,1.961,0,0,0,1.15,0,1.161,0,0,0,0,1.834,0,3.197,0,0,0,0,0,2.566,4.581,0,1.601,0,0
MPB:bin_000330,0,0,0,0,0,0,0,0,0,0,0,0,0,0,0,0,0,0,0,0,0,0,0,0,0,0,0,0,0,0,0,0,0,0,0,0,0,0,0,0,0,0,0,0,0,0,0,0,0,0,0,0,0,0,0,0,0,0,0,0,0,0,0,0,0,0,0,0,0,0,0,0,0,0,0,0,0,0,0,0,0,0,0,0
MPB:bin_000332,0,0,0,0,0,0,0,0,0,0,0,0,0,0,0,0,0,0,0,0,0,0,0,0,0,0,0,0,0,0,0,0,0,0,0,0,0,0,0,0,0,0,0,0,0,0,0,0,0,0,0,0,0,0,0,0,0,0,0,0,0,0,0,0,0,0,0,0,0,0,0,0,0,0,0,0,0,0,0,0,0,0,0,0
MPB:bin_000336,0,0,0,0,0,0,0,0,0,0,0,0,0,0,0,0,0,0,0,0,0,0,0,0,0,0,0,0,0,0,0,0,0,0,0,0,0,0,0,0,0,0,0,0,0,0,0,0,0,0,0,0,0,0,0,0,0,0,0,0,0,0,0,0,0,0,0,0,0,0,0,0,0,0,0,0,0,0,0,0,0,0,0,0
MPB:bin_000340,0,0,0,0,0,0,0,0,0,0,0,0,0,0,0,0,0,0,0,22.705,0,13.5,0,0,0,8.096,21.952,0,0,0,0,13.457,0,8.124,0,12.537,0,0,0,0,0,14.595,0,0,0,0,0,26.574,16.608,0,0,0,0,0,0,0,0,0,0,14.109,0,0,0,0,0,8.476,0,0,0,0,0,0,15.713,0,0,0,0,0,0,15.035,0,0,0,0
MPB:bin_000341,0,0,0,0,0,0,0,0,0,0,0,0,0,0,0,0,0,0,0,0,0,0,0,0,0,0,0,0,0,0,0,0,0,0,0,0,0,0,0,0,0,0,0,0,0,0,0,0,0,0,0,0,0,0,0,0,0,0,0,0,0,0,0,0,0,0,0,0,0,0,0,0,0,0,0,0,0,0,0,0,0,0,0,0
MPB:bin_000347,0,0,0,0,0,0,0,0,0,0,0,0,0,0,0,0,0,0,0,0,0,0,0,0,0,0,0,0,0,0,0,0,0,0,0,0,0,0,0,0,0,0,0,0,0,0,0,0,0,0,0,0,0,0,0,0,0,0,0,0,0,0,0,0,0,0,0,0,0,0,0,0,0,0,0,0,0,0,0,0,0,0,0,0
MPB:bin_000350,0,0,0,2.995,0,0,0,0,6.289,0,0,0,0,0,0,0,0,0,0,3.865,4.319,0,0,0,0,0,3.921,0,0,4.094,2.732,0,2.635,0,0,3.179,0,0,0,0,0,2.545,0,0,0,0,0,5.309,4.096,0,0,5.742,0,0,0,0,0,0,0,0,0,1.651,0,2.059,0,0,0,0,0,0,2.368,0,3.5,0,0,0,0,0,2.855,3.751,0,0,0,0
MPB:bin_000354,0,0,0,0,0,0,0,0,0,0,0,0,0,0,0,0,0,0,0,0,0,0,0,0,0,0,0,0,0,0,0,0,0,0,0,0,0,0,0,0,0,9.365,0,0,0,0,0,0,0,0,0,14.825,0,0,0,0,0,0,0,0,0,0,0,0,0,0,0,0,0,0,0,0,9.665,0,0,0,0,0,0,9.815,0,0,0,0
MPB:bin_000358,0,0,0,0,0,0,0,0,0,0,0,0,0,0,0,0,0,0,0,0,0,0,0,0,0,0,0,0,0,0,0,0,0,0,0,0,0,0,0,0,0,0,0,0,0,0,0,0,0,0,0,0,0,0,0,0,0,0,0,0,0,0,0,0,0,0,0,0,0,0,0,0,0,0,0,0,0,0,0,0,0,0,0,0
MPB:bin_000364,0,0,0,0,0,0,0,0,0,0,0,0,0,0,0,0,0,0,0,0,0,0,0,0,0,0,0,0,0,0,0,0,0,0,0,0,0,0,0,0,0,0,0,0,0,0,0,0,0,0,0,0,0,0,0,0,0,0,0,0,0,0,0,0,0,0,0,0,0,0,0,0,0,0,0,0,0,0,0,0,0,0,0,0
MPB:bin_000365,0,0,0,0,0,0,0,0,0,0,0,0,0,0,0,0,0,0,0,0,0,0,0,0,0,0,0,0,0,0,0,0,0,0,0,0,0,0,0,0,0,0,0,0,0,0,0,0,0,0,0,0,0,0,0,0,0,0,0,0,0,0,0,0,0,0,0,0,0,0,0,0,0,0,0,0,0,0,0,0,0,0,0,0
MPB:bin_000373,0,0,0,0,0,0,0,0,0,0,0,0,0,0,0,0,0,0,0,0,0,0,0,0,0,0,0,0,0,0,0,0,0,0,0,0,0,0,0,0,0,0,0,0,0,0,0,0,0,0,0,0,0,0,0,0,0,0,0,0,0,0,0,0,0,0,0,0,0,0,0,0,0,0,0,0,0,0,0,0,0,0,0,0
MPB:bin_000375,0,0,0,0,0,0,0,0,0,0,0,0,0,0,0,0,0,0,0,0,0,0,0,0,0,0,0,0,0,0,0,0,0,0,0,0,0,0,0,0,0,0,0,0,0,0,0,0,0,0,0,0,0,0,0,0,0,0,0,0,0,0,0,0,0,0,0,0,0,0,0,0,0,0,0,0,0,0,0,0,0,0,0,0
MPB:bin_000378,0,0,0,0,0,0,0,0,0,0,0,0,0,0,0,0,0,0,0,0,0,0,0,0,0,0,0,0,0,0,0,0,0,0,0,0,0,0,0,0,0,0,0,0,0,0,0,0,0,0,0,0,0,0,0,0,0,0,0,0,0,0,0,0,0,0,0,0,0,0,0,0,0,0,0,0,0,0,0,0,0,0,0,0
MPB:bin_000379,0,0,0,0,0,0,0,0,0,0,0,0,0,0,0,0,0,0,0,0,0,0,0,0,0,0,0,0,0,0,0,0,0,0,0,0,0,0,0,0,0,0,0,0,0,0,0,0,0,0,0,0,0,0,0,0,0,0,0,0,0,0,0,0,0,0,0,0,0,0,0,0,0,0,0,0,0,0,0,1.259,0,0,0,0
MPB:bin_000380,0,0,0,0,0,0,0,0,0,0,0,0,0,0,0,0,0,0,0,0,0,0,0,0,0,0,0,0,0,0,0,0,0,0,0,0,0,0,0,0,0,0,0,0,0,0,0,0,0,0,0,0,0,0,0,0,0,0,0,0,0,0,0,0,0,0,0,0,0,0,0,0,0,0,0,0,0,0,0,0,0,0,0,0
MPB:bin_000382,0,0,0,0,0,0,0,0,0,0,0,0,0,0,0,0,0,0,0,0,0,0,0,0,0,0,0,0,0,0,0,0,0,0,0,0,0,0,0,0,0,0,0,0,0,0,0,0,0,0,0,0,0,0,0,0,0,0,0,0,0,0,0,0,0,0,0,0,0,0,0,0,0,0,0,0,0,0,0,0,0,0,0,0
MPB:bin_000383,0,0,0,0,0,0,0,0,0,0,0,0,0,0,0,0,0,0,0,0,0,0,0,0,0,0,0,0,0,0,0,0,0,0,0,0,0,0,0,0,0,0,0,0,0,0,0,0,0,0,0,0,0,0,0,0,0,0,0,0,0,0,0,0,0,0,0,0,0,0,0,0,0,0,0,0,0,0,0,0,0,0,0,0
MPB:bin_000385,0,0,0,0,0,0,0,0,0,0,0,0,0,0,0,0,0,0,0,0,0,0,0,0,0,0,0,0,0,0,0,0,0,0,0,0,0,0,0,0,0,0,0,0,0,0,0,0,0,0,0,0,0,0,0,0,0,0,0,0,0,0,0,0,0,0,0,0,0,0,0,0,0,0,0,0,0,0,0,0,0,0,0,0
MPB:bin_000387,22.582,75.263,20.722,75.079,17.449,14.893,45.788,68.115,165.894,94.725,62.994,68.66,57.834,30.892,42.411,30.622,45.922,52.731,7.244,170.935,139.584,96.942,42.535,19.259,16.11,33.381,197.671,84.382,24.386,98.43,95.269,155.195,75.669,71.685,0,121.804,35.914,45.167,0,29.985,0,93.081,42.355,15.922,72.416,93.777,1.78,232.446,161.2,56.518,62.624,172.771,19.749,48.018,9.47,59.668,51.096,1.749,45.416,100.975,4.749,34.006,44.063,70.837,22.546,64.777,55.195,93.904,25.603,21.813,70.623,21.483,141.998,37.667,23.095,39.971,11.439,30.571,75.453,112.802,61.97,53.16,18.532,0
MPB:bin_000390,0,0,0,0,0,0,0,0,0,0,0,0,0,0,0,0,0,0,0,0,0,0,0,0,0,0,0,0,0,0,0,0,0,0,0,0,0,0,0,0,0,0,0,0,0,0,0,0,0,0,0,0,0,0,0,0,0,0,0,0,0,0,0,0,0,0,0,0,0,0,0,0,0,0,0,0,0,0,0,0,0,0,0,0
MPB:bin_000393,0,2.087,1.776,2.813,0,0,0,0,3.241,1.912,1.48,0,0,1.405,0,0,0,0,0,5.004,2.058,0,0,0,0,0,4.06,0,0,0,0,0,1.676,0,0,3.043,0,0,0,0,0,2.254,1.232,0,0,1.882,0,2.469,2.574,0,2.529,5.012,0,0,0,0,2.388,0,0,0,0,0,0,1.549,0,0,0,0,0,0,0,0,2.774,0,0,0,0,0,0,3.504,0,1.571,0,0
MPB:bin_000394,0,0,0,0,0,0,0,0,2.837,0,0,0,0,0,0,0,0,0,0,0,2.344,0,0,0,0,0,0,0,0,0,0,0,0,0,0,0,0,0,0,0,0,0,0,0,0,0,0,0,0,0,0,0,0,0,0,0,0,0,0,0,0,0,0,0,0,0,0,0,0,0,0,0,0,0,0,0,0,0,0,0,0,0,0,0
MPB:bin_000395,0,0,0,0,0,0,0,0,0,0,0,0,0,0,0,0,0,0,0,0,0,0,0,0,0,0,0,0,0,0,0,0,0,0,0,0,0,0,0,0,0,0,0,0,0,0,0,0,0,0,0,0,0,0,0,0,0,0,0,0,0,0,0,0,0,0,0,0,0,0,0,0,0,0,0,0,0,0,0,0,0,0,0,0
MPB:bin_000396,0,0,0,0,0,0,0,0,0,0,0,0,0,0,0,0,0,0,0,0,0,0,0,0,0,0,0,0,0,0,0,0,0,0,0,0,0,0,0,0,0,0,0,0,0,0,0,0,0,0,0,0,0,0,0,0,0,0,0,0,0,0,0,0,0,0,0,0,0,0,0,0,0,0,0,0,0,0,0,0,0,0,0,0
MPB:bin_000397,0,0,0,0,0,0,0,0,0,0,0,0,0,0,0,0,0,0,0,0,0,0,0,0,0,0,0,0,0,0,0,0,0,0,0,0,0,0,0,0,0,0,0,0,0,0,0,0,0,0,0,0,0,0,0,0,0,0,0,0,0,0,0,0,0,0,0,0,0,0,0,0,0,0,0,0,0,0,0,0,0,0,0,0
MPB:bin_000398,0,0,0,0,0,0,0,0,0,0,0,0,0,0,0,0,0,0,0,3.669,0,0,0,0,0,0,0,0,0,0,0,0,0,0,0,0,0,0,0,0,0,0,0,0,0,0,0,5.323,0,0,0,0,0,0,0,0,0,0,0,0,0,0,0,2.132,0,0,0,0,0,0,0,0,0,0,0,0,0,0,0,0,0,0,0,0
MPB:bin_000399,0,0,0,0,0,0,0,0,0,0,0,0,0,0,0,0,0,0,0,0,0,0,0,0,0,0,0,0,0,0,0,0,0,0,0,0,0,0,0,0,0,0,0,0,0,0,0,0,0,0,0,0,0,0,0,0,0,0,0,0,0,0,0,0,0,0,0,0,0,0,0,0,0,0,0,0,0,0,0,0,0,0,0,0
MPB:bin_000400,0,0,0,0,0,0,0,0,0,0,0,0,0,0,0,0,0,0,0,0,0,0,0,0,0,0,0,0,0,0,0,0,0,0,0,0,0,0,0,0,0,0,0,0,0,0,0,0,0,0,0,0,0,0,0,0,0,0,0,0,0,0,0,0,0,0,0,0,0,0,0,0,0,0,0,0,0,0,0,0,0,0,0,0
MPB:bin_000402,0,0,0,0,0,0,3.449,0,0,3.828,0,0,0,0,0,0,0,0,0,5.874,4.778,0,0,0,0,0,5.962,0,0,0,3.707,0,0,0,0,0,0,0,0,1.787,0,4.278,0,0,0,0,0,8.487,0,0,0,6.439,0,0,0,0,0,0,0,0,0,0,2.695,0,2.59,0,0,0,0,0,0,0,0,0,0,1.972,0,0,0,0,0,0,0,0
MPB:bin_000403,0,0,0,0,0,0,0,0,0,0,0,0,0,0,0,0,0,0,0,0,0,0,0,0,0,0,0,0,0,0,0,0,0,0,0,0,0,0,0,0,0,0,0,0,0,0,0,0,0,0,0,0,0,0,0,0,0,0,0,0,0,0,0,0,0,0,0,0,0,0,0,0,0,0,0,0,0,0,0,0,0,0,0,0
MPB:bin_000405,0,0,0,0,0,0,0,0,0,0,0,0,0,0,0,0,0,0,0,0,0,0,0,0,0,0,0,0,0,0,0,0,0,0,0,0,0,0,0,0,0,0,0,0,0,0,0,0,0,0,0,0,0,0,0,0,0,0,0,0,0,0,0,0,0,0,0,0,0,0,0,0,0,0,0,0,0,0,0,0,0,0,0,0
MPB:bin_000407,0,2.604,1.867,2.106,0,0,0,2.956,9.98,4.318,1.629,1.597,2.458,1.692,3.33,2.17,1.321,0,0,7.899,5.291,9.468,1.578,0,0,1.597,6.594,2.989,0,5.265,4.212,3.87,7.946,2.744,0,5.922,2.214,0,0,0,0,8.544,1.78,0,1.915,1.99,0,9.787,8.769,1.444,2.349,10.472,0,2.482,0,3.559,4.437,0,0,3.587,0,1.795,0,5.193,0,3.919,1.854,1.827,0,0,3.549,1.313,4.859,0,0,0,1.54,0,4.238,9.153,1.215,1.976,0,0
MPB:bin_000408,0,0,0,1.944,0,0,0,1.762,3.123,2.127,1.413,0,1.798,0,0,0,0,0,0,3.843,3.024,3.386,0,0,0,0,4.59,2.303,0,3.168,2.167,2.309,0,1.959,0,2.793,0,0,0,0,0,2.369,0,0,0,0,0,5.96,3.725,0,0,4.262,0,0,0,3.315,2.398,0,0,2.001,0,0,0,1.712,0,2.512,0,0,0,0,0,0,4.772,0,0,0,0,0,2.516,2.969,0,1.856,0,0
MPB:bin_000409,0,0,0,0,0,0,0,0,0,0,0,0,0,0,0,0,0,0,0,0,0,0,0,0,0,0,0,0,0,0,0,0,0,0,0,0,0,0,0,0,0,0,0,0,0,0,0,0,0,0,0,0,0,0,0,0,0,0,0,0,0,0,0,0,0,0,0,0,0,0,0,0,0,0,0,0,0,0,0,0,0,0,0,0
MPB:bin_000410,0,0,0,0,0,0,0,0,0,0,0,0,0,0,0,0,0,0,0,0,0,0,0,0,0,0,0,0,0,0,0,0,0,0,0,0,0,0,0,0,0,0,0,0,0,0,0,0,0,0,0,0,0,0,0,0,0,0,0,0,0,0,0,0,0,0,0,0,0,0,0,0,0,0,0,0,0,0,0,0,0,0,0,0
MPB:bin_000411,0,0,0,0,0,0,0,0,1.622,0,0,0,0,0,0,0,0,0,0,0,1.229,0,0,0,0,0,1.559,0,0,0,1.308,0,0,0,0,0,0,0,0,0,0,1.194,0,0,0,0,0,1.553,1.088,0,0,1.546,0,0,0,0,0,0,0,0,0,0,0,0,0,0,0,0,0,0,0,0,0,0,0,0,0,0,0,0.946,0,0,0,0
MPB:bin_000413,0,0,0,0,0,0,0,0,0,0,0,0,0,0,0,0,0,0,0,0,0,0,0,0,0,0,0,0,0,0,0,0,0,0,0,0,0,0,0,0,0,0,0,0,0,0,0,0,0,0,0,0,0,0,0,0,0,0,0,0,0,0,0,0,0,0,0,0,0,0,0,0,0,0,0,0,0,0,0,0,0,0,0,0
MPB:bin_000414,0,0,0,0,0,0,0,0,0,0,0,0,0,0,0,0,0,0,0,0,0,0,0,0,0,0,0,0,0,0,0,0,0,0,0,0,0,0,0,0,0,0,0,0,0,0,0,0,0,0,0,0,0,0,0,0,0,0,0,0,0,0,0,0,0,0,0,0,0,0,0,0,0,0,0,0,0,0,0,0,0,0,0,0
MPB:bin_000416,0,0,0,0,0,0,0,0,0,0,0,0,0,0,0,0,0,0,0,0,0,0,0,0,0,0,0,0,0,0,0,0,0,0,0,0,0,0,0,0,0,0,0,0,0,0,0,0,0,0,0,0,0,0,0,0,0,0,0,0,0,0,0,0,0,0,0,0,0,0,0,0,0,0,0,0,0,0,0,0,0,0,0,0
MPB:bin_000418,0,0,0,0,0,0,0,0,0,0,0,0,0,0,0,0,0,0,0,0,0,0,0,0,0,0,0,0,0,0,0,0,0,0,0,0,0,0,0,0,0,0,0,0,0,0,0,0,0,0,0,0,0,0,0,0,0,0,0,0,0,0,0,0,0,0,0,0,0,0,0,0,0,0,0,0,0,0,0,0,0,0,0,0
MPB:bin_000419,0,0,0,0,0,0,0,0,0,0,0,0,0,0,0,0,0,0,0,0,0,0,0,0,0,0,0,0,0,0,0,0,0,0,0,0,0,0,0,0,0,0,0,0,0,0,0,0,0,0,0,0,0,0,0,0,0,0,0,0,0,0,0,0,0,0,0,0,0,0,0,0,0,0,0,0,0,0,0,0,0,0,0,0
MPB:bin_000421,0,0,0,0,0,0,0,0,0,0,0,0,0,0,0,0,0,0,0,0,0,0,0,0,0,0,0,0,0,0,0,0,0,0,0,0,0,0,0,0,0,0,0,0,0,0,0,0,0,0,0,0,0,0,0,0,0,0,0,0,0,0,0,0,0,0,0,0,0,0,0,0,0,0,0,0,0,0,0,0,0,0,0,0
MPB:bin_000424,0,0,0,0,0,0,0,0,0,0,0,0,0,0,0,0,0,0,0,8.881,0,0,0,0,0,0,8.791,0,0,0,0,0,0,0,0,0,0,0,0,0,0,5.862,0,0,3.508,0,0,0,0,0,3.839,0,0,0,0,0,0,0,0,0,0,0,0,0,0,0,0,0,0,0,0,0,6.471,0,0,0,0,0,0,6.058,0,0,0,0
MPB:bin_000425,0,0,0,0,0,0,0,0,0,0,0,0,0,0,0,0,0,0,0,0,0,0,0,0,0,0,0,0,0,0,0,0,0,0,0,0,0,0,0,0,0,0,0,0,0,0,0,0,0,0,0,2.083,0,0,0,0,0,0,0,0,0,0,0,0,0,0,0,0,0,0,0,0,0,0,0,0,0,0,0,0,0,0,0,0
MPB:bin_000426,0,0,0,0,0,1.595,0,2.991,4.89,0,0,0,0,0,0,2.481,0,0,0,0,0,2.674,0,0,0,0,5.938,0,0,0,5.599,0,0,2.578,0,3.586,0,0,0,0,0,3.775,0,0,0,0,0,7.848,3.61,0,0,7.048,0,0,0,0,3.161,0,0,3.311,0,0,0,2.466,0,0,0,0,0,0,0,0,0,0,0,0,0,0,2.663,0,0,0,0,0
MPB:bin_000427,0,0,0,0,0,0,0,0,0,0,0,0,0,0,0,0,0,0,0,0,0,0,0,0,0,0,0,0,0,0,0,0,0,0,0,0,0,0,0,0,0,0,0,0,0,0,0,0,0,0,0,0,0,0,0,0,0,0,0,0,0,0,0,0,0,0,0,0,0,0,0,0,0,0,0,0,0,0,0,0,0,0,0,0
MPB:bin_000430,0,0,0,0,0,0,0,0,0,0,0,0,0,0,0,0,0,0,0,3.643,0,0,0,0,0,0,0,0,0,0,0,0,0,0,0,0,0,0,0,0,0,2.619,0,0,0,0,0,0,0,0,0,4.069,0,0,0,0,0,0,0,0,0,0,0,0,0,0,0,0,0,0,0,0,0,0,0,0,0,0,0,0,0,0,0,0
MPB:bin_000433,0,0,0,0,0,0,0,0,0,0,0,0,0,0,0,0,0,0,0,1.8,0,1.678,0,0,0,0,0,0,0,0,1.257,0,0,0,0,0,0,0,0,0,0,0,0,0,0,0,0,2.023,1.321,0,0,1.965,0,0,0,0,0,0,0,0,0,0,0,0,0,0,0,0,0,0,0,0,0,0,0,0,0,0,0,1.186,0,0,0,0
MPB:bin_000435,0,0,0,0,0,0,0,0,0,0,0,0,0,0,0,0,0,0,0,0,4.345,3.688,0,0,0,0,4.939,0,0,0,0,0,0,0,0,0,0,0,0,0,0,0,0,0,0,0,0,0,0,0,0,0,0,0,0,0,0,0,0,3.318,0,0,0,0,0,0,0,0,0,0,0,0,3.769,0,0,0,0,0,0,0,0,0,0,0
MPB:bin_000437,2.357,4.171,0,9.317,0,1.351,3.171,4.808,12.174,6.61,5.487,5.699,5.114,2.097,2.191,2.091,4.324,5.069,0,14.87,12.183,5.467,2.891,0,0,0,14.24,6.466,0,5.811,7.824,12.146,8.094,5.952,0,11.859,2.118,4.132,0,1.736,0,6.006,2.357,2.404,6.077,7.329,0,18.257,11.572,3.459,4.844,14.507,1.82,1.861,0,3.343,4.736,0,2.133,7.354,0,3.066,3.819,3.862,0,6.416,3.692,7.213,2.173,0,7.74,0,14.638,2.736,1.416,3.659,0,4.308,8.9,6.4,4.663,6.827,0,0
MPB:bin_000438,0,0,0,0,0,0,0,0,0,0,0,0,0,0,0,0,0,0,0,0,0,0,0,0,0,0,0,0,0,0,0,0,0,0,0,0,0,0,0,0,0,0,0,0,0,0,0,0,0,0,0,0,0,0,0,0,0,0,0,0,0,0,0,0,0,0,0,0,0,0,0,0,0,0,0,0,0,0,0,0,0,0,0,0
MPB:bin_000440,0,4.903,0,3.945,0,0,0,0,10.826,0,0,0,0,0,3.181,0,2.513,0,0,9.266,7.253,0,0,0,0,0,11.617,4.689,0,5.735,5.891,5.888,5.354,0,0,5.506,0,0,0,0,0,9.403,0,0,3.166,0,0,11.475,7.959,0,3.822,9.07,0,0,0,3.386,0,0,0,5.11,0,0,0,4.264,0,4.274,0,3.759,0,0,3.912,0,6.055,0,0,0,0,0,3.924,6.637,0,0,0,0
MPB:bin_000442,2.431,8.242,5.044,8.244,2.303,2.513,5.339,7.902,18.903,10.198,7.001,4.826,6.743,2.629,6.734,8.352,3.2,6.787,0,23.273,15.019,12.419,3.594,3.25,2.253,6.301,20.1,10.149,2.86,13.063,10.31,11.988,10.965,4.933,0,12.371,4.286,5.496,0,3.708,0,10.279,3.688,6.455,5.418,10.016,0,28.039,16.114,4.843,5.337,20.042,2.958,7.478,1.111,5.933,8.959,0,6.668,13.809,0,4.457,8.306,7.371,4.487,6.438,5.104,8.783,2.828,2.539,8.458,1.807,17.611,4.337,2.609,3.157,2.155,3.999,14.127,12.298,4.319,4.275,2.24,0
MPB:bin_000445,0,3.998,0,4.13,0,0,0,0,7.307,0,0,0,0,0,0,0,0,0,0,7.565,0,4.252,0,0,0,0,7.211,4.225,0,0,5.367,0,4.073,0,0,5.172,0,0,0,0,0,4.784,0,0,0,0,0,9.834,6.328,0,0,8.034,0,0,0,2.816,0,0,0,4.511,0,2.347,0,0,0,0,0,3.718,0,0,0,0,6.616,0,0,0,0,0,3.995,4.934,2.518,0,0,0
MPB:bin_000446,0,0,0,3.232,0,1.482,0,0,6.694,3.536,3.078,0,3.568,0,0,2.565,0,0,0,5.513,5.324,0,0,0,1.756,0,5.403,4.734,0,0,0,3.573,0,2.259,0,3.764,0,0,0,0,0,4.67,0,0,0,2.913,0,7.581,3.538,0,2.231,6.434,0,2.845,0,2.4,2.824,0,0,0,0,0,0,2.744,0,5.289,0,0,0,0,0,0,5.155,2.143,0,0,0,0,0,4.994,0,2.368,0,0
MPB:bin_000447,0,0,0,0,0,0,0,0,0,0,0,0,0,0,0,0,0,0,0,0,0,0,0,0,0,0,0,0,0,0,0,0,0,0,0,0,0,0,0,0,0,0,0,0,0,0,0,0,0,0,0,1.763,0,0,0,0,0,0,0,0,0,0,0,0,0,0,0,0,0,0,0,0,0,0,0,0,0,0,0,1.768,0,0,0,0
MPB:bin_000449,0,0,0,0,0,0,0,0,0,0,0,0,0,0,0,0,0,0,0,0,0,0,0,0,0,0,0,0,0,0,0,0,0,0,0,0,0,0,0,0,0,0,0,0,0,0,0,0,0,0,0,0,0,0,0,0,0,0,0,0,0,0,0,0,0,0,0,0,0,0,0,0,0,0,0,0,0,0,0,0,0,0,0,0
MPB:bin_000450,0,0,0,0,0,0,0,0,0,0,0,0,0,0,0,0,0,0,0,0,0,0,0,0,0,0,0,0,0,0,0,0,0,0,0,0,0,0,0,0,0,0,0,0,0,0,0,0,0,0,0,0,0,0,0,0,0,0,0,0,0,0,0,0,0,0,0,0,0,0,0,0,0,0,0,0,0,0,0,0,0,0,0,0
MPB:bin_000451,0,3.784,0,3.197,0,0,0,3.616,8.534,3.18,0,0,2.347,0,0,4.194,0,0,0,7.12,6.366,6.374,3.171,0,0,0,6.459,6.477,0,4.422,4.01,0,0,3.367,0,6.376,0,0,0,0,0,3.848,0,0,0,3.394,0,8.063,5.434,2.244,2.673,10.16,0,0,0,0,3.551,0,2.237,0,0,0,0,4.144,0,0,2.447,3.707,0,0,3.581,0,4.893,2.891,0,0,1.452,0,0,7.154,0,2.669,0,0
MPB:bin_000452,0,0,0,0,0,0,0,0,0,0,0,0,0,0,0,0,0,0,0,0,0,0,0,0,0,0,0,0,0,0,0,0,0,0,0,0,0,0,0,0,0,0,0,0,0,0,0,0,0,0,0,0,0,0,0,0,0,0,0,0,0,0,0,0,0,0,0,0,0,0,0,0,0,0,0,0,0,0,0,0,0,0,0,0
MPB:bin_000453,0,0,0,0,0,0,0,0,0,0,0,0,0,0,0,0,0,0,0,0,0,0,0,0,0,0,0,0,0,0,0,0,0,0,0,0,0,0,0,0,0,0,0,0,0,0,0,0,0,0,0,0,0,0,0,0,0,0,0,0,0,0,0,0,0,0,0,0,0,0,0,0,0,0,0,0,0,0,0,0,0,0,0,0
MPB:bin_000455,0,0,0,0,0,0,0,0,0,0,0,0,0,0,0,0,0,0,0,0,0,0,0,0,0,0,0,0,0,0,0,0,0,0,0,0,0,0,0,0,0,0,0,0,0,0,0,0,0,0,0,0,0,0,0,0,0,0,0,0,0,0,0,0,0,0,0,0,0,0,0,0,0,0,0,0,0,0,0,0,0,0,0,0
MPB:bin_000456,0,0,0,0,0,0,0,0,0,0,0,0,0,0,0,0,0,0,0,0,0,0,0,0,0,0,0,0,0,0,0,0,0,0,0,0,0,0,0,0,0,0,0,0,0,0,0,0,0,0,0,0,0,0,0,0,0,0,0,0,0,0,0,0,0,0,0,0,0,0,0,0,0,0,0,0,0,0,0,0,0,0,0,0
MPB:bin_000457,0,0,0,0,0,0,0,0,0,0,0,0,0,0,0,0,0,0,0,0,0,0,0,0,0,0,0,0,0,0,0,0,0,0,0,0,0,0,0,0,0,0,0,0,0,0,0,0,0,0,0,0,0,0,0,0,0,0,0,0,0,0,0,0,0,0,0,0,0,0,0,0,0,0,0,0,0,0,0,0,0,0,0,0
MPB:bin_000458,0,0,0,0,0,0,0,0,0,0,0,0,0,0,0,0,0,0,0,0,0,0,0,0,0,0,0,0,0,0,0,0,0,0,0,0,0,0,0,0,0,0,0,0,0,0,0,0,0,0,0,0,0,0,0,0,0,0,0,0,0,0,0,0,0,0,0,0,0,0,0,0,0,0,0,0,0,0,0,0,0,0,0,0
MPB:bin_000459,0,0,0,0,0,0,0,0,0,0,0,0,0,0,0,0,0,0,0,0,0,0,0,0,0,0,0,0,0,0,0,0,0,0,0,0,0,0,0,0,0,0,0,0,0,0,0,0,0,0,0,0,0,0,0,0,0,0,0,0,0,0,0,0,0,0,0,0,0,0,0,0,0,0,0,0,0,0,0,0,0,0,0,0
MPB:bin_000460,0,0,0,0,0,0,0,0,2.957,0,0,0,0,0,0,0,0,0,0,2.818,2.193,0,0,0,0,0,3.924,0,0,1.702,2.404,3.102,1.793,0,0,2.11,0,0,0,0,0,2.222,0,0,0,0,0,3.78,1.684,0,0,4.828,0,0,0,0,0,0,0,0,0,0,0,0,0,2.097,0,0,0,0,0,0,2.928,0,0,0,0,0,1.719,1.976,0,0,0,0
MPB:bin_000461,0,0,0,0,0,0,0,0,0,0,0,0,0,0,0,0,0,0,0,0,0,0,0,0,0,0,0,0,0,0,0,0,0,0,0,0,0,0,0,0,0,0,0,0,0,0,0,0,0,0,0,0,0,0,0,0,0,0,0,0,0,0,0,0,0,0,0,0,0,0,0,0,0,0,0,0,0,0,0,0,0,0,0,0
MPB:bin_000465,0,0,0,0,0,0,0,0,0,0,0,0,0,0,0,0,0,0,0,0,0,0,0,0,0,0,0,0,0,0,0,0,0,0,0,0,0,0,0,0,0,0,0,0,0,0,0,0,0,0,0,0,0,0,0,0,0,0,0,0,0,0,0,0,0,0,0,0,0,0,0,0,0,0,0,0,0,0,0,0,0,0,0,0
MPB:bin_000466,0,0,0,0,0,0,0,0,0,0,0,0,0,0,0,0,0,0,0,0,0,0,0,0,0,0,0,0,0,0,0,0,0,0,0,0,0,0,0,0,0,0,0,0,0,0,0,0,0,0,0,0,0,0,0,0,0,0,0,0,0,0,0,0,0,0,0,0,0,0,0,0,0,0,0,0,0,0,0,0,0,0,0,0
MPB:bin_000470,0,0,0,0,0,0,0,0,0,0,0,0,0,0,0,0,0,0,0,0,0,0,0,0,0,0,0,0,0,0,0,0,0,0,0,0,0,0,0,0,0,0,0,0,0,0,0,0,0,0,0,0,0,0,0,0,0,0,0,0,0,0,0,0,0,0,0,0,0,0,0,0,0,0,0,0,0,0,0,0,0,0,0,0
MPB:bin_000472,0,1.682,0,1.567,0,0,0,0,2.243,0,0,0,1.304,0,0,0,0,0,0,1.752,1.215,2.009,0,0,0,0,1.702,0,0,0,1.585,1.799,1.698,0,0,2.199,0,0,0,0,0,1.95,0,0,0,0,0,2.26,2.647,0,0,2.039,0,0,0,0,0,0,0,1.498,0,0,0,0,0,1.592,0,0,0,0,0,0,1.251,0,0,0,0,0,0,3.031,0,0,0,0
MPB:bin_000473,0,2.266,0,0,0,0,0,0,3.534,0,0,0,0,0,0,0,0,0,0,0,0,0,0,0,0,0,0,0,0,0,0,2.415,0,0,0,2.662,0,0,0,0,0,0,0,0,0,0,0,3.69,2.508,0,0,0,0,0,0,0,0,0,0,0,0,0,0,0,0,0,0,0,0,0,0,0,0,0,0,0,0,0,0,2.883,0,0,0,0
MPB:bin_000476,0,0,0,0,0,0,0,0,0,0,0,0,0,0,0,0,0,0,0,0,0,0,0,0,0,0,0,0,0,0,0,0,0,0,0,0,0,0,0,0,0,0,0,0,0,0,0,0,0,0,0,0,0,0,0,0,0,0,0,0,0,0,0,0,0,0,0,0,0,0,0,0,0,0,0,0,0,0,0,0,0,0,0,0
MPB:bin_000477,0,5.576,2.222,3.521,0,1.477,2.582,3.329,8.243,3.503,2.804,0,3.071,1.954,1.961,0,0,0,0,7.568,9.874,0,0,0,0,0,9.197,3.832,0,4.102,4.728,4.773,3.542,3.192,0,3.712,2.334,0,0,3.304,0,7.634,0,1.925,0,5.457,0,8.94,4.967,0,2.176,6.724,0,0,0,2.187,3.636,0,3.276,5.29,0,1.694,0,0,1.993,3.072,2.834,2.553,1.73,0,2.537,1.131,5.759,0,0,1.94,0,0,5.122,4.469,0,2.336,0,0
MPB:bin_000479,0,0,0,2.128,0,0,0,2.054,4.022,0,0,0,0,0,0,2.88,0,0,0,3.93,3.242,0,1.677,0,0,0,4.585,0,0,0,3.142,0,0,0,0,2.809,0,0,0,0,0,2.674,0,0,0,0,0,5.268,3.124,0,1.9,4.296,0,0,0,2.25,0,0,0,0,0,0,0,0,2.004,0,0,0,0,0,0,0,2.975,0,0,0,0,0,0,2.751,0,1.803,0,0
MPB:bin_000491,0,2.236,0,0,0,0,1.435,0,4.346,2.041,0,0,0,0,0,1.794,0,0,0,3.373,3.928,0,0,0,0,1.662,3.989,0,0,0,2.211,2.132,0,1.837,0,2.479,0,0,0,0,0,4.248,0,0,0,0,0,6.22,1.576,0,2.024,5.513,0,0,0,0,2.003,0,0,2.171,0,2.025,0,1.517,0,1.751,0,2.696,0,0,1.491,0,2.909,0,0,0,0,0,1.771,4.943,0,0,0,0
MPB:bin_000499,8.939,25.325,20.609,24.503,7.779,6.663,17.347,23.485,71.382,31.668,8.914,19.37,13.414,15.242,13.383,35.779,13.008,10.297,0,59.825,47.743,53.434,12.285,0,13.124,34.438,55.848,40.14,10.83,57.806,24.256,43.936,42.314,18.7,0,40.4,20.072,13.228,0,11.514,0,38.682,12.475,19.188,28.348,32.556,1.728,76.983,40.154,14.84,26.718,51.476,8.956,25.982,3.322,25.061,32.114,0,13.891,31,3.411,11.874,14.345,23.043,23.043,24.949,15.65,27.748,6.031,4.019,27.345,9.779,32.446,13.694,9.384,7.704,9.624,11.958,19.371,44.314,17.073,21.424,3.375,0
MPB:bin_000538,0,0,0,0,0,0,0,0,0,0,0,0,0,0,0,0,0,0,0,0,0,0,0,0,0,0,0,0,0,0,0,0,0,0,0,0,0,0,0,0,0,0,0,0,0,0,0,0,0,0,0,0,0,0,0,0,0,0,0,0,0,0,0,0,0,0,0,0,0,0,0,0,0,0,0,0,0,0,0,0,0,0,0,0
MPB:bin_000554,2.134,7.423,0,9.489,1.988,2.024,5.812,6.593,16.867,6.789,3.998,4.698,4.963,2.642,3.825,4.238,4.259,3.31,0,15.217,14.95,6.078,3.81,0,0,4.594,18.306,7.776,0,8.038,11.367,9.749,9.139,6.736,0,11.116,0,2.829,0,2.824,0,10.882,2.486,3.347,6.35,8.576,0,22.087,11.906,3.952,8.022,18.152,3.098,4.801,0,4.012,5.765,0,3.719,9.25,0,4.862,4.37,4.395,0,5.921,3.812,7.07,0,0,6.111,1.643,14.542,2.706,2.488,2.911,0,2.849,7.777,11.112,3.694,6.561,0,0
MPB:bin_000559,0,0,0,0,0,0,0,0,0,0,0,0,0,0,0,0,0,0,0,0,0,0,0,0,0,0,0,0,0,0,0,0,0,0,0,0,0,0,0,0,0,0,0,0,0,0,0,0,0,0,0,0,0,0,0,0,0,0,0,0,0,0,0,0,0,0,0,0,0,0,0,0,0,0,0,0,0,0,0,0,0,0,0,0
MPB:bin_000571,0,0,0,0,0,0,0,0,0,0,0,0,0,0,0,0,0,0,0,0,0,0,0,0,0,0,0,0,0,0,0,0,0,0,0,0,0,0,0,0,0,0,0,0,0,0,0,0,0,0,0,0,0,0,0,0,0,0,0,0,0,0,0,0,0,0,0,0,0,0,0,0,0,0,0,0,0,0,0,0,0,0,0,0
MPB:bin_000576,0,0,0,0,0,0,0,0,0,0,0,0,0,0,0,0,0,0,0,0,0,0,0,0,0,0,0,0,0,0,0,0,0,0,0,0,0,0,0,0,0,0,0,0,0,0,0,0,0,0,0,0,0,0,0,0,0,0,0,0,0,0,0,0,0,0,0,0,0,0,0,0,0,0,0,0,0,0,0,0,0,0,0,0
MPB:bin_000579,0,0,0,0,0,0,0,0,0,0,0,0,0,0,0,0,0,0,0,0,0,0,0,0,0,0,0,0,0,0,0,0,0,0,0,0,0,0,0,0,0,0,0,0,0,0,0,0,0,0,0,0,0,0,0,0,0,0,0,0,0,0,0,0,0,0,0,0,0,0,0,0,0,0,0,0,0,0,0,0,0,0,0,0
MPB:bin_000581,2.603,4.103,0,4.243,3.413,7.785,0,15.153,39.844,7.439,2.232,2.699,25.562,0,2.263,3.607,3.482,2.945,0,17.623,34.628,20.13,2.675,0,1.584,14.793,11.455,7.906,3.421,7.105,17.128,5.199,12.433,10.538,0,8.364,0,0,0,0,0,16.447,2.424,3.601,8.79,11.666,0,34.906,15.002,1.824,6.439,16.828,0,4.588,0,2.958,8.376,0,13.128,3.84,0,2.624,6.72,12.759,5.729,17.033,3.959,4.408,0,0,18.908,0,11.159,2.387,1.959,2.004,0,0,9.366,8.112,3.429,4.432,0,0
MPB:bin_000584,0,0,0,0,0,0,0,0,0,0,0,0,0,0,0,0,0,0,0,0,0,0,0,0,0,0,0,0,0,0,0,0,0,0,0,0,0,0,0,0,0,0,0,0,0,0,0,0,0,0,0,0,0,0,0,0,0,0,0,0,0,0,0,0,0,0,0,0,0,0,0,0,0,0,0,0,0,0,0,0,0,0,0,0
MPB:bin_000588,0,0,0,0,0,0,0,0,0,0,0,0,0,0,0,0,0,0,0,0,0,0,0,0,0,0,0,0,0,0,0,0,0,0,0,0,0,0,0,0,0,0,0,0,0,0,0,0,0,0,0,0,0,0,0,0,0,0,0,0,0,0,0,0,0,0,0,0,0,0,0,0,0,0,0,0,0,0,0,0,0,0,0,0
MPB:bin_000590,0,0,0,0,0,0,0,0,0,0,0,0,0,0,0,0,0,0,0,0,0,0,0,0,0,0,0,0,0,0,0,0,0,0,0,0,0,0,0,0,0,0,0,0,0,0,0,0,0,0,0,0,0,0,0,0,0,0,0,0,0,0,0,0,0,0,0,0,0,0,0,0,0,0,0,0,0,0,0,0,0,0,0,0
MPB:bin_000593,0,0,0,0,0,0,0,0,0,0,0,0,0,0,0,0,0,0,0,15.871,0,0,0,0,0,0,0,0,0,0,0,0,0,0,0,0,0,0,0,0,0,0,0,0,0,0,0,20.328,0,0,0,17.469,0,0,0,0,7.814,0,0,0,0,0,4.887,0,0,0,0,0,0,0,0,0,0,0,0,0,0,0,0,0,0,0,0,0
MPB:bin_000594,0,0,0,0,0,0,0,0,0,0,0,0,0,0,0,0,0,0,0,0,0,0,0,0,0,0,0,0,0,0,0,0,0,0,0,0,0,0,0,0,0,0,0,0,0,0,0,0,0,0,0,0,0,0,0,0,0,0,0,0,0,0,0,0,0,0,0,0,0,0,0,0,0,0,0,0,0,0,0,0,0,0,0,0
MPB:bin_000596,0,3.5,0,0,0,0,0,0,4.048,1.984,0,1.842,1.662,0,0,0,0,0,0,6.144,4.827,3.249,0,0,0,1.699,4.717,1.945,0,3.693,2.104,2.323,1.812,0,0,3.105,0,0,0,1.427,0,4.092,1.475,0,0,1.898,0,11.864,3.328,0,0,4.985,0,0,0,1.856,2.178,0,0,2.141,0,0,0,0,0,2.461,0,0,0,0,1.701,0,3.492,0,0,0,0,0,2.96,5.209,0,0,0,0
MPB:bin_000597,0,2.165,0,0,0,0,0,0,0,0,0,0,0,0,0,0,0,0,0,3.928,3.444,0,0,0,0,0,4.159,0,0,2.926,0,2.679,0,0,0,0,0,0,0,0,0,0,0,0,0,0,0,5.012,3.346,0,0,0,0,0,0,0,2.151,0,0,0,0,0,0,0,0,2.509,0,0,0,0,0,0,0,0,0,0,0,0,0,2.656,0,0,0,0
MPB:bin_000598,0,0,0,0,0,0,0,0,0,0,0,0,0,0,0,0,0,0,0,0,0,0,0,0,0,0,0,0,0,0,0,0,0,0,0,0,0,0,0,0,0,0,0,0,0,0,0,0,0,0,0,0,0,0,0,0,0,0,0,0,0,0,0,0,0,0,0,0,0,0,0,0,0,0,0,0,0,0,0,0,0,0,0,0
MPB:bin_000599,0,0,0,0,0,0,0,0,0,0,0,0,0,0,0,0,0,0,0,0,0,0,0,0,0,0,0,0,0,0,0,0,0,0,0,0,0,0,0,0,0,0,0,0,0,0,0,0,0,0,0,0,0,0,0,0,0,0,0,0,0,0,0,0,0,0,0,0,0,0,0,0,0,0,0,0,0,0,0,0,0,0,0,0
MPB:bin_000600,2.071,0,5.129,4.613,0,0,2.679,4.904,15.828,15.449,0,0,0,3.162,3.154,7.032,0,0,0,43.575,7.387,12.429,3.179,0,0,7.232,17.713,8.393,0,10.452,5.87,6.649,5.012,4.436,0,6.48,4.64,0,0,0,0,6.856,0,0,4.287,5.417,0,19.549,8.746,2.76,3.655,16.734,2.507,0,2.911,4.548,0,0,5.532,5.686,0,2.705,3.834,6.321,0,0,0,5.9,0,0,4.308,0,7.246,2.93,0,3.742,2.31,0,5.785,6.563,0,0,0,0
MPB:bin_000601,0,0,0,0,0,0,0,0,0,0,0,0,0,0,0,0,0,0,0,0,0,0,0,0,0,0,0,0,0,0,0,0,0,0,0,0,0,0,0,0,0,0,0,0,0,0,0,0,0,0,0,0,0,0,0,0,0,0,0,0,0,0,0,0,0,0,0,0,0,0,0,0,0,0,0,0,0,0,0,0,0,0,0,0
MPB:bin_000604,0,0,0,0,0,0,0,0,0,0,0,0,0,0,0,0,0,0,0,0,0,0,0,0,0,0,0,0,0,0,0,0,0,0,0,0,0,0,0,0,0,0,0,0,0,0,0,0,0,0,0,0,0,0,0,0,0,0,0,0,0,0,0,0,0,0,0,0,0,0,0,0,0,0,0,0,0,0,0,0,0,0,0,0
MPB:bin_000605,0,0,0,1.678,0,0,0,0,3.526,0,0,0,0,0,1.63,0,0,0,0,2.498,0,0,0,0,0,0,2.486,1.631,0,0,2.776,3.338,0,0,0,0,0,0,0,0,0,1.304,0,1.578,0,0,0,5.225,0,0,0,2.972,0,0,0,0,1.962,0,0,0,0,0,0,0,0,0,0,0,0,0,0,0,1.741,0,0,0,0,0,0,0,0,2.152,0,0
MPB:bin_000606,0,1.954,3.099,1.53,0,0,2.059,3.065,6.227,4.79,2.553,1.587,1.699,1.952,1.557,1.819,2.889,0,0,9.011,7.008,5.868,1.902,0,1.093,4.671,11.219,4.362,0,6.678,5.38,3.133,5.19,3.321,0,3.715,0,0,0,0,0,6.759,2.581,1.451,2.021,4.154,0,9.601,5.928,1.515,2.772,6.184,0,2.309,0,4.021,2.874,0,3.74,3.419,0,2.629,1.719,3.098,1.815,2.322,2.043,1.358,0,0,2.983,0,7.082,0,0,1.669,0.865,0,2.33,6.052,0,1.511,0,0
MPB:bin_000609,0,0,0,0,0,0,0,0,1.451,0,0,0,0,0,0,0,0,0,0,1.683,0,0,0,0,0,0,1.301,0,0,0,2.226,0,0,0,0,0,0,0,0,0,0,1.113,0,0,0,0,0,0,0,0,0,1.621,0,0,0,0,0,0,0,0,0,0,0,0,0,0,0,0,0,0,0,0,0,0,0,0,0,0,0,2.388,0,0,0,0
MPB:bin_000615,1.789,7.499,0,9.807,2.189,1.834,2.602,5.995,15.959,6.497,4.119,3.788,3.829,0,3.141,2.685,3.708,2.703,0,12.88,12.735,5.064,3.925,0,0,3.509,15.99,7.094,0,6.105,8.152,8.624,7.491,5.586,0,13.1,0,4.655,0,2.193,0,9.336,2.704,2.147,6.164,9.572,0,26.427,12.78,2.919,5.565,14.676,0,4.539,0,4.624,6.751,0,1.936,9.849,0,4.152,4.212,4.781,2.401,10.858,2.948,5.717,0,0,5.704,0,9.606,2.436,1.556,2.76,0,2.077,8.483,8.328,5.69,3.9,0,0
MPB:bin_000617,0,0,0,0,0,0,0,0,0,0,0,0,0,0,0,0,0,0,0,0,0,0,0,0,0,0,0,0,0,0,0,0,0,0,0,0,0,0,0,0,0,0,0,0,0,0,0,0,0,0,0,0,0,0,0,0,0,0,0,0,0,0,0,0,0,0,0,0,0,0,0,0,0,0,0,0,0,0,0,0,0,0,0,0
MPB:bin_000618,0,0,0,0,0,0,0,0,0,0,0,0,0,0,0,0,0,0,0,0,0,0,0,0,0,0,0,0,0,0,0,0,0,0,0,0,0,0,0,0,0,0,0,0,0,0,0,0,0,0,0,0,0,0,0,0,0,0,0,0,0,0,0,0,0,0,0,0,0,0,0,0,0,0,0,0,0,0,0,0,0,0,0,0
MPB:bin_000619,0,0,0,0,0,0,0,0,0,0,0,0,0,0,0,0,0,0,0,0,0,0,0,0,0,0,0,0,0,0,0,0,0,0,0,0,0,0,0,0,0,0,0,0,0,0,0,0,0,0,0,0,0,0,0,0,0,0,0,0,0,0,0,0,0,0,0,0,0,0,0,0,0,0,0,0,0,0,0,0,0,0,0,0
MPB:bin_000622,0,0,0,0,0,0,0,0,0,0,0,0,0,0,0,0,0,0,0,0,0,0,0,0,0,0,0,0,0,0,0,0,0,0,0,0,0,0,0,0,0,0,0,0,0,0,0,0,0,0,0,0,0,0,0,0,0,0,0,0,0,0,0,0,0,0,0,0,0,0,0,0,0,0,0,0,0,0,0,0,0,0,0,0
TM1:bin_000010,0,0,0,0,0,0,0,0,0,0,0,0,0,0,0,0,0,0,0,0,0,0,0,0,0,0,0,0,0,0,0,0,0,0,0,0,0,0,0,0,0,0,0,0,0,0,0,0,0,0,0,0,0,0,0,0,0,0,0,0,0,0,0,0,0,0,0,0,0,0,0,0,0,0,0,0,0,0,0,0,0,0,0,0
TM1:bin_000024,0,0,0,0,0,0,0,0,0,0,0,0,0,0,0,0,0,0,0,0,0,0,0,0,0,0,0,0,0,0,0,0,0,0,0,0,0,0,0,0,0,0,0,0,0,0,0,0,0,0,0,0,0,0,0,0,0,0,0,0,0,0,0,0,0,0,0,0,0,0,0,0,0,0,0,0,0,0,0,0,0,0,0,0
TM1:bin_000025,2.468,10.56,4.927,9.589,0,1.869,3.419,6.259,22.961,9.121,6.737,4.633,6.673,5.236,5.597,5.6,3.57,2.213,0,20.823,14.08,10.301,4.577,1.716,3.03,6.976,18.785,11.148,3.314,8.031,7.495,9.175,11.124,6.719,0,15.66,2.353,3.575,0,2.637,0,14.057,5.614,8.857,2.715,7.309,0,20.959,25.941,4.752,7.179,32.234,5.24,5.81,1.396,5.547,5.922,0,5.993,16.131,0,4.459,2.482,9.196,5.358,4.133,4.442,12.305,2.704,0,8.903,3.499,12.127,8.123,1.56,2.466,1.539,2.566,6.341,19.025,5.516,3.511,1.732,0
TM1:bin_000027,0,0,0,0,0,0,0,0,0,0,0,0,0,0,0,0,0,0,0,0,0,0,0,0,0,0,0,0,0,0,0,0,0,0,0,0,0,0,0,0,0,0,0,0,0,0,0,0,0,0,0,0,0,0,0,0,0,0,0,0,0,0,0,0,0,0,0,0,0,0,0,0,0,0,0,0,0,0,0,0,0,0,0,0
TM1:bin_000031,5.799,22.995,10.669,26.283,5.05,4.907,13.563,20.312,55.96,22.195,19.833,14.394,14.877,13.245,15.829,18.061,15.987,12.118,2,51.503,45.193,47.327,14.171,2.119,12.789,13.793,61.5,33.163,4.954,35.342,27.518,41.398,34.073,21.738,0,37.539,8.407,7.429,0,12.576,0,37.983,12.393,3.856,16.523,25.249,0,59.014,51.341,12.681,16.163,64.384,7.026,22.853,4.901,14.238,24.644,0.81,19.671,35.471,4.477,13.85,9.758,26.024,15.686,23.342,13.439,19.49,6.217,2.786,20.683,9.059,39.77,10.814,8.803,10.59,5.78,8.843,32.088,38.436,8.367,17.263,4.19,0
TM1:bin_000049,0,10.139,0,4.711,0,0,6.163,5.773,9.435,10.572,5.967,6.583,6.23,3.063,4.851,3.374,0,5.212,0,15.596,13.014,7.723,5.095,0,0,1.469,8.632,7.22,0,8.77,12.465,11.928,8.003,7.861,0,11.199,1.961,2.169,0,1.636,0,8.433,2.08,1.948,7.379,8.347,0,15.789,13.233,2.582,3.942,9.034,1.956,3.155,0,7.889,5.5,0,2.911,12.746,0,3.893,4.203,6.945,4.123,5.169,6.221,5.395,3.539,0,7.56,0,12.083,1.634,1.219,1.71,0,3.828,6.673,11.198,3.813,3.391,0,0
TM1:bin_000080,0,0,0,0,0,0,0,0,1.974,0,0,0,0,0,1.41,2.63,0,0,0,1.843,1.522,1.894,0,0,0,1.552,3.417,0,0,1.669,0,2.032,0,0,0,1.899,0,0,0,0,0,0,0,0,0,0,0,2.492,2.34,0,0,2.011,0,0,0,0,0,0,0,0,0,0,0,0,1.325,1.573,0,0,0,0,0,0,1.485,0,0,0,0,0,0,1.395,0,2.349,0,0
TM1:bin_000119,0,0,0,0,0,0,0,0,0,0,0,0,0,0,0,0,0,0,0,0,0,0,0,0,0,0,0,0,0,0,0,0,0,0,0,0,0,0,0,0,0,0,0,0,0,0,0,0,0,0,0,0,0,0,0,0,0,0,0,0,0,0,1.468,0,0,0,0,0,0,0,0,0,0,0,0,0,0,0,0,0,0,0,0,0
TM1:bin_000126,1.432,5.292,1.793,3.599,1.997,1.949,2.454,5.498,12.535,4.742,3.114,2.019,2.492,2.332,1.901,6.292,2.27,1.91,0,11.005,5.364,11.047,3.16,0,0,4.784,10.141,3.27,1.443,7.051,6.655,6.767,3.216,3.652,0,8.481,2.788,0,0,2.178,0,6.984,3.052,5.46,3.025,5.13,0,12.711,8.072,2.036,2.689,8.603,4.202,1.968,0,4.364,2.369,0,2.781,3.337,0,2.04,4.85,7.882,4.269,2.751,2.879,5.285,0,0,4.707,1.831,4.847,3.141,2.963,0,1.676,1.933,5.77,7.515,3.306,2.556,0,0
TM1:bin_000144,0,0,0,3.723,0,0,0,0,5.231,0,0,0,2.646,1.323,0,1.36,0,0,0,4.474,6.227,2.86,3.694,0,0,4.135,3.382,2.525,0,1.261,5.079,1.362,1.843,0,0,3.523,1.581,0,0,0,0,5.037,0,0,5.788,0,0,1.532,3.507,0,1.592,2.686,0,4.532,0,2.453,0,0,1.496,1.583,0,1.779,0,2.007,0,3.173,1.761,2.982,0,0,1.176,0,4.975,0,0,0,1.147,0,0,4.906,0,1.677,0,0
TM1:bin_000152,0,0,0,0,0,0,0,0,0,0,0,0,0,0,0,0,0,0,0,0,0,0,0,0,0,0,0,0,0,0,0,0,0,0,0,0,0,0,0,0,0,0,0,0,0,0,0,0,0,0,0,0,0,0,0,0,0,0,0,0,0,0,0,0,0,0,0,0,0,0,0,0,0,0,0,0,0,0,0,0,0,0,0,0
TM1:bin_000153,0,0,0,0,0,0,0,0,0,1.111,0,0,0,0,0,0,0,0,0,0,0,3.481,0,0,0,0,0,0,0,1.607,0,0,0,0,0,0,2.11,0,0,0,0,0,0,0,0,0,0,0,0,0,0,0,0,1.656,0,0,0,0,0,0,0,0,0,0,0,0,0,0,0,0,0,0,0,0,0,0,0,0,0,1.819,0,0,0,0
TM1:bin_000177,0,0,0,0,0,0,0,0,0,0,0,0,0,0,0,0,0,0,0,0,0,0,0,0,0,0,0,0,0,0,0,0,0,0,0,0,0,0,0,0,0,0,0,0,0,0,0,0,0,0,0,0,0,0,0,0,0,0,0,0,0,0,0,0,0,0,0,0,0,0,0,0,0,0,0,0,0,0,0,0,0,0,0,0
TM2:bin_000005,0,0,0,0,0,0,0,0,0,0,0,0,0,0,0,0,0,0,0,0,0,0,0,0,0,0,0,0,0,0,0,0,0,0,0,0,0,0,0,0,0,0,0,0,0,0,0,0,0,0,0,0,0,0,0,0,0,0,0,0,0,0,0,0,0,0,0,0,0,0,0,0,0,0,0,0,0,0,0,0,0,0,0,0
TM2:bin_000013,0,0,0,0,0,0,0,0,0,0,0,0,0,0,0,0,0,0,0,0,0,0,0,0,0,0,0,0,0,0,0,0,0,0,0,0,0,0,0,0,0,0,0,0,0,0,0,0,0,0,0,0,0,0,0,0,0,0,0,0,0,0,0,0,0,0,0,0,0,0,0,0,0,0,0,0,0,0,0,0,0,0,0,0
TM2:bin_000090,0,0,0,0,0,0,0,0,0,0,0,0,0,0,0,0,0,0,0,0,0,0,0,0,0,0,0,0,0,0,0,0,0,0,0,0,0,0,0,0,0,0,0,0,0,0,0,0,0,0,0,0,0,0,0,0,0,0,0,0,0,0,0,0,0,0,0,0,0,0,0,0,0,0,0,0,0,0,0,0,0,0,0,0
TM2:bin_000114,0,0,0,0,0,0,0,0,0,0,0,0,0,0,0,0,0,0,0,0,0,0,0,0,0,0,0,0,0,0,0,0,0,0,0,0,0,0,0,0,0,0,0,0,0,0,0,0,0,0,0,0,0,0,0,0,0,0,0,0,0,0,0,0,0,0,0,0,0,0,0,0,0,0,0,0,0,0,0,0,0,0,0,0
TM2:bin_000116,0,0,0,0,0,0,0,0,0,0,0,0,0,0,0,0,0,0,0,0,0,0,0,0,0,0,0,0,0,0,0,0,0,0,0,0,0,0,0,0,0,0,0,0,0,0,0,0,0,0,0,0,0,0,0,0,0,0,0,0,0,0,0,0,0,0,0,0,0,0,0,0,0,0,0,0,0,0,0,0,0,0,0,0
TM2:bin_000124,0,1.908,0,0,0,0,0,0,0,0,0,0,0,0,1.342,0,0,0,0,2.201,2.365,0,0,0,0,0,0,0,0,0,0,0,0,0,0,0,0,0,0,0,0,0,0,0,0,0,0,0,0,0,0,1.504,0,0,0,0,0,0,0,0,0,0,0,0,0,1.362,0,0,0,0,0,0,0,0,0,0,0,0,0,0,0,0,0,0
TM2:bin_000127,2.309,12.065,0,4.976,0,1.326,4.514,5.662,18.729,9.593,5.094,4.96,5.262,5.225,6.017,2.238,4.002,2.726,0,12.78,12.769,6.159,3.194,0,2.642,2.484,21.103,11.087,3.887,8.995,7.89,6.946,8.619,5.951,0,9.087,1.763,2.697,0,2.274,0,11.033,3.267,0,6.743,9.381,0,16.269,14.072,3.508,4.824,21.808,1.656,5.088,0,3.836,5.946,0,2.698,10.71,0,3.466,3.16,3.935,3.255,6.8,5.474,9,1.605,0,8.778,3.085,11.914,1.882,2.114,3.3,1.649,3.501,7.636,11.518,4.022,6.478,0,0
TM2:bin_000155,0,1.99,0,2.279,0,0,0,0,2.704,0,0,0,0,0,0,0,0,0,0,2.906,2.469,0,0,0,0,0,3.233,0,0,0,0,0,0,1.81,0,0,0,0,0,0,0,2.392,0,0,0,0,0,4.531,2.637,0,0,3.726,0,0,0,0,0,0,0,0,0,0,2.199,0,0,0,0,0,0,0,0,0,0,0,0,0,0,0,2.597,1.765,0,0,0,0
TM2:bin_000157,0,0,0,0,0,0,0,0,0,0,0,0,0,0,0,0,0,0,0,2.024,0,0,0,0,0,0,0,0,0,0,0,0,0,0,0,0,0,0,0,0,0,0,0,0,0,0,0,1.82,0,0,0,0,0,0,0,0,0,0,0,0,0,0,0,0,0,0,0,0,0,0,0,0,0,0,0,0,0,0,0,0,0,0,0,0
TM2:bin_000186,0,4.011,3.949,4.296,1.883,1.976,2.866,4.592,10.652,4.831,2.408,3.837,2.633,3.281,2.937,5.297,4.182,2.876,0,12.176,7.031,7.538,2.27,0,3.374,4.095,12.593,6.438,0,7.32,6.083,5.731,2.312,4.547,0,8.304,2.188,3.465,0,1.888,0,7.355,1.714,2.04,3.516,6.349,0,11.685,8.827,2.408,5.437,9.888,1.804,4.2,0,3.768,8.151,0,1.819,7.346,0,3.113,2.772,4.885,4.785,4.4,2.91,3.474,0,0,5.319,0,9.068,0,1.811,2.7,0,1.918,3.508,6.355,2.002,3.53,0,0
TM2:bin_000188,0,0,0,0,0,0,0,0,0,0,0,0,0,0,0,0,0,0,0,0,0,0,0,0,0,0,0,0,0,0,0,0,0,0,0,0,0,0,0,0,0,0,0,0,0,0,0,0,0,0,0,0,0,0,0,0,0,0,0,0,0,0,0,0,0,0,0,0,0,0,0,0,0,0,0,0,0,0,0,0,0,0,0,0
TM2:bin_000219,0,0,0,0,0,0,0,0,7.129,0,0,0,0,0,2.059,3.266,0,0,0,11.096,11.46,0,0,0,0,0,0,0,0,7.462,0,7.895,0,0,0,0,0,0,0,0,0,0,0,0,0,0,0,0,0,0,0,5.364,0,2.524,0,0,0,0,0,0,0,0,0,3.054,0,0,0,0,0,0,0,0,3.865,0,0,0,0,0,0,0,0,0,0,0
TM2:bin_000235,1.481,3.917,0,4.286,1.467,0,3.514,4.331,9.382,3.906,2.151,2.647,2.588,1.435,1.743,3.569,1.953,2.166,0,9.934,9.912,3.336,2.108,0,0,3.426,8.706,4.841,1.894,4.851,6.222,5.558,3.273,3.257,0,5.897,0,1.851,0,1.534,0,4.621,1.574,1.573,3.985,5.298,0,10.939,5.7,1.63,3.063,7.914,1.513,2.696,0,2.716,3.344,0,1.541,3.881,0,2.206,2.782,3.317,1.422,3.915,2.424,4.179,1.512,0,3.623,0,8.654,0,1.3,1.553,0,3.096,3.276,4.773,2.901,3.988,0,0
TM3:bin_000033,0,0,0,0,0,0,0,0,0,0,0,0,0,0,0,0,0,0,0,0,0,0,0,0,0,0,0,0,0,0,0,0,0,0,0,0,0,0,0,0,0,0,0,0,0,0,0,0,0,0,0,0,0,0,0,0,0,0,0,0,0,0,0,0,0,0,0,0,0,0,0,0,0,0,0,0,0,0,0,0,0,0,0,0
TM3:bin_000088,0,0,0,0,0,0,0,0,0,0,0,0,0,0,0,0,0,0,0,0,0,0,0,0,0,0,0,0,0,0,0,0,0,0,0,0,0,0,0,0,0,0,0,0,0,0,0,0,0,0,0,0,0,0,0,0,0,0,0,0,0,0,0,0,0,0,0,0,0,0,0,0,0,0,0,0,0,0,0,0,0,0,0,0
TM3:bin_000108,3.888,10.575,5.018,12.946,3.628,3.648,3.882,10.18,25.75,13.625,6.794,6.618,7.106,6.774,8.01,9.833,3.118,5.014,0,25.136,22.109,17.882,5.763,1.942,2.118,11.482,27.936,14.513,5.324,18.743,11.885,14.126,9.632,12.812,0,11.165,4.043,3.051,0,4.052,0,17.516,4.357,7.95,8.425,11.448,0,33.028,20.402,5.204,9.125,22.817,3.516,10.806,2.198,11.161,13.762,0,5.829,11.946,0,5.917,4.416,14.878,7.614,9.91,6.479,11.162,3.079,0,11.124,2.517,16.49,3.343,3.82,3.713,3.188,4.255,11.923,17.824,6.096,7.884,0,0
TM4:bin_000013,0,2.335,0,3.12,0,0,0,1.65,3.642,1.417,0,0,2.399,0,0,0,0,0,0,3.078,0,1.717,0,0,0,0,2.314,0,0,1.678,2.692,2.399,0,0,0,1.661,0,0,0,0,0,3.075,0,0,0,1.504,0,3.646,2.57,0,1.604,3.482,0,0,0,0,2.62,0,0,0,0,1.854,0,0,0,0,0,0,0,0,1.358,0,3.113,0,0,0,0,0,4.361,1.593,0,2.211,0,0
TM4:bin_000021,0,0,0,0,0,0,0,0,0,0,0,0,0,0,0,0,0,0,0,0,0,0,0,0,0,0,0,0,0,0,0,0,0,0,0,0,0,0,0,0,0,0,0,0,0,0,0,0,0,0,0,0,0,0,0,0,0,0,0,0,0,0,0,0,0,0,0,0,0,0,0,0,0,0,0,0,0,0,0,0,0,0,0,0
TM4:bin_000025,0,0,1.883,2.116,0,0,0,2,4.294,2.461,0,0,0,0,0,1.359,0,0,0,2.258,3.053,1.222,0,0,0,0,2.574,1.51,0,3.101,2.168,0,0,0,0,1.707,0,0,0,0,0,1.215,0,1.981,1.704,0,0,5.354,1.749,0,0,4.723,0,0,0,0,1.688,0,0,1.814,0,0,0,1.757,0,1.814,1.552,0,0,0,1.772,0,3.829,0,0,0,0,0,0,2.858,0,1.401,0,0
TM4:bin_000031,0,0,0,0,0,0,0,0,0,0,0,0,0,0,0,0,0,0,0,0,0,0,0,0,0,0,0,0,0,0,0,0,0,0,0,0,0,0,0,0,0,0,0,0,0,0,0,0,0,0,0,0,0,0,0,0,0,0,0,0,0,0,0,0,0,0,0,0,0,0,0,0,0,0,0,0,0,0,0,0,0,0,0,0
TM4:bin_000034,0,0,2.238,0,0,0,4.882,0,2.347,0,0,2.564,0,0,0,1.849,5.461,0,0,3.055,2.223,0,0,0,0,2.069,0,0,2.923,0,3.755,2.006,0,6.212,0,0,0,0,0,2.991,0,0,1.421,0,0,0,0,0,0,1.149,0,1.969,4.047,0,0,0,0,0,0,0,0,0,6.494,0,2.541,0,0,3.539,0,0,0,0,2.626,0,0,1.509,0,1.695,0,0,0,0,0,0
TM4:bin_000036,0,0,0,0,0,0,0,0,0,0,0,0,0,0,0,0,0,0,0,0,0,0,0,0,0,0,0,0,0,0,0,0,0,0,0,0,0,0,0,0,0,0,0,0,0,0,0,0,0,0,0,0,0,0,0,0,0,0,0,0,0,0,0,0,0,0,0,0,0,0,0,0,0,0,0,0,0,0,0,0,0,0,0,0
TM4:bin_000037,0,1.833,1.451,1.647,0,0,0,0,3.434,0,0,0,0,1.232,0,0,1.816,0,0,3.035,3.923,6.975,0,3.434,0,0,2.195,1.355,0,2.732,0,2.03,1.903,2.147,0,1.496,2.117,0,0,2.426,0,3.338,0,0,0,1.374,0,6.207,3.945,3.947,0,6.102,0,0,0,1.156,0,0,1.582,2.556,4.353,0,0,1.739,0,1.736,1.117,0,0,0,1.364,1.177,1.56,0,0,0,1.008,0,5.415,7.008,0,1.319,0,0
TM4:bin_000038,0,3.468,1.693,3.522,0,0,0,2.913,7.857,2.395,2.014,2.179,1.805,1.428,0,0,0,1.314,0,6.661,6.725,2.169,0,0,0,1.409,5.854,2.012,0,2.446,2.674,4.013,3.999,3.011,0,5.559,0,0,0,1.473,0,6.552,1.347,0,0,3.83,0,9.687,6.299,1.303,1.356,10.941,0,1.52,0.888,2.603,3.856,0,1.37,5.467,0,0,0,2.808,1.55,2.414,1.794,3.14,1.178,0,2.694,0,3.76,0,0,0,0,0,2.641,6.138,1.262,2.625,0,0
TM4:bin_000039,0,0,0,0,0,0,0,0,0,0,0,0,0,0,0,0,0,1.404,0,0,1.476,3.613,0,0,0,0,2.07,0,0,2.122,3.194,0,0,0,0,2.755,0,0,0,0,0,2.2,0,2.533,0,0,0,2.256,2.196,0,0,2.804,0,0,0,1.203,0,0,0,0,0,0,0,0,0,0,0,0,0,0,0,0,1.757,0,0,0,0,0,0,0.941,0,0,0,0
TM4:bin_000041,0,0,0,0,0,0,0,0,0,0,0,0,0,0,0,0,0,0,0,0,0,0,0,0,0,0,0,0,0,0,0,0,0,0,0,0,0,0,0,0,0,0,0,0,0,0,0,0,0,0,0,0,0,0,0,0,0,0,0,0,0,0,0,0,0,0,0,0,0,0,0,0,0,0,0,0,0,0,0,0,0,0,0,0
TM4:bin_000045,0,0,0,0,0,0,0,0,0,0,0,0,0,0,0,0,0,0,0,0,0,0,0,0,0,0,0,0,0,0,0,0,0,0,0,0,0,0,0,0,0,0,0,0,0,0,0,2.095,0,0,0,0,0,0,0,0,0,0,0,0,0,0,0,0,0,0,0,0,0,0,0,0,0,0,0,0,0,0,0,0,0,0,0,0
TM4:bin_000048,0,0,0,0,0,0,0,0,0,0,0,0,0,0,0,0,0,0,0,0,0,0,0,0,0,0,0,0,0,0,0,0,0,0,0,0,0,0,0,0,0,0,0,0,0,0,0,0,0,0,0,1.774,0,0,0,0,0,0,0,0,0,0,0,0,0,0,0,0,0,0,0,0,0,0,0,0,0,0,0,1.596,0,0,0,0
TM4:bin_000064,0,0,0,0,0,0,0,0,0,0,0,0,0,0,0,0,0,0,0,0,0,0,0,0,0,0,0,0,0,0,0,0,0,0,0,0,0,0,0,0,0,0,0,0,0,0,0,0,0,0,0,0,0,0,0,0,0,0,0,0,0,0,0,0,0,0,0,0,0,0,0,0,0,0,0,0,0,0,0,0,0,0,0,0
TM4:bin_000079,2.872,14.699,5.944,10.036,2.494,3.663,6.964,11.25,32.038,14.871,10.353,8.011,7.533,6.628,5.472,10.762,6.506,4.189,0,28.193,22.847,22.374,5.379,1.731,4.756,12.838,27.632,12.31,3.081,20.793,20.465,18.654,15.287,10.79,0,15.92,9.608,3.678,0,4.096,0,15.843,8.902,5.346,7.285,15.082,0,32.651,22.972,5.401,9.323,29.102,4.139,9.109,1.85,6.285,16.662,0,5.799,13.59,0,7.052,7.06,9.607,6.726,13.882,6.693,17.117,3.519,0,12.13,3.367,19.964,6.439,3.518,3.863,3.767,5.956,10.7,20.553,5.97,8.538,0,0
TM4:bin_000088,0,0,0,0,0,0,0,0,0,0,0,0,0,0,0,0,0,0,0,0,0,0,0,0,0,0,0,0,0,0,0,0,0,0,0,0,0,0,0,0,0,0,0,0,0,0,0,0,0,0,0,0,0,0,0,0,0,0,0,0,0,0,0,0,0,0,0,0,0,0,0,0,0,0,0,0,0,0,0,0,0,0,0,0
TM4:bin_000093,0,1.783,0,2.618,0,0,0,3.524,5.201,1.651,0,0,0,0,0,0,0,0,0,3.912,2.335,1.364,0,0,0,0,3.759,1.436,0,0,1.7,0,0,0,0,0,1.438,0,0,0,0,2.18,0,0,0,1.682,0,4.683,3.303,0,0,2.871,0,0,0,0,0,0,1.09,1.743,0,0,0,1.548,0,2.119,1.149,0,0,0,0,0,2.56,0,0,0,0,0,1.971,1.843,0,0,0,0
TM4:bin_000095,0,0,0,0,0,0,0,0,0,0,0,0,0,0,0,0,0,0,0,0,0,0,0,0,0,0,0,0,0,0,0,0,0,0,0,0,0,0,0,0,0,0,0,0,0,0,0,0,0,0,0,0,0,0,0,0,0,0,0,0,0,0,0,0,0,0,0,0,0,0,0,0,0,0,0,0,0,0,0,0,0,0,0,0
TM4:bin_000097,0,1.383,1.546,0,0,0,0,0,0,1.289,0,0,0,0,0,0,0,0,0,1.588,1.649,0,0,0,0,0,0,0,0,2.204,0,0,0,1.419,0,0,0,0,0,0,0,0,0,0,0,0,0,1.684,1.627,0,0,1.221,0,0,0,1.289,0,0,0,0,0,0,0,0,0,0,0,0,0,0,0,0,0,0,0,0,0,0,0,1.572,0,0,0,0
TM4:bin_000099,0,0,0,0,0,0,0,0,0,0,0,0,0,0,0,0,0,0,0,0,0,0,0,0,0,0,0,0,0,0,0,0,0,0,0,0,0,0,0,0,0,0,0,0,0,0,0,0,0,0,0,0,0,0,0,0,0,0,0,0,0,0,0,0,0,0,0,0,0,0,0,0,0,0,0,0,0,0,0,0,0,0,0,0
TM4:bin_000106,0,1.852,0,1.621,0,0,0,0,2.406,1.301,0,1.549,2.022,0,0,0,0,0,0,3.284,2.089,0,1.737,0,0,0,2.364,0,0,3.301,3.005,2.036,2.617,0,0,0,0,0,0,0,0,1.042,0,0,0,0,0,2.97,2.292,0,0,1.204,0,1.474,0,0,0,0,0,3.081,0,0,0,0,0,2.11,0,0,0,0,1.775,0,1.875,0,0,0,0,0,0,1.249,0,1.318,0,0
TM4:bin_000115,0,0,0,0,0,0,0,0,0,0,0,0,0,0,0,0,0,0,0,0,0,0,0,0,0,0,0,0,0,0,0,0,0,0,0,0,0,0,0,0,0,0,0,0,0,0,0,0,0,0,0,0,0,0,0,0,0,0,0,0,0,0,0,0,0,0,0,0,0,0,0,0,0,0,0,0,0,0,0,0,0,0,0,0
TM4:bin_000133,0,1.579,0,0,0,0,0,0,1.608,0,0,0,0,0,0,0,0,0,0,1.593,0,0,0,0,0,0,1.377,0,0,0,2.185,0,0,0,0,2.607,0,0,0,0,0,1.344,0,0,0,0,0,1.882,2.303,0,0,2.04,0,0,0,0,0,0,0,0,0,0,0,2.058,0,0,0,0,0,0,0,0,0,0,0,0,0,0,2.844,1.288,0,0,0,0
TM4:bin_000144,0,0,0,0,0,0,0,0,0,0,0,0,0,0,0,0,0,0,0,0,0,0,0,0,0,0,0,0,0,0,0,0,0,0,0,0,0,0,0,0,0,0,0,0,0,0,0,0,0,0,0,0,0,0,0,0,0,0,0,0,0,0,0,0,0,0,0,0,0,0,0,0,0,0,0,0,0,0,0,0,0,0,0,0
TM4:bin_000166,0,2.065,0,3.223,0,0,0,2.229,5.8,0,0,0,0,0,0,2.215,2.474,0,0,3.62,7.845,0,0,0,0,4.888,7.248,0,0,6.881,6.875,3.692,2.737,3.466,0,4.31,0,0,0,0,0,2.902,3.71,0,2.194,0,0,2.574,7.053,0,0,4.902,0,5.515,0,2.51,2.65,0,0,3.846,0,0,2.775,0,2.444,6.239,1.404,2.209,0,0,2.892,0,5.473,0,0,0,0,0,0,5.047,0,1.507,0,0
TM4:bin_000184,0,2.171,0,2.478,0,1.407,2.423,3.073,8.778,2.753,2.888,4.786,3.1,2.057,2.02,0,2.02,0,0,6.339,8.09,2.94,2.078,0,4.635,2.211,6.321,2.513,0,2.766,3.396,4.605,3.093,2.611,0,3.386,2.897,1.686,0,0,0,7.765,1.498,1.8,2.279,4.128,0,8.914,6.336,0,4.118,9.559,0,3.596,0,3.661,2.545,0,2.846,4,0,2.001,2.068,1.771,0,2.585,2.332,0,1.381,0,2.314,1.465,5.313,0,0,0,0,0,4.888,6.623,1.576,3.195,0,0
TM4:bin_000189,0,0,0,0,0,0,0,0,0,0,0,0,0,0,0,0,0,0,0,0,0,0,0,0,0,0,1.303,0,0,0,0,0,0,0,0,0,0,0,0,0,0,0,0,0,0,0,0,0,0,0,0,0,0,0,0,0,0,0,0,0,0,0,0,0,0,0,0,0,0,0,0,0,0,0,0,0,0,0,0,0,0,0,0,0
TM4:bin_000200,0,0,0,0,0,0,0,0,0,0,0,0,0,0,0,0,0,0,0,0,0,0,0,0,0,0,0,0,0,0,0,0,0,0,0,0,0,0,0,0,0,0,0,0,0,0,0,0,0,0,0,0,0,0,0,0,0,0,0,0,0,0,0,0,0,0,0,0,0,0,0,0,0,0,0,0,0,0,0,0,0,0,0,0
TM4:bin_000204,1.905,8.277,4.147,5.843,1.427,1.207,4.171,4.676,14.643,3.82,4.004,5.941,3.348,2.519,2.538,4.058,2.749,3.61,0,12.711,10.547,8.656,3.066,0,1.579,2.664,18.232,8.429,1.713,9.295,8.985,5.399,6.617,7.562,0,8.901,2.121,2.537,0,1.665,0,8.281,1.592,3.016,4.543,6.039,0,16.692,16.052,3.963,3.957,12.735,1.788,6.428,0,3.488,3.781,0,2.685,12.848,0,3.185,2.982,5.814,1.825,6.196,4.755,6.25,2.614,0,4.443,0.994,11.662,2.743,2.321,3.233,1.4,2.627,5.509,13.773,3.211,4.614,0,0
TM4:bin_000209,0,0,0,0,0,0,0,0,0,0,0,0,0,0,0,0,0,0,0,0,0,0,0,0,0,0,0,0,0,0,0,0,0,0,0,0,0,0,0,0,0,0,0,0,0,0,0,0,0,0,0,0,0,0,0,0,0,0,0,0,0,0,0,0,0,0,0,0,0,0,0,0,0,0,0,0,0,0,0,0,0,0,0,0
TM4:bin_000211,0,4.342,2.782,4.064,0,0,1.87,2.416,8.196,5.861,3.563,1.861,2.508,1.424,0,1.952,2.116,2.453,0,6.276,7.845,2.555,2.048,0,0,0,7.436,2.283,0,1.704,6.301,4.698,3.448,2.878,0,4.567,0,0,0,0,0,2.7,2.58,1.813,2.554,4.376,0,8.687,3.069,0,2.7,4.875,1.575,1.721,0,3.456,4.307,0,1.596,5.093,0,1.559,2.185,6.231,1.474,4.143,2.401,3.882,0,0,3.378,0,6.074,0,0,0,0,2.731,2.999,2.88,1.743,2.333,0,0
TM4:bin_000216,0,0,0,0,0,0,0,0,0,0,0,0,1.346,0,0,0,0,0,0,2.428,1.519,0,0,0,0,0,1.659,0,0,0,0,1.56,0,0,0,0,0,0,0,0,0,1.503,1.125,0,0,0,0,3.859,0,0,0,0,0,0,0,0,0,0,0,2.368,0,0,0,0,0,0,1.108,0,0,0,0,0,1.474,0,0,0,0,0,0,0.819,0,0,0,0
TM4:bin_000248,2.839,0,3.931,0,0,0,0,0,3.817,2.014,0,0,1.34,0,0,0,0,0,0,4.239,2.265,0,0,0,0,0,5.942,0,0,3.144,0,1.989,1.799,0,0,0,0,0,0,0,0,0,0,0,0,0,0,2.71,5.428,0,0,2.125,0,0,0,0,0,0,0,0,0,0,0,1.976,0,0,0,0,0,0,0,0,0,0,0,0,0,0,2.698,2.001,0,0,0,0
TM4:bin_000249,3.547,8.004,3.911,9.122,6.353,2.767,6.255,17.664,43.227,33.078,10.576,12.521,11.975,9.633,10.452,13.811,22.101,4.766,0,39.801,23.342,23.771,10.085,0,3.256,29.528,31.977,26.295,6.687,33.902,36.48,9.688,12.764,28.457,0,28.194,3.937,5.535,0,12.342,0,21.38,5.179,33.072,4.419,15.89,0,33.567,26.789,3.89,16.506,30.669,4.678,8.897,1.669,18.825,9.973,0,9.949,16.796,1.336,8.029,6.084,26.3,12.308,22.269,7.004,9.323,9.745,0,9.263,3.389,22.865,6.407,5.456,4.973,4.9,12.955,15.223,20.205,3.096,8.196,1.457,0
TM4:bin_000259,0,2.559,0,3.284,0,0,0,1.992,3.832,1.55,0,0,1.427,0,0,0,0,0,0,4.249,3.097,3.403,0,0,0,0,5.19,0,0,3.093,2.446,2.231,2.256,0,0,3.489,0,0,0,0,0,3.745,0,1.596,0,1.707,0,6.247,5.487,1.353,0,7.38,0,0,0,1.483,2.232,0,1.327,2.48,0,1.325,1.841,1.791,0,2.36,0,1.517,0,0,1.61,0,2.622,0,0,0,0,0,3.219,4.947,0,1.823,0,0
TM4:bin_000261,0,0,0,0,0,0,0,0,0,0,0,0,0,0,0,0,0,0,0,0,0,0,0,0,0,0,0,0,0,0,0,0,0,0,0,0,0,0,0,0,0,0,0,0,0,0,0,0,0,0,0,0,0,0,0,0,0,0,0,0,0,0,0,0,0,0,0,0,0,0,0,0,0,0,0,0,0,0,0,0,0,0,0,0
TM4:bin_000267,0,0,0,2.062,0,0,0,1.544,4.349,0,0,0,2.679,0,0,0,2.652,0,0,2.314,10.128,1.726,0,0,0,3.665,2.824,0,0,3.83,10.658,0,1.732,2.095,0,2.453,0,0,0,0,0,11.172,0,0,0,0,0,5.36,8.567,0,1.97,2.837,0,0,0,0,5.067,0,0,0,0,0,3.749,7.262,0,0,0,3.047,0,0,17.432,0,2.027,1.78,1.28,0,0,0,0,2.674,0,0,0,0
TM4:bin_000275,0,0,0,0,0,0,0,0,0,0,0,0,0,0,0,0,0,0,0,2.586,1.927,1.916,0,0,0,0,1.954,0,0,0,0,1.578,0,0,0,0,2.02,0,0,0,0,0,0,0,0,0,1.986,1.926,1.787,0,0,3.288,0,0,0,1.293,0,0,0,1.595,0,0,0,0,0,0,0,0,0,0,0,0,0,0,0,0,0,0,1.747,2.372,0,0,0,0
TM4:bin_000278,0,0,0,0,0,0,0,0,0,0,0,0,0,0,0,0,0,0,0,0,0,0,0,0,0,0,1.363,0,0,0,0,0,0,0,0,1.79,0,0,0,0,0,1.052,0,0,0,0,0,2.439,1.502,0,0,1.903,0,0,0,0,0,0,0,0,0,0,0,0,0,0,0,0,0,0,0,0,0,0,0,0,0,0,0,0.789,0,0,0,0
TM4:bin_000285,0,0,0,0,0,0,0,0,1.561,0,0,0,0,0,0,0,0,0,0,0,0,0,0,0,0,0,0,0,0,0,0,0,0,0,0,0,0,0,0,0,0,0,0,0,0,0,0,0,0,0,0,0,0,0,0,0,0,0,0,0,0,0,0,0,0,0,0,0,0,0,0,0,0,0,0,0,0,0,0,0,0,0,0,0
TM4:bin_000286,0,0,0,0,0,0,0,0,0,0,0,0,0,0,0,0,0,0,0,0,0,0,0,0,0,0,0,0,0,0,0,0,0,0,0,0,0,0,0,0,0,0,0,0,0,0,0,0,0,0,0,0,0,0,0,0,0,0,0,0,0,0,0,0,0,0,0,0,0,0,0,0,0,0,0,0,0,0,0,0,0,0,0,0
TM4:bin_000287,0,0,0,0,0,0,0,0,0,0,0,0,0,0,0,0,0,0,0,0,0,0,0,0,0,0,0,0,0,0,0,0,0,0,0,0,0,0,0,0,0,0,0,0,0,0,0,0,0,0,0,0,0,0,0,0,0,0,0,0,0,0,0,0,0,0,0,0,0,0,0,0,0,0,0,0,0,0,0,0,0,0,0,0
TM4:bin_000305,0,0,0,0,0,0,0,0,0,0,0,0,0,0,0,0,0,0,0,0,0,0,0,0,0,0,0,0,0,0,0,0,0,0,0,0,0,0,0,0,0,0,0,0,0,0,0,0,0,0,0,0,0,0,0,0,0,0,0,0,0,0,0,0,0,0,0,0,0,0,0,0,0,0,0,0,0,0,0,0,0,0,0,0
TM4:bin_000312,0,0,0,0,0,0,0,0,0,0,0,0,0,0,0,0,0,0,0,0,0,0,0,0,0,0,0,0,0,0,0,0,0,0,0,0,0,0,0,0,0,0,0,0,0,0,0,0,0,0,0,0,0,0,0,0,0,0,0,0,0,0,0,0,0,0,0,0,0,0,0,0,0,0,0,0,0,0,0,0,0,0,0,0
TM4:bin_000316,0,4.177,0,4.055,0,0,2.536,0,6.642,6.104,0,2.822,2.229,3.701,0,3.683,0,0,0,4.555,6.48,4.448,1.349,0,0,2.51,6.028,2.108,0,3.299,3.949,3.189,4.895,1.833,0,2.252,1.485,3.174,0,0,0,4.616,1.184,5.548,0,3.739,0,9.307,4.151,0,4.914,10.327,2.792,1.574,1.33,3.644,2.476,0,0,2.24,0,0,0,4.664,0,3.425,2.441,4.022,0,0,2.755,1.251,4.145,0,0,1.653,0,0,2.876,5.558,2.091,1.697,0,0
